kind,seed,missing_groups,miou
learnedPE_nodrop,0,0,67.40866118674727
learnedPE_nodrop,0,1,64.35728837415836
learnedPE_nodrop,0,1,39.02720988674154
learnedPE_nodrop,0,1,55.61911840508615
learnedPE_nodrop,0,1,59.87227712584682
learnedPE_nodrop,0,1,50.145404608510894
learnedPE_nodrop,0,1,66.56217499043437
learnedPE_nodrop,0,1,65.51677767790315
learnedPE_nodrop,0,1,65.74171127013709
learnedPE_nodrop,0,1,58.93089842214165
learnedPE_nodrop,0,1,67.90815529005873
learnedPE_nodrop,0,2,30.38501667224008
learnedPE_nodrop,0,2,55.37726768400187
learnedPE_nodrop,0,2,55.880236917330194
learnedPE_nodrop,0,2,45.69314012977919
learnedPE_nodrop,0,2,63.250670706628064
learnedPE_nodrop,0,2,62.950373082396744
learnedPE_nodrop,0,2,60.97173532964085
learnedPE_nodrop,0,2,57.720916916186916
learnedPE_nodrop,0,2,64.87899499381186
learnedPE_nodrop,0,2,35.62707828226339
learnedPE_nodrop,0,2,37.916749288250045
learnedPE_nodrop,0,2,34.0119910886637
learnedPE_nodrop,0,2,40.07260956842138
learnedPE_nodrop,0,2,39.26452086616052
learnedPE_nodrop,0,2,35.852275942093854
learnedPE_nodrop,0,2,34.91810737001769
learnedPE_nodrop,0,2,37.040165761450645
learnedPE_nodrop,0,2,26.948984822119062
learnedPE_nodrop,0,2,40.358493501011445
learnedPE_nodrop,0,2,56.061197740296905
learnedPE_nodrop,0,2,55.9341751717939
learnedPE_nodrop,0,2,54.88887416460706
learnedPE_nodrop,0,2,49.28816585564395
learnedPE_nodrop,0,2,54.18129626644345
learnedPE_nodrop,0,2,43.11559456249055
learnedPE_nodrop,0,2,59.536911410249594
learnedPE_nodrop,0,2,58.241823394135416
learnedPE_nodrop,0,2,58.4798879010416
learnedPE_nodrop,0,2,52.294507382370604
learnedPE_nodrop,0,2,60.19623105018616
learnedPE_nodrop,0,2,46.87187822429871
learnedPE_nodrop,0,2,48.43268529956286
learnedPE_nodrop,0,2,46.823084846779814
learnedPE_nodrop,0,2,46.047583225095615
learnedPE_nodrop,0,2,48.39307401213754
learnedPE_nodrop,0,2,63.87911200442106
learnedPE_nodrop,0,2,64.60145590441503
learnedPE_nodrop,0,2,58.84082633609997
learnedPE_nodrop,0,2,66.16543467112926
learnedPE_nodrop,0,2,63.369738744264055
learnedPE_nodrop,0,2,57.274038296717755
learnedPE_nodrop,0,2,66.46545466864991
learnedPE_nodrop,0,2,56.858559387900016
learnedPE_nodrop,0,2,64.83262853429041
learnedPE_nodrop,0,2,53.53563040117952
learnedPE_nodrop,0,3,25.7022390695603
learnedPE_nodrop,0,3,29.41298437958332
learnedPE_nodrop,0,3,25.802642671300912
learnedPE_nodrop,0,3,31.391706158054507
learnedPE_nodrop,0,3,30.09523095614072
learnedPE_nodrop,0,3,27.888579675632354
learnedPE_nodrop,0,3,26.275122485015256
learnedPE_nodrop,0,3,28.35414473344097
learnedPE_nodrop,0,3,25.956870677900046
learnedPE_nodrop,0,3,37.570537587193144
learnedPE_nodrop,0,3,55.3593025061513
learnedPE_nodrop,0,3,54.8428964993008
learnedPE_nodrop,0,3,53.88319033824706
learnedPE_nodrop,0,3,50.60305052067942
learnedPE_nodrop,0,3,53.8646154701757
learnedPE_nodrop,0,3,38.31879541837121
learnedPE_nodrop,0,3,54.74795467854909
learnedPE_nodrop,0,3,55.387093579178554
learnedPE_nodrop,0,3,52.53693315555113
learnedPE_nodrop,0,3,51.070733685070635
learnedPE_nodrop,0,3,56.084511856092085
learnedPE_nodrop,0,3,41.52220063713734
learnedPE_nodrop,0,3,45.44238179015361
learnedPE_nodrop,0,3,41.463054996359766
learnedPE_nodrop,0,3,44.553828338666186
learnedPE_nodrop,0,3,44.25766561768956
learnedPE_nodrop,0,3,60.95805778429701
learnedPE_nodrop,0,3,59.94596026016453
learnedPE_nodrop,0,3,56.961522358769464
learnedPE_nodrop,0,3,62.977734332975515
learnedPE_nodrop,0,3,59.333230807494935
learnedPE_nodrop,0,3,55.01597279446764
learnedPE_nodrop,0,3,62.69773635774324
learnedPE_nodrop,0,3,52.92172642296934
learnedPE_nodrop,0,3,59.708922318365246
learnedPE_nodrop,0,3,53.87272060926976
learnedPE_nodrop,0,3,22.880291402208304
learnedPE_nodrop,0,3,31.581404910652548
learnedPE_nodrop,0,3,34.73410692040353
learnedPE_nodrop,0,3,34.19907875235392
learnedPE_nodrop,0,3,34.22781032502884
learnedPE_nodrop,0,3,30.451138670569918
learnedPE_nodrop,0,3,32.6376696038899
learnedPE_nodrop,0,3,31.275863953109674
learnedPE_nodrop,0,3,37.04243809626663
learnedPE_nodrop,0,3,36.74365180825414
learnedPE_nodrop,0,3,35.178524203457414
learnedPE_nodrop,0,3,33.47876586011524
learnedPE_nodrop,0,3,36.10051304140462
learnedPE_nodrop,0,3,31.69385024487267
learnedPE_nodrop,0,3,32.65778786658231
learnedPE_nodrop,0,3,32.35784209667617
learnedPE_nodrop,0,3,30.54464484950902
learnedPE_nodrop,0,3,32.138553420157336
learnedPE_nodrop,0,3,40.25356928446998
learnedPE_nodrop,0,3,37.02841932965863
learnedPE_nodrop,0,3,37.604378925462676
learnedPE_nodrop,0,3,38.328772918243146
learnedPE_nodrop,0,3,36.3808557091031
learnedPE_nodrop,0,3,36.445213143577476
learnedPE_nodrop,0,3,36.62325363263233
learnedPE_nodrop,0,3,33.69860187990404
learnedPE_nodrop,0,3,33.27960269053076
learnedPE_nodrop,0,3,29.967328178649957
learnedPE_nodrop,0,3,13.012187131827359
learnedPE_nodrop,0,3,27.16282377388986
learnedPE_nodrop,0,3,27.18436327550536
learnedPE_nodrop,0,3,26.863038937198148
learnedPE_nodrop,0,3,25.077733838783736
learnedPE_nodrop,0,3,27.448407943722408
learnedPE_nodrop,0,3,38.21393816832758
learnedPE_nodrop,0,3,39.272168303687856
learnedPE_nodrop,0,3,37.87073509413393
learnedPE_nodrop,0,3,36.51398332535916
learnedPE_nodrop,0,3,38.337733496348065
learnedPE_nodrop,0,3,55.783888238912986
learnedPE_nodrop,0,3,54.926093038783826
learnedPE_nodrop,0,3,49.841545829285835
learnedPE_nodrop,0,3,55.278472420055095
learnedPE_nodrop,0,3,54.48715132812783
learnedPE_nodrop,0,3,50.94498503914396
learnedPE_nodrop,0,3,55.48227825406105
learnedPE_nodrop,0,3,48.047460394033415
learnedPE_nodrop,0,3,53.5877320224026
learnedPE_nodrop,0,3,43.31810998559504
learnedPE_nodrop,0,3,39.95894062626418
learnedPE_nodrop,0,3,41.69576635065114
learnedPE_nodrop,0,3,40.057188890433316
learnedPE_nodrop,0,3,41.20834108773612
learnedPE_nodrop,0,3,43.33154071832379
learnedPE_nodrop,0,3,58.45940067196525
learnedPE_nodrop,0,3,58.17723193790014
learnedPE_nodrop,0,3,54.24134352935192
learnedPE_nodrop,0,3,60.246932034839595
learnedPE_nodrop,0,3,56.23949773604058
learnedPE_nodrop,0,3,52.44563904114369
learnedPE_nodrop,0,3,58.495794061281345
learnedPE_nodrop,0,3,52.08316180550157
learnedPE_nodrop,0,3,58.21748011981527
learnedPE_nodrop,0,3,49.314428161800734
learnedPE_nodrop,0,3,45.67642153839348
learnedPE_nodrop,0,3,44.14809540897914
learnedPE_nodrop,0,3,44.46138998486111
learnedPE_nodrop,0,3,45.649210352003514
learnedPE_nodrop,0,3,46.50091832091129
learnedPE_nodrop,0,3,45.58135284320843
learnedPE_nodrop,0,3,47.17361469368096
learnedPE_nodrop,0,3,44.26731169419226
learnedPE_nodrop,0,3,45.58698536222243
learnedPE_nodrop,0,3,39.787753798506856
learnedPE_nodrop,0,3,60.59189227125608
learnedPE_nodrop,0,3,55.81764438929417
learnedPE_nodrop,0,3,63.022980034483744
learnedPE_nodrop,0,3,54.758379343339534
learnedPE_nodrop,0,3,63.16331446500383
learnedPE_nodrop,0,3,51.3098829305182
learnedPE_nodrop,0,3,54.09665932730256
learnedPE_nodrop,0,3,62.632291079550136
learnedPE_nodrop,0,3,52.190414057690205
learnedPE_nodrop,0,3,50.17492651917171
learnedPE_nodrop,0,4,16.750948750548254
learnedPE_nodrop,0,4,23.699914258612857
learnedPE_nodrop,0,4,26.379330258103796
learnedPE_nodrop,0,4,25.72606677882457
learnedPE_nodrop,0,4,24.354214828619725
learnedPE_nodrop,0,4,22.2920735462273
learnedPE_nodrop,0,4,22.527797886077987
learnedPE_nodrop,0,4,22.93074461534111
learnedPE_nodrop,0,4,29.44646299235833
learnedPE_nodrop,0,4,28.31332711032351
learnedPE_nodrop,0,4,27.855717135332018
learnedPE_nodrop,0,4,24.79691676067576
learnedPE_nodrop,0,4,27.99368668025781
learnedPE_nodrop,0,4,23.880161082138954
learnedPE_nodrop,0,4,25.28913074386019
learnedPE_nodrop,0,4,24.468075726383194
learnedPE_nodrop,0,4,23.18224056839727
learnedPE_nodrop,0,4,23.023904825998216
learnedPE_nodrop,0,4,32.02364247152634
learnedPE_nodrop,0,4,29.593808882534802
learnedPE_nodrop,0,4,28.59153658200665
learnedPE_nodrop,0,4,28.94205311272139
learnedPE_nodrop,0,4,27.926349059899906
learnedPE_nodrop,0,4,26.740794416194472
learnedPE_nodrop,0,4,27.69462836121478
learnedPE_nodrop,0,4,24.542128871432514
learnedPE_nodrop,0,4,24.61840422597051
learnedPE_nodrop,0,4,18.958386103813414
learnedPE_nodrop,0,4,11.867272962869354
learnedPE_nodrop,0,4,26.45191984702664
learnedPE_nodrop,0,4,26.35718243321128
learnedPE_nodrop,0,4,25.708718749659347
learnedPE_nodrop,0,4,23.941595528963003
learnedPE_nodrop,0,4,25.97406849066287
learnedPE_nodrop,0,4,35.13151712016663
learnedPE_nodrop,0,4,38.415658814114806
learnedPE_nodrop,0,4,34.700236142559085
learnedPE_nodrop,0,4,35.53465179669104
learnedPE_nodrop,0,4,36.09939570739594
learnedPE_nodrop,0,4,55.06620792797795
learnedPE_nodrop,0,4,54.36782457378485
learnedPE_nodrop,0,4,49.76488283094254
learnedPE_nodrop,0,4,54.25720256406954
learnedPE_nodrop,0,4,53.22612722823065
learnedPE_nodrop,0,4,50.522414896824976
learnedPE_nodrop,0,4,54.11007479919129
learnedPE_nodrop,0,4,47.67198301794083
learnedPE_nodrop,0,4,51.4705715719792
learnedPE_nodrop,0,4,44.743896450928254
learnedPE_nodrop,0,4,36.24138090507617
learnedPE_nodrop,0,4,39.070797114757895
learnedPE_nodrop,0,4,35.567710331892606
learnedPE_nodrop,0,4,38.71006401170041
learnedPE_nodrop,0,4,38.70977993635722
learnedPE_nodrop,0,4,53.76964731410208
learnedPE_nodrop,0,4,51.49847335047989
learnedPE_nodrop,0,4,50.646974854161044
learnedPE_nodrop,0,4,54.15779582789055
learnedPE_nodrop,0,4,51.56222059224756
learnedPE_nodrop,0,4,50.764579704389185
learnedPE_nodrop,0,4,54.567626414202714
learnedPE_nodrop,0,4,46.610692251228635
learnedPE_nodrop,0,4,51.34721460215191
learnedPE_nodrop,0,4,47.77274053162645
learnedPE_nodrop,0,4,42.11895384317553
learnedPE_nodrop,0,4,39.42519131574243
learnedPE_nodrop,0,4,41.39356954585503
learnedPE_nodrop,0,4,41.0439090632924
learnedPE_nodrop,0,4,43.12303253982488
learnedPE_nodrop,0,4,44.680300204621965
learnedPE_nodrop,0,4,44.120363956706925
learnedPE_nodrop,0,4,40.87354123013021
learnedPE_nodrop,0,4,39.843707131248166
learnedPE_nodrop,0,4,38.97588434891487
learnedPE_nodrop,0,4,56.125715726622275
learnedPE_nodrop,0,4,52.19827170400089
learnedPE_nodrop,0,4,59.76906031631399
learnedPE_nodrop,0,4,50.99968840638364
learnedPE_nodrop,0,4,55.84495859138412
learnedPE_nodrop,0,4,50.46890970711541
learnedPE_nodrop,0,4,49.899159143974735
learnedPE_nodrop,0,4,57.55206518067295
learnedPE_nodrop,0,4,51.30451171999361
learnedPE_nodrop,0,4,46.47028612316536
learnedPE_nodrop,0,4,15.859752536082864
learnedPE_nodrop,0,4,23.412610976955914
learnedPE_nodrop,0,4,23.202173546402374
learnedPE_nodrop,0,4,23.73824711039268
learnedPE_nodrop,0,4,20.40504663207182
learnedPE_nodrop,0,4,23.82817560070472
learnedPE_nodrop,0,4,30.194545421451885
learnedPE_nodrop,0,4,31.92476846424532
learnedPE_nodrop,0,4,29.45939670630909
learnedPE_nodrop,0,4,28.163695733823847
learnedPE_nodrop,0,4,29.164350241817836
learnedPE_nodrop,0,4,32.95383287797232
learnedPE_nodrop,0,4,33.6730015292408
learnedPE_nodrop,0,4,29.339935415111036
learnedPE_nodrop,0,4,32.891862557462694
learnedPE_nodrop,0,4,34.629300079577476
learnedPE_nodrop,0,4,30.698363302566452
learnedPE_nodrop,0,4,34.03413192146188
learnedPE_nodrop,0,4,29.43578031603434
learnedPE_nodrop,0,4,30.371964578344564
learnedPE_nodrop,0,4,23.809247102094364
learnedPE_nodrop,0,4,30.318010849546265
learnedPE_nodrop,0,4,30.372107236152424
learnedPE_nodrop,0,4,29.106369713785448
learnedPE_nodrop,0,4,27.223426622491893
learnedPE_nodrop,0,4,29.80419554337459
learnedPE_nodrop,0,4,35.743259580713065
learnedPE_nodrop,0,4,35.05141941157706
learnedPE_nodrop,0,4,34.29617892889071
learnedPE_nodrop,0,4,35.58054173062921
learnedPE_nodrop,0,4,35.41155122506429
learnedPE_nodrop,0,4,33.24930103460506
learnedPE_nodrop,0,4,34.43651877256347
learnedPE_nodrop,0,4,31.351069447442114
learnedPE_nodrop,0,4,34.101857365573515
learnedPE_nodrop,0,4,28.72666218156245
learnedPE_nodrop,0,4,30.464288955490822
learnedPE_nodrop,0,4,30.427932466200193
learnedPE_nodrop,0,4,29.409379656063216
learnedPE_nodrop,0,4,29.628382908318134
learnedPE_nodrop,0,4,31.75501004546003
learnedPE_nodrop,0,4,29.78504085411268
learnedPE_nodrop,0,4,31.825192281648203
learnedPE_nodrop,0,4,30.056990050860954
learnedPE_nodrop,0,4,28.93396622081047
learnedPE_nodrop,0,4,23.040514606607854
learnedPE_nodrop,0,4,38.062345661574795
learnedPE_nodrop,0,4,37.12519552188223
learnedPE_nodrop,0,4,38.137837744087065
learnedPE_nodrop,0,4,36.0844960829793
learnedPE_nodrop,0,4,35.028411014739056
learnedPE_nodrop,0,4,31.866111402532507
learnedPE_nodrop,0,4,35.65451281031246
learnedPE_nodrop,0,4,34.155578662820204
learnedPE_nodrop,0,4,32.02999150486338
learnedPE_nodrop,0,4,25.766767653262296
learnedPE_nodrop,0,4,10.347369061548351
learnedPE_nodrop,0,4,10.238016580394216
learnedPE_nodrop,0,4,10.996286218518126
learnedPE_nodrop,0,4,11.685078676657326
learnedPE_nodrop,0,4,12.43228889255695
learnedPE_nodrop,0,4,26.91516403952716
learnedPE_nodrop,0,4,26.796204687413425
learnedPE_nodrop,0,4,25.38217714158878
learnedPE_nodrop,0,4,27.049629428568085
learnedPE_nodrop,0,4,26.871345502166466
learnedPE_nodrop,0,4,25.341570074930935
learnedPE_nodrop,0,4,27.02457986522391
learnedPE_nodrop,0,4,25.059945537893924
learnedPE_nodrop,0,4,26.55877894460901
learnedPE_nodrop,0,4,22.669054116298923
learnedPE_nodrop,0,4,37.09695914300012
learnedPE_nodrop,0,4,36.14437673035927
learnedPE_nodrop,0,4,35.021577305224994
learnedPE_nodrop,0,4,35.626528294801275
learnedPE_nodrop,0,4,37.744796894388564
learnedPE_nodrop,0,4,37.92974267743997
learnedPE_nodrop,0,4,37.94692705471999
learnedPE_nodrop,0,4,35.37672194366579
learnedPE_nodrop,0,4,36.11642155012982
learnedPE_nodrop,0,4,30.97371691768657
learnedPE_nodrop,0,4,52.88592044956134
learnedPE_nodrop,0,4,50.89613874195668
learnedPE_nodrop,0,4,54.81871266337689
learnedPE_nodrop,0,4,47.04619887459052
learnedPE_nodrop,0,4,53.74721046544074
learnedPE_nodrop,0,4,43.860246071720766
learnedPE_nodrop,0,4,48.038498711239036
learnedPE_nodrop,0,4,53.88073620542737
learnedPE_nodrop,0,4,46.46491222647563
learnedPE_nodrop,0,4,41.257212203185965
learnedPE_nodrop,0,4,38.19521011118739
learnedPE_nodrop,0,4,38.077676784240076
learnedPE_nodrop,0,4,37.86796473356462
learnedPE_nodrop,0,4,39.12974415554033
learnedPE_nodrop,0,4,39.7286836882652
learnedPE_nodrop,0,4,39.90957163519765
learnedPE_nodrop,0,4,41.58478173506504
learnedPE_nodrop,0,4,39.79549055150234
learnedPE_nodrop,0,4,39.27400272465747
learnedPE_nodrop,0,4,37.559769676520204
learnedPE_nodrop,0,4,55.285999391531924
learnedPE_nodrop,0,4,52.72466903054057
learnedPE_nodrop,0,4,57.21853667906638
learnedPE_nodrop,0,4,52.08002867082722
learnedPE_nodrop,0,4,57.23455433114407
learnedPE_nodrop,0,4,48.95128712001415
learnedPE_nodrop,0,4,49.3624899106648
learnedPE_nodrop,0,4,54.965706888572434
learnedPE_nodrop,0,4,47.74306493503075
learnedPE_nodrop,0,4,46.559516365884
learnedPE_nodrop,0,4,42.100789376041654
learnedPE_nodrop,0,4,42.60172448003592
learnedPE_nodrop,0,4,42.74301859186554
learnedPE_nodrop,0,4,41.77075799235435
learnedPE_nodrop,0,4,40.892050189584786
learnedPE_nodrop,0,4,37.75924789472375
learnedPE_nodrop,0,4,43.66496162527097
learnedPE_nodrop,0,4,44.79522228035497
learnedPE_nodrop,0,4,39.182318065120235
learnedPE_nodrop,0,4,37.132179785306775
learnedPE_nodrop,0,4,49.883230359814036
learnedPE_nodrop,0,4,57.31030160630261
learnedPE_nodrop,0,4,48.59215317020149
learnedPE_nodrop,0,4,46.71154419879276
learnedPE_nodrop,0,4,47.786868019274884
learnedPE_nodrop,0,5,8.301826141104305
learnedPE_nodrop,0,5,15.789941665279036
learnedPE_nodrop,0,5,16.95409824220797
learnedPE_nodrop,0,5,15.956400102826139
learnedPE_nodrop,0,5,12.12664109487262
learnedPE_nodrop,0,5,15.480154714697088
learnedPE_nodrop,0,5,23.299087854980403
learnedPE_nodrop,0,5,24.154573073057016
learnedPE_nodrop,0,5,22.181141974935546
learnedPE_nodrop,0,5,21.875253571665407
learnedPE_nodrop,0,5,21.354651825870512
learnedPE_nodrop,0,5,24.157174515875674
learnedPE_nodrop,0,5,25.004246888766655
learnedPE_nodrop,0,5,22.055882633627487
learnedPE_nodrop,0,5,23.529998115186288
learnedPE_nodrop,0,5,25.28918240827637
learnedPE_nodrop,0,5,21.826333167951397
learnedPE_nodrop,0,5,23.290084326240457
learnedPE_nodrop,0,5,20.600588237043436
learnedPE_nodrop,0,5,20.18350359873445
learnedPE_nodrop,0,5,14.366321119834842
learnedPE_nodrop,0,5,21.664082468879208
learnedPE_nodrop,0,5,21.6505153182126
learnedPE_nodrop,0,5,20.503559456274584
learnedPE_nodrop,0,5,17.761752052748452
learnedPE_nodrop,0,5,21.34903137799776
learnedPE_nodrop,0,5,28.223021029080872
learnedPE_nodrop,0,5,28.293227300304466
learnedPE_nodrop,0,5,25.77677486842895
learnedPE_nodrop,0,5,27.647815084541666
learnedPE_nodrop,0,5,27.452310319686354
learnedPE_nodrop,0,5,24.232025694284097
learnedPE_nodrop,0,5,27.035133040122474
learnedPE_nodrop,0,5,23.35413117886818
learnedPE_nodrop,0,5,25.738406430416557
learnedPE_nodrop,0,5,19.46222293261724
learnedPE_nodrop,0,5,22.32156452502548
learnedPE_nodrop,0,5,22.16186759726554
learnedPE_nodrop,0,5,21.361026651653823
learnedPE_nodrop,0,5,21.38674547272677
learnedPE_nodrop,0,5,24.47067007649391
learnedPE_nodrop,0,5,23.60909866336305
learnedPE_nodrop,0,5,23.657512002120065
learnedPE_nodrop,0,5,23.02982541241857
learnedPE_nodrop,0,5,19.46007161765346
learnedPE_nodrop,0,5,15.568960289601003
learnedPE_nodrop,0,5,28.202811113792364
learnedPE_nodrop,0,5,28.001496427084653
learnedPE_nodrop,0,5,29.42418059311027
learnedPE_nodrop,0,5,24.882936469355947
learnedPE_nodrop,0,5,25.74403935214553
learnedPE_nodrop,0,5,20.75713528250218
learnedPE_nodrop,0,5,24.621995816075685
learnedPE_nodrop,0,5,25.04604427672037
learnedPE_nodrop,0,5,21.791376993297437
learnedPE_nodrop,0,5,14.509254683339678
learnedPE_nodrop,0,5,8.599755789699206
learnedPE_nodrop,0,5,9.786089896206501
learnedPE_nodrop,0,5,10.68007622665337
learnedPE_nodrop,0,5,10.49609212269387
learnedPE_nodrop,0,5,10.602870092179504
learnedPE_nodrop,0,5,26.389395164652395
learnedPE_nodrop,0,5,26.169679159795294
learnedPE_nodrop,0,5,24.623338457196954
learnedPE_nodrop,0,5,26.508652319183806
learnedPE_nodrop,0,5,25.558909962076992
learnedPE_nodrop,0,5,24.089276830280475
learnedPE_nodrop,0,5,26.176447795932297
learnedPE_nodrop,0,5,23.593038831201877
learnedPE_nodrop,0,5,25.885489698085106
learnedPE_nodrop,0,5,22.878349781427932
learnedPE_nodrop,0,5,35.47713891451356
learnedPE_nodrop,0,5,34.54684294955198
learnedPE_nodrop,0,5,33.99561160315469
learnedPE_nodrop,0,5,32.8334226409153
learnedPE_nodrop,0,5,35.96745759103499
learnedPE_nodrop,0,5,38.83270903002999
learnedPE_nodrop,0,5,36.49899870108039
learnedPE_nodrop,0,5,32.357035966291576
learnedPE_nodrop,0,5,34.10935007981673
learnedPE_nodrop,0,5,31.66366312066631
learnedPE_nodrop,0,5,52.70505620095258
learnedPE_nodrop,0,5,49.63399085303206
learnedPE_nodrop,0,5,53.66510135087135
learnedPE_nodrop,0,5,46.19873557682176
learnedPE_nodrop,0,5,49.883756169640286
learnedPE_nodrop,0,5,43.37447005475932
learnedPE_nodrop,0,5,46.673736004513884
learnedPE_nodrop,0,5,50.1774906838097
learnedPE_nodrop,0,5,45.9525561913909
learnedPE_nodrop,0,5,40.794723038055075
learnedPE_nodrop,0,5,35.08689582052187
learnedPE_nodrop,0,5,34.06216459999983
learnedPE_nodrop,0,5,35.39557904447181
learnedPE_nodrop,0,5,34.66460596804619
learnedPE_nodrop,0,5,37.17655404738268
learnedPE_nodrop,0,5,38.780013625248
learnedPE_nodrop,0,5,37.744750180514366
learnedPE_nodrop,0,5,35.807619618664845
learnedPE_nodrop,0,5,34.2643848356204
learnedPE_nodrop,0,5,35.78525330986383
learnedPE_nodrop,0,5,47.449827170014615
learnedPE_nodrop,0,5,48.41415356255232
learnedPE_nodrop,0,5,52.58189607344351
learnedPE_nodrop,0,5,44.68678169432917
learnedPE_nodrop,0,5,48.35507445126011
learnedPE_nodrop,0,5,45.794191461713076
learnedPE_nodrop,0,5,43.789446537533
learnedPE_nodrop,0,5,47.83764476817755
learnedPE_nodrop,0,5,45.714361975597974
learnedPE_nodrop,0,5,40.8488090793165
learnedPE_nodrop,0,5,39.41862456395106
learnedPE_nodrop,0,5,42.232276666239
learnedPE_nodrop,0,5,40.429271263492005
learnedPE_nodrop,0,5,37.30182783332758
learnedPE_nodrop,0,5,36.628685416858524
learnedPE_nodrop,0,5,36.31362506430404
learnedPE_nodrop,0,5,42.54923757075536
learnedPE_nodrop,0,5,39.92614328484423
learnedPE_nodrop,0,5,40.612689241138995
learnedPE_nodrop,0,5,35.71793141233329
learnedPE_nodrop,0,5,42.846076041413355
learnedPE_nodrop,0,5,47.75094217951074
learnedPE_nodrop,0,5,44.316902763190285
learnedPE_nodrop,0,5,40.457076509594536
learnedPE_nodrop,0,5,40.75283852908838
learnedPE_nodrop,0,5,16.469519205734233
learnedPE_nodrop,0,5,16.82876362635016
learnedPE_nodrop,0,5,14.914593163350068
learnedPE_nodrop,0,5,13.817667552054417
learnedPE_nodrop,0,5,15.631634367465479
learnedPE_nodrop,0,5,23.767822893439707
learnedPE_nodrop,0,5,23.764936830496644
learnedPE_nodrop,0,5,20.8583655521195
learnedPE_nodrop,0,5,23.84741820109445
learnedPE_nodrop,0,5,24.90840354437749
learnedPE_nodrop,0,5,21.49855835105643
learnedPE_nodrop,0,5,23.630506478525934
learnedPE_nodrop,0,5,21.012527002207413
learnedPE_nodrop,0,5,23.672604524133373
learnedPE_nodrop,0,5,19.076196569411895
learnedPE_nodrop,0,5,29.928538119762315
learnedPE_nodrop,0,5,28.072773263173044
learnedPE_nodrop,0,5,27.251333210112723
learnedPE_nodrop,0,5,28.137831554704128
learnedPE_nodrop,0,5,30.349919377146787
learnedPE_nodrop,0,5,29.686422988060542
learnedPE_nodrop,0,5,29.780886161719195
learnedPE_nodrop,0,5,25.773683662630557
learnedPE_nodrop,0,5,26.85857207907862
learnedPE_nodrop,0,5,21.08140501677745
learnedPE_nodrop,0,5,32.908926736549084
learnedPE_nodrop,0,5,28.895752535725915
learnedPE_nodrop,0,5,32.6914087864358
learnedPE_nodrop,0,5,28.380148989228754
learnedPE_nodrop,0,5,29.986616689148132
learnedPE_nodrop,0,5,23.97218761961253
learnedPE_nodrop,0,5,31.978255999145837
learnedPE_nodrop,0,5,33.418127281268234
learnedPE_nodrop,0,5,27.927122934778968
learnedPE_nodrop,0,5,22.118138501858766
learnedPE_nodrop,0,5,28.285513726933054
learnedPE_nodrop,0,5,28.134818818629558
learnedPE_nodrop,0,5,27.931798612535527
learnedPE_nodrop,0,5,29.0670203833666
learnedPE_nodrop,0,5,28.227811850892515
learnedPE_nodrop,0,5,27.775122871257565
learnedPE_nodrop,0,5,29.25138748540457
learnedPE_nodrop,0,5,26.473304190549623
learnedPE_nodrop,0,5,24.86404241778832
learnedPE_nodrop,0,5,22.22677585350934
learnedPE_nodrop,0,5,34.968016127012895
learnedPE_nodrop,0,5,33.84779413654663
learnedPE_nodrop,0,5,33.59783618385925
learnedPE_nodrop,0,5,32.108581288030145
learnedPE_nodrop,0,5,34.28549637182694
learnedPE_nodrop,0,5,29.002593966118635
learnedPE_nodrop,0,5,31.731597462654868
learnedPE_nodrop,0,5,33.39115517756933
learnedPE_nodrop,0,5,28.51515757719659
learnedPE_nodrop,0,5,23.352289386729087
learnedPE_nodrop,0,5,28.543704495529653
learnedPE_nodrop,0,5,27.107407902369335
learnedPE_nodrop,0,5,29.061852491866905
learnedPE_nodrop,0,5,27.036741109394022
learnedPE_nodrop,0,5,25.960143900774238
learnedPE_nodrop,0,5,20.37775552039226
learnedPE_nodrop,0,5,29.128684522624308
learnedPE_nodrop,0,5,29.097349858127615
learnedPE_nodrop,0,5,25.749200343128003
learnedPE_nodrop,0,5,18.239107358086635
learnedPE_nodrop,0,5,33.80089623761168
learnedPE_nodrop,0,5,34.710223259847574
learnedPE_nodrop,0,5,30.741987441106982
learnedPE_nodrop,0,5,25.033348835991582
learnedPE_nodrop,0,5,27.537134951914375
learnedPE_nodrop,0,5,8.491501312797087
learnedPE_nodrop,0,5,9.377546673332505
learnedPE_nodrop,0,5,9.959011864079113
learnedPE_nodrop,0,5,9.589727939098637
learnedPE_nodrop,0,5,9.456317688453321
learnedPE_nodrop,0,5,10.268936159804172
learnedPE_nodrop,0,5,9.331841076105503
learnedPE_nodrop,0,5,10.382175514631701
learnedPE_nodrop,0,5,11.020651651489208
learnedPE_nodrop,0,5,10.053092818796832
learnedPE_nodrop,0,5,26.984504251496798
learnedPE_nodrop,0,5,25.55544553963292
learnedPE_nodrop,0,5,26.798746717263786
learnedPE_nodrop,0,5,25.581414394357534
learnedPE_nodrop,0,5,25.89921332172533
learnedPE_nodrop,0,5,23.193885562968585
learnedPE_nodrop,0,5,26.448759919104184
learnedPE_nodrop,0,5,27.524195170432673
learnedPE_nodrop,0,5,23.616554072649826
learnedPE_nodrop,0,5,22.680261308713494
learnedPE_nodrop,0,5,35.01279947147188
learnedPE_nodrop,0,5,35.494799281100036
learnedPE_nodrop,0,5,33.597729173653974
learnedPE_nodrop,0,5,32.19155704749365
learnedPE_nodrop,0,5,33.161855816054754
learnedPE_nodrop,0,5,28.668497876707715
learnedPE_nodrop,0,5,36.447164753743884
learnedPE_nodrop,0,5,35.65384075219655
learnedPE_nodrop,0,5,31.872153030342815
learnedPE_nodrop,0,5,28.686610478293808
learnedPE_nodrop,0,5,46.52681851478415
learnedPE_nodrop,0,5,51.25111149385775
learnedPE_nodrop,0,5,46.12320565054262
learnedPE_nodrop,0,5,39.55794818017324
learnedPE_nodrop,0,5,40.72117278605749
learnedPE_nodrop,0,5,36.17294094843712
learnedPE_nodrop,0,5,36.71334749946224
learnedPE_nodrop,0,5,37.84709814188668
learnedPE_nodrop,0,5,36.20090713032284
learnedPE_nodrop,0,5,36.1055668216221
learnedPE_nodrop,0,5,33.98394357003238
learnedPE_nodrop,0,5,39.73354770137054
learnedPE_nodrop,0,5,39.534788591826256
learnedPE_nodrop,0,5,36.728696964897914
learnedPE_nodrop,0,5,34.84082822467109
learnedPE_nodrop,0,5,47.553167196440214
learnedPE_nodrop,0,5,52.55802384214186
learnedPE_nodrop,0,5,46.750528550545155
learnedPE_nodrop,0,5,43.03047389070131
learnedPE_nodrop,0,5,41.81091564514014
learnedPE_nodrop,0,5,38.1934406134975
learnedPE_nodrop,0,5,38.94279469824727
learnedPE_nodrop,0,5,34.71336179045853
learnedPE_nodrop,0,5,31.981692460671077
learnedPE_nodrop,0,5,35.2227428303183
learnedPE_nodrop,0,5,39.55872496579972
learnedPE_nodrop,0,6,7.913356896950494
learnedPE_nodrop,0,6,9.070113227667985
learnedPE_nodrop,0,6,6.9928607347798035
learnedPE_nodrop,0,6,6.178955695290406
learnedPE_nodrop,0,6,7.855093439906887
learnedPE_nodrop,0,6,15.026404420633169
learnedPE_nodrop,0,6,13.846481016503672
learnedPE_nodrop,0,6,11.427478870353704
learnedPE_nodrop,0,6,14.359565456639448
learnedPE_nodrop,0,6,15.949073281465585
learnedPE_nodrop,0,6,12.826487190604585
learnedPE_nodrop,0,6,14.979725301526571
learnedPE_nodrop,0,6,11.867102474402573
learnedPE_nodrop,0,6,15.314296270800225
learnedPE_nodrop,0,6,9.194884239987035
learnedPE_nodrop,0,6,22.089225631369143
learnedPE_nodrop,0,6,21.1158895807431
learnedPE_nodrop,0,6,21.17139948545713
learnedPE_nodrop,0,6,21.07284666289987
learnedPE_nodrop,0,6,22.78392832461702
learnedPE_nodrop,0,6,22.343262502407686
learnedPE_nodrop,0,6,21.208945659285266
learnedPE_nodrop,0,6,21.322188536908897
learnedPE_nodrop,0,6,20.368167548208742
learnedPE_nodrop,0,6,15.019432649588278
learnedPE_nodrop,0,6,23.26537660888442
learnedPE_nodrop,0,6,20.021024848995552
learnedPE_nodrop,0,6,22.628853065776205
learnedPE_nodrop,0,6,18.851213022236834
learnedPE_nodrop,0,6,20.557212313619427
learnedPE_nodrop,0,6,14.588251721466495
learnedPE_nodrop,0,6,21.455558336522802
learnedPE_nodrop,0,6,22.48061982185145
learnedPE_nodrop,0,6,17.46198938902858
learnedPE_nodrop,0,6,12.561739807918224
learnedPE_nodrop,0,6,19.980902954185897
learnedPE_nodrop,0,6,19.512890651838916
learnedPE_nodrop,0,6,17.656797087893285
learnedPE_nodrop,0,6,21.000119881511672
learnedPE_nodrop,0,6,20.6898061273863
learnedPE_nodrop,0,6,18.444887576595367
learnedPE_nodrop,0,6,21.040291730430507
learnedPE_nodrop,0,6,17.202572375463838
learnedPE_nodrop,0,6,15.208959317004377
learnedPE_nodrop,0,6,12.93185001988688
learnedPE_nodrop,0,6,27.670758093011283
learnedPE_nodrop,0,6,24.896384321806078
learnedPE_nodrop,0,6,27.252297533135938
learnedPE_nodrop,0,6,23.151088200956647
learnedPE_nodrop,0,6,27.27956367361614
learnedPE_nodrop,0,6,19.307447127640437
learnedPE_nodrop,0,6,22.602543474231773
learnedPE_nodrop,0,6,25.655270084330592
learnedPE_nodrop,0,6,19.775857750576364
learnedPE_nodrop,0,6,14.019676434982983
learnedPE_nodrop,0,6,20.444637505201918
learnedPE_nodrop,0,6,19.12925312215225
learnedPE_nodrop,0,6,21.0741604867354
learnedPE_nodrop,0,6,20.91753430076636
learnedPE_nodrop,0,6,17.386406674075793
learnedPE_nodrop,0,6,11.297091537803711
learnedPE_nodrop,0,6,23.12669169957594
learnedPE_nodrop,0,6,21.10386252424245
learnedPE_nodrop,0,6,16.867302363230134
learnedPE_nodrop,0,6,12.634691000643226
learnedPE_nodrop,0,6,19.133725775190015
learnedPE_nodrop,0,6,21.955771913620733
learnedPE_nodrop,0,6,18.143788166716025
learnedPE_nodrop,0,6,10.811740481768648
learnedPE_nodrop,0,6,13.160653486624716
learnedPE_nodrop,0,6,7.584665105642722
learnedPE_nodrop,0,6,7.618256520272824
learnedPE_nodrop,0,6,8.147309606227015
learnedPE_nodrop,0,6,7.391313164033349
learnedPE_nodrop,0,6,8.802853703903684
learnedPE_nodrop,0,6,8.864715064617412
learnedPE_nodrop,0,6,8.77094198648514
learnedPE_nodrop,0,6,9.140569467170758
learnedPE_nodrop,0,6,8.904654610497511
learnedPE_nodrop,0,6,8.37889434772408
learnedPE_nodrop,0,6,26.102083391895206
learnedPE_nodrop,0,6,24.86912012198521
learnedPE_nodrop,0,6,26.01168321962314
learnedPE_nodrop,0,6,23.3427090633738
learnedPE_nodrop,0,6,25.536493051783587
learnedPE_nodrop,0,6,22.98437370661327
learnedPE_nodrop,0,6,23.693640088552282
learnedPE_nodrop,0,6,26.87925858126624
learnedPE_nodrop,0,6,23.266019318185403
learnedPE_nodrop,0,6,22.31796519460415
learnedPE_nodrop,0,6,34.682968117983414
learnedPE_nodrop,0,6,36.35641658238785
learnedPE_nodrop,0,6,31.989327700955194
learnedPE_nodrop,0,6,31.10004289303441
learnedPE_nodrop,0,6,31.036712790586098
learnedPE_nodrop,0,6,27.91620597813661
learnedPE_nodrop,0,6,36.44257040674612
learnedPE_nodrop,0,6,35.40448053424405
learnedPE_nodrop,0,6,34.58550199588302
learnedPE_nodrop,0,6,28.782421554393952
learnedPE_nodrop,0,6,43.31170675782228
learnedPE_nodrop,0,6,47.00759904836706
learnedPE_nodrop,0,6,45.075561843477836
learnedPE_nodrop,0,6,35.929914844428694
learnedPE_nodrop,0,6,38.128998233645746
learnedPE_nodrop,0,6,34.99234201811528
learnedPE_nodrop,0,6,33.68706819367245
learnedPE_nodrop,0,6,36.18015795969725
learnedPE_nodrop,0,6,33.92432083342892
learnedPE_nodrop,0,6,31.893460801344936
learnedPE_nodrop,0,6,29.767568893442867
learnedPE_nodrop,0,6,37.464783694785595
learnedPE_nodrop,0,6,34.44713450665942
learnedPE_nodrop,0,6,36.85931047841287
learnedPE_nodrop,0,6,31.62339389939339
learnedPE_nodrop,0,6,41.54413022489775
learnedPE_nodrop,0,6,43.843064374683465
learnedPE_nodrop,0,6,42.61644899327655
learnedPE_nodrop,0,6,31.425951884017113
learnedPE_nodrop,0,6,34.50992562816663
learnedPE_nodrop,0,6,37.43694031185329
learnedPE_nodrop,0,6,35.23060016052013
learnedPE_nodrop,0,6,35.42791396424494
learnedPE_nodrop,0,6,28.47198657307866
learnedPE_nodrop,0,6,35.59887616841014
learnedPE_nodrop,0,6,22.39283884456447
learnedPE_nodrop,0,6,16.783467083631084
learnedPE_nodrop,0,6,15.40983714708348
learnedPE_nodrop,0,6,14.021023574129641
learnedPE_nodrop,0,6,16.303627570389025
learnedPE_nodrop,0,6,16.702464008711694
learnedPE_nodrop,0,6,15.47386582786086
learnedPE_nodrop,0,6,15.631806659730831
learnedPE_nodrop,0,6,13.867115419462161
learnedPE_nodrop,0,6,14.945537473125313
learnedPE_nodrop,0,6,9.96718121380623
learnedPE_nodrop,0,6,25.32611696509224
learnedPE_nodrop,0,6,22.25732003804098
learnedPE_nodrop,0,6,23.80883558824889
learnedPE_nodrop,0,6,22.67857288658874
learnedPE_nodrop,0,6,23.777567883747786
learnedPE_nodrop,0,6,18.846906605114523
learnedPE_nodrop,0,6,23.085062109009165
learnedPE_nodrop,0,6,24.11303113755574
learnedPE_nodrop,0,6,19.736981261514075
learnedPE_nodrop,0,6,18.05914290179449
learnedPE_nodrop,0,6,28.021022007575443
learnedPE_nodrop,0,6,26.792748476175582
learnedPE_nodrop,0,6,28.07065084745249
learnedPE_nodrop,0,6,24.891892199915667
learnedPE_nodrop,0,6,25.409978200876537
learnedPE_nodrop,0,6,20.140865148737596
learnedPE_nodrop,0,6,27.399343534382496
learnedPE_nodrop,0,6,27.28472838573641
learnedPE_nodrop,0,6,23.49523832229384
learnedPE_nodrop,0,6,20.51359105630824
learnedPE_nodrop,0,6,28.543335995118884
learnedPE_nodrop,0,6,30.709702392898517
learnedPE_nodrop,0,6,24.98365965181677
learnedPE_nodrop,0,6,19.697523468318145
learnedPE_nodrop,0,6,24.86898742727961
learnedPE_nodrop,0,6,26.632230469053525
learnedPE_nodrop,0,6,26.436939240717884
learnedPE_nodrop,0,6,27.38424545794072
learnedPE_nodrop,0,6,25.907643794690046
learnedPE_nodrop,0,6,22.572233552781423
learnedPE_nodrop,0,6,20.5549914299174
learnedPE_nodrop,0,6,26.69975820665282
learnedPE_nodrop,0,6,25.310212391324118
learnedPE_nodrop,0,6,23.15328733867875
learnedPE_nodrop,0,6,18.047894127251933
learnedPE_nodrop,0,6,33.076430697558116
learnedPE_nodrop,0,6,33.58051035951458
learnedPE_nodrop,0,6,29.17738456493219
learnedPE_nodrop,0,6,23.28946168087105
learnedPE_nodrop,0,6,25.177340845341337
learnedPE_nodrop,0,6,24.869905912503878
learnedPE_nodrop,0,6,23.281048319056133
learnedPE_nodrop,0,6,20.750908609146467
learnedPE_nodrop,0,6,13.164654697644782
learnedPE_nodrop,0,6,19.993771467141233
learnedPE_nodrop,0,6,18.794909936703835
learnedPE_nodrop,0,6,7.940305488258332
learnedPE_nodrop,0,6,9.510653480374382
learnedPE_nodrop,0,6,7.527737720700415
learnedPE_nodrop,0,6,9.077070870756387
learnedPE_nodrop,0,6,8.717946168236645
learnedPE_nodrop,0,6,8.10228059235221
learnedPE_nodrop,0,6,9.39656898181464
learnedPE_nodrop,0,6,8.936152902884114
learnedPE_nodrop,0,6,8.875337152075529
learnedPE_nodrop,0,6,8.358753131454979
learnedPE_nodrop,0,6,26.074056625944504
learnedPE_nodrop,0,6,26.362447245051168
learnedPE_nodrop,0,6,23.251464874205016
learnedPE_nodrop,0,6,22.843696779769363
learnedPE_nodrop,0,6,25.0075034220167
learnedPE_nodrop,0,6,33.2060619774876
learnedPE_nodrop,0,6,31.953253620935183
learnedPE_nodrop,0,6,28.674081236365275
learnedPE_nodrop,0,6,25.11464936118175
learnedPE_nodrop,0,6,29.223612534193116
learnedPE_nodrop,0,6,37.955591509458756
learnedPE_nodrop,0,6,34.32061442432845
learnedPE_nodrop,0,6,34.77924321753896
learnedPE_nodrop,0,6,31.509147670349417
learnedPE_nodrop,0,6,28.41421084762015
learnedPE_nodrop,0,6,35.45680273877104
learnedPE_nodrop,0,6,33.53338857016333
learnedPE_nodrop,0,6,27.458911716375138
wavePE_nodrop,0,0,71.87513512295058
wavePE_nodrop,0,1,41.653587538166285
wavePE_nodrop,0,1,36.911334244251705
wavePE_nodrop,0,1,61.817220510434154
wavePE_nodrop,0,1,49.65803111731207
wavePE_nodrop,0,1,49.388415155732936
wavePE_nodrop,0,1,63.29833685256183
wavePE_nodrop,0,1,62.462498386143636
wavePE_nodrop,0,1,62.89706900005651
wavePE_nodrop,0,1,63.80924753346363
wavePE_nodrop,0,1,67.80143516747347
wavePE_nodrop,0,2,15.181306026408077
wavePE_nodrop,0,2,41.81899086885987
wavePE_nodrop,0,2,31.35139220458696
wavePE_nodrop,0,2,35.71385124118468
wavePE_nodrop,0,2,35.411756067920045
wavePE_nodrop,0,2,36.976256996551264
wavePE_nodrop,0,2,37.929230858370545
wavePE_nodrop,0,2,36.291106980616505
wavePE_nodrop,0,2,39.87568169246947
wavePE_nodrop,0,2,30.518046168246496
wavePE_nodrop,0,2,27.107024658506628
wavePE_nodrop,0,2,27.60474355422569
wavePE_nodrop,0,2,35.72564407532373
wavePE_nodrop,0,2,41.39975627461833
wavePE_nodrop,0,2,34.62969799901735
wavePE_nodrop,0,2,33.178165505439814
wavePE_nodrop,0,2,36.28689628752272
wavePE_nodrop,0,2,27.1874262594697
wavePE_nodrop,0,2,48.50160774364783
wavePE_nodrop,0,2,55.93512363425536
wavePE_nodrop,0,2,53.34623180554545
wavePE_nodrop,0,2,58.760532342724964
wavePE_nodrop,0,2,54.74523200510492
wavePE_nodrop,0,2,58.33194886714093
wavePE_nodrop,0,2,28.234969812562422
wavePE_nodrop,0,2,41.07312784144931
wavePE_nodrop,0,2,45.70597424585036
wavePE_nodrop,0,2,43.80522147950408
wavePE_nodrop,0,2,46.039616823341206
wavePE_nodrop,0,2,49.12442020302837
wavePE_nodrop,0,2,46.64960442478859
wavePE_nodrop,0,2,42.81793122304244
wavePE_nodrop,0,2,37.81485177620362
wavePE_nodrop,0,2,44.35251065348306
wavePE_nodrop,0,2,47.81920927573136
wavePE_nodrop,0,2,54.836618020673946
wavePE_nodrop,0,2,59.14236111592721
wavePE_nodrop,0,2,59.29537919783145
wavePE_nodrop,0,2,57.6953081387577
wavePE_nodrop,0,2,58.29373034102106
wavePE_nodrop,0,2,55.973540488013825
wavePE_nodrop,0,2,58.169613900691665
wavePE_nodrop,0,2,55.991710526703564
wavePE_nodrop,0,2,61.52753590264844
wavePE_nodrop,0,2,53.54204112447211
wavePE_nodrop,0,3,11.896306393139119
wavePE_nodrop,0,3,17.12791395681045
wavePE_nodrop,0,3,17.40062835256163
wavePE_nodrop,0,3,11.836842077065032
wavePE_nodrop,0,3,17.52550244200707
wavePE_nodrop,0,3,14.842817951715574
wavePE_nodrop,0,3,12.579453507466955
wavePE_nodrop,0,3,14.992354665872142
wavePE_nodrop,0,3,24.151287515158263
wavePE_nodrop,0,3,37.325479926184286
wavePE_nodrop,0,3,37.673499158033806
wavePE_nodrop,0,3,35.39991053269346
wavePE_nodrop,0,3,39.55125719146504
wavePE_nodrop,0,3,38.26553404774336
wavePE_nodrop,0,3,40.53433719274856
wavePE_nodrop,0,3,14.82485648339207
wavePE_nodrop,0,3,22.678784794201782
wavePE_nodrop,0,3,26.630062150188547
wavePE_nodrop,0,3,28.645293187877076
wavePE_nodrop,0,3,27.1967494611173
wavePE_nodrop,0,3,31.990984387374397
wavePE_nodrop,0,3,33.556023206127215
wavePE_nodrop,0,3,32.46224906810178
wavePE_nodrop,0,3,28.005562648065858
wavePE_nodrop,0,3,33.61611187483711
wavePE_nodrop,0,3,34.777010506001815
wavePE_nodrop,0,3,32.683191710722475
wavePE_nodrop,0,3,33.40840207019428
wavePE_nodrop,0,3,33.46237482094988
wavePE_nodrop,0,3,32.80368040366285
wavePE_nodrop,0,3,33.68510688640146
wavePE_nodrop,0,3,32.82447882125623
wavePE_nodrop,0,3,34.95600855792856
wavePE_nodrop,0,3,32.48167963636653
wavePE_nodrop,0,3,36.84118038670794
wavePE_nodrop,0,3,26.11932374795628
wavePE_nodrop,0,3,17.51481115585009
wavePE_nodrop,0,3,27.642579025267658
wavePE_nodrop,0,3,30.88729289888849
wavePE_nodrop,0,3,33.53610180391787
wavePE_nodrop,0,3,27.785858168561095
wavePE_nodrop,0,3,26.484810003388525
wavePE_nodrop,0,3,30.617127371734192
wavePE_nodrop,0,3,23.968491140736234
wavePE_nodrop,0,3,25.13776277332095
wavePE_nodrop,0,3,30.032200693017558
wavePE_nodrop,0,3,22.5204276778426
wavePE_nodrop,0,3,25.095836145159165
wavePE_nodrop,0,3,28.647360943595743
wavePE_nodrop,0,3,25.260684333443603
wavePE_nodrop,0,3,30.068096716166586
wavePE_nodrop,0,3,24.61573737219351
wavePE_nodrop,0,3,25.773775768974765
wavePE_nodrop,0,3,27.671568113842195
wavePE_nodrop,0,3,40.57604107393047
wavePE_nodrop,0,3,34.945541565090934
wavePE_nodrop,0,3,31.507402168749813
wavePE_nodrop,0,3,35.11166147738175
wavePE_nodrop,0,3,40.02797225470639
wavePE_nodrop,0,3,37.19773176671334
wavePE_nodrop,0,3,39.66859529091198
wavePE_nodrop,0,3,32.438470151272945
wavePE_nodrop,0,3,33.76655779252364
wavePE_nodrop,0,3,27.38692789319373
wavePE_nodrop,0,3,17.867157820677384
wavePE_nodrop,0,3,26.551250682712816
wavePE_nodrop,0,3,23.421014812279697
wavePE_nodrop,0,3,29.06682840987958
wavePE_nodrop,0,3,24.77655324171987
wavePE_nodrop,0,3,27.84973125811018
wavePE_nodrop,0,3,45.271757915381215
wavePE_nodrop,0,3,43.52266920692767
wavePE_nodrop,0,3,38.546202699973904
wavePE_nodrop,0,3,43.76267363454217
wavePE_nodrop,0,3,48.04166743365538
wavePE_nodrop,0,3,47.19378768817997
wavePE_nodrop,0,3,55.72475243256812
wavePE_nodrop,0,3,51.32910765374275
wavePE_nodrop,0,3,53.13369470814615
wavePE_nodrop,0,3,53.17016365891775
wavePE_nodrop,0,3,47.16376152832279
wavePE_nodrop,0,3,50.714333848057564
wavePE_nodrop,0,3,51.11114224624873
wavePE_nodrop,0,3,58.56850454500858
wavePE_nodrop,0,3,44.62012831329132
wavePE_nodrop,0,3,28.76644274117783
wavePE_nodrop,0,3,26.623896791742418
wavePE_nodrop,0,3,21.507411452186464
wavePE_nodrop,0,3,28.286075242450146
wavePE_nodrop,0,3,29.517979861966143
wavePE_nodrop,0,3,35.12758915808707
wavePE_nodrop,0,3,38.45678757319491
wavePE_nodrop,0,3,41.63939475061004
wavePE_nodrop,0,3,39.60204065890468
wavePE_nodrop,0,3,40.631825513863696
wavePE_nodrop,0,3,43.53816470902639
wavePE_nodrop,0,3,44.25168085790944
wavePE_nodrop,0,3,40.904551994938025
wavePE_nodrop,0,3,45.71358272717517
wavePE_nodrop,0,3,41.91735180940547
wavePE_nodrop,0,3,39.65425226996268
wavePE_nodrop,0,3,36.6218823917535
wavePE_nodrop,0,3,42.84644039454317
wavePE_nodrop,0,3,42.28257510741888
wavePE_nodrop,0,3,35.65907235776393
wavePE_nodrop,0,3,41.71268017407893
wavePE_nodrop,0,3,41.80753643736913
wavePE_nodrop,0,3,35.08374445899397
wavePE_nodrop,0,3,35.668689991545584
wavePE_nodrop,0,3,41.469410228790345
wavePE_nodrop,0,3,50.39997528391479
wavePE_nodrop,0,3,53.86424856857148
wavePE_nodrop,0,3,50.16077657506646
wavePE_nodrop,0,3,51.73660364754094
wavePE_nodrop,0,3,56.241188093151386
wavePE_nodrop,0,3,48.834217511608095
wavePE_nodrop,0,3,53.36916004749839
wavePE_nodrop,0,3,55.147257752068974
wavePE_nodrop,0,3,44.604301708000435
wavePE_nodrop,0,3,41.15244785530615
wavePE_nodrop,0,4,8.883148418450277
wavePE_nodrop,0,4,15.458193168920292
wavePE_nodrop,0,4,11.824401949169177
wavePE_nodrop,0,4,13.3954828917544
wavePE_nodrop,0,4,11.439212163216698
wavePE_nodrop,0,4,10.676032852908213
wavePE_nodrop,0,4,11.899150084514224
wavePE_nodrop,0,4,17.256920303928602
wavePE_nodrop,0,4,16.012291676390227
wavePE_nodrop,0,4,19.29912254678515
wavePE_nodrop,0,4,16.543019209890872
wavePE_nodrop,0,4,15.543321524312793
wavePE_nodrop,0,4,15.363199050704363
wavePE_nodrop,0,4,15.494975040152127
wavePE_nodrop,0,4,17.866485708207616
wavePE_nodrop,0,4,15.020945171944915
wavePE_nodrop,0,4,15.38093998047089
wavePE_nodrop,0,4,17.062109466489144
wavePE_nodrop,0,4,15.556150448268436
wavePE_nodrop,0,4,11.040165718280162
wavePE_nodrop,0,4,9.39841137591606
wavePE_nodrop,0,4,12.498788468995441
wavePE_nodrop,0,4,18.737128778482084
wavePE_nodrop,0,4,15.01651960454252
wavePE_nodrop,0,4,16.865248332411443
wavePE_nodrop,0,4,12.164276580868641
wavePE_nodrop,0,4,15.185089400434121
wavePE_nodrop,0,4,10.974130628161982
wavePE_nodrop,0,4,12.331168121444685
wavePE_nodrop,0,4,21.914397647059836
wavePE_nodrop,0,4,20.204845932737857
wavePE_nodrop,0,4,23.940015789237634
wavePE_nodrop,0,4,22.46161046877899
wavePE_nodrop,0,4,24.05156953889531
wavePE_nodrop,0,4,33.33769808143125
wavePE_nodrop,0,4,34.59074039537613
wavePE_nodrop,0,4,31.30486927306951
wavePE_nodrop,0,4,34.62488662456979
wavePE_nodrop,0,4,35.8910133323835
wavePE_nodrop,0,4,30.615326412373495
wavePE_nodrop,0,4,36.73461647801506
wavePE_nodrop,0,4,35.679520276088006
wavePE_nodrop,0,4,35.88535824451475
wavePE_nodrop,0,4,34.53388974770869
wavePE_nodrop,0,4,31.422363135895562
wavePE_nodrop,0,4,33.17965808753104
wavePE_nodrop,0,4,35.383044345438904
wavePE_nodrop,0,4,39.765847981666525
wavePE_nodrop,0,4,27.164193137488123
wavePE_nodrop,0,4,14.290466188166622
wavePE_nodrop,0,4,13.960209743635714
wavePE_nodrop,0,4,11.315122658992854
wavePE_nodrop,0,4,14.920848353309179
wavePE_nodrop,0,4,16.54772454512455
wavePE_nodrop,0,4,17.506906609956996
wavePE_nodrop,0,4,24.01750307327432
wavePE_nodrop,0,4,21.30696540923203
wavePE_nodrop,0,4,22.032196066303857
wavePE_nodrop,0,4,25.13674158106602
wavePE_nodrop,0,4,24.36895144164163
wavePE_nodrop,0,4,25.303567063784794
wavePE_nodrop,0,4,24.379047512812868
wavePE_nodrop,0,4,29.51385395611726
wavePE_nodrop,0,4,25.23081572989326
wavePE_nodrop,0,4,28.43659397202114
wavePE_nodrop,0,4,32.617831977590285
wavePE_nodrop,0,4,33.770228425658495
wavePE_nodrop,0,4,29.495680584750122
wavePE_nodrop,0,4,26.247410826686064
wavePE_nodrop,0,4,31.974453866414837
wavePE_nodrop,0,4,28.4744002282277
wavePE_nodrop,0,4,30.01397489616368
wavePE_nodrop,0,4,28.807849482584867
wavePE_nodrop,0,4,28.282655651743433
wavePE_nodrop,0,4,28.311898929675642
wavePE_nodrop,0,4,34.01696928038037
wavePE_nodrop,0,4,30.3662498485412
wavePE_nodrop,0,4,30.56700134249898
wavePE_nodrop,0,4,30.533831190216898
wavePE_nodrop,0,4,26.57512634491048
wavePE_nodrop,0,4,31.3121693625832
wavePE_nodrop,0,4,32.77215380804287
wavePE_nodrop,0,4,20.635765421385997
wavePE_nodrop,0,4,22.04474479130615
wavePE_nodrop,0,4,10.718770173258735
wavePE_nodrop,0,4,17.10377071019615
wavePE_nodrop,0,4,16.535210303657262
wavePE_nodrop,0,4,15.673476880172798
wavePE_nodrop,0,4,16.41766056526348
wavePE_nodrop,0,4,17.509248028761252
wavePE_nodrop,0,4,25.573087890969845
wavePE_nodrop,0,4,29.729085202051113
wavePE_nodrop,0,4,23.256128578380274
wavePE_nodrop,0,4,24.12639055975539
wavePE_nodrop,0,4,27.900315416747315
wavePE_nodrop,0,4,33.50033467748947
wavePE_nodrop,0,4,28.83335510173353
wavePE_nodrop,0,4,25.845833464825464
wavePE_nodrop,0,4,30.77153803153147
wavePE_nodrop,0,4,32.02994896897526
wavePE_nodrop,0,4,29.929482427938098
wavePE_nodrop,0,4,32.37353660962239
wavePE_nodrop,0,4,25.09817895607389
wavePE_nodrop,0,4,27.481817700382916
wavePE_nodrop,0,4,24.396504770824873
wavePE_nodrop,0,4,25.472582596778302
wavePE_nodrop,0,4,25.202529828865604
wavePE_nodrop,0,4,20.393516578404437
wavePE_nodrop,0,4,21.185398380254917
wavePE_nodrop,0,4,23.51087564445192
wavePE_nodrop,0,4,30.711060995662642
wavePE_nodrop,0,4,21.93631712003989
wavePE_nodrop,0,4,22.89927218398267
wavePE_nodrop,0,4,27.324412836952597
wavePE_nodrop,0,4,28.15593550885729
wavePE_nodrop,0,4,27.744841467466465
wavePE_nodrop,0,4,31.808105244256062
wavePE_nodrop,0,4,20.261822353486405
wavePE_nodrop,0,4,22.673422217032105
wavePE_nodrop,0,4,24.247691937426474
wavePE_nodrop,0,4,26.50350532546535
wavePE_nodrop,0,4,23.370013985766906
wavePE_nodrop,0,4,23.826148092001606
wavePE_nodrop,0,4,26.81109923452512
wavePE_nodrop,0,4,23.214846450259927
wavePE_nodrop,0,4,27.538600768165875
wavePE_nodrop,0,4,30.31804370963706
wavePE_nodrop,0,4,24.037705037145322
wavePE_nodrop,0,4,23.833647267194785
wavePE_nodrop,0,4,21.518044239618376
wavePE_nodrop,0,4,37.184355489566556
wavePE_nodrop,0,4,37.057838214895526
wavePE_nodrop,0,4,38.18926459292264
wavePE_nodrop,0,4,31.464740153503907
wavePE_nodrop,0,4,33.852497351750976
wavePE_nodrop,0,4,27.53680838041325
wavePE_nodrop,0,4,35.24378019868278
wavePE_nodrop,0,4,38.460307301721336
wavePE_nodrop,0,4,28.727103307083787
wavePE_nodrop,0,4,32.54251373349377
wavePE_nodrop,0,4,18.466481500849323
wavePE_nodrop,0,4,14.535306499636999
wavePE_nodrop,0,4,18.633723877290894
wavePE_nodrop,0,4,16.212163569402072
wavePE_nodrop,0,4,16.729210100249333
wavePE_nodrop,0,4,21.66732235989292
wavePE_nodrop,0,4,26.753669519058707
wavePE_nodrop,0,4,26.30750059398203
wavePE_nodrop,0,4,26.943546372951694
wavePE_nodrop,0,4,25.7210432517415
wavePE_nodrop,0,4,22.667892893634907
wavePE_nodrop,0,4,22.840667765788755
wavePE_nodrop,0,4,26.45101621663999
wavePE_nodrop,0,4,28.274650834160777
wavePE_nodrop,0,4,23.338632625083935
wavePE_nodrop,0,4,38.74906610473473
wavePE_nodrop,0,4,39.47844766664691
wavePE_nodrop,0,4,41.563404836305345
wavePE_nodrop,0,4,44.52002895034352
wavePE_nodrop,0,4,35.23748247210643
wavePE_nodrop,0,4,38.40037426878627
wavePE_nodrop,0,4,40.94994692093504
wavePE_nodrop,0,4,35.4654602124997
wavePE_nodrop,0,4,37.868065758547964
wavePE_nodrop,0,4,39.90413918452491
wavePE_nodrop,0,4,46.200865244506225
wavePE_nodrop,0,4,46.92199056337559
wavePE_nodrop,0,4,44.437871992597714
wavePE_nodrop,0,4,48.325301132323446
wavePE_nodrop,0,4,53.3855243994425
wavePE_nodrop,0,4,43.09632232579452
wavePE_nodrop,0,4,47.05459534840286
wavePE_nodrop,0,4,52.59513789521843
wavePE_nodrop,0,4,36.514083074720524
wavePE_nodrop,0,4,38.69226997329831
wavePE_nodrop,0,4,22.819564356361692
wavePE_nodrop,0,4,21.44787208971408
wavePE_nodrop,0,4,28.607253163365407
wavePE_nodrop,0,4,28.626804591559928
wavePE_nodrop,0,4,21.35635848872258
wavePE_nodrop,0,4,24.816642297350786
wavePE_nodrop,0,4,26.736765707022396
wavePE_nodrop,0,4,20.59434251980008
wavePE_nodrop,0,4,23.546407000393835
wavePE_nodrop,0,4,26.957818779357122
wavePE_nodrop,0,4,28.571977185266057
wavePE_nodrop,0,4,37.935844109465215
wavePE_nodrop,0,4,33.44276101156403
wavePE_nodrop,0,4,36.44573179973455
wavePE_nodrop,0,4,38.85657725221683
wavePE_nodrop,0,4,36.43776790890904
wavePE_nodrop,0,4,39.03050542203733
wavePE_nodrop,0,4,41.48549169341908
wavePE_nodrop,0,4,37.031410131995266
wavePE_nodrop,0,4,33.1051721677153
wavePE_nodrop,0,4,33.81132038646333
wavePE_nodrop,0,4,40.4598589082318
wavePE_nodrop,0,4,36.55741484238023
wavePE_nodrop,0,4,32.803933931788706
wavePE_nodrop,0,4,35.44252193321872
wavePE_nodrop,0,4,36.41081478768162
wavePE_nodrop,0,4,33.037166653378776
wavePE_nodrop,0,4,35.08553948095652
wavePE_nodrop,0,4,37.1719684800138
wavePE_nodrop,0,4,32.910778670215464
wavePE_nodrop,0,4,47.27138213084704
wavePE_nodrop,0,4,46.533632765311765
wavePE_nodrop,0,4,42.77011057001754
wavePE_nodrop,0,4,33.12798663583075
wavePE_nodrop,0,4,30.91387685644387
wavePE_nodrop,0,5,6.062424540010633
wavePE_nodrop,0,5,9.75890008229111
wavePE_nodrop,0,5,10.416300809434594
wavePE_nodrop,0,5,7.584442098345319
wavePE_nodrop,0,5,10.024440159003161
wavePE_nodrop,0,5,7.2961952602029445
wavePE_nodrop,0,5,14.62463202479994
wavePE_nodrop,0,5,16.605114482467005
wavePE_nodrop,0,5,14.193001900689751
wavePE_nodrop,0,5,13.453794257678299
wavePE_nodrop,0,5,15.287049479766065
wavePE_nodrop,0,5,12.469547755642626
wavePE_nodrop,0,5,10.230254894607324
wavePE_nodrop,0,5,10.096063467233055
wavePE_nodrop,0,5,12.970003859393945
wavePE_nodrop,0,5,14.098695489202559
wavePE_nodrop,0,5,12.515912256129909
wavePE_nodrop,0,5,12.735199523026726
wavePE_nodrop,0,5,10.837227368944424
wavePE_nodrop,0,5,11.12940872629971
wavePE_nodrop,0,5,9.313191441640688
wavePE_nodrop,0,5,16.531753081284435
wavePE_nodrop,0,5,18.96807413367452
wavePE_nodrop,0,5,15.065056796666942
wavePE_nodrop,0,5,14.378317956430422
wavePE_nodrop,0,5,14.849566352152499
wavePE_nodrop,0,5,16.272713462032947
wavePE_nodrop,0,5,14.724904475280809
wavePE_nodrop,0,5,13.494201564432851
wavePE_nodrop,0,5,15.858581918386191
wavePE_nodrop,0,5,19.687308880349015
wavePE_nodrop,0,5,16.96747022463404
wavePE_nodrop,0,5,18.418494887294063
wavePE_nodrop,0,5,14.169756977549271
wavePE_nodrop,0,5,15.154036719888081
wavePE_nodrop,0,5,12.44508425911103
wavePE_nodrop,0,5,13.462263192064304
wavePE_nodrop,0,5,13.523661674251375
wavePE_nodrop,0,5,12.788865204145873
wavePE_nodrop,0,5,14.931490880099854
wavePE_nodrop,0,5,16.2258059388561
wavePE_nodrop,0,5,16.06494981855971
wavePE_nodrop,0,5,17.009935892839113
wavePE_nodrop,0,5,13.645180605179203
wavePE_nodrop,0,5,15.29625363251972
wavePE_nodrop,0,5,14.320557198796477
wavePE_nodrop,0,5,11.63261174472267
wavePE_nodrop,0,5,14.41523185412923
wavePE_nodrop,0,5,16.57641206173465
wavePE_nodrop,0,5,8.85868546403306
wavePE_nodrop,0,5,10.603089177508071
wavePE_nodrop,0,5,8.65748623404949
wavePE_nodrop,0,5,14.475147257577168
wavePE_nodrop,0,5,18.09503191521218
wavePE_nodrop,0,5,12.212851606982891
wavePE_nodrop,0,5,11.657431612612019
wavePE_nodrop,0,5,9.415596076535701
wavePE_nodrop,0,5,11.204281401999097
wavePE_nodrop,0,5,10.88383620687736
wavePE_nodrop,0,5,11.598989198573918
wavePE_nodrop,0,5,11.97920619771599
wavePE_nodrop,0,5,14.635294052288417
wavePE_nodrop,0,5,23.395401787283806
wavePE_nodrop,0,5,22.69115257859797
wavePE_nodrop,0,5,22.571814475901228
wavePE_nodrop,0,5,20.4135293356695
wavePE_nodrop,0,5,19.179562665298484
wavePE_nodrop,0,5,18.928051852487567
wavePE_nodrop,0,5,22.886840411128908
wavePE_nodrop,0,5,23.642515555982904
wavePE_nodrop,0,5,18.936525683648338
wavePE_nodrop,0,5,27.51181418429355
wavePE_nodrop,0,5,32.22904207791308
wavePE_nodrop,0,5,32.73917955857312
wavePE_nodrop,0,5,29.485135063853004
wavePE_nodrop,0,5,28.226260625201824
wavePE_nodrop,0,5,31.83821430522112
wavePE_nodrop,0,5,31.243346667602786
wavePE_nodrop,0,5,29.494975070091993
wavePE_nodrop,0,5,29.19298056936531
wavePE_nodrop,0,5,28.258869044153418
wavePE_nodrop,0,5,29.952067208424523
wavePE_nodrop,0,5,32.54853691263346
wavePE_nodrop,0,5,30.92149189289651
wavePE_nodrop,0,5,31.76870638426167
wavePE_nodrop,0,5,35.74853581933587
wavePE_nodrop,0,5,28.53418206213942
wavePE_nodrop,0,5,32.92078308187387
wavePE_nodrop,0,5,36.512218494270016
wavePE_nodrop,0,5,21.564022542081425
wavePE_nodrop,0,5,27.561842668378496
wavePE_nodrop,0,5,12.407271296488403
wavePE_nodrop,0,5,11.454534354793108
wavePE_nodrop,0,5,16.714948796739556
wavePE_nodrop,0,5,13.771714244435556
wavePE_nodrop,0,5,10.271213234474459
wavePE_nodrop,0,5,14.489519078366126
wavePE_nodrop,0,5,15.932237947687058
wavePE_nodrop,0,5,12.22331601385157
wavePE_nodrop,0,5,11.355509593577134
wavePE_nodrop,0,5,16.457610367004044
wavePE_nodrop,0,5,17.13407280307799
wavePE_nodrop,0,5,20.830464643588236
wavePE_nodrop,0,5,16.58550134051827
wavePE_nodrop,0,5,22.40155013830715
wavePE_nodrop,0,5,23.437927940448137
wavePE_nodrop,0,5,19.281496465279027
wavePE_nodrop,0,5,22.125346350311787
wavePE_nodrop,0,5,27.15820983502156
wavePE_nodrop,0,5,19.293208172223817
wavePE_nodrop,0,5,14.919212129703457
wavePE_nodrop,0,5,25.272911526453015
wavePE_nodrop,0,5,31.56686420166136
wavePE_nodrop,0,5,25.724545829067285
wavePE_nodrop,0,5,33.54278404365929
wavePE_nodrop,0,5,30.158465270066763
wavePE_nodrop,0,5,28.842396649086826
wavePE_nodrop,0,5,27.247797827948627
wavePE_nodrop,0,5,27.2171083177424
wavePE_nodrop,0,5,23.979062738662332
wavePE_nodrop,0,5,25.19058038917286
wavePE_nodrop,0,5,27.637108440781766
wavePE_nodrop,0,5,25.22646334951818
wavePE_nodrop,0,5,26.153853303750463
wavePE_nodrop,0,5,15.46661841511572
wavePE_nodrop,0,5,18.96651408910224
wavePE_nodrop,0,5,10.736106070626649
wavePE_nodrop,0,5,11.289251606383544
wavePE_nodrop,0,5,9.39846271727188
wavePE_nodrop,0,5,10.0092922264338
wavePE_nodrop,0,5,10.159415668269167
wavePE_nodrop,0,5,16.65916396785362
wavePE_nodrop,0,5,14.48238672062816
wavePE_nodrop,0,5,16.567269322512974
wavePE_nodrop,0,5,17.489809623765634
wavePE_nodrop,0,5,16.564396580683034
wavePE_nodrop,0,5,15.704189462282375
wavePE_nodrop,0,5,16.664533114673468
wavePE_nodrop,0,5,13.55656427991217
wavePE_nodrop,0,5,15.672593389145154
wavePE_nodrop,0,5,15.449159099927806
wavePE_nodrop,0,5,27.146270231823273
wavePE_nodrop,0,5,21.511214915359478
wavePE_nodrop,0,5,22.010517408623084
wavePE_nodrop,0,5,25.94784862078547
wavePE_nodrop,0,5,24.603229079722087
wavePE_nodrop,0,5,25.77262153431463
wavePE_nodrop,0,5,29.958345314312968
wavePE_nodrop,0,5,22.944458931297017
wavePE_nodrop,0,5,23.52360249454403
wavePE_nodrop,0,5,21.11090921752928
wavePE_nodrop,0,5,30.56473815434379
wavePE_nodrop,0,5,29.090866353290103
wavePE_nodrop,0,5,31.506448557612806
wavePE_nodrop,0,5,24.614843273504796
wavePE_nodrop,0,5,28.879858750773803
wavePE_nodrop,0,5,23.100710881182035
wavePE_nodrop,0,5,28.24057394518552
wavePE_nodrop,0,5,30.25186080129429
wavePE_nodrop,0,5,24.434716781169033
wavePE_nodrop,0,5,26.114059879489883
wavePE_nodrop,0,5,25.418633229407867
wavePE_nodrop,0,5,20.833074351821704
wavePE_nodrop,0,5,21.672379454679483
wavePE_nodrop,0,5,25.684689427423752
wavePE_nodrop,0,5,20.27206647776626
wavePE_nodrop,0,5,21.136089663235094
wavePE_nodrop,0,5,23.3401153724629
wavePE_nodrop,0,5,19.326831174750225
wavePE_nodrop,0,5,21.30253699540498
wavePE_nodrop,0,5,19.090736251818306
wavePE_nodrop,0,5,23.898526155627774
wavePE_nodrop,0,5,29.167877944556306
wavePE_nodrop,0,5,31.282017322580412
wavePE_nodrop,0,5,20.51979915114494
wavePE_nodrop,0,5,21.867879945056263
wavePE_nodrop,0,5,22.324487022659273
wavePE_nodrop,0,5,23.41843890560447
wavePE_nodrop,0,5,27.75905426378346
wavePE_nodrop,0,5,26.554775580429254
wavePE_nodrop,0,5,24.18340345317202
wavePE_nodrop,0,5,20.69854587978298
wavePE_nodrop,0,5,25.00912531304208
wavePE_nodrop,0,5,27.230428214165475
wavePE_nodrop,0,5,23.34098151232948
wavePE_nodrop,0,5,23.320434658074383
wavePE_nodrop,0,5,20.440069926718195
wavePE_nodrop,0,5,21.483019850855886
wavePE_nodrop,0,5,23.60651302119415
wavePE_nodrop,0,5,22.20683921877034
wavePE_nodrop,0,5,26.766600739008823
wavePE_nodrop,0,5,33.914803651089095
wavePE_nodrop,0,5,35.240076088980395
wavePE_nodrop,0,5,28.790615320896077
wavePE_nodrop,0,5,28.174173569339725
wavePE_nodrop,0,5,28.341713939876538
wavePE_nodrop,0,5,12.385563023935706
wavePE_nodrop,0,5,20.015642782988035
wavePE_nodrop,0,5,17.93837174996373
wavePE_nodrop,0,5,16.33683868526119
wavePE_nodrop,0,5,14.436382395984927
wavePE_nodrop,0,5,12.456611096856914
wavePE_nodrop,0,5,14.50267881149773
wavePE_nodrop,0,5,16.691265385666235
wavePE_nodrop,0,5,18.30468813292888
wavePE_nodrop,0,5,13.727330749251992
wavePE_nodrop,0,5,20.65281207371214
wavePE_nodrop,0,5,22.406424404299422
wavePE_nodrop,0,5,21.222728918244695
wavePE_nodrop,0,5,25.77865682813152
wavePE_nodrop,0,5,24.831137021227132
wavePE_nodrop,0,5,23.915474255470176
wavePE_nodrop,0,5,24.472188034842645
wavePE_nodrop,0,5,24.322435408287994
wavePE_nodrop,0,5,20.612571481778048
wavePE_nodrop,0,5,18.680718876860002
wavePE_nodrop,0,5,32.985422298674855
wavePE_nodrop,0,5,39.08388346788043
wavePE_nodrop,0,5,34.005002524569576
wavePE_nodrop,0,5,33.65854360638615
wavePE_nodrop,0,5,36.80246589222913
wavePE_nodrop,0,5,38.12488904047255
wavePE_nodrop,0,5,32.62649635262829
wavePE_nodrop,0,5,34.75830293295741
wavePE_nodrop,0,5,34.65896670864403
wavePE_nodrop,0,5,34.89072624726042
wavePE_nodrop,0,5,42.823566509386225
wavePE_nodrop,0,5,43.906966073374285
wavePE_nodrop,0,5,34.829733794596386
wavePE_nodrop,0,5,31.272580659726227
wavePE_nodrop,0,5,29.804696413594588
wavePE_nodrop,0,5,17.231270263362827
wavePE_nodrop,0,5,23.466429204330154
wavePE_nodrop,0,5,20.91159528695211
wavePE_nodrop,0,5,17.517366783647038
wavePE_nodrop,0,5,20.830894572386025
wavePE_nodrop,0,5,23.655626287282907
wavePE_nodrop,0,5,19.69406212609496
wavePE_nodrop,0,5,22.994136579073086
wavePE_nodrop,0,5,22.647620436722814
wavePE_nodrop,0,5,22.012820922998078
wavePE_nodrop,0,5,32.69933029153873
wavePE_nodrop,0,5,29.922979084883515
wavePE_nodrop,0,5,33.97628879062086
wavePE_nodrop,0,5,25.24510595675412
wavePE_nodrop,0,5,26.273154733864867
wavePE_nodrop,0,5,31.23442863169425
wavePE_nodrop,0,5,31.98695439599306
wavePE_nodrop,0,5,35.562748955852605
wavePE_nodrop,0,5,28.45781048119363
wavePE_nodrop,0,5,26.04925400453136
wavePE_nodrop,0,5,18.21803663097082
wavePE_nodrop,0,6,5.575461238091755
wavePE_nodrop,0,6,7.314328443370451
wavePE_nodrop,0,6,5.78095339809273
wavePE_nodrop,0,6,3.3778970644839226
wavePE_nodrop,0,6,5.397635778009347
wavePE_nodrop,0,6,9.61219805201341
wavePE_nodrop,0,6,8.356867992818424
wavePE_nodrop,0,6,8.216140542121435
wavePE_nodrop,0,6,9.129469751185175
wavePE_nodrop,0,6,9.325186391860274
wavePE_nodrop,0,6,9.94009835054115
wavePE_nodrop,0,6,8.871140819750279
wavePE_nodrop,0,6,8.338991587807838
wavePE_nodrop,0,6,5.848384174473049
wavePE_nodrop,0,6,7.197924040904192
wavePE_nodrop,0,6,12.177396408644588
wavePE_nodrop,0,6,12.63014753234009
wavePE_nodrop,0,6,10.880389799776887
wavePE_nodrop,0,6,13.875430652907728
wavePE_nodrop,0,6,15.239674088207057
wavePE_nodrop,0,6,14.566140378310749
wavePE_nodrop,0,6,15.410994270354832
wavePE_nodrop,0,6,12.298791532338457
wavePE_nodrop,0,6,14.916579769618874
wavePE_nodrop,0,6,12.921103910146924
wavePE_nodrop,0,6,11.380819405739048
wavePE_nodrop,0,6,11.755891802947003
wavePE_nodrop,0,6,12.868446478097592
wavePE_nodrop,0,6,9.370416731138103
wavePE_nodrop,0,6,10.174779074606098
wavePE_nodrop,0,6,8.992925463097153
wavePE_nodrop,0,6,12.630205513217893
wavePE_nodrop,0,6,13.239422075432625
wavePE_nodrop,0,6,10.620921882291274
wavePE_nodrop,0,6,10.947897796354978
wavePE_nodrop,0,6,14.400062913227819
wavePE_nodrop,0,6,15.033362976059012
wavePE_nodrop,0,6,14.075672353934072
wavePE_nodrop,0,6,14.344143173570577
wavePE_nodrop,0,6,14.321502576903873
wavePE_nodrop,0,6,13.926971805613144
wavePE_nodrop,0,6,16.52594384665822
wavePE_nodrop,0,6,12.876080124752662
wavePE_nodrop,0,6,12.498574447967878
wavePE_nodrop,0,6,11.432486298482148
wavePE_nodrop,0,6,13.981384691639004
wavePE_nodrop,0,6,15.044365436829096
wavePE_nodrop,0,6,14.70917135242985
wavePE_nodrop,0,6,13.069264967489781
wavePE_nodrop,0,6,14.328005278361541
wavePE_nodrop,0,6,12.097170086102537
wavePE_nodrop,0,6,16.451165028180515
wavePE_nodrop,0,6,18.24005822253165
wavePE_nodrop,0,6,13.192844274069762
wavePE_nodrop,0,6,11.322944482268115
wavePE_nodrop,0,6,11.116703240222929
wavePE_nodrop,0,6,14.05416949765022
wavePE_nodrop,0,6,12.404287359242891
wavePE_nodrop,0,6,11.107115207330825
wavePE_nodrop,0,6,13.484892060075103
wavePE_nodrop,0,6,12.229307276326264
wavePE_nodrop,0,6,14.732108132930787
wavePE_nodrop,0,6,15.989425004955178
wavePE_nodrop,0,6,14.866249749886222
wavePE_nodrop,0,6,13.312634378306347
wavePE_nodrop,0,6,12.414171646890424
wavePE_nodrop,0,6,11.156511852498042
wavePE_nodrop,0,6,13.07029725326725
wavePE_nodrop,0,6,6.5652575122596835
wavePE_nodrop,0,6,9.357338191975156
wavePE_nodrop,0,6,6.633018381571619
wavePE_nodrop,0,6,8.862468022679137
wavePE_nodrop,0,6,12.212125956508913
wavePE_nodrop,0,6,9.25542635454039
wavePE_nodrop,0,6,9.346462762311116
wavePE_nodrop,0,6,9.30148657428681
wavePE_nodrop,0,6,11.588331398509885
wavePE_nodrop,0,6,10.584332969892614
wavePE_nodrop,0,6,10.911985356985756
wavePE_nodrop,0,6,10.786368986301934
wavePE_nodrop,0,6,12.651809353624767
wavePE_nodrop,0,6,17.416100085907647
wavePE_nodrop,0,6,13.996522756423504
wavePE_nodrop,0,6,23.27495013918311
wavePE_nodrop,0,6,24.13771594696232
wavePE_nodrop,0,6,20.75179562118276
wavePE_nodrop,0,6,21.07638543809575
wavePE_nodrop,0,6,20.45872109821344
wavePE_nodrop,0,6,14.943223105767505
wavePE_nodrop,0,6,12.389306675775853
wavePE_nodrop,0,6,21.489792952708097
wavePE_nodrop,0,6,28.996695358592806
wavePE_nodrop,0,6,23.19092952949352
wavePE_nodrop,0,6,31.420441535783457
wavePE_nodrop,0,6,29.38123053968815
wavePE_nodrop,0,6,25.50046687944385
wavePE_nodrop,0,6,28.774790829739352
wavePE_nodrop,0,6,27.50327233835448
wavePE_nodrop,0,6,23.6185378493487
wavePE_nodrop,0,6,27.10997681570018
wavePE_nodrop,0,6,28.77444003306639
wavePE_nodrop,0,6,28.778991638331103
wavePE_nodrop,0,6,24.10124128793293
wavePE_nodrop,0,6,19.507405851063492
wavePE_nodrop,0,6,20.277004133136465
wavePE_nodrop,0,6,6.361935812324219
wavePE_nodrop,0,6,15.85184029270846
wavePE_nodrop,0,6,11.208334467768386
wavePE_nodrop,0,6,13.231584715156156
wavePE_nodrop,0,6,11.299551374325782
wavePE_nodrop,0,6,12.00548592212574
wavePE_nodrop,0,6,11.770642264579164
wavePE_nodrop,0,6,11.17677045296358
wavePE_nodrop,0,6,14.05828857171179
wavePE_nodrop,0,6,13.521657859639632
wavePE_nodrop,0,6,18.98751918832811
wavePE_nodrop,0,6,18.352866553603974
wavePE_nodrop,0,6,18.238725673741403
wavePE_nodrop,0,6,9.240063396434262
wavePE_nodrop,0,6,12.431298840328221
wavePE_nodrop,0,6,25.338385213858466
wavePE_nodrop,0,6,23.674379724357305
wavePE_nodrop,0,6,27.825082305448266
wavePE_nodrop,0,6,21.41253294450008
wavePE_nodrop,0,6,19.10312688473278
wavePE_nodrop,0,6,8.614038562105845
wavePE_nodrop,0,6,13.259797356307798
wavePE_nodrop,0,6,9.710465151008659
wavePE_nodrop,0,6,9.66062775415797
wavePE_nodrop,0,6,9.934617568094582
wavePE_nodrop,0,6,12.165698136235733
wavePE_nodrop,0,6,9.886090565427581
wavePE_nodrop,0,6,9.22543062049857
wavePE_nodrop,0,6,8.537321735597597
wavePE_nodrop,0,6,9.724291853786395
wavePE_nodrop,0,6,8.956825457787929
wavePE_nodrop,0,6,15.432472266294484
wavePE_nodrop,0,6,16.45864515261747
wavePE_nodrop,0,6,16.62637641423938
wavePE_nodrop,0,6,13.913557525234022
wavePE_nodrop,0,6,14.8339732768294
wavePE_nodrop,0,6,16.519052697597186
wavePE_nodrop,0,6,16.344564682304355
wavePE_nodrop,0,6,16.03724825505294
wavePE_nodrop,0,6,14.965847984034257
wavePE_nodrop,0,6,11.390871898310158
wavePE_nodrop,0,6,19.623858812929466
wavePE_nodrop,0,6,22.030313575658745
wavePE_nodrop,0,6,26.85648805383471
wavePE_nodrop,0,6,21.884324473085908
wavePE_nodrop,0,6,22.32007958041435
wavePE_nodrop,0,6,19.271334956779704
wavePE_nodrop,0,6,21.160501192199906
wavePE_nodrop,0,6,23.324922819807494
wavePE_nodrop,0,6,20.932312198479394
wavePE_nodrop,0,6,25.44035180404661
wavePE_nodrop,0,6,26.706517209793322
wavePE_nodrop,0,6,28.65141600081883
wavePE_nodrop,0,6,21.230614821092253
wavePE_nodrop,0,6,21.552131578693565
wavePE_nodrop,0,6,15.269148688761772
wavePE_nodrop,0,6,19.099337097085122
wavePE_nodrop,0,6,21.40774341168863
wavePE_nodrop,0,6,27.316359838367738
wavePE_nodrop,0,6,19.288174362083502
wavePE_nodrop,0,6,23.242811305606203
wavePE_nodrop,0,6,18.801580466428423
wavePE_nodrop,0,6,18.326533419032746
wavePE_nodrop,0,6,20.69566107858146
wavePE_nodrop,0,6,19.692830510135643
wavePE_nodrop,0,6,19.723423116682167
wavePE_nodrop,0,6,22.666597334344868
wavePE_nodrop,0,6,24.484203876281725
wavePE_nodrop,0,6,27.603529393720407
wavePE_nodrop,0,6,20.072559180033572
wavePE_nodrop,0,6,28.135101308890892
wavePE_nodrop,0,6,18.588172888947295
wavePE_nodrop,0,6,21.739708241550197
wavePE_nodrop,0,6,18.364922251802852
wavePE_nodrop,0,6,23.096676487089407
wavePE_nodrop,0,6,21.377830877812254
wavePE_nodrop,0,6,18.090516767653373
wavePE_nodrop,0,6,11.673229758297932
wavePE_nodrop,0,6,12.760645235112673
wavePE_nodrop,0,6,11.41277314304101
wavePE_nodrop,0,6,17.9989615889555
wavePE_nodrop,0,6,18.832653884184644
wavePE_nodrop,0,6,14.066096036246519
wavePE_nodrop,0,6,12.447148987628138
wavePE_nodrop,0,6,14.21830220181602
wavePE_nodrop,0,6,10.101156400093542
wavePE_nodrop,0,6,12.566766344951494
wavePE_nodrop,0,6,23.91546228988783
wavePE_nodrop,0,6,20.040647003286946
wavePE_nodrop,0,6,20.039277593869162
wavePE_nodrop,0,6,18.36930579317842
wavePE_nodrop,0,6,15.9207231362995
wavePE_nodrop,0,6,32.830726896627176
wavePE_nodrop,0,6,32.43512957984675
wavePE_nodrop,0,6,32.91619450325996
wavePE_nodrop,0,6,32.49107612071739
wavePE_nodrop,0,6,26.914192612287447
wavePE_nodrop,0,6,20.72769665588121
wavePE_nodrop,0,6,17.206096951634045
wavePE_nodrop,0,6,17.710580603643358
wavePE_nodrop,0,6,20.782431375962517
wavePE_nodrop,0,6,16.528952870009842
wavePE_nodrop,0,6,17.285143923273626
wavePE_nodrop,0,6,12.996059620071522
wavePE_nodrop,0,6,22.55589355155052
learnedPE_drop,0,0,70.70876856979095
learnedPE_drop,0,1,68.80722834168095
learnedPE_drop,0,1,64.65569480422919
learnedPE_drop,0,1,68.79114530315677
learnedPE_drop,0,1,69.60178123979715
learnedPE_drop,0,1,70.03203097187713
learnedPE_drop,0,1,70.56852164582574
learnedPE_drop,0,1,70.03211326587342
learnedPE_drop,0,1,69.35124198266293
learnedPE_drop,0,1,68.77247251132508
learnedPE_drop,0,1,70.9712297006418
learnedPE_drop,0,2,51.865187700349104
learnedPE_drop,0,2,67.01382073809114
learnedPE_drop,0,2,68.06268288588993
learnedPE_drop,0,2,67.89532821667093
learnedPE_drop,0,2,68.65323605911887
learnedPE_drop,0,2,68.59796007532888
learnedPE_drop,0,2,66.88065657761683
learnedPE_drop,0,2,67.31622518583264
learnedPE_drop,0,2,69.61039810247343
learnedPE_drop,0,2,60.7366516107172
learnedPE_drop,0,2,61.83944547892863
learnedPE_drop,0,2,62.36258079829679
learnedPE_drop,0,2,63.91757271224814
learnedPE_drop,0,2,63.30368597548505
learnedPE_drop,0,2,62.161767864048265
learnedPE_drop,0,2,63.836591707159634
learnedPE_drop,0,2,64.562681411067
learnedPE_drop,0,2,54.03845550099051
learnedPE_drop,0,2,66.73689028764075
learnedPE_drop,0,2,68.64974482676394
learnedPE_drop,0,2,68.51352254113529
learnedPE_drop,0,2,67.43983501851287
learnedPE_drop,0,2,67.74792893650987
learnedPE_drop,0,2,69.07328388956897
learnedPE_drop,0,2,66.81451095247424
learnedPE_drop,0,2,68.77445786218149
learnedPE_drop,0,2,69.25472572368508
learnedPE_drop,0,2,68.98175534405227
learnedPE_drop,0,2,68.25291718090295
learnedPE_drop,0,2,69.89056881598596
learnedPE_drop,0,2,69.35651512663107
learnedPE_drop,0,2,68.58729369522715
learnedPE_drop,0,2,68.08618392832082
learnedPE_drop,0,2,68.85679250906671
learnedPE_drop,0,2,70.45165186918142
learnedPE_drop,0,2,68.56263574572894
learnedPE_drop,0,2,68.5648256578903
learnedPE_drop,0,2,68.88597139409252
learnedPE_drop,0,2,71.30947164647937
learnedPE_drop,0,2,68.9339885776265
learnedPE_drop,0,2,67.73068169764018
learnedPE_drop,0,2,70.34552638682182
learnedPE_drop,0,2,62.51361991898677
learnedPE_drop,0,2,70.47410220998779
learnedPE_drop,0,2,68.40569275200691
learnedPE_drop,0,3,49.82584092688417
learnedPE_drop,0,3,50.65113951757824
learnedPE_drop,0,3,49.47330080731599
learnedPE_drop,0,3,49.7971189266049
learnedPE_drop,0,3,48.80782900252427
learnedPE_drop,0,3,47.99602138927649
learnedPE_drop,0,3,50.984419398940936
learnedPE_drop,0,3,53.308149443305986
learnedPE_drop,0,3,50.86826824548541
learnedPE_drop,0,3,64.68371929762084
learnedPE_drop,0,3,66.61104569949451
learnedPE_drop,0,3,65.189375752338
learnedPE_drop,0,3,65.54396167567454
learnedPE_drop,0,3,65.14808994282514
learnedPE_drop,0,3,67.15745991539949
learnedPE_drop,0,3,64.05815566748383
learnedPE_drop,0,3,67.99738170231622
learnedPE_drop,0,3,66.54841613206133
learnedPE_drop,0,3,65.63141768842827
learnedPE_drop,0,3,65.19619252504074
learnedPE_drop,0,3,67.65251982969563
learnedPE_drop,0,3,66.70718056294207
learnedPE_drop,0,3,66.14842983363545
learnedPE_drop,0,3,65.70648360659814
learnedPE_drop,0,3,65.5598022540293
learnedPE_drop,0,3,67.37718442282608
learnedPE_drop,0,3,66.77768787170062
learnedPE_drop,0,3,66.84962507405443
learnedPE_drop,0,3,67.36873090872004
learnedPE_drop,0,3,69.57035861382987
learnedPE_drop,0,3,66.95525986872693
learnedPE_drop,0,3,67.07507265397126
learnedPE_drop,0,3,68.59772275744831
learnedPE_drop,0,3,61.91097705071466
learnedPE_drop,0,3,68.40033088964142
learnedPE_drop,0,3,66.55164059453146
learnedPE_drop,0,3,41.14713074852113
learnedPE_drop,0,3,59.28270520123425
learnedPE_drop,0,3,60.44921173535912
learnedPE_drop,0,3,59.44469712918032
learnedPE_drop,0,3,60.065706070083365
learnedPE_drop,0,3,60.249017926063516
learnedPE_drop,0,3,60.98150485824739
learnedPE_drop,0,3,60.171969401424626
learnedPE_drop,0,3,61.049882308306174
learnedPE_drop,0,3,60.55475910062041
learnedPE_drop,0,3,60.196891755707306
learnedPE_drop,0,3,61.58516894804867
learnedPE_drop,0,3,62.34514192972972
learnedPE_drop,0,3,61.38274719201796
learnedPE_drop,0,3,59.60925025491575
learnedPE_drop,0,3,59.5619830580011
learnedPE_drop,0,3,61.4768640964474
learnedPE_drop,0,3,62.928369449879106
learnedPE_drop,0,3,62.36981765350003
learnedPE_drop,0,3,60.6128866268935
learnedPE_drop,0,3,63.49435160830243
learnedPE_drop,0,3,63.91760623893118
learnedPE_drop,0,3,61.45105093782905
learnedPE_drop,0,3,62.57107714514028
learnedPE_drop,0,3,63.509408193764386
learnedPE_drop,0,3,57.84426328995618
learnedPE_drop,0,3,63.459993192768636
learnedPE_drop,0,3,59.95127481002328
learnedPE_drop,0,3,45.58447381520518
learnedPE_drop,0,3,53.67952457347089
learnedPE_drop,0,3,53.10396040831679
learnedPE_drop,0,3,51.53704400952266
learnedPE_drop,0,3,51.793314863064765
learnedPE_drop,0,3,54.49446345081896
learnedPE_drop,0,3,66.14146850822758
learnedPE_drop,0,3,65.77631578710965
learnedPE_drop,0,3,65.70094427473526
learnedPE_drop,0,3,65.17783093180994
learnedPE_drop,0,3,66.65609756255127
learnedPE_drop,0,3,67.06846943389783
learnedPE_drop,0,3,66.940752063136
learnedPE_drop,0,3,67.75643319639622
learnedPE_drop,0,3,69.07867791596684
learnedPE_drop,0,3,65.91407804676393
learnedPE_drop,0,3,66.98470186818649
learnedPE_drop,0,3,67.86345662931888
learnedPE_drop,0,3,62.648514980140355
learnedPE_drop,0,3,67.6841105852228
learnedPE_drop,0,3,67.03400040449101
learnedPE_drop,0,3,65.83533291514746
learnedPE_drop,0,3,66.00980045260849
learnedPE_drop,0,3,66.00285145810024
learnedPE_drop,0,3,64.798521008001
learnedPE_drop,0,3,67.41288764328723
learnedPE_drop,0,3,67.98291689360843
learnedPE_drop,0,3,68.39433827785099
learnedPE_drop,0,3,67.50131891566322
learnedPE_drop,0,3,69.49517295702277
learnedPE_drop,0,3,68.3166792851978
learnedPE_drop,0,3,66.84924889758524
learnedPE_drop,0,3,69.93737765961474
learnedPE_drop,0,3,61.657331660733284
learnedPE_drop,0,3,69.32238687289353
learnedPE_drop,0,3,67.3791827931394
learnedPE_drop,0,3,65.63426518268658
learnedPE_drop,0,3,66.73832621461113
learnedPE_drop,0,3,67.45222425713798
learnedPE_drop,0,3,70.80490906112165
learnedPE_drop,0,3,67.1466882357321
learnedPE_drop,0,3,67.3430381261551
learnedPE_drop,0,3,69.57949644041413
learnedPE_drop,0,3,61.881319661692096
learnedPE_drop,0,3,68.9531495399851
learnedPE_drop,0,3,66.99533122546826
learnedPE_drop,0,3,66.505279619688
learnedPE_drop,0,3,66.80262596433268
learnedPE_drop,0,3,69.74474794722997
learnedPE_drop,0,3,60.95249550101151
learnedPE_drop,0,3,69.17202695711767
learnedPE_drop,0,3,67.73627784359154
learnedPE_drop,0,3,61.623626894426934
learnedPE_drop,0,3,69.60525080978547
learnedPE_drop,0,3,67.34604819468079
learnedPE_drop,0,3,57.46060015637839
learnedPE_drop,0,4,33.939926843595444
learnedPE_drop,0,4,45.83421504412591
learnedPE_drop,0,4,47.86096903285328
learnedPE_drop,0,4,45.81846636375953
learnedPE_drop,0,4,45.756621350399215
learnedPE_drop,0,4,48.38683080071534
learnedPE_drop,0,4,50.54497986938997
learnedPE_drop,0,4,44.760637859629355
learnedPE_drop,0,4,50.537931537160944
learnedPE_drop,0,4,46.787303318431256
learnedPE_drop,0,4,47.632392904398436
learnedPE_drop,0,4,49.253293827209696
learnedPE_drop,0,4,52.376594745136636
learnedPE_drop,0,4,46.960802939762054
learnedPE_drop,0,4,46.703748677084796
learnedPE_drop,0,4,47.188530196406
learnedPE_drop,0,4,47.148144849455896
learnedPE_drop,0,4,49.758104124759676
learnedPE_drop,0,4,46.6104273795503
learnedPE_drop,0,4,46.06144335389017
learnedPE_drop,0,4,48.39269112888872
learnedPE_drop,0,4,50.860585631872425
learnedPE_drop,0,4,46.226301322887885
learnedPE_drop,0,4,47.05207609912361
learnedPE_drop,0,4,48.49778021826966
learnedPE_drop,0,4,44.688661963645345
learnedPE_drop,0,4,48.121345017196795
learnedPE_drop,0,4,46.483936285768735
learnedPE_drop,0,4,41.06454327944806
learnedPE_drop,0,4,49.498552490573395
learnedPE_drop,0,4,49.990708105567414
learnedPE_drop,0,4,47.782174751938435
learnedPE_drop,0,4,48.62772520267335
learnedPE_drop,0,4,50.78311803103402
learnedPE_drop,0,4,63.67699447056249
learnedPE_drop,0,4,63.94213822855162
learnedPE_drop,0,4,62.66792334456607
learnedPE_drop,0,4,62.39633440353425
learnedPE_drop,0,4,65.2389752322215
learnedPE_drop,0,4,64.89668380298217
learnedPE_drop,0,4,64.21092914995782
learnedPE_drop,0,4,65.5330677638643
learnedPE_drop,0,4,67.23616934034037
learnedPE_drop,0,4,63.766291043278876
learnedPE_drop,0,4,64.16259343137042
learnedPE_drop,0,4,65.98010727845957
learnedPE_drop,0,4,59.65250833907688
learnedPE_drop,0,4,66.50937663179708
learnedPE_drop,0,4,65.06500905153383
learnedPE_drop,0,4,62.408413444780685
learnedPE_drop,0,4,62.7442280879654
learnedPE_drop,0,4,61.343926390900855
learnedPE_drop,0,4,60.99162152383859
learnedPE_drop,0,4,63.747688305134865
learnedPE_drop,0,4,66.38972406974608
learnedPE_drop,0,4,66.43180738079398
learnedPE_drop,0,4,65.44598220273993
learnedPE_drop,0,4,68.24741806815804
learnedPE_drop,0,4,65.69296473493459
learnedPE_drop,0,4,63.61993561839173
learnedPE_drop,0,4,66.49681176491553
learnedPE_drop,0,4,59.34244090348177
learnedPE_drop,0,4,66.50841754469272
learnedPE_drop,0,4,64.72550900205074
learnedPE_drop,0,4,62.685124178844035
learnedPE_drop,0,4,64.57623111909207
learnedPE_drop,0,4,64.11606775003318
learnedPE_drop,0,4,67.20087896917778
learnedPE_drop,0,4,64.08186713487646
learnedPE_drop,0,4,63.84312720603128
learnedPE_drop,0,4,66.54035199356629
learnedPE_drop,0,4,60.22969699869226
learnedPE_drop,0,4,66.52235702374249
learnedPE_drop,0,4,65.43338372683489
learnedPE_drop,0,4,64.41595662793095
learnedPE_drop,0,4,64.28814908125862
learnedPE_drop,0,4,66.92152057611437
learnedPE_drop,0,4,59.944160289757015
learnedPE_drop,0,4,67.08064877127013
learnedPE_drop,0,4,66.80543068949935
learnedPE_drop,0,4,59.52377402203904
learnedPE_drop,0,4,67.20053447571998
learnedPE_drop,0,4,66.06388130676218
learnedPE_drop,0,4,56.20736126223441
learnedPE_drop,0,4,27.826736044296183
learnedPE_drop,0,4,39.260613859898356
learnedPE_drop,0,4,40.988454337627445
learnedPE_drop,0,4,39.61423267127174
learnedPE_drop,0,4,39.36606676553861
learnedPE_drop,0,4,41.841600469258545
learnedPE_drop,0,4,57.00733129858095
learnedPE_drop,0,4,57.018937249107616
learnedPE_drop,0,4,56.82488984872869
learnedPE_drop,0,4,57.175711898884614
learnedPE_drop,0,4,59.12926330748244
learnedPE_drop,0,4,58.185160528033535
learnedPE_drop,0,4,58.425672208809544
learnedPE_drop,0,4,59.68438971295576
learnedPE_drop,0,4,59.829744305830594
learnedPE_drop,0,4,59.06720371900356
learnedPE_drop,0,4,59.52151405478433
learnedPE_drop,0,4,60.28950059683458
learnedPE_drop,0,4,55.740742696361714
learnedPE_drop,0,4,59.566652174030615
learnedPE_drop,0,4,55.365798246816276
learnedPE_drop,0,4,59.157181546909634
learnedPE_drop,0,4,57.63901875723105
learnedPE_drop,0,4,57.63647840954174
learnedPE_drop,0,4,59.26418133316979
learnedPE_drop,0,4,60.506007348716274
learnedPE_drop,0,4,60.02204181005278
learnedPE_drop,0,4,58.82642295629223
learnedPE_drop,0,4,61.347969623388856
learnedPE_drop,0,4,62.88969806344018
learnedPE_drop,0,4,58.30972517702823
learnedPE_drop,0,4,60.427300599027525
learnedPE_drop,0,4,60.96111635992812
learnedPE_drop,0,4,55.07322095978169
learnedPE_drop,0,4,60.82928245392713
learnedPE_drop,0,4,60.35824564527768
learnedPE_drop,0,4,56.59660367862923
learnedPE_drop,0,4,56.117064281167735
learnedPE_drop,0,4,60.03468544244456
learnedPE_drop,0,4,62.15863909755841
learnedPE_drop,0,4,57.59398074017917
learnedPE_drop,0,4,58.582529562218085
learnedPE_drop,0,4,60.66226935900614
learnedPE_drop,0,4,54.904650260124114
learnedPE_drop,0,4,61.74212543135887
learnedPE_drop,0,4,56.959039917379734
learnedPE_drop,0,4,59.56168298991268
learnedPE_drop,0,4,61.42940607590292
learnedPE_drop,0,4,62.80896172565298
learnedPE_drop,0,4,55.72999223659773
learnedPE_drop,0,4,61.3226753685805
learnedPE_drop,0,4,59.262845409257686
learnedPE_drop,0,4,56.80825887032106
learnedPE_drop,0,4,61.32843762017434
learnedPE_drop,0,4,59.00566394763495
learnedPE_drop,0,4,47.10695225427561
learnedPE_drop,0,4,42.20226201522462
learnedPE_drop,0,4,43.649259163592255
learnedPE_drop,0,4,44.03951665866259
learnedPE_drop,0,4,45.215631759322164
learnedPE_drop,0,4,47.56804198653528
learnedPE_drop,0,4,51.02971930854441
learnedPE_drop,0,4,50.408257553221524
learnedPE_drop,0,4,52.02620752437036
learnedPE_drop,0,4,52.766449498485635
learnedPE_drop,0,4,50.46560844310678
learnedPE_drop,0,4,51.08102811839627
learnedPE_drop,0,4,52.85423670568506
learnedPE_drop,0,4,46.86868397321576
learnedPE_drop,0,4,51.618464000271274
learnedPE_drop,0,4,51.938931837182096
learnedPE_drop,0,4,61.35679100329487
learnedPE_drop,0,4,64.31234098758499
learnedPE_drop,0,4,64.34443390901951
learnedPE_drop,0,4,66.2728917840418
learnedPE_drop,0,4,65.03180608980014
learnedPE_drop,0,4,63.96400816398954
learnedPE_drop,0,4,65.4695553482766
learnedPE_drop,0,4,59.93831738731161
learnedPE_drop,0,4,65.58141149957764
learnedPE_drop,0,4,62.9890320792019
learnedPE_drop,0,4,64.27692275832455
learnedPE_drop,0,4,64.96208647805936
learnedPE_drop,0,4,67.05271958705774
learnedPE_drop,0,4,60.875515959164034
learnedPE_drop,0,4,67.18943648882119
learnedPE_drop,0,4,66.2886989063338
learnedPE_drop,0,4,60.11284466530076
learnedPE_drop,0,4,67.8320896439926
learnedPE_drop,0,4,66.32167639884837
learnedPE_drop,0,4,56.944440942754525
learnedPE_drop,0,4,62.75155256358641
learnedPE_drop,0,4,63.59159840947488
learnedPE_drop,0,4,63.60007762058164
learnedPE_drop,0,4,66.57409241502019
learnedPE_drop,0,4,63.971472795262066
learnedPE_drop,0,4,62.143898749667294
learnedPE_drop,0,4,66.32120282413739
learnedPE_drop,0,4,58.04376258233846
learnedPE_drop,0,4,65.91829438456878
learnedPE_drop,0,4,63.56752073716823
learnedPE_drop,0,4,66.25995962135171
learnedPE_drop,0,4,65.64722312839062
learnedPE_drop,0,4,68.4700069942118
learnedPE_drop,0,4,60.69685576565171
learnedPE_drop,0,4,67.84538398715009
learnedPE_drop,0,4,66.82260383657753
learnedPE_drop,0,4,59.304797935461536
learnedPE_drop,0,4,67.1630304798703
learnedPE_drop,0,4,66.4992132041214
learnedPE_drop,0,4,56.98073103994512
learnedPE_drop,0,4,62.96341681728695
learnedPE_drop,0,4,63.21747239244649
learnedPE_drop,0,4,66.22965044018788
learnedPE_drop,0,4,58.48835516921509
learnedPE_drop,0,4,67.59434361642268
learnedPE_drop,0,4,66.50355394689144
learnedPE_drop,0,4,59.47742751074189
learnedPE_drop,0,4,68.54588581078802
learnedPE_drop,0,4,65.93488273208355
learnedPE_drop,0,4,54.464833723056735
learnedPE_drop,0,4,57.84155733474482
learnedPE_drop,0,4,66.58304985244663
learnedPE_drop,0,4,65.81815591974654
learnedPE_drop,0,4,55.46921698861662
learnedPE_drop,0,4,58.008421206024266
learnedPE_drop,0,5,17.007517248893645
learnedPE_drop,0,5,32.960379655863875
learnedPE_drop,0,5,32.53992866299638
learnedPE_drop,0,5,32.05478317808191
learnedPE_drop,0,5,33.03268397792446
learnedPE_drop,0,5,35.22728966304401
learnedPE_drop,0,5,42.14777958947587
learnedPE_drop,0,5,42.75150307718873
learnedPE_drop,0,5,44.81045344429133
learnedPE_drop,0,5,42.410951399457986
learnedPE_drop,0,5,44.72466676895976
learnedPE_drop,0,5,44.299988790355314
learnedPE_drop,0,5,43.161901315593525
learnedPE_drop,0,5,44.679829893825264
learnedPE_drop,0,5,46.82011558448152
learnedPE_drop,0,5,43.92816705593715
learnedPE_drop,0,5,43.965711187941146
learnedPE_drop,0,5,45.70645060351224
learnedPE_drop,0,5,43.03689712961697
learnedPE_drop,0,5,46.30108474667332
learnedPE_drop,0,5,44.77031724366325
learnedPE_drop,0,5,45.50425191957929
learnedPE_drop,0,5,41.95323232172104
learnedPE_drop,0,5,42.99967408241686
learnedPE_drop,0,5,43.240869769590745
learnedPE_drop,0,5,45.66437173747267
learnedPE_drop,0,5,46.71457319250718
learnedPE_drop,0,5,45.88851985535839
learnedPE_drop,0,5,46.064674673963665
learnedPE_drop,0,5,50.740263225072525
learnedPE_drop,0,5,45.32549939382337
learnedPE_drop,0,5,44.254949120545355
learnedPE_drop,0,5,46.60755424771376
learnedPE_drop,0,5,42.36682547575042
learnedPE_drop,0,5,47.07799269396987
learnedPE_drop,0,5,45.44217800075404
learnedPE_drop,0,5,41.94877051879923
learnedPE_drop,0,5,42.04010364902114
learnedPE_drop,0,5,44.562901283497794
learnedPE_drop,0,5,47.871831975305795
learnedPE_drop,0,5,42.91038703209684
learnedPE_drop,0,5,42.365812794266866
learnedPE_drop,0,5,44.596068130120294
learnedPE_drop,0,5,40.57962510025383
learnedPE_drop,0,5,45.2063226423133
learnedPE_drop,0,5,43.20232522105925
learnedPE_drop,0,5,43.38470401192245
learnedPE_drop,0,5,44.52689972064376
learnedPE_drop,0,5,45.93504961851191
learnedPE_drop,0,5,40.10820272983814
learnedPE_drop,0,5,46.13283026996179
learnedPE_drop,0,5,44.66969650539554
learnedPE_drop,0,5,41.201372962185935
learnedPE_drop,0,5,45.106768637432005
learnedPE_drop,0,5,44.11447438481143
learnedPE_drop,0,5,36.33724513505003
learnedPE_drop,0,5,38.93092740450949
learnedPE_drop,0,5,38.284269861440926
learnedPE_drop,0,5,39.91915473624017
learnedPE_drop,0,5,38.524858199930236
learnedPE_drop,0,5,41.06925258264799
learnedPE_drop,0,5,48.0156472022959
learnedPE_drop,0,5,46.465375214649626
learnedPE_drop,0,5,47.06944354119746
learnedPE_drop,0,5,48.26351589157856
learnedPE_drop,0,5,45.85440353863601
learnedPE_drop,0,5,45.77352065019358
learnedPE_drop,0,5,48.51929567586105
learnedPE_drop,0,5,42.90086854644981
learnedPE_drop,0,5,46.674854753715145
learnedPE_drop,0,5,45.88605350699969
learnedPE_drop,0,5,59.16839372535878
learnedPE_drop,0,5,61.813041357124185
learnedPE_drop,0,5,61.51070250744016
learnedPE_drop,0,5,62.70154159919587
learnedPE_drop,0,5,61.12520251129562
learnedPE_drop,0,5,61.400530112702185
learnedPE_drop,0,5,64.26217182659333
learnedPE_drop,0,5,58.12566442000839
learnedPE_drop,0,5,63.69708261634407
learnedPE_drop,0,5,61.628358988545806
learnedPE_drop,0,5,62.017676471032
learnedPE_drop,0,5,62.26076884282103
learnedPE_drop,0,5,63.33488632872852
learnedPE_drop,0,5,57.97466569636769
learnedPE_drop,0,5,64.83402492905806
learnedPE_drop,0,5,64.31550274010061
learnedPE_drop,0,5,56.05634481207935
learnedPE_drop,0,5,64.48001331806054
learnedPE_drop,0,5,62.31822452296401
learnedPE_drop,0,5,55.11700593828061
learnedPE_drop,0,5,57.648146828502526
learnedPE_drop,0,5,59.840504315821306
learnedPE_drop,0,5,59.27953874137165
learnedPE_drop,0,5,62.46642772978594
learnedPE_drop,0,5,58.561084508873805
learnedPE_drop,0,5,58.760673974676806
learnedPE_drop,0,5,61.47108389184446
learnedPE_drop,0,5,54.395129555965205
learnedPE_drop,0,5,60.61379093772221
learnedPE_drop,0,5,58.64239418553564
learnedPE_drop,0,5,63.962627219749706
learnedPE_drop,0,5,62.722264116905414
learnedPE_drop,0,5,66.73410527352118
learnedPE_drop,0,5,58.27739490452433
learnedPE_drop,0,5,66.34784082793824
learnedPE_drop,0,5,64.75827164047696
learnedPE_drop,0,5,56.364549163480596
learnedPE_drop,0,5,65.09910482032203
learnedPE_drop,0,5,61.402269199661326
learnedPE_drop,0,5,52.90872414376161
learnedPE_drop,0,5,59.184046281156974
learnedPE_drop,0,5,58.6820514635876
learnedPE_drop,0,5,63.05504520469841
learnedPE_drop,0,5,57.06886353501594
learnedPE_drop,0,5,64.88739681607812
learnedPE_drop,0,5,65.36766856930309
learnedPE_drop,0,5,57.08804665787871
learnedPE_drop,0,5,65.66107063853288
learnedPE_drop,0,5,63.08711324120905
learnedPE_drop,0,5,51.69592096311232
learnedPE_drop,0,5,54.92957038367848
learnedPE_drop,0,5,62.267761753769776
learnedPE_drop,0,5,60.973858717085015
learnedPE_drop,0,5,52.74373754901758
learnedPE_drop,0,5,51.886337847443095
learnedPE_drop,0,5,23.94959155092972
learnedPE_drop,0,5,28.610926706523237
learnedPE_drop,0,5,25.703571287757075
learnedPE_drop,0,5,27.223471618978685
learnedPE_drop,0,5,28.51677833790479
learnedPE_drop,0,5,38.662512962897615
learnedPE_drop,0,5,37.56828998083894
learnedPE_drop,0,5,38.65966691700221
learnedPE_drop,0,5,39.2175834732786
learnedPE_drop,0,5,38.98841204693341
learnedPE_drop,0,5,39.42250879879585
learnedPE_drop,0,5,41.87048762405442
learnedPE_drop,0,5,35.81472389906686
learnedPE_drop,0,5,39.344689711205454
learnedPE_drop,0,5,37.41256470285716
learnedPE_drop,0,5,53.82305839494063
learnedPE_drop,0,5,53.41946555605932
learnedPE_drop,0,5,55.48174397779185
learnedPE_drop,0,5,56.486274754753914
learnedPE_drop,0,5,55.73451028521168
learnedPE_drop,0,5,55.36915795303797
learnedPE_drop,0,5,57.47561783637972
learnedPE_drop,0,5,51.24414074627036
learnedPE_drop,0,5,56.66492914827699
learnedPE_drop,0,5,51.78025933514306
learnedPE_drop,0,5,57.52959886859272
learnedPE_drop,0,5,57.46905323972036
learnedPE_drop,0,5,58.94407074739737
learnedPE_drop,0,5,53.38413064438509
learnedPE_drop,0,5,57.08376260277422
learnedPE_drop,0,5,55.86605098974976
learnedPE_drop,0,5,53.86697203732208
learnedPE_drop,0,5,58.19829548204579
learnedPE_drop,0,5,54.913790903144495
learnedPE_drop,0,5,42.265311442493086
learnedPE_drop,0,5,54.71457034778105
learnedPE_drop,0,5,54.27425225512257
learnedPE_drop,0,5,57.753604128870776
learnedPE_drop,0,5,60.66784537366401
learnedPE_drop,0,5,55.55035048109602
learnedPE_drop,0,5,56.29601056733906
learnedPE_drop,0,5,56.749023139912424
learnedPE_drop,0,5,52.32764474689926
learnedPE_drop,0,5,59.21959330604314
learnedPE_drop,0,5,57.3840702514483
learnedPE_drop,0,5,58.208487111840945
learnedPE_drop,0,5,59.000379232788546
learnedPE_drop,0,5,60.41601692952595
learnedPE_drop,0,5,54.7906044748065
learnedPE_drop,0,5,59.39322532012352
learnedPE_drop,0,5,60.000499200348656
learnedPE_drop,0,5,53.32767403426618
learnedPE_drop,0,5,58.15717070036368
learnedPE_drop,0,5,59.66458910003871
learnedPE_drop,0,5,46.96917212538755
learnedPE_drop,0,5,51.65908940676251
learnedPE_drop,0,5,53.52727259372598
learnedPE_drop,0,5,56.2796386104975
learnedPE_drop,0,5,50.667746978336716
learnedPE_drop,0,5,56.95232669302794
learnedPE_drop,0,5,55.40223835400583
learnedPE_drop,0,5,51.24319663970102
learnedPE_drop,0,5,57.7102089405895
learnedPE_drop,0,5,54.434458122981326
learnedPE_drop,0,5,42.940666976574
learnedPE_drop,0,5,53.21920690075718
learnedPE_drop,0,5,59.22358369201697
learnedPE_drop,0,5,57.43245978974394
learnedPE_drop,0,5,42.85511656949792
learnedPE_drop,0,5,46.140043092451734
learnedPE_drop,0,5,38.577756397571456
learnedPE_drop,0,5,40.13252729462063
learnedPE_drop,0,5,40.07989616152928
learnedPE_drop,0,5,43.97985208074993
learnedPE_drop,0,5,42.17511051801302
learnedPE_drop,0,5,42.597456945234924
learnedPE_drop,0,5,44.41859470649097
learnedPE_drop,0,5,39.71724942619018
learnedPE_drop,0,5,44.888174409180145
learnedPE_drop,0,5,43.6948531100879
learnedPE_drop,0,5,48.15653433642622
learnedPE_drop,0,5,48.204943636219504
learnedPE_drop,0,5,49.95084269169804
learnedPE_drop,0,5,45.55123097319866
learnedPE_drop,0,5,49.82031451207526
learnedPE_drop,0,5,50.06073018680492
learnedPE_drop,0,5,44.71939975184834
learnedPE_drop,0,5,49.35109902377606
learnedPE_drop,0,5,49.24700439354166
learnedPE_drop,0,5,42.533323907313026
learnedPE_drop,0,5,60.11933299742436
learnedPE_drop,0,5,59.81722808210422
learnedPE_drop,0,5,60.426324526829845
learnedPE_drop,0,5,57.35010481479169
learnedPE_drop,0,5,63.73377675386646
learnedPE_drop,0,5,61.87464442129823
learnedPE_drop,0,5,58.81997527926076
learnedPE_drop,0,5,63.245324878764976
learnedPE_drop,0,5,62.4268635697644
learnedPE_drop,0,5,51.73610004496903
learnedPE_drop,0,5,56.144040511526946
learnedPE_drop,0,5,64.41870245768601
learnedPE_drop,0,5,64.22164524093519
learnedPE_drop,0,5,54.69982247929796
learnedPE_drop,0,5,56.145262115337964
learnedPE_drop,0,5,60.783247997469125
learnedPE_drop,0,5,59.02251659489593
learnedPE_drop,0,5,62.52722950437377
learnedPE_drop,0,5,55.33721896288705
learnedPE_drop,0,5,64.53120332259307
learnedPE_drop,0,5,62.529760880400936
learnedPE_drop,0,5,55.7907206780214
learnedPE_drop,0,5,63.275055144744556
learnedPE_drop,0,5,61.793611240229545
learnedPE_drop,0,5,51.712483922416084
learnedPE_drop,0,5,56.671939957096164
learnedPE_drop,0,5,65.59467900314407
learnedPE_drop,0,5,63.6748349393781
learnedPE_drop,0,5,54.69048942883912
learnedPE_drop,0,5,55.11094964466668
learnedPE_drop,0,5,54.53038153271048
learnedPE_drop,0,5,62.92172206430952
learnedPE_drop,0,5,62.230856632950356
learnedPE_drop,0,5,52.48944473337421
learnedPE_drop,0,5,53.83724332266913
learnedPE_drop,0,5,43.688358009764265
learnedPE_drop,0,6,13.070825047944284
learnedPE_drop,0,6,18.789054519956323
learnedPE_drop,0,6,14.880933852163794
learnedPE_drop,0,6,18.079831057745604
learnedPE_drop,0,6,18.31727641810505
learnedPE_drop,0,6,30.06277960345244
learnedPE_drop,0,6,29.187584878486458
learnedPE_drop,0,6,29.515476638610007
learnedPE_drop,0,6,32.125658631163176
learnedPE_drop,0,6,30.82329479128722
learnedPE_drop,0,6,30.68480440944839
learnedPE_drop,0,6,31.901006218871192
learnedPE_drop,0,6,29.43352071740266
learnedPE_drop,0,6,31.181595015799793
learnedPE_drop,0,6,31.023124283845174
learnedPE_drop,0,6,37.59373479249342
learnedPE_drop,0,6,40.092855037342304
learnedPE_drop,0,6,39.389423595494996
learnedPE_drop,0,6,43.03985157670376
learnedPE_drop,0,6,42.32233374539417
learnedPE_drop,0,6,38.92789114920687
learnedPE_drop,0,6,42.804033308407995
learnedPE_drop,0,6,39.32565604610485
learnedPE_drop,0,6,44.459313013966366
learnedPE_drop,0,6,39.44253830558528
learnedPE_drop,0,6,40.73131489461347
learnedPE_drop,0,6,40.55753316979677
learnedPE_drop,0,6,42.11543774252503
learnedPE_drop,0,6,39.047597765151075
learnedPE_drop,0,6,44.33408566198484
learnedPE_drop,0,6,40.974602468462635
learnedPE_drop,0,6,40.18840108895431
learnedPE_drop,0,6,43.20337059996822
learnedPE_drop,0,6,39.90495391854152
learnedPE_drop,0,6,33.078307526659394
learnedPE_drop,0,6,39.513329296537314
learnedPE_drop,0,6,39.08650681072819
learnedPE_drop,0,6,41.45522921725085
learnedPE_drop,0,6,45.89480510963589
learnedPE_drop,0,6,40.39699532937284
learnedPE_drop,0,6,39.321486510411724
learnedPE_drop,0,6,41.120817731252416
learnedPE_drop,0,6,38.047860562019764
learnedPE_drop,0,6,42.93118749594601
learnedPE_drop,0,6,38.79558796519172
learnedPE_drop,0,6,43.24598527945107
learnedPE_drop,0,6,41.54861543413433
learnedPE_drop,0,6,45.87571927767432
learnedPE_drop,0,6,38.84455498823536
learnedPE_drop,0,6,44.7206563151339
learnedPE_drop,0,6,44.17715291226095
learnedPE_drop,0,6,38.938665362101986
learnedPE_drop,0,6,42.64914028910933
learnedPE_drop,0,6,40.71417204835648
learnedPE_drop,0,6,32.19663585458944
learnedPE_drop,0,6,35.755537013379154
learnedPE_drop,0,6,37.89824449144341
learnedPE_drop,0,6,39.94088708263524
learnedPE_drop,0,6,36.78514716380213
learnedPE_drop,0,6,39.04337875973686
learnedPE_drop,0,6,42.99272277081032
learnedPE_drop,0,6,35.61098366439781
learnedPE_drop,0,6,39.295980406061744
learnedPE_drop,0,6,37.0625146212816
learnedPE_drop,0,6,31.035890975398274
learnedPE_drop,0,6,35.338071120477686
learnedPE_drop,0,6,38.611826443067606
learnedPE_drop,0,6,38.74130833707181
learnedPE_drop,0,6,23.245689785092146
learnedPE_drop,0,6,25.917938531799756
learnedPE_drop,0,6,30.37994551562037
learnedPE_drop,0,6,34.76770396024387
learnedPE_drop,0,6,34.92120184297868
learnedPE_drop,0,6,37.5771589659097
learnedPE_drop,0,6,36.881647746263056
learnedPE_drop,0,6,36.187407983753516
learnedPE_drop,0,6,38.17269914210193
learnedPE_drop,0,6,35.39595508503536
learnedPE_drop,0,6,40.67441190856456
learnedPE_drop,0,6,36.99622408695029
learnedPE_drop,0,6,43.62219051304263
learnedPE_drop,0,6,42.686562793423725
learnedPE_drop,0,6,46.15730405154312
learnedPE_drop,0,6,38.93786562933542
learnedPE_drop,0,6,45.25392279749475
learnedPE_drop,0,6,43.7656567405677
learnedPE_drop,0,6,40.965282036905634
learnedPE_drop,0,6,43.88788102427885
learnedPE_drop,0,6,43.80062424053364
learnedPE_drop,0,6,38.82793348095949
learnedPE_drop,0,6,57.40067769684324
learnedPE_drop,0,6,55.70152835633489
learnedPE_drop,0,6,57.55634944714854
learnedPE_drop,0,6,55.5453270440051
learnedPE_drop,0,6,59.81625217987772
learnedPE_drop,0,6,60.572964737374186
learnedPE_drop,0,6,54.798082554628365
learnedPE_drop,0,6,60.87962626562905
learnedPE_drop,0,6,60.91548435801604
learnedPE_drop,0,6,51.436174133716065
learnedPE_drop,0,6,52.05488378185654
learnedPE_drop,0,6,60.921611480456
learnedPE_drop,0,6,59.96890889123152
learnedPE_drop,0,6,51.06854567702812
learnedPE_drop,0,6,50.81097373209267
learnedPE_drop,0,6,55.14312522612998
learnedPE_drop,0,6,53.78427154509394
learnedPE_drop,0,6,57.43022017331183
learnedPE_drop,0,6,51.91424540753943
learnedPE_drop,0,6,59.35471839750705
learnedPE_drop,0,6,58.52444960562797
learnedPE_drop,0,6,50.87193652624667
learnedPE_drop,0,6,58.36184467688776
learnedPE_drop,0,6,55.876570051242425
learnedPE_drop,0,6,48.582524042237274
learnedPE_drop,0,6,53.12447260575014
learnedPE_drop,0,6,62.3469285291972
learnedPE_drop,0,6,58.88407942380318
learnedPE_drop,0,6,52.48912792414131
learnedPE_drop,0,6,49.224832963833514
learnedPE_drop,0,6,50.218331776295976
learnedPE_drop,0,6,55.74845661440663
learnedPE_drop,0,6,56.980087531193696
learnedPE_drop,0,6,49.97436847102403
learnedPE_drop,0,6,50.01465048497108
learnedPE_drop,0,6,29.774051908750206
learnedPE_drop,0,6,21.76916079832078
learnedPE_drop,0,6,20.303723637776816
learnedPE_drop,0,6,24.400273498400022
learnedPE_drop,0,6,24.224795317981656
learnedPE_drop,0,6,26.312613207534127
learnedPE_drop,0,6,26.678546276799384
learnedPE_drop,0,6,29.04116982376604
learnedPE_drop,0,6,22.62861157096102
learnedPE_drop,0,6,25.40317932086513
learnedPE_drop,0,6,24.73467241810155
learnedPE_drop,0,6,36.503218840333446
learnedPE_drop,0,6,37.30158562350454
learnedPE_drop,0,6,38.636897304667734
learnedPE_drop,0,6,35.29680911315278
learnedPE_drop,0,6,36.47331698811894
learnedPE_drop,0,6,36.61958694287249
learnedPE_drop,0,6,35.59878239053942
learnedPE_drop,0,6,39.11028411119743
learnedPE_drop,0,6,38.3336915326037
learnedPE_drop,0,6,27.224552703155407
learnedPE_drop,0,6,49.4936585186518
learnedPE_drop,0,6,51.188635824799505
learnedPE_drop,0,6,53.699727196886386
learnedPE_drop,0,6,49.05090576648539
learnedPE_drop,0,6,52.27004030931173
learnedPE_drop,0,6,50.958286807480484
learnedPE_drop,0,6,50.19963574988988
learnedPE_drop,0,6,55.12480401736828
learnedPE_drop,0,6,50.828193863349334
learnedPE_drop,0,6,37.444248895086375
learnedPE_drop,0,6,51.004876847473156
learnedPE_drop,0,6,56.5199380141616
learnedPE_drop,0,6,54.626509970647284
learnedPE_drop,0,6,42.20945724224028
learnedPE_drop,0,6,42.860960320524555
learnedPE_drop,0,6,48.422111503514245
learnedPE_drop,0,6,50.86868368230916
learnedPE_drop,0,6,53.93274734432128
learnedPE_drop,0,6,49.330850350974934
learnedPE_drop,0,6,56.670327057902206
learnedPE_drop,0,6,55.14319770306145
learnedPE_drop,0,6,49.211154296670756
learnedPE_drop,0,6,56.08051856123108
learnedPE_drop,0,6,52.33678145291742
learnedPE_drop,0,6,40.07003347913212
learnedPE_drop,0,6,51.214828163550315
learnedPE_drop,0,6,57.636317002435796
learnedPE_drop,0,6,58.140751568308026
learnedPE_drop,0,6,45.932743759606474
learnedPE_drop,0,6,45.182548768952984
learnedPE_drop,0,6,44.07776388475117
learnedPE_drop,0,6,50.38338506019817
learnedPE_drop,0,6,46.78744800773698
learnedPE_drop,0,6,37.32787531930022
learnedPE_drop,0,6,38.38072715181426
learnedPE_drop,0,6,28.15355496505378
learnedPE_drop,0,6,32.588068736468294
learnedPE_drop,0,6,34.31374424346503
learnedPE_drop,0,6,36.82662041251332
learnedPE_drop,0,6,34.08276080097452
learnedPE_drop,0,6,38.681305081820405
learnedPE_drop,0,6,38.32996824377706
learnedPE_drop,0,6,37.462782402418284
learnedPE_drop,0,6,41.031065489160575
learnedPE_drop,0,6,39.39192705742914
learnedPE_drop,0,6,33.370224645458684
learnedPE_drop,0,6,39.580220036810736
learnedPE_drop,0,6,45.62207483318793
learnedPE_drop,0,6,45.79190846142516
learnedPE_drop,0,6,40.43958374504084
learnedPE_drop,0,6,41.457621051179004
learnedPE_drop,0,6,51.88064814488984
learnedPE_drop,0,6,57.91342496688544
learnedPE_drop,0,6,58.01595314754588
learnedPE_drop,0,6,50.20340496933958
learnedPE_drop,0,6,53.441543550713455
learnedPE_drop,0,6,41.668605901218896
learnedPE_drop,0,6,50.89355657067034
learnedPE_drop,0,6,59.38988872056153
learnedPE_drop,0,6,56.49050158931999
learnedPE_drop,0,6,47.62935229115453
learnedPE_drop,0,6,51.83367234158656
learnedPE_drop,0,6,43.453118236004904
learnedPE_drop,0,6,40.57968462159772
wavePE_drop,0,0,69.60652247439741
wavePE_drop,0,1,68.1744108860955
wavePE_drop,0,1,63.1240967872676
wavePE_drop,0,1,68.64774946288928
wavePE_drop,0,1,69.45807982717287
wavePE_drop,0,1,67.52954644963204
wavePE_drop,0,1,69.42948468977818
wavePE_drop,0,1,68.10156345041685
wavePE_drop,0,1,70.81534086236749
wavePE_drop,0,1,66.786014443977
wavePE_drop,0,1,70.73789360220756
wavePE_drop,0,2,52.76211150907812
wavePE_drop,0,2,66.95208157112515
wavePE_drop,0,2,67.23871770079117
wavePE_drop,0,2,67.68422632575263
wavePE_drop,0,2,68.70540538111912
wavePE_drop,0,2,65.35024622291216
wavePE_drop,0,2,69.39548893881657
wavePE_drop,0,2,65.57959556344375
wavePE_drop,0,2,70.05721382901274
wavePE_drop,0,2,61.17289358334693
wavePE_drop,0,2,62.69446651643292
wavePE_drop,0,2,61.726320508664024
wavePE_drop,0,2,60.65706595175966
wavePE_drop,0,2,61.852804802254795
wavePE_drop,0,2,61.80892740778215
wavePE_drop,0,2,59.10958051689319
wavePE_drop,0,2,62.516412040694355
wavePE_drop,0,2,61.68648942869538
wavePE_drop,0,2,65.69238904919331
wavePE_drop,0,2,67.95735923164521
wavePE_drop,0,2,65.9598190529508
wavePE_drop,0,2,68.02669126507128
wavePE_drop,0,2,65.58621258254999
wavePE_drop,0,2,69.08884799169961
wavePE_drop,0,2,63.53643517620565
wavePE_drop,0,2,68.05514358560369
wavePE_drop,0,2,66.64723963550712
wavePE_drop,0,2,70.55293935326462
wavePE_drop,0,2,65.68027277166584
wavePE_drop,0,2,70.48312034381836
wavePE_drop,0,2,66.23612954302406
wavePE_drop,0,2,64.64822221411295
wavePE_drop,0,2,68.69338733405708
wavePE_drop,0,2,63.333475869907424
wavePE_drop,0,2,67.85623555742765
wavePE_drop,0,2,63.58208243356877
wavePE_drop,0,2,69.21391501263403
wavePE_drop,0,2,66.1927088100335
wavePE_drop,0,2,70.34071797623294
wavePE_drop,0,2,67.61781543987779
wavePE_drop,0,2,65.72825871701859
wavePE_drop,0,2,67.42363548377683
wavePE_drop,0,2,61.14837932854109
wavePE_drop,0,2,72.08462885757476
wavePE_drop,0,2,66.45665883999366
wavePE_drop,0,3,47.021210154948754
wavePE_drop,0,3,50.721678282926746
wavePE_drop,0,3,50.67204849295371
wavePE_drop,0,3,46.91707266302705
wavePE_drop,0,3,51.042426614338126
wavePE_drop,0,3,49.80129696884906
wavePE_drop,0,3,49.47326562080078
wavePE_drop,0,3,52.98045086315689
wavePE_drop,0,3,57.97329144356345
wavePE_drop,0,3,66.59008638614738
wavePE_drop,0,3,66.25330486046389
wavePE_drop,0,3,63.82459138448445
wavePE_drop,0,3,66.84063731424848
wavePE_drop,0,3,65.41798050697138
wavePE_drop,0,3,67.58852192755604
wavePE_drop,0,3,60.604916127015244
wavePE_drop,0,3,66.767453595712
wavePE_drop,0,3,64.24585193757413
wavePE_drop,0,3,66.41279194854879
wavePE_drop,0,3,63.05237601736288
wavePE_drop,0,3,67.61031746516274
wavePE_drop,0,3,65.59696324213188
wavePE_drop,0,3,62.72839716949415
wavePE_drop,0,3,68.27379181274492
wavePE_drop,0,3,62.78009100928222
wavePE_drop,0,3,69.00438380148587
wavePE_drop,0,3,61.15752031526216
wavePE_drop,0,3,67.79983965802026
wavePE_drop,0,3,63.69110910282733
wavePE_drop,0,3,69.6288394934119
wavePE_drop,0,3,64.32461643191517
wavePE_drop,0,3,61.32865358689211
wavePE_drop,0,3,65.42514346356546
wavePE_drop,0,3,58.7713395354411
wavePE_drop,0,3,68.84999991827148
wavePE_drop,0,3,62.08539076988579
wavePE_drop,0,3,47.120346610195156
wavePE_drop,0,3,58.80790104681729
wavePE_drop,0,3,58.89756204193635
wavePE_drop,0,3,60.1286896595118
wavePE_drop,0,3,59.96326548916494
wavePE_drop,0,3,57.14163471359753
wavePE_drop,0,3,60.50263537115232
wavePE_drop,0,3,58.518990404885564
wavePE_drop,0,3,61.046223415877236
wavePE_drop,0,3,61.27686183785454
wavePE_drop,0,3,61.07261797344993
wavePE_drop,0,3,59.09277723254297
wavePE_drop,0,3,62.517054993893034
wavePE_drop,0,3,59.34882956439391
wavePE_drop,0,3,59.758663911743085
wavePE_drop,0,3,60.75476871337761
wavePE_drop,0,3,56.77811772252681
wavePE_drop,0,3,61.73850582209148
wavePE_drop,0,3,53.82605451255904
wavePE_drop,0,3,58.71583480250068
wavePE_drop,0,3,57.21862020580077
wavePE_drop,0,3,61.11198297189171
wavePE_drop,0,3,60.41303368350159
wavePE_drop,0,3,58.56568658957497
wavePE_drop,0,3,61.96279515231908
wavePE_drop,0,3,55.67831532681254
wavePE_drop,0,3,61.8343845721137
wavePE_drop,0,3,56.400842449803136
wavePE_drop,0,3,51.6975906856302
wavePE_drop,0,3,61.19536133102826
wavePE_drop,0,3,58.0109979688604
wavePE_drop,0,3,60.74464847843073
wavePE_drop,0,3,58.74637345264182
wavePE_drop,0,3,62.524232448660655
wavePE_drop,0,3,64.35375896598237
wavePE_drop,0,3,62.19293328612004
wavePE_drop,0,3,66.32278175150638
wavePE_drop,0,3,61.53386163393181
wavePE_drop,0,3,67.79264801207718
wavePE_drop,0,3,63.11529814532338
wavePE_drop,0,3,67.94499336681537
wavePE_drop,0,3,65.65817016494528
wavePE_drop,0,3,70.5494472113464
wavePE_drop,0,3,65.58524420360757
wavePE_drop,0,3,63.76205250797109
wavePE_drop,0,3,65.9226778264079
wavePE_drop,0,3,59.507736842253586
wavePE_drop,0,3,69.6214983290308
wavePE_drop,0,3,65.02935780223896
wavePE_drop,0,3,61.285195876002845
wavePE_drop,0,3,62.328036080255366
wavePE_drop,0,3,65.456942159663
wavePE_drop,0,3,60.102482567667174
wavePE_drop,0,3,63.19926885528479
wavePE_drop,0,3,61.359118575015486
wavePE_drop,0,3,69.0529237958382
wavePE_drop,0,3,65.34399708653142
wavePE_drop,0,3,69.35492740905777
wavePE_drop,0,3,65.77771361403805
wavePE_drop,0,3,63.85250801754214
wavePE_drop,0,3,66.09172401346783
wavePE_drop,0,3,63.90957851577081
wavePE_drop,0,3,70.51761960264585
wavePE_drop,0,3,64.0800523028472
wavePE_drop,0,3,53.609414009758474
wavePE_drop,0,3,66.97209611809946
wavePE_drop,0,3,62.50165508826445
wavePE_drop,0,3,67.17814729094161
wavePE_drop,0,3,64.44838999970939
wavePE_drop,0,3,61.832601017421965
wavePE_drop,0,3,64.46388264902313
wavePE_drop,0,3,58.494802575568144
wavePE_drop,0,3,70.52285900940917
wavePE_drop,0,3,63.95882821241916
wavePE_drop,0,3,58.87459473114004
wavePE_drop,0,3,61.85981498902516
wavePE_drop,0,3,62.51765260253445
wavePE_drop,0,3,57.44023782762407
wavePE_drop,0,3,71.08252128674467
wavePE_drop,0,3,65.67434082931511
wavePE_drop,0,3,58.24089814714413
wavePE_drop,0,3,67.11242256859073
wavePE_drop,0,3,61.25909183834198
wavePE_drop,0,3,44.4086395210169
wavePE_drop,0,4,33.849447387900895
wavePE_drop,0,4,45.383268903766506
wavePE_drop,0,4,43.55465380489204
wavePE_drop,0,4,45.53295951782144
wavePE_drop,0,4,46.05935803286741
wavePE_drop,0,4,44.57259183361607
wavePE_drop,0,4,47.43812248480892
wavePE_drop,0,4,45.05206568965907
wavePE_drop,0,4,45.92333938650985
wavePE_drop,0,4,47.92410593222426
wavePE_drop,0,4,47.451301865568375
wavePE_drop,0,4,47.372105013829504
wavePE_drop,0,4,50.282895183475
wavePE_drop,0,4,46.403775633126195
wavePE_drop,0,4,49.76451353836571
wavePE_drop,0,4,47.90410520327417
wavePE_drop,0,4,43.10731969486345
wavePE_drop,0,4,49.91363061569472
wavePE_drop,0,4,39.29943513396661
wavePE_drop,0,4,42.43290738293622
wavePE_drop,0,4,44.504937501608296
wavePE_drop,0,4,47.5815808125904
wavePE_drop,0,4,47.79918717570172
wavePE_drop,0,4,47.49468843653817
wavePE_drop,0,4,51.72238461971079
wavePE_drop,0,4,41.52432654579308
wavePE_drop,0,4,48.762723598561955
wavePE_drop,0,4,41.69452124315527
wavePE_drop,0,4,44.84020286131145
wavePE_drop,0,4,57.42941608249293
wavePE_drop,0,4,55.39733034436066
wavePE_drop,0,4,55.19706133162534
wavePE_drop,0,4,55.42028989066343
wavePE_drop,0,4,57.378647956906846
wavePE_drop,0,4,63.999148042936966
wavePE_drop,0,4,59.53470092257424
wavePE_drop,0,4,66.64414070796632
wavePE_drop,0,4,61.73036454805952
wavePE_drop,0,4,65.72792387453634
wavePE_drop,0,4,59.393143268384854
wavePE_drop,0,4,65.44913386224243
wavePE_drop,0,4,64.34553971978087
wavePE_drop,0,4,67.95965058086723
wavePE_drop,0,4,62.01962675384759
wavePE_drop,0,4,60.46829414369058
wavePE_drop,0,4,62.35263221899197
wavePE_drop,0,4,58.15989257102736
wavePE_drop,0,4,66.60555634917252
wavePE_drop,0,4,60.58510788887785
wavePE_drop,0,4,57.82958541756703
wavePE_drop,0,4,58.69159699861781
wavePE_drop,0,4,61.726912064884985
wavePE_drop,0,4,56.478283822806425
wavePE_drop,0,4,61.3985566150615
wavePE_drop,0,4,58.63676390280891
wavePE_drop,0,4,66.03083179158425
wavePE_drop,0,4,62.91976333140297
wavePE_drop,0,4,66.78246032579894
wavePE_drop,0,4,62.46647293624847
wavePE_drop,0,4,61.39784496544407
wavePE_drop,0,4,63.948057500490584
wavePE_drop,0,4,60.051017191308084
wavePE_drop,0,4,66.56435901404188
wavePE_drop,0,4,57.919718270483884
wavePE_drop,0,4,49.418517295113865
wavePE_drop,0,4,66.47040878044905
wavePE_drop,0,4,59.976562091535
wavePE_drop,0,4,66.42488253421571
wavePE_drop,0,4,62.705796869880594
wavePE_drop,0,4,57.92078486773257
wavePE_drop,0,4,63.59558265689565
wavePE_drop,0,4,57.453750372781535
wavePE_drop,0,4,67.57026074407041
wavePE_drop,0,4,59.415203373574954
wavePE_drop,0,4,54.640987114323195
wavePE_drop,0,4,56.03137147023516
wavePE_drop,0,4,59.08370138382859
wavePE_drop,0,4,54.15341704597576
wavePE_drop,0,4,66.97561527811084
wavePE_drop,0,4,62.955516756355564
wavePE_drop,0,4,54.7093166556682
wavePE_drop,0,4,65.354060806876
wavePE_drop,0,4,58.70298732172889
wavePE_drop,0,4,36.49265704096411
wavePE_drop,0,4,33.78541769218095
wavePE_drop,0,4,45.75193599317996
wavePE_drop,0,4,46.448572612501735
wavePE_drop,0,4,42.83788702988484
wavePE_drop,0,4,46.129215658605666
wavePE_drop,0,4,48.10899789364385
wavePE_drop,0,4,56.68010258107439
wavePE_drop,0,4,56.517358052865504
wavePE_drop,0,4,58.046460560690875
wavePE_drop,0,4,53.97471889953001
wavePE_drop,0,4,59.1595996537488
wavePE_drop,0,4,52.77292142350456
wavePE_drop,0,4,56.69757266712718
wavePE_drop,0,4,55.154821421467034
wavePE_drop,0,4,59.532971161403076
wavePE_drop,0,4,59.31908470814926
wavePE_drop,0,4,56.47066522270608
wavePE_drop,0,4,60.82393765118059
wavePE_drop,0,4,53.41699734309749
wavePE_drop,0,4,60.3183121268852
wavePE_drop,0,4,52.52536217708403
wavePE_drop,0,4,55.704195306356596
wavePE_drop,0,4,55.024435072299084
wavePE_drop,0,4,57.39123783312008
wavePE_drop,0,4,53.15386300194411
wavePE_drop,0,4,58.17496455956325
wavePE_drop,0,4,52.65194073917036
wavePE_drop,0,4,58.404872425975285
wavePE_drop,0,4,56.33829395144354
wavePE_drop,0,4,61.88601109580362
wavePE_drop,0,4,59.126315524589494
wavePE_drop,0,4,56.867728390461465
wavePE_drop,0,4,60.82581185414876
wavePE_drop,0,4,55.555925955147124
wavePE_drop,0,4,60.42378019604404
wavePE_drop,0,4,53.17825140496857
wavePE_drop,0,4,44.146422222996186
wavePE_drop,0,4,56.70027508721554
wavePE_drop,0,4,55.11938501841009
wavePE_drop,0,4,59.43222336543749
wavePE_drop,0,4,58.08179718631374
wavePE_drop,0,4,54.72679040005938
wavePE_drop,0,4,59.693383761777675
wavePE_drop,0,4,53.4817933248268
wavePE_drop,0,4,60.7386984500694
wavePE_drop,0,4,53.86048805396378
wavePE_drop,0,4,48.432918227793145
wavePE_drop,0,4,53.33969111513782
wavePE_drop,0,4,54.66505357633445
wavePE_drop,0,4,51.24227156872564
wavePE_drop,0,4,58.831772699346224
wavePE_drop,0,4,54.98883328822908
wavePE_drop,0,4,53.69838001050148
wavePE_drop,0,4,60.131709646549574
wavePE_drop,0,4,55.70862238885432
wavePE_drop,0,4,34.09903002696858
wavePE_drop,0,4,45.09663823987198
wavePE_drop,0,4,47.26285982240569
wavePE_drop,0,4,50.321898198323375
wavePE_drop,0,4,47.76193050610902
wavePE_drop,0,4,52.312987572046914
wavePE_drop,0,4,52.01576585745699
wavePE_drop,0,4,59.772642013734995
wavePE_drop,0,4,58.19940568476682
wavePE_drop,0,4,63.031759887448956
wavePE_drop,0,4,55.428254090782616
wavePE_drop,0,4,55.505174979277264
wavePE_drop,0,4,57.47827467569222
wavePE_drop,0,4,56.703215953229076
wavePE_drop,0,4,61.62933381295143
wavePE_drop,0,4,56.79551192204565
wavePE_drop,0,4,52.654465864382004
wavePE_drop,0,4,64.81139537043923
wavePE_drop,0,4,59.529133079571864
wavePE_drop,0,4,67.0232799397767
wavePE_drop,0,4,62.07001502425739
wavePE_drop,0,4,58.88321315623539
wavePE_drop,0,4,62.15664084115241
wavePE_drop,0,4,56.40768059254937
wavePE_drop,0,4,67.8241184618876
wavePE_drop,0,4,61.43646105208038
wavePE_drop,0,4,56.692621526118714
wavePE_drop,0,4,61.06837944883256
wavePE_drop,0,4,62.79760437713598
wavePE_drop,0,4,56.29184443377214
wavePE_drop,0,4,68.60851245816485
wavePE_drop,0,4,64.72941190838014
wavePE_drop,0,4,55.53055247303989
wavePE_drop,0,4,64.76291688816889
wavePE_drop,0,4,60.95808019506813
wavePE_drop,0,4,43.925512911482215
wavePE_drop,0,4,50.20083091473855
wavePE_drop,0,4,62.9994684324692
wavePE_drop,0,4,58.049048644794645
wavePE_drop,0,4,62.46404532929357
wavePE_drop,0,4,62.643336169933605
wavePE_drop,0,4,58.643917608814796
wavePE_drop,0,4,61.82559896638885
wavePE_drop,0,4,57.38285075413459
wavePE_drop,0,4,65.78937754764875
wavePE_drop,0,4,56.56697374049795
wavePE_drop,0,4,57.42282780628005
wavePE_drop,0,4,59.919394925962884
wavePE_drop,0,4,60.8039006484781
wavePE_drop,0,4,59.68515424393659
wavePE_drop,0,4,69.42366172045463
wavePE_drop,0,4,64.45464167570277
wavePE_drop,0,4,58.7259582109054
wavePE_drop,0,4,66.20969816961873
wavePE_drop,0,4,60.28481884630211
wavePE_drop,0,4,44.45205710104715
wavePE_drop,0,4,43.53182960137854
wavePE_drop,0,4,55.360304938858675
wavePE_drop,0,4,52.394549128793074
wavePE_drop,0,4,54.302186900162056
wavePE_drop,0,4,69.27893513689038
wavePE_drop,0,4,63.886554879653936
wavePE_drop,0,4,53.8890104811019
wavePE_drop,0,4,64.74620360985814
wavePE_drop,0,4,58.83235225156083
wavePE_drop,0,4,41.74865403775424
wavePE_drop,0,4,52.0362716987063
wavePE_drop,0,4,59.321407070383955
wavePE_drop,0,4,59.12115596557648
wavePE_drop,0,4,37.553048066672254
wavePE_drop,0,4,39.45551909719476
wavePE_drop,0,5,24.847703867477794
wavePE_drop,0,5,30.36469644731701
wavePE_drop,0,5,31.271497685583125
wavePE_drop,0,5,30.093302320604334
wavePE_drop,0,5,31.41552586917194
wavePE_drop,0,5,32.67720359670813
wavePE_drop,0,5,40.61767775687537
wavePE_drop,0,5,43.15343976971328
wavePE_drop,0,5,45.190003863535004
wavePE_drop,0,5,40.7306025365383
wavePE_drop,0,5,46.64960703329212
wavePE_drop,0,5,36.214419258306755
wavePE_drop,0,5,40.31188827748922
wavePE_drop,0,5,40.81906692864373
wavePE_drop,0,5,44.211813788789755
wavePE_drop,0,5,42.69585800835897
wavePE_drop,0,5,43.282095760419644
wavePE_drop,0,5,45.81325912192163
wavePE_drop,0,5,37.35889672112588
wavePE_drop,0,5,45.47007583111016
wavePE_drop,0,5,36.74326019912642
wavePE_drop,0,5,42.00874644903069
wavePE_drop,0,5,42.07747757003504
wavePE_drop,0,5,44.13083623414098
wavePE_drop,0,5,35.649387429534265
wavePE_drop,0,5,45.32119345367961
wavePE_drop,0,5,36.36681700891009
wavePE_drop,0,5,40.470225668936486
wavePE_drop,0,5,43.162914246375195
wavePE_drop,0,5,46.25208130316088
wavePE_drop,0,5,43.89852593108706
wavePE_drop,0,5,43.072741967563225
wavePE_drop,0,5,48.16839428737728
wavePE_drop,0,5,40.73111902190585
wavePE_drop,0,5,47.053901553626666
wavePE_drop,0,5,35.91337104587294
wavePE_drop,0,5,33.21416609870043
wavePE_drop,0,5,41.12447280776248
wavePE_drop,0,5,41.28105748847826
wavePE_drop,0,5,46.020576123990146
wavePE_drop,0,5,44.74802777291414
wavePE_drop,0,5,41.59000064846208
wavePE_drop,0,5,48.9585268189064
wavePE_drop,0,5,39.38183104303186
wavePE_drop,0,5,47.318107558053825
wavePE_drop,0,5,35.44872471730393
wavePE_drop,0,5,32.71937092100417
wavePE_drop,0,5,36.194102105549305
wavePE_drop,0,5,38.91153871914279
wavePE_drop,0,5,34.01852845258046
wavePE_drop,0,5,42.27134825233327
wavePE_drop,0,5,38.69277725893045
wavePE_drop,0,5,38.477488118397794
wavePE_drop,0,5,45.5038209060801
wavePE_drop,0,5,42.582166365896846
wavePE_drop,0,5,20.990033782096955
wavePE_drop,0,5,33.013538992090226
wavePE_drop,0,5,37.61020131775596
wavePE_drop,0,5,41.65860229768287
wavePE_drop,0,5,41.45475456751596
wavePE_drop,0,5,45.207185151403046
wavePE_drop,0,5,49.9069243630347
wavePE_drop,0,5,51.116279727937886
wavePE_drop,0,5,55.016233777432625
wavePE_drop,0,5,56.98509900169945
wavePE_drop,0,5,52.18603682771585
wavePE_drop,0,5,53.28105847883918
wavePE_drop,0,5,54.58941378430037
wavePE_drop,0,5,48.66750255936939
wavePE_drop,0,5,52.483341794976674
wavePE_drop,0,5,49.39831248535426
wavePE_drop,0,5,48.35565901771434
wavePE_drop,0,5,63.795879427705515
wavePE_drop,0,5,59.01054997226925
wavePE_drop,0,5,64.58439557179891
wavePE_drop,0,5,60.63120522325152
wavePE_drop,0,5,56.51266003924252
wavePE_drop,0,5,61.70912381714477
wavePE_drop,0,5,55.36452198336462
wavePE_drop,0,5,65.41089150616008
wavePE_drop,0,5,57.81249523605585
wavePE_drop,0,5,52.03511172325147
wavePE_drop,0,5,57.15001190125708
wavePE_drop,0,5,59.725271358111534
wavePE_drop,0,5,54.748802849352636
wavePE_drop,0,5,64.95362790889712
wavePE_drop,0,5,61.747934016552385
wavePE_drop,0,5,53.52435601268808
wavePE_drop,0,5,62.876309845695054
wavePE_drop,0,5,59.33164519827629
wavePE_drop,0,5,36.21444403004675
wavePE_drop,0,5,46.8580395556285
wavePE_drop,0,5,58.22210897355851
wavePE_drop,0,5,52.768719822494745
wavePE_drop,0,5,57.71977673778532
wavePE_drop,0,5,58.91891532290007
wavePE_drop,0,5,55.192888909871954
wavePE_drop,0,5,59.43711008213815
wavePE_drop,0,5,56.36569622949234
wavePE_drop,0,5,63.70645748879971
wavePE_drop,0,5,52.446255226619385
wavePE_drop,0,5,54.20399358051791
wavePE_drop,0,5,56.77476916143414
wavePE_drop,0,5,58.06564608919439
wavePE_drop,0,5,54.227823878348715
wavePE_drop,0,5,65.90276765033214
wavePE_drop,0,5,59.524497157692316
wavePE_drop,0,5,54.392307562064154
wavePE_drop,0,5,63.35904796770411
wavePE_drop,0,5,57.854957110092
wavePE_drop,0,5,36.88118436975808
wavePE_drop,0,5,41.820393120387735
wavePE_drop,0,5,49.442780460076186
wavePE_drop,0,5,48.465536874795234
wavePE_drop,0,5,52.246377002712286
wavePE_drop,0,5,64.06872004137088
wavePE_drop,0,5,58.461058642246556
wavePE_drop,0,5,51.38342545206079
wavePE_drop,0,5,64.14354652451405
wavePE_drop,0,5,56.67406456766703
wavePE_drop,0,5,33.040630155484315
wavePE_drop,0,5,46.39652940910597
wavePE_drop,0,5,55.815827283395556
wavePE_drop,0,5,55.23992257673415
wavePE_drop,0,5,29.465264784555778
wavePE_drop,0,5,28.104304551623155
wavePE_drop,0,5,29.540689734341637
wavePE_drop,0,5,29.958562630049123
wavePE_drop,0,5,31.773895868462542
wavePE_drop,0,5,30.953324886396594
wavePE_drop,0,5,34.943332378768524
wavePE_drop,0,5,40.124930182268976
wavePE_drop,0,5,42.25720516546492
wavePE_drop,0,5,44.24656733174119
wavePE_drop,0,5,46.41009110318225
wavePE_drop,0,5,42.28134484966613
wavePE_drop,0,5,44.00576746984441
wavePE_drop,0,5,47.658261883523096
wavePE_drop,0,5,39.803365293516094
wavePE_drop,0,5,45.09601697788071
wavePE_drop,0,5,41.49303750151027
wavePE_drop,0,5,42.847203612488634
wavePE_drop,0,5,54.257008885214645
wavePE_drop,0,5,51.4538887206092
wavePE_drop,0,5,57.261141364769685
wavePE_drop,0,5,55.5181089320265
wavePE_drop,0,5,51.849131294556
wavePE_drop,0,5,56.53156266034686
wavePE_drop,0,5,50.08116720149216
wavePE_drop,0,5,58.365319009069914
wavePE_drop,0,5,50.0371233365474
wavePE_drop,0,5,47.15710320253237
wavePE_drop,0,5,51.56244675670319
wavePE_drop,0,5,52.681673834143474
wavePE_drop,0,5,49.523877952986886
wavePE_drop,0,5,58.36716741905828
wavePE_drop,0,5,51.35334384238241
wavePE_drop,0,5,50.162913835254294
wavePE_drop,0,5,59.601292404348555
wavePE_drop,0,5,52.42598957559867
wavePE_drop,0,5,33.30970660404571
wavePE_drop,0,5,40.65884375553311
wavePE_drop,0,5,53.17123753734939
wavePE_drop,0,5,51.04194618640906
wavePE_drop,0,5,56.13653125917656
wavePE_drop,0,5,54.63384865786206
wavePE_drop,0,5,49.15136714672555
wavePE_drop,0,5,54.25046175920373
wavePE_drop,0,5,50.76881113249603
wavePE_drop,0,5,56.77028124411839
wavePE_drop,0,5,41.99909242617989
wavePE_drop,0,5,47.085996877338154
wavePE_drop,0,5,51.01466240816241
wavePE_drop,0,5,53.264259473662285
wavePE_drop,0,5,50.97906887684143
wavePE_drop,0,5,58.56815041211735
wavePE_drop,0,5,52.86771570347497
wavePE_drop,0,5,52.75064267049553
wavePE_drop,0,5,58.96853342128943
wavePE_drop,0,5,52.062108544304536
wavePE_drop,0,5,36.311668114786386
wavePE_drop,0,5,35.71237385224862
wavePE_drop,0,5,43.106209745103364
wavePE_drop,0,5,43.561911539707616
wavePE_drop,0,5,48.56823872908785
wavePE_drop,0,5,56.31757741468613
wavePE_drop,0,5,51.335459578345
wavePE_drop,0,5,48.692559467875
wavePE_drop,0,5,57.69343675604415
wavePE_drop,0,5,49.52716372540805
wavePE_drop,0,5,28.773171049622217
wavePE_drop,0,5,46.69519816941117
wavePE_drop,0,5,49.267533379593615
wavePE_drop,0,5,50.5059077192548
wavePE_drop,0,5,31.57542394158484
wavePE_drop,0,5,30.75824990459777
wavePE_drop,0,5,32.198412939716555
wavePE_drop,0,5,42.31445630585709
wavePE_drop,0,5,40.226711105584734
wavePE_drop,0,5,45.43777927258929
wavePE_drop,0,5,47.3742605110132
wavePE_drop,0,5,43.2335131249546
wavePE_drop,0,5,47.4624206386303
wavePE_drop,0,5,45.27382652756284
wavePE_drop,0,5,50.52879285848342
wavePE_drop,0,5,41.03922976268411
wavePE_drop,0,5,44.79797269718862
wavePE_drop,0,5,49.89398536767039
wavePE_drop,0,5,50.926234803624105
wavePE_drop,0,5,52.78147916331309
wavePE_drop,0,5,58.93028702856906
wavePE_drop,0,5,57.455650264784865
wavePE_drop,0,5,48.33590108209426
wavePE_drop,0,5,56.48190270763671
wavePE_drop,0,5,53.09230838983423
wavePE_drop,0,5,41.679259911058885
wavePE_drop,0,5,43.67245969541171
wavePE_drop,0,5,53.915391906776
wavePE_drop,0,5,51.57968160746987
wavePE_drop,0,5,51.617447023044846
wavePE_drop,0,5,67.02487805645922
wavePE_drop,0,5,61.134974035341365
wavePE_drop,0,5,51.03697301051934
wavePE_drop,0,5,61.48853008751261
wavePE_drop,0,5,57.20677876513114
wavePE_drop,0,5,41.7353932278261
wavePE_drop,0,5,52.10352775484727
wavePE_drop,0,5,58.662957758439596
wavePE_drop,0,5,58.78218987329516
wavePE_drop,0,5,37.716302696195854
wavePE_drop,0,5,39.10644007890227
wavePE_drop,0,5,42.32478556985925
wavePE_drop,0,5,50.818201852805494
wavePE_drop,0,5,49.445477497474506
wavePE_drop,0,5,53.53354383502956
wavePE_drop,0,5,63.709288537972434
wavePE_drop,0,5,54.93282316921079
wavePE_drop,0,5,53.669042788187134
wavePE_drop,0,5,62.529824223026495
wavePE_drop,0,5,56.43419935995534
wavePE_drop,0,5,36.27265912144911
wavePE_drop,0,5,52.37957279829295
wavePE_drop,0,5,58.00187820624622
wavePE_drop,0,5,58.331082318071246
wavePE_drop,0,5,39.75975801610343
wavePE_drop,0,5,40.37811470084527
wavePE_drop,0,5,38.98282513181875
wavePE_drop,0,5,44.47247598873893
wavePE_drop,0,5,49.53918816989095
wavePE_drop,0,5,34.494002374489035
wavePE_drop,0,5,35.80257266073087
wavePE_drop,0,5,35.25995680826322
wavePE_drop,0,6,18.929693102533996
wavePE_drop,0,6,21.065315752267548
wavePE_drop,0,6,22.222036624675116
wavePE_drop,0,6,21.194283748724466
wavePE_drop,0,6,24.235143086586593
wavePE_drop,0,6,25.83847083262805
wavePE_drop,0,6,27.175636698890337
wavePE_drop,0,6,30.482089434236098
wavePE_drop,0,6,30.485003725265862
wavePE_drop,0,6,29.650233941250185
wavePE_drop,0,6,28.642290058803617
wavePE_drop,0,6,31.966707800592115
wavePE_drop,0,6,24.23585552697448
wavePE_drop,0,6,27.462352540215
wavePE_drop,0,6,23.790793254194117
wavePE_drop,0,6,28.601093405504166
wavePE_drop,0,6,36.97141513061624
wavePE_drop,0,6,36.75684229340054
wavePE_drop,0,6,42.74588729555704
wavePE_drop,0,6,41.60772514607421
wavePE_drop,0,6,39.0287261082878
wavePE_drop,0,6,43.327142370255444
wavePE_drop,0,6,37.154462762048695
wavePE_drop,0,6,45.84418024816636
wavePE_drop,0,6,34.06257356702569
wavePE_drop,0,6,31.449330590447108
wavePE_drop,0,6,33.837767203014266
wavePE_drop,0,6,35.619027925277834
wavePE_drop,0,6,32.61776658766169
wavePE_drop,0,6,40.27210336284512
wavePE_drop,0,6,36.305671550153825
wavePE_drop,0,6,33.550224768725926
wavePE_drop,0,6,41.42511533931651
wavePE_drop,0,6,38.80821055204148
wavePE_drop,0,6,18.88022242008109
wavePE_drop,0,6,27.68153168103507
wavePE_drop,0,6,36.88030176420472
wavePE_drop,0,6,34.938028020779285
wavePE_drop,0,6,43.1940034215693
wavePE_drop,0,6,40.610883429300294
wavePE_drop,0,6,30.730900483000617
wavePE_drop,0,6,42.574588237809266
wavePE_drop,0,6,33.58946581652777
wavePE_drop,0,6,43.82416158979991
wavePE_drop,0,6,26.887616931823953
wavePE_drop,0,6,31.54345206317655
wavePE_drop,0,6,35.65017248669286
wavePE_drop,0,6,36.88001715335141
wavePE_drop,0,6,35.21172083375061
wavePE_drop,0,6,39.39686453506334
wavePE_drop,0,6,38.2210784284752
wavePE_drop,0,6,36.91234598679206
wavePE_drop,0,6,41.69962470102788
wavePE_drop,0,6,36.703467287494284
wavePE_drop,0,6,18.725414903150487
wavePE_drop,0,6,24.58321103656751
wavePE_drop,0,6,28.65049925896051
wavePE_drop,0,6,30.687882798421356
wavePE_drop,0,6,33.38019407314624
wavePE_drop,0,6,38.245034622012206
wavePE_drop,0,6,34.11102097666427
wavePE_drop,0,6,33.50905122674519
wavePE_drop,0,6,39.30926101497253
wavePE_drop,0,6,33.66616006025932
wavePE_drop,0,6,14.191978912876205
wavePE_drop,0,6,28.639660446294414
wavePE_drop,0,6,31.448743831106082
wavePE_drop,0,6,33.77705034061069
wavePE_drop,0,6,18.085873722071813
wavePE_drop,0,6,16.92152559951804
wavePE_drop,0,6,21.174670468425116
wavePE_drop,0,6,31.147637555731695
wavePE_drop,0,6,29.62230462288292
wavePE_drop,0,6,30.45104285092168
wavePE_drop,0,6,39.806570793178686
wavePE_drop,0,6,37.61374406710264
wavePE_drop,0,6,40.611520494384244
wavePE_drop,0,6,37.37796779479353
wavePE_drop,0,6,38.29320483198158
wavePE_drop,0,6,34.71222911874311
wavePE_drop,0,6,40.789873982145096
wavePE_drop,0,6,46.21348826726507
wavePE_drop,0,6,46.60367135368376
wavePE_drop,0,6,43.621768972610994
wavePE_drop,0,6,48.972431895192315
wavePE_drop,0,6,48.88555197519242
wavePE_drop,0,6,43.282197691380944
wavePE_drop,0,6,52.072732969124694
wavePE_drop,0,6,47.084995400497924
wavePE_drop,0,6,30.087006646291087
wavePE_drop,0,6,40.10275371214311
wavePE_drop,0,6,50.04275245925794
wavePE_drop,0,6,47.91528794257628
wavePE_drop,0,6,50.82207202303438
wavePE_drop,0,6,63.349529274250294
wavePE_drop,0,6,57.187912925467124
wavePE_drop,0,6,50.772412111348096
wavePE_drop,0,6,62.41746236288769
wavePE_drop,0,6,56.02303140709925
wavePE_drop,0,6,31.489647210431713
wavePE_drop,0,6,44.76223025160114
wavePE_drop,0,6,53.04766233894378
wavePE_drop,0,6,55.152470481357184
wavePE_drop,0,6,31.5974824975722
wavePE_drop,0,6,32.82043221340839
wavePE_drop,0,6,42.09748204538739
wavePE_drop,0,6,45.58653918015926
wavePE_drop,0,6,47.28462596459589
wavePE_drop,0,6,48.975125756683745
wavePE_drop,0,6,57.97639293858468
wavePE_drop,0,6,48.542763712865714
wavePE_drop,0,6,50.7715532870515
wavePE_drop,0,6,59.05485721420649
wavePE_drop,0,6,51.80130023800458
wavePE_drop,0,6,30.26163537292801
wavePE_drop,0,6,45.368888036134265
wavePE_drop,0,6,53.90654316734863
wavePE_drop,0,6,55.67244931549951
wavePE_drop,0,6,31.230075651018346
wavePE_drop,0,6,27.547771000538578
wavePE_drop,0,6,32.601095846385235
wavePE_drop,0,6,43.02725457501882
wavePE_drop,0,6,44.865822834137916
wavePE_drop,0,6,27.05488719787747
wavePE_drop,0,6,26.272780202275104
wavePE_drop,0,6,11.104834564671819
wavePE_drop,0,6,17.349011376593065
wavePE_drop,0,6,26.524919441438076
wavePE_drop,0,6,26.437593500163555
wavePE_drop,0,6,30.85993308932302
wavePE_drop,0,6,27.011008224357617
wavePE_drop,0,6,25.556732244382296
wavePE_drop,0,6,30.852277906271876
wavePE_drop,0,6,29.292314775527327
wavePE_drop,0,6,32.22920643316236
wavePE_drop,0,6,23.76547892001928
wavePE_drop,0,6,35.32097822697332
wavePE_drop,0,6,37.97310213295178
wavePE_drop,0,6,39.801603529797944
wavePE_drop,0,6,38.4558179567235
wavePE_drop,0,6,43.65102265615983
wavePE_drop,0,6,39.53557306849724
wavePE_drop,0,6,36.15261952484826
wavePE_drop,0,6,44.56951038007346
wavePE_drop,0,6,39.46136812468155
wavePE_drop,0,6,23.863586931585992
wavePE_drop,0,6,35.221026182556464
wavePE_drop,0,6,40.66926629008435
wavePE_drop,0,6,41.1942843510956
wavePE_drop,0,6,47.75003433966499
wavePE_drop,0,6,54.41777202437621
wavePE_drop,0,6,46.9212282071838
wavePE_drop,0,6,46.69530803567113
wavePE_drop,0,6,55.21699755819214
wavePE_drop,0,6,47.53457820016405
wavePE_drop,0,6,29.03540528833304
wavePE_drop,0,6,46.208531369639424
wavePE_drop,0,6,47.37255882481784
wavePE_drop,0,6,47.76900114242295
wavePE_drop,0,6,30.79310878474971
wavePE_drop,0,6,33.03940176007708
wavePE_drop,0,6,34.41110789530106
wavePE_drop,0,6,39.914465426726416
wavePE_drop,0,6,40.3341447893588
wavePE_drop,0,6,47.35285717503034
wavePE_drop,0,6,53.077285245479466
wavePE_drop,0,6,44.79820170958209
wavePE_drop,0,6,45.11088240940327
wavePE_drop,0,6,53.13685504943676
wavePE_drop,0,6,39.175546888284465
wavePE_drop,0,6,27.206265892951667
wavePE_drop,0,6,45.66533730963134
wavePE_drop,0,6,48.129672292472094
wavePE_drop,0,6,48.69135643248707
wavePE_drop,0,6,33.9638197661567
wavePE_drop,0,6,31.01888338397799
wavePE_drop,0,6,31.666877401528218
wavePE_drop,0,6,34.49246896924691
wavePE_drop,0,6,37.72561685160172
wavePE_drop,0,6,27.50497174175361
wavePE_drop,0,6,20.32609150087684
wavePE_drop,0,6,27.57853599699873
wavePE_drop,0,6,26.376432732844695
wavePE_drop,0,6,32.07218121495373
wavePE_drop,0,6,31.026830910985527
wavePE_drop,0,6,37.72870847565236
wavePE_drop,0,6,42.024207378091305
wavePE_drop,0,6,37.12331895632915
wavePE_drop,0,6,40.19747228954492
wavePE_drop,0,6,47.98906970543349
wavePE_drop,0,6,38.258294748965056
wavePE_drop,0,6,30.280984176817043
wavePE_drop,0,6,42.361847668555065
wavePE_drop,0,6,46.317427389573325
wavePE_drop,0,6,46.62214554862198
wavePE_drop,0,6,33.63037550416306
wavePE_drop,0,6,34.75870049554432
wavePE_drop,0,6,38.252845257514444
wavePE_drop,0,6,44.284887912392534
wavePE_drop,0,6,49.5556554507166
wavePE_drop,0,6,33.374229280897005
wavePE_drop,0,6,37.081133138371435
wavePE_drop,0,6,32.447397213610834
wavePE_drop,0,6,39.73238370933003
wavePE_drop,0,6,43.08767224855301
wavePE_drop,0,6,46.711688677959955
wavePE_drop,0,6,30.22517705574423
wavePE_drop,0,6,31.409685557355463
wavePE_drop,0,6,32.81231250094673
wavePE_drop,0,6,32.07673408607389
learnedPE_nodrop,1,0,69.52539690592648
learnedPE_nodrop,1,1,67.5002701968926
learnedPE_nodrop,1,1,26.97938816406231
learnedPE_nodrop,1,1,61.97077840792684
learnedPE_nodrop,1,1,56.399013445854884
learnedPE_nodrop,1,1,66.23015215649558
learnedPE_nodrop,1,1,66.50374462759974
learnedPE_nodrop,1,1,63.05746077868705
learnedPE_nodrop,1,1,59.719936194914105
learnedPE_nodrop,1,1,66.01669163607129
learnedPE_nodrop,1,1,69.11488756469443
learnedPE_nodrop,1,2,26.503038586867156
learnedPE_nodrop,1,2,59.34694821107702
learnedPE_nodrop,1,2,54.86294673231473
learnedPE_nodrop,1,2,64.3679730249849
learnedPE_nodrop,1,2,62.54993463057081
learnedPE_nodrop,1,2,59.25058398327135
learnedPE_nodrop,1,2,57.846326184550286
learnedPE_nodrop,1,2,63.43927880211254
learnedPE_nodrop,1,2,65.58946971050155
learnedPE_nodrop,1,2,27.227652304036305
learnedPE_nodrop,1,2,24.092391109693203
learnedPE_nodrop,1,2,27.53628437592679
learnedPE_nodrop,1,2,25.214679795020196
learnedPE_nodrop,1,2,25.36396008925214
learnedPE_nodrop,1,2,20.735367947648232
learnedPE_nodrop,1,2,24.310048242849888
learnedPE_nodrop,1,2,26.2437845885795
learnedPE_nodrop,1,2,34.69237325056732
learnedPE_nodrop,1,2,57.562193393287416
learnedPE_nodrop,1,2,58.6622198164133
learnedPE_nodrop,1,2,55.48532659485062
learnedPE_nodrop,1,2,54.781342351438404
learnedPE_nodrop,1,2,56.82348152569107
learnedPE_nodrop,1,2,60.34989728930061
learnedPE_nodrop,1,2,48.1320083409654
learnedPE_nodrop,1,2,54.99198054362356
learnedPE_nodrop,1,2,51.934993919541895
learnedPE_nodrop,1,2,49.939946532626394
learnedPE_nodrop,1,2,54.6028979465864
learnedPE_nodrop,1,2,56.79776159339931
learnedPE_nodrop,1,2,63.34287153037587
learnedPE_nodrop,1,2,59.06312779240345
learnedPE_nodrop,1,2,56.44155335288681
learnedPE_nodrop,1,2,62.25936359818885
learnedPE_nodrop,1,2,64.08280785921987
learnedPE_nodrop,1,2,57.357688534813285
learnedPE_nodrop,1,2,53.98904088238134
learnedPE_nodrop,1,2,65.25613336965537
learnedPE_nodrop,1,2,65.15082722643254
learnedPE_nodrop,1,2,55.86201619244706
learnedPE_nodrop,1,2,55.95710784174394
learnedPE_nodrop,1,2,62.23616038365515
learnedPE_nodrop,1,2,47.131071765936724
learnedPE_nodrop,1,2,57.162217089515494
learnedPE_nodrop,1,2,64.18284144420535
learnedPE_nodrop,1,3,25.59166527060798
learnedPE_nodrop,1,3,19.790495251778424
learnedPE_nodrop,1,3,26.250974909387075
learnedPE_nodrop,1,3,23.17736680951188
learnedPE_nodrop,1,3,23.958136116425628
learnedPE_nodrop,1,3,20.388861552240456
learnedPE_nodrop,1,3,23.62143624830976
learnedPE_nodrop,1,3,24.284718195548827
learnedPE_nodrop,1,3,33.801548806270155
learnedPE_nodrop,1,3,56.58566853317047
learnedPE_nodrop,1,3,56.053021018745994
learnedPE_nodrop,1,3,53.16234103121462
learnedPE_nodrop,1,3,52.49510852234577
learnedPE_nodrop,1,3,55.050447194798274
learnedPE_nodrop,1,3,58.277654290039244
learnedPE_nodrop,1,3,44.23875218765393
learnedPE_nodrop,1,3,53.378853917076796
learnedPE_nodrop,1,3,48.42989457845677
learnedPE_nodrop,1,3,47.58186890237823
learnedPE_nodrop,1,3,51.63600602988464
learnedPE_nodrop,1,3,54.99871540663874
learnedPE_nodrop,1,3,59.548097001805296
learnedPE_nodrop,1,3,55.50418641848473
learnedPE_nodrop,1,3,55.79768086841288
learnedPE_nodrop,1,3,59.06054691453285
learnedPE_nodrop,1,3,62.06878154223176
learnedPE_nodrop,1,3,53.85081578526558
learnedPE_nodrop,1,3,49.88279490828035
learnedPE_nodrop,1,3,60.81084412881429
learnedPE_nodrop,1,3,61.331805095843876
learnedPE_nodrop,1,3,52.98283647110674
learnedPE_nodrop,1,3,53.21724995655113
learnedPE_nodrop,1,3,57.701121973838305
learnedPE_nodrop,1,3,48.13606552114503
learnedPE_nodrop,1,3,54.278921446043526
learnedPE_nodrop,1,3,59.551685146358594
learnedPE_nodrop,1,3,22.351171246241556
learnedPE_nodrop,1,3,27.061739182570047
learnedPE_nodrop,1,3,23.61186849834154
learnedPE_nodrop,1,3,25.211420099111514
learnedPE_nodrop,1,3,20.958620382822534
learnedPE_nodrop,1,3,24.14580626290933
learnedPE_nodrop,1,3,26.445994342466324
learnedPE_nodrop,1,3,22.399553355782313
learnedPE_nodrop,1,3,21.093517722812642
learnedPE_nodrop,1,3,21.65987446128201
learnedPE_nodrop,1,3,18.366293277219086
learnedPE_nodrop,1,3,21.89452495958636
learnedPE_nodrop,1,3,24.495975644438875
learnedPE_nodrop,1,3,25.28043538992824
learnedPE_nodrop,1,3,27.918241468052205
learnedPE_nodrop,1,3,21.232165866655492
learnedPE_nodrop,1,3,23.535248809028815
learnedPE_nodrop,1,3,25.008142967710654
learnedPE_nodrop,1,3,24.80351051384839
learnedPE_nodrop,1,3,17.428696496966612
learnedPE_nodrop,1,3,23.859087717947006
learnedPE_nodrop,1,3,24.43237806898006
learnedPE_nodrop,1,3,23.581990950577328
learnedPE_nodrop,1,3,22.205829849166804
learnedPE_nodrop,1,3,24.974512633131006
learnedPE_nodrop,1,3,16.515711414057208
learnedPE_nodrop,1,3,18.576222018137113
learnedPE_nodrop,1,3,21.58833740327258
learnedPE_nodrop,1,3,24.202254243555497
learnedPE_nodrop,1,3,35.36604289895546
learnedPE_nodrop,1,3,31.932388921404844
learnedPE_nodrop,1,3,32.21216641012377
learnedPE_nodrop,1,3,31.814232551391683
learnedPE_nodrop,1,3,34.70293360602913
learnedPE_nodrop,1,3,55.74653040112312
learnedPE_nodrop,1,3,50.749588700874945
learnedPE_nodrop,1,3,50.20315150685671
learnedPE_nodrop,1,3,53.418852259157426
learnedPE_nodrop,1,3,56.18554242371312
learnedPE_nodrop,1,3,51.1308317292383
learnedPE_nodrop,1,3,50.37062792980631
learnedPE_nodrop,1,3,55.49865941347996
learnedPE_nodrop,1,3,58.13315129648851
learnedPE_nodrop,1,3,52.116845494115175
learnedPE_nodrop,1,3,49.40627862641777
learnedPE_nodrop,1,3,54.022305481141814
learnedPE_nodrop,1,3,41.43187628026748
learnedPE_nodrop,1,3,52.01004640862817
learnedPE_nodrop,1,3,55.48332474512158
learnedPE_nodrop,1,3,45.520611120359966
learnedPE_nodrop,1,3,44.4265778509972
learnedPE_nodrop,1,3,41.56992019214694
learnedPE_nodrop,1,3,44.80838166534826
learnedPE_nodrop,1,3,47.848901514960986
learnedPE_nodrop,1,3,47.679467197084264
learnedPE_nodrop,1,3,47.30923523129286
learnedPE_nodrop,1,3,53.90461573777431
learnedPE_nodrop,1,3,55.02966597358287
learnedPE_nodrop,1,3,43.185159569567645
learnedPE_nodrop,1,3,46.211008826893774
learnedPE_nodrop,1,3,51.1570624014458
learnedPE_nodrop,1,3,39.55686298847285
learnedPE_nodrop,1,3,46.73598644340336
learnedPE_nodrop,1,3,54.99173658573756
learnedPE_nodrop,1,3,55.05586272721501
learnedPE_nodrop,1,3,51.30138991631322
learnedPE_nodrop,1,3,59.940921256044625
learnedPE_nodrop,1,3,61.09543831975379
learnedPE_nodrop,1,3,51.83688890496268
learnedPE_nodrop,1,3,52.826587285067895
learnedPE_nodrop,1,3,57.63931335179508
learnedPE_nodrop,1,3,41.806440909549174
learnedPE_nodrop,1,3,53.74424656238477
learnedPE_nodrop,1,3,57.946257397148536
learnedPE_nodrop,1,3,49.7644651423174
learnedPE_nodrop,1,3,54.487379922990385
learnedPE_nodrop,1,3,55.5455049474826
learnedPE_nodrop,1,3,44.12651381158946
learnedPE_nodrop,1,3,49.98253615378174
learnedPE_nodrop,1,3,61.4007879525691
learnedPE_nodrop,1,3,41.74317035460052
learnedPE_nodrop,1,3,52.83960392914559
learnedPE_nodrop,1,3,53.38234432688775
learnedPE_nodrop,1,3,39.0673443536907
learnedPE_nodrop,1,4,14.531975799331324
learnedPE_nodrop,1,4,26.071589074020586
learnedPE_nodrop,1,4,22.90374935495055
learnedPE_nodrop,1,4,23.46894309737067
learnedPE_nodrop,1,4,19.709628837242587
learnedPE_nodrop,1,4,22.631840096570098
learnedPE_nodrop,1,4,23.381871146398115
learnedPE_nodrop,1,4,16.63324667840614
learnedPE_nodrop,1,4,16.578546101416602
learnedPE_nodrop,1,4,18.760310060870893
learnedPE_nodrop,1,4,16.725649110288515
learnedPE_nodrop,1,4,18.79085241967048
learnedPE_nodrop,1,4,20.975649653839866
learnedPE_nodrop,1,4,24.471794085799388
learnedPE_nodrop,1,4,26.659765704642314
learnedPE_nodrop,1,4,19.799906986240583
learnedPE_nodrop,1,4,21.945046486140257
learnedPE_nodrop,1,4,23.625935394659564
learnedPE_nodrop,1,4,21.75711910056292
learnedPE_nodrop,1,4,16.189717301510985
learnedPE_nodrop,1,4,21.83461354933946
learnedPE_nodrop,1,4,23.339237442271635
learnedPE_nodrop,1,4,21.572266958548575
learnedPE_nodrop,1,4,20.426243715551973
learnedPE_nodrop,1,4,20.86339966094806
learnedPE_nodrop,1,4,15.91680029947204
learnedPE_nodrop,1,4,16.58375010639325
learnedPE_nodrop,1,4,19.443832151845896
learnedPE_nodrop,1,4,21.982834617603153
learnedPE_nodrop,1,4,33.282459307830756
learnedPE_nodrop,1,4,30.878014477238043
learnedPE_nodrop,1,4,31.022938011660198
learnedPE_nodrop,1,4,30.803525507825288
learnedPE_nodrop,1,4,33.53841074480089
learnedPE_nodrop,1,4,53.68341223512852
learnedPE_nodrop,1,4,49.94563324154308
learnedPE_nodrop,1,4,50.40570101328329
learnedPE_nodrop,1,4,51.963398882528104
learnedPE_nodrop,1,4,55.152079370585575
learnedPE_nodrop,1,4,50.11670069922168
learnedPE_nodrop,1,4,48.00474794386066
learnedPE_nodrop,1,4,53.670230441006346
learnedPE_nodrop,1,4,54.89439501149822
learnedPE_nodrop,1,4,49.08351270480621
learnedPE_nodrop,1,4,47.40233250415514
learnedPE_nodrop,1,4,51.39840360230674
learnedPE_nodrop,1,4,42.40077899940127
learnedPE_nodrop,1,4,49.33932838214439
learnedPE_nodrop,1,4,52.080921032674595
learnedPE_nodrop,1,4,39.95091384640799
learnedPE_nodrop,1,4,38.28002248609413
learnedPE_nodrop,1,4,36.449422941614934
learnedPE_nodrop,1,4,40.547747498598845
learnedPE_nodrop,1,4,44.28930913181919
learnedPE_nodrop,1,4,45.18454234794627
learnedPE_nodrop,1,4,45.733546814265885
learnedPE_nodrop,1,4,51.0645826087773
learnedPE_nodrop,1,4,52.211894049087775
learnedPE_nodrop,1,4,40.64314998056811
learnedPE_nodrop,1,4,41.11531920603842
learnedPE_nodrop,1,4,46.63575321960873
learnedPE_nodrop,1,4,38.80227365345171
learnedPE_nodrop,1,4,44.27580504139648
learnedPE_nodrop,1,4,49.56811088967258
learnedPE_nodrop,1,4,50.52821747987794
learnedPE_nodrop,1,4,48.384123873342865
learnedPE_nodrop,1,4,56.22949585471224
learnedPE_nodrop,1,4,56.349162167250675
learnedPE_nodrop,1,4,49.89829676130425
learnedPE_nodrop,1,4,49.902651006554024
learnedPE_nodrop,1,4,53.113910275969
learnedPE_nodrop,1,4,43.920764971044626
learnedPE_nodrop,1,4,51.81348824009257
learnedPE_nodrop,1,4,55.46658854426566
learnedPE_nodrop,1,4,43.139911778482734
learnedPE_nodrop,1,4,49.82436317436104
learnedPE_nodrop,1,4,51.37060666237215
learnedPE_nodrop,1,4,42.42955632110192
learnedPE_nodrop,1,4,46.409469233163016
learnedPE_nodrop,1,4,56.97590164208145
learnedPE_nodrop,1,4,40.14046204960206
learnedPE_nodrop,1,4,48.62733846155008
learnedPE_nodrop,1,4,49.40664278286132
learnedPE_nodrop,1,4,40.32803515470897
learnedPE_nodrop,1,4,19.531525961387015
learnedPE_nodrop,1,4,22.69380766448154
learnedPE_nodrop,1,4,22.012461601509482
learnedPE_nodrop,1,4,19.335383606961724
learnedPE_nodrop,1,4,20.590773093311878
learnedPE_nodrop,1,4,21.16468536032567
learnedPE_nodrop,1,4,24.81111714722505
learnedPE_nodrop,1,4,27.365792079401764
learnedPE_nodrop,1,4,20.87092101378122
learnedPE_nodrop,1,4,22.978049038197238
learnedPE_nodrop,1,4,25.623793573181732
learnedPE_nodrop,1,4,22.789051830453023
learnedPE_nodrop,1,4,15.799528039543642
learnedPE_nodrop,1,4,22.302243017398514
learnedPE_nodrop,1,4,22.618340923970464
learnedPE_nodrop,1,4,22.386974823589906
learnedPE_nodrop,1,4,22.164133987982762
learnedPE_nodrop,1,4,24.594776650357822
learnedPE_nodrop,1,4,17.829860858853884
learnedPE_nodrop,1,4,18.868317550027793
learnedPE_nodrop,1,4,21.692893116379985
learnedPE_nodrop,1,4,17.729182587795496
learnedPE_nodrop,1,4,21.322356076141773
learnedPE_nodrop,1,4,18.27773499296644
learnedPE_nodrop,1,4,21.379700477120682
learnedPE_nodrop,1,4,23.033711163656314
learnedPE_nodrop,1,4,19.030708330077093
learnedPE_nodrop,1,4,16.32785684827734
learnedPE_nodrop,1,4,20.681698635787306
learnedPE_nodrop,1,4,20.60876168699523
learnedPE_nodrop,1,4,18.410435606887397
learnedPE_nodrop,1,4,18.6111238523716
learnedPE_nodrop,1,4,22.40403546656089
learnedPE_nodrop,1,4,15.70902445671638
learnedPE_nodrop,1,4,17.399102622341378
learnedPE_nodrop,1,4,20.147210599282605
learnedPE_nodrop,1,4,26.21872549137018
learnedPE_nodrop,1,4,18.500057944963945
learnedPE_nodrop,1,4,23.38167559684482
learnedPE_nodrop,1,4,23.574283408852
learnedPE_nodrop,1,4,23.896478595306714
learnedPE_nodrop,1,4,24.008806691040782
learnedPE_nodrop,1,4,24.36067753208544
learnedPE_nodrop,1,4,16.10240121131711
learnedPE_nodrop,1,4,18.95984388128731
learnedPE_nodrop,1,4,20.25533518106103
learnedPE_nodrop,1,4,21.261214089898818
learnedPE_nodrop,1,4,22.308519258922953
learnedPE_nodrop,1,4,23.094915539224992
learnedPE_nodrop,1,4,13.466662946213376
learnedPE_nodrop,1,4,14.98614090289018
learnedPE_nodrop,1,4,21.22524212021863
learnedPE_nodrop,1,4,16.398429164961925
learnedPE_nodrop,1,4,21.90344699469289
learnedPE_nodrop,1,4,19.808200459723462
learnedPE_nodrop,1,4,11.693794724705972
learnedPE_nodrop,1,4,21.443518189105077
learnedPE_nodrop,1,4,20.37325115285974
learnedPE_nodrop,1,4,21.289989657807837
learnedPE_nodrop,1,4,22.368656745845385
learnedPE_nodrop,1,4,23.801276130878875
learnedPE_nodrop,1,4,31.85854271626651
learnedPE_nodrop,1,4,34.00140341402223
learnedPE_nodrop,1,4,33.366499774252894
learnedPE_nodrop,1,4,35.592706031583035
learnedPE_nodrop,1,4,30.13805565805532
learnedPE_nodrop,1,4,28.15503722314633
learnedPE_nodrop,1,4,30.987994958471063
learnedPE_nodrop,1,4,20.651201384829836
learnedPE_nodrop,1,4,29.784649592685355
learnedPE_nodrop,1,4,31.56182217992774
learnedPE_nodrop,1,4,48.80890505943613
learnedPE_nodrop,1,4,46.11342793433975
learnedPE_nodrop,1,4,51.603791141533335
learnedPE_nodrop,1,4,52.58991006436145
learnedPE_nodrop,1,4,46.78776727653983
learnedPE_nodrop,1,4,45.414261409105045
learnedPE_nodrop,1,4,49.05431544284678
learnedPE_nodrop,1,4,37.57780256661456
learnedPE_nodrop,1,4,46.5582855963475
learnedPE_nodrop,1,4,49.80227053017942
learnedPE_nodrop,1,4,46.18146689442042
learnedPE_nodrop,1,4,48.38498961728559
learnedPE_nodrop,1,4,51.30722043193781
learnedPE_nodrop,1,4,38.47808398860629
learnedPE_nodrop,1,4,46.40046920127741
learnedPE_nodrop,1,4,53.57782332288863
learnedPE_nodrop,1,4,36.918388186804584
learnedPE_nodrop,1,4,50.10218850205172
learnedPE_nodrop,1,4,47.310706569127724
learnedPE_nodrop,1,4,36.1017905607977
learnedPE_nodrop,1,4,38.289718014402425
learnedPE_nodrop,1,4,37.923700914271805
learnedPE_nodrop,1,4,43.12752173967353
learnedPE_nodrop,1,4,44.53082804560658
learnedPE_nodrop,1,4,37.745036358751996
learnedPE_nodrop,1,4,39.5294020922591
learnedPE_nodrop,1,4,44.161965387086056
learnedPE_nodrop,1,4,28.53323811551385
learnedPE_nodrop,1,4,40.033247836598335
learnedPE_nodrop,1,4,44.21093083759716
learnedPE_nodrop,1,4,39.31848356328352
learnedPE_nodrop,1,4,44.728412766429436
learnedPE_nodrop,1,4,45.16295278022684
learnedPE_nodrop,1,4,39.12556434163004
learnedPE_nodrop,1,4,44.17716722626993
learnedPE_nodrop,1,4,54.81909258746134
learnedPE_nodrop,1,4,32.70866635131511
learnedPE_nodrop,1,4,41.256880639885594
learnedPE_nodrop,1,4,45.110973548101526
learnedPE_nodrop,1,4,33.341633057514095
learnedPE_nodrop,1,4,44.2525247042463
learnedPE_nodrop,1,4,49.53921393177906
learnedPE_nodrop,1,4,51.48770930478565
learnedPE_nodrop,1,4,39.51597181335744
learnedPE_nodrop,1,4,46.924206797282864
learnedPE_nodrop,1,4,54.17333982979371
learnedPE_nodrop,1,4,37.05894284808945
learnedPE_nodrop,1,4,49.876463627944794
learnedPE_nodrop,1,4,48.41677705471501
learnedPE_nodrop,1,4,33.07507256652966
learnedPE_nodrop,1,4,39.03963139464396
learnedPE_nodrop,1,4,46.4778799739464
learnedPE_nodrop,1,4,50.7728823732288
learnedPE_nodrop,1,4,34.19908626034631
learnedPE_nodrop,1,4,32.00540136299022
learnedPE_nodrop,1,5,11.353934954425664
learnedPE_nodrop,1,5,14.972595966690468
learnedPE_nodrop,1,5,12.541566683217724
learnedPE_nodrop,1,5,11.013755446676587
learnedPE_nodrop,1,5,11.878511789645245
learnedPE_nodrop,1,5,12.436651316051874
learnedPE_nodrop,1,5,23.58205626480848
learnedPE_nodrop,1,5,24.639994603081032
learnedPE_nodrop,1,5,21.059075732915
learnedPE_nodrop,1,5,22.89299968229894
learnedPE_nodrop,1,5,25.016618537144677
learnedPE_nodrop,1,5,21.189176173482764
learnedPE_nodrop,1,5,14.46986125183565
learnedPE_nodrop,1,5,20.323833886354617
learnedPE_nodrop,1,5,20.762565048843204
learnedPE_nodrop,1,5,21.250406948576178
learnedPE_nodrop,1,5,20.530812131732336
learnedPE_nodrop,1,5,21.407034270253497
learnedPE_nodrop,1,5,17.124508234078963
learnedPE_nodrop,1,5,16.733364700582676
learnedPE_nodrop,1,5,18.89378285789253
learnedPE_nodrop,1,5,13.945373935683273
learnedPE_nodrop,1,5,16.200403216562783
learnedPE_nodrop,1,5,13.394794273213856
learnedPE_nodrop,1,5,16.3584615307349
learnedPE_nodrop,1,5,17.80627163231521
learnedPE_nodrop,1,5,14.764300917182423
learnedPE_nodrop,1,5,13.306162324219807
learnedPE_nodrop,1,5,16.318691032771667
learnedPE_nodrop,1,5,14.965404263729038
learnedPE_nodrop,1,5,16.70249328474873
learnedPE_nodrop,1,5,16.14935358548885
learnedPE_nodrop,1,5,19.000612916439483
learnedPE_nodrop,1,5,14.877278704186566
learnedPE_nodrop,1,5,15.405157354966283
learnedPE_nodrop,1,5,18.301717069830342
learnedPE_nodrop,1,5,23.128709797378544
learnedPE_nodrop,1,5,17.644095530288606
learnedPE_nodrop,1,5,21.217527506376037
learnedPE_nodrop,1,5,21.587807624778453
learnedPE_nodrop,1,5,22.77380667064777
learnedPE_nodrop,1,5,20.38015969623123
learnedPE_nodrop,1,5,22.67498883337189
learnedPE_nodrop,1,5,14.719246578217618
learnedPE_nodrop,1,5,18.29299585006097
learnedPE_nodrop,1,5,18.29555191618478
learnedPE_nodrop,1,5,19.295581976905115
learnedPE_nodrop,1,5,19.746727610727316
learnedPE_nodrop,1,5,20.581735517724393
learnedPE_nodrop,1,5,13.097599874312634
learnedPE_nodrop,1,5,14.335931418934242
learnedPE_nodrop,1,5,18.34115498673018
learnedPE_nodrop,1,5,14.451648535940931
learnedPE_nodrop,1,5,19.817014868470142
learnedPE_nodrop,1,5,17.38821163042474
learnedPE_nodrop,1,5,9.530805649129613
learnedPE_nodrop,1,5,19.347928908668965
learnedPE_nodrop,1,5,18.951728676433497
learnedPE_nodrop,1,5,20.135052130757142
learnedPE_nodrop,1,5,20.439398162216797
learnedPE_nodrop,1,5,21.97091894090911
learnedPE_nodrop,1,5,31.159648008580742
learnedPE_nodrop,1,5,32.59623322890658
learnedPE_nodrop,1,5,31.76156703692208
learnedPE_nodrop,1,5,33.26331972203969
learnedPE_nodrop,1,5,28.620690634772195
learnedPE_nodrop,1,5,27.000324135521858
learnedPE_nodrop,1,5,29.55706316954055
learnedPE_nodrop,1,5,25.015439135845206
learnedPE_nodrop,1,5,28.922595608870154
learnedPE_nodrop,1,5,29.428230133250427
learnedPE_nodrop,1,5,46.56448818355277
learnedPE_nodrop,1,5,45.53773966892803
learnedPE_nodrop,1,5,49.393800632188906
learnedPE_nodrop,1,5,50.71154454709002
learnedPE_nodrop,1,5,45.820780214712826
learnedPE_nodrop,1,5,43.69032093127139
learnedPE_nodrop,1,5,47.80325121539338
learnedPE_nodrop,1,5,38.60379963934219
learnedPE_nodrop,1,5,46.549965041709164
learnedPE_nodrop,1,5,47.92563095672681
learnedPE_nodrop,1,5,43.137443127633105
learnedPE_nodrop,1,5,46.60729153452882
learnedPE_nodrop,1,5,48.99287435161273
learnedPE_nodrop,1,5,39.49165532511961
learnedPE_nodrop,1,5,44.20957246151199
learnedPE_nodrop,1,5,51.09790357594862
learnedPE_nodrop,1,5,35.9918219580227
learnedPE_nodrop,1,5,46.97618260495141
learnedPE_nodrop,1,5,43.53560802140027
learnedPE_nodrop,1,5,35.43986530947139
learnedPE_nodrop,1,5,32.65591390447287
learnedPE_nodrop,1,5,32.84475364391588
learnedPE_nodrop,1,5,36.74304674128343
learnedPE_nodrop,1,5,38.79659031527119
learnedPE_nodrop,1,5,31.80494493861575
learnedPE_nodrop,1,5,33.55761144434008
learnedPE_nodrop,1,5,38.0980006289684
learnedPE_nodrop,1,5,26.166633653285448
learnedPE_nodrop,1,5,34.20216039370824
learnedPE_nodrop,1,5,38.51342978115521
learnedPE_nodrop,1,5,35.39484692962353
learnedPE_nodrop,1,5,40.744965646097896
learnedPE_nodrop,1,5,42.26699842242922
learnedPE_nodrop,1,5,37.840503960355655
learnedPE_nodrop,1,5,40.242977914961656
learnedPE_nodrop,1,5,49.28130384058661
learnedPE_nodrop,1,5,29.646654556509258
learnedPE_nodrop,1,5,37.654839674408365
learnedPE_nodrop,1,5,40.08911973754083
learnedPE_nodrop,1,5,33.760634071190495
learnedPE_nodrop,1,5,39.547273554660414
learnedPE_nodrop,1,5,45.5018274543379
learnedPE_nodrop,1,5,47.87746953032633
learnedPE_nodrop,1,5,39.83781947282148
learnedPE_nodrop,1,5,43.40571602680785
learnedPE_nodrop,1,5,51.867622057183205
learnedPE_nodrop,1,5,37.73502201742515
learnedPE_nodrop,1,5,46.261986387631225
learnedPE_nodrop,1,5,46.523797831403684
learnedPE_nodrop,1,5,37.830772643315
learnedPE_nodrop,1,5,32.86034002026615
learnedPE_nodrop,1,5,39.56471511551806
learnedPE_nodrop,1,5,46.23954255234177
learnedPE_nodrop,1,5,31.420031401692516
learnedPE_nodrop,1,5,28.087351304282716
learnedPE_nodrop,1,5,17.116294879433646
learnedPE_nodrop,1,5,19.194603986895952
learnedPE_nodrop,1,5,15.885176347446086
learnedPE_nodrop,1,5,18.344649284836205
learnedPE_nodrop,1,5,18.62746203317933
learnedPE_nodrop,1,5,21.365175276170255
learnedPE_nodrop,1,5,18.641372478636814
learnedPE_nodrop,1,5,18.64936920551103
learnedPE_nodrop,1,5,19.393077818899492
learnedPE_nodrop,1,5,18.8274684884637
learnedPE_nodrop,1,5,18.97694068630634
learnedPE_nodrop,1,5,21.068977217647326
learnedPE_nodrop,1,5,15.675809173898164
learnedPE_nodrop,1,5,17.6300185435114
learnedPE_nodrop,1,5,17.69063459536009
learnedPE_nodrop,1,5,24.758033465804782
learnedPE_nodrop,1,5,17.757489136379103
learnedPE_nodrop,1,5,22.498777201066165
learnedPE_nodrop,1,5,22.966782390211403
learnedPE_nodrop,1,5,22.464551740297747
learnedPE_nodrop,1,5,24.0744185564396
learnedPE_nodrop,1,5,24.906426458987056
learnedPE_nodrop,1,5,16.10536345603046
learnedPE_nodrop,1,5,18.473679522934948
learnedPE_nodrop,1,5,20.644306401139346
learnedPE_nodrop,1,5,18.24737362455767
learnedPE_nodrop,1,5,21.09832095333716
learnedPE_nodrop,1,5,21.511439052794625
learnedPE_nodrop,1,5,12.63639655121025
learnedPE_nodrop,1,5,13.05460695662227
learnedPE_nodrop,1,5,20.146254723535634
learnedPE_nodrop,1,5,16.56694153544022
learnedPE_nodrop,1,5,19.957804614616375
learnedPE_nodrop,1,5,20.084679349127523
learnedPE_nodrop,1,5,13.099051113692514
learnedPE_nodrop,1,5,18.355849852671366
learnedPE_nodrop,1,5,14.35323727464617
learnedPE_nodrop,1,5,17.341920780192602
learnedPE_nodrop,1,5,18.1474989320908
learnedPE_nodrop,1,5,19.798387674232295
learnedPE_nodrop,1,5,19.125996493630602
learnedPE_nodrop,1,5,21.372913620785823
learnedPE_nodrop,1,5,15.330834774537806
learnedPE_nodrop,1,5,16.83855132868296
learnedPE_nodrop,1,5,18.78618864221424
learnedPE_nodrop,1,5,16.473706703841007
learnedPE_nodrop,1,5,16.975649291902577
learnedPE_nodrop,1,5,20.018755884568886
learnedPE_nodrop,1,5,14.174507712494385
learnedPE_nodrop,1,5,14.068880632557708
learnedPE_nodrop,1,5,18.41398758472769
learnedPE_nodrop,1,5,13.789037489792973
learnedPE_nodrop,1,5,18.793853241509407
learnedPE_nodrop,1,5,18.357565019808984
learnedPE_nodrop,1,5,13.204291143325587
learnedPE_nodrop,1,5,18.726240079331856
learnedPE_nodrop,1,5,24.56838286697191
learnedPE_nodrop,1,5,23.815426243898767
learnedPE_nodrop,1,5,14.06039321629275
learnedPE_nodrop,1,5,16.491750360364037
learnedPE_nodrop,1,5,19.967769644011383
learnedPE_nodrop,1,5,17.05388604288307
learnedPE_nodrop,1,5,21.148665332933554
learnedPE_nodrop,1,5,20.800122854861506
learnedPE_nodrop,1,5,10.493029108591417
learnedPE_nodrop,1,5,14.023097630441129
learnedPE_nodrop,1,5,18.334469866013592
learnedPE_nodrop,1,5,19.399387083592092
learnedPE_nodrop,1,5,7.382900739715117
learnedPE_nodrop,1,5,9.25401363193717
learnedPE_nodrop,1,5,17.359761494393315
learnedPE_nodrop,1,5,20.171582479114583
learnedPE_nodrop,1,5,20.097168895053475
learnedPE_nodrop,1,5,21.370110383596927
learnedPE_nodrop,1,5,18.94164451657485
learnedPE_nodrop,1,5,18.636334098464335
learnedPE_nodrop,1,5,21.17041335517342
learnedPE_nodrop,1,5,11.405068996832794
learnedPE_nodrop,1,5,19.76709043566394
learnedPE_nodrop,1,5,20.80609907308818
learnedPE_nodrop,1,5,29.423209137399308
learnedPE_nodrop,1,5,29.123638252697667
learnedPE_nodrop,1,5,30.6538517858996
learnedPE_nodrop,1,5,23.9608919925177
learnedPE_nodrop,1,5,31.412116249215728
learnedPE_nodrop,1,5,33.308024143526744
learnedPE_nodrop,1,5,17.90640167984703
learnedPE_nodrop,1,5,28.25098470434084
learnedPE_nodrop,1,5,26.431611641347924
learnedPE_nodrop,1,5,15.281725794740883
learnedPE_nodrop,1,5,41.57829795681685
learnedPE_nodrop,1,5,43.71388463915975
learnedPE_nodrop,1,5,47.1834822093826
learnedPE_nodrop,1,5,36.32405039011709
learnedPE_nodrop,1,5,41.520019675349445
learnedPE_nodrop,1,5,47.80380950978083
learnedPE_nodrop,1,5,32.2212338913378
learnedPE_nodrop,1,5,44.9575562104876
learnedPE_nodrop,1,5,41.80996220237326
learnedPE_nodrop,1,5,31.69406414004087
learnedPE_nodrop,1,5,35.88948414532253
learnedPE_nodrop,1,5,45.70432294545268
learnedPE_nodrop,1,5,45.666765342469205
learnedPE_nodrop,1,5,31.020597648857585
learnedPE_nodrop,1,5,28.893982307594055
learnedPE_nodrop,1,5,29.740264154493197
learnedPE_nodrop,1,5,35.738427437819254
learnedPE_nodrop,1,5,38.44204770117348
learnedPE_nodrop,1,5,27.539399863471342
learnedPE_nodrop,1,5,35.74787310296806
learnedPE_nodrop,1,5,39.88570615655518
learnedPE_nodrop,1,5,24.19408439601875
learnedPE_nodrop,1,5,36.317893715613955
learnedPE_nodrop,1,5,36.328375378619114
learnedPE_nodrop,1,5,24.367983236604793
learnedPE_nodrop,1,5,31.806701588152457
learnedPE_nodrop,1,5,36.30116765469068
learnedPE_nodrop,1,5,41.16434918263719
learnedPE_nodrop,1,5,31.608061072224594
learnedPE_nodrop,1,5,26.253601841591877
learnedPE_nodrop,1,5,34.99034624920842
learnedPE_nodrop,1,5,41.23023758788509
learnedPE_nodrop,1,5,46.052851914351436
learnedPE_nodrop,1,5,28.783198356245006
learnedPE_nodrop,1,5,28.120897202761913
learnedPE_nodrop,1,5,28.163983547758654
learnedPE_nodrop,1,6,9.289177303714581
learnedPE_nodrop,1,6,10.072081111129247
learnedPE_nodrop,1,6,8.497138464127206
learnedPE_nodrop,1,6,9.55802455018747
learnedPE_nodrop,1,6,8.868719928226804
learnedPE_nodrop,1,6,13.928567649659527
learnedPE_nodrop,1,6,12.701285953570375
learnedPE_nodrop,1,6,13.791704040412304
learnedPE_nodrop,1,6,12.695121950701374
learnedPE_nodrop,1,6,11.479674271572302
learnedPE_nodrop,1,6,10.065866165248961
learnedPE_nodrop,1,6,11.800540030975599
learnedPE_nodrop,1,6,9.05632929419347
learnedPE_nodrop,1,6,10.347383253469385
learnedPE_nodrop,1,6,10.89100995219711
learnedPE_nodrop,1,6,21.781348809026465
learnedPE_nodrop,1,6,17.2420293236527
learnedPE_nodrop,1,6,21.13317539717595
learnedPE_nodrop,1,6,20.328958661023687
learnedPE_nodrop,1,6,21.61998705153419
learnedPE_nodrop,1,6,21.30906016378787
learnedPE_nodrop,1,6,23.41782810366443
learnedPE_nodrop,1,6,15.80907834123444
learnedPE_nodrop,1,6,17.86325276332262
learnedPE_nodrop,1,6,18.94265485284734
learnedPE_nodrop,1,6,17.469391598281636
learnedPE_nodrop,1,6,19.298711476316964
learnedPE_nodrop,1,6,19.73012896330705
learnedPE_nodrop,1,6,11.860843521458637
learnedPE_nodrop,1,6,11.703925205341976
learnedPE_nodrop,1,6,17.22120764224702
learnedPE_nodrop,1,6,15.194673008601045
learnedPE_nodrop,1,6,18.68105670585663
learnedPE_nodrop,1,6,16.9461617061531
learnedPE_nodrop,1,6,10.941728634996409
learnedPE_nodrop,1,6,12.770947883690253
learnedPE_nodrop,1,6,13.219657586316176
learnedPE_nodrop,1,6,14.162844173874756
learnedPE_nodrop,1,6,14.089581830133671
learnedPE_nodrop,1,6,14.272615556438595
learnedPE_nodrop,1,6,15.211083904703939
learnedPE_nodrop,1,6,17.735357083383725
learnedPE_nodrop,1,6,11.52043996083996
learnedPE_nodrop,1,6,12.458159978961424
learnedPE_nodrop,1,6,15.349446744658264
learnedPE_nodrop,1,6,12.938096182931549
learnedPE_nodrop,1,6,12.83715327922711
learnedPE_nodrop,1,6,14.5822167515248
learnedPE_nodrop,1,6,10.914724970858439
learnedPE_nodrop,1,6,10.529329349574171
learnedPE_nodrop,1,6,12.54774533344976
learnedPE_nodrop,1,6,11.322438625979286
learnedPE_nodrop,1,6,16.553776736122817
learnedPE_nodrop,1,6,15.978589709842842
learnedPE_nodrop,1,6,12.109707900181052
learnedPE_nodrop,1,6,16.215854710116144
learnedPE_nodrop,1,6,19.6441451781909
learnedPE_nodrop,1,6,20.685264860804807
learnedPE_nodrop,1,6,13.265256692431507
learnedPE_nodrop,1,6,15.396070938924654
learnedPE_nodrop,1,6,16.9333899275974
learnedPE_nodrop,1,6,15.15098910498591
learnedPE_nodrop,1,6,19.283808745500746
learnedPE_nodrop,1,6,17.30485852075423
learnedPE_nodrop,1,6,9.57991595859601
learnedPE_nodrop,1,6,11.033587362430849
learnedPE_nodrop,1,6,17.402407587725016
learnedPE_nodrop,1,6,15.637698981638767
learnedPE_nodrop,1,6,5.729323723019081
learnedPE_nodrop,1,6,7.12437761416341
learnedPE_nodrop,1,6,16.625791769503255
learnedPE_nodrop,1,6,18.231347415982135
learnedPE_nodrop,1,6,18.237315001754663
learnedPE_nodrop,1,6,18.398997099718976
learnedPE_nodrop,1,6,17.11345573965955
learnedPE_nodrop,1,6,17.25247535784057
learnedPE_nodrop,1,6,18.50470070493595
learnedPE_nodrop,1,6,13.289068611967208
learnedPE_nodrop,1,6,19.72558429581346
learnedPE_nodrop,1,6,19.91290127307159
learnedPE_nodrop,1,6,27.922509286686616
learnedPE_nodrop,1,6,27.255897852052506
learnedPE_nodrop,1,6,28.62691627274491
learnedPE_nodrop,1,6,25.737263135832396
learnedPE_nodrop,1,6,29.682862408128887
learnedPE_nodrop,1,6,30.71312713221573
learnedPE_nodrop,1,6,18.265647811688513
learnedPE_nodrop,1,6,26.530738139340485
learnedPE_nodrop,1,6,24.626017043410673
learnedPE_nodrop,1,6,18.49420631727986
learnedPE_nodrop,1,6,39.85650035183228
learnedPE_nodrop,1,6,42.563326961731825
learnedPE_nodrop,1,6,44.67206000802282
learnedPE_nodrop,1,6,37.21397851489878
learnedPE_nodrop,1,6,40.854503294148266
learnedPE_nodrop,1,6,45.54351370928544
learnedPE_nodrop,1,6,33.288467386665225
learnedPE_nodrop,1,6,42.8460473104879
learnedPE_nodrop,1,6,40.14519328182843
learnedPE_nodrop,1,6,31.859502479586208
learnedPE_nodrop,1,6,31.9630811469641
learnedPE_nodrop,1,6,38.62699381383395
learnedPE_nodrop,1,6,43.86483807396473
learnedPE_nodrop,1,6,32.21835549369223
learnedPE_nodrop,1,6,25.554484277989797
learnedPE_nodrop,1,6,25.52304129499009
learnedPE_nodrop,1,6,29.600707676198283
learnedPE_nodrop,1,6,31.087729897646
learnedPE_nodrop,1,6,26.04712959396245
learnedPE_nodrop,1,6,29.730435844981002
learnedPE_nodrop,1,6,34.14507470026514
learnedPE_nodrop,1,6,20.92273093331956
learnedPE_nodrop,1,6,29.38265586018151
learnedPE_nodrop,1,6,31.006719462529833
learnedPE_nodrop,1,6,23.782309664384634
learnedPE_nodrop,1,6,27.403445929626482
learnedPE_nodrop,1,6,32.04324209459918
learnedPE_nodrop,1,6,37.366750443716114
learnedPE_nodrop,1,6,32.19837963348301
learnedPE_nodrop,1,6,22.707542286476546
learnedPE_nodrop,1,6,30.32369077733272
learnedPE_nodrop,1,6,37.459212261406755
learnedPE_nodrop,1,6,42.7360102945308
learnedPE_nodrop,1,6,30.10011289049078
learnedPE_nodrop,1,6,28.33860720683654
learnedPE_nodrop,1,6,21.881867411421307
learnedPE_nodrop,1,6,15.863878617703593
learnedPE_nodrop,1,6,15.918123243618536
learnedPE_nodrop,1,6,16.618256958009233
learnedPE_nodrop,1,6,15.67704100646541
learnedPE_nodrop,1,6,17.38786500115507
learnedPE_nodrop,1,6,17.215132342005123
learnedPE_nodrop,1,6,18.932027774449583
learnedPE_nodrop,1,6,13.632068674244378
learnedPE_nodrop,1,6,14.951324984516507
learnedPE_nodrop,1,6,15.906779070875377
learnedPE_nodrop,1,6,19.313964582139647
learnedPE_nodrop,1,6,17.39909225526909
learnedPE_nodrop,1,6,20.434563266968507
learnedPE_nodrop,1,6,14.621958208727659
learnedPE_nodrop,1,6,15.778467256879543
learnedPE_nodrop,1,6,16.206503842017614
learnedPE_nodrop,1,6,12.651277837749248
learnedPE_nodrop,1,6,18.284808758895593
learnedPE_nodrop,1,6,15.934017908788677
learnedPE_nodrop,1,6,10.27547640165726
learnedPE_nodrop,1,6,16.47011373340379
learnedPE_nodrop,1,6,23.968035406507934
learnedPE_nodrop,1,6,22.22359248346321
learnedPE_nodrop,1,6,14.455551060652766
learnedPE_nodrop,1,6,15.021429904806501
learnedPE_nodrop,1,6,19.069884435647317
learnedPE_nodrop,1,6,16.497553981256917
learnedPE_nodrop,1,6,18.588433976417377
learnedPE_nodrop,1,6,20.791594015468572
learnedPE_nodrop,1,6,11.800447304178151
learnedPE_nodrop,1,6,13.577659948499358
learnedPE_nodrop,1,6,15.40639816120007
learnedPE_nodrop,1,6,18.454096728615195
learnedPE_nodrop,1,6,6.541180122394441
learnedPE_nodrop,1,6,9.285613537079112
learnedPE_nodrop,1,6,13.334694999719346
learnedPE_nodrop,1,6,16.5967322387673
learnedPE_nodrop,1,6,19.55111550837366
learnedPE_nodrop,1,6,12.84948577982254
learnedPE_nodrop,1,6,14.299094544583786
learnedPE_nodrop,1,6,15.836506194231019
learnedPE_nodrop,1,6,13.854791517357755
learnedPE_nodrop,1,6,18.75137275109056
learnedPE_nodrop,1,6,17.96875508609801
learnedPE_nodrop,1,6,11.671037501062099
learnedPE_nodrop,1,6,11.198718300542186
learnedPE_nodrop,1,6,15.989557532186511
learnedPE_nodrop,1,6,16.5120529690116
learnedPE_nodrop,1,6,6.775293224694998
learnedPE_nodrop,1,6,10.90167984710789
learnedPE_nodrop,1,6,13.865939599614064
learnedPE_nodrop,1,6,15.548394478172355
learnedPE_nodrop,1,6,21.328436043665608
learnedPE_nodrop,1,6,7.7559076035796
learnedPE_nodrop,1,6,11.160133544430197
learnedPE_nodrop,1,6,7.507604779029606
learnedPE_nodrop,1,6,16.73331742147007
learnedPE_nodrop,1,6,15.732066047101165
learnedPE_nodrop,1,6,17.450770545472103
learnedPE_nodrop,1,6,10.441277987503724
learnedPE_nodrop,1,6,18.535617049943703
learnedPE_nodrop,1,6,18.868545194807755
learnedPE_nodrop,1,6,9.647152269054866
learnedPE_nodrop,1,6,18.30625441623634
learnedPE_nodrop,1,6,17.8775014592136
learnedPE_nodrop,1,6,9.178704783670224
learnedPE_nodrop,1,6,20.15965746464693
learnedPE_nodrop,1,6,27.361332641849028
learnedPE_nodrop,1,6,27.692728331503595
learnedPE_nodrop,1,6,17.587209428872676
learnedPE_nodrop,1,6,11.697253126821021
learnedPE_nodrop,1,6,32.12533915107638
learnedPE_nodrop,1,6,38.972948666234224
learnedPE_nodrop,1,6,41.549837773284764
learnedPE_nodrop,1,6,26.988001295307964
learnedPE_nodrop,1,6,26.508284693220958
learnedPE_nodrop,1,6,25.662254219527966
learnedPE_nodrop,1,6,25.2391149197579
learnedPE_nodrop,1,6,28.76635154449713
learnedPE_nodrop,1,6,35.0330705044078
learnedPE_nodrop,1,6,19.55676604632461
learnedPE_nodrop,1,6,19.545631685103807
learnedPE_nodrop,1,6,22.948336667080152
learnedPE_nodrop,1,6,20.26694516062153
wavePE_nodrop,1,0,71.29535571034953
wavePE_nodrop,1,1,65.4212085316527
wavePE_nodrop,1,1,20.11170546797888
wavePE_nodrop,1,1,55.7405025795558
wavePE_nodrop,1,1,59.55724605852797
wavePE_nodrop,1,1,60.514888247184544
wavePE_nodrop,1,1,63.13465756407429
wavePE_nodrop,1,1,54.479718214360936
wavePE_nodrop,1,1,69.82301324809984
wavePE_nodrop,1,1,65.83844172665088
wavePE_nodrop,1,1,68.2614566243242
wavePE_nodrop,1,2,8.854140130507272
wavePE_nodrop,1,2,51.260712152056165
wavePE_nodrop,1,2,48.21063897113577
wavePE_nodrop,1,2,54.45618981958881
wavePE_nodrop,1,2,58.41464712439453
wavePE_nodrop,1,2,50.59508622379065
wavePE_nodrop,1,2,63.868412202787376
wavePE_nodrop,1,2,61.44165190946058
wavePE_nodrop,1,2,64.25843014817212
wavePE_nodrop,1,2,19.984143712353276
wavePE_nodrop,1,2,17.68597789397926
wavePE_nodrop,1,2,20.501969979413
wavePE_nodrop,1,2,20.656851997091817
wavePE_nodrop,1,2,17.55068270450393
wavePE_nodrop,1,2,19.216697151733836
wavePE_nodrop,1,2,23.67809296987155
wavePE_nodrop,1,2,18.749094245737695
wavePE_nodrop,1,2,30.928057108635887
wavePE_nodrop,1,2,49.668084076259525
wavePE_nodrop,1,2,47.214748276063915
wavePE_nodrop,1,2,39.12317765816782
wavePE_nodrop,1,2,54.57251892289684
wavePE_nodrop,1,2,53.17444066938843
wavePE_nodrop,1,2,55.486991655901356
wavePE_nodrop,1,2,48.433489263939215
wavePE_nodrop,1,2,56.30360764661725
wavePE_nodrop,1,2,47.34913896681454
wavePE_nodrop,1,2,61.05193275738553
wavePE_nodrop,1,2,55.51062939090992
wavePE_nodrop,1,2,57.476135162935044
wavePE_nodrop,1,2,51.085690572563195
wavePE_nodrop,1,2,50.06125922114118
wavePE_nodrop,1,2,57.20108613257344
wavePE_nodrop,1,2,53.792098948531645
wavePE_nodrop,1,2,55.04183881930607
wavePE_nodrop,1,2,48.877851592719786
wavePE_nodrop,1,2,61.21120342446594
wavePE_nodrop,1,2,59.54957368943413
wavePE_nodrop,1,2,61.137145038889635
wavePE_nodrop,1,2,49.686698810265334
wavePE_nodrop,1,2,55.43639579437332
wavePE_nodrop,1,2,54.99149882704226
wavePE_nodrop,1,2,63.59673502358551
wavePE_nodrop,1,2,68.30446112814292
wavePE_nodrop,1,2,48.88707639902574
wavePE_nodrop,1,3,9.98724144773587
wavePE_nodrop,1,3,7.958271299259279
wavePE_nodrop,1,3,8.809564679806494
wavePE_nodrop,1,3,9.479488022221144
wavePE_nodrop,1,3,6.943380983590621
wavePE_nodrop,1,3,8.11800491553408
wavePE_nodrop,1,3,13.087461085265037
wavePE_nodrop,1,3,9.182811760024943
wavePE_nodrop,1,3,27.230470380600483
wavePE_nodrop,1,3,43.969702900514484
wavePE_nodrop,1,3,43.00415886235353
wavePE_nodrop,1,3,36.81268704721891
wavePE_nodrop,1,3,49.7795927684373
wavePE_nodrop,1,3,49.55791486288651
wavePE_nodrop,1,3,50.178249235576416
wavePE_nodrop,1,3,34.8134645645401
wavePE_nodrop,1,3,46.55290987523326
wavePE_nodrop,1,3,37.13622298826632
wavePE_nodrop,1,3,48.786639713123236
wavePE_nodrop,1,3,47.21389336157376
wavePE_nodrop,1,3,47.36950820895421
wavePE_nodrop,1,3,47.47353022128349
wavePE_nodrop,1,3,47.40634557269889
wavePE_nodrop,1,3,52.961068637656986
wavePE_nodrop,1,3,49.06793325173783
wavePE_nodrop,1,3,50.81423353420267
wavePE_nodrop,1,3,45.363556612433534
wavePE_nodrop,1,3,54.93312900944749
wavePE_nodrop,1,3,54.95851706134334
wavePE_nodrop,1,3,56.700906233764215
wavePE_nodrop,1,3,46.1768694303205
wavePE_nodrop,1,3,50.8849556875138
wavePE_nodrop,1,3,49.280018287977974
wavePE_nodrop,1,3,58.24963013563455
wavePE_nodrop,1,3,62.75701498829649
wavePE_nodrop,1,3,42.79989485254208
wavePE_nodrop,1,3,16.01927713429293
wavePE_nodrop,1,3,20.437492429801164
wavePE_nodrop,1,3,20.383447179551272
wavePE_nodrop,1,3,16.704211229524482
wavePE_nodrop,1,3,19.11733184128527
wavePE_nodrop,1,3,23.849866598800794
wavePE_nodrop,1,3,18.673354266316203
wavePE_nodrop,1,3,16.820722886517608
wavePE_nodrop,1,3,17.699112629402187
wavePE_nodrop,1,3,15.881478748937344
wavePE_nodrop,1,3,17.682504922112706
wavePE_nodrop,1,3,18.932649290204505
wavePE_nodrop,1,3,17.156712377183513
wavePE_nodrop,1,3,20.767946882606143
wavePE_nodrop,1,3,17.9925637765591
wavePE_nodrop,1,3,19.173743198788607
wavePE_nodrop,1,3,24.742528877475603
wavePE_nodrop,1,3,18.39543384251715
wavePE_nodrop,1,3,16.883312647496048
wavePE_nodrop,1,3,19.39997170623838
wavePE_nodrop,1,3,23.82891926871604
wavePE_nodrop,1,3,21.431854046192843
wavePE_nodrop,1,3,17.25077046656
wavePE_nodrop,1,3,19.254346188946368
wavePE_nodrop,1,3,16.76937278728455
wavePE_nodrop,1,3,20.7397845263178
wavePE_nodrop,1,3,17.66430525832254
wavePE_nodrop,1,3,15.61023666359654
wavePE_nodrop,1,3,19.622562566089155
wavePE_nodrop,1,3,29.631657169962455
wavePE_nodrop,1,3,20.077560900592797
wavePE_nodrop,1,3,31.375829314379097
wavePE_nodrop,1,3,26.05433007281257
wavePE_nodrop,1,3,28.729774744420492
wavePE_nodrop,1,3,44.651687245473695
wavePE_nodrop,1,3,40.49603083948544
wavePE_nodrop,1,3,49.23758889980199
wavePE_nodrop,1,3,45.97664194827394
wavePE_nodrop,1,3,45.683920809525794
wavePE_nodrop,1,3,34.69505985816583
wavePE_nodrop,1,3,47.06833173810024
wavePE_nodrop,1,3,45.454875878304506
wavePE_nodrop,1,3,46.785873529446285
wavePE_nodrop,1,3,35.5819862633771
wavePE_nodrop,1,3,40.66217006846687
wavePE_nodrop,1,3,39.86406020135946
wavePE_nodrop,1,3,51.2095560074557
wavePE_nodrop,1,3,54.14400552533574
wavePE_nodrop,1,3,38.95800857514445
wavePE_nodrop,1,3,40.874916941995195
wavePE_nodrop,1,3,41.29901381136348
wavePE_nodrop,1,3,50.24978257015988
wavePE_nodrop,1,3,43.36126670706362
wavePE_nodrop,1,3,41.81878218057489
wavePE_nodrop,1,3,43.09033836981449
wavePE_nodrop,1,3,56.50786606371586
wavePE_nodrop,1,3,49.972294054462736
wavePE_nodrop,1,3,53.96622497795992
wavePE_nodrop,1,3,48.05535050870314
wavePE_nodrop,1,3,48.01313307367136
wavePE_nodrop,1,3,47.11684516730975
wavePE_nodrop,1,3,55.842393736139975
wavePE_nodrop,1,3,59.935847238904636
wavePE_nodrop,1,3,39.16847414385758
wavePE_nodrop,1,3,42.0441517765507
wavePE_nodrop,1,3,49.27318176684559
wavePE_nodrop,1,3,47.475383355513124
wavePE_nodrop,1,3,45.884412117095174
wavePE_nodrop,1,3,42.70593400842132
wavePE_nodrop,1,3,48.55315960684917
wavePE_nodrop,1,3,49.390527710236725
wavePE_nodrop,1,3,48.84882727144351
wavePE_nodrop,1,3,53.151105204756156
wavePE_nodrop,1,3,39.999657229374634
wavePE_nodrop,1,3,40.597086242267
wavePE_nodrop,1,3,51.24578190183963
wavePE_nodrop,1,3,48.306554625993165
wavePE_nodrop,1,3,54.29827366290839
wavePE_nodrop,1,3,59.531730767042916
wavePE_nodrop,1,3,47.21224641222271
wavePE_nodrop,1,3,50.607158455761976
wavePE_nodrop,1,3,51.58285296730329
wavePE_nodrop,1,3,47.886651987289106
wavePE_nodrop,1,3,46.35094946230078
wavePE_nodrop,1,4,8.35288792798371
wavePE_nodrop,1,4,11.734950125390654
wavePE_nodrop,1,4,10.060960530277514
wavePE_nodrop,1,4,6.641188703762824
wavePE_nodrop,1,4,8.62630855678072
wavePE_nodrop,1,4,13.268442920159027
wavePE_nodrop,1,4,10.058775112858486
wavePE_nodrop,1,4,7.886123415987219
wavePE_nodrop,1,4,7.878589037991356
wavePE_nodrop,1,4,6.427359044633724
wavePE_nodrop,1,4,7.864918703981957
wavePE_nodrop,1,4,10.322459150522965
wavePE_nodrop,1,4,8.522386772090563
wavePE_nodrop,1,4,12.290924477712126
wavePE_nodrop,1,4,7.49957339125559
wavePE_nodrop,1,4,8.21428443872999
wavePE_nodrop,1,4,12.757999341974775
wavePE_nodrop,1,4,7.696299910345787
wavePE_nodrop,1,4,6.841527221282819
wavePE_nodrop,1,4,8.559105067356208
wavePE_nodrop,1,4,14.197943757181998
wavePE_nodrop,1,4,8.498807325246343
wavePE_nodrop,1,4,7.073413442383946
wavePE_nodrop,1,4,9.514557372822756
wavePE_nodrop,1,4,7.189491480622626
wavePE_nodrop,1,4,11.107409944349282
wavePE_nodrop,1,4,8.389552388001393
wavePE_nodrop,1,4,9.009840104901214
wavePE_nodrop,1,4,15.808693414679595
wavePE_nodrop,1,4,26.467400287144724
wavePE_nodrop,1,4,17.933661952269016
wavePE_nodrop,1,4,27.582440808001877
wavePE_nodrop,1,4,23.10292562931036
wavePE_nodrop,1,4,25.71390369836589
wavePE_nodrop,1,4,40.82807324962794
wavePE_nodrop,1,4,36.674287973560276
wavePE_nodrop,1,4,42.06173583565819
wavePE_nodrop,1,4,41.296104947391974
wavePE_nodrop,1,4,40.40526290442592
wavePE_nodrop,1,4,31.502309199536732
wavePE_nodrop,1,4,41.38406872103588
wavePE_nodrop,1,4,43.63279840732939
wavePE_nodrop,1,4,43.65941141088249
wavePE_nodrop,1,4,33.09052064787199
wavePE_nodrop,1,4,39.206253404709535
wavePE_nodrop,1,4,36.565719756616254
wavePE_nodrop,1,4,47.08435891074828
wavePE_nodrop,1,4,49.169017836898504
wavePE_nodrop,1,4,33.34668999152966
wavePE_nodrop,1,4,34.89651951372694
wavePE_nodrop,1,4,32.04516665453262
wavePE_nodrop,1,4,38.77785019292602
wavePE_nodrop,1,4,36.11380956358574
wavePE_nodrop,1,4,28.3919568213536
wavePE_nodrop,1,4,35.61099702548815
wavePE_nodrop,1,4,44.634069809571095
wavePE_nodrop,1,4,43.59014988160182
wavePE_nodrop,1,4,45.46954702201038
wavePE_nodrop,1,4,37.16180320665808
wavePE_nodrop,1,4,41.06448604872217
wavePE_nodrop,1,4,38.03401579499069
wavePE_nodrop,1,4,47.35212515691253
wavePE_nodrop,1,4,50.35772445254941
wavePE_nodrop,1,4,34.9691445012579
wavePE_nodrop,1,4,41.61162769785936
wavePE_nodrop,1,4,44.81534057167083
wavePE_nodrop,1,4,45.24221918702757
wavePE_nodrop,1,4,42.52395894298726
wavePE_nodrop,1,4,41.53686280052148
wavePE_nodrop,1,4,46.01636525738316
wavePE_nodrop,1,4,46.615072593503136
wavePE_nodrop,1,4,46.76688769049776
wavePE_nodrop,1,4,50.908666265140944
wavePE_nodrop,1,4,34.052494960654215
wavePE_nodrop,1,4,34.31974691622097
wavePE_nodrop,1,4,44.43990604953116
wavePE_nodrop,1,4,43.629792488976975
wavePE_nodrop,1,4,46.15695626997429
wavePE_nodrop,1,4,51.7275337379214
wavePE_nodrop,1,4,41.369175522737464
wavePE_nodrop,1,4,44.92312849001646
wavePE_nodrop,1,4,46.69556028015832
wavePE_nodrop,1,4,40.58377728320816
wavePE_nodrop,1,4,39.513486980193484
wavePE_nodrop,1,4,13.21106198554885
wavePE_nodrop,1,4,16.36246249591462
wavePE_nodrop,1,4,13.308250008560979
wavePE_nodrop,1,4,16.401971150557955
wavePE_nodrop,1,4,16.55383572980947
wavePE_nodrop,1,4,16.345275631424254
wavePE_nodrop,1,4,21.864306744499125
wavePE_nodrop,1,4,17.363558235608405
wavePE_nodrop,1,4,19.592547836853893
wavePE_nodrop,1,4,22.89526175895973
wavePE_nodrop,1,4,17.63549023893481
wavePE_nodrop,1,4,16.40430309836212
wavePE_nodrop,1,4,18.523538516116812
wavePE_nodrop,1,4,23.816290000840997
wavePE_nodrop,1,4,20.974773666384685
wavePE_nodrop,1,4,16.538461182226072
wavePE_nodrop,1,4,20.16860717931611
wavePE_nodrop,1,4,15.977497604698986
wavePE_nodrop,1,4,22.90215694603088
wavePE_nodrop,1,4,18.523566467500252
wavePE_nodrop,1,4,15.223775895418331
wavePE_nodrop,1,4,16.975300275628292
wavePE_nodrop,1,4,15.787132205901335
wavePE_nodrop,1,4,16.2342114971668
wavePE_nodrop,1,4,18.203892559150624
wavePE_nodrop,1,4,15.78627542564496
wavePE_nodrop,1,4,15.352362382020047
wavePE_nodrop,1,4,17.0764509364834
wavePE_nodrop,1,4,18.46175952995464
wavePE_nodrop,1,4,17.526342150528603
wavePE_nodrop,1,4,15.505363150519683
wavePE_nodrop,1,4,17.403634452263013
wavePE_nodrop,1,4,15.486043903821988
wavePE_nodrop,1,4,18.934809396913078
wavePE_nodrop,1,4,16.98525158165574
wavePE_nodrop,1,4,12.65183220606984
wavePE_nodrop,1,4,18.382362904627207
wavePE_nodrop,1,4,20.128937046852208
wavePE_nodrop,1,4,24.423391963358345
wavePE_nodrop,1,4,21.66119951976674
wavePE_nodrop,1,4,16.679268555183423
wavePE_nodrop,1,4,20.830685700429846
wavePE_nodrop,1,4,17.297884783116707
wavePE_nodrop,1,4,22.70609942518632
wavePE_nodrop,1,4,17.138534691106095
wavePE_nodrop,1,4,13.985493940455422
wavePE_nodrop,1,4,14.748243800232448
wavePE_nodrop,1,4,18.129129736615415
wavePE_nodrop,1,4,17.556683644909793
wavePE_nodrop,1,4,19.139583000933076
wavePE_nodrop,1,4,16.747054567177297
wavePE_nodrop,1,4,16.826420900539876
wavePE_nodrop,1,4,18.671519387309875
wavePE_nodrop,1,4,14.207358865054248
wavePE_nodrop,1,4,16.100770624568863
wavePE_nodrop,1,4,14.216882639660422
wavePE_nodrop,1,4,16.787638805658286
wavePE_nodrop,1,4,12.625617095442378
wavePE_nodrop,1,4,23.108328802782044
wavePE_nodrop,1,4,19.735853173510797
wavePE_nodrop,1,4,15.42906010993436
wavePE_nodrop,1,4,18.84358558902544
wavePE_nodrop,1,4,30.28705436145493
wavePE_nodrop,1,4,25.950519085746432
wavePE_nodrop,1,4,28.277390771976005
wavePE_nodrop,1,4,20.56707414624633
wavePE_nodrop,1,4,19.446999273141653
wavePE_nodrop,1,4,19.66087478288916
wavePE_nodrop,1,4,25.98448808285757
wavePE_nodrop,1,4,29.83158816191421
wavePE_nodrop,1,4,15.992429684776827
wavePE_nodrop,1,4,35.252136406894415
wavePE_nodrop,1,4,43.67651546580805
wavePE_nodrop,1,4,41.67533734551192
wavePE_nodrop,1,4,40.76631071381883
wavePE_nodrop,1,4,37.326459695220265
wavePE_nodrop,1,4,41.294206209619176
wavePE_nodrop,1,4,41.28788347063115
wavePE_nodrop,1,4,44.33793587720189
wavePE_nodrop,1,4,46.82130973790135
wavePE_nodrop,1,4,36.39347379702957
wavePE_nodrop,1,4,28.822198463362934
wavePE_nodrop,1,4,35.670877975105434
wavePE_nodrop,1,4,35.956045370488276
wavePE_nodrop,1,4,43.3554725074251
wavePE_nodrop,1,4,47.764645027367585
wavePE_nodrop,1,4,35.52438036523278
wavePE_nodrop,1,4,37.43179665449069
wavePE_nodrop,1,4,38.03364511405964
wavePE_nodrop,1,4,37.576748382442545
wavePE_nodrop,1,4,40.40749101064982
wavePE_nodrop,1,4,34.53113211223878
wavePE_nodrop,1,4,41.795304586377156
wavePE_nodrop,1,4,37.03095616938882
wavePE_nodrop,1,4,33.114245423715424
wavePE_nodrop,1,4,39.83405422502418
wavePE_nodrop,1,4,42.412349383968774
wavePE_nodrop,1,4,40.293365259130944
wavePE_nodrop,1,4,43.81510843784055
wavePE_nodrop,1,4,44.14077526782352
wavePE_nodrop,1,4,28.890419041828803
wavePE_nodrop,1,4,37.30229262853451
wavePE_nodrop,1,4,44.058091390062614
wavePE_nodrop,1,4,42.332194361357914
wavePE_nodrop,1,4,47.32399839749933
wavePE_nodrop,1,4,56.881670826263864
wavePE_nodrop,1,4,36.370978650688315
wavePE_nodrop,1,4,47.43881838005099
wavePE_nodrop,1,4,48.97459130454591
wavePE_nodrop,1,4,37.14578556602927
wavePE_nodrop,1,4,39.51998726383978
wavePE_nodrop,1,4,35.83069384775793
wavePE_nodrop,1,4,41.240544022387
wavePE_nodrop,1,4,41.842946781529534
wavePE_nodrop,1,4,44.65222019701515
wavePE_nodrop,1,4,44.514202916311156
wavePE_nodrop,1,4,42.14824474135214
wavePE_nodrop,1,4,40.77171104473101
wavePE_nodrop,1,4,42.21772187388634
wavePE_nodrop,1,4,38.03331157209599
wavePE_nodrop,1,4,36.73220439801042
wavePE_nodrop,1,4,37.58571401020584
wavePE_nodrop,1,4,40.72899705714788
wavePE_nodrop,1,4,47.476635357953455
wavePE_nodrop,1,4,44.20517051926383
wavePE_nodrop,1,4,43.53747910596427
wavePE_nodrop,1,5,5.958431362488872
wavePE_nodrop,1,5,7.8120705727677064
wavePE_nodrop,1,5,5.357975183824925
wavePE_nodrop,1,5,7.343778201115497
wavePE_nodrop,1,5,8.4170404986243
wavePE_nodrop,1,5,9.103585043825836
wavePE_nodrop,1,5,13.148851908356779
wavePE_nodrop,1,5,8.631083027997828
wavePE_nodrop,1,5,9.321023062232765
wavePE_nodrop,1,5,12.867531695509536
wavePE_nodrop,1,5,9.05281460255275
wavePE_nodrop,1,5,5.617278757372257
wavePE_nodrop,1,5,7.732972410321912
wavePE_nodrop,1,5,13.454788959721782
wavePE_nodrop,1,5,9.343983097004601
wavePE_nodrop,1,5,6.148835091897523
wavePE_nodrop,1,5,10.107711568975475
wavePE_nodrop,1,5,6.957055989727154
wavePE_nodrop,1,5,11.770474986661997
wavePE_nodrop,1,5,9.676398995502973
wavePE_nodrop,1,5,9.618159921964311
wavePE_nodrop,1,5,7.883931158801319
wavePE_nodrop,1,5,6.571632456868957
wavePE_nodrop,1,5,7.073289344534137
wavePE_nodrop,1,5,8.972256950904988
wavePE_nodrop,1,5,6.729833505424802
wavePE_nodrop,1,5,6.287160168654203
wavePE_nodrop,1,5,7.613034796076789
wavePE_nodrop,1,5,11.034139960918539
wavePE_nodrop,1,5,8.890689486314933
wavePE_nodrop,1,5,6.3280365734527
wavePE_nodrop,1,5,8.582421564387426
wavePE_nodrop,1,5,7.403840340858059
wavePE_nodrop,1,5,10.523692103669505
wavePE_nodrop,1,5,7.645130645458033
wavePE_nodrop,1,5,5.7993591849598305
wavePE_nodrop,1,5,10.335311470646998
wavePE_nodrop,1,5,12.735406843812417
wavePE_nodrop,1,5,15.606169292327062
wavePE_nodrop,1,5,12.21683671859233
wavePE_nodrop,1,5,7.246989234012794
wavePE_nodrop,1,5,10.352098832345366
wavePE_nodrop,1,5,7.039628924298818
wavePE_nodrop,1,5,11.865285027783164
wavePE_nodrop,1,5,7.53933137352191
wavePE_nodrop,1,5,7.312883131178588
wavePE_nodrop,1,5,6.938222332703668
wavePE_nodrop,1,5,9.805131165557361
wavePE_nodrop,1,5,6.501273174212933
wavePE_nodrop,1,5,9.34632215421079
wavePE_nodrop,1,5,7.644148759444945
wavePE_nodrop,1,5,9.867215573448409
wavePE_nodrop,1,5,8.805283637417032
wavePE_nodrop,1,5,6.883502594218071
wavePE_nodrop,1,5,8.823202399731896
wavePE_nodrop,1,5,8.456373092964181
wavePE_nodrop,1,5,13.018437809374982
wavePE_nodrop,1,5,10.708928849792942
wavePE_nodrop,1,5,18.55600736590805
wavePE_nodrop,1,5,17.334128889077242
wavePE_nodrop,1,5,11.098802892060874
wavePE_nodrop,1,5,18.418716278732827
wavePE_nodrop,1,5,26.59825931824415
wavePE_nodrop,1,5,24.235830237325334
wavePE_nodrop,1,5,25.237645672498722
wavePE_nodrop,1,5,17.912834011469226
wavePE_nodrop,1,5,17.133439921368627
wavePE_nodrop,1,5,17.29947430368092
wavePE_nodrop,1,5,23.64911063658988
wavePE_nodrop,1,5,26.942788850956486
wavePE_nodrop,1,5,14.595911306699751
wavePE_nodrop,1,5,32.950138809812756
wavePE_nodrop,1,5,39.376557620797435
wavePE_nodrop,1,5,41.29340558346103
wavePE_nodrop,1,5,37.781116124484306
wavePE_nodrop,1,5,32.54957090334902
wavePE_nodrop,1,5,38.19731680184019
wavePE_nodrop,1,5,35.16725905476769
wavePE_nodrop,1,5,38.73815319314547
wavePE_nodrop,1,5,38.36100667910632
wavePE_nodrop,1,5,28.831353982044174
wavePE_nodrop,1,5,25.537142600256495
wavePE_nodrop,1,5,33.40783358276237
wavePE_nodrop,1,5,32.39014117968389
wavePE_nodrop,1,5,40.280040813086565
wavePE_nodrop,1,5,41.232962892498186
wavePE_nodrop,1,5,30.629542206959886
wavePE_nodrop,1,5,36.06632004456201
wavePE_nodrop,1,5,33.87089005343187
wavePE_nodrop,1,5,30.841592302436414
wavePE_nodrop,1,5,31.628003672008305
wavePE_nodrop,1,5,29.73673386254902
wavePE_nodrop,1,5,34.639643145712384
wavePE_nodrop,1,5,33.56430911869595
wavePE_nodrop,1,5,27.00810954441736
wavePE_nodrop,1,5,33.668034985014614
wavePE_nodrop,1,5,36.56249855597592
wavePE_nodrop,1,5,29.754905090407103
wavePE_nodrop,1,5,38.14698229786699
wavePE_nodrop,1,5,35.86304256034435
wavePE_nodrop,1,5,23.55395884551006
wavePE_nodrop,1,5,27.73831398172518
wavePE_nodrop,1,5,37.02614141494758
wavePE_nodrop,1,5,34.50905489794242
wavePE_nodrop,1,5,39.230482722012894
wavePE_nodrop,1,5,45.13269456106531
wavePE_nodrop,1,5,32.74189671890681
wavePE_nodrop,1,5,40.16194501345143
wavePE_nodrop,1,5,39.42222088562104
wavePE_nodrop,1,5,32.31357441564683
wavePE_nodrop,1,5,32.33434526563025
wavePE_nodrop,1,5,33.14413412100484
wavePE_nodrop,1,5,40.357579137428665
wavePE_nodrop,1,5,39.432312409541446
wavePE_nodrop,1,5,40.37728161499758
wavePE_nodrop,1,5,39.891305078549486
wavePE_nodrop,1,5,34.63132452564715
wavePE_nodrop,1,5,40.03778961215579
wavePE_nodrop,1,5,42.52425301315655
wavePE_nodrop,1,5,32.64682184329529
wavePE_nodrop,1,5,29.37876505845321
wavePE_nodrop,1,5,30.064061717133743
wavePE_nodrop,1,5,29.47666120453623
wavePE_nodrop,1,5,37.32948154774461
wavePE_nodrop,1,5,27.204761952965153
wavePE_nodrop,1,5,36.147401042798734
wavePE_nodrop,1,5,13.16378127621321
wavePE_nodrop,1,5,11.120472290261969
wavePE_nodrop,1,5,14.372159793952417
wavePE_nodrop,1,5,13.013184542225986
wavePE_nodrop,1,5,12.670886743374577
wavePE_nodrop,1,5,12.3874403211094
wavePE_nodrop,1,5,16.73864149258086
wavePE_nodrop,1,5,16.95502913169012
wavePE_nodrop,1,5,16.0356486210046
wavePE_nodrop,1,5,12.744450960942626
wavePE_nodrop,1,5,14.71488828679106
wavePE_nodrop,1,5,13.145282855506238
wavePE_nodrop,1,5,17.018699639822866
wavePE_nodrop,1,5,16.861008842643194
wavePE_nodrop,1,5,11.247382670403242
wavePE_nodrop,1,5,18.08623734428668
wavePE_nodrop,1,5,20.929402380357775
wavePE_nodrop,1,5,23.81207215366435
wavePE_nodrop,1,5,19.713001893435745
wavePE_nodrop,1,5,15.357523015513193
wavePE_nodrop,1,5,21.311226617144573
wavePE_nodrop,1,5,16.459280323297172
wavePE_nodrop,1,5,24.554533793813505
wavePE_nodrop,1,5,16.693055620854214
wavePE_nodrop,1,5,10.98840808009686
wavePE_nodrop,1,5,15.319147998057604
wavePE_nodrop,1,5,18.255251719475037
wavePE_nodrop,1,5,17.1649146385802
wavePE_nodrop,1,5,20.770036684904465
wavePE_nodrop,1,5,19.286554994953768
wavePE_nodrop,1,5,16.535344878210804
wavePE_nodrop,1,5,19.30472331763926
wavePE_nodrop,1,5,16.05376466983106
wavePE_nodrop,1,5,16.647904677685663
wavePE_nodrop,1,5,17.74835465039159
wavePE_nodrop,1,5,15.217255544190698
wavePE_nodrop,1,5,16.08180900118009
wavePE_nodrop,1,5,17.83117713270912
wavePE_nodrop,1,5,14.581113452777426
wavePE_nodrop,1,5,14.428408827139448
wavePE_nodrop,1,5,16.08838121636436
wavePE_nodrop,1,5,16.325609969748708
wavePE_nodrop,1,5,18.118735113553523
wavePE_nodrop,1,5,14.932401578800208
wavePE_nodrop,1,5,11.53439901689325
wavePE_nodrop,1,5,15.248785690214959
wavePE_nodrop,1,5,15.824309303828807
wavePE_nodrop,1,5,15.452765173453669
wavePE_nodrop,1,5,17.128943622882733
wavePE_nodrop,1,5,17.44178229384536
wavePE_nodrop,1,5,13.691114260286952
wavePE_nodrop,1,5,16.266281824898975
wavePE_nodrop,1,5,14.577873355169787
wavePE_nodrop,1,5,13.729697718690257
wavePE_nodrop,1,5,13.271704150212262
wavePE_nodrop,1,5,15.922575971401306
wavePE_nodrop,1,5,19.871260683208423
wavePE_nodrop,1,5,18.09878081111134
wavePE_nodrop,1,5,21.709711934454813
wavePE_nodrop,1,5,19.064002621945384
wavePE_nodrop,1,5,15.549141467921974
wavePE_nodrop,1,5,18.88852683411315
wavePE_nodrop,1,5,16.21275324541808
wavePE_nodrop,1,5,15.11230070968899
wavePE_nodrop,1,5,13.222975918400774
wavePE_nodrop,1,5,14.602836334970517
wavePE_nodrop,1,5,13.572168863533545
wavePE_nodrop,1,5,16.629863947015952
wavePE_nodrop,1,5,13.463908809228288
wavePE_nodrop,1,5,14.658917367651664
wavePE_nodrop,1,5,10.888103920793744
wavePE_nodrop,1,5,18.936495599846754
wavePE_nodrop,1,5,16.71433786418771
wavePE_nodrop,1,5,14.414606148552222
wavePE_nodrop,1,5,13.337001008987226
wavePE_nodrop,1,5,14.056438337634704
wavePE_nodrop,1,5,12.270087861379617
wavePE_nodrop,1,5,22.000480826604615
wavePE_nodrop,1,5,19.13196636041541
wavePE_nodrop,1,5,10.776201951272947
wavePE_nodrop,1,5,17.936655639439007
wavePE_nodrop,1,5,19.789128124121564
wavePE_nodrop,1,5,18.89047831984544
wavePE_nodrop,1,5,25.520692793559313
wavePE_nodrop,1,5,30.67003480099953
wavePE_nodrop,1,5,15.322955985922764
wavePE_nodrop,1,5,19.16789853997424
wavePE_nodrop,1,5,21.635612153775806
wavePE_nodrop,1,5,11.726576511087256
wavePE_nodrop,1,5,16.200310856704483
wavePE_nodrop,1,5,28.699564291494944
wavePE_nodrop,1,5,34.2372506452018
wavePE_nodrop,1,5,36.30465348631154
wavePE_nodrop,1,5,37.865125250000645
wavePE_nodrop,1,5,41.330254266786035
wavePE_nodrop,1,5,37.35209055773844
wavePE_nodrop,1,5,37.52190671002989
wavePE_nodrop,1,5,38.910814313312166
wavePE_nodrop,1,5,35.859665465157356
wavePE_nodrop,1,5,37.76422046523128
wavePE_nodrop,1,5,27.407815658956387
wavePE_nodrop,1,5,29.31693056325135
wavePE_nodrop,1,5,35.82563683812741
wavePE_nodrop,1,5,36.112539391831135
wavePE_nodrop,1,5,38.004982389890834
wavePE_nodrop,1,5,29.264782134060205
wavePE_nodrop,1,5,32.15904053710111
wavePE_nodrop,1,5,30.93579124568087
wavePE_nodrop,1,5,35.5890102837083
wavePE_nodrop,1,5,35.26097756010038
wavePE_nodrop,1,5,24.88896217128634
wavePE_nodrop,1,5,39.177467360898916
wavePE_nodrop,1,5,39.8052321365544
wavePE_nodrop,1,5,28.998995708784367
wavePE_nodrop,1,5,28.814636927855542
wavePE_nodrop,1,5,31.391671719981982
wavePE_nodrop,1,5,37.628060071432756
wavePE_nodrop,1,5,38.62185052758216
wavePE_nodrop,1,5,34.95379323107551
wavePE_nodrop,1,5,39.83988338326501
wavePE_nodrop,1,5,34.06743318471841
wavePE_nodrop,1,5,36.19810477975451
wavePE_nodrop,1,5,36.45228410598427
wavePE_nodrop,1,5,39.69541183291964
wavePE_nodrop,1,5,32.79841396434656
wavePE_nodrop,1,5,29.147618251863403
wavePE_nodrop,1,6,4.227118977141577
wavePE_nodrop,1,6,3.7326555895165052
wavePE_nodrop,1,6,5.157096697492802
wavePE_nodrop,1,6,5.463241813103666
wavePE_nodrop,1,6,5.8975261128967364
wavePE_nodrop,1,6,3.923697880172216
wavePE_nodrop,1,6,6.426601301605883
wavePE_nodrop,1,6,9.052062751268336
wavePE_nodrop,1,6,8.578993064871998
wavePE_nodrop,1,6,3.7153026609968345
wavePE_nodrop,1,6,6.1264292021821465
wavePE_nodrop,1,6,6.554047805547431
wavePE_nodrop,1,6,7.2218551094349905
wavePE_nodrop,1,6,7.933177762644166
wavePE_nodrop,1,6,4.525326117179317
wavePE_nodrop,1,6,9.231355346588469
wavePE_nodrop,1,6,12.183189687835233
wavePE_nodrop,1,6,14.90687686384185
wavePE_nodrop,1,6,12.221029863648235
wavePE_nodrop,1,6,6.156035259520138
wavePE_nodrop,1,6,10.649860561270462
wavePE_nodrop,1,6,7.09734650148314
wavePE_nodrop,1,6,10.749059353525933
wavePE_nodrop,1,6,7.7294958457186675
wavePE_nodrop,1,6,5.047737807007808
wavePE_nodrop,1,6,4.993026044378318
wavePE_nodrop,1,6,8.129238457194631
wavePE_nodrop,1,6,5.762485433481343
wavePE_nodrop,1,6,9.027804145010053
wavePE_nodrop,1,6,6.720870030498031
wavePE_nodrop,1,6,9.1887893867412
wavePE_nodrop,1,6,9.974039790222776
wavePE_nodrop,1,6,6.903594435273421
wavePE_nodrop,1,6,10.80673910696959
wavePE_nodrop,1,6,12.34300765608785
wavePE_nodrop,1,6,6.014270471955977
wavePE_nodrop,1,6,6.7924284511989175
wavePE_nodrop,1,6,9.671273676149521
wavePE_nodrop,1,6,7.230481903951945
wavePE_nodrop,1,6,5.610469370550957
wavePE_nodrop,1,6,7.068779215579107
wavePE_nodrop,1,6,6.719672373261117
wavePE_nodrop,1,6,9.138928652431213
wavePE_nodrop,1,6,6.260001315577432
wavePE_nodrop,1,6,4.395473161837198
wavePE_nodrop,1,6,5.890589999971453
wavePE_nodrop,1,6,7.69935030068729
wavePE_nodrop,1,6,7.394041510773353
wavePE_nodrop,1,6,8.637497895762786
wavePE_nodrop,1,6,7.608370790415694
wavePE_nodrop,1,6,7.774795287644115
wavePE_nodrop,1,6,7.709103045308735
wavePE_nodrop,1,6,6.703182886995797
wavePE_nodrop,1,6,7.085505222123082
wavePE_nodrop,1,6,5.4053884794816
wavePE_nodrop,1,6,10.502565423005402
wavePE_nodrop,1,6,11.262659843469942
wavePE_nodrop,1,6,9.59884839230171
wavePE_nodrop,1,6,11.595513073581447
wavePE_nodrop,1,6,14.356231724345644
wavePE_nodrop,1,6,7.984582048088378
wavePE_nodrop,1,6,9.970527639627779
wavePE_nodrop,1,6,6.928411904939308
wavePE_nodrop,1,6,7.55125440026753
wavePE_nodrop,1,6,7.2560862330915255
wavePE_nodrop,1,6,7.490228141022037
wavePE_nodrop,1,6,5.459355918085821
wavePE_nodrop,1,6,8.161338352021962
wavePE_nodrop,1,6,6.548941035147755
wavePE_nodrop,1,6,5.908855557816964
wavePE_nodrop,1,6,9.192845372811226
wavePE_nodrop,1,6,13.016337382843705
wavePE_nodrop,1,6,13.36183023735598
wavePE_nodrop,1,6,9.521410053401809
wavePE_nodrop,1,6,11.003660221544774
wavePE_nodrop,1,6,12.06074261760919
wavePE_nodrop,1,6,9.163922392648459
wavePE_nodrop,1,6,19.7063242024857
wavePE_nodrop,1,6,12.94649500178457
wavePE_nodrop,1,6,6.860193980877647
wavePE_nodrop,1,6,16.136007109482957
wavePE_nodrop,1,6,19.652883940318617
wavePE_nodrop,1,6,19.469738440997656
wavePE_nodrop,1,6,22.793996811570285
wavePE_nodrop,1,6,25.659539319652932
wavePE_nodrop,1,6,13.48491425154819
wavePE_nodrop,1,6,17.70595225684449
wavePE_nodrop,1,6,20.15568620422806
wavePE_nodrop,1,6,10.12978238511205
wavePE_nodrop,1,6,13.001906079428599
wavePE_nodrop,1,6,26.79611604381318
wavePE_nodrop,1,6,34.70890245730286
wavePE_nodrop,1,6,33.14203661838941
wavePE_nodrop,1,6,34.831456243689466
wavePE_nodrop,1,6,35.80093112744455
wavePE_nodrop,1,6,33.315437284426785
wavePE_nodrop,1,6,34.689125633539106
wavePE_nodrop,1,6,31.877429946656576
wavePE_nodrop,1,6,29.837023948022107
wavePE_nodrop,1,6,29.733647061111213
wavePE_nodrop,1,6,24.79541339263407
wavePE_nodrop,1,6,23.868680500934317
wavePE_nodrop,1,6,28.605901372880982
wavePE_nodrop,1,6,23.626739100181986
wavePE_nodrop,1,6,28.165017202184394
wavePE_nodrop,1,6,22.81425338978651
wavePE_nodrop,1,6,29.702768362578944
wavePE_nodrop,1,6,24.865376634826227
wavePE_nodrop,1,6,32.53179171587323
wavePE_nodrop,1,6,28.426016607902934
wavePE_nodrop,1,6,22.74849504390601
wavePE_nodrop,1,6,37.88199407224506
wavePE_nodrop,1,6,34.26374082964171
wavePE_nodrop,1,6,24.70531709071033
wavePE_nodrop,1,6,23.0280242898553
wavePE_nodrop,1,6,25.922565352974203
wavePE_nodrop,1,6,26.468322214775196
wavePE_nodrop,1,6,30.482575935821306
wavePE_nodrop,1,6,21.718554540402828
wavePE_nodrop,1,6,23.325468863843152
wavePE_nodrop,1,6,31.347634440190273
wavePE_nodrop,1,6,30.92635959728483
wavePE_nodrop,1,6,30.31763323797758
wavePE_nodrop,1,6,26.550399887632324
wavePE_nodrop,1,6,27.248434785340432
wavePE_nodrop,1,6,11.096635427910629
wavePE_nodrop,1,6,12.449232743500106
wavePE_nodrop,1,6,14.457469868910163
wavePE_nodrop,1,6,12.521101786637177
wavePE_nodrop,1,6,13.187046095466709
wavePE_nodrop,1,6,10.960142147214096
wavePE_nodrop,1,6,10.80108685629048
wavePE_nodrop,1,6,11.285552031257867
wavePE_nodrop,1,6,15.249082570643683
wavePE_nodrop,1,6,16.158672076564198
wavePE_nodrop,1,6,9.754719858379712
wavePE_nodrop,1,6,12.449990647830194
wavePE_nodrop,1,6,13.900777283480904
wavePE_nodrop,1,6,12.850212108505886
wavePE_nodrop,1,6,16.954287290708645
wavePE_nodrop,1,6,17.12831282246294
wavePE_nodrop,1,6,11.917377606979446
wavePE_nodrop,1,6,15.481241913289255
wavePE_nodrop,1,6,12.62241378076234
wavePE_nodrop,1,6,11.243178077654132
wavePE_nodrop,1,6,11.95723320393736
wavePE_nodrop,1,6,16.117909629333468
wavePE_nodrop,1,6,20.737883467235026
wavePE_nodrop,1,6,17.589228505566783
wavePE_nodrop,1,6,21.510206616741048
wavePE_nodrop,1,6,18.67471266278482
wavePE_nodrop,1,6,11.62059402943036
wavePE_nodrop,1,6,18.888815311985944
wavePE_nodrop,1,6,14.296971475710492
wavePE_nodrop,1,6,12.465125766896632
wavePE_nodrop,1,6,12.011808543339546
wavePE_nodrop,1,6,16.194631294475148
wavePE_nodrop,1,6,14.795686029908241
wavePE_nodrop,1,6,16.92854163724622
wavePE_nodrop,1,6,18.06891698969209
wavePE_nodrop,1,6,19.93521820327837
wavePE_nodrop,1,6,13.382196036482002
wavePE_nodrop,1,6,15.399282785993764
wavePE_nodrop,1,6,15.053663477431892
wavePE_nodrop,1,6,16.98553541867361
wavePE_nodrop,1,6,15.102266456027094
wavePE_nodrop,1,6,11.270262279892581
wavePE_nodrop,1,6,15.871510373905917
wavePE_nodrop,1,6,15.16421814709571
wavePE_nodrop,1,6,11.79777328022155
wavePE_nodrop,1,6,11.24512083173309
wavePE_nodrop,1,6,13.699109093482706
wavePE_nodrop,1,6,12.636632202078983
wavePE_nodrop,1,6,14.471198203711367
wavePE_nodrop,1,6,12.766051933624738
wavePE_nodrop,1,6,15.40072157373913
wavePE_nodrop,1,6,15.443155200917811
wavePE_nodrop,1,6,13.326768306098291
wavePE_nodrop,1,6,16.05837678309514
wavePE_nodrop,1,6,12.001002957666168
wavePE_nodrop,1,6,13.64165751445357
wavePE_nodrop,1,6,10.280629880202493
wavePE_nodrop,1,6,10.026335855726867
wavePE_nodrop,1,6,11.680546284626164
wavePE_nodrop,1,6,9.707380749778064
wavePE_nodrop,1,6,17.91872492707538
wavePE_nodrop,1,6,14.221642173384598
wavePE_nodrop,1,6,10.159834939363094
wavePE_nodrop,1,6,15.220042341679573
wavePE_nodrop,1,6,13.136793200989782
wavePE_nodrop,1,6,8.511686674626272
wavePE_nodrop,1,6,12.148121066094896
wavePE_nodrop,1,6,12.790903810542456
wavePE_nodrop,1,6,18.31784794880415
wavePE_nodrop,1,6,14.281190226160987
wavePE_nodrop,1,6,15.970488495380454
wavePE_nodrop,1,6,12.132500875204496
wavePE_nodrop,1,6,26.166533914233014
wavePE_nodrop,1,6,30.159287316717183
wavePE_nodrop,1,6,31.925309712862664
wavePE_nodrop,1,6,34.30557071496934
wavePE_nodrop,1,6,36.15723438542389
wavePE_nodrop,1,6,23.90060753194439
wavePE_nodrop,1,6,25.597827569512866
wavePE_nodrop,1,6,29.76309165270566
wavePE_nodrop,1,6,24.82985402225774
wavePE_nodrop,1,6,26.663755132098395
wavePE_nodrop,1,6,28.432689413059908
wavePE_nodrop,1,6,23.946411595836828
wavePE_nodrop,1,6,25.761733931849555
learnedPE_drop,1,0,69.99191085052296
learnedPE_drop,1,1,68.63750846520807
learnedPE_drop,1,1,64.28651699138973
learnedPE_drop,1,1,68.87705253481722
learnedPE_drop,1,1,67.29513336162854
learnedPE_drop,1,1,69.3095674878196
learnedPE_drop,1,1,70.20412424967375
learnedPE_drop,1,1,68.36338010815076
learnedPE_drop,1,1,67.55775301822443
learnedPE_drop,1,1,69.5419294141064
learnedPE_drop,1,1,70.84845528430982
learnedPE_drop,1,2,54.23841363939051
learnedPE_drop,1,2,67.93880563567389
learnedPE_drop,1,2,65.10480252325992
learnedPE_drop,1,2,66.65365202690762
learnedPE_drop,1,2,68.6008378315406
learnedPE_drop,1,2,66.10906712218905
learnedPE_drop,1,2,65.61987796927039
learnedPE_drop,1,2,68.4589145134581
learnedPE_drop,1,2,68.5554521516031
learnedPE_drop,1,2,60.480149005905794
learnedPE_drop,1,2,60.80002688567658
learnedPE_drop,1,2,60.60328722001041
learnedPE_drop,1,2,62.75488355083412
learnedPE_drop,1,2,60.418476089587344
learnedPE_drop,1,2,61.564321638912055
learnedPE_drop,1,2,63.21744243894322
learnedPE_drop,1,2,63.61495388488844
learnedPE_drop,1,2,61.22089200845084
learnedPE_drop,1,2,66.49859780664471
learnedPE_drop,1,2,68.47830713077346
learnedPE_drop,1,2,67.31752622283798
learnedPE_drop,1,2,65.27292165664844
learnedPE_drop,1,2,68.16990960000132
learnedPE_drop,1,2,68.84656545132796
learnedPE_drop,1,2,63.35683580205985
learnedPE_drop,1,2,66.69701566720524
learnedPE_drop,1,2,65.3722285272044
learnedPE_drop,1,2,65.04628190125653
learnedPE_drop,1,2,67.78027906868617
learnedPE_drop,1,2,68.22416287157797
learnedPE_drop,1,2,66.95706180319759
learnedPE_drop,1,2,65.91214137807502
learnedPE_drop,1,2,67.71669578225672
learnedPE_drop,1,2,69.23007869015899
learnedPE_drop,1,2,69.97190289166043
learnedPE_drop,1,2,66.73664437729454
learnedPE_drop,1,2,67.00132799190928
learnedPE_drop,1,2,69.37730761317734
learnedPE_drop,1,2,70.2595525320955
learnedPE_drop,1,2,65.43368086186028
learnedPE_drop,1,2,65.509306663292
learnedPE_drop,1,2,68.4106887468364
learnedPE_drop,1,2,63.016975716283945
learnedPE_drop,1,2,66.5178826361212
learnedPE_drop,1,2,68.08833303589955
learnedPE_drop,1,3,53.080198329681416
learnedPE_drop,1,3,49.70373867221421
learnedPE_drop,1,3,49.77640905710491
learnedPE_drop,1,3,52.468985586161885
learnedPE_drop,1,3,52.18659464904896
learnedPE_drop,1,3,53.1337651384197
learnedPE_drop,1,3,52.48918420356576
learnedPE_drop,1,3,55.57397742970533
learnedPE_drop,1,3,57.869379859790236
learnedPE_drop,1,3,65.52397048340967
learnedPE_drop,1,3,67.35554391581458
learnedPE_drop,1,3,66.12808924046712
learnedPE_drop,1,3,64.12129152933777
learnedPE_drop,1,3,66.83345906877709
learnedPE_drop,1,3,68.26785115812775
learnedPE_drop,1,3,60.76062387883253
learnedPE_drop,1,3,63.767732125806454
learnedPE_drop,1,3,63.362261762193846
learnedPE_drop,1,3,62.90013054183278
learnedPE_drop,1,3,65.55176524923921
learnedPE_drop,1,3,65.91965437077012
learnedPE_drop,1,3,65.22571957271923
learnedPE_drop,1,3,63.7920108349609
learnedPE_drop,1,3,66.14815985503252
learnedPE_drop,1,3,66.16500008044963
learnedPE_drop,1,3,67.26672995038614
learnedPE_drop,1,3,65.02098467825587
learnedPE_drop,1,3,64.03099789754677
learnedPE_drop,1,3,66.68668098288825
learnedPE_drop,1,3,68.29778137439196
learnedPE_drop,1,3,62.30346556092883
learnedPE_drop,1,3,64.41645156728016
learnedPE_drop,1,3,66.00924221887131
learnedPE_drop,1,3,61.315445696909016
learnedPE_drop,1,3,64.68895119539849
learnedPE_drop,1,3,66.49563378198785
learnedPE_drop,1,3,45.923008974720865
learnedPE_drop,1,3,56.851796537490436
learnedPE_drop,1,3,59.469773531797344
learnedPE_drop,1,3,58.49241689004642
learnedPE_drop,1,3,57.369825098746745
learnedPE_drop,1,3,60.03355397851218
learnedPE_drop,1,3,60.33842883229894
learnedPE_drop,1,3,53.431514240254906
learnedPE_drop,1,3,59.23251517704067
learnedPE_drop,1,3,57.38000547208723
learnedPE_drop,1,3,56.34084765519974
learnedPE_drop,1,3,59.97866418837033
learnedPE_drop,1,3,60.77455792331057
learnedPE_drop,1,3,58.13363739898004
learnedPE_drop,1,3,57.08174302133437
learnedPE_drop,1,3,58.4528823872025
learnedPE_drop,1,3,60.539356005130095
learnedPE_drop,1,3,60.2510815859328
learnedPE_drop,1,3,58.599837836752464
learnedPE_drop,1,3,57.95262826974541
learnedPE_drop,1,3,61.99790570433263
learnedPE_drop,1,3,62.37412238119003
learnedPE_drop,1,3,57.2086850820511
learnedPE_drop,1,3,56.913976004759206
learnedPE_drop,1,3,60.38858364416923
learnedPE_drop,1,3,56.85727942344623
learnedPE_drop,1,3,60.11942793859766
learnedPE_drop,1,3,61.367639140739094
learnedPE_drop,1,3,45.113355382180075
learnedPE_drop,1,3,59.4567649459198
learnedPE_drop,1,3,58.558964967151795
learnedPE_drop,1,3,55.93260219036902
learnedPE_drop,1,3,60.13962246685817
learnedPE_drop,1,3,60.193252209197006
learnedPE_drop,1,3,64.07717475899315
learnedPE_drop,1,3,63.468261823180605
learnedPE_drop,1,3,65.75657481707206
learnedPE_drop,1,3,67.01218462309592
learnedPE_drop,1,3,67.91605036522076
learnedPE_drop,1,3,64.76779330085934
learnedPE_drop,1,3,64.62167452042507
learnedPE_drop,1,3,67.55126348754841
learnedPE_drop,1,3,68.45273340033617
learnedPE_drop,1,3,64.37517904870465
learnedPE_drop,1,3,65.01503330703902
learnedPE_drop,1,3,67.53188313757511
learnedPE_drop,1,3,61.45642347150516
learnedPE_drop,1,3,65.51851117717534
learnedPE_drop,1,3,66.38596046403697
learnedPE_drop,1,3,59.90198166940447
learnedPE_drop,1,3,60.45260322002362
learnedPE_drop,1,3,59.762263504570214
learnedPE_drop,1,3,63.677808577237634
learnedPE_drop,1,3,63.289730109025676
learnedPE_drop,1,3,64.16915039036397
learnedPE_drop,1,3,63.589205886340935
learnedPE_drop,1,3,65.99366643958635
learnedPE_drop,1,3,66.71783930370943
learnedPE_drop,1,3,63.15181528710705
learnedPE_drop,1,3,64.15628881871736
learnedPE_drop,1,3,65.49819399838265
learnedPE_drop,1,3,60.88349499218281
learnedPE_drop,1,3,65.48522421343158
learnedPE_drop,1,3,65.95550355688479
learnedPE_drop,1,3,61.638141257378855
learnedPE_drop,1,3,64.64324331922788
learnedPE_drop,1,3,67.22737791082031
learnedPE_drop,1,3,68.56819419482945
learnedPE_drop,1,3,63.388536616340936
learnedPE_drop,1,3,64.16934213471461
learnedPE_drop,1,3,66.84414115609752
learnedPE_drop,1,3,65.28257220649338
learnedPE_drop,1,3,68.40247008237041
learnedPE_drop,1,3,67.57666140799803
learnedPE_drop,1,3,62.092383523212185
learnedPE_drop,1,3,64.39421035143876
learnedPE_drop,1,3,67.11078452213188
learnedPE_drop,1,3,59.658694263077
learnedPE_drop,1,3,65.45039783806762
learnedPE_drop,1,3,67.67578257843961
learnedPE_drop,1,3,55.14640184091318
learnedPE_drop,1,3,64.53650889789085
learnedPE_drop,1,3,63.674536467980396
learnedPE_drop,1,3,58.0583909429389
learnedPE_drop,1,4,36.82560722876742
learnedPE_drop,1,4,46.72437028875275
learnedPE_drop,1,4,50.24612167899863
learnedPE_drop,1,4,49.63087800089379
learnedPE_drop,1,4,50.5372701435471
learnedPE_drop,1,4,51.861133353269054
learnedPE_drop,1,4,52.935443999956775
learnedPE_drop,1,4,42.65717758399561
learnedPE_drop,1,4,47.34167931086391
learnedPE_drop,1,4,47.915631804114355
learnedPE_drop,1,4,47.33309313872861
learnedPE_drop,1,4,49.225033279165544
learnedPE_drop,1,4,51.294124867379516
learnedPE_drop,1,4,45.5290157031046
learnedPE_drop,1,4,46.87569583237281
learnedPE_drop,1,4,48.845416366088635
learnedPE_drop,1,4,48.05312596274224
learnedPE_drop,1,4,49.005220673107836
learnedPE_drop,1,4,47.734611382308465
learnedPE_drop,1,4,48.00509339168776
learnedPE_drop,1,4,51.02956492459556
learnedPE_drop,1,4,51.87196480418539
learnedPE_drop,1,4,45.95919536506853
learnedPE_drop,1,4,46.32052511547097
learnedPE_drop,1,4,52.29931521667784
learnedPE_drop,1,4,46.334408309153126
learnedPE_drop,1,4,50.90149077919283
learnedPE_drop,1,4,50.96386703187951
learnedPE_drop,1,4,40.97715471289814
learnedPE_drop,1,4,56.66834796694885
learnedPE_drop,1,4,56.47826969358476
learnedPE_drop,1,4,53.80939211202905
learnedPE_drop,1,4,57.5654714259626
learnedPE_drop,1,4,57.465159574287654
learnedPE_drop,1,4,64.92846795675551
learnedPE_drop,1,4,63.06933800076918
learnedPE_drop,1,4,65.73036266422149
learnedPE_drop,1,4,65.46358913435765
learnedPE_drop,1,4,66.13653052886538
learnedPE_drop,1,4,64.05248596793778
learnedPE_drop,1,4,62.86551186783396
learnedPE_drop,1,4,66.4231776258212
learnedPE_drop,1,4,66.94471892036262
learnedPE_drop,1,4,62.34645829421464
learnedPE_drop,1,4,63.977956587811164
learnedPE_drop,1,4,65.85795691727
learnedPE_drop,1,4,60.57401294172924
learnedPE_drop,1,4,63.21305603004195
learnedPE_drop,1,4,64.23041952155243
learnedPE_drop,1,4,55.38014438627854
learnedPE_drop,1,4,57.99026628178466
learnedPE_drop,1,4,57.2674517478291
learnedPE_drop,1,4,60.763733387248685
learnedPE_drop,1,4,60.79744083516466
learnedPE_drop,1,4,61.71275841037167
learnedPE_drop,1,4,61.398512790385176
learnedPE_drop,1,4,64.67044094028294
learnedPE_drop,1,4,64.13844372835379
learnedPE_drop,1,4,60.90991687511298
learnedPE_drop,1,4,62.82337021372213
learnedPE_drop,1,4,62.98530481541097
learnedPE_drop,1,4,57.860460137049145
learnedPE_drop,1,4,63.71581997120296
learnedPE_drop,1,4,63.28250553066811
learnedPE_drop,1,4,60.14007285024171
learnedPE_drop,1,4,61.950264740759806
learnedPE_drop,1,4,63.891404259814145
learnedPE_drop,1,4,65.86996090066495
learnedPE_drop,1,4,59.621240323165004
learnedPE_drop,1,4,61.398682589328395
learnedPE_drop,1,4,62.783547722003675
learnedPE_drop,1,4,62.04546627041379
learnedPE_drop,1,4,65.67483025219039
learnedPE_drop,1,4,63.99126081093719
learnedPE_drop,1,4,59.29489248581461
learnedPE_drop,1,4,61.12698195276406
learnedPE_drop,1,4,63.161727258125254
learnedPE_drop,1,4,57.54117541063467
learnedPE_drop,1,4,62.40836288673122
learnedPE_drop,1,4,65.30950720560439
learnedPE_drop,1,4,52.27849754233066
learnedPE_drop,1,4,61.94983147036498
learnedPE_drop,1,4,62.94902273112161
learnedPE_drop,1,4,54.899852971134855
learnedPE_drop,1,4,27.814656299000568
learnedPE_drop,1,4,44.46405409684049
learnedPE_drop,1,4,43.751560454667874
learnedPE_drop,1,4,40.75326720926272
learnedPE_drop,1,4,45.98253471270539
learnedPE_drop,1,4,46.3090492916095
learnedPE_drop,1,4,54.319381020064675
learnedPE_drop,1,4,54.246292741000374
learnedPE_drop,1,4,54.47704956842483
learnedPE_drop,1,4,56.474823074415006
learnedPE_drop,1,4,56.40058568219268
learnedPE_drop,1,4,55.77391257537566
learnedPE_drop,1,4,54.11970709469407
learnedPE_drop,1,4,59.37565250616161
learnedPE_drop,1,4,58.52554704724617
learnedPE_drop,1,4,55.22608838070271
learnedPE_drop,1,4,55.59947588438244
learnedPE_drop,1,4,58.65641799194918
learnedPE_drop,1,4,54.16633819280734
learnedPE_drop,1,4,57.356437540551234
learnedPE_drop,1,4,58.63184668896498
learnedPE_drop,1,4,49.527172855852506
learnedPE_drop,1,4,50.40170332345375
learnedPE_drop,1,4,48.69478304070733
learnedPE_drop,1,4,53.46231505682302
learnedPE_drop,1,4,51.554444955016365
learnedPE_drop,1,4,54.42664038768201
learnedPE_drop,1,4,54.55172217844622
learnedPE_drop,1,4,58.042339256806585
learnedPE_drop,1,4,58.08938276220345
learnedPE_drop,1,4,54.32248655346424
learnedPE_drop,1,4,54.335769612377064
learnedPE_drop,1,4,57.393243664869736
learnedPE_drop,1,4,53.36615395471964
learnedPE_drop,1,4,56.54793193049445
learnedPE_drop,1,4,57.99373173012869
learnedPE_drop,1,4,52.0953486679684
learnedPE_drop,1,4,52.623344975870175
learnedPE_drop,1,4,56.38655586233979
learnedPE_drop,1,4,57.02481896710269
learnedPE_drop,1,4,54.693170333059
learnedPE_drop,1,4,55.35058245280872
learnedPE_drop,1,4,56.18598028569714
learnedPE_drop,1,4,56.003347156984184
learnedPE_drop,1,4,58.90301401328874
learnedPE_drop,1,4,58.399838167117004
learnedPE_drop,1,4,51.62436526092391
learnedPE_drop,1,4,56.17685045202973
learnedPE_drop,1,4,58.76748102670236
learnedPE_drop,1,4,52.5827080894811
learnedPE_drop,1,4,57.15683968698219
learnedPE_drop,1,4,60.33331929914028
learnedPE_drop,1,4,46.79578472209824
learnedPE_drop,1,4,57.03488416227839
learnedPE_drop,1,4,55.41437538836818
learnedPE_drop,1,4,50.743769452136654
learnedPE_drop,1,4,42.18161011085697
learnedPE_drop,1,4,43.29977566279708
learnedPE_drop,1,4,40.80796704265891
learnedPE_drop,1,4,46.76716174260777
learnedPE_drop,1,4,46.78018990889249
learnedPE_drop,1,4,56.568602836854026
learnedPE_drop,1,4,53.8221838666006
learnedPE_drop,1,4,59.08964390208052
learnedPE_drop,1,4,60.42505013968007
learnedPE_drop,1,4,54.61670059846055
learnedPE_drop,1,4,56.98269100492033
learnedPE_drop,1,4,57.94378171612748
learnedPE_drop,1,4,49.840692249111775
learnedPE_drop,1,4,54.99674832666328
learnedPE_drop,1,4,56.74490878092792
learnedPE_drop,1,4,59.167079664334345
learnedPE_drop,1,4,62.61420982757609
learnedPE_drop,1,4,64.83122637867164
learnedPE_drop,1,4,64.87474582962956
learnedPE_drop,1,4,61.38456551253439
learnedPE_drop,1,4,61.9400065604495
learnedPE_drop,1,4,66.01488841168461
learnedPE_drop,1,4,62.34075810771092
learnedPE_drop,1,4,66.23530646937608
learnedPE_drop,1,4,66.72946783893089
learnedPE_drop,1,4,59.577678045487396
learnedPE_drop,1,4,63.481452446710946
learnedPE_drop,1,4,64.44069529818155
learnedPE_drop,1,4,56.89506792066989
learnedPE_drop,1,4,63.95517791581601
learnedPE_drop,1,4,66.24550640432071
learnedPE_drop,1,4,53.99649357318498
learnedPE_drop,1,4,63.317703935265904
learnedPE_drop,1,4,63.22535746662636
learnedPE_drop,1,4,54.08306736620316
learnedPE_drop,1,4,55.29411634705691
learnedPE_drop,1,4,56.02324468136423
learnedPE_drop,1,4,59.47246148629673
learnedPE_drop,1,4,60.128505884975105
learnedPE_drop,1,4,57.76332931284979
learnedPE_drop,1,4,59.61838929825368
learnedPE_drop,1,4,60.57260164635047
learnedPE_drop,1,4,58.33248481926987
learnedPE_drop,1,4,60.571407587086874
learnedPE_drop,1,4,62.64398528063561
learnedPE_drop,1,4,59.07116840529311
learnedPE_drop,1,4,61.399600839590605
learnedPE_drop,1,4,63.43241381351924
learnedPE_drop,1,4,57.038564727221946
learnedPE_drop,1,4,64.18967927075094
learnedPE_drop,1,4,63.691813341641314
learnedPE_drop,1,4,54.47079379167707
learnedPE_drop,1,4,62.455454242181354
learnedPE_drop,1,4,62.04058683661003
learnedPE_drop,1,4,53.54408381584936
learnedPE_drop,1,4,56.35895366416397
learnedPE_drop,1,4,58.84082429052614
learnedPE_drop,1,4,62.05623341613159
learnedPE_drop,1,4,60.6366442294224
learnedPE_drop,1,4,65.34720845152039
learnedPE_drop,1,4,66.11245345680284
learnedPE_drop,1,4,53.552661575249246
learnedPE_drop,1,4,63.24638384829741
learnedPE_drop,1,4,62.34184933503159
learnedPE_drop,1,4,56.92755875938688
learnedPE_drop,1,4,46.61999408687183
learnedPE_drop,1,4,61.022109034950645
learnedPE_drop,1,4,62.248730635551674
learnedPE_drop,1,4,52.67043701764864
learnedPE_drop,1,4,48.48153023716634
learnedPE_drop,1,5,18.19975876857908
learnedPE_drop,1,5,34.2809040613753
learnedPE_drop,1,5,35.263581742072994
learnedPE_drop,1,5,31.919508605146856
learnedPE_drop,1,5,36.744969939579065
learnedPE_drop,1,5,36.987924070348264
learnedPE_drop,1,5,44.21695136973839
learnedPE_drop,1,5,44.3414340483795
learnedPE_drop,1,5,45.94274301286665
learnedPE_drop,1,5,46.80796804209181
learnedPE_drop,1,5,45.670341968078205
learnedPE_drop,1,5,46.383356246476474
learnedPE_drop,1,5,44.48438512498708
learnedPE_drop,1,5,48.57940375070499
learnedPE_drop,1,5,48.806130790125515
learnedPE_drop,1,5,44.025284217056004
learnedPE_drop,1,5,46.021047304808846
learnedPE_drop,1,5,50.27899201203224
learnedPE_drop,1,5,43.798660083123444
learnedPE_drop,1,5,47.08704265725225
learnedPE_drop,1,5,47.73771895191612
learnedPE_drop,1,5,37.286127509949715
learnedPE_drop,1,5,40.06229281973548
learnedPE_drop,1,5,40.60382005822094
learnedPE_drop,1,5,43.32027774597875
learnedPE_drop,1,5,43.56255840179786
learnedPE_drop,1,5,42.68696331361099
learnedPE_drop,1,5,43.51959873048945
learnedPE_drop,1,5,46.1405740745739
learnedPE_drop,1,5,47.23399192068376
learnedPE_drop,1,5,42.24122782494097
learnedPE_drop,1,5,43.660630642091654
learnedPE_drop,1,5,48.494072619620574
learnedPE_drop,1,5,43.30071238962447
learnedPE_drop,1,5,48.67934124807395
learnedPE_drop,1,5,47.37315538885138
learnedPE_drop,1,5,40.383853945495495
learnedPE_drop,1,5,39.08570698649085
learnedPE_drop,1,5,44.61970207908371
learnedPE_drop,1,5,45.57785050491839
learnedPE_drop,1,5,43.711167569689785
learnedPE_drop,1,5,43.674330335602754
learnedPE_drop,1,5,46.13270493115355
learnedPE_drop,1,5,44.59465123791083
learnedPE_drop,1,5,45.656320153734214
learnedPE_drop,1,5,45.54938238206717
learnedPE_drop,1,5,42.41229316184002
learnedPE_drop,1,5,44.23041084432507
learnedPE_drop,1,5,46.489623543947964
learnedPE_drop,1,5,40.26820050594916
learnedPE_drop,1,5,43.48724640541928
learnedPE_drop,1,5,44.89495385135921
learnedPE_drop,1,5,35.31251475146466
learnedPE_drop,1,5,43.53140498679484
learnedPE_drop,1,5,42.60833514414829
learnedPE_drop,1,5,36.21949815839268
learnedPE_drop,1,5,36.99325449087177
learnedPE_drop,1,5,39.06036200456092
learnedPE_drop,1,5,35.276491719417024
learnedPE_drop,1,5,42.34509782160285
learnedPE_drop,1,5,41.18514231186303
learnedPE_drop,1,5,54.774468761812976
learnedPE_drop,1,5,52.19353878492694
learnedPE_drop,1,5,56.06963351666978
learnedPE_drop,1,5,56.915786481287576
learnedPE_drop,1,5,51.85266774428253
learnedPE_drop,1,5,55.099277747639405
learnedPE_drop,1,5,54.90004876670061
learnedPE_drop,1,5,47.09257730329661
learnedPE_drop,1,5,52.32407482106368
learnedPE_drop,1,5,52.07970739151317
learnedPE_drop,1,5,59.169751260525366
learnedPE_drop,1,5,62.658142322310155
learnedPE_drop,1,5,64.12815494042367
learnedPE_drop,1,5,64.4756025279646
learnedPE_drop,1,5,60.15227254834222
learnedPE_drop,1,5,61.07237900373184
learnedPE_drop,1,5,63.79179999971787
learnedPE_drop,1,5,62.525299361369164
learnedPE_drop,1,5,66.17646288844479
learnedPE_drop,1,5,62.37340042899967
learnedPE_drop,1,5,58.09370233697701
learnedPE_drop,1,5,60.93290029104025
learnedPE_drop,1,5,62.956851604580514
learnedPE_drop,1,5,57.70175026848457
learnedPE_drop,1,5,61.009501054247366
learnedPE_drop,1,5,63.97356609607233
learnedPE_drop,1,5,52.068306875998125
learnedPE_drop,1,5,60.47531418990231
learnedPE_drop,1,5,61.7169005700283
learnedPE_drop,1,5,51.61852314514912
learnedPE_drop,1,5,49.24366878225869
learnedPE_drop,1,5,51.13068628508375
learnedPE_drop,1,5,54.97236054674774
learnedPE_drop,1,5,55.40649696989795
learnedPE_drop,1,5,53.692737256629115
learnedPE_drop,1,5,56.28912059421617
learnedPE_drop,1,5,56.96729602232024
learnedPE_drop,1,5,54.198087997949756
learnedPE_drop,1,5,57.050264698361005
learnedPE_drop,1,5,59.0101354575906
learnedPE_drop,1,5,55.740258811333355
learnedPE_drop,1,5,58.65645849171507
learnedPE_drop,1,5,59.99044946594754
learnedPE_drop,1,5,54.86353121803067
learnedPE_drop,1,5,60.374196734009715
learnedPE_drop,1,5,61.692958341117354
learnedPE_drop,1,5,50.91033803055496
learnedPE_drop,1,5,59.747313234034166
learnedPE_drop,1,5,59.765809134017914
learnedPE_drop,1,5,51.46485973656932
learnedPE_drop,1,5,52.45321233098998
learnedPE_drop,1,5,55.19106979274941
learnedPE_drop,1,5,59.373083617869916
learnedPE_drop,1,5,56.1515208937491
learnedPE_drop,1,5,61.06090628938862
learnedPE_drop,1,5,63.02794427133957
learnedPE_drop,1,5,49.747790871195875
learnedPE_drop,1,5,57.843504374441125
learnedPE_drop,1,5,59.102950787976454
learnedPE_drop,1,5,53.75266849767592
learnedPE_drop,1,5,43.051379610227585
learnedPE_drop,1,5,54.3902087460576
learnedPE_drop,1,5,56.75502530270296
learnedPE_drop,1,5,48.413678785305095
learnedPE_drop,1,5,46.520353442154324
learnedPE_drop,1,5,24.016326042119235
learnedPE_drop,1,5,26.455512647810014
learnedPE_drop,1,5,23.93924807774479
learnedPE_drop,1,5,29.16012068357648
learnedPE_drop,1,5,28.432632520169072
learnedPE_drop,1,5,41.3534867433899
learnedPE_drop,1,5,38.44289192318088
learnedPE_drop,1,5,43.829530866431284
learnedPE_drop,1,5,44.79318708846794
learnedPE_drop,1,5,39.621567019832426
learnedPE_drop,1,5,43.009147671342625
learnedPE_drop,1,5,43.97699005091392
learnedPE_drop,1,5,34.94146144132661
learnedPE_drop,1,5,39.20944205373063
learnedPE_drop,1,5,44.01819825544582
learnedPE_drop,1,5,49.81261545594218
learnedPE_drop,1,5,49.147316064095676
learnedPE_drop,1,5,54.79011985078473
learnedPE_drop,1,5,53.29823016226455
learnedPE_drop,1,5,51.75723909446124
learnedPE_drop,1,5,52.418865728132
learnedPE_drop,1,5,53.435820994516696
learnedPE_drop,1,5,51.57180180563029
learnedPE_drop,1,5,52.995963167673416
learnedPE_drop,1,5,55.30410072594551
learnedPE_drop,1,5,48.922590028281554
learnedPE_drop,1,5,54.59794513100329
learnedPE_drop,1,5,55.70353703592202
learnedPE_drop,1,5,49.93453857463445
learnedPE_drop,1,5,52.3278942467548
learnedPE_drop,1,5,57.400617257944134
learnedPE_drop,1,5,46.505783448607666
learnedPE_drop,1,5,56.04304840734482
learnedPE_drop,1,5,54.59840552593531
learnedPE_drop,1,5,46.13420456024893
learnedPE_drop,1,5,44.12916423105571
learnedPE_drop,1,5,44.18233321065701
learnedPE_drop,1,5,50.46611652480994
learnedPE_drop,1,5,47.55006538662935
learnedPE_drop,1,5,47.57634542886698
learnedPE_drop,1,5,48.34922285244182
learnedPE_drop,1,5,49.72884445518422
learnedPE_drop,1,5,47.017869559398044
learnedPE_drop,1,5,48.26388396093288
learnedPE_drop,1,5,50.935708885551264
learnedPE_drop,1,5,47.619615567640935
learnedPE_drop,1,5,51.64385799796271
learnedPE_drop,1,5,53.61586064718749
learnedPE_drop,1,5,49.54825314748758
learnedPE_drop,1,5,53.846814106352895
learnedPE_drop,1,5,56.17499774543854
learnedPE_drop,1,5,45.010456274037416
learnedPE_drop,1,5,53.22994771233338
learnedPE_drop,1,5,52.73240044268975
learnedPE_drop,1,5,46.81659148459611
learnedPE_drop,1,5,44.32531776776202
learnedPE_drop,1,5,49.784581206168774
learnedPE_drop,1,5,51.061075165062036
learnedPE_drop,1,5,48.718830342377544
learnedPE_drop,1,5,51.838801103634424
learnedPE_drop,1,5,54.49590630644946
learnedPE_drop,1,5,45.62435209908214
learnedPE_drop,1,5,54.33877643667957
learnedPE_drop,1,5,52.79568654996217
learnedPE_drop,1,5,47.39491207838434
learnedPE_drop,1,5,39.03590870501812
learnedPE_drop,1,5,50.336385523389815
learnedPE_drop,1,5,53.493094354616474
learnedPE_drop,1,5,43.59772904781088
learnedPE_drop,1,5,37.71261254802058
learnedPE_drop,1,5,37.17307297771921
learnedPE_drop,1,5,37.45200672368612
learnedPE_drop,1,5,41.745762911212786
learnedPE_drop,1,5,43.32695716756063
learnedPE_drop,1,5,40.22246312590427
learnedPE_drop,1,5,44.4588277310388
learnedPE_drop,1,5,45.656935450818445
learnedPE_drop,1,5,38.33652077935541
learnedPE_drop,1,5,42.212333495911246
learnedPE_drop,1,5,47.955222984310765
learnedPE_drop,1,5,48.798818485226434
learnedPE_drop,1,5,53.685216594377366
learnedPE_drop,1,5,55.750261200675986
learnedPE_drop,1,5,46.29592946441786
learnedPE_drop,1,5,52.803468318001386
learnedPE_drop,1,5,56.04474476041316
learnedPE_drop,1,5,44.65242738881629
learnedPE_drop,1,5,53.595674520571364
learnedPE_drop,1,5,52.52045833442479
learnedPE_drop,1,5,41.69684087368915
learnedPE_drop,1,5,54.36023785655003
learnedPE_drop,1,5,57.41038639574806
learnedPE_drop,1,5,61.468241237608204
learnedPE_drop,1,5,58.166557795982236
learnedPE_drop,1,5,63.03047452600941
learnedPE_drop,1,5,64.25891360361744
learnedPE_drop,1,5,50.88057790755246
learnedPE_drop,1,5,61.82782698858667
learnedPE_drop,1,5,62.24766801112862
learnedPE_drop,1,5,53.47989713517199
learnedPE_drop,1,5,46.54016429186385
learnedPE_drop,1,5,57.8269303573483
learnedPE_drop,1,5,60.283173516537374
learnedPE_drop,1,5,50.305772443508154
learnedPE_drop,1,5,46.64500000304091
learnedPE_drop,1,5,49.118290438839175
learnedPE_drop,1,5,52.358859141591836
learnedPE_drop,1,5,54.84912893499455
learnedPE_drop,1,5,50.717632112598984
learnedPE_drop,1,5,56.62446658592478
learnedPE_drop,1,5,58.234303077469555
learnedPE_drop,1,5,49.599983016476436
learnedPE_drop,1,5,58.67400586379763
learnedPE_drop,1,5,57.58964885864437
learnedPE_drop,1,5,53.86444412356475
learnedPE_drop,1,5,45.440768887226916
learnedPE_drop,1,5,57.406489458283275
learnedPE_drop,1,5,59.5152446218273
learnedPE_drop,1,5,49.51726406042515
learnedPE_drop,1,5,45.75201829327055
learnedPE_drop,1,5,41.31006873446586
learnedPE_drop,1,5,56.5314907467387
learnedPE_drop,1,5,57.48198102345089
learnedPE_drop,1,5,52.245227392802285
learnedPE_drop,1,5,47.529404518966864
learnedPE_drop,1,5,31.910511197659098
learnedPE_drop,1,6,12.202592581729661
learnedPE_drop,1,6,15.657995870219894
learnedPE_drop,1,6,17.069122581308832
learnedPE_drop,1,6,19.88428616899998
learnedPE_drop,1,6,19.30091905150306
learnedPE_drop,1,6,31.33919007071563
learnedPE_drop,1,6,28.629404634330204
learnedPE_drop,1,6,34.10145214299065
learnedPE_drop,1,6,34.357343036714305
learnedPE_drop,1,6,30.18209493839975
learnedPE_drop,1,6,32.748993123252745
learnedPE_drop,1,6,35.22806236350523
learnedPE_drop,1,6,27.720055742831793
learnedPE_drop,1,6,31.740269222135673
learnedPE_drop,1,6,33.77668579674664
learnedPE_drop,1,6,39.187783203017254
learnedPE_drop,1,6,37.070967018138056
learnedPE_drop,1,6,43.88920104721746
learnedPE_drop,1,6,43.320251615171095
learnedPE_drop,1,6,41.53288574075843
learnedPE_drop,1,6,41.40676489855254
learnedPE_drop,1,6,43.886520685905275
learnedPE_drop,1,6,42.28770897361902
learnedPE_drop,1,6,43.85354071346665
learnedPE_drop,1,6,42.334919168191064
learnedPE_drop,1,6,38.491627775473155
learnedPE_drop,1,6,42.77145757072627
learnedPE_drop,1,6,44.236877351167266
learnedPE_drop,1,6,39.20576200216182
learnedPE_drop,1,6,41.423311372688374
learnedPE_drop,1,6,44.44283764513555
learnedPE_drop,1,6,33.066804049935534
learnedPE_drop,1,6,42.576693886861015
learnedPE_drop,1,6,43.30263677715975
learnedPE_drop,1,6,34.38814230368375
learnedPE_drop,1,6,30.73070000622724
learnedPE_drop,1,6,32.32491457883118
learnedPE_drop,1,6,38.113771549275825
learnedPE_drop,1,6,36.1570647721098
learnedPE_drop,1,6,37.61848186701389
learnedPE_drop,1,6,38.86842628455397
learnedPE_drop,1,6,40.26555547578466
learnedPE_drop,1,6,39.078607709855035
learnedPE_drop,1,6,39.9794123601564
learnedPE_drop,1,6,40.97247722499493
learnedPE_drop,1,6,35.910006061221566
learnedPE_drop,1,6,40.37699094879998
learnedPE_drop,1,6,40.755518846793144
learnedPE_drop,1,6,34.90870297684314
learnedPE_drop,1,6,39.8117116341855
learnedPE_drop,1,6,42.22892057986302
learnedPE_drop,1,6,32.518212798145406
learnedPE_drop,1,6,41.74975384551465
learnedPE_drop,1,6,40.66508419594997
learnedPE_drop,1,6,36.26463897974109
learnedPE_drop,1,6,33.25746327224292
learnedPE_drop,1,6,38.657626742621474
learnedPE_drop,1,6,40.40773981182417
learnedPE_drop,1,6,34.85071805928303
learnedPE_drop,1,6,37.683820138540646
learnedPE_drop,1,6,41.79249663335214
learnedPE_drop,1,6,34.87592140374985
learnedPE_drop,1,6,41.78209802792929
learnedPE_drop,1,6,41.068625399993024
learnedPE_drop,1,6,34.682700034278774
learnedPE_drop,1,6,25.2105081947738
learnedPE_drop,1,6,35.442679158170684
learnedPE_drop,1,6,37.01919089980557
learnedPE_drop,1,6,26.016043531892542
learnedPE_drop,1,6,23.406071481230327
learnedPE_drop,1,6,28.686691270722797
learnedPE_drop,1,6,30.72604614494188
learnedPE_drop,1,6,37.89525961264691
learnedPE_drop,1,6,38.98630413104349
learnedPE_drop,1,6,32.164352345075656
learnedPE_drop,1,6,37.789477497088754
learnedPE_drop,1,6,40.067737491772405
learnedPE_drop,1,6,33.02242554481432
learnedPE_drop,1,6,36.92278633374993
learnedPE_drop,1,6,41.37879440988512
learnedPE_drop,1,6,46.104346431611475
learnedPE_drop,1,6,49.30421306493048
learnedPE_drop,1,6,51.69115339574231
learnedPE_drop,1,6,42.15332673677783
learnedPE_drop,1,6,49.17612816665619
learnedPE_drop,1,6,50.759097950319415
learnedPE_drop,1,6,39.92662642108056
learnedPE_drop,1,6,49.53063075070377
learnedPE_drop,1,6,48.999675563984574
learnedPE_drop,1,6,40.00918069348228
learnedPE_drop,1,6,53.663443406709575
learnedPE_drop,1,6,56.78246420787237
learnedPE_drop,1,6,59.38063473251471
learnedPE_drop,1,6,58.71797907988398
learnedPE_drop,1,6,62.3243274242425
learnedPE_drop,1,6,62.557831236872765
learnedPE_drop,1,6,48.93863229520931
learnedPE_drop,1,6,57.749552752840096
learnedPE_drop,1,6,58.28633014875153
learnedPE_drop,1,6,49.799270380340666
learnedPE_drop,1,6,44.32316356539416
learnedPE_drop,1,6,53.24966347743147
learnedPE_drop,1,6,58.88627355309209
learnedPE_drop,1,6,47.55981617548935
learnedPE_drop,1,6,44.285790721471855
learnedPE_drop,1,6,41.89390635847531
learnedPE_drop,1,6,43.87044628890959
learnedPE_drop,1,6,46.792008950998
learnedPE_drop,1,6,42.628856918920995
learnedPE_drop,1,6,50.621029736506124
learnedPE_drop,1,6,51.54100628202853
learnedPE_drop,1,6,43.69004464956782
learnedPE_drop,1,6,54.01283529403339
learnedPE_drop,1,6,53.493897979859575
learnedPE_drop,1,6,46.408589395439996
learnedPE_drop,1,6,40.75263149046615
learnedPE_drop,1,6,50.958655825919344
learnedPE_drop,1,6,53.72628051396346
learnedPE_drop,1,6,46.03991091704889
learnedPE_drop,1,6,41.840157026805954
learnedPE_drop,1,6,34.63643844964793
learnedPE_drop,1,6,48.47910126593683
learnedPE_drop,1,6,50.18428361331919
learnedPE_drop,1,6,45.60420082938021
learnedPE_drop,1,6,46.67435562241532
learnedPE_drop,1,6,23.089855599371532
learnedPE_drop,1,6,21.270414665982734
learnedPE_drop,1,6,19.822774072545617
learnedPE_drop,1,6,24.332820126341737
learnedPE_drop,1,6,23.505999996254427
learnedPE_drop,1,6,24.921593440462715
learnedPE_drop,1,6,27.174719377762113
learnedPE_drop,1,6,26.71571780598174
learnedPE_drop,1,6,24.394796678867433
learnedPE_drop,1,6,22.853698069786454
learnedPE_drop,1,6,30.18387756975859
learnedPE_drop,1,6,34.799509669830606
learnedPE_drop,1,6,40.53140573202945
learnedPE_drop,1,6,42.31501516711189
learnedPE_drop,1,6,30.746263173767325
learnedPE_drop,1,6,36.87742136763525
learnedPE_drop,1,6,43.19028350076918
learnedPE_drop,1,6,32.98169805230639
learnedPE_drop,1,6,40.25075738632148
learnedPE_drop,1,6,41.070604998648655
learnedPE_drop,1,6,29.64954691754684
learnedPE_drop,1,6,41.719327936328554
learnedPE_drop,1,6,48.12767760404442
learnedPE_drop,1,6,49.82306110669521
learnedPE_drop,1,6,45.56111738254164
learnedPE_drop,1,6,46.30209145010777
learnedPE_drop,1,6,51.792665310986216
learnedPE_drop,1,6,42.348999021018855
learnedPE_drop,1,6,51.750764670887754
learnedPE_drop,1,6,50.85174403948486
learnedPE_drop,1,6,42.24268688351869
learnedPE_drop,1,6,38.52904776549773
learnedPE_drop,1,6,47.500738273752496
learnedPE_drop,1,6,52.741354800406285
learnedPE_drop,1,6,41.7659864591214
learnedPE_drop,1,6,37.23511670611917
learnedPE_drop,1,6,35.60727099426813
learnedPE_drop,1,6,42.91011290927317
learnedPE_drop,1,6,44.8392487451972
learnedPE_drop,1,6,39.62629201034946
learnedPE_drop,1,6,42.68491966188774
learnedPE_drop,1,6,48.63268140495814
learnedPE_drop,1,6,40.715603758008605
learnedPE_drop,1,6,47.281557618934535
learnedPE_drop,1,6,46.277831561083225
learnedPE_drop,1,6,41.57123747530658
learnedPE_drop,1,6,37.146829114646074
learnedPE_drop,1,6,45.43518533630826
learnedPE_drop,1,6,47.4695703011688
learnedPE_drop,1,6,41.50848786073038
learnedPE_drop,1,6,36.886975745696994
learnedPE_drop,1,6,34.37534183327214
learnedPE_drop,1,6,43.80027488145918
learnedPE_drop,1,6,48.97788709534064
learnedPE_drop,1,6,38.897448519379545
learnedPE_drop,1,6,37.88311799452291
learnedPE_drop,1,6,18.079349326957168
learnedPE_drop,1,6,32.5331072522677
learnedPE_drop,1,6,35.83178616536302
learnedPE_drop,1,6,38.769231160785964
learnedPE_drop,1,6,33.337965175382514
learnedPE_drop,1,6,38.8040461738721
learnedPE_drop,1,6,43.12669287777012
learnedPE_drop,1,6,34.60035082527287
learnedPE_drop,1,6,41.53434650652208
learnedPE_drop,1,6,44.067691440814635
learnedPE_drop,1,6,36.57680161526413
learnedPE_drop,1,6,37.28495017681979
learnedPE_drop,1,6,47.30905024056095
learnedPE_drop,1,6,50.76295502107824
learnedPE_drop,1,6,37.59404703062644
learnedPE_drop,1,6,35.54935059985612
learnedPE_drop,1,6,41.9718473653948
learnedPE_drop,1,6,54.572285445073966
learnedPE_drop,1,6,57.20691938398205
learnedPE_drop,1,6,49.194536027096284
learnedPE_drop,1,6,45.59569284824371
learnedPE_drop,1,6,30.970907722136126
learnedPE_drop,1,6,35.29034857084409
learnedPE_drop,1,6,47.255107112198175
learnedPE_drop,1,6,49.9968619628476
learnedPE_drop,1,6,44.3248612191278
learnedPE_drop,1,6,42.209861933575
learnedPE_drop,1,6,31.504087502366822
learnedPE_drop,1,6,27.37601322662849
wavePE_drop,1,0,71.1078464158307
wavePE_drop,1,1,68.38013093714464
wavePE_drop,1,1,65.35110330115097
wavePE_drop,1,1,70.33178794658235
wavePE_drop,1,1,67.82300362149253
wavePE_drop,1,1,71.45055254548137
wavePE_drop,1,1,70.28572345741036
wavePE_drop,1,1,70.159868068954
wavePE_drop,1,1,69.93968156189199
wavePE_drop,1,1,70.89562489713737
wavePE_drop,1,1,69.87872781583788
wavePE_drop,1,2,54.3241833098452
wavePE_drop,1,2,66.50979268737466
wavePE_drop,1,2,65.36235107926339
wavePE_drop,1,2,64.92555276047358
wavePE_drop,1,2,67.77441241717908
wavePE_drop,1,2,67.54030792991453
wavePE_drop,1,2,65.20407514047326
wavePE_drop,1,2,68.31270045063643
wavePE_drop,1,2,68.78835390867144
wavePE_drop,1,2,63.41204352953283
wavePE_drop,1,2,61.466081713199344
wavePE_drop,1,2,64.63121109056917
wavePE_drop,1,2,65.60426877101114
wavePE_drop,1,2,63.71912164321244
wavePE_drop,1,2,64.59703500996842
wavePE_drop,1,2,67.08096518645513
wavePE_drop,1,2,63.648812828827865
wavePE_drop,1,2,62.36617672199073
wavePE_drop,1,2,69.69806592742584
wavePE_drop,1,2,69.08358335683688
wavePE_drop,1,2,68.55994914015044
wavePE_drop,1,2,69.04737759191076
wavePE_drop,1,2,70.419390408484
wavePE_drop,1,2,68.38253815223075
wavePE_drop,1,2,63.98960988584166
wavePE_drop,1,2,65.95322440757474
wavePE_drop,1,2,66.17714761235341
wavePE_drop,1,2,65.3795407525859
wavePE_drop,1,2,68.14793950408271
wavePE_drop,1,2,67.87289791960832
wavePE_drop,1,2,69.99602789960906
wavePE_drop,1,2,70.65497581390382
wavePE_drop,1,2,70.01352629683467
wavePE_drop,1,2,71.81926530906742
wavePE_drop,1,2,69.85307032933058
wavePE_drop,1,2,65.377966695321
wavePE_drop,1,2,68.1953780049038
wavePE_drop,1,2,70.25625944877484
wavePE_drop,1,2,68.82346708750755
wavePE_drop,1,2,66.9600035508638
wavePE_drop,1,2,69.49552114118052
wavePE_drop,1,2,67.28828855473769
wavePE_drop,1,2,70.62723237725405
wavePE_drop,1,2,69.40678330604776
wavePE_drop,1,2,67.92694019201346
wavePE_drop,1,3,49.18155148314093
wavePE_drop,1,3,51.057678822845794
wavePE_drop,1,3,48.58309394910806
wavePE_drop,1,3,53.67838714802057
wavePE_drop,1,3,52.67220624358157
wavePE_drop,1,3,50.451150752326804
wavePE_drop,1,3,53.03844376426252
wavePE_drop,1,3,54.78143304526958
wavePE_drop,1,3,56.020510367655596
wavePE_drop,1,3,62.046454207382155
wavePE_drop,1,3,65.38834864763471
wavePE_drop,1,3,65.82940025117712
wavePE_drop,1,3,64.34336233306956
wavePE_drop,1,3,65.54571821236674
wavePE_drop,1,3,66.53766222878389
wavePE_drop,1,3,59.101510708356315
wavePE_drop,1,3,64.98220983996275
wavePE_drop,1,3,64.49839969600237
wavePE_drop,1,3,63.175495003414106
wavePE_drop,1,3,65.13808933824262
wavePE_drop,1,3,65.54128378556942
wavePE_drop,1,3,63.64981870802759
wavePE_drop,1,3,64.59629055272895
wavePE_drop,1,3,64.19226499627477
wavePE_drop,1,3,64.10538429921306
wavePE_drop,1,3,64.33778457664118
wavePE_drop,1,3,64.52116420060655
wavePE_drop,1,3,65.08001338640751
wavePE_drop,1,3,67.4405515605421
wavePE_drop,1,3,68.72418858465832
wavePE_drop,1,3,63.465681298033196
wavePE_drop,1,3,66.93743890263598
wavePE_drop,1,3,66.83971024934378
wavePE_drop,1,3,64.24102875265679
wavePE_drop,1,3,65.9064907597159
wavePE_drop,1,3,64.54155950776519
wavePE_drop,1,3,53.09284603948475
wavePE_drop,1,3,62.17261667023515
wavePE_drop,1,3,62.76952940983206
wavePE_drop,1,3,60.63435450492478
wavePE_drop,1,3,60.39697445239951
wavePE_drop,1,3,62.33216499082666
wavePE_drop,1,3,60.18107828127334
wavePE_drop,1,3,55.558133820306345
wavePE_drop,1,3,60.01824954368043
wavePE_drop,1,3,60.15977885578155
wavePE_drop,1,3,59.60424183201295
wavePE_drop,1,3,62.85536630521606
wavePE_drop,1,3,61.01689162006953
wavePE_drop,1,3,63.396246065045204
wavePE_drop,1,3,62.88684731221831
wavePE_drop,1,3,64.47498956863897
wavePE_drop,1,3,65.55977258433167
wavePE_drop,1,3,62.999314379287966
wavePE_drop,1,3,62.37405451184911
wavePE_drop,1,3,64.13996255258665
wavePE_drop,1,3,66.80866594492188
wavePE_drop,1,3,64.2642742868362
wavePE_drop,1,3,63.1964485432783
wavePE_drop,1,3,64.37797387733296
wavePE_drop,1,3,60.80950927857197
wavePE_drop,1,3,65.70591170260944
wavePE_drop,1,3,64.07546377447956
wavePE_drop,1,3,63.96486361255446
wavePE_drop,1,3,49.3576371839216
wavePE_drop,1,3,60.73734748882615
wavePE_drop,1,3,60.44384765412404
wavePE_drop,1,3,58.64683003419841
wavePE_drop,1,3,62.493939655599334
wavePE_drop,1,3,61.69322344803323
wavePE_drop,1,3,68.1632947781272
wavePE_drop,1,3,68.68835091401652
wavePE_drop,1,3,67.55926504521642
wavePE_drop,1,3,69.57468306850471
wavePE_drop,1,3,68.95149765101816
wavePE_drop,1,3,65.24236131219068
wavePE_drop,1,3,66.7461391405233
wavePE_drop,1,3,69.47467069302982
wavePE_drop,1,3,68.318811984458
wavePE_drop,1,3,65.7148998922349
wavePE_drop,1,3,68.35871472012606
wavePE_drop,1,3,65.23565693559793
wavePE_drop,1,3,67.94130209534005
wavePE_drop,1,3,67.28665465772757
wavePE_drop,1,3,65.47045303766957
wavePE_drop,1,3,62.37328128333273
wavePE_drop,1,3,61.12165164224975
wavePE_drop,1,3,62.730162797997636
wavePE_drop,1,3,65.42751255192512
wavePE_drop,1,3,63.23215065859282
wavePE_drop,1,3,62.10553038176028
wavePE_drop,1,3,64.59559487454024
wavePE_drop,1,3,66.57382461467753
wavePE_drop,1,3,66.26584496983408
wavePE_drop,1,3,63.528720884552946
wavePE_drop,1,3,67.12651167757454
wavePE_drop,1,3,65.88228122950385
wavePE_drop,1,3,65.69680371496628
wavePE_drop,1,3,65.9976426578497
wavePE_drop,1,3,65.45199303865687
wavePE_drop,1,3,64.8157178912517
wavePE_drop,1,3,67.78858206889718
wavePE_drop,1,3,69.28163917129766
wavePE_drop,1,3,68.9178634152981
wavePE_drop,1,3,68.56952105447765
wavePE_drop,1,3,70.39360445659075
wavePE_drop,1,3,68.56622158874737
wavePE_drop,1,3,70.34053582729831
wavePE_drop,1,3,69.89792614122749
wavePE_drop,1,3,67.62217806721642
wavePE_drop,1,3,62.736092670961185
wavePE_drop,1,3,64.99762438852831
wavePE_drop,1,3,63.024401838035566
wavePE_drop,1,3,67.33854909566924
wavePE_drop,1,3,66.07338935037264
wavePE_drop,1,3,66.33920549111293
wavePE_drop,1,3,65.75091322084388
wavePE_drop,1,3,66.86225421207557
wavePE_drop,1,3,65.1809462870548
wavePE_drop,1,3,57.84142593415157
wavePE_drop,1,4,39.183030743501924
wavePE_drop,1,4,45.79169112876458
wavePE_drop,1,4,47.38417339810588
wavePE_drop,1,4,48.11508203582431
wavePE_drop,1,4,48.10433000114738
wavePE_drop,1,4,48.37700713063394
wavePE_drop,1,4,50.170775481761964
wavePE_drop,1,4,40.89877360516716
wavePE_drop,1,4,51.293318647001605
wavePE_drop,1,4,50.7424377254535
wavePE_drop,1,4,47.85411961131481
wavePE_drop,1,4,51.24564743527865
wavePE_drop,1,4,52.9550693376244
wavePE_drop,1,4,46.72234792391111
wavePE_drop,1,4,47.365883405948686
wavePE_drop,1,4,45.890026804814134
wavePE_drop,1,4,47.958943779178064
wavePE_drop,1,4,49.10525166888362
wavePE_drop,1,4,49.308030991274414
wavePE_drop,1,4,50.54349463046252
wavePE_drop,1,4,50.54330680769254
wavePE_drop,1,4,52.51135965614361
wavePE_drop,1,4,47.19789925793537
wavePE_drop,1,4,49.89107905963193
wavePE_drop,1,4,52.04809752652947
wavePE_drop,1,4,44.98156155750809
wavePE_drop,1,4,50.55863284365014
wavePE_drop,1,4,48.82302454930289
wavePE_drop,1,4,37.837101537995785
wavePE_drop,1,4,53.98367215351318
wavePE_drop,1,4,53.700017552405704
wavePE_drop,1,4,52.32631969717886
wavePE_drop,1,4,54.76642046054571
wavePE_drop,1,4,56.14510499545428
wavePE_drop,1,4,60.51923334856664
wavePE_drop,1,4,61.343153586821295
wavePE_drop,1,4,60.995986811490035
wavePE_drop,1,4,58.946351091221366
wavePE_drop,1,4,61.206956924730264
wavePE_drop,1,4,60.41708838477334
wavePE_drop,1,4,63.5807476590557
wavePE_drop,1,4,66.35133134340786
wavePE_drop,1,4,65.92329246161879
wavePE_drop,1,4,62.40364295087709
wavePE_drop,1,4,64.02324442507107
wavePE_drop,1,4,63.86786068426436
wavePE_drop,1,4,62.532558012384094
wavePE_drop,1,4,63.36451451884467
wavePE_drop,1,4,61.50139127391068
wavePE_drop,1,4,55.79470029583921
wavePE_drop,1,4,58.775033211911065
wavePE_drop,1,4,57.11257094243235
wavePE_drop,1,4,57.48453962810413
wavePE_drop,1,4,58.81041401122043
wavePE_drop,1,4,61.137510219119676
wavePE_drop,1,4,61.38640492911549
wavePE_drop,1,4,64.23937211315675
wavePE_drop,1,4,64.68255003751473
wavePE_drop,1,4,61.47756654629633
wavePE_drop,1,4,63.785643095381694
wavePE_drop,1,4,64.71222296024692
wavePE_drop,1,4,61.28412314587824
wavePE_drop,1,4,63.40656036451884
wavePE_drop,1,4,62.45459946400104
wavePE_drop,1,4,59.68787053248092
wavePE_drop,1,4,60.625008391538714
wavePE_drop,1,4,62.144691060009905
wavePE_drop,1,4,63.025687417684594
wavePE_drop,1,4,61.31139699249435
wavePE_drop,1,4,62.856360606187266
wavePE_drop,1,4,62.43157132806384
wavePE_drop,1,4,61.3791407312177
wavePE_drop,1,4,63.2506820240696
wavePE_drop,1,4,60.81008858072245
wavePE_drop,1,4,60.01302972381118
wavePE_drop,1,4,63.41388264158912
wavePE_drop,1,4,62.62401110870858
wavePE_drop,1,4,60.30502779653347
wavePE_drop,1,4,63.938811021948545
wavePE_drop,1,4,63.554449295106835
wavePE_drop,1,4,59.90805742696872
wavePE_drop,1,4,62.10823585694051
wavePE_drop,1,4,62.164450640225255
wavePE_drop,1,4,49.677438647290124
wavePE_drop,1,4,37.29494598358423
wavePE_drop,1,4,53.12380181937133
wavePE_drop,1,4,50.56199644281941
wavePE_drop,1,4,47.24829482614799
wavePE_drop,1,4,52.68762902826279
wavePE_drop,1,4,51.809164976047775
wavePE_drop,1,4,60.12920452644505
wavePE_drop,1,4,59.234724257780954
wavePE_drop,1,4,60.724319853243024
wavePE_drop,1,4,62.06632555120382
wavePE_drop,1,4,59.384733531830925
wavePE_drop,1,4,58.5952520658305
wavePE_drop,1,4,59.406839100233505
wavePE_drop,1,4,61.802426555705594
wavePE_drop,1,4,60.57271346623001
wavePE_drop,1,4,57.47100793118435
wavePE_drop,1,4,60.08132638518032
wavePE_drop,1,4,57.07189127206163
wavePE_drop,1,4,59.17570155417566
wavePE_drop,1,4,58.96380339424024
wavePE_drop,1,4,58.23657156476316
wavePE_drop,1,4,50.06095333317536
wavePE_drop,1,4,50.932288684698854
wavePE_drop,1,4,53.484386613356584
wavePE_drop,1,4,56.133926448612726
wavePE_drop,1,4,54.624831093786156
wavePE_drop,1,4,58.283764901526396
wavePE_drop,1,4,58.098542753907495
wavePE_drop,1,4,62.09530423436887
wavePE_drop,1,4,60.46376153718923
wavePE_drop,1,4,57.471916805657585
wavePE_drop,1,4,59.931519269129794
wavePE_drop,1,4,58.36462773807195
wavePE_drop,1,4,59.89924369215452
wavePE_drop,1,4,60.22044690327697
wavePE_drop,1,4,59.97371421394234
wavePE_drop,1,4,57.31912389702956
wavePE_drop,1,4,61.07473222775458
wavePE_drop,1,4,62.96503280456001
wavePE_drop,1,4,62.22315404203608
wavePE_drop,1,4,60.6827741140883
wavePE_drop,1,4,62.86634170274384
wavePE_drop,1,4,60.153691318618876
wavePE_drop,1,4,63.42367665274442
wavePE_drop,1,4,62.35727098256769
wavePE_drop,1,4,62.20650611037231
wavePE_drop,1,4,57.693931510284976
wavePE_drop,1,4,61.732656560342875
wavePE_drop,1,4,57.92816912505951
wavePE_drop,1,4,60.856460192313875
wavePE_drop,1,4,60.13836969560862
wavePE_drop,1,4,62.38638482465676
wavePE_drop,1,4,59.93227048489627
wavePE_drop,1,4,60.75113862864453
wavePE_drop,1,4,60.48999703947752
wavePE_drop,1,4,48.99289267604139
wavePE_drop,1,4,41.53916072105259
wavePE_drop,1,4,41.008324583759595
wavePE_drop,1,4,46.939003987802394
wavePE_drop,1,4,49.29836733318973
wavePE_drop,1,4,49.664647863869746
wavePE_drop,1,4,56.82377180643135
wavePE_drop,1,4,57.97564112058488
wavePE_drop,1,4,60.051839028539106
wavePE_drop,1,4,59.95960034156695
wavePE_drop,1,4,56.125876662600454
wavePE_drop,1,4,58.4133207313977
wavePE_drop,1,4,59.26217689723633
wavePE_drop,1,4,56.87424924811546
wavePE_drop,1,4,58.470808559387926
wavePE_drop,1,4,57.566407939269844
wavePE_drop,1,4,63.27256788147417
wavePE_drop,1,4,64.84531359829836
wavePE_drop,1,4,67.87325574058524
wavePE_drop,1,4,69.58421157993413
wavePE_drop,1,4,65.16869803773696
wavePE_drop,1,4,68.34080578455439
wavePE_drop,1,4,66.3436633786408
wavePE_drop,1,4,67.24843989783643
wavePE_drop,1,4,67.59432297898816
wavePE_drop,1,4,64.70974876897783
wavePE_drop,1,4,60.943799864464424
wavePE_drop,1,4,64.64903882015402
wavePE_drop,1,4,62.69256287865898
wavePE_drop,1,4,66.55022798231694
wavePE_drop,1,4,63.693152859554026
wavePE_drop,1,4,64.50901564120797
wavePE_drop,1,4,62.27114449737856
wavePE_drop,1,4,63.83466712988003
wavePE_drop,1,4,62.39212611661818
wavePE_drop,1,4,54.70858467783023
wavePE_drop,1,4,52.10625873722505
wavePE_drop,1,4,59.58731959688252
wavePE_drop,1,4,63.18363490306486
wavePE_drop,1,4,60.92797536810792
wavePE_drop,1,4,59.21683919081584
wavePE_drop,1,4,63.50657477096859
wavePE_drop,1,4,60.141321788477946
wavePE_drop,1,4,64.63409896218151
wavePE_drop,1,4,62.46339290524047
wavePE_drop,1,4,62.907586453606164
wavePE_drop,1,4,59.94039274546439
wavePE_drop,1,4,60.98407747392992
wavePE_drop,1,4,60.64244332882322
wavePE_drop,1,4,63.33517914285646
wavePE_drop,1,4,62.556716198930744
wavePE_drop,1,4,64.57119032782349
wavePE_drop,1,4,62.89000735273965
wavePE_drop,1,4,62.09537837043223
wavePE_drop,1,4,63.0250322550312
wavePE_drop,1,4,56.206816733933444
wavePE_drop,1,4,60.30686661801634
wavePE_drop,1,4,63.220743790176414
wavePE_drop,1,4,62.30887857427769
wavePE_drop,1,4,66.44448721015166
wavePE_drop,1,4,65.88229892480345
wavePE_drop,1,4,65.48607041012777
wavePE_drop,1,4,66.34202484262543
wavePE_drop,1,4,67.5090831125697
wavePE_drop,1,4,62.36165018037248
wavePE_drop,1,4,55.51125157712225
wavePE_drop,1,4,51.90214273258498
wavePE_drop,1,4,59.67013635152847
wavePE_drop,1,4,61.25764787850752
wavePE_drop,1,4,46.78448168095819
wavePE_drop,1,4,55.17459494296101
wavePE_drop,1,5,17.71695190782005
wavePE_drop,1,5,38.049812774053855
wavePE_drop,1,5,37.16803722068795
wavePE_drop,1,5,36.88382918556226
wavePE_drop,1,5,38.383850148190795
wavePE_drop,1,5,38.78748092703048
wavePE_drop,1,5,43.50673262989801
wavePE_drop,1,5,40.64464697474086
wavePE_drop,1,5,44.795459223340934
wavePE_drop,1,5,45.04855826924398
wavePE_drop,1,5,44.51028977980339
wavePE_drop,1,5,41.24674684161219
wavePE_drop,1,5,45.5082630285624
wavePE_drop,1,5,46.38797002280434
wavePE_drop,1,5,50.044064220925144
wavePE_drop,1,5,44.225884304759894
wavePE_drop,1,5,47.311937914785
wavePE_drop,1,5,46.61709858053147
wavePE_drop,1,5,44.246405798664284
wavePE_drop,1,5,48.06271333496138
wavePE_drop,1,5,46.10458331634916
wavePE_drop,1,5,38.03854084780394
wavePE_drop,1,5,37.12317605879269
wavePE_drop,1,5,39.605737197600035
wavePE_drop,1,5,41.92771661157186
wavePE_drop,1,5,40.184545661377804
wavePE_drop,1,5,47.824450670137274
wavePE_drop,1,5,46.97689156426191
wavePE_drop,1,5,48.74597829778109
wavePE_drop,1,5,51.84155193773135
wavePE_drop,1,5,45.16530673495574
wavePE_drop,1,5,48.69516033866446
wavePE_drop,1,5,51.44967204765661
wavePE_drop,1,5,42.42544921203454
wavePE_drop,1,5,47.59798524696658
wavePE_drop,1,5,45.75405242258563
wavePE_drop,1,5,40.66087674366828
wavePE_drop,1,5,42.05052476655776
wavePE_drop,1,5,45.255377371235745
wavePE_drop,1,5,46.468744816073674
wavePE_drop,1,5,42.998024467120935
wavePE_drop,1,5,48.2410095449926
wavePE_drop,1,5,45.99137053256588
wavePE_drop,1,5,44.889670440902584
wavePE_drop,1,5,44.690650473002556
wavePE_drop,1,5,46.80565348721279
wavePE_drop,1,5,43.14384788745573
wavePE_drop,1,5,46.8857621110307
wavePE_drop,1,5,48.5633010792845
wavePE_drop,1,5,38.83650794468216
wavePE_drop,1,5,43.80105648975073
wavePE_drop,1,5,42.94869572711456
wavePE_drop,1,5,40.847798963927175
wavePE_drop,1,5,46.321237480510845
wavePE_drop,1,5,47.333538745475714
wavePE_drop,1,5,28.08708178467064
wavePE_drop,1,5,32.38336252578007
wavePE_drop,1,5,28.81942800570896
wavePE_drop,1,5,32.78919442682642
wavePE_drop,1,5,36.055947357248996
wavePE_drop,1,5,38.43995927445203
wavePE_drop,1,5,50.14954905766433
wavePE_drop,1,5,49.97979025855684
wavePE_drop,1,5,53.679444947584386
wavePE_drop,1,5,53.31714600276903
wavePE_drop,1,5,49.50773931584793
wavePE_drop,1,5,52.2875418798423
wavePE_drop,1,5,53.25379160624103
wavePE_drop,1,5,50.31575442406548
wavePE_drop,1,5,53.13411722803199
wavePE_drop,1,5,47.2720509139541
wavePE_drop,1,5,55.406081564820056
wavePE_drop,1,5,58.520942230329815
wavePE_drop,1,5,58.81987074739789
wavePE_drop,1,5,59.422017631384165
wavePE_drop,1,5,57.68371494676614
wavePE_drop,1,5,58.792604084795116
wavePE_drop,1,5,58.62146171514233
wavePE_drop,1,5,58.66942573572156
wavePE_drop,1,5,60.73813727547497
wavePE_drop,1,5,55.81977857030727
wavePE_drop,1,5,57.28508790098033
wavePE_drop,1,5,60.579508116605055
wavePE_drop,1,5,58.36204448663786
wavePE_drop,1,5,60.191938517262656
wavePE_drop,1,5,61.669945599660764
wavePE_drop,1,5,60.71151540340326
wavePE_drop,1,5,58.42526295869053
wavePE_drop,1,5,59.36175216182654
wavePE_drop,1,5,58.148778047297405
wavePE_drop,1,5,50.1752060415812
wavePE_drop,1,5,53.77046121723593
wavePE_drop,1,5,51.69469010112219
wavePE_drop,1,5,55.06633217247474
wavePE_drop,1,5,56.03305087235149
wavePE_drop,1,5,54.55878742470213
wavePE_drop,1,5,56.679220097168944
wavePE_drop,1,5,58.71880266332766
wavePE_drop,1,5,55.110622524343775
wavePE_drop,1,5,57.640961729447945
wavePE_drop,1,5,55.01721015487941
wavePE_drop,1,5,57.13984767530621
wavePE_drop,1,5,60.123188412820625
wavePE_drop,1,5,60.29867071832454
wavePE_drop,1,5,57.20414709882383
wavePE_drop,1,5,59.82330155682914
wavePE_drop,1,5,59.918016650146754
wavePE_drop,1,5,56.8372441191737
wavePE_drop,1,5,59.55314428467073
wavePE_drop,1,5,60.46485323094676
wavePE_drop,1,5,46.102726393818315
wavePE_drop,1,5,54.48884743645467
wavePE_drop,1,5,58.6185757441113
wavePE_drop,1,5,55.74107661494146
wavePE_drop,1,5,56.45967351455765
wavePE_drop,1,5,58.14409047591926
wavePE_drop,1,5,60.18542191000854
wavePE_drop,1,5,56.89830806107277
wavePE_drop,1,5,60.569692818106034
wavePE_drop,1,5,55.9443595597056
wavePE_drop,1,5,47.80903433111566
wavePE_drop,1,5,47.091184092918176
wavePE_drop,1,5,57.34707695685531
wavePE_drop,1,5,59.10636049475408
wavePE_drop,1,5,28.084486456699246
wavePE_drop,1,5,40.64654953007862
wavePE_drop,1,5,31.68586699772668
wavePE_drop,1,5,32.055407899166745
wavePE_drop,1,5,35.835425988644346
wavePE_drop,1,5,36.51953605493028
wavePE_drop,1,5,35.67013396967313
wavePE_drop,1,5,48.52858259847178
wavePE_drop,1,5,47.02203705126878
wavePE_drop,1,5,52.935711396522315
wavePE_drop,1,5,52.00041335145913
wavePE_drop,1,5,45.24167002835526
wavePE_drop,1,5,49.052968871605266
wavePE_drop,1,5,49.220723026542544
wavePE_drop,1,5,47.01482966931536
wavePE_drop,1,5,46.795438422397005
wavePE_drop,1,5,46.985629283846826
wavePE_drop,1,5,53.08208218051918
wavePE_drop,1,5,57.908182876767604
wavePE_drop,1,5,61.14740084414786
wavePE_drop,1,5,58.97946316578092
wavePE_drop,1,5,55.783312392490764
wavePE_drop,1,5,58.954505024085265
wavePE_drop,1,5,55.18002605645704
wavePE_drop,1,5,58.50282363123551
wavePE_drop,1,5,60.16948151330214
wavePE_drop,1,5,58.2345427608001
wavePE_drop,1,5,55.02192295452837
wavePE_drop,1,5,57.85128914572156
wavePE_drop,1,5,55.854302627516184
wavePE_drop,1,5,58.799550857537646
wavePE_drop,1,5,58.48477620812186
wavePE_drop,1,5,58.31864001598974
wavePE_drop,1,5,55.404909245600116
wavePE_drop,1,5,55.29165400118866
wavePE_drop,1,5,54.38484735446953
wavePE_drop,1,5,47.52605649477227
wavePE_drop,1,5,44.38809829615318
wavePE_drop,1,5,48.30647025606959
wavePE_drop,1,5,52.64533086757128
wavePE_drop,1,5,51.43928907298473
wavePE_drop,1,5,49.616447287302115
wavePE_drop,1,5,53.42258107209797
wavePE_drop,1,5,50.9665227709267
wavePE_drop,1,5,56.76291659058605
wavePE_drop,1,5,54.79686978558258
wavePE_drop,1,5,53.826264724394925
wavePE_drop,1,5,54.29608276084868
wavePE_drop,1,5,58.39578056217395
wavePE_drop,1,5,56.88306191570058
wavePE_drop,1,5,57.8569961408249
wavePE_drop,1,5,56.399178127883445
wavePE_drop,1,5,60.31497640885323
wavePE_drop,1,5,56.39897247649201
wavePE_drop,1,5,57.16399616688296
wavePE_drop,1,5,58.21661381134049
wavePE_drop,1,5,49.58498710696376
wavePE_drop,1,5,52.607105432429535
wavePE_drop,1,5,57.045473152103796
wavePE_drop,1,5,52.71163735369207
wavePE_drop,1,5,57.50195145027699
wavePE_drop,1,5,59.395415356548305
wavePE_drop,1,5,61.8144231673681
wavePE_drop,1,5,58.76415666004399
wavePE_drop,1,5,59.06367855854307
wavePE_drop,1,5,56.85446090958623
wavePE_drop,1,5,45.669754229650906
wavePE_drop,1,5,44.027151599481506
wavePE_drop,1,5,53.325086052580765
wavePE_drop,1,5,57.91511548298511
wavePE_drop,1,5,38.69965081434124
wavePE_drop,1,5,45.981081785522136
wavePE_drop,1,5,27.73897227885249
wavePE_drop,1,5,39.1108509907725
wavePE_drop,1,5,41.633517043665655
wavePE_drop,1,5,41.56099735948413
wavePE_drop,1,5,37.57328253675953
wavePE_drop,1,5,40.96572105335132
wavePE_drop,1,5,42.8802944701825
wavePE_drop,1,5,45.22179156962846
wavePE_drop,1,5,46.798564637565654
wavePE_drop,1,5,42.68082389742077
wavePE_drop,1,5,53.226570210306875
wavePE_drop,1,5,54.10988273808057
wavePE_drop,1,5,55.88084808230214
wavePE_drop,1,5,55.747221739157226
wavePE_drop,1,5,54.35653471854023
wavePE_drop,1,5,55.56322654911973
wavePE_drop,1,5,51.248581945443426
wavePE_drop,1,5,54.48229424699866
wavePE_drop,1,5,54.00492479699056
wavePE_drop,1,5,39.306403893861635
wavePE_drop,1,5,58.311088398028446
wavePE_drop,1,5,61.19083187958957
wavePE_drop,1,5,61.97540909243548
wavePE_drop,1,5,64.76839210460284
wavePE_drop,1,5,63.458879760719014
wavePE_drop,1,5,64.15779529274569
wavePE_drop,1,5,62.578954684749085
wavePE_drop,1,5,64.00859119541292
wavePE_drop,1,5,60.222607969039935
wavePE_drop,1,5,52.70853379988923
wavePE_drop,1,5,50.45658395854325
wavePE_drop,1,5,57.50033807171992
wavePE_drop,1,5,59.61617428310491
wavePE_drop,1,5,44.676526501503595
wavePE_drop,1,5,48.90952048277633
wavePE_drop,1,5,45.52347787063783
wavePE_drop,1,5,52.06369823427736
wavePE_drop,1,5,51.04110049915631
wavePE_drop,1,5,59.04804282869935
wavePE_drop,1,5,57.791817390231905
wavePE_drop,1,5,59.31280501303963
wavePE_drop,1,5,60.543827431376535
wavePE_drop,1,5,59.4045778480541
wavePE_drop,1,5,57.000914250379246
wavePE_drop,1,5,51.42161593794655
wavePE_drop,1,5,49.10978649463995
wavePE_drop,1,5,57.66143905986958
wavePE_drop,1,5,57.016818727795055
wavePE_drop,1,5,45.11007273882837
wavePE_drop,1,5,51.79620641517003
wavePE_drop,1,5,49.225387828424
wavePE_drop,1,5,57.49006941594046
wavePE_drop,1,5,57.51355804003821
wavePE_drop,1,5,40.578214479568715
wavePE_drop,1,5,48.87987244660694
wavePE_drop,1,5,35.6989918774127
wavePE_drop,1,6,15.821947720796132
wavePE_drop,1,6,17.188071941074288
wavePE_drop,1,6,15.699098382150327
wavePE_drop,1,6,16.29190777017756
wavePE_drop,1,6,15.915357809468631
wavePE_drop,1,6,34.07779693825191
wavePE_drop,1,6,33.415231315858065
wavePE_drop,1,6,36.0140632457866
wavePE_drop,1,6,35.52381476448783
wavePE_drop,1,6,34.90685556756704
wavePE_drop,1,6,36.30828409604763
wavePE_drop,1,6,37.007528953822565
wavePE_drop,1,6,34.98928534321126
wavePE_drop,1,6,38.54570666455384
wavePE_drop,1,6,30.255637127174488
wavePE_drop,1,6,32.80846570715209
wavePE_drop,1,6,39.50427378189205
wavePE_drop,1,6,43.82664933841953
wavePE_drop,1,6,42.79939373126643
wavePE_drop,1,6,36.96810156582296
wavePE_drop,1,6,42.900214426164766
wavePE_drop,1,6,38.11170536777432
wavePE_drop,1,6,43.833569168257554
wavePE_drop,1,6,44.551648753809324
wavePE_drop,1,6,44.59468738260473
wavePE_drop,1,6,35.76892562494133
wavePE_drop,1,6,41.811735980336366
wavePE_drop,1,6,41.78757612724417
wavePE_drop,1,6,41.20960142675268
wavePE_drop,1,6,41.75142851789455
wavePE_drop,1,6,42.056725042298304
wavePE_drop,1,6,39.813040698733325
wavePE_drop,1,6,41.67503016079781
wavePE_drop,1,6,42.348349623203376
wavePE_drop,1,6,33.50543655254606
wavePE_drop,1,6,29.51690786690363
wavePE_drop,1,6,33.48776216604454
wavePE_drop,1,6,38.01624129529405
wavePE_drop,1,6,37.48769716216366
wavePE_drop,1,6,34.03698794696898
wavePE_drop,1,6,38.082977166081214
wavePE_drop,1,6,35.92244457666984
wavePE_drop,1,6,37.33105819447269
wavePE_drop,1,6,38.57773252346751
wavePE_drop,1,6,39.845540694835144
wavePE_drop,1,6,42.40613267442959
wavePE_drop,1,6,45.86789557553719
wavePE_drop,1,6,46.01506661457381
wavePE_drop,1,6,37.46142245864579
wavePE_drop,1,6,42.90306113428187
wavePE_drop,1,6,39.68681341157461
wavePE_drop,1,6,36.965930545237434
wavePE_drop,1,6,44.14043529377206
wavePE_drop,1,6,44.1168791821538
wavePE_drop,1,6,29.288107697085817
wavePE_drop,1,6,35.19108605105389
wavePE_drop,1,6,42.48244109558792
wavePE_drop,1,6,37.30501929571311
wavePE_drop,1,6,36.55135418339821
wavePE_drop,1,6,36.722935613585214
wavePE_drop,1,6,44.359178205676436
wavePE_drop,1,6,41.36322981399701
wavePE_drop,1,6,41.3757968437501
wavePE_drop,1,6,45.318081223108884
wavePE_drop,1,6,27.52771048637422
wavePE_drop,1,6,28.893107292437325
wavePE_drop,1,6,38.53775608125316
wavePE_drop,1,6,39.99510952546046
wavePE_drop,1,6,13.842368512316906
wavePE_drop,1,6,21.856974197278948
wavePE_drop,1,6,21.226701885978176
wavePE_drop,1,6,28.953622812802838
wavePE_drop,1,6,33.75941994114329
wavePE_drop,1,6,32.60101402350532
wavePE_drop,1,6,22.07713881977971
wavePE_drop,1,6,25.591432567702736
wavePE_drop,1,6,29.56917785881501
wavePE_drop,1,6,32.33423268260572
wavePE_drop,1,6,32.35586999345646
wavePE_drop,1,6,31.233827828736107
wavePE_drop,1,6,46.326268197804396
wavePE_drop,1,6,48.57759828352501
wavePE_drop,1,6,49.140115664570956
wavePE_drop,1,6,48.41922509008791
wavePE_drop,1,6,47.48604803282647
wavePE_drop,1,6,44.48751384889588
wavePE_drop,1,6,45.34803185703201
wavePE_drop,1,6,47.90619608494149
wavePE_drop,1,6,44.4515704793749
wavePE_drop,1,6,32.31279417819546
wavePE_drop,1,6,49.30035785004717
wavePE_drop,1,6,53.962218305872184
wavePE_drop,1,6,52.152034432885465
wavePE_drop,1,6,55.54138421653342
wavePE_drop,1,6,55.82410482205478
wavePE_drop,1,6,54.11160256099537
wavePE_drop,1,6,53.94376982642441
wavePE_drop,1,6,55.71261378134896
wavePE_drop,1,6,51.71865189971818
wavePE_drop,1,6,43.54128007842303
wavePE_drop,1,6,46.504428004050986
wavePE_drop,1,6,52.32328121241606
wavePE_drop,1,6,55.42306252551276
wavePE_drop,1,6,29.70577047631728
wavePE_drop,1,6,41.51412476456808
wavePE_drop,1,6,45.778502528475336
wavePE_drop,1,6,52.53123913592096
wavePE_drop,1,6,53.228216879841284
wavePE_drop,1,6,49.62172544621226
wavePE_drop,1,6,52.44179540130212
wavePE_drop,1,6,53.41012019275996
wavePE_drop,1,6,50.71563598451049
wavePE_drop,1,6,54.948037667536916
wavePE_drop,1,6,52.82189264441272
wavePE_drop,1,6,38.48425321521421
wavePE_drop,1,6,45.21790415518497
wavePE_drop,1,6,54.73626091009565
wavePE_drop,1,6,56.95223524483135
wavePE_drop,1,6,23.77069503403191
wavePE_drop,1,6,40.260142648254764
wavePE_drop,1,6,43.85429976353958
wavePE_drop,1,6,48.89933064537642
wavePE_drop,1,6,50.89126554258648
wavePE_drop,1,6,27.826768763070483
wavePE_drop,1,6,36.485308429914504
wavePE_drop,1,6,9.84970429308952
wavePE_drop,1,6,23.35281508482217
wavePE_drop,1,6,26.09429540230685
wavePE_drop,1,6,31.907740609967384
wavePE_drop,1,6,31.28227205222395
wavePE_drop,1,6,29.90890771893989
wavePE_drop,1,6,30.58253246247148
wavePE_drop,1,6,29.970182531424083
wavePE_drop,1,6,32.366425646195815
wavePE_drop,1,6,32.67315115193632
wavePE_drop,1,6,34.7026456771973
wavePE_drop,1,6,43.4554799821842
wavePE_drop,1,6,47.53144834742773
wavePE_drop,1,6,48.20262373166623
wavePE_drop,1,6,46.1742678627261
wavePE_drop,1,6,45.16490944556462
wavePE_drop,1,6,46.9295345296789
wavePE_drop,1,6,43.11720797994572
wavePE_drop,1,6,43.22971707584758
wavePE_drop,1,6,44.971496071500574
wavePE_drop,1,6,33.02877261569608
wavePE_drop,1,6,47.5361518572588
wavePE_drop,1,6,53.859904752998055
wavePE_drop,1,6,50.031103601226036
wavePE_drop,1,6,58.50832330397842
wavePE_drop,1,6,57.48277324787977
wavePE_drop,1,6,58.00012170623437
wavePE_drop,1,6,52.497903557136496
wavePE_drop,1,6,52.50468824689673
wavePE_drop,1,6,51.63552235056096
wavePE_drop,1,6,43.28472122390947
wavePE_drop,1,6,41.38921575746393
wavePE_drop,1,6,51.26011965387358
wavePE_drop,1,6,52.396138459822694
wavePE_drop,1,6,36.31091633302023
wavePE_drop,1,6,41.36118780735068
wavePE_drop,1,6,38.5044304900307
wavePE_drop,1,6,44.21295207003515
wavePE_drop,1,6,43.57576573467792
wavePE_drop,1,6,52.30228375267207
wavePE_drop,1,6,47.93155844774942
wavePE_drop,1,6,50.86341260493152
wavePE_drop,1,6,50.40187352063099
wavePE_drop,1,6,50.18828734927444
wavePE_drop,1,6,47.56731162566697
wavePE_drop,1,6,45.0716309005874
wavePE_drop,1,6,42.86479372969592
wavePE_drop,1,6,51.472045959308
wavePE_drop,1,6,55.609066961556174
wavePE_drop,1,6,40.81730927372512
wavePE_drop,1,6,44.92822678706608
wavePE_drop,1,6,37.52761484020177
wavePE_drop,1,6,46.35716717825852
wavePE_drop,1,6,50.07096290394662
wavePE_drop,1,6,34.876928672440776
wavePE_drop,1,6,35.89919769202752
wavePE_drop,1,6,25.081900397145013
wavePE_drop,1,6,27.084348366930207
wavePE_drop,1,6,28.791756369577396
wavePE_drop,1,6,27.783426120581332
wavePE_drop,1,6,38.80893268487661
wavePE_drop,1,6,36.55900204016577
wavePE_drop,1,6,34.31032790422676
wavePE_drop,1,6,37.79052653374083
wavePE_drop,1,6,37.758411421269884
wavePE_drop,1,6,33.77590967330152
wavePE_drop,1,6,29.200022751373847
wavePE_drop,1,6,44.14706397527049
wavePE_drop,1,6,50.408055423156064
wavePE_drop,1,6,50.1135039261161
wavePE_drop,1,6,30.521758687427248
wavePE_drop,1,6,33.78735750501169
wavePE_drop,1,6,47.33256226001059
wavePE_drop,1,6,53.05142448348773
wavePE_drop,1,6,52.34284564351225
wavePE_drop,1,6,40.25624585683251
wavePE_drop,1,6,44.31659757285964
wavePE_drop,1,6,30.835521770556348
wavePE_drop,1,6,38.42629801028098
wavePE_drop,1,6,44.96000256758996
wavePE_drop,1,6,46.44518563088401
wavePE_drop,1,6,34.39619166050924
wavePE_drop,1,6,46.99258323764244
wavePE_drop,1,6,34.10085868660466
wavePE_drop,1,6,28.011607685098976
learnedPE_nodrop,2,0,72.10077817490519
learnedPE_nodrop,2,1,68.06072845342678
learnedPE_nodrop,2,1,29.999814573677952
learnedPE_nodrop,2,1,54.165614679134016
learnedPE_nodrop,2,1,63.00976275450815
learnedPE_nodrop,2,1,63.25537923964363
learnedPE_nodrop,2,1,71.10607236956733
learnedPE_nodrop,2,1,65.44338854269343
learnedPE_nodrop,2,1,71.73276560610553
learnedPE_nodrop,2,1,69.57250910399965
learnedPE_nodrop,2,1,71.41440599564615
learnedPE_nodrop,2,2,26.4784077942845
learnedPE_nodrop,2,2,54.409124095453315
learnedPE_nodrop,2,2,60.62830989657122
learnedPE_nodrop,2,2,60.81730591088431
learnedPE_nodrop,2,2,66.37831953437436
learnedPE_nodrop,2,2,56.54117304706474
learnedPE_nodrop,2,2,67.46975927111
learnedPE_nodrop,2,2,66.22611184312974
learnedPE_nodrop,2,2,66.78298883776192
learnedPE_nodrop,2,2,27.221883733046734
learnedPE_nodrop,2,2,28.284327855689526
learnedPE_nodrop,2,2,29.483482977543236
learnedPE_nodrop,2,2,29.12286216849258
learnedPE_nodrop,2,2,26.60296275230949
learnedPE_nodrop,2,2,30.17682005685294
learnedPE_nodrop,2,2,27.516740071064817
learnedPE_nodrop,2,2,30.831412432466987
learnedPE_nodrop,2,2,25.02780261215072
learnedPE_nodrop,2,2,44.24064441194468
learnedPE_nodrop,2,2,56.33294549050349
learnedPE_nodrop,2,2,49.334512144730716
learnedPE_nodrop,2,2,56.809566392764296
learnedPE_nodrop,2,2,53.54646122033985
learnedPE_nodrop,2,2,57.61483927814806
learnedPE_nodrop,2,2,47.598059716516
learnedPE_nodrop,2,2,64.81888960752808
learnedPE_nodrop,2,2,55.81594260417842
learnedPE_nodrop,2,2,65.53462553205098
learnedPE_nodrop,2,2,60.72680438030428
learnedPE_nodrop,2,2,66.19223122838409
learnedPE_nodrop,2,2,63.281862783810354
learnedPE_nodrop,2,2,54.01628891746617
learnedPE_nodrop,2,2,63.883902350884625
learnedPE_nodrop,2,2,61.22001159794223
learnedPE_nodrop,2,2,64.57098897410567
learnedPE_nodrop,2,2,61.41602085632111
learnedPE_nodrop,2,2,69.39954124956138
learnedPE_nodrop,2,2,68.13012106143086
learnedPE_nodrop,2,2,69.00267527863538
learnedPE_nodrop,2,2,64.15632061083264
learnedPE_nodrop,2,2,57.86484901879869
learnedPE_nodrop,2,2,62.788016431343124
learnedPE_nodrop,2,2,67.37778679654859
learnedPE_nodrop,2,2,67.87901564407284
learnedPE_nodrop,2,2,63.82097602477296
learnedPE_nodrop,2,3,21.66568429314537
learnedPE_nodrop,2,3,21.856700974786264
learnedPE_nodrop,2,3,25.77215392367574
learnedPE_nodrop,2,3,25.00416311593735
learnedPE_nodrop,2,3,20.631842402440657
learnedPE_nodrop,2,3,25.939616237879495
learnedPE_nodrop,2,3,22.875465399318557
learnedPE_nodrop,2,3,26.321512536651216
learnedPE_nodrop,2,3,23.795594198265693
learnedPE_nodrop,2,3,42.914382020699755
learnedPE_nodrop,2,3,56.52940475687217
learnedPE_nodrop,2,3,43.408782264011485
learnedPE_nodrop,2,3,56.15482434530155
learnedPE_nodrop,2,3,54.65724497108031
learnedPE_nodrop,2,3,57.30574150646198
learnedPE_nodrop,2,3,42.781184349677076
learnedPE_nodrop,2,3,60.24293419678222
learnedPE_nodrop,2,3,50.114716735198776
learnedPE_nodrop,2,3,62.09852585480734
learnedPE_nodrop,2,3,59.23901625547193
learnedPE_nodrop,2,3,63.63993117849905
learnedPE_nodrop,2,3,60.62581948376454
learnedPE_nodrop,2,3,48.193506302616264
learnedPE_nodrop,2,3,60.933462607549
learnedPE_nodrop,2,3,58.8643418620578
learnedPE_nodrop,2,3,61.99455629852812
learnedPE_nodrop,2,3,52.012038017167455
learnedPE_nodrop,2,3,63.8370454977432
learnedPE_nodrop,2,3,64.53453319897815
learnedPE_nodrop,2,3,64.62269488912315
learnedPE_nodrop,2,3,54.119250751137464
learnedPE_nodrop,2,3,48.89761660331834
learnedPE_nodrop,2,3,53.26250153435551
learnedPE_nodrop,2,3,62.994866071500546
learnedPE_nodrop,2,3,63.48907847220223
learnedPE_nodrop,2,3,61.11994983185202
learnedPE_nodrop,2,3,16.763753215238
learnedPE_nodrop,2,3,25.65265199829792
learnedPE_nodrop,2,3,26.487495294280205
learnedPE_nodrop,2,3,23.178528504644735
learnedPE_nodrop,2,3,28.810714569861652
learnedPE_nodrop,2,3,24.75106242530307
learnedPE_nodrop,2,3,28.264305763030418
learnedPE_nodrop,2,3,24.867093031271843
learnedPE_nodrop,2,3,25.64496471265567
learnedPE_nodrop,2,3,28.828757148415637
learnedPE_nodrop,2,3,29.6513783096143
learnedPE_nodrop,2,3,27.12571458213618
learnedPE_nodrop,2,3,29.233277744705756
learnedPE_nodrop,2,3,28.394151354077447
learnedPE_nodrop,2,3,24.473152083108328
learnedPE_nodrop,2,3,29.622430101623927
learnedPE_nodrop,2,3,28.15648136455821
learnedPE_nodrop,2,3,30.442323404698175
learnedPE_nodrop,2,3,24.700477003532928
learnedPE_nodrop,2,3,28.35969484362565
learnedPE_nodrop,2,3,24.729244616253755
learnedPE_nodrop,2,3,29.164159582775095
learnedPE_nodrop,2,3,26.333416411304118
learnedPE_nodrop,2,3,22.574696534600868
learnedPE_nodrop,2,3,25.550525936462083
learnedPE_nodrop,2,3,26.270455229884615
learnedPE_nodrop,2,3,29.39173933536511
learnedPE_nodrop,2,3,23.013716253682144
learnedPE_nodrop,2,3,13.629960488909218
learnedPE_nodrop,2,3,24.961925150415148
learnedPE_nodrop,2,3,23.507869958542745
learnedPE_nodrop,2,3,26.56187891034022
learnedPE_nodrop,2,3,25.9727540649297
learnedPE_nodrop,2,3,26.772678218102726
learnedPE_nodrop,2,3,46.63620618900467
learnedPE_nodrop,2,3,40.27505186530571
learnedPE_nodrop,2,3,46.22679526018118
learnedPE_nodrop,2,3,45.75652913940636
learnedPE_nodrop,2,3,48.661516594758304
learnedPE_nodrop,2,3,50.17196013472557
learnedPE_nodrop,2,3,59.018275821040866
learnedPE_nodrop,2,3,56.28857310167054
learnedPE_nodrop,2,3,59.15177017499315
learnedPE_nodrop,2,3,51.276940409136905
learnedPE_nodrop,2,3,45.62183191509877
learnedPE_nodrop,2,3,51.339907639468905
learnedPE_nodrop,2,3,55.395208407130255
learnedPE_nodrop,2,3,58.520052632077736
learnedPE_nodrop,2,3,54.88192948816516
learnedPE_nodrop,2,3,47.598913090619185
learnedPE_nodrop,2,3,41.409308504531325
learnedPE_nodrop,2,3,50.502653513067386
learnedPE_nodrop,2,3,48.948825711703066
learnedPE_nodrop,2,3,49.75538334709734
learnedPE_nodrop,2,3,54.73034870774972
learnedPE_nodrop,2,3,65.44838613084777
learnedPE_nodrop,2,3,61.63719583370995
learnedPE_nodrop,2,3,66.55276131750048
learnedPE_nodrop,2,3,57.77004336443031
learnedPE_nodrop,2,3,50.0245155182586
learnedPE_nodrop,2,3,57.12228055924083
learnedPE_nodrop,2,3,61.384779784609165
learnedPE_nodrop,2,3,66.35789544024824
learnedPE_nodrop,2,3,60.60345837383708
learnedPE_nodrop,2,3,51.552259012117204
learnedPE_nodrop,2,3,62.37901464545702
learnedPE_nodrop,2,3,60.693290607313656
learnedPE_nodrop,2,3,62.46148985461208
learnedPE_nodrop,2,3,54.35349336031548
learnedPE_nodrop,2,3,48.37619156021473
learnedPE_nodrop,2,3,55.231422329445145
learnedPE_nodrop,2,3,58.857114920298216
learnedPE_nodrop,2,3,61.858846154573726
learnedPE_nodrop,2,3,56.82223966838799
learnedPE_nodrop,2,3,58.76340552057814
learnedPE_nodrop,2,3,53.82517901374791
learnedPE_nodrop,2,3,59.09434479488101
learnedPE_nodrop,2,3,65.48460255246097
learnedPE_nodrop,2,3,65.48227495697395
learnedPE_nodrop,2,3,62.647379340346426
learnedPE_nodrop,2,3,55.46512994292063
learnedPE_nodrop,2,3,59.285565986129235
learnedPE_nodrop,2,3,50.630189019672954
learnedPE_nodrop,2,3,56.46053061749773
learnedPE_nodrop,2,4,10.929547942751915
learnedPE_nodrop,2,4,21.11517669566931
learnedPE_nodrop,2,4,20.834083695140375
learnedPE_nodrop,2,4,16.31784899842981
learnedPE_nodrop,2,4,22.426548812668816
learnedPE_nodrop,2,4,19.976049012160242
learnedPE_nodrop,2,4,21.29078947040546
learnedPE_nodrop,2,4,20.934370236467675
learnedPE_nodrop,2,4,19.14272286767045
learnedPE_nodrop,2,4,19.548582031188204
learnedPE_nodrop,2,4,22.374802396829068
learnedPE_nodrop,2,4,20.473168139598044
learnedPE_nodrop,2,4,22.46816265273296
learnedPE_nodrop,2,4,24.957927449499486
learnedPE_nodrop,2,4,21.134135705107862
learnedPE_nodrop,2,4,25.377842284394767
learnedPE_nodrop,2,4,22.765946700381676
learnedPE_nodrop,2,4,26.540633576988245
learnedPE_nodrop,2,4,18.799898646805413
learnedPE_nodrop,2,4,22.989249735009793
learnedPE_nodrop,2,4,19.606658622970436
learnedPE_nodrop,2,4,24.541323353763932
learnedPE_nodrop,2,4,20.09838473258526
learnedPE_nodrop,2,4,16.59198554890849
learnedPE_nodrop,2,4,20.94709447643655
learnedPE_nodrop,2,4,20.36087520639416
learnedPE_nodrop,2,4,24.44587429963612
learnedPE_nodrop,2,4,17.980892698353454
learnedPE_nodrop,2,4,12.574649252266042
learnedPE_nodrop,2,4,23.10485507914357
learnedPE_nodrop,2,4,17.891857895200417
learnedPE_nodrop,2,4,24.985641036304852
learnedPE_nodrop,2,4,23.78617319625986
learnedPE_nodrop,2,4,25.971177926030155
learnedPE_nodrop,2,4,45.17837402396958
learnedPE_nodrop,2,4,34.9466712152249
learnedPE_nodrop,2,4,45.32644873068515
learnedPE_nodrop,2,4,45.1168683760712
learnedPE_nodrop,2,4,47.022672573260586
learnedPE_nodrop,2,4,43.86495562412948
learnedPE_nodrop,2,4,57.02695830561584
learnedPE_nodrop,2,4,56.62396738435683
learnedPE_nodrop,2,4,58.421271664920276
learnedPE_nodrop,2,4,44.63728747152417
learnedPE_nodrop,2,4,41.06386035979875
learnedPE_nodrop,2,4,45.939451660641126
learnedPE_nodrop,2,4,56.066975936748406
learnedPE_nodrop,2,4,57.47731643797986
learnedPE_nodrop,2,4,53.83625549626958
learnedPE_nodrop,2,4,43.508476312106595
learnedPE_nodrop,2,4,35.36534501267908
learnedPE_nodrop,2,4,45.472731496627105
learnedPE_nodrop,2,4,43.9223901901842
learnedPE_nodrop,2,4,45.24991856602042
learnedPE_nodrop,2,4,46.25775032573023
learnedPE_nodrop,2,4,60.55447666963757
learnedPE_nodrop,2,4,59.77546380458961
learnedPE_nodrop,2,4,62.53765312476087
learnedPE_nodrop,2,4,50.96262850867218
learnedPE_nodrop,2,4,44.64130698645824
learnedPE_nodrop,2,4,51.107325993417916
learnedPE_nodrop,2,4,58.119881904545835
learnedPE_nodrop,2,4,63.24026068578383
learnedPE_nodrop,2,4,57.13618845419584
learnedPE_nodrop,2,4,45.85409150125962
learnedPE_nodrop,2,4,58.091146832319204
learnedPE_nodrop,2,4,58.02603911723622
learnedPE_nodrop,2,4,59.297857923342185
learnedPE_nodrop,2,4,47.16914603311852
learnedPE_nodrop,2,4,40.452871601147045
learnedPE_nodrop,2,4,47.97324835857041
learnedPE_nodrop,2,4,56.68046058923593
learnedPE_nodrop,2,4,58.07027365641637
learnedPE_nodrop,2,4,53.88684366614998
learnedPE_nodrop,2,4,48.98171409716475
learnedPE_nodrop,2,4,44.470112173768875
learnedPE_nodrop,2,4,49.5395798056004
learnedPE_nodrop,2,4,58.931022231288964
learnedPE_nodrop,2,4,58.48318176142603
learnedPE_nodrop,2,4,57.797380742195664
learnedPE_nodrop,2,4,44.65648336285282
learnedPE_nodrop,2,4,49.650026691188614
learnedPE_nodrop,2,4,41.76783154893879
learnedPE_nodrop,2,4,51.8289627252016
learnedPE_nodrop,2,4,7.49849225568636
learnedPE_nodrop,2,4,15.561173442068041
learnedPE_nodrop,2,4,18.10275182315598
learnedPE_nodrop,2,4,16.80578004026574
learnedPE_nodrop,2,4,15.157743079741886
learnedPE_nodrop,2,4,17.713768505374528
learnedPE_nodrop,2,4,24.110144423202048
learnedPE_nodrop,2,4,21.18630473222442
learnedPE_nodrop,2,4,25.122386833829328
learnedPE_nodrop,2,4,26.80810518940178
learnedPE_nodrop,2,4,26.05576103807996
learnedPE_nodrop,2,4,21.286539576972906
learnedPE_nodrop,2,4,26.396274129752932
learnedPE_nodrop,2,4,22.791234597432524
learnedPE_nodrop,2,4,26.727480711128493
learnedPE_nodrop,2,4,23.147159943157536
learnedPE_nodrop,2,4,20.072373180496502
learnedPE_nodrop,2,4,22.99256962184695
learnedPE_nodrop,2,4,25.12150726916235
learnedPE_nodrop,2,4,28.606168623823525
learnedPE_nodrop,2,4,20.672967865229577
learnedPE_nodrop,2,4,22.76777989580987
learnedPE_nodrop,2,4,25.294202443425792
learnedPE_nodrop,2,4,25.708810984820534
learnedPE_nodrop,2,4,24.17175998932089
learnedPE_nodrop,2,4,26.732190004683755
learnedPE_nodrop,2,4,26.453353578116815
learnedPE_nodrop,2,4,26.530764991144697
learnedPE_nodrop,2,4,25.65887322916448
learnedPE_nodrop,2,4,27.650529201375644
learnedPE_nodrop,2,4,29.35482819925477
learnedPE_nodrop,2,4,26.332152437889757
learnedPE_nodrop,2,4,28.681660524685487
learnedPE_nodrop,2,4,26.913279628862124
learnedPE_nodrop,2,4,29.25229659861673
learnedPE_nodrop,2,4,24.632064451211388
learnedPE_nodrop,2,4,23.019095460223323
learnedPE_nodrop,2,4,28.13871953685469
learnedPE_nodrop,2,4,26.680120865867554
learnedPE_nodrop,2,4,30.166016186454193
learnedPE_nodrop,2,4,24.048749316574845
learnedPE_nodrop,2,4,22.21038672965965
learnedPE_nodrop,2,4,24.956187211350056
learnedPE_nodrop,2,4,26.830069621262144
learnedPE_nodrop,2,4,29.71200329562242
learnedPE_nodrop,2,4,24.528227612986168
learnedPE_nodrop,2,4,22.37439601773832
learnedPE_nodrop,2,4,19.879024170453533
learnedPE_nodrop,2,4,24.47883525050404
learnedPE_nodrop,2,4,22.73537540024817
learnedPE_nodrop,2,4,26.45629973314166
learnedPE_nodrop,2,4,20.991239352578315
learnedPE_nodrop,2,4,22.221537385613487
learnedPE_nodrop,2,4,23.96584700203319
learnedPE_nodrop,2,4,18.85783019986295
learnedPE_nodrop,2,4,19.591903786750606
learnedPE_nodrop,2,4,12.895248353966924
learnedPE_nodrop,2,4,11.412231092083017
learnedPE_nodrop,2,4,13.597707043894307
learnedPE_nodrop,2,4,14.159438593448021
learnedPE_nodrop,2,4,14.325479568376343
learnedPE_nodrop,2,4,23.235558284224343
learnedPE_nodrop,2,4,26.19093396881978
learnedPE_nodrop,2,4,26.767311492665772
learnedPE_nodrop,2,4,28.02680636045429
learnedPE_nodrop,2,4,24.962014134359524
learnedPE_nodrop,2,4,23.51221382240775
learnedPE_nodrop,2,4,24.476161874534686
learnedPE_nodrop,2,4,28.78132702846537
learnedPE_nodrop,2,4,29.74338857224831
learnedPE_nodrop,2,4,26.774662081059866
learnedPE_nodrop,2,4,40.299114518200106
learnedPE_nodrop,2,4,48.63603005468042
learnedPE_nodrop,2,4,48.023620354864356
learnedPE_nodrop,2,4,51.06994068449977
learnedPE_nodrop,2,4,41.9069232256078
learnedPE_nodrop,2,4,39.1672341849639
learnedPE_nodrop,2,4,43.5454264316947
learnedPE_nodrop,2,4,48.702242714751314
learnedPE_nodrop,2,4,51.13236255778931
learnedPE_nodrop,2,4,47.98661269243838
learnedPE_nodrop,2,4,50.84856352195579
learnedPE_nodrop,2,4,45.25186539023099
learnedPE_nodrop,2,4,51.78938186412598
learnedPE_nodrop,2,4,58.39150203483536
learnedPE_nodrop,2,4,58.96550415632226
learnedPE_nodrop,2,4,57.171353224944994
learnedPE_nodrop,2,4,45.91899027395264
learnedPE_nodrop,2,4,51.560170644655805
learnedPE_nodrop,2,4,43.94590548436272
learnedPE_nodrop,2,4,50.38082996091007
learnedPE_nodrop,2,4,41.9977064223785
learnedPE_nodrop,2,4,50.800744141598145
learnedPE_nodrop,2,4,48.28060969670529
learnedPE_nodrop,2,4,49.78508367630889
learnedPE_nodrop,2,4,42.77318979326675
learnedPE_nodrop,2,4,40.57183162958797
learnedPE_nodrop,2,4,42.524122354289695
learnedPE_nodrop,2,4,49.652559485319145
learnedPE_nodrop,2,4,51.485397088832926
learnedPE_nodrop,2,4,49.303886064648104
learnedPE_nodrop,2,4,54.38406588593473
learnedPE_nodrop,2,4,48.00098682639112
learnedPE_nodrop,2,4,55.2272746601746
learnedPE_nodrop,2,4,60.20290787169275
learnedPE_nodrop,2,4,63.097048595547854
learnedPE_nodrop,2,4,59.03183987445027
learnedPE_nodrop,2,4,49.36491829893635
learnedPE_nodrop,2,4,57.50841655109882
learnedPE_nodrop,2,4,46.48072195197272
learnedPE_nodrop,2,4,52.838602668867324
learnedPE_nodrop,2,4,49.86088138246017
learnedPE_nodrop,2,4,45.54588460622822
learnedPE_nodrop,2,4,51.584536326294845
learnedPE_nodrop,2,4,57.39129356473958
learnedPE_nodrop,2,4,58.29114058938764
learnedPE_nodrop,2,4,55.47400402507975
learnedPE_nodrop,2,4,45.41898496019183
learnedPE_nodrop,2,4,51.329534552692245
learnedPE_nodrop,2,4,43.12192968087398
learnedPE_nodrop,2,4,49.843364716802355
learnedPE_nodrop,2,4,46.636368336332225
learnedPE_nodrop,2,4,53.47801206528066
learnedPE_nodrop,2,4,44.593169075005065
learnedPE_nodrop,2,4,54.04410861373139
learnedPE_nodrop,2,4,42.54813756449876
learnedPE_nodrop,2,5,5.772965872065357
learnedPE_nodrop,2,5,10.65559318312003
learnedPE_nodrop,2,5,9.442016831775822
learnedPE_nodrop,2,5,11.154983503737117
learnedPE_nodrop,2,5,9.236789663067077
learnedPE_nodrop,2,5,11.117658157972178
learnedPE_nodrop,2,5,20.082836549189548
learnedPE_nodrop,2,5,15.534240688473599
learnedPE_nodrop,2,5,21.273074290420034
learnedPE_nodrop,2,5,20.433342105869734
learnedPE_nodrop,2,5,21.912218371960652
learnedPE_nodrop,2,5,13.471429833691886
learnedPE_nodrop,2,5,19.558189654356347
learnedPE_nodrop,2,5,17.758272445315672
learnedPE_nodrop,2,5,19.805348534091923
learnedPE_nodrop,2,5,15.865747583514336
learnedPE_nodrop,2,5,14.321493597728958
learnedPE_nodrop,2,5,15.573910862182771
learnedPE_nodrop,2,5,19.590725886341403
learnedPE_nodrop,2,5,20.547288308568145
learnedPE_nodrop,2,5,16.330220660536856
learnedPE_nodrop,2,5,18.985611603168937
learnedPE_nodrop,2,5,19.321054021975318
learnedPE_nodrop,2,5,21.143238747028587
learnedPE_nodrop,2,5,19.25613684268343
learnedPE_nodrop,2,5,21.02555049568579
learnedPE_nodrop,2,5,16.42621008723929
learnedPE_nodrop,2,5,19.833998492429707
learnedPE_nodrop,2,5,17.704562446477272
learnedPE_nodrop,2,5,19.947206711472745
learnedPE_nodrop,2,5,19.166677637054136
learnedPE_nodrop,2,5,17.741653507031906
learnedPE_nodrop,2,5,19.418670923757244
learnedPE_nodrop,2,5,19.991220202288442
learnedPE_nodrop,2,5,22.281834181034075
learnedPE_nodrop,2,5,16.852084120652894
learnedPE_nodrop,2,5,18.514311758918392
learnedPE_nodrop,2,5,22.398123175697066
learnedPE_nodrop,2,5,19.357592989118974
learnedPE_nodrop,2,5,26.53205933957822
learnedPE_nodrop,2,5,20.396396043625863
learnedPE_nodrop,2,5,16.663537765201845
learnedPE_nodrop,2,5,20.814745022261146
learnedPE_nodrop,2,5,20.633646166660643
learnedPE_nodrop,2,5,25.799055359043034
learnedPE_nodrop,2,5,19.350240551177855
learnedPE_nodrop,2,5,13.627881853575104
learnedPE_nodrop,2,5,12.928858756498759
learnedPE_nodrop,2,5,16.414208607343216
learnedPE_nodrop,2,5,15.898822690020538
learnedPE_nodrop,2,5,19.45179013518095
learnedPE_nodrop,2,5,15.009352865236334
learnedPE_nodrop,2,5,15.336559977738693
learnedPE_nodrop,2,5,17.752433988371994
learnedPE_nodrop,2,5,14.620944727059262
learnedPE_nodrop,2,5,15.525656949148809
learnedPE_nodrop,2,5,11.243611373057105
learnedPE_nodrop,2,5,10.327295852083353
learnedPE_nodrop,2,5,12.638154265425777
learnedPE_nodrop,2,5,12.38599347948453
learnedPE_nodrop,2,5,13.212656818753858
learnedPE_nodrop,2,5,16.952132553880556
learnedPE_nodrop,2,5,23.56497933861761
learnedPE_nodrop,2,5,24.218334035671198
learnedPE_nodrop,2,5,25.209355075554928
learnedPE_nodrop,2,5,19.65660515260859
learnedPE_nodrop,2,5,17.731174433015028
learnedPE_nodrop,2,5,19.733079568041266
learnedPE_nodrop,2,5,25.94322698235967
learnedPE_nodrop,2,5,27.90915090021181
learnedPE_nodrop,2,5,26.233745971967327
learnedPE_nodrop,2,5,35.727528530000946
learnedPE_nodrop,2,5,47.744555459886655
learnedPE_nodrop,2,5,47.53630304253458
learnedPE_nodrop,2,5,50.654840309194064
learnedPE_nodrop,2,5,36.67954415829807
learnedPE_nodrop,2,5,33.44556412521461
learnedPE_nodrop,2,5,38.84964629940844
learnedPE_nodrop,2,5,47.28197797949226
learnedPE_nodrop,2,5,49.52543600803022
learnedPE_nodrop,2,5,47.60726177233778
learnedPE_nodrop,2,5,43.987852492290074
learnedPE_nodrop,2,5,39.125426479379925
learnedPE_nodrop,2,5,46.21364282422202
learnedPE_nodrop,2,5,55.55493934066341
learnedPE_nodrop,2,5,55.622401220431534
learnedPE_nodrop,2,5,55.87810572103394
learnedPE_nodrop,2,5,39.28425735373201
learnedPE_nodrop,2,5,46.11426211210393
learnedPE_nodrop,2,5,39.72519942835426
learnedPE_nodrop,2,5,47.634733914667386
learnedPE_nodrop,2,5,34.74236452488265
learnedPE_nodrop,2,5,44.54624901881105
learnedPE_nodrop,2,5,43.45371511407252
learnedPE_nodrop,2,5,46.10709349697595
learnedPE_nodrop,2,5,35.57737963195769
learnedPE_nodrop,2,5,34.174444876316095
learnedPE_nodrop,2,5,36.44641991679855
learnedPE_nodrop,2,5,44.86806491566473
learnedPE_nodrop,2,5,47.83894540080986
learnedPE_nodrop,2,5,46.1713507323236
learnedPE_nodrop,2,5,45.290068178882414
learnedPE_nodrop,2,5,41.76773204323947
learnedPE_nodrop,2,5,48.05716701165507
learnedPE_nodrop,2,5,56.697963978818414
learnedPE_nodrop,2,5,58.610107113911475
learnedPE_nodrop,2,5,57.306122163637504
learnedPE_nodrop,2,5,42.56911492638851
learnedPE_nodrop,2,5,50.23206984178761
learnedPE_nodrop,2,5,39.44576647274898
learnedPE_nodrop,2,5,50.10832875994663
learnedPE_nodrop,2,5,42.288296162071624
learnedPE_nodrop,2,5,38.34200248123161
learnedPE_nodrop,2,5,44.60743548541372
learnedPE_nodrop,2,5,52.15449521358084
learnedPE_nodrop,2,5,54.40336908451628
learnedPE_nodrop,2,5,52.76498924042114
learnedPE_nodrop,2,5,37.183341498039375
learnedPE_nodrop,2,5,44.73626236963708
learnedPE_nodrop,2,5,35.40801635720031
learnedPE_nodrop,2,5,46.149824905480045
learnedPE_nodrop,2,5,34.63458497931076
learnedPE_nodrop,2,5,43.42467503128465
learnedPE_nodrop,2,5,31.994504412040584
learnedPE_nodrop,2,5,45.330177575516075
learnedPE_nodrop,2,5,30.6719420106728
learnedPE_nodrop,2,5,7.435342859023739
learnedPE_nodrop,2,5,9.255452825713146
learnedPE_nodrop,2,5,8.142706721663798
learnedPE_nodrop,2,5,9.163428333338775
learnedPE_nodrop,2,5,8.531666719683765
learnedPE_nodrop,2,5,18.70259622956101
learnedPE_nodrop,2,5,16.43974215171207
learnedPE_nodrop,2,5,15.636323613927596
learnedPE_nodrop,2,5,18.54475535976881
learnedPE_nodrop,2,5,19.00194525941797
learnedPE_nodrop,2,5,16.474124873077653
learnedPE_nodrop,2,5,18.848638896464003
learnedPE_nodrop,2,5,16.277386689890246
learnedPE_nodrop,2,5,18.226976722147032
learnedPE_nodrop,2,5,14.205819339775955
learnedPE_nodrop,2,5,19.337868695831872
learnedPE_nodrop,2,5,24.834923995803965
learnedPE_nodrop,2,5,23.841373757297788
learnedPE_nodrop,2,5,25.561460005329813
learnedPE_nodrop,2,5,22.049237502539523
learnedPE_nodrop,2,5,20.816246642267835
learnedPE_nodrop,2,5,21.020284571106675
learnedPE_nodrop,2,5,26.187979657086824
learnedPE_nodrop,2,5,26.387444314644274
learnedPE_nodrop,2,5,22.513431245109704
learnedPE_nodrop,2,5,20.280500085186954
learnedPE_nodrop,2,5,17.46870688138126
learnedPE_nodrop,2,5,20.98338776487022
learnedPE_nodrop,2,5,21.869190983157676
learnedPE_nodrop,2,5,24.254064503383965
learnedPE_nodrop,2,5,19.127420826632342
learnedPE_nodrop,2,5,19.70711700436723
learnedPE_nodrop,2,5,21.665671302647322
learnedPE_nodrop,2,5,17.768626726044022
learnedPE_nodrop,2,5,20.147387411057288
learnedPE_nodrop,2,5,22.852631415893434
learnedPE_nodrop,2,5,22.635326017131696
learnedPE_nodrop,2,5,22.527379261191165
learnedPE_nodrop,2,5,24.961956497468098
learnedPE_nodrop,2,5,24.149168539586828
learnedPE_nodrop,2,5,23.78193286251275
learnedPE_nodrop,2,5,25.503511934468015
learnedPE_nodrop,2,5,24.166787200002723
learnedPE_nodrop,2,5,26.77767934981772
learnedPE_nodrop,2,5,22.227111055045157
learnedPE_nodrop,2,5,24.876468543482847
learnedPE_nodrop,2,5,24.552905013292502
learnedPE_nodrop,2,5,26.399804419259457
learnedPE_nodrop,2,5,25.65783673535842
learnedPE_nodrop,2,5,26.630673157688516
learnedPE_nodrop,2,5,22.9473763490978
learnedPE_nodrop,2,5,27.02950927255727
learnedPE_nodrop,2,5,27.605365749650534
learnedPE_nodrop,2,5,22.739684311892887
learnedPE_nodrop,2,5,22.778701090284553
learnedPE_nodrop,2,5,21.155375590890195
learnedPE_nodrop,2,5,19.92024819250492
learnedPE_nodrop,2,5,22.55018528614527
learnedPE_nodrop,2,5,24.51687420747133
learnedPE_nodrop,2,5,28.859830924546934
learnedPE_nodrop,2,5,22.979390568465934
learnedPE_nodrop,2,5,21.40650592899068
learnedPE_nodrop,2,5,23.393188145988287
learnedPE_nodrop,2,5,18.24998269534719
learnedPE_nodrop,2,5,21.043203557520602
learnedPE_nodrop,2,5,17.44091892815374
learnedPE_nodrop,2,5,21.54490252087582
learnedPE_nodrop,2,5,16.02223480164703
learnedPE_nodrop,2,5,17.525053579716573
learnedPE_nodrop,2,5,16.066924355861243
learnedPE_nodrop,2,5,9.785811109861116
learnedPE_nodrop,2,5,12.18354507940274
learnedPE_nodrop,2,5,13.176629822058912
learnedPE_nodrop,2,5,13.462926904922725
learnedPE_nodrop,2,5,11.28650373079192
learnedPE_nodrop,2,5,12.025740169464939
learnedPE_nodrop,2,5,12.259237191262935
learnedPE_nodrop,2,5,14.209625071446448
learnedPE_nodrop,2,5,15.065733490606972
learnedPE_nodrop,2,5,14.512131475343706
learnedPE_nodrop,2,5,23.261947643526714
learnedPE_nodrop,2,5,22.876570834924355
learnedPE_nodrop,2,5,24.17092124566631
learnedPE_nodrop,2,5,28.109471182849425
learnedPE_nodrop,2,5,29.37403689571516
learnedPE_nodrop,2,5,28.05213832873789
learnedPE_nodrop,2,5,24.398827729113005
learnedPE_nodrop,2,5,26.418473140287542
learnedPE_nodrop,2,5,22.523890182138636
learnedPE_nodrop,2,5,28.603330703654965
learnedPE_nodrop,2,5,43.1754623297603
learnedPE_nodrop,2,5,38.58910066531776
learnedPE_nodrop,2,5,45.96149038307974
learnedPE_nodrop,2,5,49.20468162329733
learnedPE_nodrop,2,5,52.31083225075929
learnedPE_nodrop,2,5,50.64277180837348
learnedPE_nodrop,2,5,40.20385191596173
learnedPE_nodrop,2,5,46.75495867837841
learnedPE_nodrop,2,5,40.984002272772635
learnedPE_nodrop,2,5,45.8957998336608
learnedPE_nodrop,2,5,41.5163084880482
learnedPE_nodrop,2,5,49.996042826750724
learnedPE_nodrop,2,5,40.56336013659319
learnedPE_nodrop,2,5,50.05447022967202
learnedPE_nodrop,2,5,38.532997207990775
learnedPE_nodrop,2,5,40.0539427311406
learnedPE_nodrop,2,5,38.594440590677
learnedPE_nodrop,2,5,42.3558427257443
learnedPE_nodrop,2,5,47.55655538404925
learnedPE_nodrop,2,5,49.902955278324654
learnedPE_nodrop,2,5,48.42779105040143
learnedPE_nodrop,2,5,39.330710024882755
learnedPE_nodrop,2,5,43.04291651847989
learnedPE_nodrop,2,5,38.53466352806322
learnedPE_nodrop,2,5,43.715177674028624
learnedPE_nodrop,2,5,45.357630402120584
learnedPE_nodrop,2,5,51.04387893640861
learnedPE_nodrop,2,5,41.15865608370893
learnedPE_nodrop,2,5,49.46683108776476
learnedPE_nodrop,2,5,39.01899729329118
learnedPE_nodrop,2,5,41.65029698800685
learnedPE_nodrop,2,5,48.008576879396365
learnedPE_nodrop,2,5,38.854306195258104
learnedPE_nodrop,2,5,47.9174254415114
learnedPE_nodrop,2,5,36.556217538316915
learnedPE_nodrop,2,5,31.536626268271284
learnedPE_nodrop,2,6,5.621620706374105
learnedPE_nodrop,2,6,4.617829667618172
learnedPE_nodrop,2,6,5.744471491278829
learnedPE_nodrop,2,6,5.5112223080154825
learnedPE_nodrop,2,6,5.676654590291736
learnedPE_nodrop,2,6,9.765397691497126
learnedPE_nodrop,2,6,11.25665767311296
learnedPE_nodrop,2,6,9.378256300121361
learnedPE_nodrop,2,6,11.289509302649678
learnedPE_nodrop,2,6,10.39416487968872
learnedPE_nodrop,2,6,9.21903371078325
learnedPE_nodrop,2,6,9.540994880406393
learnedPE_nodrop,2,6,9.896615178734821
learnedPE_nodrop,2,6,11.561969164294705
learnedPE_nodrop,2,6,7.783653437842038
learnedPE_nodrop,2,6,13.197303029199535
learnedPE_nodrop,2,6,18.91358677731348
learnedPE_nodrop,2,6,16.975832233177925
learnedPE_nodrop,2,6,20.259300832536663
learnedPE_nodrop,2,6,16.294940778422124
learnedPE_nodrop,2,6,14.572853189666418
learnedPE_nodrop,2,6,16.729503204443276
learnedPE_nodrop,2,6,19.665919523602394
learnedPE_nodrop,2,6,20.354212186456017
learnedPE_nodrop,2,6,18.334499419996597
learnedPE_nodrop,2,6,13.275716599283287
learnedPE_nodrop,2,6,11.210344249840361
learnedPE_nodrop,2,6,15.52654070290602
learnedPE_nodrop,2,6,15.043981471359993
learnedPE_nodrop,2,6,16.7637608844397
learnedPE_nodrop,2,6,13.273670969311683
learnedPE_nodrop,2,6,14.579736345500024
learnedPE_nodrop,2,6,15.89933832111559
learnedPE_nodrop,2,6,13.217548836084209
learnedPE_nodrop,2,6,13.949580089191885
learnedPE_nodrop,2,6,16.926220171903744
learnedPE_nodrop,2,6,18.46466137804003
learnedPE_nodrop,2,6,17.56462997427554
learnedPE_nodrop,2,6,19.88953960342413
learnedPE_nodrop,2,6,18.160937631368263
learnedPE_nodrop,2,6,16.21407196692595
learnedPE_nodrop,2,6,18.76128551926923
learnedPE_nodrop,2,6,18.58074296351085
learnedPE_nodrop,2,6,21.262529457306844
learnedPE_nodrop,2,6,16.0923437433675
learnedPE_nodrop,2,6,15.058618456715621
learnedPE_nodrop,2,6,14.272691359692288
learnedPE_nodrop,2,6,16.185732950071554
learnedPE_nodrop,2,6,17.444997903817423
learnedPE_nodrop,2,6,19.85504753134498
learnedPE_nodrop,2,6,15.642517688446103
learnedPE_nodrop,2,6,16.303203619679564
learnedPE_nodrop,2,6,17.74927426285233
learnedPE_nodrop,2,6,13.885152217094129
learnedPE_nodrop,2,6,14.893566044711273
learnedPE_nodrop,2,6,12.40667506715439
learnedPE_nodrop,2,6,13.07342628007161
learnedPE_nodrop,2,6,14.814064136721852
learnedPE_nodrop,2,6,16.30754641489364
learnedPE_nodrop,2,6,21.1691989280809
learnedPE_nodrop,2,6,16.162388856947068
learnedPE_nodrop,2,6,15.720581552251641
learnedPE_nodrop,2,6,18.14688805361544
learnedPE_nodrop,2,6,14.95920304219007
learnedPE_nodrop,2,6,15.23657515853416
learnedPE_nodrop,2,6,9.466477774250714
learnedPE_nodrop,2,6,9.732407118055573
learnedPE_nodrop,2,6,8.68180815817642
learnedPE_nodrop,2,6,9.449353928765309
learnedPE_nodrop,2,6,12.241252349211313
learnedPE_nodrop,2,6,8.45155193378688
learnedPE_nodrop,2,6,10.942340441784486
learnedPE_nodrop,2,6,11.119793273929591
learnedPE_nodrop,2,6,11.552755753292484
learnedPE_nodrop,2,6,10.438169045313657
learnedPE_nodrop,2,6,10.427910201993623
learnedPE_nodrop,2,6,11.181594561157041
learnedPE_nodrop,2,6,12.265977550461745
learnedPE_nodrop,2,6,13.207928933654555
learnedPE_nodrop,2,6,12.307558562580507
learnedPE_nodrop,2,6,17.575015739656678
learnedPE_nodrop,2,6,17.472641108072548
learnedPE_nodrop,2,6,19.23391210257206
learnedPE_nodrop,2,6,24.79210030336542
learnedPE_nodrop,2,6,25.33325068090947
learnedPE_nodrop,2,6,25.84673481557594
learnedPE_nodrop,2,6,18.875256356749365
learnedPE_nodrop,2,6,20.697954278562783
learnedPE_nodrop,2,6,18.008138996147448
learnedPE_nodrop,2,6,26.576056245979515
learnedPE_nodrop,2,6,37.14471118791988
learnedPE_nodrop,2,6,34.277722033660105
learnedPE_nodrop,2,6,40.86238367679006
learnedPE_nodrop,2,6,48.38179501474208
learnedPE_nodrop,2,6,49.69446786280423
learnedPE_nodrop,2,6,49.918428742954426
learnedPE_nodrop,2,6,33.990986799373026
learnedPE_nodrop,2,6,40.94942529194623
learnedPE_nodrop,2,6,35.5707884415566
learnedPE_nodrop,2,6,44.53661479266408
learnedPE_nodrop,2,6,34.8391809085547
learnedPE_nodrop,2,6,42.62860349843741
learnedPE_nodrop,2,6,33.41077999651229
learnedPE_nodrop,2,6,42.22731398495408
learnedPE_nodrop,2,6,31.707428608450705
learnedPE_nodrop,2,6,33.81056158856684
learnedPE_nodrop,2,6,32.71014430942062
learnedPE_nodrop,2,6,35.696611284534214
learnedPE_nodrop,2,6,41.25253048628093
learnedPE_nodrop,2,6,45.255511275916554
learnedPE_nodrop,2,6,43.43440337594757
learnedPE_nodrop,2,6,32.44900929919017
learnedPE_nodrop,2,6,36.486437272995765
learnedPE_nodrop,2,6,33.4685860317791
learnedPE_nodrop,2,6,40.68522643104013
learnedPE_nodrop,2,6,35.75956360351203
learnedPE_nodrop,2,6,43.79330355377022
learnedPE_nodrop,2,6,34.08425361597958
learnedPE_nodrop,2,6,45.416810628371756
learnedPE_nodrop,2,6,30.02987188850272
learnedPE_nodrop,2,6,31.466341498425788
learnedPE_nodrop,2,6,41.242759991575255
learnedPE_nodrop,2,6,31.692065429276404
learnedPE_nodrop,2,6,42.06038691989902
learnedPE_nodrop,2,6,28.310376892884484
learnedPE_nodrop,2,6,21.44514094876056
learnedPE_nodrop,2,6,7.916126106706058
learnedPE_nodrop,2,6,7.898504946690605
learnedPE_nodrop,2,6,7.9330289522576845
learnedPE_nodrop,2,6,9.060197569191347
learnedPE_nodrop,2,6,10.8208638900265
learnedPE_nodrop,2,6,10.473167735824708
learnedPE_nodrop,2,6,11.057507073993092
learnedPE_nodrop,2,6,8.84303339762258
learnedPE_nodrop,2,6,8.866372779721898
learnedPE_nodrop,2,6,9.750757267350767
learnedPE_nodrop,2,6,18.443033092660674
learnedPE_nodrop,2,6,18.203678809412413
learnedPE_nodrop,2,6,19.899260875219547
learnedPE_nodrop,2,6,16.965409127205625
learnedPE_nodrop,2,6,17.98271895603519
learnedPE_nodrop,2,6,15.330825442072088
learnedPE_nodrop,2,6,17.50989555327551
learnedPE_nodrop,2,6,18.64409885749083
learnedPE_nodrop,2,6,15.268595686265693
learnedPE_nodrop,2,6,13.974437251425163
learnedPE_nodrop,2,6,18.41024290808527
learnedPE_nodrop,2,6,17.613388725320952
learnedPE_nodrop,2,6,19.623410285629138
learnedPE_nodrop,2,6,22.04811229643101
learnedPE_nodrop,2,6,24.381939877369952
learnedPE_nodrop,2,6,22.09502515190696
learnedPE_nodrop,2,6,20.514877160531363
learnedPE_nodrop,2,6,20.499181904623185
learnedPE_nodrop,2,6,16.444939990158115
learnedPE_nodrop,2,6,21.02286333083568
learnedPE_nodrop,2,6,16.90703341957103
learnedPE_nodrop,2,6,18.561366167816676
learnedPE_nodrop,2,6,16.33227656514662
learnedPE_nodrop,2,6,15.902814727993928
learnedPE_nodrop,2,6,15.273891841609716
learnedPE_nodrop,2,6,20.679663431565377
learnedPE_nodrop,2,6,21.535624552320026
learnedPE_nodrop,2,6,23.16544216364647
learnedPE_nodrop,2,6,22.68461909882063
learnedPE_nodrop,2,6,24.946489238369114
learnedPE_nodrop,2,6,21.43329979532907
learnedPE_nodrop,2,6,22.546575150104413
learnedPE_nodrop,2,6,23.39509709404167
learnedPE_nodrop,2,6,19.07397774039888
learnedPE_nodrop,2,6,20.299389687897264
learnedPE_nodrop,2,6,21.381260145786676
learnedPE_nodrop,2,6,23.88044342912237
learnedPE_nodrop,2,6,21.046644778200754
learnedPE_nodrop,2,6,20.344626346910186
learnedPE_nodrop,2,6,20.886400828094548
learnedPE_nodrop,2,6,16.293638234543966
learnedPE_nodrop,2,6,18.86981477800966
learnedPE_nodrop,2,6,16.901913090652016
learnedPE_nodrop,2,6,17.689358978153667
learnedPE_nodrop,2,6,15.8972287311262
learnedPE_nodrop,2,6,10.222827111207426
learnedPE_nodrop,2,6,9.558588249906668
learnedPE_nodrop,2,6,9.986849337278702
learnedPE_nodrop,2,6,10.245111880899398
learnedPE_nodrop,2,6,12.377237462803793
learnedPE_nodrop,2,6,13.392193318062766
learnedPE_nodrop,2,6,14.391474112404316
learnedPE_nodrop,2,6,12.287479997276629
learnedPE_nodrop,2,6,12.576384715931303
learnedPE_nodrop,2,6,12.691791137757459
learnedPE_nodrop,2,6,16.173728161416282
learnedPE_nodrop,2,6,23.10274079677485
learnedPE_nodrop,2,6,23.484046828993858
learnedPE_nodrop,2,6,20.980669686451744
learnedPE_nodrop,2,6,27.05734762588295
learnedPE_nodrop,2,6,20.37103254849304
learnedPE_nodrop,2,6,35.273771276903666
learnedPE_nodrop,2,6,45.989185306897674
learnedPE_nodrop,2,6,36.07743148488067
learnedPE_nodrop,2,6,42.88566932823845
learnedPE_nodrop,2,6,35.975444694345754
learnedPE_nodrop,2,6,31.420213579958897
learnedPE_nodrop,2,6,34.54132227633097
learnedPE_nodrop,2,6,39.60177371426852
learnedPE_nodrop,2,6,35.68453509821876
learnedPE_nodrop,2,6,40.95465619649106
learnedPE_nodrop,2,6,32.88210850825954
learnedPE_nodrop,2,6,31.178271371356697
learnedPE_nodrop,2,6,27.877419448906576
wavePE_nodrop,2,0,74.8129307904471
wavePE_nodrop,2,1,53.07379329705609
wavePE_nodrop,2,1,30.447606333019113
wavePE_nodrop,2,1,52.29610449223337
wavePE_nodrop,2,1,54.39351362134577
wavePE_nodrop,2,1,51.90466716687776
wavePE_nodrop,2,1,71.06972585228044
wavePE_nodrop,2,1,61.539122757178625
wavePE_nodrop,2,1,60.59190589869606
wavePE_nodrop,2,1,71.22410892136361
wavePE_nodrop,2,1,52.99694225239349
wavePE_nodrop,2,2,27.381201001389297
wavePE_nodrop,2,2,42.40638949125559
wavePE_nodrop,2,2,42.58697710904052
wavePE_nodrop,2,2,44.48924198333675
wavePE_nodrop,2,2,49.32848006436775
wavePE_nodrop,2,2,45.59717767240811
wavePE_nodrop,2,2,38.32927299682992
wavePE_nodrop,2,2,51.117276154596645
wavePE_nodrop,2,2,37.89260092457783
wavePE_nodrop,2,2,24.230938307607666
wavePE_nodrop,2,2,25.986197352408507
wavePE_nodrop,2,2,24.103663929144606
wavePE_nodrop,2,2,31.836437786618607
wavePE_nodrop,2,2,27.885030553013756
wavePE_nodrop,2,2,28.246833466034246
wavePE_nodrop,2,2,27.16244730440446
wavePE_nodrop,2,2,25.768206699918284
wavePE_nodrop,2,2,31.06888509510063
wavePE_nodrop,2,2,39.22004386606846
wavePE_nodrop,2,2,56.25975751658221
wavePE_nodrop,2,2,45.0716301856594
wavePE_nodrop,2,2,45.16474468329864
wavePE_nodrop,2,2,50.871304374004076
wavePE_nodrop,2,2,36.76193986549723
wavePE_nodrop,2,2,32.74449678803054
wavePE_nodrop,2,2,53.88161106731915
wavePE_nodrop,2,2,51.09043058334374
wavePE_nodrop,2,2,37.06814133779277
wavePE_nodrop,2,2,54.12287126755161
wavePE_nodrop,2,2,40.14275897082075
wavePE_nodrop,2,2,52.16389928354458
wavePE_nodrop,2,2,49.47911130476448
wavePE_nodrop,2,2,45.14792399674377
wavePE_nodrop,2,2,49.97103389636208
wavePE_nodrop,2,2,37.731802110559464
wavePE_nodrop,2,2,56.43603257949457
wavePE_nodrop,2,2,58.81843948101431
wavePE_nodrop,2,2,69.546514143757
wavePE_nodrop,2,2,54.770797328677475
wavePE_nodrop,2,2,58.79142812531314
wavePE_nodrop,2,2,59.64893696819595
wavePE_nodrop,2,2,42.91881185258991
wavePE_nodrop,2,2,54.060120994585745
wavePE_nodrop,2,2,52.4191504856957
wavePE_nodrop,2,2,47.09645779527144
wavePE_nodrop,2,3,22.255103741751366
wavePE_nodrop,2,3,23.913087209994945
wavePE_nodrop,2,3,21.562326108141722
wavePE_nodrop,2,3,26.396288395353015
wavePE_nodrop,2,3,24.824155354873557
wavePE_nodrop,2,3,19.857398730097422
wavePE_nodrop,2,3,24.695068535692716
wavePE_nodrop,2,3,20.206967748830102
wavePE_nodrop,2,3,28.804054616503212
wavePE_nodrop,2,3,39.7484402012901
wavePE_nodrop,2,3,41.01682514306769
wavePE_nodrop,2,3,35.949548125145704
wavePE_nodrop,2,3,30.289720994260566
wavePE_nodrop,2,3,39.407896554898336
wavePE_nodrop,2,3,28.79218146264532
wavePE_nodrop,2,3,25.47431370992678
wavePE_nodrop,2,3,38.41510787633639
wavePE_nodrop,2,3,39.90818846820741
wavePE_nodrop,2,3,26.21648648733933
wavePE_nodrop,2,3,40.35571172650428
wavePE_nodrop,2,3,26.202841862303497
wavePE_nodrop,2,3,43.65630232396278
wavePE_nodrop,2,3,42.48270607508965
wavePE_nodrop,2,3,35.56205221693805
wavePE_nodrop,2,3,43.810738150254835
wavePE_nodrop,2,3,27.25243667940945
wavePE_nodrop,2,3,42.548085102560954
wavePE_nodrop,2,3,37.602353742323565
wavePE_nodrop,2,3,47.11396505306921
wavePE_nodrop,2,3,39.751565817872184
wavePE_nodrop,2,3,38.59412878762218
wavePE_nodrop,2,3,43.378492372200114
wavePE_nodrop,2,3,34.30374048462304
wavePE_nodrop,2,3,35.5557069307584
wavePE_nodrop,2,3,48.644384745119865
wavePE_nodrop,2,3,31.75413505341506
wavePE_nodrop,2,3,16.860692189279515
wavePE_nodrop,2,3,22.3720162655091
wavePE_nodrop,2,3,24.2734568503672
wavePE_nodrop,2,3,21.655948104596508
wavePE_nodrop,2,3,21.004163263101226
wavePE_nodrop,2,3,22.250600998837204
wavePE_nodrop,2,3,25.408936617453133
wavePE_nodrop,2,3,19.04694477206063
wavePE_nodrop,2,3,26.902739802576715
wavePE_nodrop,2,3,26.784390397899887
wavePE_nodrop,2,3,20.975653081377676
wavePE_nodrop,2,3,24.514255291595784
wavePE_nodrop,2,3,22.228975566004472
wavePE_nodrop,2,3,26.828941369584197
wavePE_nodrop,2,3,26.46516080846484
wavePE_nodrop,2,3,20.046621254793255
wavePE_nodrop,2,3,24.28650936090046
wavePE_nodrop,2,3,18.526714664848413
wavePE_nodrop,2,3,27.545818674424705
wavePE_nodrop,2,3,28.49202904596071
wavePE_nodrop,2,3,28.72298329866785
wavePE_nodrop,2,3,25.492750439792733
wavePE_nodrop,2,3,29.99946610396584
wavePE_nodrop,2,3,24.059546248924303
wavePE_nodrop,2,3,23.493892924637503
wavePE_nodrop,2,3,26.788549886065034
wavePE_nodrop,2,3,24.487351892475292
wavePE_nodrop,2,3,20.29534728192849
wavePE_nodrop,2,3,12.79809720872498
wavePE_nodrop,2,3,33.336660197546394
wavePE_nodrop,2,3,27.521221165856314
wavePE_nodrop,2,3,23.735233494445804
wavePE_nodrop,2,3,31.593020255875704
wavePE_nodrop,2,3,24.578482650898053
wavePE_nodrop,2,3,42.74336967139892
wavePE_nodrop,2,3,39.947847787647255
wavePE_nodrop,2,3,32.912711257639046
wavePE_nodrop,2,3,39.32957214054154
wavePE_nodrop,2,3,27.407420592381964
wavePE_nodrop,2,3,41.74019840736816
wavePE_nodrop,2,3,46.54564186374358
wavePE_nodrop,2,3,52.597515259485085
wavePE_nodrop,2,3,39.31884412131769
wavePE_nodrop,2,3,46.493592965728205
wavePE_nodrop,2,3,44.74854799073982
wavePE_nodrop,2,3,33.04097232698712
wavePE_nodrop,2,3,41.20338969598804
wavePE_nodrop,2,3,33.24902507726364
wavePE_nodrop,2,3,35.21654412540265
wavePE_nodrop,2,3,30.895143695651768
wavePE_nodrop,2,3,30.80438138038488
wavePE_nodrop,2,3,24.53364457963698
wavePE_nodrop,2,3,31.760264910591932
wavePE_nodrop,2,3,32.47696082093178
wavePE_nodrop,2,3,46.36973314402706
wavePE_nodrop,2,3,36.11325293682081
wavePE_nodrop,2,3,52.20293209122032
wavePE_nodrop,2,3,40.91960100509521
wavePE_nodrop,2,3,37.89449857296045
wavePE_nodrop,2,3,48.728986419538806
wavePE_nodrop,2,3,36.9079471160736
wavePE_nodrop,2,3,35.25851981434965
wavePE_nodrop,2,3,38.97239122747357
wavePE_nodrop,2,3,38.06905570254673
wavePE_nodrop,2,3,43.671756992147344
wavePE_nodrop,2,3,44.76823361671526
wavePE_nodrop,2,3,50.507377078809945
wavePE_nodrop,2,3,41.31629653729376
wavePE_nodrop,2,3,46.45718772966667
wavePE_nodrop,2,3,47.19783319106315
wavePE_nodrop,2,3,26.201204915907983
wavePE_nodrop,2,3,43.285816831807814
wavePE_nodrop,2,3,30.626766944345768
wavePE_nodrop,2,3,30.690443950238215
wavePE_nodrop,2,3,54.849593356988194
wavePE_nodrop,2,3,52.93227799574999
wavePE_nodrop,2,3,43.00276873607731
wavePE_nodrop,2,3,52.88485146724279
wavePE_nodrop,2,3,52.45584530817348
wavePE_nodrop,2,3,48.91567939330078
wavePE_nodrop,2,3,51.185905539741334
wavePE_nodrop,2,3,44.176428655891435
wavePE_nodrop,2,3,37.39814658706463
wavePE_nodrop,2,3,37.31181845575899
wavePE_nodrop,2,4,13.026733696972732
wavePE_nodrop,2,4,22.642978017161976
wavePE_nodrop,2,4,21.224100548847396
wavePE_nodrop,2,4,18.907498975756532
wavePE_nodrop,2,4,15.81559101544924
wavePE_nodrop,2,4,20.691701958549896
wavePE_nodrop,2,4,18.742689686124994
wavePE_nodrop,2,4,14.734848220967836
wavePE_nodrop,2,4,22.177272686428957
wavePE_nodrop,2,4,24.837140275459262
wavePE_nodrop,2,4,13.41410343579381
wavePE_nodrop,2,4,23.024781389892837
wavePE_nodrop,2,4,17.17204703293856
wavePE_nodrop,2,4,20.72004073769805
wavePE_nodrop,2,4,22.477390040507895
wavePE_nodrop,2,4,17.758219098580717
wavePE_nodrop,2,4,21.67766084797367
wavePE_nodrop,2,4,19.952528376397762
wavePE_nodrop,2,4,23.329154912372037
wavePE_nodrop,2,4,19.252949200795097
wavePE_nodrop,2,4,24.22353716919103
wavePE_nodrop,2,4,19.570584460200475
wavePE_nodrop,2,4,23.34712284762639
wavePE_nodrop,2,4,21.360447719465316
wavePE_nodrop,2,4,17.822060115592247
wavePE_nodrop,2,4,18.63428897486466
wavePE_nodrop,2,4,26.999662424421036
wavePE_nodrop,2,4,15.291426845495026
wavePE_nodrop,2,4,10.63994493150842
wavePE_nodrop,2,4,28.653917994071374
wavePE_nodrop,2,4,26.60214664036121
wavePE_nodrop,2,4,22.412874856047004
wavePE_nodrop,2,4,29.43687684732812
wavePE_nodrop,2,4,18.058633889321847
wavePE_nodrop,2,4,38.92365475289569
wavePE_nodrop,2,4,37.85289642578325
wavePE_nodrop,2,4,29.23626707422494
wavePE_nodrop,2,4,39.27066644875827
wavePE_nodrop,2,4,22.88996511773737
wavePE_nodrop,2,4,32.458681134315796
wavePE_nodrop,2,4,30.967240823215914
wavePE_nodrop,2,4,38.67703802122822
wavePE_nodrop,2,4,29.358842109432125
wavePE_nodrop,2,4,32.64625101730431
wavePE_nodrop,2,4,34.316764171673654
wavePE_nodrop,2,4,28.694167884004827
wavePE_nodrop,2,4,28.866438021921216
wavePE_nodrop,2,4,31.570289921989875
wavePE_nodrop,2,4,25.800376385385814
wavePE_nodrop,2,4,22.246088023226147
wavePE_nodrop,2,4,28.743296199285133
wavePE_nodrop,2,4,18.361136790944407
wavePE_nodrop,2,4,25.52269246717349
wavePE_nodrop,2,4,24.514476828876944
wavePE_nodrop,2,4,35.133295538570536
wavePE_nodrop,2,4,24.19026514109297
wavePE_nodrop,2,4,36.49270895815068
wavePE_nodrop,2,4,27.359305596085314
wavePE_nodrop,2,4,27.636323372172974
wavePE_nodrop,2,4,37.610098973020214
wavePE_nodrop,2,4,24.724198524262416
wavePE_nodrop,2,4,26.022926343945162
wavePE_nodrop,2,4,32.755218119883104
wavePE_nodrop,2,4,21.70546194422951
wavePE_nodrop,2,4,38.742757859498354
wavePE_nodrop,2,4,34.94805157041238
wavePE_nodrop,2,4,42.888217864306846
wavePE_nodrop,2,4,28.83413654774333
wavePE_nodrop,2,4,35.50990172246897
wavePE_nodrop,2,4,39.713623961715186
wavePE_nodrop,2,4,20.572541748418796
wavePE_nodrop,2,4,35.25726432173387
wavePE_nodrop,2,4,29.21103957146159
wavePE_nodrop,2,4,23.033029163421194
wavePE_nodrop,2,4,34.36122559961207
wavePE_nodrop,2,4,37.641805087862984
wavePE_nodrop,2,4,34.536750739389724
wavePE_nodrop,2,4,35.604609881813225
wavePE_nodrop,2,4,48.24800403575273
wavePE_nodrop,2,4,32.555036424127785
wavePE_nodrop,2,4,35.59534988507365
wavePE_nodrop,2,4,42.38598262194148
wavePE_nodrop,2,4,25.365664216393615
wavePE_nodrop,2,4,23.17471528748482
wavePE_nodrop,2,4,13.400056310711221
wavePE_nodrop,2,4,16.509160102871146
wavePE_nodrop,2,4,14.602271961675584
wavePE_nodrop,2,4,11.769950985695385
wavePE_nodrop,2,4,16.22519345308311
wavePE_nodrop,2,4,18.22926585103224
wavePE_nodrop,2,4,24.252613644292012
wavePE_nodrop,2,4,24.394003159686985
wavePE_nodrop,2,4,17.377090310958767
wavePE_nodrop,2,4,23.029905607856062
wavePE_nodrop,2,4,19.433182370372656
wavePE_nodrop,2,4,20.892830817255295
wavePE_nodrop,2,4,21.291758807932855
wavePE_nodrop,2,4,20.900339895647054
wavePE_nodrop,2,4,23.866355753273687
wavePE_nodrop,2,4,21.690403053879855
wavePE_nodrop,2,4,18.934593313155343
wavePE_nodrop,2,4,25.186095472719305
wavePE_nodrop,2,4,19.681472543916332
wavePE_nodrop,2,4,21.037889484196853
wavePE_nodrop,2,4,21.51514391992566
wavePE_nodrop,2,4,21.86601961196806
wavePE_nodrop,2,4,19.027396021530382
wavePE_nodrop,2,4,14.834058446717368
wavePE_nodrop,2,4,18.5923144892126
wavePE_nodrop,2,4,14.850353457919729
wavePE_nodrop,2,4,25.831795903167944
wavePE_nodrop,2,4,20.996641558116526
wavePE_nodrop,2,4,25.319555500735635
wavePE_nodrop,2,4,21.990697153654367
wavePE_nodrop,2,4,20.823817173741478
wavePE_nodrop,2,4,23.05487426866648
wavePE_nodrop,2,4,21.40433370611288
wavePE_nodrop,2,4,21.576419979795904
wavePE_nodrop,2,4,21.016296508782116
wavePE_nodrop,2,4,17.347459695736244
wavePE_nodrop,2,4,24.42482965884165
wavePE_nodrop,2,4,21.092781650557615
wavePE_nodrop,2,4,25.632027364298683
wavePE_nodrop,2,4,19.779219739184555
wavePE_nodrop,2,4,24.112215601889517
wavePE_nodrop,2,4,24.20951036596816
wavePE_nodrop,2,4,16.494215546908098
wavePE_nodrop,2,4,21.107769141053044
wavePE_nodrop,2,4,19.035692176527448
wavePE_nodrop,2,4,16.209352239130517
wavePE_nodrop,2,4,28.79137291073959
wavePE_nodrop,2,4,23.516944833530694
wavePE_nodrop,2,4,21.91401725488529
wavePE_nodrop,2,4,25.63169663710836
wavePE_nodrop,2,4,24.006793137583543
wavePE_nodrop,2,4,22.765015156372296
wavePE_nodrop,2,4,24.707108370744386
wavePE_nodrop,2,4,22.489101671969507
wavePE_nodrop,2,4,20.036369390262546
wavePE_nodrop,2,4,19.162424956347973
wavePE_nodrop,2,4,9.780900621998308
wavePE_nodrop,2,4,10.523094734226616
wavePE_nodrop,2,4,8.41294681477329
wavePE_nodrop,2,4,11.316654922625853
wavePE_nodrop,2,4,12.366140579765188
wavePE_nodrop,2,4,26.767333627705565
wavePE_nodrop,2,4,26.166259232361973
wavePE_nodrop,2,4,32.61774929378624
wavePE_nodrop,2,4,27.561179952922597
wavePE_nodrop,2,4,23.184077142618918
wavePE_nodrop,2,4,27.484311364411475
wavePE_nodrop,2,4,22.090055999651437
wavePE_nodrop,2,4,25.032973856775786
wavePE_nodrop,2,4,22.62959042106584
wavePE_nodrop,2,4,23.509113158884436
wavePE_nodrop,2,4,36.81635540271815
wavePE_nodrop,2,4,34.37825978274863
wavePE_nodrop,2,4,40.410448108752234
wavePE_nodrop,2,4,31.587103735418744
wavePE_nodrop,2,4,38.19469118815114
wavePE_nodrop,2,4,39.80507260823594
wavePE_nodrop,2,4,22.704968010580295
wavePE_nodrop,2,4,33.94373550496561
wavePE_nodrop,2,4,24.13618689364743
wavePE_nodrop,2,4,25.80642264255787
wavePE_nodrop,2,4,42.37837331688866
wavePE_nodrop,2,4,40.77236136829534
wavePE_nodrop,2,4,34.88841879457642
wavePE_nodrop,2,4,38.80838427498749
wavePE_nodrop,2,4,37.078847059707506
wavePE_nodrop,2,4,38.610837523668415
wavePE_nodrop,2,4,39.647454442132464
wavePE_nodrop,2,4,28.700765757780037
wavePE_nodrop,2,4,32.25915593661592
wavePE_nodrop,2,4,32.18238641335608
wavePE_nodrop,2,4,28.187589971136322
wavePE_nodrop,2,4,23.870616014184293
wavePE_nodrop,2,4,31.075913468864034
wavePE_nodrop,2,4,34.42404036472266
wavePE_nodrop,2,4,23.65195153431346
wavePE_nodrop,2,4,30.399956458744562
wavePE_nodrop,2,4,26.509242083675616
wavePE_nodrop,2,4,25.14368495335039
wavePE_nodrop,2,4,27.237672517928477
wavePE_nodrop,2,4,29.545136455672782
wavePE_nodrop,2,4,37.889997815799006
wavePE_nodrop,2,4,44.59776088907212
wavePE_nodrop,2,4,36.55939755495075
wavePE_nodrop,2,4,33.66974297720924
wavePE_nodrop,2,4,39.189901180750816
wavePE_nodrop,2,4,37.25412701820769
wavePE_nodrop,2,4,32.316934023473266
wavePE_nodrop,2,4,36.30635930968852
wavePE_nodrop,2,4,35.459507614797005
wavePE_nodrop,2,4,31.022500648477173
wavePE_nodrop,2,4,41.075985615699324
wavePE_nodrop,2,4,40.78662051145544
wavePE_nodrop,2,4,25.683758177330986
wavePE_nodrop,2,4,42.964485372617055
wavePE_nodrop,2,4,34.72132256146638
wavePE_nodrop,2,4,35.119804931756434
wavePE_nodrop,2,4,42.275770191668585
wavePE_nodrop,2,4,27.011161166191375
wavePE_nodrop,2,4,24.0344144127534
wavePE_nodrop,2,4,23.107603724012325
wavePE_nodrop,2,4,44.92133579107236
wavePE_nodrop,2,4,44.74850931382099
wavePE_nodrop,2,4,34.67189135874812
wavePE_nodrop,2,4,38.61327818184685
wavePE_nodrop,2,4,31.21748253399173
wavePE_nodrop,2,5,6.442972089261018
wavePE_nodrop,2,5,12.401366355505212
wavePE_nodrop,2,5,12.690014151327015
wavePE_nodrop,2,5,8.415006276932614
wavePE_nodrop,2,5,12.799496008779665
wavePE_nodrop,2,5,8.270814519650921
wavePE_nodrop,2,5,21.875553858807397
wavePE_nodrop,2,5,22.21516510612435
wavePE_nodrop,2,5,15.470403201963604
wavePE_nodrop,2,5,22.807575029307607
wavePE_nodrop,2,5,20.90725527227508
wavePE_nodrop,2,5,17.327870226157703
wavePE_nodrop,2,5,15.985455584047857
wavePE_nodrop,2,5,20.58228762062092
wavePE_nodrop,2,5,16.885307666676614
wavePE_nodrop,2,5,18.87914591236727
wavePE_nodrop,2,5,17.281637024319767
wavePE_nodrop,2,5,19.21858724248177
wavePE_nodrop,2,5,15.630090679703525
wavePE_nodrop,2,5,21.961080493368165
wavePE_nodrop,2,5,15.935393149330466
wavePE_nodrop,2,5,15.373195471695597
wavePE_nodrop,2,5,14.860634489233911
wavePE_nodrop,2,5,10.658197325309077
wavePE_nodrop,2,5,14.014917309987629
wavePE_nodrop,2,5,15.30099370009486
wavePE_nodrop,2,5,22.601605781653223
wavePE_nodrop,2,5,12.628327456021976
wavePE_nodrop,2,5,21.75115553056064
wavePE_nodrop,2,5,16.228026347467637
wavePE_nodrop,2,5,14.63282759566675
wavePE_nodrop,2,5,22.12538760086273
wavePE_nodrop,2,5,14.959596759571566
wavePE_nodrop,2,5,15.326555783146038
wavePE_nodrop,2,5,19.805337568188513
wavePE_nodrop,2,5,12.812065828646029
wavePE_nodrop,2,5,21.47897835587241
wavePE_nodrop,2,5,16.854023762848623
wavePE_nodrop,2,5,21.25808853886117
wavePE_nodrop,2,5,18.984167609314348
wavePE_nodrop,2,5,19.042900925013864
wavePE_nodrop,2,5,22.089427808456644
wavePE_nodrop,2,5,18.183805092346716
wavePE_nodrop,2,5,17.970259436660225
wavePE_nodrop,2,5,19.395598389590628
wavePE_nodrop,2,5,15.494714430581476
wavePE_nodrop,2,5,21.518775794506006
wavePE_nodrop,2,5,19.890063712284427
wavePE_nodrop,2,5,17.08529410461545
wavePE_nodrop,2,5,18.326891618227364
wavePE_nodrop,2,5,26.24692588226196
wavePE_nodrop,2,5,15.815857822126526
wavePE_nodrop,2,5,19.1399623545216
wavePE_nodrop,2,5,21.85730060206464
wavePE_nodrop,2,5,12.310184353286303
wavePE_nodrop,2,5,13.81586654546794
wavePE_nodrop,2,5,9.514851027636753
wavePE_nodrop,2,5,9.569812550281569
wavePE_nodrop,2,5,7.050640811759701
wavePE_nodrop,2,5,10.95614796666806
wavePE_nodrop,2,5,5.542731676333448
wavePE_nodrop,2,5,24.79493773905748
wavePE_nodrop,2,5,22.460675253631763
wavePE_nodrop,2,5,27.51152316419939
wavePE_nodrop,2,5,19.50469649193436
wavePE_nodrop,2,5,22.43625890345436
wavePE_nodrop,2,5,25.807959439428583
wavePE_nodrop,2,5,18.142602205136598
wavePE_nodrop,2,5,23.54221041911896
wavePE_nodrop,2,5,15.474941111322071
wavePE_nodrop,2,5,13.956846771356904
wavePE_nodrop,2,5,33.68851617379778
wavePE_nodrop,2,5,29.558978262050434
wavePE_nodrop,2,5,38.20663398659888
wavePE_nodrop,2,5,26.56628019430017
wavePE_nodrop,2,5,30.173471059168726
wavePE_nodrop,2,5,35.66818799198482
wavePE_nodrop,2,5,18.44406189384276
wavePE_nodrop,2,5,29.080664693481225
wavePE_nodrop,2,5,26.279443050773104
wavePE_nodrop,2,5,18.75384014931617
wavePE_nodrop,2,5,29.385894555985466
wavePE_nodrop,2,5,30.204732457316393
wavePE_nodrop,2,5,29.205712356925407
wavePE_nodrop,2,5,27.841158468030084
wavePE_nodrop,2,5,38.46447738688827
wavePE_nodrop,2,5,27.75154371009088
wavePE_nodrop,2,5,28.696012593611105
wavePE_nodrop,2,5,27.83504585665787
wavePE_nodrop,2,5,24.865698898539485
wavePE_nodrop,2,5,18.495208847497537
wavePE_nodrop,2,5,23.955426567416392
wavePE_nodrop,2,5,15.670713846558627
wavePE_nodrop,2,5,21.99048894329844
wavePE_nodrop,2,5,24.947408168102246
wavePE_nodrop,2,5,20.84208693964432
wavePE_nodrop,2,5,30.07897059045465
wavePE_nodrop,2,5,20.654875754135084
wavePE_nodrop,2,5,19.203986805221895
wavePE_nodrop,2,5,24.13945144598986
wavePE_nodrop,2,5,22.913147536078526
wavePE_nodrop,2,5,25.973779556209447
wavePE_nodrop,2,5,32.77953544159427
wavePE_nodrop,2,5,26.26283146552151
wavePE_nodrop,2,5,23.974361251863847
wavePE_nodrop,2,5,33.884557047628896
wavePE_nodrop,2,5,22.536881682793922
wavePE_nodrop,2,5,26.040827208343806
wavePE_nodrop,2,5,33.10761749246134
wavePE_nodrop,2,5,21.466162810802228
wavePE_nodrop,2,5,15.868705920277348
wavePE_nodrop,2,5,29.743750044799317
wavePE_nodrop,2,5,34.90556138603918
wavePE_nodrop,2,5,22.95254163705305
wavePE_nodrop,2,5,33.25358642687203
wavePE_nodrop,2,5,30.539623216283783
wavePE_nodrop,2,5,25.367164790431477
wavePE_nodrop,2,5,33.571403394048055
wavePE_nodrop,2,5,30.230123568012765
wavePE_nodrop,2,5,18.358706219740395
wavePE_nodrop,2,5,19.021086599972143
wavePE_nodrop,2,5,30.060098894796578
wavePE_nodrop,2,5,41.73388342836126
wavePE_nodrop,2,5,22.52274110698961
wavePE_nodrop,2,5,19.98947974987016
wavePE_nodrop,2,5,18.183248528421377
wavePE_nodrop,2,5,10.275747539096866
wavePE_nodrop,2,5,12.72055227367535
wavePE_nodrop,2,5,7.533956811027736
wavePE_nodrop,2,5,13.112330527068123
wavePE_nodrop,2,5,12.740339596014964
wavePE_nodrop,2,5,15.474547498435271
wavePE_nodrop,2,5,12.699138450633114
wavePE_nodrop,2,5,14.916879701653645
wavePE_nodrop,2,5,16.043518859042354
wavePE_nodrop,2,5,11.53744002588462
wavePE_nodrop,2,5,14.265771329428873
wavePE_nodrop,2,5,19.672265557064314
wavePE_nodrop,2,5,11.966315706000838
wavePE_nodrop,2,5,17.429627212077794
wavePE_nodrop,2,5,17.38396713196882
wavePE_nodrop,2,5,23.632396495869077
wavePE_nodrop,2,5,18.988942957813972
wavePE_nodrop,2,5,23.334901657615536
wavePE_nodrop,2,5,19.381166820933117
wavePE_nodrop,2,5,21.371533757070743
wavePE_nodrop,2,5,22.83953908123316
wavePE_nodrop,2,5,16.959402547204487
wavePE_nodrop,2,5,17.963362497035323
wavePE_nodrop,2,5,20.28189956491287
wavePE_nodrop,2,5,18.417123328852085
wavePE_nodrop,2,5,19.751739013149244
wavePE_nodrop,2,5,18.144739142743035
wavePE_nodrop,2,5,23.53847574765201
wavePE_nodrop,2,5,17.486487257895067
wavePE_nodrop,2,5,18.791433484752353
wavePE_nodrop,2,5,21.924261083236075
wavePE_nodrop,2,5,17.28600880416497
wavePE_nodrop,2,5,19.957008744655692
wavePE_nodrop,2,5,22.691232710324066
wavePE_nodrop,2,5,18.081844454902207
wavePE_nodrop,2,5,22.850595092726156
wavePE_nodrop,2,5,16.05959355711636
wavePE_nodrop,2,5,20.39075186947594
wavePE_nodrop,2,5,16.739071418562514
wavePE_nodrop,2,5,15.632019759644376
wavePE_nodrop,2,5,17.59831958728312
wavePE_nodrop,2,5,13.186531336636985
wavePE_nodrop,2,5,14.461979360829625
wavePE_nodrop,2,5,15.200214445320807
wavePE_nodrop,2,5,12.850888400674071
wavePE_nodrop,2,5,22.350168441836054
wavePE_nodrop,2,5,24.341183171345183
wavePE_nodrop,2,5,18.685133494116144
wavePE_nodrop,2,5,22.136139894052267
wavePE_nodrop,2,5,20.019216721455287
wavePE_nodrop,2,5,20.465681371763033
wavePE_nodrop,2,5,19.393294324883517
wavePE_nodrop,2,5,19.733058570720704
wavePE_nodrop,2,5,15.546410279868224
wavePE_nodrop,2,5,16.840413808663573
wavePE_nodrop,2,5,23.094473273153078
wavePE_nodrop,2,5,21.048952002975845
wavePE_nodrop,2,5,15.601976588404394
wavePE_nodrop,2,5,20.83436017993887
wavePE_nodrop,2,5,18.734445905973843
wavePE_nodrop,2,5,16.21473987276366
wavePE_nodrop,2,5,22.89319514991843
wavePE_nodrop,2,5,17.99112991267132
wavePE_nodrop,2,5,14.817356911837356
wavePE_nodrop,2,5,15.613616418487897
wavePE_nodrop,2,5,22.415763463001912
wavePE_nodrop,2,5,21.85349903442103
wavePE_nodrop,2,5,18.991043418234792
wavePE_nodrop,2,5,17.191059833574247
wavePE_nodrop,2,5,15.879548485294427
wavePE_nodrop,2,5,10.995347683740139
wavePE_nodrop,2,5,7.57317114654177
wavePE_nodrop,2,5,9.12454282014599
wavePE_nodrop,2,5,9.970432296126523
wavePE_nodrop,2,5,9.053787123653025
wavePE_nodrop,2,5,10.317217377827818
wavePE_nodrop,2,5,9.77163109389386
wavePE_nodrop,2,5,7.840669315713195
wavePE_nodrop,2,5,10.733280823891088
wavePE_nodrop,2,5,10.898229168725608
wavePE_nodrop,2,5,26.04218264729234
wavePE_nodrop,2,5,25.95388711574198
wavePE_nodrop,2,5,21.812557672586077
wavePE_nodrop,2,5,25.98816234491913
wavePE_nodrop,2,5,25.160307796374468
wavePE_nodrop,2,5,25.27029453649424
wavePE_nodrop,2,5,22.552503134375655
wavePE_nodrop,2,5,18.765497895301078
wavePE_nodrop,2,5,21.01549262922483
wavePE_nodrop,2,5,20.723422945971834
wavePE_nodrop,2,5,32.66659192624035
wavePE_nodrop,2,5,33.62590127651879
wavePE_nodrop,2,5,20.727780090722238
wavePE_nodrop,2,5,32.74766722129785
wavePE_nodrop,2,5,28.844539675822997
wavePE_nodrop,2,5,29.79137242196058
wavePE_nodrop,2,5,34.143852497622994
wavePE_nodrop,2,5,21.15333262872578
wavePE_nodrop,2,5,21.58285340223171
wavePE_nodrop,2,5,23.946475318942753
wavePE_nodrop,2,5,33.60778614248359
wavePE_nodrop,2,5,32.952605567675235
wavePE_nodrop,2,5,35.139290306655475
wavePE_nodrop,2,5,34.664813140481264
wavePE_nodrop,2,5,30.281717008744018
wavePE_nodrop,2,5,21.229364524761223
wavePE_nodrop,2,5,27.869122874755583
wavePE_nodrop,2,5,24.585139955264488
wavePE_nodrop,2,5,23.06811857097509
wavePE_nodrop,2,5,29.38942211279517
wavePE_nodrop,2,5,29.738701305259127
wavePE_nodrop,2,5,23.652128775689253
wavePE_nodrop,2,5,23.351065760748064
wavePE_nodrop,2,5,25.508294482878295
wavePE_nodrop,2,5,23.380089303665237
wavePE_nodrop,2,5,30.96676505267816
wavePE_nodrop,2,5,34.36608063680474
wavePE_nodrop,2,5,32.34402859623741
wavePE_nodrop,2,5,29.35839559106486
wavePE_nodrop,2,5,27.153369860412777
wavePE_nodrop,2,5,37.05438131857996
wavePE_nodrop,2,5,25.04658645644983
wavePE_nodrop,2,5,29.052648850260812
wavePE_nodrop,2,5,24.8468158809483
wavePE_nodrop,2,5,21.719827382750818
wavePE_nodrop,2,5,22.99028187225284
wavePE_nodrop,2,6,6.1360506031806095
wavePE_nodrop,2,6,7.893852886623061
wavePE_nodrop,2,6,4.10771923013776
wavePE_nodrop,2,6,6.839851680243221
wavePE_nodrop,2,6,5.731679233026531
wavePE_nodrop,2,6,11.282622014815948
wavePE_nodrop,2,6,8.234114449863354
wavePE_nodrop,2,6,11.733707128954483
wavePE_nodrop,2,6,7.573110560586777
wavePE_nodrop,2,6,9.14860502819143
wavePE_nodrop,2,6,12.061221094533177
wavePE_nodrop,2,6,8.876434589684036
wavePE_nodrop,2,6,9.141169355688254
wavePE_nodrop,2,6,12.04532565079916
wavePE_nodrop,2,6,7.2429494094937334
wavePE_nodrop,2,6,21.474967344019927
wavePE_nodrop,2,6,14.326787347160865
wavePE_nodrop,2,6,22.40344666363541
wavePE_nodrop,2,6,22.25019718845775
wavePE_nodrop,2,6,16.48672615860158
wavePE_nodrop,2,6,22.096772953632392
wavePE_nodrop,2,6,19.4692596372272
wavePE_nodrop,2,6,15.169177734319353
wavePE_nodrop,2,6,21.021335434762854
wavePE_nodrop,2,6,15.424066784793185
wavePE_nodrop,2,6,18.249362840163563
wavePE_nodrop,2,6,15.478510900841291
wavePE_nodrop,2,6,17.667827652205506
wavePE_nodrop,2,6,15.05322852760444
wavePE_nodrop,2,6,20.392415606736797
wavePE_nodrop,2,6,16.504790314457004
wavePE_nodrop,2,6,15.590860319842289
wavePE_nodrop,2,6,17.634226966468155
wavePE_nodrop,2,6,14.692004554760524
wavePE_nodrop,2,6,15.022695618518677
wavePE_nodrop,2,6,16.903944058467403
wavePE_nodrop,2,6,11.377605706954759
wavePE_nodrop,2,6,14.607995944645197
wavePE_nodrop,2,6,15.845796855453885
wavePE_nodrop,2,6,12.001858262902383
wavePE_nodrop,2,6,14.090201273433754
wavePE_nodrop,2,6,14.458179627572388
wavePE_nodrop,2,6,10.502306318189586
wavePE_nodrop,2,6,11.747751737025146
wavePE_nodrop,2,6,11.881499857116765
wavePE_nodrop,2,6,14.32161538138096
wavePE_nodrop,2,6,20.867211561882662
wavePE_nodrop,2,6,14.069326333434045
wavePE_nodrop,2,6,13.909626923203717
wavePE_nodrop,2,6,17.338451419070534
wavePE_nodrop,2,6,14.17935072243446
wavePE_nodrop,2,6,14.29622846713785
wavePE_nodrop,2,6,20.26609157410895
wavePE_nodrop,2,6,10.458907131848562
wavePE_nodrop,2,6,13.513200707028604
wavePE_nodrop,2,6,19.201138814821253
wavePE_nodrop,2,6,20.89373844882317
wavePE_nodrop,2,6,14.07926862497933
wavePE_nodrop,2,6,16.53015089596467
wavePE_nodrop,2,6,15.224729646318853
wavePE_nodrop,2,6,15.787439283554367
wavePE_nodrop,2,6,18.299303820248465
wavePE_nodrop,2,6,20.874680103797125
wavePE_nodrop,2,6,15.823389468109015
wavePE_nodrop,2,6,12.415288885345591
wavePE_nodrop,2,6,17.56910286984626
wavePE_nodrop,2,6,19.3105182334416
wavePE_nodrop,2,6,11.803171570518842
wavePE_nodrop,2,6,10.778392173628259
wavePE_nodrop,2,6,10.009184758770102
wavePE_nodrop,2,6,8.770427851528256
wavePE_nodrop,2,6,6.74159124843717
wavePE_nodrop,2,6,9.080024674144521
wavePE_nodrop,2,6,6.169118093526002
wavePE_nodrop,2,6,7.578820526024294
wavePE_nodrop,2,6,9.086730442356481
wavePE_nodrop,2,6,4.727139504318189
wavePE_nodrop,2,6,7.093693749320754
wavePE_nodrop,2,6,5.4988426131770485
wavePE_nodrop,2,6,4.56001164462191
wavePE_nodrop,2,6,24.973856533598468
wavePE_nodrop,2,6,22.799977969673268
wavePE_nodrop,2,6,19.14956493287072
wavePE_nodrop,2,6,22.06104266625046
wavePE_nodrop,2,6,22.240881352005683
wavePE_nodrop,2,6,17.812161401625694
wavePE_nodrop,2,6,22.93083106774481
wavePE_nodrop,2,6,13.554004089085463
wavePE_nodrop,2,6,14.481730990003012
wavePE_nodrop,2,6,8.3264029747085
wavePE_nodrop,2,6,27.070815438406566
wavePE_nodrop,2,6,31.00744838778432
wavePE_nodrop,2,6,18.434857143234577
wavePE_nodrop,2,6,27.931638105966762
wavePE_nodrop,2,6,28.525000418791283
wavePE_nodrop,2,6,21.12172714389248
wavePE_nodrop,2,6,29.676005100466693
wavePE_nodrop,2,6,24.736873614952064
wavePE_nodrop,2,6,16.190134940820716
wavePE_nodrop,2,6,16.676238700240575
wavePE_nodrop,2,6,25.32007368632807
wavePE_nodrop,2,6,29.234197394580246
wavePE_nodrop,2,6,23.523546262389107
wavePE_nodrop,2,6,16.838237892861233
wavePE_nodrop,2,6,16.34960900831154
wavePE_nodrop,2,6,19.63747134230712
wavePE_nodrop,2,6,23.216136254195703
wavePE_nodrop,2,6,18.47700770191259
wavePE_nodrop,2,6,15.425511985287372
wavePE_nodrop,2,6,22.75740431458407
wavePE_nodrop,2,6,23.507190751847023
wavePE_nodrop,2,6,20.98930688553936
wavePE_nodrop,2,6,21.4752483219388
wavePE_nodrop,2,6,20.48653445796951
wavePE_nodrop,2,6,19.740811211424976
wavePE_nodrop,2,6,24.00841796084972
wavePE_nodrop,2,6,31.845856178254177
wavePE_nodrop,2,6,22.47186752604644
wavePE_nodrop,2,6,13.137846171737875
wavePE_nodrop,2,6,17.15518609550086
wavePE_nodrop,2,6,26.50862794578404
wavePE_nodrop,2,6,27.743981303098256
wavePE_nodrop,2,6,20.69676090714344
wavePE_nodrop,2,6,20.449821232846308
wavePE_nodrop,2,6,18.79759336532462
wavePE_nodrop,2,6,11.24003896577866
wavePE_nodrop,2,6,9.565819260474653
wavePE_nodrop,2,6,6.169091461120898
wavePE_nodrop,2,6,9.417834006009818
wavePE_nodrop,2,6,8.945030276416773
wavePE_nodrop,2,6,7.792184791277056
wavePE_nodrop,2,6,11.583042695852706
wavePE_nodrop,2,6,10.952338550700476
wavePE_nodrop,2,6,7.223765717118481
wavePE_nodrop,2,6,11.280912359179592
wavePE_nodrop,2,6,10.417828181173215
wavePE_nodrop,2,6,13.679941638090197
wavePE_nodrop,2,6,15.841557859970047
wavePE_nodrop,2,6,16.672296050623792
wavePE_nodrop,2,6,13.095392746569733
wavePE_nodrop,2,6,16.604145382958688
wavePE_nodrop,2,6,16.20003747309257
wavePE_nodrop,2,6,12.068670688760326
wavePE_nodrop,2,6,17.84139578436759
wavePE_nodrop,2,6,21.773412223467012
wavePE_nodrop,2,6,19.042414649679596
wavePE_nodrop,2,6,20.158085025823162
wavePE_nodrop,2,6,21.351955787838243
wavePE_nodrop,2,6,17.58979426553599
wavePE_nodrop,2,6,17.296266144411263
wavePE_nodrop,2,6,19.808577700168684
wavePE_nodrop,2,6,16.861622973372338
wavePE_nodrop,2,6,19.298993543849715
wavePE_nodrop,2,6,18.516977172160978
wavePE_nodrop,2,6,16.275140527132766
wavePE_nodrop,2,6,16.96211419679366
wavePE_nodrop,2,6,14.731122011714248
wavePE_nodrop,2,6,19.215110657666422
wavePE_nodrop,2,6,22.71308225079328
wavePE_nodrop,2,6,18.457150491970985
wavePE_nodrop,2,6,16.116185496114664
wavePE_nodrop,2,6,18.47439400880655
wavePE_nodrop,2,6,19.849606625996376
wavePE_nodrop,2,6,14.827177677608118
wavePE_nodrop,2,6,15.259680917424125
wavePE_nodrop,2,6,15.55368190639965
wavePE_nodrop,2,6,13.60725638210526
wavePE_nodrop,2,6,14.137333809328824
wavePE_nodrop,2,6,14.55363288054885
wavePE_nodrop,2,6,11.24700473585919
wavePE_nodrop,2,6,11.846947806106376
wavePE_nodrop,2,6,18.5180157046108
wavePE_nodrop,2,6,18.071653459795744
wavePE_nodrop,2,6,17.77173944235616
wavePE_nodrop,2,6,16.667408946740785
wavePE_nodrop,2,6,12.93119879714815
wavePE_nodrop,2,6,18.451426058191856
wavePE_nodrop,2,6,14.30909366837321
wavePE_nodrop,2,6,12.654313738995038
wavePE_nodrop,2,6,12.648181285486174
wavePE_nodrop,2,6,13.995287462675472
wavePE_nodrop,2,6,11.837166703585776
wavePE_nodrop,2,6,9.556321838935466
wavePE_nodrop,2,6,10.549313590064568
wavePE_nodrop,2,6,8.133628924028299
wavePE_nodrop,2,6,7.743318311641276
wavePE_nodrop,2,6,8.847320220150191
wavePE_nodrop,2,6,8.265581531280297
wavePE_nodrop,2,6,9.294845144505716
wavePE_nodrop,2,6,8.63021226518356
wavePE_nodrop,2,6,8.849751850483363
wavePE_nodrop,2,6,10.82654320369186
wavePE_nodrop,2,6,21.389709914086573
wavePE_nodrop,2,6,20.53276833351033
wavePE_nodrop,2,6,21.744658510423545
wavePE_nodrop,2,6,22.28962342703004
wavePE_nodrop,2,6,18.429499282457524
wavePE_nodrop,2,6,30.499812415654457
wavePE_nodrop,2,6,21.06279812744399
wavePE_nodrop,2,6,24.88926398026553
wavePE_nodrop,2,6,23.75542146594083
wavePE_nodrop,2,6,21.814365307793377
wavePE_nodrop,2,6,25.008396977071122
wavePE_nodrop,2,6,19.967413102227216
wavePE_nodrop,2,6,20.420170633958236
wavePE_nodrop,2,6,25.1041560036799
wavePE_nodrop,2,6,22.161145985447767
wavePE_nodrop,2,6,22.790872620357057
wavePE_nodrop,2,6,24.902395576162913
wavePE_nodrop,2,6,16.763702855528585
learnedPE_drop,2,0,70.72207526296059
learnedPE_drop,2,1,68.35305296462619
learnedPE_drop,2,1,61.62994290841583
learnedPE_drop,2,1,68.31969870396212
learnedPE_drop,2,1,69.29037605535125
learnedPE_drop,2,1,68.6793527851576
learnedPE_drop,2,1,71.34122902724013
learnedPE_drop,2,1,69.19426488016744
learnedPE_drop,2,1,70.27994108058748
learnedPE_drop,2,1,69.99970458426816
learnedPE_drop,2,1,71.76112406306981
learnedPE_drop,2,2,48.796098078946855
learnedPE_drop,2,2,66.41718481961598
learnedPE_drop,2,2,67.66035043721347
learnedPE_drop,2,2,65.24624450889716
learnedPE_drop,2,2,69.57906355509043
learnedPE_drop,2,2,66.33300374965707
learnedPE_drop,2,2,66.93500638333366
learnedPE_drop,2,2,67.75248102408001
learnedPE_drop,2,2,68.64354197742682
learnedPE_drop,2,2,59.805478322979695
learnedPE_drop,2,2,58.80000555511729
learnedPE_drop,2,2,55.97700068492923
learnedPE_drop,2,2,63.15969560111012
learnedPE_drop,2,2,60.231598703232905
learnedPE_drop,2,2,61.2231900140618
learnedPE_drop,2,2,59.69001116784238
learnedPE_drop,2,2,62.67561976679152
learnedPE_drop,2,2,61.75743688048362
learnedPE_drop,2,2,66.79501104999572
learnedPE_drop,2,2,69.9448621391404
learnedPE_drop,2,2,68.60054396887745
learnedPE_drop,2,2,68.53292646461497
learnedPE_drop,2,2,68.81202017415352
learnedPE_drop,2,2,70.72944815883423
learnedPE_drop,2,2,65.0561186712584
learnedPE_drop,2,2,69.64430066201467
learnedPE_drop,2,2,67.56160815741052
learnedPE_drop,2,2,68.716972316882
learnedPE_drop,2,2,67.36511738132349
learnedPE_drop,2,2,69.8761195404746
learnedPE_drop,2,2,69.44513260244813
learnedPE_drop,2,2,66.00596024584395
learnedPE_drop,2,2,67.99093200946633
learnedPE_drop,2,2,68.11941236437768
learnedPE_drop,2,2,70.11385290188349
learnedPE_drop,2,2,68.61997439007354
learnedPE_drop,2,2,70.59035680114921
learnedPE_drop,2,2,69.58899617513791
learnedPE_drop,2,2,72.9100138679094
learnedPE_drop,2,2,68.39310272160917
learnedPE_drop,2,2,68.62494934076838
learnedPE_drop,2,2,70.3929928502928
learnedPE_drop,2,2,68.71056491401964
learnedPE_drop,2,2,70.15403278725935
learnedPE_drop,2,2,66.96595723262936
learnedPE_drop,2,3,49.16964804279858
learnedPE_drop,2,3,47.54561973915963
learnedPE_drop,2,3,42.319435079458046
learnedPE_drop,2,3,51.357390871723645
learnedPE_drop,2,3,44.92603233484201
learnedPE_drop,2,3,49.02387577431343
learnedPE_drop,2,3,45.628286414081074
learnedPE_drop,2,3,48.552285094978565
learnedPE_drop,2,3,59.266357667831834
learnedPE_drop,2,3,62.54454100017029
learnedPE_drop,2,3,67.85975830104594
learnedPE_drop,2,3,65.5846856059721
learnedPE_drop,2,3,67.07201981614627
learnedPE_drop,2,3,66.90116763525175
learnedPE_drop,2,3,68.69867544077754
learnedPE_drop,2,3,60.306045763261466
learnedPE_drop,2,3,67.54166624646417
learnedPE_drop,2,3,64.45221974178591
learnedPE_drop,2,3,66.17793423530597
learnedPE_drop,2,3,65.75659325007221
learnedPE_drop,2,3,67.27302141627374
learnedPE_drop,2,3,66.76734400160753
learnedPE_drop,2,3,63.015411163261255
learnedPE_drop,2,3,64.24621333659016
learnedPE_drop,2,3,64.614829314937
learnedPE_drop,2,3,65.3616036607388
learnedPE_drop,2,3,65.95468962896676
learnedPE_drop,2,3,68.2894071911702
learnedPE_drop,2,3,68.56176109831785
learnedPE_drop,2,3,70.05941192277622
learnedPE_drop,2,3,64.89722490081309
learnedPE_drop,2,3,65.01359077092704
learnedPE_drop,2,3,66.57007861364063
learnedPE_drop,2,3,65.7124126716815
learnedPE_drop,2,3,67.78320923757227
learnedPE_drop,2,3,65.92301490883322
learnedPE_drop,2,3,36.59298508335864
learnedPE_drop,2,3,56.30661065654463
learnedPE_drop,2,3,58.79320186492278
learnedPE_drop,2,3,58.34030454548071
learnedPE_drop,2,3,58.34788210901427
learnedPE_drop,2,3,57.36902766569416
learnedPE_drop,2,3,61.150141566391525
learnedPE_drop,2,3,49.98087743791903
learnedPE_drop,2,3,59.917451343428645
learnedPE_drop,2,3,57.78833215752986
learnedPE_drop,2,3,59.66631245686822
learnedPE_drop,2,3,55.761443966560115
learnedPE_drop,2,3,58.61506474102081
learnedPE_drop,2,3,58.26692355425911
learnedPE_drop,2,3,52.82228630422962
learnedPE_drop,2,3,56.64009612690847
learnedPE_drop,2,3,54.39167528832703
learnedPE_drop,2,3,57.88090288848134
learnedPE_drop,2,3,60.0356164095821
learnedPE_drop,2,3,62.91030772335438
learnedPE_drop,2,3,61.45885951780563
learnedPE_drop,2,3,63.445505152793146
learnedPE_drop,2,3,59.17833334419754
learnedPE_drop,2,3,57.70398987318364
learnedPE_drop,2,3,60.48129710344809
learnedPE_drop,2,3,58.809673896637364
learnedPE_drop,2,3,62.14842269385002
learnedPE_drop,2,3,56.91131935981304
learnedPE_drop,2,3,43.9807913124803
learnedPE_drop,2,3,60.971459547920226
learnedPE_drop,2,3,60.95603050248485
learnedPE_drop,2,3,61.729377139593836
learnedPE_drop,2,3,59.41928069533664
learnedPE_drop,2,3,62.4566362503293
learnedPE_drop,2,3,67.41243829827903
learnedPE_drop,2,3,65.47018401735198
learnedPE_drop,2,3,66.29888503305405
learnedPE_drop,2,3,67.15330690422408
learnedPE_drop,2,3,70.1422470819127
learnedPE_drop,2,3,67.1860027591692
learnedPE_drop,2,3,69.76330016349753
learnedPE_drop,2,3,68.68600900893465
learnedPE_drop,2,3,70.94874773045298
learnedPE_drop,2,3,68.11721189143411
learnedPE_drop,2,3,67.90462500108319
learnedPE_drop,2,3,69.5818089603846
learnedPE_drop,2,3,68.23759556864178
learnedPE_drop,2,3,70.28122273881105
learnedPE_drop,2,3,66.31759752660842
learnedPE_drop,2,3,64.65530208969076
learnedPE_drop,2,3,62.962058624877095
learnedPE_drop,2,3,64.56290511335045
learnedPE_drop,2,3,64.69946736186039
learnedPE_drop,2,3,65.13241059432315
learnedPE_drop,2,3,66.63134535799462
learnedPE_drop,2,3,68.9535161990368
learnedPE_drop,2,3,67.80646404159405
learnedPE_drop,2,3,70.29650009529931
learnedPE_drop,2,3,66.64088362055942
learnedPE_drop,2,3,65.81763234233902
learnedPE_drop,2,3,67.92489924992798
learnedPE_drop,2,3,66.60201034077512
learnedPE_drop,2,3,68.5376682999539
learnedPE_drop,2,3,65.32089553906498
learnedPE_drop,2,3,65.09357779814198
learnedPE_drop,2,3,68.43291239094464
learnedPE_drop,2,3,68.67511457148196
learnedPE_drop,2,3,70.44071639869833
learnedPE_drop,2,3,64.78407548783296
learnedPE_drop,2,3,65.04650728503758
learnedPE_drop,2,3,67.37544288145236
learnedPE_drop,2,3,66.5837166384101
learnedPE_drop,2,3,68.26190642391883
learnedPE_drop,2,3,65.12702463097314
learnedPE_drop,2,3,66.58750120456399
learnedPE_drop,2,3,66.59861581873272
learnedPE_drop,2,3,70.00922867496224
learnedPE_drop,2,3,68.66828819073491
learnedPE_drop,2,3,71.02345748222544
learnedPE_drop,2,3,66.91178580116835
learnedPE_drop,2,3,66.13969903672178
learnedPE_drop,2,3,67.71305588762232
learnedPE_drop,2,3,64.7217223481124
learnedPE_drop,2,3,62.8478045287991
learnedPE_drop,2,4,28.27339644422664
learnedPE_drop,2,4,41.63366264353159
learnedPE_drop,2,4,49.152544271279524
learnedPE_drop,2,4,46.37915819408733
learnedPE_drop,2,4,48.80782246342436
learnedPE_drop,2,4,47.26244253438043
learnedPE_drop,2,4,49.11520307055324
learnedPE_drop,2,4,38.92300146328002
learnedPE_drop,2,4,47.736084800584656
learnedPE_drop,2,4,45.69283093271196
learnedPE_drop,2,4,46.16321000991781
learnedPE_drop,2,4,44.191351700095076
learnedPE_drop,2,4,46.1386043599726
learnedPE_drop,2,4,42.90421844912123
learnedPE_drop,2,4,38.71698496259229
learnedPE_drop,2,4,41.82811197224651
learnedPE_drop,2,4,40.64021935013364
learnedPE_drop,2,4,42.682730365459115
learnedPE_drop,2,4,46.03672548275312
learnedPE_drop,2,4,50.03929553345772
learnedPE_drop,2,4,46.58790753862134
learnedPE_drop,2,4,48.608246863219485
learnedPE_drop,2,4,43.92911423353875
learnedPE_drop,2,4,42.5026305711517
learnedPE_drop,2,4,45.566969473181764
learnedPE_drop,2,4,44.83090708782158
learnedPE_drop,2,4,47.94190187113025
learnedPE_drop,2,4,42.0238422057689
learnedPE_drop,2,4,34.66385311994829
learnedPE_drop,2,4,58.45284288789975
learnedPE_drop,2,4,57.07898440319879
learnedPE_drop,2,4,59.12179020414425
learnedPE_drop,2,4,57.24317401968414
learnedPE_drop,2,4,59.79134401419303
learnedPE_drop,2,4,63.56874382125232
learnedPE_drop,2,4,60.93680282528086
learnedPE_drop,2,4,61.927012276127265
learnedPE_drop,2,4,63.15564062769688
learnedPE_drop,2,4,64.26767888631075
learnedPE_drop,2,4,64.46594748549602
learnedPE_drop,2,4,68.00243321582045
learnedPE_drop,2,4,67.20082249347249
learnedPE_drop,2,4,69.72420390039743
learnedPE_drop,2,4,64.58843756155578
learnedPE_drop,2,4,64.68744354923332
learnedPE_drop,2,4,66.87362835332539
learnedPE_drop,2,4,65.18326276507892
learnedPE_drop,2,4,68.57927140265302
learnedPE_drop,2,4,65.82948718878893
learnedPE_drop,2,4,60.71987626747132
learnedPE_drop,2,4,57.51892051779061
learnedPE_drop,2,4,58.71213686906034
learnedPE_drop,2,4,59.38200294993275
learnedPE_drop,2,4,60.48136318113892
learnedPE_drop,2,4,63.962999218058734
learnedPE_drop,2,4,67.09794391267766
learnedPE_drop,2,4,66.52528702243802
learnedPE_drop,2,4,68.41554341419537
learnedPE_drop,2,4,63.83321322756372
learnedPE_drop,2,4,63.40326726818447
learnedPE_drop,2,4,65.25141004488235
learnedPE_drop,2,4,64.79424694775022
learnedPE_drop,2,4,65.8199955779288
learnedPE_drop,2,4,64.10324064412032
learnedPE_drop,2,4,61.159407260243434
learnedPE_drop,2,4,65.04729719881432
learnedPE_drop,2,4,65.0762389179536
learnedPE_drop,2,4,67.08905841478727
learnedPE_drop,2,4,60.76135005455544
learnedPE_drop,2,4,61.056220160619425
learnedPE_drop,2,4,62.2378753987896
learnedPE_drop,2,4,62.76934831398593
learnedPE_drop,2,4,64.12642015852691
learnedPE_drop,2,4,63.38686459834671
learnedPE_drop,2,4,62.72623096172165
learnedPE_drop,2,4,63.05284819539015
learnedPE_drop,2,4,65.5410604222896
learnedPE_drop,2,4,64.93571288764598
learnedPE_drop,2,4,68.7891376287044
learnedPE_drop,2,4,66.12622328618751
learnedPE_drop,2,4,62.110745334029765
learnedPE_drop,2,4,64.08624902004387
learnedPE_drop,2,4,62.087974819268034
learnedPE_drop,2,4,61.36520007923668
learnedPE_drop,2,4,17.18732972608027
learnedPE_drop,2,4,36.870754991969264
learnedPE_drop,2,4,36.24978596944277
learnedPE_drop,2,4,37.47187125697818
learnedPE_drop,2,4,34.809433244292116
learnedPE_drop,2,4,37.107008514632646
learnedPE_drop,2,4,56.03335998965024
learnedPE_drop,2,4,51.52649733449219
learnedPE_drop,2,4,54.096124691969344
learnedPE_drop,2,4,52.32292699866561
learnedPE_drop,2,4,56.684611389726214
learnedPE_drop,2,4,56.48507521077337
learnedPE_drop,2,4,59.332251071200616
learnedPE_drop,2,4,58.172003398324556
learnedPE_drop,2,4,61.320010664365626
learnedPE_drop,2,4,56.36524733935723
learnedPE_drop,2,4,55.44628945857852
learnedPE_drop,2,4,58.16360474192153
learnedPE_drop,2,4,57.79436656314995
learnedPE_drop,2,4,59.926582984511306
learnedPE_drop,2,4,53.26984653946945
learnedPE_drop,2,4,49.803402894553706
learnedPE_drop,2,4,48.5795972194108
learnedPE_drop,2,4,49.50761258730332
learnedPE_drop,2,4,47.62154553995163
learnedPE_drop,2,4,50.233214251725265
learnedPE_drop,2,4,58.433881171392855
learnedPE_drop,2,4,58.77415733631502
learnedPE_drop,2,4,56.621359189914244
learnedPE_drop,2,4,59.7041130915734
learnedPE_drop,2,4,57.48304016765254
learnedPE_drop,2,4,53.816905907112144
learnedPE_drop,2,4,57.651879224013484
learnedPE_drop,2,4,55.526081818657424
learnedPE_drop,2,4,58.247777984404244
learnedPE_drop,2,4,50.671164285605066
learnedPE_drop,2,4,53.113062555128714
learnedPE_drop,2,4,56.80500631644916
learnedPE_drop,2,4,56.205241336371515
learnedPE_drop,2,4,59.021132781065255
learnedPE_drop,2,4,53.32675943559383
learnedPE_drop,2,4,51.95288089557739
learnedPE_drop,2,4,53.85192111836376
learnedPE_drop,2,4,54.590959326273
learnedPE_drop,2,4,57.87986111070091
learnedPE_drop,2,4,53.42920736132623
learnedPE_drop,2,4,55.714556507718235
learnedPE_drop,2,4,56.629117670785384
learnedPE_drop,2,4,60.49928785775281
learnedPE_drop,2,4,58.578487202658884
learnedPE_drop,2,4,61.680055812060175
learnedPE_drop,2,4,56.282554791888295
learnedPE_drop,2,4,55.29244148360209
learnedPE_drop,2,4,58.153785008859586
learnedPE_drop,2,4,54.07069545173327
learnedPE_drop,2,4,48.63653073062205
learnedPE_drop,2,4,39.23396825341786
learnedPE_drop,2,4,42.913228514134055
learnedPE_drop,2,4,44.939638904686156
learnedPE_drop,2,4,43.33726670222044
learnedPE_drop,2,4,44.877547402811125
learnedPE_drop,2,4,56.86844208661476
learnedPE_drop,2,4,61.6065429387278
learnedPE_drop,2,4,58.5822676545941
learnedPE_drop,2,4,60.6815858999716
learnedPE_drop,2,4,60.49516815540265
learnedPE_drop,2,4,58.04464006760408
learnedPE_drop,2,4,61.02345152737643
learnedPE_drop,2,4,58.668729598508435
learnedPE_drop,2,4,61.792088340630826
learnedPE_drop,2,4,57.378434410084346
learnedPE_drop,2,4,62.74014787386212
learnedPE_drop,2,4,65.56891513773867
learnedPE_drop,2,4,66.44919963112103
learnedPE_drop,2,4,68.63358869072056
learnedPE_drop,2,4,63.34178682398984
learnedPE_drop,2,4,64.19066209203677
learnedPE_drop,2,4,67.21823465428177
learnedPE_drop,2,4,65.8657307500407
learnedPE_drop,2,4,67.8847496769228
learnedPE_drop,2,4,64.55394260777952
learnedPE_drop,2,4,65.37462006032938
learnedPE_drop,2,4,65.60486058644427
learnedPE_drop,2,4,68.47358494492885
learnedPE_drop,2,4,67.41771794839032
learnedPE_drop,2,4,69.80144587337615
learnedPE_drop,2,4,64.46337120325008
learnedPE_drop,2,4,66.01014092134645
learnedPE_drop,2,4,67.81857948484588
learnedPE_drop,2,4,64.3930269214788
learnedPE_drop,2,4,62.692994220615546
learnedPE_drop,2,4,58.73068462959551
learnedPE_drop,2,4,62.12982038571863
learnedPE_drop,2,4,63.812599001799434
learnedPE_drop,2,4,64.52881563371544
learnedPE_drop,2,4,61.656974173432225
learnedPE_drop,2,4,60.290743104769724
learnedPE_drop,2,4,61.826000520145875
learnedPE_drop,2,4,62.05721805292042
learnedPE_drop,2,4,63.71658344038274
learnedPE_drop,2,4,59.74794120012244
learnedPE_drop,2,4,64.98863423710911
learnedPE_drop,2,4,64.57289879997408
learnedPE_drop,2,4,67.97935220198146
learnedPE_drop,2,4,65.97172083135038
learnedPE_drop,2,4,69.74041989577117
learnedPE_drop,2,4,64.8479813878331
learnedPE_drop,2,4,64.30890584146394
learnedPE_drop,2,4,66.36775475249615
learnedPE_drop,2,4,62.420264852477956
learnedPE_drop,2,4,59.9898008342683
learnedPE_drop,2,4,61.35873299211196
learnedPE_drop,2,4,62.1187999264833
learnedPE_drop,2,4,64.91240720393162
learnedPE_drop,2,4,65.84652464182855
learnedPE_drop,2,4,68.0659789246201
learnedPE_drop,2,4,64.68714252016228
learnedPE_drop,2,4,62.01756221999273
learnedPE_drop,2,4,64.1695553094626
learnedPE_drop,2,4,60.6219984476291
learnedPE_drop,2,4,60.76315471063862
learnedPE_drop,2,4,62.785224014823335
learnedPE_drop,2,4,65.6004879453561
learnedPE_drop,2,4,62.99657571887574
learnedPE_drop,2,4,60.06169159591692
learnedPE_drop,2,4,57.84602528819661
learnedPE_drop,2,5,15.800103324166898
learnedPE_drop,2,5,27.57811788962085
learnedPE_drop,2,5,28.64263579061866
learnedPE_drop,2,5,28.313073560690537
learnedPE_drop,2,5,27.368031457344497
learnedPE_drop,2,5,27.652965423002378
learnedPE_drop,2,5,41.53417296504622
learnedPE_drop,2,5,38.876392367794224
learnedPE_drop,2,5,41.50590817969235
learnedPE_drop,2,5,40.84235100924899
learnedPE_drop,2,5,42.69767717621835
learnedPE_drop,2,5,47.04279377395486
learnedPE_drop,2,5,48.20099444327495
learnedPE_drop,2,5,48.427052106483295
learnedPE_drop,2,5,48.28529782014184
learnedPE_drop,2,5,45.75818614674205
learnedPE_drop,2,5,44.850571267118205
learnedPE_drop,2,5,46.79003340138047
learnedPE_drop,2,5,47.494873782826126
learnedPE_drop,2,5,48.034909218239825
learnedPE_drop,2,5,42.942083363286876
learnedPE_drop,2,5,39.62489591769914
learnedPE_drop,2,5,36.937591460645855
learnedPE_drop,2,5,38.411821113459915
learnedPE_drop,2,5,37.088993484644845
learnedPE_drop,2,5,38.26451764304632
learnedPE_drop,2,5,45.14244384865226
learnedPE_drop,2,5,46.04574240080365
learnedPE_drop,2,5,44.63058033547573
learnedPE_drop,2,5,46.97495203068019
learnedPE_drop,2,5,43.556273030324554
learnedPE_drop,2,5,40.71364602452275
learnedPE_drop,2,5,44.49648131848517
learnedPE_drop,2,5,42.27458715085834
learnedPE_drop,2,5,44.84928752602803
learnedPE_drop,2,5,38.83327156268102
learnedPE_drop,2,5,38.68739313467539
learnedPE_drop,2,5,41.705545355878265
learnedPE_drop,2,5,41.403945898556216
learnedPE_drop,2,5,44.105156294874746
learnedPE_drop,2,5,38.17619074536594
learnedPE_drop,2,5,36.212091167621374
learnedPE_drop,2,5,38.445321154047804
learnedPE_drop,2,5,39.916434265091475
learnedPE_drop,2,5,42.52325934556422
learnedPE_drop,2,5,37.65162489884152
learnedPE_drop,2,5,40.31600860807945
learnedPE_drop,2,5,39.45565554908029
learnedPE_drop,2,5,43.74650236328821
learnedPE_drop,2,5,43.067250749322405
learnedPE_drop,2,5,47.67260256140038
learnedPE_drop,2,5,40.77933638730526
learnedPE_drop,2,5,39.11399564129546
learnedPE_drop,2,5,42.46502129539379
learnedPE_drop,2,5,38.99166180133151
learnedPE_drop,2,5,32.490342738018434
learnedPE_drop,2,5,31.42579488812986
learnedPE_drop,2,5,30.682050543377265
learnedPE_drop,2,5,35.7151741552524
learnedPE_drop,2,5,35.403704570226914
learnedPE_drop,2,5,34.39426065411555
learnedPE_drop,2,5,52.9630579848698
learnedPE_drop,2,5,58.29665024750834
learnedPE_drop,2,5,57.23512335561033
learnedPE_drop,2,5,58.2683751598433
learnedPE_drop,2,5,56.361383609236654
learnedPE_drop,2,5,53.92773836059991
learnedPE_drop,2,5,56.02125447667383
learnedPE_drop,2,5,55.70282362183838
learnedPE_drop,2,5,59.95341662483781
learnedPE_drop,2,5,54.4049788494169
learnedPE_drop,2,5,58.585473669921896
learnedPE_drop,2,5,63.77956865968684
learnedPE_drop,2,5,63.74003367280129
learnedPE_drop,2,5,65.73087031817612
learnedPE_drop,2,5,58.98371240114956
learnedPE_drop,2,5,60.38490888762111
learnedPE_drop,2,5,62.457252610008304
learnedPE_drop,2,5,61.47613617523065
learnedPE_drop,2,5,62.75294738144157
learnedPE_drop,2,5,62.60913871247386
learnedPE_drop,2,5,63.10949095199751
learnedPE_drop,2,5,63.37199356212637
learnedPE_drop,2,5,65.84708350273773
learnedPE_drop,2,5,65.04398967948983
learnedPE_drop,2,5,69.43318978276582
learnedPE_drop,2,5,64.78835016358383
learnedPE_drop,2,5,63.3372652439632
learnedPE_drop,2,5,64.74410092556927
learnedPE_drop,2,5,62.539562100078335
learnedPE_drop,2,5,60.584409772078054
learnedPE_drop,2,5,54.30809483824425
learnedPE_drop,2,5,59.09395134917974
learnedPE_drop,2,5,58.905308273470645
learnedPE_drop,2,5,60.298246776069526
learnedPE_drop,2,5,56.06116038604758
learnedPE_drop,2,5,56.60258204204289
learnedPE_drop,2,5,58.147934217789256
learnedPE_drop,2,5,57.37177058523903
learnedPE_drop,2,5,59.17608292850895
learnedPE_drop,2,5,56.80200130109899
learnedPE_drop,2,5,61.934379407910036
learnedPE_drop,2,5,61.198573223497405
learnedPE_drop,2,5,65.18784376044563
learnedPE_drop,2,5,63.96167088393667
learnedPE_drop,2,5,66.76285533405601
learnedPE_drop,2,5,63.896321671314354
learnedPE_drop,2,5,61.76244387640867
learnedPE_drop,2,5,62.919404112766586
learnedPE_drop,2,5,60.84483928373826
learnedPE_drop,2,5,58.332011922324796
learnedPE_drop,2,5,56.82114465845084
learnedPE_drop,2,5,57.27266860928476
learnedPE_drop,2,5,61.29547080478142
learnedPE_drop,2,5,62.07478246912435
learnedPE_drop,2,5,66.2950982432022
learnedPE_drop,2,5,63.194013128776575
learnedPE_drop,2,5,56.984217868960954
learnedPE_drop,2,5,58.03972726758195
learnedPE_drop,2,5,58.00231983343476
learnedPE_drop,2,5,55.42858306467956
learnedPE_drop,2,5,56.04629428402821
learnedPE_drop,2,5,60.20908461721543
learnedPE_drop,2,5,59.20487793711056
learnedPE_drop,2,5,56.02360654008587
learnedPE_drop,2,5,51.52769412709786
learnedPE_drop,2,5,14.346573429301793
learnedPE_drop,2,5,19.11854408094012
learnedPE_drop,2,5,16.40111308282017
learnedPE_drop,2,5,16.87912597390751
learnedPE_drop,2,5,17.445699514357635
learnedPE_drop,2,5,36.487382778580155
learnedPE_drop,2,5,35.72753208296014
learnedPE_drop,2,5,35.18878195478298
learnedPE_drop,2,5,36.33750276044305
learnedPE_drop,2,5,36.158880659494976
learnedPE_drop,2,5,35.15240258105305
learnedPE_drop,2,5,36.108239323765154
learnedPE_drop,2,5,36.062696697259234
learnedPE_drop,2,5,37.338177689343034
learnedPE_drop,2,5,27.985248856301972
learnedPE_drop,2,5,49.92018557386211
learnedPE_drop,2,5,51.28733409771458
learnedPE_drop,2,5,53.86208298201291
learnedPE_drop,2,5,56.780648253049755
learnedPE_drop,2,5,50.927198970322806
learnedPE_drop,2,5,49.50021112406959
learnedPE_drop,2,5,53.54167107763463
learnedPE_drop,2,5,51.62940018455631
learnedPE_drop,2,5,56.226699857258566
learnedPE_drop,2,5,49.13738812742819
learnedPE_drop,2,5,54.15829567554287
learnedPE_drop,2,5,55.33189432253122
learnedPE_drop,2,5,56.341880948304095
learnedPE_drop,2,5,56.36109788617316
learnedPE_drop,2,5,59.24637210712437
learnedPE_drop,2,5,52.08804863734712
learnedPE_drop,2,5,54.14518784051322
learnedPE_drop,2,5,56.77741385044944
learnedPE_drop,2,5,51.53525074697327
learnedPE_drop,2,5,46.91849167843888
learnedPE_drop,2,5,46.58147775885742
learnedPE_drop,2,5,49.473608043596975
learnedPE_drop,2,5,48.09542233624172
learnedPE_drop,2,5,51.096641408907885
learnedPE_drop,2,5,48.057996494541555
learnedPE_drop,2,5,45.307167114725075
learnedPE_drop,2,5,48.22853884522557
learnedPE_drop,2,5,47.460435492929825
learnedPE_drop,2,5,49.89071281441922
learnedPE_drop,2,5,44.0866391906493
learnedPE_drop,2,5,55.461904175478814
learnedPE_drop,2,5,54.68110063700579
learnedPE_drop,2,5,57.91355522740007
learnedPE_drop,2,5,54.73774178234078
learnedPE_drop,2,5,57.12664653251663
learnedPE_drop,2,5,51.450670040768955
learnedPE_drop,2,5,52.57459468120218
learnedPE_drop,2,5,55.20013296184873
learnedPE_drop,2,5,49.90567270745796
learnedPE_drop,2,5,43.29887036400954
learnedPE_drop,2,5,46.64637156763299
learnedPE_drop,2,5,50.07800973927992
learnedPE_drop,2,5,53.37824873304204
learnedPE_drop,2,5,54.20926831002781
learnedPE_drop,2,5,57.39544794761809
learnedPE_drop,2,5,53.13514680422013
learnedPE_drop,2,5,50.45047558425398
learnedPE_drop,2,5,54.01683985258154
learnedPE_drop,2,5,48.68162741362073
learnedPE_drop,2,5,44.495426830889826
learnedPE_drop,2,5,50.369367479886805
learnedPE_drop,2,5,52.27326668949622
learnedPE_drop,2,5,51.94136594273762
learnedPE_drop,2,5,42.85176459804036
learnedPE_drop,2,5,45.23634192471174
learnedPE_drop,2,5,34.36246847215711
learnedPE_drop,2,5,38.9191960711076
learnedPE_drop,2,5,39.77591109388623
learnedPE_drop,2,5,38.95224043236072
learnedPE_drop,2,5,43.07393464328396
learnedPE_drop,2,5,42.34356555148032
learnedPE_drop,2,5,43.541065665105805
learnedPE_drop,2,5,44.547140777330696
learnedPE_drop,2,5,45.23870029106956
learnedPE_drop,2,5,41.064415913962
learnedPE_drop,2,5,55.76774586742828
learnedPE_drop,2,5,54.74911713346966
learnedPE_drop,2,5,57.035884137484366
learnedPE_drop,2,5,57.650201058723646
learnedPE_drop,2,5,60.07939224596253
learnedPE_drop,2,5,54.651901478375024
learnedPE_drop,2,5,57.23803168890415
learnedPE_drop,2,5,60.219511093247085
learnedPE_drop,2,5,55.992447764404446
learnedPE_drop,2,5,53.286964693488976
learnedPE_drop,2,5,59.780467276126615
learnedPE_drop,2,5,60.74886677052675
learnedPE_drop,2,5,62.73767449619506
learnedPE_drop,2,5,63.465619667465525
learnedPE_drop,2,5,67.05741870195892
learnedPE_drop,2,5,61.99571825085629
learnedPE_drop,2,5,62.43739866937345
learnedPE_drop,2,5,63.802415814686064
learnedPE_drop,2,5,60.06238675537791
learnedPE_drop,2,5,59.31460867253617
learnedPE_drop,2,5,62.15111945095008
learnedPE_drop,2,5,65.00270915463928
learnedPE_drop,2,5,63.03225227707963
learnedPE_drop,2,5,58.99175150138884
learnedPE_drop,2,5,58.12411954656053
learnedPE_drop,2,5,55.002039947603315
learnedPE_drop,2,5,56.145451193527386
learnedPE_drop,2,5,57.7764147631854
learnedPE_drop,2,5,61.07116306426634
learnedPE_drop,2,5,60.94358656840542
learnedPE_drop,2,5,57.89568397252307
learnedPE_drop,2,5,57.765328577848415
learnedPE_drop,2,5,60.10817037127139
learnedPE_drop,2,5,55.79844070515012
learnedPE_drop,2,5,53.35764082650315
learnedPE_drop,2,5,59.9332892271921
learnedPE_drop,2,5,64.44362182410674
learnedPE_drop,2,5,61.55970279055511
learnedPE_drop,2,5,57.49666548397518
learnedPE_drop,2,5,57.14313726411666
learnedPE_drop,2,5,56.42942371518461
learnedPE_drop,2,5,60.93349620241646
learnedPE_drop,2,5,57.62557896952268
learnedPE_drop,2,5,57.043450780417345
learnedPE_drop,2,5,51.89586159969503
learnedPE_drop,2,5,49.51989377887791
learnedPE_drop,2,6,11.795076903592117
learnedPE_drop,2,6,17.015237939812526
learnedPE_drop,2,6,15.148733548889352
learnedPE_drop,2,6,12.92947502128674
learnedPE_drop,2,6,14.839199161590503
learnedPE_drop,2,6,26.864776390902442
learnedPE_drop,2,6,26.048603603710234
learnedPE_drop,2,6,27.12211489407611
learnedPE_drop,2,6,26.85637069791852
learnedPE_drop,2,6,28.903872528503577
learnedPE_drop,2,6,27.8947001756381
learnedPE_drop,2,6,28.08097954838114
learnedPE_drop,2,6,28.356359588474735
learnedPE_drop,2,6,27.63297573617366
learnedPE_drop,2,6,20.639905834234902
learnedPE_drop,2,6,37.41439804951808
learnedPE_drop,2,6,38.91559631189352
learnedPE_drop,2,6,40.91127401005793
learnedPE_drop,2,6,42.650547982827284
learnedPE_drop,2,6,37.6969682604211
learnedPE_drop,2,6,37.213515466411586
learnedPE_drop,2,6,39.08439282999402
learnedPE_drop,2,6,39.23675400329533
learnedPE_drop,2,6,42.189513398075334
learnedPE_drop,2,6,38.37788038536116
learnedPE_drop,2,6,43.04334974452375
learnedPE_drop,2,6,42.95100001306861
learnedPE_drop,2,6,45.28664386426501
learnedPE_drop,2,6,45.851609176078114
learnedPE_drop,2,6,47.98939698247888
learnedPE_drop,2,6,42.272459924827025
learnedPE_drop,2,6,41.83232700440045
learnedPE_drop,2,6,45.63600873382642
learnedPE_drop,2,6,41.93905033280809
learnedPE_drop,2,6,33.3559367755324
learnedPE_drop,2,6,34.24935638335155
learnedPE_drop,2,6,37.91235342588718
learnedPE_drop,2,6,37.085681326656776
learnedPE_drop,2,6,38.71056553820811
learnedPE_drop,2,6,35.04890817491567
learnedPE_drop,2,6,34.44347678262351
learnedPE_drop,2,6,35.77853576787102
learnedPE_drop,2,6,35.468888619643494
learnedPE_drop,2,6,37.203125674308225
learnedPE_drop,2,6,31.953182279035712
learnedPE_drop,2,6,41.75114883255642
learnedPE_drop,2,6,39.96483588139364
learnedPE_drop,2,6,41.91534594726413
learnedPE_drop,2,6,40.01232533153421
learnedPE_drop,2,6,43.63613547788486
learnedPE_drop,2,6,38.272718373209116
learnedPE_drop,2,6,36.883423843839594
learnedPE_drop,2,6,42.125781259010175
learnedPE_drop,2,6,35.71160452875911
learnedPE_drop,2,6,26.703000417861382
learnedPE_drop,2,6,31.216676573859907
learnedPE_drop,2,6,35.36772348701607
learnedPE_drop,2,6,40.2225371312141
learnedPE_drop,2,6,38.36965047333489
learnedPE_drop,2,6,43.40387866674573
learnedPE_drop,2,6,37.87076025798582
learnedPE_drop,2,6,34.01579840238104
learnedPE_drop,2,6,38.199584860963725
learnedPE_drop,2,6,33.30035046029345
learnedPE_drop,2,6,29.65308639034711
learnedPE_drop,2,6,30.132783120793864
learnedPE_drop,2,6,33.20023342212567
learnedPE_drop,2,6,30.91192797001531
learnedPE_drop,2,6,22.642027687298103
learnedPE_drop,2,6,25.06199322219224
learnedPE_drop,2,6,26.44389205894496
learnedPE_drop,2,6,31.288939817270613
learnedPE_drop,2,6,31.36633529993258
learnedPE_drop,2,6,30.43137318808782
learnedPE_drop,2,6,31.60187577867973
learnedPE_drop,2,6,32.409418081125324
learnedPE_drop,2,6,31.820047709713577
learnedPE_drop,2,6,37.010905534806625
learnedPE_drop,2,6,35.975398765709386
learnedPE_drop,2,6,34.0709731596346
learnedPE_drop,2,6,52.78011826566685
learnedPE_drop,2,6,50.871279409471775
learnedPE_drop,2,6,51.55649244101405
learnedPE_drop,2,6,55.50835452708288
learnedPE_drop,2,6,57.69645853573065
learnedPE_drop,2,6,52.59908790264539
learnedPE_drop,2,6,53.31770854108572
learnedPE_drop,2,6,55.57717875723696
learnedPE_drop,2,6,50.21417645826192
learnedPE_drop,2,6,49.22648834620033
learnedPE_drop,2,6,56.192921624479695
learnedPE_drop,2,6,57.33175743489119
learnedPE_drop,2,6,59.922252456418214
learnedPE_drop,2,6,61.539015128005694
learnedPE_drop,2,6,64.76672861046428
learnedPE_drop,2,6,61.526960871192095
learnedPE_drop,2,6,58.20782289256031
learnedPE_drop,2,6,58.3429495356984
learnedPE_drop,2,6,59.43210343980065
learnedPE_drop,2,6,54.158395448076
learnedPE_drop,2,6,58.22062545947795
learnedPE_drop,2,6,61.66858060849295
learnedPE_drop,2,6,62.30010185728414
learnedPE_drop,2,6,55.53054359667184
learnedPE_drop,2,6,52.42412324304593
learnedPE_drop,2,6,49.906442300848475
learnedPE_drop,2,6,52.31611434785152
learnedPE_drop,2,6,54.39457435898214
learnedPE_drop,2,6,55.437305522500374
learnedPE_drop,2,6,57.87472117549339
learnedPE_drop,2,6,55.210511838547816
learnedPE_drop,2,6,53.077711114684
learnedPE_drop,2,6,54.12159840740071
learnedPE_drop,2,6,53.88887794216122
learnedPE_drop,2,6,47.69338411380227
learnedPE_drop,2,6,57.311129070657664
learnedPE_drop,2,6,62.07426541778699
learnedPE_drop,2,6,59.328433102402265
learnedPE_drop,2,6,55.147606905815906
learnedPE_drop,2,6,52.21787453644348
learnedPE_drop,2,6,49.301080804991514
learnedPE_drop,2,6,51.97214533179335
learnedPE_drop,2,6,52.384820174544025
learnedPE_drop,2,6,51.10664977028997
learnedPE_drop,2,6,45.82062857165442
learnedPE_drop,2,6,31.909925344721017
learnedPE_drop,2,6,12.649103149729802
learnedPE_drop,2,6,13.312006879752431
learnedPE_drop,2,6,14.894526964212167
learnedPE_drop,2,6,14.138895659784064
learnedPE_drop,2,6,18.695908131524796
learnedPE_drop,2,6,18.83257391424136
learnedPE_drop,2,6,19.824727200413825
learnedPE_drop,2,6,17.28858582668013
learnedPE_drop,2,6,17.869489904963803
learnedPE_drop,2,6,12.949655451279861
learnedPE_drop,2,6,35.42857222266479
learnedPE_drop,2,6,34.69937933739633
learnedPE_drop,2,6,36.91335564473413
learnedPE_drop,2,6,34.90291844975122
learnedPE_drop,2,6,34.45860854168209
learnedPE_drop,2,6,28.077296828988526
learnedPE_drop,2,6,35.94048232360803
learnedPE_drop,2,6,36.71011502559374
learnedPE_drop,2,6,28.766578648880447
learnedPE_drop,2,6,26.962879110825718
learnedPE_drop,2,6,45.42698525488036
learnedPE_drop,2,6,48.73574727845482
learnedPE_drop,2,6,52.820579713038015
learnedPE_drop,2,6,50.95571617384328
learnedPE_drop,2,6,54.63697196517627
learnedPE_drop,2,6,48.2683755812875
learnedPE_drop,2,6,48.92293737820495
learnedPE_drop,2,6,52.750899096099324
learnedPE_drop,2,6,46.149972316192354
learnedPE_drop,2,6,42.505151125230896
learnedPE_drop,2,6,49.82707925714254
learnedPE_drop,2,6,51.91428353783606
learnedPE_drop,2,6,48.901497074729
learnedPE_drop,2,6,41.291803478679086
learnedPE_drop,2,6,46.146026898639896
learnedPE_drop,2,6,44.140111081379665
learnedPE_drop,2,6,43.05362240330063
learnedPE_drop,2,6,48.25304257197564
learnedPE_drop,2,6,46.35256995417443
learnedPE_drop,2,6,49.771868293537416
learnedPE_drop,2,6,42.00485827735203
learnedPE_drop,2,6,46.16309267524006
learnedPE_drop,2,6,47.77319103368777
learnedPE_drop,2,6,41.199530515290064
learnedPE_drop,2,6,34.88797544640636
learnedPE_drop,2,6,48.59223646030441
learnedPE_drop,2,6,54.396523972458965
learnedPE_drop,2,6,48.79198664362481
learnedPE_drop,2,6,37.30160598582468
learnedPE_drop,2,6,43.54238913384845
learnedPE_drop,2,6,43.08102097820809
learnedPE_drop,2,6,45.47175856897651
learnedPE_drop,2,6,46.7441030310557
learnedPE_drop,2,6,37.21397004490024
learnedPE_drop,2,6,40.000550615978796
learnedPE_drop,2,6,32.50200211280304
learnedPE_drop,2,6,32.860698341233814
learnedPE_drop,2,6,34.371837612663214
learnedPE_drop,2,6,35.530652474580435
learnedPE_drop,2,6,38.82214810007797
learnedPE_drop,2,6,39.19914948790127
learnedPE_drop,2,6,36.472720727851176
learnedPE_drop,2,6,42.07051573706294
learnedPE_drop,2,6,43.47754409289882
learnedPE_drop,2,6,38.908617720695574
learnedPE_drop,2,6,38.52665186846992
learnedPE_drop,2,6,51.488740240575204
learnedPE_drop,2,6,56.63974456410056
learnedPE_drop,2,6,51.447060017032065
learnedPE_drop,2,6,47.73667686665305
learnedPE_drop,2,6,51.43269577188149
learnedPE_drop,2,6,56.2127259419359
learnedPE_drop,2,6,59.404433048319085
learnedPE_drop,2,6,58.602927676832984
learnedPE_drop,2,6,56.13799518601005
learnedPE_drop,2,6,51.27058116436839
learnedPE_drop,2,6,51.02049287030098
learnedPE_drop,2,6,51.137542029786985
learnedPE_drop,2,6,52.12060017935351
learnedPE_drop,2,6,49.73966641769141
learnedPE_drop,2,6,47.95255527680762
learnedPE_drop,2,6,45.9601969489769
learnedPE_drop,2,6,48.482823356463754
learnedPE_drop,2,6,40.180985555903725
wavePE_drop,2,0,73.89674804267477
wavePE_drop,2,1,70.01637760110451
wavePE_drop,2,1,63.99450974363679
wavePE_drop,2,1,71.06523426965477
wavePE_drop,2,1,69.95285832714059
wavePE_drop,2,1,75.21476764988871
wavePE_drop,2,1,73.218285496748
wavePE_drop,2,1,72.31628517755652
wavePE_drop,2,1,71.34056667522644
wavePE_drop,2,1,73.10094394050222
wavePE_drop,2,1,74.8198149018089
wavePE_drop,2,2,46.31788260608323
wavePE_drop,2,2,65.98655825690983
wavePE_drop,2,2,62.54932929072838
wavePE_drop,2,2,70.22810311571054
wavePE_drop,2,2,69.23227688201824
wavePE_drop,2,2,69.36835262122602
wavePE_drop,2,2,67.03371091431586
wavePE_drop,2,2,67.96583327172456
wavePE_drop,2,2,68.91971009496369
wavePE_drop,2,2,61.11383598040312
wavePE_drop,2,2,61.071316527141335
wavePE_drop,2,2,60.60826875194998
wavePE_drop,2,2,62.851091525614905
wavePE_drop,2,2,63.47189450919918
wavePE_drop,2,2,61.47931831730169
wavePE_drop,2,2,61.96838992664072
wavePE_drop,2,2,62.77992992738894
wavePE_drop,2,2,56.43212357398654
wavePE_drop,2,2,70.36232304470393
wavePE_drop,2,2,69.43553759777275
wavePE_drop,2,2,70.67172319695399
wavePE_drop,2,2,67.98428219158478
wavePE_drop,2,2,69.6931106689991
wavePE_drop,2,2,71.39205115870273
wavePE_drop,2,2,70.05654433426716
wavePE_drop,2,2,70.66851770850373
wavePE_drop,2,2,68.30852892834322
wavePE_drop,2,2,66.5385276368631
wavePE_drop,2,2,69.81460867139741
wavePE_drop,2,2,68.66840231439546
wavePE_drop,2,2,73.58307870626365
wavePE_drop,2,2,74.10627269497347
wavePE_drop,2,2,73.42171791689032
wavePE_drop,2,2,73.43925956776194
wavePE_drop,2,2,75.01709698265391
wavePE_drop,2,2,69.99890059067418
wavePE_drop,2,2,70.68575081652433
wavePE_drop,2,2,71.0960105229307
wavePE_drop,2,2,73.420492815928
wavePE_drop,2,2,70.47512874720982
wavePE_drop,2,2,71.64214834192894
wavePE_drop,2,2,72.82116532748172
wavePE_drop,2,2,70.01141415261807
wavePE_drop,2,2,73.12703056109208
wavePE_drop,2,2,70.77725226688004
wavePE_drop,2,3,46.030955136624996
wavePE_drop,2,3,40.505305833189496
wavePE_drop,2,3,44.09501203838355
wavePE_drop,2,3,43.592012863273624
wavePE_drop,2,3,45.76848502553306
wavePE_drop,2,3,44.35436970797031
wavePE_drop,2,3,43.457059741246475
wavePE_drop,2,3,40.026721505385815
wavePE_drop,2,3,52.91578642471179
wavePE_drop,2,3,66.1197835548919
wavePE_drop,2,3,66.46919896403331
wavePE_drop,2,3,65.39430636483289
wavePE_drop,2,3,63.43678653448767
wavePE_drop,2,3,64.69261532534357
wavePE_drop,2,3,65.87884091219772
wavePE_drop,2,3,63.4374485840609
wavePE_drop,2,3,62.58969016804122
wavePE_drop,2,3,62.215453814394564
wavePE_drop,2,3,59.83078855764984
wavePE_drop,2,3,60.904041636786566
wavePE_drop,2,3,63.005518886816795
wavePE_drop,2,3,68.36949708751379
wavePE_drop,2,3,69.22344372813949
wavePE_drop,2,3,66.59143919976724
wavePE_drop,2,3,67.97727542696465
wavePE_drop,2,3,70.56630164803165
wavePE_drop,2,3,65.67895004942073
wavePE_drop,2,3,65.79581867899302
wavePE_drop,2,3,68.19533157767768
wavePE_drop,2,3,68.39181643455034
wavePE_drop,2,3,65.5316352638267
wavePE_drop,2,3,67.95274424743683
wavePE_drop,2,3,69.53560519034525
wavePE_drop,2,3,62.638717615751986
wavePE_drop,2,3,67.55707262043829
wavePE_drop,2,3,64.31978981987962
wavePE_drop,2,3,42.88597757418639
wavePE_drop,2,3,56.688662427498876
wavePE_drop,2,3,58.6502113210974
wavePE_drop,2,3,60.62110837183639
wavePE_drop,2,3,58.250922847943436
wavePE_drop,2,3,60.89365936080128
wavePE_drop,2,3,59.97638492644886
wavePE_drop,2,3,56.68644557290511
wavePE_drop,2,3,60.63375507500878
wavePE_drop,2,3,60.75989569921021
wavePE_drop,2,3,59.24713394115715
wavePE_drop,2,3,60.455611050222494
wavePE_drop,2,3,59.53753532181029
wavePE_drop,2,3,58.80101690993579
wavePE_drop,2,3,58.994275225880536
wavePE_drop,2,3,58.051483154613166
wavePE_drop,2,3,59.469836874668644
wavePE_drop,2,3,59.983632963311905
wavePE_drop,2,3,59.587145692595456
wavePE_drop,2,3,57.2133649771349
wavePE_drop,2,3,61.62309975019459
wavePE_drop,2,3,62.29407209233943
wavePE_drop,2,3,59.548678161450596
wavePE_drop,2,3,60.337858332885915
wavePE_drop,2,3,61.686729498567566
wavePE_drop,2,3,58.360534816281564
wavePE_drop,2,3,60.1381508691617
wavePE_drop,2,3,59.585294951274555
wavePE_drop,2,3,49.556403508206074
wavePE_drop,2,3,56.95431314972156
wavePE_drop,2,3,55.5867896549547
wavePE_drop,2,3,53.75702337998803
wavePE_drop,2,3,55.95052022469953
wavePE_drop,2,3,54.19949886348401
wavePE_drop,2,3,68.42119975216328
wavePE_drop,2,3,69.21946649648957
wavePE_drop,2,3,67.38256358125034
wavePE_drop,2,3,69.3385691962982
wavePE_drop,2,3,70.35812929991035
wavePE_drop,2,3,67.6147678123116
wavePE_drop,2,3,66.37375041846981
wavePE_drop,2,3,69.41768845603737
wavePE_drop,2,3,71.18541531075127
wavePE_drop,2,3,66.92793951879804
wavePE_drop,2,3,68.77576457891692
wavePE_drop,2,3,70.91102909233135
wavePE_drop,2,3,65.79223640301065
wavePE_drop,2,3,70.07545158395052
wavePE_drop,2,3,69.3989997663734
wavePE_drop,2,3,64.79711081908077
wavePE_drop,2,3,68.969746459103
wavePE_drop,2,3,67.14776584633867
wavePE_drop,2,3,70.30693286269104
wavePE_drop,2,3,69.049551581855
wavePE_drop,2,3,67.03809805276207
wavePE_drop,2,3,68.29115853259516
wavePE_drop,2,3,70.61685253395622
wavePE_drop,2,3,68.6887760301583
wavePE_drop,2,3,65.60172179926685
wavePE_drop,2,3,68.73030497356044
wavePE_drop,2,3,67.86606743767514
wavePE_drop,2,3,65.01856774611021
wavePE_drop,2,3,66.94283727056306
wavePE_drop,2,3,66.10814416447865
wavePE_drop,2,3,66.44580149352957
wavePE_drop,2,3,69.19885513327286
wavePE_drop,2,3,71.82241905587111
wavePE_drop,2,3,73.70122187268814
wavePE_drop,2,3,70.93929885524975
wavePE_drop,2,3,72.65237594133373
wavePE_drop,2,3,72.85139976844833
wavePE_drop,2,3,68.8974199637041
wavePE_drop,2,3,72.66095249290639
wavePE_drop,2,3,68.30922945467834
wavePE_drop,2,3,61.87743196623069
wavePE_drop,2,3,68.62866999205461
wavePE_drop,2,3,70.50248867620427
wavePE_drop,2,3,67.47806391073985
wavePE_drop,2,3,72.41661376450386
wavePE_drop,2,3,69.96941418538476
wavePE_drop,2,3,66.85253052952321
wavePE_drop,2,3,71.20918618653887
wavePE_drop,2,3,69.0573028277096
wavePE_drop,2,3,57.85123212747486
wavePE_drop,2,4,31.472654492876593
wavePE_drop,2,4,42.99333105661322
wavePE_drop,2,4,43.38133983506493
wavePE_drop,2,4,45.15647719963547
wavePE_drop,2,4,43.90438586522362
wavePE_drop,2,4,43.7587131666295
wavePE_drop,2,4,40.66770058916425
wavePE_drop,2,4,36.09067442013727
wavePE_drop,2,4,38.179929233284554
wavePE_drop,2,4,39.35101372824532
wavePE_drop,2,4,39.241521880780965
wavePE_drop,2,4,38.572796824678505
wavePE_drop,2,4,37.26904677613656
wavePE_drop,2,4,41.26746659113
wavePE_drop,2,4,42.46752299322167
wavePE_drop,2,4,42.61271059773445
wavePE_drop,2,4,41.82575102904806
wavePE_drop,2,4,39.20627303478731
wavePE_drop,2,4,40.95015344013159
wavePE_drop,2,4,41.03144815825491
wavePE_drop,2,4,41.40621580689158
wavePE_drop,2,4,38.746398078447896
wavePE_drop,2,4,42.224272636051765
wavePE_drop,2,4,42.277126346304335
wavePE_drop,2,4,39.572621485850966
wavePE_drop,2,4,39.470612531310806
wavePE_drop,2,4,39.464628459726434
wavePE_drop,2,4,27.525463225725783
wavePE_drop,2,4,45.04573034746007
wavePE_drop,2,4,53.82208894334343
wavePE_drop,2,4,51.340351466104025
wavePE_drop,2,4,50.54560603153692
wavePE_drop,2,4,52.11800619073559
wavePE_drop,2,4,51.28993208992716
wavePE_drop,2,4,64.14181842815421
wavePE_drop,2,4,64.92986216043366
wavePE_drop,2,4,63.250602444150104
wavePE_drop,2,4,64.14920736342222
wavePE_drop,2,4,66.7033992311184
wavePE_drop,2,4,62.9333484612795
wavePE_drop,2,4,61.66408627881808
wavePE_drop,2,4,65.28835331771567
wavePE_drop,2,4,65.55107022752057
wavePE_drop,2,4,60.00395079182845
wavePE_drop,2,4,64.22810808491205
wavePE_drop,2,4,66.13080570019552
wavePE_drop,2,4,59.22314618676786
wavePE_drop,2,4,64.24478334737297
wavePE_drop,2,4,61.43635731161659
wavePE_drop,2,4,56.9388057306893
wavePE_drop,2,4,60.67202815576203
wavePE_drop,2,4,60.90840309179356
wavePE_drop,2,4,61.964064115447705
wavePE_drop,2,4,62.274661783004355
wavePE_drop,2,4,59.19646549982121
wavePE_drop,2,4,60.77699999409901
wavePE_drop,2,4,62.353724853684135
wavePE_drop,2,4,61.23579614936627
wavePE_drop,2,4,58.0886190709345
wavePE_drop,2,4,59.63748641601752
wavePE_drop,2,4,62.602183844840006
wavePE_drop,2,4,55.058961162443175
wavePE_drop,2,4,62.75966810981266
wavePE_drop,2,4,58.74345104228552
wavePE_drop,2,4,60.54927893865562
wavePE_drop,2,4,64.53214219534001
wavePE_drop,2,4,66.29541934033035
wavePE_drop,2,4,68.28459347839254
wavePE_drop,2,4,63.98241517423514
wavePE_drop,2,4,67.68077184094075
wavePE_drop,2,4,68.9823959644384
wavePE_drop,2,4,59.83628541312388
wavePE_drop,2,4,66.69891710153058
wavePE_drop,2,4,61.844062865742494
wavePE_drop,2,4,58.13421042366296
wavePE_drop,2,4,65.3386413777878
wavePE_drop,2,4,66.42216316365916
wavePE_drop,2,4,59.77440923353716
wavePE_drop,2,4,64.68871015326138
wavePE_drop,2,4,65.75124567791285
wavePE_drop,2,4,56.70319130503004
wavePE_drop,2,4,66.2118658688431
wavePE_drop,2,4,64.42763854744707
wavePE_drop,2,4,44.954858614657475
wavePE_drop,2,4,27.522425337972884
wavePE_drop,2,4,42.35707602708593
wavePE_drop,2,4,43.34297951531026
wavePE_drop,2,4,40.04824493922116
wavePE_drop,2,4,42.191362986900835
wavePE_drop,2,4,42.48136798266849
wavePE_drop,2,4,53.747766087011016
wavePE_drop,2,4,56.3089909499887
wavePE_drop,2,4,53.90639038342389
wavePE_drop,2,4,57.493285976307014
wavePE_drop,2,4,55.147289016173794
wavePE_drop,2,4,55.97502677636803
wavePE_drop,2,4,53.78137310275757
wavePE_drop,2,4,58.791071051809716
wavePE_drop,2,4,58.12217937705594
wavePE_drop,2,4,57.01001505944962
wavePE_drop,2,4,58.99847084176351
wavePE_drop,2,4,59.17157547325864
wavePE_drop,2,4,57.18597447186703
wavePE_drop,2,4,58.27342574333629
wavePE_drop,2,4,56.088271250109436
wavePE_drop,2,4,55.0096663380309
wavePE_drop,2,4,56.106923819201214
wavePE_drop,2,4,55.23756702474612
wavePE_drop,2,4,56.42517149367961
wavePE_drop,2,4,55.3562217829411
wavePE_drop,2,4,58.4573794375326
wavePE_drop,2,4,55.43735141227764
wavePE_drop,2,4,60.26517252353744
wavePE_drop,2,4,59.16510838078311
wavePE_drop,2,4,57.32725145169506
wavePE_drop,2,4,59.71675169273575
wavePE_drop,2,4,58.962325878842236
wavePE_drop,2,4,56.12264341126728
wavePE_drop,2,4,57.807129275936056
wavePE_drop,2,4,56.55707030276121
wavePE_drop,2,4,53.484990425089116
wavePE_drop,2,4,53.42363926838677
wavePE_drop,2,4,56.017479716313304
wavePE_drop,2,4,57.512517120556915
wavePE_drop,2,4,56.19429211211729
wavePE_drop,2,4,57.02294972476776
wavePE_drop,2,4,57.896267828705426
wavePE_drop,2,4,54.967401825229615
wavePE_drop,2,4,57.44285358312642
wavePE_drop,2,4,55.38791093699826
wavePE_drop,2,4,53.278741543831906
wavePE_drop,2,4,57.92207153684099
wavePE_drop,2,4,58.993868434421
wavePE_drop,2,4,52.65769963509447
wavePE_drop,2,4,56.28945473105591
wavePE_drop,2,4,56.16605747765231
wavePE_drop,2,4,53.317866435959374
wavePE_drop,2,4,57.90834428993332
wavePE_drop,2,4,57.13524195985114
wavePE_drop,2,4,49.46149845551021
wavePE_drop,2,4,39.9364699231023
wavePE_drop,2,4,51.47064384368514
wavePE_drop,2,4,46.98763870745729
wavePE_drop,2,4,48.82574562813519
wavePE_drop,2,4,47.74971862467829
wavePE_drop,2,4,55.62698618842543
wavePE_drop,2,4,53.35573828243637
wavePE_drop,2,4,56.947390915834944
wavePE_drop,2,4,55.21442387528218
wavePE_drop,2,4,52.17413603240431
wavePE_drop,2,4,55.67774015300126
wavePE_drop,2,4,52.73776374805471
wavePE_drop,2,4,50.59103610244343
wavePE_drop,2,4,52.25400183804449
wavePE_drop,2,4,52.32326672432498
wavePE_drop,2,4,63.272144609304405
wavePE_drop,2,4,64.973961182224
wavePE_drop,2,4,67.3190980004896
wavePE_drop,2,4,68.56022557123961
wavePE_drop,2,4,66.3581452278226
wavePE_drop,2,4,69.20889600310221
wavePE_drop,2,4,70.12429209985866
wavePE_drop,2,4,63.414270110690204
wavePE_drop,2,4,67.21415560380653
wavePE_drop,2,4,65.48813455327162
wavePE_drop,2,4,56.022835273890244
wavePE_drop,2,4,66.31667548627372
wavePE_drop,2,4,66.69333479375405
wavePE_drop,2,4,63.11856934725422
wavePE_drop,2,4,67.96241958287054
wavePE_drop,2,4,66.98163638025703
wavePE_drop,2,4,63.16427354638877
wavePE_drop,2,4,68.1008138864656
wavePE_drop,2,4,66.10702903535784
wavePE_drop,2,4,54.560666436728475
wavePE_drop,2,4,52.0625744444185
wavePE_drop,2,4,62.5806934940486
wavePE_drop,2,4,66.41341202574287
wavePE_drop,2,4,63.762811859210395
wavePE_drop,2,4,65.18959773993046
wavePE_drop,2,4,70.16688861224628
wavePE_drop,2,4,67.08054558203146
wavePE_drop,2,4,65.59671010434819
wavePE_drop,2,4,66.35995982188642
wavePE_drop,2,4,62.28817258500436
wavePE_drop,2,4,58.98506833286632
wavePE_drop,2,4,66.24150376135111
wavePE_drop,2,4,64.2617096744746
wavePE_drop,2,4,67.13835978560925
wavePE_drop,2,4,67.17372511771373
wavePE_drop,2,4,65.89725902525315
wavePE_drop,2,4,63.14721375655222
wavePE_drop,2,4,66.11651187739166
wavePE_drop,2,4,64.7252103642808
wavePE_drop,2,4,56.8858305702358
wavePE_drop,2,4,55.52089594234047
wavePE_drop,2,4,66.49807818726148
wavePE_drop,2,4,66.29103509185299
wavePE_drop,2,4,65.285247493993
wavePE_drop,2,4,69.85844644297224
wavePE_drop,2,4,66.16996822818525
wavePE_drop,2,4,63.39405320583069
wavePE_drop,2,4,69.12736014191744
wavePE_drop,2,4,66.98174381133767
wavePE_drop,2,4,51.13884003344454
wavePE_drop,2,4,54.27429102865025
wavePE_drop,2,4,63.41016406492588
wavePE_drop,2,4,64.56032745363781
wavePE_drop,2,4,55.44188226484671
wavePE_drop,2,4,47.26721430279323
wavePE_drop,2,5,20.340221242788466
wavePE_drop,2,5,30.26504703888042
wavePE_drop,2,5,31.32765808671308
wavePE_drop,2,5,30.333898580529002
wavePE_drop,2,5,29.153632472757515
wavePE_drop,2,5,31.08712579122361
wavePE_drop,2,5,40.882059013484415
wavePE_drop,2,5,41.18327632770742
wavePE_drop,2,5,42.29072882663218
wavePE_drop,2,5,41.11986035943698
wavePE_drop,2,5,39.973155638665425
wavePE_drop,2,5,40.98471750437035
wavePE_drop,2,5,40.25390168069856
wavePE_drop,2,5,41.68918664595622
wavePE_drop,2,5,39.40138898215702
wavePE_drop,2,5,43.45580719549405
wavePE_drop,2,5,43.14570447231457
wavePE_drop,2,5,39.908718343833456
wavePE_drop,2,5,39.5535719964429
wavePE_drop,2,5,39.78650449795036
wavePE_drop,2,5,28.192332067677874
wavePE_drop,2,5,35.76435204404971
wavePE_drop,2,5,38.80302323049042
wavePE_drop,2,5,35.593223718708956
wavePE_drop,2,5,33.80723514889976
wavePE_drop,2,5,33.03850864459207
wavePE_drop,2,5,34.19978808185582
wavePE_drop,2,5,36.19887160053165
wavePE_drop,2,5,36.18875267113453
wavePE_drop,2,5,35.94293281760786
wavePE_drop,2,5,36.95974103482519
wavePE_drop,2,5,39.73512974507081
wavePE_drop,2,5,35.52741444012002
wavePE_drop,2,5,33.730026077284904
wavePE_drop,2,5,36.28357260544948
wavePE_drop,2,5,25.07890367648775
wavePE_drop,2,5,38.84981922675742
wavePE_drop,2,5,38.383717880022346
wavePE_drop,2,5,38.99610117142685
wavePE_drop,2,5,37.31883412842209
wavePE_drop,2,5,40.875189237569536
wavePE_drop,2,5,38.81880264128289
wavePE_drop,2,5,39.38891209783329
wavePE_drop,2,5,38.141422987746196
wavePE_drop,2,5,38.74164408489732
wavePE_drop,2,5,28.701905607109286
wavePE_drop,2,5,34.9404894924018
wavePE_drop,2,5,38.312694865358544
wavePE_drop,2,5,34.783199700389055
wavePE_drop,2,5,37.44134814871609
wavePE_drop,2,5,36.10738014724457
wavePE_drop,2,5,29.232611711037887
wavePE_drop,2,5,35.75578115017234
wavePE_drop,2,5,36.410767523802015
wavePE_drop,2,5,25.092699610417842
wavePE_drop,2,5,25.07194886425372
wavePE_drop,2,5,33.022899999428766
wavePE_drop,2,5,47.00349349539486
wavePE_drop,2,5,42.14601663565952
wavePE_drop,2,5,43.234074349067654
wavePE_drop,2,5,41.6131648293315
wavePE_drop,2,5,49.6460116128366
wavePE_drop,2,5,50.63197484461197
wavePE_drop,2,5,51.59321899652008
wavePE_drop,2,5,52.040244492409045
wavePE_drop,2,5,48.35988127927063
wavePE_drop,2,5,48.23622939475119
wavePE_drop,2,5,49.50782344185985
wavePE_drop,2,5,46.26803651268403
wavePE_drop,2,5,48.725253862321075
wavePE_drop,2,5,46.58871200170241
wavePE_drop,2,5,57.24559490372046
wavePE_drop,2,5,59.55749031616206
wavePE_drop,2,5,62.96811257321343
wavePE_drop,2,5,64.43099083603279
wavePE_drop,2,5,59.78039562849667
wavePE_drop,2,5,64.71366414137864
wavePE_drop,2,5,65.61449934539603
wavePE_drop,2,5,54.249519630008926
wavePE_drop,2,5,63.88617015727727
wavePE_drop,2,5,59.44378861941774
wavePE_drop,2,5,51.86824960830397
wavePE_drop,2,5,60.64946551519499
wavePE_drop,2,5,62.92424882117081
wavePE_drop,2,5,55.835451620025516
wavePE_drop,2,5,61.19268821437631
wavePE_drop,2,5,60.677987211155646
wavePE_drop,2,5,52.197892642544524
wavePE_drop,2,5,63.87309473817773
wavePE_drop,2,5,60.13790420494539
wavePE_drop,2,5,38.42555740805124
wavePE_drop,2,5,42.110513433031564
wavePE_drop,2,5,55.814192371412666
wavePE_drop,2,5,58.44753602468229
wavePE_drop,2,5,55.5698745876438
wavePE_drop,2,5,56.818950273894565
wavePE_drop,2,5,60.067211787450944
wavePE_drop,2,5,61.44416987477711
wavePE_drop,2,5,54.55359768039686
wavePE_drop,2,5,60.523249506487126
wavePE_drop,2,5,55.21547386519261
wavePE_drop,2,5,51.77755820037115
wavePE_drop,2,5,59.18303709005425
wavePE_drop,2,5,57.34972177363927
wavePE_drop,2,5,53.736805273635035
wavePE_drop,2,5,61.235014541902224
wavePE_drop,2,5,56.1154605702793
wavePE_drop,2,5,50.11503151726872
wavePE_drop,2,5,60.2948673880169
wavePE_drop,2,5,55.57259118416874
wavePE_drop,2,5,42.59673987782138
wavePE_drop,2,5,48.9170702059004
wavePE_drop,2,5,59.968184227344345
wavePE_drop,2,5,59.82811386325132
wavePE_drop,2,5,58.05644660399211
wavePE_drop,2,5,65.11326382687119
wavePE_drop,2,5,62.209338698149004
wavePE_drop,2,5,51.88617227249447
wavePE_drop,2,5,63.701330087187856
wavePE_drop,2,5,61.811025990264106
wavePE_drop,2,5,34.76253917379213
wavePE_drop,2,5,48.257727710854915
wavePE_drop,2,5,57.69970053202058
wavePE_drop,2,5,58.452079347069684
wavePE_drop,2,5,45.13805849285511
wavePE_drop,2,5,36.50098365703
wavePE_drop,2,5,19.927460503858793
wavePE_drop,2,5,26.54400263620611
wavePE_drop,2,5,26.63013710224117
wavePE_drop,2,5,26.211395384671782
wavePE_drop,2,5,26.87273768277969
wavePE_drop,2,5,39.88192350273676
wavePE_drop,2,5,37.06296654358632
wavePE_drop,2,5,40.86276318794399
wavePE_drop,2,5,41.276600678843366
wavePE_drop,2,5,39.91628157235645
wavePE_drop,2,5,42.913414347278426
wavePE_drop,2,5,43.118680365331784
wavePE_drop,2,5,39.13688950763311
wavePE_drop,2,5,39.68649739145048
wavePE_drop,2,5,39.7445868675577
wavePE_drop,2,5,51.587009451532474
wavePE_drop,2,5,49.19825556063994
wavePE_drop,2,5,54.21853645681113
wavePE_drop,2,5,53.20295563448327
wavePE_drop,2,5,53.16546278052856
wavePE_drop,2,5,56.25571678211454
wavePE_drop,2,5,55.12859851266611
wavePE_drop,2,5,52.910342081143845
wavePE_drop,2,5,53.011254342292844
wavePE_drop,2,5,52.456520384466835
wavePE_drop,2,5,50.1085365987834
wavePE_drop,2,5,55.21519479899619
wavePE_drop,2,5,54.35169792703618
wavePE_drop,2,5,50.4618238006813
wavePE_drop,2,5,52.17922955122456
wavePE_drop,2,5,53.67090962686086
wavePE_drop,2,5,53.37887155003146
wavePE_drop,2,5,54.883548443123495
wavePE_drop,2,5,54.94582642201813
wavePE_drop,2,5,49.0629988470648
wavePE_drop,2,5,44.748609228776466
wavePE_drop,2,5,49.428766476008654
wavePE_drop,2,5,52.92353835993921
wavePE_drop,2,5,53.62001627474592
wavePE_drop,2,5,53.91399148777587
wavePE_drop,2,5,55.25857259768528
wavePE_drop,2,5,54.56881210307646
wavePE_drop,2,5,50.37408561561438
wavePE_drop,2,5,54.45402132670298
wavePE_drop,2,5,49.65668544546424
wavePE_drop,2,5,51.51289096908746
wavePE_drop,2,5,58.11486015660477
wavePE_drop,2,5,56.89674195714217
wavePE_drop,2,5,51.32042527118424
wavePE_drop,2,5,54.48956911304858
wavePE_drop,2,5,55.95562059582873
wavePE_drop,2,5,51.36682024433935
wavePE_drop,2,5,55.619390488521674
wavePE_drop,2,5,54.31474881546842
wavePE_drop,2,5,46.78383805275811
wavePE_drop,2,5,47.57611738954446
wavePE_drop,2,5,51.91930460919382
wavePE_drop,2,5,49.24811425849118
wavePE_drop,2,5,49.538717242451455
wavePE_drop,2,5,52.50535771098767
wavePE_drop,2,5,51.14214478867956
wavePE_drop,2,5,49.30094476767251
wavePE_drop,2,5,53.69308483498667
wavePE_drop,2,5,51.16038788836884
wavePE_drop,2,5,45.39352586526995
wavePE_drop,2,5,45.26814368392131
wavePE_drop,2,5,52.01317884941612
wavePE_drop,2,5,53.04850403135506
wavePE_drop,2,5,42.053941566247424
wavePE_drop,2,5,41.08598027894079
wavePE_drop,2,5,35.212427796493664
wavePE_drop,2,5,37.66088141614103
wavePE_drop,2,5,37.03128729981105
wavePE_drop,2,5,38.863621188891834
wavePE_drop,2,5,46.09093334370323
wavePE_drop,2,5,48.59764748308506
wavePE_drop,2,5,49.62470263193706
wavePE_drop,2,5,44.897470124234
wavePE_drop,2,5,45.16373523672261
wavePE_drop,2,5,40.667023505090974
wavePE_drop,2,5,46.79159593078724
wavePE_drop,2,5,54.91590581991945
wavePE_drop,2,5,53.28138109978097
wavePE_drop,2,5,50.57488795926274
wavePE_drop,2,5,52.84707716893338
wavePE_drop,2,5,49.82636972755263
wavePE_drop,2,5,48.698347091556954
wavePE_drop,2,5,50.86316091006859
wavePE_drop,2,5,50.239727534571436
wavePE_drop,2,5,45.155987322545776
wavePE_drop,2,5,52.02366087789584
wavePE_drop,2,5,63.86003990411343
wavePE_drop,2,5,62.71310159657481
wavePE_drop,2,5,60.369684131825274
wavePE_drop,2,5,64.8948411748565
wavePE_drop,2,5,62.26825528022736
wavePE_drop,2,5,61.45760909837188
wavePE_drop,2,5,65.92475958876513
wavePE_drop,2,5,65.1684711134001
wavePE_drop,2,5,46.99234419517236
wavePE_drop,2,5,49.53257139381163
wavePE_drop,2,5,56.970186134669895
wavePE_drop,2,5,59.98980713398407
wavePE_drop,2,5,54.908320144734226
wavePE_drop,2,5,44.505633503096156
wavePE_drop,2,5,39.482648853417736
wavePE_drop,2,5,56.9987932110818
wavePE_drop,2,5,50.77276734855986
wavePE_drop,2,5,60.91758537823177
wavePE_drop,2,5,61.81420631367053
wavePE_drop,2,5,58.119713250385246
wavePE_drop,2,5,60.372804395071945
wavePE_drop,2,5,64.84561343221701
wavePE_drop,2,5,63.307470931092844
wavePE_drop,2,5,48.197520739310356
wavePE_drop,2,5,52.84428905814692
wavePE_drop,2,5,58.50509536938237
wavePE_drop,2,5,59.07761731677682
wavePE_drop,2,5,54.552837448501
wavePE_drop,2,5,44.420896179414044
wavePE_drop,2,5,47.92566229588588
wavePE_drop,2,5,55.61790373169139
wavePE_drop,2,5,58.51411821120966
wavePE_drop,2,5,51.72545755998957
wavePE_drop,2,5,44.51988325711374
wavePE_drop,2,5,31.73984566587548
wavePE_drop,2,6,15.784889219449244
wavePE_drop,2,6,18.8618089837737
wavePE_drop,2,6,19.88586192384687
wavePE_drop,2,6,18.46530079142243
wavePE_drop,2,6,19.66404153882007
wavePE_drop,2,6,27.514736952699625
wavePE_drop,2,6,28.745611998634214
wavePE_drop,2,6,27.238531533297003
wavePE_drop,2,6,29.292488950251375
wavePE_drop,2,6,29.578451882005016
wavePE_drop,2,6,27.820150650293794
wavePE_drop,2,6,30.532742508694277
wavePE_drop,2,6,27.49930857565509
wavePE_drop,2,6,30.670372308546455
wavePE_drop,2,6,20.498089253305434
wavePE_drop,2,6,37.91160399702408
wavePE_drop,2,6,37.67178841055166
wavePE_drop,2,6,39.67368703447027
wavePE_drop,2,6,37.38514039561541
wavePE_drop,2,6,40.24938994404954
wavePE_drop,2,6,36.96603840578199
wavePE_drop,2,6,40.26153325145698
wavePE_drop,2,6,37.21050299404204
wavePE_drop,2,6,39.03726021641286
wavePE_drop,2,6,31.158732130522022
wavePE_drop,2,6,35.042857489856765
wavePE_drop,2,6,39.18971777205903
wavePE_drop,2,6,36.41807503759727
wavePE_drop,2,6,37.68883549873342
wavePE_drop,2,6,36.72859502085651
wavePE_drop,2,6,28.589689867720413
wavePE_drop,2,6,35.78646502071678
wavePE_drop,2,6,37.99271285618266
wavePE_drop,2,6,25.539352837592055
wavePE_drop,2,6,25.10173928199956
wavePE_drop,2,6,28.26723656575158
wavePE_drop,2,6,33.35076059641629
wavePE_drop,2,6,31.8529214487589
wavePE_drop,2,6,33.134485603305414
wavePE_drop,2,6,36.13782521546728
wavePE_drop,2,6,36.535253387156466
wavePE_drop,2,6,32.06193813666773
wavePE_drop,2,6,32.53179435048027
wavePE_drop,2,6,32.765050016517485
wavePE_drop,2,6,23.160965486406173
wavePE_drop,2,6,30.221833335649134
wavePE_drop,2,6,35.62912004908586
wavePE_drop,2,6,31.49249371654944
wavePE_drop,2,6,31.220934945948375
wavePE_drop,2,6,34.445290948766846
wavePE_drop,2,6,24.943109401383943
wavePE_drop,2,6,29.853446585115282
wavePE_drop,2,6,33.04793740814763
wavePE_drop,2,6,20.416391099243036
wavePE_drop,2,6,23.95640463868217
wavePE_drop,2,6,31.902656734474867
wavePE_drop,2,6,32.705528035831904
wavePE_drop,2,6,33.40910563078359
wavePE_drop,2,6,34.03343914116713
wavePE_drop,2,6,35.562708401516424
wavePE_drop,2,6,29.522832839851226
wavePE_drop,2,6,31.657186603141884
wavePE_drop,2,6,36.98649500985085
wavePE_drop,2,6,24.97180391653487
wavePE_drop,2,6,24.061330673125326
wavePE_drop,2,6,28.990102052745293
wavePE_drop,2,6,30.45599442544216
wavePE_drop,2,6,23.808957393870315
wavePE_drop,2,6,24.107618748835666
wavePE_drop,2,6,20.024140549622263
wavePE_drop,2,6,30.056578925056662
wavePE_drop,2,6,30.418747413801476
wavePE_drop,2,6,31.117585656806067
wavePE_drop,2,6,31.4440638596234
wavePE_drop,2,6,41.9540149469956
wavePE_drop,2,6,43.37356016576879
wavePE_drop,2,6,44.70131974120593
wavePE_drop,2,6,38.68520312122189
wavePE_drop,2,6,40.54678849190933
wavePE_drop,2,6,34.59813886349319
wavePE_drop,2,6,42.04282186127166
wavePE_drop,2,6,48.62717358787881
wavePE_drop,2,6,47.06397006281374
wavePE_drop,2,6,45.20077895595837
wavePE_drop,2,6,49.41633956400358
wavePE_drop,2,6,46.41902825353186
wavePE_drop,2,6,39.34389031103476
wavePE_drop,2,6,46.932452459373145
wavePE_drop,2,6,45.098989305967585
wavePE_drop,2,6,30.420108488857984
wavePE_drop,2,6,46.496140946514465
wavePE_drop,2,6,57.52566475478219
wavePE_drop,2,6,57.116406752717026
wavePE_drop,2,6,53.27082777745881
wavePE_drop,2,6,59.26937998772116
wavePE_drop,2,6,59.300732409350836
wavePE_drop,2,6,50.0542233280429
wavePE_drop,2,6,62.06108902117361
wavePE_drop,2,6,59.48755597241744
wavePE_drop,2,6,30.48848766718908
wavePE_drop,2,6,43.30713382639757
wavePE_drop,2,6,51.39867838393382
wavePE_drop,2,6,54.743571473048384
wavePE_drop,2,6,42.48953394741559
wavePE_drop,2,6,33.265167514554236
wavePE_drop,2,6,31.150486692029943
wavePE_drop,2,6,44.10587467030241
wavePE_drop,2,6,39.25598405685564
wavePE_drop,2,6,52.31919805107878
wavePE_drop,2,6,54.59179297393594
wavePE_drop,2,6,49.87114226969539
wavePE_drop,2,6,47.69656041222246
wavePE_drop,2,6,58.29502073990222
wavePE_drop,2,6,55.30396854445973
wavePE_drop,2,6,31.470776223321106
wavePE_drop,2,6,43.317101140363555
wavePE_drop,2,6,52.132932001832614
wavePE_drop,2,6,52.25539615343599
wavePE_drop,2,6,43.08723791441287
wavePE_drop,2,6,34.04415845961391
wavePE_drop,2,6,41.39161438802459
wavePE_drop,2,6,47.429021880904166
wavePE_drop,2,6,53.2941858149721
wavePE_drop,2,6,40.423240429409255
wavePE_drop,2,6,31.32123643346296
wavePE_drop,2,6,27.89089963192352
wavePE_drop,2,6,17.3428496464926
wavePE_drop,2,6,17.53510324687947
wavePE_drop,2,6,19.343688982278618
wavePE_drop,2,6,19.39762227138591
wavePE_drop,2,6,25.441191707998286
wavePE_drop,2,6,25.809966259519225
wavePE_drop,2,6,25.324119773823462
wavePE_drop,2,6,24.588238318670783
wavePE_drop,2,6,25.75901047183246
wavePE_drop,2,6,25.82440638732434
wavePE_drop,2,6,33.67285406675295
wavePE_drop,2,6,39.115961948921
wavePE_drop,2,6,37.85928288383135
wavePE_drop,2,6,33.8077784067812
wavePE_drop,2,6,35.74406349547973
wavePE_drop,2,6,36.93126344449222
wavePE_drop,2,6,36.27328029411148
wavePE_drop,2,6,39.76111876603026
wavePE_drop,2,6,38.712304212072006
wavePE_drop,2,6,33.35344611299079
wavePE_drop,2,6,45.15957147276456
wavePE_drop,2,6,50.109480502509165
wavePE_drop,2,6,47.68955898251247
wavePE_drop,2,6,47.21799001743835
wavePE_drop,2,6,48.53211007673615
wavePE_drop,2,6,48.49045423691981
wavePE_drop,2,6,50.376219719884425
wavePE_drop,2,6,52.78421110144542
wavePE_drop,2,6,52.39459963654326
wavePE_drop,2,6,39.87163325657233
wavePE_drop,2,6,43.53345914186408
wavePE_drop,2,6,47.443453158036206
wavePE_drop,2,6,50.967741366526916
wavePE_drop,2,6,42.09865524514661
wavePE_drop,2,6,40.831444522845764
wavePE_drop,2,6,35.15118982360972
wavePE_drop,2,6,46.42015269777347
wavePE_drop,2,6,41.686855414794174
wavePE_drop,2,6,45.397321656086646
wavePE_drop,2,6,48.001371937252365
wavePE_drop,2,6,45.8040297615776
wavePE_drop,2,6,47.86826248715987
wavePE_drop,2,6,52.332759212339546
wavePE_drop,2,6,47.0018125226995
wavePE_drop,2,6,44.074282415409236
wavePE_drop,2,6,44.65798044757006
wavePE_drop,2,6,49.13946566861568
wavePE_drop,2,6,52.21632066835044
wavePE_drop,2,6,42.05679791858038
wavePE_drop,2,6,37.10309898600491
wavePE_drop,2,6,39.57428651395594
wavePE_drop,2,6,43.53791227628075
wavePE_drop,2,6,42.87135485022782
wavePE_drop,2,6,38.618689848841555
wavePE_drop,2,6,36.368149047215425
wavePE_drop,2,6,26.19897336118392
wavePE_drop,2,6,30.947625751998093
wavePE_drop,2,6,33.62777873240942
wavePE_drop,2,6,34.47811696820474
wavePE_drop,2,6,35.208883933631405
wavePE_drop,2,6,37.31320677537509
wavePE_drop,2,6,29.92949858457067
wavePE_drop,2,6,42.999910474908
wavePE_drop,2,6,44.5779534069297
wavePE_drop,2,6,40.104228382189795
wavePE_drop,2,6,29.33668423877838
wavePE_drop,2,6,39.17914166549063
wavePE_drop,2,6,46.1668562868275
wavePE_drop,2,6,44.70291622853732
wavePE_drop,2,6,40.64814531135013
wavePE_drop,2,6,39.505785275413835
wavePE_drop,2,6,45.68603253524979
wavePE_drop,2,6,51.46463646127797
wavePE_drop,2,6,54.68240429210558
wavePE_drop,2,6,49.257426336384356
wavePE_drop,2,6,42.92595105255505
wavePE_drop,2,6,30.390418826980703
wavePE_drop,2,6,35.658337973516375
wavePE_drop,2,6,39.31058635693238
wavePE_drop,2,6,48.015428049144305
wavePE_drop,2,6,42.443061376864854
wavePE_drop,2,6,45.31882340728562
wavePE_drop,2,6,29.939851644208833
wavePE_drop,2,6,27.289798594512806
learnedPE_nodrop,3,0,69.33962076489212
learnedPE_nodrop,3,1,63.64850397610065
learnedPE_nodrop,3,1,21.186583902042905
learnedPE_nodrop,3,1,56.55090327427295
learnedPE_nodrop,3,1,57.17921377446401
learnedPE_nodrop,3,1,60.625104953993585
learnedPE_nodrop,3,1,68.1216073357207
learnedPE_nodrop,3,1,62.11125368834444
learnedPE_nodrop,3,1,68.22409404817391
learnedPE_nodrop,3,1,67.61685354014729
learnedPE_nodrop,3,1,68.99319095718526
learnedPE_nodrop,3,2,20.944000331013427
learnedPE_nodrop,3,2,50.35673736799542
learnedPE_nodrop,3,2,50.33554923755383
learnedPE_nodrop,3,2,55.88284896105661
learnedPE_nodrop,3,2,60.962385877403335
learnedPE_nodrop,3,2,56.70015465407704
learnedPE_nodrop,3,2,65.26685190789232
learnedPE_nodrop,3,2,62.294012261542605
learnedPE_nodrop,3,2,63.35100499808164
learnedPE_nodrop,3,2,20.98149158296315
learnedPE_nodrop,3,2,19.15953868821606
learnedPE_nodrop,3,2,23.76457897782459
learnedPE_nodrop,3,2,21.170803261300193
learnedPE_nodrop,3,2,20.858357351037277
learnedPE_nodrop,3,2,22.50138230785907
learnedPE_nodrop,3,2,20.68841846899402
learnedPE_nodrop,3,2,21.323971686925265
learnedPE_nodrop,3,2,27.64356330193232
learnedPE_nodrop,3,2,52.207668895314804
learnedPE_nodrop,3,2,59.136609620790175
learnedPE_nodrop,3,2,54.28780788454805
learnedPE_nodrop,3,2,58.00903899745155
learnedPE_nodrop,3,2,56.74506902966629
learnedPE_nodrop,3,2,59.75358832930338
learnedPE_nodrop,3,2,49.82671478150129
learnedPE_nodrop,3,2,57.185101058953414
learnedPE_nodrop,3,2,53.87488366214668
learnedPE_nodrop,3,2,60.409859732427556
learnedPE_nodrop,3,2,57.82255205582976
learnedPE_nodrop,3,2,60.00154446646169
learnedPE_nodrop,3,2,57.16694463964929
learnedPE_nodrop,3,2,52.912626975198314
learnedPE_nodrop,3,2,59.070805992618844
learnedPE_nodrop,3,2,57.11260939264703
learnedPE_nodrop,3,2,61.361362401669226
learnedPE_nodrop,3,2,57.51028370848835
learnedPE_nodrop,3,2,62.708678995067785
learnedPE_nodrop,3,2,62.49804393163926
learnedPE_nodrop,3,2,64.3714319653129
learnedPE_nodrop,3,2,60.334899524364765
learnedPE_nodrop,3,2,61.15314626813672
learnedPE_nodrop,3,2,62.291122480625994
learnedPE_nodrop,3,2,61.57451279669972
learnedPE_nodrop,3,2,65.95143067113895
learnedPE_nodrop,3,2,63.2109391530141
learnedPE_nodrop,3,3,19.834579006691254
learnedPE_nodrop,3,3,16.306530793114014
learnedPE_nodrop,3,3,22.12580713300252
learnedPE_nodrop,3,3,19.506403450746923
learnedPE_nodrop,3,3,19.590288271780135
learnedPE_nodrop,3,3,20.94835600228442
learnedPE_nodrop,3,3,19.160372545016966
learnedPE_nodrop,3,3,19.88386361120281
learnedPE_nodrop,3,3,24.94003879650498
learnedPE_nodrop,3,3,48.94045428895038
learnedPE_nodrop,3,3,51.853111270801364
learnedPE_nodrop,3,3,47.459995175818285
learnedPE_nodrop,3,3,54.57939250708301
learnedPE_nodrop,3,3,51.16881394731353
learnedPE_nodrop,3,3,53.148028159938555
learnedPE_nodrop,3,3,42.7901641171891
learnedPE_nodrop,3,3,51.598532748803756
learnedPE_nodrop,3,3,44.323862599684766
learnedPE_nodrop,3,3,53.822752452450416
learnedPE_nodrop,3,3,50.910373589894
learnedPE_nodrop,3,3,53.44349426512358
learnedPE_nodrop,3,3,50.76737548715316
learnedPE_nodrop,3,3,46.57398509958897
learnedPE_nodrop,3,3,55.745034735938056
learnedPE_nodrop,3,3,53.74404619559041
learnedPE_nodrop,3,3,56.561364203673335
learnedPE_nodrop,3,3,49.44032888378107
learnedPE_nodrop,3,3,56.892591986988286
learnedPE_nodrop,3,3,54.56899896113179
learnedPE_nodrop,3,3,55.60717137568321
learnedPE_nodrop,3,3,57.96205253433056
learnedPE_nodrop,3,3,57.198092606933564
learnedPE_nodrop,3,3,57.68606566776737
learnedPE_nodrop,3,3,59.21348350552686
learnedPE_nodrop,3,3,62.72041430083937
learnedPE_nodrop,3,3,58.096795847253546
learnedPE_nodrop,3,3,15.277968572911272
learnedPE_nodrop,3,3,20.742025328892954
learnedPE_nodrop,3,3,19.22549755326961
learnedPE_nodrop,3,3,21.383193139448107
learnedPE_nodrop,3,3,22.2668272899548
learnedPE_nodrop,3,3,20.834151917455955
learnedPE_nodrop,3,3,20.890975358983923
learnedPE_nodrop,3,3,19.87653855014529
learnedPE_nodrop,3,3,18.550636695746526
learnedPE_nodrop,3,3,19.433889197506854
learnedPE_nodrop,3,3,19.857571108664384
learnedPE_nodrop,3,3,18.937292805695176
learnedPE_nodrop,3,3,19.337000398707858
learnedPE_nodrop,3,3,18.12867322737923
learnedPE_nodrop,3,3,19.32074547709496
learnedPE_nodrop,3,3,23.747659047251776
learnedPE_nodrop,3,3,19.788691586271167
learnedPE_nodrop,3,3,24.145787432851794
learnedPE_nodrop,3,3,19.154711349918625
learnedPE_nodrop,3,3,19.986344237092435
learnedPE_nodrop,3,3,18.994666769257538
learnedPE_nodrop,3,3,19.22506468507059
learnedPE_nodrop,3,3,21.74047027893521
learnedPE_nodrop,3,3,19.824619606874823
learnedPE_nodrop,3,3,20.079699384392363
learnedPE_nodrop,3,3,21.71840212096905
learnedPE_nodrop,3,3,21.608819233733307
learnedPE_nodrop,3,3,19.187200963214867
learnedPE_nodrop,3,3,23.025929676200068
learnedPE_nodrop,3,3,24.893273095778152
learnedPE_nodrop,3,3,26.557415722971236
learnedPE_nodrop,3,3,27.59750465784928
learnedPE_nodrop,3,3,26.834806599520025
learnedPE_nodrop,3,3,27.40815339904462
learnedPE_nodrop,3,3,53.86025204696561
learnedPE_nodrop,3,3,48.411826863970774
learnedPE_nodrop,3,3,53.94436749440127
learnedPE_nodrop,3,3,53.15522455237048
learnedPE_nodrop,3,3,54.50931265526806
learnedPE_nodrop,3,3,53.09726844755073
learnedPE_nodrop,3,3,57.88786658959566
learnedPE_nodrop,3,3,55.528189114229164
learnedPE_nodrop,3,3,59.37760576919114
learnedPE_nodrop,3,3,55.97429795100932
learnedPE_nodrop,3,3,54.69427634844777
learnedPE_nodrop,3,3,56.943146520101244
learnedPE_nodrop,3,3,54.640742557337646
learnedPE_nodrop,3,3,59.966878009276115
learnedPE_nodrop,3,3,56.125735325884605
learnedPE_nodrop,3,3,46.70418434799576
learnedPE_nodrop,3,3,46.77413906882757
learnedPE_nodrop,3,3,50.01334173598905
learnedPE_nodrop,3,3,47.91171225869506
learnedPE_nodrop,3,3,53.90016341422047
learnedPE_nodrop,3,3,54.248966239320524
learnedPE_nodrop,3,3,57.88979554348686
learnedPE_nodrop,3,3,57.43477675550265
learnedPE_nodrop,3,3,60.54043884115244
learnedPE_nodrop,3,3,55.0260705970636
learnedPE_nodrop,3,3,54.61917562895617
learnedPE_nodrop,3,3,56.731079841856754
learnedPE_nodrop,3,3,56.10424679734796
learnedPE_nodrop,3,3,60.25279174087069
learnedPE_nodrop,3,3,58.41200850973389
learnedPE_nodrop,3,3,46.68430261429309
learnedPE_nodrop,3,3,52.00081658944515
learnedPE_nodrop,3,3,50.71020619326089
learnedPE_nodrop,3,3,53.66377231468225
learnedPE_nodrop,3,3,51.4794672652187
learnedPE_nodrop,3,3,49.919582195528584
learnedPE_nodrop,3,3,53.81480244727469
learnedPE_nodrop,3,3,53.313384819283705
learnedPE_nodrop,3,3,58.52454044317729
learnedPE_nodrop,3,3,55.60653641144046
learnedPE_nodrop,3,3,51.75021420641342
learnedPE_nodrop,3,3,52.463029151701654
learnedPE_nodrop,3,3,52.46124640728736
learnedPE_nodrop,3,3,52.37748439057798
learnedPE_nodrop,3,3,55.381298801736406
learnedPE_nodrop,3,3,53.101766611280006
learnedPE_nodrop,3,3,52.86934924559906
learnedPE_nodrop,3,3,58.454321538817
learnedPE_nodrop,3,3,57.810035193341356
learnedPE_nodrop,3,3,55.11890651252302
learnedPE_nodrop,3,4,9.787829075909555
learnedPE_nodrop,3,4,21.649831497516306
learnedPE_nodrop,3,4,18.148901477858676
learnedPE_nodrop,3,4,19.352279376372316
learnedPE_nodrop,3,4,20.464349047853293
learnedPE_nodrop,3,4,19.11328480908129
learnedPE_nodrop,3,4,20.352377674619216
learnedPE_nodrop,3,4,18.431951828993427
learnedPE_nodrop,3,4,16.366189324342894
learnedPE_nodrop,3,4,16.896076468622066
learnedPE_nodrop,3,4,17.514683512585478
learnedPE_nodrop,3,4,17.165155869015187
learnedPE_nodrop,3,4,17.833028845474846
learnedPE_nodrop,3,4,15.053383141324655
learnedPE_nodrop,3,4,18.89391771048216
learnedPE_nodrop,3,4,21.951557754758586
learnedPE_nodrop,3,4,17.66659145085857
learnedPE_nodrop,3,4,20.344380984310188
learnedPE_nodrop,3,4,16.214813992024393
learnedPE_nodrop,3,4,17.9925967191895
learnedPE_nodrop,3,4,16.538881861504812
learnedPE_nodrop,3,4,17.251571200652283
learnedPE_nodrop,3,4,19.3205754583328
learnedPE_nodrop,3,4,18.41066482375405
learnedPE_nodrop,3,4,18.494976522135154
learnedPE_nodrop,3,4,18.978564759823
learnedPE_nodrop,3,4,19.49548352640111
learnedPE_nodrop,3,4,15.957885491120722
learnedPE_nodrop,3,4,19.652938961301917
learnedPE_nodrop,3,4,24.582482533984074
learnedPE_nodrop,3,4,23.81643150108274
learnedPE_nodrop,3,4,25.89490280919557
learnedPE_nodrop,3,4,25.079118731918904
learnedPE_nodrop,3,4,25.40093043412386
learnedPE_nodrop,3,4,48.44181122290932
learnedPE_nodrop,3,4,42.178984738244786
learnedPE_nodrop,3,4,50.09150535263613
learnedPE_nodrop,3,4,48.06968451982657
learnedPE_nodrop,3,4,51.06531258197018
learnedPE_nodrop,3,4,45.680634732255946
learnedPE_nodrop,3,4,53.15894989963299
learnedPE_nodrop,3,4,50.653954099020545
learnedPE_nodrop,3,4,51.89841702469302
learnedPE_nodrop,3,4,50.51836314769289
learnedPE_nodrop,3,4,49.46437634349121
learnedPE_nodrop,3,4,51.136035549394585
learnedPE_nodrop,3,4,53.26345818369403
learnedPE_nodrop,3,4,56.56616969494207
learnedPE_nodrop,3,4,51.48152787409516
learnedPE_nodrop,3,4,41.00875805968105
learnedPE_nodrop,3,4,34.95339293776366
learnedPE_nodrop,3,4,44.72397108380239
learnedPE_nodrop,3,4,42.7076853177359
learnedPE_nodrop,3,4,47.380637205524685
learnedPE_nodrop,3,4,44.32875082490362
learnedPE_nodrop,3,4,52.82315661117808
learnedPE_nodrop,3,4,51.83787030193572
learnedPE_nodrop,3,4,53.940542655692866
learnedPE_nodrop,3,4,48.11296079897521
learnedPE_nodrop,3,4,45.20321732094415
learnedPE_nodrop,3,4,47.87778940130216
learnedPE_nodrop,3,4,50.91378956126313
learnedPE_nodrop,3,4,54.221716945315485
learnedPE_nodrop,3,4,53.297600511938185
learnedPE_nodrop,3,4,38.7718080852167
learnedPE_nodrop,3,4,47.022648827788885
learnedPE_nodrop,3,4,45.05727139337404
learnedPE_nodrop,3,4,46.87779759136037
learnedPE_nodrop,3,4,47.51737376666641
learnedPE_nodrop,3,4,44.92527848425374
learnedPE_nodrop,3,4,48.4720642523164
learnedPE_nodrop,3,4,51.912775747543584
learnedPE_nodrop,3,4,56.031159163910615
learnedPE_nodrop,3,4,52.012774037709455
learnedPE_nodrop,3,4,43.80300710297858
learnedPE_nodrop,3,4,44.21574474688422
learnedPE_nodrop,3,4,44.14749741594573
learnedPE_nodrop,3,4,44.30433276804795
learnedPE_nodrop,3,4,47.057667290100824
learnedPE_nodrop,3,4,46.042544623681245
learnedPE_nodrop,3,4,51.17369054491256
learnedPE_nodrop,3,4,56.40254791753294
learnedPE_nodrop,3,4,51.74203116209113
learnedPE_nodrop,3,4,50.331649995923996
learnedPE_nodrop,3,4,13.095938874543904
learnedPE_nodrop,3,4,14.992134240720265
learnedPE_nodrop,3,4,15.878932923512938
learnedPE_nodrop,3,4,15.64157541484062
learnedPE_nodrop,3,4,15.576322803069228
learnedPE_nodrop,3,4,15.273961292822147
learnedPE_nodrop,3,4,19.364830406288437
learnedPE_nodrop,3,4,18.23280098025484
learnedPE_nodrop,3,4,22.06224206309521
learnedPE_nodrop,3,4,19.88398098894699
learnedPE_nodrop,3,4,22.218256730181526
learnedPE_nodrop,3,4,18.481977800121577
learnedPE_nodrop,3,4,20.21907372247877
learnedPE_nodrop,3,4,18.883885201111447
learnedPE_nodrop,3,4,19.639731004975193
learnedPE_nodrop,3,4,21.59351430987976
learnedPE_nodrop,3,4,20.59429095512812
learnedPE_nodrop,3,4,21.741592554301246
learnedPE_nodrop,3,4,22.221221184677212
learnedPE_nodrop,3,4,21.14686413096584
learnedPE_nodrop,3,4,19.303878936557748
learnedPE_nodrop,3,4,17.235510150972267
learnedPE_nodrop,3,4,19.40754783793144
learnedPE_nodrop,3,4,20.956038206347735
learnedPE_nodrop,3,4,18.59079180138558
learnedPE_nodrop,3,4,20.95668617305831
learnedPE_nodrop,3,4,17.844370931458368
learnedPE_nodrop,3,4,19.039702722020177
learnedPE_nodrop,3,4,17.951248144971988
learnedPE_nodrop,3,4,18.760187911779962
learnedPE_nodrop,3,4,20.372021629331332
learnedPE_nodrop,3,4,19.4612579256255
learnedPE_nodrop,3,4,19.220818827183876
learnedPE_nodrop,3,4,19.118275327559836
learnedPE_nodrop,3,4,19.511413349802517
learnedPE_nodrop,3,4,18.77719094731299
learnedPE_nodrop,3,4,14.909080703292643
learnedPE_nodrop,3,4,17.806002661809128
learnedPE_nodrop,3,4,14.954794558199707
learnedPE_nodrop,3,4,16.506166183993972
learnedPE_nodrop,3,4,20.744071449268123
learnedPE_nodrop,3,4,19.32147803138808
learnedPE_nodrop,3,4,20.743135045314837
learnedPE_nodrop,3,4,19.840004822704014
learnedPE_nodrop,3,4,24.079293110861403
learnedPE_nodrop,3,4,16.804170484959055
learnedPE_nodrop,3,4,18.10418403224499
learnedPE_nodrop,3,4,16.59973332082538
learnedPE_nodrop,3,4,16.781807267453598
learnedPE_nodrop,3,4,17.81503209694476
learnedPE_nodrop,3,4,17.309837223448312
learnedPE_nodrop,3,4,15.721089148168058
learnedPE_nodrop,3,4,21.47730858702561
learnedPE_nodrop,3,4,21.280596631908384
learnedPE_nodrop,3,4,18.437910462822778
learnedPE_nodrop,3,4,19.08411851852822
learnedPE_nodrop,3,4,20.929948226858635
learnedPE_nodrop,3,4,22.00612699475377
learnedPE_nodrop,3,4,22.401691017966193
learnedPE_nodrop,3,4,22.146848101140886
learnedPE_nodrop,3,4,22.06073093458656
learnedPE_nodrop,3,4,23.56805075411765
learnedPE_nodrop,3,4,27.230684454417958
learnedPE_nodrop,3,4,23.7930146415088
learnedPE_nodrop,3,4,26.39464348751715
learnedPE_nodrop,3,4,26.923900520330083
learnedPE_nodrop,3,4,24.30426983055381
learnedPE_nodrop,3,4,26.467759146002063
learnedPE_nodrop,3,4,25.90793016883277
learnedPE_nodrop,3,4,28.058561177431788
learnedPE_nodrop,3,4,25.55592306767182
learnedPE_nodrop,3,4,46.7410891628303
learnedPE_nodrop,3,4,52.762365110094876
learnedPE_nodrop,3,4,49.26230169957644
learnedPE_nodrop,3,4,54.028902953850384
learnedPE_nodrop,3,4,48.86607831323988
learnedPE_nodrop,3,4,48.78587114949119
learnedPE_nodrop,3,4,50.19825403955229
learnedPE_nodrop,3,4,49.483191480879135
learnedPE_nodrop,3,4,54.43706559121433
learnedPE_nodrop,3,4,53.32909180656754
learnedPE_nodrop,3,4,50.034678005516355
learnedPE_nodrop,3,4,49.15615765787066
learnedPE_nodrop,3,4,51.657781668702064
learnedPE_nodrop,3,4,49.37533062292416
learnedPE_nodrop,3,4,54.644545745538856
learnedPE_nodrop,3,4,50.34750462484437
learnedPE_nodrop,3,4,49.56196141330592
learnedPE_nodrop,3,4,56.09677238432209
learnedPE_nodrop,3,4,52.67163662634011
learnedPE_nodrop,3,4,49.97095759031703
learnedPE_nodrop,3,4,43.15226218383541
learnedPE_nodrop,3,4,45.15199530701435
learnedPE_nodrop,3,4,42.7202289721318
learnedPE_nodrop,3,4,49.80251637655454
learnedPE_nodrop,3,4,46.68902878258318
learnedPE_nodrop,3,4,46.16279182066881
learnedPE_nodrop,3,4,49.80263820911669
learnedPE_nodrop,3,4,44.18471096633068
learnedPE_nodrop,3,4,51.79707953265118
learnedPE_nodrop,3,4,47.99621329165024
learnedPE_nodrop,3,4,50.34635073763775
learnedPE_nodrop,3,4,49.253594731390464
learnedPE_nodrop,3,4,54.03609731217223
learnedPE_nodrop,3,4,48.2504442864891
learnedPE_nodrop,3,4,54.91564382914947
learnedPE_nodrop,3,4,53.37484472891441
learnedPE_nodrop,3,4,49.433911205454514
learnedPE_nodrop,3,4,56.40776996796527
learnedPE_nodrop,3,4,54.784257815923056
learnedPE_nodrop,3,4,50.43796723639406
learnedPE_nodrop,3,4,40.79897574130185
learnedPE_nodrop,3,4,40.7636969993568
learnedPE_nodrop,3,4,42.655044363780625
learnedPE_nodrop,3,4,42.9244126758076
learnedPE_nodrop,3,4,46.00802577990224
learnedPE_nodrop,3,4,44.943349899721326
learnedPE_nodrop,3,4,45.21064067043057
learnedPE_nodrop,3,4,50.54597270606015
learnedPE_nodrop,3,4,49.61834329871374
learnedPE_nodrop,3,4,49.03379772727754
learnedPE_nodrop,3,4,40.07932468794697
learnedPE_nodrop,3,4,44.00030606578
learnedPE_nodrop,3,4,43.686145553341866
learnedPE_nodrop,3,4,42.97176787536364
learnedPE_nodrop,3,4,47.82722711228926
learnedPE_nodrop,3,5,6.775586370941538
learnedPE_nodrop,3,5,9.528195844994068
learnedPE_nodrop,3,5,9.78610323929064
learnedPE_nodrop,3,5,10.012439518702418
learnedPE_nodrop,3,5,10.11614781089482
learnedPE_nodrop,3,5,10.317092724895957
learnedPE_nodrop,3,5,16.107878204166546
learnedPE_nodrop,3,5,16.66260819099748
learnedPE_nodrop,3,5,21.664239202022436
learnedPE_nodrop,3,5,17.354967828666513
learnedPE_nodrop,3,5,20.188732035342873
learnedPE_nodrop,3,5,16.469123426735955
learnedPE_nodrop,3,5,18.61526894522689
learnedPE_nodrop,3,5,16.702269381850403
learnedPE_nodrop,3,5,17.720743091190403
learnedPE_nodrop,3,5,20.525471054111346
learnedPE_nodrop,3,5,17.731274323104817
learnedPE_nodrop,3,5,19.07396293875141
learnedPE_nodrop,3,5,19.443296634626652
learnedPE_nodrop,3,5,19.63857797782421
learnedPE_nodrop,3,5,17.567477609067684
learnedPE_nodrop,3,5,17.57323150461405
learnedPE_nodrop,3,5,14.643146307817892
learnedPE_nodrop,3,5,20.955767521886134
learnedPE_nodrop,3,5,17.67089755617922
learnedPE_nodrop,3,5,20.60159373522839
learnedPE_nodrop,3,5,16.882233966923327
learnedPE_nodrop,3,5,16.82831310269829
learnedPE_nodrop,3,5,17.320699116890147
learnedPE_nodrop,3,5,16.946963567777164
learnedPE_nodrop,3,5,18.221519289583927
learnedPE_nodrop,3,5,18.069687852878015
learnedPE_nodrop,3,5,18.136888556683154
learnedPE_nodrop,3,5,17.87729915958104
learnedPE_nodrop,3,5,18.18821129748779
learnedPE_nodrop,3,5,17.7357273815008
learnedPE_nodrop,3,5,11.132764914223012
learnedPE_nodrop,3,5,14.553246849558823
learnedPE_nodrop,3,5,13.130986934224937
learnedPE_nodrop,3,5,13.448656394497505
learnedPE_nodrop,3,5,19.083053385547775
learnedPE_nodrop,3,5,16.23609714472838
learnedPE_nodrop,3,5,18.97275652641176
learnedPE_nodrop,3,5,17.549238249799284
learnedPE_nodrop,3,5,18.819121596903294
learnedPE_nodrop,3,5,14.222583810491967
learnedPE_nodrop,3,5,14.38607908110663
learnedPE_nodrop,3,5,12.827829769077388
learnedPE_nodrop,3,5,13.218783203373233
learnedPE_nodrop,3,5,14.562879840424616
learnedPE_nodrop,3,5,14.15415991347508
learnedPE_nodrop,3,5,12.539448581039304
learnedPE_nodrop,3,5,17.829136458881973
learnedPE_nodrop,3,5,18.470208475076202
learnedPE_nodrop,3,5,15.074190306035224
learnedPE_nodrop,3,5,15.044287450332693
learnedPE_nodrop,3,5,16.776079094673058
learnedPE_nodrop,3,5,15.134418781497098
learnedPE_nodrop,3,5,20.09454806720377
learnedPE_nodrop,3,5,18.635922252759197
learnedPE_nodrop,3,5,20.185890385186905
learnedPE_nodrop,3,5,22.267177133015657
learnedPE_nodrop,3,5,26.189749674320492
learnedPE_nodrop,3,5,23.415035042168903
learnedPE_nodrop,3,5,25.59358475885671
learnedPE_nodrop,3,5,25.2179320061984
learnedPE_nodrop,3,5,23.4236482292364
learnedPE_nodrop,3,5,23.750836116360084
learnedPE_nodrop,3,5,24.947166911871854
learnedPE_nodrop,3,5,25.633454070997463
learnedPE_nodrop,3,5,24.00893233193209
learnedPE_nodrop,3,5,39.50036411071955
learnedPE_nodrop,3,5,47.55100731187563
learnedPE_nodrop,3,5,43.673083109965106
learnedPE_nodrop,3,5,48.427760554635086
learnedPE_nodrop,3,5,44.05400469457179
learnedPE_nodrop,3,5,42.687061010624916
learnedPE_nodrop,3,5,45.42828075644518
learnedPE_nodrop,3,5,48.391138365028475
learnedPE_nodrop,3,5,52.28379699071547
learnedPE_nodrop,3,5,50.463129643609896
learnedPE_nodrop,3,5,43.81063310468278
learnedPE_nodrop,3,5,44.84864902150353
learnedPE_nodrop,3,5,43.71064030358035
learnedPE_nodrop,3,5,42.87903694986205
learnedPE_nodrop,3,5,46.8617005963949
learnedPE_nodrop,3,5,44.50453893323025
learnedPE_nodrop,3,5,46.534617972334864
learnedPE_nodrop,3,5,51.30304271734531
learnedPE_nodrop,3,5,49.967427181439405
learnedPE_nodrop,3,5,46.47522389752156
learnedPE_nodrop,3,5,32.494914579443915
learnedPE_nodrop,3,5,41.427989012275084
learnedPE_nodrop,3,5,39.35899184639102
learnedPE_nodrop,3,5,44.09296882662702
learnedPE_nodrop,3,5,37.49986655886168
learnedPE_nodrop,3,5,35.69055883850402
learnedPE_nodrop,3,5,38.54538963671464
learnedPE_nodrop,3,5,40.82429612893219
learnedPE_nodrop,3,5,48.47123681224069
learnedPE_nodrop,3,5,42.08994331642872
learnedPE_nodrop,3,5,42.4572287610345
learnedPE_nodrop,3,5,42.06396962445461
learnedPE_nodrop,3,5,43.72485416369651
learnedPE_nodrop,3,5,42.523621212746484
learnedPE_nodrop,3,5,48.63990616028747
learnedPE_nodrop,3,5,47.01719567691917
learnedPE_nodrop,3,5,41.99262084127349
learnedPE_nodrop,3,5,50.22822243829991
learnedPE_nodrop,3,5,45.3168888002514
learnedPE_nodrop,3,5,45.13746816994858
learnedPE_nodrop,3,5,35.53946841295973
learnedPE_nodrop,3,5,34.35425135266362
learnedPE_nodrop,3,5,35.32293007002799
learnedPE_nodrop,3,5,36.3938127815217
learnedPE_nodrop,3,5,39.878813565064085
learnedPE_nodrop,3,5,39.36144641905265
learnedPE_nodrop,3,5,41.562285138629065
learnedPE_nodrop,3,5,47.51015048215616
learnedPE_nodrop,3,5,45.17642686300953
learnedPE_nodrop,3,5,46.5950644244053
learnedPE_nodrop,3,5,29.668602157228207
learnedPE_nodrop,3,5,33.07155409545497
learnedPE_nodrop,3,5,32.22023283941133
learnedPE_nodrop,3,5,31.128748616744726
learnedPE_nodrop,3,5,41.68484900624787
learnedPE_nodrop,3,5,10.92398941923281
learnedPE_nodrop,3,5,13.420891168868033
learnedPE_nodrop,3,5,13.845503244618985
learnedPE_nodrop,3,5,11.938156725641552
learnedPE_nodrop,3,5,12.985988147064589
learnedPE_nodrop,3,5,15.46670062668915
learnedPE_nodrop,3,5,15.372429700941856
learnedPE_nodrop,3,5,14.633258635193688
learnedPE_nodrop,3,5,15.36741837558136
learnedPE_nodrop,3,5,16.104751686133877
learnedPE_nodrop,3,5,16.32711777782675
learnedPE_nodrop,3,5,16.11199493963901
learnedPE_nodrop,3,5,16.36706744421458
learnedPE_nodrop,3,5,16.06072721809645
learnedPE_nodrop,3,5,15.22319309949097
learnedPE_nodrop,3,5,16.026296577159584
learnedPE_nodrop,3,5,17.832136219752716
learnedPE_nodrop,3,5,15.517466755268194
learnedPE_nodrop,3,5,17.851971952861213
learnedPE_nodrop,3,5,19.354376960890082
learnedPE_nodrop,3,5,17.046102193421245
learnedPE_nodrop,3,5,18.01366969239368
learnedPE_nodrop,3,5,19.4809465327007
learnedPE_nodrop,3,5,21.80666407498282
learnedPE_nodrop,3,5,16.432048273151214
learnedPE_nodrop,3,5,18.265525654782568
learnedPE_nodrop,3,5,16.927932341623606
learnedPE_nodrop,3,5,17.70462947835923
learnedPE_nodrop,3,5,18.519949363927765
learnedPE_nodrop,3,5,17.9818857559143
learnedPE_nodrop,3,5,15.883100060278641
learnedPE_nodrop,3,5,21.98654423364889
learnedPE_nodrop,3,5,21.831509352268828
learnedPE_nodrop,3,5,18.976542974879237
learnedPE_nodrop,3,5,19.298607034261842
learnedPE_nodrop,3,5,17.222918350139963
learnedPE_nodrop,3,5,17.98593068681326
learnedPE_nodrop,3,5,15.90217207269488
learnedPE_nodrop,3,5,18.27544800410426
learnedPE_nodrop,3,5,20.458357992059614
learnedPE_nodrop,3,5,17.768475417396587
learnedPE_nodrop,3,5,20.13318422427835
learnedPE_nodrop,3,5,19.68707639376333
learnedPE_nodrop,3,5,21.943700793450194
learnedPE_nodrop,3,5,17.620992356258487
learnedPE_nodrop,3,5,18.233859059735654
learnedPE_nodrop,3,5,16.79078368613434
learnedPE_nodrop,3,5,18.111406082293744
learnedPE_nodrop,3,5,18.516522662912458
learnedPE_nodrop,3,5,19.114907730369676
learnedPE_nodrop,3,5,17.673437117340672
learnedPE_nodrop,3,5,19.2030451909412
learnedPE_nodrop,3,5,19.751993152811508
learnedPE_nodrop,3,5,18.41488761069278
learnedPE_nodrop,3,5,19.61719980655548
learnedPE_nodrop,3,5,14.435057882311495
learnedPE_nodrop,3,5,12.826685380530606
learnedPE_nodrop,3,5,13.442950780904525
learnedPE_nodrop,3,5,14.88110958082571
learnedPE_nodrop,3,5,15.205262156144242
learnedPE_nodrop,3,5,13.013117609235977
learnedPE_nodrop,3,5,19.428796446203908
learnedPE_nodrop,3,5,21.456576730976796
learnedPE_nodrop,3,5,17.51511577151887
learnedPE_nodrop,3,5,16.043424521485907
learnedPE_nodrop,3,5,15.23699567413428
learnedPE_nodrop,3,5,14.7501865912894
learnedPE_nodrop,3,5,13.31108987416789
learnedPE_nodrop,3,5,13.613636512822547
learnedPE_nodrop,3,5,18.392051726948086
learnedPE_nodrop,3,5,19.49188332656956
learnedPE_nodrop,3,5,20.757492630118538
learnedPE_nodrop,3,5,17.818511699624732
learnedPE_nodrop,3,5,19.33179729049408
learnedPE_nodrop,3,5,21.740533857174746
learnedPE_nodrop,3,5,19.98219637348297
learnedPE_nodrop,3,5,20.267177151294014
learnedPE_nodrop,3,5,20.18682488305691
learnedPE_nodrop,3,5,21.251455957762307
learnedPE_nodrop,3,5,20.20407279874329
learnedPE_nodrop,3,5,23.56865121894439
learnedPE_nodrop,3,5,21.69116756208074
learnedPE_nodrop,3,5,24.971993610426384
learnedPE_nodrop,3,5,23.660384723287034
learnedPE_nodrop,3,5,26.107165893253345
learnedPE_nodrop,3,5,22.996062831682043
learnedPE_nodrop,3,5,23.01826053411822
learnedPE_nodrop,3,5,25.877100554383244
learnedPE_nodrop,3,5,22.246049559237026
learnedPE_nodrop,3,5,22.17001276096915
learnedPE_nodrop,3,5,42.67686408474758
learnedPE_nodrop,3,5,40.806643963798265
learnedPE_nodrop,3,5,46.21634452693753
learnedPE_nodrop,3,5,41.73025544846938
learnedPE_nodrop,3,5,48.40512659232494
learnedPE_nodrop,3,5,44.640297059577215
learnedPE_nodrop,3,5,43.59880465217056
learnedPE_nodrop,3,5,48.28694310597499
learnedPE_nodrop,3,5,46.43949706102695
learnedPE_nodrop,3,5,45.45503594403052
learnedPE_nodrop,3,5,37.981259500671726
learnedPE_nodrop,3,5,43.64359635313044
learnedPE_nodrop,3,5,42.61492414126185
learnedPE_nodrop,3,5,41.662374430686064
learnedPE_nodrop,3,5,45.14194050144206
learnedPE_nodrop,3,5,39.196495469543436
learnedPE_nodrop,3,5,37.52628600774667
learnedPE_nodrop,3,5,44.50620404571119
learnedPE_nodrop,3,5,34.28016557282269
learnedPE_nodrop,3,5,43.37527082980126
learnedPE_nodrop,3,5,39.86872601260812
learnedPE_nodrop,3,5,40.26670365701506
learnedPE_nodrop,3,5,47.24976408656774
learnedPE_nodrop,3,5,44.07729803650422
learnedPE_nodrop,3,5,40.32576334433653
learnedPE_nodrop,3,5,38.325076416624874
learnedPE_nodrop,3,5,45.18934408356735
learnedPE_nodrop,3,5,45.65351459526355
learnedPE_nodrop,3,5,41.09458923139601
learnedPE_nodrop,3,5,45.32251262660677
learnedPE_nodrop,3,5,30.80790380329669
learnedPE_nodrop,3,5,35.494781632586815
learnedPE_nodrop,3,5,34.142672133493335
learnedPE_nodrop,3,5,32.77723854738975
learnedPE_nodrop,3,5,37.989849631697005
learnedPE_nodrop,3,5,28.41747333974043
learnedPE_nodrop,3,6,4.630043681013796
learnedPE_nodrop,3,6,6.229321862305631
learnedPE_nodrop,3,6,7.439494973580279
learnedPE_nodrop,3,6,4.931896900468173
learnedPE_nodrop,3,6,7.523244415592532
learnedPE_nodrop,3,6,9.903658681961474
learnedPE_nodrop,3,6,9.80713121770764
learnedPE_nodrop,3,6,9.421318834555171
learnedPE_nodrop,3,6,9.733450429245567
learnedPE_nodrop,3,6,9.80271315131424
learnedPE_nodrop,3,6,10.398578916079101
learnedPE_nodrop,3,6,10.625499532384737
learnedPE_nodrop,3,6,10.585226923212998
learnedPE_nodrop,3,6,10.684218916423276
learnedPE_nodrop,3,6,10.16439797755944
learnedPE_nodrop,3,6,11.706661812530115
learnedPE_nodrop,3,6,14.539351579896701
learnedPE_nodrop,3,6,12.966358794203158
learnedPE_nodrop,3,6,14.238613638905477
learnedPE_nodrop,3,6,17.502396387470295
learnedPE_nodrop,3,6,14.760545162988192
learnedPE_nodrop,3,6,17.465773162553813
learnedPE_nodrop,3,6,16.92407524587932
learnedPE_nodrop,3,6,19.693260922677545
learnedPE_nodrop,3,6,13.605146371177801
learnedPE_nodrop,3,6,15.58185105524547
learnedPE_nodrop,3,6,13.616439795309086
learnedPE_nodrop,3,6,14.333797193066356
learnedPE_nodrop,3,6,15.988531477847067
learnedPE_nodrop,3,6,15.96238289431353
learnedPE_nodrop,3,6,13.639266979999755
learnedPE_nodrop,3,6,18.014437263605586
learnedPE_nodrop,3,6,19.084885897348677
learnedPE_nodrop,3,6,16.984103780509034
learnedPE_nodrop,3,6,16.429087275771355
learnedPE_nodrop,3,6,12.887129657295825
learnedPE_nodrop,3,6,17.918246654733412
learnedPE_nodrop,3,6,14.274474513238768
learnedPE_nodrop,3,6,18.284611573769222
learnedPE_nodrop,3,6,16.217345577948965
learnedPE_nodrop,3,6,13.301690501365057
learnedPE_nodrop,3,6,14.663733809109123
learnedPE_nodrop,3,6,18.056583875624444
learnedPE_nodrop,3,6,22.90239481941838
learnedPE_nodrop,3,6,15.146757356659517
learnedPE_nodrop,3,6,16.197783926331137
learnedPE_nodrop,3,6,15.314553871497854
learnedPE_nodrop,3,6,16.39361343091706
learnedPE_nodrop,3,6,17.61659963426248
learnedPE_nodrop,3,6,17.223478165304293
learnedPE_nodrop,3,6,16.866669174511117
learnedPE_nodrop,3,6,17.66176737706463
learnedPE_nodrop,3,6,17.689069976374387
learnedPE_nodrop,3,6,17.267978235224025
learnedPE_nodrop,3,6,16.7820053293294
learnedPE_nodrop,3,6,10.859634296625606
learnedPE_nodrop,3,6,10.382155449478491
learnedPE_nodrop,3,6,10.846789091466794
learnedPE_nodrop,3,6,12.181403214891754
learnedPE_nodrop,3,6,12.260279610686567
learnedPE_nodrop,3,6,11.15983472286236
learnedPE_nodrop,3,6,15.355017865121527
learnedPE_nodrop,3,6,17.74148897942232
learnedPE_nodrop,3,6,14.092298497992788
learnedPE_nodrop,3,6,12.704676946544437
learnedPE_nodrop,3,6,10.345500578445519
learnedPE_nodrop,3,6,12.051952179012064
learnedPE_nodrop,3,6,9.77513764536987
learnedPE_nodrop,3,6,10.044039170842202
learnedPE_nodrop,3,6,11.793212758259045
learnedPE_nodrop,3,6,12.506196322430425
learnedPE_nodrop,3,6,16.762509538858954
learnedPE_nodrop,3,6,14.086799030073227
learnedPE_nodrop,3,6,15.347607782345523
learnedPE_nodrop,3,6,15.546070378742487
learnedPE_nodrop,3,6,13.990435124553477
learnedPE_nodrop,3,6,14.970423252349883
learnedPE_nodrop,3,6,17.18209671949629
learnedPE_nodrop,3,6,19.559845190322388
learnedPE_nodrop,3,6,16.331745348545926
learnedPE_nodrop,3,6,24.041912485693732
learnedPE_nodrop,3,6,21.88874826697512
learnedPE_nodrop,3,6,24.8763116695191
learnedPE_nodrop,3,6,23.360912717305524
learnedPE_nodrop,3,6,25.427719367216213
learnedPE_nodrop,3,6,23.544320589944714
learnedPE_nodrop,3,6,22.89985062495129
learnedPE_nodrop,3,6,25.61178938523665
learnedPE_nodrop,3,6,22.664434135574048
learnedPE_nodrop,3,6,22.094657656170803
learnedPE_nodrop,3,6,35.915545905037675
learnedPE_nodrop,3,6,34.92199726325448
learnedPE_nodrop,3,6,37.65325517364821
learnedPE_nodrop,3,6,37.687127757795906
learnedPE_nodrop,3,6,42.682936612753174
learnedPE_nodrop,3,6,39.54122987704941
learnedPE_nodrop,3,6,39.710725907940386
learnedPE_nodrop,3,6,43.68036334293995
learnedPE_nodrop,3,6,43.4379039677876
learnedPE_nodrop,3,6,45.22726468483909
learnedPE_nodrop,3,6,32.446769457894256
learnedPE_nodrop,3,6,35.24423721822899
learnedPE_nodrop,3,6,35.10247859247657
learnedPE_nodrop,3,6,34.48837336103483
learnedPE_nodrop,3,6,40.06500579457817
learnedPE_nodrop,3,6,33.08059314067906
learnedPE_nodrop,3,6,30.383609358807316
learnedPE_nodrop,3,6,34.49710361314454
learnedPE_nodrop,3,6,30.596344204563565
learnedPE_nodrop,3,6,39.205163770982026
learnedPE_nodrop,3,6,36.62233157252927
learnedPE_nodrop,3,6,34.38631315137914
learnedPE_nodrop,3,6,41.126861348891225
learnedPE_nodrop,3,6,36.71283244216256
learnedPE_nodrop,3,6,37.68603640289579
learnedPE_nodrop,3,6,30.85804673891658
learnedPE_nodrop,3,6,35.32315308308537
learnedPE_nodrop,3,6,35.26867259728483
learnedPE_nodrop,3,6,36.03015943366914
learnedPE_nodrop,3,6,37.37727597671847
learnedPE_nodrop,3,6,21.766552001214365
learnedPE_nodrop,3,6,27.543497177632666
learnedPE_nodrop,3,6,27.868973295974378
learnedPE_nodrop,3,6,24.572484081082518
learnedPE_nodrop,3,6,34.315852349882185
learnedPE_nodrop,3,6,13.0921897531536
learnedPE_nodrop,3,6,9.942832802340822
learnedPE_nodrop,3,6,12.150463090685092
learnedPE_nodrop,3,6,10.294551350164278
learnedPE_nodrop,3,6,10.573380575740757
learnedPE_nodrop,3,6,14.28612279353381
learnedPE_nodrop,3,6,11.933741758208011
learnedPE_nodrop,3,6,13.539813147467713
learnedPE_nodrop,3,6,12.92477900094023
learnedPE_nodrop,3,6,14.523037447316426
learnedPE_nodrop,3,6,11.24625534894955
learnedPE_nodrop,3,6,16.11874420299622
learnedPE_nodrop,3,6,15.412426008518365
learnedPE_nodrop,3,6,16.60154344280961
learnedPE_nodrop,3,6,15.208109500937073
learnedPE_nodrop,3,6,15.980809041802976
learnedPE_nodrop,3,6,14.19134269344404
learnedPE_nodrop,3,6,16.717779035852086
learnedPE_nodrop,3,6,16.198658223213528
learnedPE_nodrop,3,6,15.674973605578367
learnedPE_nodrop,3,6,16.747480514439612
learnedPE_nodrop,3,6,14.905392332243505
learnedPE_nodrop,3,6,13.570449980259768
learnedPE_nodrop,3,6,14.41671394647837
learnedPE_nodrop,3,6,14.707103359204993
learnedPE_nodrop,3,6,15.196550399072938
learnedPE_nodrop,3,6,12.175887152662739
learnedPE_nodrop,3,6,18.485487851579
learnedPE_nodrop,3,6,19.964849014670524
learnedPE_nodrop,3,6,16.203889093963646
learnedPE_nodrop,3,6,15.785200815168539
learnedPE_nodrop,3,6,16.146051124703416
learnedPE_nodrop,3,6,15.530765964245319
learnedPE_nodrop,3,6,14.867648397697282
learnedPE_nodrop,3,6,14.444160531004812
learnedPE_nodrop,3,6,20.25399556023601
learnedPE_nodrop,3,6,17.636418442176957
learnedPE_nodrop,3,6,15.862576029643838
learnedPE_nodrop,3,6,17.117612847136716
learnedPE_nodrop,3,6,16.57631860812379
learnedPE_nodrop,3,6,19.861560134340944
learnedPE_nodrop,3,6,15.277627958734465
learnedPE_nodrop,3,6,19.39908480959838
learnedPE_nodrop,3,6,21.751384208050617
learnedPE_nodrop,3,6,16.849579890797646
learnedPE_nodrop,3,6,18.02059038000659
learnedPE_nodrop,3,6,15.461923436551276
learnedPE_nodrop,3,6,16.8400306392477
learnedPE_nodrop,3,6,15.511061605222023
learnedPE_nodrop,3,6,16.432431704823948
learnedPE_nodrop,3,6,18.53891618319593
learnedPE_nodrop,3,6,12.519997427841085
learnedPE_nodrop,3,6,13.158431495180386
learnedPE_nodrop,3,6,10.948325311170482
learnedPE_nodrop,3,6,10.610094546057308
learnedPE_nodrop,3,6,17.342305024193013
learnedPE_nodrop,3,6,10.559688283077934
learnedPE_nodrop,3,6,16.978494036204573
learnedPE_nodrop,3,6,15.517436419231194
learnedPE_nodrop,3,6,16.36904078320813
learnedPE_nodrop,3,6,14.290496187191186
learnedPE_nodrop,3,6,16.441185863723074
learnedPE_nodrop,3,6,14.734155500632811
learnedPE_nodrop,3,6,17.43267274861106
learnedPE_nodrop,3,6,18.80152447455477
learnedPE_nodrop,3,6,16.81009688610731
learnedPE_nodrop,3,6,17.471255138651248
learnedPE_nodrop,3,6,20.748235989316452
learnedPE_nodrop,3,6,23.763541715274737
learnedPE_nodrop,3,6,21.75752547787075
learnedPE_nodrop,3,6,19.704827213867315
learnedPE_nodrop,3,6,20.754376828888002
learnedPE_nodrop,3,6,31.09581374578394
learnedPE_nodrop,3,6,37.18285091773436
learnedPE_nodrop,3,6,34.93478351472993
learnedPE_nodrop,3,6,34.4184298886463
learnedPE_nodrop,3,6,39.05371010111926
learnedPE_nodrop,3,6,26.84134468517749
learnedPE_nodrop,3,6,27.127467802449278
learnedPE_nodrop,3,6,35.326607350784634
learnedPE_nodrop,3,6,34.51978857704783
learnedPE_nodrop,3,6,28.548165029287226
learnedPE_nodrop,3,6,36.86656405983176
learnedPE_nodrop,3,6,28.656627759508215
learnedPE_nodrop,3,6,19.58637663686464
wavePE_nodrop,3,0,69.34647185557778
wavePE_nodrop,3,1,60.18324858351769
wavePE_nodrop,3,1,39.156979518373255
wavePE_nodrop,3,1,35.34851865570268
wavePE_nodrop,3,1,57.58405915492647
wavePE_nodrop,3,1,56.04720288145109
wavePE_nodrop,3,1,69.57697160064548
wavePE_nodrop,3,1,49.828155001248525
wavePE_nodrop,3,1,63.67433192773917
wavePE_nodrop,3,1,55.36169057104451
wavePE_nodrop,3,1,65.92730059230979
wavePE_nodrop,3,2,26.634328948210904
wavePE_nodrop,3,2,26.51023229704354
wavePE_nodrop,3,2,50.824532591015
wavePE_nodrop,3,2,47.732038354272945
wavePE_nodrop,3,2,58.49760823645601
wavePE_nodrop,3,2,45.26010947536063
wavePE_nodrop,3,2,56.22721923407347
wavePE_nodrop,3,2,49.67312086857242
wavePE_nodrop,3,2,55.85137884686389
wavePE_nodrop,3,2,24.630560591613325
wavePE_nodrop,3,2,32.02131911394035
wavePE_nodrop,3,2,35.918282199448626
wavePE_nodrop,3,2,38.88966217992835
wavePE_nodrop,3,2,29.12793166436626
wavePE_nodrop,3,2,37.851526580768336
wavePE_nodrop,3,2,31.520778387162725
wavePE_nodrop,3,2,39.375563314432675
wavePE_nodrop,3,2,25.229035780904344
wavePE_nodrop,3,2,34.46355618195455
wavePE_nodrop,3,2,34.870759473798856
wavePE_nodrop,3,2,21.450787716488055
wavePE_nodrop,3,2,35.0623185070231
wavePE_nodrop,3,2,31.330295812811503
wavePE_nodrop,3,2,34.89272487211071
wavePE_nodrop,3,2,41.993869634524
wavePE_nodrop,3,2,57.117130298696964
wavePE_nodrop,3,2,43.144041232565556
wavePE_nodrop,3,2,53.405132816773644
wavePE_nodrop,3,2,47.04885039757708
wavePE_nodrop,3,2,55.224631481511544
wavePE_nodrop,3,2,55.54350769607949
wavePE_nodrop,3,2,38.156579666049815
wavePE_nodrop,3,2,50.77622412379338
wavePE_nodrop,3,2,41.68685004609996
wavePE_nodrop,3,2,52.974695076107295
wavePE_nodrop,3,2,47.29869241528433
wavePE_nodrop,3,2,62.1277647892146
wavePE_nodrop,3,2,54.77377046476242
wavePE_nodrop,3,2,65.06102454683736
wavePE_nodrop,3,2,45.949833267353995
wavePE_nodrop,3,2,54.834730110347536
wavePE_nodrop,3,2,49.7736569955681
wavePE_nodrop,3,2,49.79219593334425
wavePE_nodrop,3,2,61.840567684224425
wavePE_nodrop,3,2,40.50080290572568
wavePE_nodrop,3,3,15.40518751682784
wavePE_nodrop,3,3,21.358357670137938
wavePE_nodrop,3,3,23.256649920309172
wavePE_nodrop,3,3,24.2158371294483
wavePE_nodrop,3,3,19.510873986288566
wavePE_nodrop,3,3,24.33914252897739
wavePE_nodrop,3,3,22.748848902400205
wavePE_nodrop,3,3,24.034730598047894
wavePE_nodrop,3,3,21.78170478307775
wavePE_nodrop,3,3,24.514055224892758
wavePE_nodrop,3,3,27.8100690529659
wavePE_nodrop,3,3,17.791526872016124
wavePE_nodrop,3,3,28.77058665584774
wavePE_nodrop,3,3,26.21520893218912
wavePE_nodrop,3,3,26.28692085678092
wavePE_nodrop,3,3,35.53900602999863
wavePE_nodrop,3,3,50.39848095357522
wavePE_nodrop,3,3,39.51552115712281
wavePE_nodrop,3,3,49.02320110142349
wavePE_nodrop,3,3,42.07834296381292
wavePE_nodrop,3,3,47.93519449377772
wavePE_nodrop,3,3,47.629117443553426
wavePE_nodrop,3,3,34.35881353649665
wavePE_nodrop,3,3,45.80584946678374
wavePE_nodrop,3,3,37.63053631021698
wavePE_nodrop,3,3,45.010576971781305
wavePE_nodrop,3,3,41.45664884470033
wavePE_nodrop,3,3,53.76569092198162
wavePE_nodrop,3,3,47.04848878205014
wavePE_nodrop,3,3,54.91075737133102
wavePE_nodrop,3,3,43.040194103765415
wavePE_nodrop,3,3,47.06468210914228
wavePE_nodrop,3,3,43.08875315490639
wavePE_nodrop,3,3,43.48091982031617
wavePE_nodrop,3,3,52.0238346260911
wavePE_nodrop,3,3,35.2655483639987
wavePE_nodrop,3,3,20.538823875752765
wavePE_nodrop,3,3,25.835758714786476
wavePE_nodrop,3,3,26.102459426366806
wavePE_nodrop,3,3,19.691041383610848
wavePE_nodrop,3,3,23.88972438272225
wavePE_nodrop,3,3,21.89781524277629
wavePE_nodrop,3,3,25.574870992178738
wavePE_nodrop,3,3,25.331495643701054
wavePE_nodrop,3,3,30.173229847050777
wavePE_nodrop,3,3,25.65585091743842
wavePE_nodrop,3,3,30.249910266967383
wavePE_nodrop,3,3,24.569441617428627
wavePE_nodrop,3,3,30.889873836364284
wavePE_nodrop,3,3,34.994943891704004
wavePE_nodrop,3,3,24.208864878343157
wavePE_nodrop,3,3,31.497833570547478
wavePE_nodrop,3,3,26.557350767687165
wavePE_nodrop,3,3,35.02679140401562
wavePE_nodrop,3,3,26.322838022407716
wavePE_nodrop,3,3,34.4529946032057
wavePE_nodrop,3,3,29.429041683636296
wavePE_nodrop,3,3,35.70366711151657
wavePE_nodrop,3,3,26.989007885950855
wavePE_nodrop,3,3,31.604022672595665
wavePE_nodrop,3,3,28.26983297939083
wavePE_nodrop,3,3,28.615967901673383
wavePE_nodrop,3,3,36.40354770404142
wavePE_nodrop,3,3,19.21847658935127
wavePE_nodrop,3,3,18.16274322918919
wavePE_nodrop,3,3,24.437154224997222
wavePE_nodrop,3,3,18.081089351911906
wavePE_nodrop,3,3,24.843764561269694
wavePE_nodrop,3,3,21.81791854054581
wavePE_nodrop,3,3,24.64108583089516
wavePE_nodrop,3,3,34.64383884262976
wavePE_nodrop,3,3,20.237906014736755
wavePE_nodrop,3,3,32.91479873310668
wavePE_nodrop,3,3,29.038445587262768
wavePE_nodrop,3,3,34.260342522869635
wavePE_nodrop,3,3,20.66630413358907
wavePE_nodrop,3,3,33.84809322426384
wavePE_nodrop,3,3,31.179968803992413
wavePE_nodrop,3,3,34.04600614754944
wavePE_nodrop,3,3,22.767372391413186
wavePE_nodrop,3,3,24.267295574316865
wavePE_nodrop,3,3,22.916137148932187
wavePE_nodrop,3,3,31.074019284600194
wavePE_nodrop,3,3,34.73604616732194
wavePE_nodrop,3,3,25.2802866423156
wavePE_nodrop,3,3,39.987942782888624
wavePE_nodrop,3,3,31.40759198932276
wavePE_nodrop,3,3,38.18590683529792
wavePE_nodrop,3,3,31.095606092852627
wavePE_nodrop,3,3,40.249792379767534
wavePE_nodrop,3,3,43.43512721148278
wavePE_nodrop,3,3,52.02089007798672
wavePE_nodrop,3,3,46.28070013030059
wavePE_nodrop,3,3,54.17887580050914
wavePE_nodrop,3,3,41.72512050173164
wavePE_nodrop,3,3,49.61469568921104
wavePE_nodrop,3,3,43.28281808120153
wavePE_nodrop,3,3,44.328860313929475
wavePE_nodrop,3,3,50.788768709073906
wavePE_nodrop,3,3,38.43568773078365
wavePE_nodrop,3,3,30.179780124954334
wavePE_nodrop,3,3,46.826063371390894
wavePE_nodrop,3,3,39.78629473391085
wavePE_nodrop,3,3,52.119902318125256
wavePE_nodrop,3,3,37.12032633814025
wavePE_nodrop,3,3,42.72209388901428
wavePE_nodrop,3,3,37.16502334193114
wavePE_nodrop,3,3,41.232095139423215
wavePE_nodrop,3,3,46.94661808714443
wavePE_nodrop,3,3,28.86440499671108
wavePE_nodrop,3,3,45.66474480728924
wavePE_nodrop,3,3,48.713645711856415
wavePE_nodrop,3,3,45.10843432373891
wavePE_nodrop,3,3,47.98010008768597
wavePE_nodrop,3,3,59.21693136405272
wavePE_nodrop,3,3,39.85603251249616
wavePE_nodrop,3,3,42.14880077928209
wavePE_nodrop,3,3,46.762908422045356
wavePE_nodrop,3,3,41.14771044710458
wavePE_nodrop,3,3,35.36085112961754
wavePE_nodrop,3,4,13.966660124631177
wavePE_nodrop,3,4,14.965088313313752
wavePE_nodrop,3,4,15.879960931290784
wavePE_nodrop,3,4,12.206213008689177
wavePE_nodrop,3,4,13.791462180440805
wavePE_nodrop,3,4,15.135770745496638
wavePE_nodrop,3,4,15.084759935699822
wavePE_nodrop,3,4,17.879335307957067
wavePE_nodrop,3,4,19.32063585927777
wavePE_nodrop,3,4,16.093587145828604
wavePE_nodrop,3,4,19.607087994066124
wavePE_nodrop,3,4,17.716961265082144
wavePE_nodrop,3,4,20.190624017967682
wavePE_nodrop,3,4,22.655871379174187
wavePE_nodrop,3,4,16.49605352223286
wavePE_nodrop,3,4,23.76207614438363
wavePE_nodrop,3,4,19.24364430695223
wavePE_nodrop,3,4,21.647021816148946
wavePE_nodrop,3,4,15.914928420586076
wavePE_nodrop,3,4,20.628036856440044
wavePE_nodrop,3,4,19.30664973886429
wavePE_nodrop,3,4,21.037044605916627
wavePE_nodrop,3,4,17.018140578098436
wavePE_nodrop,3,4,17.63829638645582
wavePE_nodrop,3,4,16.287270060926247
wavePE_nodrop,3,4,19.990277530449738
wavePE_nodrop,3,4,22.74789055397062
wavePE_nodrop,3,4,13.14339090408791
wavePE_nodrop,3,4,16.219235525727203
wavePE_nodrop,3,4,21.147148724597876
wavePE_nodrop,3,4,13.912390101894976
wavePE_nodrop,3,4,24.30305848319339
wavePE_nodrop,3,4,20.53383397305768
wavePE_nodrop,3,4,21.605446586159875
wavePE_nodrop,3,4,25.030702545912355
wavePE_nodrop,3,4,15.476443746757273
wavePE_nodrop,3,4,26.377241905847235
wavePE_nodrop,3,4,22.217246453466917
wavePE_nodrop,3,4,24.81617513518606
wavePE_nodrop,3,4,18.115776016910285
wavePE_nodrop,3,4,27.83566417239995
wavePE_nodrop,3,4,26.781144780579726
wavePE_nodrop,3,4,26.896811816292146
wavePE_nodrop,3,4,21.458267774304893
wavePE_nodrop,3,4,20.182739497217202
wavePE_nodrop,3,4,16.980566492943574
wavePE_nodrop,3,4,26.322374805951995
wavePE_nodrop,3,4,28.316664014166104
wavePE_nodrop,3,4,20.89957040645108
wavePE_nodrop,3,4,31.415878644363392
wavePE_nodrop,3,4,26.789314609252948
wavePE_nodrop,3,4,33.447877500836555
wavePE_nodrop,3,4,23.300948996017137
wavePE_nodrop,3,4,32.55778957614944
wavePE_nodrop,3,4,39.14428247162617
wavePE_nodrop,3,4,45.86708000988415
wavePE_nodrop,3,4,40.4785849862627
wavePE_nodrop,3,4,46.17070086372856
wavePE_nodrop,3,4,38.2965344129135
wavePE_nodrop,3,4,43.324879354006875
wavePE_nodrop,3,4,38.68354519821463
wavePE_nodrop,3,4,41.1725371022685
wavePE_nodrop,3,4,45.2377591683427
wavePE_nodrop,3,4,35.65691423116754
wavePE_nodrop,3,4,27.888182960746168
wavePE_nodrop,3,4,43.487059712314924
wavePE_nodrop,3,4,35.38536238104209
wavePE_nodrop,3,4,43.86622987621524
wavePE_nodrop,3,4,35.377596161254424
wavePE_nodrop,3,4,37.46946378450473
wavePE_nodrop,3,4,33.16691991326512
wavePE_nodrop,3,4,35.751585589859644
wavePE_nodrop,3,4,43.04216003383873
wavePE_nodrop,3,4,24.357694158442705
wavePE_nodrop,3,4,41.84172340649268
wavePE_nodrop,3,4,40.86847825853134
wavePE_nodrop,3,4,39.85231263912361
wavePE_nodrop,3,4,39.923103560017026
wavePE_nodrop,3,4,48.986058589558716
wavePE_nodrop,3,4,32.859236124445665
wavePE_nodrop,3,4,38.00489552676957
wavePE_nodrop,3,4,40.74892492673244
wavePE_nodrop,3,4,31.643118473385563
wavePE_nodrop,3,4,27.749320065838894
wavePE_nodrop,3,4,14.704004462395348
wavePE_nodrop,3,4,20.006431143292268
wavePE_nodrop,3,4,16.843458824388453
wavePE_nodrop,3,4,19.867745465095883
wavePE_nodrop,3,4,18.404699048314917
wavePE_nodrop,3,4,20.059702942598733
wavePE_nodrop,3,4,25.61262956571681
wavePE_nodrop,3,4,16.77403014669452
wavePE_nodrop,3,4,25.3927587827442
wavePE_nodrop,3,4,22.007184585461232
wavePE_nodrop,3,4,25.774141808157086
wavePE_nodrop,3,4,20.246123441048503
wavePE_nodrop,3,4,22.159064926142378
wavePE_nodrop,3,4,22.196957537718255
wavePE_nodrop,3,4,25.75741273392701
wavePE_nodrop,3,4,20.103814679310524
wavePE_nodrop,3,4,20.678323255690515
wavePE_nodrop,3,4,18.868791434327317
wavePE_nodrop,3,4,21.34086117491901
wavePE_nodrop,3,4,23.596415743186533
wavePE_nodrop,3,4,17.805762615709213
wavePE_nodrop,3,4,22.7091531452073
wavePE_nodrop,3,4,21.369686567535293
wavePE_nodrop,3,4,21.4163264121903
wavePE_nodrop,3,4,18.24355208527529
wavePE_nodrop,3,4,24.084277858293863
wavePE_nodrop,3,4,24.52249039473553
wavePE_nodrop,3,4,26.312511799159147
wavePE_nodrop,3,4,22.925048065759704
wavePE_nodrop,3,4,29.546792950922022
wavePE_nodrop,3,4,23.870686738843442
wavePE_nodrop,3,4,28.84496982033641
wavePE_nodrop,3,4,25.715825086833213
wavePE_nodrop,3,4,23.958407546354863
wavePE_nodrop,3,4,29.583509000747235
wavePE_nodrop,3,4,17.628016682818856
wavePE_nodrop,3,4,15.709798609130397
wavePE_nodrop,3,4,28.383261218160236
wavePE_nodrop,3,4,24.0043309328908
wavePE_nodrop,3,4,32.4198952222474
wavePE_nodrop,3,4,22.188667781416733
wavePE_nodrop,3,4,26.680545432879228
wavePE_nodrop,3,4,22.85910696045827
wavePE_nodrop,3,4,26.556480345676874
wavePE_nodrop,3,4,32.39078684795485
wavePE_nodrop,3,4,14.865234230755716
wavePE_nodrop,3,4,23.82444803656023
wavePE_nodrop,3,4,23.743193121015253
wavePE_nodrop,3,4,23.46170173740189
wavePE_nodrop,3,4,26.82576491387245
wavePE_nodrop,3,4,32.418818482683655
wavePE_nodrop,3,4,17.05844306864297
wavePE_nodrop,3,4,23.954909981821007
wavePE_nodrop,3,4,25.188686509624713
wavePE_nodrop,3,4,22.148589306000684
wavePE_nodrop,3,4,19.491010931329868
wavePE_nodrop,3,4,16.96885169860976
wavePE_nodrop,3,4,16.280341995013355
wavePE_nodrop,3,4,17.04072444931902
wavePE_nodrop,3,4,12.981504456545204
wavePE_nodrop,3,4,17.19237574795987
wavePE_nodrop,3,4,15.547428260580231
wavePE_nodrop,3,4,22.756865421486427
wavePE_nodrop,3,4,20.447661060900547
wavePE_nodrop,3,4,24.06345738612094
wavePE_nodrop,3,4,17.655877515625313
wavePE_nodrop,3,4,20.665316687172712
wavePE_nodrop,3,4,18.125188762547918
wavePE_nodrop,3,4,21.211146859120454
wavePE_nodrop,3,4,25.074637567957602
wavePE_nodrop,3,4,14.118905928917588
wavePE_nodrop,3,4,16.931182829060646
wavePE_nodrop,3,4,32.90883604964296
wavePE_nodrop,3,4,28.195698096904696
wavePE_nodrop,3,4,34.823312906634136
wavePE_nodrop,3,4,20.37387358982763
wavePE_nodrop,3,4,22.42388137564933
wavePE_nodrop,3,4,20.472295992405797
wavePE_nodrop,3,4,30.161525876761562
wavePE_nodrop,3,4,33.19089659714773
wavePE_nodrop,3,4,23.829469715707926
wavePE_nodrop,3,4,22.54756021352642
wavePE_nodrop,3,4,23.47116329032222
wavePE_nodrop,3,4,21.331662969500687
wavePE_nodrop,3,4,29.929163225510187
wavePE_nodrop,3,4,34.3533287714054
wavePE_nodrop,3,4,25.41221041970802
wavePE_nodrop,3,4,23.134604238571313
wavePE_nodrop,3,4,23.397063122732554
wavePE_nodrop,3,4,25.136566144692683
wavePE_nodrop,3,4,24.490302912415704
wavePE_nodrop,3,4,27.632141613229294
wavePE_nodrop,3,4,36.17274130220542
wavePE_nodrop,3,4,28.576948785209918
wavePE_nodrop,3,4,37.11683393934408
wavePE_nodrop,3,4,30.28622091810149
wavePE_nodrop,3,4,35.61999646858321
wavePE_nodrop,3,4,30.9876784635651
wavePE_nodrop,3,4,31.995906008490838
wavePE_nodrop,3,4,37.41317549294281
wavePE_nodrop,3,4,24.875646228495196
wavePE_nodrop,3,4,40.2937701337425
wavePE_nodrop,3,4,46.98122782150368
wavePE_nodrop,3,4,42.967290806660166
wavePE_nodrop,3,4,43.81537885125736
wavePE_nodrop,3,4,49.8810057138573
wavePE_nodrop,3,4,38.61162969453614
wavePE_nodrop,3,4,41.261577377828864
wavePE_nodrop,3,4,41.22078366708148
wavePE_nodrop,3,4,38.524501458609976
wavePE_nodrop,3,4,33.503442238559806
wavePE_nodrop,3,4,31.795783303720537
wavePE_nodrop,3,4,35.12760619306228
wavePE_nodrop,3,4,25.864204414855376
wavePE_nodrop,3,4,37.51999438585724
wavePE_nodrop,3,4,43.493929772009565
wavePE_nodrop,3,4,27.728822919456125
wavePE_nodrop,3,4,34.22626403192514
wavePE_nodrop,3,4,35.52669083950351
wavePE_nodrop,3,4,29.69026403192262
wavePE_nodrop,3,4,26.657970220996738
wavePE_nodrop,3,4,34.73882806202851
wavePE_nodrop,3,4,41.38972822690821
wavePE_nodrop,3,4,38.764823269135434
wavePE_nodrop,3,4,32.499343176162064
wavePE_nodrop,3,4,27.057520905119954
wavePE_nodrop,3,5,10.445712729467333
wavePE_nodrop,3,5,13.298853972926139
wavePE_nodrop,3,5,10.633051147827166
wavePE_nodrop,3,5,12.43738621760724
wavePE_nodrop,3,5,13.442606976959704
wavePE_nodrop,3,5,13.44504082045385
wavePE_nodrop,3,5,15.521724539011982
wavePE_nodrop,3,5,8.147704366200012
wavePE_nodrop,3,5,12.137898410405738
wavePE_nodrop,3,5,15.22710376185596
wavePE_nodrop,3,5,14.455334994619585
wavePE_nodrop,3,5,12.455424472405715
wavePE_nodrop,3,5,10.798017052790803
wavePE_nodrop,3,5,13.63428186567241
wavePE_nodrop,3,5,14.614672833697641
wavePE_nodrop,3,5,12.07900239714708
wavePE_nodrop,3,5,12.080562191076952
wavePE_nodrop,3,5,11.47762015815491
wavePE_nodrop,3,5,11.759481402001759
wavePE_nodrop,3,5,12.804038249077706
wavePE_nodrop,3,5,12.648239603930255
wavePE_nodrop,3,5,13.391380592553544
wavePE_nodrop,3,5,13.722667397026365
wavePE_nodrop,3,5,14.37506689057628
wavePE_nodrop,3,5,11.399181767659162
wavePE_nodrop,3,5,17.15148396676199
wavePE_nodrop,3,5,15.13120429308903
wavePE_nodrop,3,5,17.146534332933957
wavePE_nodrop,3,5,16.053780380529123
wavePE_nodrop,3,5,17.06957238135032
wavePE_nodrop,3,5,13.951615635421819
wavePE_nodrop,3,5,17.96222959434203
wavePE_nodrop,3,5,16.245282293635054
wavePE_nodrop,3,5,15.971769871715173
wavePE_nodrop,3,5,20.689420707665928
wavePE_nodrop,3,5,11.666511428359524
wavePE_nodrop,3,5,9.225955079432438
wavePE_nodrop,3,5,20.445433962510467
wavePE_nodrop,3,5,15.763046724953792
wavePE_nodrop,3,5,18.467313074902684
wavePE_nodrop,3,5,16.154256773583416
wavePE_nodrop,3,5,15.455309516839817
wavePE_nodrop,3,5,13.597977072827252
wavePE_nodrop,3,5,22.558454422644665
wavePE_nodrop,3,5,22.753676819057457
wavePE_nodrop,3,5,9.693378497608677
wavePE_nodrop,3,5,15.35249188120392
wavePE_nodrop,3,5,11.98640746090078
wavePE_nodrop,3,5,11.308383834816635
wavePE_nodrop,3,5,17.169336532258974
wavePE_nodrop,3,5,17.735337449363758
wavePE_nodrop,3,5,10.438400029188404
wavePE_nodrop,3,5,12.584883690802465
wavePE_nodrop,3,5,13.594916742193336
wavePE_nodrop,3,5,9.890696767649214
wavePE_nodrop,3,5,10.364115864367761
wavePE_nodrop,3,5,13.24813094709414
wavePE_nodrop,3,5,10.922822019131056
wavePE_nodrop,3,5,13.494986418751507
wavePE_nodrop,3,5,9.533228446248895
wavePE_nodrop,3,5,15.983056442571717
wavePE_nodrop,3,5,12.831318745489991
wavePE_nodrop,3,5,22.283406697242242
wavePE_nodrop,3,5,19.74994685616708
wavePE_nodrop,3,5,20.253474991795745
wavePE_nodrop,3,5,16.806052702606447
wavePE_nodrop,3,5,15.010060297677782
wavePE_nodrop,3,5,14.565160287773253
wavePE_nodrop,3,5,20.864829770429417
wavePE_nodrop,3,5,22.78237602769121
wavePE_nodrop,3,5,13.301071397895441
wavePE_nodrop,3,5,15.616074345603392
wavePE_nodrop,3,5,26.872885590964124
wavePE_nodrop,3,5,24.365795769297986
wavePE_nodrop,3,5,25.990983205252157
wavePE_nodrop,3,5,20.040930232021733
wavePE_nodrop,3,5,18.57771663645512
wavePE_nodrop,3,5,15.425076429613359
wavePE_nodrop,3,5,24.381549611927316
wavePE_nodrop,3,5,26.283541604541853
wavePE_nodrop,3,5,20.690872523628226
wavePE_nodrop,3,5,22.474747285134935
wavePE_nodrop,3,5,20.102019024789513
wavePE_nodrop,3,5,18.176863111399825
wavePE_nodrop,3,5,24.60003818200628
wavePE_nodrop,3,5,27.15195640775901
wavePE_nodrop,3,5,21.536529184741173
wavePE_nodrop,3,5,21.300360886986077
wavePE_nodrop,3,5,20.28945809982755
wavePE_nodrop,3,5,19.012626582555388
wavePE_nodrop,3,5,18.652912903812
wavePE_nodrop,3,5,25.679865982628264
wavePE_nodrop,3,5,31.792048648784007
wavePE_nodrop,3,5,21.236994783595115
wavePE_nodrop,3,5,26.95400784206144
wavePE_nodrop,3,5,28.52170246447535
wavePE_nodrop,3,5,29.50741012509277
wavePE_nodrop,3,5,26.33044022864028
wavePE_nodrop,3,5,27.10788202141457
wavePE_nodrop,3,5,32.79136237813701
wavePE_nodrop,3,5,18.97301884438797
wavePE_nodrop,3,5,37.04149815945788
wavePE_nodrop,3,5,40.434363352480496
wavePE_nodrop,3,5,39.05355503124046
wavePE_nodrop,3,5,39.16563595876463
wavePE_nodrop,3,5,41.7547615067846
wavePE_nodrop,3,5,32.869446315575445
wavePE_nodrop,3,5,37.91384962818129
wavePE_nodrop,3,5,36.56679265371538
wavePE_nodrop,3,5,34.35744164606594
wavePE_nodrop,3,5,25.96364340032193
wavePE_nodrop,3,5,30.519634554257127
wavePE_nodrop,3,5,31.58273895323504
wavePE_nodrop,3,5,23.975499071929182
wavePE_nodrop,3,5,34.19753860923062
wavePE_nodrop,3,5,40.50662281277778
wavePE_nodrop,3,5,23.74334702700643
wavePE_nodrop,3,5,32.236940672137614
wavePE_nodrop,3,5,34.210589343486795
wavePE_nodrop,3,5,23.288897859560922
wavePE_nodrop,3,5,22.160777894418057
wavePE_nodrop,3,5,31.507599055866688
wavePE_nodrop,3,5,37.47561514975929
wavePE_nodrop,3,5,28.952259473486
wavePE_nodrop,3,5,21.786198758550086
wavePE_nodrop,3,5,24.491052455087548
wavePE_nodrop,3,5,12.834014794156923
wavePE_nodrop,3,5,14.555219848759178
wavePE_nodrop,3,5,17.169762892603405
wavePE_nodrop,3,5,10.79563608248856
wavePE_nodrop,3,5,13.827812710331733
wavePE_nodrop,3,5,16.45068148116199
wavePE_nodrop,3,5,19.09478447796189
wavePE_nodrop,3,5,17.742759687416264
wavePE_nodrop,3,5,19.66458304383469
wavePE_nodrop,3,5,16.334768592124732
wavePE_nodrop,3,5,18.863375683607803
wavePE_nodrop,3,5,17.121828881650163
wavePE_nodrop,3,5,18.75905951925964
wavePE_nodrop,3,5,19.70947745591805
wavePE_nodrop,3,5,11.592191175334262
wavePE_nodrop,3,5,17.634223306222246
wavePE_nodrop,3,5,23.430226283454914
wavePE_nodrop,3,5,20.77019241743749
wavePE_nodrop,3,5,25.407551153904315
wavePE_nodrop,3,5,16.106449989184952
wavePE_nodrop,3,5,17.67464232551621
wavePE_nodrop,3,5,16.451530494931998
wavePE_nodrop,3,5,23.196493780326673
wavePE_nodrop,3,5,25.98623360368904
wavePE_nodrop,3,5,18.090742754526314
wavePE_nodrop,3,5,17.078848143867962
wavePE_nodrop,3,5,22.120060539529725
wavePE_nodrop,3,5,19.61737784033846
wavePE_nodrop,3,5,20.829623251643927
wavePE_nodrop,3,5,22.93633774608988
wavePE_nodrop,3,5,19.02969438620975
wavePE_nodrop,3,5,18.065258264035005
wavePE_nodrop,3,5,19.38007143043104
wavePE_nodrop,3,5,19.623414658086947
wavePE_nodrop,3,5,18.011955035182062
wavePE_nodrop,3,5,17.15866839353963
wavePE_nodrop,3,5,18.581371204320654
wavePE_nodrop,3,5,14.581572898250586
wavePE_nodrop,3,5,19.521187857402545
wavePE_nodrop,3,5,17.921468896677933
wavePE_nodrop,3,5,24.115041887373756
wavePE_nodrop,3,5,19.793149919049934
wavePE_nodrop,3,5,17.9969598608485
wavePE_nodrop,3,5,20.181470347415846
wavePE_nodrop,3,5,13.771174785151391
wavePE_nodrop,3,5,21.36785699985193
wavePE_nodrop,3,5,27.107346005753023
wavePE_nodrop,3,5,23.696969955391182
wavePE_nodrop,3,5,21.700210487585284
wavePE_nodrop,3,5,26.09977847075942
wavePE_nodrop,3,5,15.304064584342928
wavePE_nodrop,3,5,24.78343429364437
wavePE_nodrop,3,5,23.00833827025853
wavePE_nodrop,3,5,19.678303337678727
wavePE_nodrop,3,5,18.118693477435677
wavePE_nodrop,3,5,17.786366369292452
wavePE_nodrop,3,5,16.502298291502505
wavePE_nodrop,3,5,12.77386514234053
wavePE_nodrop,3,5,24.677259839668928
wavePE_nodrop,3,5,27.45516054820475
wavePE_nodrop,3,5,15.157814035802716
wavePE_nodrop,3,5,19.32676470777189
wavePE_nodrop,3,5,20.78941991112695
wavePE_nodrop,3,5,16.74027957207154
wavePE_nodrop,3,5,14.362428924167508
wavePE_nodrop,3,5,17.710230521594585
wavePE_nodrop,3,5,19.690826867881015
wavePE_nodrop,3,5,17.21700420211158
wavePE_nodrop,3,5,19.223385476019505
wavePE_nodrop,3,5,14.737807160274546
wavePE_nodrop,3,5,11.253801331903073
wavePE_nodrop,3,5,15.18195355494025
wavePE_nodrop,3,5,12.405532367242113
wavePE_nodrop,3,5,16.09543350564666
wavePE_nodrop,3,5,15.821267860459969
wavePE_nodrop,3,5,16.115435525494213
wavePE_nodrop,3,5,15.54322097977519
wavePE_nodrop,3,5,12.820899800613265
wavePE_nodrop,3,5,16.836758508897802
wavePE_nodrop,3,5,9.006413446320833
wavePE_nodrop,3,5,17.044487000066493
wavePE_nodrop,3,5,17.799682031343952
wavePE_nodrop,3,5,16.264940038157942
wavePE_nodrop,3,5,20.487737856084046
wavePE_nodrop,3,5,23.099998413358275
wavePE_nodrop,3,5,13.88538971683605
wavePE_nodrop,3,5,19.17869502624873
wavePE_nodrop,3,5,18.61622868428581
wavePE_nodrop,3,5,18.066931992418652
wavePE_nodrop,3,5,14.581815757506046
wavePE_nodrop,3,5,20.776291552997716
wavePE_nodrop,3,5,21.336671139213905
wavePE_nodrop,3,5,17.56604492671857
wavePE_nodrop,3,5,28.840725739003314
wavePE_nodrop,3,5,32.73968811471936
wavePE_nodrop,3,5,24.103251452251374
wavePE_nodrop,3,5,22.99182604356111
wavePE_nodrop,3,5,22.604792987480007
wavePE_nodrop,3,5,24.329369252883186
wavePE_nodrop,3,5,23.52521676964407
wavePE_nodrop,3,5,20.322453086578346
wavePE_nodrop,3,5,22.60294424963757
wavePE_nodrop,3,5,24.555974749092456
wavePE_nodrop,3,5,23.8222993660104
wavePE_nodrop,3,5,19.71345499812448
wavePE_nodrop,3,5,26.53817209537413
wavePE_nodrop,3,5,30.877959747993405
wavePE_nodrop,3,5,25.296367534488244
wavePE_nodrop,3,5,31.742662252955345
wavePE_nodrop,3,5,34.549584500276936
wavePE_nodrop,3,5,25.232287319693917
wavePE_nodrop,3,5,29.443742541688295
wavePE_nodrop,3,5,29.277751950943014
wavePE_nodrop,3,5,26.727052344847667
wavePE_nodrop,3,5,23.841103261133576
wavePE_nodrop,3,5,34.34753870739331
wavePE_nodrop,3,5,37.35827308458719
wavePE_nodrop,3,5,35.6346984462107
wavePE_nodrop,3,5,28.864769619531693
wavePE_nodrop,3,5,27.44874720138986
wavePE_nodrop,3,5,27.164144809926253
wavePE_nodrop,3,5,26.858959750539185
wavePE_nodrop,3,5,25.95816972186041
wavePE_nodrop,3,5,27.416840282949757
wavePE_nodrop,3,5,18.259668011352428
wavePE_nodrop,3,5,11.341638774053385
wavePE_nodrop,3,6,8.71288539478662
wavePE_nodrop,3,6,10.283488053579845
wavePE_nodrop,3,6,9.438902199769046
wavePE_nodrop,3,6,6.994075814147264
wavePE_nodrop,3,6,9.937112861436045
wavePE_nodrop,3,6,10.353698172750313
wavePE_nodrop,3,6,10.959171844047216
wavePE_nodrop,3,6,12.372109794807816
wavePE_nodrop,3,6,12.061257581145133
wavePE_nodrop,3,6,9.739884213978653
wavePE_nodrop,3,6,13.372942757071717
wavePE_nodrop,3,6,11.06106999760254
wavePE_nodrop,3,6,12.286615196561442
wavePE_nodrop,3,6,12.42795414741946
wavePE_nodrop,3,6,8.56677856128284
wavePE_nodrop,3,6,8.297755837568605
wavePE_nodrop,3,6,9.718857144374265
wavePE_nodrop,3,6,14.16379040927875
wavePE_nodrop,3,6,13.019295416099087
wavePE_nodrop,3,6,8.775439800440687
wavePE_nodrop,3,6,8.593680026781481
wavePE_nodrop,3,6,7.40532324141046
wavePE_nodrop,3,6,11.064383880477857
wavePE_nodrop,3,6,11.1027831706993
wavePE_nodrop,3,6,10.410422628481472
wavePE_nodrop,3,6,11.196692327896525
wavePE_nodrop,3,6,10.933096463625583
wavePE_nodrop,3,6,9.941412958562939
wavePE_nodrop,3,6,7.984560756898367
wavePE_nodrop,3,6,9.502221033171441
wavePE_nodrop,3,6,10.819534946765994
wavePE_nodrop,3,6,10.567918351860856
wavePE_nodrop,3,6,11.383936031722323
wavePE_nodrop,3,6,10.898271050278941
wavePE_nodrop,3,6,8.421268328732364
wavePE_nodrop,3,6,11.315140916822724
wavePE_nodrop,3,6,11.618688826858845
wavePE_nodrop,3,6,7.605598086762731
wavePE_nodrop,3,6,11.313113801731621
wavePE_nodrop,3,6,11.853898303765794
wavePE_nodrop,3,6,15.175969698933812
wavePE_nodrop,3,6,14.06425123366848
wavePE_nodrop,3,6,12.087800481640134
wavePE_nodrop,3,6,14.812960945816403
wavePE_nodrop,3,6,5.146226023944995
wavePE_nodrop,3,6,13.316955086397796
wavePE_nodrop,3,6,15.289157610479691
wavePE_nodrop,3,6,14.066783836136949
wavePE_nodrop,3,6,13.8266640756683
wavePE_nodrop,3,6,17.885870345977278
wavePE_nodrop,3,6,9.207919988077037
wavePE_nodrop,3,6,14.672604937090723
wavePE_nodrop,3,6,13.542450446247006
wavePE_nodrop,3,6,12.543590743180172
wavePE_nodrop,3,6,11.604011123493299
wavePE_nodrop,3,6,12.406114615093719
wavePE_nodrop,3,6,8.647409014807494
wavePE_nodrop,3,6,6.271654221949184
wavePE_nodrop,3,6,20.261045624702444
wavePE_nodrop,3,6,17.780063613461714
wavePE_nodrop,3,6,9.798223617817204
wavePE_nodrop,3,6,13.52271095717903
wavePE_nodrop,3,6,12.833798036793878
wavePE_nodrop,3,6,8.606691951913476
wavePE_nodrop,3,6,7.626190331710744
wavePE_nodrop,3,6,8.951546135331121
wavePE_nodrop,3,6,12.068307978447892
wavePE_nodrop,3,6,7.722365803803055
wavePE_nodrop,3,6,8.77415716001631
wavePE_nodrop,3,6,7.208955138740893
wavePE_nodrop,3,6,6.364821141710879
wavePE_nodrop,3,6,11.491041743604313
wavePE_nodrop,3,6,8.187435223904984
wavePE_nodrop,3,6,12.497519203156543
wavePE_nodrop,3,6,14.198097563545465
wavePE_nodrop,3,6,9.73393546684004
wavePE_nodrop,3,6,10.230144689520545
wavePE_nodrop,3,6,10.240964754621391
wavePE_nodrop,3,6,11.361893435347715
wavePE_nodrop,3,6,6.937534919273618
wavePE_nodrop,3,6,16.503634035664007
wavePE_nodrop,3,6,13.741277376231556
wavePE_nodrop,3,6,12.378338971843744
wavePE_nodrop,3,6,19.73697741897994
wavePE_nodrop,3,6,20.989334898870254
wavePE_nodrop,3,6,13.113591268596034
wavePE_nodrop,3,6,18.282338903221746
wavePE_nodrop,3,6,16.256390047653518
wavePE_nodrop,3,6,12.644779431609411
wavePE_nodrop,3,6,11.531916434473418
wavePE_nodrop,3,6,20.555059393628284
wavePE_nodrop,3,6,19.321764500345978
wavePE_nodrop,3,6,15.55123954123694
wavePE_nodrop,3,6,24.184734288780273
wavePE_nodrop,3,6,26.014872852807155
wavePE_nodrop,3,6,21.43037446171827
wavePE_nodrop,3,6,21.65546866096893
wavePE_nodrop,3,6,19.925280124610918
wavePE_nodrop,3,6,19.841323852256227
wavePE_nodrop,3,6,16.398135010835297
wavePE_nodrop,3,6,20.301678779730942
wavePE_nodrop,3,6,21.07545328766674
wavePE_nodrop,3,6,19.51327137592626
wavePE_nodrop,3,6,15.216411710404007
wavePE_nodrop,3,6,18.23822805356292
wavePE_nodrop,3,6,23.505733071610752
wavePE_nodrop,3,6,27.751597404851214
wavePE_nodrop,3,6,23.8640892044451
wavePE_nodrop,3,6,26.376773130880675
wavePE_nodrop,3,6,27.82539255233034
wavePE_nodrop,3,6,18.492299087458115
wavePE_nodrop,3,6,28.92852613348194
wavePE_nodrop,3,6,26.424506734667027
wavePE_nodrop,3,6,20.16194338463735
wavePE_nodrop,3,6,18.445886748799694
wavePE_nodrop,3,6,32.79797240883799
wavePE_nodrop,3,6,34.36817151678558
wavePE_nodrop,3,6,31.196035081275618
wavePE_nodrop,3,6,23.46789609964004
wavePE_nodrop,3,6,25.75136968465065
wavePE_nodrop,3,6,26.371989142157382
wavePE_nodrop,3,6,25.227652538295924
wavePE_nodrop,3,6,21.726217868536196
wavePE_nodrop,3,6,20.620325417300347
wavePE_nodrop,3,6,18.387971997218955
wavePE_nodrop,3,6,11.113667045892473
wavePE_nodrop,3,6,10.746373538516497
wavePE_nodrop,3,6,15.186051525120046
wavePE_nodrop,3,6,9.063597310013877
wavePE_nodrop,3,6,10.67928859616623
wavePE_nodrop,3,6,16.463467117227445
wavePE_nodrop,3,6,13.580033168967796
wavePE_nodrop,3,6,14.032177920315998
wavePE_nodrop,3,6,13.60883392733121
wavePE_nodrop,3,6,16.406557530235492
wavePE_nodrop,3,6,7.724040572538149
wavePE_nodrop,3,6,16.060174640413294
wavePE_nodrop,3,6,18.3407663922141
wavePE_nodrop,3,6,16.484518028165844
wavePE_nodrop,3,6,17.45116354051817
wavePE_nodrop,3,6,18.97414829575739
wavePE_nodrop,3,6,11.817938153040542
wavePE_nodrop,3,6,18.236215960500946
wavePE_nodrop,3,6,16.726814708508787
wavePE_nodrop,3,6,14.620285164634367
wavePE_nodrop,3,6,11.167025388252856
wavePE_nodrop,3,6,17.13840937484606
wavePE_nodrop,3,6,19.697182422487398
wavePE_nodrop,3,6,16.144400181297033
wavePE_nodrop,3,6,20.87078333897593
wavePE_nodrop,3,6,23.313708078929494
wavePE_nodrop,3,6,19.28583132404208
wavePE_nodrop,3,6,16.58707551631162
wavePE_nodrop,3,6,16.225784569257826
wavePE_nodrop,3,6,17.009135829469944
wavePE_nodrop,3,6,18.70536289165889
wavePE_nodrop,3,6,14.402985213010092
wavePE_nodrop,3,6,16.327373721319628
wavePE_nodrop,3,6,18.016180879300272
wavePE_nodrop,3,6,16.14959973661132
wavePE_nodrop,3,6,13.422470954616331
wavePE_nodrop,3,6,16.099078783842327
wavePE_nodrop,3,6,18.931390797290096
wavePE_nodrop,3,6,13.320478139848072
wavePE_nodrop,3,6,16.409203975777377
wavePE_nodrop,3,6,18.24232718066669
wavePE_nodrop,3,6,12.999830022755942
wavePE_nodrop,3,6,17.745860430783853
wavePE_nodrop,3,6,14.407960742266308
wavePE_nodrop,3,6,13.237227560285076
wavePE_nodrop,3,6,11.97869691370589
wavePE_nodrop,3,6,19.133005984758253
wavePE_nodrop,3,6,18.871656926231243
wavePE_nodrop,3,6,18.09744438866523
wavePE_nodrop,3,6,17.295350486815714
wavePE_nodrop,3,6,18.173500987305736
wavePE_nodrop,3,6,12.761647974608522
wavePE_nodrop,3,6,15.979062748763338
wavePE_nodrop,3,6,13.061326119266123
wavePE_nodrop,3,6,15.480587880001066
wavePE_nodrop,3,6,9.488525687991922
wavePE_nodrop,3,6,4.347337241386419
wavePE_nodrop,3,6,12.077607875065935
wavePE_nodrop,3,6,13.848217433789118
wavePE_nodrop,3,6,10.244183299246446
wavePE_nodrop,3,6,13.239996157717684
wavePE_nodrop,3,6,14.410137275074892
wavePE_nodrop,3,6,8.488770558553556
wavePE_nodrop,3,6,14.859796755406965
wavePE_nodrop,3,6,15.67164860101503
wavePE_nodrop,3,6,13.604144261860995
wavePE_nodrop,3,6,9.972918460921196
wavePE_nodrop,3,6,19.15090622171217
wavePE_nodrop,3,6,18.033582262123193
wavePE_nodrop,3,6,17.63699302256067
wavePE_nodrop,3,6,14.531159142442533
wavePE_nodrop,3,6,16.334508451459502
wavePE_nodrop,3,6,21.611062616842954
wavePE_nodrop,3,6,19.766706869753822
wavePE_nodrop,3,6,25.181424683698918
wavePE_nodrop,3,6,23.601645999271778
wavePE_nodrop,3,6,19.810592235457374
wavePE_nodrop,3,6,13.273392671127755
wavePE_nodrop,3,6,25.414619186640397
wavePE_nodrop,3,6,22.498706178564852
wavePE_nodrop,3,6,23.653619846079838
wavePE_nodrop,3,6,23.450401952229736
wavePE_nodrop,3,6,18.9508093358285
wavePE_nodrop,3,6,10.873888519722128
wavePE_nodrop,3,6,8.733782916507085
learnedPE_drop,3,0,66.07474293624071
learnedPE_drop,3,1,64.7790883875904
learnedPE_drop,3,1,60.67675721261031
learnedPE_drop,3,1,63.73699219918323
learnedPE_drop,3,1,65.214587810109
learnedPE_drop,3,1,67.95081666931837
learnedPE_drop,3,1,66.90843971317848
learnedPE_drop,3,1,65.69505491575728
learnedPE_drop,3,1,66.10746585537422
learnedPE_drop,3,1,64.30110639234879
learnedPE_drop,3,1,66.52251325758638
learnedPE_drop,3,2,46.605401170947395
learnedPE_drop,3,2,62.64239143974273
learnedPE_drop,3,2,61.859658694454026
learnedPE_drop,3,2,65.91044174034296
learnedPE_drop,3,2,65.28922155859983
learnedPE_drop,3,2,63.96932673901724
learnedPE_drop,3,2,64.93501706589424
learnedPE_drop,3,2,64.36028983743806
learnedPE_drop,3,2,65.02345383712107
learnedPE_drop,3,2,56.0508324498342
learnedPE_drop,3,2,59.24325512875487
learnedPE_drop,3,2,58.52791689132871
learnedPE_drop,3,2,60.474624723071216
learnedPE_drop,3,2,59.30413819878728
learnedPE_drop,3,2,60.53364332388315
learnedPE_drop,3,2,57.63590118369386
learnedPE_drop,3,2,59.38586015879731
learnedPE_drop,3,2,58.74307028872509
learnedPE_drop,3,2,65.11789284077057
learnedPE_drop,3,2,64.77626368291945
learnedPE_drop,3,2,63.79735544750485
learnedPE_drop,3,2,63.69415530956057
learnedPE_drop,3,2,61.15882491334572
learnedPE_drop,3,2,63.565643685995816
learnedPE_drop,3,2,64.51673112359921
learnedPE_drop,3,2,64.58873473477514
learnedPE_drop,3,2,65.282041658696
learnedPE_drop,3,2,64.835603288097
learnedPE_drop,3,2,62.33967611537161
learnedPE_drop,3,2,64.72657780382278
learnedPE_drop,3,2,67.07623789029041
learnedPE_drop,3,2,66.45386737611547
learnedPE_drop,3,2,67.12663861070378
learnedPE_drop,3,2,65.67466453401701
learnedPE_drop,3,2,67.57828469220904
learnedPE_drop,3,2,64.67230306260966
learnedPE_drop,3,2,67.53942151569463
learnedPE_drop,3,2,65.73108781086889
learnedPE_drop,3,2,67.07638407614657
learnedPE_drop,3,2,65.48289374789525
learnedPE_drop,3,2,63.20025446685121
learnedPE_drop,3,2,65.56666968685684
learnedPE_drop,3,2,61.56231039441445
learnedPE_drop,3,2,66.00801053362942
learnedPE_drop,3,2,61.27485919925941
learnedPE_drop,3,3,41.842690531560834
learnedPE_drop,3,3,44.48945072568716
learnedPE_drop,3,3,45.28465004232846
learnedPE_drop,3,3,45.35680453126722
learnedPE_drop,3,3,44.83102036514348
learnedPE_drop,3,3,45.880445059113335
learnedPE_drop,3,3,43.79930020541601
learnedPE_drop,3,3,46.149047196826096
learnedPE_drop,3,3,56.08209981050147
learnedPE_drop,3,3,62.68586616141061
learnedPE_drop,3,3,62.44611438576596
learnedPE_drop,3,3,62.41670524808854
learnedPE_drop,3,3,62.49633526407638
learnedPE_drop,3,3,60.7582411055253
learnedPE_drop,3,3,62.715515807089105
learnedPE_drop,3,3,61.03370264737466
learnedPE_drop,3,3,61.55886934892457
learnedPE_drop,3,3,61.92093349255852
learnedPE_drop,3,3,61.53625759212647
learnedPE_drop,3,3,61.17715407025049
learnedPE_drop,3,3,62.1663206724399
learnedPE_drop,3,3,65.70728236902445
learnedPE_drop,3,3,64.23475133071325
learnedPE_drop,3,3,65.39888187165012
learnedPE_drop,3,3,65.11216221327979
learnedPE_drop,3,3,65.87218877546256
learnedPE_drop,3,3,60.98864727270034
learnedPE_drop,3,3,64.4459066840612
learnedPE_drop,3,3,64.21328040650266
learnedPE_drop,3,3,64.77411296503763
learnedPE_drop,3,3,64.78308507779245
learnedPE_drop,3,3,62.23321635672825
learnedPE_drop,3,3,64.55381932323566
learnedPE_drop,3,3,59.99145391945386
learnedPE_drop,3,3,64.99333093946407
learnedPE_drop,3,3,61.61834067068249
learnedPE_drop,3,3,37.708634559809354
learnedPE_drop,3,3,54.26414464399743
learnedPE_drop,3,3,56.079424278238456
learnedPE_drop,3,3,56.23794246501079
learnedPE_drop,3,3,56.44919314488954
learnedPE_drop,3,3,53.23890293116459
learnedPE_drop,3,3,55.75448725477571
learnedPE_drop,3,3,55.1114530771856
learnedPE_drop,3,3,58.484474536264095
learnedPE_drop,3,3,59.28281586887078
learnedPE_drop,3,3,58.25489819766038
learnedPE_drop,3,3,55.72231652688684
learnedPE_drop,3,3,58.22027099298628
learnedPE_drop,3,3,57.391396822084694
learnedPE_drop,3,3,56.844324783393816
learnedPE_drop,3,3,59.41544131069605
learnedPE_drop,3,3,55.83643102373158
learnedPE_drop,3,3,58.1619320324986
learnedPE_drop,3,3,57.45477455465594
learnedPE_drop,3,3,60.12671995713674
learnedPE_drop,3,3,58.88694752378986
learnedPE_drop,3,3,59.13568474360098
learnedPE_drop,3,3,59.1077749094378
learnedPE_drop,3,3,55.96940015165069
learnedPE_drop,3,3,57.993655934475434
learnedPE_drop,3,3,56.04744964827829
learnedPE_drop,3,3,59.40724312978143
learnedPE_drop,3,3,55.380142102659754
learnedPE_drop,3,3,45.666360156773614
learnedPE_drop,3,3,57.739263649845824
learnedPE_drop,3,3,56.81754406271552
learnedPE_drop,3,3,58.152249722257125
learnedPE_drop,3,3,56.33660549585564
learnedPE_drop,3,3,58.40589818796963
learnedPE_drop,3,3,64.73730394976283
learnedPE_drop,3,3,64.0505805916467
learnedPE_drop,3,3,64.49864773222333
learnedPE_drop,3,3,62.445009322825065
learnedPE_drop,3,3,65.326779683027
learnedPE_drop,3,3,61.88130731560832
learnedPE_drop,3,3,64.2378273293349
learnedPE_drop,3,3,62.07759334023671
learnedPE_drop,3,3,64.58220798243953
learnedPE_drop,3,3,62.69449048170195
learnedPE_drop,3,3,59.69257582843873
learnedPE_drop,3,3,63.3032630687042
learnedPE_drop,3,3,58.169987209160226
learnedPE_drop,3,3,63.00269045739414
learnedPE_drop,3,3,58.57217121559246
learnedPE_drop,3,3,62.004613946452274
learnedPE_drop,3,3,63.45603691423057
learnedPE_drop,3,3,64.15095079473511
learnedPE_drop,3,3,62.264461371547476
learnedPE_drop,3,3,64.18323695434033
learnedPE_drop,3,3,63.34740522868914
learnedPE_drop,3,3,64.39773256674982
learnedPE_drop,3,3,62.41177407051378
learnedPE_drop,3,3,63.77318581509831
learnedPE_drop,3,3,64.92792991894937
learnedPE_drop,3,3,62.615993538183986
learnedPE_drop,3,3,65.0313541892972
learnedPE_drop,3,3,60.4663776086698
learnedPE_drop,3,3,63.98342153540833
learnedPE_drop,3,3,61.79720682528142
learnedPE_drop,3,3,63.19424549452929
learnedPE_drop,3,3,66.82227884679813
learnedPE_drop,3,3,65.38052412089071
learnedPE_drop,3,3,67.35684205658437
learnedPE_drop,3,3,66.00329335948634
learnedPE_drop,3,3,63.229076487429566
learnedPE_drop,3,3,66.14537034899796
learnedPE_drop,3,3,61.69469894519841
learnedPE_drop,3,3,66.21299807268615
learnedPE_drop,3,3,62.05020107941793
learnedPE_drop,3,3,63.61250708872135
learnedPE_drop,3,3,60.18766103284747
learnedPE_drop,3,3,64.00935605118414
learnedPE_drop,3,3,61.70408400300756
learnedPE_drop,3,3,66.52585433645052
learnedPE_drop,3,3,62.20593619151075
learnedPE_drop,3,3,57.7232803525103
learnedPE_drop,3,3,64.84237185009337
learnedPE_drop,3,3,59.143360408923726
learnedPE_drop,3,3,55.802413045127956
learnedPE_drop,3,4,25.398629715678606
learnedPE_drop,3,4,40.38207355874011
learnedPE_drop,3,4,40.875555072622966
learnedPE_drop,3,4,41.287940395852345
learnedPE_drop,3,4,42.80508938558261
learnedPE_drop,3,4,39.439070980792266
learnedPE_drop,3,4,42.59267302310083
learnedPE_drop,3,4,39.07310282265048
learnedPE_drop,3,4,42.55759410663395
learnedPE_drop,3,4,43.84465833395
learnedPE_drop,3,4,44.56783733910697
learnedPE_drop,3,4,40.757423866111814
learnedPE_drop,3,4,45.24068718859605
learnedPE_drop,3,4,45.65151531075994
learnedPE_drop,3,4,43.65548280818706
learnedPE_drop,3,4,44.547312881452
learnedPE_drop,3,4,42.48842182109792
learnedPE_drop,3,4,44.75838723991184
learnedPE_drop,3,4,43.43210954530532
learnedPE_drop,3,4,45.1415888773131
learnedPE_drop,3,4,42.8641221861299
learnedPE_drop,3,4,43.64481076773923
learnedPE_drop,3,4,45.93165710925941
learnedPE_drop,3,4,41.6705274523297
learnedPE_drop,3,4,44.54912468998116
learnedPE_drop,3,4,41.35834487766586
learnedPE_drop,3,4,45.01289167735662
learnedPE_drop,3,4,43.54539347118964
learnedPE_drop,3,4,42.00290511296726
learnedPE_drop,3,4,54.949015209459674
learnedPE_drop,3,4,55.05832189549888
learnedPE_drop,3,4,56.570632204863955
learnedPE_drop,3,4,54.853105854466875
learnedPE_drop,3,4,57.21775038256751
learnedPE_drop,3,4,62.11168601853501
learnedPE_drop,3,4,62.0382631525759
learnedPE_drop,3,4,62.82085385424755
learnedPE_drop,3,4,60.513699078175065
learnedPE_drop,3,4,62.63596462643638
learnedPE_drop,3,4,58.698082900661134
learnedPE_drop,3,4,61.50232650969948
learnedPE_drop,3,4,60.285599462565905
learnedPE_drop,3,4,61.74608352816981
learnedPE_drop,3,4,61.05731464277312
learnedPE_drop,3,4,57.65294197291313
learnedPE_drop,3,4,61.45314011021895
learnedPE_drop,3,4,57.766085008737754
learnedPE_drop,3,4,61.6695836359022
learnedPE_drop,3,4,58.101656599405075
learnedPE_drop,3,4,58.69159853154685
learnedPE_drop,3,4,59.28173033894235
learnedPE_drop,3,4,61.05261099621391
learnedPE_drop,3,4,60.221112951426086
learnedPE_drop,3,4,61.75484586918155
learnedPE_drop,3,4,60.38458206858998
learnedPE_drop,3,4,61.69761633250791
learnedPE_drop,3,4,61.40419767004408
learnedPE_drop,3,4,62.45011806750872
learnedPE_drop,3,4,60.97555224478015
learnedPE_drop,3,4,59.782023348379276
learnedPE_drop,3,4,61.93930151101665
learnedPE_drop,3,4,57.86521375007773
learnedPE_drop,3,4,61.714411638198484
learnedPE_drop,3,4,61.24826215638634
learnedPE_drop,3,4,59.32618812517584
learnedPE_drop,3,4,64.69788993850433
learnedPE_drop,3,4,63.90508902554793
learnedPE_drop,3,4,65.97357502968251
learnedPE_drop,3,4,63.84302480954845
learnedPE_drop,3,4,61.837398034642014
learnedPE_drop,3,4,64.51541828006961
learnedPE_drop,3,4,59.19269367689064
learnedPE_drop,3,4,64.34590068933069
learnedPE_drop,3,4,61.33363312873912
learnedPE_drop,3,4,60.07833390791446
learnedPE_drop,3,4,58.26349199160412
learnedPE_drop,3,4,61.46962633493089
learnedPE_drop,3,4,58.370613046686685
learnedPE_drop,3,4,65.33141187144768
learnedPE_drop,3,4,62.1587464956031
learnedPE_drop,3,4,54.60844002528659
learnedPE_drop,3,4,63.91819895765268
learnedPE_drop,3,4,57.81339374830842
learnedPE_drop,3,4,52.825150615609644
learnedPE_drop,3,4,25.281533612971796
learnedPE_drop,3,4,35.84198698593979
learnedPE_drop,3,4,36.25526336714199
learnedPE_drop,3,4,38.20571372219496
learnedPE_drop,3,4,35.71579874939834
learnedPE_drop,3,4,37.21673007535343
learnedPE_drop,3,4,52.830367044373155
learnedPE_drop,3,4,53.55567504625375
learnedPE_drop,3,4,53.98709333377725
learnedPE_drop,3,4,51.94955706103924
learnedPE_drop,3,4,53.30607717334396
learnedPE_drop,3,4,53.680941173453625
learnedPE_drop,3,4,56.685216114625696
learnedPE_drop,3,4,54.523110492021495
learnedPE_drop,3,4,55.72448491001363
learnedPE_drop,3,4,55.50002565484834
learnedPE_drop,3,4,51.504248439664075
learnedPE_drop,3,4,55.50698764379715
learnedPE_drop,3,4,51.805130722891775
learnedPE_drop,3,4,56.0579251321899
learnedPE_drop,3,4,50.451218227385255
learnedPE_drop,3,4,52.668674201930706
learnedPE_drop,3,4,52.3520758607303
learnedPE_drop,3,4,54.34356589933907
learnedPE_drop,3,4,51.130032910251984
learnedPE_drop,3,4,53.18674370869255
learnedPE_drop,3,4,55.88993911501441
learnedPE_drop,3,4,57.20036464339215
learnedPE_drop,3,4,55.268888518937686
learnedPE_drop,3,4,57.23967037075386
learnedPE_drop,3,4,58.02444503473576
learnedPE_drop,3,4,55.09426111028635
learnedPE_drop,3,4,57.50256049587072
learnedPE_drop,3,4,54.58589373052233
learnedPE_drop,3,4,57.540669471470885
learnedPE_drop,3,4,53.91888901285743
learnedPE_drop,3,4,50.911757704355594
learnedPE_drop,3,4,56.693907562626144
learnedPE_drop,3,4,55.82963614590995
learnedPE_drop,3,4,56.81270608122439
learnedPE_drop,3,4,56.24341698949285
learnedPE_drop,3,4,54.22819248189008
learnedPE_drop,3,4,55.66547469612224
learnedPE_drop,3,4,53.93193951301242
learnedPE_drop,3,4,57.84956079672008
learnedPE_drop,3,4,53.833349542736144
learnedPE_drop,3,4,55.54601612585949
learnedPE_drop,3,4,54.234792786853085
learnedPE_drop,3,4,55.45350660569049
learnedPE_drop,3,4,55.47999095910418
learnedPE_drop,3,4,58.074033542892494
learnedPE_drop,3,4,55.020455531024844
learnedPE_drop,3,4,52.09304556557198
learnedPE_drop,3,4,56.881458114527945
learnedPE_drop,3,4,52.41402885704086
learnedPE_drop,3,4,48.760046797223985
learnedPE_drop,3,4,42.16981094478813
learnedPE_drop,3,4,44.49492179550714
learnedPE_drop,3,4,47.58440198056793
learnedPE_drop,3,4,44.69755177299641
learnedPE_drop,3,4,48.30319463796831
learnedPE_drop,3,4,53.9995018308896
learnedPE_drop,3,4,56.17946221523042
learnedPE_drop,3,4,55.16351154079861
learnedPE_drop,3,4,56.84227625185621
learnedPE_drop,3,4,56.577715586180894
learnedPE_drop,3,4,53.32166153628896
learnedPE_drop,3,4,56.6119993611843
learnedPE_drop,3,4,51.59125883141435
learnedPE_drop,3,4,56.73043804702531
learnedPE_drop,3,4,54.565757094637924
learnedPE_drop,3,4,60.881336713932285
learnedPE_drop,3,4,64.39731867327866
learnedPE_drop,3,4,61.9111694808671
learnedPE_drop,3,4,64.60605300357224
learnedPE_drop,3,4,63.33835762053128
learnedPE_drop,3,4,60.19367462172912
learnedPE_drop,3,4,64.1444378205923
learnedPE_drop,3,4,59.37667797935095
learnedPE_drop,3,4,64.93946581723425
learnedPE_drop,3,4,60.45899297834489
learnedPE_drop,3,4,60.70900805468957
learnedPE_drop,3,4,58.702146878533895
learnedPE_drop,3,4,61.707470721644235
learnedPE_drop,3,4,58.3636600946095
learnedPE_drop,3,4,63.68964333293359
learnedPE_drop,3,4,59.934864252397276
learnedPE_drop,3,4,56.30140835260822
learnedPE_drop,3,4,62.230810312699234
learnedPE_drop,3,4,56.79581550184825
learnedPE_drop,3,4,53.1812929320952
learnedPE_drop,3,4,57.05106048424436
learnedPE_drop,3,4,61.228804639263906
learnedPE_drop,3,4,60.01425265585002
learnedPE_drop,3,4,61.747947138793776
learnedPE_drop,3,4,61.953106106804924
learnedPE_drop,3,4,60.16853043168504
learnedPE_drop,3,4,62.341611602891014
learnedPE_drop,3,4,57.98571373471178
learnedPE_drop,3,4,62.97730264482521
learnedPE_drop,3,4,60.41523348939154
learnedPE_drop,3,4,61.83455289672433
learnedPE_drop,3,4,60.09303346772611
learnedPE_drop,3,4,62.657174506765564
learnedPE_drop,3,4,58.6393099467223
learnedPE_drop,3,4,63.57141786860959
learnedPE_drop,3,4,60.65401250912952
learnedPE_drop,3,4,58.60647908350734
learnedPE_drop,3,4,63.95074697597439
learnedPE_drop,3,4,60.447612465661955
learnedPE_drop,3,4,55.247048675415314
learnedPE_drop,3,4,61.625474148351664
learnedPE_drop,3,4,59.352060051098285
learnedPE_drop,3,4,63.06292557781817
learnedPE_drop,3,4,59.007801539002614
learnedPE_drop,3,4,65.41757633074758
learnedPE_drop,3,4,62.00913597329545
learnedPE_drop,3,4,57.07014178799009
learnedPE_drop,3,4,64.4992627932574
learnedPE_drop,3,4,59.34126330119324
learnedPE_drop,3,4,54.845303884474326
learnedPE_drop,3,4,51.94047759338002
learnedPE_drop,3,4,61.14363331406789
learnedPE_drop,3,4,55.65044372263128
learnedPE_drop,3,4,53.23652297260062
learnedPE_drop,3,4,50.82404556647035
learnedPE_drop,3,5,16.77808281091847
learnedPE_drop,3,5,23.233436673435673
learnedPE_drop,3,5,24.986820201399087
learnedPE_drop,3,5,28.3197783424535
learnedPE_drop,3,5,25.919282300041857
learnedPE_drop,3,5,26.077674826575656
learnedPE_drop,3,5,40.60359771664476
learnedPE_drop,3,5,40.45530118565443
learnedPE_drop,3,5,40.64361576697597
learnedPE_drop,3,5,38.06628256767344
learnedPE_drop,3,5,40.346136605271276
learnedPE_drop,3,5,39.87745918083302
learnedPE_drop,3,5,41.09234572342935
learnedPE_drop,3,5,38.61241487041741
learnedPE_drop,3,5,40.01697596521175
learnedPE_drop,3,5,41.55761380455325
learnedPE_drop,3,5,38.53989856526029
learnedPE_drop,3,5,40.21729555943903
learnedPE_drop,3,5,38.27949532246654
learnedPE_drop,3,5,41.76081545309096
learnedPE_drop,3,5,37.443764734010195
learnedPE_drop,3,5,36.67490419877472
learnedPE_drop,3,5,39.56028902903757
learnedPE_drop,3,5,38.9092437011304
learnedPE_drop,3,5,36.12940532561738
learnedPE_drop,3,5,38.58907311965918
learnedPE_drop,3,5,41.223285639239194
learnedPE_drop,3,5,42.507230793251985
learnedPE_drop,3,5,39.54750235150004
learnedPE_drop,3,5,42.16696674456337
learnedPE_drop,3,5,44.600769235939524
learnedPE_drop,3,5,39.853869480956426
learnedPE_drop,3,5,43.97766359396762
learnedPE_drop,3,5,40.337803199621085
learnedPE_drop,3,5,44.193354909105686
learnedPE_drop,3,5,40.10413697740749
learnedPE_drop,3,5,39.98840332179102
learnedPE_drop,3,5,44.96340770913169
learnedPE_drop,3,5,43.60212259030267
learnedPE_drop,3,5,45.76629119484632
learnedPE_drop,3,5,44.35695346924587
learnedPE_drop,3,5,40.5747691537999
learnedPE_drop,3,5,43.23336188630872
learnedPE_drop,3,5,39.97069799531911
learnedPE_drop,3,5,43.75334336228479
learnedPE_drop,3,5,40.88276462712516
learnedPE_drop,3,5,42.98447562847082
learnedPE_drop,3,5,38.15575422888042
learnedPE_drop,3,5,42.5685577035686
learnedPE_drop,3,5,39.071586476525304
learnedPE_drop,3,5,42.54223828142256
learnedPE_drop,3,5,40.327995676675265
learnedPE_drop,3,5,36.745598233956706
learnedPE_drop,3,5,43.76305831673358
learnedPE_drop,3,5,41.14472271651182
learnedPE_drop,3,5,33.03130119728689
learnedPE_drop,3,5,34.81163389637107
learnedPE_drop,3,5,43.003031315296674
learnedPE_drop,3,5,42.96210763808712
learnedPE_drop,3,5,42.00549424417345
learnedPE_drop,3,5,44.76232216891425
learnedPE_drop,3,5,49.25167204888941
learnedPE_drop,3,5,54.563021860735546
learnedPE_drop,3,5,52.283989026959624
learnedPE_drop,3,5,55.08304160744566
learnedPE_drop,3,5,54.94279888372039
learnedPE_drop,3,5,50.392834608481095
learnedPE_drop,3,5,54.65918136630224
learnedPE_drop,3,5,51.150071514136606
learnedPE_drop,3,5,57.04402666980083
learnedPE_drop,3,5,53.098096152018606
learnedPE_drop,3,5,56.695564891861615
learnedPE_drop,3,5,62.63832487638264
learnedPE_drop,3,5,60.83103129626347
learnedPE_drop,3,5,62.239698962555245
learnedPE_drop,3,5,61.511252706259754
learnedPE_drop,3,5,58.16552159441255
learnedPE_drop,3,5,61.31790617022723
learnedPE_drop,3,5,56.01473466529972
learnedPE_drop,3,5,62.13805908627857
learnedPE_drop,3,5,58.656399410730366
learnedPE_drop,3,5,57.64317229508561
learnedPE_drop,3,5,54.600075270087245
learnedPE_drop,3,5,57.388122301007904
learnedPE_drop,3,5,55.96685423516366
learnedPE_drop,3,5,61.33074711715254
learnedPE_drop,3,5,57.20349243227873
learnedPE_drop,3,5,52.607274121353626
learnedPE_drop,3,5,59.57589389381691
learnedPE_drop,3,5,54.6079444955716
learnedPE_drop,3,5,51.146213074538196
learnedPE_drop,3,5,52.25459319225776
learnedPE_drop,3,5,58.097968062938484
learnedPE_drop,3,5,57.792221477705866
learnedPE_drop,3,5,58.07951182289893
learnedPE_drop,3,5,58.46507634908124
learnedPE_drop,3,5,56.270984059966146
learnedPE_drop,3,5,58.78191407925313
learnedPE_drop,3,5,54.16997257636732
learnedPE_drop,3,5,60.11134646980899
learnedPE_drop,3,5,60.10429615696994
learnedPE_drop,3,5,57.811506323173205
learnedPE_drop,3,5,56.2654709231903
learnedPE_drop,3,5,59.37496574926117
learnedPE_drop,3,5,56.1179175491571
learnedPE_drop,3,5,61.3857357059922
learnedPE_drop,3,5,59.95851686853292
learnedPE_drop,3,5,53.82276753177215
learnedPE_drop,3,5,61.01383160439036
learnedPE_drop,3,5,58.049850130056235
learnedPE_drop,3,5,51.41487699353617
learnedPE_drop,3,5,57.31417443383866
learnedPE_drop,3,5,54.81841123425272
learnedPE_drop,3,5,58.467214949035345
learnedPE_drop,3,5,55.15900174501383
learnedPE_drop,3,5,65.07884263810782
learnedPE_drop,3,5,59.84435769674251
learnedPE_drop,3,5,52.75306520601247
learnedPE_drop,3,5,62.088640562471696
learnedPE_drop,3,5,57.62396998167969
learnedPE_drop,3,5,49.33961312781712
learnedPE_drop,3,5,42.957082255745334
learnedPE_drop,3,5,57.89211091822784
learnedPE_drop,3,5,52.91307391323816
learnedPE_drop,3,5,46.562087559569385
learnedPE_drop,3,5,42.79347970833519
learnedPE_drop,3,5,18.22090316321659
learnedPE_drop,3,5,23.415105113976857
learnedPE_drop,3,5,25.495729725898393
learnedPE_drop,3,5,24.18086248093295
learnedPE_drop,3,5,25.151487281259904
learnedPE_drop,3,5,32.998688290839326
learnedPE_drop,3,5,35.179105066650415
learnedPE_drop,3,5,34.182921943795996
learnedPE_drop,3,5,36.01815012803794
learnedPE_drop,3,5,36.835482583939196
learnedPE_drop,3,5,34.101532613033974
learnedPE_drop,3,5,37.081327141779866
learnedPE_drop,3,5,34.68129052115494
learnedPE_drop,3,5,38.21446865202311
learnedPE_drop,3,5,34.20407973104416
learnedPE_drop,3,5,48.30105196200335
learnedPE_drop,3,5,53.643334750817125
learnedPE_drop,3,5,51.016706462816806
learnedPE_drop,3,5,51.83368445778302
learnedPE_drop,3,5,52.86550238537125
learnedPE_drop,3,5,50.219745477042004
learnedPE_drop,3,5,51.854076900089694
learnedPE_drop,3,5,49.24899259240972
learnedPE_drop,3,5,53.676696875456386
learnedPE_drop,3,5,50.45361776526004
learnedPE_drop,3,5,52.194964149924765
learnedPE_drop,3,5,49.69637597228746
learnedPE_drop,3,5,52.12630909317934
learnedPE_drop,3,5,52.18722935706071
learnedPE_drop,3,5,54.76187183638285
learnedPE_drop,3,5,51.10991707753772
learnedPE_drop,3,5,49.67928992250381
learnedPE_drop,3,5,54.279672551064145
learnedPE_drop,3,5,48.63715284294035
learnedPE_drop,3,5,46.269018817979415
learnedPE_drop,3,5,45.1151340489569
learnedPE_drop,3,5,50.73817446824267
learnedPE_drop,3,5,48.24932543181861
learnedPE_drop,3,5,50.83301662494
learnedPE_drop,3,5,51.83565269905227
learnedPE_drop,3,5,49.749211294808376
learnedPE_drop,3,5,50.60388868908689
learnedPE_drop,3,5,48.7653752421907
learnedPE_drop,3,5,51.74315904185413
learnedPE_drop,3,5,49.46535184792986
learnedPE_drop,3,5,53.138874913837256
learnedPE_drop,3,5,51.24516925564526
learnedPE_drop,3,5,53.57032582041292
learnedPE_drop,3,5,52.990437169639065
learnedPE_drop,3,5,54.46000026523432
learnedPE_drop,3,5,52.52545126709385
learnedPE_drop,3,5,51.78216226451358
learnedPE_drop,3,5,55.07667795501744
learnedPE_drop,3,5,51.76396402837412
learnedPE_drop,3,5,47.371839249911794
learnedPE_drop,3,5,47.04698815023672
learnedPE_drop,3,5,47.03859933149806
learnedPE_drop,3,5,49.0181662906027
learnedPE_drop,3,5,53.40408469373021
learnedPE_drop,3,5,55.11353625507837
learnedPE_drop,3,5,53.47426099293343
learnedPE_drop,3,5,49.82632112389596
learnedPE_drop,3,5,54.25847741093939
learnedPE_drop,3,5,51.22365173843999
learnedPE_drop,3,5,45.88331118082614
learnedPE_drop,3,5,45.9223581227585
learnedPE_drop,3,5,51.68639283534548
learnedPE_drop,3,5,48.6562765178536
learnedPE_drop,3,5,43.24343637710408
learnedPE_drop,3,5,43.55427462122588
learnedPE_drop,3,5,39.03769199518393
learnedPE_drop,3,5,42.454380368094114
learnedPE_drop,3,5,40.62611233967415
learnedPE_drop,3,5,44.540585812194344
learnedPE_drop,3,5,45.13946091936202
learnedPE_drop,3,5,42.251117502788205
learnedPE_drop,3,5,46.412687815243864
learnedPE_drop,3,5,42.663938681548736
learnedPE_drop,3,5,48.36004328917165
learnedPE_drop,3,5,44.809772066298954
learnedPE_drop,3,5,51.977528829007376
learnedPE_drop,3,5,49.20655207035686
learnedPE_drop,3,5,54.76303319175757
learnedPE_drop,3,5,49.890089181425296
learnedPE_drop,3,5,55.31808470368606
learnedPE_drop,3,5,52.79256456397455
learnedPE_drop,3,5,48.78085010067769
learnedPE_drop,3,5,55.74580065276986
learnedPE_drop,3,5,50.80953259907352
learnedPE_drop,3,5,46.82028587341605
learnedPE_drop,3,5,58.69011498907723
learnedPE_drop,3,5,56.37581791980262
learnedPE_drop,3,5,60.233398864474864
learnedPE_drop,3,5,57.085434523540826
learnedPE_drop,3,5,63.38773441070301
learnedPE_drop,3,5,60.366018692030586
learnedPE_drop,3,5,55.538857551848075
learnedPE_drop,3,5,62.35097292193406
learnedPE_drop,3,5,57.64611727521087
learnedPE_drop,3,5,52.56520642103606
learnedPE_drop,3,5,50.39309503908813
learnedPE_drop,3,5,59.73800166637117
learnedPE_drop,3,5,54.484098883183705
learnedPE_drop,3,5,52.14441847593167
learnedPE_drop,3,5,50.17337812314221
learnedPE_drop,3,5,53.5573459476011
learnedPE_drop,3,5,52.680164897308224
learnedPE_drop,3,5,55.788495339854045
learnedPE_drop,3,5,54.066986073806426
learnedPE_drop,3,5,59.821524671627294
learnedPE_drop,3,5,56.66613013499598
learnedPE_drop,3,5,54.22793507838397
learnedPE_drop,3,5,60.869741863057804
learnedPE_drop,3,5,57.534074805252594
learnedPE_drop,3,5,51.18879907147736
learnedPE_drop,3,5,49.578544030012765
learnedPE_drop,3,5,60.31732014272878
learnedPE_drop,3,5,56.560132310750724
learnedPE_drop,3,5,51.05985192175614
learnedPE_drop,3,5,51.450346099558
learnedPE_drop,3,5,49.11183425224285
learnedPE_drop,3,5,58.661007139697354
learnedPE_drop,3,5,54.05988044602439
learnedPE_drop,3,5,49.044136370815764
learnedPE_drop,3,5,49.04687127591171
learnedPE_drop,3,5,42.50550430691948
learnedPE_drop,3,6,10.793215289936073
learnedPE_drop,3,6,17.043906046054676
learnedPE_drop,3,6,17.089809303570785
learnedPE_drop,3,6,15.81877642546903
learnedPE_drop,3,6,16.076934625402654
learnedPE_drop,3,6,21.681101629757116
learnedPE_drop,3,6,23.94744658426623
learnedPE_drop,3,6,22.24632528641667
learnedPE_drop,3,6,23.57733758916247
learnedPE_drop,3,6,27.557172155791537
learnedPE_drop,3,6,24.723305408166564
learnedPE_drop,3,6,24.930215664044987
learnedPE_drop,3,6,24.69099619745723
learnedPE_drop,3,6,27.454309592175036
learnedPE_drop,3,6,24.3105342179351
learnedPE_drop,3,6,36.46732439838318
learnedPE_drop,3,6,41.64004347073493
learnedPE_drop,3,6,38.48151717278608
learnedPE_drop,3,6,41.00320508111713
learnedPE_drop,3,6,41.16635738883385
learnedPE_drop,3,6,37.965199748853955
learnedPE_drop,3,6,39.27419717264433
learnedPE_drop,3,6,36.128304335297315
learnedPE_drop,3,6,40.60750918104475
learnedPE_drop,3,6,36.89465237400673
learnedPE_drop,3,6,40.18825847971818
learnedPE_drop,3,6,34.282233765423136
learnedPE_drop,3,6,39.438093729098846
learnedPE_drop,3,6,36.92415784086997
learnedPE_drop,3,6,40.82401559606636
learnedPE_drop,3,6,35.07071858679506
learnedPE_drop,3,6,36.15156553977758
learnedPE_drop,3,6,40.66516278653699
learnedPE_drop,3,6,36.220846552504845
learnedPE_drop,3,6,32.89621162391526
learnedPE_drop,3,6,33.19710819314214
learnedPE_drop,3,6,35.89368753705649
learnedPE_drop,3,6,33.52221292598689
learnedPE_drop,3,6,36.620749814905345
learnedPE_drop,3,6,40.06497412147957
learnedPE_drop,3,6,36.143371707151694
learnedPE_drop,3,6,38.843991025698536
learnedPE_drop,3,6,33.66326183716985
learnedPE_drop,3,6,37.50670563819093
learnedPE_drop,3,6,34.662601805547624
learnedPE_drop,3,6,41.50621710845571
learnedPE_drop,3,6,35.8635614885984
learnedPE_drop,3,6,40.68087286845745
learnedPE_drop,3,6,37.57321621977
learnedPE_drop,3,6,40.574394655545966
learnedPE_drop,3,6,38.61402226531186
learnedPE_drop,3,6,37.26051817580469
learnedPE_drop,3,6,43.61324962802288
learnedPE_drop,3,6,37.948683346428076
learnedPE_drop,3,6,34.15026758102133
learnedPE_drop,3,6,35.918726101226056
learnedPE_drop,3,6,35.22476118772414
learnedPE_drop,3,6,39.11420333715244
learnedPE_drop,3,6,35.34188333476747
learnedPE_drop,3,6,44.75310175690159
learnedPE_drop,3,6,38.075877252425826
learnedPE_drop,3,6,36.371002450750666
learnedPE_drop,3,6,42.00454360356075
learnedPE_drop,3,6,38.1048641369963
learnedPE_drop,3,6,29.92953671227326
learnedPE_drop,3,6,21.624652493488096
learnedPE_drop,3,6,39.34012571660754
learnedPE_drop,3,6,33.0936784404823
learnedPE_drop,3,6,22.987424229974334
learnedPE_drop,3,6,22.724840800450046
learnedPE_drop,3,6,32.20731824067256
learnedPE_drop,3,6,34.44133377075557
learnedPE_drop,3,6,33.486197729414734
learnedPE_drop,3,6,37.07843274131413
learnedPE_drop,3,6,43.78279038131687
learnedPE_drop,3,6,41.43744869576698
learnedPE_drop,3,6,45.092335002634755
learnedPE_drop,3,6,39.168041098665874
learnedPE_drop,3,6,45.62431946629058
learnedPE_drop,3,6,42.67536692049108
learnedPE_drop,3,6,46.461962602585416
learnedPE_drop,3,6,43.75312157060035
learnedPE_drop,3,6,49.45170544517108
learnedPE_drop,3,6,45.45660320362962
learnedPE_drop,3,6,53.57744374355955
learnedPE_drop,3,6,50.60765244707806
learnedPE_drop,3,6,44.51999668022978
learnedPE_drop,3,6,53.098031047904335
learnedPE_drop,3,6,47.81051242292949
learnedPE_drop,3,6,43.087876054073185
learnedPE_drop,3,6,54.761996811570334
learnedPE_drop,3,6,52.4198173879747
learnedPE_drop,3,6,55.57036466999052
learnedPE_drop,3,6,52.90791838675604
learnedPE_drop,3,6,61.38904304877275
learnedPE_drop,3,6,57.05728685507161
learnedPE_drop,3,6,50.80263655513958
learnedPE_drop,3,6,58.801776118652874
learnedPE_drop,3,6,54.69767945189971
learnedPE_drop,3,6,47.447177539869514
learnedPE_drop,3,6,42.09684239239767
learnedPE_drop,3,6,54.68000316011411
learnedPE_drop,3,6,48.48434096132864
learnedPE_drop,3,6,44.30939779800534
learnedPE_drop,3,6,42.44232960158988
learnedPE_drop,3,6,50.46529952086512
learnedPE_drop,3,6,48.86697495510269
learnedPE_drop,3,6,51.38479411735814
learnedPE_drop,3,6,48.6645937089272
learnedPE_drop,3,6,56.295811020306544
learnedPE_drop,3,6,55.262438989040746
learnedPE_drop,3,6,48.3879874933523
learnedPE_drop,3,6,56.790666656429515
learnedPE_drop,3,6,53.97161939760697
learnedPE_drop,3,6,45.42513448537213
learnedPE_drop,3,6,40.27664320825074
learnedPE_drop,3,6,55.823943418187085
learnedPE_drop,3,6,52.60531806417638
learnedPE_drop,3,6,43.53934174108445
learnedPE_drop,3,6,42.54444203637265
learnedPE_drop,3,6,39.407463431450026
learnedPE_drop,3,6,53.7075458819482
learnedPE_drop,3,6,49.055395747278546
learnedPE_drop,3,6,41.43727452558726
learnedPE_drop,3,6,39.51950217396819
learnedPE_drop,3,6,27.52188193849534
learnedPE_drop,3,6,14.486965102541545
learnedPE_drop,3,6,18.420204736985976
learnedPE_drop,3,6,17.41170835943727
learnedPE_drop,3,6,19.05163212223571
learnedPE_drop,3,6,24.092876533585503
learnedPE_drop,3,6,22.299068229291834
learnedPE_drop,3,6,22.585352648556157
learnedPE_drop,3,6,24.638246268591555
learnedPE_drop,3,6,25.9540084656032
learnedPE_drop,3,6,23.675372438739373
learnedPE_drop,3,6,32.29477073554474
learnedPE_drop,3,6,31.03344885478956
learnedPE_drop,3,6,33.383817456546915
learnedPE_drop,3,6,33.26087693586148
learnedPE_drop,3,6,36.10934649112427
learnedPE_drop,3,6,34.184229590273326
learnedPE_drop,3,6,32.575686278279065
learnedPE_drop,3,6,36.7377056343261
learnedPE_drop,3,6,32.96882861862947
learnedPE_drop,3,6,31.967305374044233
learnedPE_drop,3,6,45.489152352285835
learnedPE_drop,3,6,45.47535047085371
learnedPE_drop,3,6,46.13158613891868
learnedPE_drop,3,6,49.23230039207936
learnedPE_drop,3,6,51.974591786286815
learnedPE_drop,3,6,49.57593002690833
learnedPE_drop,3,6,47.014291174425765
learnedPE_drop,3,6,51.03333226129002
learnedPE_drop,3,6,46.23827211712211
learnedPE_drop,3,6,43.72541170980366
learnedPE_drop,3,6,45.11901414117155
learnedPE_drop,3,6,51.3586488921401
learnedPE_drop,3,6,46.691363352827906
learnedPE_drop,3,6,43.976474317143584
learnedPE_drop,3,6,43.4368015255961
learnedPE_drop,3,6,41.83502574500846
learnedPE_drop,3,6,41.39683452917791
learnedPE_drop,3,6,43.287505531071716
learnedPE_drop,3,6,41.943052299869244
learnedPE_drop,3,6,46.965334003698686
learnedPE_drop,3,6,45.23502564910677
learnedPE_drop,3,6,45.48689906911146
learnedPE_drop,3,6,48.89178389973121
learnedPE_drop,3,6,46.704044236327434
learnedPE_drop,3,6,39.40812263337144
learnedPE_drop,3,6,44.93656441545928
learnedPE_drop,3,6,50.908851709537316
learnedPE_drop,3,6,47.7232847686667
learnedPE_drop,3,6,42.50654257876207
learnedPE_drop,3,6,42.97702501704757
learnedPE_drop,3,6,38.62538846429151
learnedPE_drop,3,6,44.19974847932444
learnedPE_drop,3,6,42.286062066385476
learnedPE_drop,3,6,39.92561135085264
learnedPE_drop,3,6,41.33407443663018
learnedPE_drop,3,6,35.73804042190001
learnedPE_drop,3,6,38.45342003943235
learnedPE_drop,3,6,37.14376000519389
learnedPE_drop,3,6,41.87806825287531
learnedPE_drop,3,6,37.23333505792391
learnedPE_drop,3,6,43.85251655840657
learnedPE_drop,3,6,40.91615646296571
learnedPE_drop,3,6,39.98433253338202
learnedPE_drop,3,6,46.05732868901401
learnedPE_drop,3,6,42.22949380003074
learnedPE_drop,3,6,38.9984900239092
learnedPE_drop,3,6,40.89383585918533
learnedPE_drop,3,6,49.56924562118622
learnedPE_drop,3,6,47.09645307545641
learnedPE_drop,3,6,42.96079383827392
learnedPE_drop,3,6,42.87713826333396
learnedPE_drop,3,6,47.84094975708154
learnedPE_drop,3,6,56.74614352039201
learnedPE_drop,3,6,52.91897736734795
learnedPE_drop,3,6,49.05810591722797
learnedPE_drop,3,6,47.82505404061493
learnedPE_drop,3,6,41.82926187781401
learnedPE_drop,3,6,43.32835563305675
learnedPE_drop,3,6,51.74355226823489
learnedPE_drop,3,6,50.00735899420064
learnedPE_drop,3,6,44.41861658698706
learnedPE_drop,3,6,47.20071537329432
learnedPE_drop,3,6,40.79136487369724
learnedPE_drop,3,6,38.078122588638415
wavePE_drop,3,0,71.91992022350804
wavePE_drop,3,1,68.7494339799466
wavePE_drop,3,1,62.29063772948877
wavePE_drop,3,1,69.67310049568205
wavePE_drop,3,1,68.42547202826981
wavePE_drop,3,1,70.54835782638607
wavePE_drop,3,1,69.63664284364766
wavePE_drop,3,1,67.35728384624625
wavePE_drop,3,1,69.20944816485543
wavePE_drop,3,1,71.28167977724058
wavePE_drop,3,1,72.91619271407532
wavePE_drop,3,2,49.59110820297779
wavePE_drop,3,2,66.10484418386689
wavePE_drop,3,2,64.76558083918147
wavePE_drop,3,2,69.07268242895303
wavePE_drop,3,2,65.0175796218119
wavePE_drop,3,2,64.05298310134619
wavePE_drop,3,2,65.9530417716072
wavePE_drop,3,2,68.02560134184161
wavePE_drop,3,2,68.85328297449156
wavePE_drop,3,2,59.76443002307301
wavePE_drop,3,2,61.60178444896
wavePE_drop,3,2,61.13770732017288
wavePE_drop,3,2,60.913381421217466
wavePE_drop,3,2,58.92807627616893
wavePE_drop,3,2,62.82024109510222
wavePE_drop,3,2,61.44578564461599
wavePE_drop,3,2,62.884848996712094
wavePE_drop,3,2,60.94753691181097
wavePE_drop,3,2,69.51804247914514
wavePE_drop,3,2,66.66177253024699
wavePE_drop,3,2,64.51645797907895
wavePE_drop,3,2,68.65671967928789
wavePE_drop,3,2,70.25644397842312
wavePE_drop,3,2,70.8391051457297
wavePE_drop,3,2,64.87369420291742
wavePE_drop,3,2,67.6516943617684
wavePE_drop,3,2,66.04923855623262
wavePE_drop,3,2,67.19592442304335
wavePE_drop,3,2,68.1894177068415
wavePE_drop,3,2,69.34377627744034
wavePE_drop,3,2,68.28906340001384
wavePE_drop,3,2,66.96836265335206
wavePE_drop,3,2,69.23222946461179
wavePE_drop,3,2,70.32359991417131
wavePE_drop,3,2,72.46623462451721
wavePE_drop,3,2,60.51917535723136
wavePE_drop,3,2,67.23992053189845
wavePE_drop,3,2,70.0877804491462
wavePE_drop,3,2,70.97521333678478
wavePE_drop,3,2,64.87061055137485
wavePE_drop,3,2,66.59457618483434
wavePE_drop,3,2,67.09603124267245
wavePE_drop,3,2,67.8536884297485
wavePE_drop,3,2,69.86727403618782
wavePE_drop,3,2,69.04272464297603
wavePE_drop,3,3,47.731195392770594
wavePE_drop,3,3,47.70465820857653
wavePE_drop,3,3,49.02740875105662
wavePE_drop,3,3,46.65222849825754
wavePE_drop,3,3,45.990666155811304
wavePE_drop,3,3,47.07095965156497
wavePE_drop,3,3,49.07680235169937
wavePE_drop,3,3,50.050248181596096
wavePE_drop,3,3,54.65276724105503
wavePE_drop,3,3,65.2721584902279
wavePE_drop,3,3,64.02650068247146
wavePE_drop,3,3,62.15908194127383
wavePE_drop,3,3,65.2252818439204
wavePE_drop,3,3,66.16445519174864
wavePE_drop,3,3,67.59432206029638
wavePE_drop,3,3,62.027204348386384
wavePE_drop,3,3,63.72387580808006
wavePE_drop,3,3,62.810783007545176
wavePE_drop,3,3,64.45106495693531
wavePE_drop,3,3,64.94396344107172
wavePE_drop,3,3,65.21120072997752
wavePE_drop,3,3,65.87706058850863
wavePE_drop,3,3,63.43348029036421
wavePE_drop,3,3,66.48788019185713
wavePE_drop,3,3,66.96491683504254
wavePE_drop,3,3,68.74342505821683
wavePE_drop,3,3,57.41781692663858
wavePE_drop,3,3,62.71912332928198
wavePE_drop,3,3,65.70487814866051
wavePE_drop,3,3,66.32776313159485
wavePE_drop,3,3,61.848676131897435
wavePE_drop,3,3,62.88104079112156
wavePE_drop,3,3,64.11485293718825
wavePE_drop,3,3,63.74059116017852
wavePE_drop,3,3,67.29713250665678
wavePE_drop,3,3,65.70049377491308
wavePE_drop,3,3,50.35205129824855
wavePE_drop,3,3,57.61566071644609
wavePE_drop,3,3,57.13419458919497
wavePE_drop,3,3,55.36818270670756
wavePE_drop,3,3,58.57315556630028
wavePE_drop,3,3,57.75352446260144
wavePE_drop,3,3,59.65128867095708
wavePE_drop,3,3,58.98866225723593
wavePE_drop,3,3,60.45758165483014
wavePE_drop,3,3,58.49127596137452
wavePE_drop,3,3,60.22138211729277
wavePE_drop,3,3,59.895913575075326
wavePE_drop,3,3,60.89873521125452
wavePE_drop,3,3,57.92513887289455
wavePE_drop,3,3,57.27335190555123
wavePE_drop,3,3,60.80040191662736
wavePE_drop,3,3,58.21946925456117
wavePE_drop,3,3,60.615587556212766
wavePE_drop,3,3,53.208956625332796
wavePE_drop,3,3,59.090471901738674
wavePE_drop,3,3,59.944775370145614
wavePE_drop,3,3,61.97408970959162
wavePE_drop,3,3,57.18520778681197
wavePE_drop,3,3,58.32182887847699
wavePE_drop,3,3,58.968467427071566
wavePE_drop,3,3,57.813543325828014
wavePE_drop,3,3,62.04177383630865
wavePE_drop,3,3,59.262636011053125
wavePE_drop,3,3,50.12026613316956
wavePE_drop,3,3,58.47650363127356
wavePE_drop,3,3,57.77905329633499
wavePE_drop,3,3,60.849105937926005
wavePE_drop,3,3,60.75864396090534
wavePE_drop,3,3,60.953535605557185
wavePE_drop,3,3,66.54148665967507
wavePE_drop,3,3,64.20431512419046
wavePE_drop,3,3,69.17313891821739
wavePE_drop,3,3,69.03947730699826
wavePE_drop,3,3,69.85244961753037
wavePE_drop,3,3,58.04775762510503
wavePE_drop,3,3,64.88481551278932
wavePE_drop,3,3,68.33409892469709
wavePE_drop,3,3,68.33908249927228
wavePE_drop,3,3,63.02860249386324
wavePE_drop,3,3,64.52105746212287
wavePE_drop,3,3,64.41841260787366
wavePE_drop,3,3,67.1723209221047
wavePE_drop,3,3,69.14738218043877
wavePE_drop,3,3,67.03111271911469
wavePE_drop,3,3,63.46251699756829
wavePE_drop,3,3,62.79609661743542
wavePE_drop,3,3,64.82144765296081
wavePE_drop,3,3,63.185522410355354
wavePE_drop,3,3,65.01972517681172
wavePE_drop,3,3,59.2036513429176
wavePE_drop,3,3,67.45462700858211
wavePE_drop,3,3,69.16481589049594
wavePE_drop,3,3,68.34708627611514
wavePE_drop,3,3,65.18512542789217
wavePE_drop,3,3,66.10357532196672
wavePE_drop,3,3,65.46825311066284
wavePE_drop,3,3,65.45615438528871
wavePE_drop,3,3,66.51771721813564
wavePE_drop,3,3,68.23593530806828
wavePE_drop,3,3,57.65666858643717
wavePE_drop,3,3,67.36324001807807
wavePE_drop,3,3,68.10780047602061
wavePE_drop,3,3,69.87218708677955
wavePE_drop,3,3,64.20279776280223
wavePE_drop,3,3,65.20213459179482
wavePE_drop,3,3,67.50104494669425
wavePE_drop,3,3,67.34900675069306
wavePE_drop,3,3,70.02049619532012
wavePE_drop,3,3,65.49595425599934
wavePE_drop,3,3,55.7877219226882
wavePE_drop,3,3,60.25723756763182
wavePE_drop,3,3,60.14102238749441
wavePE_drop,3,3,66.78223287741973
wavePE_drop,3,3,68.84314004652323
wavePE_drop,3,3,68.80645967463194
wavePE_drop,3,3,60.38564209464725
wavePE_drop,3,3,63.4951016658433
wavePE_drop,3,3,64.96674375063807
wavePE_drop,3,3,54.12173864973989
wavePE_drop,3,4,38.75297220940595
wavePE_drop,3,4,46.91897325349127
wavePE_drop,3,4,44.97400028920122
wavePE_drop,3,4,43.98084786286427
wavePE_drop,3,4,44.892167339299576
wavePE_drop,3,4,47.12225629551615
wavePE_drop,3,4,48.49453429799793
wavePE_drop,3,4,47.265947591385256
wavePE_drop,3,4,44.76406554159471
wavePE_drop,3,4,43.52763253872821
wavePE_drop,3,4,45.828798146192426
wavePE_drop,3,4,47.79610809758412
wavePE_drop,3,4,48.7501726215723
wavePE_drop,3,4,45.587993254072195
wavePE_drop,3,4,44.19721707664705
wavePE_drop,3,4,45.75473632438694
wavePE_drop,3,4,48.278252207118115
wavePE_drop,3,4,44.49627105932591
wavePE_drop,3,4,40.618295704129004
wavePE_drop,3,4,42.068257381585504
wavePE_drop,3,4,45.62468098366469
wavePE_drop,3,4,46.97827897751846
wavePE_drop,3,4,43.51652349507257
wavePE_drop,3,4,45.54317364168564
wavePE_drop,3,4,46.482492563043095
wavePE_drop,3,4,46.014191364555316
wavePE_drop,3,4,46.879780886842596
wavePE_drop,3,4,47.77973123137423
wavePE_drop,3,4,42.28969545365901
wavePE_drop,3,4,51.48080762175554
wavePE_drop,3,4,50.82055664158397
wavePE_drop,3,4,53.676331179797735
wavePE_drop,3,4,51.72106635304736
wavePE_drop,3,4,52.46980623260712
wavePE_drop,3,4,62.243051258210514
wavePE_drop,3,4,60.96570162678286
wavePE_drop,3,4,65.75029055341422
wavePE_drop,3,4,64.54744177736357
wavePE_drop,3,4,66.18487429036868
wavePE_drop,3,4,54.88916553624596
wavePE_drop,3,4,61.44356708254488
wavePE_drop,3,4,64.53282325052814
wavePE_drop,3,4,65.40898914017173
wavePE_drop,3,4,60.063474537746814
wavePE_drop,3,4,61.75982429321728
wavePE_drop,3,4,62.48058310044764
wavePE_drop,3,4,63.06144687743904
wavePE_drop,3,4,65.86263740019885
wavePE_drop,3,4,63.56037388899328
wavePE_drop,3,4,61.6651217410286
wavePE_drop,3,4,59.55171089499455
wavePE_drop,3,4,62.938823204167214
wavePE_drop,3,4,60.194522130502726
wavePE_drop,3,4,61.06299376637799
wavePE_drop,3,4,57.04448941151092
wavePE_drop,3,4,62.977429262191094
wavePE_drop,3,4,65.1642812136903
wavePE_drop,3,4,65.29224779418266
wavePE_drop,3,4,61.3156983848897
wavePE_drop,3,4,62.43823113415918
wavePE_drop,3,4,62.342474143527355
wavePE_drop,3,4,62.08604154098631
wavePE_drop,3,4,63.90697144169344
wavePE_drop,3,4,63.313555620701436
wavePE_drop,3,4,52.46335993815271
wavePE_drop,3,4,61.41219588916907
wavePE_drop,3,4,65.65814100139546
wavePE_drop,3,4,65.81802818482957
wavePE_drop,3,4,61.6974179011889
wavePE_drop,3,4,61.96299777965216
wavePE_drop,3,4,61.70648590222338
wavePE_drop,3,4,63.49619741850084
wavePE_drop,3,4,65.9007208649322
wavePE_drop,3,4,61.69122993020401
wavePE_drop,3,4,53.24179606633187
wavePE_drop,3,4,55.47367758175461
wavePE_drop,3,4,57.1281628254711
wavePE_drop,3,4,59.88365472673245
wavePE_drop,3,4,63.75839489530648
wavePE_drop,3,4,62.55093020235736
wavePE_drop,3,4,57.97934952427539
wavePE_drop,3,4,61.90409657244719
wavePE_drop,3,4,61.40113794284395
wavePE_drop,3,4,49.79275549957617
wavePE_drop,3,4,38.84287951301191
wavePE_drop,3,4,48.70433743839634
wavePE_drop,3,4,47.011713149154396
wavePE_drop,3,4,47.55816744082032
wavePE_drop,3,4,48.734804060702444
wavePE_drop,3,4,50.11249706586495
wavePE_drop,3,4,52.44087267292873
wavePE_drop,3,4,53.93041289649039
wavePE_drop,3,4,57.464171653122776
wavePE_drop,3,4,55.47441916030687
wavePE_drop,3,4,56.75459872896598
wavePE_drop,3,4,48.819217210708416
wavePE_drop,3,4,54.886430215104795
wavePE_drop,3,4,55.752784211903574
wavePE_drop,3,4,57.352723154524895
wavePE_drop,3,4,54.89882334961556
wavePE_drop,3,4,54.80596922155892
wavePE_drop,3,4,55.409325204699655
wavePE_drop,3,4,55.3631365831542
wavePE_drop,3,4,58.77060704007399
wavePE_drop,3,4,54.9037691431372
wavePE_drop,3,4,55.07885759505064
wavePE_drop,3,4,55.79607928075016
wavePE_drop,3,4,59.21375974610838
wavePE_drop,3,4,54.956462190651685
wavePE_drop,3,4,58.2561088655274
wavePE_drop,3,4,50.83991880623317
wavePE_drop,3,4,57.56916994561699
wavePE_drop,3,4,57.48278406215724
wavePE_drop,3,4,59.84844366048803
wavePE_drop,3,4,56.329650806161624
wavePE_drop,3,4,56.99212516570146
wavePE_drop,3,4,58.43721407053681
wavePE_drop,3,4,55.59249615083945
wavePE_drop,3,4,59.76159527974902
wavePE_drop,3,4,57.36247776213592
wavePE_drop,3,4,41.793588934357615
wavePE_drop,3,4,56.127728750177155
wavePE_drop,3,4,56.33706154604515
wavePE_drop,3,4,57.78026050676421
wavePE_drop,3,4,54.04734689030262
wavePE_drop,3,4,56.421805192823676
wavePE_drop,3,4,56.43933374747762
wavePE_drop,3,4,55.48841078126298
wavePE_drop,3,4,59.21911789263614
wavePE_drop,3,4,55.17489259749012
wavePE_drop,3,4,47.34535021492168
wavePE_drop,3,4,51.46911741505162
wavePE_drop,3,4,52.62890700957041
wavePE_drop,3,4,53.988575016386406
wavePE_drop,3,4,58.242005279931945
wavePE_drop,3,4,56.7122195617897
wavePE_drop,3,4,52.76203175865248
wavePE_drop,3,4,57.2809952095273
wavePE_drop,3,4,56.891753260690955
wavePE_drop,3,4,48.33927467840955
wavePE_drop,3,4,41.969743260580266
wavePE_drop,3,4,46.70277574856916
wavePE_drop,3,4,50.11628098274159
wavePE_drop,3,4,49.03308806846059
wavePE_drop,3,4,49.01952157534168
wavePE_drop,3,4,49.43194876484097
wavePE_drop,3,4,58.28250336873399
wavePE_drop,3,4,58.52724284540891
wavePE_drop,3,4,59.18048389620291
wavePE_drop,3,4,58.14548424389596
wavePE_drop,3,4,57.39821340695413
wavePE_drop,3,4,57.083885660926335
wavePE_drop,3,4,58.56252652941702
wavePE_drop,3,4,58.46705967118828
wavePE_drop,3,4,56.15122960080236
wavePE_drop,3,4,50.21774357702384
wavePE_drop,3,4,66.0500600272121
wavePE_drop,3,4,66.40873637883348
wavePE_drop,3,4,67.0888544486714
wavePE_drop,3,4,63.06576586173442
wavePE_drop,3,4,63.39463686998662
wavePE_drop,3,4,64.86830349410688
wavePE_drop,3,4,66.66810115546106
wavePE_drop,3,4,68.20090841771604
wavePE_drop,3,4,61.41957032923914
wavePE_drop,3,4,52.97009935285446
wavePE_drop,3,4,57.61490726365361
wavePE_drop,3,4,57.741094857950536
wavePE_drop,3,4,65.02091041222927
wavePE_drop,3,4,67.48962670146202
wavePE_drop,3,4,67.23127566908397
wavePE_drop,3,4,60.113464951348014
wavePE_drop,3,4,64.22529954938423
wavePE_drop,3,4,63.965805201503706
wavePE_drop,3,4,52.82407894253718
wavePE_drop,3,4,53.59513317157913
wavePE_drop,3,4,64.09333202448025
wavePE_drop,3,4,63.7196560738334
wavePE_drop,3,4,63.998916230454206
wavePE_drop,3,4,63.03063399530392
wavePE_drop,3,4,60.863687141962146
wavePE_drop,3,4,62.12337262110377
wavePE_drop,3,4,61.33701765693113
wavePE_drop,3,4,63.860952405541674
wavePE_drop,3,4,61.21555577546008
wavePE_drop,3,4,55.64574166504905
wavePE_drop,3,4,58.54845155492682
wavePE_drop,3,4,60.015544943464775
wavePE_drop,3,4,65.8394405268478
wavePE_drop,3,4,68.48648908189833
wavePE_drop,3,4,68.31336329727596
wavePE_drop,3,4,61.36007559312164
wavePE_drop,3,4,63.70410761914663
wavePE_drop,3,4,65.1590629922867
wavePE_drop,3,4,53.84046722098439
wavePE_drop,3,4,46.58523938135104
wavePE_drop,3,4,55.800032934834334
wavePE_drop,3,4,57.81847496351744
wavePE_drop,3,4,64.91268344884655
wavePE_drop,3,4,67.39762501884057
wavePE_drop,3,4,64.41213368304282
wavePE_drop,3,4,59.38471080969176
wavePE_drop,3,4,63.149321994818884
wavePE_drop,3,4,63.94335421891868
wavePE_drop,3,4,50.52870426171193
wavePE_drop,3,4,48.940755180408715
wavePE_drop,3,4,53.6871137867163
wavePE_drop,3,4,57.27140218234401
wavePE_drop,3,4,48.554779630054
wavePE_drop,3,4,46.42809534603894
wavePE_drop,3,5,32.03575897227824
wavePE_drop,3,5,37.44147349875107
wavePE_drop,3,5,37.9526782608525
wavePE_drop,3,5,36.04895320038421
wavePE_drop,3,5,35.36389679698306
wavePE_drop,3,5,34.9691771219095
wavePE_drop,3,5,42.85421216959104
wavePE_drop,3,5,42.790873820062835
wavePE_drop,3,5,45.40080704388911
wavePE_drop,3,5,44.979638573289336
wavePE_drop,3,5,42.485898277000736
wavePE_drop,3,5,37.86952281041086
wavePE_drop,3,5,41.004205606138605
wavePE_drop,3,5,44.88332811108272
wavePE_drop,3,5,45.37740739976656
wavePE_drop,3,5,41.72980479160172
wavePE_drop,3,5,43.54940389108399
wavePE_drop,3,5,43.16271086454032
wavePE_drop,3,5,44.22154040374778
wavePE_drop,3,5,43.42897047873901
wavePE_drop,3,5,44.33290840099089
wavePE_drop,3,5,44.03582661353549
wavePE_drop,3,5,43.40240422059524
wavePE_drop,3,5,46.22722278387058
wavePE_drop,3,5,42.98974875767583
wavePE_drop,3,5,42.79614598211089
wavePE_drop,3,5,36.37674507679655
wavePE_drop,3,5,41.678190806442224
wavePE_drop,3,5,44.48113191606804
wavePE_drop,3,5,45.87605306775026
wavePE_drop,3,5,41.02864878395165
wavePE_drop,3,5,42.1600090167196
wavePE_drop,3,5,44.29468801974392
wavePE_drop,3,5,42.891258993954786
wavePE_drop,3,5,46.16797657423258
wavePE_drop,3,5,46.73313916277524
wavePE_drop,3,5,29.922908933632808
wavePE_drop,3,5,40.34862972514925
wavePE_drop,3,5,45.24164121576475
wavePE_drop,3,5,40.25844228036913
wavePE_drop,3,5,39.75360170530126
wavePE_drop,3,5,43.45787309161331
wavePE_drop,3,5,41.08098385292029
wavePE_drop,3,5,43.8951655193527
wavePE_drop,3,5,35.799206411486104
wavePE_drop,3,5,40.42173734009155
wavePE_drop,3,5,34.18413231316848
wavePE_drop,3,5,38.447238104224375
wavePE_drop,3,5,39.49594885824155
wavePE_drop,3,5,39.39287352635774
wavePE_drop,3,5,38.657429995608304
wavePE_drop,3,5,45.29805737930627
wavePE_drop,3,5,39.99495011436361
wavePE_drop,3,5,41.83967163603158
wavePE_drop,3,5,44.29343666880753
wavePE_drop,3,5,33.80720322355254
wavePE_drop,3,5,30.85437427081768
wavePE_drop,3,5,40.65276845392112
wavePE_drop,3,5,43.3270393388536
wavePE_drop,3,5,41.94791182729522
wavePE_drop,3,5,39.13564853331601
wavePE_drop,3,5,44.89289727598939
wavePE_drop,3,5,51.52359692511864
wavePE_drop,3,5,50.27323320177903
wavePE_drop,3,5,49.41124612520464
wavePE_drop,3,5,51.35249511537878
wavePE_drop,3,5,49.79883599746021
wavePE_drop,3,5,49.3857628867363
wavePE_drop,3,5,51.59396032470467
wavePE_drop,3,5,49.88333674750401
wavePE_drop,3,5,45.63703065238716
wavePE_drop,3,5,47.787004101147396
wavePE_drop,3,5,61.25712225012096
wavePE_drop,3,5,63.13381744031613
wavePE_drop,3,5,61.37861186574133
wavePE_drop,3,5,61.003030493713275
wavePE_drop,3,5,61.31296969006615
wavePE_drop,3,5,60.66670817152741
wavePE_drop,3,5,62.30026037692255
wavePE_drop,3,5,63.3199002054159
wavePE_drop,3,5,57.44777620771258
wavePE_drop,3,5,50.15746799514427
wavePE_drop,3,5,54.77275045508747
wavePE_drop,3,5,55.393812824444105
wavePE_drop,3,5,59.83244508522324
wavePE_drop,3,5,62.77539405164223
wavePE_drop,3,5,62.27766831500573
wavePE_drop,3,5,56.75975375826602
wavePE_drop,3,5,59.30290395449918
wavePE_drop,3,5,59.53140235396147
wavePE_drop,3,5,49.739865720674565
wavePE_drop,3,5,48.640011779768024
wavePE_drop,3,5,62.529666385124656
wavePE_drop,3,5,62.48475327406334
wavePE_drop,3,5,61.854656415440836
wavePE_drop,3,5,59.7632116827898
wavePE_drop,3,5,57.82051791170636
wavePE_drop,3,5,59.41330265425695
wavePE_drop,3,5,58.81404003876774
wavePE_drop,3,5,60.84730702193566
wavePE_drop,3,5,55.710087321016324
wavePE_drop,3,5,51.68223532022015
wavePE_drop,3,5,55.58883308958802
wavePE_drop,3,5,58.003352998359276
wavePE_drop,3,5,62.18307942922416
wavePE_drop,3,5,63.616027166546644
wavePE_drop,3,5,63.354365946131686
wavePE_drop,3,5,57.12307764014576
wavePE_drop,3,5,61.48234835949557
wavePE_drop,3,5,59.34816584221021
wavePE_drop,3,5,46.845668883670385
wavePE_drop,3,5,43.391445514250485
wavePE_drop,3,5,52.01409547870495
wavePE_drop,3,5,48.97681052076029
wavePE_drop,3,5,57.464626579543946
wavePE_drop,3,5,58.38416279907972
wavePE_drop,3,5,62.177878381324874
wavePE_drop,3,5,57.449147382197744
wavePE_drop,3,5,58.450287695085066
wavePE_drop,3,5,58.903469533409655
wavePE_drop,3,5,45.07200620102992
wavePE_drop,3,5,43.855342452589234
wavePE_drop,3,5,49.075406624233544
wavePE_drop,3,5,53.31407803458047
wavePE_drop,3,5,38.825360980986886
wavePE_drop,3,5,42.687410769753875
wavePE_drop,3,5,30.323900106177582
wavePE_drop,3,5,38.322896221514384
wavePE_drop,3,5,35.33621996346533
wavePE_drop,3,5,38.523510683233226
wavePE_drop,3,5,38.86957883830691
wavePE_drop,3,5,38.94282488220863
wavePE_drop,3,5,44.86045224280664
wavePE_drop,3,5,48.29534086541939
wavePE_drop,3,5,49.21133661095017
wavePE_drop,3,5,43.170070271019995
wavePE_drop,3,5,45.39082612247284
wavePE_drop,3,5,46.93348211547795
wavePE_drop,3,5,43.6898322510321
wavePE_drop,3,5,44.92301270547181
wavePE_drop,3,5,42.023478477312715
wavePE_drop,3,5,40.71370535829376
wavePE_drop,3,5,51.1416989982737
wavePE_drop,3,5,50.83938910339748
wavePE_drop,3,5,52.32563107362607
wavePE_drop,3,5,53.69196029251167
wavePE_drop,3,5,52.88258405663222
wavePE_drop,3,5,53.187095274005216
wavePE_drop,3,5,53.9001207948508
wavePE_drop,3,5,54.99902355133349
wavePE_drop,3,5,48.15092620518336
wavePE_drop,3,5,42.00903181798591
wavePE_drop,3,5,48.47351509835429
wavePE_drop,3,5,48.81830713710268
wavePE_drop,3,5,51.978133396208925
wavePE_drop,3,5,53.664554781272614
wavePE_drop,3,5,52.30616864950275
wavePE_drop,3,5,51.15097814272671
wavePE_drop,3,5,54.289524131638736
wavePE_drop,3,5,52.628050082347116
wavePE_drop,3,5,44.894444793930674
wavePE_drop,3,5,39.303415141928234
wavePE_drop,3,5,52.734178662228544
wavePE_drop,3,5,51.83156536262771
wavePE_drop,3,5,54.71365004833961
wavePE_drop,3,5,54.853242768047515
wavePE_drop,3,5,53.27387935553577
wavePE_drop,3,5,54.81106625464554
wavePE_drop,3,5,52.817220063024216
wavePE_drop,3,5,58.31036802404533
wavePE_drop,3,5,52.50672084675898
wavePE_drop,3,5,45.453239032230314
wavePE_drop,3,5,48.88184544709899
wavePE_drop,3,5,51.00072179213187
wavePE_drop,3,5,52.831717277523246
wavePE_drop,3,5,56.03748635696779
wavePE_drop,3,5,55.36847071887955
wavePE_drop,3,5,49.998917094165435
wavePE_drop,3,5,55.862681119441746
wavePE_drop,3,5,56.20405499874893
wavePE_drop,3,5,48.403305989826215
wavePE_drop,3,5,36.818179800670215
wavePE_drop,3,5,41.44200516954078
wavePE_drop,3,5,42.52888399459213
wavePE_drop,3,5,50.00485385160759
wavePE_drop,3,5,54.91382950179654
wavePE_drop,3,5,53.345808013586016
wavePE_drop,3,5,50.7359198418194
wavePE_drop,3,5,49.974708121984904
wavePE_drop,3,5,52.6996926144293
wavePE_drop,3,5,42.46493398082524
wavePE_drop,3,5,40.626191528156156
wavePE_drop,3,5,44.949513040808924
wavePE_drop,3,5,49.305019334211295
wavePE_drop,3,5,43.18195768733727
wavePE_drop,3,5,38.882302588786665
wavePE_drop,3,5,30.905969042258693
wavePE_drop,3,5,39.787035368255694
wavePE_drop,3,5,40.29316698855392
wavePE_drop,3,5,40.91186117997859
wavePE_drop,3,5,47.24202133584657
wavePE_drop,3,5,45.72267510319383
wavePE_drop,3,5,44.8089829159254
wavePE_drop,3,5,49.31362999525293
wavePE_drop,3,5,47.74530049919059
wavePE_drop,3,5,41.778173764895236
wavePE_drop,3,5,45.1271206305651
wavePE_drop,3,5,48.15708093467931
wavePE_drop,3,5,49.05748793027494
wavePE_drop,3,5,56.64749342655609
wavePE_drop,3,5,57.580189239900896
wavePE_drop,3,5,55.09579627342038
wavePE_drop,3,5,54.361496137024915
wavePE_drop,3,5,56.369639844371484
wavePE_drop,3,5,52.89101373604773
wavePE_drop,3,5,40.120781493081445
wavePE_drop,3,5,43.97166837127184
wavePE_drop,3,5,50.837848220498515
wavePE_drop,3,5,51.15599700925036
wavePE_drop,3,5,64.05777040011537
wavePE_drop,3,5,66.40701775476481
wavePE_drop,3,5,62.53472778235706
wavePE_drop,3,5,59.14239434811664
wavePE_drop,3,5,64.22750323391794
wavePE_drop,3,5,61.34816643855067
wavePE_drop,3,5,47.886490824045424
wavePE_drop,3,5,48.48523028188426
wavePE_drop,3,5,50.692307462275565
wavePE_drop,3,5,54.75485677502233
wavePE_drop,3,5,49.141450402456194
wavePE_drop,3,5,44.016557451526104
wavePE_drop,3,5,45.06633421635557
wavePE_drop,3,5,52.74619619192242
wavePE_drop,3,5,54.758670775179816
wavePE_drop,3,5,63.06301635411967
wavePE_drop,3,5,64.64528936876494
wavePE_drop,3,5,63.840292991978664
wavePE_drop,3,5,58.183555029345655
wavePE_drop,3,5,60.84419590872615
wavePE_drop,3,5,60.02509631935839
wavePE_drop,3,5,48.77961649910992
wavePE_drop,3,5,49.58663186571465
wavePE_drop,3,5,54.609087872694694
wavePE_drop,3,5,56.647433386375084
wavePE_drop,3,5,50.36431096740279
wavePE_drop,3,5,46.608862858118975
wavePE_drop,3,5,39.379713942838855
wavePE_drop,3,5,41.552502755898004
wavePE_drop,3,5,52.282677638886334
wavePE_drop,3,5,42.9517725973313
wavePE_drop,3,5,43.82898373314416
wavePE_drop,3,5,27.60550419601869
wavePE_drop,3,6,23.842388209800674
wavePE_drop,3,6,30.698582721942206
wavePE_drop,3,6,30.158957214635368
wavePE_drop,3,6,31.85571757143629
wavePE_drop,3,6,26.24867490803274
wavePE_drop,3,6,30.156980704141294
wavePE_drop,3,6,31.894438453221728
wavePE_drop,3,6,34.76467632794283
wavePE_drop,3,6,34.22133342240157
wavePE_drop,3,6,33.14815045347997
wavePE_drop,3,6,36.68873405387719
wavePE_drop,3,6,33.49864004470509
wavePE_drop,3,6,34.33040992168277
wavePE_drop,3,6,30.19278258368443
wavePE_drop,3,6,30.334946593516065
wavePE_drop,3,6,29.806355546593757
wavePE_drop,3,6,40.398275862770454
wavePE_drop,3,6,41.201558375526034
wavePE_drop,3,6,40.22738958005624
wavePE_drop,3,6,40.8089862893995
wavePE_drop,3,6,41.063999817427586
wavePE_drop,3,6,38.764251372362125
wavePE_drop,3,6,43.51405039590571
wavePE_drop,3,6,37.43724576205672
wavePE_drop,3,6,32.81220341351516
wavePE_drop,3,6,32.13317031736368
wavePE_drop,3,6,36.558565129140284
wavePE_drop,3,6,35.48961020027171
wavePE_drop,3,6,37.978474502382696
wavePE_drop,3,6,36.42395918742035
wavePE_drop,3,6,42.553635027512016
wavePE_drop,3,6,40.01629965231416
wavePE_drop,3,6,38.977148342927244
wavePE_drop,3,6,41.79822529690953
wavePE_drop,3,6,27.305746027227922
wavePE_drop,3,6,29.428859447171384
wavePE_drop,3,6,43.041440925147846
wavePE_drop,3,6,40.71657917768333
wavePE_drop,3,6,39.61277657668326
wavePE_drop,3,6,40.63275987343375
wavePE_drop,3,6,41.667352861758445
wavePE_drop,3,6,39.06849748423728
wavePE_drop,3,6,40.08494369276203
wavePE_drop,3,6,35.57119988409124
wavePE_drop,3,6,40.515583529354785
wavePE_drop,3,6,29.797041401457193
wavePE_drop,3,6,32.96513703875196
wavePE_drop,3,6,36.19304361753768
wavePE_drop,3,6,37.303298364607784
wavePE_drop,3,6,40.31663608421679
wavePE_drop,3,6,44.44393307997969
wavePE_drop,3,6,34.8767650226171
wavePE_drop,3,6,40.208674665461366
wavePE_drop,3,6,40.86611160342934
wavePE_drop,3,6,31.43075113601802
wavePE_drop,3,6,25.552297849463148
wavePE_drop,3,6,30.617928544534163
wavePE_drop,3,6,29.539510035687353
wavePE_drop,3,6,38.38032439450619
wavePE_drop,3,6,32.43367932294833
wavePE_drop,3,6,42.20061171937237
wavePE_drop,3,6,37.95230762407097
wavePE_drop,3,6,32.31497874168631
wavePE_drop,3,6,41.10240748681185
wavePE_drop,3,6,27.106136564278522
wavePE_drop,3,6,26.407122640707165
wavePE_drop,3,6,28.924787561269504
wavePE_drop,3,6,36.39084997748288
wavePE_drop,3,6,25.675653881372902
wavePE_drop,3,6,26.677222389550874
wavePE_drop,3,6,26.29881701722676
wavePE_drop,3,6,30.747132135850542
wavePE_drop,3,6,30.92961227261311
wavePE_drop,3,6,31.36738719093226
wavePE_drop,3,6,41.482548201898844
wavePE_drop,3,6,40.12385599510087
wavePE_drop,3,6,35.65416495257341
wavePE_drop,3,6,41.527073780102455
wavePE_drop,3,6,38.304027230723285
wavePE_drop,3,6,34.14123867416615
wavePE_drop,3,6,39.428178277462465
wavePE_drop,3,6,42.82239590809498
wavePE_drop,3,6,44.92669225221442
wavePE_drop,3,6,49.19354184940049
wavePE_drop,3,6,47.27003856219816
wavePE_drop,3,6,43.54117654641433
wavePE_drop,3,6,47.8775410160131
wavePE_drop,3,6,48.103029789528364
wavePE_drop,3,6,44.41708631517588
wavePE_drop,3,6,36.40032305980595
wavePE_drop,3,6,43.17113129963142
wavePE_drop,3,6,47.32637486836022
wavePE_drop,3,6,48.53463874416078
wavePE_drop,3,6,59.19196324562443
wavePE_drop,3,6,59.26795272583028
wavePE_drop,3,6,56.33044461595716
wavePE_drop,3,6,56.86421686042256
wavePE_drop,3,6,58.118701088551006
wavePE_drop,3,6,56.672621531577114
wavePE_drop,3,6,42.74047226634418
wavePE_drop,3,6,42.6439137452571
wavePE_drop,3,6,44.71432582909525
wavePE_drop,3,6,51.12561276370882
wavePE_drop,3,6,38.899910752039936
wavePE_drop,3,6,40.27412212986958
wavePE_drop,3,6,43.892490585943264
wavePE_drop,3,6,49.5626272466413
wavePE_drop,3,6,48.386738851277414
wavePE_drop,3,6,57.56857138030107
wavePE_drop,3,6,58.69055797901808
wavePE_drop,3,6,56.93480840702592
wavePE_drop,3,6,54.551610723648665
wavePE_drop,3,6,58.06288751015342
wavePE_drop,3,6,55.17511360089656
wavePE_drop,3,6,43.929500932556316
wavePE_drop,3,6,43.51598810411792
wavePE_drop,3,6,49.79483550746574
wavePE_drop,3,6,49.855946154904736
wavePE_drop,3,6,36.29888703115299
wavePE_drop,3,6,37.806479788966385
wavePE_drop,3,6,33.48239351569812
wavePE_drop,3,6,35.63704307460209
wavePE_drop,3,6,46.43521492225258
wavePE_drop,3,6,33.387275657629374
wavePE_drop,3,6,39.97866938202583
wavePE_drop,3,6,26.252711001551
wavePE_drop,3,6,22.130254195529776
wavePE_drop,3,6,26.021033836337462
wavePE_drop,3,6,29.790260577168876
wavePE_drop,3,6,30.149658825412946
wavePE_drop,3,6,34.997329919957835
wavePE_drop,3,6,36.51988359581539
wavePE_drop,3,6,38.45809912060156
wavePE_drop,3,6,32.668792446690965
wavePE_drop,3,6,32.86356081919638
wavePE_drop,3,6,36.57621836247051
wavePE_drop,3,6,32.49817611584707
wavePE_drop,3,6,39.25497178980551
wavePE_drop,3,6,38.64634394509652
wavePE_drop,3,6,43.613319967310325
wavePE_drop,3,6,46.13540795990103
wavePE_drop,3,6,43.27086430004805
wavePE_drop,3,6,39.328211540525345
wavePE_drop,3,6,41.77814877553303
wavePE_drop,3,6,42.62020479709063
wavePE_drop,3,6,32.88787242254299
wavePE_drop,3,6,35.46781815922997
wavePE_drop,3,6,39.85473840348795
wavePE_drop,3,6,40.195883152928715
wavePE_drop,3,6,47.883199675055
wavePE_drop,3,6,49.3206290617408
wavePE_drop,3,6,45.76804239715636
wavePE_drop,3,6,50.63888898028984
wavePE_drop,3,6,50.35429297434588
wavePE_drop,3,6,47.531986073145
wavePE_drop,3,6,38.18945377302001
wavePE_drop,3,6,37.20560799309958
wavePE_drop,3,6,38.87223970649376
wavePE_drop,3,6,45.327247046459895
wavePE_drop,3,6,39.832735060493896
wavePE_drop,3,6,35.61104634137969
wavePE_drop,3,6,36.03384604584938
wavePE_drop,3,6,38.062718360988946
wavePE_drop,3,6,39.28451697882182
wavePE_drop,3,6,46.41541584205074
wavePE_drop,3,6,52.85727170192208
wavePE_drop,3,6,50.17529942088372
wavePE_drop,3,6,49.14862288072428
wavePE_drop,3,6,51.966360588032344
wavePE_drop,3,6,50.888112948960774
wavePE_drop,3,6,41.4390047460732
wavePE_drop,3,6,37.69645758675911
wavePE_drop,3,6,42.969632391504945
wavePE_drop,3,6,46.046587541407185
wavePE_drop,3,6,41.84306475674889
wavePE_drop,3,6,40.483605304442186
wavePE_drop,3,6,31.183463820194145
wavePE_drop,3,6,31.94743408533069
wavePE_drop,3,6,38.798759791476805
wavePE_drop,3,6,35.81950631299615
wavePE_drop,3,6,30.294772055989387
wavePE_drop,3,6,25.054391049510354
wavePE_drop,3,6,26.464420954318562
wavePE_drop,3,6,28.733362330602336
wavePE_drop,3,6,29.93100750853722
wavePE_drop,3,6,39.31952441041522
wavePE_drop,3,6,39.0029589617787
wavePE_drop,3,6,35.991778602571316
wavePE_drop,3,6,44.97987637545139
wavePE_drop,3,6,44.6523419668682
wavePE_drop,3,6,37.93953649204421
wavePE_drop,3,6,31.102444782661472
wavePE_drop,3,6,40.69075310862456
wavePE_drop,3,6,44.10788732884822
wavePE_drop,3,6,43.64929535880601
wavePE_drop,3,6,39.305136318809154
wavePE_drop,3,6,30.985153736027723
wavePE_drop,3,6,40.50241519017493
wavePE_drop,3,6,40.78885675797579
wavePE_drop,3,6,45.63594468202539
wavePE_drop,3,6,42.33561882026215
wavePE_drop,3,6,42.181732446690305
wavePE_drop,3,6,27.692953475801023
wavePE_drop,3,6,34.15356866712504
wavePE_drop,3,6,40.48915839342903
wavePE_drop,3,6,47.35498662811698
wavePE_drop,3,6,41.97275409994456
wavePE_drop,3,6,42.920704542641154
wavePE_drop,3,6,23.78713740946167
wavePE_drop,3,6,19.88907237796258
learnedPE_nodrop,4,0,66.565329613698
learnedPE_nodrop,4,1,64.37085409035733
learnedPE_nodrop,4,1,24.22172818545174
learnedPE_nodrop,4,1,55.63686177665901
learnedPE_nodrop,4,1,62.32086708414139
learnedPE_nodrop,4,1,56.92356796604177
learnedPE_nodrop,4,1,63.48136221112912
learnedPE_nodrop,4,1,55.74050554909768
learnedPE_nodrop,4,1,64.59535640867044
learnedPE_nodrop,4,1,59.60386285937509
learnedPE_nodrop,4,1,65.70020171971667
learnedPE_nodrop,4,2,21.851346426714876
learnedPE_nodrop,4,2,53.853894594805936
learnedPE_nodrop,4,2,62.135445157725904
learnedPE_nodrop,4,2,55.19284019483479
learnedPE_nodrop,4,2,59.820477906509936
learnedPE_nodrop,4,2,51.03360720894629
learnedPE_nodrop,4,2,61.36990999382224
learnedPE_nodrop,4,2,56.90075541761585
learnedPE_nodrop,4,2,61.94327291432328
learnedPE_nodrop,4,2,21.918860727175268
learnedPE_nodrop,4,2,24.97093938089742
learnedPE_nodrop,4,2,16.697070721856427
learnedPE_nodrop,4,2,21.577534265734077
learnedPE_nodrop,4,2,21.72508498769094
learnedPE_nodrop,4,2,24.31356885903747
learnedPE_nodrop,4,2,23.357734877235703
learnedPE_nodrop,4,2,23.80571875110567
learnedPE_nodrop,4,2,29.948124581416717
learnedPE_nodrop,4,2,47.788063660387834
learnedPE_nodrop,4,2,54.484400737121646
learnedPE_nodrop,4,2,46.619338603807265
learnedPE_nodrop,4,2,55.86253186941753
learnedPE_nodrop,4,2,51.7434677630186
learnedPE_nodrop,4,2,56.532251332996545
learnedPE_nodrop,4,2,50.93212055662563
learnedPE_nodrop,4,2,59.31499000483829
learnedPE_nodrop,4,2,53.98836420664081
learnedPE_nodrop,4,2,62.01224396876781
learnedPE_nodrop,4,2,55.96208866463545
learnedPE_nodrop,4,2,61.85861879472969
learnedPE_nodrop,4,2,51.593004201064595
learnedPE_nodrop,4,2,48.68202996658756
learnedPE_nodrop,4,2,56.449921717075775
learnedPE_nodrop,4,2,53.36763848926569
learnedPE_nodrop,4,2,56.71479043483229
learnedPE_nodrop,4,2,49.01612593940565
learnedPE_nodrop,4,2,60.11901183369935
learnedPE_nodrop,4,2,58.253656224007024
learnedPE_nodrop,4,2,62.522587778549635
learnedPE_nodrop,4,2,53.998269179891295
learnedPE_nodrop,4,2,52.850880535528255
learnedPE_nodrop,4,2,54.621803891165406
learnedPE_nodrop,4,2,50.21898282232774
learnedPE_nodrop,4,2,61.62067651738615
learnedPE_nodrop,4,2,58.003403325446925
learnedPE_nodrop,4,3,21.38529844413164
learnedPE_nodrop,4,3,21.977279182248402
learnedPE_nodrop,4,3,16.8902593542551
learnedPE_nodrop,4,3,19.52053836570574
learnedPE_nodrop,4,3,18.99321588495314
learnedPE_nodrop,4,3,22.828494846005153
learnedPE_nodrop,4,3,22.94384788682279
learnedPE_nodrop,4,3,22.109619871479634
learnedPE_nodrop,4,3,28.457319659033235
learnedPE_nodrop,4,3,47.26773272125017
learnedPE_nodrop,4,3,52.07779474688898
learnedPE_nodrop,4,3,44.5673622506169
learnedPE_nodrop,4,3,54.76592745230932
learnedPE_nodrop,4,3,50.06299418397391
learnedPE_nodrop,4,3,54.00039820503264
learnedPE_nodrop,4,3,50.258942980678334
learnedPE_nodrop,4,3,58.46652582258183
learnedPE_nodrop,4,3,50.99340278118534
learnedPE_nodrop,4,3,60.48231490820293
learnedPE_nodrop,4,3,55.51279884663456
learnedPE_nodrop,4,3,61.39120798903932
learnedPE_nodrop,4,3,49.95960374754388
learnedPE_nodrop,4,3,45.116630909432494
learnedPE_nodrop,4,3,53.29096824670204
learnedPE_nodrop,4,3,51.003670934075835
learnedPE_nodrop,4,3,54.799356533783076
learnedPE_nodrop,4,3,44.436522125153026
learnedPE_nodrop,4,3,56.446255505874994
learnedPE_nodrop,4,3,53.27155426492519
learnedPE_nodrop,4,3,55.98940691635645
learnedPE_nodrop,4,3,50.488406291581974
learnedPE_nodrop,4,3,47.17153781249235
learnedPE_nodrop,4,3,49.92526941759445
learnedPE_nodrop,4,3,47.78641705711083
learnedPE_nodrop,4,3,57.38835125570288
learnedPE_nodrop,4,3,52.983466292335244
learnedPE_nodrop,4,3,16.65457517776638
learnedPE_nodrop,4,3,15.260938990726634
learnedPE_nodrop,4,3,20.678547254371985
learnedPE_nodrop,4,3,20.783633910793917
learnedPE_nodrop,4,3,22.696017490008934
learnedPE_nodrop,4,3,22.5849148480884
learnedPE_nodrop,4,3,23.813928543496353
learnedPE_nodrop,4,3,16.33460038047908
learnedPE_nodrop,4,3,21.895931077311758
learnedPE_nodrop,4,3,22.065809674452993
learnedPE_nodrop,4,3,24.066711641375303
learnedPE_nodrop,4,3,23.561812063438577
learnedPE_nodrop,4,3,25.08540343496477
learnedPE_nodrop,4,3,15.072965333011032
learnedPE_nodrop,4,3,15.55073697737194
learnedPE_nodrop,4,3,17.065999568005115
learnedPE_nodrop,4,3,16.94974415157646
learnedPE_nodrop,4,3,16.484990010876974
learnedPE_nodrop,4,3,17.26778169351325
learnedPE_nodrop,4,3,20.942349047846857
learnedPE_nodrop,4,3,21.419012914386087
learnedPE_nodrop,4,3,20.940038607738312
learnedPE_nodrop,4,3,21.632462593191416
learnedPE_nodrop,4,3,20.916565477790865
learnedPE_nodrop,4,3,20.287155832552493
learnedPE_nodrop,4,3,22.582210055993954
learnedPE_nodrop,4,3,23.447166306587267
learnedPE_nodrop,4,3,23.000463876352693
learnedPE_nodrop,4,3,21.96582098606377
learnedPE_nodrop,4,3,28.669655970659665
learnedPE_nodrop,4,3,24.69329359868821
learnedPE_nodrop,4,3,30.025944278273055
learnedPE_nodrop,4,3,27.447907431616958
learnedPE_nodrop,4,3,30.272315715342103
learnedPE_nodrop,4,3,44.37753061154048
learnedPE_nodrop,4,3,41.45696357482717
learnedPE_nodrop,4,3,48.25880573203845
learnedPE_nodrop,4,3,45.776994000813616
learnedPE_nodrop,4,3,48.93762816479178
learnedPE_nodrop,4,3,42.708276329562224
learnedPE_nodrop,4,3,54.371612733365815
learnedPE_nodrop,4,3,51.84551054608655
learnedPE_nodrop,4,3,55.31882466930153
learnedPE_nodrop,4,3,48.290862593206384
learnedPE_nodrop,4,3,45.031945780798544
learnedPE_nodrop,4,3,46.280531257503796
learnedPE_nodrop,4,3,44.96367283743782
learnedPE_nodrop,4,3,54.981204449519204
learnedPE_nodrop,4,3,51.03002542726795
learnedPE_nodrop,4,3,46.76584165630374
learnedPE_nodrop,4,3,44.91933394353161
learnedPE_nodrop,4,3,51.16612765207703
learnedPE_nodrop,4,3,48.47216266143516
learnedPE_nodrop,4,3,51.6346830534904
learnedPE_nodrop,4,3,47.78487370243529
learnedPE_nodrop,4,3,58.33098005997851
learnedPE_nodrop,4,3,54.35552983930885
learnedPE_nodrop,4,3,59.42430483851766
learnedPE_nodrop,4,3,53.22807724156816
learnedPE_nodrop,4,3,49.82420882688613
learnedPE_nodrop,4,3,54.265705969080685
learnedPE_nodrop,4,3,48.05374800528826
learnedPE_nodrop,4,3,60.34816531631118
learnedPE_nodrop,4,3,55.85492084590258
learnedPE_nodrop,4,3,42.89749577884262
learnedPE_nodrop,4,3,50.338669610944756
learnedPE_nodrop,4,3,49.8414508196935
learnedPE_nodrop,4,3,52.56143897936993
learnedPE_nodrop,4,3,48.286320939691514
learnedPE_nodrop,4,3,46.40956206793322
learnedPE_nodrop,4,3,48.285307447680374
learnedPE_nodrop,4,3,46.968640148863244
learnedPE_nodrop,4,3,54.34760215302571
learnedPE_nodrop,4,3,51.796133921639345
learnedPE_nodrop,4,3,46.4136580190793
learnedPE_nodrop,4,3,46.174390256743415
learnedPE_nodrop,4,3,47.432717975955214
learnedPE_nodrop,4,3,44.98675563423495
learnedPE_nodrop,4,3,54.751771349836595
learnedPE_nodrop,4,3,52.50482863610197
learnedPE_nodrop,4,3,44.31435605236834
learnedPE_nodrop,4,3,51.44134918268291
learnedPE_nodrop,4,3,49.032455222323755
learnedPE_nodrop,4,3,45.01802899468158
learnedPE_nodrop,4,4,11.61371614461098
learnedPE_nodrop,4,4,15.767060664039331
learnedPE_nodrop,4,4,20.336963117243357
learnedPE_nodrop,4,4,17.759416946765125
learnedPE_nodrop,4,4,22.44712834255601
learnedPE_nodrop,4,4,21.921948407057453
learnedPE_nodrop,4,4,22.936115509250264
learnedPE_nodrop,4,4,16.132621324993632
learnedPE_nodrop,4,4,18.817364260646823
learnedPE_nodrop,4,4,18.86327626944531
learnedPE_nodrop,4,4,21.802518783954383
learnedPE_nodrop,4,4,21.42128834978473
learnedPE_nodrop,4,4,22.20994914781778
learnedPE_nodrop,4,4,15.045666466157343
learnedPE_nodrop,4,4,14.656675679609027
learnedPE_nodrop,4,4,17.738469371321074
learnedPE_nodrop,4,4,18.605751244976165
learnedPE_nodrop,4,4,18.213776963044445
learnedPE_nodrop,4,4,15.008553790760404
learnedPE_nodrop,4,4,19.078716853345878
learnedPE_nodrop,4,4,19.55563625279304
learnedPE_nodrop,4,4,19.35482404149685
learnedPE_nodrop,4,4,18.724415633602366
learnedPE_nodrop,4,4,18.359231336735863
learnedPE_nodrop,4,4,18.83894261495658
learnedPE_nodrop,4,4,22.867457152385594
learnedPE_nodrop,4,4,22.920020361275665
learnedPE_nodrop,4,4,22.221552339283978
learnedPE_nodrop,4,4,19.2338727372147
learnedPE_nodrop,4,4,25.75649257953131
learnedPE_nodrop,4,4,22.08448020422863
learnedPE_nodrop,4,4,28.762145621212397
learnedPE_nodrop,4,4,26.056196559969578
learnedPE_nodrop,4,4,27.058832923017526
learnedPE_nodrop,4,4,44.01097312273516
learnedPE_nodrop,4,4,38.43516542365046
learnedPE_nodrop,4,4,46.79294108612887
learnedPE_nodrop,4,4,45.24865853395597
learnedPE_nodrop,4,4,48.08715522578496
learnedPE_nodrop,4,4,37.5460187623347
learnedPE_nodrop,4,4,52.32243834026195
learnedPE_nodrop,4,4,47.94809174595304
learnedPE_nodrop,4,4,51.26506407978598
learnedPE_nodrop,4,4,44.7317846519169
learnedPE_nodrop,4,4,40.74452512187616
learnedPE_nodrop,4,4,42.0815335180665
learnedPE_nodrop,4,4,43.29857829944007
learnedPE_nodrop,4,4,51.998512265294266
learnedPE_nodrop,4,4,47.31514844846725
learnedPE_nodrop,4,4,45.63339602931915
learnedPE_nodrop,4,4,39.94160985224363
learnedPE_nodrop,4,4,50.29334717805354
learnedPE_nodrop,4,4,48.27222998274498
learnedPE_nodrop,4,4,50.868287257463905
learnedPE_nodrop,4,4,44.05405617919568
learnedPE_nodrop,4,4,55.43094506638546
learnedPE_nodrop,4,4,52.76064204327993
learnedPE_nodrop,4,4,56.98532221950791
learnedPE_nodrop,4,4,50.72244912224032
learnedPE_nodrop,4,4,46.980683246871635
learnedPE_nodrop,4,4,51.26673908148579
learnedPE_nodrop,4,4,47.65555822867553
learnedPE_nodrop,4,4,57.4961276886843
learnedPE_nodrop,4,4,53.71722546978467
learnedPE_nodrop,4,4,39.07429544369205
learnedPE_nodrop,4,4,47.54512341402921
learnedPE_nodrop,4,4,47.1993635818712
learnedPE_nodrop,4,4,48.49930012821518
learnedPE_nodrop,4,4,44.23693684831746
learnedPE_nodrop,4,4,42.14867125155202
learnedPE_nodrop,4,4,45.3393349423078
learnedPE_nodrop,4,4,41.98742516702714
learnedPE_nodrop,4,4,50.18060852188824
learnedPE_nodrop,4,4,48.481977744576916
learnedPE_nodrop,4,4,41.75998258805688
learnedPE_nodrop,4,4,39.615038596094216
learnedPE_nodrop,4,4,41.643147744092495
learnedPE_nodrop,4,4,40.31296739508723
learnedPE_nodrop,4,4,48.550676897422726
learnedPE_nodrop,4,4,46.7810294270044
learnedPE_nodrop,4,4,39.67142433418028
learnedPE_nodrop,4,4,45.5600680303773
learnedPE_nodrop,4,4,42.27423545953622
learnedPE_nodrop,4,4,39.19036490431015
learnedPE_nodrop,4,4,15.356794725500055
learnedPE_nodrop,4,4,13.85844670001755
learnedPE_nodrop,4,4,15.08068841923743
learnedPE_nodrop,4,4,16.64462314498994
learnedPE_nodrop,4,4,16.432735190126348
learnedPE_nodrop,4,4,16.713991012637347
learnedPE_nodrop,4,4,14.26143086771499
learnedPE_nodrop,4,4,13.59854630045436
learnedPE_nodrop,4,4,15.142463556962875
learnedPE_nodrop,4,4,15.827025125698032
learnedPE_nodrop,4,4,14.45532242146587
learnedPE_nodrop,4,4,17.70431814239164
learnedPE_nodrop,4,4,20.472034057592612
learnedPE_nodrop,4,4,20.725466277268914
learnedPE_nodrop,4,4,22.22404516091809
learnedPE_nodrop,4,4,21.03330224176213
learnedPE_nodrop,4,4,20.91079308651185
learnedPE_nodrop,4,4,21.27702128977783
learnedPE_nodrop,4,4,22.11332301735434
learnedPE_nodrop,4,4,23.73928532786149
learnedPE_nodrop,4,4,24.284510632844167
learnedPE_nodrop,4,4,14.36158644612461
learnedPE_nodrop,4,4,15.175646332543923
learnedPE_nodrop,4,4,16.873214378858172
learnedPE_nodrop,4,4,16.42975730533273
learnedPE_nodrop,4,4,16.761048525921083
learnedPE_nodrop,4,4,17.484465339935277
learnedPE_nodrop,4,4,21.103086399104512
learnedPE_nodrop,4,4,20.80306320125928
learnedPE_nodrop,4,4,20.605291961472137
learnedPE_nodrop,4,4,21.525092029778
learnedPE_nodrop,4,4,20.94250669854878
learnedPE_nodrop,4,4,20.778531552204914
learnedPE_nodrop,4,4,21.377776001763994
learnedPE_nodrop,4,4,24.22097891977061
learnedPE_nodrop,4,4,22.881876039531328
learnedPE_nodrop,4,4,13.620410025741268
learnedPE_nodrop,4,4,15.361284014499088
learnedPE_nodrop,4,4,15.576829672662077
learnedPE_nodrop,4,4,15.619255810898938
learnedPE_nodrop,4,4,15.791383999107682
learnedPE_nodrop,4,4,16.042549832914776
learnedPE_nodrop,4,4,15.02394689308026
learnedPE_nodrop,4,4,16.43674810130692
learnedPE_nodrop,4,4,16.50521231834446
learnedPE_nodrop,4,4,17.53964850006312
learnedPE_nodrop,4,4,16.92721472616322
learnedPE_nodrop,4,4,16.788457478404304
learnedPE_nodrop,4,4,16.47590434175138
learnedPE_nodrop,4,4,19.928157284995486
learnedPE_nodrop,4,4,19.98236595925639
learnedPE_nodrop,4,4,20.63098330387601
learnedPE_nodrop,4,4,19.92796746224023
learnedPE_nodrop,4,4,20.038724482815475
learnedPE_nodrop,4,4,19.768985922996485
learnedPE_nodrop,4,4,20.893098766045448
learnedPE_nodrop,4,4,18.80363429420446
learnedPE_nodrop,4,4,17.402319637799504
learnedPE_nodrop,4,4,22.429271948221697
learnedPE_nodrop,4,4,19.92724272724667
learnedPE_nodrop,4,4,20.17253536859221
learnedPE_nodrop,4,4,23.04816635853609
learnedPE_nodrop,4,4,29.767500753307242
learnedPE_nodrop,4,4,28.490984152192475
learnedPE_nodrop,4,4,29.382363650484475
learnedPE_nodrop,4,4,25.04879475107671
learnedPE_nodrop,4,4,23.0696618361121
learnedPE_nodrop,4,4,24.539448139606662
learnedPE_nodrop,4,4,24.85772851867502
learnedPE_nodrop,4,4,30.945713464686143
learnedPE_nodrop,4,4,28.175936821455696
learnedPE_nodrop,4,4,37.11566004245147
learnedPE_nodrop,4,4,44.19829166955908
learnedPE_nodrop,4,4,43.89299082456732
learnedPE_nodrop,4,4,45.684098842059655
learnedPE_nodrop,4,4,41.400572510917186
learnedPE_nodrop,4,4,40.73512358422228
learnedPE_nodrop,4,4,42.10903504198841
learnedPE_nodrop,4,4,42.096279403560594
learnedPE_nodrop,4,4,47.970643560944914
learnedPE_nodrop,4,4,45.15401261052515
learnedPE_nodrop,4,4,41.29667731262454
learnedPE_nodrop,4,4,41.117269673556045
learnedPE_nodrop,4,4,41.92435951072624
learnedPE_nodrop,4,4,43.66175168711625
learnedPE_nodrop,4,4,52.02483543620087
learnedPE_nodrop,4,4,48.209098420549914
learnedPE_nodrop,4,4,40.06695504800683
learnedPE_nodrop,4,4,45.724553981016314
learnedPE_nodrop,4,4,43.066790590852115
learnedPE_nodrop,4,4,41.883451721247056
learnedPE_nodrop,4,4,38.6882358393996
learnedPE_nodrop,4,4,46.993587261491186
learnedPE_nodrop,4,4,45.77148738150389
learnedPE_nodrop,4,4,47.67618741901684
learnedPE_nodrop,4,4,45.01344216329854
learnedPE_nodrop,4,4,42.714775318527685
learnedPE_nodrop,4,4,46.48222412229631
learnedPE_nodrop,4,4,42.867935004342655
learnedPE_nodrop,4,4,50.970698166961704
learnedPE_nodrop,4,4,47.80180828398157
learnedPE_nodrop,4,4,44.03070918812906
learnedPE_nodrop,4,4,43.842273087512
learnedPE_nodrop,4,4,46.343768077118064
learnedPE_nodrop,4,4,42.87766783994697
learnedPE_nodrop,4,4,54.10082004989455
learnedPE_nodrop,4,4,51.414213850021284
learnedPE_nodrop,4,4,42.40752039746716
learnedPE_nodrop,4,4,51.40507497110485
learnedPE_nodrop,4,4,48.418954248198936
learnedPE_nodrop,4,4,44.56210210877284
learnedPE_nodrop,4,4,39.659321427355444
learnedPE_nodrop,4,4,40.32215605479176
learnedPE_nodrop,4,4,41.93562563558259
learnedPE_nodrop,4,4,42.25047779603533
learnedPE_nodrop,4,4,46.10335918286682
learnedPE_nodrop,4,4,46.73296987129105
learnedPE_nodrop,4,4,41.28297148564756
learnedPE_nodrop,4,4,45.208593587847986
learnedPE_nodrop,4,4,45.057937885283145
learnedPE_nodrop,4,4,41.96013323057525
learnedPE_nodrop,4,4,37.77777552154702
learnedPE_nodrop,4,4,41.88634936738913
learnedPE_nodrop,4,4,42.35901118116874
learnedPE_nodrop,4,4,39.21063923005419
learnedPE_nodrop,4,4,38.671494787444985
learnedPE_nodrop,4,5,11.926949020438254
learnedPE_nodrop,4,5,9.137727740142099
learnedPE_nodrop,4,5,9.581470023733113
learnedPE_nodrop,4,5,12.102004760716586
learnedPE_nodrop,4,5,11.519709068593073
learnedPE_nodrop,4,5,11.92965534360325
learnedPE_nodrop,4,5,14.106973528693379
learnedPE_nodrop,4,5,13.18026126429911
learnedPE_nodrop,4,5,15.254491938953247
learnedPE_nodrop,4,5,15.91442493637896
learnedPE_nodrop,4,5,15.438926455264394
learnedPE_nodrop,4,5,14.331564759402449
learnedPE_nodrop,4,5,20.029408294100897
learnedPE_nodrop,4,5,19.385796154155408
learnedPE_nodrop,4,5,21.00678389809389
learnedPE_nodrop,4,5,17.460477781560826
learnedPE_nodrop,4,5,17.151617448208615
learnedPE_nodrop,4,5,18.582145593928153
learnedPE_nodrop,4,5,20.700035941022403
learnedPE_nodrop,4,5,22.3079645314229
learnedPE_nodrop,4,5,22.263050472966082
learnedPE_nodrop,4,5,14.31250988690205
learnedPE_nodrop,4,5,14.649570632566476
learnedPE_nodrop,4,5,15.926544360826387
learnedPE_nodrop,4,5,16.982283427343866
learnedPE_nodrop,4,5,15.646720461650355
learnedPE_nodrop,4,5,15.186280139184571
learnedPE_nodrop,4,5,18.00286440734357
learnedPE_nodrop,4,5,18.50106686489729
learnedPE_nodrop,4,5,18.336585658619608
learnedPE_nodrop,4,5,18.75501937345363
learnedPE_nodrop,4,5,18.590364772474043
learnedPE_nodrop,4,5,18.204250679059598
learnedPE_nodrop,4,5,20.07040447772565
learnedPE_nodrop,4,5,21.371780817745385
learnedPE_nodrop,4,5,20.616953752368406
learnedPE_nodrop,4,5,13.08588289263065
learnedPE_nodrop,4,5,15.657291546431367
learnedPE_nodrop,4,5,16.25966501084761
learnedPE_nodrop,4,5,16.54364936708087
learnedPE_nodrop,4,5,14.866457057885658
learnedPE_nodrop,4,5,15.221680670181168
learnedPE_nodrop,4,5,14.700272110173243
learnedPE_nodrop,4,5,19.22876739181698
learnedPE_nodrop,4,5,17.736604564586937
learnedPE_nodrop,4,5,19.8016274945529
learnedPE_nodrop,4,5,14.227448199687439
learnedPE_nodrop,4,5,13.950403940762692
learnedPE_nodrop,4,5,13.899073364833516
learnedPE_nodrop,4,5,18.77675349861915
learnedPE_nodrop,4,5,17.822358830981436
learnedPE_nodrop,4,5,18.400170941632886
learnedPE_nodrop,4,5,18.253950545055552
learnedPE_nodrop,4,5,18.62861602550343
learnedPE_nodrop,4,5,18.642414795163724
learnedPE_nodrop,4,5,17.550746346391357
learnedPE_nodrop,4,5,18.424245636200556
learnedPE_nodrop,4,5,14.024949650470953
learnedPE_nodrop,4,5,19.932652964585404
learnedPE_nodrop,4,5,17.170738484941626
learnedPE_nodrop,4,5,18.448821871864943
learnedPE_nodrop,4,5,19.42394208226536
learnedPE_nodrop,4,5,25.5130587868748
learnedPE_nodrop,4,5,24.867856297285282
learnedPE_nodrop,4,5,25.16694829689868
learnedPE_nodrop,4,5,22.481965208366603
learnedPE_nodrop,4,5,18.994749025071464
learnedPE_nodrop,4,5,21.445496189163862
learnedPE_nodrop,4,5,23.526258688209957
learnedPE_nodrop,4,5,26.939525169256903
learnedPE_nodrop,4,5,24.55494215103064
learnedPE_nodrop,4,5,34.45707972354686
learnedPE_nodrop,4,5,41.51861131132357
learnedPE_nodrop,4,5,42.46432529090682
learnedPE_nodrop,4,5,43.857263499699386
learnedPE_nodrop,4,5,38.63901072039842
learnedPE_nodrop,4,5,36.77008321903712
learnedPE_nodrop,4,5,38.84475639574665
learnedPE_nodrop,4,5,40.45758175234266
learnedPE_nodrop,4,5,45.08653484271149
learnedPE_nodrop,4,5,43.3248889256664
learnedPE_nodrop,4,5,37.094440144097106
learnedPE_nodrop,4,5,35.7609726013117
learnedPE_nodrop,4,5,36.107299459098535
learnedPE_nodrop,4,5,39.94194819303042
learnedPE_nodrop,4,5,46.57915269314576
learnedPE_nodrop,4,5,43.49789904128994
learnedPE_nodrop,4,5,36.04277055288292
learnedPE_nodrop,4,5,41.03870887564448
learnedPE_nodrop,4,5,37.22136699490212
learnedPE_nodrop,4,5,38.563179080126986
learnedPE_nodrop,4,5,33.73692076003588
learnedPE_nodrop,4,5,43.441737895468535
learnedPE_nodrop,4,5,43.94782878390439
learnedPE_nodrop,4,5,44.278587279316014
learnedPE_nodrop,4,5,40.252225723026015
learnedPE_nodrop,4,5,38.21659659251179
learnedPE_nodrop,4,5,41.573662465872665
learnedPE_nodrop,4,5,42.91563591756481
learnedPE_nodrop,4,5,48.73041006208532
learnedPE_nodrop,4,5,47.82857958169821
learnedPE_nodrop,4,5,39.058609700957
learnedPE_nodrop,4,5,39.49782595938933
learnedPE_nodrop,4,5,41.60481348531192
learnedPE_nodrop,4,5,42.22805997956821
learnedPE_nodrop,4,5,50.19413942300717
learnedPE_nodrop,4,5,48.795444118104854
learnedPE_nodrop,4,5,40.57964067199129
learnedPE_nodrop,4,5,47.243040329586066
learnedPE_nodrop,4,5,43.07810514569237
learnedPE_nodrop,4,5,41.83581432357217
learnedPE_nodrop,4,5,35.30260217840606
learnedPE_nodrop,4,5,36.26260237966802
learnedPE_nodrop,4,5,37.4934958597682
learnedPE_nodrop,4,5,37.36388114962604
learnedPE_nodrop,4,5,42.53433076604694
learnedPE_nodrop,4,5,42.680351591795066
learnedPE_nodrop,4,5,37.13384782309863
learnedPE_nodrop,4,5,40.68560804254523
learnedPE_nodrop,4,5,40.04468586748556
learnedPE_nodrop,4,5,35.787738021269455
learnedPE_nodrop,4,5,33.92706351759729
learnedPE_nodrop,4,5,36.76193935191683
learnedPE_nodrop,4,5,35.260067633139016
learnedPE_nodrop,4,5,34.94015736314957
learnedPE_nodrop,4,5,30.45867215461002
learnedPE_nodrop,4,5,10.725695597710013
learnedPE_nodrop,4,5,15.383676390035996
learnedPE_nodrop,4,5,16.368258471125603
learnedPE_nodrop,4,5,14.95404705798168
learnedPE_nodrop,4,5,14.639568578181876
learnedPE_nodrop,4,5,11.484507247511695
learnedPE_nodrop,4,5,14.5791659281261
learnedPE_nodrop,4,5,13.730584227316712
learnedPE_nodrop,4,5,13.37539098782934
learnedPE_nodrop,4,5,15.971861662888033
learnedPE_nodrop,4,5,15.311609062575721
learnedPE_nodrop,4,5,14.75344642977167
learnedPE_nodrop,4,5,15.099960281362431
learnedPE_nodrop,4,5,16.49439999139828
learnedPE_nodrop,4,5,16.250716600026138
learnedPE_nodrop,4,5,10.843001424501663
learnedPE_nodrop,4,5,14.56752631788313
learnedPE_nodrop,4,5,14.346504184086552
learnedPE_nodrop,4,5,13.392087093755402
learnedPE_nodrop,4,5,14.035937470513241
learnedPE_nodrop,4,5,14.588790592293263
learnedPE_nodrop,4,5,13.122982239205514
learnedPE_nodrop,4,5,14.414376637687173
learnedPE_nodrop,4,5,13.239121422836762
learnedPE_nodrop,4,5,14.901061477874876
learnedPE_nodrop,4,5,17.44669916248659
learnedPE_nodrop,4,5,17.51117766853813
learnedPE_nodrop,4,5,17.594192852220306
learnedPE_nodrop,4,5,19.924578376825288
learnedPE_nodrop,4,5,21.584022328448196
learnedPE_nodrop,4,5,21.217095398160506
learnedPE_nodrop,4,5,20.960259090240903
learnedPE_nodrop,4,5,20.975000429794445
learnedPE_nodrop,4,5,20.734824011854364
learnedPE_nodrop,4,5,20.54905961020061
learnedPE_nodrop,4,5,12.514921460328164
learnedPE_nodrop,4,5,14.648537474928503
learnedPE_nodrop,4,5,14.313082337337713
learnedPE_nodrop,4,5,13.925818117243034
learnedPE_nodrop,4,5,15.769396500716557
learnedPE_nodrop,4,5,16.153090859752663
learnedPE_nodrop,4,5,14.841045620537086
learnedPE_nodrop,4,5,15.549860078088148
learnedPE_nodrop,4,5,15.946607690945834
learnedPE_nodrop,4,5,15.988155529353943
learnedPE_nodrop,4,5,16.90100940832973
learnedPE_nodrop,4,5,16.79748130603385
learnedPE_nodrop,4,5,16.751557307631977
learnedPE_nodrop,4,5,18.92126858158479
learnedPE_nodrop,4,5,19.703803201746577
learnedPE_nodrop,4,5,19.358738092688306
learnedPE_nodrop,4,5,19.587201004991105
learnedPE_nodrop,4,5,20.281231092270577
learnedPE_nodrop,4,5,19.964815400467252
learnedPE_nodrop,4,5,20.60235629604451
learnedPE_nodrop,4,5,13.916537828310128
learnedPE_nodrop,4,5,14.315625896084741
learnedPE_nodrop,4,5,14.195779316615674
learnedPE_nodrop,4,5,16.118470851408997
learnedPE_nodrop,4,5,14.82100990635027
learnedPE_nodrop,4,5,16.05728726168562
learnedPE_nodrop,4,5,16.538429952723895
learnedPE_nodrop,4,5,14.900153484301248
learnedPE_nodrop,4,5,16.844607588850852
learnedPE_nodrop,4,5,16.763228513074942
learnedPE_nodrop,4,5,16.05885547562708
learnedPE_nodrop,4,5,14.147804972803858
learnedPE_nodrop,4,5,14.422396847409193
learnedPE_nodrop,4,5,17.244575029690477
learnedPE_nodrop,4,5,17.54126860199865
learnedPE_nodrop,4,5,13.151024241394472
learnedPE_nodrop,4,5,19.003343570590346
learnedPE_nodrop,4,5,19.213839888848117
learnedPE_nodrop,4,5,16.932616648665523
learnedPE_nodrop,4,5,17.722516970703882
learnedPE_nodrop,4,5,16.192724712166097
learnedPE_nodrop,4,5,16.591556359147663
learnedPE_nodrop,4,5,18.72346942234738
learnedPE_nodrop,4,5,19.788333068411305
learnedPE_nodrop,4,5,17.995033739118686
learnedPE_nodrop,4,5,22.043464895896097
learnedPE_nodrop,4,5,21.402157667162054
learnedPE_nodrop,4,5,21.893233712730723
learnedPE_nodrop,4,5,23.986459063290276
learnedPE_nodrop,4,5,29.10496891653064
learnedPE_nodrop,4,5,27.13727171675259
learnedPE_nodrop,4,5,20.01805640540768
learnedPE_nodrop,4,5,24.353904271216216
learnedPE_nodrop,4,5,21.99833526006403
learnedPE_nodrop,4,5,23.773168202696684
learnedPE_nodrop,4,5,35.77951285709669
learnedPE_nodrop,4,5,35.45897502383706
learnedPE_nodrop,4,5,37.06736848758246
learnedPE_nodrop,4,5,38.347807480991676
learnedPE_nodrop,4,5,42.714595073751916
learnedPE_nodrop,4,5,42.180109369111065
learnedPE_nodrop,4,5,35.97839193158898
learnedPE_nodrop,4,5,40.18124981206171
learnedPE_nodrop,4,5,38.9414611788309
learnedPE_nodrop,4,5,39.12711899966865
learnedPE_nodrop,4,5,35.359680919870705
learnedPE_nodrop,4,5,38.81974705441779
learnedPE_nodrop,4,5,38.67660356771612
learnedPE_nodrop,4,5,38.7363912175656
learnedPE_nodrop,4,5,35.60798181111449
learnedPE_nodrop,4,5,35.96858231576435
learnedPE_nodrop,4,5,37.547900504622774
learnedPE_nodrop,4,5,39.427469495721134
learnedPE_nodrop,4,5,37.73584844741181
learnedPE_nodrop,4,5,43.77595564371471
learnedPE_nodrop,4,5,43.199802426527775
learnedPE_nodrop,4,5,38.32851185079078
learnedPE_nodrop,4,5,43.861187911294124
learnedPE_nodrop,4,5,42.32397706271394
learnedPE_nodrop,4,5,38.008599947050364
learnedPE_nodrop,4,5,36.75399815897405
learnedPE_nodrop,4,5,40.56719789640381
learnedPE_nodrop,4,5,41.660350665567215
learnedPE_nodrop,4,5,38.54240618302055
learnedPE_nodrop,4,5,38.40448755113784
learnedPE_nodrop,4,5,34.61219542589846
learnedPE_nodrop,4,5,36.61157276521222
learnedPE_nodrop,4,5,37.05055845216557
learnedPE_nodrop,4,5,35.85356306373494
learnedPE_nodrop,4,5,35.002176579870344
learnedPE_nodrop,4,5,31.726969608916836
learnedPE_nodrop,4,6,5.756253830569266
learnedPE_nodrop,4,6,9.957349733289684
learnedPE_nodrop,4,6,12.349674819883186
learnedPE_nodrop,4,6,11.71188315588915
learnedPE_nodrop,4,6,11.680807040820417
learnedPE_nodrop,4,6,5.674126189548086
learnedPE_nodrop,4,6,10.048920503239264
learnedPE_nodrop,4,6,9.266723604733567
learnedPE_nodrop,4,6,8.460289741645182
learnedPE_nodrop,4,6,10.524604533165956
learnedPE_nodrop,4,6,9.972638749176289
learnedPE_nodrop,4,6,9.425677230977476
learnedPE_nodrop,4,6,9.80382328811406
learnedPE_nodrop,4,6,11.992092801046155
learnedPE_nodrop,4,6,11.619604306971791
learnedPE_nodrop,4,6,10.68794703167009
learnedPE_nodrop,4,6,14.06768710369503
learnedPE_nodrop,4,6,14.88285907366551
learnedPE_nodrop,4,6,12.73900676352564
learnedPE_nodrop,4,6,13.585442373724035
learnedPE_nodrop,4,6,14.522450700529598
learnedPE_nodrop,4,6,13.422380852864055
learnedPE_nodrop,4,6,15.027368825364837
learnedPE_nodrop,4,6,11.742931389870881
learnedPE_nodrop,4,6,14.014555026787978
learnedPE_nodrop,4,6,13.657091649795296
learnedPE_nodrop,4,6,13.621439174260484
learnedPE_nodrop,4,6,14.10398548827756
learnedPE_nodrop,4,6,18.856141136213434
learnedPE_nodrop,4,6,20.044144187296382
learnedPE_nodrop,4,6,19.016822256738134
learnedPE_nodrop,4,6,15.467261893652749
learnedPE_nodrop,4,6,17.77339216170744
learnedPE_nodrop,4,6,16.974582696710268
learnedPE_nodrop,4,6,17.66086040987766
learnedPE_nodrop,4,6,12.664651065798926
learnedPE_nodrop,4,6,14.258249766484797
learnedPE_nodrop,4,6,14.622042804626547
learnedPE_nodrop,4,6,14.759264056911473
learnedPE_nodrop,4,6,14.542058680348386
learnedPE_nodrop,4,6,15.60778257911632
learnedPE_nodrop,4,6,14.45318748437712
learnedPE_nodrop,4,6,16.02400791169655
learnedPE_nodrop,4,6,15.66596594230981
learnedPE_nodrop,4,6,16.676333070751078
learnedPE_nodrop,4,6,13.959354166109412
learnedPE_nodrop,4,6,14.357558679325352
learnedPE_nodrop,4,6,14.2312553967396
learnedPE_nodrop,4,6,15.851008779630464
learnedPE_nodrop,4,6,15.863847531376218
learnedPE_nodrop,4,6,17.12138078636215
learnedPE_nodrop,4,6,17.216470624009496
learnedPE_nodrop,4,6,17.778118957407738
learnedPE_nodrop,4,6,17.19750653334044
learnedPE_nodrop,4,6,17.40389673497333
learnedPE_nodrop,4,6,13.08399271156752
learnedPE_nodrop,4,6,13.560673468316143
learnedPE_nodrop,4,6,13.28035458626034
learnedPE_nodrop,4,6,17.449532142149156
learnedPE_nodrop,4,6,13.267485901041864
learnedPE_nodrop,4,6,15.720576060732013
learnedPE_nodrop,4,6,15.649781450797159
learnedPE_nodrop,4,6,16.186621227553655
learnedPE_nodrop,4,6,17.981693809962138
learnedPE_nodrop,4,6,12.108512959675425
learnedPE_nodrop,4,6,12.943808795482292
learnedPE_nodrop,4,6,11.908159184344322
learnedPE_nodrop,4,6,11.037262113698592
learnedPE_nodrop,4,6,11.037727213875373
learnedPE_nodrop,4,6,12.531558498653549
learnedPE_nodrop,4,6,10.564754232165866
learnedPE_nodrop,4,6,18.772561208123566
learnedPE_nodrop,4,6,18.24793257169589
learnedPE_nodrop,4,6,16.18098387536252
learnedPE_nodrop,4,6,13.63642485168103
learnedPE_nodrop,4,6,12.545248990694958
learnedPE_nodrop,4,6,12.411651459598485
learnedPE_nodrop,4,6,16.801814597797534
learnedPE_nodrop,4,6,18.806271148787484
learnedPE_nodrop,4,6,16.314593986957366
learnedPE_nodrop,4,6,18.436310455940347
learnedPE_nodrop,4,6,17.762361843884406
learnedPE_nodrop,4,6,18.099773466900253
learnedPE_nodrop,4,6,20.716035814208986
learnedPE_nodrop,4,6,23.86757113254667
learnedPE_nodrop,4,6,22.612563775747876
learnedPE_nodrop,4,6,17.733399036043114
learnedPE_nodrop,4,6,20.99072246321021
learnedPE_nodrop,4,6,18.075102125314675
learnedPE_nodrop,4,6,21.618125723470595
learnedPE_nodrop,4,6,33.7292252526414
learnedPE_nodrop,4,6,33.027670944950565
learnedPE_nodrop,4,6,34.08241869769475
learnedPE_nodrop,4,6,36.694468514856375
learnedPE_nodrop,4,6,38.541970656352646
learnedPE_nodrop,4,6,39.59035845430674
learnedPE_nodrop,4,6,33.40759820563107
learnedPE_nodrop,4,6,37.58216630734053
learnedPE_nodrop,4,6,35.810330425176346
learnedPE_nodrop,4,6,36.16669607045484
learnedPE_nodrop,4,6,31.22379971011883
learnedPE_nodrop,4,6,33.79229275507586
learnedPE_nodrop,4,6,32.273303081052596
learnedPE_nodrop,4,6,34.15228322133054
learnedPE_nodrop,4,6,27.350936892646892
learnedPE_nodrop,4,6,30.153914034057113
learnedPE_nodrop,4,6,31.504171138836654
learnedPE_nodrop,4,6,33.9210336410139
learnedPE_nodrop,4,6,37.10368961543104
learnedPE_nodrop,4,6,39.00177657711168
learnedPE_nodrop,4,6,40.30759971904377
learnedPE_nodrop,4,6,34.103560080108714
learnedPE_nodrop,4,6,40.85720911324845
learnedPE_nodrop,4,6,37.84427901287364
learnedPE_nodrop,4,6,36.87181335818543
learnedPE_nodrop,4,6,32.56400733228562
learnedPE_nodrop,4,6,36.126852048776634
learnedPE_nodrop,4,6,35.673826366804356
learnedPE_nodrop,4,6,35.72065405814396
learnedPE_nodrop,4,6,32.73153926289217
learnedPE_nodrop,4,6,31.363041679698302
learnedPE_nodrop,4,6,31.056364496274988
learnedPE_nodrop,4,6,33.78605184948155
learnedPE_nodrop,4,6,31.871991284642725
learnedPE_nodrop,4,6,30.54419347604996
learnedPE_nodrop,4,6,19.585212523848252
learnedPE_nodrop,4,6,8.556068776748688
learnedPE_nodrop,4,6,11.945155183343829
learnedPE_nodrop,4,6,11.307251244008953
learnedPE_nodrop,4,6,10.574833748558932
learnedPE_nodrop,4,6,16.47020681424069
learnedPE_nodrop,4,6,14.969984539423276
learnedPE_nodrop,4,6,14.940182357192663
learnedPE_nodrop,4,6,14.443071925705977
learnedPE_nodrop,4,6,15.72809202131603
learnedPE_nodrop,4,6,13.441199949372788
learnedPE_nodrop,4,6,11.526426810380787
learnedPE_nodrop,4,6,11.74320817502449
learnedPE_nodrop,4,6,10.41233593816885
learnedPE_nodrop,4,6,13.067384902446536
learnedPE_nodrop,4,6,13.75012739998896
learnedPE_nodrop,4,6,12.978139054663197
learnedPE_nodrop,4,6,14.625363360727912
learnedPE_nodrop,4,6,14.976653089290581
learnedPE_nodrop,4,6,14.861772223905541
learnedPE_nodrop,4,6,13.59427941097571
learnedPE_nodrop,4,6,10.498993764336216
learnedPE_nodrop,4,6,11.449562090136935
learnedPE_nodrop,4,6,11.550603308317068
learnedPE_nodrop,4,6,13.715714637523533
learnedPE_nodrop,4,6,12.342393846095536
learnedPE_nodrop,4,6,12.72758597428528
learnedPE_nodrop,4,6,14.560859354390814
learnedPE_nodrop,4,6,13.363149154839023
learnedPE_nodrop,4,6,13.665739873816946
learnedPE_nodrop,4,6,12.030740341696598
learnedPE_nodrop,4,6,17.90615296950379
learnedPE_nodrop,4,6,15.99846392409626
learnedPE_nodrop,4,6,16.77704129448043
learnedPE_nodrop,4,6,18.90007540104894
learnedPE_nodrop,4,6,17.990605423021552
learnedPE_nodrop,4,6,12.02351055697209
learnedPE_nodrop,4,6,12.393195007680488
learnedPE_nodrop,4,6,12.65410917577348
learnedPE_nodrop,4,6,14.336300942918005
learnedPE_nodrop,4,6,14.13605666101626
learnedPE_nodrop,4,6,12.666705635492747
learnedPE_nodrop,4,6,15.82602789363257
learnedPE_nodrop,4,6,14.789842066834867
learnedPE_nodrop,4,6,15.648125321441936
learnedPE_nodrop,4,6,13.94430643446451
learnedPE_nodrop,4,6,15.066582187528567
learnedPE_nodrop,4,6,14.262362024918314
learnedPE_nodrop,4,6,15.23449442689918
learnedPE_nodrop,4,6,16.67951213856348
learnedPE_nodrop,4,6,17.101762389556306
learnedPE_nodrop,4,6,13.64483442004774
learnedPE_nodrop,4,6,12.936229160487374
learnedPE_nodrop,4,6,13.908510355160312
learnedPE_nodrop,4,6,13.348866730900545
learnedPE_nodrop,4,6,16.008320298327906
learnedPE_nodrop,4,6,9.825388639960405
learnedPE_nodrop,4,6,11.82592267463169
learnedPE_nodrop,4,6,11.566394508038014
learnedPE_nodrop,4,6,11.137269007637356
learnedPE_nodrop,4,6,16.1902998584479
learnedPE_nodrop,4,6,16.950411538552135
learnedPE_nodrop,4,6,16.329416329458674
learnedPE_nodrop,4,6,12.555937443856312
learnedPE_nodrop,4,6,16.579981172540556
learnedPE_nodrop,4,6,13.835242857968316
learnedPE_nodrop,4,6,16.31228438690908
learnedPE_nodrop,4,6,18.53867025890832
learnedPE_nodrop,4,6,20.31878465929963
learnedPE_nodrop,4,6,19.54678262428992
learnedPE_nodrop,4,6,22.156407944391
learnedPE_nodrop,4,6,18.65910072538738
learnedPE_nodrop,4,6,30.445227770635967
learnedPE_nodrop,4,6,33.9376293191687
learnedPE_nodrop,4,6,32.743000748684615
learnedPE_nodrop,4,6,33.79809633337741
learnedPE_nodrop,4,6,32.130495801316684
learnedPE_nodrop,4,6,29.853050826675428
learnedPE_nodrop,4,6,30.692866151892805
learnedPE_nodrop,4,6,34.47443408903657
learnedPE_nodrop,4,6,34.828524581526594
learnedPE_nodrop,4,6,32.29577794029394
learnedPE_nodrop,4,6,32.653363717174166
learnedPE_nodrop,4,6,32.767203170162986
learnedPE_nodrop,4,6,29.29355719208025
wavePE_nodrop,4,0,67.15391734286627
wavePE_nodrop,4,1,57.58897113156446
wavePE_nodrop,4,1,38.265100497615734
wavePE_nodrop,4,1,44.472192974649474
wavePE_nodrop,4,1,53.045145905978806
wavePE_nodrop,4,1,47.01979695615251
wavePE_nodrop,4,1,65.69532737263839
wavePE_nodrop,4,1,54.786622577238056
wavePE_nodrop,4,1,62.055878427406974
wavePE_nodrop,4,1,62.582838926166524
wavePE_nodrop,4,1,64.96184859697146
wavePE_nodrop,4,2,28.109078373728824
wavePE_nodrop,4,2,42.39859894438552
wavePE_nodrop,4,2,45.52323993717511
wavePE_nodrop,4,2,44.97490973161326
wavePE_nodrop,4,2,58.667169954403604
wavePE_nodrop,4,2,46.31249943452931
wavePE_nodrop,4,2,53.77689451580377
wavePE_nodrop,4,2,51.700442996190915
wavePE_nodrop,4,2,57.855893878334435
wavePE_nodrop,4,2,33.619927455685236
wavePE_nodrop,4,2,32.578151154871264
wavePE_nodrop,4,2,26.949687734455317
wavePE_nodrop,4,2,36.68415702446448
wavePE_nodrop,4,2,34.90101038260495
wavePE_nodrop,4,2,38.484610210994056
wavePE_nodrop,4,2,37.337597490712355
wavePE_nodrop,4,2,36.61138385513868
wavePE_nodrop,4,2,32.87502337400141
wavePE_nodrop,4,2,35.64368282331163
wavePE_nodrop,4,2,45.40029665589835
wavePE_nodrop,4,2,37.969994409479334
wavePE_nodrop,4,2,40.78935711601268
wavePE_nodrop,4,2,46.206228788744106
wavePE_nodrop,4,2,44.14910894769455
wavePE_nodrop,4,2,34.658287140393
wavePE_nodrop,4,2,53.3757400616425
wavePE_nodrop,4,2,41.42089605306364
wavePE_nodrop,4,2,52.21706109200365
wavePE_nodrop,4,2,49.01114173238053
wavePE_nodrop,4,2,51.017564706746
wavePE_nodrop,4,2,44.23505873994302
wavePE_nodrop,4,2,35.80453385363245
wavePE_nodrop,4,2,41.96729535136618
wavePE_nodrop,4,2,42.01953477102221
wavePE_nodrop,4,2,45.0565357783135
wavePE_nodrop,4,2,51.50413635795774
wavePE_nodrop,4,2,59.38978202515704
wavePE_nodrop,4,2,59.375497925564204
wavePE_nodrop,4,2,61.357952585010246
wavePE_nodrop,4,2,49.80999766516983
wavePE_nodrop,4,2,54.38849210524789
wavePE_nodrop,4,2,52.300497566964694
wavePE_nodrop,4,2,54.46721899630863
wavePE_nodrop,4,2,56.43130519197329
wavePE_nodrop,4,2,50.42041977021497
wavePE_nodrop,4,3,28.839677395721232
wavePE_nodrop,4,3,23.85775378974955
wavePE_nodrop,4,3,20.21096199865112
wavePE_nodrop,4,3,27.812258473894676
wavePE_nodrop,4,3,23.094108766522304
wavePE_nodrop,4,3,27.973104536385595
wavePE_nodrop,4,3,24.570822254762586
wavePE_nodrop,4,3,27.640082436884217
wavePE_nodrop,4,3,30.241048606736985
wavePE_nodrop,4,3,30.77503525750771
wavePE_nodrop,4,3,41.338804825710554
wavePE_nodrop,4,3,36.23861000458034
wavePE_nodrop,4,3,41.28934237191073
wavePE_nodrop,4,3,45.31891006638923
wavePE_nodrop,4,3,44.274811859554625
wavePE_nodrop,4,3,30.747460582674144
wavePE_nodrop,4,3,46.984726759354665
wavePE_nodrop,4,3,35.721037787134485
wavePE_nodrop,4,3,44.19398328364513
wavePE_nodrop,4,3,40.081637656212585
wavePE_nodrop,4,3,45.32242086400313
wavePE_nodrop,4,3,37.964608434854426
wavePE_nodrop,4,3,38.62237377280634
wavePE_nodrop,4,3,39.30467370349588
wavePE_nodrop,4,3,43.02037484176488
wavePE_nodrop,4,3,42.0075681956946
wavePE_nodrop,4,3,46.354415029445285
wavePE_nodrop,4,3,52.02733777451814
wavePE_nodrop,4,3,50.93845499259454
wavePE_nodrop,4,3,56.80884101530798
wavePE_nodrop,4,3,42.61915658644836
wavePE_nodrop,4,3,47.14356402566616
wavePE_nodrop,4,3,45.000797420172056
wavePE_nodrop,4,3,44.41871999777594
wavePE_nodrop,4,3,50.4908331226175
wavePE_nodrop,4,3,44.43340608595405
wavePE_nodrop,4,3,26.35959523932392
wavePE_nodrop,4,3,28.394126098141264
wavePE_nodrop,4,3,30.51160957119483
wavePE_nodrop,4,3,30.321163129734348
wavePE_nodrop,4,3,32.65912801446325
wavePE_nodrop,4,3,33.415107474755864
wavePE_nodrop,4,3,31.47967044227399
wavePE_nodrop,4,3,21.982110375482154
wavePE_nodrop,4,3,32.31853845069957
wavePE_nodrop,4,3,29.85843231485276
wavePE_nodrop,4,3,33.813798861547454
wavePE_nodrop,4,3,30.725571346451044
wavePE_nodrop,4,3,32.36430823962009
wavePE_nodrop,4,3,23.267644107584406
wavePE_nodrop,4,3,27.038919495984373
wavePE_nodrop,4,3,27.435305494695406
wavePE_nodrop,4,3,25.46420757980857
wavePE_nodrop,4,3,26.71631785408608
wavePE_nodrop,4,3,29.980424359892343
wavePE_nodrop,4,3,34.8904114027527
wavePE_nodrop,4,3,35.820320196627684
wavePE_nodrop,4,3,33.70991272285182
wavePE_nodrop,4,3,32.64655340737456
wavePE_nodrop,4,3,33.05044083162807
wavePE_nodrop,4,3,35.31250557369585
wavePE_nodrop,4,3,34.70991350889695
wavePE_nodrop,4,3,35.81004324233674
wavePE_nodrop,4,3,32.51095826011447
wavePE_nodrop,4,3,18.283435719960046
wavePE_nodrop,4,3,31.095157278622327
wavePE_nodrop,4,3,27.56952999160543
wavePE_nodrop,4,3,29.825562025195826
wavePE_nodrop,4,3,36.229909086565854
wavePE_nodrop,4,3,30.930285785342697
wavePE_nodrop,4,3,32.53843675232976
wavePE_nodrop,4,3,28.51289317251376
wavePE_nodrop,4,3,29.177516336129553
wavePE_nodrop,4,3,37.31524163933291
wavePE_nodrop,4,3,36.955949736533945
wavePE_nodrop,4,3,38.65359362595516
wavePE_nodrop,4,3,39.75888162533399
wavePE_nodrop,4,3,44.786932750688685
wavePE_nodrop,4,3,44.598320257293565
wavePE_nodrop,4,3,36.29096968117023
wavePE_nodrop,4,3,40.82027029667046
wavePE_nodrop,4,3,39.695126998413585
wavePE_nodrop,4,3,42.48897309022635
wavePE_nodrop,4,3,37.73246150542766
wavePE_nodrop,4,3,37.59149113751631
wavePE_nodrop,4,3,27.23992153293155
wavePE_nodrop,4,3,31.248593441590593
wavePE_nodrop,4,3,35.10179478016535
wavePE_nodrop,4,3,32.27198918962936
wavePE_nodrop,4,3,35.01597652485632
wavePE_nodrop,4,3,42.13403021699815
wavePE_nodrop,4,3,53.87830373977483
wavePE_nodrop,4,3,49.884778583098246
wavePE_nodrop,4,3,50.62323114070846
wavePE_nodrop,4,3,41.22779831694748
wavePE_nodrop,4,3,43.703329153508484
wavePE_nodrop,4,3,40.668709540392015
wavePE_nodrop,4,3,45.69923987177034
wavePE_nodrop,4,3,49.02880767281237
wavePE_nodrop,4,3,40.67784163351077
wavePE_nodrop,4,3,29.878693208602815
wavePE_nodrop,4,3,39.210826412398596
wavePE_nodrop,4,3,35.6963221620288
wavePE_nodrop,4,3,42.7091384314644
wavePE_nodrop,4,3,33.82309708230671
wavePE_nodrop,4,3,38.91136054757159
wavePE_nodrop,4,3,34.616428334781304
wavePE_nodrop,4,3,35.785880306492444
wavePE_nodrop,4,3,39.3946732511417
wavePE_nodrop,4,3,32.957221093692205
wavePE_nodrop,4,3,47.19310917138109
wavePE_nodrop,4,3,49.23674062311784
wavePE_nodrop,4,3,47.02056428657904
wavePE_nodrop,4,3,50.71433303740008
wavePE_nodrop,4,3,53.52175744349541
wavePE_nodrop,4,3,45.026282911512894
wavePE_nodrop,4,3,45.980151676616074
wavePE_nodrop,4,3,43.367400347099434
wavePE_nodrop,4,3,45.375446212751044
wavePE_nodrop,4,3,37.19622299532205
wavePE_nodrop,4,4,20.418890328545814
wavePE_nodrop,4,4,17.57325166404734
wavePE_nodrop,4,4,26.52951551574367
wavePE_nodrop,4,4,25.35589027661485
wavePE_nodrop,4,4,28.517636482119993
wavePE_nodrop,4,4,26.565979991653926
wavePE_nodrop,4,4,29.387698862547715
wavePE_nodrop,4,4,10.968942447238533
wavePE_nodrop,4,4,23.240941028376053
wavePE_nodrop,4,4,20.59954197731369
wavePE_nodrop,4,4,23.57338531099337
wavePE_nodrop,4,4,22.182899043702864
wavePE_nodrop,4,4,23.32559689058701
wavePE_nodrop,4,4,14.617719720534993
wavePE_nodrop,4,4,18.42256031945595
wavePE_nodrop,4,4,20.40750753557777
wavePE_nodrop,4,4,21.68236013956528
wavePE_nodrop,4,4,20.602896919659095
wavePE_nodrop,4,4,21.23435158126124
wavePE_nodrop,4,4,26.840262058864997
wavePE_nodrop,4,4,22.724381503034618
wavePE_nodrop,4,4,27.10534582170227
wavePE_nodrop,4,4,22.44516431339102
wavePE_nodrop,4,4,20.29472469044337
wavePE_nodrop,4,4,23.090680901036425
wavePE_nodrop,4,4,20.0356677473136
wavePE_nodrop,4,4,27.24119587124697
wavePE_nodrop,4,4,22.935310368803353
wavePE_nodrop,4,4,15.942077050435257
wavePE_nodrop,4,4,28.438987747422516
wavePE_nodrop,4,4,23.72219719761835
wavePE_nodrop,4,4,29.00223823231469
wavePE_nodrop,4,4,31.01248625699719
wavePE_nodrop,4,4,31.95289743027689
wavePE_nodrop,4,4,28.14205515462479
wavePE_nodrop,4,4,25.14022934449822
wavePE_nodrop,4,4,28.267047366948457
wavePE_nodrop,4,4,34.820046121913585
wavePE_nodrop,4,4,32.119202725684545
wavePE_nodrop,4,4,34.04043245366049
wavePE_nodrop,4,4,38.66146451505468
wavePE_nodrop,4,4,45.51946204417521
wavePE_nodrop,4,4,41.687493359221264
wavePE_nodrop,4,4,36.567970320695125
wavePE_nodrop,4,4,41.417224801865245
wavePE_nodrop,4,4,38.05169808566377
wavePE_nodrop,4,4,39.34175129472914
wavePE_nodrop,4,4,40.05329356322172
wavePE_nodrop,4,4,44.454008223293954
wavePE_nodrop,4,4,24.56539868964016
wavePE_nodrop,4,4,27.337653885750196
wavePE_nodrop,4,4,28.652855194478942
wavePE_nodrop,4,4,31.905383513302493
wavePE_nodrop,4,4,33.91192352604421
wavePE_nodrop,4,4,35.94748917703045
wavePE_nodrop,4,4,46.12285218260648
wavePE_nodrop,4,4,39.899330327186284
wavePE_nodrop,4,4,45.398798352996735
wavePE_nodrop,4,4,32.56722812565175
wavePE_nodrop,4,4,36.38531448747873
wavePE_nodrop,4,4,34.293409507411596
wavePE_nodrop,4,4,36.813685069074445
wavePE_nodrop,4,4,42.13173179477651
wavePE_nodrop,4,4,32.4646854462654
wavePE_nodrop,4,4,25.03508388035939
wavePE_nodrop,4,4,32.4957404762241
wavePE_nodrop,4,4,37.13101586688843
wavePE_nodrop,4,4,35.66931085030378
wavePE_nodrop,4,4,33.41391050905398
wavePE_nodrop,4,4,41.91743877351957
wavePE_nodrop,4,4,38.295799791356224
wavePE_nodrop,4,4,35.754893206627834
wavePE_nodrop,4,4,36.502107496722466
wavePE_nodrop,4,4,37.19751763015648
wavePE_nodrop,4,4,41.222211613393604
wavePE_nodrop,4,4,44.119725929474605
wavePE_nodrop,4,4,45.74959802259406
wavePE_nodrop,4,4,42.2243773084431
wavePE_nodrop,4,4,48.36864563507095
wavePE_nodrop,4,4,42.88089872334149
wavePE_nodrop,4,4,38.36556453681117
wavePE_nodrop,4,4,39.15631024302717
wavePE_nodrop,4,4,39.98765132493383
wavePE_nodrop,4,4,34.20679944192832
wavePE_nodrop,4,4,8.496232253956661
wavePE_nodrop,4,4,23.421062753831162
wavePE_nodrop,4,4,24.18010484235532
wavePE_nodrop,4,4,28.913033057775262
wavePE_nodrop,4,4,26.354463999253937
wavePE_nodrop,4,4,21.779583176528867
wavePE_nodrop,4,4,23.16067324539791
wavePE_nodrop,4,4,24.438530490229653
wavePE_nodrop,4,4,27.160181663964774
wavePE_nodrop,4,4,25.002167938038838
wavePE_nodrop,4,4,28.952887387629428
wavePE_nodrop,4,4,24.946427331127833
wavePE_nodrop,4,4,30.47253077021819
wavePE_nodrop,4,4,29.455445811710312
wavePE_nodrop,4,4,30.33806098511739
wavePE_nodrop,4,4,29.88756145021994
wavePE_nodrop,4,4,28.949509784125944
wavePE_nodrop,4,4,30.218555520772107
wavePE_nodrop,4,4,35.800364245411636
wavePE_nodrop,4,4,31.21394602965417
wavePE_nodrop,4,4,28.174779422856798
wavePE_nodrop,4,4,11.471337668977498
wavePE_nodrop,4,4,21.51596455423392
wavePE_nodrop,4,4,21.677743819657696
wavePE_nodrop,4,4,20.99927204544583
wavePE_nodrop,4,4,23.039100291243763
wavePE_nodrop,4,4,28.003351151072632
wavePE_nodrop,4,4,34.155159865208766
wavePE_nodrop,4,4,32.163765760597606
wavePE_nodrop,4,4,31.867655212038887
wavePE_nodrop,4,4,30.3468714787901
wavePE_nodrop,4,4,28.231010600137555
wavePE_nodrop,4,4,31.54556032307834
wavePE_nodrop,4,4,32.26854017136066
wavePE_nodrop,4,4,33.245322966483506
wavePE_nodrop,4,4,29.288064144309654
wavePE_nodrop,4,4,19.695129536903856
wavePE_nodrop,4,4,24.544420022295242
wavePE_nodrop,4,4,22.19784758750969
wavePE_nodrop,4,4,25.888563771300344
wavePE_nodrop,4,4,27.284112504408093
wavePE_nodrop,4,4,25.65574764340086
wavePE_nodrop,4,4,29.397439345268406
wavePE_nodrop,4,4,26.508712727123402
wavePE_nodrop,4,4,26.58183741368877
wavePE_nodrop,4,4,22.598365623286067
wavePE_nodrop,4,4,26.561549481546194
wavePE_nodrop,4,4,27.165529603570544
wavePE_nodrop,4,4,30.376717133667825
wavePE_nodrop,4,4,30.72589268561481
wavePE_nodrop,4,4,31.46164858313734
wavePE_nodrop,4,4,28.072048673987865
wavePE_nodrop,4,4,27.432786633972835
wavePE_nodrop,4,4,32.38725694664986
wavePE_nodrop,4,4,32.48286427494826
wavePE_nodrop,4,4,26.095731951610443
wavePE_nodrop,4,4,17.24168203387196
wavePE_nodrop,4,4,15.609819306272628
wavePE_nodrop,4,4,15.686142716700855
wavePE_nodrop,4,4,21.616054750048043
wavePE_nodrop,4,4,18.3681881162636
wavePE_nodrop,4,4,25.517316772066845
wavePE_nodrop,4,4,29.284635788062854
wavePE_nodrop,4,4,33.51106383442458
wavePE_nodrop,4,4,29.200139632216754
wavePE_nodrop,4,4,25.35089535918524
wavePE_nodrop,4,4,29.509428701306863
wavePE_nodrop,4,4,26.51272906198151
wavePE_nodrop,4,4,33.61445762457146
wavePE_nodrop,4,4,27.036303576727786
wavePE_nodrop,4,4,27.826909305677255
wavePE_nodrop,4,4,23.76782544690202
wavePE_nodrop,4,4,26.518781069180736
wavePE_nodrop,4,4,31.55869893272366
wavePE_nodrop,4,4,35.451693799485284
wavePE_nodrop,4,4,27.12263973777859
wavePE_nodrop,4,4,32.07245946009199
wavePE_nodrop,4,4,31.156412628684517
wavePE_nodrop,4,4,27.70008992432799
wavePE_nodrop,4,4,28.069733800931832
wavePE_nodrop,4,4,30.037090840512754
wavePE_nodrop,4,4,36.5388006019515
wavePE_nodrop,4,4,39.299472994925324
wavePE_nodrop,4,4,39.346928981365394
wavePE_nodrop,4,4,37.4920066339188
wavePE_nodrop,4,4,36.45251132200345
wavePE_nodrop,4,4,34.85726636133948
wavePE_nodrop,4,4,37.38440760954039
wavePE_nodrop,4,4,35.0066313334935
wavePE_nodrop,4,4,34.05933577164334
wavePE_nodrop,4,4,29.64445024222065
wavePE_nodrop,4,4,24.026501545408884
wavePE_nodrop,4,4,28.654097638557783
wavePE_nodrop,4,4,26.191742769216983
wavePE_nodrop,4,4,27.50520888826256
wavePE_nodrop,4,4,31.52956261373181
wavePE_nodrop,4,4,32.25654064116451
wavePE_nodrop,4,4,31.561924779976632
wavePE_nodrop,4,4,31.637711939479548
wavePE_nodrop,4,4,35.936247444610515
wavePE_nodrop,4,4,26.658744976530954
wavePE_nodrop,4,4,44.16114967026694
wavePE_nodrop,4,4,42.730435640811116
wavePE_nodrop,4,4,40.3691014712689
wavePE_nodrop,4,4,48.07489666249548
wavePE_nodrop,4,4,50.762493192747264
wavePE_nodrop,4,4,40.401856085138704
wavePE_nodrop,4,4,41.46623478028159
wavePE_nodrop,4,4,39.425118928960444
wavePE_nodrop,4,4,38.047584383705406
wavePE_nodrop,4,4,35.698900152296154
wavePE_nodrop,4,4,28.99157600302122
wavePE_nodrop,4,4,28.36988601464123
wavePE_nodrop,4,4,30.226753593340675
wavePE_nodrop,4,4,27.90496158722585
wavePE_nodrop,4,4,37.683256064478975
wavePE_nodrop,4,4,28.402257276699288
wavePE_nodrop,4,4,33.0606899142163
wavePE_nodrop,4,4,29.96501750058942
wavePE_nodrop,4,4,29.463360207015963
wavePE_nodrop,4,4,23.109821387202583
wavePE_nodrop,4,4,42.83684948168046
wavePE_nodrop,4,4,41.290468079062386
wavePE_nodrop,4,4,40.088194806930524
wavePE_nodrop,4,4,32.65032645286875
wavePE_nodrop,4,4,33.31959845295496
wavePE_nodrop,4,5,9.976378555111921
wavePE_nodrop,4,5,21.413690471182974
wavePE_nodrop,4,5,17.25858258986174
wavePE_nodrop,4,5,21.255330334348315
wavePE_nodrop,4,5,18.526736054539636
wavePE_nodrop,4,5,22.336836270194393
wavePE_nodrop,4,5,10.49529253817046
wavePE_nodrop,4,5,17.761530597454133
wavePE_nodrop,4,5,17.001708647300152
wavePE_nodrop,4,5,18.972234813469093
wavePE_nodrop,4,5,16.07241724155402
wavePE_nodrop,4,5,21.483038529260092
wavePE_nodrop,4,5,25.065427077566223
wavePE_nodrop,4,5,22.793435060321915
wavePE_nodrop,4,5,20.196884804422762
wavePE_nodrop,4,5,24.80379155515582
wavePE_nodrop,4,5,23.116595928949685
wavePE_nodrop,4,5,26.90041406187191
wavePE_nodrop,4,5,23.47745907976273
wavePE_nodrop,4,5,28.6912985666782
wavePE_nodrop,4,5,27.579569904301923
wavePE_nodrop,4,5,9.068668113120095
wavePE_nodrop,4,5,10.11967325755207
wavePE_nodrop,4,5,10.71145355685826
wavePE_nodrop,4,5,11.200044705071763
wavePE_nodrop,4,5,13.21085201783332
wavePE_nodrop,4,5,18.891106392310224
wavePE_nodrop,4,5,23.517574667751234
wavePE_nodrop,4,5,20.513753133596204
wavePE_nodrop,4,5,22.60315156406464
wavePE_nodrop,4,5,19.703959032890833
wavePE_nodrop,4,5,18.966041628756905
wavePE_nodrop,4,5,21.075767697230592
wavePE_nodrop,4,5,20.83548957644727
wavePE_nodrop,4,5,22.81756899843825
wavePE_nodrop,4,5,20.920576967952524
wavePE_nodrop,4,5,10.376290393938248
wavePE_nodrop,4,5,13.772371100490375
wavePE_nodrop,4,5,15.953941781786122
wavePE_nodrop,4,5,13.952496198708113
wavePE_nodrop,4,5,19.57800100943249
wavePE_nodrop,4,5,17.355665613479207
wavePE_nodrop,4,5,19.680026421009604
wavePE_nodrop,4,5,18.20645123892633
wavePE_nodrop,4,5,20.216875673849064
wavePE_nodrop,4,5,19.279850711064032
wavePE_nodrop,4,5,20.258212089102443
wavePE_nodrop,4,5,17.22232267137734
wavePE_nodrop,4,5,21.18316742561134
wavePE_nodrop,4,5,16.85636249416394
wavePE_nodrop,4,5,25.901867743094833
wavePE_nodrop,4,5,20.680332115008063
wavePE_nodrop,4,5,14.279655998300774
wavePE_nodrop,4,5,21.837532550277846
wavePE_nodrop,4,5,19.206602394602267
wavePE_nodrop,4,5,16.55242223645904
wavePE_nodrop,4,5,16.388640846435806
wavePE_nodrop,4,5,14.673762261223763
wavePE_nodrop,4,5,13.36274996945763
wavePE_nodrop,4,5,19.46451225091751
wavePE_nodrop,4,5,15.981366269501551
wavePE_nodrop,4,5,22.69619471223673
wavePE_nodrop,4,5,30.6824344751845
wavePE_nodrop,4,5,30.434538177402803
wavePE_nodrop,4,5,28.55414659822042
wavePE_nodrop,4,5,21.99736092764089
wavePE_nodrop,4,5,26.13366284250289
wavePE_nodrop,4,5,25.569185821564055
wavePE_nodrop,4,5,24.336097710988984
wavePE_nodrop,4,5,27.35829270248458
wavePE_nodrop,4,5,26.53145461841178
wavePE_nodrop,4,5,18.42994457719583
wavePE_nodrop,4,5,25.677957394717673
wavePE_nodrop,4,5,30.701748163666537
wavePE_nodrop,4,5,31.311155795645984
wavePE_nodrop,4,5,24.12779458205436
wavePE_nodrop,4,5,33.34971223729026
wavePE_nodrop,4,5,26.642519482758626
wavePE_nodrop,4,5,31.149667168285237
wavePE_nodrop,4,5,26.611924262568632
wavePE_nodrop,4,5,30.515092790074743
wavePE_nodrop,4,5,34.835382750816315
wavePE_nodrop,4,5,40.16535550401757
wavePE_nodrop,4,5,33.56462110447449
wavePE_nodrop,4,5,38.90855464586701
wavePE_nodrop,4,5,35.998103774450435
wavePE_nodrop,4,5,39.90497650276406
wavePE_nodrop,4,5,37.3156572187192
wavePE_nodrop,4,5,36.60227794667511
wavePE_nodrop,4,5,43.76336004861376
wavePE_nodrop,4,5,31.502974530780705
wavePE_nodrop,4,5,17.259303670911624
wavePE_nodrop,4,5,24.15977136200917
wavePE_nodrop,4,5,25.048949047704532
wavePE_nodrop,4,5,25.000979374092463
wavePE_nodrop,4,5,24.655108242899132
wavePE_nodrop,4,5,31.07823771878009
wavePE_nodrop,4,5,27.70731852860999
wavePE_nodrop,4,5,26.37378925337567
wavePE_nodrop,4,5,33.70836106399789
wavePE_nodrop,4,5,27.70289991638913
wavePE_nodrop,4,5,34.149988026819116
wavePE_nodrop,4,5,33.75434243852177
wavePE_nodrop,4,5,34.047482884323315
wavePE_nodrop,4,5,35.87479255321374
wavePE_nodrop,4,5,42.42704744558119
wavePE_nodrop,4,5,33.06745066221995
wavePE_nodrop,4,5,30.76058300663851
wavePE_nodrop,4,5,29.652336666979714
wavePE_nodrop,4,5,31.459265827424865
wavePE_nodrop,4,5,28.228343733915313
wavePE_nodrop,4,5,20.62284932210958
wavePE_nodrop,4,5,31.168535252182785
wavePE_nodrop,4,5,28.479463193589105
wavePE_nodrop,4,5,31.15809556769737
wavePE_nodrop,4,5,29.378084401662957
wavePE_nodrop,4,5,29.778305849045815
wavePE_nodrop,4,5,29.379056420077283
wavePE_nodrop,4,5,30.20687151167525
wavePE_nodrop,4,5,33.749815110760316
wavePE_nodrop,4,5,21.959616546124952
wavePE_nodrop,4,5,31.525396410965183
wavePE_nodrop,4,5,37.849539851718305
wavePE_nodrop,4,5,34.55291327112016
wavePE_nodrop,4,5,26.82276523880453
wavePE_nodrop,4,5,21.268549609032874
wavePE_nodrop,4,5,8.753272467051861
wavePE_nodrop,4,5,11.850584167410064
wavePE_nodrop,4,5,7.9437547636101575
wavePE_nodrop,4,5,9.215246872624718
wavePE_nodrop,4,5,8.896057917337155
wavePE_nodrop,4,5,17.893793043665756
wavePE_nodrop,4,5,25.552923009861416
wavePE_nodrop,4,5,23.44461559570656
wavePE_nodrop,4,5,21.727934591101747
wavePE_nodrop,4,5,26.95807439499392
wavePE_nodrop,4,5,22.477864709654316
wavePE_nodrop,4,5,22.248034733862774
wavePE_nodrop,4,5,30.320652802371303
wavePE_nodrop,4,5,23.55563896668412
wavePE_nodrop,4,5,18.888679669615072
wavePE_nodrop,4,5,17.39071369075264
wavePE_nodrop,4,5,25.178921289261236
wavePE_nodrop,4,5,22.00663346888832
wavePE_nodrop,4,5,28.38998296858569
wavePE_nodrop,4,5,25.77947659600249
wavePE_nodrop,4,5,21.612647447341626
wavePE_nodrop,4,5,25.60662950549376
wavePE_nodrop,4,5,24.542468229547904
wavePE_nodrop,4,5,28.07010292075474
wavePE_nodrop,4,5,23.31649091386526
wavePE_nodrop,4,5,25.962674843469724
wavePE_nodrop,4,5,23.180679546955865
wavePE_nodrop,4,5,27.046290660884072
wavePE_nodrop,4,5,28.854486065490995
wavePE_nodrop,4,5,29.539969650272685
wavePE_nodrop,4,5,24.976753339172824
wavePE_nodrop,4,5,31.648086989518703
wavePE_nodrop,4,5,30.47562943562693
wavePE_nodrop,4,5,28.75154889401614
wavePE_nodrop,4,5,27.331701853801828
wavePE_nodrop,4,5,15.028985397580877
wavePE_nodrop,4,5,11.209771005850708
wavePE_nodrop,4,5,16.689507643586943
wavePE_nodrop,4,5,12.321938439346207
wavePE_nodrop,4,5,21.59686430394595
wavePE_nodrop,4,5,20.413386042261866
wavePE_nodrop,4,5,23.40393046714849
wavePE_nodrop,4,5,19.018408095229187
wavePE_nodrop,4,5,23.55490689246947
wavePE_nodrop,4,5,19.11709400952712
wavePE_nodrop,4,5,26.217323526938124
wavePE_nodrop,4,5,26.566185716442796
wavePE_nodrop,4,5,29.68799129979707
wavePE_nodrop,4,5,32.52416185605445
wavePE_nodrop,4,5,33.44964666393943
wavePE_nodrop,4,5,29.738838756211894
wavePE_nodrop,4,5,26.47152276416975
wavePE_nodrop,4,5,31.34911182227291
wavePE_nodrop,4,5,28.56585232239204
wavePE_nodrop,4,5,26.096590702635325
wavePE_nodrop,4,5,18.294254582457476
wavePE_nodrop,4,5,19.514625211337115
wavePE_nodrop,4,5,22.43145817193505
wavePE_nodrop,4,5,20.491013237718988
wavePE_nodrop,4,5,25.750886287873097
wavePE_nodrop,4,5,18.553274622549388
wavePE_nodrop,4,5,27.12700291815727
wavePE_nodrop,4,5,30.044011404075068
wavePE_nodrop,4,5,26.154406072875652
wavePE_nodrop,4,5,18.08361676636631
wavePE_nodrop,4,5,20.910302650879252
wavePE_nodrop,4,5,25.969004808100127
wavePE_nodrop,4,5,27.033174234026067
wavePE_nodrop,4,5,18.963136900972366
wavePE_nodrop,4,5,18.973246654235947
wavePE_nodrop,4,5,15.611412992643167
wavePE_nodrop,4,5,15.037751525245229
wavePE_nodrop,4,5,20.745686955744535
wavePE_nodrop,4,5,16.88628160868046
wavePE_nodrop,4,5,13.607090213749169
wavePE_nodrop,4,5,17.34643526218559
wavePE_nodrop,4,5,14.229844953490913
wavePE_nodrop,4,5,18.373653911764425
wavePE_nodrop,4,5,14.986250805879438
wavePE_nodrop,4,5,16.580700405029514
wavePE_nodrop,4,5,25.067759155745886
wavePE_nodrop,4,5,26.36220896059703
wavePE_nodrop,4,5,24.75285772328423
wavePE_nodrop,4,5,30.116846379240094
wavePE_nodrop,4,5,27.148922689828535
wavePE_nodrop,4,5,25.823372112564293
wavePE_nodrop,4,5,30.397714532866036
wavePE_nodrop,4,5,23.382349687955497
wavePE_nodrop,4,5,25.01589855743765
wavePE_nodrop,4,5,24.013880495067816
wavePE_nodrop,4,5,23.724833615361916
wavePE_nodrop,4,5,25.084853112079678
wavePE_nodrop,4,5,27.986707119328457
wavePE_nodrop,4,5,22.39809479799528
wavePE_nodrop,4,5,27.866933138210523
wavePE_nodrop,4,5,25.524892645978074
wavePE_nodrop,4,5,26.305013942725747
wavePE_nodrop,4,5,28.145340930120977
wavePE_nodrop,4,5,26.288156809421398
wavePE_nodrop,4,5,20.793877860761363
wavePE_nodrop,4,5,33.27393462489978
wavePE_nodrop,4,5,34.89054911945032
wavePE_nodrop,4,5,32.18981401685646
wavePE_nodrop,4,5,27.50114495426814
wavePE_nodrop,4,5,25.14264023904827
wavePE_nodrop,4,5,27.28284169877968
wavePE_nodrop,4,5,23.325400093978903
wavePE_nodrop,4,5,23.566554451558584
wavePE_nodrop,4,5,27.84165279868679
wavePE_nodrop,4,5,28.63900252322423
wavePE_nodrop,4,5,20.94766424969583
wavePE_nodrop,4,5,29.461283692206162
wavePE_nodrop,4,5,31.445498838109994
wavePE_nodrop,4,5,27.57774555314567
wavePE_nodrop,4,5,23.091775797352195
wavePE_nodrop,4,5,41.2938835292801
wavePE_nodrop,4,5,41.25658456667082
wavePE_nodrop,4,5,36.44397333733149
wavePE_nodrop,4,5,33.928676417995916
wavePE_nodrop,4,5,28.586988643461297
wavePE_nodrop,4,5,22.28683395604701
wavePE_nodrop,4,5,27.54177856566444
wavePE_nodrop,4,5,22.260988496613862
wavePE_nodrop,4,5,15.475315984966084
wavePE_nodrop,4,5,17.88162251735154
wavePE_nodrop,4,5,26.050446638881088
wavePE_nodrop,4,6,6.927220968949354
wavePE_nodrop,4,6,11.708560823538168
wavePE_nodrop,4,6,10.874672007615072
wavePE_nodrop,4,6,10.3956440223988
wavePE_nodrop,4,6,7.513516242546134
wavePE_nodrop,4,6,16.74782708004187
wavePE_nodrop,4,6,24.24927732891569
wavePE_nodrop,4,6,16.175742587274915
wavePE_nodrop,4,6,17.04506682200803
wavePE_nodrop,4,6,18.465539492107727
wavePE_nodrop,4,6,15.218691735476384
wavePE_nodrop,4,6,19.864334869898524
wavePE_nodrop,4,6,17.885938095025857
wavePE_nodrop,4,6,23.31687525796641
wavePE_nodrop,4,6,19.833873470562402
wavePE_nodrop,4,6,8.903139223941235
wavePE_nodrop,4,6,9.937682286433855
wavePE_nodrop,4,6,11.165338152690387
wavePE_nodrop,4,6,10.315821925255367
wavePE_nodrop,4,6,17.316225128456196
wavePE_nodrop,4,6,18.98209476160983
wavePE_nodrop,4,6,16.22301127981686
wavePE_nodrop,4,6,18.30309301452564
wavePE_nodrop,4,6,16.17664085450887
wavePE_nodrop,4,6,16.15809847179876
wavePE_nodrop,4,6,19.320791603713158
wavePE_nodrop,4,6,19.449582846377528
wavePE_nodrop,4,6,19.160382071045937
wavePE_nodrop,4,6,18.299434993065734
wavePE_nodrop,4,6,19.122878054627222
wavePE_nodrop,4,6,17.99504649351493
wavePE_nodrop,4,6,19.53946419624663
wavePE_nodrop,4,6,25.612365486547752
wavePE_nodrop,4,6,26.20748732233145
wavePE_nodrop,4,6,18.46244693848934
wavePE_nodrop,4,6,6.412422733506332
wavePE_nodrop,4,6,9.054421897512963
wavePE_nodrop,4,6,9.561555332055972
wavePE_nodrop,4,6,8.102266317881462
wavePE_nodrop,4,6,9.703278351570804
wavePE_nodrop,4,6,10.478361844281777
wavePE_nodrop,4,6,12.381719624803443
wavePE_nodrop,4,6,9.59436565338933
wavePE_nodrop,4,6,14.21929753936387
wavePE_nodrop,4,6,11.615099054185029
wavePE_nodrop,4,6,18.32359789378408
wavePE_nodrop,4,6,16.16967138115232
wavePE_nodrop,4,6,18.792976278496837
wavePE_nodrop,4,6,16.979893072600454
wavePE_nodrop,4,6,22.667461593630666
wavePE_nodrop,4,6,19.348025672450927
wavePE_nodrop,4,6,16.13373844170452
wavePE_nodrop,4,6,19.580337665858735
wavePE_nodrop,4,6,19.247832174127478
wavePE_nodrop,4,6,14.152962320320382
wavePE_nodrop,4,6,7.7195091064092365
wavePE_nodrop,4,6,13.078068697175564
wavePE_nodrop,4,6,9.715830552433387
wavePE_nodrop,4,6,13.482220543009266
wavePE_nodrop,4,6,12.797036334465846
wavePE_nodrop,4,6,10.766895676167776
wavePE_nodrop,4,6,14.360528359231102
wavePE_nodrop,4,6,21.20776691031201
wavePE_nodrop,4,6,16.484199146909145
wavePE_nodrop,4,6,12.058686036868417
wavePE_nodrop,4,6,10.083841658690305
wavePE_nodrop,4,6,18.526448956412434
wavePE_nodrop,4,6,15.172373111797041
wavePE_nodrop,4,6,10.173389989452858
wavePE_nodrop,4,6,8.016407170486819
wavePE_nodrop,4,6,12.111770717721416
wavePE_nodrop,4,6,12.116246778960418
wavePE_nodrop,4,6,16.899149630511864
wavePE_nodrop,4,6,15.272896908146247
wavePE_nodrop,4,6,11.948821126201652
wavePE_nodrop,4,6,17.55948755185596
wavePE_nodrop,4,6,14.226032237529393
wavePE_nodrop,4,6,13.534127544590064
wavePE_nodrop,4,6,12.090193878485158
wavePE_nodrop,4,6,15.34293942456554
wavePE_nodrop,4,6,24.567297158566273
wavePE_nodrop,4,6,22.563095769432334
wavePE_nodrop,4,6,22.47843412048537
wavePE_nodrop,4,6,27.469718625410472
wavePE_nodrop,4,6,25.859484744085233
wavePE_nodrop,4,6,22.568550359873488
wavePE_nodrop,4,6,22.345660592496106
wavePE_nodrop,4,6,21.89313200519191
wavePE_nodrop,4,6,25.79059735780522
wavePE_nodrop,4,6,18.157215361259905
wavePE_nodrop,4,6,18.367535648327415
wavePE_nodrop,4,6,23.473322310695398
wavePE_nodrop,4,6,22.616677779201268
wavePE_nodrop,4,6,25.405292609483553
wavePE_nodrop,4,6,23.84133021200227
wavePE_nodrop,4,6,26.326890573598753
wavePE_nodrop,4,6,27.623190574797977
wavePE_nodrop,4,6,21.638112197328343
wavePE_nodrop,4,6,30.28239863781815
wavePE_nodrop,4,6,20.612597671407883
wavePE_nodrop,4,6,33.7260569552109
wavePE_nodrop,4,6,32.39001809596842
wavePE_nodrop,4,6,35.57616886281756
wavePE_nodrop,4,6,26.00293435514177
wavePE_nodrop,4,6,29.40599960189525
wavePE_nodrop,4,6,17.081729767669547
wavePE_nodrop,4,6,17.096679915790823
wavePE_nodrop,4,6,13.95485490802904
wavePE_nodrop,4,6,24.4110000989258
wavePE_nodrop,4,6,25.862847369541804
wavePE_nodrop,4,6,22.290739430870538
wavePE_nodrop,4,6,25.45952470555611
wavePE_nodrop,4,6,24.036214596017597
wavePE_nodrop,4,6,26.002597501647358
wavePE_nodrop,4,6,17.6974402115006
wavePE_nodrop,4,6,26.016653540781395
wavePE_nodrop,4,6,29.963496555397626
wavePE_nodrop,4,6,28.611724892007686
wavePE_nodrop,4,6,21.589088693096755
wavePE_nodrop,4,6,21.06439822467649
wavePE_nodrop,4,6,21.55604540582947
wavePE_nodrop,4,6,19.902119605745252
wavePE_nodrop,4,6,23.546990272158627
wavePE_nodrop,4,6,14.376678607197752
wavePE_nodrop,4,6,18.465016694382104
wavePE_nodrop,4,6,11.95685269431569
wavePE_nodrop,4,6,7.79818034775298
wavePE_nodrop,4,6,7.133182834302471
wavePE_nodrop,4,6,7.524182702220585
wavePE_nodrop,4,6,10.103234334534637
wavePE_nodrop,4,6,12.763555063008832
wavePE_nodrop,4,6,11.185089355916876
wavePE_nodrop,4,6,10.967616669109493
wavePE_nodrop,4,6,11.048500005364252
wavePE_nodrop,4,6,8.671582778220634
wavePE_nodrop,4,6,7.236496987297543
wavePE_nodrop,4,6,21.266655966981496
wavePE_nodrop,4,6,16.41829110831761
wavePE_nodrop,4,6,19.808049909672068
wavePE_nodrop,4,6,28.48027507277976
wavePE_nodrop,4,6,23.54298937486977
wavePE_nodrop,4,6,17.476869028997566
wavePE_nodrop,4,6,27.871064114771325
wavePE_nodrop,4,6,22.530444172263703
wavePE_nodrop,4,6,21.086164176102063
wavePE_nodrop,4,6,18.86677925570158
wavePE_nodrop,4,6,19.041955672197137
wavePE_nodrop,4,6,18.253214790254702
wavePE_nodrop,4,6,19.69177441736451
wavePE_nodrop,4,6,20.805330827116475
wavePE_nodrop,4,6,27.90194896329646
wavePE_nodrop,4,6,20.88652837862083
wavePE_nodrop,4,6,22.137488011150374
wavePE_nodrop,4,6,26.84121386923967
wavePE_nodrop,4,6,24.047652811325893
wavePE_nodrop,4,6,19.553130735445535
wavePE_nodrop,4,6,20.913854711981635
wavePE_nodrop,4,6,26.43957736603426
wavePE_nodrop,4,6,24.912934163784236
wavePE_nodrop,4,6,21.084758671631647
wavePE_nodrop,4,6,24.07755511458999
wavePE_nodrop,4,6,16.46179746499846
wavePE_nodrop,4,6,16.262066080964658
wavePE_nodrop,4,6,15.90869434410483
wavePE_nodrop,4,6,15.702862810678795
wavePE_nodrop,4,6,12.329026324902841
wavePE_nodrop,4,6,15.782287358713003
wavePE_nodrop,4,6,18.17083714109611
wavePE_nodrop,4,6,24.237259171498092
wavePE_nodrop,4,6,21.471835720776458
wavePE_nodrop,4,6,16.01659067441665
wavePE_nodrop,4,6,22.68241247590969
wavePE_nodrop,4,6,26.05144258489256
wavePE_nodrop,4,6,27.808540112554994
wavePE_nodrop,4,6,21.637862078697573
wavePE_nodrop,4,6,18.357592479485785
wavePE_nodrop,4,6,14.847142440888954
wavePE_nodrop,4,6,19.034671531399333
wavePE_nodrop,4,6,21.010524068813424
wavePE_nodrop,4,6,13.667821647882786
wavePE_nodrop,4,6,16.779872503356007
wavePE_nodrop,4,6,13.079965137795938
wavePE_nodrop,4,6,13.662961600245998
wavePE_nodrop,4,6,15.329744496564928
wavePE_nodrop,4,6,14.02299582378086
wavePE_nodrop,4,6,16.737634549859923
wavePE_nodrop,4,6,14.202162708874393
wavePE_nodrop,4,6,15.620681531781875
wavePE_nodrop,4,6,17.312776545556595
wavePE_nodrop,4,6,13.245430167385452
wavePE_nodrop,4,6,15.128560188008196
wavePE_nodrop,4,6,13.332755435496734
wavePE_nodrop,4,6,26.329099819577127
wavePE_nodrop,4,6,24.549709384173816
wavePE_nodrop,4,6,22.675335411239864
wavePE_nodrop,4,6,22.22316833362171
wavePE_nodrop,4,6,22.631528743166445
wavePE_nodrop,4,6,21.818499864058385
wavePE_nodrop,4,6,27.041853535394555
wavePE_nodrop,4,6,21.514843346466172
wavePE_nodrop,4,6,14.616616603921992
wavePE_nodrop,4,6,14.902891336263524
wavePE_nodrop,4,6,19.90830061126434
wavePE_nodrop,4,6,24.079355084541287
wavePE_nodrop,4,6,25.52177700102722
wavePE_nodrop,4,6,17.074023636349335
wavePE_nodrop,4,6,20.18486799796076
wavePE_nodrop,4,6,18.443788995881043
wavePE_nodrop,4,6,22.847646281553043
wavePE_nodrop,4,6,11.457931673122244
learnedPE_drop,4,0,67.27569700381166
learnedPE_drop,4,1,65.01512188688433
learnedPE_drop,4,1,60.41496143989594
learnedPE_drop,4,1,64.2663034299258
learnedPE_drop,4,1,66.37747505143238
learnedPE_drop,4,1,64.4098244928499
learnedPE_drop,4,1,66.64533399673044
learnedPE_drop,4,1,64.98596147123062
learnedPE_drop,4,1,66.2961893579613
learnedPE_drop,4,1,65.4651463718072
learnedPE_drop,4,1,66.56562389056835
learnedPE_drop,4,2,48.488113924070376
learnedPE_drop,4,2,61.10061934042102
learnedPE_drop,4,2,63.74743770211514
learnedPE_drop,4,2,63.6204567492
learnedPE_drop,4,2,64.90381165953212
learnedPE_drop,4,2,63.16870462673707
learnedPE_drop,4,2,64.227567542376
learnedPE_drop,4,2,63.51073746767837
learnedPE_drop,4,2,64.35557417048095
learnedPE_drop,4,2,56.28035605368222
learnedPE_drop,4,2,58.7092494507491
learnedPE_drop,4,2,55.373425121900745
learnedPE_drop,4,2,60.82956788698953
learnedPE_drop,4,2,57.40543583254263
learnedPE_drop,4,2,59.81222020508305
learnedPE_drop,4,2,59.026210364460944
learnedPE_drop,4,2,60.04147492564963
learnedPE_drop,4,2,58.739666651675975
learnedPE_drop,4,2,62.91554897825713
learnedPE_drop,4,2,64.7446210437154
learnedPE_drop,4,2,62.76232740649565
learnedPE_drop,4,2,63.65044897980418
learnedPE_drop,4,2,63.32143682975885
learnedPE_drop,4,2,64.00220793242318
learnedPE_drop,4,2,61.721060734300806
learnedPE_drop,4,2,65.52207883125747
learnedPE_drop,4,2,65.05849257770613
learnedPE_drop,4,2,65.26939656123918
learnedPE_drop,4,2,65.04153719283836
learnedPE_drop,4,2,65.77594674136012
learnedPE_drop,4,2,63.49605127528681
learnedPE_drop,4,2,61.9592303349416
learnedPE_drop,4,2,62.857613703105315
learnedPE_drop,4,2,63.59628919796325
learnedPE_drop,4,2,63.94951538549469
learnedPE_drop,4,2,60.73957877278384
learnedPE_drop,4,2,65.61132288305654
learnedPE_drop,4,2,65.2799690652838
learnedPE_drop,4,2,65.72359346839683
learnedPE_drop,4,2,64.57226193420044
learnedPE_drop,4,2,64.42152286611386
learnedPE_drop,4,2,64.78872690824171
learnedPE_drop,4,2,59.6867331444065
learnedPE_drop,4,2,65.0128300793925
learnedPE_drop,4,2,64.26729542276045
learnedPE_drop,4,3,45.65344941101729
learnedPE_drop,4,3,45.42672563823733
learnedPE_drop,4,3,41.49493802667115
learnedPE_drop,4,3,48.48727148057951
learnedPE_drop,4,3,46.40653280441534
learnedPE_drop,4,3,46.16796022568368
learnedPE_drop,4,3,45.90293460215396
learnedPE_drop,4,3,47.48855247691129
learnedPE_drop,4,3,56.73147271411722
learnedPE_drop,4,3,60.79358830135205
learnedPE_drop,4,3,61.95707352031919
learnedPE_drop,4,3,59.60993097151561
learnedPE_drop,4,3,61.07922858633047
learnedPE_drop,4,3,60.83902846278262
learnedPE_drop,4,3,60.76224899733845
learnedPE_drop,4,3,60.88473565811335
learnedPE_drop,4,3,63.582681559154885
learnedPE_drop,4,3,62.17740026910599
learnedPE_drop,4,3,63.4076995571901
learnedPE_drop,4,3,63.06681273852244
learnedPE_drop,4,3,63.065808895272845
learnedPE_drop,4,3,63.04885868443305
learnedPE_drop,4,3,61.36850144098347
learnedPE_drop,4,3,61.9405481946307
learnedPE_drop,4,3,62.245340009339934
learnedPE_drop,4,3,62.8882676306014
learnedPE_drop,4,3,59.14543946165403
learnedPE_drop,4,3,64.10306521795535
learnedPE_drop,4,3,63.28968424004676
learnedPE_drop,4,3,63.57274454739927
learnedPE_drop,4,3,62.170076695407694
learnedPE_drop,4,3,62.50352131644751
learnedPE_drop,4,3,62.695292611812235
learnedPE_drop,4,3,58.2780027636678
learnedPE_drop,4,3,62.40431409826217
learnedPE_drop,4,3,62.07431154447214
learnedPE_drop,4,3,42.76478855701949
learnedPE_drop,4,3,54.38943562798129
learnedPE_drop,4,3,57.30161526372603
learnedPE_drop,4,3,54.324288300233896
learnedPE_drop,4,3,56.131346228573484
learnedPE_drop,4,3,55.96285064229452
learnedPE_drop,4,3,56.8102335210852
learnedPE_drop,4,3,52.355888938025
learnedPE_drop,4,3,59.06258907038323
learnedPE_drop,4,3,57.05001410699184
learnedPE_drop,4,3,58.10936437671519
learnedPE_drop,4,3,57.9496464790575
learnedPE_drop,4,3,58.31283541321329
learnedPE_drop,4,3,54.36128301298557
learnedPE_drop,4,3,50.236773083908545
learnedPE_drop,4,3,52.357058992442354
learnedPE_drop,4,3,53.6777299089253
learnedPE_drop,4,3,53.983222100877164
learnedPE_drop,4,3,55.51530646923406
learnedPE_drop,4,3,60.32468562313828
learnedPE_drop,4,3,59.01362447666587
learnedPE_drop,4,3,60.978275964278495
learnedPE_drop,4,3,57.82354245153615
learnedPE_drop,4,3,57.00807878311635
learnedPE_drop,4,3,57.35674033695068
learnedPE_drop,4,3,54.26595375053872
learnedPE_drop,4,3,59.26305051200681
learnedPE_drop,4,3,58.19684866603721
learnedPE_drop,4,3,51.948186343116895
learnedPE_drop,4,3,59.79556364770932
learnedPE_drop,4,3,57.63153624671203
learnedPE_drop,4,3,58.20677679016303
learnedPE_drop,4,3,57.14483378524212
learnedPE_drop,4,3,58.509494291390276
learnedPE_drop,4,3,60.817424132005435
learnedPE_drop,4,3,60.510013080585225
learnedPE_drop,4,3,61.59087275083177
learnedPE_drop,4,3,61.788411387959044
learnedPE_drop,4,3,62.39611874589353
learnedPE_drop,4,3,58.1651927869662
learnedPE_drop,4,3,64.35858309367306
learnedPE_drop,4,3,63.842116614954385
learnedPE_drop,4,3,64.78347944949836
learnedPE_drop,4,3,61.90932887752593
learnedPE_drop,4,3,61.95408335669963
learnedPE_drop,4,3,62.486379597314574
learnedPE_drop,4,3,57.30117876051456
learnedPE_drop,4,3,63.56383036809469
learnedPE_drop,4,3,62.17248478044373
learnedPE_drop,4,3,59.63778333051986
learnedPE_drop,4,3,58.9606062440355
learnedPE_drop,4,3,59.87659375502233
learnedPE_drop,4,3,59.61227100333982
learnedPE_drop,4,3,60.244414892734675
learnedPE_drop,4,3,59.9649116904846
learnedPE_drop,4,3,64.47495176530562
learnedPE_drop,4,3,63.87354360140391
learnedPE_drop,4,3,64.86768463955127
learnedPE_drop,4,3,64.77146472472502
learnedPE_drop,4,3,64.2309891937196
learnedPE_drop,4,3,64.59576409828647
learnedPE_drop,4,3,57.90452636617029
learnedPE_drop,4,3,64.55460794724797
learnedPE_drop,4,3,62.97313445973467
learnedPE_drop,4,3,56.44761530374462
learnedPE_drop,4,3,61.952959897181934
learnedPE_drop,4,3,62.07023887820714
learnedPE_drop,4,3,62.388153156515465
learnedPE_drop,4,3,60.09871089761691
learnedPE_drop,4,3,61.062990217426936
learnedPE_drop,4,3,61.60444598999927
learnedPE_drop,4,3,57.010255439710114
learnedPE_drop,4,3,61.80183489954121
learnedPE_drop,4,3,61.149268310912376
learnedPE_drop,4,3,59.55876156214912
learnedPE_drop,4,3,59.563034718050226
learnedPE_drop,4,3,60.45539148895133
learnedPE_drop,4,3,59.259456249066645
learnedPE_drop,4,3,64.67063616482572
learnedPE_drop,4,3,63.270715451062465
learnedPE_drop,4,3,57.94864601217507
learnedPE_drop,4,3,63.762808986002696
learnedPE_drop,4,3,62.732841708127744
learnedPE_drop,4,3,54.44538993312825
learnedPE_drop,4,4,32.13503352652689
learnedPE_drop,4,4,41.51683526321392
learnedPE_drop,4,4,45.72137401448772
learnedPE_drop,4,4,43.87647792086059
learnedPE_drop,4,4,43.46008265707924
learnedPE_drop,4,4,42.5069204659534
learnedPE_drop,4,4,45.38799540825811
learnedPE_drop,4,4,38.019945450706736
learnedPE_drop,4,4,45.638889244008844
learnedPE_drop,4,4,44.26638774589189
learnedPE_drop,4,4,43.58662092872321
learnedPE_drop,4,4,43.930233277850775
learnedPE_drop,4,4,43.70206397710455
learnedPE_drop,4,4,41.99852293611608
learnedPE_drop,4,4,36.66103045336426
learnedPE_drop,4,4,38.098172304245246
learnedPE_drop,4,4,39.530253060191036
learnedPE_drop,4,4,39.73260671342353
learnedPE_drop,4,4,44.546048548831024
learnedPE_drop,4,4,46.64543159065888
learnedPE_drop,4,4,46.54737974615574
learnedPE_drop,4,4,48.49069646521896
learnedPE_drop,4,4,44.07425256004687
learnedPE_drop,4,4,43.18694935759026
learnedPE_drop,4,4,44.998253063844366
learnedPE_drop,4,4,41.33846774696957
learnedPE_drop,4,4,44.43508773263221
learnedPE_drop,4,4,43.85830708101207
learnedPE_drop,4,4,49.27182929925266
learnedPE_drop,4,4,56.59080977989233
learnedPE_drop,4,4,54.275373142979966
learnedPE_drop,4,4,56.270404558577276
learnedPE_drop,4,4,55.906646408284196
learnedPE_drop,4,4,55.877423458589995
learnedPE_drop,4,4,60.10471770179713
learnedPE_drop,4,4,57.75445700860975
learnedPE_drop,4,4,59.2667489139805
learnedPE_drop,4,4,59.501903877178435
learnedPE_drop,4,4,60.31978521896479
learnedPE_drop,4,4,55.31240093201355
learnedPE_drop,4,4,59.986240145853735
learnedPE_drop,4,4,60.79107759455447
learnedPE_drop,4,4,60.61556937619929
learnedPE_drop,4,4,58.200000174563236
learnedPE_drop,4,4,58.920528700918446
learnedPE_drop,4,4,59.01061733923968
learnedPE_drop,4,4,54.29490902387859
learnedPE_drop,4,4,59.24867111766912
learnedPE_drop,4,4,59.677858095297
learnedPE_drop,4,4,59.67629322646048
learnedPE_drop,4,4,58.116201816995265
learnedPE_drop,4,4,58.61970946949699
learnedPE_drop,4,4,59.64637504667608
learnedPE_drop,4,4,59.858539946197716
learnedPE_drop,4,4,57.67246399354161
learnedPE_drop,4,4,62.37509480389856
learnedPE_drop,4,4,61.842577064898315
learnedPE_drop,4,4,62.568584571695745
learnedPE_drop,4,4,61.024738757947254
learnedPE_drop,4,4,61.965254769988974
learnedPE_drop,4,4,61.60432832096372
learnedPE_drop,4,4,56.670829819059726
learnedPE_drop,4,4,61.218118450120365
learnedPE_drop,4,4,60.72841017233691
learnedPE_drop,4,4,55.33861400817862
learnedPE_drop,4,4,60.80657867974769
learnedPE_drop,4,4,61.22632365412341
learnedPE_drop,4,4,62.842912989847946
learnedPE_drop,4,4,58.76004194799619
learnedPE_drop,4,4,59.358822361108174
learnedPE_drop,4,4,60.29022173496503
learnedPE_drop,4,4,54.38135790328796
learnedPE_drop,4,4,59.39887551632976
learnedPE_drop,4,4,59.43048569391982
learnedPE_drop,4,4,56.36293799078749
learnedPE_drop,4,4,56.5325015370936
learnedPE_drop,4,4,57.202487363863995
learnedPE_drop,4,4,56.2650640487751
learnedPE_drop,4,4,60.51427167638638
learnedPE_drop,4,4,61.66434212396583
learnedPE_drop,4,4,55.15477561502302
learnedPE_drop,4,4,59.60016504616134
learnedPE_drop,4,4,60.29167377805168
learnedPE_drop,4,4,49.909687221488525
learnedPE_drop,4,4,24.935600297940393
learnedPE_drop,4,4,41.64207982992561
learnedPE_drop,4,4,40.50010905962214
learnedPE_drop,4,4,40.35607437042597
learnedPE_drop,4,4,42.72904330974315
learnedPE_drop,4,4,43.71080383342349
learnedPE_drop,4,4,54.2709574192724
learnedPE_drop,4,4,50.071806869410146
learnedPE_drop,4,4,53.13122454909967
learnedPE_drop,4,4,52.63367425884699
learnedPE_drop,4,4,53.41668473293776
learnedPE_drop,4,4,50.56311657076076
learnedPE_drop,4,4,56.41586438502037
learnedPE_drop,4,4,56.50596683764285
learnedPE_drop,4,4,57.34596591052083
learnedPE_drop,4,4,53.902492418552086
learnedPE_drop,4,4,54.02431277908399
learnedPE_drop,4,4,53.76378206726468
learnedPE_drop,4,4,51.70126350305314
learnedPE_drop,4,4,56.410918855328575
learnedPE_drop,4,4,55.17646357443924
learnedPE_drop,4,4,51.384720311297556
learnedPE_drop,4,4,48.34393371862143
learnedPE_drop,4,4,48.54830994085554
learnedPE_drop,4,4,51.453148149408456
learnedPE_drop,4,4,51.58146446223975
learnedPE_drop,4,4,54.25810327468564
learnedPE_drop,4,4,57.75251836348002
learnedPE_drop,4,4,57.88715457227797
learnedPE_drop,4,4,58.229519183407454
learnedPE_drop,4,4,56.41505354919915
learnedPE_drop,4,4,56.32304729999759
learnedPE_drop,4,4,56.601340643528935
learnedPE_drop,4,4,52.19770409635612
learnedPE_drop,4,4,56.950236687942336
learnedPE_drop,4,4,55.43512789499382
learnedPE_drop,4,4,43.64348201304579
learnedPE_drop,4,4,48.757843792351764
learnedPE_drop,4,4,53.134829401973505
learnedPE_drop,4,4,53.40333760951394
learnedPE_drop,4,4,47.78893722549809
learnedPE_drop,4,4,48.85710999706316
learnedPE_drop,4,4,48.80590631126091
learnedPE_drop,4,4,46.145443303167305
learnedPE_drop,4,4,50.40202534818051
learnedPE_drop,4,4,51.44902504959318
learnedPE_drop,4,4,53.62278403103026
learnedPE_drop,4,4,53.046970377477976
learnedPE_drop,4,4,55.36645479250746
learnedPE_drop,4,4,53.534675227287025
learnedPE_drop,4,4,58.652775039358474
learnedPE_drop,4,4,59.24494412353092
learnedPE_drop,4,4,53.038337270009926
learnedPE_drop,4,4,56.11716754526479
learnedPE_drop,4,4,55.719884851517016
learnedPE_drop,4,4,48.54949022189629
learnedPE_drop,4,4,49.52134388725056
learnedPE_drop,4,4,49.8688087341663
learnedPE_drop,4,4,51.54884978555186
learnedPE_drop,4,4,50.779331008125496
learnedPE_drop,4,4,51.14376539130758
learnedPE_drop,4,4,54.55010445568393
learnedPE_drop,4,4,58.59976816612663
learnedPE_drop,4,4,58.24629340047232
learnedPE_drop,4,4,58.664103668332395
learnedPE_drop,4,4,57.404090263736684
learnedPE_drop,4,4,56.77419366124842
learnedPE_drop,4,4,57.690856913497214
learnedPE_drop,4,4,50.656044803155815
learnedPE_drop,4,4,58.60155110911099
learnedPE_drop,4,4,56.26279606746737
learnedPE_drop,4,4,54.238687810298366
learnedPE_drop,4,4,59.112946333884096
learnedPE_drop,4,4,58.932264362433145
learnedPE_drop,4,4,60.01719682768159
learnedPE_drop,4,4,59.032370751523736
learnedPE_drop,4,4,58.89093046628734
learnedPE_drop,4,4,60.46357824171845
learnedPE_drop,4,4,54.654764508946535
learnedPE_drop,4,4,60.85430579448752
learnedPE_drop,4,4,59.81320934588124
learnedPE_drop,4,4,57.93403582752586
learnedPE_drop,4,4,57.07289288740502
learnedPE_drop,4,4,57.76531725688666
learnedPE_drop,4,4,57.91709325492978
learnedPE_drop,4,4,62.22475215115393
learnedPE_drop,4,4,62.457037261048306
learnedPE_drop,4,4,56.00795279551812
learnedPE_drop,4,4,60.83746855249582
learnedPE_drop,4,4,60.625588246778435
learnedPE_drop,4,4,51.86361702833081
learnedPE_drop,4,4,53.42602480854992
learnedPE_drop,4,4,57.79400510445679
learnedPE_drop,4,4,58.22595809775423
learnedPE_drop,4,4,59.12179380185326
learnedPE_drop,4,4,57.99289149974112
learnedPE_drop,4,4,57.95645409579439
learnedPE_drop,4,4,57.60121009324179
learnedPE_drop,4,4,52.75293080539319
learnedPE_drop,4,4,58.37962023561004
learnedPE_drop,4,4,57.52609792554525
learnedPE_drop,4,4,57.665328752238395
learnedPE_drop,4,4,58.10480527878395
learnedPE_drop,4,4,58.65068927914582
learnedPE_drop,4,4,56.48093521444274
learnedPE_drop,4,4,62.46110600704629
learnedPE_drop,4,4,61.41360576353744
learnedPE_drop,4,4,57.31960529399622
learnedPE_drop,4,4,62.97968286159506
learnedPE_drop,4,4,62.430177080732925
learnedPE_drop,4,4,52.42727307913953
learnedPE_drop,4,4,52.01883287295122
learnedPE_drop,4,4,55.316264343866926
learnedPE_drop,4,4,55.795448502442795
learnedPE_drop,4,4,54.717488034395025
learnedPE_drop,4,4,59.82849078199695
learnedPE_drop,4,4,60.30250938500215
learnedPE_drop,4,4,54.27463528986231
learnedPE_drop,4,4,58.83293052145762
learnedPE_drop,4,4,59.73003164090897
learnedPE_drop,4,4,50.21494821892946
learnedPE_drop,4,4,45.729326857251515
learnedPE_drop,4,4,56.47923802936562
learnedPE_drop,4,4,57.327029349284494
learnedPE_drop,4,4,52.85854851328342
learnedPE_drop,4,4,52.6861131710325
learnedPE_drop,4,5,17.39265924004386
learnedPE_drop,4,5,30.8820557715354
learnedPE_drop,4,5,30.737761060156338
learnedPE_drop,4,5,29.83070006290106
learnedPE_drop,4,5,30.76760728903428
learnedPE_drop,4,5,32.511958837883746
learnedPE_drop,4,5,42.187807597943525
learnedPE_drop,4,5,39.385816985354516
learnedPE_drop,4,5,39.50894978434301
learnedPE_drop,4,5,40.035727314549504
learnedPE_drop,4,5,42.0103989090283
learnedPE_drop,4,5,41.34983269894391
learnedPE_drop,4,5,43.53593764809411
learnedPE_drop,4,5,43.08657908081818
learnedPE_drop,4,5,44.85470557954237
learnedPE_drop,4,5,40.13598235899421
learnedPE_drop,4,5,39.74112260144346
learnedPE_drop,4,5,43.036633924013174
learnedPE_drop,4,5,38.34782570427075
learnedPE_drop,4,5,43.25485592075053
learnedPE_drop,4,5,40.44470369187814
learnedPE_drop,4,5,38.746117181179066
learnedPE_drop,4,5,35.28382755493308
learnedPE_drop,4,5,36.68704288741584
learnedPE_drop,4,5,37.060436559267316
learnedPE_drop,4,5,37.34185116102888
learnedPE_drop,4,5,42.92414287024037
learnedPE_drop,4,5,43.174054865401686
learnedPE_drop,4,5,44.074312237602236
learnedPE_drop,4,5,44.96375164966012
learnedPE_drop,4,5,43.06212985839345
learnedPE_drop,4,5,42.863689589404224
learnedPE_drop,4,5,43.60011835911423
learnedPE_drop,4,5,38.423536183763225
learnedPE_drop,4,5,41.62294527144943
learnedPE_drop,4,5,41.231349457956526
learnedPE_drop,4,5,30.908541366371193
learnedPE_drop,4,5,35.08834237504521
learnedPE_drop,4,5,40.276692974148304
learnedPE_drop,4,5,40.228687713087574
learnedPE_drop,4,5,34.230335400351386
learnedPE_drop,4,5,34.90274821826473
learnedPE_drop,4,5,35.54610035165936
learnedPE_drop,4,5,33.78119397362269
learnedPE_drop,4,5,36.32089757064069
learnedPE_drop,4,5,37.96097811584236
learnedPE_drop,4,5,39.44998513083463
learnedPE_drop,4,5,38.99143432272481
learnedPE_drop,4,5,43.07681268207907
learnedPE_drop,4,5,41.380044815167516
learnedPE_drop,4,5,45.00791349322644
learnedPE_drop,4,5,45.608458770788545
learnedPE_drop,4,5,37.87336758210737
learnedPE_drop,4,5,41.93084553869854
learnedPE_drop,4,5,41.91113880054724
learnedPE_drop,4,5,33.16532651772835
learnedPE_drop,4,5,46.56279514910676
learnedPE_drop,4,5,46.8014879246752
learnedPE_drop,4,5,48.92363209400086
learnedPE_drop,4,5,48.166781740652475
learnedPE_drop,4,5,48.97665137323457
learnedPE_drop,4,5,50.66998137833787
learnedPE_drop,4,5,54.55306084796195
learnedPE_drop,4,5,55.194223873366674
learnedPE_drop,4,5,55.14051241771697
learnedPE_drop,4,5,53.42352953776858
learnedPE_drop,4,5,53.33295710116016
learnedPE_drop,4,5,53.804752935453095
learnedPE_drop,4,5,48.27849575313808
learnedPE_drop,4,5,55.10888750315588
learnedPE_drop,4,5,53.600313703178095
learnedPE_drop,4,5,51.71326958473456
learnedPE_drop,4,5,57.29834623741916
learnedPE_drop,4,5,58.348333460448934
learnedPE_drop,4,5,59.10276175220564
learnedPE_drop,4,5,56.66061268075301
learnedPE_drop,4,5,57.19799988444782
learnedPE_drop,4,5,57.432114032213825
learnedPE_drop,4,5,52.55734344322389
learnedPE_drop,4,5,57.61133388471777
learnedPE_drop,4,5,58.754341208257365
learnedPE_drop,4,5,52.57848713822011
learnedPE_drop,4,5,53.56140134609926
learnedPE_drop,4,5,54.45357090895222
learnedPE_drop,4,5,54.610602581651115
learnedPE_drop,4,5,58.27798962146994
learnedPE_drop,4,5,59.13021816959876
learnedPE_drop,4,5,51.29313364170865
learnedPE_drop,4,5,56.93848367211043
learnedPE_drop,4,5,57.437307412891855
learnedPE_drop,4,5,48.453223910517075
learnedPE_drop,4,5,51.54055932879453
learnedPE_drop,4,5,55.635888160713286
learnedPE_drop,4,5,58.88342915771558
learnedPE_drop,4,5,58.02958561835083
learnedPE_drop,4,5,55.30320607010672
learnedPE_drop,4,5,57.04561139904704
learnedPE_drop,4,5,56.202009477880964
learnedPE_drop,4,5,51.37160636267556
learnedPE_drop,4,5,55.261648778654276
learnedPE_drop,4,5,57.269876478758746
learnedPE_drop,4,5,55.38385708070975
learnedPE_drop,4,5,56.015538057663164
learnedPE_drop,4,5,56.44133688195421
learnedPE_drop,4,5,55.31779689454711
learnedPE_drop,4,5,59.982662092365715
learnedPE_drop,4,5,60.02508715699123
learnedPE_drop,4,5,55.17668866358213
learnedPE_drop,4,5,59.448640394657666
learnedPE_drop,4,5,60.3526900508715
learnedPE_drop,4,5,49.559180986744536
learnedPE_drop,4,5,50.30093999138683
learnedPE_drop,4,5,52.43280966426973
learnedPE_drop,4,5,53.78384764653147
learnedPE_drop,4,5,52.40803947962963
learnedPE_drop,4,5,56.50387908617717
learnedPE_drop,4,5,58.233975339789644
learnedPE_drop,4,5,50.86748714978768
learnedPE_drop,4,5,55.36845463067722
learnedPE_drop,4,5,56.67336966118223
learnedPE_drop,4,5,46.149501387918015
learnedPE_drop,4,5,37.10396885593779
learnedPE_drop,4,5,49.40599244085181
learnedPE_drop,4,5,52.24307258710098
learnedPE_drop,4,5,41.77271716281606
learnedPE_drop,4,5,45.74360876051991
learnedPE_drop,4,5,21.498692541663722
learnedPE_drop,4,5,25.809474422705502
learnedPE_drop,4,5,24.042961244011885
learnedPE_drop,4,5,25.298113191150605
learnedPE_drop,4,5,24.680482480889744
learnedPE_drop,4,5,37.639631275971226
learnedPE_drop,4,5,38.89056939398989
learnedPE_drop,4,5,41.5089137819369
learnedPE_drop,4,5,42.62591459393984
learnedPE_drop,4,5,40.12490869319532
learnedPE_drop,4,5,41.081896886832105
learnedPE_drop,4,5,41.5156266144352
learnedPE_drop,4,5,35.877800970036695
learnedPE_drop,4,5,40.09223428393238
learnedPE_drop,4,5,42.25274237828339
learnedPE_drop,4,5,45.99471123965253
learnedPE_drop,4,5,53.420218193242185
learnedPE_drop,4,5,54.17640718511984
learnedPE_drop,4,5,55.17863729192156
learnedPE_drop,4,5,49.606911728648434
learnedPE_drop,4,5,49.946338366042646
learnedPE_drop,4,5,50.28675144985552
learnedPE_drop,4,5,48.06680389933505
learnedPE_drop,4,5,52.59745846471585
learnedPE_drop,4,5,52.898074001762545
learnedPE_drop,4,5,50.034337850535
learnedPE_drop,4,5,50.47923104953939
learnedPE_drop,4,5,50.469472863359826
learnedPE_drop,4,5,51.82135605821225
learnedPE_drop,4,5,55.419853377848554
learnedPE_drop,4,5,56.32438706183552
learnedPE_drop,4,5,50.01324902720092
learnedPE_drop,4,5,52.676370191522075
learnedPE_drop,4,5,52.89081495050938
learnedPE_drop,4,5,46.36783721130005
learnedPE_drop,4,5,40.145238139222734
learnedPE_drop,4,5,46.452096786284656
learnedPE_drop,4,5,50.627555274596205
learnedPE_drop,4,5,49.95391298243063
learnedPE_drop,4,5,45.44968407810892
learnedPE_drop,4,5,46.94772765390742
learnedPE_drop,4,5,47.34887512309279
learnedPE_drop,4,5,44.45879283861037
learnedPE_drop,4,5,47.68966513834405
learnedPE_drop,4,5,48.69137209787109
learnedPE_drop,4,5,52.77470599312734
learnedPE_drop,4,5,53.08234510724481
learnedPE_drop,4,5,53.76086539139068
learnedPE_drop,4,5,51.13145749478016
learnedPE_drop,4,5,55.99078298128068
learnedPE_drop,4,5,55.949553271858875
learnedPE_drop,4,5,50.445934283876134
learnedPE_drop,4,5,55.20662396682591
learnedPE_drop,4,5,54.9068292118407
learnedPE_drop,4,5,45.87756979123088
learnedPE_drop,4,5,38.93882016953778
learnedPE_drop,4,5,41.55926678612769
learnedPE_drop,4,5,44.38347826074674
learnedPE_drop,4,5,42.80724091199675
learnedPE_drop,4,5,47.981138908372124
learnedPE_drop,4,5,51.98478939730636
learnedPE_drop,4,5,42.961727940739365
learnedPE_drop,4,5,46.95622449504982
learnedPE_drop,4,5,47.58016467430651
learnedPE_drop,4,5,40.46304203668325
learnedPE_drop,4,5,40.53056925932861
learnedPE_drop,4,5,50.6115313106501
learnedPE_drop,4,5,49.999321704771766
learnedPE_drop,4,5,47.28043906537109
learnedPE_drop,4,5,45.34672752054757
learnedPE_drop,4,5,41.20914084569749
learnedPE_drop,4,5,48.6411409760448
learnedPE_drop,4,5,47.932720954099956
learnedPE_drop,4,5,48.9429472314017
learnedPE_drop,4,5,50.53201688481345
learnedPE_drop,4,5,48.74840672115281
learnedPE_drop,4,5,49.100920634691704
learnedPE_drop,4,5,46.78364794346271
learnedPE_drop,4,5,51.96642131663542
learnedPE_drop,4,5,48.93935885758409
learnedPE_drop,4,5,51.20610615234185
learnedPE_drop,4,5,51.45115326049536
learnedPE_drop,4,5,53.2256266129416
learnedPE_drop,4,5,49.864412908279185
learnedPE_drop,4,5,55.166838710659036
learnedPE_drop,4,5,54.292493849223014
learnedPE_drop,4,5,49.07068232615084
learnedPE_drop,4,5,55.927680140067125
learnedPE_drop,4,5,54.3102831438991
learnedPE_drop,4,5,44.8465742921074
learnedPE_drop,4,5,51.022495552188424
learnedPE_drop,4,5,52.439238350170776
learnedPE_drop,4,5,53.18477426124435
learnedPE_drop,4,5,52.77148734932536
learnedPE_drop,4,5,58.13119882736741
learnedPE_drop,4,5,57.581531178947046
learnedPE_drop,4,5,52.555951288263714
learnedPE_drop,4,5,57.461010664794436
learnedPE_drop,4,5,57.397309664831816
learnedPE_drop,4,5,48.61728420256692
learnedPE_drop,4,5,45.41766353031793
learnedPE_drop,4,5,54.67230477630517
learnedPE_drop,4,5,55.18098445084348
learnedPE_drop,4,5,50.3430862723207
learnedPE_drop,4,5,49.740387387111625
learnedPE_drop,4,5,47.16257904488106
learnedPE_drop,4,5,51.27523229876772
learnedPE_drop,4,5,52.612753877194486
learnedPE_drop,4,5,51.36304936696464
learnedPE_drop,4,5,55.42171205397467
learnedPE_drop,4,5,54.503694871793336
learnedPE_drop,4,5,51.05643783110886
learnedPE_drop,4,5,55.828360720718
learnedPE_drop,4,5,56.16551918876697
learnedPE_drop,4,5,45.899108550701385
learnedPE_drop,4,5,45.65360879082659
learnedPE_drop,4,5,55.27871930211283
learnedPE_drop,4,5,54.8485629852588
learnedPE_drop,4,5,49.609898181763086
learnedPE_drop,4,5,51.484670360821205
learnedPE_drop,4,5,37.63651826335742
learnedPE_drop,4,5,49.39510147931133
learnedPE_drop,4,5,52.31422175791033
learnedPE_drop,4,5,47.80902305988633
learnedPE_drop,4,5,47.518678114801155
learnedPE_drop,4,5,33.0981947381771
learnedPE_drop,4,6,10.165715332884421
learnedPE_drop,4,6,17.92163362404586
learnedPE_drop,4,6,17.382158835869834
learnedPE_drop,4,6,17.810647725960024
learnedPE_drop,4,6,16.9655082247872
learnedPE_drop,4,6,27.873296882510374
learnedPE_drop,4,6,26.929722005256473
learnedPE_drop,4,6,29.413565923759677
learnedPE_drop,4,6,30.226300523912904
learnedPE_drop,4,6,28.011917356531736
learnedPE_drop,4,6,29.02250759726265
learnedPE_drop,4,6,30.662943293474274
learnedPE_drop,4,6,25.370874047297654
learnedPE_drop,4,6,28.554810514126384
learnedPE_drop,4,6,29.585757871508996
learnedPE_drop,4,6,34.808281745314154
learnedPE_drop,4,6,42.1337569496045
learnedPE_drop,4,6,41.39984803646301
learnedPE_drop,4,6,42.57659412367959
learnedPE_drop,4,6,37.257411085264444
learnedPE_drop,4,6,37.71804607643873
learnedPE_drop,4,6,38.98526189452517
learnedPE_drop,4,6,35.5813828577403
learnedPE_drop,4,6,39.70366487609077
learnedPE_drop,4,6,39.50767995987308
learnedPE_drop,4,6,36.32011614240914
learnedPE_drop,4,6,35.955138935063175
learnedPE_drop,4,6,40.6543333076359
learnedPE_drop,4,6,38.7970748192026
learnedPE_drop,4,6,42.238960325855054
learnedPE_drop,4,6,41.98743440283248
learnedPE_drop,4,6,35.60361110317077
learnedPE_drop,4,6,39.52980751903175
learnedPE_drop,4,6,37.98156926266172
learnedPE_drop,4,6,29.846965411702513
learnedPE_drop,4,6,29.09373249016398
learnedPE_drop,4,6,32.83784607075965
learnedPE_drop,4,6,37.278191353300805
learnedPE_drop,4,6,37.04267027158665
learnedPE_drop,4,6,33.15227278297098
learnedPE_drop,4,6,33.30910551665437
learnedPE_drop,4,6,34.29734076097149
learnedPE_drop,4,6,32.286300312164414
learnedPE_drop,4,6,35.381759138406835
learnedPE_drop,4,6,35.775322580642815
learnedPE_drop,4,6,37.05586218488878
learnedPE_drop,4,6,38.72728646867944
learnedPE_drop,4,6,41.723011547936345
learnedPE_drop,4,6,36.08706083448022
learnedPE_drop,4,6,39.54301774251163
learnedPE_drop,4,6,40.589926703092566
learnedPE_drop,4,6,37.42493717205572
learnedPE_drop,4,6,40.49389404533306
learnedPE_drop,4,6,41.75914703659316
learnedPE_drop,4,6,30.46106730547741
learnedPE_drop,4,6,26.142383534227054
learnedPE_drop,4,6,28.144690349643533
learnedPE_drop,4,6,32.09631612693168
learnedPE_drop,4,6,31.886750229078782
learnedPE_drop,4,6,34.92673842481883
learnedPE_drop,4,6,39.21099091261179
learnedPE_drop,4,6,30.80579764419104
learnedPE_drop,4,6,33.511624663261266
learnedPE_drop,4,6,34.32980006734233
learnedPE_drop,4,6,29.354168330695945
learnedPE_drop,4,6,24.11337828494631
learnedPE_drop,4,6,35.228080789112
learnedPE_drop,4,6,35.22873656820896
learnedPE_drop,4,6,27.392166113301865
learnedPE_drop,4,6,26.51251565175856
learnedPE_drop,4,6,38.753279861435615
learnedPE_drop,4,6,44.06604063693442
learnedPE_drop,4,6,45.12865585455217
learnedPE_drop,4,6,46.4083273648255
learnedPE_drop,4,6,47.00766179067078
learnedPE_drop,4,6,44.87421261832677
learnedPE_drop,4,6,47.43312672973483
learnedPE_drop,4,6,42.655949344208935
learnedPE_drop,4,6,48.98466375654653
learnedPE_drop,4,6,46.53602484998192
learnedPE_drop,4,6,47.5753455279246
learnedPE_drop,4,6,47.64367935339516
learnedPE_drop,4,6,49.00502765492372
learnedPE_drop,4,6,45.883130276301266
learnedPE_drop,4,6,52.41822519360302
learnedPE_drop,4,6,51.341559345152646
learnedPE_drop,4,6,44.39207067379234
learnedPE_drop,4,6,51.36554392334116
learnedPE_drop,4,6,51.289405997525975
learnedPE_drop,4,6,40.599228637570306
learnedPE_drop,4,6,48.38240903174128
learnedPE_drop,4,6,49.86645766736269
learnedPE_drop,4,6,50.8033707069193
learnedPE_drop,4,6,49.82816307904426
learnedPE_drop,4,6,53.280034855119816
learnedPE_drop,4,6,54.995126014587434
learnedPE_drop,4,6,50.10246595181871
learnedPE_drop,4,6,53.18893257307965
learnedPE_drop,4,6,54.85999887843104
learnedPE_drop,4,6,46.15103483198607
learnedPE_drop,4,6,37.338795471401454
learnedPE_drop,4,6,47.106593618458994
learnedPE_drop,4,6,50.136912498297455
learnedPE_drop,4,6,40.65684980472447
learnedPE_drop,4,6,43.43089224697288
learnedPE_drop,4,6,45.58987694810038
learnedPE_drop,4,6,49.939111914835316
learnedPE_drop,4,6,51.212599176657605
learnedPE_drop,4,6,49.0380332801236
learnedPE_drop,4,6,54.175159395141634
learnedPE_drop,4,6,55.31359610466831
learnedPE_drop,4,6,50.04229640612056
learnedPE_drop,4,6,53.05632037364821
learnedPE_drop,4,6,54.491442491290556
learnedPE_drop,4,6,45.0499294074237
learnedPE_drop,4,6,39.26153369699047
learnedPE_drop,4,6,51.28359402441172
learnedPE_drop,4,6,51.51198845967635
learnedPE_drop,4,6,42.91351499374322
learnedPE_drop,4,6,47.40287158711914
learnedPE_drop,4,6,30.92378538864998
learnedPE_drop,4,6,44.538354149350695
learnedPE_drop,4,6,49.26539794603444
learnedPE_drop,4,6,40.46235355417874
learnedPE_drop,4,6,43.67347197325949
learnedPE_drop,4,6,17.979809271321315
learnedPE_drop,4,6,17.05163654764424
learnedPE_drop,4,6,19.813828790803086
learnedPE_drop,4,6,23.016296026557946
learnedPE_drop,4,6,22.669752950913757
learnedPE_drop,4,6,26.964404545433577
learnedPE_drop,4,6,26.5507349328396
learnedPE_drop,4,6,26.11784215564742
learnedPE_drop,4,6,23.531681165756577
learnedPE_drop,4,6,24.264705595200038
learnedPE_drop,4,6,25.12408149752165
learnedPE_drop,4,6,36.99317918108534
learnedPE_drop,4,6,37.5990717583257
learnedPE_drop,4,6,38.51342793388568
learnedPE_drop,4,6,31.986607682958887
learnedPE_drop,4,6,39.82775461749054
learnedPE_drop,4,6,41.38848209463055
learnedPE_drop,4,6,34.938515854893424
learnedPE_drop,4,6,38.92831754630293
learnedPE_drop,4,6,39.97368977736329
learnedPE_drop,4,6,29.53338100975339
learnedPE_drop,4,6,43.938328601439274
learnedPE_drop,4,6,45.01234276485851
learnedPE_drop,4,6,46.18606986112236
learnedPE_drop,4,6,47.849005356788005
learnedPE_drop,4,6,54.0757212644146
learnedPE_drop,4,6,53.98174126565716
learnedPE_drop,4,6,45.97596935043941
learnedPE_drop,4,6,49.675487086359645
learnedPE_drop,4,6,49.14468810328524
learnedPE_drop,4,6,43.14609572259623
learnedPE_drop,4,6,41.25530846988584
learnedPE_drop,4,6,49.354253667512175
learnedPE_drop,4,6,47.73562155168865
learnedPE_drop,4,6,45.602406931902614
learnedPE_drop,4,6,44.24406709504924
learnedPE_drop,4,6,36.952055671627235
learnedPE_drop,4,6,37.977329114839776
learnedPE_drop,4,6,40.09201706622126
learnedPE_drop,4,6,40.75335924496527
learnedPE_drop,4,6,44.387949506620764
learnedPE_drop,4,6,48.03108127853908
learnedPE_drop,4,6,40.69112549783529
learnedPE_drop,4,6,45.1964210928286
learnedPE_drop,4,6,45.80459661145534
learnedPE_drop,4,6,38.524446819581854
learnedPE_drop,4,6,37.82808908520942
learnedPE_drop,4,6,50.55318783501928
learnedPE_drop,4,6,48.80930038085994
learnedPE_drop,4,6,42.904299810702916
learnedPE_drop,4,6,43.33850987632319
learnedPE_drop,4,6,30.70480977148041
learnedPE_drop,4,6,38.268115378248524
learnedPE_drop,4,6,41.49249540166561
learnedPE_drop,4,6,37.66898066541442
learnedPE_drop,4,6,38.591595199028276
learnedPE_drop,4,6,26.949144540326042
learnedPE_drop,4,6,38.49069379966016
learnedPE_drop,4,6,38.02677219109729
learnedPE_drop,4,6,41.37903022801998
learnedPE_drop,4,6,41.10018051818474
learnedPE_drop,4,6,45.69980209707412
learnedPE_drop,4,6,44.8853971673828
learnedPE_drop,4,6,44.89808555609883
learnedPE_drop,4,6,49.78149691742484
learnedPE_drop,4,6,47.738304961420006
learnedPE_drop,4,6,40.72397862470985
learnedPE_drop,4,6,38.257705365074585
learnedPE_drop,4,6,48.450348297700614
learnedPE_drop,4,6,47.765673751790835
learnedPE_drop,4,6,42.67020844124385
learnedPE_drop,4,6,43.67923798272591
learnedPE_drop,4,6,40.2821248691414
learnedPE_drop,4,6,47.57371353373141
learnedPE_drop,4,6,49.048011461541535
learnedPE_drop,4,6,44.450271759241254
learnedPE_drop,4,6,45.48239235846706
learnedPE_drop,4,6,33.85027283652334
learnedPE_drop,4,6,34.86739279436469
learnedPE_drop,4,6,42.60814745012796
learnedPE_drop,4,6,48.596948560647654
learnedPE_drop,4,6,42.126645794091765
learnedPE_drop,4,6,44.56292244559018
learnedPE_drop,4,6,35.40156291164548
learnedPE_drop,4,6,24.77395906250809
wavePE_drop,4,0,66.82519073148474
wavePE_drop,4,1,63.76800925017517
wavePE_drop,4,1,59.379987480443205
wavePE_drop,4,1,66.12756870020112
wavePE_drop,4,1,66.27548540292003
wavePE_drop,4,1,65.38446407398406
wavePE_drop,4,1,67.17950402051993
wavePE_drop,4,1,66.33291902692034
wavePE_drop,4,1,66.00743196589347
wavePE_drop,4,1,66.01142468478501
wavePE_drop,4,1,66.82552806854768
wavePE_drop,4,2,45.50268594456412
wavePE_drop,4,2,61.76101909213901
wavePE_drop,4,2,62.211531737528695
wavePE_drop,4,2,63.09769496161693
wavePE_drop,4,2,63.574744751230924
wavePE_drop,4,2,63.19959169957711
wavePE_drop,4,2,62.416617066490566
wavePE_drop,4,2,62.575954089020165
wavePE_drop,4,2,63.489573801761544
wavePE_drop,4,2,56.302536415531904
wavePE_drop,4,2,58.67801930734301
wavePE_drop,4,2,58.082906184651144
wavePE_drop,4,2,59.19914620961382
wavePE_drop,4,2,57.8344701459612
wavePE_drop,4,2,58.99296710664111
wavePE_drop,4,2,58.78003764480044
wavePE_drop,4,2,58.792517240101745
wavePE_drop,4,2,58.718311742891466
wavePE_drop,4,2,63.15719086476177
wavePE_drop,4,2,66.36790752171187
wavePE_drop,4,2,65.42137905898201
wavePE_drop,4,2,64.97695972886687
wavePE_drop,4,2,65.06912695569733
wavePE_drop,4,2,65.71217854817976
wavePE_drop,4,2,59.00880426742806
wavePE_drop,4,2,65.84566051107376
wavePE_drop,4,2,65.04100999953278
wavePE_drop,4,2,65.08580054415314
wavePE_drop,4,2,65.42670282337907
wavePE_drop,4,2,66.05265217723809
wavePE_drop,4,2,65.15484412917979
wavePE_drop,4,2,63.98683616763998
wavePE_drop,4,2,63.85167783050821
wavePE_drop,4,2,63.2580162846496
wavePE_drop,4,2,65.04054709656185
wavePE_drop,4,2,65.36929106338248
wavePE_drop,4,2,66.63740518433379
wavePE_drop,4,2,65.88792470609239
wavePE_drop,4,2,67.42166250306494
wavePE_drop,4,2,63.66584206247681
wavePE_drop,4,2,65.44502717434112
wavePE_drop,4,2,66.11557113637521
wavePE_drop,4,2,64.25851117018682
wavePE_drop,4,2,65.8620289283975
wavePE_drop,4,2,60.2213660351802
wavePE_drop,4,3,41.46432530915446
wavePE_drop,4,3,44.205807870936134
wavePE_drop,4,3,43.82272100208523
wavePE_drop,4,3,44.903390956499315
wavePE_drop,4,3,43.92486521960837
wavePE_drop,4,3,43.589868456076395
wavePE_drop,4,3,44.08902598014265
wavePE_drop,4,3,44.30272379283912
wavePE_drop,4,3,50.53962926177496
wavePE_drop,4,3,59.003944461731614
wavePE_drop,4,3,61.484305244705446
wavePE_drop,4,3,60.27485426450524
wavePE_drop,4,3,60.39778085051356
wavePE_drop,4,3,60.745432925278855
wavePE_drop,4,3,61.97676663819029
wavePE_drop,4,3,55.256399493176765
wavePE_drop,4,3,60.82211342101453
wavePE_drop,4,3,60.53752634573308
wavePE_drop,4,3,60.47765587802446
wavePE_drop,4,3,60.26471323165169
wavePE_drop,4,3,62.158217487335996
wavePE_drop,4,3,62.910529757003125
wavePE_drop,4,3,60.383696548575884
wavePE_drop,4,3,61.43125642246012
wavePE_drop,4,3,60.21959679047995
wavePE_drop,4,3,62.50872981266298
wavePE_drop,4,3,58.71770342254492
wavePE_drop,4,3,62.81165397453786
wavePE_drop,4,3,60.00271820345947
wavePE_drop,4,3,63.068885491022456
wavePE_drop,4,3,59.20730899405742
wavePE_drop,4,3,60.12934780783287
wavePE_drop,4,3,62.59749879764838
wavePE_drop,4,3,59.544902865373146
wavePE_drop,4,3,61.8718758813511
wavePE_drop,4,3,58.98667234347314
wavePE_drop,4,3,45.15732413107757
wavePE_drop,4,3,53.105913533682795
wavePE_drop,4,3,57.618470046289254
wavePE_drop,4,3,55.370767120265064
wavePE_drop,4,3,55.63381407996847
wavePE_drop,4,3,56.4158138429264
wavePE_drop,4,3,56.13185333015462
wavePE_drop,4,3,51.8307535152437
wavePE_drop,4,3,57.9375416752791
wavePE_drop,4,3,56.955245302262135
wavePE_drop,4,3,59.25236292536492
wavePE_drop,4,3,58.397342360187125
wavePE_drop,4,3,58.68702110956696
wavePE_drop,4,3,56.016246915170385
wavePE_drop,4,3,56.15271373824662
wavePE_drop,4,3,57.1156747365406
wavePE_drop,4,3,56.74134579460589
wavePE_drop,4,3,57.73599959343289
wavePE_drop,4,3,54.64579058924857
wavePE_drop,4,3,58.71219284619736
wavePE_drop,4,3,58.16715270796741
wavePE_drop,4,3,58.85605372424925
wavePE_drop,4,3,57.91162965137628
wavePE_drop,4,3,56.522951587365945
wavePE_drop,4,3,57.0883287248601
wavePE_drop,4,3,57.690228742229074
wavePE_drop,4,3,59.36503642800431
wavePE_drop,4,3,53.21794029500628
wavePE_drop,4,3,50.79075091299059
wavePE_drop,4,3,58.48838914010368
wavePE_drop,4,3,57.791201212574244
wavePE_drop,4,3,59.008554797355146
wavePE_drop,4,3,59.02814582014901
wavePE_drop,4,3,59.22279297225867
wavePE_drop,4,3,63.77768388211516
wavePE_drop,4,3,61.852898803302786
wavePE_drop,4,3,61.74388446311638
wavePE_drop,4,3,61.04851648881307
wavePE_drop,4,3,63.58442264450309
wavePE_drop,4,3,63.69717610604453
wavePE_drop,4,3,65.94815928558121
wavePE_drop,4,3,65.87834110086138
wavePE_drop,4,3,66.44850187507318
wavePE_drop,4,3,62.51933363855411
wavePE_drop,4,3,64.82852653267483
wavePE_drop,4,3,65.10794812004522
wavePE_drop,4,3,63.56264161725022
wavePE_drop,4,3,65.10165284055844
wavePE_drop,4,3,60.95332477983062
wavePE_drop,4,3,56.9849291951958
wavePE_drop,4,3,58.12884592870909
wavePE_drop,4,3,57.452220795122784
wavePE_drop,4,3,57.62476077910622
wavePE_drop,4,3,58.73992855513227
wavePE_drop,4,3,63.21432292384697
wavePE_drop,4,3,65.84201015253801
wavePE_drop,4,3,64.37449834550364
wavePE_drop,4,3,66.64747318633742
wavePE_drop,4,3,61.97446112539171
wavePE_drop,4,3,64.20163317399293
wavePE_drop,4,3,64.8945933899594
wavePE_drop,4,3,63.21799391963265
wavePE_drop,4,3,64.94552845856558
wavePE_drop,4,3,59.77205710174394
wavePE_drop,4,3,57.02913553149824
wavePE_drop,4,3,64.29548827450299
wavePE_drop,4,3,63.798585988423156
wavePE_drop,4,3,64.23362819854279
wavePE_drop,4,3,60.43547243269579
wavePE_drop,4,3,62.00198271137701
wavePE_drop,4,3,62.22150807003474
wavePE_drop,4,3,60.938205782312416
wavePE_drop,4,3,63.053773891999406
wavePE_drop,4,3,57.01956872693938
wavePE_drop,4,3,55.33304245550359
wavePE_drop,4,3,61.765547305451626
wavePE_drop,4,3,63.4111324273769
wavePE_drop,4,3,64.32613790250967
wavePE_drop,4,3,66.44161277933458
wavePE_drop,4,3,59.2695581821779
wavePE_drop,4,3,57.243695921211085
wavePE_drop,4,3,62.34662756043111
wavePE_drop,4,3,60.98118505912003
wavePE_drop,4,3,53.789101512947845
wavePE_drop,4,4,35.92401927706914
wavePE_drop,4,4,36.58101354001644
wavePE_drop,4,4,39.81218519822544
wavePE_drop,4,4,39.94532881273187
wavePE_drop,4,4,39.63415105301461
wavePE_drop,4,4,40.13132613400409
wavePE_drop,4,4,40.04947107354672
wavePE_drop,4,4,37.24446720516808
wavePE_drop,4,4,43.820680229326854
wavePE_drop,4,4,42.341964800698285
wavePE_drop,4,4,43.07565130528748
wavePE_drop,4,4,42.40096662233624
wavePE_drop,4,4,43.94108183218675
wavePE_drop,4,4,43.0905754810999
wavePE_drop,4,4,39.63664686731207
wavePE_drop,4,4,43.14512075943948
wavePE_drop,4,4,41.63637970344329
wavePE_drop,4,4,42.0762819253639
wavePE_drop,4,4,39.053997978893996
wavePE_drop,4,4,41.930206981136564
wavePE_drop,4,4,42.027503926937996
wavePE_drop,4,4,42.07750778203854
wavePE_drop,4,4,41.90249325444791
wavePE_drop,4,4,42.38441605895997
wavePE_drop,4,4,41.4696814931322
wavePE_drop,4,4,42.262121417060264
wavePE_drop,4,4,41.84729414981019
wavePE_drop,4,4,37.815760833255815
wavePE_drop,4,4,42.484712735106385
wavePE_drop,4,4,49.39998305546993
wavePE_drop,4,4,50.465785690807806
wavePE_drop,4,4,50.557281195549805
wavePE_drop,4,4,49.6756480756493
wavePE_drop,4,4,50.880749651396236
wavePE_drop,4,4,59.688559314458175
wavePE_drop,4,4,56.41250561521603
wavePE_drop,4,4,57.88981248225589
wavePE_drop,4,4,57.15230254865852
wavePE_drop,4,4,59.049380731292544
wavePE_drop,4,4,57.25864782425844
wavePE_drop,4,4,61.145340742656465
wavePE_drop,4,4,58.90335806764468
wavePE_drop,4,4,61.926559676328736
wavePE_drop,4,4,56.93221725793318
wavePE_drop,4,4,59.08580924274041
wavePE_drop,4,4,59.860522886976966
wavePE_drop,4,4,57.67225290287847
wavePE_drop,4,4,60.206725074013214
wavePE_drop,4,4,57.57323720527391
wavePE_drop,4,4,54.378823636276024
wavePE_drop,4,4,54.12893593028583
wavePE_drop,4,4,53.8288274521023
wavePE_drop,4,4,53.71464921614756
wavePE_drop,4,4,54.96786347380908
wavePE_drop,4,4,56.88011460614731
wavePE_drop,4,4,60.37252429424878
wavePE_drop,4,4,58.10538482922282
wavePE_drop,4,4,61.43289415550318
wavePE_drop,4,4,56.27705934487629
wavePE_drop,4,4,58.18135608232247
wavePE_drop,4,4,60.47180382959222
wavePE_drop,4,4,57.293081497898406
wavePE_drop,4,4,60.52089894301293
wavePE_drop,4,4,56.212014580997575
wavePE_drop,4,4,49.109120884669856
wavePE_drop,4,4,62.05681216390644
wavePE_drop,4,4,58.89771413218913
wavePE_drop,4,4,62.98590596582513
wavePE_drop,4,4,56.608304076625934
wavePE_drop,4,4,56.60738700649337
wavePE_drop,4,4,58.63091530818156
wavePE_drop,4,4,57.22776033640169
wavePE_drop,4,4,60.591337656556675
wavePE_drop,4,4,56.18145905854476
wavePE_drop,4,4,51.945392559353536
wavePE_drop,4,4,53.53201594321131
wavePE_drop,4,4,56.45655144598318
wavePE_drop,4,4,55.88332460720232
wavePE_drop,4,4,60.95131301207474
wavePE_drop,4,4,55.98762255160394
wavePE_drop,4,4,49.4279103310821
wavePE_drop,4,4,56.04809784339847
wavePE_drop,4,4,57.80915488963298
wavePE_drop,4,4,49.49278287159722
wavePE_drop,4,4,32.364255818800714
wavePE_drop,4,4,45.81328503502665
wavePE_drop,4,4,43.59726825753778
wavePE_drop,4,4,43.69325302597929
wavePE_drop,4,4,44.13368111854238
wavePE_drop,4,4,45.02132572527265
wavePE_drop,4,4,52.662302608744085
wavePE_drop,4,4,52.15663455656488
wavePE_drop,4,4,52.28790334944666
wavePE_drop,4,4,51.66919998408963
wavePE_drop,4,4,53.09515712201356
wavePE_drop,4,4,53.95203265703932
wavePE_drop,4,4,56.453073931676215
wavePE_drop,4,4,56.43202994608492
wavePE_drop,4,4,56.41530378457638
wavePE_drop,4,4,54.95368011374673
wavePE_drop,4,4,54.742106781408204
wavePE_drop,4,4,54.744627324292516
wavePE_drop,4,4,54.28433611841497
wavePE_drop,4,4,55.46333018648692
wavePE_drop,4,4,50.788535714052344
wavePE_drop,4,4,47.916037318735754
wavePE_drop,4,4,49.44000177131677
wavePE_drop,4,4,52.09565712093113
wavePE_drop,4,4,51.64780166976363
wavePE_drop,4,4,50.868769248891795
wavePE_drop,4,4,53.243923933778525
wavePE_drop,4,4,58.10608451202808
wavePE_drop,4,4,58.80360396391817
wavePE_drop,4,4,57.70718286938796
wavePE_drop,4,4,56.85862092653985
wavePE_drop,4,4,56.31281915632824
wavePE_drop,4,4,55.948025281773994
wavePE_drop,4,4,57.661188682212284
wavePE_drop,4,4,58.52117456253712
wavePE_drop,4,4,53.23029983156444
wavePE_drop,4,4,47.91793109471822
wavePE_drop,4,4,54.63693259585973
wavePE_drop,4,4,56.90869447995889
wavePE_drop,4,4,55.19824545397029
wavePE_drop,4,4,53.19918577393688
wavePE_drop,4,4,53.28583922114448
wavePE_drop,4,4,54.008328653230414
wavePE_drop,4,4,54.3843143477717
wavePE_drop,4,4,56.222266897913826
wavePE_drop,4,4,49.89207268054641
wavePE_drop,4,4,52.993333702685746
wavePE_drop,4,4,53.71843698397495
wavePE_drop,4,4,53.5733521193844
wavePE_drop,4,4,56.67528502036222
wavePE_drop,4,4,58.04387897869623
wavePE_drop,4,4,50.51893078373416
wavePE_drop,4,4,53.05748283006921
wavePE_drop,4,4,56.61159062126358
wavePE_drop,4,4,52.31301991082175
wavePE_drop,4,4,47.23480433852662
wavePE_drop,4,4,42.05826624957026
wavePE_drop,4,4,49.70186585871654
wavePE_drop,4,4,49.24630113156531
wavePE_drop,4,4,49.799723383674355
wavePE_drop,4,4,50.40366978116503
wavePE_drop,4,4,53.92014658864048
wavePE_drop,4,4,59.270474449862604
wavePE_drop,4,4,58.37819046032252
wavePE_drop,4,4,59.85026959140434
wavePE_drop,4,4,55.925700543954214
wavePE_drop,4,4,57.32432371467288
wavePE_drop,4,4,58.16611287844061
wavePE_drop,4,4,57.858749767988876
wavePE_drop,4,4,59.6182950850012
wavePE_drop,4,4,54.254017675604096
wavePE_drop,4,4,55.22760883451097
wavePE_drop,4,4,61.78458894742988
wavePE_drop,4,4,62.86900203594912
wavePE_drop,4,4,63.100034968598706
wavePE_drop,4,4,58.49315830717289
wavePE_drop,4,4,59.901608346789835
wavePE_drop,4,4,60.57913473149411
wavePE_drop,4,4,59.19098632151529
wavePE_drop,4,4,61.25491489595816
wavePE_drop,4,4,55.258400679249014
wavePE_drop,4,4,54.99685571313949
wavePE_drop,4,4,62.14698474093165
wavePE_drop,4,4,62.06906750962245
wavePE_drop,4,4,64.5588642477359
wavePE_drop,4,4,66.06842034022013
wavePE_drop,4,4,59.83107699217386
wavePE_drop,4,4,56.99801205643525
wavePE_drop,4,4,61.76725480299443
wavePE_drop,4,4,61.06961715758627
wavePE_drop,4,4,53.322396915547834
wavePE_drop,4,4,44.45014342997954
wavePE_drop,4,4,55.68949966130233
wavePE_drop,4,4,55.72845151185185
wavePE_drop,4,4,55.37546635790458
wavePE_drop,4,4,56.304151592165304
wavePE_drop,4,4,57.29450501791028
wavePE_drop,4,4,57.47998111420783
wavePE_drop,4,4,54.798912574365616
wavePE_drop,4,4,56.689258828408704
wavePE_drop,4,4,51.5302007802162
wavePE_drop,4,4,54.230712186459165
wavePE_drop,4,4,61.16125356825751
wavePE_drop,4,4,62.2885599591054
wavePE_drop,4,4,63.221224723528735
wavePE_drop,4,4,65.99377781524505
wavePE_drop,4,4,57.97313056465917
wavePE_drop,4,4,55.8313815204609
wavePE_drop,4,4,61.0840961745461
wavePE_drop,4,4,59.84617004910823
wavePE_drop,4,4,53.02337923869868
wavePE_drop,4,4,46.75910268021879
wavePE_drop,4,4,52.25714485863137
wavePE_drop,4,4,53.56050651076482
wavePE_drop,4,4,62.06139477398941
wavePE_drop,4,4,62.09095769205999
wavePE_drop,4,4,56.82767068328989
wavePE_drop,4,4,54.96119948855229
wavePE_drop,4,4,58.045835284322074
wavePE_drop,4,4,56.38592065000999
wavePE_drop,4,4,48.22259734806331
wavePE_drop,4,4,47.326434781757015
wavePE_drop,4,4,53.921445911855606
wavePE_drop,4,4,55.53331806697326
wavePE_drop,4,4,50.95371673932301
wavePE_drop,4,4,47.02678205246408
wavePE_drop,4,5,24.37514379294112
wavePE_drop,4,5,35.39527118307909
wavePE_drop,4,5,35.02182722653083
wavePE_drop,4,5,33.049062713340916
wavePE_drop,4,5,34.66211833183063
wavePE_drop,4,5,35.366722061183104
wavePE_drop,4,5,33.70987196611046
wavePE_drop,4,5,34.1991266038388
wavePE_drop,4,5,36.141970923038755
wavePE_drop,4,5,35.79324384475735
wavePE_drop,4,5,36.003293863724736
wavePE_drop,4,5,35.1917030030926
wavePE_drop,4,5,38.64674707801509
wavePE_drop,4,5,39.22658146659124
wavePE_drop,4,5,38.50289352417881
wavePE_drop,4,5,38.68691541868793
wavePE_drop,4,5,37.584981944074954
wavePE_drop,4,5,37.21505907943466
wavePE_drop,4,5,38.35369644074725
wavePE_drop,4,5,38.34438721012748
wavePE_drop,4,5,31.859242343745525
wavePE_drop,4,5,33.36712011828677
wavePE_drop,4,5,34.58743126598604
wavePE_drop,4,5,37.69462078028389
wavePE_drop,4,5,36.495552471783675
wavePE_drop,4,5,36.37402634076478
wavePE_drop,4,5,39.04376199492416
wavePE_drop,4,5,42.39616209835337
wavePE_drop,4,5,41.187932358425336
wavePE_drop,4,5,42.98090650991693
wavePE_drop,4,5,40.65679553529871
wavePE_drop,4,5,40.720700932074145
wavePE_drop,4,5,41.23965246784854
wavePE_drop,4,5,41.54049302285757
wavePE_drop,4,5,41.84483641905563
wavePE_drop,4,5,37.68742894400214
wavePE_drop,4,5,33.6153632060797
wavePE_drop,4,5,40.573097057702384
wavePE_drop,4,5,41.244896119226226
wavePE_drop,4,5,40.60722652035396
wavePE_drop,4,5,37.16902232191376
wavePE_drop,4,5,38.33244835649266
wavePE_drop,4,5,37.31268340223199
wavePE_drop,4,5,40.39132817547262
wavePE_drop,4,5,40.7056186340061
wavePE_drop,4,5,33.995841016052296
wavePE_drop,4,5,36.6789449558665
wavePE_drop,4,5,35.680564421094644
wavePE_drop,4,5,35.39663138761005
wavePE_drop,4,5,39.00485974178958
wavePE_drop,4,5,38.46108798296692
wavePE_drop,4,5,33.048252062564465
wavePE_drop,4,5,38.208080984731076
wavePE_drop,4,5,38.332310030781905
wavePE_drop,4,5,36.605478459569774
wavePE_drop,4,5,29.61803754911798
wavePE_drop,4,5,37.960024490808294
wavePE_drop,4,5,42.85949746865197
wavePE_drop,4,5,41.41115429587766
wavePE_drop,4,5,41.82271949763916
wavePE_drop,4,5,42.03530815166211
wavePE_drop,4,5,48.25183037351834
wavePE_drop,4,5,51.42869538188114
wavePE_drop,4,5,46.119820712992876
wavePE_drop,4,5,49.888586712925594
wavePE_drop,4,5,46.919804421641494
wavePE_drop,4,5,47.65124679119321
wavePE_drop,4,5,49.61684287258283
wavePE_drop,4,5,49.734647917703114
wavePE_drop,4,5,51.56719726900486
wavePE_drop,4,5,43.767348849351166
wavePE_drop,4,5,50.26474346697002
wavePE_drop,4,5,59.68826239977533
wavePE_drop,4,5,56.285529543300484
wavePE_drop,4,5,60.3427528471052
wavePE_drop,4,5,52.589091815123936
wavePE_drop,4,5,54.73274871723396
wavePE_drop,4,5,55.174472927029406
wavePE_drop,4,5,55.40730616838891
wavePE_drop,4,5,57.504759843471795
wavePE_drop,4,5,52.04104748739384
wavePE_drop,4,5,52.282993675147544
wavePE_drop,4,5,52.302541002109834
wavePE_drop,4,5,55.827639935494595
wavePE_drop,4,5,56.609709562856516
wavePE_drop,4,5,60.84061869254457
wavePE_drop,4,5,54.665469592908686
wavePE_drop,4,5,48.38025577329496
wavePE_drop,4,5,54.7222940045624
wavePE_drop,4,5,56.84471780696395
wavePE_drop,4,5,49.876983333663915
wavePE_drop,4,5,39.920010412735394
wavePE_drop,4,5,54.530122293888304
wavePE_drop,4,5,51.728847958022314
wavePE_drop,4,5,54.02202653556026
wavePE_drop,4,5,50.37382462132054
wavePE_drop,4,5,52.15062113984124
wavePE_drop,4,5,52.455368883617766
wavePE_drop,4,5,51.239174616492065
wavePE_drop,4,5,52.420206132196185
wavePE_drop,4,5,49.23504382363113
wavePE_drop,4,5,49.022334933044405
wavePE_drop,4,5,51.68548198276337
wavePE_drop,4,5,55.68315638213862
wavePE_drop,4,5,54.003445019346735
wavePE_drop,4,5,60.21629576508891
wavePE_drop,4,5,53.34417968561032
wavePE_drop,4,5,47.18025966626484
wavePE_drop,4,5,53.517209430028025
wavePE_drop,4,5,55.542346915768135
wavePE_drop,4,5,47.654329545235285
wavePE_drop,4,5,42.268348890373886
wavePE_drop,4,5,45.15772031395047
wavePE_drop,4,5,45.31556186276894
wavePE_drop,4,5,54.120111457350845
wavePE_drop,4,5,59.28753524136101
wavePE_drop,4,5,53.94074365661465
wavePE_drop,4,5,49.20744044652938
wavePE_drop,4,5,51.79156747480699
wavePE_drop,4,5,52.91543188023958
wavePE_drop,4,5,46.84032817156703
wavePE_drop,4,5,39.943316653090164
wavePE_drop,4,5,48.46933555508906
wavePE_drop,4,5,48.879085105085146
wavePE_drop,4,5,44.48875435377786
wavePE_drop,4,5,42.04503647248071
wavePE_drop,4,5,21.622872834296036
wavePE_drop,4,5,32.757106071282344
wavePE_drop,4,5,30.299450245012103
wavePE_drop,4,5,31.830140895105195
wavePE_drop,4,5,32.677457818437425
wavePE_drop,4,5,42.940727853235806
wavePE_drop,4,5,43.22397555355426
wavePE_drop,4,5,45.031261943386326
wavePE_drop,4,5,46.08720756680782
wavePE_drop,4,5,43.00464703540365
wavePE_drop,4,5,42.72372284621302
wavePE_drop,4,5,42.89151726465981
wavePE_drop,4,5,41.117734365106
wavePE_drop,4,5,42.732463981485246
wavePE_drop,4,5,40.91521617168201
wavePE_drop,4,5,47.35276059395694
wavePE_drop,4,5,52.42145789509464
wavePE_drop,4,5,53.02446605403425
wavePE_drop,4,5,52.90813970889435
wavePE_drop,4,5,50.950063477223644
wavePE_drop,4,5,49.26919649029804
wavePE_drop,4,5,50.64961505662831
wavePE_drop,4,5,50.054832313465496
wavePE_drop,4,5,52.0493085779144
wavePE_drop,4,5,45.803385007081026
wavePE_drop,4,5,49.342019552309466
wavePE_drop,4,5,52.575929617424414
wavePE_drop,4,5,52.379668972322925
wavePE_drop,4,5,54.30745357583003
wavePE_drop,4,5,54.83753002659005
wavePE_drop,4,5,48.86131259101622
wavePE_drop,4,5,50.35406395658672
wavePE_drop,4,5,54.02221155969837
wavePE_drop,4,5,51.30814554540948
wavePE_drop,4,5,43.388227803374825
wavePE_drop,4,5,36.186826899314674
wavePE_drop,4,5,48.581616099689704
wavePE_drop,4,5,50.166114376355644
wavePE_drop,4,5,45.394198985258114
wavePE_drop,4,5,49.05386879244407
wavePE_drop,4,5,49.96763044307865
wavePE_drop,4,5,47.47115746451045
wavePE_drop,4,5,51.13940643695852
wavePE_drop,4,5,51.55268920585523
wavePE_drop,4,5,44.4526501717051
wavePE_drop,4,5,50.75279594735819
wavePE_drop,4,5,52.493787083027506
wavePE_drop,4,5,52.68719142926392
wavePE_drop,4,5,56.51959189390483
wavePE_drop,4,5,57.31921060784539
wavePE_drop,4,5,52.57754257905987
wavePE_drop,4,5,51.8240896379649
wavePE_drop,4,5,55.826388809645444
wavePE_drop,4,5,53.43727945464861
wavePE_drop,4,5,48.101227569164266
wavePE_drop,4,5,40.10854380127797
wavePE_drop,4,5,46.881432812291344
wavePE_drop,4,5,44.58716385228409
wavePE_drop,4,5,51.990704813320285
wavePE_drop,4,5,51.88601130585961
wavePE_drop,4,5,47.601624405992354
wavePE_drop,4,5,49.242409832074195
wavePE_drop,4,5,49.576081070160846
wavePE_drop,4,5,48.32653751376986
wavePE_drop,4,5,39.672654757951875
wavePE_drop,4,5,45.27281028801544
wavePE_drop,4,5,51.22960613603645
wavePE_drop,4,5,46.32455417402077
wavePE_drop,4,5,42.7480570012663
wavePE_drop,4,5,38.051026851444895
wavePE_drop,4,5,34.61248591273006
wavePE_drop,4,5,40.613928418245855
wavePE_drop,4,5,41.177106629884165
wavePE_drop,4,5,42.66953683438919
wavePE_drop,4,5,46.97040638836204
wavePE_drop,4,5,48.22559762813501
wavePE_drop,4,5,48.95211069327332
wavePE_drop,4,5,46.21772676801588
wavePE_drop,4,5,49.03505644990175
wavePE_drop,4,5,43.891545326668485
wavePE_drop,4,5,47.2435274513275
wavePE_drop,4,5,55.09829072322594
wavePE_drop,4,5,54.23527160835663
wavePE_drop,4,5,56.6998241459615
wavePE_drop,4,5,60.1068666148348
wavePE_drop,4,5,52.870817129297734
wavePE_drop,4,5,51.47260504586619
wavePE_drop,4,5,54.382811390036785
wavePE_drop,4,5,53.07511535708253
wavePE_drop,4,5,44.530211113682135
wavePE_drop,4,5,45.69490475042594
wavePE_drop,4,5,53.719303242290145
wavePE_drop,4,5,53.300182222284995
wavePE_drop,4,5,60.18373529230447
wavePE_drop,4,5,59.39248801677923
wavePE_drop,4,5,55.42660952060072
wavePE_drop,4,5,54.69670129353091
wavePE_drop,4,5,55.99659213518405
wavePE_drop,4,5,54.32653600757809
wavePE_drop,4,5,48.13129209586372
wavePE_drop,4,5,48.210574218244304
wavePE_drop,4,5,53.35495931973874
wavePE_drop,4,5,57.78349397661342
wavePE_drop,4,5,49.93849931611489
wavePE_drop,4,5,47.391798320958806
wavePE_drop,4,5,37.896467713265636
wavePE_drop,4,5,42.39167437287791
wavePE_drop,4,5,43.236669136759474
wavePE_drop,4,5,54.38788595673794
wavePE_drop,4,5,53.17768757546308
wavePE_drop,4,5,47.39427470065602
wavePE_drop,4,5,53.48166538707593
wavePE_drop,4,5,53.93737206259792
wavePE_drop,4,5,53.15461653791671
wavePE_drop,4,5,43.57055951778474
wavePE_drop,4,5,46.02562677906464
wavePE_drop,4,5,51.98725285475046
wavePE_drop,4,5,54.85618893980121
wavePE_drop,4,5,47.94266379466189
wavePE_drop,4,5,45.97929684574069
wavePE_drop,4,5,41.390064592652884
wavePE_drop,4,5,42.34718037430015
wavePE_drop,4,5,45.22394967826583
wavePE_drop,4,5,45.03263180039403
wavePE_drop,4,5,41.05309896085189
wavePE_drop,4,5,25.155577544991633
wavePE_drop,4,6,18.53602892754839
wavePE_drop,4,6,24.554335711931362
wavePE_drop,4,6,22.88754390552607
wavePE_drop,4,6,23.969401116981718
wavePE_drop,4,6,23.1695916036085
wavePE_drop,4,6,30.80904795116367
wavePE_drop,4,6,32.33097688773321
wavePE_drop,4,6,33.90808652866156
wavePE_drop,4,6,35.973846035535935
wavePE_drop,4,6,32.80091407527278
wavePE_drop,4,6,32.46010638544467
wavePE_drop,4,6,32.902456084971256
wavePE_drop,4,6,31.417640542085618
wavePE_drop,4,6,32.21859812748878
wavePE_drop,4,6,29.951851148734825
wavePE_drop,4,6,30.557629780720596
wavePE_drop,4,6,32.630921069956244
wavePE_drop,4,6,32.82728393495931
wavePE_drop,4,6,32.87197404541879
wavePE_drop,4,6,32.990829530872915
wavePE_drop,4,6,32.986973822030755
wavePE_drop,4,6,32.57431742677215
wavePE_drop,4,6,35.47758753192885
wavePE_drop,4,6,35.64317936435113
wavePE_drop,4,6,28.34159859453364
wavePE_drop,4,6,33.933694117689846
wavePE_drop,4,6,33.181532968702804
wavePE_drop,4,6,32.8454587323483
wavePE_drop,4,6,35.07074327666179
wavePE_drop,4,6,36.9911443077736
wavePE_drop,4,6,30.231422620164796
wavePE_drop,4,6,35.277957264423435
wavePE_drop,4,6,36.35110947445971
wavePE_drop,4,6,30.033096388455764
wavePE_drop,4,6,26.52071379252348
wavePE_drop,4,6,23.14646695824467
wavePE_drop,4,6,33.78527333525299
wavePE_drop,4,6,32.32749752103084
wavePE_drop,4,6,32.466920426605476
wavePE_drop,4,6,33.735864415865095
wavePE_drop,4,6,34.48301537594918
wavePE_drop,4,6,33.4295565726821
wavePE_drop,4,6,36.447915081211974
wavePE_drop,4,6,37.80451331621648
wavePE_drop,4,6,29.609081226592313
wavePE_drop,4,6,36.550991757406095
wavePE_drop,4,6,35.86366979760344
wavePE_drop,4,6,37.22865416355063
wavePE_drop,4,6,39.59076031121576
wavePE_drop,4,6,41.022782935516865
wavePE_drop,4,6,34.954527406512575
wavePE_drop,4,6,36.54153524292771
wavePE_drop,4,6,39.1007992074703
wavePE_drop,4,6,37.02304165374325
wavePE_drop,4,6,29.130619717110303
wavePE_drop,4,6,31.191991529618747
wavePE_drop,4,6,29.884872126914026
wavePE_drop,4,6,29.27702163236935
wavePE_drop,4,6,35.1326419682904
wavePE_drop,4,6,32.933740986013234
wavePE_drop,4,6,29.108362866350003
wavePE_drop,4,6,35.74084302615999
wavePE_drop,4,6,34.04354549776488
wavePE_drop,4,6,30.52878930733144
wavePE_drop,4,6,22.43606674508684
wavePE_drop,4,6,28.973796746417815
wavePE_drop,4,6,31.940615584209933
wavePE_drop,4,6,26.143800552557188
wavePE_drop,4,6,20.669618135446445
wavePE_drop,4,6,21.889206515596026
wavePE_drop,4,6,31.160083740972095
wavePE_drop,4,6,36.02864324307712
wavePE_drop,4,6,33.27918421294674
wavePE_drop,4,6,38.71608894396845
wavePE_drop,4,6,40.92770896696169
wavePE_drop,4,6,41.66422684387525
wavePE_drop,4,6,41.74214193154304
wavePE_drop,4,6,40.28237446595387
wavePE_drop,4,6,41.79954035856558
wavePE_drop,4,6,36.17000777873371
wavePE_drop,4,6,39.817516999569214
wavePE_drop,4,6,42.91754921126586
wavePE_drop,4,6,47.536208860757824
wavePE_drop,4,6,44.31275378973379
wavePE_drop,4,6,53.040626485033975
wavePE_drop,4,6,39.1448845109497
wavePE_drop,4,6,39.40510878148705
wavePE_drop,4,6,44.706600623031385
wavePE_drop,4,6,43.52817609272057
wavePE_drop,4,6,39.6574172009735
wavePE_drop,4,6,42.17296181806425
wavePE_drop,4,6,44.0714526897305
wavePE_drop,4,6,47.040256773181625
wavePE_drop,4,6,53.151469593026874
wavePE_drop,4,6,58.747331973970475
wavePE_drop,4,6,49.51867905893188
wavePE_drop,4,6,48.9368383945526
wavePE_drop,4,6,50.46724909125147
wavePE_drop,4,6,50.86512164731869
wavePE_drop,4,6,45.31102520184293
wavePE_drop,4,6,38.75793310984341
wavePE_drop,4,6,50.04026842978259
wavePE_drop,4,6,49.362389051548824
wavePE_drop,4,6,46.45924439940853
wavePE_drop,4,6,39.80019649226231
wavePE_drop,4,6,32.78426849046425
wavePE_drop,4,6,35.676885208980764
wavePE_drop,4,6,38.814662882905616
wavePE_drop,4,6,49.873357842994785
wavePE_drop,4,6,52.6825340264465
wavePE_drop,4,6,46.47857114214024
wavePE_drop,4,6,47.02886821581711
wavePE_drop,4,6,47.82592235072881
wavePE_drop,4,6,49.20911281399976
wavePE_drop,4,6,40.98893252796334
wavePE_drop,4,6,36.40415912458707
wavePE_drop,4,6,45.37245902100867
wavePE_drop,4,6,46.473635771223044
wavePE_drop,4,6,39.18031392392608
wavePE_drop,4,6,39.07088123640114
wavePE_drop,4,6,34.56000924932028
wavePE_drop,4,6,38.247981795253416
wavePE_drop,4,6,38.5939157025076
wavePE_drop,4,6,38.42535582928647
wavePE_drop,4,6,38.565151542541265
wavePE_drop,4,6,12.603979600437642
wavePE_drop,4,6,16.874656085771
wavePE_drop,4,6,21.187995826930035
wavePE_drop,4,6,20.665147830903386
wavePE_drop,4,6,21.69552716434144
wavePE_drop,4,6,30.721535210285577
wavePE_drop,4,6,31.083920020369906
wavePE_drop,4,6,32.48182009511275
wavePE_drop,4,6,28.938554031338377
wavePE_drop,4,6,30.794198177261357
wavePE_drop,4,6,26.991871350489497
wavePE_drop,4,6,37.05960994689451
wavePE_drop,4,6,43.43500064653141
wavePE_drop,4,6,42.10238914335236
wavePE_drop,4,6,40.73848634285341
wavePE_drop,4,6,41.481403358994825
wavePE_drop,4,6,40.28783932094147
wavePE_drop,4,6,39.254336809524936
wavePE_drop,4,6,42.55631157576259
wavePE_drop,4,6,40.41105509731176
wavePE_drop,4,6,34.17090900747146
wavePE_drop,4,6,41.47259159592738
wavePE_drop,4,6,46.686286209084166
wavePE_drop,4,6,45.61236588973522
wavePE_drop,4,6,49.07595002020771
wavePE_drop,4,6,51.37832782479064
wavePE_drop,4,6,44.5254524378206
wavePE_drop,4,6,46.865215749964
wavePE_drop,4,6,46.94974272574244
wavePE_drop,4,6,44.80657123418264
wavePE_drop,4,6,37.25714352309026
wavePE_drop,4,6,44.426239891259534
wavePE_drop,4,6,48.5878934364179
wavePE_drop,4,6,45.320286481885326
wavePE_drop,4,6,37.358234065528926
wavePE_drop,4,6,36.52125644626128
wavePE_drop,4,6,33.83761841734576
wavePE_drop,4,6,34.99108261698655
wavePE_drop,4,6,34.619106000770316
wavePE_drop,4,6,49.50339956853703
wavePE_drop,4,6,46.01992693038748
wavePE_drop,4,6,40.3859352683843
wavePE_drop,4,6,46.88035465430723
wavePE_drop,4,6,45.333479326355
wavePE_drop,4,6,45.39844404416165
wavePE_drop,4,6,36.03584932284918
wavePE_drop,4,6,45.2860974342622
wavePE_drop,4,6,51.2936122050553
wavePE_drop,4,6,48.85247882631448
wavePE_drop,4,6,42.82132590540315
wavePE_drop,4,6,38.65555633403466
wavePE_drop,4,6,34.21263850974775
wavePE_drop,4,6,39.54698787312656
wavePE_drop,4,6,36.51306551996417
wavePE_drop,4,6,37.67799092846377
wavePE_drop,4,6,33.121875672078
wavePE_drop,4,6,19.353720403396267
wavePE_drop,4,6,28.95117258653756
wavePE_drop,4,6,33.81526957838508
wavePE_drop,4,6,33.06718219202001
wavePE_drop,4,6,38.79558878682195
wavePE_drop,4,6,40.62360779172591
wavePE_drop,4,6,34.48799706609375
wavePE_drop,4,6,44.39666438107438
wavePE_drop,4,6,46.037757768653584
wavePE_drop,4,6,43.87396763060861
wavePE_drop,4,6,34.157756354435776
wavePE_drop,4,6,39.990480409346965
wavePE_drop,4,6,46.130929439932494
wavePE_drop,4,6,51.099271723881714
wavePE_drop,4,6,39.51507790338723
wavePE_drop,4,6,40.09579233938263
wavePE_drop,4,6,37.906553050434454
wavePE_drop,4,6,39.04596325479138
wavePE_drop,4,6,45.877606529317646
wavePE_drop,4,6,44.6017782732187
wavePE_drop,4,6,41.087129683107264
wavePE_drop,4,6,27.370287748338075
wavePE_drop,4,6,30.360127885490208
wavePE_drop,4,6,37.17017321433359
wavePE_drop,4,6,36.94948459557117
wavePE_drop,4,6,37.12579869960132
wavePE_drop,4,6,36.853724407495925
wavePE_drop,4,6,25.78255161624361
wavePE_drop,4,6,23.32466321682248
