kind,seed,missing_groups,miou
drop,0,0,70.68037335705664
drop,0,1,70.29611682702249
drop,0,1,60.820585572878315
drop,0,1,69.7855185463157
drop,0,1,70.54182688631373
drop,0,1,67.78948144822802
drop,0,1,70.51513809141203
drop,0,1,69.27574493467475
drop,0,1,71.80860385249538
drop,0,1,68.04789919533091
drop,0,1,71.73631974301279
drop,0,2,50.19701836085386
drop,0,2,68.20289518066916
drop,0,2,68.47042223502413
drop,0,2,68.88623028498819
drop,0,2,70.79171168904452
drop,0,2,67.66022980805134
drop,0,2,71.43578967622878
drop,0,2,67.8742891925475
drop,0,2,72.0533995737452
drop,0,2,58.04708163017141
drop,0,2,58.514835415337394
drop,0,2,57.61123247475308
drop,0,2,59.47040441211854
drop,0,2,59.63404638686639
drop,0,2,61.49785605678715
drop,0,2,58.02608467290984
drop,0,2,62.1581750475052
drop,0,2,61.38358060963951
drop,0,2,66.07480120781852
drop,0,2,69.14115433048794
drop,0,2,67.27678349703982
drop,0,2,70.1582451807332
drop,0,2,66.9280841246657
drop,0,2,70.1972105065387
drop,0,2,63.46733949779194
drop,0,2,68.28003877513486
drop,0,2,66.96599508837807
drop,0,2,72.51607672971365
drop,0,2,64.1587307773643
drop,0,2,70.54615041613522
drop,0,2,66.58229233539389
drop,0,2,65.10024549507685
drop,0,2,68.87573294035803
drop,0,2,63.8731489071517
drop,0,2,68.09439128217058
drop,0,2,65.05756265228324
drop,0,2,71.26632067845843
drop,0,2,66.54176631793602
drop,0,2,71.36562249210314
drop,0,2,68.82424679150499
drop,0,2,66.10827956445546
drop,0,2,67.69063121342981
drop,0,2,62.78610642092406
drop,0,2,73.94565360040312
drop,0,2,63.930976822089335
drop,0,3,44.83884376366646
drop,0,3,47.34023306406497
drop,0,3,47.293911926756785
drop,0,3,45.69402972358715
drop,0,3,48.5919791257632
drop,0,3,49.338353361401985
drop,0,3,49.50838124608073
drop,0,3,51.35318271037501
drop,0,3,59.8226910616116
drop,0,3,67.86503300802326
drop,0,3,68.50308453643294
drop,0,3,65.28390433980451
drop,0,3,69.05126149329858
drop,0,3,66.77106752079233
drop,0,3,69.74928713238565
drop,0,3,62.27887409949992
drop,0,3,67.07819478456929
drop,0,3,64.7246999036406
drop,0,3,68.65193915197885
drop,0,3,63.61078904477677
drop,0,3,68.81724868177092
drop,0,3,66.9381180736088
drop,0,3,63.308408786765966
drop,0,3,69.43649140618096
drop,0,3,63.356656370568174
drop,0,3,70.1183772623392
drop,0,3,63.74701896091134
drop,0,3,69.94651701415225
drop,0,3,66.11170182930552
drop,0,3,70.82025019385111
drop,0,3,66.70297533645417
drop,0,3,62.95436239538502
drop,0,3,67.73013389932775
drop,0,3,60.56753594736411
drop,0,3,70.92666659038672
drop,0,3,62.70826948046484
drop,0,3,43.978990169515484
drop,0,3,54.8873743103628
drop,0,3,56.87581981056916
drop,0,3,57.07249130125863
drop,0,3,58.822857313696794
drop,0,3,54.28457335173865
drop,0,3,58.373888251170726
drop,0,3,54.61772437789318
drop,0,3,56.97647518815209
drop,0,3,57.1917377153309
drop,0,3,57.00111010855328
drop,0,3,55.153258750373446
drop,0,3,58.3492513276335
drop,0,3,55.39224092676764
drop,0,3,55.77475298429353
drop,0,3,57.53778413248578
drop,0,3,52.99290987435836
drop,0,3,57.622605433952046
drop,0,3,53.09479373553129
drop,0,3,58.61096962519111
drop,0,3,56.2611883825569
drop,0,3,60.8473745832894
drop,0,3,60.1950219141253
drop,0,3,56.5660693883652
drop,0,3,61.64146595168829
drop,0,3,54.82357049550124
drop,0,3,62.47399702921089
drop,0,3,54.54554819124483
drop,0,3,53.25108463992152
drop,0,3,62.82995628991208
drop,0,3,57.95312191379352
drop,0,3,62.40929096082106
drop,0,3,58.639472365322845
drop,0,3,63.11785504732138
drop,0,3,65.06350836825021
drop,0,3,62.80864249561681
drop,0,3,66.90126296807263
drop,0,3,62.19350895357446
drop,0,3,68.03504290651013
drop,0,3,64.62189731658754
drop,0,3,70.08199380902768
drop,0,3,66.9952445349013
drop,0,3,71.56043644487569
drop,0,3,66.92718030431946
drop,0,3,64.27315376934443
drop,0,3,67.24211835226643
drop,0,3,61.25484010038906
drop,0,3,71.64673177376207
drop,0,3,66.40835299637541
drop,0,3,61.366182817602656
drop,0,3,61.50616700823834
drop,0,3,66.09314601568546
drop,0,3,58.952793253632215
drop,0,3,63.15265093159914
drop,0,3,60.12565352715732
drop,0,3,70.16368125706803
drop,0,3,63.84487347123886
drop,0,3,69.49317034369203
drop,0,3,66.15443746834028
drop,0,3,62.45281700684886
drop,0,3,65.49513288876045
drop,0,3,65.36322566233846
drop,0,3,72.48311162913612
drop,0,3,59.80804881599072
drop,0,3,54.20211974244125
drop,0,3,67.50728971022615
drop,0,3,63.09678284428492
drop,0,3,67.46150890011694
drop,0,3,64.3184973330621
drop,0,3,62.47233237816526
drop,0,3,64.92819523432637
drop,0,3,58.40467288005408
drop,0,3,70.58323983735332
drop,0,3,63.50443014111502
drop,0,3,60.66390746334975
drop,0,3,62.497732084994894
drop,0,3,64.06409480998452
drop,0,3,59.3251743534015
drop,0,3,72.17701986762836
drop,0,3,63.20081334545602
drop,0,3,57.69150493733453
drop,0,3,68.35254677830372
drop,0,3,59.07991428721443
drop,0,3,41.448063552949115
drop,0,4,31.592817562040832
drop,0,4,42.357717643515414
drop,0,4,41.6033911702802
drop,0,4,43.449809835680966
drop,0,4,43.82206749734292
drop,0,4,44.56404867433796
drop,0,4,45.0163217265624
drop,0,4,42.0485946436818
drop,0,4,42.8617834274092
drop,0,4,44.72916553674263
drop,0,4,44.28788174119715
drop,0,4,44.213964679574204
drop,0,4,46.93070217124333
drop,0,4,43.31019059091778
drop,0,4,46.44687930247468
drop,0,4,44.71049818972256
drop,0,4,41.185879334253514
drop,0,4,46.586055241315066
drop,0,4,38.58423469646409
drop,0,4,41.508808795502375
drop,0,4,45.34746547769154
drop,0,4,46.31423732984627
drop,0,4,48.422098506845415
drop,0,4,46.233137778864204
drop,0,4,51.13136850220626
drop,0,4,42.75603810940687
drop,0,4,49.32139916818164
drop,0,4,40.81964839837349
drop,0,4,47.68418933722402
drop,0,4,59.31507405794577
drop,0,4,57.41846070235567
drop,0,4,58.18392390951698
drop,0,4,57.43988961223825
drop,0,4,59.26769047406544
drop,0,4,64.73253817340782
drop,0,4,60.56572086106927
drop,0,4,67.20119799410188
drop,0,4,63.32929262580792
drop,0,4,67.06034799718628
drop,0,4,61.2669337171592
drop,0,4,67.75252493809292
drop,0,4,65.88917040512882
drop,0,4,70.09567387547608
drop,0,4,64.55165163692442
drop,0,4,62.15136024839691
drop,0,4,64.02912340439251
drop,0,4,60.949233066292216
drop,0,4,68.83185259256099
drop,0,4,62.2603864105717
drop,0,4,59.68856543734826
drop,0,4,59.778823865376616
drop,0,4,63.32607030817836
drop,0,4,57.474969663190755
drop,0,4,63.019605221676436
drop,0,4,57.58478916643117
drop,0,4,67.3430620530977
drop,0,4,60.62987434740468
drop,0,4,68.99696297074568
drop,0,4,64.9687080738319
drop,0,4,62.0665600629859
drop,0,4,64.4467584290293
drop,0,4,60.80952080712564
drop,0,4,68.7934017464391
drop,0,4,55.01078467149924
drop,0,4,50.568393919884045
drop,0,4,66.48349263953021
drop,0,4,61.6924103330517
drop,0,4,67.71084274622037
drop,0,4,62.96985485633299
drop,0,4,58.821303971788495
drop,0,4,65.07016286072164
drop,0,4,58.38540510983419
drop,0,4,68.77986240875141
drop,0,4,58.31133267247949
drop,0,4,57.66492130670166
drop,0,4,58.010232419838516
drop,0,4,61.81145462490668
drop,0,4,56.376522576244035
drop,0,4,68.34390759290346
drop,0,4,60.66324421069377
drop,0,4,57.72869554529033
drop,0,4,67.6637900864176
drop,0,4,57.646597690756494
drop,0,4,34.05981323823316
drop,0,4,31.533056512702217
drop,0,4,42.70180692696795
drop,0,4,43.352001105001605
drop,0,4,39.98202789455919
drop,0,4,43.053934614698605
drop,0,4,44.90173136740093
drop,0,4,52.90142907566943
drop,0,4,52.74953418267447
drop,0,4,54.176696523311485
drop,0,4,50.376404306228004
drop,0,4,55.21562634349888
drop,0,4,52.11186951908044
drop,0,4,56.72725829884251
drop,0,4,54.33497618384543
drop,0,4,58.42124927445238
drop,0,4,56.316860013320266
drop,0,4,53.65833516023996
drop,0,4,57.72138942681616
drop,0,4,51.855864186891
drop,0,4,60.74153576287063
drop,0,4,50.505152846759906
drop,0,4,51.99058228593283
drop,0,4,51.35613940081248
drop,0,4,53.56515531091207
drop,0,4,49.610272135147845
drop,0,4,54.2966335889257
drop,0,4,49.141811356558996
drop,0,4,54.5112142642436
drop,0,4,52.582407688013966
drop,0,4,57.76027702275004
drop,0,4,55.18456115628354
drop,0,4,53.07654649776402
drop,0,4,56.77075773053883
drop,0,4,51.85219755813731
drop,0,4,58.30029008773635
drop,0,4,49.63303464463733
drop,0,4,42.5366607414631
drop,0,4,55.42025674806782
drop,0,4,51.44475935051609
drop,0,4,55.47007514107499
drop,0,4,55.8763440405595
drop,0,4,51.078337706722074
drop,0,4,55.713824844325835
drop,0,4,51.82110234126692
drop,0,4,57.522785220064776
drop,0,4,50.26978885036619
drop,0,4,49.013580822130734
drop,0,4,52.64085456460481
drop,0,4,54.8302404807693
drop,0,4,50.683262987953434
drop,0,4,58.71917832891362
drop,0,4,52.27529202139477
drop,0,4,52.02324991456327
drop,0,4,59.93245281297009
drop,0,4,53.89947613435928
drop,0,4,31.825761358504007
drop,0,4,43.571677172028664
drop,0,4,49.11200250091197
drop,0,4,49.82424784224468
drop,0,4,47.4349446628446
drop,0,4,54.53974078152951
drop,0,4,53.309952895531296
drop,0,4,61.62113254615266
drop,0,4,59.31944530578236
drop,0,4,63.829642561619025
drop,0,4,57.447322865682814
drop,0,4,55.61435379018257
drop,0,4,55.55115160207465
drop,0,4,58.63728727063287
drop,0,4,64.18737822542134
drop,0,4,56.818668270099735
drop,0,4,53.144168140089874
drop,0,4,65.4906356790766
drop,0,4,60.32242896950516
drop,0,4,67.31696603902968
drop,0,4,62.37645846708468
drop,0,4,59.71957037439114
drop,0,4,62.774769546980345
drop,0,4,56.45669236256988
drop,0,4,69.01679627871414
drop,0,4,60.197839839084544
drop,0,4,58.627399138663186
drop,0,4,62.71143986652944
drop,0,4,64.32538313294596
drop,0,4,58.372388138187326
drop,0,4,69.86794496095386
drop,0,4,65.4141177811548
drop,0,4,56.8285156415039
drop,0,4,65.44538909562428
drop,0,4,61.65611294396833
drop,0,4,40.99714538405007
drop,0,4,49.63188663153375
drop,0,4,63.243948314749034
drop,0,4,57.03625492561785
drop,0,4,62.46644230734068
drop,0,4,64.1813994728904
drop,0,4,57.591465958703346
drop,0,4,61.5134161781534
drop,0,4,58.3192321324304
drop,0,4,67.23675237780552
drop,0,4,52.79584215779809
drop,0,4,59.30892500014709
drop,0,4,56.87714954994632
drop,0,4,61.51221203381766
drop,0,4,58.56328681815035
drop,0,4,71.46208427242432
drop,0,4,60.15766556398925
drop,0,4,57.66803718732123
drop,0,4,66.55762305354892
drop,0,4,56.26583092321531
drop,0,4,41.48858662764401
drop,0,4,44.266071264316935
drop,0,4,56.43152270483952
drop,0,4,52.60528289057722
drop,0,4,54.01537444015126
drop,0,4,70.37462517538341
drop,0,4,62.4845940781532
drop,0,4,55.05831454426654
drop,0,4,64.59645670253427
drop,0,4,59.67210019669486
drop,0,4,38.965410435237295
drop,0,4,52.73385358545922
drop,0,4,60.36664659902503
drop,0,4,56.13212652025232
drop,0,4,35.049511528894115
drop,0,4,36.82515115738177
drop,0,5,23.19119027631261
drop,0,5,28.340383350829214
drop,0,5,29.186731173210916
drop,0,5,28.08708216589738
drop,0,5,29.321157477893816
drop,0,5,30.498723356927588
drop,0,5,37.90983257308369
drop,0,5,40.27654378506574
drop,0,5,42.17733693929932
drop,0,5,38.96760998648337
drop,0,5,43.53963323107264
drop,0,5,34.75250559346725
drop,0,5,39.529190963751844
drop,0,5,40.954938657210334
drop,0,5,42.216740488584726
drop,0,5,41.75422937923028
drop,0,5,44.206146519248804
drop,0,5,44.42570851379352
drop,0,5,36.383455121535675
drop,0,5,45.216515220147265
drop,0,5,35.127042852517995
drop,0,5,39.208163352428635
drop,0,5,39.27231239869936
drop,0,5,41.18878048519825
drop,0,5,33.27276160089865
drop,0,5,42.29978055676764
drop,0,5,33.94236254164943
drop,0,5,37.772210624340715
drop,0,5,40.28538662995019
drop,0,5,43.16860921628347
drop,0,5,40.97195753568125
drop,0,5,40.20122583639234
drop,0,5,44.95716800155213
drop,0,5,38.849044420445466
drop,0,5,43.91697478338489
drop,0,5,33.519146309481414
drop,0,5,30.999888358787082
drop,0,5,38.38284128724497
drop,0,5,38.52898698924638
drop,0,5,42.95253771572414
drop,0,5,41.764825921386524
drop,0,5,41.674476795707456
drop,0,5,45.694625030979296
drop,0,5,39.613518497305925
drop,0,5,44.16356705418358
drop,0,5,33.08547640281701
drop,0,5,33.39522238341342
drop,0,5,35.68592386994125
drop,0,5,36.31743613786661
drop,0,5,35.45433025944546
drop,0,5,42.78659170217771
drop,0,5,36.113258775001746
drop,0,5,37.81708414859985
drop,0,5,43.42261379805573
drop,0,5,39.743355274837064
drop,0,5,19.59069819662383
drop,0,5,34.145969725950884
drop,0,5,39.34527880566315
drop,0,5,41.3375024953812
drop,0,5,42.02443759634822
drop,0,5,46.63781725242062
drop,0,5,52.29408178645143
drop,0,5,54.375194412742026
drop,0,5,57.06277057322284
drop,0,5,58.90037811587185
drop,0,5,55.373634372534795
drop,0,5,55.44327362786896
drop,0,5,56.66440524629939
drop,0,5,52.089669055411434
drop,0,5,55.65111900864489
drop,0,5,49.914615462521105
drop,0,5,49.13194841653338
drop,0,5,64.5428207991918
drop,0,5,60.07651330745131
drop,0,5,65.99305491463136
drop,0,5,62.42245820836807
drop,0,5,56.91181603662635
drop,0,5,63.309467943620845
drop,0,5,56.435458613045064
drop,0,5,66.05016540574941
drop,0,5,57.76785269650927
drop,0,5,54.39943760836804
drop,0,5,58.52519629302512
drop,0,5,61.57691993423743
drop,0,5,56.93221599272912
drop,0,5,66.4567193816373
drop,0,5,62.631405082115556
drop,0,5,55.78939894517554
drop,0,5,64.51788918931538
drop,0,5,60.13810694696262
drop,0,5,33.80014776137697
drop,0,5,46.81109332884301
drop,0,5,59.525820227173135
drop,0,5,54.012709929566526
drop,0,5,59.586077336218665
drop,0,5,59.6576543013734
drop,0,5,56.27526774445193
drop,0,5,61.188921790947994
drop,0,5,57.36988790943095
drop,0,5,66.12602698954639
drop,0,5,48.949838211511434
drop,0,5,55.35229877038815
drop,0,5,53.94216550305282
drop,0,5,58.9565077784862
drop,0,5,53.46977847693499
drop,0,5,68.17591647364331
drop,0,5,56.50857829956044
drop,0,5,55.528058486497976
drop,0,5,65.80177810319049
drop,0,5,53.9979599694192
drop,0,5,34.42243874510753
drop,0,5,43.69903357902855
drop,0,5,49.85029879977481
drop,0,5,48.93820478684592
drop,0,5,52.92995186919814
drop,0,5,65.51175775289852
drop,0,5,59.32555949466821
drop,0,5,52.12453042192341
drop,0,5,66.53397675621312
drop,0,5,56.70531740601302
drop,0,5,30.837921478452028
drop,0,5,48.06533221040366
drop,0,5,57.92810546450251
drop,0,5,52.390594404951884
drop,0,5,27.500913798918724
drop,0,5,26.230684248181607
drop,0,5,27.57131041871886
drop,0,5,27.961325121379176
drop,0,5,29.655636143898374
drop,0,5,28.889769893970158
drop,0,5,32.61377688685062
drop,0,5,37.44993483678438
drop,0,5,39.44005815443391
drop,0,5,41.29679617629177
drop,0,5,43.31608502963677
drop,0,5,39.46258852635504
drop,0,5,41.07204963852144
drop,0,5,44.481044424621544
drop,0,5,37.14980760728169
drop,0,5,43.99437775078388
drop,0,5,38.72683500140958
drop,0,5,41.80890518983788
drop,0,5,53.139874959533685
drop,0,5,49.92839137733049
drop,0,5,53.44373194045171
drop,0,5,52.65023500322472
drop,0,5,48.39252254158559
drop,0,5,52.76279181632373
drop,0,5,48.64718462615459
drop,0,5,55.42667869417953
drop,0,5,46.70131511411091
drop,0,5,47.82282013188735
drop,0,5,50.98209316339918
drop,0,5,52.97908605472438
drop,0,5,50.03180989897823
drop,0,5,59.4760229244544
drop,0,5,49.834549490985474
drop,0,5,47.559460320311416
drop,0,5,58.96120624405864
drop,0,5,50.835685508653995
drop,0,5,31.08905949710933
drop,0,5,37.94825417183091
drop,0,5,49.62648836819277
drop,0,5,47.63914977398178
drop,0,5,52.39409584189813
drop,0,5,50.99159208067125
drop,0,5,45.874609336943855
drop,0,5,50.633764308590145
drop,0,5,47.38422372366297
drop,0,5,52.985595827843824
drop,0,5,39.199152931101224
drop,0,5,43.946930418848936
drop,0,5,47.61368491428491
drop,0,5,49.7133088420848
drop,0,5,48.53284523743296
drop,0,5,56.568368956071424
drop,0,5,49.343201323243306
drop,0,5,49.233933159129144
drop,0,5,55.03729785987013
drop,0,5,48.59130130801757
drop,0,5,33.89089024046729
drop,0,5,33.88710448432093
drop,0,5,41.899129095429814
drop,0,5,40.6577841037271
drop,0,5,46.282737099529605
drop,0,5,52.563072253707034
drop,0,5,47.91309560645533
drop,0,5,47.35115074144523
drop,0,5,56.34720763897454
drop,0,5,46.22535281038085
drop,0,5,26.854959646314065
drop,0,5,46.43932781525995
drop,0,5,50.74493591619215
drop,0,5,47.138847204637806
drop,0,5,29.470395678812526
drop,0,5,28.707699910957924
drop,0,5,32.27407429929101
drop,0,5,41.247878517045564
drop,0,5,39.21159703187909
drop,0,5,43.14933472849074
drop,0,5,47.549309810278984
drop,0,5,42.2560408213862
drop,0,5,50.01254497700732
drop,0,5,43.994701860507924
drop,0,5,49.02687333458452
drop,0,5,38.30328111183851
drop,0,5,46.81144118404271
drop,0,5,49.901053009825695
drop,0,5,51.34067629290631
drop,0,5,54.447899070944075
drop,0,5,60.186786411849646
drop,0,5,55.291940247132544
drop,0,5,49.87541243852606
drop,0,5,58.43072824141332
drop,0,5,49.55282116384529
drop,0,5,38.90064258365496
drop,0,5,44.0942957157176
drop,0,5,54.32103244632427
drop,0,5,50.91881394474965
drop,0,5,51.50961722150852
drop,0,5,67.55655285269528
drop,0,5,58.964071004413846
drop,0,5,52.63450814315139
drop,0,5,61.83373919278954
drop,0,5,58.154898276027154
drop,0,5,38.95303367930436
drop,0,5,52.62995923785746
drop,0,5,59.752093907876954
drop,0,5,55.815758167456444
drop,0,5,35.20188251644947
drop,0,5,36.49934407364211
drop,0,5,42.83646653186863
drop,0,5,48.76365506261847
drop,0,5,48.92689010875398
drop,0,5,54.13130757936092
drop,0,5,65.29533596877427
drop,0,5,51.27063495793007
drop,0,5,54.85301136421277
drop,0,5,64.07545498911045
drop,0,5,52.67191940262499
drop,0,5,33.854481846685836
drop,0,5,52.697125087930566
drop,0,5,58.89699108773456
drop,0,5,54.4423434968665
drop,0,5,37.10910748169654
drop,0,5,37.68624038745559
drop,0,5,39.414273153333866
drop,0,5,44.28542203393411
drop,0,5,48.141337529993464
drop,0,5,32.19440221618977
drop,0,5,33.415734483348814
drop,0,5,32.90929302104566
drop,0,6,17.667713562365062
drop,0,6,19.660961368783045
drop,0,6,20.74056751636344
drop,0,6,19.781331498809504
drop,0,6,22.61946688081416
drop,0,6,24.11590611045285
drop,0,6,25.36392758563098
drop,0,6,28.449950138620363
drop,0,6,28.45267014358147
drop,0,6,27.673551678500168
drop,0,6,26.732804054883374
drop,0,6,29.835593947219312
drop,0,6,22.620131825176184
drop,0,6,25.631529037533994
drop,0,6,22.204740370581174
drop,0,6,26.69435384513722
drop,0,6,34.5066541219085
drop,0,6,36.21114804526907
drop,0,6,39.896161475853226
drop,0,6,38.8338768030026
drop,0,6,39.283953891544805
drop,0,6,40.43866621223841
drop,0,6,37.17749857791212
drop,0,6,42.78790156495527
drop,0,6,31.791735329223975
drop,0,6,31.257470455845866
drop,0,6,34.43905891328951
drop,0,6,34.196807015973604
drop,0,6,32.82420119610329
drop,0,6,40.92062980532211
drop,0,6,34.62603418755098
drop,0,6,33.6944954984299
drop,0,6,41.74036406028515
drop,0,6,37.17337746761966
drop,0,6,17.62154092540902
drop,0,6,25.836096235632734
drop,0,6,34.421614979924406
drop,0,6,32.608826152727325
drop,0,6,40.314403193464685
drop,0,6,37.903491200680264
drop,0,6,28.682173784133912
drop,0,6,39.73628235528865
drop,0,6,31.35016809542591
drop,0,6,40.902550817146576
drop,0,6,25.095109136369025
drop,0,6,29.440555258964775
drop,0,6,33.273494320913336
drop,0,6,34.421349343127986
drop,0,6,32.86427277816724
drop,0,6,36.77040689939245
drop,0,6,35.67300653324353
drop,0,6,36.118189587672596
drop,0,6,38.91964972095935
drop,0,6,35.20895042070896
drop,0,6,17.47705390960712
drop,0,6,22.944330300796338
drop,0,6,27.692846927410763
drop,0,6,28.64202394519327
drop,0,6,34.01199065874601
drop,0,6,35.695365647211396
drop,0,6,31.836952911553322
drop,0,6,34.13225733543837
drop,0,6,36.68864361397434
drop,0,6,31.421749389575375
drop,0,6,13.245846985351125
drop,0,6,27.563683083208122
drop,0,6,30.3045418614133
drop,0,6,31.525246984569982
drop,0,6,16.880148807267023
drop,0,6,15.7934238928835
drop,0,6,21.723810084255604
drop,0,6,30.340969655190857
drop,0,6,30.147484314690725
drop,0,6,29.90245480900838
drop,0,6,38.81946607363344
drop,0,6,38.43949446262913
drop,0,6,41.49382938450222
drop,0,6,35.89620428524165
drop,0,6,37.07365784318281
drop,0,6,32.398080510826894
drop,0,6,44.73721571666877
drop,0,6,46.9421128589712
drop,0,6,49.21104564439055
drop,0,6,46.546984374436924
drop,0,6,51.54093643551284
drop,0,6,49.43603898637007
drop,0,6,46.1110035595746
drop,0,6,55.2678841045164
drop,0,6,45.8507576118933
drop,0,6,28.081206203205028
drop,0,6,41.67166104042448
drop,0,6,51.151013406418514
drop,0,6,48.05426874640452
drop,0,6,51.87837833260986
drop,0,6,63.57067176707807
drop,0,6,58.13729015900741
drop,0,6,51.38758463725822
drop,0,6,63.441483390547035
drop,0,6,57.050067408530744
drop,0,6,29.390337396402927
drop,0,6,47.6114149014944
drop,0,6,55.344484849680875
drop,0,6,53.97563911593337
drop,0,6,29.490983664400723
drop,0,6,30.632403399181168
drop,0,6,42.40209435347268
drop,0,6,46.54743656814864
drop,0,6,46.79898423362283
drop,0,6,50.154561817349276
drop,0,6,60.777966742679034
drop,0,6,45.30657946534132
drop,0,6,51.38678306791474
drop,0,6,60.30305191844458
drop,0,6,51.20502307928045
drop,0,6,28.24419301473281
drop,0,6,45.677628833725315
drop,0,6,56.97944028952542
drop,0,6,52.91333364684717
drop,0,6,29.14807060761712
drop,0,6,25.711252933836015
drop,0,6,34.67011369905046
drop,0,6,43.79513457304787
drop,0,6,45.68429178805253
drop,0,6,25.251228051352303
drop,0,6,24.52126152212343
drop,0,6,10.364512260360362
drop,0,6,16.192410618153534
drop,0,6,24.756591478675542
drop,0,6,24.675087266819318
drop,0,6,28.80260421670149
drop,0,6,25.21027434273377
drop,0,6,23.85295009475681
drop,0,6,28.79545937918709
drop,0,6,28.291874742873112
drop,0,6,30.08059267095154
drop,0,6,22.18111365868466
drop,0,6,32.9662463451751
drop,0,6,35.44156199075499
drop,0,6,37.14816329447809
drop,0,6,36.72543009294193
drop,0,6,43.598097336225365
drop,0,6,36.89986819726409
drop,0,6,33.74244488985838
drop,0,6,41.59820968806856
drop,0,6,36.83061024970279
drop,0,6,22.272681136146932
drop,0,6,34.53962443705271
drop,0,6,39.9579818707454
drop,0,6,39.66011993981044
drop,0,6,47.42384157416351
drop,0,6,52.45658722275114
drop,0,6,43.79314632670488
drop,0,6,45.487049404721624
drop,0,6,54.035864387645994
drop,0,6,44.3656063201531
drop,0,6,27.09971160244417
drop,0,6,44.79462927833013
drop,0,6,49.214388236496646
drop,0,6,46.48916297102332
drop,0,6,28.74023486576639
drop,0,6,30.83677497607194
drop,0,6,32.11703403561432
drop,0,6,37.25350106494466
drop,0,6,37.64520180340155
drop,0,6,44.196000030028316
drop,0,6,49.53879956244751
drop,0,6,41.811654928943284
drop,0,6,42.10349024877638
drop,0,6,49.59439804614097
drop,0,6,36.56384376239883
drop,0,6,25.392514833421558
drop,0,6,43.573362441370215
drop,0,6,44.921027472973954
drop,0,6,45.445266003654595
drop,0,6,31.699565115079594
drop,0,6,28.950957825046125
drop,0,6,30.222418908093
drop,0,6,32.19297103796378
drop,0,6,35.210575728161615
drop,0,6,25.671306958970035
drop,0,6,18.971018734151716
drop,0,6,25.739966930532148
drop,0,6,26.284670550655047
drop,0,6,31.934035800623484
drop,0,6,31.009657568201877
drop,0,6,36.81346124394221
drop,0,6,41.16703799732966
drop,0,6,34.6484310259072
drop,0,6,39.256771238357864
drop,0,6,47.3823909843305
drop,0,6,35.70774176570071
drop,0,6,28.26225189836257
drop,0,6,43.17408812701501
drop,0,6,48.229598896935094
drop,0,6,43.51400251204718
drop,0,6,31.38835047055219
drop,0,6,32.44145379584136
drop,0,6,39.03598890701349
drop,0,6,44.40948512848946
drop,0,6,47.73342656881698
drop,0,6,31.149280662170543
drop,0,6,34.60905759581333
drop,0,6,30.284237399370106
drop,0,6,39.86133590648579
drop,0,6,43.548494098649485
drop,0,6,43.59757609942928
drop,0,6,28.210165252027945
drop,0,6,29.315706520198432
drop,0,6,30.62482500088361
drop,0,6,29.938285147002304
hcs,0,0,65.70560010170927
hcs,0,1,66.14598843376898
hcs,0,1,55.60774976680716
hcs,0,1,65.515417604295
hcs,0,1,64.21690426123855
hcs,0,1,67.87620326002745
hcs,0,1,65.33072244372578
hcs,0,1,65.08518479777082
hcs,0,1,66.15234415857309
hcs,0,1,64.96125061329282
hcs,0,1,65.93839462962535
hcs,0,2,48.05187975810884
hcs,0,2,63.34903444744969
hcs,0,2,63.00861536767245
hcs,0,2,65.01961734819861
hcs,0,2,66.50172390964445
hcs,0,2,64.01011890295354
hcs,0,2,65.49480161474204
hcs,0,2,63.14065368003846
hcs,0,2,65.08212026963248
hcs,0,2,53.562690916917745
hcs,0,2,49.84000859033007
hcs,0,2,53.87807104898339
hcs,0,2,55.68219379686411
hcs,0,2,54.57845098381291
hcs,0,2,54.75123385924563
hcs,0,2,54.80685823376028
hcs,0,2,55.8370768818081
hcs,0,2,60.343851820220884
hcs,0,2,67.07891518336915
hcs,0,2,65.09776081927293
hcs,0,2,64.28729762167885
hcs,0,2,64.58008146199842
hcs,0,2,64.20787417454098
hcs,0,2,65.33317002770438
hcs,0,2,59.882625774204634
hcs,0,2,63.26685607418822
hcs,0,2,63.79752127685144
hcs,0,2,64.30181086694772
hcs,0,2,62.99191542581457
hcs,0,2,63.977414896670304
hcs,0,2,67.32411723059954
hcs,0,2,66.47610026611713
hcs,0,2,67.15866218930651
hcs,0,2,64.83344034809161
hcs,0,2,66.17197388490713
hcs,0,2,63.320972391621154
hcs,0,2,66.42420036171033
hcs,0,2,64.74656128639334
hcs,0,2,64.68789675030328
hcs,0,2,65.59605216230658
hcs,0,2,64.41674054278718
hcs,0,2,64.59707014312734
hcs,0,2,61.54625701795141
hcs,0,2,65.60433647833528
hcs,0,2,61.99191736946459
hcs,0,3,46.58785418251071
hcs,0,3,42.29191228725856
hcs,0,3,46.79523216265792
hcs,0,3,48.32924257743309
hcs,0,3,47.39263096994989
hcs,0,3,46.23409484948745
hcs,0,3,48.42756992368902
hcs,0,3,49.36810939569173
hcs,0,3,59.69376899380543
hcs,0,3,64.45304182678561
hcs,0,3,64.42388056852796
hcs,0,3,62.274728218254424
hcs,0,3,63.17709183819479
hcs,0,3,61.55674599775186
hcs,0,3,63.392598828079564
hcs,0,3,58.05614071599412
hcs,0,3,63.21130882524033
hcs,0,3,61.35690158012408
hcs,0,3,61.63937224628398
hcs,0,3,60.206926760848425
hcs,0,3,60.97576700810372
hcs,0,3,64.23432799539547
hcs,0,3,63.83853650790129
hcs,0,3,65.58000127459283
hcs,0,3,62.88033292707655
hcs,0,3,65.54340688276856
hcs,0,3,63.26309506984622
hcs,0,3,65.48628004493602
hcs,0,3,63.60384118840485
hcs,0,3,64.52614530073932
hcs,0,3,64.12432904689746
hcs,0,3,62.61977221152819
hcs,0,3,63.450947223811326
hcs,0,3,60.240819287644655
hcs,0,3,63.71038627671645
hcs,0,3,60.54572704247041
hcs,0,3,45.946646683704635
hcs,0,3,52.3438690787503
hcs,0,3,54.155318182142885
hcs,0,3,52.20285105587021
hcs,0,3,52.85557739492458
hcs,0,3,53.74116152488855
hcs,0,3,54.79927739505902
hcs,0,3,48.82061483790691
hcs,0,3,50.70202904799407
hcs,0,3,49.340509867720364
hcs,0,3,48.92451901229923
hcs,0,3,49.5145267957733
hcs,0,3,50.037923785241624
hcs,0,3,53.83553566842527
hcs,0,3,51.4345817688596
hcs,0,3,53.6027860986395
hcs,0,3,53.69848811063414
hcs,0,3,54.248198823928206
hcs,0,3,51.996295091634146
hcs,0,3,54.86287492070795
hcs,0,3,55.60952469954417
hcs,0,3,55.85021608677631
hcs,0,3,53.34999510691756
hcs,0,3,53.810662481209306
hcs,0,3,54.88921530791253
hcs,0,3,53.134201311137396
hcs,0,3,55.24065523282984
hcs,0,3,53.53875272041223
hcs,0,3,53.42837224047956
hcs,0,3,60.24712825584043
hcs,0,3,59.70205253188574
hcs,0,3,60.360646438071065
hcs,0,3,58.29249404206291
hcs,0,3,61.301516095251884
hcs,0,3,65.29754098635985
hcs,0,3,64.53584279537138
hcs,0,3,65.07965157650938
hcs,0,3,66.21995568135118
hcs,0,3,67.43156146348132
hcs,0,3,61.84641591118826
hcs,0,3,63.9470794246784
hcs,0,3,63.331429338669786
hcs,0,3,64.54256830436536
hcs,0,3,63.72395937037605
hcs,0,3,63.14757148934235
hcs,0,3,63.236685290325724
hcs,0,3,59.454055951555496
hcs,0,3,65.02038817323135
hcs,0,3,61.283992524800624
hcs,0,3,57.92501206898317
hcs,0,3,58.76994815416505
hcs,0,3,59.66096554291433
hcs,0,3,58.367210198114684
hcs,0,3,60.842959050731174
hcs,0,3,60.45181252278665
hcs,0,3,64.72699685158996
hcs,0,3,62.78216317675758
hcs,0,3,62.923322010898566
hcs,0,3,62.61330751343157
hcs,0,3,61.7162626749071
hcs,0,3,63.32904747832131
hcs,0,3,58.945909016622046
hcs,0,3,63.81508128013116
hcs,0,3,59.85172211327344
hcs,0,3,61.989018418753496
hcs,0,3,65.67117543550187
hcs,0,3,64.04820054273002
hcs,0,3,66.16320290402676
hcs,0,3,65.96674459734011
hcs,0,3,63.2422819626102
hcs,0,3,64.85228689446245
hcs,0,3,60.949347011061185
hcs,0,3,66.12813168846077
hcs,0,3,62.531061227662846
hcs,0,3,63.580461299767855
hcs,0,3,62.690997509812796
hcs,0,3,62.19797288838643
hcs,0,3,61.61906667110848
hcs,0,3,66.02751682873227
hcs,0,3,61.455302266598444
hcs,0,3,58.618545341089835
hcs,0,3,64.7124574593758
hcs,0,3,60.15736746144146
hcs,0,3,55.36433956346275
hcs,0,4,36.86150878734754
hcs,0,4,45.28804294873135
hcs,0,4,45.81517208088904
hcs,0,4,46.51318343060412
hcs,0,4,43.78768562258511
hcs,0,4,45.569748823108355
hcs,0,4,46.609441666238375
hcs,0,4,40.10971493152461
hcs,0,4,42.169641456128616
hcs,0,4,41.167737795409856
hcs,0,4,41.267115689738546
hcs,0,4,41.60398299334248
hcs,0,4,42.10732257383389
hcs,0,4,46.402818804507916
hcs,0,4,44.22799593583763
hcs,0,4,45.6186602731229
hcs,0,4,45.77564072483233
hcs,0,4,47.47070919384147
hcs,0,4,46.59226060665022
hcs,0,4,44.789586984249006
hcs,0,4,45.745433172054966
hcs,0,4,48.87298811044137
hcs,0,4,45.27004730725139
hcs,0,4,48.056826439260405
hcs,0,4,48.29468767420085
hcs,0,4,46.1095071777458
hcs,0,4,47.79663151231767
hcs,0,4,45.58703163309754
hcs,0,4,50.38302610718084
hcs,0,4,59.182615441980126
hcs,0,4,56.12261003133525
hcs,0,4,58.26367548047144
hcs,0,4,56.288016601870304
hcs,0,4,58.794776280790686
hcs,0,4,63.18173968181887
hcs,0,4,63.32867124395246
hcs,0,4,64.47309031508196
hcs,0,4,62.75414508337954
hcs,0,4,63.7731869729213
hcs,0,4,60.39858835778513
hcs,0,4,63.31133636765184
hcs,0,4,61.53857832340335
hcs,0,4,63.957024861556256
hcs,0,4,61.86828875090914
hcs,0,4,60.82871809343406
hcs,0,4,61.157362038038976
hcs,0,4,56.951936574141484
hcs,0,4,63.279965031034216
hcs,0,4,60.34072049153036
hcs,0,4,57.618551601548475
hcs,0,4,57.69141942721575
hcs,0,4,59.04098832287017
hcs,0,4,56.6392661787856
hcs,0,4,58.98158962068957
hcs,0,4,59.58752501640029
hcs,0,4,62.85008094242435
hcs,0,4,61.08857902947925
hcs,0,4,61.81582724684341
hcs,0,4,60.747117492464284
hcs,0,4,58.716815133817235
hcs,0,4,60.366266048989424
hcs,0,4,57.29476182087122
hcs,0,4,61.11410578699239
hcs,0,4,58.54733308104218
hcs,0,4,60.18481888058441
hcs,0,4,65.09294757403194
hcs,0,4,62.005830610944265
hcs,0,4,63.664429264585586
hcs,0,4,64.70819468174177
hcs,0,4,60.081101459695105
hcs,0,4,63.113803107100466
hcs,0,4,58.30622590054413
hcs,0,4,66.69498073149707
hcs,0,4,60.08632337136469
hcs,0,4,61.8243459532513
hcs,0,4,61.40525241074856
hcs,0,4,60.764291295586816
hcs,0,4,59.459633768420396
hcs,0,4,64.16398221913613
hcs,0,4,59.41741511605223
hcs,0,4,58.68745683140908
hcs,0,4,62.54883357543807
hcs,0,4,57.551847057712294
hcs,0,4,54.324954692112456
hcs,0,4,40.69627104309437
hcs,0,4,45.123963246578775
hcs,0,4,44.948255366909194
hcs,0,4,45.487680071401684
hcs,0,4,44.85352848807217
hcs,0,4,46.63962360830487
hcs,0,4,53.49979148576944
hcs,0,4,50.975521153687595
hcs,0,4,52.90278537816224
hcs,0,4,52.1818788091441
hcs,0,4,52.91851105837014
hcs,0,4,50.13557621895626
hcs,0,4,52.53845801463714
hcs,0,4,53.855733672900804
hcs,0,4,55.21737914253644
hcs,0,4,52.3847171470203
hcs,0,4,52.83769705233829
hcs,0,4,52.33304538368393
hcs,0,4,51.65328379350619
hcs,0,4,53.382738553654605
hcs,0,4,52.3797076795105
hcs,0,4,47.02811834786315
hcs,0,4,46.04740272282019
hcs,0,4,48.4618071072165
hcs,0,4,48.652704117492185
hcs,0,4,49.14426330365738
hcs,0,4,49.01228559173478
hcs,0,4,49.79857951148634
hcs,0,4,50.45672460907908
hcs,0,4,50.7576791714914
hcs,0,4,48.56014526122786
hcs,0,4,50.20569536594833
hcs,0,4,49.6476319455702
hcs,0,4,50.806357918416
hcs,0,4,49.29379699074321
hcs,0,4,48.329675000878176
hcs,0,4,44.90188483129719
hcs,0,4,53.74755032735098
hcs,0,4,53.32986561948838
hcs,0,4,52.794372546285715
hcs,0,4,49.754575821579685
hcs,0,4,51.04117781303592
hcs,0,4,51.3724416696939
hcs,0,4,53.10602022704111
hcs,0,4,54.81603699136485
hcs,0,4,50.792184544422106
hcs,0,4,52.0789294674153
hcs,0,4,53.08403159043728
hcs,0,4,52.49767660691263
hcs,0,4,52.25282284370426
hcs,0,4,55.367368359046665
hcs,0,4,53.726035719532504
hcs,0,4,51.37737054079587
hcs,0,4,53.635727420025106
hcs,0,4,51.83295352916372
hcs,0,4,47.55900855659089
hcs,0,4,50.53455996722994
hcs,0,4,51.69301207112377
hcs,0,4,52.582625011546305
hcs,0,4,51.553796226058836
hcs,0,4,54.09704290645521
hcs,0,4,56.02519183095199
hcs,0,4,59.53435534317414
hcs,0,4,58.41504391230602
hcs,0,4,58.96792060250944
hcs,0,4,59.364499678110704
hcs,0,4,58.485449921804154
hcs,0,4,59.15723167875034
hcs,0,4,54.12645335134396
hcs,0,4,61.696752531809096
hcs,0,4,56.6320663308223
hcs,0,4,59.468264347373854
hcs,0,4,64.7291560117003
hcs,0,4,65.54673159403951
hcs,0,4,65.96992609474249
hcs,0,4,63.89676586221991
hcs,0,4,65.27143928656348
hcs,0,4,64.79639071166663
hcs,0,4,60.108011441434115
hcs,0,4,64.93316485889031
hcs,0,4,64.3139416427175
hcs,0,4,61.37583807743577
hcs,0,4,61.38829390032985
hcs,0,4,59.76306811997921
hcs,0,4,60.156736423062476
hcs,0,4,66.3813731649704
hcs,0,4,59.98893855335072
hcs,0,4,59.07663705608337
hcs,0,4,63.48811693160303
hcs,0,4,60.54377011558299
hcs,0,4,54.44088137094698
hcs,0,4,53.285881918912025
hcs,0,4,58.68316588656756
hcs,0,4,57.45996669974812
hcs,0,4,58.21593088339089
hcs,0,4,59.230470941079574
hcs,0,4,58.009170391783236
hcs,0,4,59.10976712930227
hcs,0,4,56.85591473202594
hcs,0,4,61.6849340237947
hcs,0,4,57.83378742969296
hcs,0,4,59.85860898350216
hcs,0,4,60.872700895970425
hcs,0,4,58.960341753530464
hcs,0,4,58.108427124097595
hcs,0,4,64.09480330142358
hcs,0,4,59.4447671855218
hcs,0,4,58.56936780798284
hcs,0,4,62.9525639136397
hcs,0,4,60.12530402584395
hcs,0,4,51.79531089535268
hcs,0,4,59.605132238364234
hcs,0,4,60.67728853444915
hcs,0,4,60.68296093011355
hcs,0,4,61.10029053708875
hcs,0,4,66.32207361136363
hcs,0,4,60.75602991223796
hcs,0,4,59.94166362229153
hcs,0,4,65.64939290851122
hcs,0,4,60.65778731299538
hcs,0,4,54.96872424598958
hcs,0,4,57.65722243440267
hcs,0,4,62.22757007502263
hcs,0,4,57.83890858261458
hcs,0,4,53.16090892625197
hcs,0,4,53.60633423975892
hcs,0,5,33.35803123726196
hcs,0,5,35.76498605208537
hcs,0,5,36.17567743628514
hcs,0,5,35.775276333265296
hcs,0,5,36.131976008352055
hcs,0,5,37.41138110180927
hcs,0,5,43.9364819881324
hcs,0,5,44.64017057447524
hcs,0,5,43.303082924004
hcs,0,5,44.65230012328513
hcs,0,5,46.05265706320991
hcs,0,5,43.63908984254272
hcs,0,5,41.75982262201937
hcs,0,5,44.579913261704874
hcs,0,5,46.31061762204853
hcs,0,5,42.78541585916584
hcs,0,5,46.701764577268406
hcs,0,5,46.4865636797532
hcs,0,5,45.328367660191645
hcs,0,5,45.351902160443814
hcs,0,5,44.35293734030429
hcs,0,5,38.7827874025933
hcs,0,5,38.01994397773348
hcs,0,5,38.51949448001575
hcs,0,5,39.1082888420549
hcs,0,5,41.06858459896442
hcs,0,5,40.26444578257093
hcs,0,5,39.14015968506771
hcs,0,5,41.25366783397477
hcs,0,5,42.61186131735473
hcs,0,5,39.586598017035264
hcs,0,5,42.148123049890266
hcs,0,5,40.904006260393196
hcs,0,5,40.95552552522593
hcs,0,5,40.902880561607475
hcs,0,5,39.283992048078595
hcs,0,5,39.00778000210249
hcs,0,5,42.79879261354443
hcs,0,5,44.08301636318849
hcs,0,5,46.55707055356089
hcs,0,5,41.45393232678825
hcs,0,5,45.059123379920116
hcs,0,5,45.0258206842442
hcs,0,5,43.9836721106835
hcs,0,5,46.23224086279855
hcs,0,5,43.0617484954184
hcs,0,5,43.11262222489692
hcs,0,5,43.65407200102741
hcs,0,5,47.783956279805096
hcs,0,5,42.81328255499511
hcs,0,5,45.080356382533566
hcs,0,5,44.6293882654356
hcs,0,5,45.93844175088126
hcs,0,5,45.26798818409429
hcs,0,5,44.495789834092356
hcs,0,5,40.537314037877756
hcs,0,5,49.50560696441297
hcs,0,5,50.40542657788119
hcs,0,5,50.45388497681462
hcs,0,5,48.99310004884253
hcs,0,5,51.39109923241877
hcs,0,5,53.13204004137769
hcs,0,5,57.75652886942198
hcs,0,5,56.96038276054932
hcs,0,5,57.40626258236951
hcs,0,5,54.90077608591142
hcs,0,5,55.528010189778406
hcs,0,5,55.263112436711445
hcs,0,5,50.41075903223391
hcs,0,5,58.608777260420474
hcs,0,5,54.79504533427324
hcs,0,5,59.2806333930605
hcs,0,5,64.22004496147296
hcs,0,5,62.302870918292776
hcs,0,5,63.758473992212906
hcs,0,5,63.783963208406355
hcs,0,5,60.54152484516947
hcs,0,5,62.889318544182835
hcs,0,5,57.87696220654301
hcs,0,5,64.24725017409088
hcs,0,5,62.40808578080625
hcs,0,5,60.52748980066814
hcs,0,5,59.70101624364352
hcs,0,5,59.189961079409514
hcs,0,5,57.65420345137111
hcs,0,5,63.36823638348604
hcs,0,5,60.52816493819635
hcs,0,5,57.26826132597086
hcs,0,5,61.10402666914446
hcs,0,5,58.784297837461494
hcs,0,5,52.57516750482548
hcs,0,5,54.19265202539086
hcs,0,5,58.51664410709729
hcs,0,5,56.58105584808817
hcs,0,5,57.227623874184275
hcs,0,5,58.36008585707116
hcs,0,5,56.79774139918796
hcs,0,5,57.85221228971057
hcs,0,5,55.03357367674951
hcs,0,5,59.66379312561223
hcs,0,5,54.78632618646525
hcs,0,5,58.438713058670025
hcs,0,5,58.19937099261908
hcs,0,5,57.80399060891121
hcs,0,5,57.3489611726101
hcs,0,5,62.351922075751474
hcs,0,5,59.09399157299708
hcs,0,5,56.57159333564147
hcs,0,5,59.69496106597168
hcs,0,5,55.58025652959405
hcs,0,5,51.34256095672711
hcs,0,5,58.86580690292696
hcs,0,5,57.942312269707664
hcs,0,5,59.08105227510283
hcs,0,5,59.394242171994115
hcs,0,5,65.203277395066
hcs,0,5,57.26963092468226
hcs,0,5,57.2309990033799
hcs,0,5,64.43228365900889
hcs,0,5,57.23898622606869
hcs,0,5,54.474831501895615
hcs,0,5,53.98276329753979
hcs,0,5,61.00984349179613
hcs,0,5,56.689653771751026
hcs,0,5,53.07997134939736
hcs,0,5,52.31680946194719
hcs,0,5,39.766112036279786
hcs,0,5,39.095776799680806
hcs,0,5,38.14339682270148
hcs,0,5,40.941106460272195
hcs,0,5,42.3891725679911
hcs,0,5,43.884889725849604
hcs,0,5,43.36895070073474
hcs,0,5,43.749428992878435
hcs,0,5,45.725639740864125
hcs,0,5,43.88261584819476
hcs,0,5,43.81724692118239
hcs,0,5,45.35402671067549
hcs,0,5,45.19303637910281
hcs,0,5,45.23939547757981
hcs,0,5,44.75219876985885
hcs,0,5,44.224390608202256
hcs,0,5,53.61023887509919
hcs,0,5,53.96194194306697
hcs,0,5,52.75158770799596
hcs,0,5,51.01143171403613
hcs,0,5,51.72232764595338
hcs,0,5,50.34920278360919
hcs,0,5,51.262083935460325
hcs,0,5,52.8578372238205
hcs,0,5,52.80918476846639
hcs,0,5,49.58627030620956
hcs,0,5,51.193077349549
hcs,0,5,50.30152350374324
hcs,0,5,52.09563339739696
hcs,0,5,53.14801747796199
hcs,0,5,53.03769022079193
hcs,0,5,50.312318739022146
hcs,0,5,52.69920090057446
hcs,0,5,50.884483970118154
hcs,0,5,46.26932892349679
hcs,0,5,39.42882039330493
hcs,0,5,46.17707446158226
hcs,0,5,47.62901830626128
hcs,0,5,47.39232496309611
hcs,0,5,45.50103799915201
hcs,0,5,47.22537577029542
hcs,0,5,46.707213984123264
hcs,0,5,48.77651543267754
hcs,0,5,47.55775264640309
hcs,0,5,46.877834156241505
hcs,0,5,47.79658734682836
hcs,0,5,48.59855594199943
hcs,0,5,48.93898031773591
hcs,0,5,49.95475497442497
hcs,0,5,49.93178278306081
hcs,0,5,49.84983371011839
hcs,0,5,48.714256895598254
hcs,0,5,49.02348320748855
hcs,0,5,47.60764100470744
hcs,0,5,42.185490923633836
hcs,0,5,42.901304031544576
hcs,0,5,47.41896771608518
hcs,0,5,43.37792223274929
hcs,0,5,53.705392518666216
hcs,0,5,51.1975050962534
hcs,0,5,50.28907293621872
hcs,0,5,49.62399571853476
hcs,0,5,50.26803864158976
hcs,0,5,48.38234760952981
hcs,0,5,45.49183926540138
hcs,0,5,49.61569857671856
hcs,0,5,51.36005723890585
hcs,0,5,51.04720981236006
hcs,0,5,45.36483311625915
hcs,0,5,46.73230693595798
hcs,0,5,44.899507833488144
hcs,0,5,48.303233997685815
hcs,0,5,49.28349244686496
hcs,0,5,50.355967917403746
hcs,0,5,50.926114310657866
hcs,0,5,51.474723294789705
hcs,0,5,52.13428200460909
hcs,0,5,49.518256969412775
hcs,0,5,53.91502394991038
hcs,0,5,51.045906479202586
hcs,0,5,55.084130937935406
hcs,0,5,56.62017024160183
hcs,0,5,55.51556054220892
hcs,0,5,54.37428338880588
hcs,0,5,60.11496427895453
hcs,0,5,55.413080091115994
hcs,0,5,54.669349777645124
hcs,0,5,59.371163140071396
hcs,0,5,57.15780196961621
hcs,0,5,49.067042684724605
hcs,0,5,57.51925437151575
hcs,0,5,60.865108696633655
hcs,0,5,59.453192320031036
hcs,0,5,59.10384564416784
hcs,0,5,65.21071084331808
hcs,0,5,63.01619104376047
hcs,0,5,58.923492357400164
hcs,0,5,63.80286018640143
hcs,0,5,62.306987163573204
hcs,0,5,54.317177899327305
hcs,0,5,55.731265265283746
hcs,0,5,60.772611031661384
hcs,0,5,58.889494448733856
hcs,0,5,52.20000744263979
hcs,0,5,53.0213624743933
hcs,0,5,51.195088344822224
hcs,0,5,53.76384064933117
hcs,0,5,52.125538677538685
hcs,0,5,55.51756619018715
hcs,0,5,61.04813000640147
hcs,0,5,54.74163203689775
hcs,0,5,56.845211548732955
hcs,0,5,60.695688942245255
hcs,0,5,58.12719222107891
hcs,0,5,51.388199948468994
hcs,0,5,55.97124841977947
hcs,0,5,59.23153124390389
hcs,0,5,56.20925649371939
hcs,0,5,50.60348185389015
hcs,0,5,52.382183398851865
hcs,0,5,53.70644583128106
hcs,0,5,59.52216521963414
hcs,0,5,56.98998645283078
hcs,0,5,52.458907495387905
hcs,0,5,52.34016441683613
hcs,0,5,52.53630757838109
hcs,0,6,32.59457459926286
hcs,0,6,31.59784103801838
hcs,0,6,29.0897745747343
hcs,0,6,33.13506613484415
hcs,0,6,34.81580662822367
hcs,0,6,34.32789399881853
hcs,0,6,33.33598616824097
hcs,0,6,34.231184957960096
hcs,0,6,36.47273418886196
hcs,0,6,34.398541706074035
hcs,0,6,35.764202477268334
hcs,0,6,35.789753397578345
hcs,0,6,35.15811515073141
hcs,0,6,35.89634759473208
hcs,0,6,35.984538912803856
hcs,0,6,37.2923694591566
hcs,0,6,40.583545110408764
hcs,0,6,43.7322183702028
hcs,0,6,44.90804556607531
hcs,0,6,40.6631015539452
hcs,0,6,44.95881246167379
hcs,0,6,45.25846680510962
hcs,0,6,42.315504072698154
hcs,0,6,44.153307488860094
hcs,0,6,43.13334390224266
hcs,0,6,39.29529575208374
hcs,0,6,42.867871164784724
hcs,0,6,43.74647238708657
hcs,0,6,41.114541726089314
hcs,0,6,42.096171430128756
hcs,0,6,43.92504850517878
hcs,0,6,43.77702090411102
hcs,0,6,43.33722800699553
hcs,0,6,44.123035493999936
hcs,0,6,40.32714604310329
hcs,0,6,30.767938193223028
hcs,0,6,36.10852476503979
hcs,0,6,37.831720945111925
hcs,0,6,39.58012806958216
hcs,0,6,34.88387626428826
hcs,0,6,38.5781665824819
hcs,0,6,39.24792028762733
hcs,0,6,37.92684117423423
hcs,0,6,39.57499400372159
hcs,0,6,38.076239971862286
hcs,0,6,36.74343417514084
hcs,0,6,39.040695485570915
hcs,0,6,40.51940284779808
hcs,0,6,39.483422195120944
hcs,0,6,39.07261786548402
hcs,0,6,40.363555122464234
hcs,0,6,40.43450449049043
hcs,0,6,39.23663315759518
hcs,0,6,39.49402075879069
hcs,0,6,36.37579163263268
hcs,0,6,36.59745979562473
hcs,0,6,37.56895321923835
hcs,0,6,39.060825638175395
hcs,0,6,41.20342385086714
hcs,0,6,44.03472225066886
hcs,0,6,42.87207088474499
hcs,0,6,42.17041362620802
hcs,0,6,41.75124667288952
hcs,0,6,40.19976247280575
hcs,0,6,37.510875923007525
hcs,0,6,40.14271204764377
hcs,0,6,42.3625518663096
hcs,0,6,42.711384823676184
hcs,0,6,36.46209798564598
hcs,0,6,40.06606439760231
hcs,0,6,43.25656021495285
hcs,0,6,48.43801449589358
hcs,0,6,48.11505889297761
hcs,0,6,49.563757204792495
hcs,0,6,49.48002312676192
hcs,0,6,48.21751735215195
hcs,0,6,50.52985685103495
hcs,0,6,47.14436706096182
hcs,0,6,52.422513768636534
hcs,0,6,49.547714951344076
hcs,0,6,51.04159692410104
hcs,0,6,54.22709766053634
hcs,0,6,53.30776321689553
hcs,0,6,50.52112261704787
hcs,0,6,59.07939186712785
hcs,0,6,53.563589078013464
hcs,0,6,51.124676225789564
hcs,0,6,54.08737002235101
hcs,0,6,52.36189466304738
hcs,0,6,48.09885274857405
hcs,0,6,59.28170511796932
hcs,0,6,57.29031778644198
hcs,0,6,59.38015743766658
hcs,0,6,57.49768779167962
hcs,0,6,64.13114805666095
hcs,0,6,61.89786207181272
hcs,0,6,57.43824000572526
hcs,0,6,63.195400170578985
hcs,0,6,59.03340423593655
hcs,0,6,52.98648063654483
hcs,0,6,52.86929717128106
hcs,0,6,59.99539668405571
hcs,0,6,55.922102529481734
hcs,0,6,52.0332312532785
hcs,0,6,51.18114807700288
hcs,0,6,52.680794516073306
hcs,0,6,54.4286965298358
hcs,0,6,53.52561500225648
hcs,0,6,55.621119411267095
hcs,0,6,59.99316971385694
hcs,0,6,53.89346996994474
hcs,0,6,54.77576629196322
hcs,0,6,59.65981777637007
hcs,0,6,54.33831964536308
hcs,0,6,50.707989751171645
hcs,0,6,54.053661898233706
hcs,0,6,57.574633593791724
hcs,0,6,54.81091671878945
hcs,0,6,51.7742404233117
hcs,0,6,51.795856140137786
hcs,0,6,50.52467854054622
hcs,0,6,57.18573769344815
hcs,0,6,55.131601504697436
hcs,0,6,53.08805593879335
hcs,0,6,50.804275503771464
hcs,0,6,44.54686834785847
hcs,0,6,32.90416481764224
hcs,0,6,37.16154470667698
hcs,0,6,39.134061136605425
hcs,0,6,40.43549336197051
hcs,0,6,36.99231802664807
hcs,0,6,38.34737371504735
hcs,0,6,39.7471063405203
hcs,0,6,39.917743314662985
hcs,0,6,39.20101441361221
hcs,0,6,40.253810856530045
hcs,0,6,42.52252283120511
hcs,0,6,41.81973803190795
hcs,0,6,44.026848644364755
hcs,0,6,43.991213986548274
hcs,0,6,43.36635878788202
hcs,0,6,42.949055330788966
hcs,0,6,44.41683885381149
hcs,0,6,43.9032309624576
hcs,0,6,42.13423428439205
hcs,0,6,39.86514238550379
hcs,0,6,43.93947800846835
hcs,0,6,47.60459175215645
hcs,0,6,44.593072263809304
hcs,0,6,52.76483994069084
hcs,0,6,54.03150263340767
hcs,0,6,51.015768894447675
hcs,0,6,50.10149943052775
hcs,0,6,50.16631328284985
hcs,0,6,49.85653613165081
hcs,0,6,44.734600002297306
hcs,0,6,47.69936649818941
hcs,0,6,49.852596508160204
hcs,0,6,49.87729356174158
hcs,0,6,44.96948444730233
hcs,0,6,46.14506171153189
hcs,0,6,38.37519340198979
hcs,0,6,40.74789185905339
hcs,0,6,40.09044835924786
hcs,0,6,47.716798627453656
hcs,0,6,44.70764844114301
hcs,0,6,46.07271222118316
hcs,0,6,45.978230376009506
hcs,0,6,44.652504858573764
hcs,0,6,45.59055401772535
hcs,0,6,40.31905892712829
hcs,0,6,46.729061721120054
hcs,0,6,48.173705108814865
hcs,0,6,47.02458793000727
hcs,0,6,40.77496513441014
hcs,0,6,42.318816139008405
hcs,0,6,44.74681607560374
hcs,0,6,41.39386705189398
hcs,0,6,42.43863531190107
hcs,0,6,41.7615448366366
hcs,0,6,42.00986986793554
hcs,0,6,43.357564101420934
hcs,0,6,42.61196711133458
hcs,0,6,43.125276974430555
hcs,0,6,44.50560051224878
hcs,0,6,47.200591004129876
hcs,0,6,49.56006968538571
hcs,0,6,47.99212078344038
hcs,0,6,49.14195495458476
hcs,0,6,52.57515006833947
hcs,0,6,50.56279296794568
hcs,0,6,45.36981331055814
hcs,0,6,51.510714850835505
hcs,0,6,55.48412904716572
hcs,0,6,54.23206610307212
hcs,0,6,47.42540669305676
hcs,0,6,50.21985192729477
hcs,0,6,52.03187801341221
hcs,0,6,57.91866515109654
hcs,0,6,57.96715283387205
hcs,0,6,52.014571757471906
hcs,0,6,53.10897336355103
hcs,0,6,50.424510463334
hcs,0,6,51.048916595744544
hcs,0,6,54.060748746066245
hcs,0,6,52.195703483260225
hcs,0,6,47.953044286163916
hcs,0,6,51.623830241729095
hcs,0,6,50.46285271931211
hcs,0,6,49.83529065951114
dcs,0,0,67.3559915093666
dcs,0,1,63.97807073662636
dcs,0,1,62.34217656264239
dcs,0,1,67.10382675169926
dcs,0,1,66.40068577324611
dcs,0,1,67.04253551090784
dcs,0,1,67.08983673594354
dcs,0,1,66.58725327053412
dcs,0,1,67.45815278726394
dcs,0,1,65.07778691119687
dcs,0,1,67.26327730615334
dcs,0,2,49.72374689236621
dcs,0,2,63.85059886705148
dcs,0,2,64.11393378221038
dcs,0,2,65.0801335284053
dcs,0,2,63.83260902637097
dcs,0,2,64.84931046505038
dcs,0,2,64.40224923204573
dcs,0,2,61.842745645939544
dcs,0,2,65.30852231333867
dcs,0,2,60.80176752598015
dcs,0,2,61.14797580741039
dcs,0,2,57.87177172197088
dcs,0,2,61.23906715897524
dcs,0,2,61.75509305461053
dcs,0,2,61.06487813804813
dcs,0,2,60.39802299989404
dcs,0,2,62.47800465028461
dcs,0,2,58.82693066607079
dcs,0,2,66.17993017578155
dcs,0,2,66.70267773136092
dcs,0,2,65.2298208690054
dcs,0,2,66.2162369092421
dcs,0,2,64.37243694028247
dcs,0,2,66.5370101440376
dcs,0,2,62.02587000786936
dcs,0,2,66.20689518117693
dcs,0,2,65.48262794315623
dcs,0,2,65.62948727261627
dcs,0,2,63.385474316790635
dcs,0,2,66.00670014275417
dcs,0,2,67.1168582189867
dcs,0,2,66.65064111081013
dcs,0,2,67.16087305132245
dcs,0,2,64.6121622155431
dcs,0,2,67.07435672036762
dcs,0,2,65.24323340173393
dcs,0,2,67.46454504464336
dcs,0,2,65.5965877250302
dcs,0,2,67.82851866437703
dcs,0,2,66.45785105205947
dcs,0,2,64.97342218875457
dcs,0,2,67.78303623871325
dcs,0,2,62.8040281607454
dcs,0,2,67.06632856265688
dcs,0,2,63.25159120122464
dcs,0,3,47.85709515825852
dcs,0,3,47.384052394906725
dcs,0,3,47.9119832759991
dcs,0,3,48.66385148758885
dcs,0,3,47.472501447333926
dcs,0,3,48.99047187492618
dcs,0,3,49.4693379567466
dcs,0,3,48.22668088878121
dcs,0,3,57.805872224302554
dcs,0,3,65.1608188562307
dcs,0,3,63.928575484671654
dcs,0,3,63.976366927788916
dcs,0,3,64.45830220557282
dcs,0,3,62.095593760067146
dcs,0,3,64.9061883308946
dcs,0,3,58.364656601920395
dcs,0,3,63.825745648913426
dcs,0,3,63.69876744850439
dcs,0,3,63.560678792858596
dcs,0,3,61.388793196641664
dcs,0,3,65.1001979228443
dcs,0,3,64.63294516225761
dcs,0,3,64.73820431979435
dcs,0,3,64.31047179743989
dcs,0,3,59.9403486152568
dcs,0,3,64.11992006199493
dcs,0,3,61.88109211176334
dcs,0,3,64.00261619063097
dcs,0,3,62.18668399030612
dcs,0,3,64.29181421005478
dcs,0,3,63.543717644692165
dcs,0,3,60.91922149767854
dcs,0,3,64.50026179032045
dcs,0,3,60.14363048792114
dcs,0,3,64.18920521414748
dcs,0,3,60.57449835309468
dcs,0,3,52.239186855815
dcs,0,3,57.94351414587514
dcs,0,3,59.61354129306675
dcs,0,3,59.5988029985678
dcs,0,3,60.051292569013015
dcs,0,3,58.90180746734723
dcs,0,3,59.7903246547001
dcs,0,3,54.3046794588081
dcs,0,3,60.740384345075825
dcs,0,3,60.34875814837921
dcs,0,3,59.187734549260696
dcs,0,3,58.48238560675188
dcs,0,3,59.92483093067879
dcs,0,3,55.94368238668815
dcs,0,3,57.61975097027441
dcs,0,3,56.409600160062865
dcs,0,3,55.95689804788957
dcs,0,3,58.69128755584144
dcs,0,3,61.1577700385398
dcs,0,3,60.62565063660017
dcs,0,3,60.65296945113949
dcs,0,3,61.79440730930483
dcs,0,3,62.14352988631268
dcs,0,3,59.67114699427828
dcs,0,3,62.10616024621576
dcs,0,3,57.759855120709524
dcs,0,3,63.25578406122118
dcs,0,3,57.06744829021272
dcs,0,3,53.18610196158101
dcs,0,3,59.29018689139374
dcs,0,3,57.71225155581755
dcs,0,3,58.1343797380244
dcs,0,3,57.63675167086366
dcs,0,3,60.204136342947834
dcs,0,3,66.4697733606191
dcs,0,3,65.61023012243244
dcs,0,3,65.68321623768551
dcs,0,3,64.70399498939663
dcs,0,3,66.5458990485767
dcs,0,3,64.37216046580237
dcs,0,3,66.15169800618713
dcs,0,3,64.81513938263427
dcs,0,3,66.63259748970003
dcs,0,3,64.22944646071824
dcs,0,3,64.07661048059519
dcs,0,3,65.7769597817947
dcs,0,3,62.419203135181824
dcs,0,3,66.37902115973141
dcs,0,3,62.2750937379034
dcs,0,3,60.42942742980804
dcs,0,3,61.47044427424907
dcs,0,3,61.50647937836358
dcs,0,3,58.80505586449609
dcs,0,3,64.04078190100077
dcs,0,3,62.128741568584836
dcs,0,3,65.73821711363979
dcs,0,3,63.590275042653666
dcs,0,3,66.81145314002353
dcs,0,3,63.54096015788472
dcs,0,3,61.41039935826439
dcs,0,3,65.79711926122927
dcs,0,3,61.96337038239641
dcs,0,3,65.3710827276127
dcs,0,3,60.98561562943482
dcs,0,3,61.80807036771465
dcs,0,3,66.30484380809126
dcs,0,3,64.25016759175183
dcs,0,3,66.20201969384082
dcs,0,3,66.18389055531455
dcs,0,3,64.7620709996856
dcs,0,3,65.92959353189904
dcs,0,3,61.95986479551364
dcs,0,3,66.32235458368851
dcs,0,3,62.9708731375457
dcs,0,3,64.80032916262272
dcs,0,3,65.28988927346295
dcs,0,3,66.78009312197001
dcs,0,3,65.51818572996389
dcs,0,3,69.36188463992094
dcs,0,3,64.65250372503995
dcs,0,3,62.86513796808754
dcs,0,3,66.31830606298087
dcs,0,3,62.82083022419263
dcs,0,3,55.57861545431834
dcs,0,4,38.997984437037054
dcs,0,4,47.71450612153486
dcs,0,4,47.137199010508155
dcs,0,4,46.79572969858767
dcs,0,4,45.505458860505136
dcs,0,4,47.22614188856788
dcs,0,4,48.048844207579315
dcs,0,4,45.57838345873056
dcs,0,4,46.71922490188034
dcs,0,4,45.58861511027478
dcs,0,4,44.81939010138012
dcs,0,4,46.07875051993376
dcs,0,4,47.902770694385275
dcs,0,4,48.28665885293584
dcs,0,4,47.98598908895123
dcs,0,4,44.81551365835049
dcs,0,4,46.042964431599124
dcs,0,4,46.51058271987613
dcs,0,4,45.51798833205304
dcs,0,4,47.125010856712024
dcs,0,4,50.60680900533118
dcs,0,4,48.30191436527143
dcs,0,4,46.887225223025226
dcs,0,4,47.618798560267855
dcs,0,4,47.01338061666089
dcs,0,4,46.540656458561664
dcs,0,4,49.1220959184952
dcs,0,4,46.44511037353703
dcs,0,4,49.62892180427877
dcs,0,4,58.72839905113253
dcs,0,4,55.66117146229791
dcs,0,4,58.106376778136216
dcs,0,4,56.24776398624516
dcs,0,4,60.37751475483296
dcs,0,4,64.22249363857058
dcs,0,4,64.884304456439
dcs,0,4,64.56525870314151
dcs,0,4,60.623761183680195
dcs,0,4,64.41545622027421
dcs,0,4,60.66588165903397
dcs,0,4,63.143633908673515
dcs,0,4,62.31493890596618
dcs,0,4,64.46295446285454
dcs,0,4,61.79436370213146
dcs,0,4,60.77771990665993
dcs,0,4,63.778044769632544
dcs,0,4,60.14052955458713
dcs,0,4,63.636622977126386
dcs,0,4,60.511490408038796
dcs,0,4,58.89560535815568
dcs,0,4,58.40030202537698
dcs,0,4,60.514891528647865
dcs,0,4,56.977942863545415
dcs,0,4,60.877275293321134
dcs,0,4,61.801384206022746
dcs,0,4,62.4857456317642
dcs,0,4,61.96500575266898
dcs,0,4,64.7475977759653
dcs,0,4,62.37741825725711
dcs,0,4,58.13184795856344
dcs,0,4,63.31825976574088
dcs,0,4,58.290348910087545
dcs,0,4,64.71185904186996
dcs,0,4,58.6273158502127
dcs,0,4,62.855923505822645
dcs,0,4,63.44561623363843
dcs,0,4,63.788657509321276
dcs,0,4,64.0757851740074
dcs,0,4,63.17297681064452
dcs,0,4,60.49691554984681
dcs,0,4,64.6068206846224
dcs,0,4,57.89383308309809
dcs,0,4,64.35268681241483
dcs,0,4,57.30467574070032
dcs,0,4,60.76818221235354
dcs,0,4,61.04694599246818
dcs,0,4,62.36705447422762
dcs,0,4,60.03139769630225
dcs,0,4,62.80145111977691
dcs,0,4,60.852948328932165
dcs,0,4,57.89695299706855
dcs,0,4,62.877967081955774
dcs,0,4,58.74907773602924
dcs,0,4,51.9384150022232
dcs,0,4,46.613637675997204
dcs,0,4,51.60184761143296
dcs,0,4,51.777951686865784
dcs,0,4,49.49406109998903
dcs,0,4,50.347001290680474
dcs,0,4,54.811333974943835
dcs,0,4,56.80286201962931
dcs,0,4,57.401276926362335
dcs,0,4,55.99244891748844
dcs,0,4,56.53243254688256
dcs,0,4,57.414679608953534
dcs,0,4,59.13765272110514
dcs,0,4,59.77805927684997
dcs,0,4,59.364945771926614
dcs,0,4,60.406051346502665
dcs,0,4,60.67899132677079
dcs,0,4,57.36196803767031
dcs,0,4,60.87221119319835
dcs,0,4,55.255743682450465
dcs,0,4,60.52438798095228
dcs,0,4,56.123340583234736
dcs,0,4,54.857020960125006
dcs,0,4,52.77516722828314
dcs,0,4,53.557332316585615
dcs,0,4,51.1100122167847
dcs,0,4,54.447296101038624
dcs,0,4,59.38520180263159
dcs,0,4,59.92984059245606
dcs,0,4,58.622836077550865
dcs,0,4,60.029097120534445
dcs,0,4,59.43878618716565
dcs,0,4,57.19438471289686
dcs,0,4,61.75644433259594
dcs,0,4,56.11125847824536
dcs,0,4,60.35973841790607
dcs,0,4,57.124647310756735
dcs,0,4,54.9139285147558
dcs,0,4,54.16986270096535
dcs,0,4,56.29756161674136
dcs,0,4,56.94526616134726
dcs,0,4,54.118902014347135
dcs,0,4,55.18228232861701
dcs,0,4,57.60504529918128
dcs,0,4,53.154372368904454
dcs,0,4,58.0520144535768
dcs,0,4,51.968805657364946
dcs,0,4,58.3894214595143
dcs,0,4,59.31780778573198
dcs,0,4,59.48432906518728
dcs,0,4,59.45896784233769
dcs,0,4,62.15534621373201
dcs,0,4,56.72501333034867
dcs,0,4,56.29736936861094
dcs,0,4,61.57200897804797
dcs,0,4,56.54305799224135
dcs,0,4,48.684747717438285
dcs,0,4,52.24075932864361
dcs,0,4,52.514734897277414
dcs,0,4,54.114888641252044
dcs,0,4,54.226228119593024
dcs,0,4,56.03973140417492
dcs,0,4,56.163832955955584
dcs,0,4,58.3339691855831
dcs,0,4,58.05510263994738
dcs,0,4,59.41565595416078
dcs,0,4,56.32300621634795
dcs,0,4,57.376260650638066
dcs,0,4,58.99389169884455
dcs,0,4,57.66778316803819
dcs,0,4,59.89122617832088
dcs,0,4,58.72444873860676
dcs,0,4,61.700478823131114
dcs,0,4,66.02795618476561
dcs,0,4,65.93269189731626
dcs,0,4,66.91072461485432
dcs,0,4,64.86483041323349
dcs,0,4,64.68282006979493
dcs,0,4,65.92260225605607
dcs,0,4,61.83697159033251
dcs,0,4,66.51229351399468
dcs,0,4,62.00508711156657
dcs,0,4,62.037437161105245
dcs,0,4,62.256516968952226
dcs,0,4,65.01278226461926
dcs,0,4,62.936445350345885
dcs,0,4,66.10205831084589
dcs,0,4,63.04349247431021
dcs,0,4,60.36789566051439
dcs,0,4,65.24369028384818
dcs,0,4,61.60191800550475
dcs,0,4,54.77664921322381
dcs,0,4,53.640280232387205
dcs,0,4,60.75865867141328
dcs,0,4,58.234496513638355
dcs,0,4,63.259113316420525
dcs,0,4,61.18429662534343
dcs,0,4,60.089007132823546
dcs,0,4,64.13543563492506
dcs,0,4,59.49113258732791
dcs,0,4,64.12375612968833
dcs,0,4,61.03176260995603
dcs,0,4,59.348772239129524
dcs,0,4,61.34109480797838
dcs,0,4,61.89598590048363
dcs,0,4,62.80359132096017
dcs,0,4,66.48989847099486
dcs,0,4,62.153613898929336
dcs,0,4,59.65311264257742
dcs,0,4,64.8876617629252
dcs,0,4,60.08346521457383
dcs,0,4,52.061706753404266
dcs,0,4,59.719409853217876
dcs,0,4,61.272271540845566
dcs,0,4,61.00358690809299
dcs,0,4,62.04683039270026
dcs,0,4,67.51782669183173
dcs,0,4,62.94378658295724
dcs,0,4,59.97381240464609
dcs,0,4,64.19315294177093
dcs,0,4,62.09707902863575
dcs,0,4,54.0574860238825
dcs,0,4,62.05798905907967
dcs,0,4,63.75830063614891
dcs,0,4,63.81919782195092
dcs,0,4,54.98407795042868
dcs,0,4,52.11272919551585
dcs,0,5,35.795884511355986
dcs,0,5,39.8763359922843
dcs,0,5,37.7110881553116
dcs,0,5,35.382396164003644
dcs,0,5,36.10681854096677
dcs,0,5,39.55500469689775
dcs,0,5,45.76396278412395
dcs,0,5,47.38452264672347
dcs,0,5,42.6735462692751
dcs,0,5,45.32810346891344
dcs,0,5,46.579190375190734
dcs,0,5,42.9776943071442
dcs,0,5,47.058455504795766
dcs,0,5,48.68859945950585
dcs,0,5,46.96803888012932
dcs,0,5,46.25656691216174
dcs,0,5,49.78906123419289
dcs,0,5,47.55901179035942
dcs,0,5,45.98100277649609
dcs,0,5,46.197853453754604
dcs,0,5,46.1277344001538
dcs,0,5,43.98559759691704
dcs,0,5,43.10428776123473
dcs,0,5,42.65809526664064
dcs,0,5,41.789206224660475
dcs,0,5,45.312243468757586
dcs,0,5,43.46773671621607
dcs,0,5,45.04055637370755
dcs,0,5,45.70675632911082
dcs,0,5,47.51194179370994
dcs,0,5,43.5847433629411
dcs,0,5,45.51143798033529
dcs,0,5,46.5660763588074
dcs,0,5,43.83402307082917
dcs,0,5,45.44601642612339
dcs,0,5,43.20347947680446
dcs,0,5,43.64704032308323
dcs,0,5,43.79129942292103
dcs,0,5,47.2378856786013
dcs,0,5,48.0384588495889
dcs,0,5,42.82190741372621
dcs,0,5,44.95002682032619
dcs,0,5,44.79161961664547
dcs,0,5,41.48352720480011
dcs,0,5,43.504515503788795
dcs,0,5,41.29314816374189
dcs,0,5,43.359313493061016
dcs,0,5,45.01590483968334
dcs,0,5,43.51985977096108
dcs,0,5,46.73628688338687
dcs,0,5,48.67399035813287
dcs,0,5,45.64047378683082
dcs,0,5,46.10136658645131
dcs,0,5,46.89429668840633
dcs,0,5,45.50282033023317
dcs,0,5,38.724493411535924
dcs,0,5,48.597714038318536
dcs,0,5,49.067759124052216
dcs,0,5,50.265514273432444
dcs,0,5,48.810893867834096
dcs,0,5,51.60321393471562
dcs,0,5,53.89223792764768
dcs,0,5,59.24044062181573
dcs,0,5,57.312695289735046
dcs,0,5,60.065047898464286
dcs,0,5,54.03336030807048
dcs,0,5,53.80973423153965
dcs,0,5,55.91188255321987
dcs,0,5,55.65615836240705
dcs,0,5,60.14200604929446
dcs,0,5,56.840667509725485
dcs,0,5,63.28987501345209
dcs,0,5,62.95829778595849
dcs,0,5,63.84557142141086
dcs,0,5,64.63400085679015
dcs,0,5,63.73555742180028
dcs,0,5,62.42707113554676
dcs,0,5,64.45827701296255
dcs,0,5,59.40235055363352
dcs,0,5,65.17536048434914
dcs,0,5,58.07830968036377
dcs,0,5,59.89636318097358
dcs,0,5,59.427895843018895
dcs,0,5,61.421044822370206
dcs,0,5,60.59590225241145
dcs,0,5,63.84947684444142
dcs,0,5,60.6698227851696
dcs,0,5,56.248872731024534
dcs,0,5,61.70729883055013
dcs,0,5,58.619444694590584
dcs,0,5,51.256049550972996
dcs,0,5,56.00218748941668
dcs,0,5,59.105449071308755
dcs,0,5,57.24249959479128
dcs,0,5,60.808729156541794
dcs,0,5,59.29442703073084
dcs,0,5,56.205068864623485
dcs,0,5,59.840892111082354
dcs,0,5,52.695358747110255
dcs,0,5,60.39738666439614
dcs,0,5,54.3850208836133
dcs,0,5,58.37814627468081
dcs,0,5,57.4585596858335
dcs,0,5,61.76454390508736
dcs,0,5,59.831876281527144
dcs,0,5,64.31664206338351
dcs,0,5,60.26023767872706
dcs,0,5,55.598859597058414
dcs,0,5,61.127601487904705
dcs,0,5,58.205007783243445
dcs,0,5,50.85551488253154
dcs,0,5,60.73859257290005
dcs,0,5,61.736651244159525
dcs,0,5,62.33634145589296
dcs,0,5,59.31897556651589
dcs,0,5,64.7235918093695
dcs,0,5,59.605377393312985
dcs,0,5,55.42767785495424
dcs,0,5,60.81436864192453
dcs,0,5,57.814991284254155
dcs,0,5,50.717888364292776
dcs,0,5,57.99734119975805
dcs,0,5,60.97561626309776
dcs,0,5,59.58969675301755
dcs,0,5,50.811851819736134
dcs,0,5,51.0419493270011
dcs,0,5,43.77964132601047
dcs,0,5,44.569312858501284
dcs,0,5,44.91784040736781
dcs,0,5,44.03784116703926
dcs,0,5,48.405740927395804
dcs,0,5,50.63519924907528
dcs,0,5,49.12753485747306
dcs,0,5,49.77030570507735
dcs,0,5,53.46129254847835
dcs,0,5,48.7162504044755
dcs,0,5,49.78844877046736
dcs,0,5,53.8837337528071
dcs,0,5,46.85269561635596
dcs,0,5,51.75829799174673
dcs,0,5,51.014676040796346
dcs,0,5,54.85138067622356
dcs,0,5,53.50729506835275
dcs,0,5,55.55303835163624
dcs,0,5,56.081162108246495
dcs,0,5,55.952096737811665
dcs,0,5,56.710194832665685
dcs,0,5,58.6259889927309
dcs,0,5,53.99371868690732
dcs,0,5,56.38471524258134
dcs,0,5,52.343444151118355
dcs,0,5,57.195584972396006
dcs,0,5,58.94390478815333
dcs,0,5,59.27132328344024
dcs,0,5,58.040726009926615
dcs,0,5,58.93800608094107
dcs,0,5,54.32086785089895
dcs,0,5,57.407486354762796
dcs,0,5,59.81390352638646
dcs,0,5,55.98600599160214
dcs,0,5,48.858708985435605
dcs,0,5,48.50611670255251
dcs,0,5,54.061185750083126
dcs,0,5,53.731557683097996
dcs,0,5,54.94003823327649
dcs,0,5,52.89964698364991
dcs,0,5,51.40656077908032
dcs,0,5,53.755652601036765
dcs,0,5,49.14225081637119
dcs,0,5,53.494785827951695
dcs,0,5,50.4350002416146
dcs,0,5,57.09081238647451
dcs,0,5,57.08680885395129
dcs,0,5,59.025253319855075
dcs,0,5,58.70330091042303
dcs,0,5,61.33682557336025
dcs,0,5,56.994836960976514
dcs,0,5,55.34858373365271
dcs,0,5,59.24106962320636
dcs,0,5,56.6992780403999
dcs,0,5,47.780721992180275
dcs,0,5,48.54999579558819
dcs,0,5,53.143952907036315
dcs,0,5,55.69468109778879
dcs,0,5,52.82366914585851
dcs,0,5,55.613029897153865
dcs,0,5,50.68334023326876
dcs,0,5,50.60198138584754
dcs,0,5,55.07897502256586
dcs,0,5,52.17964119714962
dcs,0,5,45.677255882752526
dcs,0,5,56.94081721309762
dcs,0,5,57.646938344306186
dcs,0,5,55.28793283715142
dcs,0,5,46.58197830968038
dcs,0,5,46.30547107776884
dcs,0,5,44.672501143021265
dcs,0,5,51.80072494584008
dcs,0,5,51.862902294107194
dcs,0,5,52.094225794214786
dcs,0,5,51.803884250741525
dcs,0,5,53.11755894976383
dcs,0,5,54.80730337491805
dcs,0,5,52.249612912827914
dcs,0,5,55.04648481807983
dcs,0,5,52.60794743323831
dcs,0,5,53.75598446917669
dcs,0,5,56.35808497214189
dcs,0,5,56.920136069490866
dcs,0,5,56.777045192139354
dcs,0,5,58.1911446694882
dcs,0,5,57.69254023469047
dcs,0,5,54.23863615772776
dcs,0,5,57.33168954574683
dcs,0,5,56.87941867384866
dcs,0,5,49.13470147768722
dcs,0,5,59.84119534735137
dcs,0,5,61.35073680328811
dcs,0,5,62.40804859648327
dcs,0,5,61.79044806584957
dcs,0,5,67.55617453747192
dcs,0,5,63.303814298729286
dcs,0,5,59.190823431510466
dcs,0,5,64.82364522595313
dcs,0,5,62.033603160290205
dcs,0,5,54.53646009150731
dcs,0,5,59.94434657593568
dcs,0,5,61.693394935386024
dcs,0,5,62.76527877024024
dcs,0,5,53.678086351465424
dcs,0,5,51.609259049344935
dcs,0,5,51.639522022170006
dcs,0,5,54.7834888475758
dcs,0,5,55.33607219635272
dcs,0,5,57.275030598782614
dcs,0,5,63.05365724318638
dcs,0,5,60.3184229029208
dcs,0,5,57.02580019833202
dcs,0,5,62.794710594595784
dcs,0,5,59.8362231188792
dcs,0,5,51.465321624274
dcs,0,5,59.00066462992901
dcs,0,5,59.72894035113938
dcs,0,5,60.64806259207306
dcs,0,5,49.27492297915334
dcs,0,5,49.65737838973593
dcs,0,5,54.829034270330524
dcs,0,5,60.15785395390355
dcs,0,5,61.68001299523625
dcs,0,5,52.897346689070936
dcs,0,5,51.79098216505241
dcs,0,5,50.946314591793616
dcs,0,6,31.8332384949656
dcs,0,6,32.172614256886156
dcs,0,6,31.422236221299098
dcs,0,6,32.67342215298293
dcs,0,6,35.14047428206551
dcs,0,6,37.70429108663413
dcs,0,6,36.52019835234421
dcs,0,6,36.66125317198839
dcs,0,6,41.31220854198337
dcs,0,6,35.11494797955161
dcs,0,6,36.19303671144177
dcs,0,6,37.927061476240034
dcs,0,6,32.523814641219076
dcs,0,6,35.97404048446719
dcs,0,6,34.53323798787793
dcs,0,6,42.42234775561558
dcs,0,6,40.54148274222747
dcs,0,6,44.22335336579939
dcs,0,6,44.55539541393908
dcs,0,6,41.836724675234244
dcs,0,6,46.01361247864723
dcs,0,6,45.965524748043876
dcs,0,6,39.81719522145975
dcs,0,6,42.550297368228506
dcs,0,6,39.96597210444049
dcs,0,6,44.56840354576525
dcs,0,6,45.107098931706986
dcs,0,6,44.45926424758279
dcs,0,6,45.10684860324412
dcs,0,6,46.75093578405044
dcs,0,6,44.94788003800867
dcs,0,6,45.53822123047679
dcs,0,6,45.310471435349946
dcs,0,6,46.009703190355104
dcs,0,6,34.97539754897358
dcs,0,6,38.075452849528894
dcs,0,6,40.014488331888664
dcs,0,6,39.504145902913365
dcs,0,6,43.387805335869196
dcs,0,6,42.02029141398766
dcs,0,6,40.362876642761606
dcs,0,6,43.75385900991778
dcs,0,6,39.80878743426896
dcs,0,6,42.82080810606603
dcs,0,6,38.428766519082686
dcs,0,6,40.242438554857145
dcs,0,6,42.36451876395301
dcs,0,6,43.51777168839128
dcs,0,6,43.5956444279077
dcs,0,6,46.544921686602756
dcs,0,6,41.754586906566814
dcs,0,6,43.37351859147042
dcs,0,6,44.020701221453
dcs,0,6,43.503435212991356
dcs,0,6,36.52302014318821
dcs,0,6,37.508572997841036
dcs,0,6,44.2053302048492
dcs,0,6,42.147113887013475
dcs,0,6,39.643292824610775
dcs,0,6,43.30515652770819
dcs,0,6,38.04809056643518
dcs,0,6,38.96747757227929
dcs,0,6,41.805032954385915
dcs,0,6,40.128007513324704
dcs,0,6,36.672249013266
dcs,0,6,39.732835271197445
dcs,0,6,40.281758816936836
dcs,0,6,42.02021009772307
dcs,0,6,34.25564751106368
dcs,0,6,36.0603492124074
dcs,0,6,45.070200122475974
dcs,0,6,49.714871255100505
dcs,0,6,48.69015738023444
dcs,0,6,50.083408487909395
dcs,0,6,50.066961287457545
dcs,0,6,48.5567951945805
dcs,0,6,52.04680451714789
dcs,0,6,48.769360093080344
dcs,0,6,52.89875280122508
dcs,0,6,48.83993687941329
dcs,0,6,50.38490473203212
dcs,0,6,52.66289437037198
dcs,0,6,54.95943504792243
dcs,0,6,57.0162586837437
dcs,0,6,59.46352580093721
dcs,0,6,57.015964947393414
dcs,0,6,53.02769122828924
dcs,0,6,53.31924148781534
dcs,0,6,53.799639907788375
dcs,0,6,49.05355660754836
dcs,0,6,60.9669199676351
dcs,0,6,60.34801991498363
dcs,0,6,62.60174723684345
dcs,0,6,59.2095277298028
dcs,0,6,64.16769991205913
dcs,0,6,60.385151750709795
dcs,0,6,55.47160826751697
dcs,0,6,62.359671459322776
dcs,0,6,57.36103381921702
dcs,0,6,51.25195687303808
dcs,0,6,56.760487598638576
dcs,0,6,59.74154102190163
dcs,0,6,57.527326589693196
dcs,0,6,51.62921383627839
dcs,0,6,50.511035723526376
dcs,0,6,54.742141387426045
dcs,0,6,55.645049061039785
dcs,0,6,55.61718198547625
dcs,0,6,56.603875299625514
dcs,0,6,62.121038218140924
dcs,0,6,56.257542664892114
dcs,0,6,51.93493521525804
dcs,0,6,59.57178649192373
dcs,0,6,53.030375534301434
dcs,0,6,50.002492112672414
dcs,0,6,53.436449958804644
dcs,0,6,56.918859543871505
dcs,0,6,57.56729697572042
dcs,0,6,49.91731678357446
dcs,0,6,49.340993760050004
dcs,0,6,54.123866565546706
dcs,0,6,60.76332760041125
dcs,0,6,59.25826272357209
dcs,0,6,50.935195242324994
dcs,0,6,48.52751595865804
dcs,0,6,45.024338215687905
dcs,0,6,34.86469120961493
dcs,0,6,41.986602459937785
dcs,0,6,42.933651750653326
dcs,0,6,44.183742402572676
dcs,0,6,43.8837600435734
dcs,0,6,42.95556762352551
dcs,0,6,46.600482339386915
dcs,0,6,42.19614527013394
dcs,0,6,46.30914401623063
dcs,0,6,43.96727615922227
dcs,0,6,46.86425068071
dcs,0,6,49.903166944444536
dcs,0,6,52.28261982847442
dcs,0,6,46.00105442450957
dcs,0,6,50.884087702426584
dcs,0,6,50.26627223478667
dcs,0,6,45.48048870585415
dcs,0,6,51.4150323783974
dcs,0,6,50.582847568072694
dcs,0,6,42.79657978974949
dcs,0,6,48.07443059081666
dcs,0,6,53.38412213844248
dcs,0,6,54.48226213478973
dcs,0,6,51.817615965133804
dcs,0,6,56.328377128868986
dcs,0,6,53.177163429523624
dcs,0,6,52.54120013953426
dcs,0,6,55.25892845699919
dcs,0,6,54.28690600762529
dcs,0,6,46.96444165508735
dcs,0,6,55.50989647431287
dcs,0,6,56.26261490243019
dcs,0,6,54.995797854159875
dcs,0,6,46.529874205207655
dcs,0,6,46.42918897809591
dcs,0,6,45.92085748590918
dcs,0,6,49.075418409038164
dcs,0,6,48.29554315859132
dcs,0,6,50.4514513022414
dcs,0,6,55.52101295771538
dcs,0,6,50.839208925941335
dcs,0,6,48.332498511931554
dcs,0,6,52.74768308813027
dcs,0,6,50.244178142032894
dcs,0,6,44.213272069190005
dcs,0,6,56.2981726996754
dcs,0,6,57.47338314167336
dcs,0,6,56.343234758064916
dcs,0,6,45.60901209587883
dcs,0,6,46.63106796914348
dcs,0,6,45.657470030971965
dcs,0,6,48.86468047022185
dcs,0,6,50.62714870744575
dcs,0,6,44.85850017056373
dcs,0,6,43.09541245836096
dcs,0,6,45.5276317266485
dcs,0,6,42.087005642156704
dcs,0,6,45.51483447119223
dcs,0,6,44.79110144036751
dcs,0,6,49.27073747703924
dcs,0,6,52.127651342891554
dcs,0,6,51.1070873279335
dcs,0,6,49.316469572940555
dcs,0,6,53.36854659843835
dcs,0,6,51.91778721263034
dcs,0,6,43.589148919602685
dcs,0,6,50.85472045788389
dcs,0,6,54.33245792790821
dcs,0,6,55.80788960391464
dcs,0,6,48.7363530892713
dcs,0,6,49.55691295180657
dcs,0,6,55.814345760260885
dcs,0,6,59.00187593653009
dcs,0,6,60.82432513747056
dcs,0,6,52.23781714326526
dcs,0,6,50.76355900513087
dcs,0,6,50.759997433667145
dcs,0,6,48.94894640732018
dcs,0,6,53.07714466908774
dcs,0,6,56.669752875701576
dcs,0,6,49.029406048254515
dcs,0,6,49.088952503627276
dcs,0,6,49.31763419921309
dcs,0,6,48.16814273801827
drop,1,0,68.2720852262039
drop,1,1,64.93256665244611
drop,1,1,61.946744033455225
drop,1,1,67.30966875014353
drop,1,1,64.1348033800597
drop,1,1,68.90940459800485
drop,1,1,66.55238951263061
drop,1,1,66.43492448340467
drop,1,1,67.49925834665473
drop,1,1,68.83591657066155
drop,1,1,67.44236818367091
drop,1,2,51.30863169524946
drop,1,2,63.40913984154969
drop,1,2,62.33819434064585
drop,1,2,62.81940479866422
drop,1,2,64.3672293671449
drop,1,2,64.14873184569801
drop,1,2,62.1904701311084
drop,1,2,65.09185375392732
drop,1,2,65.31357475920446
drop,1,2,62.51790729423063
drop,1,2,58.4794540434305
drop,1,2,61.98913035119789
drop,1,2,62.06398418627707
drop,1,2,59.47118020033161
drop,1,2,60.29056600930386
drop,1,2,63.94223417402479
drop,1,2,60.51666975135045
drop,1,2,59.541764940524686
drop,1,2,66.16263931004191
drop,1,2,66.14467779971443
drop,1,2,65.10039697525151
drop,1,2,66.6664413080056
drop,1,2,67.94698660347397
drop,1,2,68.2681467198598
drop,1,2,61.62839779821411
drop,1,2,62.38967611373643
drop,1,2,62.50607851227059
drop,1,2,62.9256666071754
drop,1,2,64.93807687047722
drop,1,2,64.45914916941221
drop,1,2,67.23438794439704
drop,1,2,67.84940599773883
drop,1,2,68.67929121037903
drop,1,2,70.36464762179625
drop,1,2,67.86286564070855
drop,1,2,61.68610224896628
drop,1,2,64.6014004236245
drop,1,2,66.90584215218983
drop,1,2,65.34634705945149
drop,1,2,63.607114425250664
drop,1,2,65.97359750954624
drop,1,2,63.91351376219963
drop,1,2,65.91875021877043
drop,1,2,67.44633108564459
drop,1,2,66.73181084587922
drop,1,3,48.12500360648709
drop,1,3,48.39457430873015
drop,1,3,46.677554352500856
drop,1,3,50.655383560374744
drop,1,3,49.901466568083535
drop,1,3,47.828481442912434
drop,1,3,50.24328825405242
drop,1,3,51.73539811497888
drop,1,3,54.50803189870077
drop,1,3,59.24335726022335
drop,1,3,62.3624587377924
drop,1,3,63.10744023443197
drop,1,3,61.164915955309375
drop,1,3,63.39822588709782
drop,1,3,63.768484746864964
drop,1,3,56.494743327799235
drop,1,3,61.76117362840969
drop,1,3,61.1508873353165
drop,1,3,60.29712866985317
drop,1,3,62.12888338235978
drop,1,3,62.5051981998648
drop,1,3,60.739830794159076
drop,1,3,61.956537849213674
drop,1,3,62.57944732985645
drop,1,3,61.49835867926553
drop,1,3,62.7152656048651
drop,1,3,61.553086587232784
drop,1,3,61.574679160647015
drop,1,3,64.0556259009504
drop,1,3,65.25368712345887
drop,1,3,60.18701683054527
drop,1,3,63.58605408690469
drop,1,3,63.717062899387535
drop,1,3,61.624960169146334
drop,1,3,62.465105661449115
drop,1,3,62.46101109613639
drop,1,3,52.88665630351911
drop,1,3,59.13888666999725
drop,1,3,60.25156078250993
drop,1,3,61.03650864904091
drop,1,3,56.370509488906215
drop,1,3,59.84335399143822
drop,1,3,59.50233972918845
drop,1,3,54.076480454508136
drop,1,3,56.96941385981602
drop,1,3,57.10150788444373
drop,1,3,55.63062570987874
drop,1,3,60.88723077375722
drop,1,3,58.06020995650933
drop,1,3,59.16982966070885
drop,1,3,60.9166130469593
drop,1,3,62.398879152951935
drop,1,3,61.18912107870956
drop,1,3,60.4660267540021
drop,1,3,58.215784211059166
drop,1,3,59.86396504908089
drop,1,3,63.68808821526043
drop,1,3,60.813322667713784
drop,1,3,58.98335197372639
drop,1,3,61.41944228551076
drop,1,3,56.75554199333385
drop,1,3,61.32551758910214
drop,1,3,59.80376618951426
drop,1,3,61.36720603838417
drop,1,3,46.067128038326814
drop,1,3,58.02152432290438
drop,1,3,58.080924477182435
drop,1,3,56.959263587474084
drop,1,3,61.66101034522604
drop,1,3,59.802564107053236
drop,1,3,64.45240845958539
drop,1,3,65.22023863085987
drop,1,3,64.72198070886867
drop,1,3,66.6030375306044
drop,1,3,66.02139780761695
drop,1,3,61.72620389137796
drop,1,3,63.40750764226618
drop,1,3,67.06524820238336
drop,1,3,65.09755785216078
drop,1,3,63.00057323275258
drop,1,3,65.13480040545097
drop,1,3,63.10883536211362
drop,1,3,63.41188195565074
drop,1,3,66.13421101387907
drop,1,3,65.55020061293605
drop,1,3,60.11982443587244
drop,1,3,59.269097088322
drop,1,3,60.770374167020016
drop,1,3,63.73234504846344
drop,1,3,60.92143585278187
drop,1,3,58.5207172451985
drop,1,3,61.122555216237565
drop,1,3,63.246680751476816
drop,1,3,62.959233082956246
drop,1,3,59.29347282558275
drop,1,3,63.60379185145052
drop,1,3,62.44251009991788
drop,1,3,61.317016800635194
drop,1,3,64.26446648065973
drop,1,3,63.75519350274641
drop,1,3,61.82800336516826
drop,1,3,65.49156548652627
drop,1,3,66.32952989321113
drop,1,3,66.54556140983378
drop,1,3,65.10933076195694
drop,1,3,67.92291971504027
drop,1,3,66.21736237171977
drop,1,3,65.6511667721451
drop,1,3,68.57139773181233
drop,1,3,65.33625508495756
drop,1,3,59.387019826230436
drop,1,3,61.33111609595975
drop,1,3,59.65610838216653
drop,1,3,62.849312489291286
drop,1,3,62.50183006034781
drop,1,3,63.58325845837207
drop,1,3,61.36751900612095
drop,1,3,65.73810393127053
drop,1,3,63.50221653458448
drop,1,3,53.985330871874794
drop,1,4,37.90416202726846
drop,1,4,44.220393201661764
drop,1,4,46.44745072712104
drop,1,4,47.574076566769364
drop,1,4,46.56404133440422
drop,1,4,47.374095544147224
drop,1,4,48.73081902107307
drop,1,4,39.838855364822685
drop,1,4,48.42931962609039
drop,1,4,48.10034928449735
drop,1,4,45.40458571130122
drop,1,4,49.49593760626006
drop,1,4,50.25806471511609
drop,1,4,45.27419139565038
drop,1,4,45.541491178885444
drop,1,4,42.830691684493196
drop,1,4,45.87279197167729
drop,1,4,46.78394917667234
drop,1,4,47.13194003630056
drop,1,4,47.56608518451012
drop,1,4,47.840419687179704
drop,1,4,49.61666295179464
drop,1,4,45.162483751850786
drop,1,4,47.171067728383726
drop,1,4,49.5306053104751
drop,1,4,44.20501300922977
drop,1,4,47.70087783356065
drop,1,4,46.52053719839698
drop,1,4,35.3146281021294
drop,1,4,52.05142734327898
drop,1,4,52.34223860446755
drop,1,4,48.8378983840336
drop,1,4,54.44865909650933
drop,1,4,54.62432021797956
drop,1,4,57.59572890310665
drop,1,4,58.36472112547765
drop,1,4,57.881968643104976
drop,1,4,57.23881657402884
drop,1,4,58.459826463081576
drop,1,4,58.05594915912179
drop,1,4,60.17536448178532
drop,1,4,61.927909253847346
drop,1,4,62.861739630844205
drop,1,4,59.910066754151956
drop,1,4,61.42169479673301
drop,1,4,61.83222552753561
drop,1,4,58.363720811558494
drop,1,4,59.973546884255036
drop,1,4,59.06796518898331
drop,1,4,53.40838694278326
drop,1,4,56.76145956921223
drop,1,4,54.63839954627018
drop,1,4,55.31890365289719
drop,1,4,57.11194196602795
drop,1,4,58.01405715689264
drop,1,4,58.03471867458185
drop,1,4,61.2900806389463
drop,1,4,61.70371336834709
drop,1,4,58.490173220987685
drop,1,4,60.644378000134026
drop,1,4,61.73140809623045
drop,1,4,59.420737158375246
drop,1,4,60.290567451328705
drop,1,4,60.51318172195652
drop,1,4,57.93090138587107
drop,1,4,57.694452276547246
drop,1,4,59.6683783226759
drop,1,4,59.935086034283394
drop,1,4,58.33508163743917
drop,1,4,59.9992698991081
drop,1,4,60.491688795081785
drop,1,4,59.50942023802541
drop,1,4,61.70063655579828
drop,1,4,58.42274934200762
drop,1,4,56.964542027938045
drop,1,4,60.01962379881651
drop,1,4,59.782410368127984
drop,1,4,56.890753216158515
drop,1,4,60.1524140966758
drop,1,4,60.650819342099716
drop,1,4,55.91418693183747
drop,1,4,59.87244870457305
drop,1,4,60.24237615309912
drop,1,4,46.36560940413746
drop,1,4,34.808616251345285
drop,1,4,51.80443725363546
drop,1,4,50.52453001329812
drop,1,4,46.32063072662703
drop,1,4,52.50845375971195
drop,1,4,51.68855397764458
drop,1,4,57.231702002459826
drop,1,4,56.39685375170666
drop,1,4,56.67603186302681
drop,1,4,61.26190384779024
drop,1,4,58.092417963042195
drop,1,4,56.911124150330686
drop,1,4,55.44638316021793
drop,1,4,59.348931451991895
drop,1,4,59.86786590181467
drop,1,4,55.86182962466096
drop,1,4,57.74257129283495
drop,1,4,56.60043185392419
drop,1,4,55.23065478389728
drop,1,4,58.36621650129089
drop,1,4,55.30651441282658
drop,1,4,48.945778666519246
drop,1,4,50.20346943905227
drop,1,4,49.918760839132794
drop,1,4,55.72499801870521
drop,1,4,53.205397909755966
drop,1,4,55.00424118081858
drop,1,4,54.225306570313656
drop,1,4,59.6222839520776
drop,1,4,57.54395521248772
drop,1,4,53.64045568528042
drop,1,4,57.60275131785447
drop,1,4,55.42603350791479
drop,1,4,55.90596077934422
drop,1,4,57.87241710972516
drop,1,4,58.197688821901735
drop,1,4,55.72007119278315
drop,1,4,57.00308341257095
drop,1,4,58.76736395092268
drop,1,4,58.074943772567
drop,1,4,56.63725583981575
drop,1,4,58.675252255894236
drop,1,4,56.14344523071095
drop,1,4,59.19543154256145
drop,1,4,58.20011958372985
drop,1,4,58.05940570301416
drop,1,4,53.847669409599305
drop,1,4,58.56952707536763
drop,1,4,54.066291183388884
drop,1,4,56.79936284615963
drop,1,4,56.12914504923471
drop,1,4,58.227292503012976
drop,1,4,55.93678578590319
drop,1,4,56.70106272006824
drop,1,4,56.45733057017901
drop,1,4,45.72669983097198
drop,1,4,38.769883339649084
drop,1,4,38.27443627817562
drop,1,4,43.809737055282234
drop,1,4,46.01180951097708
drop,1,4,46.353671339611765
drop,1,4,55.25774257489149
drop,1,4,55.77726504587922
drop,1,4,59.38171642663651
drop,1,4,58.18451587435137
drop,1,4,52.384151551760425
drop,1,4,56.74132157152674
drop,1,4,57.533587326309465
drop,1,4,53.08263263157442
drop,1,4,57.90608798876207
drop,1,4,57.06198074331853
drop,1,4,59.79513743011662
drop,1,4,61.26303343248587
drop,1,4,65.01503869121291
drop,1,4,65.77859747460519
drop,1,4,62.15745150188782
drop,1,4,64.73713301796505
drop,1,4,62.75408582006475
drop,1,4,62.765210571314014
drop,1,4,65.7547014470556
drop,1,4,61.72909885104598
drop,1,4,56.88087987350012
drop,1,4,61.07984363955114
drop,1,4,59.25379942748913
drop,1,4,62.11354611682914
drop,1,4,60.11360933558376
drop,1,4,61.5417479317941
drop,1,4,58.11973486421997
drop,1,4,62.245689321221356
drop,1,4,60.454873264399176
drop,1,4,51.06134569930821
drop,1,4,49.33426254070829
drop,1,4,57.837053845979234
drop,1,4,61.638059242860535
drop,1,4,58.77087224832931
drop,1,4,57.935716578094784
drop,1,4,61.93946978623735
drop,1,4,58.35412255813497
drop,1,4,60.3251590313694
drop,1,4,60.521388933779996
drop,1,4,60.19522883818057
drop,1,4,55.94436656243342
drop,1,4,57.524532915061855
drop,1,4,57.205674379628924
drop,1,4,59.11283386666602
drop,1,4,59.21960178566869
drop,1,4,61.599777639301934
drop,1,4,58.69734019589035
drop,1,4,59.62235314573675
drop,1,4,61.045585660251355
drop,1,4,52.45969561833789
drop,1,4,56.95307551014859
drop,1,4,60.2181487496192
drop,1,4,59.48828666932584
drop,1,4,62.01485472947488
drop,1,4,62.971627144631384
drop,1,4,62.45366571611925
drop,1,4,61.919223186450424
drop,1,4,67.45292201617616
drop,1,4,58.94494757575506
drop,1,4,51.810501471980764
drop,1,4,48.441999883745986
drop,1,4,56.64450821380753
drop,1,4,57.84047135327369
drop,1,4,43.66551623556097
drop,1,4,51.49628861343029
drop,1,5,16.535821780632048
drop,1,5,36.84649192245028
drop,1,5,36.9123902948643
drop,1,5,34.4249072398581
drop,1,5,35.82492680497808
drop,1,5,38.42387108745067
drop,1,5,41.43961712123814
drop,1,5,39.60167050975814
drop,1,5,43.47576194178488
drop,1,5,44.267543273516615
drop,1,5,43.02441860929798
drop,1,5,41.163630385504696
drop,1,5,42.474378826658246
drop,1,5,43.2954386879507
drop,1,5,48.61255517762537
drop,1,5,42.388603128887006
drop,1,5,46.062570625227906
drop,1,5,45.73151423071825
drop,1,5,41.29664541208667
drop,1,5,46.19186577929731
drop,1,5,44.142055539703655
drop,1,5,36.83597145795036
drop,1,5,36.31496432153985
drop,1,5,36.96535471776003
drop,1,5,41.35475772635597
drop,1,5,39.172242617285946
drop,1,5,45.376894699535534
drop,1,5,44.261765459977795
drop,1,5,46.60735752237345
drop,1,5,49.126189215956664
drop,1,5,43.10666723833965
drop,1,5,46.28214964942018
drop,1,5,49.13080502225728
drop,1,5,41.81930815345447
drop,1,5,45.37716718288307
drop,1,5,43.81489337219103
drop,1,5,41.28348496075707
drop,1,5,39.24715644878724
drop,1,5,43.90501887982003
drop,1,5,44.70416182833544
drop,1,5,40.131489502646204
drop,1,5,46.35827557532642
drop,1,5,44.258612497061485
drop,1,5,41.89702574484242
drop,1,5,41.711273774802386
drop,1,5,43.68527658806525
drop,1,5,40.26759136162536
drop,1,5,44.42671130362866
drop,1,5,46.659081007332205
drop,1,5,36.80296297059223
drop,1,5,41.14765272376735
drop,1,5,41.03783029768787
drop,1,5,38.957945699665366
drop,1,5,43.23315498181012
drop,1,5,45.28908060688843
drop,1,5,26.2146096656926
drop,1,5,30.224471690728073
drop,1,5,26.898132805328366
drop,1,5,30.603248131704653
drop,1,5,33.6522175334324
drop,1,5,35.8772953228219
drop,1,5,50.13957912048671
drop,1,5,46.64780424131971
drop,1,5,50.10081528441209
drop,1,5,51.984891824806645
drop,1,5,46.20722336145807
drop,1,5,51.02392797674171
drop,1,5,53.03687216582495
drop,1,5,46.961370795794444
drop,1,5,52.92517607949653
drop,1,5,47.453914186357174
drop,1,5,52.823453904943165
drop,1,5,55.5719270340221
drop,1,5,56.56521269757137
drop,1,5,56.793883122625225
drop,1,5,55.171467283648376
drop,1,5,55.984208256919885
drop,1,5,55.82447537857729
drop,1,5,54.75813068667345
drop,1,5,57.800039234887755
drop,1,5,53.76512666562012
drop,1,5,53.46608204091496
drop,1,5,57.87420757549806
drop,1,5,55.304574854195344
drop,1,5,56.17914261611181
drop,1,5,58.164676499077316
drop,1,5,56.664081043176374
drop,1,5,54.530245428111165
drop,1,5,57.62652423992698
drop,1,5,55.38330395525536
drop,1,5,46.83019230547579
drop,1,5,51.39788501487475
drop,1,5,49.581710761047376
drop,1,5,53.06191002764309
drop,1,5,53.96418081419472
drop,1,5,52.25486826305531
drop,1,5,55.12282764624658
drop,1,5,55.915326930216935
drop,1,5,51.43658102272084
drop,1,5,55.13156428081808
drop,1,5,54.682729477887435
drop,1,5,54.16385783028578
drop,1,5,56.94830918529926
drop,1,5,57.94542600376956
drop,1,5,54.13127803297632
drop,1,5,56.441142059101125
drop,1,5,58.145704429025876
drop,1,5,53.04809451122877
drop,1,5,56.53531561807361
drop,1,5,57.76719634888363
drop,1,5,43.02921130089709
drop,1,5,51.80863855973864
drop,1,5,55.821781805615004
drop,1,5,53.13611595172314
drop,1,5,53.806806391364915
drop,1,5,54.823373333080205
drop,1,5,58.39528267156353
drop,1,5,54.771754190334576
drop,1,5,59.19837996356563
drop,1,5,53.167116541439505
drop,1,5,44.62176537570796
drop,1,5,43.951771820056976
drop,1,5,54.63504960417607
drop,1,5,56.277047572881564
drop,1,5,26.212187359585965
drop,1,5,37.936779561406716
drop,1,5,29.573475864544896
drop,1,5,29.918380705888957
drop,1,5,33.44639758940139
drop,1,5,34.08490031793493
drop,1,5,33.29212503836159
drop,1,5,46.626677091906984
drop,1,5,43.8872345811842
drop,1,5,52.739997303420836
drop,1,5,51.867052461361865
drop,1,5,42.22555869313158
drop,1,5,48.00499316905382
drop,1,5,49.272674824773034
drop,1,5,43.880507691361
drop,1,5,47.00907586090388
drop,1,5,43.85325399825704
drop,1,5,50.28401744255865
drop,1,5,54.04763735164978
drop,1,5,59.29312967676022
drop,1,5,56.71416562139553
drop,1,5,52.064424899658036
drop,1,5,56.13531580025736
drop,1,5,53.72357987491546
drop,1,5,54.60263538915313
drop,1,5,57.491516079082004
drop,1,5,56.018906576746765
drop,1,5,51.353794757559825
drop,1,5,55.66120320267346
drop,1,5,54.35290467457067
drop,1,5,54.87958080036848
drop,1,5,56.25245779424707
drop,1,5,55.76406401492376
drop,1,5,51.711248629226766
drop,1,5,53.827765956664976
drop,1,5,52.42585753083823
drop,1,5,44.35765272845413
drop,1,5,42.54000285418741
drop,1,5,45.08603890566494
drop,1,5,49.13564214306653
drop,1,5,48.01000313478575
drop,1,5,46.308684134815316
drop,1,5,49.86107566729145
drop,1,5,48.90208791953159
drop,1,5,52.97872215121367
drop,1,5,51.1437451332104
drop,1,5,50.237847076101914
drop,1,5,50.676343910125446
drop,1,5,55.336061858029005
drop,1,5,53.92419112132054
drop,1,5,53.999863064769904
drop,1,5,53.59161387173883
drop,1,5,58.51620020381857
drop,1,5,52.639040978059214
drop,1,5,54.68639642242411
drop,1,5,56.00217289058445
drop,1,5,46.27932129983285
drop,1,5,49.099965070267565
drop,1,5,53.24244160863022
drop,1,5,49.19752819677925
drop,1,5,53.66848802025853
drop,1,5,55.43572099944508
drop,1,5,57.693461622876896
drop,1,5,54.84654621604105
drop,1,5,58.45943332130686
drop,1,5,53.064163515613814
drop,1,5,42.62510394767418
drop,1,5,41.09200815951607
drop,1,5,49.77008031574206
drop,1,5,54.054107784119445
drop,1,5,36.11967409338517
drop,1,5,42.915676333154
drop,1,5,25.88970746026232
drop,1,5,36.503460924721
drop,1,5,38.857949240754614
drop,1,5,38.7902642021852
drop,1,5,35.068397034308894
drop,1,5,38.234672983127886
drop,1,5,40.02160817217034
drop,1,5,42.207005464986565
drop,1,5,43.6786603283946
drop,1,5,39.83543563759272
drop,1,5,49.678132196286406
drop,1,5,51.83589055554187
drop,1,5,54.3776804323709
drop,1,5,52.030740289880086
drop,1,5,52.39943240397088
drop,1,5,55.192344779178406
drop,1,5,47.83200981574719
drop,1,5,54.18347463053208
drop,1,5,52.62681869941341
drop,1,5,36.6859769676042
drop,1,5,55.090349171493216
drop,1,5,57.666998643172484
drop,1,5,58.6770484862731
drop,1,5,60.450499297629314
drop,1,5,59.783843332226624
drop,1,5,60.83298989227692
drop,1,5,58.407024372432495
drop,1,5,61.96357400460762
drop,1,5,56.72058795059112
drop,1,5,49.19463154656328
drop,1,5,47.09281169464035
drop,1,5,54.778093311383046
drop,1,5,56.08620710867569
drop,1,5,41.69809140140335
drop,1,5,45.648885783924584
drop,1,5,42.839456538911094
drop,1,5,49.33352575939961
drop,1,5,48.340114851844156
drop,1,5,55.11150664011938
drop,1,5,55.27236289754979
drop,1,5,55.91417356772587
drop,1,5,56.50757226928476
drop,1,5,58.1109393248505
drop,1,5,54.08974218924286
drop,1,5,47.99350820875011
drop,1,5,45.835800728330625
drop,1,5,54.76972407492588
drop,1,5,53.72851799209592
drop,1,5,42.10273455623981
drop,1,5,48.34312598749203
drop,1,5,46.24672560955936
drop,1,5,55.56216002630633
drop,1,5,54.42006157810974
drop,1,5,37.8730001809308
drop,1,5,45.6212142834998
drop,1,5,33.319059085585195
drop,1,6,14.76715120607639
drop,1,6,16.042200478336
drop,1,6,14.652491823340306
drop,1,6,15.20578058549905
drop,1,6,14.854333955504059
drop,1,6,31.80594380903511
drop,1,6,31.187549228134188
drop,1,6,33.61312569606749
drop,1,6,35.37778266907753
drop,1,6,32.57973186306258
drop,1,6,33.887731822977784
drop,1,6,36.20702702356773
drop,1,6,32.65666632033051
drop,1,6,37.64265955358358
drop,1,6,34.905261318696205
drop,1,6,31.573615612389567
drop,1,6,37.70398886309925
drop,1,6,42.238206049191554
drop,1,6,41.61276748251534
drop,1,6,37.8368947947681
drop,1,6,40.78094087182787
drop,1,6,40.01536945436713
drop,1,6,40.911331223707045
drop,1,6,42.692649947999826
drop,1,6,42.288374890431086
drop,1,6,33.38433058327857
drop,1,6,39.02428691498061
drop,1,6,40.33507105209456
drop,1,6,38.462294664969164
drop,1,6,39.30133328336824
drop,1,6,39.25294337281174
drop,1,6,37.15883798548444
drop,1,6,40.230028150077956
drop,1,6,40.85845964832316
drop,1,6,31.271740782376316
drop,1,6,28.882447342443385
drop,1,6,31.25524468830824
drop,1,6,35.48182520894111
drop,1,6,37.210739573574976
drop,1,6,31.76785541717105
drop,1,6,37.76633424389802
drop,1,6,36.860948271558506
drop,1,6,34.84232098150785
drop,1,6,36.00588368856969
drop,1,6,39.41139353740169
drop,1,6,39.579057162800964
drop,1,6,43.47670253716804
drop,1,6,44.28072884026887
drop,1,6,34.963994294736075
drop,1,6,40.55567757148359
drop,1,6,38.3743591841363
drop,1,6,35.24227591629567
drop,1,6,42.86440627418725
drop,1,6,42.84242057001021
drop,1,6,27.335567183946758
drop,1,6,32.8450136476503
drop,1,6,40.60265930826301
drop,1,6,38.15135134266556
drop,1,6,34.11459723783834
drop,1,6,34.27473990601287
drop,1,6,41.40189965863134
drop,1,6,38.605681159730544
drop,1,6,38.617410387500094
drop,1,6,43.630209141568294
drop,1,6,25.692529787282602
drop,1,6,26.966900139608175
drop,1,6,35.96857234250296
drop,1,6,38.662102223763085
drop,1,6,12.91954394482911
drop,1,6,20.39984258412702
drop,1,6,19.811588426912962
drop,1,6,27.023381291949317
drop,1,6,31.50879194506707
drop,1,6,30.427613088604964
drop,1,6,20.605329565127732
drop,1,6,23.88533706318922
drop,1,6,27.59789933489401
drop,1,6,30.178617170432005
drop,1,6,30.198811993892694
drop,1,6,29.151572640153695
drop,1,6,43.23785031795077
drop,1,6,45.33909173129003
drop,1,6,49.1974412869329
drop,1,6,45.19127675074872
drop,1,6,44.3203114973047
drop,1,6,41.52167959230281
drop,1,6,42.32482973322987
drop,1,6,48.045783012612056
drop,1,6,44.821465780749904
drop,1,6,30.15860789964909
drop,1,6,46.01366732671069
drop,1,6,51.69807041881405
drop,1,6,49.62761308974072
drop,1,6,51.838625268764524
drop,1,6,53.05487878629875
drop,1,6,52.170829056929016
drop,1,6,50.34751850466278
drop,1,6,53.10955064037015
drop,1,6,49.604075106403634
drop,1,6,40.63852807319483
drop,1,6,43.40413280378092
drop,1,6,48.83506246492166
drop,1,6,51.72819169047859
drop,1,6,27.72538577789613
drop,1,6,38.746516446930215
drop,1,6,43.67898331229128
drop,1,6,49.769897267600314
drop,1,6,51.013002421185206
drop,1,6,46.31361041646477
drop,1,6,48.94567570788199
drop,1,6,53.18277884657597
drop,1,6,47.334593585543125
drop,1,6,52.618168489701134
drop,1,6,50.04117387552595
drop,1,6,35.91863633419993
drop,1,6,42.20337721150597
drop,1,6,53.309399071644826
drop,1,6,55.377641784064814
drop,1,6,22.18598203176311
drop,1,6,37.57613313837111
drop,1,6,41.322836642048706
drop,1,6,45.639375269018
drop,1,6,49.16518117308071
drop,1,6,25.97165084553245
drop,1,6,34.05295453458686
drop,1,6,9.193057340216889
drop,1,6,21.795960745834023
drop,1,6,24.354675708819727
drop,1,6,29.78055790263623
drop,1,6,29.19678724874235
drop,1,6,27.914980537677238
drop,1,6,28.543696964973382
drop,1,6,27.972170362662474
drop,1,6,30.208663936449426
drop,1,6,30.49494107514056
drop,1,6,32.38913596538414
drop,1,6,40.55844798337193
drop,1,6,45.473796235377
drop,1,6,47.21133770511071
drop,1,6,43.09598333854436
drop,1,6,43.82058214919365
drop,1,6,43.80089889436698
drop,1,6,40.242727447949335
drop,1,6,40.34773593745774
drop,1,6,41.973396333400544
drop,1,6,30.826854441316343
drop,1,6,44.36707506677488
drop,1,6,50.87530504219211
drop,1,6,47.80680780558874
drop,1,6,54.60776841704651
drop,1,6,53.65058836468779
drop,1,6,54.13344692581874
drop,1,6,48.99804331999405
drop,1,6,49.00437569710361
drop,1,6,48.1931541938569
drop,1,6,40.39907314231551
drop,1,6,38.629934706966345
drop,1,6,47.84277834361535
drop,1,6,50.23639589583452
drop,1,6,33.890188577485546
drop,1,6,38.60377528686064
drop,1,6,35.937468457362
drop,1,6,41.265421932032815
drop,1,6,41.411455426440135
drop,1,6,48.81546483582726
drop,1,6,44.73612121789946
drop,1,6,47.472518431269414
drop,1,6,47.041748619255586
drop,1,6,48.50906819265614
drop,1,6,44.39615751728916
drop,1,6,42.0668555072149
drop,1,6,40.007140814382865
drop,1,6,48.04057622868746
drop,1,6,53.2351291641191
drop,1,6,38.09615532214344
drop,1,6,41.93301166792834
drop,1,6,35.025773850855
drop,1,6,43.26668936637463
drop,1,6,46.73289871035017
drop,1,6,32.55180009427806
drop,1,6,33.505917845892355
drop,1,6,23.409773704002017
drop,1,6,25.27872514246819
drop,1,6,26.87230594493891
drop,1,6,25.93119771254257
drop,1,6,36.22167050588484
drop,1,6,34.12173523748805
drop,1,6,32.02297271061165
drop,1,6,35.271158098158104
drop,1,6,35.241183993185224
drop,1,6,31.524182361748093
drop,1,6,27.25335456794893
drop,1,6,41.20392637691913
drop,1,6,47.04751839494567
drop,1,6,47.513344405115774
drop,1,6,28.486974774932094
drop,1,6,31.534867004677576
drop,1,6,44.17705810934321
drop,1,6,50.46704380363616
drop,1,6,49.17078291807175
drop,1,6,37.57249613304368
drop,1,6,41.362157734669
drop,1,6,28.779820319185934
drop,1,6,36.060623240968134
drop,1,6,42.915050015464914
drop,1,6,43.55717325549176
drop,1,6,32.10311221647529
drop,1,6,43.859744355132946
drop,1,6,31.82746810749768
drop,1,6,26.14416717275904
hcs,1,0,66.4074567252593
hcs,1,1,63.70075225230772
hcs,1,1,62.47399841189149
hcs,1,1,64.08165168516679
hcs,1,1,65.03556828180652
hcs,1,1,65.50258191738774
hcs,1,1,65.86682149650784
hcs,1,1,63.91778251196188
hcs,1,1,62.390423431271145
hcs,1,1,61.77756147936518
hcs,1,1,66.64827779860384
hcs,1,2,56.903695206867056
hcs,1,2,61.50174468879981
hcs,1,2,62.52932477687347
hcs,1,2,63.190118162401944
hcs,1,2,63.97994783376843
hcs,1,2,65.94203629967807
hcs,1,2,62.54180703439869
hcs,1,2,64.56499420318377
hcs,1,2,66.18549822375974
hcs,1,2,60.920885100499945
hcs,1,2,62.339089637932865
hcs,1,2,61.80890353696369
hcs,1,2,62.887887740219675
hcs,1,2,64.5465822184922
hcs,1,2,60.9011499279547
hcs,1,2,60.09745554395079
hcs,1,2,64.50236734665808
hcs,1,2,57.77030298939459
hcs,1,2,63.27919038175028
hcs,1,2,65.76287726235547
hcs,1,2,63.32594643987882
hcs,1,2,64.01627047565303
hcs,1,2,60.19651599800926
hcs,1,2,65.62381707909775
hcs,1,2,61.621827818688224
hcs,1,2,63.87803233601856
hcs,1,2,63.91564332301567
hcs,1,2,62.30874559530848
hcs,1,2,64.26139229523822
hcs,1,2,64.11972957896644
hcs,1,2,65.07007619543165
hcs,1,2,63.36134460559533
hcs,1,2,64.1498069670496
hcs,1,2,63.670843604760705
hcs,1,2,64.91744938879492
hcs,1,2,62.657680868138556
hcs,1,2,62.85094339502817
hcs,1,2,60.068726303329825
hcs,1,2,65.67402383118555
hcs,1,2,62.058763998805865
hcs,1,2,61.49642461437569
hcs,1,2,64.14604427855582
hcs,1,2,58.18599052210999
hcs,1,2,63.64444066928964
hcs,1,2,58.74088343185002
hcs,1,3,54.665685813766395
hcs,1,3,54.4232696992996
hcs,1,3,54.50444969876875
hcs,1,3,57.03805512031431
hcs,1,3,57.66157067596017
hcs,1,3,55.688929553149734
hcs,1,3,55.49024887358427
hcs,1,3,59.180914166112096
hcs,1,3,56.50740989912079
hcs,1,3,63.30015702932946
hcs,1,3,64.85283882050268
hcs,1,3,61.69462565524858
hcs,1,3,62.55169036385275
hcs,1,3,57.40387606577563
hcs,1,3,62.62824534932033
hcs,1,3,60.348217742638866
hcs,1,3,60.77340934156368
hcs,1,3,62.2581721630906
hcs,1,3,60.6008790285817
hcs,1,3,64.04680542346395
hcs,1,3,64.23777546094098
hcs,1,3,65.36465526455521
hcs,1,3,62.86658206794472
hcs,1,3,61.27267624189463
hcs,1,3,63.835035574191366
hcs,1,3,66.57324911342184
hcs,1,3,64.91457449594478
hcs,1,3,61.243900721552
hcs,1,3,64.40598850408115
hcs,1,3,66.29324887769562
hcs,1,3,61.20154819164243
hcs,1,3,60.24137278411248
hcs,1,3,66.12502052412516
hcs,1,3,58.6507242232211
hcs,1,3,62.51801768302837
hcs,1,3,59.686762404401215
hcs,1,3,54.319644629755935
hcs,1,3,60.226619141019256
hcs,1,3,61.583291281380895
hcs,1,3,60.531230822725334
hcs,1,3,60.12711900069415
hcs,1,3,56.39481830713875
hcs,1,3,66.26349306765013
hcs,1,3,56.89452805662768
hcs,1,3,61.69785823991947
hcs,1,3,60.699714753059176
hcs,1,3,59.452577415951204
hcs,1,3,60.50776887187125
hcs,1,3,63.27508074618593
hcs,1,3,60.44712625709374
hcs,1,3,59.69791653158754
hcs,1,3,59.98024120790173
hcs,1,3,63.45151339952368
hcs,1,3,62.83900457756878
hcs,1,3,59.915669407539916
hcs,1,3,60.459974982518304
hcs,1,3,57.05599107860409
hcs,1,3,64.8999721259449
hcs,1,3,59.86080890114282
hcs,1,3,59.707267082133
hcs,1,3,63.46905503480279
hcs,1,3,55.132899266266165
hcs,1,3,60.8151176893168
hcs,1,3,59.35903725460763
hcs,1,3,53.40727632259367
hcs,1,3,57.99776712441128
hcs,1,3,58.108173289611166
hcs,1,3,57.83950139641988
hcs,1,3,58.16155567464282
hcs,1,3,57.6090984886374
hcs,1,3,63.45570080341204
hcs,1,3,61.45018923724963
hcs,1,3,64.15925221850507
hcs,1,3,63.184347122837046
hcs,1,3,63.838525806809386
hcs,1,3,59.8205597804068
hcs,1,3,63.63791199275863
hcs,1,3,59.898091578302626
hcs,1,3,66.30229505758878
hcs,1,3,59.2323236357988
hcs,1,3,59.012662959727926
hcs,1,3,65.16103105676709
hcs,1,3,58.17875670991521
hcs,1,3,64.47952782918662
hcs,1,3,59.152197075021164
hcs,1,3,61.872831047133324
hcs,1,3,60.75031947973295
hcs,1,3,62.85796979454832
hcs,1,3,61.283237242613986
hcs,1,3,61.149182403248545
hcs,1,3,62.96251124727986
hcs,1,3,62.454664367565485
hcs,1,3,63.56091678380442
hcs,1,3,64.41273939023954
hcs,1,3,62.06717000027566
hcs,1,3,61.35221755491268
hcs,1,3,63.90930520975379
hcs,1,3,60.41077095570152
hcs,1,3,62.76054342404665
hcs,1,3,61.54215903486043
hcs,1,3,62.083291856224065
hcs,1,3,67.44668382696872
hcs,1,3,63.175509086690774
hcs,1,3,63.21493712050459
hcs,1,3,62.801017330155084
hcs,1,3,61.92103951342306
hcs,1,3,63.9830817564253
hcs,1,3,58.463252497852224
hcs,1,3,68.5430826652953
hcs,1,3,61.24739606993926
hcs,1,3,59.28424323472997
hcs,1,3,59.109591146207194
hcs,1,3,67.73565277084975
hcs,1,3,57.164689660257594
hcs,1,3,65.79797686416457
hcs,1,3,58.287955019058515
hcs,1,3,56.84312486684924
hcs,1,3,63.54269208596477
hcs,1,3,62.48434788925468
hcs,1,3,52.81730930497909
hcs,1,4,47.3941730617968
hcs,1,4,51.630734096876715
hcs,1,4,53.973780027326
hcs,1,4,51.269876792008404
hcs,1,4,51.35984973155793
hcs,1,4,50.73694521559858
hcs,1,4,55.21574115782908
hcs,1,4,51.64185456503524
hcs,1,4,53.37549138803013
hcs,1,4,52.324862951663576
hcs,1,4,52.43315291597034
hcs,1,4,53.13391482048906
hcs,1,4,57.19853915343591
hcs,1,4,54.01300749536312
hcs,1,4,51.67294983103633
hcs,1,4,53.056925699690616
hcs,1,4,52.49750357251982
hcs,1,4,56.44497250211201
hcs,1,4,53.45117274889645
hcs,1,4,51.22592723298316
hcs,1,4,53.00089431952196
hcs,1,4,56.50211096778204
hcs,1,4,51.34182629149302
hcs,1,4,58.117279081336015
hcs,1,4,57.65115980944861
hcs,1,4,48.345087144165014
hcs,1,4,58.1304447082827
hcs,1,4,48.872789790467415
hcs,1,4,52.3527936468623
hcs,1,4,54.74774443711057
hcs,1,4,55.89321647471706
hcs,1,4,56.37877036645822
hcs,1,4,51.84012776225195
hcs,1,4,59.90972702379289
hcs,1,4,62.08606901087481
hcs,1,4,59.95870550432642
hcs,1,4,61.36360710380965
hcs,1,4,61.27515139080747
hcs,1,4,64.94002041978018
hcs,1,4,60.445778478304
hcs,1,4,60.9991858365969
hcs,1,4,56.46104362964051
hcs,1,4,66.62487574271879
hcs,1,4,58.106806544805956
hcs,1,4,56.608558454301985
hcs,1,4,61.64972573482507
hcs,1,4,55.13331498767039
hcs,1,4,62.69226571693353
hcs,1,4,55.817238821713055
hcs,1,4,59.644319733816275
hcs,1,4,60.53477981912311
hcs,1,4,60.48926276072536
hcs,1,4,60.40010327260749
hcs,1,4,62.12254697804158
hcs,1,4,61.16516154351034
hcs,1,4,64.79657589006406
hcs,1,4,61.890683992676486
hcs,1,4,63.75856960592107
hcs,1,4,61.050620758580045
hcs,1,4,63.753893910244386
hcs,1,4,64.16192528751375
hcs,1,4,59.10805946225246
hcs,1,4,62.251801190044084
hcs,1,4,58.289496674738274
hcs,1,4,61.29849610945514
hcs,1,4,62.646097573562834
hcs,1,4,63.59581432161742
hcs,1,4,65.20810457403275
hcs,1,4,60.19392083545417
hcs,1,4,63.386924785558385
hcs,1,4,66.08405542395363
hcs,1,4,55.73489806330117
hcs,1,4,63.13496141421411
hcs,1,4,60.24711784232761
hcs,1,4,57.348615469361164
hcs,1,4,60.33377299423417
hcs,1,4,65.10363357663529
hcs,1,4,58.87747982555385
hcs,1,4,64.71056270551287
hcs,1,4,55.30903334031395
hcs,1,4,54.218226890005916
hcs,1,4,62.13384276711741
hcs,1,4,60.008291231378344
hcs,1,4,50.3553609477644
hcs,1,4,50.9654628061316
hcs,1,4,52.78380668751915
hcs,1,4,50.6070966342412
hcs,1,4,50.747256877807665
hcs,1,4,54.85841927113071
hcs,1,4,57.29020225582746
hcs,1,4,59.994713493428506
hcs,1,4,57.82986828813199
hcs,1,4,59.46878650478502
hcs,1,4,60.777589851547575
hcs,1,4,61.415012621947206
hcs,1,4,56.19184196116831
hcs,1,4,59.800210816885865
hcs,1,4,55.878540294372414
hcs,1,4,61.5805352981464
hcs,1,4,58.829347824139056
hcs,1,4,59.3288277785891
hcs,1,4,62.293018385896936
hcs,1,4,54.32596308227833
hcs,1,4,60.72913219879313
hcs,1,4,56.42852722575302
hcs,1,4,56.67472515354878
hcs,1,4,54.45484664797371
hcs,1,4,57.7590895008456
hcs,1,4,56.80193074913012
hcs,1,4,56.475362238916404
hcs,1,4,58.235901568729375
hcs,1,4,59.609292449745354
hcs,1,4,60.83576091521202
hcs,1,4,64.2942916717751
hcs,1,4,59.3423512782709
hcs,1,4,59.873642892157875
hcs,1,4,61.225807607459615
hcs,1,4,57.66801306477344
hcs,1,4,61.146149281386776
hcs,1,4,57.55935318383181
hcs,1,4,57.00983048542828
hcs,1,4,60.70583455765111
hcs,1,4,60.776821623312706
hcs,1,4,61.30354186689573
hcs,1,4,57.54930126878845
hcs,1,4,60.40350271583244
hcs,1,4,60.4345951661877
hcs,1,4,56.64712333015515
hcs,1,4,64.43726013942914
hcs,1,4,57.50467410926999
hcs,1,4,54.235777275148635
hcs,1,4,58.2985089194101
hcs,1,4,61.768410792210304
hcs,1,4,53.38170147022717
hcs,1,4,63.43953307617347
hcs,1,4,56.35753202836569
hcs,1,4,53.24468203429421
hcs,1,4,60.28964451932206
hcs,1,4,60.9912725103975
hcs,1,4,48.834676230961534
hcs,1,4,52.85136705165922
hcs,1,4,52.87809992834988
hcs,1,4,53.424544571205814
hcs,1,4,53.43824736760276
hcs,1,4,53.377438186260285
hcs,1,4,54.441813024338515
hcs,1,4,58.6067718583246
hcs,1,4,58.84280771774575
hcs,1,4,58.4943783499393
hcs,1,4,53.81828255733887
hcs,1,4,57.11045653033321
hcs,1,4,57.036851030138145
hcs,1,4,53.49294289989657
hcs,1,4,58.006197824838466
hcs,1,4,55.595525304565705
hcs,1,4,59.53238240565588
hcs,1,4,62.67290808215127
hcs,1,4,64.08342896612304
hcs,1,4,63.73057452769098
hcs,1,4,63.18893616211761
hcs,1,4,60.03365229183956
hcs,1,4,62.078469176416185
hcs,1,4,57.85356191120486
hcs,1,4,64.3697158995631
hcs,1,4,62.050562709769984
hcs,1,4,59.97210417146939
hcs,1,4,57.663002081235526
hcs,1,4,63.73591900981314
hcs,1,4,58.22223865776015
hcs,1,4,65.2999368258407
hcs,1,4,59.092126651965394
hcs,1,4,55.79965468785354
hcs,1,4,59.10001173328595
hcs,1,4,59.660150861253015
hcs,1,4,53.6467126707859
hcs,1,4,58.79110858806116
hcs,1,4,60.86624993448103
hcs,1,4,60.1709350154238
hcs,1,4,61.480222400146175
hcs,1,4,59.98821594718235
hcs,1,4,59.466760195253364
hcs,1,4,61.0705236507073
hcs,1,4,60.070318420890445
hcs,1,4,62.428243541389925
hcs,1,4,58.77551229298855
hcs,1,4,62.45158557058378
hcs,1,4,61.841652064384434
hcs,1,4,63.267832127351895
hcs,1,4,60.15598222626297
hcs,1,4,64.00642877888764
hcs,1,4,60.0870859918732
hcs,1,4,57.15109322731576
hcs,1,4,62.42892690980154
hcs,1,4,62.050626776210606
hcs,1,4,55.336693366652575
hcs,1,4,56.630668091333426
hcs,1,4,60.024049120231595
hcs,1,4,61.488397529734165
hcs,1,4,56.81398327167313
hcs,1,4,65.92420493896078
hcs,1,4,61.799622591006845
hcs,1,4,56.69099596682551
hcs,1,4,64.00266566194539
hcs,1,4,63.417188451469706
hcs,1,4,52.6149324338415
hcs,1,4,54.810023142258515
hcs,1,4,60.19942379923345
hcs,1,4,57.16135592092024
hcs,1,4,48.325649931432466
hcs,1,4,52.275337246560916
hcs,1,5,39.732455272283445
hcs,1,5,43.55954600779842
hcs,1,5,43.235514230646
hcs,1,5,42.45093062388977
hcs,1,5,47.92371482056353
hcs,1,5,49.24450831018161
hcs,1,5,50.93475595980706
hcs,1,5,49.92855995543118
hcs,1,5,53.19553038314457
hcs,1,5,50.90254079179272
hcs,1,5,53.93682255106703
hcs,1,5,47.59287322340773
hcs,1,5,49.19409911375839
hcs,1,5,47.56063864361872
hcs,1,5,54.06648674863671
hcs,1,5,45.74733041960577
hcs,1,5,53.21927307252713
hcs,1,5,51.64797700562767
hcs,1,5,43.08041971590487
hcs,1,5,51.48501512871431
hcs,1,5,46.20509802259164
hcs,1,5,49.754832584429465
hcs,1,5,47.28285794965984
hcs,1,5,49.50542683216082
hcs,1,5,49.58676798437575
hcs,1,5,52.243593837594936
hcs,1,5,52.70026050948293
hcs,1,5,51.62568337275134
hcs,1,5,57.73649383550462
hcs,1,5,56.508178779431276
hcs,1,5,51.36872513253905
hcs,1,5,52.4577584487224
hcs,1,5,54.05233439154383
hcs,1,5,47.2495490899644
hcs,1,5,57.71698636552589
hcs,1,5,49.74498318433583
hcs,1,5,51.177049058165395
hcs,1,5,50.38281559211166
hcs,1,5,52.340738139051446
hcs,1,5,54.73809794927421
hcs,1,5,53.6254402994554
hcs,1,5,52.442856389405414
hcs,1,5,52.85928715214479
hcs,1,5,49.50118280853958
hcs,1,5,56.95014055607653
hcs,1,5,49.88908767585237
hcs,1,5,46.817741639442986
hcs,1,5,52.69544560060322
hcs,1,5,55.22156715367637
hcs,1,5,44.60782777501356
hcs,1,5,51.4072075966684
hcs,1,5,48.44043270527538
hcs,1,5,46.165362481267024
hcs,1,5,55.00269647383044
hcs,1,5,48.57217946164329
hcs,1,5,45.018007794309
hcs,1,5,50.597750721175636
hcs,1,5,51.615068067655145
hcs,1,5,51.25846423956095
hcs,1,5,51.38628558166422
hcs,1,5,52.45197888181236
hcs,1,5,51.55164899153013
hcs,1,5,56.33097755796717
hcs,1,5,51.41158242238715
hcs,1,5,57.303125499074284
hcs,1,5,54.92385045906756
hcs,1,5,54.93867354730738
hcs,1,5,56.22323544620996
hcs,1,5,50.131660505860495
hcs,1,5,56.769216436288986
hcs,1,5,49.9543774456497
hcs,1,5,60.01621957301274
hcs,1,5,61.27768886185143
hcs,1,5,63.073208363068645
hcs,1,5,61.370263070396824
hcs,1,5,60.693297490018374
hcs,1,5,57.74015612210495
hcs,1,5,63.866377166740094
hcs,1,5,54.35205490267845
hcs,1,5,62.76611670492252
hcs,1,5,57.4308433304752
hcs,1,5,57.62394337595893
hcs,1,5,54.93561150805054
hcs,1,5,61.57068714504946
hcs,1,5,55.638578117849555
hcs,1,5,62.011098417239516
hcs,1,5,56.43127245543543
hcs,1,5,53.0560014943349
hcs,1,5,58.55790568615088
hcs,1,5,56.73676780270437
hcs,1,5,50.31405482496629
hcs,1,5,58.45607667839585
hcs,1,5,58.94746398511129
hcs,1,5,59.93129399092999
hcs,1,5,60.302530770597194
hcs,1,5,58.27156170735033
hcs,1,5,58.8616138328195
hcs,1,5,61.28546319239444
hcs,1,5,56.42173893147714
hcs,1,5,64.07043859961183
hcs,1,5,56.8973850688192
hcs,1,5,60.477333730587546
hcs,1,5,59.76811583395899
hcs,1,5,62.47247818002646
hcs,1,5,57.999620885901884
hcs,1,5,62.6875089595202
hcs,1,5,57.24502769512192
hcs,1,5,53.497244780529094
hcs,1,5,61.76658332856129
hcs,1,5,59.13307657236767
hcs,1,5,52.27854015923188
hcs,1,5,54.71447162837195
hcs,1,5,61.857522725265966
hcs,1,5,63.89250613392192
hcs,1,5,54.98355426148023
hcs,1,5,63.81419791890141
hcs,1,5,57.726599580341166
hcs,1,5,54.710986234589356
hcs,1,5,62.21433770634247
hcs,1,5,63.2350370523556
hcs,1,5,50.02328665246496
hcs,1,5,50.71914737379378
hcs,1,5,57.2682505910152
hcs,1,5,54.11288315563534
hcs,1,5,48.401108198917086
hcs,1,5,49.90162981519511
hcs,1,5,47.99653363028858
hcs,1,5,47.19374728198621
hcs,1,5,48.34924275839104
hcs,1,5,46.870903708176
hcs,1,5,50.86872926934903
hcs,1,5,51.839887284651255
hcs,1,5,50.48501301434716
hcs,1,5,51.47145690285845
hcs,1,5,57.00181465457642
hcs,1,5,50.05769675703474
hcs,1,5,54.36472596320259
hcs,1,5,55.1889543614802
hcs,1,5,49.99826031143462
hcs,1,5,54.64098431187311
hcs,1,5,53.3122619823591
hcs,1,5,55.943143680502224
hcs,1,5,58.319685425740595
hcs,1,5,59.385165615276
hcs,1,5,60.71820458466488
hcs,1,5,57.373233397565315
hcs,1,5,59.6354724038505
hcs,1,5,60.89672978676942
hcs,1,5,57.59276081902198
hcs,1,5,60.17198659006403
hcs,1,5,58.51636286451095
hcs,1,5,54.42549553611173
hcs,1,5,53.667370153300396
hcs,1,5,57.9080096763057
hcs,1,5,53.31674969459566
hcs,1,5,59.7852199277623
hcs,1,5,56.53932283173643
hcs,1,5,51.623930831241736
hcs,1,5,59.78985231567686
hcs,1,5,61.64022814361477
hcs,1,5,49.161595570470936
hcs,1,5,53.83252757439634
hcs,1,5,55.741777843033724
hcs,1,5,56.703734543450224
hcs,1,5,57.14142190832396
hcs,1,5,53.75218421309277
hcs,1,5,55.174659954333926
hcs,1,5,55.44984963621623
hcs,1,5,55.32805792632598
hcs,1,5,57.05577197101049
hcs,1,5,53.705282794794726
hcs,1,5,54.54563702069598
hcs,1,5,57.195542046704325
hcs,1,5,59.32948861171832
hcs,1,5,55.54480574114239
hcs,1,5,61.293946989157554
hcs,1,5,58.723481508995704
hcs,1,5,52.85269751551239
hcs,1,5,59.651976144809524
hcs,1,5,58.51499930586317
hcs,1,5,50.86873311487484
hcs,1,5,50.79538655524296
hcs,1,5,58.03525628554631
hcs,1,5,57.248959058664816
hcs,1,5,53.38054858156054
hcs,1,5,59.7562212521337
hcs,1,5,57.010651498549734
hcs,1,5,51.63268477753361
hcs,1,5,58.1638696729368
hcs,1,5,59.93011058036023
hcs,1,5,47.855369893177524
hcs,1,5,49.754696914401
hcs,1,5,55.248983190099935
hcs,1,5,53.052146232904654
hcs,1,5,44.66438153048313
hcs,1,5,48.9146851422823
hcs,1,5,45.617305375404435
hcs,1,5,47.66752378450378
hcs,1,5,48.562326613478476
hcs,1,5,53.33686457784634
hcs,1,5,52.5237142603938
hcs,1,5,51.57853402626446
hcs,1,5,52.74408330910423
hcs,1,5,48.69080494833588
hcs,1,5,53.711000557278886
hcs,1,5,51.66455752063717
hcs,1,5,54.09072510696266
hcs,1,5,53.085204525730056
hcs,1,5,54.31643923861481
hcs,1,5,53.77432654113555
hcs,1,5,63.13870158801797
hcs,1,5,56.731563353897116
hcs,1,5,52.08151941707187
hcs,1,5,56.97025436621909
hcs,1,5,56.043018610886506
hcs,1,5,49.69166516034189
hcs,1,5,56.7314810738046
hcs,1,5,59.0135619075791
hcs,1,5,61.991242854409755
hcs,1,5,57.490622394396105
hcs,1,5,64.38015871044978
hcs,1,5,60.24436296003957
hcs,1,5,56.884197152682134
hcs,1,5,63.49908920546871
hcs,1,5,59.96275315983459
hcs,1,5,53.74948048757048
hcs,1,5,54.14196697083581
hcs,1,5,59.78715210927672
hcs,1,5,57.76624804479004
hcs,1,5,48.84640223840295
hcs,1,5,53.53242929857064
hcs,1,5,56.67436200045698
hcs,1,5,57.921531199766775
hcs,1,5,58.50121517386447
hcs,1,5,57.90946295096007
hcs,1,5,62.136370169997036
hcs,1,5,57.62359037206035
hcs,1,5,54.49990040790008
hcs,1,5,60.33925527657061
hcs,1,5,59.11444310179926
hcs,1,5,49.92451990903203
hcs,1,5,55.172348934281146
hcs,1,5,61.99472534016306
hcs,1,5,58.754845284604265
hcs,1,5,48.67260088423836
hcs,1,5,51.37042320818329
hcs,1,5,47.668510279332146
hcs,1,5,55.9340118761744
hcs,1,5,56.95939739611465
hcs,1,5,47.326931526330554
hcs,1,5,51.91819508411135
hcs,1,5,50.6248288296586
hcs,1,6,38.22297408817133
hcs,1,6,37.34642676971888
hcs,1,6,36.637054266367755
hcs,1,6,42.290565212305914
hcs,1,6,42.58828406172247
hcs,1,6,41.836215858135915
hcs,1,6,40.251223450872935
hcs,1,6,39.62657845926017
hcs,1,6,45.61839613306902
hcs,1,6,41.15639847601429
hcs,1,6,49.19975700374427
hcs,1,6,44.91217004613654
hcs,1,6,38.311597723359455
hcs,1,6,50.359538090033084
hcs,1,6,40.99480114392536
hcs,1,6,46.74001211182504
hcs,1,6,48.71930153860351
hcs,1,6,49.67050251757585
hcs,1,6,50.48496469778303
hcs,1,6,47.45944681798094
hcs,1,6,51.63132731548142
hcs,1,6,51.04135905906024
hcs,1,6,46.1531596377224
hcs,1,6,54.502229099777225
hcs,1,6,48.51734419877427
hcs,1,6,43.42557137755984
hcs,1,6,50.58087074816442
hcs,1,6,49.07020832732487
hcs,1,6,43.172336848171696
hcs,1,6,53.68237442939684
hcs,1,6,46.65504083276652
hcs,1,6,41.968520980918576
hcs,1,6,48.67928446164868
hcs,1,6,49.357100211780214
hcs,1,6,38.34967465583626
hcs,1,6,46.99072376295891
hcs,1,6,46.40132279471189
hcs,1,6,48.550339836804675
hcs,1,6,51.51522486550909
hcs,1,6,46.057964684973584
hcs,1,6,45.37702764229477
hcs,1,6,48.04916920734584
hcs,1,6,46.4255162632228
hcs,1,6,51.06292069418787
hcs,1,6,45.322022189224654
hcs,1,6,50.231038547712224
hcs,1,6,51.76359488576339
hcs,1,6,53.43843724693904
hcs,1,6,44.683420978521866
hcs,1,6,51.5415759284948
hcs,1,6,48.70112799472946
hcs,1,6,45.725904130131326
hcs,1,6,51.14380259266164
hcs,1,6,52.34038879568792
hcs,1,6,44.20034153236481
hcs,1,6,44.1181673470511
hcs,1,6,48.831485655983805
hcs,1,6,50.55680457273098
hcs,1,6,45.52865196740303
hcs,1,6,49.50139868333514
hcs,1,6,51.48882869004463
hcs,1,6,47.456438111730975
hcs,1,6,53.88263732248861
hcs,1,6,50.41529242035308
hcs,1,6,43.38016600364138
hcs,1,6,40.09378358412002
hcs,1,6,51.69569659513936
hcs,1,6,46.6234438173173
hcs,1,6,36.486845630458
hcs,1,6,41.5793086719517
hcs,1,6,43.55162766208986
hcs,1,6,45.630960777147585
hcs,1,6,46.1484700105656
hcs,1,6,50.489204605327686
hcs,1,6,50.443049254133086
hcs,1,6,50.991561046980706
hcs,1,6,51.48372684345942
hcs,1,6,46.03212944195445
hcs,1,6,51.33376920427482
hcs,1,6,48.27694557882541
hcs,1,6,52.38209473032177
hcs,1,6,49.14065607178523
hcs,1,6,51.510402391797264
hcs,1,6,49.592973914505656
hcs,1,6,62.055418878369586
hcs,1,6,48.61465122380425
hcs,1,6,48.63445586357988
hcs,1,6,55.866463884736596
hcs,1,6,50.913075861109434
hcs,1,6,45.40450364457132
hcs,1,6,53.42257728450467
hcs,1,6,55.813692549078716
hcs,1,6,59.80033150796802
hcs,1,6,54.288516191443314
hcs,1,6,64.75578667423551
hcs,1,6,57.481038089520766
hcs,1,6,53.233931573733294
hcs,1,6,61.170717366017705
hcs,1,6,59.21254536685153
hcs,1,6,48.93682825780881
hcs,1,6,51.095663531495376
hcs,1,6,56.76017936044969
hcs,1,6,54.31623989027844
hcs,1,6,47.9276356317836
hcs,1,6,49.595489188403455
hcs,1,6,51.50931918113587
hcs,1,6,57.34983859620986
hcs,1,6,58.36334589497226
hcs,1,6,56.112849277408074
hcs,1,6,58.94393920685469
hcs,1,6,56.821036925438584
hcs,1,6,51.89481260844051
hcs,1,6,59.51817655502432
hcs,1,6,57.86672635322597
hcs,1,6,45.38764664627594
hcs,1,6,51.31204838091734
hcs,1,6,60.334812542674385
hcs,1,6,56.16725663658856
hcs,1,6,47.24543523347516
hcs,1,6,48.54190619353751
hcs,1,6,46.83713222686795
hcs,1,6,54.79498248304021
hcs,1,6,56.673910020052745
hcs,1,6,45.42226463676254
hcs,1,6,49.198594073793934
hcs,1,6,42.9168522349331
hcs,1,6,41.29085623177613
hcs,1,6,41.47019101628559
hcs,1,6,44.39033800190001
hcs,1,6,48.4749428376913
hcs,1,6,43.78800772776851
hcs,1,6,49.532498753061205
hcs,1,6,49.89633940761362
hcs,1,6,43.17048920137751
hcs,1,6,48.38440930863328
hcs,1,6,45.76433770716981
hcs,1,6,49.364807705338315
hcs,1,6,49.856193030979775
hcs,1,6,51.55935165868419
hcs,1,6,50.0450438833543
hcs,1,6,54.33673835318478
hcs,1,6,52.99364224091844
hcs,1,6,47.06584918883597
hcs,1,6,51.93825202735013
hcs,1,6,53.97521456569958
hcs,1,6,44.710031785694575
hcs,1,6,53.10203964355961
hcs,1,6,58.10507199432401
hcs,1,6,58.6474631435012
hcs,1,6,55.67057333564166
hcs,1,6,60.06600340877818
hcs,1,6,56.64711440533031
hcs,1,6,51.778743677057136
hcs,1,6,57.84537899279651
hcs,1,6,58.46712800815591
hcs,1,6,51.72639885253801
hcs,1,6,49.009459822652666
hcs,1,6,55.05922096493217
hcs,1,6,54.755929785274816
hcs,1,6,46.46708063979757
hcs,1,6,49.64946164544457
hcs,1,6,49.41117809224096
hcs,1,6,53.32013760235041
hcs,1,6,54.118479523059
hcs,1,6,52.885232836539785
hcs,1,6,54.5661169097576
hcs,1,6,52.84039545987898
hcs,1,6,48.135366932997734
hcs,1,6,53.15997518574754
hcs,1,6,54.63041920951256
hcs,1,6,44.00125042491328
hcs,1,6,50.25058749532742
hcs,1,6,61.76566125101153
hcs,1,6,55.30868163639104
hcs,1,6,44.580706378573694
hcs,1,6,48.056207428734346
hcs,1,6,41.689600141361026
hcs,1,6,55.50099159732469
hcs,1,6,52.77304926168755
hcs,1,6,42.077453901919576
hcs,1,6,47.812790503341425
hcs,1,6,45.31744368260589
hcs,1,6,40.36276475714411
hcs,1,6,44.89351648252323
hcs,1,6,45.70234654779846
hcs,1,6,45.53594341459136
hcs,1,6,51.969862879687525
hcs,1,6,47.57615814230732
hcs,1,6,47.69488186043675
hcs,1,6,52.984587566791966
hcs,1,6,51.44886627785035
hcs,1,6,44.41169767831185
hcs,1,6,49.98411475229344
hcs,1,6,54.80358334362445
hcs,1,6,54.34509278647426
hcs,1,6,43.82862838285572
hcs,1,6,49.90069990098683
hcs,1,6,48.136812906717644
hcs,1,6,55.70069862217155
hcs,1,6,57.287972144343705
hcs,1,6,48.85467830903609
hcs,1,6,52.818249551701
hcs,1,6,50.17881438998545
hcs,1,6,45.76739394627182
hcs,1,6,56.3731155924097
hcs,1,6,54.75317282779982
hcs,1,6,46.36108294157795
hcs,1,6,50.30979545827946
hcs,1,6,50.29899416235375
hcs,1,6,45.18799165354658
dcs,1,0,64.2579991445986
dcs,1,1,61.65254153589132
dcs,1,1,62.17718076038696
dcs,1,1,65.67678790015317
dcs,1,1,63.77239333999945
dcs,1,1,64.91839533916239
dcs,1,1,63.42723481453988
dcs,1,1,64.47142170402259
dcs,1,1,64.01386924914668
dcs,1,1,62.443536366382034
dcs,1,1,65.07579272433898
dcs,1,2,52.24092091811116
dcs,1,2,66.04478410836919
dcs,1,2,62.26113240018968
dcs,1,2,63.8298832481807
dcs,1,2,62.45530254082332
dcs,1,2,62.17498434241221
dcs,1,2,61.10213727239942
dcs,1,2,59.626560223099276
dcs,1,2,63.35277933405333
dcs,1,2,61.86518587883894
dcs,1,2,59.59995395510143
dcs,1,2,63.82799736448212
dcs,1,2,60.75955192802201
dcs,1,2,60.67217078710817
dcs,1,2,60.090910863260625
dcs,1,2,62.00147624543665
dcs,1,2,62.928469916208144
dcs,1,2,64.33515303584214
dcs,1,2,66.20413789181654
dcs,1,2,67.42531309774937
dcs,1,2,65.3271177342636
dcs,1,2,64.41592491296953
dcs,1,2,62.908116462139695
dcs,1,2,65.67415431267233
dcs,1,2,63.96231344747279
dcs,1,2,62.902966742967706
dcs,1,2,64.51199045243871
dcs,1,2,63.61195885118385
dcs,1,2,62.611833081203514
dcs,1,2,64.82016128106571
dcs,1,2,62.825948630583184
dcs,1,2,64.88236639411622
dcs,1,2,65.76265528120206
dcs,1,2,61.33716878423847
dcs,1,2,64.95100610375368
dcs,1,2,63.16430770126572
dcs,1,2,59.89235016086888
dcs,1,2,59.15380981709296
dcs,1,2,64.18200949645579
dcs,1,2,61.51739473496224
dcs,1,2,62.87445544781237
dcs,1,2,64.71640797413845
dcs,1,2,58.26901721986577
dcs,1,2,63.68643288251044
dcs,1,2,58.618597305462295
dcs,1,3,52.93307931942304
dcs,1,3,50.46921255938069
dcs,1,3,52.174650031219215
dcs,1,3,53.765937350851814
dcs,1,3,51.37721690802276
dcs,1,3,50.87857925391334
dcs,1,3,51.44699134337139
dcs,1,3,52.80255918918739
dcs,1,3,60.84074104154126
dcs,1,3,65.25800010008209
dcs,1,3,63.83674174687572
dcs,1,3,63.72775828485783
dcs,1,3,62.28106059243105
dcs,1,3,61.766563104543195
dcs,1,3,64.54583802971517
dcs,1,3,62.39915289961152
dcs,1,3,61.3786208958477
dcs,1,3,60.656856055976704
dcs,1,3,61.650926576856556
dcs,1,3,58.81894411036078
dcs,1,3,62.74077123859881
dcs,1,3,60.42501891634412
dcs,1,3,60.94997752757413
dcs,1,3,62.321467384704846
dcs,1,3,58.43100736616347
dcs,1,3,64.11708674048316
dcs,1,3,61.57492578966944
dcs,1,3,60.30264492592141
dcs,1,3,60.03813318259028
dcs,1,3,62.80299216206041
dcs,1,3,64.37715740330093
dcs,1,3,59.98254384002698
dcs,1,3,62.72760423447984
dcs,1,3,56.5389410202627
dcs,1,3,63.639469867316336
dcs,1,3,59.31233476059143
dcs,1,3,56.70736526056548
dcs,1,3,64.1237205564438
dcs,1,3,62.69131512654019
dcs,1,3,60.04388540058191
dcs,1,3,59.64574832450691
dcs,1,3,59.70581143416109
dcs,1,3,62.25106179011025
dcs,1,3,59.47814372670419
dcs,1,3,59.21129094214089
dcs,1,3,58.71057383536839
dcs,1,3,58.930357705789625
dcs,1,3,58.64007098952331
dcs,1,3,59.893788279670765
dcs,1,3,61.58048981969267
dcs,1,3,61.61252629713074
dcs,1,3,61.75129851611292
dcs,1,3,61.085179270480694
dcs,1,3,64.32130836486608
dcs,1,3,59.623698628155964
dcs,1,3,56.834759067002125
dcs,1,3,58.077625738649594
dcs,1,3,61.27024164242418
dcs,1,3,59.576676238659665
dcs,1,3,58.32894698901474
dcs,1,3,62.00436100280625
dcs,1,3,58.61296681325228
dcs,1,3,60.49344539274769
dcs,1,3,57.90784518998977
dcs,1,3,60.97279995800322
dcs,1,3,63.6950141385934
dcs,1,3,63.72189722753424
dcs,1,3,63.64337231557181
dcs,1,3,63.75168598027913
dcs,1,3,65.37520250979475
dcs,1,3,64.45222184811553
dcs,1,3,65.7035150945911
dcs,1,3,64.25462455563094
dcs,1,3,60.076023090210896
dcs,1,3,66.68112476843324
dcs,1,3,66.13903089150918
dcs,1,3,63.714850153959254
dcs,1,3,59.35948218385497
dcs,1,3,67.56945089299673
dcs,1,3,63.86194114419307
dcs,1,3,62.86617922947874
dcs,1,3,65.63404237567245
dcs,1,3,58.60298985272679
dcs,1,3,65.50327204079132
dcs,1,3,58.421265162752675
dcs,1,3,62.578946333031695
dcs,1,3,62.749307699416335
dcs,1,3,66.83283899049457
dcs,1,3,62.729564434072294
dcs,1,3,64.17648267351353
dcs,1,3,61.91285084900808
dcs,1,3,62.628296712214215
dcs,1,3,62.768876584297026
dcs,1,3,63.51480380776591
dcs,1,3,61.80084120498308
dcs,1,3,62.64546350319272
dcs,1,3,64.47744203905015
dcs,1,3,59.97380881980868
dcs,1,3,63.085861494375706
dcs,1,3,60.47918377821112
dcs,1,3,60.452820788818876
dcs,1,3,60.542126306768886
dcs,1,3,59.51795879863347
dcs,1,3,63.031101187815075
dcs,1,3,61.77278360876951
dcs,1,3,61.12440984057922
dcs,1,3,64.29607696885566
dcs,1,3,58.61301554276005
dcs,1,3,64.991603033594
dcs,1,3,57.993538783024
dcs,1,3,56.373057787969714
dcs,1,3,61.08791144429334
dcs,1,3,64.57601694039118
dcs,1,3,57.85720829727794
dcs,1,3,63.494192289740944
dcs,1,3,58.084731408447
dcs,1,3,55.83881537000826
dcs,1,3,61.80496272173862
dcs,1,3,59.035463441640026
dcs,1,3,53.172640285973486
dcs,1,4,45.84399552992496
dcs,1,4,51.946918914035386
dcs,1,4,52.32583850314445
dcs,1,4,51.12892350021389
dcs,1,4,48.921093447538766
dcs,1,4,51.314219947026196
dcs,1,4,52.42726319411637
dcs,1,4,48.8021719642975
dcs,1,4,50.68464749870172
dcs,1,4,49.221811513333506
dcs,1,4,49.31935043454872
dcs,1,4,48.15587837748617
dcs,1,4,49.63671530269301
dcs,1,4,52.11753773742971
dcs,1,4,50.451641412405046
dcs,1,4,50.96203880883275
dcs,1,4,49.78095902832423
dcs,1,4,51.84054598975817
dcs,1,4,51.37454473760682
dcs,1,4,48.94274454278052
dcs,1,4,51.10248073343943
dcs,1,4,53.08441398710322
dcs,1,4,49.076439608723156
dcs,1,4,50.7188892390588
dcs,1,4,51.985736764377
dcs,1,4,47.76233015371277
dcs,1,4,51.233222168775384
dcs,1,4,46.62595907244198
dcs,1,4,57.63598260961034
dcs,1,4,60.538131440283394
dcs,1,4,60.949563062353526
dcs,1,4,59.56415968066931
dcs,1,4,59.68621411358653
dcs,1,4,62.32760288900585
dcs,1,4,62.5420012864245
dcs,1,4,63.32463281335343
dcs,1,4,64.3475194582939
dcs,1,4,61.099232684394956
dcs,1,4,64.02014515822273
dcs,1,4,65.95754444325793
dcs,1,4,60.42286865473836
dcs,1,4,57.81859268656131
dcs,1,4,66.45794493512489
dcs,1,4,60.62438238265708
dcs,1,4,64.37135311492128
dcs,1,4,64.49714199101967
dcs,1,4,55.53298394075404
dcs,1,4,65.63868220570667
dcs,1,4,56.590801744392316
dcs,1,4,59.89593611958439
dcs,1,4,59.85752882142415
dcs,1,4,61.61077677163222
dcs,1,4,57.07114723871292
dcs,1,4,62.843178948442194
dcs,1,4,58.67133440640271
dcs,1,4,60.14324632077851
dcs,1,4,58.03587844686079
dcs,1,4,61.37163975708444
dcs,1,4,62.239950041671996
dcs,1,4,58.097609321416435
dcs,1,4,62.547790786971234
dcs,1,4,57.389314229140474
dcs,1,4,63.43600904303991
dcs,1,4,61.0405242297564
dcs,1,4,58.5304501020254
dcs,1,4,58.89797172504545
dcs,1,4,58.3956091917331
dcs,1,4,62.479914098519664
dcs,1,4,61.79345874485551
dcs,1,4,57.80751566383081
dcs,1,4,61.67458802173027
dcs,1,4,54.74084108612306
dcs,1,4,63.70208537308408
dcs,1,4,56.32923220939995
dcs,1,4,55.061848478171385
dcs,1,4,58.80535962985467
dcs,1,4,62.84768968203737
dcs,1,4,54.829997660044505
dcs,1,4,61.49581478917504
dcs,1,4,56.30260583024697
dcs,1,4,53.429333726868876
dcs,1,4,63.1104247881798
dcs,1,4,60.23231581645189
dcs,1,4,50.64154009685884
dcs,1,4,55.09094664946092
dcs,1,4,56.64632672101308
dcs,1,4,54.43378192105806
dcs,1,4,57.798051567423734
dcs,1,4,55.70534312011968
dcs,1,4,56.90752331416341
dcs,1,4,60.64543134443945
dcs,1,4,60.47246707076302
dcs,1,4,59.625953994897586
dcs,1,4,58.41924641444859
dcs,1,4,62.83545369800149
dcs,1,4,57.766112611388884
dcs,1,4,55.5370883948537
dcs,1,4,55.473387508990115
dcs,1,4,61.87724922021006
dcs,1,4,59.514121889122876
dcs,1,4,57.08581485782893
dcs,1,4,60.54039023086233
dcs,1,4,53.64025184866229
dcs,1,4,61.320978599264706
dcs,1,4,56.76702420508142
dcs,1,4,60.21527059253769
dcs,1,4,58.886154214266085
dcs,1,4,59.24338952207046
dcs,1,4,58.100089012424085
dcs,1,4,60.33415682016374
dcs,1,4,56.98264071728709
dcs,1,4,57.050233049363875
dcs,1,4,57.933436318382036
dcs,1,4,60.149422162639645
dcs,1,4,57.31978354035768
dcs,1,4,56.95356079831225
dcs,1,4,58.53314567264793
dcs,1,4,57.82985215010282
dcs,1,4,59.55550747730963
dcs,1,4,56.43338460722862
dcs,1,4,55.75757679973508
dcs,1,4,57.370368146988824
dcs,1,4,58.10936790844191
dcs,1,4,61.77378058092295
dcs,1,4,59.95841298988762
dcs,1,4,59.223572835500846
dcs,1,4,61.32242660852876
dcs,1,4,55.9745174116776
dcs,1,4,65.85465967417326
dcs,1,4,56.01837286625685
dcs,1,4,53.27180645122358
dcs,1,4,57.04811045494219
dcs,1,4,58.79425369284908
dcs,1,4,53.880412785799614
dcs,1,4,60.26910128978461
dcs,1,4,55.09805021209719
dcs,1,4,53.60482775281958
dcs,1,4,58.850394254448425
dcs,1,4,55.47316519547585
dcs,1,4,51.2058796277616
dcs,1,4,55.827638135412585
dcs,1,4,58.22858209581484
dcs,1,4,56.576253719350454
dcs,1,4,56.833710065426914
dcs,1,4,62.06239601840312
dcs,1,4,59.52648265591828
dcs,1,4,59.625835200340646
dcs,1,4,60.753014003402924
dcs,1,4,64.63909484177182
dcs,1,4,62.35523201895202
dcs,1,4,62.65212065840938
dcs,1,4,64.7229719210573
dcs,1,4,54.44725859717262
dcs,1,4,64.74429924534081
dcs,1,4,59.51191622816761
dcs,1,4,61.73380635813477
dcs,1,4,60.85038286410156
dcs,1,4,59.934690806525246
dcs,1,4,68.17567882323357
dcs,1,4,63.9295126167769
dcs,1,4,61.91814106549468
dcs,1,4,66.55613855169459
dcs,1,4,58.7310364510672
dcs,1,4,65.7167230267479
dcs,1,4,58.476109573564536
dcs,1,4,55.92493555027893
dcs,1,4,61.2453530052575
dcs,1,4,66.50947755808357
dcs,1,4,58.06431108367725
dcs,1,4,64.14641720229876
dcs,1,4,58.227107588534146
dcs,1,4,55.63700545025488
dcs,1,4,62.62251569212635
dcs,1,4,59.414884789274446
dcs,1,4,52.75105537865451
dcs,1,4,58.59359704482947
dcs,1,4,62.446845256836134
dcs,1,4,59.75604255036717
dcs,1,4,62.78994835580415
dcs,1,4,60.909079239906326
dcs,1,4,60.32861303068567
dcs,1,4,62.6848015030283
dcs,1,4,56.77491636486993
dcs,1,4,63.36829786441185
dcs,1,4,62.111333470113216
dcs,1,4,55.58380914357557
dcs,1,4,60.378370450419794
dcs,1,4,62.808168228355456
dcs,1,4,56.74297181912422
dcs,1,4,62.683766741561875
dcs,1,4,57.63031478036456
dcs,1,4,55.71397798543936
dcs,1,4,62.79826424514129
dcs,1,4,60.64718947830762
dcs,1,4,53.42342550221252
dcs,1,4,53.77994123653856
dcs,1,4,58.699156581122466
dcs,1,4,60.264543024544295
dcs,1,4,58.25319081777231
dcs,1,4,63.28738782646681
dcs,1,4,57.72234992828693
dcs,1,4,55.945261824846284
dcs,1,4,62.32751947567683
dcs,1,4,57.64457613055254
dcs,1,4,53.218805283449136
dcs,1,4,52.15095144044714
dcs,1,4,57.06639299899516
dcs,1,4,56.10948338741463
dcs,1,4,51.08082716052419
dcs,1,4,51.54344689481521
dcs,1,5,41.73262402661233
dcs,1,5,48.323714318974595
dcs,1,5,42.316208562697895
dcs,1,5,45.80826116403712
dcs,1,5,44.61666090582868
dcs,1,5,46.527336730274094
dcs,1,5,55.647605212059034
dcs,1,5,49.4758937058685
dcs,1,5,49.14426658256633
dcs,1,5,50.386603504650274
dcs,1,5,52.86944232478399
dcs,1,5,48.34430692078335
dcs,1,5,46.85167483128724
dcs,1,5,52.43914475904887
dcs,1,5,51.844554762882176
dcs,1,5,50.22927831295563
dcs,1,5,49.79218384657453
dcs,1,5,51.908770233288735
dcs,1,5,46.79629891508322
dcs,1,5,50.772297427352854
dcs,1,5,43.828081434307535
dcs,1,5,50.878203130958134
dcs,1,5,46.881639925123245
dcs,1,5,47.769349014157264
dcs,1,5,46.952093190603996
dcs,1,5,48.98438361854659
dcs,1,5,48.34700904146029
dcs,1,5,48.58699775739772
dcs,1,5,48.750305513556626
dcs,1,5,51.08436751798977
dcs,1,5,47.36868365500256
dcs,1,5,47.23481824019435
dcs,1,5,49.38447463192032
dcs,1,5,46.50452272280194
dcs,1,5,49.92890025172719
dcs,1,5,43.510813790369944
dcs,1,5,47.60279001207135
dcs,1,5,49.004236750639286
dcs,1,5,50.35852240243316
dcs,1,5,50.422747689168844
dcs,1,5,47.35550876768194
dcs,1,5,49.20400541026464
dcs,1,5,51.07946026377582
dcs,1,5,46.84029967363706
dcs,1,5,50.24393031543355
dcs,1,5,45.33553905401788
dcs,1,5,46.30823645307521
dcs,1,5,48.81005361501791
dcs,1,5,51.89533400706736
dcs,1,5,45.64592011522663
dcs,1,5,50.49761541542791
dcs,1,5,47.232155062404594
dcs,1,5,45.63310751276861
dcs,1,5,49.95657302146999
dcs,1,5,47.57764866161015
dcs,1,5,43.08862730765119
dcs,1,5,56.64051772288965
dcs,1,5,55.40257867011707
dcs,1,5,53.0892989641378
dcs,1,5,55.93636072676643
dcs,1,5,58.41881141882902
dcs,1,5,59.09159221079663
dcs,1,5,56.97362159569577
dcs,1,5,56.690787879821436
dcs,1,5,59.832400250062754
dcs,1,5,59.03994611551621
dcs,1,5,56.48904226519995
dcs,1,5,62.05075690194926
dcs,1,5,50.69093496912652
dcs,1,5,61.88039776483396
dcs,1,5,56.74844564028854
dcs,1,5,59.72993122848334
dcs,1,5,57.65968096993536
dcs,1,5,57.50578347797528
dcs,1,5,66.69521850147943
dcs,1,5,60.349634476616934
dcs,1,5,61.05593819650994
dcs,1,5,63.73557675344747
dcs,1,5,55.79612405231501
dcs,1,5,65.14065422812048
dcs,1,5,56.947477854036286
dcs,1,5,54.77052310432114
dcs,1,5,59.999681388009144
dcs,1,5,66.0417225156811
dcs,1,5,55.15554303958227
dcs,1,5,62.74216801608764
dcs,1,5,56.52165375917442
dcs,1,5,53.85920969344091
dcs,1,5,61.8859634767743
dcs,1,5,58.35156362510343
dcs,1,5,51.90994420861562
dcs,1,5,55.35402443261845
dcs,1,5,58.70209022523775
dcs,1,5,56.04688814689316
dcs,1,5,60.14177603156339
dcs,1,5,62.64763378266446
dcs,1,5,54.81560877146481
dcs,1,5,60.1700590702703
dcs,1,5,54.10238010534937
dcs,1,5,62.01240297010179
dcs,1,5,58.51432920838388
dcs,1,5,55.220152647126895
dcs,1,5,54.627389130575956
dcs,1,5,59.68356591923929
dcs,1,5,53.61055122316748
dcs,1,5,61.2979568197946
dcs,1,5,56.98738196706754
dcs,1,5,53.70811345389056
dcs,1,5,62.17768481102177
dcs,1,5,58.73075400478939
dcs,1,5,50.711289135449064
dcs,1,5,51.76870305212864
dcs,1,5,55.73000250660679
dcs,1,5,58.59157397093158
dcs,1,5,54.125355717680634
dcs,1,5,59.8633921565456
dcs,1,5,56.174732017810435
dcs,1,5,53.10326116219445
dcs,1,5,63.31885560638888
dcs,1,5,55.29537805413113
dcs,1,5,49.42408121377789
dcs,1,5,48.78892049868518
dcs,1,5,55.80916052007046
dcs,1,5,61.17774125656982
dcs,1,5,48.03893880220345
dcs,1,5,47.84782757907197
dcs,1,5,52.16968221355726
dcs,1,5,51.2146946807202
dcs,1,5,50.86994365691859
dcs,1,5,49.44218556308327
dcs,1,5,55.57725844309025
dcs,1,5,53.645442250942644
dcs,1,5,54.26233755922688
dcs,1,5,52.79266952827223
dcs,1,5,55.955301217414835
dcs,1,5,52.33232016704754
dcs,1,5,52.89235438986773
dcs,1,5,54.15323136546897
dcs,1,5,48.73069706625421
dcs,1,5,57.84350006441649
dcs,1,5,51.375131691033474
dcs,1,5,56.03482876343209
dcs,1,5,55.83652383128971
dcs,1,5,56.77665516001343
dcs,1,5,64.8666652218937
dcs,1,5,58.238251176941944
dcs,1,5,57.420369620618075
dcs,1,5,60.9771511411133
dcs,1,5,53.999608816648816
dcs,1,5,60.43211392759773
dcs,1,5,54.94671736968743
dcs,1,5,52.98789022202966
dcs,1,5,57.18869406341528
dcs,1,5,56.94438909187609
dcs,1,5,52.98137841306526
dcs,1,5,59.36305122813533
dcs,1,5,54.09659303654215
dcs,1,5,52.58820691295075
dcs,1,5,58.14726184892432
dcs,1,5,55.60385996366587
dcs,1,5,53.562131391719326
dcs,1,5,52.43892324484233
dcs,1,5,56.651393566632926
dcs,1,5,57.18533496868496
dcs,1,5,60.75711035224766
dcs,1,5,57.424179409268305
dcs,1,5,55.66994863422836
dcs,1,5,57.5322529382998
dcs,1,5,52.99794118144594
dcs,1,5,62.920462113072176
dcs,1,5,55.23212730803343
dcs,1,5,52.14497191196414
dcs,1,5,55.80514414063554
dcs,1,5,58.51429709225246
dcs,1,5,52.20031513462779
dcs,1,5,58.90697184383315
dcs,1,5,53.541965021678116
dcs,1,5,55.91850908906544
dcs,1,5,57.17878205589606
dcs,1,5,54.7620440338067
dcs,1,5,49.70499367274679
dcs,1,5,48.59078900598343
dcs,1,5,56.95603781072284
dcs,1,5,57.14619074392521
dcs,1,5,54.65957086577641
dcs,1,5,61.53515059711992
dcs,1,5,55.372074632809145
dcs,1,5,53.976322809010256
dcs,1,5,59.23773961264923
dcs,1,5,54.42129890212397
dcs,1,5,50.38958130690806
dcs,1,5,49.03641678187339
dcs,1,5,54.306953420617646
dcs,1,5,56.20911021942459
dcs,1,5,48.10204199841941
dcs,1,5,49.76344603028994
dcs,1,5,52.77523553382901
dcs,1,5,55.07986288008516
dcs,1,5,53.18841393300953
dcs,1,5,60.05575899895634
dcs,1,5,54.392638501604296
dcs,1,5,54.04979835053402
dcs,1,5,59.09946356676112
dcs,1,5,49.83831013921231
dcs,1,5,58.39172621205696
dcs,1,5,55.49222267949777
dcs,1,5,51.319360662100465
dcs,1,5,58.58896653650222
dcs,1,5,60.162983769193225
dcs,1,5,52.54146130639366
dcs,1,5,62.50175831622891
dcs,1,5,58.506979537643986
dcs,1,5,52.10466506418485
dcs,1,5,63.773159007206026
dcs,1,5,57.99727382534887
dcs,1,5,53.89813337994587
dcs,1,5,52.62949608935033
dcs,1,5,57.813766063166426
dcs,1,5,61.69500527439806
dcs,1,5,58.4822128876112
dcs,1,5,61.82106184150857
dcs,1,5,58.568510819258066
dcs,1,5,56.67106732628292
dcs,1,5,63.07937663975608
dcs,1,5,58.51693900514364
dcs,1,5,52.897371048584596
dcs,1,5,52.528548001351616
dcs,1,5,57.110171001736475
dcs,1,5,55.83927321453789
dcs,1,5,50.24527908838522
dcs,1,5,52.95547908606489
dcs,1,5,49.31775886419566
dcs,1,5,56.63456294091789
dcs,1,5,58.675320403153165
dcs,1,5,55.43929169849121
dcs,1,5,62.783322049632226
dcs,1,5,56.00814189902395
dcs,1,5,54.59319892633512
dcs,1,5,63.52444957149438
dcs,1,5,58.925787997235766
dcs,1,5,48.91439467433613
dcs,1,5,50.866424265239495
dcs,1,5,56.976866906801725
dcs,1,5,58.238346569378564
dcs,1,5,47.90516511112593
dcs,1,5,50.44320227475714
dcs,1,5,46.43710777961167
dcs,1,5,55.413299988693986
dcs,1,5,54.838724339513554
dcs,1,5,49.083107095046884
dcs,1,5,48.64668021509441
dcs,1,5,42.651786433703606
dcs,1,6,39.930726195623286
dcs,1,6,39.138423023145236
dcs,1,6,39.28493637261262
dcs,1,6,40.44758068621707
dcs,1,6,41.39933047636528
dcs,1,6,41.72128276701742
dcs,1,6,40.56900813281435
dcs,1,6,46.77918171078173
dcs,1,6,46.01414598455449
dcs,1,6,40.68144327574109
dcs,1,6,40.333349165042904
dcs,1,6,42.1603788745543
dcs,1,6,41.21080736191882
dcs,1,6,44.953235071607125
dcs,1,6,37.97006393164963
dcs,1,6,45.6435645799706
dcs,1,6,44.75317366552606
dcs,1,6,51.089669982209905
dcs,1,6,53.70068377714321
dcs,1,6,46.63185558453044
dcs,1,6,47.34654467299635
dcs,1,6,50.085419278226254
dcs,1,6,44.661547730216775
dcs,1,6,49.29312423994374
dcs,1,6,43.459496153570505
dcs,1,6,43.48697188220784
dcs,1,6,51.32388957250552
dcs,1,6,48.9900128825047
dcs,1,6,43.94291658688543
dcs,1,6,48.86739361592586
dcs,1,6,45.03069581932513
dcs,1,6,43.14556335023656
dcs,1,6,49.00012896898586
dcs,1,6,45.2150954574359
dcs,1,6,40.84389099209331
dcs,1,6,43.99863934065167
dcs,1,6,48.220403840365314
dcs,1,6,46.50336655999142
dcs,1,6,51.03713337312009
dcs,1,6,43.70027998253806
dcs,1,6,44.53188703959988
dcs,1,6,47.0052560711309
dcs,1,6,44.90569539205968
dcs,1,6,47.93695732860359
dcs,1,6,43.39206262574885
dcs,1,6,44.05899764518343
dcs,1,6,47.11615121358017
dcs,1,6,49.8106247952803
dcs,1,6,43.861770442022326
dcs,1,6,50.20234324891043
dcs,1,6,44.37953333361383
dcs,1,6,46.0626541083605
dcs,1,6,49.13109913450912
dcs,1,6,45.365594601648716
dcs,1,6,41.302635684067354
dcs,1,6,40.30971001973254
dcs,1,6,47.16154405958223
dcs,1,6,48.45469782278783
dcs,1,6,45.21693376458845
dcs,1,6,47.994802067383155
dcs,1,6,44.97707999892701
dcs,1,6,42.61629817257007
dcs,1,6,47.55003095090717
dcs,1,6,43.40393439860778
dcs,1,6,42.100186909913596
dcs,1,6,42.004848635504075
dcs,1,6,47.05703395915092
dcs,1,6,47.19936737264404
dcs,1,6,37.52144895870539
dcs,1,6,38.38260875800697
dcs,1,6,50.67674721046165
dcs,1,6,51.55162827296969
dcs,1,6,52.196886936535805
dcs,1,6,57.86103014152001
dcs,1,6,51.99963292106426
dcs,1,6,51.07918035666608
dcs,1,6,57.904858903521436
dcs,1,6,47.36939229472141
dcs,1,6,55.41735816533823
dcs,1,6,53.03196814282766
dcs,1,6,49.09984212123859
dcs,1,6,54.94914380364968
dcs,1,6,56.92181002988745
dcs,1,6,49.12161656711963
dcs,1,6,57.93149773132223
dcs,1,6,55.85182359634712
dcs,1,6,48.94571901028998
dcs,1,6,61.46562109879464
dcs,1,6,54.78860962425188
dcs,1,6,51.012784076798525
dcs,1,6,50.557244612698035
dcs,1,6,59.00887172500726
dcs,1,6,60.98140729897407
dcs,1,6,55.24427091973
dcs,1,6,60.09816055381434
dcs,1,6,56.76214079579115
dcs,1,6,53.61429708541775
dcs,1,6,61.32128763783147
dcs,1,6,56.17457550203483
dcs,1,6,50.96905093446424
dcs,1,6,50.146670756292664
dcs,1,6,56.549562410230635
dcs,1,6,54.35228622160334
dcs,1,6,50.580009675025785
dcs,1,6,48.802335285024355
dcs,1,6,48.13062295425893
dcs,1,6,51.54047330623801
dcs,1,6,56.41485770539977
dcs,1,6,51.329620657146734
dcs,1,6,59.46650264826909
dcs,1,6,54.348018436195154
dcs,1,6,52.56172378664827
dcs,1,6,60.61334133434541
dcs,1,6,56.63696096390585
dcs,1,6,46.676384694095404
dcs,1,6,47.06988106931477
dcs,1,6,56.86652584082794
dcs,1,6,55.39708428506793
dcs,1,6,46.343636323436414
dcs,1,6,46.75418989666438
dcs,1,6,44.38738282033822
dcs,1,6,53.66019837068784
dcs,1,6,53.07026644711353
dcs,1,6,45.175103055056475
dcs,1,6,45.60346588766572
dcs,1,6,36.48975270160531
dcs,1,6,45.94999805379947
dcs,1,6,48.39881903091322
dcs,1,6,46.59116198793947
dcs,1,6,53.042569054464636
dcs,1,6,50.9680570329904
dcs,1,6,48.0795487537898
dcs,1,6,52.80532937139566
dcs,1,6,44.7091003903363
dcs,1,6,51.604173036408
dcs,1,6,49.98254251299697
dcs,1,6,47.096368107104375
dcs,1,6,53.259078850052134
dcs,1,6,53.475634180316746
dcs,1,6,47.48617882344106
dcs,1,6,54.995084248236715
dcs,1,6,53.1948613242773
dcs,1,6,46.30415972864892
dcs,1,6,53.43006827151095
dcs,1,6,49.89343663811885
dcs,1,6,48.126798808797396
dcs,1,6,46.13199743114975
dcs,1,6,57.204739616304856
dcs,1,6,56.14306885951397
dcs,1,6,53.7515647002337
dcs,1,6,56.93149096958252
dcs,1,6,54.889951907842374
dcs,1,6,52.44581439949355
dcs,1,6,58.55436309632126
dcs,1,6,55.647972355287735
dcs,1,6,49.84167562665775
dcs,1,6,48.427820917431504
dcs,1,6,53.101457463048085
dcs,1,6,52.09333113096112
dcs,1,6,47.12921588966444
dcs,1,6,50.51472754476245
dcs,1,6,45.446745136740816
dcs,1,6,53.28754756916545
dcs,1,6,53.043451197272006
dcs,1,6,52.485677321824376
dcs,1,6,62.764990683960676
dcs,1,6,52.595857218905905
dcs,1,6,50.207368866253155
dcs,1,6,56.47405448978138
dcs,1,6,53.142177635943845
dcs,1,6,45.52743772864133
dcs,1,6,47.87947769747971
dcs,1,6,55.41236155116353
dcs,1,6,53.60233177864884
dcs,1,6,46.52089268317089
dcs,1,6,46.765358754783925
dcs,1,6,43.58111994296433
dcs,1,6,50.82230513069784
dcs,1,6,51.146230874700585
dcs,1,6,49.276894469730905
dcs,1,6,47.68854770934492
dcs,1,6,43.068141143727814
dcs,1,6,40.0747856683417
dcs,1,6,50.070999272691616
dcs,1,6,53.03864767447487
dcs,1,6,47.63491518403731
dcs,1,6,57.06931759615787
dcs,1,6,53.16703196297584
dcs,1,6,48.801992200291835
dcs,1,6,57.89940457059062
dcs,1,6,53.68101304119814
dcs,1,6,49.951935776540076
dcs,1,6,45.882126287678865
dcs,1,6,56.14752870128928
dcs,1,6,56.21228888207408
dcs,1,6,44.75147061748606
dcs,1,6,50.61854607393944
dcs,1,6,45.75208574863992
dcs,1,6,56.0928449828485
dcs,1,6,56.012199955050804
dcs,1,6,50.967742166266696
dcs,1,6,50.11496595135173
dcs,1,6,44.54455332671722
dcs,1,6,40.92291360211225
dcs,1,6,54.48635521630156
dcs,1,6,53.10492305495913
dcs,1,6,45.035181078427286
dcs,1,6,45.56402597319025
dcs,1,6,40.12268260617419
dcs,1,6,34.451309854962695
drop,2,0,70.6369648398298
drop,2,1,68.20576195150709
drop,2,1,60.83932020517212
drop,2,1,68.99421865167777
drop,2,1,69.28933443866455
drop,2,1,72.10521171132471
drop,2,1,70.83706646363149
drop,2,1,71.49519949905273
drop,2,1,69.25119556354467
drop,2,1,70.4497699000243
drop,2,1,71.7365891464502
drop,2,2,43.230023765677686
drop,2,2,64.92078770644916
drop,2,2,62.18889781420363
drop,2,2,67.4509914794251
drop,2,2,67.11679175655034
drop,2,2,68.74379577981095
drop,2,2,65.23146352002811
drop,2,2,65.65699994249847
drop,2,2,66.82506275529947
drop,2,2,57.039580248376254
drop,2,2,58.333228758665236
drop,2,2,57.6788286129311
drop,2,2,59.7721298683517
drop,2,2,60.90710154191925
drop,2,2,57.380697096148246
drop,2,2,59.50383059819801
drop,2,2,61.26126793222969
drop,2,2,54.3366486690541
drop,2,2,69.00483484172365
drop,2,2,67.47316842458791
drop,2,2,68.6269416504904
drop,2,2,66.78533004547913
drop,2,2,67.71356995773249
drop,2,2,68.85480330367811
drop,2,2,67.60833026753824
drop,2,2,69.29061652793682
drop,2,2,67.754626999787
drop,2,2,64.76929246107221
drop,2,2,68.49363475997092
drop,2,2,66.5905088267691
drop,2,2,70.8997623480683
drop,2,2,71.83252118197525
drop,2,2,70.74915894465317
drop,2,2,70.20997559657779
drop,2,2,71.92071908857221
drop,2,2,68.66564055129591
drop,2,2,68.6400340954227
drop,2,2,68.57849871029089
drop,2,2,70.1924599615328
drop,2,2,68.44345349739582
drop,2,2,69.53267178580033
drop,2,2,70.18864319453849
drop,2,2,67.56620876466576
drop,2,2,70.47411741257484
drop,2,2,68.72543544908805
drop,2,3,42.962224794183335
drop,2,3,37.80495211097687
drop,2,3,41.15534456915799
drop,2,3,40.68587867238872
drop,2,3,42.71725269049752
drop,2,3,41.39741172743896
drop,2,3,40.559922425163364
drop,2,3,39.02494007169343
drop,2,3,52.721400663064344
drop,2,3,64.37846465123243
drop,2,3,65.3712523664311
drop,2,3,63.25690816273293
drop,2,3,60.874334098855165
drop,2,3,62.6019965258762
drop,2,3,64.34406104186074
drop,2,3,62.06542820226636
drop,2,3,61.38000711980145
drop,2,3,61.87728070295876
drop,2,3,59.84206932047319
drop,2,3,60.653296003857946
drop,2,3,62.13848429436234
drop,2,3,66.0337528372351
drop,2,3,66.83076970181907
drop,2,3,64.37423214200498
drop,2,3,65.3502189699289
drop,2,3,67.76664344292477
drop,2,3,64.63368671279268
drop,2,3,64.07609743372682
drop,2,3,65.87119836138807
drop,2,3,66.33236200558031
drop,2,3,63.82952624623825
drop,2,3,66.08922796427437
drop,2,3,68.23323151098889
drop,2,3,61.129469774701874
drop,2,3,65.7199344457424
drop,2,3,62.69847049855429
drop,2,3,40.02691240257396
drop,2,3,52.90941826566562
drop,2,3,54.74019723302425
drop,2,3,56.5797011470473
drop,2,3,54.367527991413866
drop,2,3,56.83408207008118
drop,2,3,55.97795926468561
drop,2,3,53.062387961068026
drop,2,3,57.70261584778598
drop,2,3,58.37590265259619
drop,2,3,55.297325011746665
drop,2,3,57.75857031354099
drop,2,3,58.23503296702294
drop,2,3,54.88094911594008
drop,2,3,56.17243465526628
drop,2,3,54.18138427763897
drop,2,3,55.50518108302407
drop,2,3,57.09583521020224
drop,2,3,57.281335979755745
drop,2,3,53.39914064532591
drop,2,3,59.1815597668483
drop,2,3,60.36335617507235
drop,2,3,55.57876628402055
drop,2,3,57.982001110693524
drop,2,3,60.907614198663055
drop,2,3,54.469832495196115
drop,2,3,56.128940811217575
drop,2,3,55.612941954522924
drop,2,3,47.919309940992335
drop,2,3,54.82402560640678
drop,2,3,55.21433701129105
drop,2,3,50.173221821322166
drop,2,3,53.88715220971957
drop,2,3,53.25286560591843
drop,2,3,67.19311976868573
drop,2,3,67.93816873005693
drop,2,3,66.22372600916698
drop,2,3,66.9382201387672
drop,2,3,68.33425401324965
drop,2,3,64.44044995815749
drop,2,3,61.948833723905175
drop,2,3,66.12317589230152
drop,2,3,68.66194317892341
drop,2,3,62.46607688421152
drop,2,3,65.52404694032246
drop,2,3,69.51696048617593
drop,2,3,63.07275397614327
drop,2,3,68.07042147835384
drop,2,3,68.10573311528184
drop,2,3,63.14397009780871
drop,2,3,67.70509669516281
drop,2,3,65.33791478991608
drop,2,3,68.28647067184497
drop,2,3,66.6684703652869
drop,2,3,66.56889151591126
drop,2,3,66.40508129708881
drop,2,3,68.57572903169246
drop,2,3,67.44285762814776
drop,2,3,66.22827367931572
drop,2,3,68.14828464198975
drop,2,3,66.19880579897298
drop,2,3,62.906218785258424
drop,2,3,65.33712430966838
drop,2,3,63.92315677573562
drop,2,3,64.68274806062759
drop,2,3,66.80782034661021
drop,2,3,68.93901969024161
drop,2,3,71.0100293033978
drop,2,3,69.5433455982331
drop,2,3,70.0311064341337
drop,2,3,70.21686200610732
drop,2,3,66.52648085501271
drop,2,3,70.03911121560152
drop,2,3,66.42194749103312
drop,2,3,60.4189365018153
drop,2,3,66.7200919925843
drop,2,3,68.02454498667953
drop,2,3,65.20174853891274
drop,2,3,69.49360141829885
drop,2,3,67.97145323969247
drop,2,3,64.06236182755498
drop,2,3,69.12857377410293
drop,2,3,67.78681597252897
drop,2,3,55.6611499856432
drop,2,4,29.37447752668482
drop,2,4,40.127108986172345
drop,2,4,40.48925051272726
drop,2,4,42.14604538632643
drop,2,4,40.977426807542045
drop,2,4,40.841465622187535
drop,2,4,37.956520549886626
drop,2,4,33.68462945879479
drop,2,4,35.63460061773226
drop,2,4,36.72761281302896
drop,2,4,36.625420422062234
drop,2,4,36.001277036366616
drop,2,4,36.45111032439413
drop,2,4,38.51630215172134
drop,2,4,39.63635479367357
drop,2,4,39.771863224552156
drop,2,4,39.03736762711152
drop,2,4,36.59252149913482
drop,2,4,38.22014321078949
drop,2,4,38.29601828103792
drop,2,4,38.64580141976548
drop,2,4,36.16330487321804
drop,2,4,39.40932112698165
drop,2,4,39.458651256550716
drop,2,4,38.60111338679423
drop,2,4,36.839238362556756
drop,2,4,36.833653229078
drop,2,4,25.690432344010734
drop,2,4,43.70934832429606
drop,2,4,52.45617190267608
drop,2,4,50.77480422550662
drop,2,4,47.17589896276778
drop,2,4,49.754583555797666
drop,2,4,51.680127093455816
drop,2,4,62.53236386627725
drop,2,4,63.26787134973808
drop,2,4,61.700562281206764
drop,2,4,62.0948157614163
drop,2,4,64.47872817126607
drop,2,4,60.96001411941644
drop,2,4,57.55314719356354
drop,2,4,62.04690754097909
drop,2,4,63.680998879019214
drop,2,4,56.00368740570655
drop,2,4,61.279567545917914
drop,2,4,65.0554186535158
drop,2,4,55.27493644098336
drop,2,4,61.29513112421476
drop,2,4,60.67393349084217
drop,2,4,55.36510757086558
drop,2,4,60.62722627871122
drop,2,4,59.070065107896205
drop,2,4,60.05534872997341
drop,2,4,60.02777956889928
drop,2,4,59.059558276023594
drop,2,4,60.72519999449241
drop,2,4,62.00633367296234
drop,2,4,60.11637270237149
drop,2,4,58.21604446620554
drop,2,4,60.99498732161638
drop,2,4,62.23822873137447
drop,2,4,54.0550304182803
drop,2,4,62.57569023582516
drop,2,4,57.49388763946649
drop,2,4,58.41742224750715
drop,2,4,62.452221604539574
drop,2,4,63.780486622403565
drop,2,4,65.95450946872194
drop,2,4,63.05025416261946
drop,2,4,65.39094260710026
drop,2,4,66.28833147157107
drop,2,4,59.18053305224896
drop,2,4,64.47454485031744
drop,2,4,59.943347563581895
drop,2,4,55.591929728752085
drop,2,4,63.20495417482416
drop,2,4,64.66068561941522
drop,2,4,58.45611528463469
drop,2,4,62.59835169859951
drop,2,4,64.03449596605199
drop,2,4,52.92297855136137
drop,2,4,64.46440814425358
drop,2,4,63.465795977617255
drop,2,4,43.439349521828454
drop,2,4,25.687596982108023
drop,2,4,39.533270958613535
drop,2,4,40.45344754762291
drop,2,4,37.37836194327309
drop,2,4,39.37860545444077
drop,2,4,39.64927678382392
drop,2,4,50.16458168121027
drop,2,4,52.55505821998946
drop,2,4,50.31263102452896
drop,2,4,53.660400244553216
drop,2,4,51.47080308176222
drop,2,4,52.243358324610156
drop,2,4,50.19594822924041
drop,2,4,54.871666315022395
drop,2,4,54.24736741858553
drop,2,4,53.20934738881965
drop,2,4,55.06523945231261
drop,2,4,55.22680377504139
drop,2,4,53.373576173742556
drop,2,4,54.388530693780545
drop,2,4,52.34905316676881
drop,2,4,51.67568858216216
drop,2,4,52.50535112014336
drop,2,4,51.55506255642971
drop,2,4,52.66349339410098
drop,2,4,51.82084575710163
drop,2,4,55.8935541416971
drop,2,4,51.74152798479247
drop,2,4,57.580827688634926
drop,2,4,57.887434488730904
drop,2,4,53.505434688248734
drop,2,4,57.402301579886704
drop,2,4,58.3648374869194
drop,2,4,52.381133850516136
drop,2,4,53.9533206575403
drop,2,4,54.45326561591046
drop,2,4,49.919324396749836
drop,2,4,49.862063317160995
drop,2,4,52.28298106855909
drop,2,4,55.01168264585312
drop,2,4,52.44800597130946
drop,2,4,54.55475307644989
drop,2,4,55.369849973458386
drop,2,4,51.302908370214304
drop,2,4,53.61333001091799
drop,2,4,51.69538354119838
drop,2,4,49.72682544090977
drop,2,4,55.727266767718255
drop,2,4,58.39427720545961
drop,2,4,49.14718632608816
drop,2,4,52.53682441565219
drop,2,4,52.42165364580883
drop,2,4,49.763342006895414
drop,2,4,54.04778800393777
drop,2,4,53.32622582919441
drop,2,4,46.58073189180952
drop,2,4,37.27403859489547
drop,2,4,51.37260092077279
drop,2,4,43.855129460293476
drop,2,4,47.23736258625951
drop,2,4,47.89973738303307
drop,2,4,53.58518710919707
drop,2,4,49.79868906360727
drop,2,4,54.48423152144595
drop,2,4,54.86679561693004
drop,2,4,48.69586029691071
drop,2,4,51.965890809467844
drop,2,4,50.33302394262885
drop,2,4,47.218300362280544
drop,2,4,50.437068382174864
drop,2,4,48.83504894270331
drop,2,4,62.387334968684115
drop,2,4,62.30903043674242
drop,2,4,66.16449146712363
drop,2,4,67.32287719982364
drop,2,4,65.26760221263443
drop,2,4,66.81719182511762
drop,2,4,68.1160059598681
drop,2,4,60.85331876997753
drop,2,4,65.39987856355275
drop,2,4,64.45559224972018
drop,2,4,52.28797958896423
drop,2,4,63.228897120522134
drop,2,4,64.91377914083711
drop,2,4,58.91066472410393
drop,2,4,65.65381383290139
drop,2,4,62.516193954906576
drop,2,4,58.95332197662951
drop,2,4,65.22742629403457
drop,2,4,63.366560433000664
drop,2,4,53.14551089650214
drop,2,4,51.92506948145728
drop,2,4,61.07531392777869
drop,2,4,64.65251789069335
drop,2,4,61.73417995748526
drop,2,4,63.51029122393509
drop,2,4,68.82242937142986
drop,2,4,64.83073143211826
drop,2,4,63.890262764058306
drop,2,4,63.84072440518924
drop,2,4,60.80229441267074
drop,2,4,57.71939711067523
drop,2,4,65.82540351059437
drop,2,4,63.9775956961763
drop,2,4,64.88469135545752
drop,2,4,65.55261963367568
drop,2,4,64.17077509023629
drop,2,4,60.604066172782076
drop,2,4,65.0420777522322
drop,2,4,65.41019633999542
drop,2,4,54.04582281793435
drop,2,4,55.1528362128511
drop,2,4,64.2870951969996
drop,2,4,64.09385497461835
drop,2,4,63.15511988328236
drop,2,4,67.42343890232966
drop,2,4,64.42530367963958
drop,2,4,62.50111632544198
drop,2,4,66.74109168801185
drop,2,4,65.8496275572485
drop,2,4,48.6184729201038
drop,2,4,52.32267162674024
drop,2,4,61.84948646059749
drop,2,4,63.5896389567286
drop,2,4,52.85686789163472
drop,2,4,45.5975481640885
drop,2,5,18.984206493269234
drop,2,5,28.247377236288397
drop,2,5,29.239147547598858
drop,2,5,28.311638675160395
drop,2,5,27.210056974573682
drop,2,5,29.014650738475368
drop,2,5,38.15658841258546
drop,2,5,38.437724572526925
drop,2,5,39.47134690485671
drop,2,5,38.378536335474514
drop,2,5,37.30827859608773
drop,2,5,38.252403004079
drop,2,5,37.570308235318656
drop,2,5,38.909907536225795
drop,2,5,36.77462971667988
drop,2,5,40.55875338246111
drop,2,5,40.26932417416027
drop,2,5,37.248137120911224
drop,2,5,36.91666719668004
drop,2,5,37.13407086475366
drop,2,5,26.312843263166013
drop,2,5,33.38006190777972
drop,2,5,36.2161550151244
drop,2,5,33.22034213746169
drop,2,5,31.553419472306445
drop,2,5,30.835941401619266
drop,2,5,33.58646887639877
drop,2,5,33.78561349382954
drop,2,5,33.776169159725555
drop,2,5,35.21340396310067
drop,2,5,34.49575829917018
drop,2,5,37.08612109539941
drop,2,5,34.82558681077868
drop,2,5,31.481357672132575
drop,2,5,33.864667765086175
drop,2,5,23.4069767647219
drop,2,5,36.259831278306926
drop,2,5,35.824803354687525
drop,2,5,36.39636109333173
drop,2,5,34.830911853193946
drop,2,5,38.15017662173156
drop,2,5,36.23088246519737
drop,2,5,36.76298462464442
drop,2,5,35.598661455229774
drop,2,5,36.15886781257083
drop,2,5,26.788445233302
drop,2,5,32.611123526241684
drop,2,5,35.75851520766797
drop,2,5,34.130986387029786
drop,2,5,34.94525827213501
drop,2,5,33.70022147076159
drop,2,5,27.283770930302026
drop,2,5,33.37206240682752
drop,2,5,33.98338302221521
drop,2,5,23.419852969723323
drop,2,5,23.400485606636813
drop,2,5,30.821373332800178
drop,2,5,47.20326059570186
drop,2,5,39.33628219328222
drop,2,5,43.6851360591298
drop,2,5,42.172287174042744
drop,2,5,48.55849972753638
drop,2,5,47.25650985497117
drop,2,5,49.26478217452985
drop,2,5,53.01533930402622
drop,2,5,45.13588919398592
drop,2,5,46.92524267319634
drop,2,5,50.016825688593
drop,2,5,43.18350074517176
drop,2,5,47.14357027149967
drop,2,5,45.38755977301749
drop,2,5,56.09588857680576
drop,2,5,55.58699096175126
drop,2,5,60.9924606238881
drop,2,5,62.80225811363061
drop,2,5,59.128369253263536
drop,2,5,62.62164208750895
drop,2,5,63.90686605570296
drop,2,5,50.63288498800833
drop,2,5,62.29375881345879
drop,2,5,58.1475360447899
drop,2,5,48.41036630108369
drop,2,5,57.939501147515315
drop,2,5,62.06263223309277
drop,2,5,52.11308817869048
drop,2,5,58.44650900008455
drop,2,5,58.299454730411945
drop,2,5,48.718033133041565
drop,2,5,61.28155508896588
drop,2,5,57.79537725794904
drop,2,5,35.863853580847824
drop,2,5,43.30314587082947
drop,2,5,54.315468435540716
drop,2,5,57.217700289703465
drop,2,5,53.76997818656278
drop,2,5,55.69768692230159
drop,2,5,60.0627310016209
drop,2,5,61.34789188312529
drop,2,5,54.25002450170374
drop,2,5,58.39312811081656
drop,2,5,54.20110894084643
drop,2,5,49.65905432034641
drop,2,5,59.68194572849508
drop,2,5,57.335930798253784
drop,2,5,52.821018255392694
drop,2,5,60.486013572442076
drop,2,5,55.04109653226069
drop,2,5,46.77402941611747
drop,2,5,61.608542895482444
drop,2,5,55.201085105224166
drop,2,5,40.86806833041107
drop,2,5,48.98926552550702
drop,2,5,58.19252750107693
drop,2,5,58.06179516125679
drop,2,5,56.40823905261485
drop,2,5,62.99460179396866
drop,2,5,60.72871611827239
drop,2,5,51.76042745432817
drop,2,5,62.78790808137534
drop,2,5,61.02362425757985
drop,2,5,33.185777302946725
drop,2,5,45.04054586346458
drop,2,5,56.51972049655254
drop,2,5,57.88860739059837
drop,2,5,43.34097580545265
drop,2,5,34.06758474656134
drop,2,5,18.598963136934874
drop,2,5,24.774402460459036
drop,2,5,24.854794628758427
drop,2,5,24.463969025693665
drop,2,5,25.081221837261037
drop,2,5,37.223128602554304
drop,2,5,34.59210210734723
drop,2,5,38.13857897541439
drop,2,5,38.52482730025381
drop,2,5,37.25519613419936
drop,2,5,40.05252005745987
drop,2,5,40.24410167430966
drop,2,5,36.52776354045756
drop,2,5,37.040730898687116
drop,2,5,37.09494774305385
drop,2,5,48.14787548809697
drop,2,5,45.918371856597275
drop,2,5,50.60396735969038
drop,2,5,49.656091925517714
drop,2,5,49.62109859515997
drop,2,5,52.50533566330691
drop,2,5,51.453358611821706
drop,2,5,49.38298594240093
drop,2,5,49.47717071947332
drop,2,5,48.959419025502385
drop,2,5,46.76796749219785
drop,2,5,51.534181812396454
drop,2,5,50.7282513985671
drop,2,5,47.09770221396921
drop,2,5,48.7006142478096
drop,2,5,50.09284898507015
drop,2,5,49.8202801133627
drop,2,5,51.22464521358193
drop,2,5,51.28277132721693
drop,2,5,45.79213225726047
drop,2,5,42.082828930985016
drop,2,5,46.13351537760808
drop,2,5,49.3953024692766
drop,2,5,50.27523358056746
drop,2,5,50.31972538859082
drop,2,5,51.7766879598598
drop,2,5,51.23392159923499
drop,2,5,47.01581324124008
drop,2,5,50.82375323825612
drop,2,5,46.34623974909997
drop,2,5,48.07869823781496
drop,2,5,55.907202812831116
drop,2,5,54.77029249333268
drop,2,5,47.89906358643862
drop,2,5,50.856931172178676
drop,2,5,53.891912556106824
drop,2,5,47.9423655613834
drop,2,5,51.911431122620236
drop,2,5,50.693765561103845
drop,2,5,43.8732488492409
drop,2,5,44.404376230241496
drop,2,5,48.45801763524757
drop,2,5,47.29823997459178
drop,2,5,46.23613609295468
drop,2,5,49.00500053025515
drop,2,5,47.732668469434266
drop,2,5,46.01421511649434
drop,2,5,50.11354584598756
drop,2,5,47.74969536247759
drop,2,5,42.36729080758527
drop,2,5,42.25026743832655
drop,2,5,48.545633592788384
drop,2,5,49.511937095931394
drop,2,5,39.91701212849758
drop,2,5,38.71728529738178
drop,2,5,36.198265943394084
drop,2,5,35.150155988398296
drop,2,5,36.22920147982365
drop,2,5,37.939379776299056
drop,2,5,46.351537787456344
drop,2,5,48.6911376508794
drop,2,5,49.649722456474606
drop,2,5,41.90430544928506
drop,2,5,43.8194862209411
drop,2,5,40.62255527141824
drop,2,5,43.67215620206809
drop,2,5,51.25484543192482
drop,2,5,51.395955693128904
drop,2,5,47.20322876197855
drop,2,5,49.3239386910045
drop,2,5,46.504611745715785
drop,2,5,45.45179061878649
drop,2,5,47.47228351606402
drop,2,5,46.89041236560002
drop,2,5,45.9551119772332
drop,2,5,50.22208348603612
drop,2,5,61.82492613272809
drop,2,5,61.86556149013648
drop,2,5,56.34503852303694
drop,2,5,63.90185176319941
drop,2,5,61.450371594878874
drop,2,5,59.0271018251471
drop,2,5,64.86310894951414
drop,2,5,62.490573039173434
drop,2,5,45.52618791549421
drop,2,5,46.23039996755754
drop,2,5,53.172173725691884
drop,2,5,55.99048665838513
drop,2,5,53.152527373180526
drop,2,5,43.76081349177864
drop,2,5,38.51713892985655
drop,2,5,54.86554033034301
drop,2,5,50.05458285865586
drop,2,5,59.52307968634967
drop,2,5,59.598021130854406
drop,2,5,57.5783990336929
drop,2,5,57.681284102067146
drop,2,5,62.427334441497784
drop,2,5,62.420306202353316
drop,2,5,45.32623303190334
drop,2,5,49.32133645427046
drop,2,5,58.60475567809019
drop,2,5,58.47244282899171
drop,2,5,52.45444315706248
drop,2,5,42.368594009877356
drop,2,5,46.39728480949349
drop,2,5,54.132265705134195
drop,2,5,57.94651033046235
drop,2,5,49.30273474829796
drop,2,5,42.06471155279334
drop,2,5,29.806504356643604
drop,2,6,14.73256327148596
drop,2,6,17.604355051522123
drop,2,6,18.56013779559041
drop,2,6,17.23428073866093
drop,2,6,18.353105436232067
drop,2,6,25.680421155852994
drop,2,6,26.829237865391935
drop,2,6,25.422629431077205
drop,2,6,27.339656353567953
drop,2,6,27.606555089871343
drop,2,6,25.965473940274208
drop,2,6,28.497226341447995
drop,2,6,25.66602133727809
drop,2,6,28.625680821310016
drop,2,6,19.131549969751738
drop,2,6,35.384163730555805
drop,2,6,35.160335849848224
drop,2,6,37.02877456550559
drop,2,6,34.89279770257438
drop,2,6,37.5660972811129
drop,2,6,34.50163584539652
drop,2,6,37.577431034693184
drop,2,6,34.72980279443922
drop,2,6,36.43477620198533
drop,2,6,29.08148332182055
drop,2,6,32.70666699053297
drop,2,6,36.577069920588436
drop,2,6,33.99020336842412
drop,2,6,35.176246465484525
drop,2,6,34.28002201946608
drop,2,6,26.683710543205724
drop,2,6,33.40070068600233
drop,2,6,35.459865332437154
drop,2,6,23.83672931508592
drop,2,6,23.428289996532918
drop,2,6,26.38275412803481
drop,2,6,31.12737655665521
drop,2,6,29.729393352174977
drop,2,6,30.92551989641838
drop,2,6,33.72863686776946
drop,2,6,35.76623649467937
drop,2,6,29.924475594223203
drop,2,6,30.363008060448248
drop,2,6,30.58071334874965
drop,2,6,21.616901120645764
drop,2,6,28.207044446605856
drop,2,6,34.92051204581347
drop,2,6,31.05966080211281
drop,2,6,29.139539282885153
drop,2,6,32.148938218849054
drop,2,6,23.280235441291683
drop,2,6,27.863216812774265
drop,2,6,30.84474158093779
drop,2,6,19.0552983592935
drop,2,6,22.35931099610336
drop,2,6,29.775812952176544
drop,2,6,30.525159500109776
drop,2,6,31.18183192206469
drop,2,6,31.764543198422658
drop,2,6,33.19186117474867
drop,2,6,27.554643983861144
drop,2,6,29.54670749626576
drop,2,6,34.52072867586079
drop,2,6,23.307016988765884
drop,2,6,22.457241961583634
drop,2,6,27.05742858256227
drop,2,6,28.425594797079352
drop,2,6,22.221693567612295
drop,2,6,22.500444165579953
drop,2,6,18.689197846314105
drop,2,6,31.386140330052893
drop,2,6,28.390830919548044
drop,2,6,30.70974661301899
drop,2,6,32.68112626898184
drop,2,6,42.49041395052923
drop,2,6,41.8153228213842
drop,2,6,45.05456509179219
drop,2,6,36.1061895798071
drop,2,6,39.510335925782044
drop,2,6,35.62492960592697
drop,2,6,39.23996707052023
drop,2,6,47.607584237575765
drop,2,6,47.73589586814996
drop,2,6,42.18739369222783
drop,2,6,46.12191692640334
drop,2,6,43.32442636996307
drop,2,6,36.72096429029912
drop,2,6,47.13695562874827
drop,2,6,46.09239001890308
drop,2,6,30.05876792293412
drop,2,6,45.0630648834135
drop,2,6,56.357287104463396
drop,2,6,55.97531296920255
drop,2,6,49.719439258961565
drop,2,6,57.98475465520643
drop,2,6,58.68068358206079
drop,2,6,46.71727510617339
drop,2,6,61.257016419762046
drop,2,6,57.18838557425627
drop,2,6,28.45592182270981
drop,2,6,40.4199915713044
drop,2,6,47.972099825004896
drop,2,6,51.09400004151182
drop,2,6,39.656898350921225
drop,2,6,31.047489680250617
drop,2,6,30.74045424589461
drop,2,6,43.83214969228224
drop,2,6,40.63891845306526
drop,2,6,50.49791818100685
drop,2,6,52.857102013768774
drop,2,6,49.87973278504903
drop,2,6,47.850123051407614
drop,2,6,56.630908246130964
drop,2,6,54.28370397482908
drop,2,6,29.90605780843303
drop,2,6,40.429294397672656
drop,2,6,52.65740320171045
drop,2,6,52.10503640987357
drop,2,6,41.240396412426364
drop,2,6,31.77454789563965
drop,2,6,38.63217342882295
drop,2,6,47.60042042217722
drop,2,6,53.074573427307314
drop,2,6,38.469098474856054
drop,2,6,30.066487337898756
drop,2,6,26.15055394217624
drop,2,6,16.186659670059758
drop,2,6,16.36609636375417
drop,2,6,18.054109716793374
drop,2,6,18.104447453293517
drop,2,6,23.745112260798397
drop,2,6,24.089301842217946
drop,2,6,23.63584512223523
drop,2,6,22.949022430759396
drop,2,6,24.04174310704363
drop,2,6,24.10277929483605
drop,2,6,31.427997128969416
drop,2,6,36.50823115232627
drop,2,6,35.33533069157592
drop,2,6,31.553926512995794
drop,2,6,33.361125929114415
drop,2,6,34.469179214859395
drop,2,6,33.85506160783737
drop,2,6,37.11037751496157
drop,2,6,36.131483931267205
drop,2,6,31.1298830387914
drop,2,6,42.14893337458025
drop,2,6,46.76884846900855
drop,2,6,44.51025505034497
drop,2,6,44.07012401627579
drop,2,6,45.29663607162041
drop,2,6,45.25775728779183
drop,2,6,47.017805071892134
drop,2,6,49.265263694682396
drop,2,6,48.901626327440376
drop,2,6,37.21352437280084
drop,2,6,40.631228532406475
drop,2,6,44.280556280833785
drop,2,6,47.569891942091786
drop,2,6,39.292078228803504
drop,2,6,38.109348221322726
drop,2,6,32.807777168702394
drop,2,6,44.15880918458858
drop,2,6,39.22519203793488
drop,2,6,42.37083354568087
drop,2,6,44.801280474768866
drop,2,6,42.75042777747244
drop,2,6,44.67704498801587
drop,2,6,48.84390859818356
drop,2,6,43.86835835451954
drop,2,6,41.19019746305405
drop,2,6,41.680781751065396
drop,2,6,45.86350129070796
drop,2,6,48.73523262379374
drop,2,6,39.7292018668655
drop,2,6,34.75301584372803
drop,2,6,36.93600074635887
drop,2,6,40.635384791195364
drop,2,6,40.0132645268793
drop,2,6,36.04411052558545
drop,2,6,33.94360577740107
drop,2,6,24.76983545456531
drop,2,6,28.884450701864882
drop,2,6,33.05259348358212
drop,2,6,35.51290917032442
drop,2,6,32.86162500472265
drop,2,6,34.82565965701676
drop,2,6,27.934198678932624
drop,2,6,43.46658310991414
drop,2,6,44.93942317980106
drop,2,6,37.43061315671048
drop,2,6,28.406546315167507
drop,2,6,36.56719888779127
drop,2,6,44.755732534372335
drop,2,6,41.7227218133015
drop,2,6,40.79541181440298
drop,2,6,38.923348308334965
drop,2,6,42.640297032899795
drop,2,6,49.700327363859444
drop,2,6,51.036910672631876
drop,2,6,47.6402645806254
drop,2,6,40.80496172312546
drop,2,6,28.877211418002503
drop,2,6,33.28111544194862
drop,2,6,38.59464250456546
drop,2,6,44.81439951253468
drop,2,6,40.08971442793101
drop,2,6,43.05947327537133
drop,2,6,28.256361534594916
drop,2,6,25.760333760675717
hcs,2,0,66.7483496325109
hcs,2,1,68.3812791699826
hcs,2,1,61.033639300677976
hcs,2,1,65.8519923741308
hcs,2,1,65.83976429558292
hcs,2,1,66.6035816106851
hcs,2,1,66.59995685330944
hcs,2,1,65.93855463763526
hcs,2,1,68.34334816831404
hcs,2,1,66.10530546254455
hcs,2,1,67.24913369168738
hcs,2,2,57.09480215705957
hcs,2,2,65.96589062138239
hcs,2,2,65.23175218187407
hcs,2,2,65.7463502060182
hcs,2,2,68.32713939015204
hcs,2,2,67.72260438387777
hcs,2,2,67.39350710620012
hcs,2,2,66.040211009313
hcs,2,2,68.59803371376348
hcs,2,2,59.05260509973635
hcs,2,2,58.54623190085054
hcs,2,2,59.76251496668804
hcs,2,2,61.058289635574646
hcs,2,2,59.93493967966249
hcs,2,2,63.00841771214197
hcs,2,2,61.203384387139316
hcs,2,2,60.84544594976654
hcs,2,2,63.225237826784905
hcs,2,2,65.73495036606725
hcs,2,2,63.70032435001958
hcs,2,2,65.34114543040333
hcs,2,2,66.65873607051563
hcs,2,2,63.73821200669275
hcs,2,2,67.85440813751063
hcs,2,2,64.30154531820382
hcs,2,2,64.8198066981865
hcs,2,2,64.97205197525787
hcs,2,2,65.50864188232872
hcs,2,2,65.29800150923425
hcs,2,2,64.6597230535014
hcs,2,2,66.6092778117496
hcs,2,2,64.00520424591323
hcs,2,2,65.80206919893837
hcs,2,2,65.17946468126145
hcs,2,2,67.53749953875092
hcs,2,2,65.49876024859353
hcs,2,2,66.32387273969567
hcs,2,2,66.03341807569826
hcs,2,2,67.0430517834797
hcs,2,2,68.5498532812293
hcs,2,2,65.4395515459443
hcs,2,2,66.48160492606105
hcs,2,2,63.88211318933732
hcs,2,2,69.98149609516265
hcs,2,2,64.83031902400747
hcs,2,3,55.63715691553847
hcs,2,3,54.59902401856582
hcs,2,3,55.6319377156204
hcs,2,3,55.58754163517715
hcs,2,3,54.125545988150215
hcs,2,3,55.65985914318345
hcs,2,3,55.23844881623325
hcs,2,3,55.989139046439206
hcs,2,3,60.546050471023015
hcs,2,3,63.46593903846195
hcs,2,3,64.89256880794835
hcs,2,3,63.03570542363792
hcs,2,3,64.57370209125696
hcs,2,3,61.877588864542254
hcs,2,3,66.0088667040345
hcs,2,3,63.70049860192244
hcs,2,3,64.5798081785283
hcs,2,3,64.81692121054957
hcs,2,3,65.60656001984741
hcs,2,3,66.17727841432023
hcs,2,3,66.68025265210932
hcs,2,3,65.85967737887415
hcs,2,3,64.32943398885907
hcs,2,3,65.20936099790947
hcs,2,3,64.74959426076671
hcs,2,3,66.22899427435999
hcs,2,3,66.45600559871745
hcs,2,3,65.53963296918369
hcs,2,3,66.16341015953185
hcs,2,3,68.5128652003112
hcs,2,3,64.6354090002151
hcs,2,3,65.14001585418406
hcs,2,3,67.77291779410969
hcs,2,3,63.52510069368215
hcs,2,3,68.0646390366745
hcs,2,3,63.15377814812081
hcs,2,3,53.667505569769304
hcs,2,3,57.58850203671544
hcs,2,3,58.55081747464258
hcs,2,3,56.21720352937082
hcs,2,3,56.2937096490688
hcs,2,3,58.7124364433486
hcs,2,3,59.463741334137545
hcs,2,3,56.38500084655114
hcs,2,3,59.32367420628374
hcs,2,3,58.624671579041596
hcs,2,3,61.24590839877364
hcs,2,3,59.09919973355973
hcs,2,3,59.00662091007812
hcs,2,3,58.91374281240519
hcs,2,3,56.8797796880077
hcs,2,3,58.58125417959541
hcs,2,3,59.02098576519562
hcs,2,3,60.01353267980177
hcs,2,3,59.74715254609843
hcs,2,3,60.388882955138754
hcs,2,3,61.20661921343448
hcs,2,3,61.71306067081521
hcs,2,3,60.03917434677085
hcs,2,3,58.16601306439312
hcs,2,3,60.1910598978644
hcs,2,3,59.934997462181485
hcs,2,3,62.75601508965922
hcs,2,3,58.82775378548287
hcs,2,3,53.70359257361961
hcs,2,3,61.555479816457414
hcs,2,3,62.19570931438686
hcs,2,3,61.58663490435665
hcs,2,3,62.03496188982152
hcs,2,3,62.07800737438319
hcs,2,3,64.57323934506931
hcs,2,3,64.18721588307092
hcs,2,3,64.45935758107395
hcs,2,3,63.57589467871026
hcs,2,3,65.50723921264027
hcs,2,3,63.27013465891075
hcs,2,3,65.54142074078726
hcs,2,3,63.5892953806364
hcs,2,3,64.00679988468997
hcs,2,3,64.44924386696135
hcs,2,3,62.519080521628325
hcs,2,3,65.39374516566944
hcs,2,3,59.03844127550052
hcs,2,3,67.32167095594632
hcs,2,3,60.44595996413725
hcs,2,3,63.26738176036767
hcs,2,3,62.27642517713039
hcs,2,3,63.1208310387309
hcs,2,3,64.503834006814
hcs,2,3,64.87867312137627
hcs,2,3,64.60788999248037
hcs,2,3,65.26445247913958
hcs,2,3,65.00869067318617
hcs,2,3,64.5639933183489
hcs,2,3,64.58994571643699
hcs,2,3,64.34607954105472
hcs,2,3,64.46166833535518
hcs,2,3,63.07114530240975
hcs,2,3,64.83660533175029
hcs,2,3,63.40836438812656
hcs,2,3,63.16414398253508
hcs,2,3,65.54288850223632
hcs,2,3,65.484534433241
hcs,2,3,66.25547037604564
hcs,2,3,63.45012032184236
hcs,2,3,63.7014490206154
hcs,2,3,64.75774214423862
hcs,2,3,63.466641881790196
hcs,2,3,65.73701072357825
hcs,2,3,64.08400469216174
hcs,2,3,64.21995591370113
hcs,2,3,64.30984398593014
hcs,2,3,65.35942845676644
hcs,2,3,63.794434250070985
hcs,2,3,66.75316209516876
hcs,2,3,64.58917003343784
hcs,2,3,62.30713822467533
hcs,2,3,68.51620432393493
hcs,2,3,64.11323557212384
hcs,2,3,53.85763670024627
hcs,2,4,46.50878717266208
hcs,2,4,54.098027030512085
hcs,2,4,54.599360501746006
hcs,2,4,52.52360072360042
hcs,2,4,54.25484803824836
hcs,2,4,55.089788198880285
hcs,2,4,55.94892661061842
hcs,2,4,51.65968728904245
hcs,2,4,52.88227843504605
hcs,2,4,52.506042199462485
hcs,2,4,53.3007819659731
hcs,2,4,54.11901267118059
hcs,2,4,53.71107417270948
hcs,2,4,52.03377631942564
hcs,2,4,49.394434662926386
hcs,2,4,52.31340626097727
hcs,2,4,53.766597338943
hcs,2,4,54.805095571314986
hcs,2,4,52.90970726719988
hcs,2,4,53.64158037935226
hcs,2,4,52.90088211747038
hcs,2,4,55.514755677505555
hcs,2,4,51.863528396116735
hcs,2,4,53.96592880995519
hcs,2,4,55.058887712795666
hcs,2,4,53.006169375074954
hcs,2,4,55.00686640254836
hcs,2,4,50.99076314324559
hcs,2,4,53.23593232527797
hcs,2,4,59.10044723044414
hcs,2,4,59.528557142424695
hcs,2,4,59.226512191518545
hcs,2,4,60.53569298098456
hcs,2,4,59.64478577087707
hcs,2,4,61.65412706132598
hcs,2,4,62.05215848322012
hcs,2,4,61.611986526302466
hcs,2,4,62.99908916796375
hcs,2,4,62.52150812589263
hcs,2,4,62.2211525275143
hcs,2,4,64.45332489561359
hcs,2,4,61.39383709019695
hcs,2,4,65.34949346656819
hcs,2,4,62.00481462171581
hcs,2,4,60.67993788744126
hcs,2,4,63.57140546849405
hcs,2,4,57.44319419855724
hcs,2,4,65.06086250655426
hcs,2,4,58.41480976707874
hcs,2,4,62.39277580606757
hcs,2,4,61.48965283177365
hcs,2,4,62.00119605797404
hcs,2,4,63.156490048571044
hcs,2,4,64.120900060507
hcs,2,4,64.53931849158994
hcs,2,4,65.77790474026753
hcs,2,4,65.67641585281233
hcs,2,4,65.01193128755652
hcs,2,4,64.5023045549953
hcs,2,4,64.75109083616026
hcs,2,4,65.17733880194616
hcs,2,4,62.32823599079727
hcs,2,4,66.15963621665645
hcs,2,4,62.69421329157071
hcs,2,4,63.12344340008635
hcs,2,4,62.92284002754871
hcs,2,4,64.04447842860131
hcs,2,4,65.36245884172929
hcs,2,4,62.37651066982865
hcs,2,4,63.345575995691085
hcs,2,4,64.06017577759901
hcs,2,4,61.282893100223056
hcs,2,4,63.818956270605696
hcs,2,4,62.09690861233618
hcs,2,4,63.24506182710052
hcs,2,4,64.23363061371785
hcs,2,4,66.80509922854743
hcs,2,4,62.15513277680545
hcs,2,4,67.69236461478108
hcs,2,4,62.5892069529615
hcs,2,4,61.87074345032166
hcs,2,4,64.90508822995757
hcs,2,4,62.3793142597594
hcs,2,4,54.01719198439835
hcs,2,4,45.841589079885594
hcs,2,4,53.013108975439835
hcs,2,4,52.78923141665036
hcs,2,4,51.977378752013216
hcs,2,4,52.15837391282928
hcs,2,4,53.113218850347735
hcs,2,4,56.758259808666324
hcs,2,4,55.229210579836185
hcs,2,4,57.101138708182695
hcs,2,4,58.24763544407696
hcs,2,4,57.26589120135548
hcs,2,4,55.19036207131606
hcs,2,4,56.25269632871368
hcs,2,4,58.67308946680758
hcs,2,4,59.02113347964468
hcs,2,4,55.04731265634686
hcs,2,4,55.47230925960848
hcs,2,4,57.90466244551061
hcs,2,4,54.52598912239678
hcs,2,4,58.43647582226815
hcs,2,4,54.23637592578743
hcs,2,4,54.7084095304199
hcs,2,4,54.79079518633739
hcs,2,4,55.873522230310776
hcs,2,4,56.61158131642725
hcs,2,4,55.53173719483656
hcs,2,4,58.16842498732506
hcs,2,4,58.76550291022794
hcs,2,4,58.548445889697085
hcs,2,4,58.72411102123192
hcs,2,4,58.13209268715646
hcs,2,4,56.55581693515524
hcs,2,4,59.17175257134012
hcs,2,4,57.66099033292015
hcs,2,4,60.00829971123669
hcs,2,4,56.763020583808185
hcs,2,4,56.81073434204475
hcs,2,4,58.37950660001151
hcs,2,4,59.3537809027192
hcs,2,4,59.2214013666927
hcs,2,4,56.86614513882279
hcs,2,4,58.28741858276584
hcs,2,4,57.93113096590756
hcs,2,4,56.690186558661615
hcs,2,4,59.22114499736095
hcs,2,4,58.22336723576191
hcs,2,4,57.587991475744694
hcs,2,4,57.055607467731626
hcs,2,4,59.59968245361027
hcs,2,4,57.54905109461295
hcs,2,4,60.80643373385751
hcs,2,4,59.66571668443215
hcs,2,4,53.06997546590091
hcs,2,4,59.867107104041
hcs,2,4,55.385850563949845
hcs,2,4,50.375911578461164
hcs,2,4,50.76457057458271
hcs,2,4,52.297535638471125
hcs,2,4,50.9414644936882
hcs,2,4,53.955024854874246
hcs,2,4,55.11479956395425
hcs,2,4,61.534721454479936
hcs,2,4,59.95207280490824
hcs,2,4,60.71145398367525
hcs,2,4,60.38151432749896
hcs,2,4,61.35478870603349
hcs,2,4,61.43601674336029
hcs,2,4,61.67895038400418
hcs,2,4,55.481397733911756
hcs,2,4,61.22988664635307
hcs,2,4,58.49570133145612
hcs,2,4,61.66983651385518
hcs,2,4,61.71014083534262
hcs,2,4,63.04635779725992
hcs,2,4,64.91279413804004
hcs,2,4,62.360980656885836
hcs,2,4,62.632424628611574
hcs,2,4,64.0552029366215
hcs,2,4,58.755971757520506
hcs,2,4,64.45885801222568
hcs,2,4,61.799035322158005
hcs,2,4,63.78651024388542
hcs,2,4,61.88546258420312
hcs,2,4,62.58433993709824
hcs,2,4,59.448815277432466
hcs,2,4,66.60556693272564
hcs,2,4,60.268014694112736
hcs,2,4,57.68769667237768
hcs,2,4,66.53960902880124
hcs,2,4,59.158099462385
hcs,2,4,54.10727346350753
hcs,2,4,59.506345916711034
hcs,2,4,61.994413458687426
hcs,2,4,64.2132156176211
hcs,2,4,63.8628647801376
hcs,2,4,60.50994333120693
hcs,2,4,63.64415066498219
hcs,2,4,61.88976199302587
hcs,2,4,61.59066805319004
hcs,2,4,62.76639298136543
hcs,2,4,63.1230655669211
hcs,2,4,64.08658951768305
hcs,2,4,63.570123173098416
hcs,2,4,63.97547763579712
hcs,2,4,63.564902683053816
hcs,2,4,64.13111712990671
hcs,2,4,63.61536846959187
hcs,2,4,61.31636074561744
hcs,2,4,66.22872261158076
hcs,2,4,62.16625273087275
hcs,2,4,53.51825752207373
hcs,2,4,60.012827310024306
hcs,2,4,63.05599298643215
hcs,2,4,63.12197006286069
hcs,2,4,63.023951827187574
hcs,2,4,64.45723809084988
hcs,2,4,63.080682934299716
hcs,2,4,61.42079806622205
hcs,2,4,63.190647721800055
hcs,2,4,63.042832484462316
hcs,2,4,54.564390780768555
hcs,2,4,60.47829423820763
hcs,2,4,64.40000686641605
hcs,2,4,62.410381423033414
hcs,2,4,52.70041187541026
hcs,2,4,52.03716912948302
hcs,2,5,41.46203900112112
hcs,2,5,44.99578955184187
hcs,2,5,45.086339809083604
hcs,2,5,45.99771555979361
hcs,2,5,46.25998491385536
hcs,2,5,46.20630413542981
hcs,2,5,52.60178384896591
hcs,2,5,49.52762343300335
hcs,2,5,51.90905904678744
hcs,2,5,52.517315131682864
hcs,2,5,52.921360984147206
hcs,2,5,49.13442031480827
hcs,2,5,53.40149800824335
hcs,2,5,52.03559351805394
hcs,2,5,53.880963334500024
hcs,2,5,49.48179966008197
hcs,2,5,50.6082666987388
hcs,2,5,52.19401867580085
hcs,2,5,49.50438523436475
hcs,2,5,54.54034342934793
hcs,2,5,46.89699574843394
hcs,2,5,49.89287702998507
hcs,2,5,46.45560210505175
hcs,2,5,49.76634066536854
hcs,2,5,50.594406541988654
hcs,2,5,50.664233041609364
hcs,2,5,53.367846686767415
hcs,2,5,52.39264607080856
hcs,2,5,52.30137170049629
hcs,2,5,53.372307716207025
hcs,2,5,50.87392252315558
hcs,2,5,54.642202061398805
hcs,2,5,53.71388660939209
hcs,2,5,52.89196925152374
hcs,2,5,52.584123247480086
hcs,2,5,50.69569995698595
hcs,2,5,47.28523439818456
hcs,2,5,49.128294536338686
hcs,2,5,50.924709963446055
hcs,2,5,52.94870657081467
hcs,2,5,47.62605860859766
hcs,2,5,50.46286868352809
hcs,2,5,49.55243267384203
hcs,2,5,49.558577264875815
hcs,2,5,51.10820990572562
hcs,2,5,49.67996865451384
hcs,2,5,50.64893622101055
hcs,2,5,50.29455179136957
hcs,2,5,51.25323469571045
hcs,2,5,49.94458739836548
hcs,2,5,52.14285149721617
hcs,2,5,49.09167993181926
hcs,2,5,46.89405828191026
hcs,2,5,50.73670657638244
hcs,2,5,49.398791357922114
hcs,2,5,44.72325121238166
hcs,2,5,49.979824497458736
hcs,2,5,54.26110892636245
hcs,2,5,50.73232789957098
hcs,2,5,53.20041218082625
hcs,2,5,53.946890336939326
hcs,2,5,60.22827590577015
hcs,2,5,57.70401222566115
hcs,2,5,59.6567496406452
hcs,2,5,58.72067012122177
hcs,2,5,59.3425205961436
hcs,2,5,59.48770472684991
hcs,2,5,58.22939534260389
hcs,2,5,53.83356342279214
hcs,2,5,58.65858655731291
hcs,2,5,55.15606131617656
hcs,2,5,59.272359722726506
hcs,2,5,60.526305242894416
hcs,2,5,60.42721256062404
hcs,2,5,61.809941208746
hcs,2,5,59.75594457650322
hcs,2,5,60.068765825113054
hcs,2,5,61.11479708725969
hcs,2,5,56.06333257728888
hcs,2,5,61.619120131949934
hcs,2,5,59.950343718519925
hcs,2,5,57.024502896565785
hcs,2,5,60.52390737593487
hcs,2,5,61.86624966429872
hcs,2,5,56.88748585391633
hcs,2,5,64.7858485987044
hcs,2,5,58.346368020591434
hcs,2,5,55.35505274119621
hcs,2,5,62.62242630474722
hcs,2,5,57.96593299269187
hcs,2,5,54.11540013087739
hcs,2,5,56.770520646388036
hcs,2,5,59.33191291958904
hcs,2,5,63.10298975302221
hcs,2,5,62.034649637482154
hcs,2,5,59.54099393793554
hcs,2,5,62.6870530180487
hcs,2,5,61.69084902150982
hcs,2,5,61.35775071532461
hcs,2,5,63.909546527374886
hcs,2,5,62.92421603483187
hcs,2,5,63.808480310637194
hcs,2,5,64.45710868324294
hcs,2,5,64.06022138814983
hcs,2,5,61.9408767506436
hcs,2,5,64.65744221382381
hcs,2,5,62.91114277081269
hcs,2,5,59.07248004122386
hcs,2,5,64.36480444677208
hcs,2,5,61.49690844548407
hcs,2,5,54.343458116581125
hcs,2,5,57.22975515846848
hcs,2,5,60.56524423633456
hcs,2,5,62.959883729260945
hcs,2,5,60.93431060683575
hcs,2,5,63.70732190273885
hcs,2,5,63.063488712027315
hcs,2,5,58.789452168657505
hcs,2,5,61.573251593575925
hcs,2,5,61.38758291547274
hcs,2,5,54.91997133028199
hcs,2,5,58.04540224205294
hcs,2,5,62.994917794167215
hcs,2,5,60.526439715657574
hcs,2,5,52.92552275838015
hcs,2,5,51.74654640974817
hcs,2,5,41.961385487196644
hcs,2,5,42.43915895575173
hcs,2,5,43.33372654630471
hcs,2,5,46.2231648258449
hcs,2,5,45.87488880027444
hcs,2,5,50.163324569128285
hcs,2,5,51.77432573322093
hcs,2,5,52.42462964090831
hcs,2,5,52.077983850374764
hcs,2,5,49.841319144068244
hcs,2,5,52.15511744180894
hcs,2,5,52.367810891675425
hcs,2,5,49.06090548839302
hcs,2,5,53.469893804379545
hcs,2,5,47.654710771688805
hcs,2,5,53.26254441866598
hcs,2,5,55.299259428668925
hcs,2,5,57.25341477360543
hcs,2,5,56.90719095401009
hcs,2,5,54.28004027739325
hcs,2,5,55.774843643313645
hcs,2,5,55.65508776034543
hcs,2,5,54.16133728782536
hcs,2,5,58.78327110428465
hcs,2,5,55.89099643733213
hcs,2,5,53.64058782333597
hcs,2,5,54.84604862477877
hcs,2,5,55.02193392974078
hcs,2,5,54.9622801404733
hcs,2,5,58.19559380214005
hcs,2,5,55.055153881305166
hcs,2,5,53.0459979759743
hcs,2,5,55.38260279177399
hcs,2,5,53.056004949762126
hcs,2,5,49.99707484209351
hcs,2,5,51.52908606323871
hcs,2,5,54.85179341966455
hcs,2,5,55.48038736691371
hcs,2,5,55.795001013922615
hcs,2,5,53.00473877349664
hcs,2,5,54.64597894091209
hcs,2,5,54.712679547754206
hcs,2,5,53.54650709851941
hcs,2,5,55.12706544123698
hcs,2,5,53.902026283136685
hcs,2,5,56.55029011932415
hcs,2,5,56.32979990550041
hcs,2,5,58.55747125833675
hcs,2,5,56.60355746425262
hcs,2,5,58.43469788192866
hcs,2,5,57.207027480733394
hcs,2,5,52.0322304445702
hcs,2,5,57.75441574413751
hcs,2,5,54.22409714860812
hcs,2,5,51.78222993694829
hcs,2,5,52.80510092520829
hcs,2,5,55.77798057280865
hcs,2,5,55.32218752189956
hcs,2,5,56.843907527454796
hcs,2,5,58.6323538378716
hcs,2,5,56.54388750806943
hcs,2,5,54.1818324916012
hcs,2,5,56.11828518279752
hcs,2,5,54.472411658415986
hcs,2,5,50.74268786947147
hcs,2,5,50.75706007014471
hcs,2,5,58.81728583549184
hcs,2,5,54.250147618727595
hcs,2,5,47.9585406587503
hcs,2,5,47.97008171857698
hcs,2,5,43.53109693812493
hcs,2,5,49.101382115018694
hcs,2,5,50.0047350386559
hcs,2,5,51.25814371886882
hcs,2,5,48.52656177720227
hcs,2,5,53.428311436120325
hcs,2,5,53.1721267017361
hcs,2,5,47.399712089930304
hcs,2,5,55.28755959132838
hcs,2,5,51.85568640288808
hcs,2,5,59.00254123628282
hcs,2,5,59.570122097452526
hcs,2,5,59.8431801278989
hcs,2,5,54.823863445418716
hcs,2,5,59.90494964378404
hcs,2,5,58.48257297014533
hcs,2,5,54.185352249088425
hcs,2,5,60.559047416824185
hcs,2,5,57.56554706234982
hcs,2,5,51.627507435092156
hcs,2,5,56.964965378618025
hcs,2,5,60.532983967528565
hcs,2,5,60.31161621648189
hcs,2,5,58.473370597429664
hcs,2,5,63.629364063240814
hcs,2,5,62.299245486686814
hcs,2,5,56.44830312871828
hcs,2,5,62.07017264876622
hcs,2,5,60.32301079534306
hcs,2,5,52.4320890973231
hcs,2,5,56.174694914216104
hcs,2,5,65.26862968003617
hcs,2,5,58.46742072530019
hcs,2,5,52.537836998440326
hcs,2,5,51.86372423046476
hcs,2,5,57.77072982108017
hcs,2,5,60.63308659738117
hcs,2,5,59.48859651345748
hcs,2,5,61.31702989084275
hcs,2,5,62.14836486106638
hcs,2,5,61.57365043950659
hcs,2,5,59.31212414777812
hcs,2,5,61.24110870777584
hcs,2,5,61.0588578597839
hcs,2,5,54.48284077940143
hcs,2,5,59.50172233191915
hcs,2,5,63.36287948695163
hcs,2,5,61.28766850951379
hcs,2,5,51.76932241555077
hcs,2,5,51.3408683112123
hcs,2,5,55.053497701468025
hcs,2,5,59.740286277032936
hcs,2,5,59.908552806939255
hcs,2,5,51.35766457611788
hcs,2,5,51.78754062239602
hcs,2,5,49.28100160476181
hcs,2,6,35.132506063883454
hcs,2,6,33.843419203396884
hcs,2,6,34.616890194107945
hcs,2,6,39.05876502460936
hcs,2,6,43.07691965460652
hcs,2,6,42.24582374511133
hcs,2,6,43.70200827690667
hcs,2,6,42.343211487611946
hcs,2,6,43.0350545688983
hcs,2,6,42.412517916751355
hcs,2,6,45.10226118710733
hcs,2,6,43.49386529887679
hcs,2,6,41.67199151313818
hcs,2,6,45.81582365569229
hcs,2,6,39.863968591593334
hcs,2,6,45.242672247601256
hcs,2,6,47.18350792520848
hcs,2,6,51.39525112487963
hcs,2,6,52.47733366694436
hcs,2,6,44.95600605575853
hcs,2,6,47.5953587664412
hcs,2,6,49.400040037434835
hcs,2,6,47.05171144325244
hcs,2,6,51.071119422571655
hcs,2,6,47.9253080082396
hcs,2,6,43.81202976368043
hcs,2,6,44.555620609036126
hcs,2,6,48.14692322937716
hcs,2,6,44.825023330919095
hcs,2,6,50.4189026387721
hcs,2,6,45.426327986051405
hcs,2,6,45.17020829702452
hcs,2,6,50.4574806577195
hcs,2,6,44.76245009239091
hcs,2,6,41.13740611098301
hcs,2,6,41.32504926325423
hcs,2,6,45.657843627222086
hcs,2,6,49.39107502770131
hcs,2,6,49.60488172535652
hcs,2,6,45.165775911542596
hcs,2,6,48.822330909126215
hcs,2,6,47.048990154138465
hcs,2,6,47.54483724554831
hcs,2,6,47.9995842862089
hcs,2,6,48.28987763889648
hcs,2,6,49.22745401593239
hcs,2,6,50.751965372287565
hcs,2,6,50.000423553918814
hcs,2,6,48.68576439538183
hcs,2,6,50.71376817717411
hcs,2,6,50.05976476046094
hcs,2,6,44.711799428075174
hcs,2,6,48.46752000494284
hcs,2,6,50.64176760862347
hcs,2,6,45.075245164164684
hcs,2,6,41.92685598315671
hcs,2,6,45.784102700366134
hcs,2,6,46.195591445555756
hcs,2,6,46.40744239071413
hcs,2,6,48.96519531726323
hcs,2,6,48.184845171770945
hcs,2,6,46.47650888421426
hcs,2,6,47.16904076318312
hcs,2,6,47.3750280973317
hcs,2,6,45.31411316257883
hcs,2,6,41.40783024187486
hcs,2,6,46.586057629338214
hcs,2,6,46.50465274563745
hcs,2,6,39.355954660618714
hcs,2,6,40.54620156734545
hcs,2,6,41.63895522029198
hcs,2,6,44.364419726451004
hcs,2,6,47.51048874161024
hcs,2,6,50.70870209035447
hcs,2,6,49.68821545601479
hcs,2,6,51.738451549111666
hcs,2,6,54.63278878496385
hcs,2,6,45.57127543532905
hcs,2,6,54.84715206078662
hcs,2,6,48.083255998756925
hcs,2,6,59.087531239121724
hcs,2,6,59.44373481505744
hcs,2,6,58.876714800081565
hcs,2,6,52.1732425195509
hcs,2,6,57.781892279567906
hcs,2,6,56.55095418882393
hcs,2,6,52.62355173426779
hcs,2,6,56.36546817821002
hcs,2,6,54.92302751710828
hcs,2,6,47.32185450003731
hcs,2,6,53.79936600385442
hcs,2,6,57.609163932088116
hcs,2,6,59.07638573474484
hcs,2,6,55.040136362364244
hcs,2,6,61.28904662863612
hcs,2,6,58.80767011875333
hcs,2,6,55.30932154669856
hcs,2,6,60.784881870381824
hcs,2,6,58.86075563054843
hcs,2,6,52.36658094114402
hcs,2,6,53.27482491839075
hcs,2,6,60.259971351011366
hcs,2,6,56.67974871989936
hcs,2,6,52.38004559317314
hcs,2,6,50.851242325490375
hcs,2,6,55.29253531824831
hcs,2,6,57.947602597056466
hcs,2,6,56.82435011893664
hcs,2,6,58.428116983725445
hcs,2,6,58.85944977583778
hcs,2,6,60.83604725308545
hcs,2,6,57.974072621895075
hcs,2,6,59.507851063184305
hcs,2,6,60.4490080254254
hcs,2,6,56.858764527410855
hcs,2,6,58.21190100956476
hcs,2,6,62.68966596287192
hcs,2,6,60.513995716017746
hcs,2,6,52.05910536164375
hcs,2,6,51.865290790386
hcs,2,6,53.068602502841856
hcs,2,6,57.8820369561093
hcs,2,6,59.855549413066555
hcs,2,6,52.76466937606965
hcs,2,6,50.73668856965872
hcs,2,6,48.17853606420528
hcs,2,6,35.59578279570207
hcs,2,6,38.784790627734886
hcs,2,6,42.02899695791806
hcs,2,6,41.49481916548176
hcs,2,6,41.39285800742629
hcs,2,6,44.57601604165541
hcs,2,6,44.90993738772413
hcs,2,6,40.58087336503859
hcs,2,6,43.00064543614466
hcs,2,6,42.05817707042917
hcs,2,6,48.27861346135675
hcs,2,6,50.72375787648844
hcs,2,6,50.366723869340746
hcs,2,6,49.91498720767037
hcs,2,6,51.142497379235586
hcs,2,6,48.48564791784397
hcs,2,6,48.294808417689886
hcs,2,6,51.49976045127468
hcs,2,6,46.7871313954913
hcs,2,6,44.32844166320637
hcs,2,6,49.24760376360703
hcs,2,6,53.81669316660527
hcs,2,6,52.85514572536982
hcs,2,6,54.43960307841619
hcs,2,6,55.67794220189408
hcs,2,6,53.72037053659958
hcs,2,6,52.61039127984489
hcs,2,6,54.27282639342225
hcs,2,6,53.711866507786844
hcs,2,6,49.027684686823505
hcs,2,6,49.22719424841651
hcs,2,6,53.84779439345074
hcs,2,6,51.32681023541361
hcs,2,6,47.77417105027825
hcs,2,6,47.32628665891917
hcs,2,6,46.81384471760192
hcs,2,6,51.66150351059235
hcs,2,6,51.255767116191784
hcs,2,6,52.844870172543736
hcs,2,6,55.27566852340655
hcs,2,6,54.52964362023437
hcs,2,6,52.536146029181694
hcs,2,6,52.145122274984665
hcs,2,6,52.52829766321191
hcs,2,6,46.603979369719234
hcs,2,6,49.71410989029732
hcs,2,6,57.697351906447004
hcs,2,6,53.483951349248684
hcs,2,6,47.706854335133485
hcs,2,6,47.61258516616726
hcs,2,6,45.832691094200655
hcs,2,6,51.915038333952445
hcs,2,6,50.521754253535924
hcs,2,6,47.35793824600382
hcs,2,6,48.59882571046734
hcs,2,6,44.00829759166325
hcs,2,6,39.13693056169907
hcs,2,6,45.82092633138053
hcs,2,6,46.90232148224957
hcs,2,6,41.4428250290669
hcs,2,6,49.51976888236166
hcs,2,6,49.393953392302706
hcs,2,6,45.76089561572303
hcs,2,6,53.43833233150299
hcs,2,6,50.69629850957311
hcs,2,6,42.22321960681571
hcs,2,6,50.912849000471226
hcs,2,6,58.30826997160384
hcs,2,6,56.9044357638543
hcs,2,6,49.35429993882459
hcs,2,6,50.15334024075601
hcs,2,6,51.45693529384023
hcs,2,6,58.07768315219125
hcs,2,6,58.67266158007535
hcs,2,6,50.27392461819464
hcs,2,6,49.210746980664965
hcs,2,6,49.30058276442997
hcs,2,6,51.48477447805123
hcs,2,6,57.55680224344864
hcs,2,6,57.91716300462683
hcs,2,6,50.63974693130346
hcs,2,6,50.9388059698321
hcs,2,6,48.62071132490306
hcs,2,6,47.62680884216781
dcs,2,0,66.62429204587475
dcs,2,1,63.538829525165305
dcs,2,1,60.535675067608516
dcs,2,1,65.94307713884642
dcs,2,1,64.44087960887413
dcs,2,1,65.3224991395496
dcs,2,1,67.58275716129806
dcs,2,1,66.71496614471593
dcs,2,1,66.29804780842055
dcs,2,1,65.40401508751695
dcs,2,1,66.60792958051735
dcs,2,2,50.11552568205708
dcs,2,2,63.62096633208194
dcs,2,2,60.586398032083686
dcs,2,2,61.99258148989394
dcs,2,2,64.35701196472502
dcs,2,2,63.72790004707127
dcs,2,2,62.84156913238187
dcs,2,2,61.793587475207154
dcs,2,2,64.20693291993157
dcs,2,2,58.3325500690783
dcs,2,2,58.67775000582274
dcs,2,2,58.12522371453752
dcs,2,2,59.47082002116596
dcs,2,2,58.78061517996505
dcs,2,2,58.21058435449783
dcs,2,2,59.02351454290824
dcs,2,2,60.44148120026686
dcs,2,2,60.82159056302439
dcs,2,2,65.80541836683655
dcs,2,2,66.59638588993812
dcs,2,2,66.08457466273737
dcs,2,2,66.19572050081293
dcs,2,2,65.8290064276026
dcs,2,2,65.87088155395074
dcs,2,2,61.067621481451326
dcs,2,2,65.2519964805881
dcs,2,2,63.8423065679529
dcs,2,2,63.5137297840681
dcs,2,2,62.92577645662981
dcs,2,2,63.726216035379046
dcs,2,2,66.071353002193
dcs,2,2,64.17909129692491
dcs,2,2,65.05795854225408
dcs,2,2,63.74171050536037
dcs,2,2,64.92591872931914
dcs,2,2,67.4029534487707
dcs,2,2,66.96565830499466
dcs,2,2,65.87595910460614
dcs,2,2,66.92409529692586
dcs,2,2,65.52883120048388
dcs,2,2,65.34488284995551
dcs,2,2,64.8261338448527
dcs,2,2,63.3390510014623
dcs,2,2,66.03666309451485
dcs,2,2,62.73046802837675
dcs,2,3,51.0531000757772
dcs,2,3,47.111725039215784
dcs,2,3,49.41799096743076
dcs,2,3,50.41519244850943
dcs,2,3,50.53330595065233
dcs,2,3,49.62451959637404
dcs,2,3,45.70630715392381
dcs,2,3,48.35206915000988
dcs,2,3,56.059638535506714
dcs,2,3,63.5767131709138
dcs,2,3,64.24159605326444
dcs,2,3,63.94447475841931
dcs,2,3,63.00390360944864
dcs,2,3,64.0923910942923
dcs,2,3,63.50568463053978
dcs,2,3,57.883414162831194
dcs,2,3,61.375371652284606
dcs,2,3,60.311770128350496
dcs,2,3,60.28147565105684
dcs,2,3,59.51089443586953
dcs,2,3,60.5486679459898
dcs,2,3,62.62894143532722
dcs,2,3,62.12077414128723
dcs,2,3,62.0741396656753
dcs,2,3,61.768053709874884
dcs,2,3,61.31053968302791
dcs,2,3,64.67422293436125
dcs,2,3,63.37071030502397
dcs,2,3,63.795408326533106
dcs,2,3,64.43607431958115
dcs,2,3,61.92857389247048
dcs,2,3,61.099808093351406
dcs,2,3,63.65408986633623
dcs,2,3,61.145028785132226
dcs,2,3,64.23364160883087
dcs,2,3,59.77634528743068
dcs,2,3,52.2373171600462
dcs,2,3,57.664031465638786
dcs,2,3,57.84690311301131
dcs,2,3,57.99018893921296
dcs,2,3,57.44082159461503
dcs,2,3,57.29320795258145
dcs,2,3,58.70311547665964
dcs,2,3,52.985371819141136
dcs,2,3,58.54344971071684
dcs,2,3,56.9033158765471
dcs,2,3,57.216741310248075
dcs,2,3,56.61509653814626
dcs,2,3,58.904155255763804
dcs,2,3,57.93691825596438
dcs,2,3,56.18994768300741
dcs,2,3,55.11295633231617
dcs,2,3,56.32104060450015
dcs,2,3,57.250488474146785
dcs,2,3,58.298239459138415
dcs,2,3,58.065577236944975
dcs,2,3,58.46896681003621
dcs,2,3,60.33718843036737
dcs,2,3,57.69550848086723
dcs,2,3,57.74573221413984
dcs,2,3,60.149921108522044
dcs,2,3,54.654235933111664
dcs,2,3,58.86905959062505
dcs,2,3,55.30309823007982
dcs,2,3,57.49723729136923
dcs,2,3,60.463470164272046
dcs,2,3,59.835858955494814
dcs,2,3,59.931241905167155
dcs,2,3,58.757356329069886
dcs,2,3,60.263647233328776
dcs,2,3,65.3400591804665
dcs,2,3,65.04145564153049
dcs,2,3,66.03731253570459
dcs,2,3,66.37571579946358
dcs,2,3,65.86563678252666
dcs,2,3,66.58209306246648
dcs,2,3,66.23743103336318
dcs,2,3,66.81386949303044
dcs,2,3,67.20267437952387
dcs,2,3,64.35953062062325
dcs,2,3,64.77260528118289
dcs,2,3,65.72685459592621
dcs,2,3,61.99746276472279
dcs,2,3,65.44899155121942
dcs,2,3,62.841996291845135
dcs,2,3,61.13355260109908
dcs,2,3,59.979770713743605
dcs,2,3,60.60185146225334
dcs,2,3,59.458013928292594
dcs,2,3,60.21484581014091
dcs,2,3,64.32993674092653
dcs,2,3,64.34949465244405
dcs,2,3,63.342873633204
dcs,2,3,64.46523762891464
dcs,2,3,62.79080164345634
dcs,2,3,62.40497280498561
dcs,2,3,63.29057593512519
dcs,2,3,59.736782985777936
dcs,2,3,62.819451672452544
dcs,2,3,59.377351653709596
dcs,2,3,63.277004207157006
dcs,2,3,64.60085827928133
dcs,2,3,63.56590875132109
dcs,2,3,65.01922985157603
dcs,2,3,63.261375845733134
dcs,2,3,63.202284588515845
dcs,2,3,63.4553037313905
dcs,2,3,60.6495394916158
dcs,2,3,64.42508711431122
dcs,2,3,60.92397601736672
dcs,2,3,65.88882743481548
dcs,2,3,66.44560161210751
dcs,2,3,64.77576621163901
dcs,2,3,63.76601544266515
dcs,2,3,66.5247779185401
dcs,2,3,62.855990564151185
dcs,2,3,61.93925139050437
dcs,2,3,64.67535018828072
dcs,2,3,60.13146075272465
dcs,2,3,55.07829925716713
dcs,2,4,41.81793313930008
dcs,2,4,49.84832054885837
dcs,2,4,48.82109552150375
dcs,2,4,50.95262930548078
dcs,2,4,50.85929136338626
dcs,2,4,49.05809719931866
dcs,2,4,50.227211352266366
dcs,2,4,43.25617066620435
dcs,2,4,47.37760666048875
dcs,2,4,48.556361458971395
dcs,2,4,47.363201222538194
dcs,2,4,41.97691873979563
dcs,2,4,45.49543341939295
dcs,2,4,47.36287703668001
dcs,2,4,48.7951877038899
dcs,2,4,46.45057492001336
dcs,2,4,43.22381159323807
dcs,2,4,44.71767160009643
dcs,2,4,49.65729328822901
dcs,2,4,49.48425512438223
dcs,2,4,45.95198860320026
dcs,2,4,47.867652497260806
dcs,2,4,49.01772592965409
dcs,2,4,46.06188674078847
dcs,2,4,49.0834006378771
dcs,2,4,42.351645714345125
dcs,2,4,47.280512514579456
dcs,2,4,43.980808060111265
dcs,2,4,52.19362294979928
dcs,2,4,56.384906680065825
dcs,2,4,55.49692721047443
dcs,2,4,55.753581472215465
dcs,2,4,53.64032671917942
dcs,2,4,56.451558939115124
dcs,2,4,62.76923764660317
dcs,2,4,63.812261293415396
dcs,2,4,62.46922963506225
dcs,2,4,64.65817815840244
dcs,2,4,62.33526247618036
dcs,2,4,64.46843289168095
dcs,2,4,63.324394065499135
dcs,2,4,65.18405132892939
dcs,2,4,64.77446101698749
dcs,2,4,62.6435831235275
dcs,2,4,62.82755378995294
dcs,2,4,63.73259163367769
dcs,2,4,62.618660121579
dcs,2,4,63.07976567202406
dcs,2,4,59.525314632816354
dcs,2,4,57.8461562694198
dcs,2,4,56.562026596171876
dcs,2,4,57.46121490502305
dcs,2,4,56.698831544256024
dcs,2,4,57.01780388923214
dcs,2,4,60.347854021402256
dcs,2,4,60.691293966842274
dcs,2,4,60.32816294006105
dcs,2,4,61.34274105424874
dcs,2,4,59.88643433067431
dcs,2,4,59.52430148628903
dcs,2,4,59.83430663896557
dcs,2,4,57.4942942774221
dcs,2,4,60.034087173520966
dcs,2,4,55.78052321130431
dcs,2,4,61.04673117432174
dcs,2,4,62.43066394747407
dcs,2,4,62.420239831705736
dcs,2,4,62.02544031332084
dcs,2,4,61.047475856310896
dcs,2,4,60.62174743878318
dcs,2,4,61.74955746461913
dcs,2,4,60.18851931945378
dcs,2,4,60.91200382641034
dcs,2,4,57.653131266469806
dcs,2,4,62.862308314404636
dcs,2,4,62.29916756708772
dcs,2,4,62.30695465798477
dcs,2,4,61.99932705411134
dcs,2,4,63.62200745482972
dcs,2,4,60.55110860066184
dcs,2,4,60.462361967598056
dcs,2,4,62.2638706606111
dcs,2,4,57.811903718111765
dcs,2,4,51.99365344588608
dcs,2,4,48.425207691019345
dcs,2,4,52.239851390199945
dcs,2,4,51.91381963582208
dcs,2,4,50.24246780367256
dcs,2,4,50.874673996244255
dcs,2,4,53.94400195475547
dcs,2,4,56.88082404311564
dcs,2,4,57.14711700852357
dcs,2,4,56.32559903341695
dcs,2,4,56.516871534270244
dcs,2,4,58.290341452049354
dcs,2,4,57.25718048896879
dcs,2,4,56.83687418766667
dcs,2,4,57.41324479396255
dcs,2,4,57.9942737077211
dcs,2,4,55.30970854584959
dcs,2,4,57.14723250444008
dcs,2,4,58.09732366493366
dcs,2,4,53.73454819239766
dcs,2,4,56.9021888932117
dcs,2,4,52.83501769730123
dcs,2,4,52.24628838229408
dcs,2,4,51.607477344833505
dcs,2,4,53.11869524828897
dcs,2,4,52.059865204999056
dcs,2,4,51.42131002585765
dcs,2,4,57.017820011469546
dcs,2,4,58.38387014804386
dcs,2,4,57.23062086229531
dcs,2,4,59.56681738662605
dcs,2,4,55.82417704551946
dcs,2,4,55.14719876311227
dcs,2,4,58.003626059460245
dcs,2,4,51.64665096522904
dcs,2,4,57.73786981684187
dcs,2,4,55.60386802131555
dcs,2,4,54.78346459181942
dcs,2,4,54.934344332011634
dcs,2,4,55.56338842223345
dcs,2,4,57.15071506344127
dcs,2,4,54.64003313916792
dcs,2,4,56.90059414944197
dcs,2,4,55.40525889638527
dcs,2,4,51.08232913737451
dcs,2,4,55.498667894515684
dcs,2,4,53.48098684751748
dcs,2,4,57.034280569146404
dcs,2,4,56.97717169714923
dcs,2,4,59.60924278334527
dcs,2,4,54.85126671479961
dcs,2,4,59.33242613835644
dcs,2,4,57.16501858629687
dcs,2,4,53.74044698965634
dcs,2,4,57.780743787211485
dcs,2,4,54.89228087276279
dcs,2,4,46.988877771111135
dcs,2,4,53.826453090317194
dcs,2,4,57.603467280186194
dcs,2,4,55.11468050877664
dcs,2,4,55.174442355468614
dcs,2,4,56.988607785416
dcs,2,4,59.15492084122972
dcs,2,4,60.3221850416798
dcs,2,4,59.39827303375863
dcs,2,4,60.81198451321054
dcs,2,4,58.8464851791606
dcs,2,4,58.177455250866814
dcs,2,4,60.0242877407546
dcs,2,4,56.809438299795886
dcs,2,4,60.027527734489595
dcs,2,4,56.33329994368912
dcs,2,4,64.49789186745004
dcs,2,4,63.58883395706428
dcs,2,4,64.6695298815412
dcs,2,4,66.67477376018466
dcs,2,4,64.83465604219866
dcs,2,4,64.91560760616328
dcs,2,4,64.63370281979344
dcs,2,4,61.10432102351716
dcs,2,4,66.20983023228054
dcs,2,4,62.143126201212354
dcs,2,4,65.83515615387353
dcs,2,4,64.09492691438903
dcs,2,4,65.39752852383104
dcs,2,4,63.67938909213585
dcs,2,4,66.48057204083337
dcs,2,4,63.27723322418656
dcs,2,4,60.445479218817134
dcs,2,4,64.8522592111149
dcs,2,4,61.460175673255755
dcs,2,4,51.97265811803257
dcs,2,4,58.04097853411382
dcs,2,4,60.87224652475306
dcs,2,4,59.91748592374084
dcs,2,4,60.38211740659959
dcs,2,4,59.18957415573013
dcs,2,4,59.06211041691536
dcs,2,4,59.14641282223643
dcs,2,4,56.213602007071074
dcs,2,4,60.550900195975565
dcs,2,4,55.67589279219178
dcs,2,4,63.156885091456175
dcs,2,4,62.84472301715896
dcs,2,4,63.67257697771205
dcs,2,4,61.127008370439995
dcs,2,4,64.21777143322736
dcs,2,4,60.56346518705021
dcs,2,4,59.542864637121994
dcs,2,4,62.33938490259234
dcs,2,4,57.830343456597035
dcs,2,4,51.99974492152355
dcs,2,4,61.19620527854735
dcs,2,4,61.99146360864104
dcs,2,4,61.22617160183855
dcs,2,4,61.00187282576738
dcs,2,4,64.47786780787183
dcs,2,4,61.344271062561305
dcs,2,4,59.241900950066054
dcs,2,4,62.63582351138346
dcs,2,4,59.29282795374029
dcs,2,4,50.94584255665243
dcs,2,4,61.189926386187445
dcs,2,4,64.51478058914299
dcs,2,4,60.511152106987495
dcs,2,4,54.67859017416126
dcs,2,4,53.870244307438796
dcs,2,5,36.64258831922032
dcs,2,5,40.59457257333069
dcs,2,5,43.332904961854695
dcs,2,5,40.607326394708124
dcs,2,5,36.90537152572059
dcs,2,5,40.68038126624033
dcs,2,5,46.496850953740434
dcs,2,5,50.04404064186703
dcs,2,5,48.903650047901394
dcs,2,5,46.02423336705445
dcs,2,5,46.0491917261922
dcs,2,5,47.475482381824115
dcs,2,5,50.30057523515741
dcs,2,5,48.583198328096074
dcs,2,5,48.7001477736306
dcs,2,5,48.95721789284845
dcs,2,5,47.17707774745906
dcs,2,5,51.334979564066366
dcs,2,5,44.26408177991529
dcs,2,5,49.92047306918742
dcs,2,5,43.37398617714571
dcs,2,5,43.25951494927487
dcs,2,5,42.28758356961341
dcs,2,5,43.16721748190103
dcs,2,5,39.39300688838335
dcs,2,5,39.075257924292714
dcs,2,5,47.10474149775285
dcs,2,5,47.82293493705192
dcs,2,5,44.3184475524103
dcs,2,5,44.930785478496105
dcs,2,5,47.51397997339964
dcs,2,5,43.749637591013105
dcs,2,5,46.2203771242086
dcs,2,5,37.730328547793206
dcs,2,5,46.26974717602923
dcs,2,5,40.98739853127199
dcs,2,5,46.46171776688781
dcs,2,5,44.986751388792406
dcs,2,5,42.64815822830164
dcs,2,5,44.998457569419784
dcs,2,5,44.562186633081545
dcs,2,5,44.52554554312794
dcs,2,5,46.46670856940063
dcs,2,5,39.15291685220488
dcs,2,5,44.61504143528131
dcs,2,5,39.621846886702045
dcs,2,5,46.352951951832885
dcs,2,5,46.536437042758585
dcs,2,5,46.824320883250444
dcs,2,5,42.89097895817166
dcs,2,5,45.8854599233086
dcs,2,5,43.203213992168095
dcs,2,5,40.61549614816789
dcs,2,5,45.671817637649625
dcs,2,5,42.948552161348324
dcs,2,5,33.90263298620798
dcs,2,5,50.821094811360965
dcs,2,5,52.44002331495007
dcs,2,5,53.797702951763235
dcs,2,5,50.17030253298304
dcs,2,5,51.45424328142373
dcs,2,5,55.30577240087487
dcs,2,5,56.11487189086245
dcs,2,5,55.00903449775176
dcs,2,5,57.40293740166885
dcs,2,5,55.313223115357665
dcs,2,5,52.97203617333094
dcs,2,5,56.0857274609461
dcs,2,5,53.52584047386097
dcs,2,5,56.591712757649645
dcs,2,5,51.46641376686362
dcs,2,5,63.0674238075853
dcs,2,5,62.42572465508896
dcs,2,5,62.711756452543064
dcs,2,5,63.70093753117134
dcs,2,5,62.8720243662899
dcs,2,5,63.4898315954125
dcs,2,5,61.2871964897496
dcs,2,5,63.07342579160006
dcs,2,5,64.13443336056707
dcs,2,5,59.88694230014045
dcs,2,5,62.57999944836011
dcs,2,5,63.3458561758696
dcs,2,5,63.76901550180689
dcs,2,5,64.37400950639741
dcs,2,5,62.4130282463346
dcs,2,5,60.235304965667204
dcs,2,5,60.43711967127824
dcs,2,5,62.5610452640855
dcs,2,5,58.138522511528365
dcs,2,5,50.05002649965509
dcs,2,5,54.90890499518203
dcs,2,5,58.93755673290204
dcs,2,5,58.26626858788585
dcs,2,5,57.234034586344904
dcs,2,5,57.37213008013975
dcs,2,5,56.63639764872358
dcs,2,5,55.877045991137884
dcs,2,5,55.43339115309466
dcs,2,5,56.82802601439576
dcs,2,5,54.755268266464896
dcs,2,5,59.51212936371607
dcs,2,5,58.69980150205989
dcs,2,5,59.41339731950344
dcs,2,5,59.2169010369351
dcs,2,5,59.87935126460808
dcs,2,5,56.76132809639392
dcs,2,5,56.302916318031706
dcs,2,5,58.88585496483435
dcs,2,5,54.00864524403519
dcs,2,5,48.614945935627354
dcs,2,5,59.30459008881026
dcs,2,5,59.776944168134904
dcs,2,5,59.53319878869231
dcs,2,5,59.8086389745008
dcs,2,5,62.08092769787351
dcs,2,5,58.108803695358645
dcs,2,5,57.30926709701966
dcs,2,5,60.348343405645025
dcs,2,5,56.59121066827475
dcs,2,5,48.44709831193118
dcs,2,5,59.65979065970718
dcs,2,5,61.216168840559405
dcs,2,5,56.62357290919182
dcs,2,5,51.348037881942574
dcs,2,5,49.486460162643446
dcs,2,5,44.135106037253266
dcs,2,5,49.81083689935711
dcs,2,5,46.083594394199245
dcs,2,5,49.212916905895085
dcs,2,5,49.49646791552752
dcs,2,5,51.388427866648435
dcs,2,5,49.727923165540155
dcs,2,5,50.40190165871201
dcs,2,5,53.18287118907617
dcs,2,5,50.058699315308516
dcs,2,5,50.50387078935871
dcs,2,5,53.10591338006726
dcs,2,5,46.14907330720243
dcs,2,5,51.224791312658404
dcs,2,5,47.53748374554277
dcs,2,5,54.468075972973764
dcs,2,5,55.803407224274245
dcs,2,5,55.88121712653007
dcs,2,5,56.95973634072833
dcs,2,5,55.01658162641881
dcs,2,5,55.624239710189684
dcs,2,5,56.978817686195015
dcs,2,5,51.33496332541676
dcs,2,5,56.28520030069913
dcs,2,5,53.98135708371722
dcs,2,5,53.820410022323465
dcs,2,5,56.14951091152871
dcs,2,5,57.06764660647885
dcs,2,5,51.954945841721425
dcs,2,5,54.703392383374116
dcs,2,5,53.19703796415214
dcs,2,5,51.172654484425884
dcs,2,5,55.11454396925096
dcs,2,5,52.06963304408744
dcs,2,5,47.82977371108912
dcs,2,5,47.76876578809122
dcs,2,5,52.24415580450208
dcs,2,5,52.194762100825685
dcs,2,5,52.091761492292896
dcs,2,5,51.29668422976308
dcs,2,5,51.575586331694915
dcs,2,5,49.98705679449987
dcs,2,5,47.68963756192045
dcs,2,5,52.909869706194
dcs,2,5,50.83542404276371
dcs,2,5,54.64745075167527
dcs,2,5,55.444743252657126
dcs,2,5,58.53023709955253
dcs,2,5,52.55924750701983
dcs,2,5,58.13192419992625
dcs,2,5,55.54524006055856
dcs,2,5,49.67227132820426
dcs,2,5,57.47766597598517
dcs,2,5,52.36064575635858
dcs,2,5,44.51661538204906
dcs,2,5,50.92469915097211
dcs,2,5,52.50733294348202
dcs,2,5,53.7303282238578
dcs,2,5,50.826391273237256
dcs,2,5,55.04474427888947
dcs,2,5,52.596204527393894
dcs,2,5,49.896518971830375
dcs,2,5,54.54797182245474
dcs,2,5,52.8399981344269
dcs,2,5,42.928341889445726
dcs,2,5,50.03854003202556
dcs,2,5,56.88385515241961
dcs,2,5,53.12952904810283
dcs,2,5,45.31217706452127
dcs,2,5,46.61571644189168
dcs,2,5,50.878290797931804
dcs,2,5,52.82293067691308
dcs,2,5,52.995535149635366
dcs,2,5,54.31354265217585
dcs,2,5,53.744882631032034
dcs,2,5,55.68735201861889
dcs,2,5,56.39713276938757
dcs,2,5,53.800934274123705
dcs,2,5,56.69849535246354
dcs,2,5,52.5306045296721
dcs,2,5,57.40480923627409
dcs,2,5,58.93778110027201
dcs,2,5,59.60549069430697
dcs,2,5,56.82948947111092
dcs,2,5,60.83561215548361
dcs,2,5,56.92632430135629
dcs,2,5,55.80348477697849
dcs,2,5,58.28875813714301
dcs,2,5,55.164054475379544
dcs,2,5,49.75681428678118
dcs,2,5,62.566284407653875
dcs,2,5,61.983321521386756
dcs,2,5,62.86864378986735
dcs,2,5,60.53220734974422
dcs,2,5,65.69577983322968
dcs,2,5,62.859199817156096
dcs,2,5,57.64753904258887
dcs,2,5,63.32421577113345
dcs,2,5,60.08792680584742
dcs,2,5,51.662367516295646
dcs,2,5,57.46489553232955
dcs,2,5,62.81273543245879
dcs,2,5,60.82831474446706
dcs,2,5,51.66506477774989
dcs,2,5,50.558319248139426
dcs,2,5,57.809491031238004
dcs,2,5,59.153313850598735
dcs,2,5,57.29656799944226
dcs,2,5,57.814947299827914
dcs,2,5,60.396047688442124
dcs,2,5,58.0193960235443
dcs,2,5,54.65967214564552
dcs,2,5,58.709147451583476
dcs,2,5,55.82992743184465
dcs,2,5,47.25495230585725
dcs,2,5,56.426409695527504
dcs,2,5,61.98690279919406
dcs,2,5,58.69024581798558
dcs,2,5,51.750348636969775
dcs,2,5,51.446998153204746
dcs,2,5,52.444057415459454
dcs,2,5,59.33369253229708
dcs,2,5,58.78109926071241
dcs,2,5,51.12427155973065
dcs,2,5,49.88845123596713
dcs,2,5,50.355878995661705
dcs,2,6,28.876603506955785
dcs,2,6,37.871574097857156
dcs,2,6,36.56653351680273
dcs,2,6,31.98131997215834
dcs,2,6,33.61548300135227
dcs,2,6,41.52181149920055
dcs,2,6,39.55735026751317
dcs,2,6,36.687673978777404
dcs,2,6,38.92833841319875
dcs,2,6,38.93245651863569
dcs,2,6,37.75706176993776
dcs,2,6,42.452010552524854
dcs,2,6,32.98988250220535
dcs,2,6,40.56835329218096
dcs,2,6,34.29255167554126
dcs,2,6,46.483166846291105
dcs,2,6,45.271940294933096
dcs,2,6,43.705985347546594
dcs,2,6,45.08954332568545
dcs,2,6,48.666779396115324
dcs,2,6,44.478504883080205
dcs,2,6,47.82484883157368
dcs,2,6,39.41841482341032
dcs,2,6,48.27741817593393
dcs,2,6,42.118511371488175
dcs,2,6,44.77359359541913
dcs,2,6,43.52541364937107
dcs,2,6,46.2027990266655
dcs,2,6,43.91272466010719
dcs,2,6,47.28949226237524
dcs,2,6,43.22451036232174
dcs,2,6,40.67833076370636
dcs,2,6,47.413510606322475
dcs,2,6,42.70479047149401
dcs,2,6,35.41502556133728
dcs,2,6,38.084682653524986
dcs,2,6,41.86898385642687
dcs,2,6,39.50640603979238
dcs,2,6,37.402705612413484
dcs,2,6,41.37283091272444
dcs,2,6,40.8917392113552
dcs,2,6,38.709149678309906
dcs,2,6,34.408640326530744
dcs,2,6,38.924201539092515
dcs,2,6,36.3139167704802
dcs,2,6,44.372048939381834
dcs,2,6,43.795382830541804
dcs,2,6,43.853083607546886
dcs,2,6,39.801586598092136
dcs,2,6,43.600450286232395
dcs,2,6,42.581086019182436
dcs,2,6,39.63762092223248
dcs,2,6,43.508666869382665
dcs,2,6,39.37068087294761
dcs,2,6,31.737296346969885
dcs,2,6,44.40067929682074
dcs,2,6,43.20810596193451
dcs,2,6,42.389232588494714
dcs,2,6,40.011584795802904
dcs,2,6,41.67072881139781
dcs,2,6,40.31784727173257
dcs,2,6,37.65379486393542
dcs,2,6,42.769686627329214
dcs,2,6,39.809418742869624
dcs,2,6,31.024385753725088
dcs,2,6,38.99171385924799
dcs,2,6,44.92386153578678
dcs,2,6,41.011034138213525
dcs,2,6,33.271059945275475
dcs,2,6,33.66500241683319
dcs,2,6,45.65491114696141
dcs,2,6,51.629260021590774
dcs,2,6,50.911434243359174
dcs,2,6,50.20078430743068
dcs,2,6,53.9100186454342
dcs,2,6,50.87939027015997
dcs,2,6,51.804321666400114
dcs,2,6,53.92316084863482
dcs,2,6,52.006397544852554
dcs,2,6,48.4185439840157
dcs,2,6,55.04018457683997
dcs,2,6,52.79202442589634
dcs,2,6,56.229141841402694
dcs,2,6,55.113714706311434
dcs,2,6,57.12400473728728
dcs,2,6,53.30781644022499
dcs,2,6,51.681235799609425
dcs,2,6,55.804501923440675
dcs,2,6,51.0001277221885
dcs,2,6,47.41293669002025
dcs,2,6,61.920618984554544
dcs,2,6,60.462816527310515
dcs,2,6,60.73999621064622
dcs,2,6,58.983912571036726
dcs,2,6,62.42058711514055
dcs,2,6,60.26266688335675
dcs,2,6,60.40675829511285
dcs,2,6,63.05112345577201
dcs,2,6,56.90887704121915
dcs,2,6,49.92667176224484
dcs,2,6,57.46201854665615
dcs,2,6,61.559085380409876
dcs,2,6,58.02187562100688
dcs,2,6,50.48698429412026
dcs,2,6,48.668649545273134
dcs,2,6,54.29339314745382
dcs,2,6,54.678820143778914
dcs,2,6,53.49938685260132
dcs,2,6,56.949117196507935
dcs,2,6,58.27339244893146
dcs,2,6,56.03828176559136
dcs,2,6,54.08450704197592
dcs,2,6,56.25690234618978
dcs,2,6,52.547546032151516
dcs,2,6,45.65364767782241
dcs,2,6,54.05521446266194
dcs,2,6,57.76603592414915
dcs,2,6,53.13740254522049
dcs,2,6,49.57384783522207
dcs,2,6,46.61430104222246
dcs,2,6,51.44726980415458
dcs,2,6,58.123421725647496
dcs,2,6,54.67833803385326
dcs,2,6,47.91573247511243
dcs,2,6,46.577827387643076
dcs,2,6,40.68623547898869
dcs,2,6,40.984510390126864
dcs,2,6,42.38568773754049
dcs,2,6,44.41592747968322
dcs,2,6,42.63639451660527
dcs,2,6,47.420516382082376
dcs,2,6,49.88472389714812
dcs,2,6,48.720958381231995
dcs,2,6,43.37806639085809
dcs,2,6,45.80719426994843
dcs,2,6,43.83117639428079
dcs,2,6,48.682671645311224
dcs,2,6,49.484902517633195
dcs,2,6,51.211825011011705
dcs,2,6,45.889608670833496
dcs,2,6,50.35318296122042
dcs,2,6,48.31393025228038
dcs,2,6,44.901387393247916
dcs,2,6,50.708418861169015
dcs,2,6,46.79314809549841
dcs,2,6,43.364509571256285
dcs,2,6,50.34950875986717
dcs,2,6,54.4224550720286
dcs,2,6,53.898715705851
dcs,2,6,50.62402860201093
dcs,2,6,55.63126645669493
dcs,2,6,53.987562576742675
dcs,2,6,49.958104868889485
dcs,2,6,55.161246700118674
dcs,2,6,53.562971885270414
dcs,2,6,44.93974686098151
dcs,2,6,48.27928580011066
dcs,2,6,53.368546847362055
dcs,2,6,51.47978082816558
dcs,2,6,47.25081966765023
dcs,2,6,47.47131619604345
dcs,2,6,45.618255790610384
dcs,2,6,47.88565408350438
dcs,2,6,45.84227442777804
dcs,2,6,47.85247759221842
dcs,2,6,53.07290006718516
dcs,2,6,50.48450714747701
dcs,2,6,46.58803901606622
dcs,2,6,50.28638213860363
dcs,2,6,49.25620880987511
dcs,2,6,40.47571125255464
dcs,2,6,47.45276283255813
dcs,2,6,57.38009856971501
dcs,2,6,53.855916609138845
dcs,2,6,45.80408589891161
dcs,2,6,44.81876704728026
dcs,2,6,44.813752261279724
dcs,2,6,50.29616811624512
dcs,2,6,47.956922880169316
dcs,2,6,41.341299433931034
dcs,2,6,42.78941896685941
dcs,2,6,40.80990240453774
dcs,2,6,46.07794224242814
dcs,2,6,49.939243740523374
dcs,2,6,50.728564808982945
dcs,2,6,49.500297331581
dcs,2,6,54.06632666968997
dcs,2,6,50.51366628972309
dcs,2,6,51.92225176931321
dcs,2,6,55.26891947907016
dcs,2,6,54.007944301504764
dcs,2,6,43.84954407419268
dcs,2,6,52.22485455842415
dcs,2,6,57.38082303774071
dcs,2,6,56.91315654307794
dcs,2,6,48.403854251577414
dcs,2,6,48.357889646265434
dcs,2,6,51.25902314792865
dcs,2,6,61.17407404296361
dcs,2,6,58.452481354418815
dcs,2,6,51.04737174070142
dcs,2,6,49.1220632626585
dcs,2,6,45.898357210729394
dcs,2,6,49.52821087192982
dcs,2,6,55.896674928166256
dcs,2,6,54.92238700417247
dcs,2,6,47.584277637511065
dcs,2,6,45.07311612915929
dcs,2,6,47.60480434998311
dcs,2,6,41.79092932866383
drop,3,0,69.70076352890288
drop,3,1,67.5218261610247
drop,3,1,60.08466515615981
drop,3,1,67.00562960038846
drop,3,1,66.43478802473608
drop,3,1,67.97981309808782
drop,3,1,66.0709513770806
drop,3,1,65.50012336546547
drop,3,1,66.02701714424852
drop,3,1,69.14230313841885
drop,3,1,69.87805751370479
drop,3,2,47.29846967760556
drop,3,2,64.98459580374066
drop,3,2,64.70559751999807
drop,3,2,67.73026379200058
drop,3,2,61.57788216908542
drop,3,2,64.08207449939219
drop,3,2,63.28926869301345
drop,3,2,67.78132974553999
drop,3,2,69.17519403125154
drop,3,2,56.981376270188875
drop,3,2,57.65156139283999
drop,3,2,59.74549390515127
drop,3,2,58.090875410231945
drop,3,2,56.093316741647804
drop,3,2,58.09271095821443
drop,3,2,59.14700688348344
drop,3,2,60.604600014980214
drop,3,2,56.87076146450127
drop,3,2,65.27273161369644
drop,3,2,64.22190810682325
drop,3,2,61.45190073169409
drop,3,2,65.80379638604357
drop,3,2,66.2660551477869
drop,3,2,66.77588366918017
drop,3,2,63.15652788209819
drop,3,2,63.51341438472918
drop,3,2,65.17944737306718
drop,3,2,64.26518387016293
drop,3,2,67.13101827126408
drop,3,2,66.75219313164918
drop,3,2,65.54337165148272
drop,3,2,64.60060679536726
drop,3,2,66.30736744820199
drop,3,2,68.62449607874606
drop,3,2,69.65795529645257
drop,3,2,58.25730874060775
drop,3,2,64.30368046541116
drop,3,2,67.16014122633625
drop,3,2,67.24220055857558
drop,3,2,62.14372867689746
drop,3,2,65.04108749506337
drop,3,2,64.6465273373384
drop,3,2,63.27822737602994
drop,3,2,65.04011478166436
drop,3,2,67.18321739593736
drop,3,3,46.0306689845473
drop,3,3,45.9826473610759
drop,3,3,51.49273265717454
drop,3,3,45.582604697880114
drop,3,3,44.706118600620606
drop,3,3,45.09333969511935
drop,3,3,48.2993449148798
drop,3,3,48.481467158896585
drop,3,3,49.38367133592314
drop,3,3,62.32147201228273
drop,3,3,62.27318809716253
drop,3,3,59.3891966986146
drop,3,3,61.089978756287486
drop,3,3,65.92961257849434
drop,3,3,67.47836513609266
drop,3,3,60.914428804838096
drop,3,3,61.33874847492719
drop,3,3,62.598324020490914
drop,3,3,61.97503898017553
drop,3,3,64.63846801093776
drop,3,3,65.09551492444463
drop,3,3,64.25300493802197
drop,3,3,61.580684142957566
drop,3,3,62.239395167874974
drop,3,3,65.68564838450837
drop,3,3,66.08799692593972
drop,3,3,56.49058981080874
drop,3,3,59.56673291312173
drop,3,3,64.85783980864936
drop,3,3,65.17964988300264
drop,3,3,58.7604487582674
drop,3,3,63.61466069223136
drop,3,3,64.136210605754
drop,3,3,59.121231550870505
drop,3,3,65.65582427665801
drop,3,3,64.85400348162037
drop,3,3,44.058044885967476
drop,3,3,55.88245312689032
drop,3,3,54.992420265545604
drop,3,3,51.57215986836911
drop,3,3,54.37651112051274
drop,3,3,55.221833904776254
drop,3,3,55.94487758708745
drop,3,3,55.573412808414766
drop,3,3,56.02538394797638
drop,3,3,54.30486646620272
drop,3,3,55.81870935263117
drop,3,3,56.78392437819091
drop,3,3,57.036393309847696
drop,3,3,55.4761631804494
drop,3,3,55.58293291735732
drop,3,3,56.548565962763234
drop,3,3,56.765899234104666
drop,3,3,59.28863911168618
drop,3,3,50.27807514240429
drop,3,3,54.20416291402134
drop,3,3,57.09453559173454
drop,3,3,58.39399516255933
drop,3,3,53.787056813460474
drop,3,3,56.34410026866736
drop,3,3,56.12865899868762
drop,3,3,52.930600410099515
drop,3,3,57.41155210677007
drop,3,3,57.236750954115934
drop,3,3,48.02189953319002
drop,3,3,53.25027401069771
drop,3,3,55.16976687238835
drop,3,3,55.53463436235193
drop,3,3,56.70548013245884
drop,3,3,56.8760103215292
drop,3,3,63.79198264539752
drop,3,3,61.803775733666654
drop,3,3,64.90149655344021
drop,3,3,64.72772446180531
drop,3,3,66.74589341533907
drop,3,3,53.56956569974468
drop,3,3,62.50338024035732
drop,3,3,65.00066989244328
drop,3,3,65.68955432972038
drop,3,3,62.292884324987476
drop,3,3,61.664258612690844
drop,3,3,60.53277769855613
drop,3,3,64.50494747350828
drop,3,3,66.23312607455058
drop,3,3,62.19389029589202
drop,3,3,60.00085621902609
drop,3,3,60.75015596882742
drop,3,3,59.905041206144624
drop,3,3,61.41713980136863
drop,3,3,62.88184286304358
drop,3,3,56.06455856141655
drop,3,3,63.710298632509364
drop,3,3,66.35254723751729
drop,3,3,64.0745338249341
drop,3,3,61.48142919385009
drop,3,3,64.61146174005424
drop,3,3,62.28472147183
drop,3,3,61.18038508712762
drop,3,3,62.10925256586868
drop,3,3,66.66667066728704
drop,3,3,54.38980240443687
drop,3,3,64.52319215867546
drop,3,3,65.26740233959497
drop,3,3,66.71852084378924
drop,3,3,61.69828137578529
drop,3,3,63.209956003114584
drop,3,3,65.22150256365158
drop,3,3,63.75992636140189
drop,3,3,65.52929780726875
drop,3,3,64.40030612784558
drop,3,3,51.93925668235217
drop,3,3,57.6854003319953
drop,3,3,56.71565649381951
drop,3,3,60.88981091059941
drop,3,3,64.25560468356497
drop,3,3,67.08065221530295
drop,3,3,56.85529397567349
drop,3,3,61.13857110047003
drop,3,3,61.9847896706972
drop,3,3,49.14223560423668
drop,3,4,33.908850683230206
drop,3,4,46.522851596804855
drop,3,4,41.85225025305107
drop,3,4,40.149908546672904
drop,3,4,41.78064642188713
drop,3,4,44.468581401433774
drop,3,4,47.04581274884343
drop,3,4,47.38043141518938
drop,3,4,43.07480734889537
drop,3,4,41.14065574411446
drop,3,4,43.29464282236282
drop,3,4,46.24867791871944
drop,3,4,47.567115329590045
drop,3,4,46.660327430646504
drop,3,4,44.12711039661162
drop,3,4,44.27646571240999
drop,3,4,50.40319290345057
drop,3,4,45.96548717691017
drop,3,4,39.599450299554434
drop,3,4,40.55972520888731
drop,3,4,43.79064347975422
drop,3,4,43.784565533900086
drop,3,4,39.90776613899658
drop,3,4,44.13599122218923
drop,3,4,44.34281591329763
drop,3,4,44.151306332874796
drop,3,4,45.03766541884442
drop,3,4,47.5017092718969
drop,3,4,41.021340664808776
drop,3,4,46.2957066690361
drop,3,4,49.46798706138598
drop,3,4,48.52928978232302
drop,3,4,47.75593305891644
drop,3,4,47.47358045353124
drop,3,4,59.775169850934205
drop,3,4,60.11582225676834
drop,3,4,62.73983756757077
drop,3,4,61.687344888526454
drop,3,4,64.68259833740592
drop,3,4,50.80579762199299
drop,3,4,58.45062119722677
drop,3,4,62.71622034421212
drop,3,4,65.56619883098358
drop,3,4,58.80554022052847
drop,3,4,59.03984625656511
drop,3,4,60.712176879558356
drop,3,4,60.75912316061631
drop,3,4,64.40064105850733
drop,3,4,63.94866048620245
drop,3,4,60.988231523400025
drop,3,4,58.49979248766568
drop,3,4,58.557047226723235
drop,3,4,59.143421149904164
drop,3,4,59.079158007119204
drop,3,4,57.413928235072035
drop,3,4,59.79275060441721
drop,3,4,64.04999606197902
drop,3,4,61.81821681990982
drop,3,4,59.23159322963563
drop,3,4,63.22720224238929
drop,3,4,61.58091487558644
drop,3,4,60.12885777693447
drop,3,4,62.39181429719605
drop,3,4,63.21186116811375
drop,3,4,52.51258280302649
drop,3,4,56.339838069689606
drop,3,4,64.48212337622104
drop,3,4,64.3616079950592
drop,3,4,60.23524066354029
drop,3,4,60.74335835131328
drop,3,4,61.24317516444544
drop,3,4,59.89945051896603
drop,3,4,61.92449439317931
drop,3,4,59.057951188928506
drop,3,4,47.97546044692928
drop,3,4,53.49978534435274
drop,3,4,54.15380913895387
drop,3,4,52.398197885890895
drop,3,4,59.955262200059835
drop,3,4,59.41956392706268
drop,3,4,54.63818083374097
drop,3,4,59.746441643748426
drop,3,4,60.8688528428456
drop,3,4,43.56866106212915
drop,3,4,33.98751957388542
drop,3,4,44.69962859193012
drop,3,4,42.17691567217676
drop,3,4,43.175896510717784
drop,3,4,42.64295355311462
drop,3,4,45.41093493263183
drop,3,4,49.63576358881263
drop,3,4,52.18911128442909
drop,3,4,56.0103168631491
drop,3,4,54.790116765268515
drop,3,4,55.24063103070238
drop,3,4,45.84181505936986
drop,3,4,51.77562643821669
drop,3,4,52.53368618541563
drop,3,4,55.18363276020928
drop,3,4,51.16147043091361
drop,3,4,51.526651640292634
drop,3,4,52.05458812554078
drop,3,4,51.567744510259914
drop,3,4,52.986781160064744
drop,3,4,50.54079800024505
drop,3,4,51.31900039566932
drop,3,4,51.73823603732306
drop,3,4,53.58900056215855
drop,3,4,53.086904416820225
drop,3,4,55.27097025733647
drop,3,4,46.82867895545402
drop,3,4,52.87302370241487
drop,3,4,54.04743605438759
drop,3,4,55.49238820292703
drop,3,4,53.03844445539142
drop,3,4,54.31255396443324
drop,3,4,54.25756231171971
drop,3,4,50.205934131984506
drop,3,4,55.416395869780374
drop,3,4,54.56716804186892
drop,3,4,39.954806984229585
drop,3,4,51.61176265640501
drop,3,4,54.08659551945618
drop,3,4,54.72439461008535
drop,3,4,51.82267852901481
drop,3,4,54.50796843260961
drop,3,4,54.85316702904291
drop,3,4,52.927359433605105
drop,3,4,57.02506148938996
drop,3,4,54.00719768947052
drop,3,4,43.13172689260192
drop,3,4,49.20214440483684
drop,3,4,49.17529363337411
drop,3,4,48.49000313933811
drop,3,4,54.08675461994045
drop,3,4,54.414858783232646
drop,3,4,47.41677778882093
drop,3,4,53.245870808336385
drop,3,4,55.092784103104584
drop,3,4,42.29686534360836
drop,3,4,37.06136319084556
drop,3,4,43.12187322444247
drop,3,4,49.506507764660796
drop,3,4,46.81020205990303
drop,3,4,45.496248045090624
drop,3,4,45.931526597807284
drop,3,4,52.78290473335652
drop,3,4,53.294670823066134
drop,3,4,54.90792340917755
drop,3,4,53.70467966578991
drop,3,4,54.390103397751524
drop,3,4,52.77578090569149
drop,3,4,52.804710713239885
drop,3,4,54.283677212289746
drop,3,4,51.73649256736873
drop,3,4,47.63370744807768
drop,3,4,62.58546919047726
drop,3,4,65.25050147433645
drop,3,4,64.32774764258747
drop,3,4,61.95337846235096
drop,3,4,61.0953072612383
drop,3,4,62.240534788112754
drop,3,4,64.15845214739207
drop,3,4,64.31865200835868
drop,3,4,56.810305856266076
drop,3,4,48.621564206474915
drop,3,4,52.913043855696905
drop,3,4,53.301235778484504
drop,3,4,59.348653753557755
drop,3,4,63.84509003044594
drop,3,4,62.369032877115146
drop,3,4,56.61713897528664
drop,3,4,63.488803772377864
drop,3,4,61.17841288464907
drop,3,4,47.2627357413867
drop,3,4,49.803350220783905
drop,3,4,59.050415521420206
drop,3,4,60.481261564604225
drop,3,4,59.79369455879029
drop,3,4,59.092022137195286
drop,3,4,59.282511963502586
drop,3,4,60.20285845087321
drop,3,4,57.48933489425918
drop,3,4,60.31912282853318
drop,3,4,59.59039701781329
drop,3,4,50.56502395691791
drop,3,4,54.96253399944986
drop,3,4,55.76035507228494
drop,3,4,60.06486760384896
drop,3,4,63.206927946661025
drop,3,4,66.30197066289423
drop,3,4,57.08292328683857
drop,3,4,61.2098441667533
drop,3,4,62.84751345158421
drop,3,4,49.454158818361336
drop,3,4,44.33351303011073
drop,3,4,52.3964573894086
drop,3,4,55.10009416450635
drop,3,4,59.497461654104356
drop,3,4,63.34792189148549
drop,3,4,61.89633125837677
drop,3,4,55.71162195848029
drop,3,4,60.90469520700499
drop,3,4,62.87007779869671
drop,3,4,46.295949562331266
drop,3,4,43.8648274495243
drop,3,4,49.47622456337676
drop,3,4,54.35354833812244
drop,3,4,43.3782893191544
drop,3,4,41.51744057064122
drop,3,5,29.072955767410125
drop,3,5,33.802955978073854
drop,3,5,34.45859347824594
drop,3,5,31.54283405033619
drop,3,5,30.94340969736018
drop,3,5,30.598029981670816
drop,3,5,41.24743564839215
drop,3,5,43.06701459255498
drop,3,5,43.743563306260114
drop,3,5,46.128017084961506
drop,3,5,43.42516099237565
drop,3,5,34.222788980848634
drop,3,5,37.267568794260164
drop,3,5,41.356245430530706
drop,3,5,43.723088617652884
drop,3,5,38.076079192651505
drop,3,5,39.42151787838271
drop,3,5,40.59475295885373
drop,3,5,39.73551451994598
drop,3,5,40.82773012127758
drop,3,5,43.850818660390836
drop,3,5,42.17718162017688
drop,3,5,43.3748309657481
drop,3,5,44.28404720861403
drop,3,5,41.94295323988943
drop,3,5,43.27996106768036
drop,3,5,36.67340194219698
drop,3,5,38.92377409849409
drop,3,5,43.682895188464286
drop,3,5,44.67279643428147
drop,3,5,38.243817685957694
drop,3,5,40.725235162356924
drop,3,5,41.92343643286034
drop,3,5,42.529851619710435
drop,3,5,43.63358664531065
drop,3,5,46.67274676742834
drop,3,5,30.34921198359537
drop,3,5,36.867551009505604
drop,3,5,46.46143606379417
drop,3,5,41.996970328656325
drop,3,5,37.73579038102749
drop,3,5,43.20421038373308
drop,3,5,41.81707299251738
drop,3,5,41.893846752510534
drop,3,5,35.23055561005034
drop,3,5,40.19856562712556
drop,3,5,30.327782440689088
drop,3,5,37.11355556341856
drop,3,5,37.59466953667564
drop,3,5,37.296145287943986
drop,3,5,35.908584579490594
drop,3,5,43.83222877832155
drop,3,5,39.28129563578245
drop,3,5,37.6513793481943
drop,3,5,42.42739200584151
drop,3,5,30.47415996346562
drop,3,5,27.43362399859337
drop,3,5,36.26561684162543
drop,3,5,41.63139751673499
drop,3,5,38.266922848883326
drop,3,5,37.99369246665151
drop,3,5,41.78128511649072
drop,3,5,47.58314730947881
drop,3,5,45.239079051556644
drop,3,5,45.73484035955406
drop,3,5,48.058433225956435
drop,3,5,47.740648164444345
drop,3,5,48.212542525894264
drop,3,5,45.14471528411658
drop,3,5,45.210419654066
drop,3,5,41.49490182083877
drop,3,5,44.93862858850397
drop,3,5,55.85692641330028
drop,3,5,60.822447403133765
drop,3,5,60.47711871585699
drop,3,5,61.710985015332454
drop,3,5,59.58634847880787
drop,3,5,59.85420298341981
drop,3,5,59.342273284352686
drop,3,5,60.78685712418337
drop,3,5,55.435073412517745
drop,3,5,45.07826068622743
drop,3,5,50.00948998153486
drop,3,5,50.74231349411586
drop,3,5,55.47838944957033
drop,3,5,60.657636461853606
drop,3,5,60.74295977563001
drop,3,5,54.35228453848278
drop,3,5,59.18170762685344
drop,3,5,58.339977059716276
drop,3,5,44.5640491722569
drop,3,5,46.44789457492812
drop,3,5,58.94139926345468
drop,3,5,58.91523054337685
drop,3,5,60.819252934939314
drop,3,5,56.66781022244108
drop,3,5,56.49013059209791
drop,3,5,58.95092553676056
drop,3,5,53.33728503392178
drop,3,5,57.7552825330826
drop,3,5,52.91299307255595
drop,3,5,47.87820590519264
drop,3,5,54.369395620056196
drop,3,5,55.75293387356437
drop,3,5,54.41019450057113
drop,3,5,58.78902377072831
drop,3,5,61.01542734572236
drop,3,5,55.45144293512754
drop,3,5,58.32830481455862
drop,3,5,58.96089511193392
drop,3,5,40.98996027321159
drop,3,5,40.05084815830251
drop,3,5,49.26233354386682
drop,3,5,49.46185206280811
drop,3,5,51.84404825710096
drop,3,5,51.86739244919476
drop,3,5,60.03064358365927
drop,3,5,53.53504941396848
drop,3,5,56.7930401947379
drop,3,5,59.040535841733444
drop,3,5,40.688005425901174
drop,3,5,40.456757979348914
drop,3,5,43.72223079620434
drop,3,5,49.149818280257904
drop,3,5,33.972190858363525
drop,3,5,37.35148442353464
drop,3,5,26.533412592905385
drop,3,5,33.53253419382508
drop,3,5,30.919192468032165
drop,3,5,33.70807184782908
drop,3,5,35.57338148351854
drop,3,5,35.46386066082144
drop,3,5,41.7528957124558
drop,3,5,44.75842325724197
drop,3,5,45.14325286791474
drop,3,5,39.023811487142495
drop,3,5,40.7586395238304
drop,3,5,42.31679685104321
drop,3,5,38.22860321965309
drop,3,5,40.87013611728783
drop,3,5,38.33304366764864
drop,3,5,38.74949218850704
drop,3,5,48.49898662348949
drop,3,5,49.171965465472795
drop,3,5,50.7849271894228
drop,3,5,50.730465255947706
drop,3,5,51.1333721606643
drop,3,5,51.53870836475456
drop,3,5,50.287605695494456
drop,3,5,52.8116456074168
drop,3,5,46.50706042953544
drop,3,5,38.22849107603179
drop,3,5,44.91432571106
drop,3,5,45.21601874496485
drop,3,5,47.56420005501614
drop,3,5,50.08148543361354
drop,3,5,47.851230901648236
drop,3,5,46.54282016060016
drop,3,5,51.67000028185056
drop,3,5,49.17454382205372
drop,3,5,39.28263919468935
drop,3,5,35.390488249187214
drop,3,5,47.48169204373569
drop,3,5,48.031191120870666
drop,3,5,50.55301522086859
drop,3,5,48.889444564898724
drop,3,5,50.726486541356955
drop,3,5,51.47530797281485
drop,3,5,48.25673422181286
drop,3,5,54.77157202103966
drop,3,5,50.474630740914094
drop,3,5,41.47612960774697
drop,3,5,45.89661476621162
drop,3,5,47.54229823478205
drop,3,5,47.269419284499506
drop,3,5,51.11613389568015
drop,3,5,52.46526902187676
drop,3,5,44.999052457394754
drop,3,5,52.00484597951153
drop,3,5,54.3174370127942
drop,3,5,43.047337185542396
drop,3,5,34.99368510336422
drop,3,5,40.220087856681516
drop,3,5,39.81694016193478
drop,3,5,45.83758045348997
drop,3,5,50.54960081407197
drop,3,5,51.46924867855442
drop,3,5,47.58837430603643
drop,3,5,49.19661960673679
drop,3,5,51.94556437095898
drop,3,5,37.78181723322208
drop,3,5,36.32916758713664
drop,3,5,41.60355118343508
drop,3,5,47.10022525076821
drop,3,5,37.78421297642011
drop,3,5,34.02201476518834
drop,3,5,27.700617648818458
drop,3,5,35.16087816944595
drop,3,5,36.714854448318015
drop,3,5,36.176666411269146
drop,3,5,43.680518668865744
drop,3,5,41.951785159739046
drop,3,5,40.993574337149006
drop,3,5,45.57998180140188
drop,3,5,46.9854712701251
drop,3,5,37.59756871095
drop,3,5,41.04873055174447
drop,3,5,43.6999458178444
drop,3,5,44.48780193899057
drop,3,5,51.12905674823658
drop,3,5,53.924332251579955
drop,3,5,51.33382173924284
drop,3,5,49.1288091198968
drop,3,5,50.71232375271394
drop,3,5,48.3629703523751
drop,3,5,35.105683806446265
drop,3,5,41.60020982486286
drop,3,5,47.648701608520604
drop,3,5,48.15435452595121
drop,3,5,59.80054910010095
drop,3,5,62.12399767827635
drop,3,5,60.49913680956243
drop,3,5,57.005276872783874
drop,3,5,61.980315329678206
drop,3,5,59.20047896706517
drop,3,5,42.59512391548419
drop,3,5,44.50790982998206
drop,3,5,46.628496302218394
drop,3,5,51.03549967814453
drop,3,5,42.99876910214918
drop,3,5,39.55615443675201
drop,3,5,42.66964958216827
drop,3,5,48.690800455810916
drop,3,5,50.55421125983314
drop,3,5,57.010496452711855
drop,3,5,60.13605676909789
drop,3,5,59.93222606495101
drop,3,5,54.94787773142278
drop,3,5,56.397638811439734
drop,3,5,58.5487449937243
drop,3,5,44.88804678966235
drop,3,5,44.42996954916699
drop,3,5,49.48749734315332
drop,3,5,53.29914310196708
drop,3,5,44.96162923933459
drop,3,5,41.56400500085411
drop,3,5,36.16179515452946
drop,3,5,39.13621768918853
drop,3,5,49.14646574104307
drop,3,5,38.150982840846716
drop,3,5,38.91854258468297
drop,3,5,24.15481617151635
drop,3,6,20.862089683575586
drop,3,6,27.754117024556578
drop,3,6,28.472420896139276
drop,3,6,30.99875287500675
drop,3,6,22.967590544528644
drop,3,6,27.429024782790297
drop,3,6,27.907633646569014
drop,3,6,31.460758453616638
drop,3,6,30.985333411268034
drop,3,6,30.567131646794977
drop,3,6,32.72764229714255
drop,3,6,30.352976705783618
drop,3,6,30.03910868147242
drop,3,6,26.418684760723878
drop,3,6,28.105578269326557
drop,3,6,27.86627538898382
drop,3,6,36.91099137992415
drop,3,6,40.738863578585274
drop,3,6,39.36563254921588
drop,3,6,40.39536300322455
drop,3,6,40.27127761802691
drop,3,6,37.043719950816865
drop,3,6,41.199794096417506
drop,3,6,37.44509004179963
drop,3,6,34.96067798682576
drop,3,6,28.597293258462454
drop,3,6,32.822077821331085
drop,3,6,31.71130366207985
drop,3,6,34.62005407847374
drop,3,6,33.21025000327852
drop,3,6,40.01220842685079
drop,3,6,36.57676219577488
drop,3,6,35.57559303535545
drop,3,6,38.49652405787276
drop,3,6,23.89252777382443
drop,3,6,26.6123209817922
drop,3,6,43.91126080950436
drop,3,6,40.811665871382
drop,3,6,37.78617950459785
drop,3,6,40.46437917496881
drop,3,6,39.692629406212546
drop,3,6,38.559935298707614
drop,3,6,37.440397159738204
drop,3,6,33.902577676357616
drop,3,6,39.488402668930775
drop,3,6,26.64059304445686
drop,3,6,31.96949490890797
drop,3,6,34.84351633994864
drop,3,6,35.76538606903181
drop,3,6,36.23859503522815
drop,3,6,42.482191444982234
drop,3,6,34.38621701383758
drop,3,6,35.99780772358303
drop,3,6,38.20576431966734
drop,3,6,28.283157244015765
drop,3,6,23.191593951613587
drop,3,6,30.045895809800726
drop,3,6,30.410563344718494
drop,3,6,34.364033845192914
drop,3,6,28.379469407579784
drop,3,6,43.95678525445082
drop,3,6,35.81243583772877
drop,3,6,35.046439732308855
drop,3,6,41.573580909934726
drop,3,6,25.1067583826326
drop,3,6,23.70147040585686
drop,3,6,25.78995834688005
drop,3,6,33.77651753982133
drop,3,6,22.46619714620129
drop,3,6,23.342569590857014
drop,3,6,23.863737617346146
drop,3,6,27.455211207104526
drop,3,6,27.688410738536472
drop,3,6,27.82146379206573
drop,3,6,37.6466614948433
drop,3,6,36.584068440157694
drop,3,6,32.447394333501734
drop,3,6,37.229046700446794
drop,3,6,35.39102382688287
drop,3,6,29.873583839895378
drop,3,6,35.54132265944633
drop,3,6,39.96959641958312
drop,3,6,42.43585572068761
drop,3,6,43.044349118225426
drop,3,6,42.92378374192338
drop,3,6,41.22352947811254
drop,3,6,45.01784838901147
drop,3,6,46.77765106583732
drop,3,6,43.552450525778895
drop,3,6,31.85028267733021
drop,3,6,40.899739887177496
drop,3,6,44.98200658124375
drop,3,6,45.592808901140685
drop,3,6,54.91796783992137
drop,3,6,56.02612530176817
drop,3,6,53.30699618181966
drop,3,6,56.00618975286973
drop,3,6,57.996720595339276
drop,3,6,54.8442256583118
drop,3,6,38.022913233051156
drop,3,6,39.01796998164541
drop,3,6,39.668513361327925
drop,3,6,47.00763844097249
drop,3,6,35.079088574701615
drop,3,6,35.23985686363588
drop,3,6,41.63509592936702
drop,3,6,46.825632174144474
drop,3,6,45.660764915920375
drop,3,6,51.30999995776343
drop,3,6,56.58521649251038
drop,3,6,52.11575147379474
drop,3,6,52.1076593831926
drop,3,6,56.250102328960004
drop,3,6,55.48976286232295
drop,3,6,38.94507007274354
drop,3,6,39.11815625776984
drop,3,6,44.320481069032525
drop,3,6,47.19538145697021
drop,3,6,31.761526152258867
drop,3,6,33.08066981534559
drop,3,6,31.797094326235854
drop,3,6,34.7538412617054
drop,3,6,46.41206305697101
drop,3,6,29.213866200425702
drop,3,6,35.87419285212974
drop,3,6,22.97112212635712
drop,3,6,19.363972421088555
drop,3,6,22.768404606795283
drop,3,6,26.066478005022763
drop,3,6,26.38095147223633
drop,3,6,30.622663679963104
drop,3,6,31.95489814633846
drop,3,6,35.43655101624065
drop,3,6,30.37090767656888
drop,3,6,29.450060161241275
drop,3,6,32.0041910671617
drop,3,6,29.328761244223333
drop,3,6,35.91060031607982
drop,3,6,35.204439840848345
drop,3,6,39.724154971396544
drop,3,6,42.8684819649134
drop,3,6,39.424506262542046
drop,3,6,35.97468509795968
drop,3,6,37.44873732144855
drop,3,6,38.33434586412097
drop,3,6,28.776888369725118
drop,3,6,34.15934088932623
drop,3,6,37.55146753162338
drop,3,6,38.7428263302412
drop,3,6,43.98113304900646
drop,3,6,46.905550429023194
drop,3,6,43.17203709751182
drop,3,6,46.80902785775361
drop,3,6,47.810006352552634
drop,3,6,44.71548781400188
drop,3,6,33.41577205139251
drop,3,6,33.72678199396214
drop,3,6,35.48379797847615
drop,3,6,41.744674498985745
drop,3,6,34.85364317793216
drop,3,6,31.159665548707228
drop,3,6,32.77961529011821
drop,3,6,34.914727050713815
drop,3,6,35.236021321986335
drop,3,6,41.238488861794394
drop,3,6,46.90800747602393
drop,3,6,47.10279175517801
drop,3,6,45.15840636517156
drop,3,6,47.99460397606676
drop,3,6,48.12084883034068
drop,3,6,37.903865994919315
drop,3,6,33.678844832858665
drop,3,6,39.04073603487453
drop,3,6,44.078642886610076
drop,3,6,36.612681662155275
drop,3,6,35.42315464138691
drop,3,6,28.535530842669875
drop,3,6,32.120671491331024
drop,3,6,36.553081484208874
drop,3,6,31.342068023871626
drop,3,6,26.507925548990713
drop,3,6,21.92259216832156
drop,3,6,23.15636833502874
drop,3,6,25.55835870594371
drop,3,6,26.733109830839634
drop,3,6,36.0510892354574
drop,3,6,34.524414488381765
drop,3,6,32.53447294391656
drop,3,6,40.801836272964415
drop,3,6,41.52615636386682
drop,3,6,34.23876109720535
drop,3,6,27.995889184828787
drop,3,6,37.16690897004649
drop,3,6,40.38011569845648
drop,3,6,39.08599058181239
drop,3,6,34.39199427895801
drop,3,6,27.112009519024262
drop,3,6,37.5229466247364
drop,3,6,40.749773472752636
drop,3,6,43.32430873962935
drop,3,6,38.60616646772938
drop,3,6,37.95068255752068
drop,3,6,24.231334291325897
drop,3,6,30.315407066493037
drop,3,6,37.92801359425041
drop,3,6,43.74330560729467
drop,3,6,37.09380689627502
drop,3,6,38.97607102026556
drop,3,6,20.81374523327896
drop,3,6,17.40293833071726
hcs,3,0,61.30713043751924
hcs,3,1,60.04925396288181
hcs,3,1,58.030253008868684
hcs,3,1,60.55830863250138
hcs,3,1,61.167591172503975
hcs,3,1,61.3789671148527
hcs,3,1,61.22583222890658
hcs,3,1,60.94083306598543
hcs,3,1,61.00759824244426
hcs,3,1,60.45650034172998
hcs,3,1,62.78219932300774
hcs,3,2,50.828938373348606
hcs,3,2,58.40153265347644
hcs,3,2,59.85502338039552
hcs,3,2,59.21847906085051
hcs,3,2,58.28543236056332
hcs,3,2,57.83221650746042
hcs,3,2,58.532062287916055
hcs,3,2,58.058178875595345
hcs,3,2,61.82399356323101
hcs,3,2,57.2728758070117
hcs,3,2,58.30812973442856
hcs,3,2,57.5195993081356
hcs,3,2,57.12509520315676
hcs,3,2,57.26462095883842
hcs,3,2,58.8907286770616
hcs,3,2,57.55571972831154
hcs,3,2,57.47642940072139
hcs,3,2,55.76088240822268
hcs,3,2,60.0889474349825
hcs,3,2,60.79770599594138
hcs,3,2,60.50199212641248
hcs,3,2,56.49981609637826
hcs,3,2,60.57111981463223
hcs,3,2,60.88125227464401
hcs,3,2,61.27067897016227
hcs,3,2,62.02046344803489
hcs,3,2,61.335189832013604
hcs,3,2,55.514497349104495
hcs,3,2,59.7582030125913
hcs,3,2,62.87785708123194
hcs,3,2,59.20688451199931
hcs,3,2,60.37409068017197
hcs,3,2,61.2463828736969
hcs,3,2,58.97991687101505
hcs,3,2,60.733545797038445
hcs,3,2,60.94178970475805
hcs,3,2,60.661520834554985
hcs,3,2,59.98800129135965
hcs,3,2,62.30805597092183
hcs,3,2,60.90616387224207
hcs,3,2,58.713746236091865
hcs,3,2,62.35667078915299
hcs,3,2,57.04550788607905
hcs,3,2,60.340458921946706
hcs,3,2,60.653638904578145
hcs,3,3,50.572607591469
hcs,3,3,50.85152779988125
hcs,3,3,50.93724905023452
hcs,3,3,50.7926413525672
hcs,3,3,49.60546693855618
hcs,3,3,48.54408988851541
hcs,3,3,50.191011565984
hcs,3,3,52.253106666754334
hcs,3,3,52.27727422169078
hcs,3,3,58.016435624424425
hcs,3,3,57.64433834472482
hcs,3,3,57.83944836296543
hcs,3,3,54.50825520601301
hcs,3,3,57.586048140070446
hcs,3,3,59.546054800406864
hcs,3,3,58.96762663493526
hcs,3,3,60.47748711931143
hcs,3,3,59.578769207682704
hcs,3,3,55.78776239504508
hcs,3,3,59.457097906960165
hcs,3,3,61.90484857660886
hcs,3,3,58.33497051676576
hcs,3,3,60.83869277692659
hcs,3,3,59.322490501711926
hcs,3,3,57.87978540843124
hcs,3,3,61.77949292577814
hcs,3,3,58.31488201827022
hcs,3,3,58.000588483274186
hcs,3,3,58.248797631772305
hcs,3,3,60.67348974513689
hcs,3,3,57.90658812817391
hcs,3,3,57.005690699387124
hcs,3,3,59.53661486731379
hcs,3,3,54.855800949296565
hcs,3,3,58.96603491528589
hcs,3,3,58.916034018422
hcs,3,3,49.98658872427038
hcs,3,3,56.25279105941131
hcs,3,3,56.62375655384526
hcs,3,3,56.936120502026576
hcs,3,3,52.49982087504026
hcs,3,3,57.67762064460352
hcs,3,3,56.243128280432984
hcs,3,3,56.967034864299116
hcs,3,3,57.21927754507089
hcs,3,3,55.31632815909708
hcs,3,3,52.83777573766698
hcs,3,3,56.49515634527976
hcs,3,3,56.77603307145503
hcs,3,3,57.57653732909331
hcs,3,3,56.6448729712822
hcs,3,3,57.81425973246242
hcs,3,3,57.239322837454274
hcs,3,3,57.41741864342285
hcs,3,3,55.701131635752745
hcs,3,3,57.54194804347311
hcs,3,3,56.6156366058326
hcs,3,3,57.32806837404928
hcs,3,3,57.42122354150465
hcs,3,3,56.460437356216055
hcs,3,3,57.839251863709116
hcs,3,3,54.589830244280904
hcs,3,3,56.95296433826855
hcs,3,3,56.48290565099367
hcs,3,3,53.19009121811204
hcs,3,3,56.481034810067456
hcs,3,3,55.453765024736356
hcs,3,3,54.20169015213819
hcs,3,3,54.73976007270059
hcs,3,3,57.085628768303195
hcs,3,3,59.03823219200105
hcs,3,3,59.26415116570338
hcs,3,3,56.98569830176699
hcs,3,3,59.57121259524634
hcs,3,3,60.045899202734155
hcs,3,3,59.471658362227984
hcs,3,3,57.32935140701693
hcs,3,3,59.73549269165903
hcs,3,3,61.676012926499865
hcs,3,3,56.316092155022865
hcs,3,3,59.38068398788765
hcs,3,3,62.0698495185785
hcs,3,3,55.345177023898586
hcs,3,3,58.57853449177488
hcs,3,3,59.26030194152959
hcs,3,3,59.72918507251532
hcs,3,3,60.919716829642546
hcs,3,3,54.685290158544696
hcs,3,3,58.664363502803326
hcs,3,3,59.95448808565478
hcs,3,3,58.94337011421494
hcs,3,3,57.271505223758645
hcs,3,3,59.717500207928495
hcs,3,3,64.69599951716343
hcs,3,3,55.58134493104142
hcs,3,3,58.38181973241476
hcs,3,3,64.48527838283708
hcs,3,3,53.02032904952436
hcs,3,3,56.68797450048706
hcs,3,3,58.93542268516978
hcs,3,3,57.36507780688592
hcs,3,3,59.12964931769659
hcs,3,3,58.08202881143521
hcs,3,3,61.6071085069527
hcs,3,3,61.06807239892127
hcs,3,3,58.22151139586013
hcs,3,3,61.0882341787889
hcs,3,3,54.971445486115144
hcs,3,3,57.40939258646023
hcs,3,3,58.21420200543508
hcs,3,3,59.210194013605545
hcs,3,3,57.02849070768521
hcs,3,3,60.933131629080684
hcs,3,3,57.57689420095454
hcs,3,3,61.736367722563365
hcs,3,3,60.67377875509177
hcs,3,3,54.89510217046038
hcs,3,3,62.19014593714349
hcs,3,3,59.84827985822104
hcs,3,3,49.30919349723045
hcs,3,4,41.932563018835275
hcs,3,4,48.00535296059333
hcs,3,4,48.786910029880914
hcs,3,4,48.289485446377846
hcs,3,4,48.08265509219648
hcs,3,4,49.605006306111164
hcs,3,4,50.488148215150886
hcs,3,4,49.862239430228904
hcs,3,4,49.747095780018505
hcs,3,4,50.701484508358405
hcs,3,4,45.87830387606245
hcs,3,4,49.91966361967085
hcs,3,4,52.02047802771922
hcs,3,4,50.91246293293471
hcs,3,4,50.45588342205558
hcs,3,4,47.30146628022098
hcs,3,4,48.683340460311655
hcs,3,4,51.25300770635211
hcs,3,4,47.935598661756245
hcs,3,4,47.52731467762978
hcs,3,4,49.305669563088735
hcs,3,4,50.797697162401775
hcs,3,4,49.33607684903628
hcs,3,4,47.657184050320886
hcs,3,4,49.72927807544245
hcs,3,4,45.90721732459029
hcs,3,4,50.09401491495362
hcs,3,4,46.5682641756226
hcs,3,4,50.2872784618852
hcs,3,4,53.86203136686527
hcs,3,4,51.22050929269128
hcs,3,4,51.09977612629708
hcs,3,4,50.86015697425
hcs,3,4,55.72890415517645
hcs,3,4,56.79345894372298
hcs,3,4,58.3668870784393
hcs,3,4,55.588865736937045
hcs,3,4,57.017604282171575
hcs,3,4,59.470387743121414
hcs,3,4,56.6499776357127
hcs,3,4,55.855596118692795
hcs,3,4,58.05885409968183
hcs,3,4,58.75090763024252
hcs,3,4,56.2927356915546
hcs,3,4,55.90625494136706
hcs,3,4,59.41101941554099
hcs,3,4,52.21005148049953
hcs,3,4,57.54603201578914
hcs,3,4,57.88175824607031
hcs,3,4,57.463782480529304
hcs,3,4,58.78450225278873
hcs,3,4,55.062754961414264
hcs,3,4,57.6227706454414
hcs,3,4,60.25506848262086
hcs,3,4,57.91647062140749
hcs,3,4,59.594898919158766
hcs,3,4,60.16824474963799
hcs,3,4,63.02355278198287
hcs,3,4,56.0198826362408
hcs,3,4,57.4996615403074
hcs,3,4,62.05259965982617
hcs,3,4,51.025612310080525
hcs,3,4,58.98345471395574
hcs,3,4,58.95659449507673
hcs,3,4,55.42868240034089
hcs,3,4,57.44126511858683
hcs,3,4,56.22311261661641
hcs,3,4,60.07067482344836
hcs,3,4,58.42278765449835
hcs,3,4,58.509446443474864
hcs,3,4,59.88559308205793
hcs,3,4,54.62544165773148
hcs,3,4,57.68894387743263
hcs,3,4,58.15915101204746
hcs,3,4,57.12722244515638
hcs,3,4,55.5584086389469
hcs,3,4,58.96082109474099
hcs,3,4,53.015432476147275
hcs,3,4,59.48473898018975
hcs,3,4,58.55785334483434
hcs,3,4,53.230284046076726
hcs,3,4,59.321096298652996
hcs,3,4,56.98500078220069
hcs,3,4,48.99153265006456
hcs,3,4,45.85449602610932
hcs,3,4,48.77264454279275
hcs,3,4,49.55965912039821
hcs,3,4,48.81725494805177
hcs,3,4,49.24073756253392
hcs,3,4,50.56999922267737
hcs,3,4,54.17443517662033
hcs,3,4,54.855473132541974
hcs,3,4,52.76790076582374
hcs,3,4,57.13233791022382
hcs,3,4,56.33975161973095
hcs,3,4,55.2575635843642
hcs,3,4,52.9463497486653
hcs,3,4,55.81676535941763
hcs,3,4,56.348265443617265
hcs,3,4,52.40206738649525
hcs,3,4,56.175714225794884
hcs,3,4,58.20628833645072
hcs,3,4,53.41166073775039
hcs,3,4,54.89396994920674
hcs,3,4,55.616989897654676
hcs,3,4,54.30462573577029
hcs,3,4,55.46301366409957
hcs,3,4,52.06070592390157
hcs,3,4,56.38145696009575
hcs,3,4,56.58612599094482
hcs,3,4,54.018470755977674
hcs,3,4,54.4604005065261
hcs,3,4,54.9043312974713
hcs,3,4,57.0750282601018
hcs,3,4,52.30745288343903
hcs,3,4,53.5118827229634
hcs,3,4,55.525152209477824
hcs,3,4,49.71411610838888
hcs,3,4,54.50773430787588
hcs,3,4,54.32965199577073
hcs,3,4,52.987066715534546
hcs,3,4,56.04230406948356
hcs,3,4,54.460658578150415
hcs,3,4,58.61401437652912
hcs,3,4,57.16451264646185
hcs,3,4,56.98326402058305
hcs,3,4,57.759803671016655
hcs,3,4,53.39000248357644
hcs,3,4,56.315907131650576
hcs,3,4,55.16279496785269
hcs,3,4,53.382796429533784
hcs,3,4,53.612302825099704
hcs,3,4,55.733481898670576
hcs,3,4,52.28254950325888
hcs,3,4,54.55523394323356
hcs,3,4,56.22450699963919
hcs,3,4,52.38967560677993
hcs,3,4,55.511258051569435
hcs,3,4,54.07992355546358
hcs,3,4,47.357690275431864
hcs,3,4,48.484687536628904
hcs,3,4,52.83144238671251
hcs,3,4,50.4945729316862
hcs,3,4,52.237202682150105
hcs,3,4,53.81859383812193
hcs,3,4,54.7509464442175
hcs,3,4,53.76394818943171
hcs,3,4,55.29138928919328
hcs,3,4,57.32065821762057
hcs,3,4,53.89673671279203
hcs,3,4,53.85196150760416
hcs,3,4,56.79310495557823
hcs,3,4,52.25542558970224
hcs,3,4,53.402586890053506
hcs,3,4,55.18223214388382
hcs,3,4,55.64942028718336
hcs,3,4,57.33343016889576
hcs,3,4,57.27564806215937
hcs,3,4,58.927600906574206
hcs,3,4,58.239756800106676
hcs,3,4,57.13301625297238
hcs,3,4,59.204123716701964
hcs,3,4,53.36465023363949
hcs,3,4,58.0865729997744
hcs,3,4,57.28270369579535
hcs,3,4,57.390693625208755
hcs,3,4,58.47501925401845
hcs,3,4,60.546384147973754
hcs,3,4,54.28542767114281
hcs,3,4,59.379208445978314
hcs,3,4,60.66664142485647
hcs,3,4,54.82689953847271
hcs,3,4,58.47385336145561
hcs,3,4,58.852556567448936
hcs,3,4,49.83971391187452
hcs,3,4,55.22791497159817
hcs,3,4,56.33236857631978
hcs,3,4,57.73596318089351
hcs,3,4,61.5165972703113
hcs,3,4,55.80979808323041
hcs,3,4,58.68778849719045
hcs,3,4,62.368710006563255
hcs,3,4,50.034856641363255
hcs,3,4,54.72559649550676
hcs,3,4,56.94275586082994
hcs,3,4,57.72764326864532
hcs,3,4,58.45447984982255
hcs,3,4,62.4266940761583
hcs,3,4,52.89271868266358
hcs,3,4,59.79403243454415
hcs,3,4,61.00723411427812
hcs,3,4,52.75797002819851
hcs,3,4,56.667865076538604
hcs,3,4,60.26888275429372
hcs,3,4,48.104006156040356
hcs,3,4,56.24983061792591
hcs,3,4,53.89943858854846
hcs,3,4,56.16850058450022
hcs,3,4,54.77690129631543
hcs,3,4,59.633846985699094
hcs,3,4,59.25658175656787
hcs,3,4,56.5950611325204
hcs,3,4,60.7366545744197
hcs,3,4,57.23167006405343
hcs,3,4,51.04933495191768
hcs,3,4,51.93122163701649
hcs,3,4,59.7802932588632
hcs,3,4,58.33911390718865
hcs,3,4,49.66791444976979
hcs,3,4,48.23402971286145
hcs,3,5,36.91409344225981
hcs,3,5,41.44941684303088
hcs,3,5,39.52567809473662
hcs,3,5,39.69845551827065
hcs,3,5,41.25793249162976
hcs,3,5,43.8320579370102
hcs,3,5,46.812531367892895
hcs,3,5,47.40933378502429
hcs,3,5,45.99111679106567
hcs,3,5,46.994961039697465
hcs,3,5,47.82892125835193
hcs,3,5,44.764775374574704
hcs,3,5,45.69682263838814
hcs,3,5,47.96758973061013
hcs,3,5,48.94900348088719
hcs,3,5,46.894969894267085
hcs,3,5,46.547144081024726
hcs,3,5,48.549253424508926
hcs,3,5,45.80000906152353
hcs,3,5,50.175901687696204
hcs,3,5,48.3927321363928
hcs,3,5,50.5204587227973
hcs,3,5,48.07096875880905
hcs,3,5,43.53808317233674
hcs,3,5,48.77907862744365
hcs,3,5,52.28038074560235
hcs,3,5,48.66335873795043
hcs,3,5,46.61625546807537
hcs,3,5,50.01904177738847
hcs,3,5,50.489823886138176
hcs,3,5,47.74006919036442
hcs,3,5,48.97441391838904
hcs,3,5,52.16048780682382
hcs,3,5,43.65322239302697
hcs,3,5,49.33832360707861
hcs,3,5,46.458632105284714
hcs,3,5,46.378663076251286
hcs,3,5,48.31377663590588
hcs,3,5,47.492238410303
hcs,3,5,51.43314784043642
hcs,3,5,48.279597711546295
hcs,3,5,49.11188261296744
hcs,3,5,50.60382275384452
hcs,3,5,43.257973418203775
hcs,3,5,48.45247995811535
hcs,3,5,45.12071480937105
hcs,3,5,43.16452393975914
hcs,3,5,44.85688680704571
hcs,3,5,46.8231710830306
hcs,3,5,40.866162771715075
hcs,3,5,45.520542658943484
hcs,3,5,47.48481155475893
hcs,3,5,42.902361163413055
hcs,3,5,50.54569018097881
hcs,3,5,44.951046266710215
hcs,3,5,40.67840734690248
hcs,3,5,44.085032353617116
hcs,3,5,51.736244864757744
hcs,3,5,47.73365450287898
hcs,3,5,47.97907252453428
hcs,3,5,51.61455884877291
hcs,3,5,53.143987852286756
hcs,3,5,50.77478401105241
hcs,3,5,53.14535886456255
hcs,3,5,53.98021224080336
hcs,3,5,50.02954437646585
hcs,3,5,49.88714858255523
hcs,3,5,54.469910202337765
hcs,3,5,48.35704809282133
hcs,3,5,51.040406490579
hcs,3,5,52.30876373532188
hcs,3,5,53.754742632872635
hcs,3,5,55.03567800403204
hcs,3,5,56.16211569929697
hcs,3,5,56.75132911276543
hcs,3,5,56.32945958182558
hcs,3,5,56.084131395891305
hcs,3,5,57.99408722819442
hcs,3,5,53.34540744434467
hcs,3,5,56.74986651815066
hcs,3,5,56.48377636802984
hcs,3,5,58.11426704684868
hcs,3,5,55.239908659869876
hcs,3,5,57.7055258461326
hcs,3,5,52.16548539419827
hcs,3,5,58.449614078928505
hcs,3,5,58.82138058943731
hcs,3,5,51.17982202454725
hcs,3,5,59.44660270588415
hcs,3,5,56.566893283392304
hcs,3,5,48.78764174873304
hcs,3,5,54.40830011749795
hcs,3,5,57.02882276622998
hcs,3,5,56.5573242584787
hcs,3,5,60.8886633554635
hcs,3,5,56.90203721418643
hcs,3,5,58.91652323070539
hcs,3,5,61.017721207816024
hcs,3,5,51.194368102008404
hcs,3,5,56.834501406972294
hcs,3,5,58.04400245853864
hcs,3,5,56.72921656607131
hcs,3,5,56.01251635992304
hcs,3,5,60.6585858691001
hcs,3,5,53.6178162796426
hcs,3,5,60.90667422224644
hcs,3,5,59.223412559049216
hcs,3,5,53.486505958132426
hcs,3,5,58.84625797332481
hcs,3,5,58.30863807767673
hcs,3,5,47.64277819212141
hcs,3,5,56.65376714165584
hcs,3,5,52.54499920286242
hcs,3,5,55.82668682985046
hcs,3,5,51.62240565513535
hcs,3,5,58.61028814053728
hcs,3,5,57.17660168026484
hcs,3,5,51.88559187747368
hcs,3,5,60.23464451287257
hcs,3,5,55.070709508556746
hcs,3,5,49.31580746376973
hcs,3,5,47.80448204570693
hcs,3,5,56.81723004270075
hcs,3,5,55.11231868480016
hcs,3,5,48.15846571310157
hcs,3,5,46.36090517893739
hcs,3,5,42.528190974475535
hcs,3,5,45.11781431286101
hcs,3,5,42.86707574225446
hcs,3,5,45.577695870263334
hcs,3,5,45.74737974852861
hcs,3,5,47.37169622025977
hcs,3,5,46.38318112658251
hcs,3,5,47.62514737868253
hcs,3,5,48.654210774068595
hcs,3,5,48.336721922176345
hcs,3,5,48.772603759366795
hcs,3,5,48.42727073380891
hcs,3,5,45.67258345908263
hcs,3,5,47.40426109387486
hcs,3,5,47.519945855458886
hcs,3,5,50.27245628702624
hcs,3,5,53.01392635756657
hcs,3,5,54.310373623263395
hcs,3,5,54.172125074254616
hcs,3,5,52.1601574057097
hcs,3,5,55.59974179872942
hcs,3,5,54.724670357341445
hcs,3,5,52.384337475813915
hcs,3,5,54.241036579587764
hcs,3,5,55.73926839631576
hcs,3,5,51.57393095697324
hcs,3,5,53.69441907094335
hcs,3,5,54.98210492846185
hcs,3,5,50.68403235737885
hcs,3,5,54.259362734579376
hcs,3,5,56.38214600313479
hcs,3,5,51.622249295769386
hcs,3,5,54.517529856592716
hcs,3,5,54.211295344559694
hcs,3,5,45.856405230528686
hcs,3,5,47.93350864683527
hcs,3,5,50.55308719295203
hcs,3,5,52.713925036311636
hcs,3,5,53.98414460684696
hcs,3,5,52.455797606917876
hcs,3,5,56.15964438052953
hcs,3,5,55.740894876969605
hcs,3,5,48.427532259068116
hcs,3,5,51.45365375983823
hcs,3,5,56.08777708096524
hcs,3,5,52.82047475193805
hcs,3,5,51.0694500717056
hcs,3,5,53.545533551268754
hcs,3,5,50.50645375596672
hcs,3,5,53.06009493286433
hcs,3,5,53.283007522771676
hcs,3,5,48.34026502900619
hcs,3,5,53.216046697116695
hcs,3,5,52.711584598775744
hcs,3,5,43.85718679454492
hcs,3,5,51.74586266223019
hcs,3,5,49.63391775052922
hcs,3,5,53.194075656006014
hcs,3,5,50.91700585676534
hcs,3,5,54.63509439702536
hcs,3,5,53.929819709646345
hcs,3,5,52.64445855934452
hcs,3,5,56.97729118713575
hcs,3,5,55.09323519308066
hcs,3,5,48.28052376293614
hcs,3,5,45.7087962160932
hcs,3,5,50.20466484204466
hcs,3,5,51.6676326020721
hcs,3,5,43.74674788824637
hcs,3,5,46.507597363522926
hcs,3,5,42.61206068364207
hcs,3,5,44.53480788418272
hcs,3,5,47.954557006534074
hcs,3,5,47.80717660764662
hcs,3,5,52.33183599951747
hcs,3,5,51.855277235384214
hcs,3,5,52.86078327314123
hcs,3,5,47.06959570852208
hcs,3,5,49.354451992022334
hcs,3,5,50.358728050430756
hcs,3,5,53.02004251235572
hcs,3,5,53.26251372010693
hcs,3,5,55.735657686347395
hcs,3,5,51.25767331317056
hcs,3,5,54.475949486655814
hcs,3,5,55.54950671960239
hcs,3,5,50.505812656097724
hcs,3,5,52.61859022542282
hcs,3,5,52.56334229181292
hcs,3,5,48.11186014056403
hcs,3,5,54.60162872246271
hcs,3,5,53.949118521044696
hcs,3,5,56.04018456718308
hcs,3,5,51.3996822891661
hcs,3,5,57.938856923947824
hcs,3,5,57.57339699089786
hcs,3,5,52.768487605011174
hcs,3,5,61.266422330974954
hcs,3,5,56.488957623859235
hcs,3,5,48.28351399843879
hcs,3,5,52.181813800392305
hcs,3,5,59.501242726141015
hcs,3,5,58.38169421846069
hcs,3,5,48.1107699206488
hcs,3,5,48.85768437808303
hcs,3,5,52.11604819501725
hcs,3,5,53.377307889425886
hcs,3,5,55.62292652405224
hcs,3,5,50.30272971373686
hcs,3,5,55.492761342601305
hcs,3,5,58.24772055556539
hcs,3,5,53.19145996329738
hcs,3,5,56.76908617344386
hcs,3,5,60.12159470789496
hcs,3,5,45.62864828652879
hcs,3,5,51.0129826085648
hcs,3,5,58.56801722375824
hcs,3,5,59.27753814634139
hcs,3,5,47.206618963424
hcs,3,5,47.857784838263335
hcs,3,5,46.3522073058075
hcs,3,5,55.50115951049626
hcs,3,5,54.64698301171158
hcs,3,5,44.60795957486666
hcs,3,5,49.48855289632785
hcs,3,5,43.177210822322756
hcs,3,6,34.952351202236855
hcs,3,6,36.290231280977316
hcs,3,6,32.333078254642146
hcs,3,6,34.526904495633524
hcs,3,6,37.96043508754922
hcs,3,6,38.01011308982197
hcs,3,6,37.33014367405849
hcs,3,6,39.3733229438222
hcs,3,6,41.99061276614506
hcs,3,6,38.13509121394033
hcs,3,6,37.67260577438821
hcs,3,6,39.92529737401115
hcs,3,6,35.922297052819964
hcs,3,6,40.38362503872429
hcs,3,6,38.551992989259965
hcs,3,6,41.02710325349371
hcs,3,6,44.21943503522623
hcs,3,6,45.8563098702013
hcs,3,6,46.944585340013326
hcs,3,6,43.95268557981995
hcs,3,6,46.14398469610153
hcs,3,6,48.21871889697725
hcs,3,6,42.41220534903295
hcs,3,6,45.18865542997217
hcs,3,6,45.31947360095698
hcs,3,6,40.7600725673541
hcs,3,6,43.22935763442185
hcs,3,6,44.624943354391334
hcs,3,6,39.864956804203
hcs,3,6,44.78524471146359
hcs,3,6,45.40880235712724
hcs,3,6,43.156321609786715
hcs,3,6,47.98643576818874
hcs,3,6,42.67591670954738
hcs,3,6,38.140880771790265
hcs,3,6,40.089175741698035
hcs,3,6,42.08974093930053
hcs,3,6,46.03658169646039
hcs,3,6,50.37195763870195
hcs,3,6,43.2685773527982
hcs,3,6,48.2713671257021
hcs,3,6,49.936571989260656
hcs,3,6,39.3167582483206
hcs,3,6,46.455619209507766
hcs,3,6,45.254348463922724
hcs,3,6,43.04875876793711
hcs,3,6,45.07572428595413
hcs,3,6,49.29831454754346
hcs,3,6,39.72618796873835
hcs,3,6,46.740564625935995
hcs,3,6,44.92357071193611
hcs,3,6,41.947886787778515
hcs,3,6,47.073312137823784
hcs,3,6,44.62437781197109
hcs,3,6,39.574579774177366
hcs,3,6,44.28379479528235
hcs,3,6,42.84867448356112
hcs,3,6,45.893484430130336
hcs,3,6,38.89704861517411
hcs,3,6,45.60570939978527
hcs,3,6,43.198462209306086
hcs,3,6,41.48692938422355
hcs,3,6,48.163619762402085
hcs,3,6,43.92464165901247
hcs,3,6,38.846843919608
hcs,3,6,35.59884316994916
hcs,3,6,40.570560399277014
hcs,3,6,41.97326153443147
hcs,3,6,34.180040450325926
hcs,3,6,38.316252516116066
hcs,3,6,36.314702873521156
hcs,3,6,42.348095107039036
hcs,3,6,44.469586405182056
hcs,3,6,44.897192491123164
hcs,3,6,48.86255736310668
hcs,3,6,47.50261306291705
hcs,3,6,52.63520295190295
hcs,3,6,44.23160561328098
hcs,3,6,47.52171424615263
hcs,3,6,46.57277561913459
hcs,3,6,50.34087374007606
hcs,3,6,52.3989814342124
hcs,3,6,53.352213806434776
hcs,3,6,47.817010851568206
hcs,3,6,51.955854095661344
hcs,3,6,53.038323045417194
hcs,3,6,47.160041525671375
hcs,3,6,49.844385504783304
hcs,3,6,51.73799858646232
hcs,3,6,46.580404095243345
hcs,3,6,54.669281461159926
hcs,3,6,52.534283748797385
hcs,3,6,53.383004356273744
hcs,3,6,49.168561609939644
hcs,3,6,56.55588753217585
hcs,3,6,56.29907220657936
hcs,3,6,51.610084683501654
hcs,3,6,59.50500277670816
hcs,3,6,54.731975596829216
hcs,3,6,49.72759096846587
hcs,3,6,49.16775356632982
hcs,3,6,55.54743744005771
hcs,3,6,55.40761574794115
hcs,3,6,47.24624646087665
hcs,3,6,46.7185759776218
hcs,3,6,53.22254355525145
hcs,3,6,52.06142765024744
hcs,3,6,52.39337446793924
hcs,3,6,48.58588049726983
hcs,3,6,57.07378633532386
hcs,3,6,56.171531636499324
hcs,3,6,51.55384460155993
hcs,3,6,60.26627107377514
hcs,3,6,57.58755055629741
hcs,3,6,44.94908312052452
hcs,3,6,47.6017813400716
hcs,3,6,57.79451748229992
hcs,3,6,54.52998655266481
hcs,3,6,47.07400746610488
hcs,3,6,47.67789157587799
hcs,3,6,43.331482519342224
hcs,3,6,55.6076014862109
hcs,3,6,53.034981427705
hcs,3,6,44.68732508363688
hcs,3,6,43.64943196212942
hcs,3,6,37.65819897503787
hcs,3,6,37.78708455850364
hcs,3,6,37.33425117367265
hcs,3,6,42.0748222522309
hcs,3,6,41.895231324800605
hcs,3,6,42.662178249522476
hcs,3,6,44.66994111061949
hcs,3,6,44.57858351923626
hcs,3,6,40.30713234180247
hcs,3,6,42.42324798976996
hcs,3,6,42.356814841769065
hcs,3,6,44.86987877457408
hcs,3,6,46.23952125292606
hcs,3,6,46.20363685887959
hcs,3,6,44.374324636723436
hcs,3,6,44.39641522857312
hcs,3,6,46.21666631929567
hcs,3,6,45.24701813187761
hcs,3,6,47.80387554113241
hcs,3,6,46.069906689308596
hcs,3,6,41.3381673758702
hcs,3,6,47.082744714542315
hcs,3,6,48.613438800279255
hcs,3,6,51.01267319676761
hcs,3,6,49.00632538632244
hcs,3,6,53.19063052578037
hcs,3,6,52.93219479109131
hcs,3,6,50.167295746262965
hcs,3,6,54.82769601246853
hcs,3,6,51.75589870692876
hcs,3,6,44.50758549824572
hcs,3,6,45.04821511324607
hcs,3,6,50.21505868066435
hcs,3,6,52.11380561316861
hcs,3,6,43.35759690864312
hcs,3,6,46.57313898923461
hcs,3,6,44.921620896009586
hcs,3,6,46.96781821212559
hcs,3,6,49.80967767803486
hcs,3,6,45.294776090404
hcs,3,6,51.05001624323741
hcs,3,6,53.11728972855161
hcs,3,6,47.56060352191295
hcs,3,6,51.35906494359046
hcs,3,6,55.02310246134181
hcs,3,6,44.14996008043055
hcs,3,6,44.25843192780947
hcs,3,6,50.29450853170188
hcs,3,6,49.399891845490735
hcs,3,6,41.4543110709553
hcs,3,6,44.50152608417355
hcs,3,6,40.50420556886641
hcs,3,6,50.24393500885527
hcs,3,6,49.34633771953784
hcs,3,6,44.26715039332731
hcs,3,6,45.85528587955443
hcs,3,6,38.66549105465719
hcs,3,6,40.301634038014214
hcs,3,6,42.39283956117189
hcs,3,6,41.24671034476738
hcs,3,6,41.648964822342144
hcs,3,6,43.6688271567546
hcs,3,6,46.69581746623227
hcs,3,6,48.116850962242374
hcs,3,6,51.373488673725795
hcs,3,6,50.98075275053166
hcs,3,6,43.7509396920481
hcs,3,6,48.39323711108064
hcs,3,6,53.82267662318958
hcs,3,6,52.84742250819803
hcs,3,6,45.25903303653151
hcs,3,6,45.749248436851175
hcs,3,6,45.46581380717577
hcs,3,6,54.6525282921877
hcs,3,6,52.519794994795724
hcs,3,6,44.87504128045829
hcs,3,6,46.71974482450101
hcs,3,6,44.19931919947708
hcs,3,6,42.05874969603236
hcs,3,6,52.22787894352263
hcs,3,6,53.6582073731511
hcs,3,6,43.335449923989835
hcs,3,6,45.804642118805276
hcs,3,6,43.050714202152236
hcs,3,6,37.721901050170935
dcs,3,0,62.77605002270678
dcs,3,1,62.117228813092986
dcs,3,1,60.03822222640161
dcs,3,1,63.00876201250711
dcs,3,1,62.718489497518746
dcs,3,1,61.69926343202906
dcs,3,1,62.82596382660343
dcs,3,1,61.84210659437513
dcs,3,1,59.41688530500531
dcs,3,1,62.54634636227661
dcs,3,1,60.754621349373615
dcs,3,2,50.86318069352891
dcs,3,2,61.53961258862519
dcs,3,2,61.149317305978634
dcs,3,2,62.26835489572839
dcs,3,2,59.937164698528534
dcs,3,2,60.190429264793465
dcs,3,2,60.5120544131363
dcs,3,2,60.15804380019283
dcs,3,2,62.21405225801237
dcs,3,2,57.28648541705399
dcs,3,2,57.528024608113036
dcs,3,2,60.07864589369927
dcs,3,2,58.48158967661667
dcs,3,2,58.16257485218866
dcs,3,2,57.501495950232126
dcs,3,2,58.270543989395726
dcs,3,2,57.75308651515583
dcs,3,2,56.57401524819164
dcs,3,2,62.8870059335527
dcs,3,2,62.30719042654152
dcs,3,2,62.30717227988794
dcs,3,2,55.84187390685551
dcs,3,2,62.43810988969726
dcs,3,2,61.83538033413404
dcs,3,2,60.64619676740253
dcs,3,2,61.502959318361114
dcs,3,2,61.22900729349099
dcs,3,2,57.805516544535564
dcs,3,2,62.15961279091153
dcs,3,2,61.25734654591702
dcs,3,2,60.76363770643791
dcs,3,2,61.7302495549725
dcs,3,2,59.06283711204787
dcs,3,2,63.84841351146444
dcs,3,2,60.57376156076516
dcs,3,2,60.387511205091506
dcs,3,2,57.43459619638778
dcs,3,2,61.253803064171066
dcs,3,2,61.6717855107045
dcs,3,2,60.157596850746664
dcs,3,2,61.501809435634684
dcs,3,2,60.059981753332806
dcs,3,2,58.53235874136534
dcs,3,2,60.068044283128685
dcs,3,2,60.72819619903726
dcs,3,3,48.81086072135952
dcs,3,3,49.07034159549878
dcs,3,3,51.335710788842405
dcs,3,3,48.73894719484158
dcs,3,3,49.6377019352668
dcs,3,3,47.87153753500992
dcs,3,3,49.230034796015055
dcs,3,3,50.36968618069643
dcs,3,3,55.047715406763274
dcs,3,3,64.12878954332575
dcs,3,3,61.08228334569637
dcs,3,3,58.917751696341305
dcs,3,3,57.354069135706766
dcs,3,3,62.15307402349919
dcs,3,3,62.09445627512963
dcs,3,3,60.7386582416351
dcs,3,3,60.83960669093459
dcs,3,3,59.63595850913856
dcs,3,3,57.85651574303525
dcs,3,3,60.713534742830035
dcs,3,3,61.01154631918462
dcs,3,3,59.823767697696205
dcs,3,3,60.94501313155731
dcs,3,3,61.56232709115734
dcs,3,3,62.067053870584196
dcs,3,3,61.93713139735193
dcs,3,3,56.96937220634961
dcs,3,3,57.082306167842155
dcs,3,3,59.72041263548975
dcs,3,3,59.70881885315238
dcs,3,3,59.689477323109216
dcs,3,3,57.51611443697936
dcs,3,3,59.50443698998669
dcs,3,3,57.42568625735836
dcs,3,3,57.977973626262205
dcs,3,3,58.59742598363273
dcs,3,3,51.54744468895392
dcs,3,3,58.95915359298145
dcs,3,3,55.93006487014478
dcs,3,3,56.61650044989185
dcs,3,3,53.90408679567097
dcs,3,3,58.47456483033023
dcs,3,3,54.950174623398794
dcs,3,3,58.8878487731003
dcs,3,3,57.150192010671155
dcs,3,3,56.3339640125708
dcs,3,3,56.94208374460978
dcs,3,3,57.36768049959733
dcs,3,3,55.49399978645639
dcs,3,3,58.24267305859372
dcs,3,3,57.79103056332122
dcs,3,3,57.940402120777
dcs,3,3,59.15120219280221
dcs,3,3,58.22899092374525
dcs,3,3,57.08781941755545
dcs,3,3,52.9436444526876
dcs,3,3,59.69407445910602
dcs,3,3,57.0440563759927
dcs,3,3,56.83636779104517
dcs,3,3,57.235434129192654
dcs,3,3,57.11560487362737
dcs,3,3,55.89964327040897
dcs,3,3,55.49977718000505
dcs,3,3,55.16193002847562
dcs,3,3,52.52716067653602
dcs,3,3,55.727578003562826
dcs,3,3,54.441265447296196
dcs,3,3,51.99750706838735
dcs,3,3,57.75070418673297
dcs,3,3,56.34252023989716
dcs,3,3,60.106373570734526
dcs,3,3,59.43241076363173
dcs,3,3,58.29573525259162
dcs,3,3,60.966086602286616
dcs,3,3,59.35757486044505
dcs,3,3,59.645621217788594
dcs,3,3,56.4448788822784
dcs,3,3,60.532724066528985
dcs,3,3,60.33610546324656
dcs,3,3,55.423799188477304
dcs,3,3,61.70487712542698
dcs,3,3,60.220200951435174
dcs,3,3,56.03282568462985
dcs,3,3,54.960234444687636
dcs,3,3,59.895896312150974
dcs,3,3,57.42476980875823
dcs,3,3,59.28036432163661
dcs,3,3,55.2118676175193
dcs,3,3,59.89368345415622
dcs,3,3,59.18127679890429
dcs,3,3,58.17166105502437
dcs,3,3,56.45504105152719
dcs,3,3,61.32233395440218
dcs,3,3,59.92496479064291
dcs,3,3,57.733754262580625
dcs,3,3,60.87814593605181
dcs,3,3,60.24549111750317
dcs,3,3,59.430031614308334
dcs,3,3,59.6816077952536
dcs,3,3,60.05790524594599
dcs,3,3,58.08987693848033
dcs,3,3,55.575269459935214
dcs,3,3,62.39282020319501
dcs,3,3,59.36624591463555
dcs,3,3,57.6799466299587
dcs,3,3,62.01962652419953
dcs,3,3,60.69576631062211
dcs,3,3,58.2068598876919
dcs,3,3,58.70904039514634
dcs,3,3,61.14259110841766
dcs,3,3,56.76797873628462
dcs,3,3,59.55471007170583
dcs,3,3,58.651179794492734
dcs,3,3,54.690027966175045
dcs,3,3,54.21258104935489
dcs,3,3,59.6372553589533
dcs,3,3,57.71516994005354
dcs,3,3,58.84288248757835
dcs,3,3,59.71095404953125
dcs,3,3,48.78834350300245
dcs,3,4,43.81131003718666
dcs,3,4,49.202248384065314
dcs,3,4,46.659850103313715
dcs,3,4,48.840220724616884
dcs,3,4,45.52740152409526
dcs,3,4,47.16868667114842
dcs,3,4,49.32906621462541
dcs,3,4,48.75286189548784
dcs,3,4,48.47001303361158
dcs,3,4,45.84771273681685
dcs,3,4,43.63051028984205
dcs,3,4,45.03036077579821
dcs,3,4,48.773048450785694
dcs,3,4,48.71720146779873
dcs,3,4,47.01976350514199
dcs,3,4,47.454139896828174
dcs,3,4,46.644280897972855
dcs,3,4,50.32840735399693
dcs,3,4,47.23033749191608
dcs,3,4,41.26906247817493
dcs,3,4,46.50867584984922
dcs,3,4,48.86408867119665
dcs,3,4,46.076212932917784
dcs,3,4,46.46284660651877
dcs,3,4,47.7285167497225
dcs,3,4,44.768746195026026
dcs,3,4,46.35769596450285
dcs,3,4,44.76770037242458
dcs,3,4,52.33113294817535
dcs,3,4,55.65753874631062
dcs,3,4,53.8980258671512
dcs,3,4,50.66035123912944
dcs,3,4,55.9062544007278
dcs,3,4,55.81935043704851
dcs,3,4,62.447178105329094
dcs,3,4,62.12023347265039
dcs,3,4,58.82220398139815
dcs,3,4,64.06179710300907
dcs,3,4,63.47427211326144
dcs,3,4,56.655819665481076
dcs,3,4,54.87861449603583
dcs,3,4,59.85056461502863
dcs,3,4,59.083370738704
dcs,3,4,56.735813767052555
dcs,3,4,59.78379942542672
dcs,3,4,58.51276896998119
dcs,3,4,56.57933451389916
dcs,3,4,56.676474326064344
dcs,3,4,58.44619558657315
dcs,3,4,59.2974028209682
dcs,3,4,59.074049040538114
dcs,3,4,57.09682696053628
dcs,3,4,60.578255981943066
dcs,3,4,58.857789554235715
dcs,3,4,56.06293382630329
dcs,3,4,55.04477023038653
dcs,3,4,60.70250039889662
dcs,3,4,59.07287731596868
dcs,3,4,54.93455303147413
dcs,3,4,59.04584428030638
dcs,3,4,59.10946351119946
dcs,3,4,56.70528816729947
dcs,3,4,60.53880959786561
dcs,3,4,59.811194520632704
dcs,3,4,56.32341991120462
dcs,3,4,55.70680446191848
dcs,3,4,61.003022278142204
dcs,3,4,60.97911225609267
dcs,3,4,58.73318089537302
dcs,3,4,60.13909755975191
dcs,3,4,59.35650516260647
dcs,3,4,57.97187263111091
dcs,3,4,60.973862399860494
dcs,3,4,59.82306661299879
dcs,3,4,52.106218519777634
dcs,3,4,56.07378386777266
dcs,3,4,56.475803442800284
dcs,3,4,52.754541640340925
dcs,3,4,54.57446225945116
dcs,3,4,57.69142211718486
dcs,3,4,56.48294466578496
dcs,3,4,57.1187100663004
dcs,3,4,57.32879011240757
dcs,3,4,46.72795119307964
dcs,3,4,47.19066869921591
dcs,3,4,50.186045972433746
dcs,3,4,49.49557651829459
dcs,3,4,47.41806439788178
dcs,3,4,52.76804477607272
dcs,3,4,50.55928219245267
dcs,3,4,55.05764033510749
dcs,3,4,57.55704294525582
dcs,3,4,54.64491306936212
dcs,3,4,57.323902250416104
dcs,3,4,57.539994332120095
dcs,3,4,52.452009102212486
dcs,3,4,50.56198302602384
dcs,3,4,56.651562271343934
dcs,3,4,54.387687069239334
dcs,3,4,53.471216633541864
dcs,3,4,57.96568065665664
dcs,3,4,53.937095158515255
dcs,3,4,54.239376419282614
dcs,3,4,53.18875789199298
dcs,3,4,55.46529551661554
dcs,3,4,55.336087945755395
dcs,3,4,57.63987719559031
dcs,3,4,55.26424086740441
dcs,3,4,56.761336062452806
dcs,3,4,56.92825552935086
dcs,3,4,53.09361666854634
dcs,3,4,52.64836635816496
dcs,3,4,57.696850929277296
dcs,3,4,56.222620259805566
dcs,3,4,55.850456640255196
dcs,3,4,56.709042133009646
dcs,3,4,53.94232218298464
dcs,3,4,54.28508791804272
dcs,3,4,55.34258504357427
dcs,3,4,54.3747022184824
dcs,3,4,54.87250210102012
dcs,3,4,53.29555995043243
dcs,3,4,58.684007093162464
dcs,3,4,57.30465944245233
dcs,3,4,56.93869042477972
dcs,3,4,58.18386913976534
dcs,3,4,56.2512984365608
dcs,3,4,57.22558616882279
dcs,3,4,56.47578870576353
dcs,3,4,56.628406852526815
dcs,3,4,49.97206014201679
dcs,3,4,57.360276791176126
dcs,3,4,54.79064175029297
dcs,3,4,51.577987169021
dcs,3,4,52.28561464711889
dcs,3,4,53.931892597937214
dcs,3,4,56.18712747014738
dcs,3,4,54.8702765668815
dcs,3,4,55.24494090483372
dcs,3,4,44.33195091238943
dcs,3,4,49.4626657056652
dcs,3,4,53.460997977172696
dcs,3,4,50.580200419133824
dcs,3,4,52.75038692127141
dcs,3,4,52.37182877821995
dcs,3,4,52.62807417795311
dcs,3,4,51.81106100673594
dcs,3,4,57.11464787657745
dcs,3,4,57.83907851518093
dcs,3,4,51.81268769699414
dcs,3,4,56.2222400001801
dcs,3,4,51.75034201754213
dcs,3,4,52.868838923341976
dcs,3,4,50.834939970847756
dcs,3,4,54.63320732817116
dcs,3,4,56.247246789449534
dcs,3,4,57.800373012940675
dcs,3,4,61.505979652086125
dcs,3,4,58.499378516898915
dcs,3,4,57.1570231458707
dcs,3,4,61.20503889703558
dcs,3,4,58.01307389949537
dcs,3,4,55.37956809993523
dcs,3,4,56.48646131582953
dcs,3,4,59.73533991186577
dcs,3,4,54.779174106831995
dcs,3,4,57.40952432322328
dcs,3,4,56.84334902969991
dcs,3,4,53.38781239391592
dcs,3,4,54.02061321930462
dcs,3,4,58.67703515585407
dcs,3,4,53.66103794360026
dcs,3,4,54.35585795688424
dcs,3,4,59.48798286536168
dcs,3,4,48.08886406117826
dcs,3,4,52.006337580887596
dcs,3,4,54.67896076070547
dcs,3,4,57.685470882525024
dcs,3,4,56.71270272808289
dcs,3,4,54.03973414109156
dcs,3,4,59.700797162246666
dcs,3,4,57.258349817344914
dcs,3,4,54.96733362401556
dcs,3,4,56.970411215651794
dcs,3,4,57.058241816283164
dcs,3,4,55.63499842240711
dcs,3,4,58.23052104589477
dcs,3,4,55.91542451264348
dcs,3,4,55.40049727805927
dcs,3,4,55.20222353296964
dcs,3,4,59.162633249907934
dcs,3,4,55.83896055991984
dcs,3,4,58.2307387477867
dcs,3,4,59.97885754473905
dcs,3,4,49.211775533498276
dcs,3,4,51.61752818057448
dcs,3,4,58.25546287632195
dcs,3,4,54.281999728363715
dcs,3,4,53.05831422664827
dcs,3,4,56.36535699423813
dcs,3,4,59.59176552961814
dcs,3,4,55.10944159753457
dcs,3,4,57.675723887586486
dcs,3,4,60.45820943503253
dcs,3,4,47.27591920729017
dcs,3,4,50.63556120628445
dcs,3,4,52.3802881114638
dcs,3,4,57.74010065087967
dcs,3,4,45.64768950543531
dcs,3,4,47.17757519968656
dcs,3,5,36.4809206119598
dcs,3,5,41.24991484533784
dcs,3,5,43.2295656540142
dcs,3,5,40.46054574239055
dcs,3,5,41.91425110918385
dcs,3,5,46.02832482078474
dcs,3,5,48.25307460422157
dcs,3,5,47.92279060058825
dcs,3,5,47.10667184946833
dcs,3,5,47.60321148806218
dcs,3,5,49.57775471814105
dcs,3,5,45.23525377762788
dcs,3,5,42.36096470318531
dcs,3,5,45.768095538056436
dcs,3,5,44.88346150521782
dcs,3,5,41.58164385611827
dcs,3,5,47.700446360216745
dcs,3,5,47.34651337030382
dcs,3,5,43.09729081335787
dcs,3,5,46.56716114598267
dcs,3,5,45.757257640937574
dcs,3,5,46.5665584801061
dcs,3,5,46.93609611230548
dcs,3,5,45.890971822884154
dcs,3,5,42.44936303365331
dcs,3,5,47.29016374276692
dcs,3,5,43.40085215263828
dcs,3,5,42.55420918704938
dcs,3,5,45.32570236607492
dcs,3,5,48.098218313146425
dcs,3,5,43.508887261056536
dcs,3,5,42.64150003115118
dcs,3,5,47.64304272792638
dcs,3,5,41.031212748692944
dcs,3,5,47.012060847646595
dcs,3,5,43.36317027418789
dcs,3,5,43.8193555502982
dcs,3,5,40.72677218308709
dcs,3,5,46.20311308488811
dcs,3,5,49.36295391856147
dcs,3,5,44.73226463914601
dcs,3,5,45.51601032904221
dcs,3,5,47.31444804557488
dcs,3,5,43.40008447651861
dcs,3,5,48.313288983666666
dcs,3,5,43.83687740245883
dcs,3,5,39.67517065732691
dcs,3,5,46.10986740423598
dcs,3,5,45.618879070208465
dcs,3,5,39.73953831620326
dcs,3,5,39.13147539545294
dcs,3,5,44.10294539860931
dcs,3,5,42.157242968008966
dcs,3,5,43.86410643343076
dcs,3,5,43.924574847290586
dcs,3,5,35.70840928334606
dcs,3,5,50.42776274245816
dcs,3,5,50.5626616775086
dcs,3,5,48.48250572914532
dcs,3,5,51.99022891459446
dcs,3,5,50.449363937839664
dcs,3,5,49.675311270320044
dcs,3,5,50.45424486631423
dcs,3,5,55.42344661134603
dcs,3,5,54.036947714523386
dcs,3,5,51.48360871342062
dcs,3,5,55.72135705685398
dcs,3,5,52.818814540128756
dcs,3,5,50.99333204077775
dcs,3,5,53.64827177882939
dcs,3,5,55.95603828606684
dcs,3,5,54.85695324756531
dcs,3,5,55.8470970986218
dcs,3,5,62.98792136890836
dcs,3,5,61.00844834483923
dcs,3,5,56.683873399756536
dcs,3,5,61.05278662908198
dcs,3,5,58.8584222476896
dcs,3,5,55.88072343904916
dcs,3,5,57.45308861817534
dcs,3,5,58.353366531943486
dcs,3,5,52.66453462936121
dcs,3,5,54.9336857367948
dcs,3,5,55.61250603096389
dcs,3,5,51.98929325179733
dcs,3,5,52.712519322227045
dcs,3,5,57.79125480976437
dcs,3,5,52.55566810347132
dcs,3,5,56.51209653259579
dcs,3,5,56.14619286534486
dcs,3,5,46.58048365929097
dcs,3,5,52.89320799705713
dcs,3,5,55.16601064847442
dcs,3,5,57.8471753912019
dcs,3,5,58.8026866664477
dcs,3,5,53.81780428682463
dcs,3,5,58.72729985294327
dcs,3,5,57.53657312165834
dcs,3,5,55.94175267172604
dcs,3,5,59.63054643310737
dcs,3,5,59.506872685193834
dcs,3,5,51.78718294536705
dcs,3,5,55.6025081423739
dcs,3,5,54.16482242811177
dcs,3,5,52.123781775899346
dcs,3,5,55.15523667104012
dcs,3,5,57.57294916549578
dcs,3,5,53.43810381783558
dcs,3,5,58.0161048047257
dcs,3,5,57.64073901050515
dcs,3,5,47.48107447507406
dcs,3,5,50.87812011629249
dcs,3,5,57.39881835522074
dcs,3,5,54.96692606882786
dcs,3,5,51.94449368107018
dcs,3,5,53.990701432857946
dcs,3,5,58.973018537804656
dcs,3,5,55.81606953854763
dcs,3,5,56.79755793384811
dcs,3,5,58.265038081517204
dcs,3,5,46.65716735693821
dcs,3,5,45.216766561691536
dcs,3,5,49.303844487629554
dcs,3,5,55.36543819447572
dcs,3,5,43.76641959807153
dcs,3,5,44.22132625597409
dcs,3,5,41.7106898430662
dcs,3,5,45.692097661546406
dcs,3,5,41.733827486857386
dcs,3,5,45.73453347782475
dcs,3,5,46.979858062435625
dcs,3,5,47.276070742958694
dcs,3,5,48.361065525286094
dcs,3,5,51.461030579369705
dcs,3,5,50.9173218355661
dcs,3,5,48.65116671343871
dcs,3,5,50.623863886449726
dcs,3,5,48.69635348977065
dcs,3,5,46.444325253647776
dcs,3,5,47.52427214506847
dcs,3,5,49.80261742636487
dcs,3,5,52.62086009799019
dcs,3,5,51.3548784594512
dcs,3,5,54.84526061540651
dcs,3,5,54.96067185340918
dcs,3,5,53.99631703378724
dcs,3,5,56.396242906107254
dcs,3,5,56.34807275115402
dcs,3,5,52.82319226309385
dcs,3,5,54.23799216868769
dcs,3,5,54.727281638599344
dcs,3,5,48.92108331537364
dcs,3,5,52.35267156946459
dcs,3,5,50.81436080118817
dcs,3,5,50.65305419048962
dcs,3,5,49.536575753558616
dcs,3,5,55.10286358953251
dcs,3,5,53.18997986797571
dcs,3,5,54.35913899349425
dcs,3,5,54.788359256511356
dcs,3,5,44.34088268991292
dcs,3,5,48.0609822988872
dcs,3,5,52.55310348557597
dcs,3,5,56.36625506204209
dcs,3,5,57.13071707988136
dcs,3,5,52.730213869554696
dcs,3,5,55.757144213765606
dcs,3,5,55.49335788129154
dcs,3,5,53.316319376161424
dcs,3,5,52.7955319189283
dcs,3,5,53.87737817828454
dcs,3,5,51.29456940893229
dcs,3,5,53.66447452961501
dcs,3,5,50.70880161722899
dcs,3,5,50.439998912754
dcs,3,5,51.513358658460994
dcs,3,5,53.68276606166001
dcs,3,5,52.60791727129133
dcs,3,5,54.35666733094702
dcs,3,5,54.273821269523594
dcs,3,5,43.62637029700532
dcs,3,5,47.80111400322921
dcs,3,5,54.07760975057753
dcs,3,5,52.7480115706054
dcs,3,5,51.982532736916156
dcs,3,5,51.33160498897873
dcs,3,5,56.39899587375453
dcs,3,5,55.63704002040901
dcs,3,5,55.47840291914152
dcs,3,5,55.92126822414304
dcs,3,5,42.865258886892
dcs,3,5,48.874726587111425
dcs,3,5,46.10528104849698
dcs,3,5,53.01084620825856
dcs,3,5,42.4627632614185
dcs,3,5,42.70646545630865
dcs,3,5,43.03093846898165
dcs,3,5,46.92939866328118
dcs,3,5,47.69363349774227
dcs,3,5,48.96149538697305
dcs,3,5,47.51534694889134
dcs,3,5,52.17631289311002
dcs,3,5,51.58696047749247
dcs,3,5,48.35657917645712
dcs,3,5,49.78370547364304
dcs,3,5,50.52810910761875
dcs,3,5,52.47104985052275
dcs,3,5,52.798997794708946
dcs,3,5,52.37082024941609
dcs,3,5,50.503886788496644
dcs,3,5,52.58185568367861
dcs,3,5,53.70421460711198
dcs,3,5,50.96599399653059
dcs,3,5,51.90468204410803
dcs,3,5,54.290641023133254
dcs,3,5,44.352314958350995
dcs,3,5,51.98837822282876
dcs,3,5,57.07634982138967
dcs,3,5,53.19549188961674
dcs,3,5,53.59106493592829
dcs,3,5,53.939844261807934
dcs,3,5,57.13972321738999
dcs,3,5,53.19768012072189
dcs,3,5,55.5544754105603
dcs,3,5,58.97055759811435
dcs,3,5,46.447379585519606
dcs,3,5,48.48504135880486
dcs,3,5,53.25322948332587
dcs,3,5,55.69561984132294
dcs,3,5,45.52240131805056
dcs,3,5,46.69500477687045
dcs,3,5,47.43328293450382
dcs,3,5,51.534632051961715
dcs,3,5,50.11787931834104
dcs,3,5,50.80475567167642
dcs,3,5,52.6112023811093
dcs,3,5,55.01748651030586
dcs,3,5,52.445717394335546
dcs,3,5,54.20941767479912
dcs,3,5,57.53716284558096
dcs,3,5,46.93053066244142
dcs,3,5,49.19608979562889
dcs,3,5,53.793574770197196
dcs,3,5,56.97098941278189
dcs,3,5,44.85455608270787
dcs,3,5,47.45094105203198
dcs,3,5,45.57266890712612
dcs,3,5,50.85383917025632
dcs,3,5,56.289907613717496
dcs,3,5,44.075780200072465
dcs,3,5,45.1789205301619
dcs,3,5,40.87858855020256
dcs,3,6,33.47019614450841
dcs,3,6,36.1367850813862
dcs,3,6,31.74610201148712
dcs,3,6,32.73726568081995
dcs,3,6,36.722154596174185
dcs,3,6,37.990369812181605
dcs,3,6,36.6106941985266
dcs,3,6,39.9535171183241
dcs,3,6,42.12344660180939
dcs,3,6,39.61354259649795
dcs,3,6,41.44935847305032
dcs,3,6,42.52921425621156
dcs,3,6,37.141536157468636
dcs,3,6,43.51446815317536
dcs,3,6,36.62639226874849
dcs,3,6,45.54927196764017
dcs,3,6,43.53821745084703
dcs,3,6,46.024671884401755
dcs,3,6,47.2911702817959
dcs,3,6,43.425918815417184
dcs,3,6,46.832186402825506
dcs,3,6,47.93790892752845
dcs,3,6,43.52787173130791
dcs,3,6,47.56800824653906
dcs,3,6,44.000593696960415
dcs,3,6,39.433594955646015
dcs,3,6,44.30931958536576
dcs,3,6,43.129471570402764
dcs,3,6,39.71707314054006
dcs,3,6,40.114670857035556
dcs,3,6,44.0686904501918
dcs,3,6,40.057898392329314
dcs,3,6,39.27815766305279
dcs,3,6,42.94073736078777
dcs,3,6,32.68592226162629
dcs,3,6,40.91399623745157
dcs,3,6,44.38207523232776
dcs,3,6,41.73776422622545
dcs,3,6,44.17915770107443
dcs,3,6,45.662161693370415
dcs,3,6,42.630349908511214
dcs,3,6,45.17630203273488
dcs,3,6,40.54710121264931
dcs,3,6,45.87632754647325
dcs,3,6,41.06537772867711
dcs,3,6,39.41833697374777
dcs,3,6,42.9148324054111
dcs,3,6,42.68867379657807
dcs,3,6,38.89410963879054
dcs,3,6,41.61584446917119
dcs,3,6,43.48333762793784
dcs,3,6,42.11144402829131
dcs,3,6,43.40484717431902
dcs,3,6,41.24841220668333
dcs,3,6,32.70070290772795
dcs,3,6,37.779429999225556
dcs,3,6,40.76860602964962
dcs,3,6,41.02301289453724
dcs,3,6,38.072979445902945
dcs,3,6,40.0689712962178
dcs,3,6,42.743925564280424
dcs,3,6,41.28194289479858
dcs,3,6,44.11557058032734
dcs,3,6,42.743648236223976
dcs,3,6,35.30825014340201
dcs,3,6,33.58566712013622
dcs,3,6,35.125380421314
dcs,3,6,42.13154870754431
dcs,3,6,30.817015540320224
dcs,3,6,30.548425547413522
dcs,3,6,44.82789641986641
dcs,3,6,49.37043047174936
dcs,3,6,49.75420366850848
dcs,3,6,49.481060154108555
dcs,3,6,48.39931391408224
dcs,3,6,51.22063896131277
dcs,3,6,49.525119978800234
dcs,3,6,46.53079718751679
dcs,3,6,46.65616568085283
dcs,3,6,50.49537157434914
dcs,3,6,48.258167938458826
dcs,3,6,51.089946940696066
dcs,3,6,47.40053952343185
dcs,3,6,50.189805422615905
dcs,3,6,51.33614712883503
dcs,3,6,53.15099368893132
dcs,3,6,46.43083084940754
dcs,3,6,50.54812657003707
dcs,3,6,52.44203555346911
dcs,3,6,45.74029220724672
dcs,3,6,51.51652940750952
dcs,3,6,55.74377010000554
dcs,3,6,54.13201298918893
dcs,3,6,51.14338429788236
dcs,3,6,53.39164187045282
dcs,3,6,58.23997075617554
dcs,3,6,52.70117394414893
dcs,3,6,54.39782002441318
dcs,3,6,57.36455694855067
dcs,3,6,46.562353355198695
dcs,3,6,44.50283134353622
dcs,3,6,49.667389978481225
dcs,3,6,52.60716351965282
dcs,3,6,44.76562682471683
dcs,3,6,42.95621659867077
dcs,3,6,48.177493830634596
dcs,3,6,55.3424195832801
dcs,3,6,50.45640302204548
dcs,3,6,50.54761178267941
dcs,3,6,52.79350066933341
dcs,3,6,57.332627829860115
dcs,3,6,52.49949013412175
dcs,3,6,54.600678439248625
dcs,3,6,57.53208192678727
dcs,3,6,46.402277572820495
dcs,3,6,44.64671125015622
dcs,3,6,49.73491282351812
dcs,3,6,54.726456375050766
dcs,3,6,44.56850730235499
dcs,3,6,44.33900977976023
dcs,3,6,42.31770624560735
dcs,3,6,47.52959210275897
dcs,3,6,54.68544116977952
dcs,3,6,43.561995880746764
dcs,3,6,42.41027197947223
dcs,3,6,35.095553689320234
dcs,3,6,36.19209211264342
dcs,3,6,39.02192348727498
dcs,3,6,41.5933726851707
dcs,3,6,42.70388384721358
dcs,3,6,41.499443868962
dcs,3,6,44.31162861695901
dcs,3,6,45.769264496593685
dcs,3,6,38.86325165452703
dcs,3,6,42.97096090216087
dcs,3,6,47.31122997613236
dcs,3,6,45.69469790538453
dcs,3,6,48.15912013199222
dcs,3,6,45.864229523597054
dcs,3,6,46.97799577067965
dcs,3,6,48.22813448026224
dcs,3,6,48.14972515931659
dcs,3,6,46.765144504886806
dcs,3,6,47.108662869769304
dcs,3,6,48.71405850144094
dcs,3,6,42.06137530316346
dcs,3,6,48.430240785594734
dcs,3,6,53.257513100685806
dcs,3,6,50.4495139794205
dcs,3,6,48.656978407762985
dcs,3,6,49.37998153510963
dcs,3,6,53.85039562351
dcs,3,6,51.87684959121349
dcs,3,6,55.30337764893277
dcs,3,6,53.999094323867695
dcs,3,6,44.124696386657604
dcs,3,6,47.43342125545844
dcs,3,6,45.97368897347028
dcs,3,6,51.274110905478345
dcs,3,6,42.47330084041723
dcs,3,6,42.914727309418346
dcs,3,6,43.960547595967704
dcs,3,6,49.63183690701574
dcs,3,6,48.350905794991185
dcs,3,6,48.43444725793463
dcs,3,6,50.82711244565685
dcs,3,6,52.38521778135015
dcs,3,6,51.012197225830626
dcs,3,6,53.99418167685015
dcs,3,6,53.34626548620852
dcs,3,6,43.60350437167428
dcs,3,6,47.74836178041282
dcs,3,6,46.779867485863605
dcs,3,6,51.79926355109996
dcs,3,6,38.93203157407261
dcs,3,6,41.68254563110883
dcs,3,6,44.35470814517722
dcs,3,6,45.85745652954927
dcs,3,6,51.13832655471072
dcs,3,6,40.47895931843026
dcs,3,6,39.95572387776187
dcs,3,6,37.635004178306986
dcs,3,6,38.804317302341204
dcs,3,6,41.10603318856992
dcs,3,6,41.89922605995192
dcs,3,6,45.72004214426519
dcs,3,6,46.9602983966811
dcs,3,6,46.23532089619486
dcs,3,6,45.306018592162104
dcs,3,6,46.899218039359674
dcs,3,6,48.766348153165005
dcs,3,6,40.42887045441371
dcs,3,6,46.42057834020334
dcs,3,6,51.99267532712193
dcs,3,6,50.79745014351573
dcs,3,6,42.299221524589186
dcs,3,6,42.805665250352256
dcs,3,6,43.49432446055083
dcs,3,6,49.85286424169361
dcs,3,6,54.58265937195096
dcs,3,6,43.65286221550779
dcs,3,6,43.816894091417744
dcs,3,6,40.82419609658747
dcs,3,6,42.323398424211966
dcs,3,6,46.6238290091522
dcs,3,6,51.808301134953325
dcs,3,6,43.02480378279752
dcs,3,6,43.678693913143086
dcs,3,6,40.76633033071492
dcs,3,6,37.884572699069565
drop,4,0,66.45815300116026
drop,4,1,62.324785871681044
drop,4,1,57.68665571205447
drop,4,1,64.97967816823153
drop,4,1,63.54660528311058
drop,4,1,63.461406064736046
drop,4,1,68.15706601795493
drop,4,1,66.6350541485553
drop,4,1,64.9613640812679
drop,4,1,65.72874659918689
drop,4,1,67.15289261553478
drop,4,2,46.34894111058452
drop,4,2,60.57498261471254
drop,4,2,60.40731249255984
drop,4,2,60.54136544435599
drop,4,2,63.752901657327065
drop,4,2,61.54964273712997
drop,4,2,61.369590438229736
drop,4,2,63.276687100619924
drop,4,2,63.05337707654136
drop,4,2,54.125830474701516
drop,4,2,53.513405782814026
drop,4,2,55.16282068934753
drop,4,2,60.3930029334121
drop,4,2,56.073911377716044
drop,4,2,55.52509621831096
drop,4,2,57.682532939200385
drop,4,2,59.34275814064458
drop,4,2,52.62852277503003
drop,4,2,59.602819784444314
drop,4,2,65.10316908149787
drop,4,2,64.3617622321648
drop,4,2,62.323589762758516
drop,4,2,63.810486086235166
drop,4,2,64.61621178521285
drop,4,2,58.78548151177733
drop,4,2,64.64620294718954
drop,4,2,62.466439305146736
drop,4,2,60.595908809467325
drop,4,2,63.654614970456706
drop,4,2,64.04607065508334
drop,4,2,67.16673861303232
drop,4,2,62.58570386890718
drop,4,2,62.467440323916904
drop,4,2,61.6007642490684
drop,4,2,66.45908982060273
drop,4,2,65.531463013793
drop,4,2,66.12022953629209
drop,4,2,66.40193411783085
drop,4,2,68.36895469018182
drop,4,2,61.9576118046672
drop,4,2,65.2331487775485
drop,4,2,66.53168029988386
drop,4,2,62.47619727391348
drop,4,2,65.52858086790339
drop,4,2,54.777028614116006
drop,4,3,40.187534645510155
drop,4,3,42.766620348607574
drop,4,3,43.3929577999015
drop,4,3,45.82455799602781
drop,4,3,44.443872451772705
drop,4,3,42.75423013716208
drop,4,3,44.82789773262482
drop,4,3,45.867156046006954
drop,4,3,46.13978924041673
drop,4,3,55.463678676742425
drop,4,3,59.9067216345718
drop,4,3,58.80110354204815
drop,4,3,57.606580971472084
drop,4,3,60.09669825406344
drop,4,3,61.552903131648826
drop,4,3,53.58372455652967
drop,4,3,60.25059924338771
drop,4,3,57.847229491910376
drop,4,3,57.17931252963503
drop,4,3,59.69185135042251
drop,4,3,60.638440301418996
drop,4,3,62.43307717374137
drop,4,3,57.64578349961174
drop,4,3,58.90969202699525
drop,4,3,59.46298052500328
drop,4,3,60.376956767898285
drop,4,3,58.877990494726795
drop,4,3,63.085197227720634
drop,4,3,61.25237842802703
drop,4,3,63.86583036020021
drop,4,3,57.993264056668934
drop,4,3,60.94651266518709
drop,4,3,61.85614478127568
drop,4,3,58.25987824249563
drop,4,3,60.561502507293326
drop,4,3,54.18030258625328
drop,4,3,40.76265861469286
drop,4,3,50.02670211975022
drop,4,3,56.666161290503105
drop,4,3,53.13692123023195
drop,4,3,54.148337319972406
drop,4,3,55.61383711256058
drop,4,3,54.67092721944085
drop,4,3,49.77899265917157
drop,4,3,54.6015989658692
drop,4,3,52.7004229728127
drop,4,3,51.84581755969431
drop,4,3,53.44142456516373
drop,4,3,56.55947680420444
drop,4,3,56.132271606329645
drop,4,3,53.99473563207691
drop,4,3,53.014409838917466
drop,4,3,52.68687201472461
drop,4,3,56.76899964425377
drop,4,3,54.15187232114804
drop,4,3,57.623168740422685
drop,4,3,57.840703063915925
drop,4,3,60.874047008718094
drop,4,3,54.578925944954236
drop,4,3,56.22841597227853
drop,4,3,57.76478763425259
drop,4,3,54.17213196763227
drop,4,3,56.805517985614884
drop,4,3,46.5656977581305
drop,4,3,46.71463432159404
drop,4,3,52.73984049759072
drop,4,3,51.81730106100246
drop,4,3,53.02137433657463
drop,4,3,53.21212759263039
drop,4,3,54.30573930527179
drop,4,3,61.27422339685077
drop,4,3,58.149064230667726
drop,4,3,58.713398905226825
drop,4,3,59.66745192771145
drop,4,3,62.05998092505132
drop,4,3,61.985029092788956
drop,4,3,63.95463937488356
drop,4,3,64.58799290769815
drop,4,3,65.17368914068904
drop,4,3,60.954416933734834
drop,4,3,63.599960716090486
drop,4,3,64.60834349392847
drop,4,3,60.30481141509394
drop,4,3,62.5195017910442
drop,4,3,53.334159182351804
drop,4,3,55.07014637912966
drop,4,3,56.48142705630732
drop,4,3,56.08666541795466
drop,4,3,56.9320823483846
drop,4,3,59.54137687968012
drop,4,3,60.86808811392165
drop,4,3,62.29925888347076
drop,4,3,63.79296383009346
drop,4,3,65.34778903804524
drop,4,3,58.13390348471774
drop,4,3,62.86045680502159
drop,4,3,62.754991438436704
drop,4,3,56.75805237198625
drop,4,3,60.55997629013377
drop,4,3,53.863049964025954
drop,4,3,57.71299359006097
drop,4,3,65.63355224019011
drop,4,3,60.94529051764803
drop,4,3,67.14192467372494
drop,4,3,57.724788378608814
drop,4,3,59.19965153912155
drop,4,3,63.38479178350263
drop,4,3,57.48759672619003
drop,4,3,63.50538548883281
drop,4,3,51.975455969405296
drop,4,3,55.44766214856565
drop,4,3,61.68374278115907
drop,4,3,64.85974087395479
drop,4,3,62.84787066469596
drop,4,3,66.73016118191775
drop,4,3,53.56540886395111
drop,4,3,53.874291623367384
drop,4,3,63.14704911537723
drop,4,3,54.69782264101575
drop,4,3,47.06546382382937
drop,4,4,31.4335168674355
drop,4,4,35.06782740695494
drop,4,4,37.17941204844726
drop,4,4,38.41198413971182
drop,4,4,36.71113217138779
drop,4,4,39.2615449826382
drop,4,4,39.73078718935338
drop,4,4,38.09486118547445
drop,4,4,42.91040289296868
drop,4,4,40.78853543992723
drop,4,4,41.000018421538314
drop,4,4,41.96195690565532
drop,4,4,42.91273231744912
drop,4,4,44.11050354596241
drop,4,4,38.997542199374244
drop,4,4,41.57142510895399
drop,4,4,41.827131385812024
drop,4,4,41.39376688671362
drop,4,4,40.21391489819891
drop,4,4,41.25623880080218
drop,4,4,43.92684371384852
drop,4,4,44.10948597595039
drop,4,4,40.98015778811811
drop,4,4,43.33636405158998
drop,4,4,43.38824403376339
drop,4,4,40.29132205189355
drop,4,4,40.81281095251249
drop,4,4,35.86656850687662
drop,4,4,39.44685091594536
drop,4,4,44.36134880989982
drop,4,4,45.1992291461235
drop,4,4,45.37398468246971
drop,4,4,45.72313651063757
drop,4,4,47.61409028840606
drop,4,4,56.89920657186806
drop,4,4,53.27840652814655
drop,4,4,54.315202083590066
drop,4,4,56.049931396742856
drop,4,4,57.55294839962124
drop,4,4,56.03566028056958
drop,4,4,59.2834231498244
drop,4,4,58.41543830918909
drop,4,4,60.748239716787644
drop,4,4,54.57421282796425
drop,4,4,57.88063864295341
drop,4,4,58.79841207155938
drop,4,4,56.45280462335198
drop,4,4,57.54199555087265
drop,4,4,51.93908255461467
drop,4,4,53.742184967455806
drop,4,4,52.06610176728292
drop,4,4,51.266890687256186
drop,4,4,51.56381012762119
drop,4,4,53.93021387291629
drop,4,4,55.395100280378905
drop,4,4,59.07595875746768
drop,4,4,57.80243899829725
drop,4,4,60.785032386065275
drop,4,4,53.8510127853526
drop,4,4,57.86891384475945
drop,4,4,58.35790410846895
drop,4,4,53.00973578434531
drop,4,4,57.990508797358544
drop,4,4,50.74801275837289
drop,4,4,48.49932692793229
drop,4,4,60.54971064341813
drop,4,4,56.08095441112003
drop,4,4,62.083821566250855
drop,4,4,54.43611222089386
drop,4,4,54.937713630681706
drop,4,4,57.253007832457904
drop,4,4,53.48946886578004
drop,4,4,57.286211299160286
drop,4,4,51.42812191432191
drop,4,4,53.22999626721212
drop,4,4,54.965513950309884
drop,4,4,58.149482515235285
drop,4,4,54.97429792019092
drop,4,4,60.624065552232054
drop,4,4,51.02041973265345
drop,4,4,47.15567153969683
drop,4,4,55.860267431155485
drop,4,4,53.81217719509552
drop,4,4,44.74849270495526
drop,4,4,30.974973841450627
drop,4,4,41.47551329453721
drop,4,4,39.397609725345546
drop,4,4,38.85659639773187
drop,4,4,39.39822097872459
drop,4,4,40.782548898502455
drop,4,4,51.721875893762196
drop,4,4,49.10927745921649
drop,4,4,48.87691543076582
drop,4,4,49.11679998607843
drop,4,4,52.10062359287298
drop,4,4,53.4580285749094
drop,4,4,55.646439690216674
drop,4,4,55.6280262028243
drop,4,4,55.613390811504324
drop,4,4,52.77197009952839
drop,4,4,54.14934343373218
drop,4,4,54.15154890875594
drop,4,4,52.186294103613086
drop,4,4,54.08596946873161
drop,4,4,44.4399687497958
drop,4,4,45.83278265389378
drop,4,4,48.260001549902185
drop,4,4,49.489949980814735
drop,4,4,48.00432646104318
drop,4,4,49.631700870558106
drop,4,4,50.49468344205621
drop,4,4,51.624073948024574
drop,4,4,56.140653468428404
drop,4,4,55.96253501071446
drop,4,4,49.75129331072237
drop,4,4,53.1799667617872
drop,4,4,53.294799899330016
drop,4,4,51.078540096935754
drop,4,4,51.20602774221999
drop,4,4,47.35776235261888
drop,4,4,46.78930081898957
drop,4,4,52.49481602137727
drop,4,4,52.138857669964025
drop,4,4,58.454714772224
drop,4,4,49.51803755219478
drop,4,4,50.105222954865056
drop,4,4,52.118398682687726
drop,4,4,49.14877505430023
drop,4,4,53.100733535674586
drop,4,4,43.65556359547811
drop,4,4,52.61916698985002
drop,4,4,53.25363236097809
drop,4,4,53.90793310446135
drop,4,4,54.19156883726139
drop,4,4,57.038394106359206
drop,4,4,44.20406443576738
drop,4,4,47.98779747631056
drop,4,4,55.78514179360563
drop,4,4,45.77389242196904
drop,4,4,41.3304537962108
drop,4,4,37.47665864404966
drop,4,4,45.57246595971031
drop,4,4,44.96551349011965
drop,4,4,45.65809129404839
drop,4,4,47.228211058519406
drop,4,4,48.56901715394932
drop,4,4,53.42416514362978
drop,4,4,52.64341665278221
drop,4,4,55.49398589247879
drop,4,4,50.497487975959935
drop,4,4,51.72128325033878
drop,4,4,52.59989422318099
drop,4,4,50.62640604699027
drop,4,4,53.416008199376066
drop,4,4,47.918694037582156
drop,4,4,53.79290773019709
drop,4,4,60.31151532900117
drop,4,4,57.354126781455484
drop,4,4,62.243780597523866
drop,4,4,55.69540240766516
drop,4,4,57.570157303441114
drop,4,4,59.117854001168446
drop,4,4,55.385863031325876
drop,4,4,60.021661645074495
drop,4,4,48.871933927676224
drop,4,4,54.372248748997045
drop,4,4,60.6286116483152
drop,4,4,60.560434070919634
drop,4,4,62.739006216768914
drop,4,4,64.05986779769262
drop,4,4,52.35219236815212
drop,4,4,53.77951054938085
drop,4,4,60.29634795262013
drop,4,4,53.43591501288798
drop,4,4,46.65709730110436
drop,4,4,42.84124392228473
drop,4,4,53.57206220363955
drop,4,4,53.73398598196128
drop,4,4,54.48031877745221
drop,4,4,53.953632643144644
drop,4,4,54.880288044517656
drop,4,4,57.45407438402277
drop,4,4,51.13414465641607
drop,4,4,56.634351474857624
drop,4,4,48.5611479049114
drop,4,4,51.792150940929545
drop,4,4,58.98484687222532
drop,4,4,62.314989964217226
drop,4,4,58.5856170876331
drop,4,4,62.432055588339416
drop,4,4,52.60148924407678
drop,4,4,50.10245883040329
drop,4,4,57.35483415272784
drop,4,4,53.80770648527739
drop,4,4,46.96363865204316
drop,4,4,46.38296484519144
drop,4,4,52.33557867437938
drop,4,4,56.24044319691922
drop,4,4,57.741220427240734
drop,4,4,62.14208798055248
drop,4,4,51.11310073676755
drop,4,4,50.825424552483256
drop,4,4,58.60260587378181
drop,4,4,50.77998826106642
drop,4,4,42.1947726795554
drop,4,4,45.31688043403739
drop,4,4,54.212515172873665
drop,4,4,48.59165330860161
drop,4,4,44.58450214690764
drop,4,4,41.148434295906064
drop,4,5,23.203250818823477
drop,4,5,30.97086228519421
drop,4,5,30.64409882321447
drop,4,5,28.917929874173296
drop,4,5,30.3293535403518
drop,4,5,31.77921513686855
drop,4,5,31.37113797034666
drop,4,5,33.44987680399998
drop,4,5,34.01058819402255
drop,4,5,35.138532808607124
drop,4,5,35.480154858031874
drop,4,5,33.448990127706026
drop,4,5,35.0659036932632
drop,4,5,37.44825878326733
drop,4,5,37.249059611434234
drop,4,5,35.94809046503615
drop,4,5,36.57837966890184
drop,4,5,36.90345447228311
drop,4,5,36.486071687241136
drop,4,5,35.89508880886154
drop,4,5,28.658087050777336
drop,4,5,33.362896770167595
drop,4,5,35.11540095913639
drop,4,5,38.364737627192845
drop,4,5,37.14194174614405
drop,4,5,36.893062521853395
drop,4,5,38.53829174555864
drop,4,5,40.400213264630636
drop,4,5,41.65812768230903
drop,4,5,42.965436053320175
drop,4,5,38.9080294267197
drop,4,5,41.249300184251744
drop,4,5,40.52914035381192
drop,4,5,38.8960083180773
drop,4,5,39.98923186667368
drop,4,5,35.47650032600187
drop,4,5,32.89901972839666
drop,4,5,40.384272425489584
drop,4,5,39.21428410432295
drop,4,5,41.62507320530972
drop,4,5,35.48763812141812
drop,4,5,37.61564721389187
drop,4,5,36.833865834095846
drop,4,5,37.772967709094104
drop,4,5,39.714638526977566
drop,4,5,30.99636088904576
drop,4,5,33.26595183638319
drop,4,5,36.88288703085097
drop,4,5,37.66848103558736
drop,4,5,38.14710941692303
drop,4,5,37.038868651762726
drop,4,5,31.000553888077242
drop,4,5,34.994570861639694
drop,4,5,38.07706159951481
drop,4,5,34.80757142990133
drop,4,5,25.91578285547823
drop,4,5,33.695790660226486
drop,4,5,39.4251372081474
drop,4,5,37.93930546343841
drop,4,5,39.09487956043426
drop,4,5,39.665510017319725
drop,4,5,43.262018243495206
drop,4,5,46.38899734803489
drop,4,5,42.438176457202104
drop,4,5,45.35705882835535
drop,4,5,42.096495535602976
drop,4,5,43.88234094229405
drop,4,5,46.93036251350998
drop,4,5,44.29906692799024
drop,4,5,46.08283607191771
drop,4,5,38.29643024318228
drop,4,5,47.47867434312257
drop,4,5,57.08834071091453
drop,4,5,53.78108835038793
drop,4,5,58.03495147625979
drop,4,5,48.90608033823344
drop,4,5,52.99532179424637
drop,4,5,54.41801468834371
drop,4,5,51.81198500260344
drop,4,5,54.19824381040625
drop,4,5,47.61924988480295
drop,4,5,50.98751845565308
drop,4,5,52.014723376846106
drop,4,5,54.78352837790121
drop,4,5,56.30432920083279
drop,4,5,57.862945202130334
drop,4,5,50.62246446522367
drop,4,5,47.466652373061656
drop,4,5,53.43756280954766
drop,4,5,53.310556652522024
drop,4,5,43.642360416955924
drop,4,5,38.35341759920713
drop,4,5,52.08656762986289
drop,4,5,48.14317674587822
drop,4,5,52.90738510672711
drop,4,5,48.25377923596316
drop,4,5,50.15957127513886
drop,4,5,51.36719777316554
drop,4,5,47.17425363484119
drop,4,5,50.00278137577268
drop,4,5,44.86637763139153
drop,4,5,48.62370973308051
drop,4,5,51.616842189463405
drop,4,5,56.083872945482405
drop,4,5,51.378014391928396
drop,4,5,58.65516788536189
drop,4,5,47.92615722490904
drop,4,5,43.84969149369603
drop,4,5,51.515058251274525
drop,4,5,50.769692440185985
drop,4,5,42.659076813619336
drop,4,5,41.34086588513777
drop,4,5,43.94008860803999
drop,4,5,45.77090829658948
drop,4,5,48.8803951442296
drop,4,5,56.876593336190886
drop,4,5,48.031484032871155
drop,4,5,44.7847300876829
drop,4,5,50.419117266951844
drop,4,5,50.132848133304876
drop,4,5,41.679731594565595
drop,4,5,40.5754020714539
drop,4,5,48.660668610702935
drop,4,5,45.67098518123521
drop,4,5,39.15087434526991
drop,4,5,37.18003191342061
drop,4,5,19.857513730009032
drop,4,5,30.832606701260946
drop,4,5,30.418268964385586
drop,4,5,30.559706616550386
drop,4,5,32.93305336891053
drop,4,5,38.96202576047022
drop,4,5,38.51542305380442
drop,4,5,40.96485420046303
drop,4,5,41.71519550984573
drop,4,5,38.32351060042264
drop,4,5,38.94575749043639
drop,4,5,38.91896649546623
drop,4,5,35.97801756946775
drop,4,5,37.3909059837996
drop,4,5,35.80081415022176
drop,4,5,46.121165519712314
drop,4,5,50.55627565820782
drop,4,5,50.302657797279984
drop,4,5,53.32587224528255
drop,4,5,47.70630554257068
drop,4,5,46.86054692901078
drop,4,5,51.17605206343867
drop,4,5,46.141728274282315
drop,4,5,51.011895005675115
drop,4,5,40.0779618811959
drop,4,5,49.42426710827078
drop,4,5,52.25393841524637
drop,4,5,52.08221035078255
drop,4,5,52.98777187885128
drop,4,5,53.538394328821845
drop,4,5,42.7536485171392
drop,4,5,47.966055962013385
drop,4,5,53.51943511473607
drop,4,5,44.89462735223329
drop,4,5,37.96469932795297
drop,4,5,32.957018618867565
drop,4,5,45.54200232252261
drop,4,5,46.84673896820007
drop,4,5,44.25117411210084
drop,4,5,46.51588519338857
drop,4,5,47.76997209223927
drop,4,5,47.318512781446636
drop,4,5,45.63983777519585
drop,4,5,48.23360305512332
drop,4,5,39.52106890024197
drop,4,5,45.18994645393841
drop,4,5,49.05706369764907
drop,4,5,50.78879250060593
drop,4,5,50.07964290716673
drop,4,5,51.71680928186472
drop,4,5,46.00534975667739
drop,4,5,45.91426025140112
drop,4,5,48.84809020843976
drop,4,5,46.75761952281753
drop,4,5,42.08857412301873
drop,4,5,39.78247582611823
drop,4,5,44.92750371075493
drop,4,5,44.569323926304136
drop,4,5,47.05436671165524
drop,4,5,50.08775989262717
drop,4,5,41.651421355243315
drop,4,5,43.86835860306492
drop,4,5,45.56657093639075
drop,4,5,42.28572032454863
drop,4,5,34.713572913207884
drop,4,5,41.95745900201351
drop,4,5,51.075905369031894
drop,4,5,40.53398490226818
drop,4,5,37.40454987610801
drop,4,5,33.294648495014286
drop,4,5,30.2859251736388
drop,4,5,36.343638978868356
drop,4,5,36.02996830114864
drop,4,5,38.22870187294768
drop,4,5,42.48799447870567
drop,4,5,45.109329742799964
drop,4,5,45.958096856614155
drop,4,5,41.789942740195706
drop,4,5,46.81192439366403
drop,4,5,38.88587139160414
drop,4,5,42.72697540880045
drop,4,5,50.5547543828227
drop,4,5,50.23364043508983
drop,4,5,49.61234612771632
drop,4,5,54.93725828798044
drop,4,5,46.26196498813552
drop,4,5,45.03852941513291
drop,4,5,48.834959966282184
drop,4,5,46.85739260411389
drop,4,5,38.96393472447187
drop,4,5,44.670541656622696
drop,4,5,50.129390337003876
drop,4,5,52.88765944449937
drop,4,5,54.22326838076641
drop,4,5,58.21842701468183
drop,4,5,48.498283330525624
drop,4,5,50.46378029850621
drop,4,5,55.073407007174936
drop,4,5,48.369052339964156
drop,4,5,42.11488058388076
drop,4,5,47.65300244096377
drop,4,5,52.9355894047714
drop,4,5,50.56055722953674
drop,4,5,43.696186901600534
drop,4,5,41.46782353083895
drop,4,5,36.08909674910744
drop,4,5,40.44688174293484
drop,4,5,41.30430771688677
drop,4,5,51.105025212145705
drop,4,5,50.74922662853021
drop,4,5,44.59499036307402
drop,4,5,49.66104054702478
drop,4,5,53.79242277699541
drop,4,5,48.59362280401046
drop,4,5,38.74923957806165
drop,4,5,42.61617343168156
drop,4,5,49.13467958123998
drop,4,5,49.24916532232606
drop,4,5,42.57483082032916
drop,4,5,40.56083210844415
drop,4,5,39.270283791298546
drop,4,5,43.30378282751263
drop,4,5,40.01738453991117
drop,4,5,39.40355282534477
drop,4,5,36.219080638364446
drop,4,5,22.011130351867685
drop,4,6,16.53152531160484
drop,4,6,23.189589202485397
drop,4,6,21.4154898062242
drop,4,6,22.848225977359
drop,4,6,21.94005931982411
drop,4,6,26.957916957268214
drop,4,6,28.28960477676656
drop,4,6,30.450825712578865
drop,4,6,32.438653742632404
drop,4,6,28.700799815863682
drop,4,6,28.402593087264083
drop,4,6,29.52494319199691
drop,4,6,27.490435474324915
drop,4,6,28.191273361552682
drop,4,6,26.207869755142976
drop,4,6,30.123342724797197
drop,4,6,29.52861843621172
drop,4,6,29.6613734430894
drop,4,6,30.614829141593297
drop,4,6,31.391014301052255
drop,4,6,32.15093975661457
drop,4,6,32.22276584366372
drop,4,6,33.334555757104404
drop,4,6,34.245214376239666
drop,4,6,24.798898770216937
drop,4,6,30.700046869107645
drop,4,6,30.856758014281628
drop,4,6,31.239776390804764
drop,4,6,32.77023370041239
drop,4,6,33.43432444003361
drop,4,6,27.2337447926442
drop,4,6,34.042815780973676
drop,4,6,35.03638745681891
drop,4,6,27.84145933989879
drop,4,6,23.205624568458045
drop,4,6,23.477364937670433
drop,4,6,33.4653708733272
drop,4,6,29.13883305817471
drop,4,6,32.48318723405623
drop,4,6,33.536738506739106
drop,4,6,34.65124807962398
drop,4,6,33.45126685939643
drop,4,6,34.090542296851
drop,4,6,37.529706727447
drop,4,6,26.894788178531435
drop,4,6,32.29461778773033
drop,4,6,36.38071107290302
drop,4,6,37.538307687224446
drop,4,6,36.353224796123314
drop,4,6,39.36715729079947
drop,4,6,32.28975693524396
drop,4,6,34.057176670895075
drop,4,6,37.60415675334503
drop,4,6,34.66788871975262
drop,4,6,27.051792252471518
drop,4,6,29.15931203286085
drop,4,6,30.59370755549422
drop,4,6,29.523643928323178
drop,4,6,32.47717283336521
drop,4,6,33.4500175488081
drop,4,6,25.469817508056252
drop,4,6,33.08375352090588
drop,4,6,33.154464099162155
drop,4,6,27.527908035219355
drop,4,6,19.631558401950983
drop,4,6,26.91457215311559
drop,4,6,29.099354425657374
drop,4,6,22.87582548348754
drop,4,6,18.085915868515634
drop,4,6,19.65305570114652
drop,4,6,27.26507327335058
drop,4,6,32.07653342592778
drop,4,6,29.486933245151924
drop,4,6,34.76943496882955
drop,4,6,37.51629080063693
drop,4,6,38.72892576111811
drop,4,6,39.20294561867159
drop,4,6,36.635966546598524
drop,4,6,38.41283310786252
drop,4,6,31.648756806392008
drop,4,6,35.97669101098669
drop,4,6,40.052855559857626
drop,4,6,44.29850967624003
drop,4,6,39.55490956601707
drop,4,6,48.28554817440474
drop,4,6,34.251773947081
drop,4,6,35.260720183801176
drop,4,6,40.07981400669093
drop,4,6,38.08715408113049
drop,4,6,34.70024005085182
drop,4,6,39.174068863533485
drop,4,6,42.133949674942755
drop,4,6,46.842042858352094
drop,4,6,48.71164217409175
drop,4,6,54.685165477224174
drop,4,6,43.676066398787626
drop,4,6,46.41348359523353
drop,4,6,48.65445698993276
drop,4,6,47.24135644140385
drop,4,6,39.64714705161256
drop,4,6,38.60069147111297
drop,4,6,48.4126387222136
drop,4,6,45.98226899153379
drop,4,6,40.651838849482466
drop,4,6,34.82517193072952
drop,4,6,33.384816489439906
drop,4,6,33.347956376039974
drop,4,6,38.51070236296794
drop,4,6,45.722521445953774
drop,4,6,48.96099436292396
drop,4,6,41.32664448621482
drop,4,6,42.8429680221733
drop,4,6,46.60871146865241
drop,4,6,44.2298487122498
drop,4,6,36.69864929530125
drop,4,6,36.97516701179146
drop,4,6,45.95090164338258
drop,4,6,41.91443129982017
drop,4,6,34.67339968343532
drop,4,6,34.812021081851
drop,4,6,32.58375809315525
drop,4,6,39.18593831921275
drop,4,6,34.17290204614576
drop,4,6,34.287079967646946
drop,4,6,34.07345496814465
drop,4,6,11.028482150382937
drop,4,6,14.765324075049623
drop,4,6,19.233940793008227
drop,4,6,18.707004352040464
drop,4,6,19.764836268798756
drop,4,6,28.270232197888774
drop,4,6,29.849945169338817
drop,4,6,31.980620361001442
drop,4,6,27.92540144408775
drop,4,6,30.069923405103683
drop,4,6,23.61788743167831
drop,4,6,33.6771587035327
drop,4,6,39.56812556571497
drop,4,6,38.2284793893222
drop,4,6,36.42742554999674
drop,4,6,36.29622793912047
drop,4,6,35.25185940582379
drop,4,6,35.12879470833432
drop,4,6,37.93121707323671
drop,4,6,35.35967321014779
drop,4,6,29.89954538153753
drop,4,6,39.76073986865868
drop,4,6,42.93383376628197
drop,4,6,46.94207015351832
drop,4,6,45.198400712126194
drop,4,6,51.2060368466918
drop,4,6,38.959770883093015
drop,4,6,42.5695637812185
drop,4,6,46.54977488502464
drop,4,6,39.205749829909806
drop,4,6,32.600000582703984
drop,4,6,43.560459904852095
drop,4,6,48.76440675686566
drop,4,6,39.655250671649654
drop,4,6,32.68845480733782
drop,4,6,31.95609939047862
drop,4,6,30.05434468660611
drop,4,6,31.70226673430767
drop,4,6,33.24522384823501
drop,4,6,46.26686351135878
drop,4,6,41.90095879136177
drop,4,6,35.962693359836265
drop,4,6,41.4667388939474
drop,4,6,41.69804441056062
drop,4,6,40.20440776941067
drop,4,6,31.531368157493038
drop,4,6,39.62533525497943
drop,4,6,44.881910679423385
drop,4,6,42.745918973025184
drop,4,6,37.46866016722775
drop,4,6,33.82361179228033
drop,4,6,29.936058696029278
drop,4,6,40.07236438898574
drop,4,6,31.94893232996865
drop,4,6,32.96824206240581
drop,4,6,28.981641213068247
drop,4,6,16.93450535297173
drop,4,6,25.332276013220365
drop,4,6,29.58836088108695
drop,4,6,28.93378441801751
drop,4,6,34.466973521802544
drop,4,6,36.43851396061731
drop,4,6,30.17699743283203
drop,4,6,40.10910056420932
drop,4,6,43.18076532029915
drop,4,6,38.736943899004764
drop,4,6,30.72137014346464
drop,4,6,35.7729203581786
drop,4,6,43.14234103771871
drop,4,6,44.71186275839651
drop,4,6,34.575693165463825
drop,4,6,35.08381829695981
drop,4,6,34.730733919130145
drop,4,6,39.63396784794245
drop,4,6,40.14290571315294
drop,4,6,39.02655598906637
drop,4,6,36.686532590365914
drop,4,6,23.949001779795818
drop,4,6,27.999290643765285
drop,4,6,35.58577024941057
drop,4,6,33.16413235445811
drop,4,6,33.526740528817825
drop,4,6,32.99700885655894
drop,4,6,22.559732664213154
drop,4,6,20.409080314719674
hcs,4,0,66.89856108061284
hcs,4,1,63.472745276598054
hcs,4,1,60.646338086930626
hcs,4,1,66.8952104241392
hcs,4,1,64.76766240960943
hcs,4,1,66.45849164410419
hcs,4,1,66.96945740704507
hcs,4,1,65.79921485791837
hcs,4,1,64.33209501656177
hcs,4,1,66.86590680566107
hcs,4,1,67.80275548809979
hcs,4,2,49.755868108515614
hcs,4,2,64.42178722199152
hcs,4,2,62.31302706595028
hcs,4,2,64.66153740631609
hcs,4,2,63.60255812902136
hcs,4,2,62.72682892134309
hcs,4,2,62.330872509022804
hcs,4,2,64.82664095653276
hcs,4,2,65.13517473013093
hcs,4,2,55.9493590303809
hcs,4,2,58.72556490382199
hcs,4,2,59.45947484928418
hcs,4,2,59.11556696618635
hcs,4,2,59.53246122703686
hcs,4,2,57.31010261507319
hcs,4,2,58.90340282225854
hcs,4,2,59.26569787918745
hcs,4,2,61.857496419552994
hcs,4,2,66.31100089232973
hcs,4,2,65.71194042102643
hcs,4,2,65.56762415819694
hcs,4,2,63.526286179004885
hcs,4,2,67.69069484332198
hcs,4,2,67.46929686078327
hcs,4,2,64.52843225411524
hcs,4,2,64.95002045893932
hcs,4,2,62.74746901952683
hcs,4,2,62.42425922130907
hcs,4,2,65.80212694200698
hcs,4,2,66.69222301206675
hcs,4,2,63.699554719552644
hcs,4,2,63.79002031812328
hcs,4,2,64.0929169248156
hcs,4,2,65.18228121809493
hcs,4,2,65.95913096980065
hcs,4,2,64.15575060450323
hcs,4,2,63.69781231450797
hcs,4,2,65.8672874581113
hcs,4,2,66.56016662001262
hcs,4,2,62.477593935207395
hcs,4,2,65.40722701049692
hcs,4,2,66.46147559533601
hcs,4,2,59.453156047090914
hcs,4,2,64.04206698703393
hcs,4,2,66.47959006118464
hcs,4,3,46.882608160890584
hcs,4,3,48.756966178851556
hcs,4,3,50.530498770864426
hcs,4,3,49.05734952756848
hcs,4,3,49.26172155351679
hcs,4,3,46.53789358253996
hcs,4,3,49.66333526142754
hcs,4,3,49.98069871735596
hcs,4,3,58.73175140789109
hcs,4,3,64.60218639399903
hcs,4,3,63.29863134081929
hcs,4,3,63.366391850747185
hcs,4,3,62.02868373663264
hcs,4,3,64.9522797352651
hcs,4,3,64.7897204270173
hcs,4,3,62.29666039975499
hcs,4,3,60.63276583868693
hcs,4,3,60.7444706829958
hcs,4,3,59.883097170809116
hcs,4,3,61.651957492588295
hcs,4,3,63.127020548408275
hcs,4,3,61.899337209706886
hcs,4,3,61.41940987470925
hcs,4,3,62.54465774616338
hcs,4,3,63.166396449975274
hcs,4,3,64.48020156317533
hcs,4,3,61.67048721353679
hcs,4,3,62.88890018430098
hcs,4,3,63.22906513661957
hcs,4,3,63.30420723337254
hcs,4,3,60.24741827111916
hcs,4,3,62.67494565959393
hcs,4,3,62.994424412359294
hcs,4,3,58.61829830352485
hcs,4,3,62.70712615290475
hcs,4,3,63.233598490530476
hcs,4,3,45.870432412750695
hcs,4,3,54.57726938561955
hcs,4,3,56.67422050065321
hcs,4,3,54.89499756528243
hcs,4,3,51.627215370910996
hcs,4,3,55.211865309440064
hcs,4,3,55.86972277030265
hcs,4,3,56.985958020478186
hcs,4,3,58.51030249281877
hcs,4,3,57.60075811672591
hcs,4,3,55.43257228583598
hcs,4,3,57.861461074711265
hcs,4,3,59.12694736624877
hcs,4,3,59.12730793466218
hcs,4,3,56.84160736151118
hcs,4,3,53.978010114352614
hcs,4,3,58.19661032861527
hcs,4,3,58.41898190021544
hcs,4,3,57.25725373072239
hcs,4,3,56.370142246066294
hcs,4,3,58.01790967276037
hcs,4,3,59.573403559652775
hcs,4,3,54.85156730001501
hcs,4,3,57.425724031622615
hcs,4,3,57.79831710170519
hcs,4,3,54.835875873233
hcs,4,3,56.18176978578029
hcs,4,3,57.082334512973475
hcs,4,3,57.24391072207128
hcs,4,3,59.147817440862184
hcs,4,3,60.2143957177365
hcs,4,3,56.74311949148715
hcs,4,3,62.71030670893452
hcs,4,3,61.96448412674565
hcs,4,3,64.80738787936271
hcs,4,3,63.719665228144585
hcs,4,3,63.61503681627498
hcs,4,3,65.89921289792568
hcs,4,3,67.27662809019822
hcs,4,3,62.202260251384764
hcs,4,3,63.13242026308842
hcs,4,3,66.90285874547187
hcs,4,3,65.63671974489644
hcs,4,3,61.77467700193652
hcs,4,3,65.00842034029701
hcs,4,3,65.47807141632988
hcs,4,3,59.6316175174902
hcs,4,3,63.26307282940918
hcs,4,3,64.05847984259036
hcs,4,3,61.14348561403945
hcs,4,3,63.44061910271043
hcs,4,3,63.781797237687975
hcs,4,3,64.62691946761116
hcs,4,3,65.30970693473054
hcs,4,3,60.985301958015704
hcs,4,3,62.2815918797484
hcs,4,3,63.418335728478816
hcs,4,3,64.35208397883618
hcs,4,3,61.026218007258514
hcs,4,3,64.47974128115328
hcs,4,3,63.75505425241311
hcs,4,3,57.82671896668842
hcs,4,3,63.38089874763399
hcs,4,3,63.72589637847915
hcs,4,3,62.24560931708574
hcs,4,3,62.5851754901256
hcs,4,3,63.390268507451395
hcs,4,3,64.08459146879852
hcs,4,3,61.751564747169255
hcs,4,3,63.30847900169317
hcs,4,3,64.19882726841706
hcs,4,3,60.81142522760956
hcs,4,3,63.34890419591256
hcs,4,3,62.88285764519056
hcs,4,3,57.4923928124059
hcs,4,3,64.30177949237418
hcs,4,3,63.728663829814714
hcs,4,3,59.53143772354539
hcs,4,3,64.67837717733693
hcs,4,3,65.63650866034247
hcs,4,3,56.55480202505927
hcs,4,3,61.422397091345125
hcs,4,3,64.44148760597919
hcs,4,3,51.370869542382025
hcs,4,4,36.450804944758374
hcs,4,4,47.7971858328945
hcs,4,4,46.835274593524936
hcs,4,4,45.550351584695434
hcs,4,4,40.95844833058532
hcs,4,4,46.42259063054557
hcs,4,4,46.52978844167623
hcs,4,4,47.300024802933095
hcs,4,4,46.581032771222695
hcs,4,4,49.58123883092175
hcs,4,4,46.1578289298753
hcs,4,4,49.5483446133301
hcs,4,4,49.73610470025803
hcs,4,4,50.53880067056235
hcs,4,4,48.59633896215995
hcs,4,4,43.87570438540305
hcs,4,4,51.04286803123361
hcs,4,4,49.26077546466389
hcs,4,4,47.570331247788275
hcs,4,4,44.950665434941925
hcs,4,4,47.553737924610786
hcs,4,4,48.38724214212624
hcs,4,4,46.049570877586234
hcs,4,4,48.30567276539849
hcs,4,4,48.55904723585455
hcs,4,4,45.6500398019455
hcs,4,4,45.431171503915934
hcs,4,4,48.75099076806255
hcs,4,4,52.72120790869834
hcs,4,4,54.99953614474799
hcs,4,4,57.53772079008259
hcs,4,4,55.39850164757605
hcs,4,4,58.05681863732829
hcs,4,4,58.38351298062348
hcs,4,4,63.25640480486926
hcs,4,4,62.39074321077229
hcs,4,4,63.66909961755224
hcs,4,4,64.64796707868157
hcs,4,4,66.57544456766516
hcs,4,4,60.891389804211315
hcs,4,4,60.63417583851314
hcs,4,4,64.0888615761607
hcs,4,4,62.856122212241985
hcs,4,4,58.538165150056685
hcs,4,4,63.565388108199485
hcs,4,4,63.209475531163626
hcs,4,4,58.327295026990946
hcs,4,4,61.976024033547404
hcs,4,4,61.763413997057896
hcs,4,4,57.64139731196987
hcs,4,4,61.60394774526583
hcs,4,4,61.56067968562626
hcs,4,4,61.52003741482528
hcs,4,4,63.00294591217339
hcs,4,4,58.20553253406119
hcs,4,4,59.76039641546159
hcs,4,4,60.79399166280645
hcs,4,4,62.083688702119154
hcs,4,4,59.74238257031633
hcs,4,4,61.33019207750935
hcs,4,4,61.08199450071917
hcs,4,4,56.14392882695891
hcs,4,4,61.5926560141604
hcs,4,4,61.602241762459876
hcs,4,4,59.27677382786197
hcs,4,4,62.10672888257294
hcs,4,4,61.81118292646799
hcs,4,4,61.978394653931666
hcs,4,4,60.082556123827366
hcs,4,4,60.90318220250276
hcs,4,4,62.08129605063024
hcs,4,4,59.024001716414375
hcs,4,4,61.775867760101214
hcs,4,4,61.49149838640919
hcs,4,4,56.99816972362124
hcs,4,4,60.658298144098474
hcs,4,4,61.4186363752159
hcs,4,4,58.64442672014481
hcs,4,4,63.421229272188796
hcs,4,4,60.733308207871616
hcs,4,4,54.6537177971569
hcs,4,4,61.249306507213305
hcs,4,4,62.0062403547258
hcs,4,4,51.36970184534048
hcs,4,4,43.65745316276414
hcs,4,4,45.21357702507167
hcs,4,4,46.70365150310285
hcs,4,4,45.350649767965855
hcs,4,4,47.49472467976341
hcs,4,4,49.3073874484329
hcs,4,4,53.27196819354235
hcs,4,4,52.18862659639878
hcs,4,4,51.96932379982133
hcs,4,4,54.661295960588994
hcs,4,4,54.91174734303868
hcs,4,4,54.84356521503641
hcs,4,4,52.535584859446274
hcs,4,4,54.916745355482696
hcs,4,4,54.963003139915976
hcs,4,4,51.23660976071193
hcs,4,4,55.27015517294831
hcs,4,4,53.51550245931145
hcs,4,4,50.6673958187469
hcs,4,4,51.71734350083297
hcs,4,4,54.958737526104514
hcs,4,4,53.03086884850116
hcs,4,4,54.568583813748106
hcs,4,4,54.08318990136313
hcs,4,4,57.16908033755185
hcs,4,4,56.826114160198
hcs,4,4,56.057257407258085
hcs,4,4,55.18302787391297
hcs,4,4,57.10180825189719
hcs,4,4,57.28420269573851
hcs,4,4,54.44227837806057
hcs,4,4,56.61734438949747
hcs,4,4,57.17228915236203
hcs,4,4,53.62022341314173
hcs,4,4,56.52875631473708
hcs,4,4,56.066745005980636
hcs,4,4,54.099798774139195
hcs,4,4,52.43513972027192
hcs,4,4,57.43617163151177
hcs,4,4,56.081522657219395
hcs,4,4,52.283771691261926
hcs,4,4,56.04779744986441
hcs,4,4,55.59805962140133
hcs,4,4,52.589338751976655
hcs,4,4,52.063874685105915
hcs,4,4,55.37694118231939
hcs,4,4,50.931016585933506
hcs,4,4,55.40287543544186
hcs,4,4,55.52042636585083
hcs,4,4,54.17125728556517
hcs,4,4,54.28430480323123
hcs,4,4,56.82080363112125
hcs,4,4,53.837004022150225
hcs,4,4,53.724849865778445
hcs,4,4,55.257924587087025
hcs,4,4,50.225545078500566
hcs,4,4,50.831270601996415
hcs,4,4,53.94770347307016
hcs,4,4,54.23475126429784
hcs,4,4,56.90853167863516
hcs,4,4,59.339755448906985
hcs,4,4,55.207345212859416
hcs,4,4,55.18560092657259
hcs,4,4,58.75815801290234
hcs,4,4,59.890940390666046
hcs,4,4,56.384440906546864
hcs,4,4,61.26614279355238
hcs,4,4,60.368427738019335
hcs,4,4,53.52951657033314
hcs,4,4,58.430568934249706
hcs,4,4,60.424456247313586
hcs,4,4,60.377590538859224
hcs,4,4,62.62620737843625
hcs,4,4,64.60328893705434
hcs,4,4,64.11701527836073
hcs,4,4,61.39780366837966
hcs,4,4,64.30109189776036
hcs,4,4,64.6870060413052
hcs,4,4,57.43872795040574
hcs,4,4,61.63711470448722
hcs,4,4,64.00935033720697
hcs,4,4,58.7838453869175
hcs,4,4,64.38980008570954
hcs,4,4,62.96879746404016
hcs,4,4,60.139308408568496
hcs,4,4,64.32211057912613
hcs,4,4,65.66553142490102
hcs,4,4,55.196739754382094
hcs,4,4,61.19683812062
hcs,4,4,63.84550912465349
hcs,4,4,51.54032886543794
hcs,4,4,56.62716201449144
hcs,4,4,59.08347005620029
hcs,4,4,60.43133846473332
hcs,4,4,59.469263761204935
hcs,4,4,61.011029622966426
hcs,4,4,63.7812216383723
hcs,4,4,63.23158926862094
hcs,4,4,58.13437902096694
hcs,4,4,64.49746616827352
hcs,4,4,63.210281316923414
hcs,4,4,55.04183240607852
hcs,4,4,60.74545491245122
hcs,4,4,61.78659801644877
hcs,4,4,58.391839225739574
hcs,4,4,62.48292203050999
hcs,4,4,63.55488524664621
hcs,4,4,55.39931063571184
hcs,4,4,60.656120312476915
hcs,4,4,62.350988125384056
hcs,4,4,49.64619789615013
hcs,4,4,55.94120059513704
hcs,4,4,61.71591708161762
hcs,4,4,61.06825504039948
hcs,4,4,58.497751240582815
hcs,4,4,61.9056124361304
hcs,4,4,58.974608409275774
hcs,4,4,57.15747823285563
hcs,4,4,60.76214111170568
hcs,4,4,60.77567920710353
hcs,4,4,50.30837552897428
hcs,4,4,53.34849156016455
hcs,4,4,56.741387441114696
hcs,4,4,62.12353549191887
hcs,4,4,50.93093108869346
hcs,4,4,48.61483858051102
hcs,4,5,31.999011972137414
hcs,4,5,36.3937332752729
hcs,4,5,37.131363579658746
hcs,4,5,34.00879775557515
hcs,4,5,36.44678564755572
hcs,4,5,36.531262523331534
hcs,4,5,45.74359096016354
hcs,4,5,45.35239627695718
hcs,4,5,42.173297579897365
hcs,4,5,47.07169189211435
hcs,4,5,47.44131387974206
hcs,4,5,43.76603256982072
hcs,4,5,40.765122037438985
hcs,4,5,45.94169570796631
hcs,4,5,44.388426924880584
hcs,4,5,40.12335601045757
hcs,4,5,44.742185977069276
hcs,4,5,44.53098448367549
hcs,4,5,40.07333679042227
hcs,4,5,41.709364260734425
hcs,4,5,44.09611595138236
hcs,4,5,43.40897816093261
hcs,4,5,44.99783520117616
hcs,4,5,42.348778144710984
hcs,4,5,49.46094581481786
hcs,4,5,46.3831023617652
hcs,4,5,46.005045086360056
hcs,4,5,43.72691388697122
hcs,4,5,45.27059671097686
hcs,4,5,46.85872906577655
hcs,4,5,47.50670710575913
hcs,4,5,48.33972683831884
hcs,4,5,48.87604833358094
hcs,4,5,45.11162185620222
hcs,4,5,46.71726350803423
hcs,4,5,47.24855983595546
hcs,4,5,46.95206133610454
hcs,4,5,42.53748030049632
hcs,4,5,49.80371688871411
hcs,4,5,47.75046699206338
hcs,4,5,43.840729234255214
hcs,4,5,46.75981148470698
hcs,4,5,46.95494210152052
hcs,4,5,45.558481992517756
hcs,4,5,43.44085189841449
hcs,4,5,48.364687413135684
hcs,4,5,38.79792675090257
hcs,4,5,44.92892986855131
hcs,4,5,45.57063315550954
hcs,4,5,41.66984255715474
hcs,4,5,44.83612968258373
hcs,4,5,46.63278368262218
hcs,4,5,44.35768771002833
hcs,4,5,46.244705883939154
hcs,4,5,47.436141575761745
hcs,4,5,41.18428952489629
hcs,4,5,47.50287119314631
hcs,4,5,50.83173572335562
hcs,4,5,50.01436650187338
hcs,4,5,52.68715668111271
hcs,4,5,53.604914949635265
hcs,4,5,51.88283864442854
hcs,4,5,52.269122008630234
hcs,4,5,54.259332901514526
hcs,4,5,55.215363367522976
hcs,4,5,54.58992223620795
hcs,4,5,56.94032862524018
hcs,4,5,57.009818370995525
hcs,4,5,53.6234723157357
hcs,4,5,55.52310889964107
hcs,4,5,55.19353142005712
hcs,4,5,59.65403767107359
hcs,4,5,61.46956799123045
hcs,4,5,62.545683103634374
hcs,4,5,63.8472907611994
hcs,4,5,59.99784824771186
hcs,4,5,63.78897841234913
hcs,4,5,62.90304987737413
hcs,4,5,59.838646501970196
hcs,4,5,63.48568906773657
hcs,4,5,61.10786097267614
hcs,4,5,56.47258909740165
hcs,4,5,61.489703943787546
hcs,4,5,60.57809752690317
hcs,4,5,57.88406444982075
hcs,4,5,59.86591171641642
hcs,4,5,61.76099530547747
hcs,4,5,54.629083290947214
hcs,4,5,58.39942732027414
hcs,4,5,61.76483197372491
hcs,4,5,50.43792134037077
hcs,4,5,53.128742156558374
hcs,4,5,56.641186288523414
hcs,4,5,56.60749765630839
hcs,4,5,57.06577513543829
hcs,4,5,58.83298132220548
hcs,4,5,60.702538237857816
hcs,4,5,61.1931104090201
hcs,4,5,57.61048740055744
hcs,4,5,62.0070839681123
hcs,4,5,60.27686756245366
hcs,4,5,53.920263408718384
hcs,4,5,58.578164200771624
hcs,4,5,58.70500634584983
hcs,4,5,55.929104183734204
hcs,4,5,59.89363527993638
hcs,4,5,59.12401045206719
hcs,4,5,53.82694425038619
hcs,4,5,59.29188607815096
hcs,4,5,59.635559380889866
hcs,4,5,49.249316630531446
hcs,4,5,53.06560935996403
hcs,4,5,59.92297058730372
hcs,4,5,58.36585618376191
hcs,4,5,57.558845445729425
hcs,4,5,60.875890091684816
hcs,4,5,57.25905896016894
hcs,4,5,55.35064661992759
hcs,4,5,58.591429493448466
hcs,4,5,58.662923249386445
hcs,4,5,50.83925024202026
hcs,4,5,51.529869256132955
hcs,4,5,55.9284948892501
hcs,4,5,59.53815499673676
hcs,4,5,51.147168302532165
hcs,4,5,49.9856527606786
hcs,4,5,42.242182623317625
hcs,4,5,41.38115593427683
hcs,4,5,42.59710370325879
hcs,4,5,43.19705928448523
hcs,4,5,44.12494953375522
hcs,4,5,45.86263849785361
hcs,4,5,44.36578778885813
hcs,4,5,47.547997592345794
hcs,4,5,46.553332540972534
hcs,4,5,44.59080900300325
hcs,4,5,48.798214672718174
hcs,4,5,47.64222663846307
hcs,4,5,44.2799058984957
hcs,4,5,45.235313192088654
hcs,4,5,48.50500725000494
hcs,4,5,49.42182680320877
hcs,4,5,52.381235582740835
hcs,4,5,53.430364635233204
hcs,4,5,53.60841280658373
hcs,4,5,49.894791153343974
hcs,4,5,52.829700297231106
hcs,4,5,52.47947926346418
hcs,4,5,49.955902946200055
hcs,4,5,51.76097341231055
hcs,4,5,54.2369464803236
hcs,4,5,49.35407127935926
hcs,4,5,53.50448604169311
hcs,4,5,52.89171124439107
hcs,4,5,50.55226566937956
hcs,4,5,50.82867466654319
hcs,4,5,54.30745851308226
hcs,4,5,49.16365648159885
hcs,4,5,50.500303746732435
hcs,4,5,53.98315842971934
hcs,4,5,48.027070172557984
hcs,4,5,48.24435006120533
hcs,4,5,48.652299488351694
hcs,4,5,52.11698441257766
hcs,4,5,52.14432791598003
hcs,4,5,51.10450272056097
hcs,4,5,54.71217928707814
hcs,4,5,54.07806383950322
hcs,4,5,51.39562550745921
hcs,4,5,51.97412902845233
hcs,4,5,53.95045111033202
hcs,4,5,52.25896854327063
hcs,4,5,55.69215217424377
hcs,4,5,54.70448182600056
hcs,4,5,52.47157977210446
hcs,4,5,54.26883044005655
hcs,4,5,55.079002529689625
hcs,4,5,51.477499425650755
hcs,4,5,56.031847851627624
hcs,4,5,54.55256857746993
hcs,4,5,48.223885781517716
hcs,4,5,45.84171808773878
hcs,4,5,52.61107804244127
hcs,4,5,52.18335939263168
hcs,4,5,49.43908322800011
hcs,4,5,51.3182372552957
hcs,4,5,49.52171399432713
hcs,4,5,52.22210304323207
hcs,4,5,52.532841790103625
hcs,4,5,54.32300461011995
hcs,4,5,46.02443395641905
hcs,4,5,48.891573541940076
hcs,4,5,48.82342545755642
hcs,4,5,54.016867193021035
hcs,4,5,49.23410645912954
hcs,4,5,46.200241693826534
hcs,4,5,44.97650958670805
hcs,4,5,51.401377688579174
hcs,4,5,51.69754893889564
hcs,4,5,51.74619213990036
hcs,4,5,50.72126522329572
hcs,4,5,54.4650457031431
hcs,4,5,55.929499329048646
hcs,4,5,50.678896656119136
hcs,4,5,54.42414267507234
hcs,4,5,56.60217936341125
hcs,4,5,49.737325665754696
hcs,4,5,54.9847675825308
hcs,4,5,55.336937742537096
hcs,4,5,51.13853087060248
hcs,4,5,56.23209438129302
hcs,4,5,58.274436234254566
hcs,4,5,50.46790818515318
hcs,4,5,58.48152837871401
hcs,4,5,58.86394145037806
hcs,4,5,47.55332937903185
hcs,4,5,54.326027185491064
hcs,4,5,60.19378240369595
hcs,4,5,61.54339196665077
hcs,4,5,56.35588505506319
hcs,4,5,62.30606188297696
hcs,4,5,59.39779981832237
hcs,4,5,56.12702405279801
hcs,4,5,58.9943812899255
hcs,4,5,63.4147843157536
hcs,4,5,52.99327083718441
hcs,4,5,50.76753423262845
hcs,4,5,57.17730161682771
hcs,4,5,62.768315907298685
hcs,4,5,51.32849419008056
hcs,4,5,47.215400086177134
hcs,4,5,52.29298046801798
hcs,4,5,55.47154492848097
hcs,4,5,56.086650404117755
hcs,4,5,55.50783494730685
hcs,4,5,59.6774307063382
hcs,4,5,56.478270143420225
hcs,4,5,54.550429626592525
hcs,4,5,60.56636534930355
hcs,4,5,60.76233184953107
hcs,4,5,50.13974178969558
hcs,4,5,51.68625491920055
hcs,4,5,58.46783979083233
hcs,4,5,60.89326568130237
hcs,4,5,49.74192614283255
hcs,4,5,47.77822494098676
hcs,4,5,50.73383755765699
hcs,4,5,55.47104085272891
hcs,4,5,55.55346643894088
hcs,4,5,48.9694259460301
hcs,4,5,46.74341158432926
hcs,4,5,44.88756212324831
hcs,4,6,33.01904126033895
hcs,4,6,29.19281373254396
hcs,4,6,28.87501079050876
hcs,4,6,31.69283808112558
hcs,4,6,31.341583545717455
hcs,4,6,34.86886448699935
hcs,4,6,32.9081620243602
hcs,4,6,36.163722729033374
hcs,4,6,35.20519652287407
hcs,4,6,33.51844766643609
hcs,4,6,36.75782062324953
hcs,4,6,36.607479109190926
hcs,4,6,32.63885133075244
hcs,4,6,32.532286271631804
hcs,4,6,35.76835681000461
hcs,4,6,40.95036113040232
hcs,4,6,42.51150508490469
hcs,4,6,44.313173067896315
hcs,4,6,45.38827239609121
hcs,4,6,38.9640085041802
hcs,4,6,45.001540906508616
hcs,4,6,45.08687673927426
hcs,4,6,41.032675414582634
hcs,4,6,41.51004564713258
hcs,4,6,45.833342699422744
hcs,4,6,36.26996517415641
hcs,4,6,43.0194699083637
hcs,4,6,41.933115429691064
hcs,4,6,38.62286663014057
hcs,4,6,39.6971091003204
hcs,4,6,43.143297090623086
hcs,4,6,37.66460402867883
hcs,4,6,40.121424712581074
hcs,4,6,42.6285371114546
hcs,4,6,38.85378858736148
hcs,4,6,34.85221099000188
hcs,4,6,39.49864294438206
hcs,4,6,44.83355813671247
hcs,4,6,42.45172883821301
hcs,4,6,41.28889901771824
hcs,4,6,45.51070570157471
hcs,4,6,44.1538763782344
hcs,4,6,43.82814370881521
hcs,4,6,43.71283018991136
hcs,4,6,45.139986326559196
hcs,4,6,41.08485249160927
hcs,4,6,46.307763815296695
hcs,4,6,44.63065051879033
hcs,4,6,41.5646874587392
hcs,4,6,46.46076246730442
hcs,4,6,45.751665507304324
hcs,4,6,44.280551002555356
hcs,4,6,47.65925099387378
hcs,4,6,47.231084132824776
hcs,4,6,40.70532048895946
hcs,4,6,35.440792961646494
hcs,4,6,44.8413309098108
hcs,4,6,43.16652065923311
hcs,4,6,40.81845881846665
hcs,4,6,40.666176714798816
hcs,4,6,43.375014906494584
hcs,4,6,44.026687790935945
hcs,4,6,43.84290534225841
hcs,4,6,46.423116093727046
hcs,4,6,37.406202095305304
hcs,4,6,34.23207091043174
hcs,4,6,38.14607728830591
hcs,4,6,44.64367127056641
hcs,4,6,37.34444904834782
hcs,4,6,40.558253965777794
hcs,4,6,42.17945570134077
hcs,4,6,48.30266390481032
hcs,4,6,47.524439008393045
hcs,4,6,48.60569598309554
hcs,4,6,48.08448449619861
hcs,4,6,51.018142573896064
hcs,4,6,52.70455691100313
hcs,4,6,48.755870267108634
hcs,4,6,51.5034149941889
hcs,4,6,51.895787544927195
hcs,4,6,47.19915272441902
hcs,4,6,53.87107195828156
hcs,4,6,51.661444522491884
hcs,4,6,52.97734694797025
hcs,4,6,52.53688628314941
hcs,4,6,54.04287111362991
hcs,4,6,50.372207304683926
hcs,4,6,55.52703358887913
hcs,4,6,54.888795063794525
hcs,4,6,45.56855791653408
hcs,4,6,53.771098411820425
hcs,4,6,59.13969004693465
hcs,4,6,59.60471383995184
hcs,4,6,56.43768725471099
hcs,4,6,62.55363666873692
hcs,4,6,58.54793757041783
hcs,4,6,56.89923592013114
hcs,4,6,60.599455074885675
hcs,4,6,61.15500840168394
hcs,4,6,51.33662802154837
hcs,4,6,50.09910964751667
hcs,4,6,56.35132117981636
hcs,4,6,61.137967300081606
hcs,4,6,50.011135392237364
hcs,4,6,47.10667762403591
hcs,4,6,48.59771123883749
hcs,4,6,51.51080049871767
hcs,4,6,53.008370199355156
hcs,4,6,52.987038856685274
hcs,4,6,57.60840286129376
hcs,4,6,55.14989151360108
hcs,4,6,52.62610117665781
hcs,4,6,59.274629032201986
hcs,4,6,57.3929136040503
hcs,4,6,48.97879111307785
hcs,4,6,50.03892871267552
hcs,4,6,55.39012709904754
hcs,4,6,56.5139045746216
hcs,4,6,49.74402808440015
hcs,4,6,47.23204074888223
hcs,4,6,44.77510654071939
hcs,4,6,52.2070239073799
hcs,4,6,53.30344004921379
hcs,4,6,49.227695975713424
hcs,4,6,47.4649625026991
hcs,4,6,42.43517564056236
hcs,4,6,35.91658771470778
hcs,4,6,39.77887832770109
hcs,4,6,41.78273628118264
hcs,4,6,42.75270934312244
hcs,4,6,41.89936430135424
hcs,4,6,40.967974403561705
hcs,4,6,42.31594133452501
hcs,4,6,39.81399207136289
hcs,4,6,43.14133883536453
hcs,4,6,45.17757263661479
hcs,4,6,40.78056427262783
hcs,4,6,45.72449169618056
hcs,4,6,44.89446460117901
hcs,4,6,43.525143896985405
hcs,4,6,44.25931447350804
hcs,4,6,47.17255599727868
hcs,4,6,42.58312125980586
hcs,4,6,45.38884860433433
hcs,4,6,48.68609601779876
hcs,4,6,41.5332383671485
hcs,4,6,45.42721382828573
hcs,4,6,51.03629610398502
hcs,4,6,50.666029170474324
hcs,4,6,47.69150485730995
hcs,4,6,50.75384701288532
hcs,4,6,49.944756347249495
hcs,4,6,48.91223551841958
hcs,4,6,49.15403953177259
hcs,4,6,53.13944006025017
hcs,4,6,45.57263751180747
hcs,4,6,45.57575812150889
hcs,4,6,47.55202745319303
hcs,4,6,52.5783310126789
hcs,4,6,46.90534762127978
hcs,4,6,43.84087280726535
hcs,4,6,41.03189085244283
hcs,4,6,48.495934401577095
hcs,4,6,48.167883022693246
hcs,4,6,47.386801469833394
hcs,4,6,48.61350288615166
hcs,4,6,48.695630086959596
hcs,4,6,50.31745434664976
hcs,4,6,51.712174400308555
hcs,4,6,52.682811052382206
hcs,4,6,44.28294703193277
hcs,4,6,46.25139179324448
hcs,4,6,51.21830642820196
hcs,4,6,52.35935456626256
hcs,4,6,47.901041973938675
hcs,4,6,44.72446579226416
hcs,4,6,37.84510928499291
hcs,4,6,47.30622435302057
hcs,4,6,46.966600499487264
hcs,4,6,42.771253528259635
hcs,4,6,42.62655427733354
hcs,4,6,40.46653085876042
hcs,4,6,40.55720898941655
hcs,4,6,44.61099172174906
hcs,4,6,45.76350570452662
hcs,4,6,48.459744903327156
hcs,4,6,51.296312207880575
hcs,4,6,51.19808960775026
hcs,4,6,45.89368983656527
hcs,4,6,52.15392544883407
hcs,4,6,53.71703034931612
hcs,4,6,44.084612486206
hcs,4,6,45.02066095358213
hcs,4,6,49.361884490585325
hcs,4,6,54.76896320331483
hcs,4,6,43.76493297835942
hcs,4,6,44.06835124830951
hcs,4,6,48.82997271356139
hcs,4,6,55.450795701971344
hcs,4,6,56.2554090925127
hcs,4,6,47.56649963895525
hcs,4,6,46.07489501452186
hcs,4,6,43.83846625162011
hcs,4,6,46.68892981114787
hcs,4,6,51.408141047911435
hcs,4,6,51.17743197431638
hcs,4,6,49.047441010225015
hcs,4,6,47.41010826814423
hcs,4,6,43.45751086670248
hcs,4,6,42.2054085338293
dcs,4,0,67.23796827724162
dcs,4,1,63.82672429051613
dcs,4,1,59.13340658280687
dcs,4,1,66.14987834917017
dcs,4,1,65.43857105633619
dcs,4,1,65.96394727890522
dcs,4,1,67.39179430617244
dcs,4,1,66.27347766667641
dcs,4,1,65.45343034273571
dcs,4,1,66.02062452033462
dcs,4,1,67.31868450600757
dcs,4,2,44.47323387724159
dcs,4,2,63.526448987739016
dcs,4,2,62.41985036153038
dcs,4,2,62.43872940738848
dcs,4,2,65.4147225452819
dcs,4,2,63.46508998636396
dcs,4,2,63.272007219529016
dcs,4,2,62.884477771004946
dcs,4,2,63.07314135471472
dcs,4,2,55.73562206912731
dcs,4,2,55.24188385535582
dcs,4,2,56.8243003543258
dcs,4,2,58.684091011184506
dcs,4,2,57.05645980224383
dcs,4,2,55.674642593859915
dcs,4,2,55.549247244368324
dcs,4,2,58.60018320057267
dcs,4,2,62.60067565000643
dcs,4,2,64.72511905349498
dcs,4,2,66.10383323818093
dcs,4,2,64.88583017880165
dcs,4,2,64.31350049040464
dcs,4,2,63.83696737001259
dcs,4,2,66.07247307999339
dcs,4,2,64.26872217396166
dcs,4,2,66.96521427986522
dcs,4,2,65.48572025769016
dcs,4,2,64.7439276802994
dcs,4,2,64.64125295612891
dcs,4,2,66.30840470085427
dcs,4,2,67.35405855437386
dcs,4,2,65.30885826166838
dcs,4,2,65.66469921444205
dcs,4,2,64.47035915955726
dcs,4,2,66.48113544134515
dcs,4,2,65.81926635734278
dcs,4,2,65.85510578292826
dcs,4,2,66.05378704509567
dcs,4,2,67.61935520751994
dcs,4,2,63.81205155273989
dcs,4,2,63.743032564090505
dcs,4,2,65.90931035519883
dcs,4,2,63.73889092644114
dcs,4,2,66.26316095906641
dcs,4,2,57.86862841765254
dcs,4,3,42.24574446644566
dcs,4,3,42.27601502926403
dcs,4,3,42.901791154893125
dcs,4,3,44.12444077698963
dcs,4,3,43.787320104189234
dcs,4,3,41.978722244937785
dcs,4,3,44.55589851109753
dcs,4,3,46.350341876480115
dcs,4,3,59.07971154283127
dcs,4,3,61.93152485805934
dcs,4,3,63.587740385583615
dcs,4,3,63.0884426342222
dcs,4,3,62.72599895406954
dcs,4,3,62.779866009014476
dcs,4,3,63.4221195001106
dcs,4,3,59.387078846989084
dcs,4,3,63.40977943238701
dcs,4,3,61.770159827617455
dcs,4,3,61.840830807417156
dcs,4,3,61.46185085644505
dcs,4,3,62.6509971113228
dcs,4,3,64.2757006506224
dcs,4,3,61.351557531302326
dcs,4,3,62.12668820526919
dcs,4,3,61.37494010610587
dcs,4,3,61.67514405354877
dcs,4,3,63.005272343123295
dcs,4,3,63.79189978860844
dcs,4,3,63.098627463116365
dcs,4,3,63.879235438129726
dcs,4,3,60.8037384710533
dcs,4,3,61.69282659531235
dcs,4,3,62.27191462194852
dcs,4,3,60.846881652998675
dcs,4,3,62.14112814900537
dcs,4,3,55.944836716304735
dcs,4,3,45.7204767356482
dcs,4,3,56.460232341147275
dcs,4,3,56.47015859031861
dcs,4,3,53.30068285927231
dcs,4,3,53.0992348703342
dcs,4,3,54.037384088685734
dcs,4,3,56.504058831206216
dcs,4,3,54.09792393042549
dcs,4,3,55.23623212148052
dcs,4,3,54.352356992294304
dcs,4,3,53.83478089767151
dcs,4,3,53.12084545455015
dcs,4,3,56.766324315033145
dcs,4,3,56.92487372497887
dcs,4,3,55.359879336422935
dcs,4,3,56.08692831618115
dcs,4,3,53.78255057312678
dcs,4,3,58.63536582573647
dcs,4,3,56.59272800306575
dcs,4,3,54.528589712605545
dcs,4,3,55.39095922818632
dcs,4,3,58.532636705557
dcs,4,3,54.15951952182463
dcs,4,3,54.80958965983247
dcs,4,3,57.167312437047
dcs,4,3,54.26805535856227
dcs,4,3,56.18991651813366
dcs,4,3,52.68822785264011
dcs,4,3,55.678730070659284
dcs,4,3,61.52214361009282
dcs,4,3,63.313622154679386
dcs,4,3,62.440850946863634
dcs,4,3,60.88517162297542
dcs,4,3,61.41469687103047
dcs,4,3,66.57481948493094
dcs,4,3,63.720888426383794
dcs,4,3,64.54296722161432
dcs,4,3,64.35315805197072
dcs,4,3,64.90246797515087
dcs,4,3,65.32365668065904
dcs,4,3,63.28234407824323
dcs,4,3,64.30387972816584
dcs,4,3,66.36993595300778
dcs,4,3,63.11441238373929
dcs,4,3,63.67745927512223
dcs,4,3,64.30784009307145
dcs,4,3,63.04750412576134
dcs,4,3,65.42823124467432
dcs,4,3,58.07705953242106
dcs,4,3,66.11981716551524
dcs,4,3,65.02582825405585
dcs,4,3,64.07862188496246
dcs,4,3,62.97891070170264
dcs,4,3,63.301597493894235
dcs,4,3,65.27516118455439
dcs,4,3,64.00247110652859
dcs,4,3,64.04320081081572
dcs,4,3,66.30298473223863
dcs,4,3,64.04548736415244
dcs,4,3,63.36251480839853
dcs,4,3,66.71216454551414
dcs,4,3,64.02900977913164
dcs,4,3,65.94236297556397
dcs,4,3,58.49143929075073
dcs,4,3,64.35794759012647
dcs,4,3,65.0142946359377
dcs,4,3,65.89197158196217
dcs,4,3,66.27736990992015
dcs,4,3,63.456330097555
dcs,4,3,63.528969628393305
dcs,4,3,65.11456462308571
dcs,4,3,64.0991922402996
dcs,4,3,65.57123265550221
dcs,4,3,54.54300977709139
dcs,4,3,59.280827686587564
dcs,4,3,63.72040181956885
dcs,4,3,65.63851948626036
dcs,4,3,62.60338419857614
dcs,4,3,65.58671734754088
dcs,4,3,58.27489382675128
dcs,4,3,60.364985708917196
dcs,4,3,63.360143015592705
dcs,4,3,57.19193730044201
dcs,4,3,49.61168186793038
dcs,4,4,35.74650662655161
dcs,4,4,41.359207111915076
dcs,4,4,41.151537843671115
dcs,4,4,40.96488062345131
dcs,4,4,40.472982800471655
dcs,4,4,41.48308021203553
dcs,4,4,44.4813264514368
dcs,4,4,38.281691138476305
dcs,4,4,39.69017283582949
dcs,4,4,42.29977776721549
dcs,4,4,39.92885358444069
dcs,4,4,42.299532878170645
dcs,4,4,42.957737946482624
dcs,4,4,40.15807557182624
dcs,4,4,42.7197195635342
dcs,4,4,41.161028695000766
dcs,4,4,43.55596713264178
dcs,4,4,43.97772345030955
dcs,4,4,42.57671990355212
dcs,4,4,38.960981662145926
dcs,4,4,42.727852637819275
dcs,4,4,45.15976716786323
dcs,4,4,40.04212316257441
dcs,4,4,43.21042400402403
dcs,4,4,45.33889832064732
dcs,4,4,41.27929502195572
dcs,4,4,40.6473445831814
dcs,4,4,43.30946739794443
dcs,4,4,51.847065838069625
dcs,4,4,59.626758461821396
dcs,4,4,58.51132586837987
dcs,4,4,60.68901048140999
dcs,4,4,58.47588630676235
dcs,4,4,59.08450110772719
dcs,4,4,63.74177124655384
dcs,4,4,61.51199079929195
dcs,4,4,60.693435845086164
dcs,4,4,61.57466562531797
dcs,4,4,61.51930711987057
dcs,4,4,64.23897379647701
dcs,4,4,61.92150503931189
dcs,4,4,62.77968781080497
dcs,4,4,64.4602819634197
dcs,4,4,61.71003245032669
dcs,4,4,61.69719025118107
dcs,4,4,63.74318996704971
dcs,4,4,61.35052104708046
dcs,4,4,62.520095517184245
dcs,4,4,54.94482250754189
dcs,4,4,59.58108843433179
dcs,4,4,59.24744064680632
dcs,4,4,57.83342530273492
dcs,4,4,58.770638878610235
dcs,4,4,57.92404451110937
dcs,4,4,62.787276519248046
dcs,4,4,62.70185381141376
dcs,4,4,62.232546627838744
dcs,4,4,64.62592166189609
dcs,4,4,60.95784402906146
dcs,4,4,60.75730897602488
dcs,4,4,62.3707101706321
dcs,4,4,61.064850312117734
dcs,4,4,61.90685949543605
dcs,4,4,55.368238482177304
dcs,4,4,61.38708631672093
dcs,4,4,62.967990654241945
dcs,4,4,63.06254350926761
dcs,4,4,62.542723366322925
dcs,4,4,60.16249044933444
dcs,4,4,59.768975279480465
dcs,4,4,60.11601610895774
dcs,4,4,62.10866709437855
dcs,4,4,60.81139991254979
dcs,4,4,52.4150222297471
dcs,4,4,56.903610805794756
dcs,4,4,60.69063474474585
dcs,4,4,62.083146629347866
dcs,4,4,61.07703663884543
dcs,4,4,62.24421494196189
dcs,4,4,56.08146189414761
dcs,4,4,58.78297294200813
dcs,4,4,60.17006412487458
dcs,4,4,54.03241965259511
dcs,4,4,48.04692423445882
dcs,4,4,46.11763598270772
dcs,4,4,45.76878365439045
dcs,4,4,46.22257695175592
dcs,4,4,45.4294876459203
dcs,4,4,45.41025435428718
dcs,4,4,47.48724322527436
dcs,4,4,54.96083155807806
dcs,4,4,55.483633315834304
dcs,4,4,55.67661128244934
dcs,4,4,53.852377410058104
dcs,4,4,57.48580813108312
dcs,4,4,54.4070285358893
dcs,4,4,52.831491349302006
dcs,4,4,54.833178810885805
dcs,4,4,56.94663337888601
dcs,4,4,50.87277861637028
dcs,4,4,53.84820521562331
dcs,4,4,55.297129360084554
dcs,4,4,51.53548688826805
dcs,4,4,54.65156256482101
dcs,4,4,51.57039494023783
dcs,4,4,53.44241732183521
dcs,4,4,52.55246071536925
dcs,4,4,54.03572975607081
dcs,4,4,53.2333122524852
dcs,4,4,56.79602823856693
dcs,4,4,53.82698998667963
dcs,4,4,52.85756906293404
dcs,4,4,52.433961644769035
dcs,4,4,56.87087026880514
dcs,4,4,52.582089239012774
dcs,4,4,52.92838820181455
dcs,4,4,56.621437647786564
dcs,4,4,52.99428977162876
dcs,4,4,55.373563623829945
dcs,4,4,52.77958328057484
dcs,4,4,53.128278814144736
dcs,4,4,55.692946349512596
dcs,4,4,54.208752471851994
dcs,4,4,57.058637344010286
dcs,4,4,53.26117405614139
dcs,4,4,52.23974397475205
dcs,4,4,56.73986830148009
dcs,4,4,52.9027326273898
dcs,4,4,56.680220524114965
dcs,4,4,49.09239841284914
dcs,4,4,51.36272483391375
dcs,4,4,54.597785632880594
dcs,4,4,56.124696701915596
dcs,4,4,53.24178860865961
dcs,4,4,54.29614592999843
dcs,4,4,52.45012912795632
dcs,4,4,51.44033207313101
dcs,4,4,54.34729579089449
dcs,4,4,52.11767883637617
dcs,4,4,44.2385624910759
dcs,4,4,52.249116777089824
dcs,4,4,55.84518031495996
dcs,4,4,54.240711302292496
dcs,4,4,54.48718045086154
dcs,4,4,57.46172384684274
dcs,4,4,61.4334152432328
dcs,4,4,60.404500681833674
dcs,4,4,58.49988073495594
dcs,4,4,60.88207908135131
dcs,4,4,60.66790255289628
dcs,4,4,60.02813686213706
dcs,4,4,61.52265966133257
dcs,4,4,58.39112157374598
dcs,4,4,61.01322625245882
dcs,4,4,56.510811336584645
dcs,4,4,63.55892602002825
dcs,4,4,65.40247381882945
dcs,4,4,64.58614878982155
dcs,4,4,67.37242060462596
dcs,4,4,63.001577584229615
dcs,4,4,63.86731194170672
dcs,4,4,63.43280906664126
dcs,4,4,63.06756403013167
dcs,4,4,65.1472125270124
dcs,4,4,57.249341961531385
dcs,4,4,58.932817961111915
dcs,4,4,63.173057412635295
dcs,4,4,65.68028598070515
dcs,4,4,61.38984852003158
dcs,4,4,62.93140568173421
dcs,4,4,58.57033891235985
dcs,4,4,59.919401664934725
dcs,4,4,62.72723357448762
dcs,4,4,57.73928204924753
dcs,4,4,49.55314440845737
dcs,4,4,61.30930716538455
dcs,4,4,64.26167684671607
dcs,4,4,63.98213853925216
dcs,4,4,64.50893178096135
dcs,4,4,63.20162796369488
dcs,4,4,63.1614434634459
dcs,4,4,64.25798161433507
dcs,4,4,61.7709269910568
dcs,4,4,62.23124902414314
dcs,4,4,55.574891614188225
dcs,4,4,59.45903294525634
dcs,4,4,62.68589229593332
dcs,4,4,65.03118415452485
dcs,4,4,62.97481925900519
dcs,4,4,65.27249982712291
dcs,4,4,58.56391694493767
dcs,4,4,61.9166697554141
dcs,4,4,63.826160415796565
dcs,4,4,57.8778811201491
dcs,4,4,48.741267619436336
dcs,4,4,55.891354836464956
dcs,4,4,61.539181748286964
dcs,4,4,62.48330216722401
dcs,4,4,63.38611349336225
dcs,4,4,63.72273859005638
dcs,4,4,54.04201631158958
dcs,4,4,61.732277214443556
dcs,4,4,62.51127080436629
dcs,4,4,52.824940671900755
dcs,4,4,47.960394665472684
dcs,4,4,55.80573436409748
dcs,4,4,59.516425664053585
dcs,4,4,56.27993616249714
dcs,4,4,48.82577608251587
dcs,4,4,46.45930850010979
dcs,4,5,32.70394882720837
dcs,4,5,34.89041261810218
dcs,4,5,33.76291352157164
dcs,4,5,33.56213844017142
dcs,4,5,34.18411935387178
dcs,4,5,35.95162467701236
dcs,4,5,39.66151736807465
dcs,4,5,40.02960256058364
dcs,4,5,40.37523539883182
dcs,4,5,42.11158014895422
dcs,4,5,43.93018905749513
dcs,4,5,40.04653504827672
dcs,4,5,37.26829102881402
dcs,4,5,41.50371394074346
dcs,4,5,43.563134122286925
dcs,4,5,38.46075006422871
dcs,4,5,40.80089967711813
dcs,4,5,42.789743988168496
dcs,4,5,40.25026095270609
dcs,4,5,39.29209442530415
dcs,4,5,42.44160675123453
dcs,4,5,36.772222186523386
dcs,4,5,38.17974146481035
dcs,4,5,36.29616130267886
dcs,4,5,40.98905000155724
dcs,4,5,40.65951140496555
dcs,4,5,39.95295366489244
dcs,4,5,36.99078214237503
dcs,4,5,39.87201195836977
dcs,4,5,40.10596887024314
dcs,4,5,40.14904981037956
dcs,4,5,41.06325508753017
dcs,4,5,42.372131474608096
dcs,4,5,41.09482807672297
dcs,4,5,39.91447662954837
dcs,4,5,42.09208051447757
dcs,4,5,36.84454915190849
dcs,4,5,36.04343295219354
dcs,4,5,41.26329090032064
dcs,4,5,41.56442128391427
dcs,4,5,39.42554026672428
dcs,4,5,41.9681174952778
dcs,4,5,43.028027870983344
dcs,4,5,40.35403238893991
dcs,4,5,39.693639939924594
dcs,4,5,40.25008708646322
dcs,4,5,36.56467477054088
dcs,4,5,42.78820282013757
dcs,4,5,44.25511279645914
dcs,4,5,38.50714795664513
dcs,4,5,38.07331255206582
dcs,4,5,40.32316508919885
dcs,4,5,39.38095314181055
dcs,4,5,39.00681697322131
dcs,4,5,42.14157190109296
dcs,4,5,34.57593527882735
dcs,4,5,48.026790351895485
dcs,4,5,51.37149594264372
dcs,4,5,51.878259941252715
dcs,4,5,51.44169872689981
dcs,4,5,53.98835867101054
dcs,4,5,58.82069398963354
dcs,4,5,58.748043102793154
dcs,4,5,57.39673567221701
dcs,4,5,59.5578913221404
dcs,4,5,59.221073611578944
dcs,4,5,57.88017600471696
dcs,4,5,58.790706360507585
dcs,4,5,56.68045164138265
dcs,4,5,58.747156781476086
dcs,4,5,53.31302764145032
dcs,4,5,61.82556069353049
dcs,4,5,61.7159842592036
dcs,4,5,62.065875772329306
dcs,4,5,63.17255798492732
dcs,4,5,58.812703936454035
dcs,4,5,61.000711936949834
dcs,4,5,61.231405216575354
dcs,4,5,60.57243388423294
dcs,4,5,60.949816513473124
dcs,4,5,54.205340316634
dcs,4,5,57.33604540092095
dcs,4,5,61.01901462157511
dcs,4,5,62.95348195940588
dcs,4,5,61.147995889500365
dcs,4,5,62.51709387617057
dcs,4,5,56.76865051087406
dcs,4,5,59.4770115544222
dcs,4,5,61.682653086279224
dcs,4,5,54.39188993102101
dcs,4,5,48.52861918646539
dcs,4,5,57.502031678286805
dcs,4,5,59.26566659332342
dcs,4,5,58.63659117125454
dcs,4,5,58.55366516767533
dcs,4,5,56.403397402617685
dcs,4,5,57.87539637705203
dcs,4,5,57.260533653061074
dcs,4,5,56.920363441226684
dcs,4,5,56.81966071671207
dcs,4,5,51.380630737738144
dcs,4,5,57.3306904888775
dcs,4,5,60.10169241780004
dcs,4,5,62.489351646829064
dcs,4,5,60.819634744647246
dcs,4,5,62.10388294636986
dcs,4,5,57.16240020434549
dcs,4,5,58.340719943441385
dcs,4,5,60.22834627353435
dcs,4,5,53.93961694822629
dcs,4,5,47.01738399316099
dcs,4,5,53.59969380378612
dcs,4,5,60.0206096416761
dcs,4,5,59.82106299542733
dcs,4,5,62.096318066354584
dcs,4,5,61.06983651075144
dcs,4,5,51.7389214699087
dcs,4,5,58.04930133945162
dcs,4,5,59.12974289869991
dcs,4,5,50.84010163094561
dcs,4,5,47.22713982022765
dcs,4,5,51.726837625562716
dcs,4,5,56.49323530901881
dcs,4,5,53.68266911455834
dcs,4,5,46.501802921396504
dcs,4,5,44.59953525701116
dcs,4,5,43.56923995099355
dcs,4,5,45.72597246383119
dcs,4,5,44.13609473144986
dcs,4,5,44.60842933160257
dcs,4,5,45.037566127974706
dcs,4,5,44.874851827149485
dcs,4,5,44.67490550126606
dcs,4,5,44.903387296924635
dcs,4,5,46.507321366474045
dcs,4,5,44.55371746797103
dcs,4,5,46.279791722451776
dcs,4,5,48.01533275852984
dcs,4,5,44.37879245844505
dcs,4,5,46.034767757329234
dcs,4,5,44.255920037315406
dcs,4,5,51.25652060785812
dcs,4,5,53.106407019045996
dcs,4,5,52.439803418814655
dcs,4,5,55.81050568288908
dcs,4,5,52.27704368177793
dcs,4,5,52.92379830810792
dcs,4,5,56.636504725507606
dcs,4,5,53.46950064238243
dcs,4,5,56.793405884449854
dcs,4,5,48.14234373762675
dcs,4,5,49.18119441429432
dcs,4,5,53.751003621692405
dcs,4,5,55.00166792019956
dcs,4,5,51.75708839349684
dcs,4,5,54.1333640079359
dcs,4,5,51.60836495340033
dcs,4,5,49.71367259746502
dcs,4,5,53.40702237775079
dcs,4,5,51.43685600478047
dcs,4,5,44.241398879317536
dcs,4,5,50.671422783948515
dcs,4,5,52.209602350516704
dcs,4,5,50.98944807682562
dcs,4,5,53.3861867894849
dcs,4,5,50.798095957059076
dcs,4,5,52.494979750358794
dcs,4,5,55.25475322788751
dcs,4,5,50.9358741672986
dcs,4,5,57.052347236468535
dcs,4,5,48.98666560106298
dcs,4,5,49.36107256346992
dcs,4,5,52.41385256161002
dcs,4,5,56.71374644017718
dcs,4,5,50.4769067784399
dcs,4,5,55.944297860698576
dcs,4,5,52.53254839034347
dcs,4,5,50.238411303484696
dcs,4,5,54.596160550909545
dcs,4,5,52.87556525346182
dcs,4,5,44.836480041449725
dcs,4,5,44.97229018038234
dcs,4,5,52.12076623253059
dcs,4,5,54.8569168052445
dcs,4,5,52.25053734361333
dcs,4,5,55.109680425974105
dcs,4,5,47.334106582953915
dcs,4,5,50.52500601482792
dcs,4,5,54.44978789662645
dcs,4,5,48.8006363197974
dcs,4,5,42.8251446305264
dcs,4,5,46.803618812001055
dcs,4,5,52.632438419882945
dcs,4,5,51.39914575071133
dcs,4,5,43.78135072257974
dcs,4,5,41.64893124411533
dcs,4,5,47.891430863489894
dcs,4,5,50.68360837725405
dcs,4,5,51.46635650145597
dcs,4,5,52.73627927092728
dcs,4,5,54.39337080917386
dcs,4,5,54.379100208219576
dcs,4,5,57.22355642039807
dcs,4,5,53.67746936949742
dcs,4,5,54.6165160619256
dcs,4,5,53.585421000742485
dcs,4,5,55.72077334179886
dcs,4,5,59.0484352807662
dcs,4,5,60.873684777270796
dcs,4,5,57.65497631044694
dcs,4,5,59.28022145290913
dcs,4,5,55.02324250948645
dcs,4,5,57.0068767191283
dcs,4,5,61.05035328355199
dcs,4,5,55.273380751962286
dcs,4,5,46.499294314658954
dcs,4,5,54.864039290335796
dcs,4,5,62.95107432793385
dcs,4,5,62.87511327375213
dcs,4,5,62.78498096394224
dcs,4,5,64.38721618655894
dcs,4,5,55.43356841268625
dcs,4,5,62.31177344553123
dcs,4,5,62.86418615381236
dcs,4,5,56.2437435205124
dcs,4,5,48.17924321366319
dcs,4,5,54.506764051733136
dcs,4,5,58.87161122282516
dcs,4,5,56.91588292870045
dcs,4,5,48.140887983928565
dcs,4,5,45.167822392745784
dcs,4,5,53.234824237096134
dcs,4,5,58.540083887090844
dcs,4,5,60.611081855637764
dcs,4,5,61.720838859758075
dcs,4,5,63.814405708128504
dcs,4,5,54.04558282666711
dcs,4,5,59.419733371014395
dcs,4,5,62.671571093024404
dcs,4,5,53.79902827542534
dcs,4,5,47.523352276218304
dcs,4,5,55.33145642167916
dcs,4,5,59.77737720409465
dcs,4,5,57.38980893410465
dcs,4,5,47.10755247342523
dcs,4,5,45.64604365667685
dcs,4,5,50.317370834260885
dcs,4,5,55.31123868905035
dcs,4,5,50.48426570451515
dcs,4,5,46.613685816366704
dcs,4,5,47.76436095235481
dcs,4,5,45.59278723815012
dcs,4,6,29.827127882855
dcs,4,6,31.718560358271287
dcs,4,6,29.651729593558084
dcs,4,6,31.554830604700612
dcs,4,6,32.55758785943311
dcs,4,6,32.55487280525519
dcs,4,6,32.230049096432936
dcs,4,6,33.14353932348501
dcs,4,6,35.24668291091237
dcs,4,6,32.977766351548674
dcs,4,6,32.174869851952224
dcs,4,6,34.38739290779402
dcs,4,6,33.46836641513282
dcs,4,6,32.971609645403035
dcs,4,6,32.42134183274491
dcs,4,6,34.668289287866635
dcs,4,6,35.05213869973524
dcs,4,6,40.09545793290072
dcs,4,6,41.41225670770308
dcs,4,6,38.012827492813436
dcs,4,6,40.803827812324435
dcs,4,6,42.48530257471737
dcs,4,6,37.87946271822125
dcs,4,6,39.55218592807277
dcs,4,6,39.108790623936414
dcs,4,6,35.52021440157386
dcs,4,6,40.00044444819897
dcs,4,6,41.62597251977124
dcs,4,6,36.93454975015042
dcs,4,6,37.23032003699651
dcs,4,6,39.95266745929599
dcs,4,6,37.61178636297649
dcs,4,6,37.173214258476314
dcs,4,6,40.37019368695752
dcs,4,6,32.81739189826665
dcs,4,6,32.75253927639255
dcs,4,6,32.81696181907816
dcs,4,6,36.669819032173834
dcs,4,6,36.54396883817397
dcs,4,6,36.43340302528444
dcs,4,6,39.7437086199186
dcs,4,6,40.22412006614883
dcs,4,6,38.5377624719527
dcs,4,6,36.58582966751656
dcs,4,6,38.72224233643798
dcs,4,6,36.75894810385864
dcs,4,6,39.12431071763977
dcs,4,6,41.35481693798205
dcs,4,6,37.441246844242556
dcs,4,6,36.52590948478959
dcs,4,6,39.991409807712216
dcs,4,6,39.6973889089929
dcs,4,6,39.065870189759444
dcs,4,6,41.64564021472303
dcs,4,6,33.20508654192731
dcs,4,6,29.370566251497976
dcs,4,6,38.27481798913874
dcs,4,6,37.46641979201917
dcs,4,6,36.10247800254128
dcs,4,6,35.693700327759665
dcs,4,6,37.035637647037326
dcs,4,6,37.247012619045506
dcs,4,6,38.423802919090505
dcs,4,6,40.17912357545572
dcs,4,6,33.165648586390645
dcs,4,6,33.59396817309888
dcs,4,6,36.1816090744869
dcs,4,6,38.387644254580046
dcs,4,6,30.91950674032687
dcs,4,6,31.300020112607243
dcs,4,6,46.85317422694263
dcs,4,6,48.30399072149674
dcs,4,6,48.09806521381052
dcs,4,6,49.14456590721213
dcs,4,6,51.52711311416384
dcs,4,6,51.81620461662556
dcs,4,6,52.82650666645403
dcs,4,6,50.82773558266379
dcs,4,6,52.84841811574067
dcs,4,6,47.407742245444
dcs,4,6,53.071009904257174
dcs,4,6,57.55916593469801
dcs,4,6,59.688200879261075
dcs,4,6,56.181351836153695
dcs,4,6,58.61129783556698
dcs,4,6,52.970157535119775
dcs,4,6,55.331621381098536
dcs,4,6,58.006305341671464
dcs,4,6,50.846995744523745
dcs,4,6,45.43908454981647
dcs,4,6,52.422357475917906
dcs,4,6,60.22235371394733
dcs,4,6,61.05925758550137
dcs,4,6,60.67954558392108
dcs,4,6,62.10284367798985
dcs,4,6,54.663113524041286
dcs,4,6,59.71129762874408
dcs,4,6,59.087529065674815
dcs,4,6,53.674210899097204
dcs,4,6,46.431282490777754
dcs,4,6,52.331578520709385
dcs,4,6,55.125922651089844
dcs,4,6,53.07372434778897
dcs,4,6,47.42618711684138
dcs,4,6,43.66486047810603
dcs,4,6,48.76570781424324
dcs,4,6,56.62698709271532
dcs,4,6,56.04191384460402
dcs,4,6,58.494796677509875
dcs,4,6,58.78897252024452
dcs,4,6,49.10862246178135
dcs,4,6,56.51449260325171
dcs,4,6,57.30782597798063
dcs,4,6,48.926239745778396
dcs,4,6,46.121195646043766
dcs,4,6,53.57542788975904
dcs,4,6,57.96270089942372
dcs,4,6,54.12211722032043
dcs,4,6,47.13488201979625
dcs,4,6,44.09948135748374
dcs,4,6,48.40810324204733
dcs,4,6,53.29468143307041
dcs,4,6,48.415707296012464
dcs,4,6,45.08316488955364
dcs,4,6,45.582036970796224
dcs,4,6,42.77848275663095
dcs,4,6,37.59044858959051
dcs,4,6,41.899483937662
dcs,4,6,39.95355400590783
dcs,4,6,41.32220515994005
dcs,4,6,44.71300326915863
dcs,4,6,44.08941133414272
dcs,4,6,46.82431582088823
dcs,4,6,41.20058402583625
dcs,4,6,43.129526252954875
dcs,4,6,40.59518967198537
dcs,4,6,42.213764183974
dcs,4,6,44.600378335629074
dcs,4,6,46.91487986361042
dcs,4,6,43.24314456319722
dcs,4,6,45.45867627082857
dcs,4,6,44.34731974623944
dcs,4,6,43.605763220437915
dcs,4,6,44.59023637230285
dcs,4,6,45.092533755296806
dcs,4,6,39.48756562855818
dcs,4,6,44.50122304509691
dcs,4,6,52.130546142936204
dcs,4,6,54.867618609065396
dcs,4,6,52.00349468313233
dcs,4,6,55.095784532271054
dcs,4,6,48.352931718333494
dcs,4,6,52.59656866245434
dcs,4,6,54.67903482756864
dcs,4,6,49.73288584890547
dcs,4,6,42.68139523902234
dcs,4,6,46.73382335841936
dcs,4,6,52.0481358397837
dcs,4,6,50.45689254419099
dcs,4,6,43.71853177525603
dcs,4,6,41.51053768724213
dcs,4,6,43.69912898736122
dcs,4,6,47.385921238433305
dcs,4,6,50.92040752814294
dcs,4,6,48.847692599621425
dcs,4,6,52.794193732875925
dcs,4,6,47.106679246119064
dcs,4,6,49.02490293369953
dcs,4,6,56.30034638964014
dcs,4,6,47.752954283808776
dcs,4,6,42.18375794608563
dcs,4,6,45.243848357724914
dcs,4,6,53.35432339769459
dcs,4,6,50.977510911354116
dcs,4,6,43.45055849644334
dcs,4,6,42.348149036313934
dcs,4,6,41.49512772917875
dcs,4,6,47.11201579043619
dcs,4,6,45.77148994998285
dcs,4,6,40.78770894862034
dcs,4,6,40.45873816365514
dcs,4,6,39.73289574574096
dcs,4,6,41.19379460699143
dcs,4,6,46.04693705332383
dcs,4,6,48.2301626166127
dcs,4,6,49.40991996937797
dcs,4,6,51.32427645458025
dcs,4,6,49.2975534783212
dcs,4,6,52.297179357825655
dcs,4,6,56.2147090193024
dcs,4,6,53.12579681210369
dcs,4,6,45.63461120458359
dcs,4,6,50.9389667820029
dcs,4,6,54.76170583681609
dcs,4,6,53.66027045546182
dcs,4,6,43.494903557936865
dcs,4,6,43.026695897420254
dcs,4,6,49.73652485535006
dcs,4,6,54.6784102569581
dcs,4,6,52.74989189875562
dcs,4,6,46.43283921044714
dcs,4,6,47.8002104809064
dcs,4,6,43.87167960030342
dcs,4,6,47.023553671118435
dcs,4,6,54.808241194997805
dcs,4,6,49.58830933456525
dcs,4,6,43.5056699391559
dcs,4,6,47.092820011047074
dcs,4,6,44.435495946931795
dcs,4,6,40.76346640084199
