kind,seed,missing_groups,miou
drop,0,0,69.60652247439741
drop,0,1,68.1744108860955
drop,0,1,63.1240967872676
drop,0,1,68.64774946288928
drop,0,1,69.45807982717287
drop,0,1,67.52954644963204
drop,0,1,69.42948468977818
drop,0,1,68.10156345041685
drop,0,1,70.81534086236749
drop,0,1,66.786014443977
drop,0,1,70.73789360220756
drop,0,2,52.76211150907812
drop,0,2,66.95208157112515
drop,0,2,67.23871770079117
drop,0,2,67.68422632575263
drop,0,2,68.70540538111912
drop,0,2,65.35024622291216
drop,0,2,69.39548893881657
drop,0,2,65.57959556344375
drop,0,2,70.05721382901274
drop,0,2,61.17289358334693
drop,0,2,62.69446651643292
drop,0,2,61.726320508664024
drop,0,2,60.65706595175966
drop,0,2,61.852804802254795
drop,0,2,61.80892740778215
drop,0,2,59.10958051689319
drop,0,2,62.516412040694355
drop,0,2,61.68648942869538
drop,0,2,65.69238904919331
drop,0,2,67.95735923164521
drop,0,2,65.9598190529508
drop,0,2,68.02669126507128
drop,0,2,65.58621258254999
drop,0,2,69.08884799169961
drop,0,2,63.53643517620565
drop,0,2,68.05514358560369
drop,0,2,66.64723963550712
drop,0,2,70.55293935326462
drop,0,2,65.68027277166584
drop,0,2,70.48312034381836
drop,0,2,66.23612954302406
drop,0,2,64.64822221411295
drop,0,2,68.69338733405708
drop,0,2,63.333475869907424
drop,0,2,67.85623555742765
drop,0,2,63.58208243356877
drop,0,2,69.21391501263403
drop,0,2,66.1927088100335
drop,0,2,70.34071797623294
drop,0,2,67.61781543987779
drop,0,2,65.72825871701859
drop,0,2,67.42363548377683
drop,0,2,61.14837932854109
drop,0,2,72.08462885757476
drop,0,2,66.45665883999366
drop,0,3,47.021210154948754
drop,0,3,50.721678282926746
drop,0,3,50.67204849295371
drop,0,3,46.91707266302705
drop,0,3,51.042426614338126
drop,0,3,49.80129696884906
drop,0,3,49.47326562080078
drop,0,3,52.98045086315689
drop,0,3,57.97329144356345
drop,0,3,66.59008638614738
drop,0,3,66.25330486046389
drop,0,3,63.82459138448445
drop,0,3,66.84063731424848
drop,0,3,65.41798050697138
drop,0,3,67.58852192755604
drop,0,3,60.604916127015244
drop,0,3,66.767453595712
drop,0,3,64.24585193757413
drop,0,3,66.41279194854879
drop,0,3,63.05237601736288
drop,0,3,67.61031746516274
drop,0,3,65.59696324213188
drop,0,3,62.72839716949415
drop,0,3,68.27379181274492
drop,0,3,62.78009100928222
drop,0,3,69.00438380148587
drop,0,3,61.15752031526216
drop,0,3,67.79983965802026
drop,0,3,63.69110910282733
drop,0,3,69.6288394934119
drop,0,3,64.32461643191517
drop,0,3,61.32865358689211
drop,0,3,65.42514346356546
drop,0,3,58.7713395354411
drop,0,3,68.84999991827148
drop,0,3,62.08539076988579
drop,0,3,47.120346610195156
drop,0,3,58.80790104681729
drop,0,3,58.89756204193635
drop,0,3,60.1286896595118
drop,0,3,59.96326548916494
drop,0,3,57.14163471359753
drop,0,3,60.50263537115232
drop,0,3,58.518990404885564
drop,0,3,61.046223415877236
drop,0,3,61.27686183785454
drop,0,3,61.07261797344993
drop,0,3,59.09277723254297
drop,0,3,62.517054993893034
drop,0,3,59.34882956439391
drop,0,3,59.758663911743085
drop,0,3,60.75476871337761
drop,0,3,56.77811772252681
drop,0,3,61.73850582209148
drop,0,3,53.82605451255904
drop,0,3,58.71583480250068
drop,0,3,57.21862020580077
drop,0,3,61.11198297189171
drop,0,3,60.41303368350159
drop,0,3,58.56568658957497
drop,0,3,61.96279515231908
drop,0,3,55.67831532681254
drop,0,3,61.8343845721137
drop,0,3,56.400842449803136
drop,0,3,51.6975906856302
drop,0,3,61.19536133102826
drop,0,3,58.0109979688604
drop,0,3,60.74464847843073
drop,0,3,58.74637345264182
drop,0,3,62.524232448660655
drop,0,3,64.35375896598237
drop,0,3,62.19293328612004
drop,0,3,66.32278175150638
drop,0,3,61.53386163393181
drop,0,3,67.79264801207718
drop,0,3,63.11529814532338
drop,0,3,67.94499336681537
drop,0,3,65.65817016494528
drop,0,3,70.5494472113464
drop,0,3,65.58524420360757
drop,0,3,63.76205250797109
drop,0,3,65.9226778264079
drop,0,3,59.507736842253586
drop,0,3,69.6214983290308
drop,0,3,65.02935780223896
drop,0,3,61.285195876002845
drop,0,3,62.328036080255366
drop,0,3,65.456942159663
drop,0,3,60.102482567667174
drop,0,3,63.19926885528479
drop,0,3,61.359118575015486
drop,0,3,69.0529237958382
drop,0,3,65.34399708653142
drop,0,3,69.35492740905777
drop,0,3,65.77771361403805
drop,0,3,63.85250801754214
drop,0,3,66.09172401346783
drop,0,3,63.90957851577081
drop,0,3,70.51761960264585
drop,0,3,64.0800523028472
drop,0,3,53.609414009758474
drop,0,3,66.97209611809946
drop,0,3,62.50165508826445
drop,0,3,67.17814729094161
drop,0,3,64.44838999970939
drop,0,3,61.832601017421965
drop,0,3,64.46388264902313
drop,0,3,58.494802575568144
drop,0,3,70.52285900940917
drop,0,3,63.95882821241916
drop,0,3,58.87459473114004
drop,0,3,61.85981498902516
drop,0,3,62.51765260253445
drop,0,3,57.44023782762407
drop,0,3,71.08252128674467
drop,0,3,65.67434082931511
drop,0,3,58.24089814714413
drop,0,3,67.11242256859073
drop,0,3,61.25909183834198
drop,0,3,44.4086395210169
drop,0,4,33.849447387900895
drop,0,4,45.383268903766506
drop,0,4,43.55465380489204
drop,0,4,45.53295951782144
drop,0,4,46.05935803286741
drop,0,4,44.57259183361607
drop,0,4,47.43812248480892
drop,0,4,45.05206568965907
drop,0,4,45.92333938650985
drop,0,4,47.92410593222426
drop,0,4,47.451301865568375
drop,0,4,47.372105013829504
drop,0,4,50.282895183475
drop,0,4,46.403775633126195
drop,0,4,49.76451353836571
drop,0,4,47.90410520327417
drop,0,4,43.10731969486345
drop,0,4,49.91363061569472
drop,0,4,39.29943513396661
drop,0,4,42.43290738293622
drop,0,4,44.504937501608296
drop,0,4,47.5815808125904
drop,0,4,47.79918717570172
drop,0,4,47.49468843653817
drop,0,4,51.72238461971079
drop,0,4,41.52432654579308
drop,0,4,48.762723598561955
drop,0,4,41.69452124315527
drop,0,4,44.84020286131145
drop,0,4,57.42941608249293
drop,0,4,55.39733034436066
drop,0,4,55.19706133162534
drop,0,4,55.42028989066343
drop,0,4,57.378647956906846
drop,0,4,63.999148042936966
drop,0,4,59.53470092257424
drop,0,4,66.64414070796632
drop,0,4,61.73036454805952
drop,0,4,65.72792387453634
drop,0,4,59.393143268384854
drop,0,4,65.44913386224243
drop,0,4,64.34553971978087
drop,0,4,67.95965058086723
drop,0,4,62.01962675384759
drop,0,4,60.46829414369058
drop,0,4,62.35263221899197
drop,0,4,58.15989257102736
drop,0,4,66.60555634917252
drop,0,4,60.58510788887785
drop,0,4,57.82958541756703
drop,0,4,58.69159699861781
drop,0,4,61.726912064884985
drop,0,4,56.478283822806425
drop,0,4,61.3985566150615
drop,0,4,58.63676390280891
drop,0,4,66.03083179158425
drop,0,4,62.91976333140297
drop,0,4,66.78246032579894
drop,0,4,62.46647293624847
drop,0,4,61.39784496544407
drop,0,4,63.948057500490584
drop,0,4,60.051017191308084
drop,0,4,66.56435901404188
drop,0,4,57.919718270483884
drop,0,4,49.418517295113865
drop,0,4,66.47040878044905
drop,0,4,59.976562091535
drop,0,4,66.42488253421571
drop,0,4,62.705796869880594
drop,0,4,57.92078486773257
drop,0,4,63.59558265689565
drop,0,4,57.453750372781535
drop,0,4,67.57026074407041
drop,0,4,59.415203373574954
drop,0,4,54.640987114323195
drop,0,4,56.03137147023516
drop,0,4,59.08370138382859
drop,0,4,54.15341704597576
drop,0,4,66.97561527811084
drop,0,4,62.955516756355564
drop,0,4,54.7093166556682
drop,0,4,65.354060806876
drop,0,4,58.70298732172889
drop,0,4,36.49265704096411
drop,0,4,33.78541769218095
drop,0,4,45.75193599317996
drop,0,4,46.448572612501735
drop,0,4,42.83788702988484
drop,0,4,46.129215658605666
drop,0,4,48.10899789364385
drop,0,4,56.68010258107439
drop,0,4,56.517358052865504
drop,0,4,58.046460560690875
drop,0,4,53.97471889953001
drop,0,4,59.1595996537488
drop,0,4,52.77292142350456
drop,0,4,56.69757266712718
drop,0,4,55.154821421467034
drop,0,4,59.532971161403076
drop,0,4,59.31908470814926
drop,0,4,56.47066522270608
drop,0,4,60.82393765118059
drop,0,4,53.41699734309749
drop,0,4,60.3183121268852
drop,0,4,52.52536217708403
drop,0,4,55.704195306356596
drop,0,4,55.024435072299084
drop,0,4,57.39123783312008
drop,0,4,53.15386300194411
drop,0,4,58.17496455956325
drop,0,4,52.65194073917036
drop,0,4,58.404872425975285
drop,0,4,56.33829395144354
drop,0,4,61.88601109580362
drop,0,4,59.126315524589494
drop,0,4,56.867728390461465
drop,0,4,60.82581185414876
drop,0,4,55.555925955147124
drop,0,4,60.42378019604404
drop,0,4,53.17825140496857
drop,0,4,44.146422222996186
drop,0,4,56.70027508721554
drop,0,4,55.11938501841009
drop,0,4,59.43222336543749
drop,0,4,58.08179718631374
drop,0,4,54.72679040005938
drop,0,4,59.693383761777675
drop,0,4,53.4817933248268
drop,0,4,60.7386984500694
drop,0,4,53.86048805396378
drop,0,4,48.432918227793145
drop,0,4,53.33969111513782
drop,0,4,54.66505357633445
drop,0,4,51.24227156872564
drop,0,4,58.831772699346224
drop,0,4,54.98883328822908
drop,0,4,53.69838001050148
drop,0,4,60.131709646549574
drop,0,4,55.70862238885432
drop,0,4,34.09903002696858
drop,0,4,45.09663823987198
drop,0,4,47.26285982240569
drop,0,4,50.321898198323375
drop,0,4,47.76193050610902
drop,0,4,52.312987572046914
drop,0,4,52.01576585745699
drop,0,4,59.772642013734995
drop,0,4,58.19940568476682
drop,0,4,63.031759887448956
drop,0,4,55.428254090782616
drop,0,4,55.505174979277264
drop,0,4,57.47827467569222
drop,0,4,56.703215953229076
drop,0,4,61.62933381295143
drop,0,4,56.79551192204565
drop,0,4,52.654465864382004
drop,0,4,64.81139537043923
drop,0,4,59.529133079571864
drop,0,4,67.0232799397767
drop,0,4,62.07001502425739
drop,0,4,58.88321315623539
drop,0,4,62.15664084115241
drop,0,4,56.40768059254937
drop,0,4,67.8241184618876
drop,0,4,61.43646105208038
drop,0,4,56.692621526118714
drop,0,4,61.06837944883256
drop,0,4,62.79760437713598
drop,0,4,56.29184443377214
drop,0,4,68.60851245816485
drop,0,4,64.72941190838014
drop,0,4,55.53055247303989
drop,0,4,64.76291688816889
drop,0,4,60.95808019506813
drop,0,4,43.925512911482215
drop,0,4,50.20083091473855
drop,0,4,62.9994684324692
drop,0,4,58.049048644794645
drop,0,4,62.46404532929357
drop,0,4,62.643336169933605
drop,0,4,58.643917608814796
drop,0,4,61.82559896638885
drop,0,4,57.38285075413459
drop,0,4,65.78937754764875
drop,0,4,56.56697374049795
drop,0,4,57.42282780628005
drop,0,4,59.919394925962884
drop,0,4,60.8039006484781
drop,0,4,59.68515424393659
drop,0,4,69.42366172045463
drop,0,4,64.45464167570277
drop,0,4,58.7259582109054
drop,0,4,66.20969816961873
drop,0,4,60.28481884630211
drop,0,4,44.45205710104715
drop,0,4,43.53182960137854
drop,0,4,55.360304938858675
drop,0,4,52.394549128793074
drop,0,4,54.302186900162056
drop,0,4,69.27893513689038
drop,0,4,63.886554879653936
drop,0,4,53.8890104811019
drop,0,4,64.74620360985814
drop,0,4,58.83235225156083
drop,0,4,41.74865403775424
drop,0,4,52.0362716987063
drop,0,4,59.321407070383955
drop,0,4,59.12115596557648
drop,0,4,37.553048066672254
drop,0,4,39.45551909719476
drop,0,5,24.847703867477794
drop,0,5,30.36469644731701
drop,0,5,31.271497685583125
drop,0,5,30.093302320604334
drop,0,5,31.41552586917194
drop,0,5,32.67720359670813
drop,0,5,40.61767775687537
drop,0,5,43.15343976971328
drop,0,5,45.190003863535004
drop,0,5,40.7306025365383
drop,0,5,46.64960703329212
drop,0,5,36.214419258306755
drop,0,5,40.31188827748922
drop,0,5,40.81906692864373
drop,0,5,44.211813788789755
drop,0,5,42.69585800835897
drop,0,5,43.282095760419644
drop,0,5,45.81325912192163
drop,0,5,37.35889672112588
drop,0,5,45.47007583111016
drop,0,5,36.74326019912642
drop,0,5,42.00874644903069
drop,0,5,42.07747757003504
drop,0,5,44.13083623414098
drop,0,5,35.649387429534265
drop,0,5,45.32119345367961
drop,0,5,36.36681700891009
drop,0,5,40.470225668936486
drop,0,5,43.162914246375195
drop,0,5,46.25208130316088
drop,0,5,43.89852593108706
drop,0,5,43.072741967563225
drop,0,5,48.16839428737728
drop,0,5,40.73111902190585
drop,0,5,47.053901553626666
drop,0,5,35.91337104587294
drop,0,5,33.21416609870043
drop,0,5,41.12447280776248
drop,0,5,41.28105748847826
drop,0,5,46.020576123990146
drop,0,5,44.74802777291414
drop,0,5,41.59000064846208
drop,0,5,48.9585268189064
drop,0,5,39.38183104303186
drop,0,5,47.318107558053825
drop,0,5,35.44872471730393
drop,0,5,32.71937092100417
drop,0,5,36.194102105549305
drop,0,5,38.91153871914279
drop,0,5,34.01852845258046
drop,0,5,42.27134825233327
drop,0,5,38.69277725893045
drop,0,5,38.477488118397794
drop,0,5,45.5038209060801
drop,0,5,42.582166365896846
drop,0,5,20.990033782096955
drop,0,5,33.013538992090226
drop,0,5,37.61020131775596
drop,0,5,41.65860229768287
drop,0,5,41.45475456751596
drop,0,5,45.207185151403046
drop,0,5,49.9069243630347
drop,0,5,51.116279727937886
drop,0,5,55.016233777432625
drop,0,5,56.98509900169945
drop,0,5,52.18603682771585
drop,0,5,53.28105847883918
drop,0,5,54.58941378430037
drop,0,5,48.66750255936939
drop,0,5,52.483341794976674
drop,0,5,49.39831248535426
drop,0,5,48.35565901771434
drop,0,5,63.795879427705515
drop,0,5,59.01054997226925
drop,0,5,64.58439557179891
drop,0,5,60.63120522325152
drop,0,5,56.51266003924252
drop,0,5,61.70912381714477
drop,0,5,55.36452198336462
drop,0,5,65.41089150616008
drop,0,5,57.81249523605585
drop,0,5,52.03511172325147
drop,0,5,57.15001190125708
drop,0,5,59.725271358111534
drop,0,5,54.748802849352636
drop,0,5,64.95362790889712
drop,0,5,61.747934016552385
drop,0,5,53.52435601268808
drop,0,5,62.876309845695054
drop,0,5,59.33164519827629
drop,0,5,36.21444403004675
drop,0,5,46.8580395556285
drop,0,5,58.22210897355851
drop,0,5,52.768719822494745
drop,0,5,57.71977673778532
drop,0,5,58.91891532290007
drop,0,5,55.192888909871954
drop,0,5,59.43711008213815
drop,0,5,56.36569622949234
drop,0,5,63.70645748879971
drop,0,5,52.446255226619385
drop,0,5,54.20399358051791
drop,0,5,56.77476916143414
drop,0,5,58.06564608919439
drop,0,5,54.227823878348715
drop,0,5,65.90276765033214
drop,0,5,59.524497157692316
drop,0,5,54.392307562064154
drop,0,5,63.35904796770411
drop,0,5,57.854957110092
drop,0,5,36.88118436975808
drop,0,5,41.820393120387735
drop,0,5,49.442780460076186
drop,0,5,48.465536874795234
drop,0,5,52.246377002712286
drop,0,5,64.06872004137088
drop,0,5,58.461058642246556
drop,0,5,51.38342545206079
drop,0,5,64.14354652451405
drop,0,5,56.67406456766703
drop,0,5,33.040630155484315
drop,0,5,46.39652940910597
drop,0,5,55.815827283395556
drop,0,5,55.23992257673415
drop,0,5,29.465264784555778
drop,0,5,28.104304551623155
drop,0,5,29.540689734341637
drop,0,5,29.958562630049123
drop,0,5,31.773895868462542
drop,0,5,30.953324886396594
drop,0,5,34.943332378768524
drop,0,5,40.124930182268976
drop,0,5,42.25720516546492
drop,0,5,44.24656733174119
drop,0,5,46.41009110318225
drop,0,5,42.28134484966613
drop,0,5,44.00576746984441
drop,0,5,47.658261883523096
drop,0,5,39.803365293516094
drop,0,5,45.09601697788071
drop,0,5,41.49303750151027
drop,0,5,42.847203612488634
drop,0,5,54.257008885214645
drop,0,5,51.4538887206092
drop,0,5,57.261141364769685
drop,0,5,55.5181089320265
drop,0,5,51.849131294556
drop,0,5,56.53156266034686
drop,0,5,50.08116720149216
drop,0,5,58.365319009069914
drop,0,5,50.0371233365474
drop,0,5,47.15710320253237
drop,0,5,51.56244675670319
drop,0,5,52.681673834143474
drop,0,5,49.523877952986886
drop,0,5,58.36716741905828
drop,0,5,51.35334384238241
drop,0,5,50.162913835254294
drop,0,5,59.601292404348555
drop,0,5,52.42598957559867
drop,0,5,33.30970660404571
drop,0,5,40.65884375553311
drop,0,5,53.17123753734939
drop,0,5,51.04194618640906
drop,0,5,56.13653125917656
drop,0,5,54.63384865786206
drop,0,5,49.15136714672555
drop,0,5,54.25046175920373
drop,0,5,50.76881113249603
drop,0,5,56.77028124411839
drop,0,5,41.99909242617989
drop,0,5,47.085996877338154
drop,0,5,51.01466240816241
drop,0,5,53.264259473662285
drop,0,5,50.97906887684143
drop,0,5,58.56815041211735
drop,0,5,52.86771570347497
drop,0,5,52.75064267049553
drop,0,5,58.96853342128943
drop,0,5,52.062108544304536
drop,0,5,36.311668114786386
drop,0,5,35.71237385224862
drop,0,5,43.106209745103364
drop,0,5,43.561911539707616
drop,0,5,48.56823872908785
drop,0,5,56.31757741468613
drop,0,5,51.335459578345
drop,0,5,48.692559467875
drop,0,5,57.69343675604415
drop,0,5,49.52716372540805
drop,0,5,28.773171049622217
drop,0,5,46.69519816941117
drop,0,5,49.267533379593615
drop,0,5,50.5059077192548
drop,0,5,31.57542394158484
drop,0,5,30.75824990459777
drop,0,5,32.198412939716555
drop,0,5,42.31445630585709
drop,0,5,40.226711105584734
drop,0,5,45.43777927258929
drop,0,5,47.3742605110132
drop,0,5,43.2335131249546
drop,0,5,47.4624206386303
drop,0,5,45.27382652756284
drop,0,5,50.52879285848342
drop,0,5,41.03922976268411
drop,0,5,44.79797269718862
drop,0,5,49.89398536767039
drop,0,5,50.926234803624105
drop,0,5,52.78147916331309
drop,0,5,58.93028702856906
drop,0,5,57.455650264784865
drop,0,5,48.33590108209426
drop,0,5,56.48190270763671
drop,0,5,53.09230838983423
drop,0,5,41.679259911058885
drop,0,5,43.67245969541171
drop,0,5,53.915391906776
drop,0,5,51.57968160746987
drop,0,5,51.617447023044846
drop,0,5,67.02487805645922
drop,0,5,61.134974035341365
drop,0,5,51.03697301051934
drop,0,5,61.48853008751261
drop,0,5,57.20677876513114
drop,0,5,41.7353932278261
drop,0,5,52.10352775484727
drop,0,5,58.662957758439596
drop,0,5,58.78218987329516
drop,0,5,37.716302696195854
drop,0,5,39.10644007890227
drop,0,5,42.32478556985925
drop,0,5,50.818201852805494
drop,0,5,49.445477497474506
drop,0,5,53.53354383502956
drop,0,5,63.709288537972434
drop,0,5,54.93282316921079
drop,0,5,53.669042788187134
drop,0,5,62.529824223026495
drop,0,5,56.43419935995534
drop,0,5,36.27265912144911
drop,0,5,52.37957279829295
drop,0,5,58.00187820624622
drop,0,5,58.331082318071246
drop,0,5,39.75975801610343
drop,0,5,40.37811470084527
drop,0,5,38.98282513181875
drop,0,5,44.47247598873893
drop,0,5,49.53918816989095
drop,0,5,34.494002374489035
drop,0,5,35.80257266073087
drop,0,5,35.25995680826322
drop,0,6,18.929693102533996
drop,0,6,21.065315752267548
drop,0,6,22.222036624675116
drop,0,6,21.194283748724466
drop,0,6,24.235143086586593
drop,0,6,25.83847083262805
drop,0,6,27.175636698890337
drop,0,6,30.482089434236098
drop,0,6,30.485003725265862
drop,0,6,29.650233941250185
drop,0,6,28.642290058803617
drop,0,6,31.966707800592115
drop,0,6,24.23585552697448
drop,0,6,27.462352540215
drop,0,6,23.790793254194117
drop,0,6,28.601093405504166
drop,0,6,36.97141513061624
drop,0,6,36.75684229340054
drop,0,6,42.74588729555704
drop,0,6,41.60772514607421
drop,0,6,39.0287261082878
drop,0,6,43.327142370255444
drop,0,6,37.154462762048695
drop,0,6,45.84418024816636
drop,0,6,34.06257356702569
drop,0,6,31.449330590447108
drop,0,6,33.837767203014266
drop,0,6,35.619027925277834
drop,0,6,32.61776658766169
drop,0,6,40.27210336284512
drop,0,6,36.305671550153825
drop,0,6,33.550224768725926
drop,0,6,41.42511533931651
drop,0,6,38.80821055204148
drop,0,6,18.88022242008109
drop,0,6,27.68153168103507
drop,0,6,36.88030176420472
drop,0,6,34.938028020779285
drop,0,6,43.1940034215693
drop,0,6,40.610883429300294
drop,0,6,30.730900483000617
drop,0,6,42.574588237809266
drop,0,6,33.58946581652777
drop,0,6,43.82416158979991
drop,0,6,26.887616931823953
drop,0,6,31.54345206317655
drop,0,6,35.65017248669286
drop,0,6,36.88001715335141
drop,0,6,35.21172083375061
drop,0,6,39.39686453506334
drop,0,6,38.2210784284752
drop,0,6,36.91234598679206
drop,0,6,41.69962470102788
drop,0,6,36.703467287494284
drop,0,6,18.725414903150487
drop,0,6,24.58321103656751
drop,0,6,28.65049925896051
drop,0,6,30.687882798421356
drop,0,6,33.38019407314624
drop,0,6,38.245034622012206
drop,0,6,34.11102097666427
drop,0,6,33.50905122674519
drop,0,6,39.30926101497253
drop,0,6,33.66616006025932
drop,0,6,14.191978912876205
drop,0,6,28.639660446294414
drop,0,6,31.448743831106082
drop,0,6,33.77705034061069
drop,0,6,18.085873722071813
drop,0,6,16.92152559951804
drop,0,6,21.174670468425116
drop,0,6,31.147637555731695
drop,0,6,29.62230462288292
drop,0,6,30.45104285092168
drop,0,6,39.806570793178686
drop,0,6,37.61374406710264
drop,0,6,40.611520494384244
drop,0,6,37.37796779479353
drop,0,6,38.29320483198158
drop,0,6,34.71222911874311
drop,0,6,40.789873982145096
drop,0,6,46.21348826726507
drop,0,6,46.60367135368376
drop,0,6,43.621768972610994
drop,0,6,48.972431895192315
drop,0,6,48.88555197519242
drop,0,6,43.282197691380944
drop,0,6,52.072732969124694
drop,0,6,47.084995400497924
drop,0,6,30.087006646291087
drop,0,6,40.10275371214311
drop,0,6,50.04275245925794
drop,0,6,47.91528794257628
drop,0,6,50.82207202303438
drop,0,6,63.349529274250294
drop,0,6,57.187912925467124
drop,0,6,50.772412111348096
drop,0,6,62.41746236288769
drop,0,6,56.02303140709925
drop,0,6,31.489647210431713
drop,0,6,44.76223025160114
drop,0,6,53.04766233894378
drop,0,6,55.152470481357184
drop,0,6,31.5974824975722
drop,0,6,32.82043221340839
drop,0,6,42.09748204538739
drop,0,6,45.58653918015926
drop,0,6,47.28462596459589
drop,0,6,48.975125756683745
drop,0,6,57.97639293858468
drop,0,6,48.542763712865714
drop,0,6,50.7715532870515
drop,0,6,59.05485721420649
drop,0,6,51.80130023800458
drop,0,6,30.26163537292801
drop,0,6,45.368888036134265
drop,0,6,53.90654316734863
drop,0,6,55.67244931549951
drop,0,6,31.230075651018346
drop,0,6,27.547771000538578
drop,0,6,32.601095846385235
drop,0,6,43.02725457501882
drop,0,6,44.865822834137916
drop,0,6,27.05488719787747
drop,0,6,26.272780202275104
drop,0,6,11.104834564671819
drop,0,6,17.349011376593065
drop,0,6,26.524919441438076
drop,0,6,26.437593500163555
drop,0,6,30.85993308932302
drop,0,6,27.011008224357617
drop,0,6,25.556732244382296
drop,0,6,30.852277906271876
drop,0,6,29.292314775527327
drop,0,6,32.22920643316236
drop,0,6,23.76547892001928
drop,0,6,35.32097822697332
drop,0,6,37.97310213295178
drop,0,6,39.801603529797944
drop,0,6,38.4558179567235
drop,0,6,43.65102265615983
drop,0,6,39.53557306849724
drop,0,6,36.15261952484826
drop,0,6,44.56951038007346
drop,0,6,39.46136812468155
drop,0,6,23.863586931585992
drop,0,6,35.221026182556464
drop,0,6,40.66926629008435
drop,0,6,41.1942843510956
drop,0,6,47.75003433966499
drop,0,6,54.41777202437621
drop,0,6,46.9212282071838
drop,0,6,46.69530803567113
drop,0,6,55.21699755819214
drop,0,6,47.53457820016405
drop,0,6,29.03540528833304
drop,0,6,46.208531369639424
drop,0,6,47.37255882481784
drop,0,6,47.76900114242295
drop,0,6,30.79310878474971
drop,0,6,33.03940176007708
drop,0,6,34.41110789530106
drop,0,6,39.914465426726416
drop,0,6,40.3341447893588
drop,0,6,47.35285717503034
drop,0,6,53.077285245479466
drop,0,6,44.79820170958209
drop,0,6,45.11088240940327
drop,0,6,53.13685504943676
drop,0,6,39.175546888284465
drop,0,6,27.206265892951667
drop,0,6,45.66533730963134
drop,0,6,48.129672292472094
drop,0,6,48.69135643248707
drop,0,6,33.9638197661567
drop,0,6,31.01888338397799
drop,0,6,31.666877401528218
drop,0,6,34.49246896924691
drop,0,6,37.72561685160172
drop,0,6,27.50497174175361
drop,0,6,20.32609150087684
drop,0,6,27.57853599699873
drop,0,6,26.376432732844695
drop,0,6,32.07218121495373
drop,0,6,31.026830910985527
drop,0,6,37.72870847565236
drop,0,6,42.024207378091305
drop,0,6,37.12331895632915
drop,0,6,40.19747228954492
drop,0,6,47.98906970543349
drop,0,6,38.258294748965056
drop,0,6,30.280984176817043
drop,0,6,42.361847668555065
drop,0,6,46.317427389573325
drop,0,6,46.62214554862198
drop,0,6,33.63037550416306
drop,0,6,34.75870049554432
drop,0,6,38.252845257514444
drop,0,6,44.284887912392534
drop,0,6,49.5556554507166
drop,0,6,33.374229280897005
drop,0,6,37.081133138371435
drop,0,6,32.447397213610834
drop,0,6,39.73238370933003
drop,0,6,43.08767224855301
drop,0,6,46.711688677959955
drop,0,6,30.22517705574423
drop,0,6,31.409685557355463
drop,0,6,32.81231250094673
drop,0,6,32.07673408607389
hcs,0,0,66.31722459877014
hcs,0,1,65.76866107699739
hcs,0,1,59.57973189300766
hcs,0,1,66.11345763725483
hcs,0,1,64.72219334112296
hcs,0,1,67.62246267656002
hcs,0,1,66.42577404684904
hcs,0,1,65.65249391597894
hcs,0,1,66.79587894540994
hcs,0,1,65.5197072897525
hcs,0,1,67.58705547051696
hcs,0,2,51.48415688368804
hcs,0,2,63.792332826349174
hcs,0,2,62.40718993475108
hcs,0,2,65.1995900159271
hcs,0,2,66.14980622972112
hcs,0,2,64.5006376001033
hcs,0,2,65.07096091375422
hcs,0,2,63.56906771840857
hcs,0,2,66.66961865623888
hcs,0,2,57.3885974109833
hcs,0,2,53.40000920392508
hcs,0,2,56.70609653207405
hcs,0,2,59.659493353782985
hcs,0,2,58.476911768370975
hcs,0,2,58.66203627776317
hcs,0,2,57.70122565862071
hcs,0,2,59.82543951622296
hcs,0,2,59.55208613391012
hcs,0,2,66.76822545156898
hcs,0,2,65.6659682247312
hcs,0,2,64.79761479873754
hcs,0,2,65.11131177050851
hcs,0,2,64.71251824823267
hcs,0,2,65.91819237662205
hcs,0,2,63.13954802338251
hcs,0,2,63.70428456928329
hcs,0,2,64.27285442927959
hcs,0,2,64.81316470438277
hcs,0,2,63.40970530316867
hcs,0,2,65.48600575663656
hcs,0,2,67.66869703278522
hcs,0,2,66.12235232594183
hcs,0,2,67.87407683548146
hcs,0,2,65.38276771989409
hcs,0,2,68.21997201954336
hcs,0,2,63.76226633796143
hcs,0,2,67.08715344877128
hcs,0,2,65.28968301093164
hcs,0,2,66.62988937532495
hcs,0,2,66.19985180655297
hcs,0,2,64.93630364278218
hcs,0,2,66.14992209212623
hcs,0,2,63.901601906988766
hcs,0,2,67.22913602270616
hcs,0,2,64.37909514075287
hcs,0,3,49.91555805269005
hcs,0,3,45.312763164919886
hcs,0,3,50.13774874570491
hcs,0,3,51.78133133296402
hcs,0,3,50.77781889637488
hcs,0,3,49.5365301958794
hcs,0,3,50.86627389783008
hcs,0,3,52.89440292395542
hcs,0,3,57.83516065662827
hcs,0,3,63.954789712372346
hcs,0,3,63.923545507096286
hcs,0,3,62.641290437925655
hcs,0,3,63.6081086021475
hcs,0,3,61.872023773101496
hcs,0,3,63.839008948452566
hcs,0,3,61.18259974672839
hcs,0,3,62.62436149643096
hcs,0,3,60.637496590949254
hcs,0,3,61.96055189652876
hcs,0,3,60.42578887641922
hcs,0,3,62.26995444745806
hcs,0,3,64.8542403125269
hcs,0,3,63.93414625846567
hcs,0,3,65.80000136563517
hcs,0,3,63.29015262594938
hcs,0,3,66.14344614990509
hcs,0,3,62.67984675850869
hcs,0,3,65.69958576243147
hcs,0,3,64.06534004880112
hcs,0,3,66.45658425079209
hcs,0,3,64.2403525502473
hcs,0,3,63.01098043071897
hcs,0,3,64.92193325000194
hcs,0,3,61.482510461251934
hcs,0,3,65.58255672505334
hcs,0,3,63.850013667952986
hcs,0,3,49.228550018254964
hcs,0,3,55.062308706824304
hcs,0,3,58.02355519515311
hcs,0,3,55.931626131289526
hcs,0,3,56.63097578027634
hcs,0,3,56.559407756258146
hcs,0,3,57.693103331440796
hcs,0,3,51.2873934487778
hcs,0,3,54.323602551422205
hcs,0,3,52.86483200112897
hcs,0,3,52.41912751317775
hcs,0,3,53.05127870975711
hcs,0,3,53.61206119847317
hcs,0,3,55.640114746782174
hcs,0,3,53.06766414010466
hcs,0,3,55.390740207725976
hcs,0,3,56.51368624098556
hcs,0,3,57.10266200522919
hcs,0,3,55.710316169608014
hcs,0,3,58.781651700758516
hcs,0,3,58.561225443389155
hcs,0,3,59.83951723583176
hcs,0,3,57.16070904312595
hcs,0,3,56.6338730666018
hcs,0,3,58.809873544191994
hcs,0,3,56.92950140479007
hcs,0,3,59.18641632088911
hcs,0,3,57.362949343298816
hcs,0,3,57.24468454337096
hcs,0,3,59.4484537435025
hcs,0,3,59.88485220253063
hcs,0,3,59.57008036732104
hcs,0,3,58.374610963434755
hcs,0,3,60.57815500001476
hcs,0,3,65.4973653425284
hcs,0,3,64.68126013789792
hcs,0,3,65.6465654646274
hcs,0,3,65.84791169940688
hcs,0,3,67.14606075168916
hcs,0,3,62.182384394640486
hcs,0,3,64.94329938358399
hcs,0,3,63.77347020979924
hcs,0,3,65.07111910161596
hcs,0,3,64.1940381009131
hcs,0,3,63.57647965694843
hcs,0,3,64.69236689269592
hcs,0,3,61.65995790727885
hcs,0,3,65.58306896111522
hcs,0,3,63.62060423575576
hcs,0,3,61.169655788196266
hcs,0,3,61.94739343048296
hcs,0,3,62.90205491842863
hcs,0,3,61.51588847757186
hcs,0,3,63.14806837068137
hcs,0,3,60.688166478495916
hcs,0,3,65.26872111649944
hcs,0,3,63.18497075060759
hcs,0,3,63.846416440248454
hcs,0,3,64.02446213173792
hcs,0,3,63.06334266189027
hcs,0,3,64.79132637983405
hcs,0,3,62.135922925972594
hcs,0,3,65.31207688177317
hcs,0,3,62.08602879483378
hcs,0,3,61.95251973437876
hcs,0,3,67.18737050629169
hcs,0,3,65.0516434386393
hcs,0,3,67.31771739717155
hcs,0,3,67.10722635429298
hcs,0,3,64.69836332728644
hcs,0,3,66.80602167263834
hcs,0,3,64.28246363430024
hcs,0,3,67.79034517641203
hcs,0,3,64.9567492745367
hcs,0,3,64.04029016811862
hcs,0,3,63.087293250309635
hcs,0,3,63.96211380898546
hcs,0,3,63.97961224965703
hcs,0,3,67.68254354098863
hcs,0,3,63.804150387682014
hcs,0,3,61.785176130759496
hcs,0,3,66.27355135953532
hcs,0,3,63.43391411685054
hcs,0,3,59.31893524656723
hcs,0,4,39.4944737007295
hcs,0,4,48.52290315935503
hcs,0,4,49.08768437238111
hcs,0,4,49.83555367564726
hcs,0,4,46.915377452769754
hcs,0,4,48.82473088190181
hcs,0,4,49.93868749954112
hcs,0,4,42.974694569490644
hcs,0,4,45.18175870299495
hcs,0,4,44.108290495081995
hcs,0,4,44.21476681043416
hcs,0,4,44.57569606429551
hcs,0,4,45.11498847196488
hcs,0,4,49.71730586197276
hcs,0,4,47.38713850268317
hcs,0,4,48.87713600691739
hcs,0,4,49.045329348034635
hcs,0,4,50.86147413625872
hcs,0,4,49.920279221410944
hcs,0,4,47.98884319740965
hcs,0,4,49.012964112916016
hcs,0,4,52.36391583261575
hcs,0,4,48.503622114912204
hcs,0,4,50.46904873594227
hcs,0,4,51.744308222358065
hcs,0,4,48.382635241462324
hcs,0,4,51.21067662034037
hcs,0,4,48.84324817831879
hcs,0,4,53.981813686265184
hcs,0,4,58.30790430008075
hcs,0,4,56.04973523765513
hcs,0,4,57.32332576989289
hcs,0,4,56.22695656322839
hcs,0,4,57.892362341663485
hcs,0,4,63.23043537337736
hcs,0,4,62.750106945051115
hcs,0,4,64.61402533758782
hcs,0,4,62.13454320158012
hcs,0,4,64.24678196078303
hcs,0,4,60.63114058742284
hcs,0,4,63.75194202656574
hcs,0,4,61.85255840772806
hcs,0,4,64.44375112717762
hcs,0,4,62.20581958005573
hcs,0,4,61.09199387561812
hcs,0,4,62.464520550960124
hcs,0,4,58.979115717192386
hcs,0,4,63.71832988018972
hcs,0,4,62.60995562868048
hcs,0,4,60.84130528737336
hcs,0,4,60.79182693732298
hcs,0,4,62.237793611238445
hcs,0,4,59.66451988543354
hcs,0,4,61.15374398135106
hcs,0,4,58.74173598695948
hcs,0,4,62.87508672402608
hcs,0,4,61.370416307095105
hcs,0,4,63.17001898896486
hcs,0,4,61.004564660293376
hcs,0,4,59.84964886786541
hcs,0,4,61.616917705549895
hcs,0,4,58.326020318280406
hcs,0,4,62.41817456769593
hcs,0,4,60.68846911744317
hcs,0,4,60.51548054665789
hcs,0,4,65.77418986106595
hcs,0,4,62.86338994029743
hcs,0,4,65.0372853231671
hcs,0,4,64.86592287329476
hcs,0,4,61.31138421702028
hcs,0,4,64.56070741066888
hcs,0,4,61.578099179154414
hcs,0,4,67.88747935517543
hcs,0,4,63.35779544891115
hcs,0,4,61.776084949912104
hcs,0,4,61.709709215597954
hcs,0,4,62.72364543574776
hcs,0,4,61.92103618045043
hcs,0,4,66.06855237764586
hcs,0,4,62.76865905291311
hcs,0,4,60.838601707121974
hcs,0,4,64.33803597368363
hcs,0,4,61.66269327612032
hcs,0,4,58.20530859869193
hcs,0,4,43.60314754617254
hcs,0,4,48.34710347847726
hcs,0,4,48.15884503597414
hcs,0,4,47.71639191323651
hcs,0,4,48.057351951505886
hcs,0,4,48.95061713134705
hcs,0,4,54.25998067352849
hcs,0,4,52.57581348099182
hcs,0,4,55.661147599051375
hcs,0,4,54.8887477036748
hcs,0,4,55.67799654213126
hcs,0,4,53.71668880602457
hcs,0,4,56.29120501568265
hcs,0,4,56.68216362912841
hcs,0,4,58.141069489452306
hcs,0,4,56.12648265752174
hcs,0,4,55.59141010709715
hcs,0,4,56.07112005394707
hcs,0,4,55.3428040644709
hcs,0,4,56.175383144221776
hcs,0,4,56.1211153709041
hcs,0,4,49.36686149515948
hcs,0,4,48.316094754042034
hcs,0,4,50.90295659446666
hcs,0,4,51.107489105476326
hcs,0,4,51.63415966208189
hcs,0,4,52.51316313400155
hcs,0,4,53.355620905163924
hcs,0,4,54.06077636687045
hcs,0,4,54.38322768374079
hcs,0,4,52.02872706560128
hcs,0,4,53.79181646351607
hcs,0,4,53.19389137025378
hcs,0,4,54.435383484017144
hcs,0,4,52.81478249008201
hcs,0,4,51.78179464379805
hcs,0,4,46.52186073194539
hcs,0,4,54.908089636447464
hcs,0,4,56.11873357190082
hcs,0,4,55.544990993469405
hcs,0,4,51.52275980883537
hcs,0,4,53.666568064987466
hcs,0,4,54.021493625692436
hcs,0,4,55.878899222850166
hcs,0,4,56.69065187850314
hcs,0,4,54.42019772616653
hcs,0,4,54.90599585794496
hcs,0,4,55.85533996934606
hcs,0,4,56.24751065026353
hcs,0,4,55.98516733254029
hcs,0,4,58.30177222142754
hcs,0,4,57.56360969949912
hcs,0,4,55.0471827222813
hcs,0,4,57.46685080716974
hcs,0,4,55.53530735267542
hcs,0,4,50.95608059634738
hcs,0,4,54.14417139346063
hcs,0,4,55.385370076204026
hcs,0,4,56.33852679808533
hcs,0,4,55.2362102422059
hcs,0,4,57.96111739977344
hcs,0,4,56.96576675765266
hcs,0,4,59.705176643196786
hcs,0,4,58.50591439583808
hcs,0,4,59.0982822781989
hcs,0,4,59.52318843062881
hcs,0,4,58.58134940601464
hcs,0,4,59.301115574171284
hcs,0,4,56.972220427460364
hcs,0,4,61.00162261061178
hcs,0,4,58.63639759935041
hcs,0,4,59.74774354678946
hcs,0,4,65.78123858396462
hcs,0,4,65.12660017728726
hcs,0,4,66.21777795865266
hcs,0,4,64.88939199523563
hcs,0,4,64.83164413356292
hcs,0,4,65.34307168086731
hcs,0,4,63.38103266684268
hcs,0,4,66.51002357330084
hcs,0,4,64.82616196413609
hcs,0,4,62.188397940109745
hcs,0,4,61.691539383006486
hcs,0,4,61.99104237344712
hcs,0,4,62.412829841036306
hcs,0,4,67.0412671665499
hcs,0,4,62.23304640920231
hcs,0,4,61.25558051927298
hcs,0,4,64.96175793692161
hcs,0,4,62.82750879730829
hcs,0,4,58.32951575458605
hcs,0,4,55.504714754389866
hcs,0,4,61.9819634498938
hcs,0,4,60.67139289258727
hcs,0,4,61.48135451791882
hcs,0,4,62.56836172258524
hcs,0,4,61.13227439935959
hcs,0,4,62.31148518955855
hcs,0,4,59.896643335333906
hcs,0,4,65.07059257651474
hcs,0,4,60.94436408283429
hcs,0,4,61.072999421099254
hcs,0,4,61.13911830690707
hcs,0,4,60.493223307354086
hcs,0,4,62.259029061533134
hcs,0,4,65.61177904744365
hcs,0,4,61.650005657957024
hcs,0,4,60.712077753451005
hcs,0,4,64.3879511319609
hcs,0,4,62.379152272587916
hcs,0,4,55.49497595930644
hcs,0,4,60.688038509358485
hcs,0,4,62.332809144052646
hcs,0,4,62.33888671083594
hcs,0,4,64.44418884075837
hcs,0,4,68.38079315503248
hcs,0,4,64.07533817127538
hcs,0,4,63.202802860618476
hcs,0,4,67.27741076932325
hcs,0,4,63.97007824351546
hcs,0,4,58.89506169213168
hcs,0,4,59.73477913890082
hcs,0,4,63.61117201915691
hcs,0,4,61.97025919565849
hcs,0,4,56.95811670669854
hcs,0,4,57.435358114027416
hcs,0,5,35.740747754209245
hcs,0,5,38.319627912948604
hcs,0,5,38.7596543960198
hcs,0,5,38.33065321421282
hcs,0,5,38.71283143752005
hcs,0,5,40.08362260908136
hcs,0,5,47.07480213014186
hcs,0,5,47.828754186937765
hcs,0,5,46.39616027571857
hcs,0,5,47.841750132091214
hcs,0,5,49.342132567724896
hcs,0,5,46.75616768843862
hcs,0,5,44.74266709502075
hcs,0,5,47.76419278039808
hcs,0,5,49.618518880766295
hcs,0,5,45.841516991963395
hcs,0,5,49.01719674095085
hcs,0,5,49.807032514021294
hcs,0,5,46.52529188081758
hcs,0,5,47.57091558006734
hcs,0,5,47.52100429318318
hcs,0,5,41.55298650277854
hcs,0,5,40.7356542618573
hcs,0,5,41.27088694287402
hcs,0,5,41.90173804505883
hcs,0,5,44.002054927461884
hcs,0,5,43.140477624183134
hcs,0,5,41.93588537685825
hcs,0,5,44.200358393544384
hcs,0,5,45.655565697165784
hcs,0,5,42.41421216110921
hcs,0,5,45.15870326773957
hcs,0,5,43.82572099327842
hcs,0,5,43.88092020559922
hcs,0,5,43.824514887436585
hcs,0,5,42.08999148008421
hcs,0,5,41.794050002252675
hcs,0,5,45.85584922879759
hcs,0,5,47.23180324627338
hcs,0,5,49.88257559310096
hcs,0,5,44.41492749298741
hcs,0,5,48.27763219277155
hcs,0,5,48.24195073311877
hcs,0,5,47.12536297573231
hcs,0,5,49.53454378156989
hcs,0,5,46.137587673662566
hcs,0,5,46.19209524096099
hcs,0,5,46.7722200011008
hcs,0,5,51.1970960140769
hcs,0,5,45.32192361661564
hcs,0,5,48.30038183842883
hcs,0,5,47.81720171296673
hcs,0,5,48.19935085553605
hcs,0,5,48.5014159115296
hcs,0,5,47.67406053652752
hcs,0,5,43.43283646915473
hcs,0,5,53.04172174758532
hcs,0,5,54.00581419058699
hcs,0,5,54.05773390372997
hcs,0,5,52.49260719518843
hcs,0,5,55.06189203473439
hcs,0,5,53.865961268823035
hcs,0,5,57.8003625641766
hcs,0,5,56.94734887609876
hcs,0,5,57.4250772566204
hcs,0,5,55.76103560225203
hcs,0,5,55.41266397884423
hcs,0,5,56.14925312096635
hcs,0,5,54.01152753453631
hcs,0,5,57.69307767698111
hcs,0,5,56.66816081733358
hcs,0,5,59.05067863542197
hcs,0,5,64.34290531586389
hcs,0,5,61.6510351675586
hcs,0,5,64.34439673768844
hcs,0,5,63.87567486614968
hcs,0,5,60.784286823906065
hcs,0,5,63.809984154481604
hcs,0,5,61.11817379272467
hcs,0,5,65.26491090081167
hcs,0,5,62.78417354065976
hcs,0,5,61.27945335785871
hcs,0,5,59.88374189369971
hcs,0,5,61.376999115693856
hcs,0,5,59.73154451422415
hcs,0,5,64.3231104108779
hcs,0,5,62.81078896439404
hcs,0,5,59.31803509415246
hcs,0,5,62.40737551285887
hcs,0,5,60.942359927892426
hcs,0,5,56.330536612313004
hcs,0,5,56.47625415418863
hcs,0,5,61.80354725760425
hcs,0,5,59.72970269438019
hcs,0,5,60.42245415091172
hcs,0,5,61.50825525502522
hcs,0,5,59.83431476443608
hcs,0,5,60.96410500428174
hcs,0,5,58.071686082231615
hcs,0,5,62.905084471319235
hcs,0,5,58.6996351997842
hcs,0,5,58.5312741955138
hcs,0,5,60.31565259413269
hcs,0,5,59.25427565240487
hcs,0,5,59.40449921555163
hcs,0,5,62.723998142386776
hcs,0,5,61.274174644537666
hcs,0,5,58.57160510451382
hcs,0,5,60.89766236660231
hcs,0,5,59.55027485313649
hcs,0,5,55.00988673935046
hcs,0,5,59.4990788245646
hcs,0,5,59.402477431829645
hcs,0,5,61.15827029475304
hcs,0,5,61.85097375570799
hcs,0,5,66.68605117725325
hcs,0,5,61.360318847873835
hcs,0,5,60.42607036076418
hcs,0,5,66.35601820608095
hcs,0,5,61.32748524221644
hcs,0,5,58.36589089488815
hcs,0,5,56.2513733743482
hcs,0,5,62.689118026924426
hcs,0,5,60.73891475544753
hcs,0,5,56.871397874354315
hcs,0,5,56.05372442351484
hcs,0,5,42.606548610299754
hcs,0,5,41.88833228537229
hcs,0,5,40.86792516718016
hcs,0,5,43.86547120743449
hcs,0,5,45.4169706085619
hcs,0,5,47.01952470626743
hcs,0,5,46.46673289364436
hcs,0,5,46.87438820665546
hcs,0,5,48.098899722354425
hcs,0,5,47.01708840878011
hcs,0,5,46.94705027269542
hcs,0,5,48.593600047152314
hcs,0,5,48.421110406181576
hcs,0,5,47.45037270557021
hcs,0,5,47.94878439627735
hcs,0,5,45.59756136593099
hcs,0,5,54.76097022332058
hcs,0,5,54.75514187777584
hcs,0,5,54.47874193203649
hcs,0,5,52.614289081365236
hcs,0,5,53.37596329413372
hcs,0,5,52.92516624774455
hcs,0,5,54.92366135942178
hcs,0,5,55.61298886225666
hcs,0,5,54.5404530682548
hcs,0,5,52.23528961379596
hcs,0,5,53.829317568394345
hcs,0,5,53.89448946829632
hcs,0,5,55.816750068639585
hcs,0,5,55.92389627740827
hcs,0,5,55.80568850186891
hcs,0,5,53.90605579180944
hcs,0,5,55.44302137306448
hcs,0,5,54.519089967983724
hcs,0,5,49.57428098946085
hcs,0,5,41.451513913461625
hcs,0,5,48.455028759858536
hcs,0,5,50.0106828791575
hcs,0,5,49.757082868623364
hcs,0,5,47.73070397868327
hcs,0,5,49.57820873347979
hcs,0,5,49.02303539115247
hcs,0,5,51.24014408603207
hcs,0,5,50.95473497828902
hcs,0,5,49.205842718422026
hcs,0,5,51.21062930017324
hcs,0,5,52.069881366427964
hcs,0,5,52.434621769002774
hcs,0,5,53.52295175831246
hcs,0,5,53.49833869613658
hcs,0,5,53.410536117984
hcs,0,5,52.19384667385527
hcs,0,5,52.525160579452006
hcs,0,5,51.00818679075796
hcs,0,5,45.19874027532195
hcs,0,5,44.179968605226314
hcs,0,5,49.0203225529484
hcs,0,5,45.682694455723436
hcs,0,5,54.86292055571381
hcs,0,5,53.83406158272048
hcs,0,5,53.881149574520066
hcs,0,5,52.27570969843009
hcs,0,5,51.81779650374415
hcs,0,5,51.83822958163908
hcs,0,5,48.74125635578719
hcs,0,5,52.13926888321887
hcs,0,5,55.02863275597055
hcs,0,5,54.69343908467149
hcs,0,5,48.605178338849086
hcs,0,5,50.07032885995499
hcs,0,5,48.10661553588015
hcs,0,5,51.7534649975205
hcs,0,5,52.80374190735531
hcs,0,5,53.95282276864686
hcs,0,5,54.563693904276285
hcs,0,5,55.15148924441756
hcs,0,5,55.85815929065259
hcs,0,5,53.05527532437082
hcs,0,5,57.76609708918969
hcs,0,5,54.69204265628847
hcs,0,5,56.9778953926859
hcs,0,5,57.603243626206044
hcs,0,5,56.41973323399935
hcs,0,5,57.237752610455274
hcs,0,5,60.32725764581862
hcs,0,5,57.3303409139508
hcs,0,5,57.5538951699259
hcs,0,5,60.55073601742344
hcs,0,5,59.199685783772466
hcs,0,5,52.571831447919216
hcs,0,5,58.77062968376687
hcs,0,5,61.641187889250354
hcs,0,5,60.52524573971579
hcs,0,5,62.432691761608396
hcs,0,5,66.29719018926939
hcs,0,5,63.435714893825
hcs,0,5,62.111905076806295
hcs,0,5,65.29898285277704
hcs,0,5,63.69626175688967
hcs,0,5,58.19697632070783
hcs,0,5,58.69166176382442
hcs,0,5,63.32779753392291
hcs,0,5,61.05507058282709
hcs,0,5,55.92857940282835
hcs,0,5,56.80860265113568
hcs,0,5,53.95902322659524
hcs,0,5,56.711257838569125
hcs,0,5,55.05514064656923
hcs,0,5,59.48310663234337
hcs,0,5,64.51585357828729
hcs,0,5,58.651748610961874
hcs,0,5,59.88517563894858
hcs,0,5,64.13823815240563
hcs,0,5,61.258726359319226
hcs,0,5,55.058785659073926
hcs,0,5,58.948786572212704
hcs,0,5,60.40113041438682
hcs,0,5,60.22420338612791
hcs,0,5,54.21801627202516
hcs,0,5,56.1237679273413
hcs,0,5,56.114049104943994
hcs,0,5,61.39279606865563
hcs,0,5,61.06069977089011
hcs,0,5,56.205972316487035
hcs,0,5,56.0787475894673
hcs,0,5,56.28890097683687
hcs,0,6,34.92275849921021
hcs,0,6,33.85482968359113
hcs,0,6,31.167615615786755
hcs,0,6,35.50185657304731
hcs,0,6,37.302649958811074
hcs,0,6,36.779886427305556
hcs,0,6,35.71712803740105
hcs,0,6,36.67626959781438
hcs,0,6,39.077929488066395
hcs,0,6,36.85558039936503
hcs,0,6,38.318788368501785
hcs,0,6,38.34616435454823
hcs,0,6,37.66940909006937
hcs,0,6,38.46037242292721
hcs,0,6,38.55486312086127
hcs,0,6,39.95611013481066
hcs,0,6,43.482369761152235
hcs,0,6,46.855948253788725
hcs,0,6,48.11576310650927
hcs,0,6,43.56760880779843
hcs,0,6,48.1701562089362
hcs,0,6,48.49121443404602
hcs,0,6,45.33804007789088
hcs,0,6,47.30711516663581
hcs,0,6,46.214297038117124
hcs,0,6,42.102102591518296
hcs,0,6,45.92986196226936
hcs,0,6,46.8712204147356
hcs,0,6,43.030886543258966
hcs,0,6,45.1030408179951
hcs,0,6,47.06255196983441
hcs,0,6,45.88354280542507
hcs,0,6,46.432744293209495
hcs,0,6,46.254272723163204
hcs,0,6,43.20765647475353
hcs,0,6,32.96564806416753
hcs,0,6,38.687705105399765
hcs,0,6,40.53398672690562
hcs,0,6,42.40728007455231
hcs,0,6,37.375581711737425
hcs,0,6,41.333749909802044
hcs,0,6,42.051343165315004
hcs,0,6,40.6359012581081
hcs,0,6,42.40177928970171
hcs,0,6,40.79597139842388
hcs,0,6,39.3679651876509
hcs,0,6,41.82931659168313
hcs,0,6,43.41364590835508
hcs,0,6,42.30366663762958
hcs,0,6,41.86351914159002
hcs,0,6,43.246666202640256
hcs,0,6,43.32268338266834
hcs,0,6,42.03924981170912
hcs,0,6,42.31502224156146
hcs,0,6,38.97406246353501
hcs,0,6,39.211564066740785
hcs,0,6,40.252449877755375
hcs,0,6,41.85088461233079
hcs,0,6,44.14652555450049
hcs,0,6,47.180059554288064
hcs,0,6,45.93436166222677
hcs,0,6,45.182586028080024
hcs,0,6,44.73347857809592
hcs,0,6,43.07117407800616
hcs,0,6,40.19022420322235
hcs,0,6,41.819572431999276
hcs,0,6,45.38844842818885
hcs,0,6,45.76219802536733
hcs,0,6,39.06653355604927
hcs,0,6,42.9279261402882
hcs,0,6,46.34631451602091
hcs,0,6,51.8978726741717
hcs,0,6,51.551848813904584
hcs,0,6,53.10402557656338
hcs,0,6,53.01431049295921
hcs,0,6,51.66162573444853
hcs,0,6,54.1391323403946
hcs,0,6,50.511821851030525
hcs,0,6,56.166979037824866
hcs,0,6,53.08683744786866
hcs,0,6,52.64660894929194
hcs,0,6,54.01882912608486
hcs,0,6,54.05423609973501
hcs,0,6,54.12977423255131
hcs,0,6,59.21771577600431
hcs,0,6,56.36915156317769
hcs,0,6,53.75603065008066
hcs,0,6,54.88952910558016
hcs,0,6,54.06121366959157
hcs,0,6,51.53448508775792
hcs,0,6,59.944684054967134
hcs,0,6,57.81105477118781
hcs,0,6,60.446994080039595
hcs,0,6,60.71180834822817
hcs,0,6,65.14051577499389
hcs,0,6,62.237505281023836
hcs,0,6,60.6481142918485
hcs,0,6,64.13792875419178
hcs,0,6,61.20925964054426
hcs,0,6,56.77122925344089
hcs,0,6,55.75281839780115
hcs,0,6,61.602210732916824
hcs,0,6,59.91653842444472
hcs,0,6,55.74989062851268
hcs,0,6,54.83694436821737
hcs,0,6,55.015136981507126
hcs,0,6,57.42360342482407
hcs,0,6,56.55522242305256
hcs,0,6,58.701199369214756
hcs,0,6,63.38553897913244
hcs,0,6,57.74300353922649
hcs,0,6,57.66791286383817
hcs,0,6,62.90082516855977
hcs,0,6,58.219628191460444
hcs,0,6,54.32998901911248
hcs,0,6,55.87382142157693
hcs,0,6,58.62588293212379
hcs,0,6,58.72598219870299
hcs,0,6,55.47240045354825
hcs,0,6,55.49556015014763
hcs,0,6,53.419298436299506
hcs,0,6,59.32238129492821
hcs,0,6,59.06957304074724
hcs,0,6,56.880059934421446
hcs,0,6,54.433152325469415
hcs,0,6,47.72878751556265
hcs,0,6,35.254462304616695
hcs,0,6,39.81594075715391
hcs,0,6,41.92935121779153
hcs,0,6,43.32374288782556
hcs,0,6,39.63462645712294
hcs,0,6,41.086471837550725
hcs,0,6,42.58618536484317
hcs,0,6,42.76901069428177
hcs,0,6,42.001086871727374
hcs,0,6,43.12908306056789
hcs,0,6,45.5598458905769
hcs,0,6,44.80686217704424
hcs,0,6,47.17162354753367
hcs,0,6,47.13344355701601
hcs,0,6,45.44354768089399
hcs,0,6,46.01684499727389
hcs,0,6,47.58947020051231
hcs,0,6,47.03917603120457
hcs,0,6,45.14382244756292
hcs,0,6,42.712652555896916
hcs,0,6,44.39944072335896
hcs,0,6,47.43349116302477
hcs,0,6,45.992577425509964
hcs,0,6,54.49294075278101
hcs,0,6,55.21232425007965
hcs,0,6,52.61893606037761
hcs,0,6,52.65976979801444
hcs,0,6,52.729213211216674
hcs,0,6,51.37690095738096
hcs,0,6,47.929928573889974
hcs,0,6,50.08605594193763
hcs,0,6,52.520639115885935
hcs,0,6,53.43995738758027
hcs,0,6,48.1815904792525
hcs,0,6,49.44113754806989
hcs,0,6,39.330564359274774
hcs,0,6,42.76559842041434
hcs,0,6,42.061194670622704
hcs,0,6,50.10473322329219
hcs,0,6,47.90105190122466
hcs,0,6,48.34321207371664
hcs,0,6,49.262389688581614
hcs,0,6,47.84196949132902
hcs,0,6,47.826613998583284
hcs,0,6,43.198991707637454
hcs,0,6,50.066851844057204
hcs,0,6,51.61468404515879
hcs,0,6,50.38348706786493
hcs,0,6,43.68746264401086
hcs,0,6,45.34158872036615
hcs,0,6,44.88179273406523
hcs,0,6,43.457714698457835
hcs,0,6,45.46996640560828
hcs,0,6,44.74451232496778
hcs,0,6,45.01057485850237
hcs,0,6,46.45453296580815
hcs,0,6,45.65567904785848
hcs,0,6,46.2056539011756
hcs,0,6,47.684571977409405
hcs,0,6,50.57206179013915
hcs,0,6,53.100074662913265
hcs,0,6,51.42012941082897
hcs,0,6,52.652094594197955
hcs,0,6,56.33051793036372
hcs,0,6,54.17442103708465
hcs,0,6,48.61051426131228
hcs,0,6,55.19005162589518
hcs,0,6,57.40646479543267
hcs,0,6,56.06496878390379
hcs,0,6,50.8129357425608
hcs,0,6,53.80698420781584
hcs,0,6,54.95478993500514
hcs,0,6,59.91285551903199
hcs,0,6,60.32194946486292
hcs,0,6,55.72989831157704
hcs,0,6,56.90247146094753
hcs,0,6,54.026261210715
hcs,0,6,53.802410638297715
hcs,0,6,57.02937365649956
hcs,0,6,55.923968017778805
hcs,0,6,51.378261735175606
hcs,0,6,55.3112466875669
hcs,0,6,54.067342199262974
hcs,0,6,53.39495427804765
dcs,0,0,69.10590927023974
dcs,0,1,64.97650436067111
dcs,0,1,62.713556521198484
dcs,0,1,68.83573274416759
dcs,0,1,68.08236741011062
dcs,0,1,68.77006355760535
dcs,0,1,68.82074344157219
dcs,0,1,68.28226115720493
dcs,0,1,69.2153677822726
dcs,0,1,66.66497577220073
dcs,0,1,69.00657262393982
dcs,0,2,53.275443098963784
dcs,0,2,65.35013143918779
dcs,0,2,64.61186782787847
dcs,0,2,64.62667367839343
dcs,0,2,64.82065252825461
dcs,0,2,65.90997549826827
dcs,0,2,65.43098132004899
dcs,0,2,62.17845196758829
dcs,0,2,65.89178411123021
dcs,0,2,63.10393459416241
dcs,0,2,61.43405571202135
dcs,0,2,60.98506153884635
dcs,0,2,61.531653588697964
dcs,0,2,62.08453847687862
dcs,0,2,61.34502249484748
dcs,0,2,61.65094301009055
dcs,0,2,62.85908661510087
dcs,0,2,63.028854285075845
dcs,0,2,67.84584355568431
dcs,0,2,68.40593022237648
dcs,0,2,67.84827746168945
dcs,0,2,67.8847436272492
dcs,0,2,66.92965182377203
dcs,0,2,68.22842923595866
dcs,0,2,65.43588113088043
dcs,0,2,67.87473463289368
dcs,0,2,67.09873402072863
dcs,0,2,67.25608330229298
dcs,0,2,64.85178370676549
dcs,0,2,67.66023994886926
dcs,0,2,67.82928686728168
dcs,0,2,68.35017670035778
dcs,0,2,67.87644561621282
dcs,0,2,66.16609216971456
dcs,0,2,68.80415771059796
dcs,0,2,67.22489293042922
dcs,0,2,68.20180846619952
dcs,0,2,67.22083378702217
dcs,0,2,68.59178020162845
dcs,0,2,68.14361592312494
dcs,0,2,66.55315642672683
dcs,0,2,68.54304903127442
dcs,0,2,64.2288056824313
dcs,0,2,68.79555611305075
dcs,0,2,64.7083375115162
dcs,0,3,51.275459098134135
dcs,0,3,50.768627565971485
dcs,0,3,50.31385963244801
dcs,0,3,52.13984087955947
dcs,0,3,50.863394407857776
dcs,0,3,50.448974968033156
dcs,0,3,53.00286209651421
dcs,0,3,51.67144380940844
dcs,0,3,61.93486309746705
dcs,0,3,64.71312224392065
dcs,0,3,64.92347373357678
dcs,0,3,65.86753599405957
dcs,0,3,65.49103807739945
dcs,0,3,63.46976882456175
dcs,0,3,66.48112015044829
dcs,0,3,61.51315248164939
dcs,0,3,64.30309482791745
dcs,0,3,64.16704675605061
dcs,0,3,64.01909462500154
dcs,0,3,61.69207434334055
dcs,0,3,65.66857940712909
dcs,0,3,64.14754328609236
dcs,0,3,64.8980760569225
dcs,0,3,63.802036109501906
dcs,0,3,61.16057759797924
dcs,0,3,64.61828169907618
dcs,0,3,63.12656694514327
dcs,0,3,64.10994591853317
dcs,0,3,62.546957336552474
dcs,0,3,64.80245400056889
dcs,0,3,64.51112604788446
dcs,0,3,61.69916589036986
dcs,0,3,65.02579069371068
dcs,0,3,59.97531837991551
dcs,0,3,64.69251579066818
dcs,0,3,60.819615582397375
dcs,0,3,55.97055734551608
dcs,0,3,61.06192842160093
dcs,0,3,60.81042689563275
dcs,0,3,61.81504402907774
dcs,0,3,60.25903795659557
dcs,0,3,61.06826310277001
dcs,0,3,62.0202458035052
dcs,0,3,58.18358513443727
dcs,0,3,59.976942410540445
dcs,0,3,60.577751077345056
dcs,0,3,59.33379722114665
dcs,0,3,59.598474374581095
dcs,0,3,61.14395150735993
dcs,0,3,58.91925153675772
dcs,0,3,59.69463114162054
dcs,0,3,59.41844915108777
dcs,0,3,58.93341117375923
dcs,0,3,60.84270605472807
dcs,0,3,60.42414136782327
dcs,0,3,59.85401343717366
dcs,0,3,60.90369175887395
dcs,0,3,62.126660892622525
dcs,0,3,61.48031263329418
dcs,0,3,60.872147289787954
dcs,0,3,62.46068189645566
dcs,0,3,58.82433456810715
dcs,0,3,62.67201353498188
dcs,0,3,58.08247010686057
dcs,0,3,56.98510924455108
dcs,0,3,62.50479207751369
dcs,0,3,61.83455523837597
dcs,0,3,62.286835433597574
dcs,0,3,61.75366250449678
dcs,0,3,63.48402363275022
dcs,0,3,67.13598166188781
dcs,0,3,67.23545064138172
dcs,0,3,67.31365005058142
dcs,0,3,66.26448442741477
dcs,0,3,68.23795306225057
dcs,0,3,66.92935560111476
dcs,0,3,67.81559480254744
dcs,0,3,67.40397586914897
dcs,0,3,68.3308442491684
dcs,0,3,66.77644773852465
dcs,0,3,66.61269490267851
dcs,0,3,67.41408956212699
dcs,0,3,64.83690131830707
dcs,0,3,68.05915532420202
dcs,0,3,65.7029065559169
dcs,0,3,63.72540694010045
dcs,0,3,64.84078213057299
dcs,0,3,64.87939117069565
dcs,0,3,63.00541699767438
dcs,0,3,66.57430713882735
dcs,0,3,63.88793739491233
dcs,0,3,66.35217139726714
dcs,0,3,65.07121305590445
dcs,0,3,67.50206713982115
dcs,0,3,65.01837567936629
dcs,0,3,63.756040128752666
dcs,0,3,67.43568900437832
dcs,0,3,63.32810091991452
dcs,0,3,66.97922128978912
dcs,0,3,63.30091470500672
dcs,0,3,62.14129988377591
dcs,0,3,66.95927142703655
dcs,0,3,65.77824078708105
dcs,0,3,67.86951089646212
dcs,0,3,66.82967865620436
dcs,0,3,66.32670872415295
dcs,0,3,67.57762572295306
dcs,0,3,64.34475309723402
dcs,0,3,67.99844113558461
dcs,0,3,64.40756815757447
dcs,0,3,65.85749553138149
dcs,0,3,66.8922283032001
dcs,0,3,67.97867120211073
dcs,0,3,65.09601532292051
dcs,0,3,68.19385599175203
dcs,0,3,66.20931521560405
dcs,0,3,62.253464149481545
dcs,0,3,66.97369527156116
dcs,0,3,64.24680789326761
dcs,0,3,59.54851655819823
dcs,0,4,41.78355475396828
dcs,0,4,49.08186880368532
dcs,0,4,50.50414179697302
dcs,0,4,50.13828181991534
dcs,0,4,46.71503245258204
dcs,0,4,50.5994377377513
dcs,0,4,51.48090450812071
dcs,0,4,48.83398227721132
dcs,0,4,50.056312394871796
dcs,0,4,48.8449447610087
dcs,0,4,48.02077510862158
dcs,0,4,49.370089842786186
dcs,0,4,51.324397172555656
dcs,0,4,49.694889587329214
dcs,0,4,49.37274341163141
dcs,0,4,46.99621361353879
dcs,0,4,48.311339442019474
dcs,0,4,49.832767199867284
dcs,0,4,47.748865049648664
dcs,0,4,47.429858570966964
dcs,0,4,52.18076475060993
dcs,0,4,51.75205110564796
dcs,0,4,48.195496412424994
dcs,0,4,51.02014131457269
dcs,0,4,50.371479232136664
dcs,0,4,47.82417273621402
dcs,0,4,50.590000728999954
dcs,0,4,47.72180193083051
dcs,0,4,53.17384479029868
dcs,0,4,61.90287653437668
dcs,0,4,59.63696942389062
dcs,0,4,61.23642409902349
dcs,0,4,60.265461413834096
dcs,0,4,63.66978621691287
dcs,0,4,64.34552889846847
dcs,0,4,65.4372649788377
dcs,0,4,64.0750220798965
dcs,0,4,61.892805349861426
dcs,0,4,64.93492758294687
dcs,0,4,62.61820653944115
dcs,0,4,64.08246490215019
dcs,0,4,63.704781480882126
dcs,0,4,65.49602263877273
dcs,0,4,63.52967539514085
dcs,0,4,62.44041418570705
dcs,0,4,65.27239490623897
dcs,0,4,60.35464901256781
dcs,0,4,64.1004633938599
dcs,0,4,61.7725152331028
dcs,0,4,61.06161798577904
dcs,0,4,61.55134400678146
dcs,0,4,62.79656745416354
dcs,0,4,60.02738776196191
dcs,0,4,62.164427610191
dcs,0,4,62.13413613910601
dcs,0,4,62.86738052382899
dcs,0,4,62.30944493908413
dcs,0,4,65.29079353547304
dcs,0,4,62.75131547971424
dcs,0,4,60.24330648621593
dcs,0,4,63.759359953089714
dcs,0,4,58.372312607746856
dcs,0,4,65.25250203465659
dcs,0,4,59.753756778289116
dcs,0,4,62.88134661338141
dcs,0,4,62.87540514828608
dcs,0,4,63.242949372232
dcs,0,4,64.18834125786506
dcs,0,4,64.11390372569055
dcs,0,4,61.24669523197872
dcs,0,4,65.13996093760564
dcs,0,4,58.96788238495204
dcs,0,4,64.86767464595464
dcs,0,4,59.35705053850545
dcs,0,4,61.934163481489904
dcs,0,4,61.83601356335878
dcs,0,4,63.64724090492642
dcs,0,4,59.85506896032382
dcs,0,4,63.205636403842604
dcs,0,4,61.117954842223234
dcs,0,4,57.568163925430596
dcs,0,4,63.797821873524036
dcs,0,4,59.88421594166399
dcs,0,4,54.62789362483098
dcs,0,4,49.94318322428272
dcs,0,4,55.28769386939246
dcs,0,4,55.4763768073562
dcs,0,4,53.02935117855967
dcs,0,4,53.94321566858623
dcs,0,4,57.70602109560309
dcs,0,4,59.074495021031396
dcs,0,4,60.60851099253109
dcs,0,4,58.97150139118661
dcs,0,4,59.55005527982315
dcs,0,4,60.49531998918492
dcs,0,4,60.30054628281673
dcs,0,4,58.94587983744129
dcs,0,4,60.54407455155403
dcs,0,4,61.149340728395714
dcs,0,4,59.911164176642174
dcs,0,4,60.43884330566717
dcs,0,4,62.159001788630896
dcs,0,4,58.18217435364589
dcs,0,4,60.765925897959065
dcs,0,4,58.091334298363755
dcs,0,4,56.73456327360332
dcs,0,4,56.54482203030337
dcs,0,4,57.382856053484595
dcs,0,4,54.76072737512647
dcs,0,4,58.33638867968423
dcs,0,4,58.52496111506446
dcs,0,4,58.08809451232538
dcs,0,4,59.74895702186573
dcs,0,4,60.23525711893996
dcs,0,4,59.602781118901966
dcs,0,4,59.23888158014459
dcs,0,4,61.06557811145485
dcs,0,4,57.05798102260984
dcs,0,4,60.589515651838155
dcs,0,4,58.14375477172916
dcs,0,4,56.795535653564905
dcs,0,4,57.01873044491187
dcs,0,4,59.29840785467186
dcs,0,4,58.971968846341454
dcs,0,4,57.98453787251479
dcs,0,4,58.10346576025294
dcs,0,4,59.67887506544933
dcs,0,4,55.930705089132324
dcs,0,4,60.15777058801597
dcs,0,4,55.6808632043196
dcs,0,4,57.45805360458166
dcs,0,4,59.47316140308016
dcs,0,4,59.65157705963942
dcs,0,4,58.603996157606716
dcs,0,4,61.49297298410062
dcs,0,4,57.71557550700624
dcs,0,4,56.236977384736214
dcs,0,4,61.888376966275885
dcs,0,4,57.520623359034104
dcs,0,4,52.16222969725532
dcs,0,4,55.972242137832446
dcs,0,4,56.26578738994009
dcs,0,4,57.980237829912895
dcs,0,4,58.09953012813537
dcs,0,4,60.04256936161597
dcs,0,4,60.17553530995243
dcs,0,4,61.480273107002304
dcs,0,4,61.1814875223926
dcs,0,4,61.61881505292738
dcs,0,4,60.34607808894424
dcs,0,4,61.47456498282651
dcs,0,4,62.187332942639564
dcs,0,4,60.76650237391846
dcs,0,4,63.14876274207848
dcs,0,4,61.89864405667049
dcs,0,4,62.02602322886496
dcs,0,4,66.66260611633052
dcs,0,4,66.5605372369205
dcs,0,4,67.60842943428268
dcs,0,4,66.43680809581137
dcs,0,4,66.24179701355578
dcs,0,4,67.57013507026416
dcs,0,4,64.2130818059685
dcs,0,4,68.20194713234125
dcs,0,4,64.39320557871928
dcs,0,4,64.42786634608215
dcs,0,4,65.6830028748978
dcs,0,4,66.97798099780636
dcs,0,4,64.37068124271752
dcs,0,4,67.76240941468185
dcs,0,4,65.50578275308747
dcs,0,4,61.61866371789809
dcs,0,4,66.84272938575572
dcs,0,4,64.98164684263266
dcs,0,4,58.68926701416837
dcs,0,4,56.57887167755771
dcs,0,4,64.0781546989632
dcs,0,4,62.39410340746965
dcs,0,4,65.73680508391996
dcs,0,4,64.53419536388836
dcs,0,4,63.36067090761707
dcs,0,4,66.67572185374624
dcs,0,4,62.72009103744318
dcs,0,4,66.66320809813547
dcs,0,4,63.350357898422274
dcs,0,4,60.90939882763878
dcs,0,4,63.68178525344622
dcs,0,4,63.63855632194676
dcs,0,4,63.20792947653898
dcs,0,4,67.15754428014756
dcs,0,4,63.53193325905694
dcs,0,4,60.85282477010848
dcs,0,4,66.46127025619538
dcs,0,4,62.3343249747985
dcs,0,4,55.780400092933164
dcs,0,4,59.90344933252935
dcs,0,4,62.587637875395764
dcs,0,4,61.78955740152821
dcs,0,4,63.41752235952577
dcs,0,4,67.2384877820646
dcs,0,4,64.37854684908685
dcs,0,4,62.216839821304475
dcs,0,4,65.71715366210152
dcs,0,4,63.47136018374238
dcs,0,4,57.918735025588376
dcs,0,4,61.38866174697311
dcs,0,4,64.74103639587385
dcs,0,4,65.31648746229436
dcs,0,4,58.91151208974501
dcs,0,4,55.83506699519554
dcs,0,5,38.352733405024274
dcs,0,5,42.72464570601888
dcs,0,5,40.40473730926242
dcs,0,5,37.909710175718196
dcs,0,5,38.68587700817868
dcs,0,5,42.38036217524759
dcs,0,5,48.01240910543891
dcs,0,5,48.7283150806731
dcs,0,5,44.70124855381516
dcs,0,5,46.52500881873379
dcs,0,5,48.88586723872478
dcs,0,5,46.04752961479737
dcs,0,5,46.3381411020771
dcs,0,5,50.12554023722567
dcs,0,5,50.32289880013855
dcs,0,5,47.51979107935698
dcs,0,5,51.30460642439034
dcs,0,5,50.95608406109939
dcs,0,5,45.18372746461317
dcs,0,5,47.711985843308504
dcs,0,5,47.38175624506274
dcs,0,5,46.107017833431534
dcs,0,5,46.1831654584658
dcs,0,5,45.70510207140069
dcs,0,5,44.77414952642193
dcs,0,5,48.548832287954546
dcs,0,5,46.572575053088656
dcs,0,5,47.23733080856422
dcs,0,5,48.971524638333015
dcs,0,5,50.90565192183207
dcs,0,5,46.69793931743688
dcs,0,5,48.76225497893066
dcs,0,5,49.8922246701508
dcs,0,5,45.94461655548024
dcs,0,5,48.692160456560785
dcs,0,5,46.28944229657619
dcs,0,5,45.74427789718101
dcs,0,5,46.9192493817011
dcs,0,5,47.55079588013405
dcs,0,5,49.42896101231463
dcs,0,5,45.880615086135215
dcs,0,5,47.140334858512745
dcs,0,5,47.991021017834434
dcs,0,5,44.44663629085727
dcs,0,5,46.61198089691657
dcs,0,5,44.242658746866304
dcs,0,5,43.395182824198024
dcs,0,5,46.190510287415805
dcs,0,5,46.62842118317258
dcs,0,5,45.99296043628186
dcs,0,5,49.08947946534643
dcs,0,5,46.85969130221669
dcs,0,5,46.33309685283049
dcs,0,5,48.203072982476165
dcs,0,5,46.71220545586208
dcs,0,5,41.49052865521708
dcs,0,5,52.068979326769856
dcs,0,5,52.5725990614845
dcs,0,5,53.85590815010619
dcs,0,5,52.29738628696509
dcs,0,5,55.28915778719529
dcs,0,5,57.741683493908226
dcs,0,5,60.41067617643522
dcs,0,5,60.386051075736525
dcs,0,5,62.31459213610969
dcs,0,5,57.89288604436123
dcs,0,5,57.653286676649635
dcs,0,5,58.88518028661314
dcs,0,5,56.57037375564022
dcs,0,5,62.397047297713456
dcs,0,5,59.88030702572629
dcs,0,5,63.3462946572701
dcs,0,5,62.99103334209839
dcs,0,5,63.30392856375655
dcs,0,5,64.786429489418
dcs,0,5,63.82381152335745
dcs,0,5,62.80451499216745
dcs,0,5,64.98080700368438
dcs,0,5,59.563742940117564
dcs,0,5,64.72870255976183
dcs,0,5,60.18594404528772
dcs,0,5,61.793722455805
dcs,0,5,61.88703126037738
dcs,0,5,63.42730992873
dcs,0,5,60.459895270440846
dcs,0,5,64.3285211088403
dcs,0,5,61.942157065742954
dcs,0,5,57.58807792609772
dcs,0,5,63.053738542936344
dcs,0,5,60.76573156053074
dcs,0,5,54.91719594747105
dcs,0,5,58.21662945294644
dcs,0,5,61.286450535585914
dcs,0,5,60.31084140258251
dcs,0,5,62.090985320784576
dcs,0,5,61.48892692068099
dcs,0,5,59.19930847740272
dcs,0,5,62.07442522105761
dcs,0,5,56.45931294333242
dcs,0,5,62.67066938532238
dcs,0,5,57.24925706917752
dcs,0,5,58.976585294300875
dcs,0,5,59.521926194005296
dcs,0,5,62.09466438810381
dcs,0,5,57.983132750615816
dcs,0,5,63.80864710872724
dcs,0,5,60.48290771700349
dcs,0,5,55.488574058072786
dcs,0,5,61.41222608397953
dcs,0,5,60.32169201265881
dcs,0,5,54.48805165985521
dcs,0,5,60.612777756678646
dcs,0,5,62.06477939425256
dcs,0,5,62.32465155988532
dcs,0,5,59.474412596777206
dcs,0,5,64.24466469371221
dcs,0,5,59.78127169691697
dcs,0,5,56.70822627316526
dcs,0,5,62.09702762655182
dcs,0,5,58.88340902904783
dcs,0,5,54.340594676027976
dcs,0,5,57.6757227140265
dcs,0,5,62.15641425014443
dcs,0,5,60.78487917415147
dcs,0,5,54.44126980686014
dcs,0,5,53.667394687093015
dcs,0,5,46.90675856358264
dcs,0,5,47.752835205537096
dcs,0,5,48.12625757932266
dcs,0,5,47.1834012503992
dcs,0,5,51.86329385078123
dcs,0,5,54.25199919543782
dcs,0,5,51.616236326884405
dcs,0,5,53.32532754115431
dcs,0,5,56.259548138675775
dcs,0,5,52.195982576223756
dcs,0,5,53.344766539786455
dcs,0,5,56.712163714742324
dcs,0,5,50.19931673180996
dcs,0,5,54.43491111360619
dcs,0,5,53.638173309016494
dcs,0,5,56.09076501023953
dcs,0,5,56.30883655282691
dcs,0,5,57.48029619307963
dcs,0,5,58.30124511597838
dcs,0,5,57.907858749696175
dcs,0,5,59.74051487173364
dcs,0,5,60.772743308538224
dcs,0,5,56.83000471556396
dcs,0,5,59.391786739500425
dcs,0,5,56.08226159048395
dcs,0,5,56.17894308266921
dcs,0,5,60.09295921179693
dcs,0,5,59.42335657919618
dcs,0,5,57.08445133716627
dcs,0,5,58.68357794386543
dcs,0,5,56.16011351371826
dcs,0,5,56.40598027806219
dcs,0,5,60.00469255378141
dcs,0,5,56.9237819297778
dcs,0,5,52.34861677010958
dcs,0,5,50.18512503844913
dcs,0,5,55.881882691415605
dcs,0,5,55.52870976250295
dcs,0,5,56.82351035197992
dcs,0,5,56.67819319676776
dcs,0,5,55.07845797758605
dcs,0,5,57.59534207253939
dcs,0,5,52.65241158896914
dcs,0,5,57.31584195851968
dcs,0,5,53.01709209560749
dcs,0,5,55.04627857734514
dcs,0,5,58.10321356800904
dcs,0,5,58.13930202637534
dcs,0,5,56.77394485300427
dcs,0,5,59.595578420437
dcs,0,5,56.98426409084219
dcs,0,5,55.220421347280976
dcs,0,5,59.39094194323131
dcs,0,5,57.688001982061124
dcs,0,5,51.19363070590744
dcs,0,5,52.017852638130194
dcs,0,5,55.919541379987905
dcs,0,5,56.61164811497779
dcs,0,5,55.57638020729739
dcs,0,5,58.56498101225669
dcs,0,5,54.30357882135938
dcs,0,5,54.216408627693795
dcs,0,5,59.01318752417769
dcs,0,5,54.88635026225213
dcs,0,5,48.93991701723485
dcs,0,5,55.90597762627806
dcs,0,5,56.66253598114439
dcs,0,5,55.15543824388674
dcs,0,5,49.90926247465755
dcs,0,5,49.61300472618091
dcs,0,5,47.8633940818085
dcs,0,5,55.50077672768579
dcs,0,5,55.56739531511484
dcs,0,5,55.81524192237298
dcs,0,5,55.50416169722308
dcs,0,5,56.91167030331839
dcs,0,5,58.72211075884078
dcs,0,5,55.981728120887055
dcs,0,5,58.978376590799826
dcs,0,5,56.365657964183924
dcs,0,5,57.59569764554645
dcs,0,5,59.363254306886724
dcs,0,5,58.9450437479239
dcs,0,5,59.81214025688401
dcs,0,5,60.30683867649247
dcs,0,5,60.79302780247449
dcs,0,5,57.09241629144302
dcs,0,5,60.40640206432058
dcs,0,5,60.94223429340928
dcs,0,5,52.644323011807735
dcs,0,5,60.03393379052951
dcs,0,5,62.671707799441336
dcs,0,5,62.40148063908923
dcs,0,5,63.142827009328634
dcs,0,5,67.27957475953626
dcs,0,5,64.76429083027118
dcs,0,5,61.377923064373455
dcs,0,5,66.39268110943956
dcs,0,5,64.42375848806604
dcs,0,5,58.43192152661498
dcs,0,5,60.14445296401272
dcs,0,5,64.31435171648504
dcs,0,5,65.20769664158395
dcs,0,5,57.51223537657008
dcs,0,5,55.29563469572672
dcs,0,5,54.435202166610715
dcs,0,5,57.67618703056592
dcs,0,5,57.50293449609219
dcs,0,5,60.34569604971607
dcs,0,5,65.51667357688336
dcs,0,5,62.58606535517025
dcs,0,5,60.07866347780471
dcs,0,5,65.23923073910771
dcs,0,5,62.06942272941138
dcs,0,5,55.14141602600784
dcs,0,5,58.11295700145457
dcs,0,5,61.31672180479221
dcs,0,5,61.91884257313951
dcs,0,5,52.794560334807166
dcs,0,5,53.2043339890028
dcs,0,5,55.684169371272496
dcs,0,5,59.352802705712975
dcs,0,5,63.02450371938578
dcs,0,5,56.67572859543314
dcs,0,5,55.49033803398472
dcs,0,5,54.58533706263603
dcs,0,6,34.10704124460599
dcs,0,6,34.47065813237802
dcs,0,6,33.66668166567761
dcs,0,6,35.00723802105315
dcs,0,6,37.650508159355915
dcs,0,6,40.39745473567943
dcs,0,6,39.128783948940224
dcs,0,6,39.2799141128447
dcs,0,6,44.26308058069647
dcs,0,6,37.62315854951958
dcs,0,6,38.778253619401895
dcs,0,6,40.63613729597147
dcs,0,6,34.84694425844901
dcs,0,6,38.543614804786266
dcs,0,6,36.99989784415493
dcs,0,6,44.43210728917996
dcs,0,6,43.437302938100856
dcs,0,6,46.36175615723405
dcs,0,6,47.73792365779188
dcs,0,6,44.8250621520367
dcs,0,6,47.25948275773428
dcs,0,6,48.22836835249599
dcs,0,6,41.64087243115585
dcs,0,6,45.58960432310197
dcs,0,6,42.82068439761481
dcs,0,6,42.6498201255648
dcs,0,6,46.288218243155434
dcs,0,6,46.74206883669584
dcs,0,6,44.75733778919011
dcs,0,6,46.51885976862547
dcs,0,6,45.0972184080705
dcs,0,6,45.21952274693943
dcs,0,6,46.76121939501781
dcs,0,6,47.255294234564126
dcs,0,6,37.47364023104312
dcs,0,6,39.77471988980136
dcs,0,6,42.87266606988073
dcs,0,6,42.325870610264296
dcs,0,6,45.46652612516597
dcs,0,6,45.021740800701075
dcs,0,6,43.24593926010173
dcs,0,6,46.87913465348334
dcs,0,6,42.652272251002465
dcs,0,6,45.87943725649931
dcs,0,6,41.17367841330288
dcs,0,6,43.11689845163265
dcs,0,6,45.39055581852108
dcs,0,6,46.62618395184779
dcs,0,6,44.6688027033705
dcs,0,6,48.97670180707438
dcs,0,6,44.73705739989301
dcs,0,6,44.430810735759124
dcs,0,6,47.16503702298536
dcs,0,6,46.61082344249074
dcs,0,6,39.13180729627309
dcs,0,6,40.18775678340112
dcs,0,6,45.32203746437926
dcs,0,6,45.15762202180015
dcs,0,6,42.47495659779726
dcs,0,6,46.398381993973054
dcs,0,6,40.76581132118054
dcs,0,6,41.7508688274421
dcs,0,6,44.79110673684205
dcs,0,6,42.99429376427646
dcs,0,6,39.29169537135642
dcs,0,6,38.106609219140125
dcs,0,6,41.37331301814661
dcs,0,6,41.96042918633594
dcs,0,6,36.70247947613965
dcs,0,6,38.63608844186508
dcs,0,6,48.289500131224244
dcs,0,6,53.26593348760768
dcs,0,6,52.16802576453688
dcs,0,6,53.66079480847436
dcs,0,6,53.64317280799022
dcs,0,6,52.0251377084791
dcs,0,6,55.76443341122989
dcs,0,6,51.23247765074935
dcs,0,6,56.677235144169735
dcs,0,6,52.328503799371376
dcs,0,6,53.983826498605836
dcs,0,6,56.424529682541404
dcs,0,6,57.86470081665157
dcs,0,6,57.007215936664174
dcs,0,6,60.649696011208235
dcs,0,6,60.06812570894192
dcs,0,6,53.754158969085424
dcs,0,6,56.1073505736797
dcs,0,6,57.642471329773265
dcs,0,6,52.557382079516096
dcs,0,6,60.8574142510376
dcs,0,6,61.4839895914507
dcs,0,6,62.609014896617985
dcs,0,6,59.357147057441765
dcs,0,6,64.28682133434907
dcs,0,6,60.61674422269927
dcs,0,6,56.372641511115134
dcs,0,6,62.73230105335603
dcs,0,6,60.437842357324364
dcs,0,6,54.91281093539794
dcs,0,6,56.350522427112764
dcs,0,6,61.627841571085085
dcs,0,6,60.61601318283455
dcs,0,6,55.317014824584
dcs,0,6,54.118966846635395
dcs,0,6,56.866580057956476
dcs,0,6,58.599287259277325
dcs,0,6,57.80412355586741
dcs,0,6,56.565376596537554
dcs,0,6,63.497030743926494
dcs,0,6,58.23512224299666
dcs,0,6,55.64457344491934
dcs,0,6,61.7860977719591
dcs,0,6,55.797851337771945
dcs,0,6,53.574098692149
dcs,0,6,52.789053527290704
dcs,0,6,57.41306379700518
dcs,0,6,59.638430433169844
dcs,0,6,53.48283941097264
dcs,0,6,52.86535045719643
dcs,0,6,54.928632544718425
dcs,0,6,60.63927957186919
dcs,0,6,59.40936312219458
dcs,0,6,54.57342347391965
dcs,0,6,51.9937670985622
dcs,0,6,48.24036237395132
dcs,0,6,37.35502629601599
dcs,0,6,44.98564549279048
dcs,0,6,46.00034116141428
dcs,0,6,47.339724002756434
dcs,0,6,47.01831433240007
dcs,0,6,46.02382245377732
dcs,0,6,49.929088220771696
dcs,0,6,45.21015564657209
dcs,0,6,49.61694001738998
dcs,0,6,47.107795884881
dcs,0,6,49.19128899463825
dcs,0,6,53.467678869047724
dcs,0,6,53.976276346834844
dcs,0,6,49.286844026260255
dcs,0,6,52.477849068926446
dcs,0,6,52.836312088291834
dcs,0,6,48.72909504198659
dcs,0,6,54.06712652787477
dcs,0,6,53.175499945384026
dcs,0,6,45.853478346160166
dcs,0,6,50.487910326895395
dcs,0,6,55.15645739322919
dcs,0,6,55.69528085870329
dcs,0,6,54.49846608509233
dcs,0,6,57.290608148278
dcs,0,6,54.93471591938755
dcs,0,6,55.27373484337856
dcs,0,6,58.18558661209098
dcs,0,6,57.14413398776178
dcs,0,6,50.31904463045073
dcs,0,6,54.37284826329441
dcs,0,6,55.817087395460916
dcs,0,6,55.8628446396611
dcs,0,6,49.853436648436784
dcs,0,6,49.745559619388466
dcs,0,6,47.4152044491884
dcs,0,6,51.56039727498988
dcs,0,6,50.72481664951111
dcs,0,6,53.03471823199334
dcs,0,6,58.46639143428687
dcs,0,6,52.42976466554939
dcs,0,6,51.78481983421239
dcs,0,6,56.515374737282436
dcs,0,6,52.81263984605565
dcs,0,6,47.371362931275016
dcs,0,6,54.19702177006038
dcs,0,6,55.45617581505821
dcs,0,6,56.28611887343691
dcs,0,6,48.8667986741559
dcs,0,6,49.96185853836802
dcs,0,6,48.91871789032711
dcs,0,6,52.35501478952341
dcs,0,6,53.22296545185514
dcs,0,6,48.062678754175415
dcs,0,6,46.17365620538674
dcs,0,6,48.7796054214091
dcs,0,6,45.0932203308822
dcs,0,6,48.765894076277384
dcs,0,6,47.990465828965185
dcs,0,6,52.790075868256324
dcs,0,6,55.851055010240955
dcs,0,6,54.757593565643035
dcs,0,6,52.839074542436315
dcs,0,6,57.18058564118393
dcs,0,6,55.626200584961076
dcs,0,6,46.702659556717165
dcs,0,6,53.4667923273246
dcs,0,6,57.19293961663635
dcs,0,6,59.79416743276568
dcs,0,6,52.217521167076406
dcs,0,6,53.096692448364195
dcs,0,6,55.71945209007543
dcs,0,6,59.64486707485367
dcs,0,6,62.10769530035111
dcs,0,6,55.96908979635564
dcs,0,6,54.38952750549736
dcs,0,6,54.38571153607194
dcs,0,6,51.42489155886346
dcs,0,6,55.08265500259402
dcs,0,6,58.67677604029251
dcs,0,6,52.53150648027269
dcs,0,6,52.59530625388636
dcs,0,6,52.840322356299744
dcs,0,6,51.60872436216244
drop,1,0,71.1078464158307
drop,1,1,68.38013093714464
drop,1,1,65.35110330115097
drop,1,1,70.33178794658235
drop,1,1,67.82300362149253
drop,1,1,71.45055254548137
drop,1,1,70.28572345741036
drop,1,1,70.159868068954
drop,1,1,69.93968156189199
drop,1,1,70.89562489713737
drop,1,1,69.87872781583788
drop,1,2,54.3241833098452
drop,1,2,66.50979268737466
drop,1,2,65.36235107926339
drop,1,2,64.92555276047358
drop,1,2,67.77441241717908
drop,1,2,67.54030792991453
drop,1,2,65.20407514047326
drop,1,2,68.31270045063643
drop,1,2,68.78835390867144
drop,1,2,63.41204352953283
drop,1,2,61.466081713199344
drop,1,2,64.63121109056917
drop,1,2,65.60426877101114
drop,1,2,63.71912164321244
drop,1,2,64.59703500996842
drop,1,2,67.08096518645513
drop,1,2,63.648812828827865
drop,1,2,62.36617672199073
drop,1,2,69.69806592742584
drop,1,2,69.08358335683688
drop,1,2,68.55994914015044
drop,1,2,69.04737759191076
drop,1,2,70.419390408484
drop,1,2,68.38253815223075
drop,1,2,63.98960988584166
drop,1,2,65.95322440757474
drop,1,2,66.17714761235341
drop,1,2,65.3795407525859
drop,1,2,68.14793950408271
drop,1,2,67.87289791960832
drop,1,2,69.99602789960906
drop,1,2,70.65497581390382
drop,1,2,70.01352629683467
drop,1,2,71.81926530906742
drop,1,2,69.85307032933058
drop,1,2,65.377966695321
drop,1,2,68.1953780049038
drop,1,2,70.25625944877484
drop,1,2,68.82346708750755
drop,1,2,66.9600035508638
drop,1,2,69.49552114118052
drop,1,2,67.28828855473769
drop,1,2,70.62723237725405
drop,1,2,69.40678330604776
drop,1,2,67.92694019201346
drop,1,3,49.18155148314093
drop,1,3,51.057678822845794
drop,1,3,48.58309394910806
drop,1,3,53.67838714802057
drop,1,3,52.67220624358157
drop,1,3,50.451150752326804
drop,1,3,53.03844376426252
drop,1,3,54.78143304526958
drop,1,3,56.020510367655596
drop,1,3,62.046454207382155
drop,1,3,65.38834864763471
drop,1,3,65.82940025117712
drop,1,3,64.34336233306956
drop,1,3,65.54571821236674
drop,1,3,66.53766222878389
drop,1,3,59.101510708356315
drop,1,3,64.98220983996275
drop,1,3,64.49839969600237
drop,1,3,63.175495003414106
drop,1,3,65.13808933824262
drop,1,3,65.54128378556942
drop,1,3,63.64981870802759
drop,1,3,64.59629055272895
drop,1,3,64.19226499627477
drop,1,3,64.10538429921306
drop,1,3,64.33778457664118
drop,1,3,64.52116420060655
drop,1,3,65.08001338640751
drop,1,3,67.4405515605421
drop,1,3,68.72418858465832
drop,1,3,63.465681298033196
drop,1,3,66.93743890263598
drop,1,3,66.83971024934378
drop,1,3,64.24102875265679
drop,1,3,65.9064907597159
drop,1,3,64.54155950776519
drop,1,3,53.09284603948475
drop,1,3,62.17261667023515
drop,1,3,62.76952940983206
drop,1,3,60.63435450492478
drop,1,3,60.39697445239951
drop,1,3,62.33216499082666
drop,1,3,60.18107828127334
drop,1,3,55.558133820306345
drop,1,3,60.01824954368043
drop,1,3,60.15977885578155
drop,1,3,59.60424183201295
drop,1,3,62.85536630521606
drop,1,3,61.01689162006953
drop,1,3,63.396246065045204
drop,1,3,62.88684731221831
drop,1,3,64.47498956863897
drop,1,3,65.55977258433167
drop,1,3,62.999314379287966
drop,1,3,62.37405451184911
drop,1,3,64.13996255258665
drop,1,3,66.80866594492188
drop,1,3,64.2642742868362
drop,1,3,63.1964485432783
drop,1,3,64.37797387733296
drop,1,3,60.80950927857197
drop,1,3,65.70591170260944
drop,1,3,64.07546377447956
drop,1,3,63.96486361255446
drop,1,3,49.3576371839216
drop,1,3,60.73734748882615
drop,1,3,60.44384765412404
drop,1,3,58.64683003419841
drop,1,3,62.493939655599334
drop,1,3,61.69322344803323
drop,1,3,68.1632947781272
drop,1,3,68.68835091401652
drop,1,3,67.55926504521642
drop,1,3,69.57468306850471
drop,1,3,68.95149765101816
drop,1,3,65.24236131219068
drop,1,3,66.7461391405233
drop,1,3,69.47467069302982
drop,1,3,68.318811984458
drop,1,3,65.7148998922349
drop,1,3,68.35871472012606
drop,1,3,65.23565693559793
drop,1,3,67.94130209534005
drop,1,3,67.28665465772757
drop,1,3,65.47045303766957
drop,1,3,62.37328128333273
drop,1,3,61.12165164224975
drop,1,3,62.730162797997636
drop,1,3,65.42751255192512
drop,1,3,63.23215065859282
drop,1,3,62.10553038176028
drop,1,3,64.59559487454024
drop,1,3,66.57382461467753
drop,1,3,66.26584496983408
drop,1,3,63.528720884552946
drop,1,3,67.12651167757454
drop,1,3,65.88228122950385
drop,1,3,65.69680371496628
drop,1,3,65.9976426578497
drop,1,3,65.45199303865687
drop,1,3,64.8157178912517
drop,1,3,67.78858206889718
drop,1,3,69.28163917129766
drop,1,3,68.9178634152981
drop,1,3,68.56952105447765
drop,1,3,70.39360445659075
drop,1,3,68.56622158874737
drop,1,3,70.34053582729831
drop,1,3,69.89792614122749
drop,1,3,67.62217806721642
drop,1,3,62.736092670961185
drop,1,3,64.99762438852831
drop,1,3,63.024401838035566
drop,1,3,67.33854909566924
drop,1,3,66.07338935037264
drop,1,3,66.33920549111293
drop,1,3,65.75091322084388
drop,1,3,66.86225421207557
drop,1,3,65.1809462870548
drop,1,3,57.84142593415157
drop,1,4,39.183030743501924
drop,1,4,45.79169112876458
drop,1,4,47.38417339810588
drop,1,4,48.11508203582431
drop,1,4,48.10433000114738
drop,1,4,48.37700713063394
drop,1,4,50.170775481761964
drop,1,4,40.89877360516716
drop,1,4,51.293318647001605
drop,1,4,50.7424377254535
drop,1,4,47.85411961131481
drop,1,4,51.24564743527865
drop,1,4,52.9550693376244
drop,1,4,46.72234792391111
drop,1,4,47.365883405948686
drop,1,4,45.890026804814134
drop,1,4,47.958943779178064
drop,1,4,49.10525166888362
drop,1,4,49.308030991274414
drop,1,4,50.54349463046252
drop,1,4,50.54330680769254
drop,1,4,52.51135965614361
drop,1,4,47.19789925793537
drop,1,4,49.89107905963193
drop,1,4,52.04809752652947
drop,1,4,44.98156155750809
drop,1,4,50.55863284365014
drop,1,4,48.82302454930289
drop,1,4,37.837101537995785
drop,1,4,53.98367215351318
drop,1,4,53.700017552405704
drop,1,4,52.32631969717886
drop,1,4,54.76642046054571
drop,1,4,56.14510499545428
drop,1,4,60.51923334856664
drop,1,4,61.343153586821295
drop,1,4,60.995986811490035
drop,1,4,58.946351091221366
drop,1,4,61.206956924730264
drop,1,4,60.41708838477334
drop,1,4,63.5807476590557
drop,1,4,66.35133134340786
drop,1,4,65.92329246161879
drop,1,4,62.40364295087709
drop,1,4,64.02324442507107
drop,1,4,63.86786068426436
drop,1,4,62.532558012384094
drop,1,4,63.36451451884467
drop,1,4,61.50139127391068
drop,1,4,55.79470029583921
drop,1,4,58.775033211911065
drop,1,4,57.11257094243235
drop,1,4,57.48453962810413
drop,1,4,58.81041401122043
drop,1,4,61.137510219119676
drop,1,4,61.38640492911549
drop,1,4,64.23937211315675
drop,1,4,64.68255003751473
drop,1,4,61.47756654629633
drop,1,4,63.785643095381694
drop,1,4,64.71222296024692
drop,1,4,61.28412314587824
drop,1,4,63.40656036451884
drop,1,4,62.45459946400104
drop,1,4,59.68787053248092
drop,1,4,60.625008391538714
drop,1,4,62.144691060009905
drop,1,4,63.025687417684594
drop,1,4,61.31139699249435
drop,1,4,62.856360606187266
drop,1,4,62.43157132806384
drop,1,4,61.3791407312177
drop,1,4,63.2506820240696
drop,1,4,60.81008858072245
drop,1,4,60.01302972381118
drop,1,4,63.41388264158912
drop,1,4,62.62401110870858
drop,1,4,60.30502779653347
drop,1,4,63.938811021948545
drop,1,4,63.554449295106835
drop,1,4,59.90805742696872
drop,1,4,62.10823585694051
drop,1,4,62.164450640225255
drop,1,4,49.677438647290124
drop,1,4,37.29494598358423
drop,1,4,53.12380181937133
drop,1,4,50.56199644281941
drop,1,4,47.24829482614799
drop,1,4,52.68762902826279
drop,1,4,51.809164976047775
drop,1,4,60.12920452644505
drop,1,4,59.234724257780954
drop,1,4,60.724319853243024
drop,1,4,62.06632555120382
drop,1,4,59.384733531830925
drop,1,4,58.5952520658305
drop,1,4,59.406839100233505
drop,1,4,61.802426555705594
drop,1,4,60.57271346623001
drop,1,4,57.47100793118435
drop,1,4,60.08132638518032
drop,1,4,57.07189127206163
drop,1,4,59.17570155417566
drop,1,4,58.96380339424024
drop,1,4,58.23657156476316
drop,1,4,50.06095333317536
drop,1,4,50.932288684698854
drop,1,4,53.484386613356584
drop,1,4,56.133926448612726
drop,1,4,54.624831093786156
drop,1,4,58.283764901526396
drop,1,4,58.098542753907495
drop,1,4,62.09530423436887
drop,1,4,60.46376153718923
drop,1,4,57.471916805657585
drop,1,4,59.931519269129794
drop,1,4,58.36462773807195
drop,1,4,59.89924369215452
drop,1,4,60.22044690327697
drop,1,4,59.97371421394234
drop,1,4,57.31912389702956
drop,1,4,61.07473222775458
drop,1,4,62.96503280456001
drop,1,4,62.22315404203608
drop,1,4,60.6827741140883
drop,1,4,62.86634170274384
drop,1,4,60.153691318618876
drop,1,4,63.42367665274442
drop,1,4,62.35727098256769
drop,1,4,62.20650611037231
drop,1,4,57.693931510284976
drop,1,4,61.732656560342875
drop,1,4,57.92816912505951
drop,1,4,60.856460192313875
drop,1,4,60.13836969560862
drop,1,4,62.38638482465676
drop,1,4,59.93227048489627
drop,1,4,60.75113862864453
drop,1,4,60.48999703947752
drop,1,4,48.99289267604139
drop,1,4,41.53916072105259
drop,1,4,41.008324583759595
drop,1,4,46.939003987802394
drop,1,4,49.29836733318973
drop,1,4,49.664647863869746
drop,1,4,56.82377180643135
drop,1,4,57.97564112058488
drop,1,4,60.051839028539106
drop,1,4,59.95960034156695
drop,1,4,56.125876662600454
drop,1,4,58.4133207313977
drop,1,4,59.26217689723633
drop,1,4,56.87424924811546
drop,1,4,58.470808559387926
drop,1,4,57.566407939269844
drop,1,4,63.27256788147417
drop,1,4,64.84531359829836
drop,1,4,67.87325574058524
drop,1,4,69.58421157993413
drop,1,4,65.16869803773696
drop,1,4,68.34080578455439
drop,1,4,66.3436633786408
drop,1,4,67.24843989783643
drop,1,4,67.59432297898816
drop,1,4,64.70974876897783
drop,1,4,60.943799864464424
drop,1,4,64.64903882015402
drop,1,4,62.69256287865898
drop,1,4,66.55022798231694
drop,1,4,63.693152859554026
drop,1,4,64.50901564120797
drop,1,4,62.27114449737856
drop,1,4,63.83466712988003
drop,1,4,62.39212611661818
drop,1,4,54.70858467783023
drop,1,4,52.10625873722505
drop,1,4,59.58731959688252
drop,1,4,63.18363490306486
drop,1,4,60.92797536810792
drop,1,4,59.21683919081584
drop,1,4,63.50657477096859
drop,1,4,60.141321788477946
drop,1,4,64.63409896218151
drop,1,4,62.46339290524047
drop,1,4,62.907586453606164
drop,1,4,59.94039274546439
drop,1,4,60.98407747392992
drop,1,4,60.64244332882322
drop,1,4,63.33517914285646
drop,1,4,62.556716198930744
drop,1,4,64.57119032782349
drop,1,4,62.89000735273965
drop,1,4,62.09537837043223
drop,1,4,63.0250322550312
drop,1,4,56.206816733933444
drop,1,4,60.30686661801634
drop,1,4,63.220743790176414
drop,1,4,62.30887857427769
drop,1,4,66.44448721015166
drop,1,4,65.88229892480345
drop,1,4,65.48607041012777
drop,1,4,66.34202484262543
drop,1,4,67.5090831125697
drop,1,4,62.36165018037248
drop,1,4,55.51125157712225
drop,1,4,51.90214273258498
drop,1,4,59.67013635152847
drop,1,4,61.25764787850752
drop,1,4,46.78448168095819
drop,1,4,55.17459494296101
drop,1,5,17.71695190782005
drop,1,5,38.049812774053855
drop,1,5,37.16803722068795
drop,1,5,36.88382918556226
drop,1,5,38.383850148190795
drop,1,5,38.78748092703048
drop,1,5,43.50673262989801
drop,1,5,40.64464697474086
drop,1,5,44.795459223340934
drop,1,5,45.04855826924398
drop,1,5,44.51028977980339
drop,1,5,41.24674684161219
drop,1,5,45.5082630285624
drop,1,5,46.38797002280434
drop,1,5,50.044064220925144
drop,1,5,44.225884304759894
drop,1,5,47.311937914785
drop,1,5,46.61709858053147
drop,1,5,44.246405798664284
drop,1,5,48.06271333496138
drop,1,5,46.10458331634916
drop,1,5,38.03854084780394
drop,1,5,37.12317605879269
drop,1,5,39.605737197600035
drop,1,5,41.92771661157186
drop,1,5,40.184545661377804
drop,1,5,47.824450670137274
drop,1,5,46.97689156426191
drop,1,5,48.74597829778109
drop,1,5,51.84155193773135
drop,1,5,45.16530673495574
drop,1,5,48.69516033866446
drop,1,5,51.44967204765661
drop,1,5,42.42544921203454
drop,1,5,47.59798524696658
drop,1,5,45.75405242258563
drop,1,5,40.66087674366828
drop,1,5,42.05052476655776
drop,1,5,45.255377371235745
drop,1,5,46.468744816073674
drop,1,5,42.998024467120935
drop,1,5,48.2410095449926
drop,1,5,45.99137053256588
drop,1,5,44.889670440902584
drop,1,5,44.690650473002556
drop,1,5,46.80565348721279
drop,1,5,43.14384788745573
drop,1,5,46.8857621110307
drop,1,5,48.5633010792845
drop,1,5,38.83650794468216
drop,1,5,43.80105648975073
drop,1,5,42.94869572711456
drop,1,5,40.847798963927175
drop,1,5,46.321237480510845
drop,1,5,47.333538745475714
drop,1,5,28.08708178467064
drop,1,5,32.38336252578007
drop,1,5,28.81942800570896
drop,1,5,32.78919442682642
drop,1,5,36.055947357248996
drop,1,5,38.43995927445203
drop,1,5,50.14954905766433
drop,1,5,49.97979025855684
drop,1,5,53.679444947584386
drop,1,5,53.31714600276903
drop,1,5,49.50773931584793
drop,1,5,52.2875418798423
drop,1,5,53.25379160624103
drop,1,5,50.31575442406548
drop,1,5,53.13411722803199
drop,1,5,47.2720509139541
drop,1,5,55.406081564820056
drop,1,5,58.520942230329815
drop,1,5,58.81987074739789
drop,1,5,59.422017631384165
drop,1,5,57.68371494676614
drop,1,5,58.792604084795116
drop,1,5,58.62146171514233
drop,1,5,58.66942573572156
drop,1,5,60.73813727547497
drop,1,5,55.81977857030727
drop,1,5,57.28508790098033
drop,1,5,60.579508116605055
drop,1,5,58.36204448663786
drop,1,5,60.191938517262656
drop,1,5,61.669945599660764
drop,1,5,60.71151540340326
drop,1,5,58.42526295869053
drop,1,5,59.36175216182654
drop,1,5,58.148778047297405
drop,1,5,50.1752060415812
drop,1,5,53.77046121723593
drop,1,5,51.69469010112219
drop,1,5,55.06633217247474
drop,1,5,56.03305087235149
drop,1,5,54.55878742470213
drop,1,5,56.679220097168944
drop,1,5,58.71880266332766
drop,1,5,55.110622524343775
drop,1,5,57.640961729447945
drop,1,5,55.01721015487941
drop,1,5,57.13984767530621
drop,1,5,60.123188412820625
drop,1,5,60.29867071832454
drop,1,5,57.20414709882383
drop,1,5,59.82330155682914
drop,1,5,59.918016650146754
drop,1,5,56.8372441191737
drop,1,5,59.55314428467073
drop,1,5,60.46485323094676
drop,1,5,46.102726393818315
drop,1,5,54.48884743645467
drop,1,5,58.6185757441113
drop,1,5,55.74107661494146
drop,1,5,56.45967351455765
drop,1,5,58.14409047591926
drop,1,5,60.18542191000854
drop,1,5,56.89830806107277
drop,1,5,60.569692818106034
drop,1,5,55.9443595597056
drop,1,5,47.80903433111566
drop,1,5,47.091184092918176
drop,1,5,57.34707695685531
drop,1,5,59.10636049475408
drop,1,5,28.084486456699246
drop,1,5,40.64654953007862
drop,1,5,31.68586699772668
drop,1,5,32.055407899166745
drop,1,5,35.835425988644346
drop,1,5,36.51953605493028
drop,1,5,35.67013396967313
drop,1,5,48.52858259847178
drop,1,5,47.02203705126878
drop,1,5,52.935711396522315
drop,1,5,52.00041335145913
drop,1,5,45.24167002835526
drop,1,5,49.052968871605266
drop,1,5,49.220723026542544
drop,1,5,47.01482966931536
drop,1,5,46.795438422397005
drop,1,5,46.985629283846826
drop,1,5,53.08208218051918
drop,1,5,57.908182876767604
drop,1,5,61.14740084414786
drop,1,5,58.97946316578092
drop,1,5,55.783312392490764
drop,1,5,58.954505024085265
drop,1,5,55.18002605645704
drop,1,5,58.50282363123551
drop,1,5,60.16948151330214
drop,1,5,58.2345427608001
drop,1,5,55.02192295452837
drop,1,5,57.85128914572156
drop,1,5,55.854302627516184
drop,1,5,58.799550857537646
drop,1,5,58.48477620812186
drop,1,5,58.31864001598974
drop,1,5,55.404909245600116
drop,1,5,55.29165400118866
drop,1,5,54.38484735446953
drop,1,5,47.52605649477227
drop,1,5,44.38809829615318
drop,1,5,48.30647025606959
drop,1,5,52.64533086757128
drop,1,5,51.43928907298473
drop,1,5,49.616447287302115
drop,1,5,53.42258107209797
drop,1,5,50.9665227709267
drop,1,5,56.76291659058605
drop,1,5,54.79686978558258
drop,1,5,53.826264724394925
drop,1,5,54.29608276084868
drop,1,5,58.39578056217395
drop,1,5,56.88306191570058
drop,1,5,57.8569961408249
drop,1,5,56.399178127883445
drop,1,5,60.31497640885323
drop,1,5,56.39897247649201
drop,1,5,57.16399616688296
drop,1,5,58.21661381134049
drop,1,5,49.58498710696376
drop,1,5,52.607105432429535
drop,1,5,57.045473152103796
drop,1,5,52.71163735369207
drop,1,5,57.50195145027699
drop,1,5,59.395415356548305
drop,1,5,61.8144231673681
drop,1,5,58.76415666004399
drop,1,5,59.06367855854307
drop,1,5,56.85446090958623
drop,1,5,45.669754229650906
drop,1,5,44.027151599481506
drop,1,5,53.325086052580765
drop,1,5,57.91511548298511
drop,1,5,38.69965081434124
drop,1,5,45.981081785522136
drop,1,5,27.73897227885249
drop,1,5,39.1108509907725
drop,1,5,41.633517043665655
drop,1,5,41.56099735948413
drop,1,5,37.57328253675953
drop,1,5,40.96572105335132
drop,1,5,42.8802944701825
drop,1,5,45.22179156962846
drop,1,5,46.798564637565654
drop,1,5,42.68082389742077
drop,1,5,53.226570210306875
drop,1,5,54.10988273808057
drop,1,5,55.88084808230214
drop,1,5,55.747221739157226
drop,1,5,54.35653471854023
drop,1,5,55.56322654911973
drop,1,5,51.248581945443426
drop,1,5,54.48229424699866
drop,1,5,54.00492479699056
drop,1,5,39.306403893861635
drop,1,5,58.311088398028446
drop,1,5,61.19083187958957
drop,1,5,61.97540909243548
drop,1,5,64.76839210460284
drop,1,5,63.458879760719014
drop,1,5,64.15779529274569
drop,1,5,62.578954684749085
drop,1,5,64.00859119541292
drop,1,5,60.222607969039935
drop,1,5,52.70853379988923
drop,1,5,50.45658395854325
drop,1,5,57.50033807171992
drop,1,5,59.61617428310491
drop,1,5,44.676526501503595
drop,1,5,48.90952048277633
drop,1,5,45.52347787063783
drop,1,5,52.06369823427736
drop,1,5,51.04110049915631
drop,1,5,59.04804282869935
drop,1,5,57.791817390231905
drop,1,5,59.31280501303963
drop,1,5,60.543827431376535
drop,1,5,59.4045778480541
drop,1,5,57.000914250379246
drop,1,5,51.42161593794655
drop,1,5,49.10978649463995
drop,1,5,57.66143905986958
drop,1,5,57.016818727795055
drop,1,5,45.11007273882837
drop,1,5,51.79620641517003
drop,1,5,49.225387828424
drop,1,5,57.49006941594046
drop,1,5,57.51355804003821
drop,1,5,40.578214479568715
drop,1,5,48.87987244660694
drop,1,5,35.6989918774127
drop,1,6,15.821947720796132
drop,1,6,17.188071941074288
drop,1,6,15.699098382150327
drop,1,6,16.29190777017756
drop,1,6,15.915357809468631
drop,1,6,34.07779693825191
drop,1,6,33.415231315858065
drop,1,6,36.0140632457866
drop,1,6,35.52381476448783
drop,1,6,34.90685556756704
drop,1,6,36.30828409604763
drop,1,6,37.007528953822565
drop,1,6,34.98928534321126
drop,1,6,38.54570666455384
drop,1,6,30.255637127174488
drop,1,6,32.80846570715209
drop,1,6,39.50427378189205
drop,1,6,43.82664933841953
drop,1,6,42.79939373126643
drop,1,6,36.96810156582296
drop,1,6,42.900214426164766
drop,1,6,38.11170536777432
drop,1,6,43.833569168257554
drop,1,6,44.551648753809324
drop,1,6,44.59468738260473
drop,1,6,35.76892562494133
drop,1,6,41.811735980336366
drop,1,6,41.78757612724417
drop,1,6,41.20960142675268
drop,1,6,41.75142851789455
drop,1,6,42.056725042298304
drop,1,6,39.813040698733325
drop,1,6,41.67503016079781
drop,1,6,42.348349623203376
drop,1,6,33.50543655254606
drop,1,6,29.51690786690363
drop,1,6,33.48776216604454
drop,1,6,38.01624129529405
drop,1,6,37.48769716216366
drop,1,6,34.03698794696898
drop,1,6,38.082977166081214
drop,1,6,35.92244457666984
drop,1,6,37.33105819447269
drop,1,6,38.57773252346751
drop,1,6,39.845540694835144
drop,1,6,42.40613267442959
drop,1,6,45.86789557553719
drop,1,6,46.01506661457381
drop,1,6,37.46142245864579
drop,1,6,42.90306113428187
drop,1,6,39.68681341157461
drop,1,6,36.965930545237434
drop,1,6,44.14043529377206
drop,1,6,44.1168791821538
drop,1,6,29.288107697085817
drop,1,6,35.19108605105389
drop,1,6,42.48244109558792
drop,1,6,37.30501929571311
drop,1,6,36.55135418339821
drop,1,6,36.722935613585214
drop,1,6,44.359178205676436
drop,1,6,41.36322981399701
drop,1,6,41.3757968437501
drop,1,6,45.318081223108884
drop,1,6,27.52771048637422
drop,1,6,28.893107292437325
drop,1,6,38.53775608125316
drop,1,6,39.99510952546046
drop,1,6,13.842368512316906
drop,1,6,21.856974197278948
drop,1,6,21.226701885978176
drop,1,6,28.953622812802838
drop,1,6,33.75941994114329
drop,1,6,32.60101402350532
drop,1,6,22.07713881977971
drop,1,6,25.591432567702736
drop,1,6,29.56917785881501
drop,1,6,32.33423268260572
drop,1,6,32.35586999345646
drop,1,6,31.233827828736107
drop,1,6,46.326268197804396
drop,1,6,48.57759828352501
drop,1,6,49.140115664570956
drop,1,6,48.41922509008791
drop,1,6,47.48604803282647
drop,1,6,44.48751384889588
drop,1,6,45.34803185703201
drop,1,6,47.90619608494149
drop,1,6,44.4515704793749
drop,1,6,32.31279417819546
drop,1,6,49.30035785004717
drop,1,6,53.962218305872184
drop,1,6,52.152034432885465
drop,1,6,55.54138421653342
drop,1,6,55.82410482205478
drop,1,6,54.11160256099537
drop,1,6,53.94376982642441
drop,1,6,55.71261378134896
drop,1,6,51.71865189971818
drop,1,6,43.54128007842303
drop,1,6,46.504428004050986
drop,1,6,52.32328121241606
drop,1,6,55.42306252551276
drop,1,6,29.70577047631728
drop,1,6,41.51412476456808
drop,1,6,45.778502528475336
drop,1,6,52.53123913592096
drop,1,6,53.228216879841284
drop,1,6,49.62172544621226
drop,1,6,52.44179540130212
drop,1,6,53.41012019275996
drop,1,6,50.71563598451049
drop,1,6,54.948037667536916
drop,1,6,52.82189264441272
drop,1,6,38.48425321521421
drop,1,6,45.21790415518497
drop,1,6,54.73626091009565
drop,1,6,56.95223524483135
drop,1,6,23.77069503403191
drop,1,6,40.260142648254764
drop,1,6,43.85429976353958
drop,1,6,48.89933064537642
drop,1,6,50.89126554258648
drop,1,6,27.826768763070483
drop,1,6,36.485308429914504
drop,1,6,9.84970429308952
drop,1,6,23.35281508482217
drop,1,6,26.09429540230685
drop,1,6,31.907740609967384
drop,1,6,31.28227205222395
drop,1,6,29.90890771893989
drop,1,6,30.58253246247148
drop,1,6,29.970182531424083
drop,1,6,32.366425646195815
drop,1,6,32.67315115193632
drop,1,6,34.7026456771973
drop,1,6,43.4554799821842
drop,1,6,47.53144834742773
drop,1,6,48.20262373166623
drop,1,6,46.1742678627261
drop,1,6,45.16490944556462
drop,1,6,46.9295345296789
drop,1,6,43.11720797994572
drop,1,6,43.22971707584758
drop,1,6,44.971496071500574
drop,1,6,33.02877261569608
drop,1,6,47.5361518572588
drop,1,6,53.859904752998055
drop,1,6,50.031103601226036
drop,1,6,58.50832330397842
drop,1,6,57.48277324787977
drop,1,6,58.00012170623437
drop,1,6,52.497903557136496
drop,1,6,52.50468824689673
drop,1,6,51.63552235056096
drop,1,6,43.28472122390947
drop,1,6,41.38921575746393
drop,1,6,51.26011965387358
drop,1,6,52.396138459822694
drop,1,6,36.31091633302023
drop,1,6,41.36118780735068
drop,1,6,38.5044304900307
drop,1,6,44.21295207003515
drop,1,6,43.57576573467792
drop,1,6,52.30228375267207
drop,1,6,47.93155844774942
drop,1,6,50.86341260493152
drop,1,6,50.40187352063099
drop,1,6,50.18828734927444
drop,1,6,47.56731162566697
drop,1,6,45.0716309005874
drop,1,6,42.86479372969592
drop,1,6,51.472045959308
drop,1,6,55.609066961556174
drop,1,6,40.81730927372512
drop,1,6,44.92822678706608
drop,1,6,37.52761484020177
drop,1,6,46.35716717825852
drop,1,6,50.07096290394662
drop,1,6,34.876928672440776
drop,1,6,35.89919769202752
drop,1,6,25.081900397145013
drop,1,6,27.084348366930207
drop,1,6,28.791756369577396
drop,1,6,27.783426120581332
drop,1,6,38.80893268487661
drop,1,6,36.55900204016577
drop,1,6,34.31032790422676
drop,1,6,37.79052653374083
drop,1,6,37.758411421269884
drop,1,6,33.77590967330152
drop,1,6,29.200022751373847
drop,1,6,44.14706397527049
drop,1,6,50.408055423156064
drop,1,6,50.1135039261161
drop,1,6,30.521758687427248
drop,1,6,33.78735750501169
drop,1,6,47.33256226001059
drop,1,6,53.05142448348773
drop,1,6,52.34284564351225
drop,1,6,40.25624585683251
drop,1,6,44.31659757285964
drop,1,6,30.835521770556348
drop,1,6,38.42629801028098
drop,1,6,44.96000256758996
drop,1,6,46.44518563088401
drop,1,6,34.39619166050924
drop,1,6,46.99258323764244
drop,1,6,34.10085868660466
drop,1,6,28.011607685098976
hcs,1,0,66.3889417294445
hcs,1,1,63.48890122271066
hcs,1,1,62.174522107978994
hcs,1,1,65.08748394839299
hcs,1,1,66.10953744479271
hcs,1,1,66.60990919720115
hcs,1,1,65.80968969863933
hcs,1,1,66.10238602472107
hcs,1,1,64.46592986683812
hcs,1,1,63.80929206122459
hcs,1,1,66.64696430802792
hcs,1,2,57.39681629307184
hcs,1,2,62.32329788085692
hcs,1,2,63.42427654665015
hcs,1,2,62.941793269240165
hcs,1,2,63.78803934570425
hcs,1,2,63.509324606797925
hcs,1,2,63.437650393998595
hcs,1,2,62.03392236055405
hcs,1,2,63.77017666831402
hcs,1,2,61.700948321964226
hcs,1,2,62.029976993023304
hcs,1,2,61.4619204562706
hcs,1,2,62.617974959759174
hcs,1,2,62.01419523409879
hcs,1,2,61.67980349423719
hcs,1,2,60.8187023685187
hcs,1,2,64.34777453808604
hcs,1,2,59.51580082197038
hcs,1,2,64.94198969473244
hcs,1,2,65.69832087633323
hcs,1,2,64.27779975701303
hcs,1,2,65.0174326524854
hcs,1,2,64.4962671407242
hcs,1,2,66.739804013319
hcs,1,2,63.64243456764215
hcs,1,2,65.5836060743056
hcs,1,2,65.62390356037392
hcs,1,2,64.37841789973525
hcs,1,2,64.08958698299334
hcs,1,2,65.84256740603547
hcs,1,2,66.14651020939105
hcs,1,2,65.03001207742355
hcs,1,2,65.16050746469601
hcs,1,2,64.64733243367218
hcs,1,2,66.69726720228026
hcs,1,2,64.75227712062464
hcs,1,2,64.95934411372066
hcs,1,2,64.35934961071051
hcs,1,2,66.79359696198453
hcs,1,2,64.11058047491105
hcs,1,2,63.50807399159301
hcs,1,2,66.34695220321457
hcs,1,2,62.3421327022607
hcs,1,2,65.80951976471508
hcs,1,2,62.936660819839304
hcs,1,3,53.808472895702096
hcs,1,3,56.26982977986182
hcs,1,3,56.01667229629986
hcs,1,3,56.350297152717715
hcs,1,3,57.01834953376683
hcs,1,3,54.9048054736128
hcs,1,3,55.88240950741171
hcs,1,3,58.64621755892963
hcs,1,3,56.972224891915126
hcs,1,3,63.05969205523393
hcs,1,3,62.34232730768144
hcs,1,3,62.52995605919491
hcs,1,3,63.44823967555652
hcs,1,3,61.50415292761675
hcs,1,3,63.530262874271784
hcs,1,3,61.087376152827346
hcs,1,3,62.25722429453251
hcs,1,3,63.13375588902563
hcs,1,3,62.548560863956595
hcs,1,3,61.47872009656851
hcs,1,3,64.06428323196056
hcs,1,3,62.89070206916629
hcs,1,3,62.59514745375031
hcs,1,3,62.07786740202996
hcs,1,3,61.25182382949075
hcs,1,3,64.18562405009482
hcs,1,3,62.40847267422656
hcs,1,3,63.237512677853324
hcs,1,3,61.863559111515535
hcs,1,3,63.88562379753102
hcs,1,3,62.00165877675973
hcs,1,3,60.97289941154911
hcs,1,3,63.70537913299121
hcs,1,3,59.268633096308335
hcs,1,3,63.41216180324467
hcs,1,3,60.37867400471559
hcs,1,3,55.818666865214695
hcs,1,3,60.95709193680633
hcs,1,3,62.41066923005094
hcs,1,3,61.28346159577713
hcs,1,3,60.850484643600865
hcs,1,3,60.42301961479152
hcs,1,3,63.85374257248228
hcs,1,3,58.101280060672515
hcs,1,3,62.53341954277085
hcs,1,3,61.463980092563396
hcs,1,3,60.12776151709057
hcs,1,3,61.258323791290636
hcs,1,3,63.032824609008735
hcs,1,3,61.907635275457565
hcs,1,3,60.39062485527236
hcs,1,3,60.693115579894716
hcs,1,3,60.84090721377537
hcs,1,3,63.75607633310939
hcs,1,3,60.62393150807849
hcs,1,3,61.2071160526982
hcs,1,3,61.1314190127901
hcs,1,3,64.77377965875048
hcs,1,3,60.565152394081586
hcs,1,3,60.40064330228535
hcs,1,3,63.24065420395538
hcs,1,3,59.070963499570894
hcs,1,3,61.58762609569658
hcs,1,3,61.21801610612722
hcs,1,3,54.84112939325512
hcs,1,3,59.759512395202584
hcs,1,3,58.6873285245834
hcs,1,3,58.39946578187844
hcs,1,3,58.74452393711731
hcs,1,3,59.34308171401625
hcs,1,3,65.13110800365575
hcs,1,3,64.41091703991033
hcs,1,3,65.17062737696973
hcs,1,3,64.1260862030397
hcs,1,3,66.0174681263434
hcs,1,3,64.09345690757871
hcs,1,3,64.61204856366996
hcs,1,3,64.17652669103852
hcs,1,3,67.46674470455939
hcs,1,3,63.46320389549872
hcs,1,3,63.227853171137056
hcs,1,3,66.24396184653615
hcs,1,3,62.33438218919487
hcs,1,3,65.51377981698566
hcs,1,3,63.37735400895125
hcs,1,3,63.911366598119024
hcs,1,3,62.7086756330472
hcs,1,3,62.585920017968434
hcs,1,3,62.80346847422926
hcs,1,3,63.47616481980712
hcs,1,3,64.60269062208555
hcs,1,3,64.5347594414392
hcs,1,3,64.52955369693332
hcs,1,3,66.15650648954235
hcs,1,3,64.11958690505726
hcs,1,3,63.35356642788263
hcs,1,3,66.09330320092667
hcs,1,3,62.344873643013536
hcs,1,3,64.86248700195475
hcs,1,3,62.366598965921874
hcs,1,3,63.66066984595434
hcs,1,3,65.12144695746647
hcs,1,3,64.11661687859724
hcs,1,3,65.34933739101682
hcs,1,3,63.715375710880444
hcs,1,3,63.48682805009613
hcs,1,3,65.69615902474138
hcs,1,3,62.63919910484168
hcs,1,3,66.29615999853068
hcs,1,3,62.05078150350634
hcs,1,3,63.51883203721069
hcs,1,3,63.33170479950771
hcs,1,3,65.43105654019617
hcs,1,3,61.24788177884742
hcs,1,3,65.73592759255726
hcs,1,3,62.45138037756271
hcs,1,3,60.90334807162419
hcs,1,3,64.51002723496225
hcs,1,3,63.376087024201446
hcs,1,3,56.589974255334724
hcs,1,4,48.39851875668705
hcs,1,4,52.4615008180822
hcs,1,4,53.06714526737311
hcs,1,4,52.55105846762806
hcs,1,4,51.45698185524065
hcs,1,4,51.98006035004611
hcs,1,4,54.39781790719782
hcs,1,4,53.74325687523617
hcs,1,4,55.75945505860369
hcs,1,4,54.87187697202051
hcs,1,4,54.392663838539654
hcs,1,4,54.07205159338114
hcs,1,4,57.712720521538486
hcs,1,4,55.01393660217478
hcs,1,4,52.982922438015116
hcs,1,4,53.27527753538281
hcs,1,4,53.86637287531886
hcs,1,4,56.905327680834304
hcs,1,4,54.88816127857954
hcs,1,4,51.31349346391052
hcs,1,4,54.40572010424971
hcs,1,4,56.96654746548076
hcs,1,4,52.628147217075856
hcs,1,4,55.1256561585743
hcs,1,4,57.00719503393304
hcs,1,4,51.79830765446252
hcs,1,4,55.139762187445754
hcs,1,4,52.36370334692937
hcs,1,4,52.520850335923896
hcs,1,4,56.277345230237515
hcs,1,4,56.31416050862541
hcs,1,4,56.83439682120524
hcs,1,4,55.54299403098423
hcs,1,4,57.04613609692094
hcs,1,4,61.75888346403253
hcs,1,4,61.38432732606401
hcs,1,4,62.17529332551034
hcs,1,4,60.89004315681753
hcs,1,4,62.43573616405019
hcs,1,4,61.191905512468566
hcs,1,4,62.97531815825858
hcs,1,4,60.49397531747197
hcs,1,4,64.24093829577012
hcs,1,4,62.25729272657781
hcs,1,4,60.65202691532357
hcs,1,4,62.48184900159829
hcs,1,4,59.07140891536112
hcs,1,4,63.59885612528591
hcs,1,4,59.80418445183541
hcs,1,4,60.33319971480315
hcs,1,4,60.09678790144143
hcs,1,4,60.0480196245867
hcs,1,4,59.95249160160326
hcs,1,4,61.797967000282654
hcs,1,4,61.96267308233251
hcs,1,4,62.28204559649722
hcs,1,4,61.54954237310577
hcs,1,4,63.55084838729638
hcs,1,4,61.83995081276432
hcs,1,4,61.16488633240472
hcs,1,4,63.98301518900282
hcs,1,4,59.758635138127616
hcs,1,4,63.12692984647581
hcs,1,4,60.0720797705529
hcs,1,4,60.915055355368615
hcs,1,4,62.35891406691253
hcs,1,4,60.99551534459008
hcs,1,4,62.72296918646366
hcs,1,4,60.922058037986616
hcs,1,4,60.771705127383996
hcs,1,4,63.66148795423602
hcs,1,4,59.71596221067983
hcs,1,4,64.07317294380081
hcs,1,4,59.7885786405891
hcs,1,4,61.4449451457441
hcs,1,4,61.07189963667947
hcs,1,4,62.611035974966384
hcs,1,4,59.511585527379125
hcs,1,4,64.57084099400188
hcs,1,4,59.25967857890781
hcs,1,4,58.09095738214918
hcs,1,4,63.00054582191153
hcs,1,4,60.72316917647679
hcs,1,4,53.95217244403329
hcs,1,4,51.034424435141
hcs,1,4,56.55407859377051
hcs,1,4,54.2218892509727
hcs,1,4,54.37206094050822
hcs,1,4,55.20544921906863
hcs,1,4,56.62045479791037
hcs,1,4,61.42290731438771
hcs,1,4,60.17485888014142
hcs,1,4,60.145128397983946
hcs,1,4,60.35694150761049
hcs,1,4,62.23037066637202
hcs,1,4,60.20554495839462
hcs,1,4,60.500225875234854
hcs,1,4,59.8698646011133
hcs,1,4,63.59819258134733
hcs,1,4,59.46001552586328
hcs,1,4,59.995172619916886
hcs,1,4,63.17109112774672
hcs,1,4,58.20638901672678
hcs,1,4,61.495498784421216
hcs,1,4,60.45913631330681
hcs,1,4,58.68210348084309
hcs,1,4,55.96352617044803
hcs,1,4,57.12283398900124
hcs,1,4,57.287782945496545
hcs,1,4,58.12836430360091
hcs,1,4,60.60989453792434
hcs,1,4,60.29567048187001
hcs,1,4,61.60974383772715
hcs,1,4,64.12483631499713
hcs,1,4,60.00966208386169
hcs,1,4,60.578903098740575
hcs,1,4,62.027651007992446
hcs,1,4,58.215728283685834
hcs,1,4,60.751826611009655
hcs,1,4,59.88502126839122
hcs,1,4,58.2248183772446
hcs,1,4,60.28006083557856
hcs,1,4,60.356118405930275
hcs,1,4,62.82522342881685
hcs,1,4,58.0885370737019
hcs,1,4,59.95613386220142
hcs,1,4,61.894209106629674
hcs,1,4,58.31239404421385
hcs,1,4,61.89706443510265
hcs,1,4,59.82643654564641
hcs,1,4,58.10976136623068
hcs,1,4,58.89125955651081
hcs,1,4,61.41853537260628
hcs,1,4,57.19468014667196
hcs,1,4,60.82807115304299
hcs,1,4,60.3830700303918
hcs,1,4,57.04787360817238
hcs,1,4,61.02461912784507
hcs,1,4,61.77636340399732
hcs,1,4,52.322867390315935
hcs,1,4,53.05503612677772
hcs,1,4,54.27415468513679
hcs,1,4,53.66915489772051
hcs,1,4,53.68383646528868
hcs,1,4,54.80915996146935
hcs,1,4,58.33051395464842
hcs,1,4,59.22154127677636
hcs,1,4,59.47443684044187
hcs,1,4,60.29159585112545
hcs,1,4,57.662445597148796
hcs,1,4,57.61834628249988
hcs,1,4,58.729959437052784
hcs,1,4,57.31386739274632
hcs,1,4,58.57806909804122
hcs,1,4,57.18568187393945
hcs,1,4,62.35612400605987
hcs,1,4,64.76859199278113
hcs,1,4,63.89891198751277
hcs,1,4,65.90180604157368
hcs,1,4,64.1310030308403
hcs,1,4,62.53605602697095
hcs,1,4,65.32216935568401
hcs,1,4,61.98595919057663
hcs,1,4,65.3961241781033
hcs,1,4,63.62560290332498
hcs,1,4,64.25582589800293
hcs,1,4,61.78178794418092
hcs,1,4,65.90753227241883
hcs,1,4,62.38096999045731
hcs,1,4,66.39278945625787
hcs,1,4,63.312992841391505
hcs,1,4,59.78534430841451
hcs,1,4,63.32144114280639
hcs,1,4,63.92159020848537
hcs,1,4,57.47862071869919
hcs,1,4,61.204759201494106
hcs,1,4,62.35669635837253
hcs,1,4,62.08790656414454
hcs,1,4,63.830850530768885
hcs,1,4,60.70165994340964
hcs,1,4,61.33343354253337
hcs,1,4,63.39188758494147
hcs,1,4,60.78962687952545
hcs,1,4,63.31597522291778
hcs,1,4,60.1166203139163
hcs,1,4,63.34098453991121
hcs,1,4,62.68748435469761
hcs,1,4,64.92982013644847
hcs,1,4,62.07188571861509
hcs,1,4,65.0068879773796
hcs,1,4,61.998068324626054
hcs,1,4,61.23331417212403
hcs,1,4,64.50718359383498
hcs,1,4,62.91138583165423
hcs,1,4,55.71788574998491
hcs,1,4,60.67571581214295
hcs,1,4,61.45433834310529
hcs,1,4,63.49947354376277
hcs,1,4,60.87212493393549
hcs,1,4,65.87117195841036
hcs,1,4,61.451976585602566
hcs,1,4,60.74035282159876
hcs,1,4,65.00285606637006
hcs,1,4,63.18508286466993
hcs,1,4,56.37314189340161
hcs,1,4,58.72502479527697
hcs,1,4,64.49938264203584
hcs,1,4,61.2443099152717
hcs,1,4,51.77748206939192
hcs,1,4,56.00928990702955
hcs,1,5,42.57048779173226
hcs,1,5,44.289989770260206
hcs,1,5,46.323765247120726
hcs,1,5,45.48313995416759
hcs,1,5,44.2039801648895
hcs,1,5,48.000068427575535
hcs,1,5,51.00152424265042
hcs,1,5,49.92345709510483
hcs,1,5,49.8523539819406
hcs,1,5,51.681293705492195
hcs,1,5,54.21802416185754
hcs,1,5,50.99236416793684
hcs,1,5,49.13653476474112
hcs,1,5,50.95782711816292
hcs,1,5,53.16647389734886
hcs,1,5,49.014996878149034
hcs,1,5,52.258744958660024
hcs,1,5,52.95616583936299
hcs,1,5,46.15759255275521
hcs,1,5,51.591087637908174
hcs,1,5,49.505462167062475
hcs,1,5,51.26793287107239
hcs,1,5,48.87449066034985
hcs,1,5,50.66057636779135
hcs,1,5,51.541378395958134
hcs,1,5,54.18956482599458
hcs,1,5,54.08361245063647
hcs,1,5,52.45608932794787
hcs,1,5,54.717671966612095
hcs,1,5,56.97304869224779
hcs,1,5,52.65696740391089
hcs,1,5,54.41902690934542
hcs,1,5,56.48464399093981
hcs,1,5,50.624516882104714
hcs,1,5,54.696771105920604
hcs,1,5,51.869624840359826
hcs,1,5,50.070647800415294
hcs,1,5,50.41015956297678
hcs,1,5,53.222219434697976
hcs,1,5,55.790819231365234
hcs,1,5,50.312971749416484
hcs,1,5,52.61734613150581
hcs,1,5,53.777807663012254
hcs,1,5,50.65602919962574
hcs,1,5,53.875150595796285
hcs,1,5,51.41177761188264
hcs,1,5,50.16186604226034
hcs,1,5,52.88797742921775
hcs,1,5,54.40406004560564
hcs,1,5,47.794101187514535
hcs,1,5,52.22200813928759
hcs,1,5,51.90046361279506
hcs,1,5,49.4628883727861
hcs,1,5,51.78860336481832
hcs,1,5,52.04162085176065
hcs,1,5,48.23357977961679
hcs,1,5,50.64044720125962
hcs,1,5,51.73043007248765
hcs,1,5,51.34835454238672
hcs,1,5,51.48530598035453
hcs,1,5,52.62712023051323
hcs,1,5,55.23390963378227
hcs,1,5,56.7831902406791
hcs,1,5,55.08383830970051
hcs,1,5,56.634301129960534
hcs,1,5,55.27555406328666
hcs,1,5,55.29143594354361
hcs,1,5,56.66775226379639
hcs,1,5,53.71249339913626
hcs,1,5,57.25273189602389
hcs,1,5,53.5225472631961
hcs,1,5,59.541187637751726
hcs,1,5,62.083238066269395
hcs,1,5,60.435580389002105
hcs,1,5,62.18242471828231
hcs,1,5,61.45710445359111
hcs,1,5,59.483500607017206
hcs,1,5,61.285404107221545
hcs,1,5,58.23434453858406
hcs,1,5,63.677982183845536
hcs,1,5,59.15209404455676
hcs,1,5,61.739939331384576
hcs,1,5,58.85958375862559
hcs,1,5,62.397164798267276
hcs,1,5,59.61276226912453
hcs,1,5,62.869034018470906
hcs,1,5,60.46207763082369
hcs,1,5,56.845715886787396
hcs,1,5,62.74061323516167
hcs,1,5,60.78939407432612
hcs,1,5,53.90791588389245
hcs,1,5,57.869605964947944
hcs,1,5,59.58656855547639
hcs,1,5,59.45019594266309
hcs,1,5,61.038425825639855
hcs,1,5,58.862387543589634
hcs,1,5,58.30411005897327
hcs,1,5,60.90109151566071
hcs,1,5,56.880434569439785
hcs,1,5,61.50404135672697
hcs,1,5,57.390055430877716
hcs,1,5,61.225714711343805
hcs,1,5,59.275362203051294
hcs,1,5,62.17289328812358
hcs,1,5,58.57102237775204
hcs,1,5,62.40328340900974
hcs,1,5,58.953005863821105
hcs,1,5,57.31847655056687
hcs,1,5,62.607053566315656
hcs,1,5,59.785439184679646
hcs,1,5,52.441293027748436
hcs,1,5,58.622648173255655
hcs,1,5,59.13306006278497
hcs,1,5,61.31339942920205
hcs,1,5,58.9109509944431
hcs,1,5,63.61045015120387
hcs,1,5,58.27849955036553
hcs,1,5,58.6189138227743
hcs,1,5,63.08679039965263
hcs,1,5,60.60896827038102
hcs,1,5,53.59637855621246
hcs,1,5,54.34194361477905
hcs,1,5,61.35883991894485
hcs,1,5,57.978089095323575
hcs,1,5,51.858330213125456
hcs,1,5,53.46603194485188
hcs,1,5,47.8534288895949
hcs,1,5,50.56472923069951
hcs,1,5,48.231331526847534
hcs,1,5,50.218825401617146
hcs,1,5,50.93078136001681
hcs,1,5,55.54273637641206
hcs,1,5,54.091085372514804
hcs,1,5,55.14798953877691
hcs,1,5,56.31146808228425
hcs,1,5,53.63324652539437
hcs,1,5,54.67649210343133
hcs,1,5,55.55959395872879
hcs,1,5,53.569564619394235
hcs,1,5,54.97248319129262
hcs,1,5,54.73932831443237
hcs,1,5,58.748606324347634
hcs,1,5,58.91394867043636
hcs,1,5,58.86505839731954
hcs,1,5,62.198076340712376
hcs,1,5,59.09036911643903
hcs,1,5,59.13324424222076
hcs,1,5,61.675067628681525
hcs,1,5,58.13510087752355
hcs,1,5,60.898557060782885
hcs,1,5,60.91038878340459
hcs,1,5,58.313030931548276
hcs,1,5,57.500753735678984
hcs,1,5,62.04429608175611
hcs,1,5,57.12508895849534
hcs,1,5,61.67464039879294
hcs,1,5,60.577845891146175
hcs,1,5,55.31135446204472
hcs,1,5,60.48912748108234
hcs,1,5,62.47167301101581
hcs,1,5,52.67313811121886
hcs,1,5,55.63689178889404
hcs,1,5,56.15190483182183
hcs,1,5,58.37304891560143
hcs,1,5,59.437237758918535
hcs,1,5,55.210673561647006
hcs,1,5,55.54427852250064
hcs,1,5,57.029600800707875
hcs,1,5,55.70863349249212
hcs,1,5,57.55975568322553
hcs,1,5,54.684231565851505
hcs,1,5,58.441753950745685
hcs,1,5,58.89998552623083
hcs,1,5,61.781594941126755
hcs,1,5,57.13133948455733
hcs,1,5,60.9101812979069
hcs,1,5,60.537063521543004
hcs,1,5,56.62789019519186
hcs,1,5,60.34140301229592
hcs,1,5,60.908927827710535
hcs,1,5,52.12126167069922
hcs,1,5,54.423628452046025
hcs,1,5,57.41872697260913
hcs,1,5,58.48102756285517
hcs,1,5,57.193444908814854
hcs,1,5,60.45309419871467
hcs,1,5,59.29712660558903
hcs,1,5,55.320733690214574
hcs,1,5,59.93747941147989
hcs,1,5,59.4489280027669
hcs,1,5,51.27361059983307
hcs,1,5,53.30860383685821
hcs,1,5,59.19533913224992
hcs,1,5,56.84158524954071
hcs,1,5,47.8546944969462
hcs,1,5,52.40859122387389
hcs,1,5,48.87568433079046
hcs,1,5,51.07234691196832
hcs,1,5,52.03106422872694
hcs,1,5,53.575212047692524
hcs,1,5,52.70397956470766
hcs,1,5,52.881762647188104
hcs,1,5,54.13056545023072
hcs,1,5,52.16871958750273
hcs,1,5,53.976072025655945
hcs,1,5,52.973930676873145
hcs,1,5,57.954348328888564
hcs,1,5,56.87700484899649
hcs,1,5,58.19618489851587
hcs,1,5,57.61534986550239
hcs,1,5,60.50575170144784
hcs,1,5,57.2123893077469
hcs,1,5,55.801627946862695
hcs,1,5,57.468129678091884
hcs,1,5,57.6651389878546
hcs,1,5,53.24106981465202
hcs,1,5,60.78372972193352
hcs,1,5,61.443102043834756
hcs,1,5,63.56204591543901
hcs,1,5,61.59709542256728
hcs,1,5,65.40731290405333
hcs,1,5,62.16657936194714
hcs,1,5,60.947354092159415
hcs,1,5,64.4633098630022
hcs,1,5,62.8172355283942
hcs,1,5,57.58872909382552
hcs,1,5,58.009250325895515
hcs,1,5,64.05766297422504
hcs,1,5,61.89240861941791
hcs,1,5,52.33543096971745
hcs,1,5,57.356174248468555
hcs,1,5,58.93681642906105
hcs,1,5,59.67783104736914
hcs,1,5,60.89415911485479
hcs,1,5,59.664900780790546
hcs,1,5,64.19372994404445
hcs,1,5,59.95384682720753
hcs,1,5,58.39275043703579
hcs,1,5,62.268249701087576
hcs,1,5,61.29608699682575
hcs,1,5,53.49055704539146
hcs,1,5,59.113231001015514
hcs,1,5,64.04196762636518
hcs,1,5,61.16590566207599
hcs,1,5,52.14921523311255
hcs,1,5,55.03973915162495
hcs,1,5,51.07340387071302
hcs,1,5,59.92929843875829
hcs,1,5,59.242211495837125
hcs,1,5,50.70742663535416
hcs,1,5,55.6266375901193
hcs,1,5,54.24088803177707
hcs,1,6,37.381757951612144
hcs,1,6,40.01402868184166
hcs,1,6,39.25398671396546
hcs,1,6,41.739891298899195
hcs,1,6,42.05887578041693
hcs,1,6,44.82451699085991
hcs,1,6,40.74535845926862
hcs,1,6,42.45704834920734
hcs,1,6,45.305424428288234
hcs,1,6,44.09614122430103
hcs,1,6,45.571168218297416
hcs,1,6,45.739229811336756
hcs,1,6,41.04814041788513
hcs,1,6,46.81379081074972
hcs,1,6,41.54204884468193
hcs,1,6,46.50715583409827
hcs,1,6,45.05639450564662
hcs,1,6,49.646966983116975
hcs,1,6,51.71008122381516
hcs,1,6,47.277978733550995
hcs,1,6,50.55737450468248
hcs,1,6,51.115741848993125
hcs,1,6,45.878385326131145
hcs,1,6,51.25238832118987
hcs,1,6,49.125725927258145
hcs,1,6,46.527397904528414
hcs,1,6,50.62236151589044
hcs,1,6,52.57522320784807
hcs,1,6,46.256075194469666
hcs,1,6,50.37397260292517
hcs,1,6,49.987543749392714
hcs,1,6,44.96627247955562
hcs,1,6,48.58494763748071
hcs,1,6,50.50165498881212
hcs,1,6,41.08893713125313
hcs,1,6,47.490061174598836
hcs,1,6,47.674886667803555
hcs,1,6,50.232506968005
hcs,1,6,53.15406745794341
hcs,1,6,45.77639073390027
hcs,1,6,45.76110104531583
hcs,1,6,48.6241098650134
hcs,1,6,47.95591028202442
hcs,1,6,51.85312931520128
hcs,1,6,46.97200790115339
hcs,1,6,50.24754130112025
hcs,1,6,51.88956594903219
hcs,1,6,55.469754193149
hcs,1,6,47.87509390555914
hcs,1,6,52.84216468529205
hcs,1,6,52.179779994352984
hcs,1,6,48.992040139426415
hcs,1,6,51.22550277785177
hcs,1,6,52.507559423951356
hcs,1,6,47.35750878467659
hcs,1,6,44.88851263374523
hcs,1,6,48.748020345696936
hcs,1,6,49.40610013744987
hcs,1,6,46.399746155550865
hcs,1,6,50.18007001785907
hcs,1,6,51.5951735964764
hcs,1,6,47.274755119711756
hcs,1,6,50.58853998838065
hcs,1,6,50.44495616466402
hcs,1,6,46.47874928961577
hcs,1,6,42.95762526870003
hcs,1,6,48.245389209077885
hcs,1,6,47.57273742331615
hcs,1,6,39.093048889776426
hcs,1,6,44.54925929137682
hcs,1,6,46.66245820938199
hcs,1,6,48.890315118372406
hcs,1,6,49.44478929703458
hcs,1,6,50.524147791422514
hcs,1,6,50.47469562942832
hcs,1,6,51.062386836050756
hcs,1,6,51.589707332277946
hcs,1,6,49.32013868780833
hcs,1,6,51.4290384331516
hcs,1,6,49.34434645350341
hcs,1,6,56.12367292534474
hcs,1,6,52.65070293405559
hcs,1,6,55.189716848354216
hcs,1,6,53.1353291941132
hcs,1,6,59.34509165539598
hcs,1,6,52.08712631121882
hcs,1,6,52.1083455681213
hcs,1,6,56.285497019360626
hcs,1,6,54.54972413690296
hcs,1,6,48.6476824763264
hcs,1,6,57.2384756619693
hcs,1,6,57.41943249306054
hcs,1,6,59.309878996632406
hcs,1,6,58.16626734797499
hcs,1,6,62.23834286525232
hcs,1,6,58.01539795305796
hcs,1,6,57.0363552575714
hcs,1,6,61.96862574930467
hcs,1,6,59.870584321626644
hcs,1,6,52.43231599050945
hcs,1,6,54.74535378374504
hcs,1,6,60.81447788619608
hcs,1,6,58.19597131101261
hcs,1,6,51.351038176911
hcs,1,6,53.13802413043227
hcs,1,6,55.18855626550271
hcs,1,6,56.684350876891514
hcs,1,6,57.77025155413694
hcs,1,6,56.549481368651506
hcs,1,6,61.11340425224227
hcs,1,6,57.3082538486842
hcs,1,6,55.601584937614824
hcs,1,6,60.19804630895461
hcs,1,6,58.42863537845642
hcs,1,6,48.62962140672422
hcs,1,6,54.97719469384
hcs,1,6,61.073013438579714
hcs,1,6,57.79825115824965
hcs,1,6,50.62010917872339
hcs,1,6,52.00918520736162
hcs,1,6,50.18264167164424
hcs,1,6,58.70890980325738
hcs,1,6,57.15061787862794
hcs,1,6,48.666712110816995
hcs,1,6,52.712779364779216
hcs,1,6,45.98234168028547
hcs,1,6,44.24020310547445
hcs,1,6,44.43234751744884
hcs,1,6,47.561076430607145
hcs,1,6,48.36601018324069
hcs,1,6,46.91572256546625
hcs,1,6,49.49910580685129
hcs,1,6,49.88893507958602
hcs,1,6,46.25409557290448
hcs,1,6,48.26900997353566
hcs,1,6,49.033218971967656
hcs,1,6,52.89086539857676
hcs,1,6,53.41734967604976
hcs,1,6,55.242162491447345
hcs,1,6,53.61968987502245
hcs,1,6,54.64650537841226
hcs,1,6,54.39795002003166
hcs,1,6,50.427695559467104
hcs,1,6,53.26717479120846
hcs,1,6,54.25915846324956
hcs,1,6,47.90360548467275
hcs,1,6,55.10932818952815
hcs,1,6,57.493529517728085
hcs,1,6,60.45561527279891
hcs,1,6,56.07561428818749
hcs,1,6,59.594527461786164
hcs,1,6,59.26476543428248
hcs,1,6,55.477225368275505
hcs,1,6,59.59623939704388
hcs,1,6,60.26239905635752
hcs,1,6,51.84971305629073
hcs,1,6,52.51013552427071
hcs,1,6,58.992022462427336
hcs,1,6,58.66706762708016
hcs,1,6,49.78615782835455
hcs,1,6,53.19585176297632
hcs,1,6,51.15483367025818
hcs,1,6,54.271576002518295
hcs,1,6,55.94326887674689
hcs,1,6,54.28179708676883
hcs,1,6,56.08274430807364
hcs,1,6,55.8210586276481
hcs,1,6,51.57360742821185
hcs,1,6,55.17140198472952
hcs,1,6,55.67544915304918
hcs,1,6,47.14419688383566
hcs,1,6,53.8399151735651
hcs,1,6,59.0346370546552
hcs,1,6,56.87834937232374
hcs,1,6,47.76504254847182
hcs,1,6,51.48879367364394
hcs,1,6,44.66742872288682
hcs,1,6,54.70344337808597
hcs,1,6,54.756838494665224
hcs,1,6,45.08298632348526
hcs,1,6,51.22798982500866
hcs,1,6,48.55440394564916
hcs,1,6,43.24581938265441
hcs,1,6,48.10019623127489
hcs,1,6,48.96679987264121
hcs,1,6,48.788510801347876
hcs,1,6,52.11056737109377
hcs,1,6,50.97445515247214
hcs,1,6,51.10165913618223
hcs,1,6,53.19777239299138
hcs,1,6,52.742832916744426
hcs,1,6,47.58396179819128
hcs,1,6,53.55440866317156
hcs,1,6,58.7181250110262
hcs,1,6,54.65545655693671
hcs,1,6,46.959244695916844
hcs,1,6,53.46503560820016
hcs,1,6,51.575156685768896
hcs,1,6,59.67931995232667
hcs,1,6,59.95139872608252
hcs,1,6,52.34429818825295
hcs,1,6,56.59098166253678
hcs,1,6,53.763015417841544
hcs,1,6,49.03649351386265
hcs,1,6,58.018814325200864
hcs,1,6,57.47363755359504
hcs,1,6,49.672588865976365
hcs,1,6,53.90335227672799
hcs,1,6,53.89177945966473
hcs,1,6,48.41570534308562
dcs,1,0,65.99071336921277
dcs,1,1,63.675342121788326
dcs,1,1,63.046979386128896
dcs,1,1,65.60608227397363
dcs,1,1,65.47042143571369
dcs,1,1,66.69828072053112
dcs,1,1,65.57679920605464
dcs,1,1,65.50509468288134
dcs,1,1,65.01485990980002
dcs,1,1,64.04664610683788
dcs,1,1,66.15263506179177
dcs,1,2,54.18670098369052
dcs,1,2,63.61941154468127
dcs,1,2,63.851213285917524
dcs,1,2,63.627255861145976
dcs,1,2,64.05925272231072
dcs,1,2,63.04462608115593
dcs,1,2,61.895147077570805
dcs,1,2,61.84478391250433
dcs,1,2,64.3065492864857
dcs,1,2,61.52222296542269
dcs,1,2,60.99995066618009
dcs,1,2,63.625235271468945
dcs,1,2,62.24237706573788
dcs,1,2,62.14875441475875
dcs,1,2,62.00216640111257
dcs,1,2,61.66824835820593
dcs,1,2,63.85193205308015
dcs,1,2,61.78766396697373
dcs,1,2,66.17110012218441
dcs,1,2,65.0985497475886
dcs,1,2,65.23143566766336
dcs,1,2,65.44563383532451
dcs,1,2,63.830124780863976
dcs,1,2,65.60326057310132
dcs,1,2,64.95962155086367
dcs,1,2,64.53889293889398
dcs,1,2,65.54856119904149
dcs,1,2,64.5842416262684
dcs,1,2,64.22696401557519
dcs,1,2,65.87874422971326
dcs,1,2,65.88494496133914
dcs,1,2,65.94539256512452
dcs,1,2,65.69808303938315
dcs,1,2,64.28982369739836
dcs,1,2,66.73322082545037
dcs,1,2,64.10461539421325
dcs,1,2,64.17037517235951
dcs,1,2,63.37908194688532
dcs,1,2,65.90929588905978
dcs,1,2,64.12578007317383
dcs,1,2,63.794059408370394
dcs,1,2,65.76757997229119
dcs,1,2,62.4310898784276
dcs,1,2,65.37832094554689
dcs,1,2,62.80563997013818
dcs,1,3,53.142584985096114
dcs,1,3,52.28844202790789
dcs,1,3,53.86059442120426
dcs,1,3,54.74921859019836
dcs,1,3,53.45971652843708
dcs,1,3,52.72704920062143
dcs,1,3,53.080960112795864
dcs,1,3,54.53335423331301
dcs,1,3,58.04365111593707
dcs,1,3,62.776428678659364
dcs,1,3,63.63460425260494
dcs,1,3,63.51783625758576
dcs,1,3,61.967803015699936
dcs,1,3,62.60703189772486
dcs,1,3,64.39435026993291
dcs,1,3,62.09433048767903
dcs,1,3,62.90566524555112
dcs,1,3,62.608536250451245
dcs,1,3,62.483135618060594
dcs,1,3,60.97948093457023
dcs,1,3,63.65082632707015
dcs,1,3,63.312520267511566
dcs,1,3,62.92259497001989
dcs,1,3,62.01109600742185
dcs,1,3,61.41417455898465
dcs,1,3,63.9349738886129
dcs,1,3,63.115991917502974
dcs,1,3,61.75283384920151
dcs,1,3,61.94561888610865
dcs,1,3,64.4317773164933
dcs,1,3,61.832668646393856
dcs,1,3,61.409868400028905
dcs,1,3,63.63671882265698
dcs,1,3,59.386960616948144
dcs,1,3,63.42324152450559
dcs,1,3,61.16797771968131
dcs,1,3,55.99598658870111
dcs,1,3,61.56112916761835
dcs,1,3,60.0264090641502
dcs,1,3,60.76130578633775
dcs,1,3,60.334730347685976
dcs,1,3,60.39908367945832
dcs,1,3,61.935661441784774
dcs,1,3,60.15515399289736
dcs,1,3,59.86924029515096
dcs,1,3,60.04704339503759
dcs,1,3,60.75871658953652
dcs,1,3,59.97150463163211
dcs,1,3,61.3147731567901
dcs,1,3,62.40766766395643
dcs,1,3,62.441992461211505
dcs,1,3,62.59067698154956
dcs,1,3,61.876977789800755
dcs,1,3,64.15378277188032
dcs,1,3,60.31110567302425
dcs,1,3,60.89438471464515
dcs,1,3,61.03555138664838
dcs,1,3,62.789544616883056
dcs,1,3,61.45120073189726
dcs,1,3,60.45448401884233
dcs,1,3,62.861815360149556
dcs,1,3,59.228178728484565
dcs,1,3,61.95726292080109
dcs,1,3,59.66316746546523
dcs,1,3,58.1851428121463
dcs,1,3,61.101800862778624
dcs,1,3,61.13060417235811
dcs,1,3,61.04647033811265
dcs,1,3,61.162520693156196
dcs,1,3,62.9020026890658
dcs,1,3,65.48452340869518
dcs,1,3,65.63471855372858
dcs,1,3,65.27281202389028
dcs,1,3,64.36716759665454
dcs,1,3,66.68215748998797
dcs,1,3,63.72039024090269
dcs,1,3,64.69448230781349
dcs,1,3,63.59944519698747
dcs,1,3,65.25298309963935
dcs,1,3,64.8520797973497
dcs,1,3,63.78519203158435
dcs,1,3,65.5602834977443
dcs,1,3,62.78891769935013
dcs,1,3,65.42017242465735
dcs,1,3,62.59421267437788
dcs,1,3,64.19172821396252
dcs,1,3,64.37425824937463
dcs,1,3,64.46375606124415
dcs,1,3,63.63881903650601
dcs,1,3,65.18908857876448
dcs,1,3,63.47805448108009
dcs,1,3,63.53031790594378
dcs,1,3,63.6809391974611
dcs,1,3,65.19443265117773
dcs,1,3,64.42947271962473
dcs,1,3,63.54871089627793
dcs,1,3,65.51154504183944
dcs,1,3,62.47193802122358
dcs,1,3,64.73485160111683
dcs,1,3,62.41817309570239
dcs,1,3,62.98516513087738
dcs,1,3,64.86656390010951
dcs,1,3,63.769241569964436
dcs,1,3,66.34284651075424
dcs,1,3,64.3994110093959
dcs,1,3,63.109486733953915
dcs,1,3,66.03151103805963
dcs,1,3,62.799659510100064
dcs,1,3,66.77671753599358
dcs,1,3,62.135934410382866
dcs,1,3,60.39970477282469
dcs,1,3,61.87990511888572
dcs,1,3,64.42668481708577
dcs,1,3,61.989866032797785
dcs,1,3,65.17234888186529
dcs,1,3,62.23364079476464
dcs,1,3,59.8273021821517
dcs,1,3,64.43388863043424
dcs,1,3,61.46656797318574
dcs,1,3,56.97068602068588
dcs,1,4,46.73761425825294
dcs,1,4,52.08598455075222
dcs,1,4,53.68244601527381
dcs,1,4,51.923846607372035
dcs,1,4,50.62974297950582
dcs,1,4,52.12237851467091
dcs,1,4,52.60063913655324
dcs,1,4,50.24722506378815
dcs,1,4,52.264163136364076
dcs,1,4,51.15035360555574
dcs,1,4,51.05644689415933
dcs,1,4,50.00828238857646
dcs,1,4,51.14137864064046
dcs,1,4,54.41164757581754
dcs,1,4,52.62675865614826
dcs,1,4,51.745041580892234
dcs,1,4,52.44388467320454
dcs,1,4,53.50262580535314
dcs,1,4,52.66320269505494
dcs,1,4,51.0100834386934
dcs,1,4,53.324086500113665
dcs,1,4,54.01901498618202
dcs,1,4,50.796185295060525
dcs,1,4,52.3008507153181
dcs,1,4,53.65818734958761
dcs,1,4,51.17392516469225
dcs,1,4,52.85192171144302
dcs,1,4,49.956384720473565
dcs,1,4,54.60998136743964
dcs,1,4,57.71942654316077
dcs,1,4,58.160246138235934
dcs,1,4,56.675885372145686
dcs,1,4,56.80665797884272
dcs,1,4,59.63671738107769
dcs,1,4,63.4378585211691
dcs,1,4,63.085916109545344
dcs,1,4,61.80091370531489
dcs,1,4,61.892035018994605
dcs,1,4,63.83110790761959
dcs,1,4,63.52594047491921
dcs,1,4,62.35783546341013
dcs,1,4,61.948492164172826
dcs,1,4,64.06208385906237
dcs,1,4,61.383266838561156
dcs,1,4,61.82644976598708
dcs,1,4,64.34217594275917
dcs,1,4,59.49962565080791
dcs,1,4,63.18430236325714
dcs,1,4,60.63300186899176
dcs,1,4,61.7932648900309
dcs,1,4,61.27592373724015
dcs,1,4,61.24964177912974
dcs,1,4,59.36194347004954
dcs,1,4,62.57007268285473
dcs,1,4,60.48119162590765
dcs,1,4,61.58204962940555
dcs,1,4,59.8003459549699
dcs,1,4,62.89818545401904
dcs,1,4,61.92375599702954
dcs,1,4,60.20662223212985
dcs,1,4,63.4440615574692
dcs,1,4,59.107598578840985
dcs,1,4,63.20524778420942
dcs,1,4,60.63865691283423
dcs,1,4,61.69078837461906
dcs,1,4,61.676398276834426
dcs,1,4,61.13815270542832
dcs,1,4,64.08562224841391
dcs,1,4,61.445372464726155
dcs,1,4,59.8958075990024
dcs,1,4,63.222772880425275
dcs,1,4,58.65090116370329
dcs,1,4,63.490329566399616
dcs,1,4,60.35274879578566
dcs,1,4,58.99483765518364
dcs,1,4,59.43431388913
dcs,1,4,62.5749056117067
dcs,1,4,58.74642606433339
dcs,1,4,63.031230131258965
dcs,1,4,60.32422053240747
dcs,1,4,57.24571470735951
dcs,1,4,62.85640751114503
dcs,1,4,59.772719327150824
dcs,1,4,54.258792960920196
dcs,1,4,51.883157124422425
dcs,1,4,55.93058815346641
dcs,1,4,55.46476634399078
dcs,1,4,54.78362667938257
dcs,1,4,54.922391438223464
dcs,1,4,56.21044164612746
dcs,1,4,61.40581929761368
dcs,1,4,61.22050043296037
dcs,1,4,60.31352213739028
dcs,1,4,60.211097348813965
dcs,1,4,62.56179562881112
dcs,1,4,59.511311131250004
dcs,1,4,59.504023280200386
dcs,1,4,59.43577233106083
dcs,1,4,61.535147974034594
dcs,1,4,60.19370202406022
dcs,1,4,59.734801633388145
dcs,1,4,61.29327524735248
dcs,1,4,57.47169840928103
dcs,1,4,60.93914373730742
dcs,1,4,58.44085926734915
dcs,1,4,59.754456587242764
dcs,1,4,59.520879515285095
dcs,1,4,59.90363163078978
dcs,1,4,59.39295251331153
dcs,1,4,61.072310878746876
dcs,1,4,58.195686482807595
dcs,1,4,59.33953541003272
dcs,1,4,59.21439605540933
dcs,1,4,60.87438088854246
dcs,1,4,59.62833950752609
dcs,1,4,59.434370696604404
dcs,1,4,60.333132268313264
dcs,1,4,58.389127303681605
dcs,1,4,60.952329439974605
dcs,1,4,58.08338826964973
dcs,1,4,57.95454657114472
dcs,1,4,61.468251586059466
dcs,1,4,62.26003704475918
dcs,1,4,63.805241098607915
dcs,1,4,61.86020439392721
dcs,1,4,61.07287565708423
dcs,1,4,62.845457080566526
dcs,1,4,59.97269722679745
dcs,1,4,63.41570679375707
dcs,1,4,60.019685213846614
dcs,1,4,57.07693548345383
dcs,1,4,58.2658326302952
dcs,1,4,60.136700385195425
dcs,1,4,57.729013699071004
dcs,1,4,61.71689423905493
dcs,1,4,59.033625227247
dcs,1,4,57.43374402087814
dcs,1,4,61.268279558337596
dcs,1,4,58.41512597474453
dcs,1,4,54.069791664665196
dcs,1,4,56.243898002227766
dcs,1,4,57.62586176932542
dcs,1,4,57.04598612787547
dcs,1,4,57.32183221295741
dcs,1,4,59.352567162574765
dcs,1,4,59.01646951229339
dcs,1,4,60.31339485750784
dcs,1,4,60.330610241741226
dcs,1,4,62.113315901898375
dcs,1,4,59.66632002030574
dcs,1,4,59.98441499115291
dcs,1,4,62.20318420113283
dcs,1,4,58.336348496970665
dcs,1,4,62.226034905722294
dcs,1,4,60.19133881589386
dcs,1,4,62.57193538371581
dcs,1,4,65.19683878296594
dcs,1,4,64.21574014984847
dcs,1,4,65.90251302489311
dcs,1,4,64.92447780368954
dcs,1,4,63.95991304636335
dcs,1,4,66.54824368633943
dcs,1,4,62.926110483286266
dcs,1,4,65.64886990961085
dcs,1,4,62.65297454310487
dcs,1,4,59.919573803870286
dcs,1,4,62.04859250563303
dcs,1,4,64.117297383661
dcs,1,4,62.21176187536849
dcs,1,4,65.15687557389153
dcs,1,4,62.38618670200087
dcs,1,4,59.611077268130224
dcs,1,4,64.71460014632585
dcs,1,4,61.27785275041309
dcs,1,4,56.518987905701245
dcs,1,4,61.350282548031565
dcs,1,4,64.05019134661013
dcs,1,4,62.59575987539342
dcs,1,4,64.89399228598063
dcs,1,4,62.878775376090104
dcs,1,4,62.596983349204024
dcs,1,4,64.30514446753031
dcs,1,4,60.83026753378921
dcs,1,4,65.03746199758413
dcs,1,4,61.78595252750227
dcs,1,4,59.554081225259544
dcs,1,4,61.11968262544978
dcs,1,4,63.72303738752368
dcs,1,4,60.796041234775956
dcs,1,4,64.30403579453059
dcs,1,4,61.746765836104885
dcs,1,4,59.69354784154217
dcs,1,4,63.7124259769371
dcs,1,4,61.40770301247244
dcs,1,4,56.44573367300546
dcs,1,4,57.62136561057702
dcs,1,4,61.70147728929787
dcs,1,4,63.140581812011725
dcs,1,4,62.414133019041735
dcs,1,4,66.02220124264302
dcs,1,4,61.84537492316457
dcs,1,4,59.94135195519244
dcs,1,4,64.9937708667966
dcs,1,4,61.76204585416343
dcs,1,4,57.020148517981205
dcs,1,4,55.87601940047908
dcs,1,4,61.14256392749481
dcs,1,4,60.11730362937283
dcs,1,4,54.729457671990204
dcs,1,4,54.51083595873059
dcs,1,5,42.332573361846535
dcs,1,5,47.01350343699659
dcs,1,5,44.1483186981287
dcs,1,5,44.31837505670643
dcs,1,5,45.42261287529264
dcs,1,5,46.2792893538651
dcs,1,5,52.479577012920394
dcs,1,5,50.15274325628769
dcs,1,5,49.08314276703535
dcs,1,5,50.41421804069672
dcs,1,5,51.8839263003638
dcs,1,5,50.60699551036311
dcs,1,5,50.19822303352204
dcs,1,5,52.613369384695226
dcs,1,5,53.16678486499281
dcs,1,5,49.05517914483341
dcs,1,5,50.49162554990128
dcs,1,5,52.045110964237935
dcs,1,5,50.13889169473202
dcs,1,5,50.82746152930663
dcs,1,5,46.958658679615226
dcs,1,5,52.13140811650275
dcs,1,5,48.80175706263204
dcs,1,5,48.324302515168505
dcs,1,5,48.877242704218574
dcs,1,5,50.44245183619787
dcs,1,5,50.01465254442174
dcs,1,5,50.867021406735645
dcs,1,5,50.19165386656577
dcs,1,5,52.69243458560127
dcs,1,5,48.96644677321704
dcs,1,5,49.02143224147807
dcs,1,5,50.8711207790983
dcs,1,5,48.63579815538302
dcs,1,5,51.70953598399342
dcs,1,5,46.61872906111066
dcs,1,5,49.57441787007645
dcs,1,5,50.71882508997066
dcs,1,5,52.52698828832125
dcs,1,5,52.59580109553805
dcs,1,5,49.30947367965922
dcs,1,5,51.290005796712116
dcs,1,5,52.68717681322919
dcs,1,5,50.186035364611136
dcs,1,5,51.45183009986927
dcs,1,5,48.57379184359059
dcs,1,5,47.83025334258059
dcs,1,5,51.10600982561443
dcs,1,5,52.74500072185789
dcs,1,5,48.906342980599966
dcs,1,5,51.72363556414894
dcs,1,5,50.60588042400492
dcs,1,5,48.89261519225208
dcs,1,5,51.4840833393301
dcs,1,5,49.19033785172517
dcs,1,5,46.16638640105483
dcs,1,5,53.5434118459532
dcs,1,5,54.59800095607782
dcs,1,5,53.30996317586193
dcs,1,5,52.78895792153545
dcs,1,5,55.448726520173956
dcs,1,5,56.16956308299638
dcs,1,5,56.281261233483555
dcs,1,5,55.97822510933248
dcs,1,5,59.34423836316249
dcs,1,5,56.11422798091023
dcs,1,5,55.762069093666625
dcs,1,5,59.340096680659904
dcs,1,5,54.31171603834984
dcs,1,5,59.157569033750654
dcs,1,5,57.23047747173772
dcs,1,5,61.61540250670833
dcs,1,5,61.77822961064503
dcs,1,5,61.61333944068782
dcs,1,5,64.31630553729939
dcs,1,5,61.08889408208957
dcs,1,5,60.65517187721302
dcs,1,5,63.52621318821754
dcs,1,5,59.78156148462322
dcs,1,5,62.65070095870051
dcs,1,5,61.01515484361032
dcs,1,5,58.68270332605839
dcs,1,5,60.713944344295506
dcs,1,5,63.61613126680118
dcs,1,5,59.095224685266714
dcs,1,5,63.65232287437961
dcs,1,5,60.55891474197259
dcs,1,5,57.70629610011526
dcs,1,5,62.73496086797245
dcs,1,5,60.13858007451558
dcs,1,5,55.61779736637387
dcs,1,5,58.28747515739734
dcs,1,5,60.51414428894521
dcs,1,5,58.00942097371206
dcs,1,5,62.05666479572267
dcs,1,5,59.979607624283325
dcs,1,5,57.302437969426585
dcs,1,5,61.610777575289596
dcs,1,5,56.538264398588616
dcs,1,5,61.679955563204295
dcs,1,5,59.12249558041132
dcs,1,5,57.37873497906454
dcs,1,5,56.14839311609329
dcs,1,5,60.37524919918496
dcs,1,5,57.43987631053658
dcs,1,5,62.819239449779914
dcs,1,5,58.67695686947713
dcs,1,5,57.544407272025595
dcs,1,5,63.047519440380476
dcs,1,5,59.354379290845785
dcs,1,5,53.4406669308383
dcs,1,5,55.466467555852105
dcs,1,5,58.91706617771363
dcs,1,5,61.75627823416138
dcs,1,5,57.99145255465781
dcs,1,5,62.94887254867981
dcs,1,5,60.187212876225466
dcs,1,5,56.896351245208336
dcs,1,5,63.07972624494045
dcs,1,5,59.24504791514049
dcs,1,5,52.95437272904774
dcs,1,5,52.27384339144841
dcs,1,5,59.79552912864695
dcs,1,5,58.40472277489623
dcs,1,5,51.4702915737894
dcs,1,5,50.245121385740376
dcs,1,5,48.753230943097044
dcs,1,5,51.301458586485914
dcs,1,5,50.932082489555626
dcs,1,5,50.59281786520826
dcs,1,5,52.40420547473955
dcs,1,5,53.905830983152846
dcs,1,5,54.5667902420288
dcs,1,5,54.182622113624994
dcs,1,5,56.380679875801604
dcs,1,5,53.68939065516998
dcs,1,5,53.81323684628685
dcs,1,5,55.16417646300247
dcs,1,5,52.211461142415224
dcs,1,5,54.832321497589085
dcs,1,5,52.663831573726334
dcs,1,5,56.4658879608201
dcs,1,5,59.824846962096125
dcs,1,5,60.83213052858583
dcs,1,5,62.35714130917182
dcs,1,5,60.01717388005684
dcs,1,5,59.73611030780507
dcs,1,5,61.76123336547857
dcs,1,5,57.85672373212373
dcs,1,5,61.177264922426126
dcs,1,5,58.871482896093696
dcs,1,5,56.772739523603214
dcs,1,5,57.70217221080207
dcs,1,5,59.22613116986725
dcs,1,5,56.76576258542706
dcs,1,5,60.031840601573585
dcs,1,5,57.96063539629516
dcs,1,5,56.34450740673295
dcs,1,5,59.91968531432367
dcs,1,5,58.146992818213434
dcs,1,5,53.81656934827071
dcs,1,5,54.99408442899774
dcs,1,5,58.31696929758289
dcs,1,5,58.88904937121008
dcs,1,5,60.33499918693202
dcs,1,5,59.144954128977936
dcs,1,5,57.86065925095896
dcs,1,5,59.26074719579741
dcs,1,5,56.78350840869208
dcs,1,5,60.271923692577325
dcs,1,5,56.79632687765486
dcs,1,5,55.86961276281871
dcs,1,5,57.410273484014276
dcs,1,5,59.122461170270505
dcs,1,5,55.92890907281548
dcs,1,5,60.257469832678375
dcs,1,5,57.36639109465512
dcs,1,5,56.34125973828441
dcs,1,5,59.83440934560293
dcs,1,5,57.24504717907861
dcs,1,5,52.36249322080014
dcs,1,5,52.06155964926797
dcs,1,5,58.64337384482208
dcs,1,5,59.44234722563416
dcs,1,5,58.563825927617586
dcs,1,5,62.35908992548563
dcs,1,5,59.327222820866936
dcs,1,5,57.831774438225295
dcs,1,5,61.68329244212418
dcs,1,5,58.308534537989964
dcs,1,5,53.98883711454435
dcs,1,5,52.539017980578635
dcs,1,5,58.186021522090314
dcs,1,5,56.65261809224062
dcs,1,5,51.537902141163656
dcs,1,5,52.52432709594557
dcs,1,5,52.97346664338823
dcs,1,5,55.44271022866267
dcs,1,5,54.606633975843536
dcs,1,5,57.20259892745323
dcs,1,5,55.896874585052224
dcs,1,5,55.52954585176265
dcs,1,5,58.55894905962502
dcs,1,5,53.39818943487034
dcs,1,5,58.991135227203884
dcs,1,5,57.07500048993809
dcs,1,5,54.985029280821934
dcs,1,5,58.0119879557762
dcs,1,5,59.698434990802255
dcs,1,5,56.29442282827891
dcs,1,5,62.204264862626204
dcs,1,5,59.11462093318999
dcs,1,5,55.826426854483756
dcs,1,5,61.18552750772074
dcs,1,5,58.56850767001665
dcs,1,5,54.17657147851343
dcs,1,5,56.388745810018214
dcs,1,5,61.943320781964026
dcs,1,5,63.720838984474135
dcs,1,5,62.65951380815484
dcs,1,5,66.23685197304489
dcs,1,5,62.751975877776495
dcs,1,5,60.71900070673168
dcs,1,5,65.20409401878626
dcs,1,5,62.69672036265389
dcs,1,5,56.67575469491208
dcs,1,5,56.2805871443053
dcs,1,5,61.18946893043193
dcs,1,5,59.827792729862026
dcs,1,5,53.83422759469845
dcs,1,5,54.95229902078382
dcs,1,5,52.84045592592391
dcs,1,5,59.78703172241204
dcs,1,5,61.8460065543988
dcs,1,5,59.3992411055263
dcs,1,5,65.22702872664676
dcs,1,5,60.008723463239924
dcs,1,5,58.49271313535905
dcs,1,5,64.49048168374397
dcs,1,5,60.27762999703832
dcs,1,5,52.40828000821728
dcs,1,5,54.49974028418517
dcs,1,5,61.04664311443044
dcs,1,5,58.826799895762754
dcs,1,5,51.3269626190635
dcs,1,5,53.153431008668356
dcs,1,5,49.75404404958393
dcs,1,5,59.37139284502927
dcs,1,5,58.75577607805023
dcs,1,5,52.58904331612167
dcs,1,5,52.12144308760116
dcs,1,5,45.69834260753958
dcs,1,6,40.40196854292971
dcs,1,6,40.14831038194132
dcs,1,6,39.710050875418275
dcs,1,6,40.95574121142306
dcs,1,6,41.97547312943899
dcs,1,6,42.91566010751866
dcs,1,6,43.46679442801538
dcs,1,6,45.358647071075666
dcs,1,6,45.72944212630837
dcs,1,6,41.20630827162736
dcs,1,6,42.19389451356638
dcs,1,6,43.13101818192042
dcs,1,6,41.77348407824634
dcs,1,6,44.5927518624362
dcs,1,6,40.68221135533889
dcs,1,6,47.11810490711135
dcs,1,6,47.94982892734936
dcs,1,6,51.16750355236776
dcs,1,6,52.77454214217723
dcs,1,6,47.10555955485404
dcs,1,6,48.347488340115135
dcs,1,6,50.80580636952812
dcs,1,6,47.85165828237512
dcs,1,6,48.052156923749244
dcs,1,6,46.56374587882554
dcs,1,6,46.5931841595084
dcs,1,6,50.227976922922586
dcs,1,6,50.70358523125505
dcs,1,6,47.08169634309154
dcs,1,6,49.97696935039675
dcs,1,6,48.24717409213407
dcs,1,6,46.22738930382489
dcs,1,6,48.92870960962772
dcs,1,6,46.659030847252744
dcs,1,6,43.76131177724284
dcs,1,6,46.248542150698235
dcs,1,6,48.09328982896284
dcs,1,6,48.93217845713367
dcs,1,6,51.82550004262867
dcs,1,6,45.72282745381826
dcs,1,6,46.61383501495592
dcs,1,6,48.57706007621168
dcs,1,6,46.684673634349664
dcs,1,6,49.32020938268753
dcs,1,6,44.70578138473091
dcs,1,6,46.01559271507749
dcs,1,6,48.44077425944813
dcs,1,6,50.511383709228895
dcs,1,6,46.994754045023925
dcs,1,6,51.74740858301629
dcs,1,6,47.54950000030054
dcs,1,6,46.495700830386234
dcs,1,6,50.59964703187202
dcs,1,6,46.225041835099816
dcs,1,6,44.25282394721501
dcs,1,6,43.18897502114201
dcs,1,6,49.339749587647646
dcs,1,6,50.13003338155837
dcs,1,6,48.44671474777335
dcs,1,6,49.994430786481935
dcs,1,6,48.18972857027894
dcs,1,6,45.66031947061079
dcs,1,6,49.5178903045434
dcs,1,6,46.504215427079764
dcs,1,6,45.10734311776456
dcs,1,6,45.005194966611505
dcs,1,6,48.98967924194741
dcs,1,6,48.78503647069005
dcs,1,6,40.20155245575578
dcs,1,6,41.12422366929318
dcs,1,6,50.7250862969232
dcs,1,6,51.6624588638961
dcs,1,6,51.16333124152646
dcs,1,6,54.85110372305716
dcs,1,6,52.14246384399744
dcs,1,6,51.870550382142234
dcs,1,6,54.89806311091583
dcs,1,6,50.75292031577294
dcs,1,6,55.804312320005245
dcs,1,6,53.24853729588676
dcs,1,6,52.60697370132706
dcs,1,6,54.11217788486275
dcs,1,6,56.2257488415461
dcs,1,6,52.630303464771025
dcs,1,6,58.49803328355953
dcs,1,6,56.2698109960862
dcs,1,6,52.441841796739254
dcs,1,6,58.713165462994255
dcs,1,6,55.130653168841306
dcs,1,6,51.08512579656984
dcs,1,6,54.168476370747904
dcs,1,6,59.65236256250778
dcs,1,6,62.95626972509125
dcs,1,6,59.19029027113929
dcs,1,6,62.60517202194393
dcs,1,6,60.81657942406194
dcs,1,6,57.44388973437617
dcs,1,6,63.3204272310099
dcs,1,6,60.18704518075161
dcs,1,6,54.60969742978312
dcs,1,6,53.72857581031358
dcs,1,6,60.58881686810425
dcs,1,6,58.2345923802893
dcs,1,6,54.19286750895618
dcs,1,6,52.28821637681182
dcs,1,6,50.139953165277426
dcs,1,6,54.12303458635391
dcs,1,6,58.403674072112004
dcs,1,6,54.99602213265722
dcs,1,6,61.33315759933593
dcs,1,6,57.20961158980093
dcs,1,6,53.93518024759934
dcs,1,6,60.18096095346531
dcs,1,6,57.11102960418483
dcs,1,6,48.819935981768886
dcs,1,6,50.43201543140868
dcs,1,6,58.54746816279184
dcs,1,6,54.59211411495373
dcs,1,6,49.65389606082472
dcs,1,6,49.073366726017944
dcs,1,6,47.55791016464808
dcs,1,6,57.49306968287983
dcs,1,6,55.96814262190737
dcs,1,6,48.40189613041766
dcs,1,6,48.860856308213265
dcs,1,6,39.096163608862845
dcs,1,6,42.089283629070856
dcs,1,6,48.284448961692725
dcs,1,6,47.53814974898277
dcs,1,6,49.68846684406926
dcs,1,6,51.03720396391828
dcs,1,6,50.323326045727164
dcs,1,6,53.00571004078107
dcs,1,6,47.90260756107461
dcs,1,6,51.71875682472284
dcs,1,6,49.98129554963962
dcs,1,6,50.460394400468964
dcs,1,6,53.491870196484435
dcs,1,6,54.4381794789108
dcs,1,6,50.87804873940113
dcs,1,6,55.35187598025362
dcs,1,6,53.42306570458281
dcs,1,6,49.61159970926669
dcs,1,6,53.67507314804744
dcs,1,6,52.02868211227019
dcs,1,6,47.992998723711494
dcs,1,6,49.42714010480331
dcs,1,6,57.71936387461234
dcs,1,6,57.77233568281259
dcs,1,6,57.59096217882182
dcs,1,6,60.99802603883842
dcs,1,6,58.810662758402536
dcs,1,6,56.191943999457386
dcs,1,6,60.95110331748707
dcs,1,6,58.432351333046405
dcs,1,6,53.401795314276164
dcs,1,6,51.886950982962325
dcs,1,6,56.89441871040866
dcs,1,6,55.81428335460121
dcs,1,6,50.495588453211894
dcs,1,6,52.337208083674064
dcs,1,6,48.69294121793659
dcs,1,6,55.90332477648679
dcs,1,6,55.811860976668974
dcs,1,6,56.23465427338326
dcs,1,6,60.10534716138643
dcs,1,6,56.352704163113465
dcs,1,6,53.79360949955695
dcs,1,6,59.31743933428958
dcs,1,6,55.91763930381739
dcs,1,6,48.779397566401435
dcs,1,6,51.29944039015682
dcs,1,6,56.989434995294246
dcs,1,6,55.64535547712375
dcs,1,6,49.843813589111676
dcs,1,6,49.31209072933199
dcs,1,6,46.69405708174749
dcs,1,6,54.45246978289054
dcs,1,6,54.79953308003633
dcs,1,6,52.79667264614026
dcs,1,6,51.09487254572669
dcs,1,6,46.14443693970837
dcs,1,6,42.93727035893754
dcs,1,6,50.07607064931245
dcs,1,6,53.255693936937355
dcs,1,6,51.03740912575426
dcs,1,6,57.5742688530263
dcs,1,6,53.39324853175983
dcs,1,6,52.28784878602696
dcs,1,6,58.46364775420424
dcs,1,6,55.13441873461708
dcs,1,6,49.94850261772151
dcs,1,6,49.15942102251307
dcs,1,6,56.58663789423851
dcs,1,6,55.46554761174605
dcs,1,6,47.94800423302079
dcs,1,6,50.66272793636368
dcs,1,6,49.02009187354279
dcs,1,6,60.099476767337684
dcs,1,6,60.013071380411574
dcs,1,6,54.60829517814289
dcs,1,6,53.69460637644828
dcs,1,6,47.72630713576846
dcs,1,6,43.84597885940599
dcs,1,6,55.9972853507993
dcs,1,6,56.3486812951485
dcs,1,6,48.25197972688638
dcs,1,6,48.81859925698955
dcs,1,6,42.988588506615194
dcs,1,6,36.91211770174574
drop,2,0,73.89674804267477
drop,2,1,70.01637760110451
drop,2,1,63.99450974363679
drop,2,1,71.06523426965477
drop,2,1,69.95285832714059
drop,2,1,75.21476764988871
drop,2,1,73.218285496748
drop,2,1,72.31628517755652
drop,2,1,71.34056667522644
drop,2,1,73.10094394050222
drop,2,1,74.8198149018089
drop,2,2,46.31788260608323
drop,2,2,65.98655825690983
drop,2,2,62.54932929072838
drop,2,2,70.22810311571054
drop,2,2,69.23227688201824
drop,2,2,69.36835262122602
drop,2,2,67.03371091431586
drop,2,2,67.96583327172456
drop,2,2,68.91971009496369
drop,2,2,61.11383598040312
drop,2,2,61.071316527141335
drop,2,2,60.60826875194998
drop,2,2,62.851091525614905
drop,2,2,63.47189450919918
drop,2,2,61.47931831730169
drop,2,2,61.96838992664072
drop,2,2,62.77992992738894
drop,2,2,56.43212357398654
drop,2,2,70.36232304470393
drop,2,2,69.43553759777275
drop,2,2,70.67172319695399
drop,2,2,67.98428219158478
drop,2,2,69.6931106689991
drop,2,2,71.39205115870273
drop,2,2,70.05654433426716
drop,2,2,70.66851770850373
drop,2,2,68.30852892834322
drop,2,2,66.5385276368631
drop,2,2,69.81460867139741
drop,2,2,68.66840231439546
drop,2,2,73.58307870626365
drop,2,2,74.10627269497347
drop,2,2,73.42171791689032
drop,2,2,73.43925956776194
drop,2,2,75.01709698265391
drop,2,2,69.99890059067418
drop,2,2,70.68575081652433
drop,2,2,71.0960105229307
drop,2,2,73.420492815928
drop,2,2,70.47512874720982
drop,2,2,71.64214834192894
drop,2,2,72.82116532748172
drop,2,2,70.01141415261807
drop,2,2,73.12703056109208
drop,2,2,70.77725226688004
drop,2,3,46.030955136624996
drop,2,3,40.505305833189496
drop,2,3,44.09501203838355
drop,2,3,43.592012863273624
drop,2,3,45.76848502553306
drop,2,3,44.35436970797031
drop,2,3,43.457059741246475
drop,2,3,40.026721505385815
drop,2,3,52.91578642471179
drop,2,3,66.1197835548919
drop,2,3,66.46919896403331
drop,2,3,65.39430636483289
drop,2,3,63.43678653448767
drop,2,3,64.69261532534357
drop,2,3,65.87884091219772
drop,2,3,63.4374485840609
drop,2,3,62.58969016804122
drop,2,3,62.215453814394564
drop,2,3,59.83078855764984
drop,2,3,60.904041636786566
drop,2,3,63.005518886816795
drop,2,3,68.36949708751379
drop,2,3,69.22344372813949
drop,2,3,66.59143919976724
drop,2,3,67.97727542696465
drop,2,3,70.56630164803165
drop,2,3,65.67895004942073
drop,2,3,65.79581867899302
drop,2,3,68.19533157767768
drop,2,3,68.39181643455034
drop,2,3,65.5316352638267
drop,2,3,67.95274424743683
drop,2,3,69.53560519034525
drop,2,3,62.638717615751986
drop,2,3,67.55707262043829
drop,2,3,64.31978981987962
drop,2,3,42.88597757418639
drop,2,3,56.688662427498876
drop,2,3,58.6502113210974
drop,2,3,60.62110837183639
drop,2,3,58.250922847943436
drop,2,3,60.89365936080128
drop,2,3,59.97638492644886
drop,2,3,56.68644557290511
drop,2,3,60.63375507500878
drop,2,3,60.75989569921021
drop,2,3,59.24713394115715
drop,2,3,60.455611050222494
drop,2,3,59.53753532181029
drop,2,3,58.80101690993579
drop,2,3,58.994275225880536
drop,2,3,58.051483154613166
drop,2,3,59.469836874668644
drop,2,3,59.983632963311905
drop,2,3,59.587145692595456
drop,2,3,57.2133649771349
drop,2,3,61.62309975019459
drop,2,3,62.29407209233943
drop,2,3,59.548678161450596
drop,2,3,60.337858332885915
drop,2,3,61.686729498567566
drop,2,3,58.360534816281564
drop,2,3,60.1381508691617
drop,2,3,59.585294951274555
drop,2,3,49.556403508206074
drop,2,3,56.95431314972156
drop,2,3,55.5867896549547
drop,2,3,53.75702337998803
drop,2,3,55.95052022469953
drop,2,3,54.19949886348401
drop,2,3,68.42119975216328
drop,2,3,69.21946649648957
drop,2,3,67.38256358125034
drop,2,3,69.3385691962982
drop,2,3,70.35812929991035
drop,2,3,67.6147678123116
drop,2,3,66.37375041846981
drop,2,3,69.41768845603737
drop,2,3,71.18541531075127
drop,2,3,66.92793951879804
drop,2,3,68.77576457891692
drop,2,3,70.91102909233135
drop,2,3,65.79223640301065
drop,2,3,70.07545158395052
drop,2,3,69.3989997663734
drop,2,3,64.79711081908077
drop,2,3,68.969746459103
drop,2,3,67.14776584633867
drop,2,3,70.30693286269104
drop,2,3,69.049551581855
drop,2,3,67.03809805276207
drop,2,3,68.29115853259516
drop,2,3,70.61685253395622
drop,2,3,68.6887760301583
drop,2,3,65.60172179926685
drop,2,3,68.73030497356044
drop,2,3,67.86606743767514
drop,2,3,65.01856774611021
drop,2,3,66.94283727056306
drop,2,3,66.10814416447865
drop,2,3,66.44580149352957
drop,2,3,69.19885513327286
drop,2,3,71.82241905587111
drop,2,3,73.70122187268814
drop,2,3,70.93929885524975
drop,2,3,72.65237594133373
drop,2,3,72.85139976844833
drop,2,3,68.8974199637041
drop,2,3,72.66095249290639
drop,2,3,68.30922945467834
drop,2,3,61.87743196623069
drop,2,3,68.62866999205461
drop,2,3,70.50248867620427
drop,2,3,67.47806391073985
drop,2,3,72.41661376450386
drop,2,3,69.96941418538476
drop,2,3,66.85253052952321
drop,2,3,71.20918618653887
drop,2,3,69.0573028277096
drop,2,3,57.85123212747486
drop,2,4,31.472654492876593
drop,2,4,42.99333105661322
drop,2,4,43.38133983506493
drop,2,4,45.15647719963547
drop,2,4,43.90438586522362
drop,2,4,43.7587131666295
drop,2,4,40.66770058916425
drop,2,4,36.09067442013727
drop,2,4,38.179929233284554
drop,2,4,39.35101372824532
drop,2,4,39.241521880780965
drop,2,4,38.572796824678505
drop,2,4,37.26904677613656
drop,2,4,41.26746659113
drop,2,4,42.46752299322167
drop,2,4,42.61271059773445
drop,2,4,41.82575102904806
drop,2,4,39.20627303478731
drop,2,4,40.95015344013159
drop,2,4,41.03144815825491
drop,2,4,41.40621580689158
drop,2,4,38.746398078447896
drop,2,4,42.224272636051765
drop,2,4,42.277126346304335
drop,2,4,39.572621485850966
drop,2,4,39.470612531310806
drop,2,4,39.464628459726434
drop,2,4,27.525463225725783
drop,2,4,45.04573034746007
drop,2,4,53.82208894334343
drop,2,4,51.340351466104025
drop,2,4,50.54560603153692
drop,2,4,52.11800619073559
drop,2,4,51.28993208992716
drop,2,4,64.14181842815421
drop,2,4,64.92986216043366
drop,2,4,63.250602444150104
drop,2,4,64.14920736342222
drop,2,4,66.7033992311184
drop,2,4,62.9333484612795
drop,2,4,61.66408627881808
drop,2,4,65.28835331771567
drop,2,4,65.55107022752057
drop,2,4,60.00395079182845
drop,2,4,64.22810808491205
drop,2,4,66.13080570019552
drop,2,4,59.22314618676786
drop,2,4,64.24478334737297
drop,2,4,61.43635731161659
drop,2,4,56.9388057306893
drop,2,4,60.67202815576203
drop,2,4,60.90840309179356
drop,2,4,61.964064115447705
drop,2,4,62.274661783004355
drop,2,4,59.19646549982121
drop,2,4,60.77699999409901
drop,2,4,62.353724853684135
drop,2,4,61.23579614936627
drop,2,4,58.0886190709345
drop,2,4,59.63748641601752
drop,2,4,62.602183844840006
drop,2,4,55.058961162443175
drop,2,4,62.75966810981266
drop,2,4,58.74345104228552
drop,2,4,60.54927893865562
drop,2,4,64.53214219534001
drop,2,4,66.29541934033035
drop,2,4,68.28459347839254
drop,2,4,63.98241517423514
drop,2,4,67.68077184094075
drop,2,4,68.9823959644384
drop,2,4,59.83628541312388
drop,2,4,66.69891710153058
drop,2,4,61.844062865742494
drop,2,4,58.13421042366296
drop,2,4,65.3386413777878
drop,2,4,66.42216316365916
drop,2,4,59.77440923353716
drop,2,4,64.68871015326138
drop,2,4,65.75124567791285
drop,2,4,56.70319130503004
drop,2,4,66.2118658688431
drop,2,4,64.42763854744707
drop,2,4,44.954858614657475
drop,2,4,27.522425337972884
drop,2,4,42.35707602708593
drop,2,4,43.34297951531026
drop,2,4,40.04824493922116
drop,2,4,42.191362986900835
drop,2,4,42.48136798266849
drop,2,4,53.747766087011016
drop,2,4,56.3089909499887
drop,2,4,53.90639038342389
drop,2,4,57.493285976307014
drop,2,4,55.147289016173794
drop,2,4,55.97502677636803
drop,2,4,53.78137310275757
drop,2,4,58.791071051809716
drop,2,4,58.12217937705594
drop,2,4,57.01001505944962
drop,2,4,58.99847084176351
drop,2,4,59.17157547325864
drop,2,4,57.18597447186703
drop,2,4,58.27342574333629
drop,2,4,56.088271250109436
drop,2,4,55.0096663380309
drop,2,4,56.106923819201214
drop,2,4,55.23756702474612
drop,2,4,56.42517149367961
drop,2,4,55.3562217829411
drop,2,4,58.4573794375326
drop,2,4,55.43735141227764
drop,2,4,60.26517252353744
drop,2,4,59.16510838078311
drop,2,4,57.32725145169506
drop,2,4,59.71675169273575
drop,2,4,58.962325878842236
drop,2,4,56.12264341126728
drop,2,4,57.807129275936056
drop,2,4,56.55707030276121
drop,2,4,53.484990425089116
drop,2,4,53.42363926838677
drop,2,4,56.017479716313304
drop,2,4,57.512517120556915
drop,2,4,56.19429211211729
drop,2,4,57.02294972476776
drop,2,4,57.896267828705426
drop,2,4,54.967401825229615
drop,2,4,57.44285358312642
drop,2,4,55.38791093699826
drop,2,4,53.278741543831906
drop,2,4,57.92207153684099
drop,2,4,58.993868434421
drop,2,4,52.65769963509447
drop,2,4,56.28945473105591
drop,2,4,56.16605747765231
drop,2,4,53.317866435959374
drop,2,4,57.90834428993332
drop,2,4,57.13524195985114
drop,2,4,49.46149845551021
drop,2,4,39.9364699231023
drop,2,4,51.47064384368514
drop,2,4,46.98763870745729
drop,2,4,48.82574562813519
drop,2,4,47.74971862467829
drop,2,4,55.62698618842543
drop,2,4,53.35573828243637
drop,2,4,56.947390915834944
drop,2,4,55.21442387528218
drop,2,4,52.17413603240431
drop,2,4,55.67774015300126
drop,2,4,52.73776374805471
drop,2,4,50.59103610244343
drop,2,4,52.25400183804449
drop,2,4,52.32326672432498
drop,2,4,63.272144609304405
drop,2,4,64.973961182224
drop,2,4,67.3190980004896
drop,2,4,68.56022557123961
drop,2,4,66.3581452278226
drop,2,4,69.20889600310221
drop,2,4,70.12429209985866
drop,2,4,63.414270110690204
drop,2,4,67.21415560380653
drop,2,4,65.48813455327162
drop,2,4,56.022835273890244
drop,2,4,66.31667548627372
drop,2,4,66.69333479375405
drop,2,4,63.11856934725422
drop,2,4,67.96241958287054
drop,2,4,66.98163638025703
drop,2,4,63.16427354638877
drop,2,4,68.1008138864656
drop,2,4,66.10702903535784
drop,2,4,54.560666436728475
drop,2,4,52.0625744444185
drop,2,4,62.5806934940486
drop,2,4,66.41341202574287
drop,2,4,63.762811859210395
drop,2,4,65.18959773993046
drop,2,4,70.16688861224628
drop,2,4,67.08054558203146
drop,2,4,65.59671010434819
drop,2,4,66.35995982188642
drop,2,4,62.28817258500436
drop,2,4,58.98506833286632
drop,2,4,66.24150376135111
drop,2,4,64.2617096744746
drop,2,4,67.13835978560925
drop,2,4,67.17372511771373
drop,2,4,65.89725902525315
drop,2,4,63.14721375655222
drop,2,4,66.11651187739166
drop,2,4,64.7252103642808
drop,2,4,56.8858305702358
drop,2,4,55.52089594234047
drop,2,4,66.49807818726148
drop,2,4,66.29103509185299
drop,2,4,65.285247493993
drop,2,4,69.85844644297224
drop,2,4,66.16996822818525
drop,2,4,63.39405320583069
drop,2,4,69.12736014191744
drop,2,4,66.98174381133767
drop,2,4,51.13884003344454
drop,2,4,54.27429102865025
drop,2,4,63.41016406492588
drop,2,4,64.56032745363781
drop,2,4,55.44188226484671
drop,2,4,47.26721430279323
drop,2,5,20.340221242788466
drop,2,5,30.26504703888042
drop,2,5,31.32765808671308
drop,2,5,30.333898580529002
drop,2,5,29.153632472757515
drop,2,5,31.08712579122361
drop,2,5,40.882059013484415
drop,2,5,41.18327632770742
drop,2,5,42.29072882663218
drop,2,5,41.11986035943698
drop,2,5,39.973155638665425
drop,2,5,40.98471750437035
drop,2,5,40.25390168069856
drop,2,5,41.68918664595622
drop,2,5,39.40138898215702
drop,2,5,43.45580719549405
drop,2,5,43.14570447231457
drop,2,5,39.908718343833456
drop,2,5,39.5535719964429
drop,2,5,39.78650449795036
drop,2,5,28.192332067677874
drop,2,5,35.76435204404971
drop,2,5,38.80302323049042
drop,2,5,35.593223718708956
drop,2,5,33.80723514889976
drop,2,5,33.03850864459207
drop,2,5,34.19978808185582
drop,2,5,36.19887160053165
drop,2,5,36.18875267113453
drop,2,5,35.94293281760786
drop,2,5,36.95974103482519
drop,2,5,39.73512974507081
drop,2,5,35.52741444012002
drop,2,5,33.730026077284904
drop,2,5,36.28357260544948
drop,2,5,25.07890367648775
drop,2,5,38.84981922675742
drop,2,5,38.383717880022346
drop,2,5,38.99610117142685
drop,2,5,37.31883412842209
drop,2,5,40.875189237569536
drop,2,5,38.81880264128289
drop,2,5,39.38891209783329
drop,2,5,38.141422987746196
drop,2,5,38.74164408489732
drop,2,5,28.701905607109286
drop,2,5,34.9404894924018
drop,2,5,38.312694865358544
drop,2,5,34.783199700389055
drop,2,5,37.44134814871609
drop,2,5,36.10738014724457
drop,2,5,29.232611711037887
drop,2,5,35.75578115017234
drop,2,5,36.410767523802015
drop,2,5,25.092699610417842
drop,2,5,25.07194886425372
drop,2,5,33.022899999428766
drop,2,5,47.00349349539486
drop,2,5,42.14601663565952
drop,2,5,43.234074349067654
drop,2,5,41.6131648293315
drop,2,5,49.6460116128366
drop,2,5,50.63197484461197
drop,2,5,51.59321899652008
drop,2,5,52.040244492409045
drop,2,5,48.35988127927063
drop,2,5,48.23622939475119
drop,2,5,49.50782344185985
drop,2,5,46.26803651268403
drop,2,5,48.725253862321075
drop,2,5,46.58871200170241
drop,2,5,57.24559490372046
drop,2,5,59.55749031616206
drop,2,5,62.96811257321343
drop,2,5,64.43099083603279
drop,2,5,59.78039562849667
drop,2,5,64.71366414137864
drop,2,5,65.61449934539603
drop,2,5,54.249519630008926
drop,2,5,63.88617015727727
drop,2,5,59.44378861941774
drop,2,5,51.86824960830397
drop,2,5,60.64946551519499
drop,2,5,62.92424882117081
drop,2,5,55.835451620025516
drop,2,5,61.19268821437631
drop,2,5,60.677987211155646
drop,2,5,52.197892642544524
drop,2,5,63.87309473817773
drop,2,5,60.13790420494539
drop,2,5,38.42555740805124
drop,2,5,42.110513433031564
drop,2,5,55.814192371412666
drop,2,5,58.44753602468229
drop,2,5,55.5698745876438
drop,2,5,56.818950273894565
drop,2,5,60.067211787450944
drop,2,5,61.44416987477711
drop,2,5,54.55359768039686
drop,2,5,60.523249506487126
drop,2,5,55.21547386519261
drop,2,5,51.77755820037115
drop,2,5,59.18303709005425
drop,2,5,57.34972177363927
drop,2,5,53.736805273635035
drop,2,5,61.235014541902224
drop,2,5,56.1154605702793
drop,2,5,50.11503151726872
drop,2,5,60.2948673880169
drop,2,5,55.57259118416874
drop,2,5,42.59673987782138
drop,2,5,48.9170702059004
drop,2,5,59.968184227344345
drop,2,5,59.82811386325132
drop,2,5,58.05644660399211
drop,2,5,65.11326382687119
drop,2,5,62.209338698149004
drop,2,5,51.88617227249447
drop,2,5,63.701330087187856
drop,2,5,61.811025990264106
drop,2,5,34.76253917379213
drop,2,5,48.257727710854915
drop,2,5,57.69970053202058
drop,2,5,58.452079347069684
drop,2,5,45.13805849285511
drop,2,5,36.50098365703
drop,2,5,19.927460503858793
drop,2,5,26.54400263620611
drop,2,5,26.63013710224117
drop,2,5,26.211395384671782
drop,2,5,26.87273768277969
drop,2,5,39.88192350273676
drop,2,5,37.06296654358632
drop,2,5,40.86276318794399
drop,2,5,41.276600678843366
drop,2,5,39.91628157235645
drop,2,5,42.913414347278426
drop,2,5,43.118680365331784
drop,2,5,39.13688950763311
drop,2,5,39.68649739145048
drop,2,5,39.7445868675577
drop,2,5,51.587009451532474
drop,2,5,49.19825556063994
drop,2,5,54.21853645681113
drop,2,5,53.20295563448327
drop,2,5,53.16546278052856
drop,2,5,56.25571678211454
drop,2,5,55.12859851266611
drop,2,5,52.910342081143845
drop,2,5,53.011254342292844
drop,2,5,52.456520384466835
drop,2,5,50.1085365987834
drop,2,5,55.21519479899619
drop,2,5,54.35169792703618
drop,2,5,50.4618238006813
drop,2,5,52.17922955122456
drop,2,5,53.67090962686086
drop,2,5,53.37887155003146
drop,2,5,54.883548443123495
drop,2,5,54.94582642201813
drop,2,5,49.0629988470648
drop,2,5,44.748609228776466
drop,2,5,49.428766476008654
drop,2,5,52.92353835993921
drop,2,5,53.62001627474592
drop,2,5,53.91399148777587
drop,2,5,55.25857259768528
drop,2,5,54.56881210307646
drop,2,5,50.37408561561438
drop,2,5,54.45402132670298
drop,2,5,49.65668544546424
drop,2,5,51.51289096908746
drop,2,5,58.11486015660477
drop,2,5,56.89674195714217
drop,2,5,51.32042527118424
drop,2,5,54.48956911304858
drop,2,5,55.95562059582873
drop,2,5,51.36682024433935
drop,2,5,55.619390488521674
drop,2,5,54.31474881546842
drop,2,5,46.78383805275811
drop,2,5,47.57611738954446
drop,2,5,51.91930460919382
drop,2,5,49.24811425849118
drop,2,5,49.538717242451455
drop,2,5,52.50535771098767
drop,2,5,51.14214478867956
drop,2,5,49.30094476767251
drop,2,5,53.69308483498667
drop,2,5,51.16038788836884
drop,2,5,45.39352586526995
drop,2,5,45.26814368392131
drop,2,5,52.01317884941612
drop,2,5,53.04850403135506
drop,2,5,42.053941566247424
drop,2,5,41.08598027894079
drop,2,5,35.212427796493664
drop,2,5,37.66088141614103
drop,2,5,37.03128729981105
drop,2,5,38.863621188891834
drop,2,5,46.09093334370323
drop,2,5,48.59764748308506
drop,2,5,49.62470263193706
drop,2,5,44.897470124234
drop,2,5,45.16373523672261
drop,2,5,40.667023505090974
drop,2,5,46.79159593078724
drop,2,5,54.91590581991945
drop,2,5,53.28138109978097
drop,2,5,50.57488795926274
drop,2,5,52.84707716893338
drop,2,5,49.82636972755263
drop,2,5,48.698347091556954
drop,2,5,50.86316091006859
drop,2,5,50.239727534571436
drop,2,5,45.155987322545776
drop,2,5,52.02366087789584
drop,2,5,63.86003990411343
drop,2,5,62.71310159657481
drop,2,5,60.369684131825274
drop,2,5,64.8948411748565
drop,2,5,62.26825528022736
drop,2,5,61.45760909837188
drop,2,5,65.92475958876513
drop,2,5,65.1684711134001
drop,2,5,46.99234419517236
drop,2,5,49.53257139381163
drop,2,5,56.970186134669895
drop,2,5,59.98980713398407
drop,2,5,54.908320144734226
drop,2,5,44.505633503096156
drop,2,5,39.482648853417736
drop,2,5,56.9987932110818
drop,2,5,50.77276734855986
drop,2,5,60.91758537823177
drop,2,5,61.81420631367053
drop,2,5,58.119713250385246
drop,2,5,60.372804395071945
drop,2,5,64.84561343221701
drop,2,5,63.307470931092844
drop,2,5,48.197520739310356
drop,2,5,52.84428905814692
drop,2,5,58.50509536938237
drop,2,5,59.07761731677682
drop,2,5,54.552837448501
drop,2,5,44.420896179414044
drop,2,5,47.92566229588588
drop,2,5,55.61790373169139
drop,2,5,58.51411821120966
drop,2,5,51.72545755998957
drop,2,5,44.51988325711374
drop,2,5,31.73984566587548
drop,2,6,15.784889219449244
drop,2,6,18.8618089837737
drop,2,6,19.88586192384687
drop,2,6,18.46530079142243
drop,2,6,19.66404153882007
drop,2,6,27.514736952699625
drop,2,6,28.745611998634214
drop,2,6,27.238531533297003
drop,2,6,29.292488950251375
drop,2,6,29.578451882005016
drop,2,6,27.820150650293794
drop,2,6,30.532742508694277
drop,2,6,27.49930857565509
drop,2,6,30.670372308546455
drop,2,6,20.498089253305434
drop,2,6,37.91160399702408
drop,2,6,37.67178841055166
drop,2,6,39.67368703447027
drop,2,6,37.38514039561541
drop,2,6,40.24938994404954
drop,2,6,36.96603840578199
drop,2,6,40.26153325145698
drop,2,6,37.21050299404204
drop,2,6,39.03726021641286
drop,2,6,31.158732130522022
drop,2,6,35.042857489856765
drop,2,6,39.18971777205903
drop,2,6,36.41807503759727
drop,2,6,37.68883549873342
drop,2,6,36.72859502085651
drop,2,6,28.589689867720413
drop,2,6,35.78646502071678
drop,2,6,37.99271285618266
drop,2,6,25.539352837592055
drop,2,6,25.10173928199956
drop,2,6,28.26723656575158
drop,2,6,33.35076059641629
drop,2,6,31.8529214487589
drop,2,6,33.134485603305414
drop,2,6,36.13782521546728
drop,2,6,36.535253387156466
drop,2,6,32.06193813666773
drop,2,6,32.53179435048027
drop,2,6,32.765050016517485
drop,2,6,23.160965486406173
drop,2,6,30.221833335649134
drop,2,6,35.62912004908586
drop,2,6,31.49249371654944
drop,2,6,31.220934945948375
drop,2,6,34.445290948766846
drop,2,6,24.943109401383943
drop,2,6,29.853446585115282
drop,2,6,33.04793740814763
drop,2,6,20.416391099243036
drop,2,6,23.95640463868217
drop,2,6,31.902656734474867
drop,2,6,32.705528035831904
drop,2,6,33.40910563078359
drop,2,6,34.03343914116713
drop,2,6,35.562708401516424
drop,2,6,29.522832839851226
drop,2,6,31.657186603141884
drop,2,6,36.98649500985085
drop,2,6,24.97180391653487
drop,2,6,24.061330673125326
drop,2,6,28.990102052745293
drop,2,6,30.45599442544216
drop,2,6,23.808957393870315
drop,2,6,24.107618748835666
drop,2,6,20.024140549622263
drop,2,6,30.056578925056662
drop,2,6,30.418747413801476
drop,2,6,31.117585656806067
drop,2,6,31.4440638596234
drop,2,6,41.9540149469956
drop,2,6,43.37356016576879
drop,2,6,44.70131974120593
drop,2,6,38.68520312122189
drop,2,6,40.54678849190933
drop,2,6,34.59813886349319
drop,2,6,42.04282186127166
drop,2,6,48.62717358787881
drop,2,6,47.06397006281374
drop,2,6,45.20077895595837
drop,2,6,49.41633956400358
drop,2,6,46.41902825353186
drop,2,6,39.34389031103476
drop,2,6,46.932452459373145
drop,2,6,45.098989305967585
drop,2,6,30.420108488857984
drop,2,6,46.496140946514465
drop,2,6,57.52566475478219
drop,2,6,57.116406752717026
drop,2,6,53.27082777745881
drop,2,6,59.26937998772116
drop,2,6,59.300732409350836
drop,2,6,50.0542233280429
drop,2,6,62.06108902117361
drop,2,6,59.48755597241744
drop,2,6,30.48848766718908
drop,2,6,43.30713382639757
drop,2,6,51.39867838393382
drop,2,6,54.743571473048384
drop,2,6,42.48953394741559
drop,2,6,33.265167514554236
drop,2,6,31.150486692029943
drop,2,6,44.10587467030241
drop,2,6,39.25598405685564
drop,2,6,52.31919805107878
drop,2,6,54.59179297393594
drop,2,6,49.87114226969539
drop,2,6,47.69656041222246
drop,2,6,58.29502073990222
drop,2,6,55.30396854445973
drop,2,6,31.470776223321106
drop,2,6,43.317101140363555
drop,2,6,52.132932001832614
drop,2,6,52.25539615343599
drop,2,6,43.08723791441287
drop,2,6,34.04415845961391
drop,2,6,41.39161438802459
drop,2,6,47.429021880904166
drop,2,6,53.2941858149721
drop,2,6,40.423240429409255
drop,2,6,31.32123643346296
drop,2,6,27.89089963192352
drop,2,6,17.3428496464926
drop,2,6,17.53510324687947
drop,2,6,19.343688982278618
drop,2,6,19.39762227138591
drop,2,6,25.441191707998286
drop,2,6,25.809966259519225
drop,2,6,25.324119773823462
drop,2,6,24.588238318670783
drop,2,6,25.75901047183246
drop,2,6,25.82440638732434
drop,2,6,33.67285406675295
drop,2,6,39.115961948921
drop,2,6,37.85928288383135
drop,2,6,33.8077784067812
drop,2,6,35.74406349547973
drop,2,6,36.93126344449222
drop,2,6,36.27328029411148
drop,2,6,39.76111876603026
drop,2,6,38.712304212072006
drop,2,6,33.35344611299079
drop,2,6,45.15957147276456
drop,2,6,50.109480502509165
drop,2,6,47.68955898251247
drop,2,6,47.21799001743835
drop,2,6,48.53211007673615
drop,2,6,48.49045423691981
drop,2,6,50.376219719884425
drop,2,6,52.78421110144542
drop,2,6,52.39459963654326
drop,2,6,39.87163325657233
drop,2,6,43.53345914186408
drop,2,6,47.443453158036206
drop,2,6,50.967741366526916
drop,2,6,42.09865524514661
drop,2,6,40.831444522845764
drop,2,6,35.15118982360972
drop,2,6,46.42015269777347
drop,2,6,41.686855414794174
drop,2,6,45.397321656086646
drop,2,6,48.001371937252365
drop,2,6,45.8040297615776
drop,2,6,47.86826248715987
drop,2,6,52.332759212339546
drop,2,6,47.0018125226995
drop,2,6,44.074282415409236
drop,2,6,44.65798044757006
drop,2,6,49.13946566861568
drop,2,6,52.21632066835044
drop,2,6,42.05679791858038
drop,2,6,37.10309898600491
drop,2,6,39.57428651395594
drop,2,6,43.53791227628075
drop,2,6,42.87135485022782
drop,2,6,38.618689848841555
drop,2,6,36.368149047215425
drop,2,6,26.19897336118392
drop,2,6,30.947625751998093
drop,2,6,33.62777873240942
drop,2,6,34.47811696820474
drop,2,6,35.208883933631405
drop,2,6,37.31320677537509
drop,2,6,29.92949858457067
drop,2,6,42.999910474908
drop,2,6,44.5779534069297
drop,2,6,40.104228382189795
drop,2,6,29.33668423877838
drop,2,6,39.17914166549063
drop,2,6,46.1668562868275
drop,2,6,44.70291622853732
drop,2,6,40.64814531135013
drop,2,6,39.505785275413835
drop,2,6,45.68603253524979
drop,2,6,51.46463646127797
drop,2,6,54.68240429210558
drop,2,6,49.257426336384356
drop,2,6,42.92595105255505
drop,2,6,30.390418826980703
drop,2,6,35.658337973516375
drop,2,6,39.31058635693238
drop,2,6,48.015428049144305
drop,2,6,42.443061376864854
drop,2,6,45.31882340728562
drop,2,6,29.939851644208833
drop,2,6,27.289798594512806
hcs,2,0,67.9446603205474
hcs,2,1,66.12279911069565
hcs,2,1,61.821756393583556
hcs,2,1,66.98427754371158
hcs,2,1,66.97117603098171
hcs,2,1,68.50383744001974
hcs,2,1,67.78566805711726
hcs,2,1,67.07702282603779
hcs,2,1,67.86787303747933
hcs,2,1,67.25568442415486
hcs,2,1,68.48121466966505
hcs,2,2,57.09136965807402
hcs,2,2,65.32059709433825
hcs,2,2,64.17687733772222
hcs,2,2,65.68061331597187
hcs,2,2,66.06479220373431
hcs,2,2,65.41707612558334
hcs,2,2,65.06447189950013
hcs,2,2,65.4002260814068
hcs,2,2,66.35503612188946
hcs,2,2,61.484934035431785
hcs,2,2,59.8709627509113
hcs,2,2,61.990449709206565
hcs,2,2,61.84816746668712
hcs,2,2,60.644578228209824
hcs,2,2,62.15187612015212
hcs,2,2,62.00362612907785
hcs,2,2,61.62012066046416
hcs,2,2,64.68010175318791
hcs,2,2,66.85887539221493
hcs,2,2,66.46463323216383
hcs,2,2,66.43694153257498
hcs,2,2,66.06293150412388
hcs,2,2,66.50522715002793
hcs,2,2,67.3440087187614
hcs,2,2,66.03736998378982
hcs,2,2,66.59265003377126
hcs,2,2,66.04148425920485
hcs,2,2,66.61640201678075
hcs,2,2,66.390715902751
hcs,2,2,66.89732231922768
hcs,2,2,67.79565479830315
hcs,2,2,66.19605216824037
hcs,2,2,66.93078842743395
hcs,2,2,66.97799787278012
hcs,2,2,68.79017807723311
hcs,2,2,66.60581455206449
hcs,2,2,67.48986364967392
hcs,2,2,67.1786622239624
hcs,2,2,68.26041262515682
hcs,2,2,66.30341422988855
hcs,2,2,66.54237665636887
hcs,2,2,67.6588624207797
hcs,2,2,64.8736927028614
hcs,2,2,67.83731724481713
hcs,2,2,65.88962752572228
hcs,2,3,56.039810980934064
hcs,2,3,53.737049543701495
hcs,2,3,56.43104437784728
hcs,2,3,55.47644767034287
hcs,2,3,53.22975165397047
hcs,2,3,53.92127765341083
hcs,2,3,55.612623731678504
hcs,2,3,56.416934692613424
hcs,2,3,60.78913570874915
hcs,2,3,64.42779182692352
hcs,2,3,64.17060943708752
hcs,2,3,63.96682723961208
hcs,2,3,63.82896652634675
hcs,2,3,64.51170235486669
hcs,2,3,65.36664289717982
hcs,2,3,63.48862945444072
hcs,2,3,63.47836590556602
hcs,2,3,62.30384415416025
hcs,2,3,63.14988573555079
hcs,2,3,63.76136972962882
hcs,2,3,64.30027069868854
hcs,2,3,65.20679719165088
hcs,2,3,63.21010784520614
hcs,2,3,64.15288678347443
hcs,2,3,65.08885099367862
hcs,2,3,66.19773196062381
hcs,2,3,64.06000599862584
hcs,2,3,64.86389246698253
hcs,2,3,65.53222517092699
hcs,2,3,66.26378414319058
hcs,2,3,63.89508107165905
hcs,2,3,64.43573127234005
hcs,2,3,65.4709833508318
hcs,2,3,62.70546502894514
hcs,2,3,65.7835418250084
hcs,2,3,64.09333373012944
hcs,2,3,55.715184539038546
hcs,2,3,59.916252182195116
hcs,2,3,60.94730443711705
hcs,2,3,60.232718067183
hcs,2,3,60.31468890971656
hcs,2,3,61.12046761787351
hcs,2,3,61.925437143718796
hcs,2,3,58.371684580488456
hcs,2,3,59.98965093530402
hcs,2,3,59.24071954897315
hcs,2,3,60.26347328440032
hcs,2,3,60.46342828595685
hcs,2,3,60.36423668936941
hcs,2,3,60.74091491805317
hcs,2,3,58.90180476776335
hcs,2,3,60.724813151607314
hcs,2,3,60.85581808175722
hcs,2,3,62.259397258971276
hcs,2,3,60.44337772796261
hcs,2,3,61.130946023362945
hcs,2,3,62.007092014394075
hcs,2,3,62.54970786158771
hcs,2,3,60.75625822868305
hcs,2,3,60.53501399756406
hcs,2,3,60.918992747711854
hcs,2,3,58.8589258523373
hcs,2,3,61.881444738920614
hcs,2,3,59.45830762730308
hcs,2,3,55.15861109078292
hcs,2,3,62.8910753135513
hcs,2,3,63.5770354899043
hcs,2,3,62.92445576487194
hcs,2,3,63.608887739094484
hcs,2,3,63.833579329696285
hcs,2,3,65.61418501257427
hcs,2,3,65.2005884461474
hcs,2,3,65.49216883686493
hcs,2,3,66.33131572718956
hcs,2,3,66.61489915640028
hcs,2,3,66.0037157059758
hcs,2,3,66.65152222227205
hcs,2,3,66.34567362211041
hcs,2,3,66.79299987645354
hcs,2,3,65.48133271460146
hcs,2,3,65.19901484460176
hcs,2,3,66.49329839178867
hcs,2,3,63.25547279517911
hcs,2,3,66.77321888137105
hcs,2,3,64.76352853300419
hcs,2,3,64.21505188610823
hcs,2,3,63.86759840406829
hcs,2,3,64.77231897006881
hcs,2,3,65.53982215015787
hcs,2,3,66.65572120147458
hcs,2,3,65.65131070622895
hcs,2,3,66.35477051336383
hcs,2,3,66.08074000698518
hcs,2,3,66.79475474585001
hcs,2,3,65.63208469618249
hcs,2,3,65.37079950827291
hcs,2,3,66.20893035930912
hcs,2,3,64.00479853829616
hcs,2,3,66.61064856973248
hcs,2,3,64.36610470156418
hcs,2,3,64.10443998128758
hcs,2,3,66.65309482382465
hcs,2,3,66.59057260704391
hcs,2,3,67.41657540290603
hcs,2,3,64.41084320197396
hcs,2,3,65.39440966494507
hcs,2,3,65.8118665831128
hcs,2,3,64.42854487334662
hcs,2,3,67.37128699975221
hcs,2,3,65.80429074160187
hcs,2,3,65.23566705039404
hcs,2,3,65.33197569921086
hcs,2,3,66.45653048939262
hcs,2,3,64.77975098221891
hcs,2,3,67.94981653053796
hcs,2,3,65.63125360725483
hcs,2,3,63.18621952643786
hcs,2,3,66.26736177564456
hcs,2,3,65.12132382727556
hcs,2,3,57.704610750263846
hcs,2,4,47.633041201478605
hcs,2,4,54.39074324697723
hcs,2,4,54.92788625187073
hcs,2,4,52.70385791814331
hcs,2,4,54.55876575526611
hcs,2,4,55.4533444988003
hcs,2,4,56.37384993994832
hcs,2,4,52.17506177794231
hcs,2,4,53.08815546612078
hcs,2,4,50.54218807085267
hcs,2,4,52.34607591592354
hcs,2,4,53.222751671503
hcs,2,4,53.465946817698935
hcs,2,4,53.36952224700365
hcs,2,4,51.13689428170683
hcs,2,4,53.669125755808984
hcs,2,4,55.46421143458178
hcs,2,4,55.8626023978375
hcs,2,4,51.331829214857024
hcs,2,4,54.41189734522437
hcs,2,4,52.39380226871827
hcs,2,4,55.39846271569473
hcs,2,4,51.996637567267946
hcs,2,4,53.53492372495197
hcs,2,4,53.277379692281066
hcs,2,4,51.435181473294584
hcs,2,4,55.3644997170161
hcs,2,4,51.77581765347741
hcs,2,4,52.75278463422639
hcs,2,4,59.24027509384323
hcs,2,4,59.69896428525096
hcs,2,4,59.37534469499435
hcs,2,4,60.097766289150115
hcs,2,4,59.82349495859279
hcs,2,4,62.48656470856355
hcs,2,4,62.91302694630729
hcs,2,4,62.44141413532407
hcs,2,4,63.927595537104025
hcs,2,4,64.13018727774212
hcs,2,4,63.09409199376533
hcs,2,4,63.699990959585996
hcs,2,4,63.9933968823539
hcs,2,4,64.66017157132306
hcs,2,4,62.862301380409804
hcs,2,4,63.22850487940135
hcs,2,4,64.54079157338647
hcs,2,4,61.546279498454176
hcs,2,4,64.35092411416527
hcs,2,4,62.587296179012924
hcs,2,4,61.49225979221525
hcs,2,4,61.59605660547178
hcs,2,4,62.14413863354361
hcs,2,4,62.31052505204041
hcs,2,4,63.93905958863848
hcs,2,4,62.006412669560646
hcs,2,4,63.333469364572345
hcs,2,4,63.22473127087036
hcs,2,4,63.941354950953425
hcs,2,4,61.96675488035212
hcs,2,4,62.23331161017171
hcs,2,4,62.69000585922803
hcs,2,4,61.42310999013991
hcs,2,4,63.742467374989076
hcs,2,4,61.8152285266829
hcs,2,4,62.27511792866397
hcs,2,4,63.84590002951647
hcs,2,4,65.04765545921569
hcs,2,4,65.74549161613854
hcs,2,4,62.0700709557688
hcs,2,4,63.58454570966901
hcs,2,4,64.55426996579487
hcs,2,4,62.088814035953284
hcs,2,4,64.80602457564898
hcs,2,4,63.67525922750304
hcs,2,4,62.405423386179145
hcs,2,4,63.4646042289834
hcs,2,4,64.4340348877294
hcs,2,4,63.02335654657728
hcs,2,4,65.38467637297974
hcs,2,4,63.48843602103018
hcs,2,4,60.93293941105893
hcs,2,4,64.18402310352594
hcs,2,4,63.26355099259935
hcs,2,4,57.87556284042681
hcs,2,4,47.68741687130599
hcs,2,4,55.26914737164473
hcs,2,4,54.77417651783967
hcs,2,4,54.669640499606
hcs,2,4,55.288733954221854
hcs,2,4,55.716544006324945
hcs,2,4,59.02670693785678
hcs,2,4,57.38843990696734
hcs,2,4,59.39407718733862
hcs,2,4,60.622466547225315
hcs,2,4,59.57059771573802
hcs,2,4,59.13253079069579
hcs,2,4,60.270746066478935
hcs,2,4,61.078310143008125
hcs,2,4,61.45121444247644
hcs,2,4,58.97926356037164
hcs,2,4,59.43461706386624
hcs,2,4,60.2549954773328
hcs,2,4,58.42070263113941
hcs,2,4,60.82479552385873
hcs,2,4,58.1104027776294
hcs,2,4,56.57533674177643
hcs,2,4,56.91870912821863
hcs,2,4,58.07877381819012
hcs,2,4,58.614449369641456
hcs,2,4,57.71257556589631
hcs,2,4,58.75188391499114
hcs,2,4,60.10589597524422
hcs,2,4,59.87333488181831
hcs,2,4,60.06154752274847
hcs,2,4,58.71295645052477
hcs,2,4,59.16694671623775
hcs,2,4,59.82687775500728
hcs,2,4,57.493918213843024
hcs,2,4,60.008892547753604
hcs,2,4,57.24609348265163
hcs,2,4,58.01150108076224
hcs,2,4,60.50865503062456
hcs,2,4,60.73619382434202
hcs,2,4,61.410685137783
hcs,2,4,58.88719632220808
hcs,2,4,59.59366276724912
hcs,2,4,60.028252565513206
hcs,2,4,58.35853321761363
hcs,2,4,61.410410456356125
hcs,2,4,58.81075060974491
hcs,2,4,58.129990866869306
hcs,2,4,59.345293715426735
hcs,2,4,60.28537405743958
hcs,2,4,58.802554744228146
hcs,2,4,61.57832185770449
hcs,2,4,60.35612501903444
hcs,2,4,56.860687999179554
hcs,2,4,60.57190046861535
hcs,2,4,57.55626846137483
hcs,2,4,53.97419097692268
hcs,2,4,50.81918275848148
hcs,2,4,54.60450246979049
hcs,2,4,52.794426243237346
hcs,2,4,56.38038377307955
hcs,2,4,55.99034647158364
hcs,2,4,62.358630129799906
hcs,2,4,61.17313922974863
hcs,2,4,62.190843553937775
hcs,2,4,62.01590820803461
hcs,2,4,62.16584504217874
hcs,2,4,62.967160796457456
hcs,2,4,63.40601826857591
hcs,2,4,59.44435471490545
hcs,2,4,62.542225488439506
hcs,2,4,61.48348952179822
hcs,2,4,62.503396264844845
hcs,2,4,64.33229375215281
hcs,2,4,65.76395478277848
hcs,2,4,65.97799371932862
hcs,2,4,63.24390784666339
hcs,2,4,65.32045495922671
hcs,2,4,65.05914600352305
hcs,2,4,62.9528268830577
hcs,2,4,65.49163358452749
hcs,2,4,64.42753784516928
hcs,2,4,64.77126097559152
hcs,2,4,64.52013848307477
hcs,2,4,65.26893564689097
hcs,2,4,63.69515922582049
hcs,2,4,66.00596457077745
hcs,2,4,64.57287288654935
hcs,2,4,61.80824643469037
hcs,2,4,65.93529538800131
hcs,2,4,63.3836779954125
hcs,2,4,57.97207871090092
hcs,2,4,60.18537062504753
hcs,2,4,62.8511572771651
hcs,2,4,65.22844530459403
hcs,2,4,64.8530694072903
hcs,2,4,61.974939283435994
hcs,2,4,64.61873285533808
hcs,2,4,63.92950689728963
hcs,2,4,62.418572914132206
hcs,2,4,64.86875438479629
hcs,2,4,64.06042739312974
hcs,2,4,65.09277448323185
hcs,2,4,64.5394176854626
hcs,2,4,64.97372603835404
hcs,2,4,64.53382430327193
hcs,2,4,66.33095882966197
hcs,2,4,64.58789478884844
hcs,2,4,62.12467222744725
hcs,2,4,65.24505994097937
hcs,2,4,63.03527078307794
hcs,2,4,57.34099020222186
hcs,2,4,61.44231497502603
hcs,2,4,63.98856391403445
hcs,2,4,64.05925363877931
hcs,2,4,63.9542341005581
hcs,2,4,66.68037414495821
hcs,2,4,65.80073171532112
hcs,2,4,62.236569356666486
hcs,2,4,64.64304092641842
hcs,2,4,64.68874909049534
hcs,2,4,57.03327583653773
hcs,2,4,61.22674382665104
hcs,2,4,65.42857878544577
hcs,2,4,63.29683723896436
hcs,2,4,56.46472700936813
hcs,2,4,55.75410978158895
hcs,2,5,39.06647035834406
hcs,2,5,46.62247293252897
hcs,2,5,45.24556816279367
hcs,2,5,46.42612381406458
hcs,2,5,46.38966637595614
hcs,2,5,48.14621021313055
hcs,2,5,52.78762555246347
hcs,2,5,49.49388224964645
hcs,2,5,52.04542040727226
hcs,2,5,53.41140906966022
hcs,2,5,54.320505816348195
hcs,2,5,50.858307480151716
hcs,2,5,53.644462151689304
hcs,2,5,52.1809930550578
hcs,2,5,54.15817500125001
hcs,2,5,51.2304996358021
hcs,2,5,52.43742860579156
hcs,2,5,52.350734295500914
hcs,2,5,51.2546984653908
hcs,2,5,54.86465367430135
hcs,2,5,50.24678115903636
hcs,2,5,50.28205078609513
hcs,2,5,47.0952879696983
hcs,2,5,50.146476109720254
hcs,2,5,51.61089012615667
hcs,2,5,51.42596397315289
hcs,2,5,50.0369785929651
hcs,2,5,52.05334527994794
hcs,2,5,51.2752792029127
hcs,2,5,53.10298275716058
hcs,2,5,48.793488417666694
hcs,2,5,51.40235935149871
hcs,2,5,50.4077356529201
hcs,2,5,49.52710991234687
hcs,2,5,52.76870347944295
hcs,2,5,49.55491662058019
hcs,2,5,48.281798759959656
hcs,2,5,50.25650605083906
hcs,2,5,52.181236865596965
hcs,2,5,53.87361418301573
hcs,2,5,48.987103611252586
hcs,2,5,52.02654297724949
hcs,2,5,51.50459056324344
hcs,2,5,50.03725115114246
hcs,2,5,52.61593918470603
hcs,2,5,51.44282355840768
hcs,2,5,48.909574522511306
hcs,2,5,48.52987691932453
hcs,2,5,50.62846574540406
hcs,2,5,49.22634364110587
hcs,2,5,53.18876946130304
hcs,2,5,50.21727611742539
hcs,2,5,48.457919587761
hcs,2,5,50.789328474695466
hcs,2,5,49.35584788348796
hcs,2,5,45.06062629898035
hcs,2,5,48.19266910442007
hcs,2,5,52.77975956395978
hcs,2,5,50.78463703525462
hcs,2,5,53.42901305088527
hcs,2,5,53.718606993659485
hcs,2,5,58.81600989903943
hcs,2,5,58.76450289484103
hcs,2,5,59.15604128164366
hcs,2,5,58.83337104824783
hcs,2,5,58.81936730539194
hcs,2,5,59.45111220733918
hcs,2,5,59.32741337727966
hcs,2,5,55.89310366727729
hcs,2,5,58.76685294405975
hcs,2,5,56.71482760066537
hcs,2,5,59.934671131492685
hcs,2,5,61.278184188815445
hcs,2,5,62.957727743525766
hcs,2,5,63.36779415222786
hcs,2,5,60.45279776053916
hcs,2,5,62.57367766976399
hcs,2,5,62.62299687920682
hcs,2,5,60.067856332809534
hcs,2,5,63.1633429985178
hcs,2,5,62.44679684127135
hcs,2,5,61.09768167489191
hcs,2,5,63.061329331358806
hcs,2,5,62.71383892603434
hcs,2,5,60.95087770062464
hcs,2,5,64.05626635575473
hcs,2,5,62.51396573634797
hcs,2,5,59.30898507985306
hcs,2,5,63.524028183657734
hcs,2,5,62.10635677788415
hcs,2,5,57.980785854511474
hcs,2,5,57.25412926398718
hcs,2,5,59.998478128131104
hcs,2,5,62.25320330680952
hcs,2,5,62.17998175444518
hcs,2,5,59.508207790645216
hcs,2,5,61.80755680505219
hcs,2,5,61.33543347542718
hcs,2,5,60.38330433784778
hcs,2,5,63.71260937456834
hcs,2,5,62.06166003731984
hcs,2,5,61.22337176139701
hcs,2,5,61.91833073204601
hcs,2,5,61.49309434444625
hcs,2,5,61.00808223283244
hcs,2,5,63.56154522909694
hcs,2,5,62.047652968727895
hcs,2,5,57.93480004416842
hcs,2,5,61.81943333582722
hcs,2,5,60.532401905875794
hcs,2,5,57.034657505860714
hcs,2,5,58.46045195550194
hcs,2,5,61.31990453892989
hcs,2,5,62.09987542420816
hcs,2,5,61.71533279303829
hcs,2,5,63.97213061007733
hcs,2,5,63.9965950486007
hcs,2,5,59.41727018070447
hcs,2,5,62.796737818513904
hcs,2,5,62.91526740943505
hcs,2,5,57.41425499673068
hcs,2,5,58.620073830770984
hcs,2,5,62.13741192232202
hcs,2,5,61.27832826677598
hcs,2,5,56.70591724112158
hcs,2,5,55.44272829615876
hcs,2,5,43.76815111723452
hcs,2,5,45.47052745259113
hcs,2,5,46.428992728183616
hcs,2,5,48.096248027690976
hcs,2,5,47.72309514315118
hcs,2,5,52.95276838755809
hcs,2,5,54.04392042845098
hcs,2,5,55.276388900973195
hcs,2,5,54.777431676421934
hcs,2,5,53.401413368644555
hcs,2,5,54.86007481010142
hcs,2,5,54.9178926220332
hcs,2,5,52.5652558804211
hcs,2,5,54.908219552311415
hcs,2,5,51.05861868395228
hcs,2,5,55.28129759142784
hcs,2,5,57.46349224500242
hcs,2,5,59.55723011457724
hcs,2,5,59.186276022153656
hcs,2,5,56.37147172577847
hcs,2,5,57.97304676069319
hcs,2,5,57.8447368860844
hcs,2,5,56.244289951241434
hcs,2,5,59.41064761173356
hcs,2,5,58.09749618285586
hcs,2,5,57.47205838214568
hcs,2,5,58.76362352654868
hcs,2,5,58.952072067579415
hcs,2,5,58.888157293364245
hcs,2,5,60.56670764515007
hcs,2,5,58.98766487282696
hcs,2,5,56.83499783140103
hcs,2,5,59.338502991186424
hcs,2,5,56.84571958903085
hcs,2,5,53.56829447367161
hcs,2,5,54.01925887727957
hcs,2,5,56.72896233739569
hcs,2,5,57.40245585230553
hcs,2,5,57.739541902672194
hcs,2,5,54.749975216501504
hcs,2,5,56.50844682444661
hcs,2,5,56.83501380116521
hcs,2,5,54.99030522460412
hcs,2,5,57.8742367822777
hcs,2,5,55.711354691115844
hcs,2,5,57.018167984990164
hcs,2,5,58.56764275589329
hcs,2,5,59.16871920536081
hcs,2,5,57.78952585455638
hcs,2,5,60.22765249254262
hcs,2,5,57.721815157928646
hcs,2,5,55.748818333468066
hcs,2,5,59.0225882972902
hcs,2,5,56.311532659223005
hcs,2,5,51.90953207530173
hcs,2,5,54.19594146748509
hcs,2,5,58.33355061372355
hcs,2,5,58.0832961544162
hcs,2,5,58.523234255606326
hcs,2,5,60.77956278547466
hcs,2,5,58.79702233007437
hcs,2,5,56.266249098144144
hcs,2,5,58.341019838711645
hcs,2,5,56.57758391973142
hcs,2,5,51.51002271729085
hcs,2,5,54.38256436086933
hcs,2,5,59.4470919665984
hcs,2,5,56.339443877208154
hcs,2,5,51.3841507058039
hcs,2,5,51.39651612704676
hcs,2,5,46.640461005133844
hcs,2,5,47.25148083752003
hcs,2,5,52.38602563665514
hcs,2,5,51.34801112735945
hcs,2,5,51.99274476128813
hcs,2,5,56.054143205367005
hcs,2,5,54.58918337090772
hcs,2,5,50.785405810639624
hcs,2,5,53.87952813356615
hcs,2,5,54.13109257452294
hcs,2,5,60.35986561030303
hcs,2,5,60.967987961556275
hcs,2,5,61.05646850438147
hcs,2,5,58.73985369152006
hcs,2,5,61.50530318976862
hcs,2,5,60.8741853251557
hcs,2,5,58.05573455259476
hcs,2,5,62.20612223231162
hcs,2,5,60.48689566204148
hcs,2,5,55.31518653759874
hcs,2,5,59.24817719137645
hcs,2,5,63.07105425092345
hcs,2,5,62.83387451765918
hcs,2,5,62.65003992581752
hcs,2,5,64.60289006775801
hcs,2,5,64.96347730716444
hcs,2,5,60.48032478076958
hcs,2,5,63.64661355224952
hcs,2,5,62.84608299501041
hcs,2,5,56.177238318560455
hcs,2,5,60.18717312237441
hcs,2,5,64.57353180003877
hcs,2,5,62.643665062821626
hcs,2,5,56.29053964118608
hcs,2,5,55.56827596121224
hcs,2,5,58.32578195115734
hcs,2,5,61.3925927829084
hcs,2,5,60.16635340727588
hcs,2,5,62.125389168760094
hcs,2,5,63.73039092257112
hcs,2,5,64.1860540423285
hcs,2,5,59.977275872619416
hcs,2,5,62.55424912567821
hcs,2,5,62.563061992625606
hcs,2,5,56.58875797793011
hcs,2,5,61.966131069913374
hcs,2,5,65.03165659316247
hcs,2,5,62.09393054590765
hcs,2,5,55.4671311595187
hcs,2,5,55.0080731905846
hcs,2,5,57.200176108715745
hcs,2,5,61.15030672539245
hcs,2,5,62.40202086457777
hcs,2,5,55.02606918869772
hcs,2,5,54.058079238281444
hcs,2,5,52.80107314795908
hcs,2,6,35.60115445620166
hcs,2,6,36.2608062893538
hcs,2,6,37.089525207972784
hcs,2,6,40.06296252636717
hcs,2,6,39.010985344221275
hcs,2,6,43.47766829833357
hcs,2,6,45.037866010971435
hcs,2,6,43.68705432496239
hcs,2,6,45.01008593920422
hcs,2,6,42.380758992437684
hcs,2,6,44.03813698618643
hcs,2,6,44.95221831473064
hcs,2,6,43.755705192648044
hcs,2,6,47.18362058347984
hcs,2,6,41.5209187290881
hcs,2,6,46.68857740814422
hcs,2,6,48.768044205580516
hcs,2,6,51.49491191951388
hcs,2,6,52.65428607172611
hcs,2,6,46.38143505974127
hcs,2,6,49.209312964044145
hcs,2,6,49.35718575439445
hcs,2,6,48.62683368919904
hcs,2,6,51.861913667041065
hcs,2,6,49.56283000882815
hcs,2,6,46.94146046108617
hcs,2,6,47.738164938252986
hcs,2,6,49.80027488861839
hcs,2,6,48.02681071169902
hcs,2,6,51.16310997011298
hcs,2,6,48.67106569934077
hcs,2,6,48.39665174681199
hcs,2,6,50.49015784755661
hcs,2,6,47.95976795613312
hcs,2,6,44.0757922617675
hcs,2,6,42.978137197642525
hcs,2,6,47.490546743452235
hcs,2,6,49.34758038682285
hcs,2,6,50.29094470573913
hcs,2,6,44.31027010930585
hcs,2,6,48.22800760671686
hcs,2,6,47.23502913340233
hcs,2,6,47.87967255900585
hcs,2,6,49.230323823135905
hcs,2,6,48.564551438500196
hcs,2,6,47.38655787421326
hcs,2,6,49.01996289887952
hcs,2,6,47.85759666491301
hcs,2,6,47.40141423314719
hcs,2,6,52.1383779920272
hcs,2,6,48.873557481446255
hcs,2,6,46.119785101509116
hcs,2,6,47.847853066520386
hcs,2,6,47.116179580668
hcs,2,6,44.00919124731929
hcs,2,6,43.13591712481077
hcs,2,6,46.197252893249434
hcs,2,6,47.70956226309545
hcs,2,6,47.04368827576514
hcs,2,6,50.08175688754394
hcs,2,6,49.58580350036682
hcs,2,6,46.22483094737241
hcs,2,6,47.859686531981914
hcs,2,6,47.90181581856968
hcs,2,6,46.16988315038208
hcs,2,6,42.57981811629448
hcs,2,6,47.53268079333856
hcs,2,6,46.25498508461154
hcs,2,6,41.2742371363772
hcs,2,6,43.44235882215583
hcs,2,6,44.6131663074557
hcs,2,6,45.74759256405464
hcs,2,6,49.118380794582386
hcs,2,6,48.97360938252264
hcs,2,6,49.66594513144441
hcs,2,6,52.576912374048206
hcs,2,6,53.17798798388984
hcs,2,6,48.82636653785256
hcs,2,6,51.62194863655708
hcs,2,6,50.08920285581098
hcs,2,6,57.593783470487566
hcs,2,6,58.33257301613295
hcs,2,6,57.36790871437311
hcs,2,6,55.899902699518826
hcs,2,6,58.84794580974112
hcs,2,6,56.30459377373993
hcs,2,6,54.59666257242976
hcs,2,6,58.010620667129785
hcs,2,6,55.98895805404459
hcs,2,6,50.70198696432569
hcs,2,6,55.856463575558315
hcs,2,6,59.93838992723727
hcs,2,6,59.72469900151232
hcs,2,6,58.97157467396169
hcs,2,6,62.09540710211013
hcs,2,6,63.00821798437856
hcs,2,6,57.47427308574845
hcs,2,6,61.55523057540911
hcs,2,6,61.279381032730456
hcs,2,6,56.10705100836861
hcs,2,6,57.08016955541864
hcs,2,6,60.99282644751218
hcs,2,6,60.72830219989216
hcs,2,6,56.12147742125694
hcs,2,6,54.48347392016825
hcs,2,6,55.67057355526606
hcs,2,6,58.51528849684623
hcs,2,6,57.311803698860686
hcs,2,6,59.03012533970582
hcs,2,6,60.20655333125478
hcs,2,6,61.61005062830583
hcs,2,6,56.757934952030446
hcs,2,6,60.18698328198319
hcs,2,6,60.481080027241504
hcs,2,6,55.56296199365448
hcs,2,6,57.01275108167652
hcs,2,6,60.024642103077035
hcs,2,6,59.47928112430473
hcs,2,6,55.77761288747545
hcs,2,6,53.78424013255642
hcs,2,6,53.28778839590199
hcs,2,6,59.159325310117104
hcs,2,6,60.559517228285586
hcs,2,6,56.53357433150319
hcs,2,6,54.360737753205754
hcs,2,6,51.619860068791354
hcs,2,6,38.1383387096808
hcs,2,6,41.555132815430234
hcs,2,6,44.23741737554713
hcs,2,6,42.87143323285745
hcs,2,6,44.34949072224246
hcs,2,6,46.3314457589165
hcs,2,6,46.689218629704406
hcs,2,6,43.47950717682706
hcs,2,6,46.072120110154984
hcs,2,6,45.06233257545983
hcs,2,6,51.72708585145366
hcs,2,6,53.63259772480905
hcs,2,6,53.369108907626995
hcs,2,6,52.45993527352439
hcs,2,6,53.605056715847645
hcs,2,6,51.94890848340425
hcs,2,6,51.74443759038202
hcs,2,6,53.749743340651435
hcs,2,6,50.129069352312115
hcs,2,6,47.494758924863966
hcs,2,6,50.97957546100753
hcs,2,6,55.87502839279136
hcs,2,6,54.84479899146766
hcs,2,6,56.54243186973163
hcs,2,6,57.86922378774367
hcs,2,6,57.557539860642414
hcs,2,6,54.5825620855481
hcs,2,6,56.36374256438096
hcs,2,6,55.7627141154859
hcs,2,6,50.74394787873947
hcs,2,6,52.743422409017676
hcs,2,6,57.69406542155436
hcs,2,6,54.99301096651458
hcs,2,6,51.18661183958382
hcs,2,6,50.70673570598484
hcs,2,6,49.264833626002044
hcs,2,6,53.92303947563466
hcs,2,6,53.61819204007561
hcs,2,6,55.42902756582066
hcs,2,6,57.636628973491156
hcs,2,6,54.85318959310824
hcs,2,6,53.43158503126612
hcs,2,6,54.57107256735371
hcs,2,6,53.42317606772703
hcs,2,6,48.63413374028359
hcs,2,6,53.26511773960427
hcs,2,6,58.24716275690749
hcs,2,6,55.51851930276644
hcs,2,6,50.09407862437772
hcs,2,6,51.013484106607784
hcs,2,6,49.10645474378641
hcs,2,6,54.19468392923477
hcs,2,6,52.34473670021706
hcs,2,6,49.31207669214694
hcs,2,6,50.28445611835786
hcs,2,6,47.1517474196392
hcs,2,6,41.932425601820434
hcs,2,6,47.66527821219342
hcs,2,6,46.68105873098169
hcs,2,6,44.40302681685739
hcs,2,6,47.69975237395892
hcs,2,6,51.73161672984814
hcs,2,6,49.0295310168461
hcs,2,6,51.89821321232464
hcs,2,6,52.888891260256905
hcs,2,6,45.2391638644454
hcs,2,6,54.549481071933464
hcs,2,6,59.79457496957556
hcs,2,6,59.18332403270103
hcs,2,6,52.87960707731207
hcs,2,6,53.73572168652429
hcs,2,6,55.13243067197167
hcs,2,6,60.440374805919205
hcs,2,6,61.07785169293788
hcs,2,6,53.864919233779965
hcs,2,6,52.725800336426744
hcs,2,6,52.82205296188925
hcs,2,6,55.16225836934061
hcs,2,6,58.810859546552095
hcs,2,6,60.26838893352874
hcs,2,6,54.25687171211084
hcs,2,6,52.791577824820116
hcs,2,6,52.09361927668186
hcs,2,6,51.02872375946551
dcs,2,0,67.81174147772295
dcs,2,1,65.22017449124853
dcs,2,1,62.47869947719959
dcs,2,1,67.59207244468239
dcs,2,1,65.86919640633337
dcs,2,1,66.81378876062855
dcs,2,1,68.32846430547242
dcs,2,1,67.3986882162773
dcs,2,1,67.46219408045057
dcs,2,1,66.50430187948245
dcs,2,1,67.79421026484002
dcs,2,2,51.90949180220401
dcs,2,2,64.99071789548462
dcs,2,2,62.31659529411566
dcs,2,2,63.56348016774351
dcs,2,2,65.77933821617363
dcs,2,2,65.42275005043349
dcs,2,2,64.73285004443512
dcs,2,2,63.8264627710553
dcs,2,2,65.61853923960923
dcs,2,2,61.070589359726746
dcs,2,2,60.48806548242913
dcs,2,2,60.23620908190245
dcs,2,2,62.29016430839209
dcs,2,2,61.78875435948636
dcs,2,2,60.939911808390534
dcs,2,2,60.38233701025884
dcs,2,2,61.90158700028593
dcs,2,2,63.125173562424095
dcs,2,2,66.2200911073249
dcs,2,2,67.7818420249337
dcs,2,2,67.2334728529329
dcs,2,2,67.35255767944241
dcs,2,2,66.95964974385993
dcs,2,2,67.51472003229416
dcs,2,2,62.254991269808976
dcs,2,2,66.73825019745551
dcs,2,2,65.8050687254041
dcs,2,2,65.19328191150154
dcs,2,2,64.24587160035733
dcs,2,2,65.42094575219184
dcs,2,2,67.21930678806392
dcs,2,2,65.58870892924494
dcs,2,2,66.13352700955795
dcs,2,2,65.91373744621946
dcs,2,2,66.70634149569905
dcs,2,2,67.45554536177812
dcs,2,2,67.66728695943306
dcs,2,2,67.00995618350657
dcs,2,2,68.13295924670626
dcs,2,2,66.63803342908987
dcs,2,2,65.72666019638093
dcs,2,2,66.77800054805648
dcs,2,2,64.80204444034227
dcs,2,2,67.57896442666275
dcs,2,2,63.63978717326081
dcs,2,3,51.12832150976128
dcs,2,3,49.17814695760133
dcs,2,3,50.56689508415201
dcs,2,3,51.635325242450584
dcs,2,3,52.102011477739744
dcs,2,3,51.12831181244159
dcs,2,3,46.59009099825171
dcs,2,3,50.02007408929631
dcs,2,3,58.560139032403804
dcs,2,3,63.356002206931464
dcs,2,3,65.65567831103728
dcs,2,3,64.940508669735
dcs,2,3,64.32957926409179
dcs,2,3,64.58878637653768
dcs,2,3,65.18466210414978
dcs,2,3,59.160800888747715
dcs,2,3,63.378374389352544
dcs,2,3,62.421951511144755
dcs,2,3,61.98989274301544
dcs,2,3,60.90452975271736
dcs,2,3,62.27617020187218
dcs,2,3,64.24529439499346
dcs,2,3,63.70082943709344
dcs,2,3,62.93657821322353
dcs,2,3,63.00545437169136
dcs,2,3,63.30891156514896
dcs,2,3,66.11920711221248
dcs,2,3,65.04004675538282
dcs,2,3,65.29099871720385
dcs,2,3,65.86404788209093
dcs,2,3,63.97109107526602
dcs,2,3,63.083127719067
dcs,2,3,65.02620739647135
dcs,2,3,63.131578460260705
dcs,2,3,65.64715569200133
dcs,2,3,60.984859746736944
dcs,2,3,55.1282179655957
dcs,2,3,59.99717657032727
dcs,2,3,60.55025333536925
dcs,2,3,60.70377386344246
dcs,2,3,59.758023137087534
dcs,2,3,59.599865663480124
dcs,2,3,61.46762372499247
dcs,2,3,54.72922490826346
dcs,2,3,60.34417230910138
dcs,2,3,60.074981296300464
dcs,2,3,58.446508546694375
dcs,2,3,57.801889148013856
dcs,2,3,61.325880631175494
dcs,2,3,60.28955527424755
dcs,2,3,58.417801088936514
dcs,2,3,58.156738927481626
dcs,2,3,58.558257790535855
dcs,2,3,59.55409479372871
dcs,2,3,61.03382799193401
dcs,2,3,60.427404182441045
dcs,2,3,59.788178725038804
dcs,2,3,62.26603522301266
dcs,2,3,60.03090194378632
dcs,2,3,60.44185594372126
dcs,2,3,61.589201187702194
dcs,2,3,57.129538499762496
dcs,2,3,60.216849561383995
dcs,2,3,57.46760524651408
dcs,2,3,58.03275424075276
dcs,2,3,62.741473135189445
dcs,2,3,62.20508697612539
dcs,2,3,62.01424270059119
dcs,2,3,60.75650815477269
dcs,2,3,62.37039126647863
dcs,2,3,65.72149197907125
dcs,2,3,65.40155961592554
dcs,2,3,65.39712057396919
dcs,2,3,65.75969549942526
dcs,2,3,66.28461083842143
dcs,2,3,67.05224256692837
dcs,2,3,67.39724753574626
dcs,2,3,67.30057445681832
dcs,2,3,67.71715112091842
dcs,2,3,65.89541546087185
dcs,2,3,66.3379954543286
dcs,2,3,66.85020135277809
dcs,2,3,64.04490058125062
dcs,2,3,67.06269502936775
dcs,2,3,63.75928174126263
dcs,2,3,62.325631755145835
dcs,2,3,61.666637453036984
dcs,2,3,62.073412280985735
dcs,2,3,60.530411748567474
dcs,2,3,61.658763368008124
dcs,2,3,66.06778936527844
dcs,2,3,66.08874427047577
dcs,2,3,65.01022174986143
dcs,2,3,65.8952942849482
dcs,2,3,64.41871604656036
dcs,2,3,63.68786768788142
dcs,2,3,64.95418850191986
dcs,2,3,61.622743675238276
dcs,2,3,64.92560298238963
dcs,2,3,61.57777473101538
dcs,2,3,64.62218704735076
dcs,2,3,66.0406021246268
dcs,2,3,65.72537842403452
dcs,2,3,66.48885738065685
dcs,2,3,64.6054423743966
dcs,2,3,65.33578110674316
dcs,2,3,65.13068256934697
dcs,2,3,62.30307802673123
dcs,2,3,65.85227587644457
dcs,2,3,62.89473620908341
dcs,2,3,66.30945796587373
dcs,2,3,65.83457315582946
dcs,2,3,66.72403522675607
dcs,2,3,65.25950634163102
dcs,2,3,67.70511919843581
dcs,2,3,64.28447968608036
dcs,2,3,63.302259142887316
dcs,2,3,65.72358948744363
dcs,2,3,62.04561271125261
dcs,2,3,56.15532063267907
dcs,2,4,43.91207122067866
dcs,2,4,49.83748630234826
dcs,2,4,49.927364249230216
dcs,2,4,52.21115044634845
dcs,2,4,50.92066931791384
dcs,2,4,47.205104142127134
dcs,2,4,49.529155020285394
dcs,2,4,44.758595555060204
dcs,2,4,49.33314999338081
dcs,2,4,50.72597169305375
dcs,2,4,48.960572738433775
dcs,2,4,43.38796849105087
dcs,2,4,47.72469907179856
dcs,2,4,49.55546349168096
dcs,2,4,49.899605873215364
dcs,2,4,48.748064965320445
dcs,2,4,45.29081854377548
dcs,2,4,46.48321957153189
dcs,2,4,50.82329042786442
dcs,2,4,50.637892395171434
dcs,2,4,46.85332112247647
dcs,2,4,49.501056247065165
dcs,2,4,48.94756349605796
dcs,2,4,46.97106912703526
dcs,2,4,50.2084054453445
dcs,2,4,44.186287074893585
dcs,2,4,48.27673959895417
dcs,2,4,45.33658006440493
dcs,2,4,53.06459601764208
dcs,2,4,58.9838285857848
dcs,2,4,58.03242201122261
dcs,2,4,57.950265863088006
dcs,2,4,55.68606434197796
dcs,2,4,58.80314088014434
dcs,2,4,63.68132604993196
dcs,2,4,63.60837519532602
dcs,2,4,62.16941270423337
dcs,2,4,63.56233374114547
dcs,2,4,63.21635265305038
dcs,2,4,65.50189238394387
dcs,2,4,64.67296189557446
dcs,2,4,65.75842234222026
dcs,2,4,65.82977966105803
dcs,2,4,63.54669620377946
dcs,2,4,63.743807632092434
dcs,2,4,65.11031643290862
dcs,2,4,62.329516796929866
dcs,2,4,64.4108600454226
dcs,2,4,61.39617043992229
dcs,2,4,59.380621976975775
dcs,2,4,58.22121897208891
dcs,2,4,58.70844454109613
dcs,2,4,57.891605225988584
dcs,2,4,58.49310156963184
dcs,2,4,62.277462641978616
dcs,2,4,62.4289837956427
dcs,2,4,62.0399148383771
dcs,2,4,62.86722255812365
dcs,2,4,61.566634185462725
dcs,2,4,60.91889444959542
dcs,2,4,61.72723330365359
dcs,2,4,59.220077201999864
dcs,2,4,62.124434059541706
dcs,2,4,57.979132012111776
dcs,2,4,62.55006911534474
dcs,2,4,63.71539391197619
dcs,2,4,63.307399819684704
dcs,2,4,63.59868604998662
dcs,2,4,62.550866988904524
dcs,2,4,62.57091987488673
dcs,2,4,63.56283754326075
dcs,2,4,60.91627069941478
dcs,2,4,62.66545864517992
dcs,2,4,59.62835492836049
dcs,2,4,64.1778700194018
dcs,2,4,63.68788361779807
dcs,2,4,64.37649903831702
dcs,2,4,63.74927898654786
dcs,2,4,65.30929370160327
dcs,2,4,61.81496329662748
dcs,2,4,62.102530679569334
dcs,2,4,64.3303376125595
dcs,2,4,58.88010092246669
dcs,2,4,53.92177154916364
dcs,2,4,50.693674907044546
dcs,2,4,55.078412203785646
dcs,2,4,55.22512421298397
dcs,2,4,53.83121550393487
dcs,2,4,53.209877982988985
dcs,2,4,56.606668761047516
dcs,2,4,59.15802576048105
dcs,2,4,59.443339651989554
dcs,2,4,58.563141821518165
dcs,2,4,58.76807664386097
dcs,2,4,60.66822298433859
dcs,2,4,59.91840766675229
dcs,2,4,59.110936629642865
dcs,2,4,59.72847656495987
dcs,2,4,60.70815040112974
dcs,2,4,59.26040201341027
dcs,2,4,59.44346339761438
dcs,2,4,60.818561069571786
dcs,2,4,56.14415877756892
dcs,2,4,59.18091667129827
dcs,2,4,56.60894753282276
dcs,2,4,53.93734979735591
dcs,2,4,53.25290940007671
dcs,2,4,54.53193538507152
dcs,2,4,53.737610678825526
dcs,2,4,53.506959154688744
dcs,2,4,59.90004525038403
dcs,2,4,58.98271801576129
dcs,2,4,58.4613794953164
dcs,2,4,61.44063767614695
dcs,2,4,58.383046834485135
dcs,2,4,57.89580819857269
dcs,2,4,60.55944061926295
dcs,2,4,53.90712603417397
dcs,2,4,59.82118704865711
dcs,2,4,56.00414430855238
dcs,2,4,57.109267618219235
dcs,2,4,58.858226070012456
dcs,2,4,58.51179371769909
dcs,2,4,59.19209267001361
dcs,2,4,57.3524164586323
dcs,2,4,58.1077794458307
dcs,2,4,57.57706310326993
dcs,2,4,54.73106693290125
dcs,2,4,57.67714417269538
dcs,2,4,55.51534305091157
dcs,2,4,59.32244346694257
dcs,2,4,59.26125538980273
dcs,2,4,61.48609345834614
dcs,2,4,57.34064290871387
dcs,2,4,60.71331371966762
dcs,2,4,57.67680562817521
dcs,2,4,56.15047891748894
dcs,2,4,60.122225486298014
dcs,2,4,57.02744379224584
dcs,2,4,50.34522618333336
dcs,2,4,54.8140568824827
dcs,2,4,57.636368004281124
dcs,2,4,56.6704910213083
dcs,2,4,56.73452157133543
dcs,2,4,57.48779405580285
dcs,2,4,61.47551042512708
dcs,2,4,62.24996016370455
dcs,2,4,61.260054440931874
dcs,2,4,62.55829509532298
dcs,2,4,60.85200335129844
dcs,2,4,59.9520353878335
dcs,2,4,62.11393466729203
dcs,2,4,58.919203373157934
dcs,2,4,61.934255906000764
dcs,2,4,57.67853565395262
dcs,2,4,64.8191698579822
dcs,2,4,65.27375066828317
dcs,2,4,65.71735344450842
dcs,2,4,66.080114743055
dcs,2,4,65.17998861664144
dcs,2,4,65.26672243517494
dcs,2,4,65.67896730692155
dcs,2,4,61.89748681091123
dcs,2,4,65.58196096315773
dcs,2,4,63.0104923584418
dcs,2,4,65.77576254581687
dcs,2,4,65.81599312255968
dcs,2,4,66.49735198981897
dcs,2,4,64.6564883130027
dcs,2,4,66.94347004375003
dcs,2,4,64.22560702591417
dcs,2,4,62.38206106778026
dcs,2,4,65.91313486905166
dcs,2,4,62.27875964991688
dcs,2,4,55.684990840749165
dcs,2,4,59.80581033416956
dcs,2,4,62.04566095906081
dcs,2,4,61.340163489722336
dcs,2,4,61.83798293564242
dcs,2,4,60.242797706536244
dcs,2,4,60.106229414948984
dcs,2,4,60.773753997850726
dcs,2,4,57.847906912338054
dcs,2,4,61.70136132108492
dcs,2,4,58.224170848776915
dcs,2,4,64.49348799481415
dcs,2,4,64.15902862949572
dcs,2,4,65.04601501580258
dcs,2,4,62.81465182547144
dcs,2,4,65.94761224988645
dcs,2,4,62.50847460517285
dcs,2,4,61.117354968345
dcs,2,4,64.19479551251777
dcs,2,4,59.92026594839478
dcs,2,4,53.33306003496572
dcs,2,4,62.71021994130073
dcs,2,4,63.7408538664011
dcs,2,4,63.21851719244607
dcs,2,4,62.68057802760791
dcs,2,4,65.51200122271982
dcs,2,4,63.04743328131569
dcs,2,4,60.79489387507075
dcs,2,4,63.93520773045052
dcs,2,4,62.0994585218646
dcs,2,4,53.39435512022284
dcs,2,4,60.20349255662942
dcs,2,4,65.04134654959198
dcs,2,4,61.976234400343756
dcs,2,4,56.79848947231562
dcs,2,4,54.1466903293987
dcs,2,5,38.069439865831306
dcs,2,5,42.395283801096085
dcs,2,5,45.32921136022894
dcs,2,5,42.48744154535052
dcs,2,5,38.24276819314219
dcs,2,5,42.325618583576826
dcs,2,5,48.03234030757905
dcs,2,5,50.04718640200037
dcs,2,5,48.825339337037214
dcs,2,5,45.74025003612977
dcs,2,5,47.55270542092021
dcs,2,5,49.67611207576393
dcs,2,5,50.322044894811505
dcs,2,5,46.696283922960085
dcs,2,5,47.89301547174707
dcs,2,5,48.88273345662333
dcs,2,5,46.97544044370613
dcs,2,5,50.71604953292825
dcs,2,5,43.854373335623514
dcs,2,5,48.1290782884151
dcs,2,5,44.68641376122755
dcs,2,5,44.3086639762639
dcs,2,5,43.267308926626605
dcs,2,5,44.464875873465374
dcs,2,5,40.165976768165834
dcs,2,5,40.845939612762606
dcs,2,5,48.88206430314789
dcs,2,5,48.857906480174684
dcs,2,5,45.10309856805866
dcs,2,5,47.041226199487596
dcs,2,5,48.52688330483296
dcs,2,5,44.8337953781263
dcs,2,5,48.50142446981534
dcs,2,5,39.404943852227426
dcs,2,5,47.193776736221785
dcs,2,5,42.7245936644581
dcs,2,5,48.58993570261789
dcs,2,5,48.200090773706144
dcs,2,5,44.674047081343595
dcs,2,5,46.42691882437834
dcs,2,5,46.55472377353975
dcs,2,5,45.920227367637075
dcs,2,5,48.1984575941991
dcs,2,5,41.94955377021951
dcs,2,5,45.123258680658566
dcs,2,5,42.45197880718076
dcs,2,5,47.87816280553523
dcs,2,5,46.28903968866991
dcs,2,5,48.38320094633976
dcs,2,5,44.764144121850606
dcs,2,5,47.73442134640208
dcs,2,5,44.503443563037244
dcs,2,5,42.08803158732274
dcs,2,5,46.553137945100794
dcs,2,5,44.230591601444644
dcs,2,5,36.324249628079976
dcs,2,5,49.689268250267695
dcs,2,5,53.80478688506555
dcs,2,5,52.878491257841574
dcs,2,5,50.57929239645007
dcs,2,5,52.5321437755514
dcs,2,5,57.957483416521804
dcs,2,5,58.535775438622466
dcs,2,5,56.897434921060565
dcs,2,5,59.71743293035947
dcs,2,5,57.47845333788322
dcs,2,5,54.97003875714028
dcs,2,5,58.588091452517446
dcs,2,5,55.308298466891834
dcs,2,5,59.13021855612839
dcs,2,5,52.76163379783007
dcs,2,5,63.49060714078017
dcs,2,5,63.313276416166744
dcs,2,5,63.619739056296154
dcs,2,5,63.965290211969304
dcs,2,5,62.60097848769157
dcs,2,5,63.26291480460863
dcs,2,5,62.60362889207865
dcs,2,5,60.43581334814293
dcs,2,5,63.00117860060756
dcs,2,5,60.59315246443621
dcs,2,5,62.968366755896035
dcs,2,5,63.78892753537048
dcs,2,5,65.26272069071146
dcs,2,5,63.25786732828295
dcs,2,5,64.01395883535851
dcs,2,5,62.15687436797675
dcs,2,5,61.182628219226686
dcs,2,5,63.85508817977414
dcs,2,5,59.9103217385423
dcs,2,5,53.625028392487586
dcs,2,5,56.45001725674265
dcs,2,5,59.97277903922044
dcs,2,5,59.57100205844912
dcs,2,5,58.72477731653837
dcs,2,5,58.612996514435466
dcs,2,5,57.82471176648955
dcs,2,5,57.67046136413125
dcs,2,5,56.53577623545856
dcs,2,5,58.689368531907554
dcs,2,5,56.52350171406953
dcs,2,5,60.905852889695794
dcs,2,5,60.29524186909014
dcs,2,5,60.800068556610825
dcs,2,5,60.84927708502785
dcs,2,5,61.77549540255628
dcs,2,5,59.02999438899349
dcs,2,5,58.18169605503397
dcs,2,5,60.894185264520324
dcs,2,5,56.080691332894844
dcs,2,5,50.30172778817217
dcs,2,5,60.943229640608386
dcs,2,5,61.665773513477866
dcs,2,5,61.18816753333916
dcs,2,5,60.9060814409334
dcs,2,5,63.658136819150194
dcs,2,5,60.11657538788426
dcs,2,5,58.724214746806766
dcs,2,5,62.4611371653889
dcs,2,5,58.490582858865814
dcs,2,5,50.71712914373577
dcs,2,5,58.564061421114836
dcs,2,5,62.41414915456761
dcs,2,5,58.62729750474633
dcs,2,5,53.717053574808595
dcs,2,5,50.16406445997512
dcs,2,5,47.28761361134279
dcs,2,5,52.47589667788262
dcs,2,5,49.37527970807063
dcs,2,5,51.29955382774473
dcs,2,5,50.65097752854138
dcs,2,5,54.63886178989643
dcs,2,5,53.27991767736446
dcs,2,5,52.70333619277586
dcs,2,5,55.96123953931629
dcs,2,5,53.634320694973404
dcs,2,5,53.4619394821051
dcs,2,5,55.70871671673874
dcs,2,5,49.44543568628831
dcs,2,5,54.169419263562574
dcs,2,5,50.93301829879582
dcs,2,5,56.57293854247188
dcs,2,5,58.003650597436696
dcs,2,5,58.08701834985364
dcs,2,5,59.24257465078035
dcs,2,5,57.16062317116302
dcs,2,5,58.40692349901274
dcs,2,5,59.263018949494665
dcs,2,5,55.00174642008939
dcs,2,5,58.519857465034775
dcs,2,5,56.051454018268444
dcs,2,5,57.66472502391798
dcs,2,5,58.374475976637925
dcs,2,5,59.715335649798774
dcs,2,5,55.666013401844374
dcs,2,5,58.61077755361514
dcs,2,5,56.99682639016301
dcs,2,5,54.82784409045632
dcs,2,5,59.051297109911744
dcs,2,5,55.78889254723655
dcs,2,5,51.24618611902406
dcs,2,5,50.77265722193448
dcs,2,5,54.95547305584406
dcs,2,5,53.88214306721119
dcs,2,5,53.771785272354634
dcs,2,5,52.91991677678697
dcs,2,5,52.87860440300644
dcs,2,5,51.77184656553557
dcs,2,5,51.096040244914775
dcs,2,5,54.64832978724867
dcs,2,5,50.895097188675415
dcs,2,5,58.550840091080666
dcs,2,5,57.619367770704066
dcs,2,5,60.33001593999676
dcs,2,5,54.88490804323554
dcs,2,5,59.90325211896862
dcs,2,5,55.941328636312754
dcs,2,5,53.22029070879027
dcs,2,5,59.20226116474602
dcs,2,5,54.31497759609848
dcs,2,5,47.69637362362399
dcs,2,5,54.56217766175583
dcs,2,5,56.25785672515931
dcs,2,5,55.980907223974626
dcs,2,5,54.456847792754225
dcs,2,5,57.956103564116255
dcs,2,5,54.92450485077918
dcs,2,5,53.460556041246825
dcs,2,5,56.403439197528044
dcs,2,5,54.82856942974312
dcs,2,5,45.99465202440614
dcs,2,5,53.61272146288452
dcs,2,5,59.16127337759245
dcs,2,5,55.138781122967316
dcs,2,5,48.54876114055851
dcs,2,5,49.945410473455375
dcs,2,5,51.45122993655958
dcs,2,5,54.810282868121156
dcs,2,5,55.352359088895035
dcs,2,5,53.90736712733126
dcs,2,5,54.726659961820026
dcs,2,5,57.28406763899642
dcs,2,5,56.85407082434383
dcs,2,5,54.07242957941826
dcs,2,5,57.176959306210925
dcs,2,5,53.90183818655345
dcs,2,5,58.90775015574822
dcs,2,5,60.5502200100317
dcs,2,5,61.48207336294795
dcs,2,5,58.745881576190264
dcs,2,5,62.58361042632986
dcs,2,5,58.31391889431031
dcs,2,5,56.728223485538194
dcs,2,5,60.254438663422455
dcs,2,5,56.043119590967876
dcs,2,5,50.9299200691703
dcs,2,5,62.749590436771996
dcs,2,5,63.55355877291437
dcs,2,5,63.073546917715014
dcs,2,5,61.28450787472594
dcs,2,5,65.03119267846037
dcs,2,5,63.777714089810104
dcs,2,5,60.336648974202355
dcs,2,5,64.27594546907154
dcs,2,5,62.59420729197937
dcs,2,5,53.56682233888818
dcs,2,5,58.712388070353086
dcs,2,5,64.23813490212419
dcs,2,5,61.601765797643296
dcs,2,5,55.35542654758916
dcs,2,5,54.16962776586367
dcs,2,5,58.764137216008976
dcs,2,5,59.80712198278436
dcs,2,5,58.791777401999816
dcs,2,5,58.883361902876835
dcs,2,5,61.852908237616575
dcs,2,5,59.782686215702235
dcs,2,5,56.52311811523244
dcs,2,5,60.52170560288703
dcs,2,5,58.230477803960525
dcs,2,5,49.67792508960896
dcs,2,5,58.4160512043917
dcs,2,5,63.239935538819054
dcs,2,5,60.50145385260361
dcs,2,5,53.40598578450842
dcs,2,5,51.550355164147945
dcs,2,5,53.80910913561133
dcs,2,5,60.7146705703183
dcs,2,5,61.194034922191854
dcs,2,5,53.47730394386724
dcs,2,5,51.66619775282194
dcs,2,5,50.38129892392325
dcs,2,6,30.939218043166907
dcs,2,6,38.79097224770409
dcs,2,6,37.74985733943151
dcs,2,6,32.837128541598226
dcs,2,6,34.230874644306006
dcs,2,6,43.46724701444957
dcs,2,6,41.4304943342403
dcs,2,6,38.11774592964245
dcs,2,6,40.44842981246086
dcs,2,6,41.71334626996681
dcs,2,6,39.15529345480344
dcs,2,6,44.29382083008615
dcs,2,6,34.751064585696206
dcs,2,6,41.42527648652042
dcs,2,6,36.74201965236563
dcs,2,6,48.01767876388333
dcs,2,6,48.505650315999745
dcs,2,6,45.04212715808564
dcs,2,6,46.524510706091554
dcs,2,6,48.571549352980696
dcs,2,6,46.22696951758593
dcs,2,6,49.455195176686075
dcs,2,6,42.23401588222536
dcs,2,6,46.36866233135778
dcs,2,6,43.34126218373734
dcs,2,6,47.971707423663375
dcs,2,6,45.20580033861186
dcs,2,6,48.3125227666654
dcs,2,6,43.47791927868628
dcs,2,6,47.09588456683063
dcs,2,6,44.52626110248758
dcs,2,6,41.79821153254253
dcs,2,6,47.22876136391694
dcs,2,6,43.96941836231498
dcs,2,6,37.94467024428993
dcs,2,6,40.209779033538666
dcs,2,6,44.85962556045736
dcs,2,6,40.542577899777555
dcs,2,6,39.12194648949063
dcs,2,6,41.94708073982379
dcs,2,6,41.43162534549962
dcs,2,6,40.793816832202786
dcs,2,6,36.866400349854366
dcs,2,6,40.60560055012659
dcs,2,6,37.71729177789543
dcs,2,6,47.54148100648053
dcs,2,6,44.542672080342406
dcs,2,6,45.88654562347057
dcs,2,6,41.45408087890824
dcs,2,6,45.41606686511913
dcs,2,6,43.24163978245737
dcs,2,6,41.04030813096336
dcs,2,6,45.18785736005287
dcs,2,6,40.754300935301
dcs,2,6,34.00424608603917
dcs,2,6,46.143584960879366
dcs,2,6,44.86582781635842
dcs,2,6,44.702749201958625
dcs,2,6,42.86955513836027
dcs,2,6,43.93292372649766
dcs,2,6,41.76912207685633
dcs,2,6,40.3433516399308
dcs,2,6,43.7838479170364
dcs,2,6,42.6529486530746
dcs,2,6,33.240413307562584
dcs,2,6,39.99112199205142
dcs,2,6,45.27556593120012
dcs,2,6,42.1546794338002
dcs,2,6,34.21899279850944
dcs,2,6,36.069645446606984
dcs,2,6,46.237404800315794
dcs,2,6,49.60277859456154
dcs,2,6,50.26225097502769
dcs,2,6,49.02464985319953
dcs,2,6,52.998829501060456
dcs,2,6,51.6564895751714
dcs,2,6,52.907227759454656
dcs,2,6,50.63195805210874
dcs,2,6,52.863997369484885
dcs,2,6,48.305582840016825
dcs,2,6,57.290954063420976
dcs,2,6,54.97558172615876
dcs,2,6,58.65820752848701
dcs,2,6,56.453006016502506
dcs,2,6,59.29952888518877
dcs,2,6,54.51811501712417
dcs,2,6,53.42470069438673
dcs,2,6,58.109865506207434
dcs,2,6,52.262041607106724
dcs,2,6,49.212273437720114
dcs,2,6,61.5816155786894
dcs,2,6,61.92444627926127
dcs,2,6,62.0173428787536
dcs,2,6,59.625620611825056
dcs,2,6,63.307771909079165
dcs,2,6,60.995714517882234
dcs,2,6,59.00724103047805
dcs,2,6,62.792870369279534
dcs,2,6,59.18808254416337
dcs,2,6,51.70714831669089
dcs,2,6,57.99501987141732
dcs,2,6,62.38473433615343
dcs,2,6,59.309152451078795
dcs,2,6,54.09319745798599
dcs,2,6,50.716410227078356
dcs,2,6,55.790540277033834
dcs,2,6,55.727307296905984
dcs,2,6,54.93981924683474
dcs,2,6,57.84230810736961
dcs,2,6,59.83837502645254
dcs,2,6,57.36244474884789
dcs,2,6,55.26911468783133
dcs,2,6,58.07745031597258
dcs,2,6,55.00224087860391
dcs,2,6,48.26527186260193
dcs,2,6,54.85507672019901
dcs,2,6,59.29477874990006
dcs,2,6,54.89211497191991
dcs,2,6,52.01593586740827
dcs,2,6,47.903077647279154
dcs,2,6,52.44350336159419
dcs,2,6,59.41795184890805
dcs,2,6,56.543117281169316
dcs,2,6,50.44542765190615
dcs,2,6,48.47624362961757
dcs,2,6,40.02096658463075
dcs,2,6,43.91197541799308
dcs,2,6,45.41323686165053
dcs,2,6,47.58849372823203
dcs,2,6,45.68185126779137
dcs,2,6,50.80769612365969
dcs,2,6,52.0193470326587
dcs,2,6,51.55167618768363
dcs,2,6,46.47649970449079
dcs,2,6,49.079136717801894
dcs,2,6,46.96197470815798
dcs,2,6,52.16000533426202
dcs,2,6,52.42430031651175
dcs,2,6,53.976955368941105
dcs,2,6,49.16743786160732
dcs,2,6,53.235553172736175
dcs,2,6,51.7649252703004
dcs,2,6,48.108629349908476
dcs,2,6,54.33044877982394
dcs,2,6,50.13551581660543
dcs,2,6,46.46197454063173
dcs,2,6,53.9459022427148
dcs,2,6,56.52405900574494
dcs,2,6,55.96290968484035
dcs,2,6,54.240030645011714
dcs,2,6,57.819214060744564
dcs,2,6,56.05810276079571
dcs,2,6,53.526540930953026
dcs,2,6,57.31562146441286
dcs,2,6,55.60318416278974
dcs,2,6,48.149728779623054
dcs,2,6,51.727806214404275
dcs,2,6,57.18058590788791
dcs,2,6,55.15690803017741
dcs,2,6,50.625878215339526
dcs,2,6,50.862124495760845
dcs,2,6,48.87670263279683
dcs,2,6,50.35367699423089
dcs,2,6,48.82517741168637
dcs,2,6,51.270511705948294
dcs,2,6,54.823005174024914
dcs,2,6,50.519114800868216
dcs,2,6,49.91575608864236
dcs,2,6,52.44969514850389
dcs,2,6,49.917366582009045
dcs,2,6,43.366833484879976
dcs,2,6,50.84224589202656
dcs,2,6,57.90724846755179
dcs,2,6,54.13133922407733
dcs,2,6,47.64723489169101
dcs,2,6,48.02010755065742
dcs,2,6,48.014734565656845
dcs,2,6,53.88875155311978
dcs,2,6,51.382417371609996
dcs,2,6,44.29424939349754
dcs,2,6,45.8458060359208
dcs,2,6,43.7248954334333
dcs,2,6,49.36922383117301
dcs,2,6,51.72061829341789
dcs,2,6,50.780605152481705
dcs,2,6,53.03603285526536
dcs,2,6,54.35677857466783
dcs,2,6,53.10137714715228
dcs,2,6,52.77384118140701
dcs,2,6,55.645270870432306
dcs,2,6,55.00851175161226
dcs,2,6,46.98165436520644
dcs,2,6,53.574248931644924
dcs,2,6,58.882050657319596
dcs,2,6,57.40695343901205
dcs,2,6,49.48032003145199
dcs,2,6,48.954881763855816
dcs,2,6,53.49181051563784
dcs,2,6,61.257936474603866
dcs,2,6,60.84194430830586
dcs,2,6,52.90789829360865
dcs,2,6,50.84506778141981
dcs,2,6,49.17681129721008
dcs,2,6,51.0251238933942
dcs,2,6,57.50834218494004
dcs,2,6,57.05970036161336
dcs,2,6,50.231274912370864
dcs,2,6,46.8640529955278
dcs,2,6,47.43371894641047
dcs,2,6,43.585519518806485
drop,3,0,71.91992022350804
drop,3,1,68.7494339799466
drop,3,1,62.29063772948877
drop,3,1,69.67310049568205
drop,3,1,68.42547202826981
drop,3,1,70.54835782638607
drop,3,1,69.63664284364766
drop,3,1,67.35728384624625
drop,3,1,69.20944816485543
drop,3,1,71.28167977724058
drop,3,1,72.91619271407532
drop,3,2,49.59110820297779
drop,3,2,66.10484418386689
drop,3,2,64.76558083918147
drop,3,2,69.07268242895303
drop,3,2,65.0175796218119
drop,3,2,64.05298310134619
drop,3,2,65.9530417716072
drop,3,2,68.02560134184161
drop,3,2,68.85328297449156
drop,3,2,59.76443002307301
drop,3,2,61.60178444896
drop,3,2,61.13770732017288
drop,3,2,60.913381421217466
drop,3,2,58.92807627616893
drop,3,2,62.82024109510222
drop,3,2,61.44578564461599
drop,3,2,62.884848996712094
drop,3,2,60.94753691181097
drop,3,2,69.51804247914514
drop,3,2,66.66177253024699
drop,3,2,64.51645797907895
drop,3,2,68.65671967928789
drop,3,2,70.25644397842312
drop,3,2,70.8391051457297
drop,3,2,64.87369420291742
drop,3,2,67.6516943617684
drop,3,2,66.04923855623262
drop,3,2,67.19592442304335
drop,3,2,68.1894177068415
drop,3,2,69.34377627744034
drop,3,2,68.28906340001384
drop,3,2,66.96836265335206
drop,3,2,69.23222946461179
drop,3,2,70.32359991417131
drop,3,2,72.46623462451721
drop,3,2,60.51917535723136
drop,3,2,67.23992053189845
drop,3,2,70.0877804491462
drop,3,2,70.97521333678478
drop,3,2,64.87061055137485
drop,3,2,66.59457618483434
drop,3,2,67.09603124267245
drop,3,2,67.8536884297485
drop,3,2,69.86727403618782
drop,3,2,69.04272464297603
drop,3,3,47.731195392770594
drop,3,3,47.70465820857653
drop,3,3,49.02740875105662
drop,3,3,46.65222849825754
drop,3,3,45.990666155811304
drop,3,3,47.07095965156497
drop,3,3,49.07680235169937
drop,3,3,50.050248181596096
drop,3,3,54.65276724105503
drop,3,3,65.2721584902279
drop,3,3,64.02650068247146
drop,3,3,62.15908194127383
drop,3,3,65.2252818439204
drop,3,3,66.16445519174864
drop,3,3,67.59432206029638
drop,3,3,62.027204348386384
drop,3,3,63.72387580808006
drop,3,3,62.810783007545176
drop,3,3,64.45106495693531
drop,3,3,64.94396344107172
drop,3,3,65.21120072997752
drop,3,3,65.87706058850863
drop,3,3,63.43348029036421
drop,3,3,66.48788019185713
drop,3,3,66.96491683504254
drop,3,3,68.74342505821683
drop,3,3,57.41781692663858
drop,3,3,62.71912332928198
drop,3,3,65.70487814866051
drop,3,3,66.32776313159485
drop,3,3,61.848676131897435
drop,3,3,62.88104079112156
drop,3,3,64.11485293718825
drop,3,3,63.74059116017852
drop,3,3,67.29713250665678
drop,3,3,65.70049377491308
drop,3,3,50.35205129824855
drop,3,3,57.61566071644609
drop,3,3,57.13419458919497
drop,3,3,55.36818270670756
drop,3,3,58.57315556630028
drop,3,3,57.75352446260144
drop,3,3,59.65128867095708
drop,3,3,58.98866225723593
drop,3,3,60.45758165483014
drop,3,3,58.49127596137452
drop,3,3,60.22138211729277
drop,3,3,59.895913575075326
drop,3,3,60.89873521125452
drop,3,3,57.92513887289455
drop,3,3,57.27335190555123
drop,3,3,60.80040191662736
drop,3,3,58.21946925456117
drop,3,3,60.615587556212766
drop,3,3,53.208956625332796
drop,3,3,59.090471901738674
drop,3,3,59.944775370145614
drop,3,3,61.97408970959162
drop,3,3,57.18520778681197
drop,3,3,58.32182887847699
drop,3,3,58.968467427071566
drop,3,3,57.813543325828014
drop,3,3,62.04177383630865
drop,3,3,59.262636011053125
drop,3,3,50.12026613316956
drop,3,3,58.47650363127356
drop,3,3,57.77905329633499
drop,3,3,60.849105937926005
drop,3,3,60.75864396090534
drop,3,3,60.953535605557185
drop,3,3,66.54148665967507
drop,3,3,64.20431512419046
drop,3,3,69.17313891821739
drop,3,3,69.03947730699826
drop,3,3,69.85244961753037
drop,3,3,58.04775762510503
drop,3,3,64.88481551278932
drop,3,3,68.33409892469709
drop,3,3,68.33908249927228
drop,3,3,63.02860249386324
drop,3,3,64.52105746212287
drop,3,3,64.41841260787366
drop,3,3,67.1723209221047
drop,3,3,69.14738218043877
drop,3,3,67.03111271911469
drop,3,3,63.46251699756829
drop,3,3,62.79609661743542
drop,3,3,64.82144765296081
drop,3,3,63.185522410355354
drop,3,3,65.01972517681172
drop,3,3,59.2036513429176
drop,3,3,67.45462700858211
drop,3,3,69.16481589049594
drop,3,3,68.34708627611514
drop,3,3,65.18512542789217
drop,3,3,66.10357532196672
drop,3,3,65.46825311066284
drop,3,3,65.45615438528871
drop,3,3,66.51771721813564
drop,3,3,68.23593530806828
drop,3,3,57.65666858643717
drop,3,3,67.36324001807807
drop,3,3,68.10780047602061
drop,3,3,69.87218708677955
drop,3,3,64.20279776280223
drop,3,3,65.20213459179482
drop,3,3,67.50104494669425
drop,3,3,67.34900675069306
drop,3,3,70.02049619532012
drop,3,3,65.49595425599934
drop,3,3,55.7877219226882
drop,3,3,60.25723756763182
drop,3,3,60.14102238749441
drop,3,3,66.78223287741973
drop,3,3,68.84314004652323
drop,3,3,68.80645967463194
drop,3,3,60.38564209464725
drop,3,3,63.4951016658433
drop,3,3,64.96674375063807
drop,3,3,54.12173864973989
drop,3,4,38.75297220940595
drop,3,4,46.91897325349127
drop,3,4,44.97400028920122
drop,3,4,43.98084786286427
drop,3,4,44.892167339299576
drop,3,4,47.12225629551615
drop,3,4,48.49453429799793
drop,3,4,47.265947591385256
drop,3,4,44.76406554159471
drop,3,4,43.52763253872821
drop,3,4,45.828798146192426
drop,3,4,47.79610809758412
drop,3,4,48.7501726215723
drop,3,4,45.587993254072195
drop,3,4,44.19721707664705
drop,3,4,45.75473632438694
drop,3,4,48.278252207118115
drop,3,4,44.49627105932591
drop,3,4,40.618295704129004
drop,3,4,42.068257381585504
drop,3,4,45.62468098366469
drop,3,4,46.97827897751846
drop,3,4,43.51652349507257
drop,3,4,45.54317364168564
drop,3,4,46.482492563043095
drop,3,4,46.014191364555316
drop,3,4,46.879780886842596
drop,3,4,47.77973123137423
drop,3,4,42.28969545365901
drop,3,4,51.48080762175554
drop,3,4,50.82055664158397
drop,3,4,53.676331179797735
drop,3,4,51.72106635304736
drop,3,4,52.46980623260712
drop,3,4,62.243051258210514
drop,3,4,60.96570162678286
drop,3,4,65.75029055341422
drop,3,4,64.54744177736357
drop,3,4,66.18487429036868
drop,3,4,54.88916553624596
drop,3,4,61.44356708254488
drop,3,4,64.53282325052814
drop,3,4,65.40898914017173
drop,3,4,60.063474537746814
drop,3,4,61.75982429321728
drop,3,4,62.48058310044764
drop,3,4,63.06144687743904
drop,3,4,65.86263740019885
drop,3,4,63.56037388899328
drop,3,4,61.6651217410286
drop,3,4,59.55171089499455
drop,3,4,62.938823204167214
drop,3,4,60.194522130502726
drop,3,4,61.06299376637799
drop,3,4,57.04448941151092
drop,3,4,62.977429262191094
drop,3,4,65.1642812136903
drop,3,4,65.29224779418266
drop,3,4,61.3156983848897
drop,3,4,62.43823113415918
drop,3,4,62.342474143527355
drop,3,4,62.08604154098631
drop,3,4,63.90697144169344
drop,3,4,63.313555620701436
drop,3,4,52.46335993815271
drop,3,4,61.41219588916907
drop,3,4,65.65814100139546
drop,3,4,65.81802818482957
drop,3,4,61.6974179011889
drop,3,4,61.96299777965216
drop,3,4,61.70648590222338
drop,3,4,63.49619741850084
drop,3,4,65.9007208649322
drop,3,4,61.69122993020401
drop,3,4,53.24179606633187
drop,3,4,55.47367758175461
drop,3,4,57.1281628254711
drop,3,4,59.88365472673245
drop,3,4,63.75839489530648
drop,3,4,62.55093020235736
drop,3,4,57.97934952427539
drop,3,4,61.90409657244719
drop,3,4,61.40113794284395
drop,3,4,49.79275549957617
drop,3,4,38.84287951301191
drop,3,4,48.70433743839634
drop,3,4,47.011713149154396
drop,3,4,47.55816744082032
drop,3,4,48.734804060702444
drop,3,4,50.11249706586495
drop,3,4,52.44087267292873
drop,3,4,53.93041289649039
drop,3,4,57.464171653122776
drop,3,4,55.47441916030687
drop,3,4,56.75459872896598
drop,3,4,48.819217210708416
drop,3,4,54.886430215104795
drop,3,4,55.752784211903574
drop,3,4,57.352723154524895
drop,3,4,54.89882334961556
drop,3,4,54.80596922155892
drop,3,4,55.409325204699655
drop,3,4,55.3631365831542
drop,3,4,58.77060704007399
drop,3,4,54.9037691431372
drop,3,4,55.07885759505064
drop,3,4,55.79607928075016
drop,3,4,59.21375974610838
drop,3,4,54.956462190651685
drop,3,4,58.2561088655274
drop,3,4,50.83991880623317
drop,3,4,57.56916994561699
drop,3,4,57.48278406215724
drop,3,4,59.84844366048803
drop,3,4,56.329650806161624
drop,3,4,56.99212516570146
drop,3,4,58.43721407053681
drop,3,4,55.59249615083945
drop,3,4,59.76159527974902
drop,3,4,57.36247776213592
drop,3,4,41.793588934357615
drop,3,4,56.127728750177155
drop,3,4,56.33706154604515
drop,3,4,57.78026050676421
drop,3,4,54.04734689030262
drop,3,4,56.421805192823676
drop,3,4,56.43933374747762
drop,3,4,55.48841078126298
drop,3,4,59.21911789263614
drop,3,4,55.17489259749012
drop,3,4,47.34535021492168
drop,3,4,51.46911741505162
drop,3,4,52.62890700957041
drop,3,4,53.988575016386406
drop,3,4,58.242005279931945
drop,3,4,56.7122195617897
drop,3,4,52.76203175865248
drop,3,4,57.2809952095273
drop,3,4,56.891753260690955
drop,3,4,48.33927467840955
drop,3,4,41.969743260580266
drop,3,4,46.70277574856916
drop,3,4,50.11628098274159
drop,3,4,49.03308806846059
drop,3,4,49.01952157534168
drop,3,4,49.43194876484097
drop,3,4,58.28250336873399
drop,3,4,58.52724284540891
drop,3,4,59.18048389620291
drop,3,4,58.14548424389596
drop,3,4,57.39821340695413
drop,3,4,57.083885660926335
drop,3,4,58.56252652941702
drop,3,4,58.46705967118828
drop,3,4,56.15122960080236
drop,3,4,50.21774357702384
drop,3,4,66.0500600272121
drop,3,4,66.40873637883348
drop,3,4,67.0888544486714
drop,3,4,63.06576586173442
drop,3,4,63.39463686998662
drop,3,4,64.86830349410688
drop,3,4,66.66810115546106
drop,3,4,68.20090841771604
drop,3,4,61.41957032923914
drop,3,4,52.97009935285446
drop,3,4,57.61490726365361
drop,3,4,57.741094857950536
drop,3,4,65.02091041222927
drop,3,4,67.48962670146202
drop,3,4,67.23127566908397
drop,3,4,60.113464951348014
drop,3,4,64.22529954938423
drop,3,4,63.965805201503706
drop,3,4,52.82407894253718
drop,3,4,53.59513317157913
drop,3,4,64.09333202448025
drop,3,4,63.7196560738334
drop,3,4,63.998916230454206
drop,3,4,63.03063399530392
drop,3,4,60.863687141962146
drop,3,4,62.12337262110377
drop,3,4,61.33701765693113
drop,3,4,63.860952405541674
drop,3,4,61.21555577546008
drop,3,4,55.64574166504905
drop,3,4,58.54845155492682
drop,3,4,60.015544943464775
drop,3,4,65.8394405268478
drop,3,4,68.48648908189833
drop,3,4,68.31336329727596
drop,3,4,61.36007559312164
drop,3,4,63.70410761914663
drop,3,4,65.1590629922867
drop,3,4,53.84046722098439
drop,3,4,46.58523938135104
drop,3,4,55.800032934834334
drop,3,4,57.81847496351744
drop,3,4,64.91268344884655
drop,3,4,67.39762501884057
drop,3,4,64.41213368304282
drop,3,4,59.38471080969176
drop,3,4,63.149321994818884
drop,3,4,63.94335421891868
drop,3,4,50.52870426171193
drop,3,4,48.940755180408715
drop,3,4,53.6871137867163
drop,3,4,57.27140218234401
drop,3,4,48.554779630054
drop,3,4,46.42809534603894
drop,3,5,32.03575897227824
drop,3,5,37.44147349875107
drop,3,5,37.9526782608525
drop,3,5,36.04895320038421
drop,3,5,35.36389679698306
drop,3,5,34.9691771219095
drop,3,5,42.85421216959104
drop,3,5,42.790873820062835
drop,3,5,45.40080704388911
drop,3,5,44.979638573289336
drop,3,5,42.485898277000736
drop,3,5,37.86952281041086
drop,3,5,41.004205606138605
drop,3,5,44.88332811108272
drop,3,5,45.37740739976656
drop,3,5,41.72980479160172
drop,3,5,43.54940389108399
drop,3,5,43.16271086454032
drop,3,5,44.22154040374778
drop,3,5,43.42897047873901
drop,3,5,44.33290840099089
drop,3,5,44.03582661353549
drop,3,5,43.40240422059524
drop,3,5,46.22722278387058
drop,3,5,42.98974875767583
drop,3,5,42.79614598211089
drop,3,5,36.37674507679655
drop,3,5,41.678190806442224
drop,3,5,44.48113191606804
drop,3,5,45.87605306775026
drop,3,5,41.02864878395165
drop,3,5,42.1600090167196
drop,3,5,44.29468801974392
drop,3,5,42.891258993954786
drop,3,5,46.16797657423258
drop,3,5,46.73313916277524
drop,3,5,29.922908933632808
drop,3,5,40.34862972514925
drop,3,5,45.24164121576475
drop,3,5,40.25844228036913
drop,3,5,39.75360170530126
drop,3,5,43.45787309161331
drop,3,5,41.08098385292029
drop,3,5,43.8951655193527
drop,3,5,35.799206411486104
drop,3,5,40.42173734009155
drop,3,5,34.18413231316848
drop,3,5,38.447238104224375
drop,3,5,39.49594885824155
drop,3,5,39.39287352635774
drop,3,5,38.657429995608304
drop,3,5,45.29805737930627
drop,3,5,39.99495011436361
drop,3,5,41.83967163603158
drop,3,5,44.29343666880753
drop,3,5,33.80720322355254
drop,3,5,30.85437427081768
drop,3,5,40.65276845392112
drop,3,5,43.3270393388536
drop,3,5,41.94791182729522
drop,3,5,39.13564853331601
drop,3,5,44.89289727598939
drop,3,5,51.52359692511864
drop,3,5,50.27323320177903
drop,3,5,49.41124612520464
drop,3,5,51.35249511537878
drop,3,5,49.79883599746021
drop,3,5,49.3857628867363
drop,3,5,51.59396032470467
drop,3,5,49.88333674750401
drop,3,5,45.63703065238716
drop,3,5,47.787004101147396
drop,3,5,61.25712225012096
drop,3,5,63.13381744031613
drop,3,5,61.37861186574133
drop,3,5,61.003030493713275
drop,3,5,61.31296969006615
drop,3,5,60.66670817152741
drop,3,5,62.30026037692255
drop,3,5,63.3199002054159
drop,3,5,57.44777620771258
drop,3,5,50.15746799514427
drop,3,5,54.77275045508747
drop,3,5,55.393812824444105
drop,3,5,59.83244508522324
drop,3,5,62.77539405164223
drop,3,5,62.27766831500573
drop,3,5,56.75975375826602
drop,3,5,59.30290395449918
drop,3,5,59.53140235396147
drop,3,5,49.739865720674565
drop,3,5,48.640011779768024
drop,3,5,62.529666385124656
drop,3,5,62.48475327406334
drop,3,5,61.854656415440836
drop,3,5,59.7632116827898
drop,3,5,57.82051791170636
drop,3,5,59.41330265425695
drop,3,5,58.81404003876774
drop,3,5,60.84730702193566
drop,3,5,55.710087321016324
drop,3,5,51.68223532022015
drop,3,5,55.58883308958802
drop,3,5,58.003352998359276
drop,3,5,62.18307942922416
drop,3,5,63.616027166546644
drop,3,5,63.354365946131686
drop,3,5,57.12307764014576
drop,3,5,61.48234835949557
drop,3,5,59.34816584221021
drop,3,5,46.845668883670385
drop,3,5,43.391445514250485
drop,3,5,52.01409547870495
drop,3,5,48.97681052076029
drop,3,5,57.464626579543946
drop,3,5,58.38416279907972
drop,3,5,62.177878381324874
drop,3,5,57.449147382197744
drop,3,5,58.450287695085066
drop,3,5,58.903469533409655
drop,3,5,45.07200620102992
drop,3,5,43.855342452589234
drop,3,5,49.075406624233544
drop,3,5,53.31407803458047
drop,3,5,38.825360980986886
drop,3,5,42.687410769753875
drop,3,5,30.323900106177582
drop,3,5,38.322896221514384
drop,3,5,35.33621996346533
drop,3,5,38.523510683233226
drop,3,5,38.86957883830691
drop,3,5,38.94282488220863
drop,3,5,44.86045224280664
drop,3,5,48.29534086541939
drop,3,5,49.21133661095017
drop,3,5,43.170070271019995
drop,3,5,45.39082612247284
drop,3,5,46.93348211547795
drop,3,5,43.6898322510321
drop,3,5,44.92301270547181
drop,3,5,42.023478477312715
drop,3,5,40.71370535829376
drop,3,5,51.1416989982737
drop,3,5,50.83938910339748
drop,3,5,52.32563107362607
drop,3,5,53.69196029251167
drop,3,5,52.88258405663222
drop,3,5,53.187095274005216
drop,3,5,53.9001207948508
drop,3,5,54.99902355133349
drop,3,5,48.15092620518336
drop,3,5,42.00903181798591
drop,3,5,48.47351509835429
drop,3,5,48.81830713710268
drop,3,5,51.978133396208925
drop,3,5,53.664554781272614
drop,3,5,52.30616864950275
drop,3,5,51.15097814272671
drop,3,5,54.289524131638736
drop,3,5,52.628050082347116
drop,3,5,44.894444793930674
drop,3,5,39.303415141928234
drop,3,5,52.734178662228544
drop,3,5,51.83156536262771
drop,3,5,54.71365004833961
drop,3,5,54.853242768047515
drop,3,5,53.27387935553577
drop,3,5,54.81106625464554
drop,3,5,52.817220063024216
drop,3,5,58.31036802404533
drop,3,5,52.50672084675898
drop,3,5,45.453239032230314
drop,3,5,48.88184544709899
drop,3,5,51.00072179213187
drop,3,5,52.831717277523246
drop,3,5,56.03748635696779
drop,3,5,55.36847071887955
drop,3,5,49.998917094165435
drop,3,5,55.862681119441746
drop,3,5,56.20405499874893
drop,3,5,48.403305989826215
drop,3,5,36.818179800670215
drop,3,5,41.44200516954078
drop,3,5,42.52888399459213
drop,3,5,50.00485385160759
drop,3,5,54.91382950179654
drop,3,5,53.345808013586016
drop,3,5,50.7359198418194
drop,3,5,49.974708121984904
drop,3,5,52.6996926144293
drop,3,5,42.46493398082524
drop,3,5,40.626191528156156
drop,3,5,44.949513040808924
drop,3,5,49.305019334211295
drop,3,5,43.18195768733727
drop,3,5,38.882302588786665
drop,3,5,30.905969042258693
drop,3,5,39.787035368255694
drop,3,5,40.29316698855392
drop,3,5,40.91186117997859
drop,3,5,47.24202133584657
drop,3,5,45.72267510319383
drop,3,5,44.8089829159254
drop,3,5,49.31362999525293
drop,3,5,47.74530049919059
drop,3,5,41.778173764895236
drop,3,5,45.1271206305651
drop,3,5,48.15708093467931
drop,3,5,49.05748793027494
drop,3,5,56.64749342655609
drop,3,5,57.580189239900896
drop,3,5,55.09579627342038
drop,3,5,54.361496137024915
drop,3,5,56.369639844371484
drop,3,5,52.89101373604773
drop,3,5,40.120781493081445
drop,3,5,43.97166837127184
drop,3,5,50.837848220498515
drop,3,5,51.15599700925036
drop,3,5,64.05777040011537
drop,3,5,66.40701775476481
drop,3,5,62.53472778235706
drop,3,5,59.14239434811664
drop,3,5,64.22750323391794
drop,3,5,61.34816643855067
drop,3,5,47.886490824045424
drop,3,5,48.48523028188426
drop,3,5,50.692307462275565
drop,3,5,54.75485677502233
drop,3,5,49.141450402456194
drop,3,5,44.016557451526104
drop,3,5,45.06633421635557
drop,3,5,52.74619619192242
drop,3,5,54.758670775179816
drop,3,5,63.06301635411967
drop,3,5,64.64528936876494
drop,3,5,63.840292991978664
drop,3,5,58.183555029345655
drop,3,5,60.84419590872615
drop,3,5,60.02509631935839
drop,3,5,48.77961649910992
drop,3,5,49.58663186571465
drop,3,5,54.609087872694694
drop,3,5,56.647433386375084
drop,3,5,50.36431096740279
drop,3,5,46.608862858118975
drop,3,5,39.379713942838855
drop,3,5,41.552502755898004
drop,3,5,52.282677638886334
drop,3,5,42.9517725973313
drop,3,5,43.82898373314416
drop,3,5,27.60550419601869
drop,3,6,23.842388209800674
drop,3,6,30.698582721942206
drop,3,6,30.158957214635368
drop,3,6,31.85571757143629
drop,3,6,26.24867490803274
drop,3,6,30.156980704141294
drop,3,6,31.894438453221728
drop,3,6,34.76467632794283
drop,3,6,34.22133342240157
drop,3,6,33.14815045347997
drop,3,6,36.68873405387719
drop,3,6,33.49864004470509
drop,3,6,34.33040992168277
drop,3,6,30.19278258368443
drop,3,6,30.334946593516065
drop,3,6,29.806355546593757
drop,3,6,40.398275862770454
drop,3,6,41.201558375526034
drop,3,6,40.22738958005624
drop,3,6,40.8089862893995
drop,3,6,41.063999817427586
drop,3,6,38.764251372362125
drop,3,6,43.51405039590571
drop,3,6,37.43724576205672
drop,3,6,32.81220341351516
drop,3,6,32.13317031736368
drop,3,6,36.558565129140284
drop,3,6,35.48961020027171
drop,3,6,37.978474502382696
drop,3,6,36.42395918742035
drop,3,6,42.553635027512016
drop,3,6,40.01629965231416
drop,3,6,38.977148342927244
drop,3,6,41.79822529690953
drop,3,6,27.305746027227922
drop,3,6,29.428859447171384
drop,3,6,43.041440925147846
drop,3,6,40.71657917768333
drop,3,6,39.61277657668326
drop,3,6,40.63275987343375
drop,3,6,41.667352861758445
drop,3,6,39.06849748423728
drop,3,6,40.08494369276203
drop,3,6,35.57119988409124
drop,3,6,40.515583529354785
drop,3,6,29.797041401457193
drop,3,6,32.96513703875196
drop,3,6,36.19304361753768
drop,3,6,37.303298364607784
drop,3,6,40.31663608421679
drop,3,6,44.44393307997969
drop,3,6,34.8767650226171
drop,3,6,40.208674665461366
drop,3,6,40.86611160342934
drop,3,6,31.43075113601802
drop,3,6,25.552297849463148
drop,3,6,30.617928544534163
drop,3,6,29.539510035687353
drop,3,6,38.38032439450619
drop,3,6,32.43367932294833
drop,3,6,42.20061171937237
drop,3,6,37.95230762407097
drop,3,6,32.31497874168631
drop,3,6,41.10240748681185
drop,3,6,27.106136564278522
drop,3,6,26.407122640707165
drop,3,6,28.924787561269504
drop,3,6,36.39084997748288
drop,3,6,25.675653881372902
drop,3,6,26.677222389550874
drop,3,6,26.29881701722676
drop,3,6,30.747132135850542
drop,3,6,30.92961227261311
drop,3,6,31.36738719093226
drop,3,6,41.482548201898844
drop,3,6,40.12385599510087
drop,3,6,35.65416495257341
drop,3,6,41.527073780102455
drop,3,6,38.304027230723285
drop,3,6,34.14123867416615
drop,3,6,39.428178277462465
drop,3,6,42.82239590809498
drop,3,6,44.92669225221442
drop,3,6,49.19354184940049
drop,3,6,47.27003856219816
drop,3,6,43.54117654641433
drop,3,6,47.8775410160131
drop,3,6,48.103029789528364
drop,3,6,44.41708631517588
drop,3,6,36.40032305980595
drop,3,6,43.17113129963142
drop,3,6,47.32637486836022
drop,3,6,48.53463874416078
drop,3,6,59.19196324562443
drop,3,6,59.26795272583028
drop,3,6,56.33044461595716
drop,3,6,56.86421686042256
drop,3,6,58.118701088551006
drop,3,6,56.672621531577114
drop,3,6,42.74047226634418
drop,3,6,42.6439137452571
drop,3,6,44.71432582909525
drop,3,6,51.12561276370882
drop,3,6,38.899910752039936
drop,3,6,40.27412212986958
drop,3,6,43.892490585943264
drop,3,6,49.5626272466413
drop,3,6,48.386738851277414
drop,3,6,57.56857138030107
drop,3,6,58.69055797901808
drop,3,6,56.93480840702592
drop,3,6,54.551610723648665
drop,3,6,58.06288751015342
drop,3,6,55.17511360089656
drop,3,6,43.929500932556316
drop,3,6,43.51598810411792
drop,3,6,49.79483550746574
drop,3,6,49.855946154904736
drop,3,6,36.29888703115299
drop,3,6,37.806479788966385
drop,3,6,33.48239351569812
drop,3,6,35.63704307460209
drop,3,6,46.43521492225258
drop,3,6,33.387275657629374
drop,3,6,39.97866938202583
drop,3,6,26.252711001551
drop,3,6,22.130254195529776
drop,3,6,26.021033836337462
drop,3,6,29.790260577168876
drop,3,6,30.149658825412946
drop,3,6,34.997329919957835
drop,3,6,36.51988359581539
drop,3,6,38.45809912060156
drop,3,6,32.668792446690965
drop,3,6,32.86356081919638
drop,3,6,36.57621836247051
drop,3,6,32.49817611584707
drop,3,6,39.25497178980551
drop,3,6,38.64634394509652
drop,3,6,43.613319967310325
drop,3,6,46.13540795990103
drop,3,6,43.27086430004805
drop,3,6,39.328211540525345
drop,3,6,41.77814877553303
drop,3,6,42.62020479709063
drop,3,6,32.88787242254299
drop,3,6,35.46781815922997
drop,3,6,39.85473840348795
drop,3,6,40.195883152928715
drop,3,6,47.883199675055
drop,3,6,49.3206290617408
drop,3,6,45.76804239715636
drop,3,6,50.63888898028984
drop,3,6,50.35429297434588
drop,3,6,47.531986073145
drop,3,6,38.18945377302001
drop,3,6,37.20560799309958
drop,3,6,38.87223970649376
drop,3,6,45.327247046459895
drop,3,6,39.832735060493896
drop,3,6,35.61104634137969
drop,3,6,36.03384604584938
drop,3,6,38.062718360988946
drop,3,6,39.28451697882182
drop,3,6,46.41541584205074
drop,3,6,52.85727170192208
drop,3,6,50.17529942088372
drop,3,6,49.14862288072428
drop,3,6,51.966360588032344
drop,3,6,50.888112948960774
drop,3,6,41.4390047460732
drop,3,6,37.69645758675911
drop,3,6,42.969632391504945
drop,3,6,46.046587541407185
drop,3,6,41.84306475674889
drop,3,6,40.483605304442186
drop,3,6,31.183463820194145
drop,3,6,31.94743408533069
drop,3,6,38.798759791476805
drop,3,6,35.81950631299615
drop,3,6,30.294772055989387
drop,3,6,25.054391049510354
drop,3,6,26.464420954318562
drop,3,6,28.733362330602336
drop,3,6,29.93100750853722
drop,3,6,39.31952441041522
drop,3,6,39.0029589617787
drop,3,6,35.991778602571316
drop,3,6,44.97987637545139
drop,3,6,44.6523419668682
drop,3,6,37.93953649204421
drop,3,6,31.102444782661472
drop,3,6,40.69075310862456
drop,3,6,44.10788732884822
drop,3,6,43.64929535880601
drop,3,6,39.305136318809154
drop,3,6,30.985153736027723
drop,3,6,40.50241519017493
drop,3,6,40.78885675797579
drop,3,6,45.63594468202539
drop,3,6,42.33561882026215
drop,3,6,42.181732446690305
drop,3,6,27.692953475801023
drop,3,6,34.15356866712504
drop,3,6,40.48915839342903
drop,3,6,47.35498662811698
drop,3,6,41.97275409994456
drop,3,6,42.920704542641154
drop,3,6,23.78713740946167
drop,3,6,19.88907237796258
hcs,3,0,64.70814907145055
hcs,3,1,62.250167794313896
hcs,3,1,62.0345748672785
hcs,3,1,64.9237812942873
hcs,3,1,65.3139817481678
hcs,3,1,63.89739098840308
hcs,3,1,65.68666540446466
hcs,3,1,65.36095207541193
hcs,3,1,64.36582656279343
hcs,3,1,63.736000390548554
hcs,3,1,64.60822779772313
hcs,3,2,53.8045009981127
hcs,3,2,62.45889446111594
hcs,3,2,62.02818998575816
hcs,3,2,61.300710763421
hcs,3,2,62.32620841207237
hcs,3,2,61.80824743709763
hcs,3,2,61.5366426147612
hcs,3,2,60.995061572108966
hcs,3,2,62.49272733757014
hcs,3,2,61.169000922299105
hcs,3,2,62.04602581893875
hcs,3,2,61.450970637869254
hcs,3,2,61.714394517893446
hcs,3,2,61.159566810101055
hcs,3,2,61.94654705949896
hcs,3,2,60.69860032441954
hcs,3,2,61.40163360082445
hcs,3,2,63.726722752254496
hcs,3,2,64.38736849712286
hcs,3,2,65.19737828107586
hcs,3,2,64.85941957304284
hcs,3,2,64.57121839586087
hcs,3,2,63.918014482028696
hcs,3,2,65.2928597424503
hcs,3,2,63.64608208834873
hcs,3,2,66.28869292020315
hcs,3,2,65.50552307332167
hcs,3,2,63.445139827548005
hcs,3,2,63.70325242255333
hcs,3,2,65.48285707242833
hcs,3,2,63.37929658514207
hcs,3,2,63.52277030114891
hcs,3,2,63.448247093748826
hcs,3,2,62.04847642401719
hcs,3,2,63.69548091090108
hcs,3,2,63.93347394829492
hcs,3,2,63.9703095252057
hcs,3,2,63.20057290441103
hcs,3,2,65.49492110962494
hcs,3,2,64.24990156827666
hcs,3,2,62.81570998410499
hcs,3,2,65.55048090188913
hcs,3,2,61.623437584090325
hcs,3,2,63.60338162508193
hcs,3,2,62.17558731951788
hcs,3,3,53.51155153310743
hcs,3,3,53.524195036598975
hcs,3,3,52.90787646557414
hcs,3,3,53.76301868864823
hcs,3,3,52.406247929778495
hcs,3,3,51.90753130116046
hcs,3,3,52.05503362643068
hcs,3,3,54.00355047629068
hcs,3,3,59.7454562533609
hcs,3,3,60.828307380294575
hcs,3,3,61.59352953682838
hcs,3,3,61.81651241481764
hcs,3,3,60.50943452115773
hcs,3,3,60.506503996815205
hcs,3,3,62.338348343322124
hcs,3,3,61.014022276660704
hcs,3,3,62.73957711594776
hcs,3,3,61.71247093122923
hcs,3,3,60.95132028821479
hcs,3,3,60.553009852852426
hcs,3,3,62.58513306714481
hcs,3,3,61.31139487630373
hcs,3,3,61.19660126886849
hcs,3,3,61.249512954337426
hcs,3,3,59.997532530270625
hcs,3,3,62.441869466195435
hcs,3,3,60.93129373516596
hcs,3,3,60.92924398088479
hcs,3,3,61.212911579168356
hcs,3,3,62.19827399444217
hcs,3,3,60.821815003627314
hcs,3,3,59.792217942156704
hcs,3,3,62.32755984835861
hcs,3,3,59.12091537062464
hcs,3,3,62.0326113317553
hcs,3,3,60.18975316391085
hcs,3,3,57.12752997059472
hcs,3,3,60.00318978218434
hcs,3,3,60.427150347251725
hcs,3,3,60.78413771660181
hcs,3,3,59.9997952857603
hcs,3,3,60.441090260499266
hcs,3,3,60.70643232049485
hcs,3,3,61.53375413062758
hcs,3,3,61.51590903110142
hcs,3,3,60.361517896110946
hcs,3,3,60.386029414476546
hcs,3,3,60.12144852158958
hcs,3,3,60.29505820411189
hcs,3,3,59.849375995154254
hcs,3,3,59.43087523248579
hcs,3,3,60.71629683709991
hcs,3,3,60.11024650811101
hcs,3,3,61.3341927353404
hcs,3,3,60.087007583717416
hcs,3,3,60.40508347825499
hcs,3,3,59.624219613015036
hcs,3,3,60.75588766558013
hcs,3,3,60.26711261886245
hcs,3,3,60.240499835675486
hcs,3,3,60.38771641566757
hcs,3,3,58.81694885060675
hcs,3,3,60.803387815164065
hcs,3,3,59.37332074399279
hcs,3,3,60.78867567784232
hcs,3,3,64.54975406864853
hcs,3,3,63.37573145684155
hcs,3,3,61.94478874530079
hcs,3,3,62.55972579737211
hcs,3,3,63.45500430663224
hcs,3,3,63.18655107657263
hcs,3,3,63.444744189375285
hcs,3,3,63.34079805916226
hcs,3,3,62.605195346948186
hcs,3,3,64.33817051741048
hcs,3,3,64.39618098540342
hcs,3,3,63.7335444651622
hcs,3,3,63.9834202190389
hcs,3,3,64.77258620171413
hcs,3,3,64.36124817716897
hcs,3,3,63.57792455758588
hcs,3,3,65.22268516408971
hcs,3,3,61.46591659874124
hcs,3,3,63.37546799059987
hcs,3,3,62.419936912768506
hcs,3,3,62.90478294001751
hcs,3,3,63.07491447197244
hcs,3,3,61.30699827643205
hcs,3,3,60.6674358399385
hcs,3,3,63.1622720978912
hcs,3,3,64.50670870195994
hcs,3,3,63.667434541438446
hcs,3,3,64.67714309477543
hcs,3,3,65.77501985635003
hcs,3,3,63.52153706404733
hcs,3,3,63.15065112275973
hcs,3,3,65.53419570283423
hcs,3,3,60.594661770884976
hcs,3,3,63.000542286270914
hcs,3,3,61.99762592590833
hcs,3,3,59.84580320786962
hcs,3,3,62.219599220224666
hcs,3,3,61.022318641640254
hcs,3,3,63.265266865088805
hcs,3,3,63.244463694005255
hcs,3,3,61.2327477177177
hcs,3,3,62.910362870996835
hcs,3,3,59.25308055556017
hcs,3,3,62.039305813097414
hcs,3,3,61.17337372049724
hcs,3,3,62.31165030126348
hcs,3,3,60.88970366592595
hcs,3,3,63.92357900466364
hcs,3,3,60.445021943948056
hcs,3,3,63.41299168292956
hcs,3,3,62.19860429153346
hcs,3,3,60.95154533766901
hcs,3,3,63.931595356735436
hcs,3,3,62.68374840939547
hcs,3,3,56.3533639968348
hcs,3,4,47.92292916438317
hcs,3,4,51.29183195496381
hcs,3,4,52.69524411578228
hcs,3,4,51.61655479586039
hcs,3,4,51.380177248224534
hcs,3,4,51.385313329433174
hcs,3,4,52.93883605541054
hcs,3,4,51.373171593731
hcs,3,4,52.97627272818441
hcs,3,4,51.56700270343002
hcs,3,4,50.64663300121423
hcs,3,4,51.7449216877871
hcs,3,4,53.074423868413795
hcs,3,4,51.519005256687294
hcs,3,4,52.35774431908392
hcs,3,4,49.296913844062075
hcs,3,4,50.459531954641896
hcs,3,4,53.2687435011371
hcs,3,4,51.72231683792551
hcs,3,4,51.63835963157691
hcs,3,4,51.04321419455038
hcs,3,4,53.29260628084012
hcs,3,4,51.02694497032718
hcs,3,4,50.17963891465244
hcs,3,4,52.07155589574376
hcs,3,4,48.89396265667462
hcs,3,4,51.89315990280415
hcs,3,4,48.04230191499726
hcs,3,4,56.280699194535465
hcs,3,4,59.77089299070316
hcs,3,4,58.5377249059329
hcs,3,4,58.39974414433952
hcs,3,4,58.125893684857154
hcs,3,4,60.118747605915935
hcs,3,4,60.62109593568341
hcs,3,4,61.22882332774015
hcs,3,4,60.55394179459472
hcs,3,4,59.85685387350221
hcs,3,4,61.061395515948256
hcs,3,4,61.17140301224309
hcs,3,4,60.26353842136319
hcs,3,4,61.046853664942496
hcs,3,4,61.42960872027715
hcs,3,4,60.763126504633824
hcs,3,4,59.6071485044195
hcs,3,4,62.1840221891897
hcs,3,4,57.88291597771374
hcs,3,4,60.40975087518758
hcs,3,4,59.41588697510076
hcs,3,4,60.315751406319215
hcs,3,4,60.63466924128236
hcs,3,4,59.95267233685439
hcs,3,4,58.45663583968813
hcs,3,4,61.46497622503609
hcs,3,4,60.88412968977184
hcs,3,4,61.73090488720186
hcs,3,4,61.62085114244341
hcs,3,4,62.843243995735534
hcs,3,4,60.45129444141806
hcs,3,4,59.3363478828003
hcs,3,4,61.73358328469931
hcs,3,4,58.31498549723489
hcs,3,4,61.03211150982697
hcs,3,4,59.21569983110809
hcs,3,4,57.63277988610387
hcs,3,4,60.29001727838493
hcs,3,4,58.897842990418766
hcs,3,4,61.50934265536955
hcs,3,4,61.41175731942669
hcs,3,4,58.534605459209374
hcs,3,4,61.53591590330429
hcs,3,4,57.66717141835977
hcs,3,4,61.16831681230395
hcs,3,4,59.32474401376852
hcs,3,4,59.931111365893
hcs,3,4,58.7334193968917
hcs,3,4,61.669509822561125
hcs,3,4,57.01763711559687
hcs,3,4,60.83970169164542
hcs,3,4,59.780403822667814
hcs,3,4,57.26318176694482
hcs,3,4,60.65268148417486
hcs,3,4,59.41142946537222
hcs,3,4,55.99032302864521
hcs,3,4,52.405138315553515
hcs,3,4,55.74016519176315
hcs,3,4,56.63961042331224
hcs,3,4,55.791148512059166
hcs,3,4,56.275128642895915
hcs,3,4,56.365713397345566
hcs,3,4,58.34221163042322
hcs,3,4,58.406255008619404
hcs,3,4,58.520458018084284
hcs,3,4,59.81790999263676
hcs,3,4,60.81685899397822
hcs,3,4,59.580072667844796
hcs,3,4,58.72439971276034
hcs,3,4,58.61201755362015
hcs,3,4,59.63611288794355
hcs,3,4,59.88807701313742
hcs,3,4,59.91510197233703
hcs,3,4,60.80718667022939
hcs,3,4,58.06570750980996
hcs,3,4,59.16453708480771
hcs,3,4,58.08608369255773
hcs,3,4,58.491000840880325
hcs,3,4,59.508750309991356
hcs,3,4,59.49794962731609
hcs,3,4,59.53799162786453
hcs,3,4,61.09842970393696
hcs,3,4,58.87825229254593
hcs,3,4,60.45474343602983
hcs,3,4,59.17637862568148
hcs,3,4,59.922481276851045
hcs,3,4,59.77994615250174
hcs,3,4,58.2992945405296
hcs,3,4,59.17160252511752
hcs,3,4,56.816132695301576
hcs,3,4,58.72312492328672
hcs,3,4,57.80531656659513
hcs,3,4,55.79474291299187
hcs,3,4,58.69120465083836
hcs,3,4,57.95503837502905
hcs,3,4,59.84458785889043
hcs,3,4,58.78325254833736
hcs,3,4,58.79719969699287
hcs,3,4,60.05882324306666
hcs,3,4,57.44571712408736
hcs,3,4,60.0753224361721
hcs,3,4,58.757479963260224
hcs,3,4,57.4374816337529
hcs,3,4,56.98548894297109
hcs,3,4,58.93350312229018
hcs,3,4,57.07291371801015
hcs,3,4,58.77741022083836
hcs,3,4,58.60181752339718
hcs,3,4,57.016772122034205
hcs,3,4,59.15572348750793
hcs,3,4,58.23419834910125
hcs,3,4,52.69450317192213
hcs,3,4,55.411071470433015
hcs,3,4,60.378791299099994
hcs,3,4,57.70808335049852
hcs,3,4,59.69966020817157
hcs,3,4,60.31648819594888
hcs,3,4,62.57251022196285
hcs,3,4,61.44451221649338
hcs,3,4,63.19015918764948
hcs,3,4,64.08075224870923
hcs,3,4,61.59627052890519
hcs,3,4,61.54509886583333
hcs,3,4,63.12069137780368
hcs,3,4,59.720486388231144
hcs,3,4,61.03152787434687
hcs,3,4,61.27969387872438
hcs,3,4,60.02790889963812
hcs,3,4,61.95249162159515
hcs,3,4,61.17216921389643
hcs,3,4,62.58392484560862
hcs,3,4,63.583531581074304
hcs,3,4,61.00916143196843
hcs,3,4,62.89995091432605
hcs,3,4,59.2024574098737
hcs,3,4,62.81322628545646
hcs,3,4,61.180232795194684
hcs,3,4,62.017935571667145
hcs,3,4,62.54287914744965
hcs,3,4,64.43396283577952
hcs,3,4,60.25477448130607
hcs,3,4,62.50480965254663
hcs,3,4,62.19044734269311
hcs,3,4,60.87359947254024
hcs,3,4,63.25583241309211
hcs,3,4,62.97435036279878
hcs,3,4,56.9596730421423
hcs,3,4,57.76047425325505
hcs,3,4,60.80842123007976
hcs,3,4,60.62681506387828
hcs,3,4,63.16182545178434
hcs,3,4,62.59215019035856
hcs,3,4,60.69420726209522
hcs,3,4,62.945192388453236
hcs,3,4,57.182693304415146
hcs,3,4,60.75782456629343
hcs,3,4,59.720292412377056
hcs,3,4,62.40302087845179
hcs,3,4,61.447976971225785
hcs,3,4,64.20193608703806
hcs,3,4,60.44882135161551
hcs,3,4,62.9788942109076
hcs,3,4,62.57969613060355
hcs,3,4,60.29482288936974
hcs,3,4,62.977560087472696
hcs,3,4,61.73586600490711
hcs,3,4,54.9760070354747
hcs,3,4,58.92837784905818
hcs,3,4,57.31364410119824
hcs,3,4,59.43066733466692
hcs,3,4,57.24503005293191
hcs,3,4,61.01011084079896
hcs,3,4,60.57895057893472
hcs,3,4,58.132450818118535
hcs,3,4,62.27046237076536
hcs,3,4,59.9314324541563
hcs,3,4,54.77066851647735
hcs,3,4,56.96901520420932
hcs,3,4,61.177478010129384
hcs,3,4,60.9589873225013
hcs,3,4,53.19190222830834
hcs,3,4,55.12460538612737
hcs,3,5,42.18753536258265
hcs,3,5,46.18028591584483
hcs,3,5,45.17220353684184
hcs,3,5,45.36966344945216
hcs,3,5,45.723351419005446
hcs,3,5,47.23663764229737
hcs,3,5,50.43881135922454
hcs,3,5,49.42019099240871
hcs,3,5,47.79937157074172
hcs,3,5,49.11669016781752
hcs,3,5,51.09019572383078
hcs,3,5,48.77879090427586
hcs,3,5,50.18412383162727
hcs,3,5,50.7384698962075
hcs,3,5,52.370289692442505
hcs,3,5,50.02282273630525
hcs,3,5,50.13551160280378
hcs,3,5,51.4032284035204
hcs,3,5,48.77143892745546
hcs,3,5,51.98674478593852
hcs,3,5,48.57128570689789
hcs,3,5,51.1900480641493
hcs,3,5,49.6321275610879
hcs,3,5,46.95168689083381
hcs,3,5,48.78323271707846
hcs,3,5,52.35104738272923
hcs,3,5,50.30914468010661
hcs,3,5,50.469598085963696
hcs,3,5,50.20033345987253
hcs,3,5,52.3965334208926
hcs,3,5,49.968242340008324
hcs,3,5,49.64422815162829
hcs,3,5,51.85688402412518
hcs,3,5,48.103682734887975
hcs,3,5,51.794818816253105
hcs,3,5,48.80986526318253
hcs,3,5,48.752485692586504
hcs,3,5,49.85860186960672
hcs,3,5,48.970721448509565
hcs,3,5,51.63788324621305
hcs,3,5,48.799132078501884
hcs,3,5,50.056437271962785
hcs,3,5,52.050627364937974
hcs,3,5,45.86625533509003
hcs,3,5,50.017119952131814
hcs,3,5,47.2808169249955
hcs,3,5,48.259455931153305
hcs,3,5,48.090410319163354
hcs,3,5,50.33759234886037
hcs,3,5,46.22799554862676
hcs,3,5,50.72477602580553
hcs,3,5,47.533662185030614
hcs,3,5,46.17412704390064
hcs,3,5,50.62364592111862
hcs,3,5,47.29099165175045
hcs,3,5,44.7038941107457
hcs,3,5,50.38289411841957
hcs,3,5,56.74618460734218
hcs,3,5,54.55274800329026
hcs,3,5,54.83322574232489
hcs,3,5,56.60711487478808
hcs,3,5,57.878843259756295
hcs,3,5,58.028324584059895
hcs,3,5,58.9518387023572
hcs,3,5,59.310718751394326
hcs,3,5,57.176622144532416
hcs,3,5,57.01388409434883
hcs,3,5,59.394183088386036
hcs,3,5,55.26519782036724
hcs,3,5,58.33189313209029
hcs,3,5,56.21001569751071
hcs,3,5,57.35235892736465
hcs,3,5,59.3264891474652
hcs,3,5,58.82813222776797
hcs,3,5,60.09675708125575
hcs,3,5,61.400334760181615
hcs,3,5,58.61995969054242
hcs,3,5,60.32657587984124
hcs,3,5,57.39475136496534
hcs,3,5,60.095085544553136
hcs,3,5,59.076696801557894
hcs,3,5,59.27344805354135
hcs,3,5,58.845609896994134
hcs,3,5,61.18726763367533
hcs,3,5,56.81157514438986
hcs,3,5,59.65670180448972
hcs,3,5,60.081577816499774
hcs,3,5,56.70551088519684
hcs,3,5,60.79611737815332
hcs,3,5,58.93359232387691
hcs,3,5,55.75730485569489
hcs,3,5,55.03805727714052
hcs,3,5,59.81865458997711
hcs,3,5,58.08932296207089
hcs,3,5,61.2537105014821
hcs,3,5,60.26899491145115
hcs,3,5,57.809359882710915
hcs,3,5,61.40120518988497
hcs,3,5,55.5316587832477
hcs,3,5,60.191811131777854
hcs,3,5,58.30028852404416
hcs,3,5,59.47624750408148
hcs,3,5,58.65716155419775
hcs,3,5,61.16083282999195
hcs,3,5,57.70607574816296
hcs,3,5,61.44436237644489
hcs,3,5,60.54104292462767
hcs,3,5,57.55600680929422
hcs,3,5,60.1100091123712
hcs,3,5,58.47517821122239
hcs,3,5,54.448889362424474
hcs,3,5,57.60430530474952
hcs,3,5,55.28952289850942
hcs,3,5,58.08764209125768
hcs,3,5,55.425606463011825
hcs,3,5,59.840329303471194
hcs,3,5,58.201830491731236
hcs,3,5,55.72639071711277
hcs,3,5,61.696736586140084
hcs,3,5,58.17604896216009
hcs,3,5,54.57520853002254
hcs,3,5,53.3349924678209
hcs,3,5,59.21969147737228
hcs,3,5,58.22360230643827
hcs,3,5,51.46681795783036
hcs,3,5,52.98389163307129
hcs,3,5,48.60364682797204
hcs,3,5,51.563216357555426
hcs,3,5,48.990943705433665
hcs,3,5,52.08879528030094
hcs,3,5,52.28271971260411
hcs,3,5,54.139081394582604
hcs,3,5,53.009349858951445
hcs,3,5,54.42873986135146
hcs,3,5,54.41433612274507
hcs,3,5,55.24196791105868
hcs,3,5,55.7401185821335
hcs,3,5,55.345452267210185
hcs,3,5,52.19723823895158
hcs,3,5,54.17629839299985
hcs,3,5,52.522795263381575
hcs,3,5,54.3930112668055
hcs,3,5,57.015915837218934
hcs,3,5,57.783284140872446
hcs,3,5,58.8497755950665
hcs,3,5,57.82589417795394
hcs,3,5,58.066371579500284
hcs,3,5,58.97105183696166
hcs,3,5,56.29638568664448
hcs,3,5,58.41832751952887
hcs,3,5,58.225830548170386
hcs,3,5,56.08449252225514
hcs,3,5,57.07933608107811
hcs,3,5,58.07478658490879
hcs,3,5,55.713724054691475
hcs,3,5,57.92906761502949
hcs,3,5,57.70204441174588
hcs,3,5,57.21114205230786
hcs,3,5,58.73431983610597
hcs,3,5,57.67005182235395
hcs,3,5,52.40732026346135
hcs,3,5,52.400200358287925
hcs,3,5,57.77495679194518
hcs,3,5,56.67305718435616
hcs,3,5,58.12473669353939
hcs,3,5,58.75900678885852
hcs,3,5,58.26408337366639
hcs,3,5,59.82632883898567
hcs,3,5,55.345751153220704
hcs,3,5,58.80417572552942
hcs,3,5,58.028888092531695
hcs,3,5,56.794828287929185
hcs,3,5,55.5079429390921
hcs,3,5,56.90918120145001
hcs,3,5,55.93594714967626
hcs,3,5,57.78296563755923
hcs,3,5,56.6091514545962
hcs,3,5,55.24601717600708
hcs,3,5,57.24691051099051
hcs,3,5,56.67038239860085
hcs,3,5,50.122499193765634
hcs,3,5,53.780985899691636
hcs,3,5,53.66325293938034
hcs,3,5,56.031324559244965
hcs,3,5,54.61943526487467
hcs,3,5,58.15439359660043
hcs,3,5,57.34836538245298
hcs,3,5,55.403190734488966
hcs,3,5,58.73935319346126
hcs,3,5,58.201792601615985
hcs,3,5,51.606312871927024
hcs,3,5,51.21821608369834
hcs,3,5,55.33594349294898
hcs,3,5,55.47729440236811
hcs,3,5,48.46567105595504
hcs,3,5,51.72296841545477
hcs,3,5,48.699497924162365
hcs,3,5,50.89692329620882
hcs,3,5,54.80520800746751
hcs,3,5,54.63677326588184
hcs,3,5,59.807812570877104
hcs,3,5,59.26317398329626
hcs,3,5,60.412323740732845
hcs,3,5,53.79382366688237
hcs,3,5,56.40508799088267
hcs,3,5,57.55283205763515
hcs,3,5,60.59433429983511
hcs,3,5,60.87144425155078
hcs,3,5,62.26932307011132
hcs,3,5,58.58019807219493
hcs,3,5,60.47251369903522
hcs,3,5,61.69943625097418
hcs,3,5,57.72092874982598
hcs,3,5,60.13553168619752
hcs,3,5,60.07239119064334
hcs,3,5,54.984983017787464
hcs,3,5,59.54471853995737
hcs,3,5,57.370421166908216
hcs,3,5,59.28402045773304
hcs,3,5,57.31392261618982
hcs,3,5,60.858693627368936
hcs,3,5,60.44102513245469
hcs,3,5,58.52112869144134
hcs,3,5,63.471149330638056
hcs,3,5,60.2730944272677
hcs,3,5,55.18115885535862
hcs,3,5,57.255406248067395
hcs,3,5,60.85856311558972
hcs,3,5,61.007650535383654
hcs,3,5,53.19802276645577
hcs,3,5,55.837353574952026
hcs,3,5,57.77548365144828
hcs,3,5,55.645494730772434
hcs,3,5,57.85477317034542
hcs,3,5,55.703119672842135
hcs,3,5,59.84887010583007
hcs,3,5,59.42596634921758
hcs,3,5,57.81404948186368
hcs,3,5,61.90276515060251
hcs,3,5,59.52672048249219
hcs,3,5,52.14702661317575
hcs,3,5,57.280143389380164
hcs,3,5,61.57773397000941
hcs,3,5,60.60290073867588
hcs,3,5,52.16470738677028
hcs,3,5,54.694611243729526
hcs,3,5,50.93313488010653
hcs,3,5,58.667991821519536
hcs,3,5,56.73940915624181
hcs,3,5,50.98052522841903
hcs,3,5,51.796441405327066
hcs,3,5,49.34538379694029
hcs,3,6,39.94554423112783
hcs,3,6,41.47455003540265
hcs,3,6,36.95208943387673
hcs,3,6,39.459319423581164
hcs,3,6,42.19287819529435
hcs,3,6,42.249653055034635
hcs,3,6,42.66302134178113
hcs,3,6,43.80760717389205
hcs,3,6,45.01308125654675
hcs,3,6,43.58296138736038
hcs,3,6,43.054406599300805
hcs,3,6,44.60850312131886
hcs,3,6,41.05405377465137
hcs,3,6,46.15271432997061
hcs,3,6,41.20227770201138
hcs,3,6,44.50716562304043
hcs,3,6,47.679354325972845
hcs,3,6,48.15551059995796
hcs,3,6,50.07952610287238
hcs,3,6,46.18402161503233
hcs,3,6,48.14414577513645
hcs,3,6,49.83499846729374
hcs,3,6,44.89966325603767
hcs,3,6,48.78703477711106
hcs,3,6,46.317493639188925
hcs,3,6,45.455120528103926
hcs,3,6,47.02402777267259
hcs,3,6,48.802133064359325
hcs,3,6,44.84566491908914
hcs,3,6,49.67937741460501
hcs,3,6,46.62366527889372
hcs,3,6,46.94055803023243
hcs,3,6,50.079736116025224
hcs,3,6,45.20104766805415
hcs,3,6,43.58957802490316
hcs,3,6,41.530486561940606
hcs,3,6,46.31684678777204
hcs,3,6,45.64895051024045
hcs,3,6,51.02033253946889
hcs,3,6,46.64368023993263
hcs,3,6,48.53462365386362
hcs,3,6,50.33567411017544
hcs,3,6,43.14772371236641
hcs,3,6,50.28601379045785
hcs,3,6,46.00496967305456
hcs,3,6,47.41286716335669
hcs,3,6,47.81613387782512
hcs,3,6,49.60623703392723
hcs,3,6,44.38094951529281
hcs,3,6,50.254522837804394
hcs,3,6,47.05550938506985
hcs,3,6,46.15472775746116
hcs,3,6,49.51235672894148
hcs,3,6,46.237384166062206
hcs,3,6,43.44237688477413
hcs,3,6,47.03862262317983
hcs,3,6,46.588961314546054
hcs,3,6,48.40207744395847
hcs,3,6,43.43336168264796
hcs,3,6,49.977953599754585
hcs,3,6,45.798242524921235
hcs,3,6,44.55649072482692
hcs,3,6,49.329851157030966
hcs,3,6,46.62816189601426
hcs,3,6,42.96782162240913
hcs,3,6,40.26422412700072
hcs,3,6,45.572703948380074
hcs,3,6,45.112298896493094
hcs,3,6,38.60697632012933
hcs,3,6,43.790002875561235
hcs,3,6,41.502517569738465
hcs,3,6,48.397822979473176
hcs,3,6,50.822384463065205
hcs,3,6,51.311077132712185
hcs,3,6,55.84292270069335
hcs,3,6,54.28870064333376
hcs,3,6,57.773565278365275
hcs,3,6,50.550406415178266
hcs,3,6,54.31053056703157
hcs,3,6,53.22602927901096
hcs,3,6,57.53242713151551
hcs,3,6,56.31312163909989
hcs,3,6,58.116815778782616
hcs,3,6,54.648012401792236
hcs,3,6,57.59240468075584
hcs,3,6,57.04379776619108
hcs,3,6,53.89719031505298
hcs,3,6,56.965012005466626
hcs,3,6,55.557712670242644
hcs,3,6,53.234747537420965
hcs,3,6,57.71727405084943
hcs,3,6,55.277276665292256
hcs,3,6,56.92751518268019
hcs,3,6,54.76407041135958
hcs,3,6,59.27815717962956
hcs,3,6,58.62751109323356
hcs,3,6,55.411525352573314
hcs,3,6,61.458098411475994
hcs,3,6,57.78892449161434
hcs,3,6,55.04581824967528
hcs,3,6,53.513146932948366
hcs,3,6,57.76849993149454
hcs,3,6,57.608703711932755
hcs,3,6,52.20999595528758
hcs,3,6,53.39265826013921
hcs,3,6,55.468621206001664
hcs,3,6,53.78448874313993
hcs,3,6,54.163856534787705
hcs,3,6,54.09814913973694
hcs,3,6,59.8700415260844
hcs,3,6,57.053179013142085
hcs,3,6,55.34725097321135
hcs,3,6,60.54240503669538
hcs,3,6,57.71910539767323
hcs,3,6,51.37038070917088
hcs,3,6,52.97346438865325
hcs,3,6,58.90801997977134
hcs,3,6,57.55807986971216
hcs,3,6,52.01315138983414
hcs,3,6,54.48901894386055
hcs,3,6,48.62883716496253
hcs,3,6,57.83725884138389
hcs,3,6,54.89712163166285
hcs,3,6,49.285514381299286
hcs,3,6,49.88506509957648
hcs,3,6,43.03794168575757
hcs,3,6,43.18523949543273
hcs,3,6,42.66771562705444
hcs,3,6,48.085511145406734
hcs,3,6,47.88026437120069
hcs,3,6,48.75677514231139
hcs,3,6,51.05136126927942
hcs,3,6,50.94695259341287
hcs,3,6,46.06529410491711
hcs,3,6,48.48371198830853
hcs,3,6,48.407788390593225
hcs,3,6,51.2798614566561
hcs,3,6,52.845167146201206
hcs,3,6,52.80415641014811
hcs,3,6,50.713513870541064
hcs,3,6,50.738760261226425
hcs,3,6,51.390475793480775
hcs,3,6,51.710877865002985
hcs,3,6,54.63300061843705
hcs,3,6,52.651321930638396
hcs,3,6,47.24361985813737
hcs,3,6,52.380279673762644
hcs,3,6,51.98678720031914
hcs,3,6,54.21856528610174
hcs,3,6,53.15008615579707
hcs,3,6,56.503577743748984
hcs,3,6,56.20822261839008
hcs,3,6,55.548337995729085
hcs,3,6,57.30308115710689
hcs,3,6,56.088374032408375
hcs,3,6,50.86581199799512
hcs,3,6,49.69796012942409
hcs,3,6,54.53149563504497
hcs,3,6,54.79673022457366
hcs,3,6,47.40868218130642
hcs,3,6,51.44073027341097
hcs,3,6,51.33899530972523
hcs,3,6,50.106077956714955
hcs,3,6,52.8437132646929
hcs,3,6,51.76545838903314
hcs,3,6,56.91430427798561
hcs,3,6,55.22928349929707
hcs,3,6,53.334567290349504
hcs,3,6,57.50559803077005
hcs,3,6,57.44136879935663
hcs,3,6,48.6713829490635
hcs,3,6,49.787414266702875
hcs,3,6,53.908009750516435
hcs,3,6,52.88559068056083
hcs,3,6,45.33553918313259
hcs,3,6,49.43031552476976
hcs,3,6,45.191619551231945
hcs,3,6,53.34000735705907
hcs,3,6,53.33459004681877
hcs,3,6,47.01960044951693
hcs,3,6,50.977469576633645
hcs,3,6,43.29627549103679
hcs,3,6,46.0590103291591
hcs,3,6,48.44895949848217
hcs,3,6,47.139097536876996
hcs,3,6,47.59881693981959
hcs,3,6,49.90723103629097
hcs,3,6,53.36664853283689
hcs,3,6,54.990686813991275
hcs,3,6,58.71255848425806
hcs,3,6,58.26371742917902
hcs,3,6,50.001073933769256
hcs,3,6,55.30655669837787
hcs,3,6,59.725916140788094
hcs,3,6,58.611340009369165
hcs,3,6,51.72460918460744
hcs,3,6,52.28485535640135
hcs,3,6,50.94052190207844
hcs,3,6,58.378399680867574
hcs,3,6,55.736908565480825
hcs,3,6,51.2857614633809
hcs,3,6,53.393994085144
hcs,3,6,50.51350765654523
hcs,3,6,48.06714250975127
hcs,3,6,55.403290221168724
hcs,3,6,54.1808084264584
hcs,3,6,47.740514198845524
hcs,3,6,51.157686231015546
hcs,3,6,49.20081623103112
hcs,3,6,43.110744057338216
dcs,3,0,65.11140410758324
dcs,3,1,62.06254721496341
dcs,3,1,60.196743768948764
dcs,3,1,64.27191849048432
dcs,3,1,65.0456206502255
dcs,3,1,65.15630106517607
dcs,3,1,64.40314233244473
dcs,3,1,64.04404018948995
dcs,3,1,63.05807300163872
dcs,3,1,65.23153869974469
dcs,3,1,63.1838529707127
dcs,3,2,48.69057385382896
dcs,3,2,61.40241438700021
dcs,3,2,62.34525152429303
dcs,3,2,62.235262737975305
dcs,3,2,62.17308618607342
dcs,3,2,60.75334773119254
dcs,3,2,60.738266268074135
dcs,3,2,62.32347862879182
dcs,3,2,61.66299849895291
dcs,3,2,58.07230986438823
dcs,3,2,59.49631383784348
dcs,3,2,59.73273816422773
dcs,3,2,59.09800724946667
dcs,3,2,58.43579983107275
dcs,3,2,57.29762802475509
dcs,3,2,60.64252646407133
dcs,3,2,57.58516009895361
dcs,3,2,60.489350759838075
dcs,3,2,64.47290474038675
dcs,3,2,63.81025844665968
dcs,3,2,63.47010165320527
dcs,3,2,62.03357017926343
dcs,3,2,64.21498273108259
dcs,3,2,62.93091085805794
dcs,3,2,64.46300038723554
dcs,3,2,64.6768514658821
dcs,3,2,63.343355274193776
dcs,3,2,64.0226311529386
dcs,3,2,65.08717652294652
dcs,3,2,63.75839605247659
dcs,3,2,63.83191248082699
dcs,3,2,63.150897450580814
dcs,3,2,62.90854853621799
dcs,3,2,65.2315202035784
dcs,3,2,62.97715606944589
dcs,3,2,62.636747499696405
dcs,3,2,62.06810993872888
dcs,3,2,64.64720350190977
dcs,3,2,63.08408139998881
dcs,3,2,62.1188861967717
dcs,3,2,64.03778221215391
dcs,3,2,62.00732608544156
dcs,3,2,62.4298385615604
dcs,3,2,62.01654040520828
dcs,3,2,62.77099973767522
dcs,3,3,49.661391844819036
dcs,3,3,48.044676109141456
dcs,3,3,49.74081233010559
dcs,3,3,48.55879679410466
dcs,3,3,48.31043486479469
dcs,3,3,45.78175718286849
dcs,3,3,47.334325481160064
dcs,3,3,47.44630801603402
dcs,3,3,56.36405570296754
dcs,3,3,62.06555539645391
dcs,3,3,61.389956476714225
dcs,3,3,60.19171622439008
dcs,3,3,60.19036472652203
dcs,3,3,61.593309088080694
dcs,3,3,60.84604526681481
dcs,3,3,61.87592687932899
dcs,3,3,62.78494732932207
dcs,3,3,61.01252401044407
dcs,3,3,61.27479350224438
dcs,3,3,61.84721430926606
dcs,3,3,61.69176722192527
dcs,3,3,61.4057345116528
dcs,3,3,60.7228721503512
dcs,3,3,60.918169736832894
dcs,3,3,62.4020298203502
dcs,3,3,61.856721596973635
dcs,3,3,59.801731501134256
dcs,3,3,60.47501657277199
dcs,3,3,62.29951920246448
dcs,3,3,61.095792975031294
dcs,3,3,59.79817816518605
dcs,3,3,60.19698792797642
dcs,3,3,59.58670349876029
dcs,3,3,59.379355722695266
dcs,3,3,59.62788822593232
dcs,3,3,59.82562969558028
dcs,3,3,55.339936787375905
dcs,3,3,57.8580802967407
dcs,3,3,57.253407470641655
dcs,3,3,57.561714799876405
dcs,3,3,55.99242572566478
dcs,3,3,59.089978853710754
dcs,3,3,56.47366895735373
dcs,3,3,58.88203125089016
dcs,3,3,59.3621242026718
dcs,3,3,58.42929220484284
dcs,3,3,57.93380999383976
dcs,3,3,60.043582908630704
dcs,3,3,57.171714041664465
dcs,3,3,58.82495968601188
dcs,3,3,57.628524725428335
dcs,3,3,57.28903099517372
dcs,3,3,60.1013739346311
dcs,3,3,57.61884676999456
dcs,3,3,57.505126953396704
dcs,3,3,56.3403555649763
dcs,3,3,60.186085096121154
dcs,3,3,57.45511204875357
dcs,3,3,56.53748155711286
dcs,3,3,59.16192471907733
dcs,3,3,56.85660965149251
dcs,3,3,57.25265353352861
dcs,3,3,56.285459634291485
dcs,3,3,56.40955268560481
dcs,3,3,56.45961220175546
dcs,3,3,60.882538126520785
dcs,3,3,59.24239860643375
dcs,3,3,59.425722363871266
dcs,3,3,60.643661927694836
dcs,3,3,59.034308845596755
dcs,3,3,63.08075346859457
dcs,3,3,62.5656123012934
dcs,3,3,63.05226886010469
dcs,3,3,64.31838468832757
dcs,3,3,62.224983513978025
dcs,3,3,61.916424248901244
dcs,3,3,61.65129015117531
dcs,3,3,64.28229689235965
dcs,3,3,62.62901848860831
dcs,3,3,61.555770501116925
dcs,3,3,63.88720651069206
dcs,3,3,61.08499156354496
dcs,3,3,62.25180078243411
dcs,3,3,61.02598222250015
dcs,3,3,62.0238814996011
dcs,3,3,61.80177774062164
dcs,3,3,62.902049020645926
dcs,3,3,63.09927727716494
dcs,3,3,64.28325728094045
dcs,3,3,63.171459198747776
dcs,3,3,61.890061613905395
dcs,3,3,62.73433263031678
dcs,3,3,64.92393721772949
dcs,3,3,62.87342914848985
dcs,3,3,63.175310993969696
dcs,3,3,63.86073821263064
dcs,3,3,62.219336787350564
dcs,3,3,63.07309735512789
dcs,3,3,62.59530686804492
dcs,3,3,62.004952934142345
dcs,3,3,59.24557364397752
dcs,3,3,61.13364128754501
dcs,3,3,64.16322308936573
dcs,3,3,62.234893290195735
dcs,3,3,61.32810227097322
dcs,3,3,62.84385888479947
dcs,3,3,61.330875783568125
dcs,3,3,62.057839871647865
dcs,3,3,61.48380126792234
dcs,3,3,61.84153269533447
dcs,3,3,60.591975698610995
dcs,3,3,62.70538293909237
dcs,3,3,60.652368744726395
dcs,3,3,60.688830147283944
dcs,3,3,60.29056881831035
dcs,3,3,62.79972041023234
dcs,3,3,60.6030513600612
dcs,3,3,60.61635549600792
dcs,3,3,61.608437281096926
dcs,3,3,55.75810686057422
dcs,3,4,46.89546543932443
dcs,3,4,49.76855597634676
dcs,3,4,49.33667470063311
dcs,3,4,49.69494613425603
dcs,3,4,45.39866296631295
dcs,3,4,47.161038735280734
dcs,3,4,48.212810367735166
dcs,3,4,49.96358819801784
dcs,3,4,47.775252990794186
dcs,3,4,47.933100270647834
dcs,3,4,45.016501555737854
dcs,3,4,46.10612660091225
dcs,3,4,46.21681727708842
dcs,3,4,48.738026167280175
dcs,3,4,47.70512654555909
dcs,3,4,46.580241514742404
dcs,3,4,47.355368645302306
dcs,3,4,48.079404322935275
dcs,3,4,47.31086189552313
dcs,3,4,45.149990817547916
dcs,3,4,46.00991525697053
dcs,3,4,46.79705371946283
dcs,3,4,44.920433828096506
dcs,3,4,46.46774306051124
dcs,3,4,45.618304856825716
dcs,3,4,44.418249619712284
dcs,3,4,44.0516525308604
dcs,3,4,44.02022899705666
dcs,3,4,53.85462813124801
dcs,3,4,57.060996662450236
dcs,3,4,56.24060099102994
dcs,3,4,56.707068082814594
dcs,3,4,57.00510707021954
dcs,3,4,56.05544811853163
dcs,3,4,61.16412191629447
dcs,3,4,60.79047090751881
dcs,3,4,60.677756931121685
dcs,3,4,61.988992607520565
dcs,3,4,60.63726336753688
dcs,3,4,59.5709367605498
dcs,3,4,60.03984513832667
dcs,3,4,61.43635956003272
dcs,3,4,60.8571856061379
dcs,3,4,59.483787162345784
dcs,3,4,59.956995261712166
dcs,3,4,59.13364072759754
dcs,3,4,58.70971563493237
dcs,3,4,59.41597065835924
dcs,3,4,59.17660447989311
dcs,3,4,60.03036512872558
dcs,3,4,59.97351636378958
dcs,3,4,60.40657775081697
dcs,3,4,61.69261001110952
dcs,3,4,60.44064837944399
dcs,3,4,59.70684500783868
dcs,3,4,60.867492508196854
dcs,3,4,62.62825442413581
dcs,3,4,61.55947883729753
dcs,3,4,59.97622387270513
dcs,3,4,60.73493314574698
dcs,3,4,59.90061135973815
dcs,3,4,58.938696680995314
dcs,3,4,61.534149744499466
dcs,3,4,59.68218149296799
dcs,3,4,57.22676561280527
dcs,3,4,59.413218704777584
dcs,3,4,61.97964450835298
dcs,3,4,61.27204666002427
dcs,3,4,59.72567612532428
dcs,3,4,60.198651179399015
dcs,3,4,59.97886304297882
dcs,3,4,59.11071157841246
dcs,3,4,60.24563866106506
dcs,3,4,60.51207612914146
dcs,3,4,56.87139259403158
dcs,3,4,59.44146727745447
dcs,3,4,58.166224342792155
dcs,3,4,58.2500884052876
dcs,3,4,59.324595523406366
dcs,3,4,60.5759109910684
dcs,3,4,57.40907961803995
dcs,3,4,58.64587272883312
dcs,3,4,58.88596421009844
dcs,3,4,53.40337279209101
dcs,3,4,50.105662186859
dcs,3,4,53.88609335625084
dcs,3,4,53.98700808440018
dcs,3,4,54.19207359757916
dcs,3,4,56.37776545836881
dcs,3,4,54.21060821994591
dcs,3,4,56.46043249182354
dcs,3,4,56.59580418233319
dcs,3,4,55.78466255546148
dcs,3,4,58.16609236782248
dcs,3,4,56.236183998613434
dcs,3,4,55.659438973957116
dcs,3,4,54.10546977865928
dcs,3,4,58.622193616229815
dcs,3,4,55.49068998389258
dcs,3,4,55.75281900976213
dcs,3,4,58.50839694094093
dcs,3,4,55.570965895446
dcs,3,4,56.37561386693523
dcs,3,4,54.83477092418244
dcs,3,4,56.04197038633613
dcs,3,4,57.62899846861841
dcs,3,4,57.83843108067464
dcs,3,4,57.80198956274789
dcs,3,4,59.51295549994605
dcs,3,4,56.64249611517649
dcs,3,4,57.106990478338666
dcs,3,4,56.00289488552186
dcs,3,4,59.986877252507384
dcs,3,4,57.11156601120636
dcs,3,4,57.1964402419243
dcs,3,4,59.096048152011015
dcs,3,4,55.695987256744345
dcs,3,4,57.1931617022529
dcs,3,4,56.61601556000324
dcs,3,4,55.50986375989826
dcs,3,4,55.31347178892096
dcs,3,4,56.38540184811325
dcs,3,4,59.03172239218567
dcs,3,4,56.562467934231236
dcs,3,4,56.14421762831969
dcs,3,4,58.460136159731825
dcs,3,4,55.35862678464092
dcs,3,4,57.364955621511754
dcs,3,4,56.12539117393383
dcs,3,4,56.299811913091865
dcs,3,4,54.72997349563822
dcs,3,4,58.41174490420128
dcs,3,4,54.87978104795387
dcs,3,4,55.017699621738295
dcs,3,4,55.25188257807377
dcs,3,4,55.68406773097587
dcs,3,4,55.795492618943946
dcs,3,4,55.56603036215028
dcs,3,4,56.504422258585464
dcs,3,4,50.6650867570165
dcs,3,4,55.33828461599832
dcs,3,4,55.74114054534023
dcs,3,4,55.424990955200556
dcs,3,4,56.714727910024465
dcs,3,4,56.28209003225136
dcs,3,4,58.36065620337497
dcs,3,4,59.21264115055537
dcs,3,4,61.4473526752722
dcs,3,4,59.469150956125134
dcs,3,4,59.21450022513617
dcs,3,4,59.40704979612419
dcs,3,4,57.35753373433386
dcs,3,4,58.63581591239083
dcs,3,4,58.097074252397434
dcs,3,4,57.080808375052754
dcs,3,4,58.67032286141171
dcs,3,4,60.70042630050363
dcs,3,4,62.894588990139255
dcs,3,4,61.24418769278243
dcs,3,4,61.750883595280776
dcs,3,4,62.550656698652915
dcs,3,4,60.68841098717839
dcs,3,4,61.50522068564026
dcs,3,4,60.98452721809088
dcs,3,4,60.87100071560168
dcs,3,4,59.74762755066513
dcs,3,4,61.86088494082659
dcs,3,4,59.657705013534596
dcs,3,4,59.994234572638604
dcs,3,4,60.150542091903695
dcs,3,4,62.161509565874034
dcs,3,4,59.54118622125744
dcs,3,4,60.335266236439146
dcs,3,4,61.55769470327049
dcs,3,4,54.95870178420372
dcs,3,4,56.757242949585816
dcs,3,4,60.704526583663394
dcs,3,4,62.5532365641556
dcs,3,4,60.987986791278395
dcs,3,4,61.75969616124748
dcs,3,4,62.515196756853335
dcs,3,4,60.9738283626799
dcs,3,4,61.79940169275249
dcs,3,4,62.302918940336745
dcs,3,4,60.74513350432361
dcs,3,4,60.01142676846528
dcs,3,4,62.084881195308306
dcs,3,4,59.439056585878284
dcs,3,4,60.69580641302014
dcs,3,4,61.65968403767959
dcs,3,4,62.25729514275192
dcs,3,4,60.83976444943219
dcs,3,4,60.937170813797046
dcs,3,4,61.914612704191555
dcs,3,4,56.242029181140886
dcs,3,4,56.13431792065655
dcs,3,4,59.63322741420921
dcs,3,4,56.42432622017078
dcs,3,4,59.44759721140755
dcs,3,4,59.6556460886531
dcs,3,4,60.70691570731868
dcs,3,4,60.00602849242045
dcs,3,4,60.302868116425365
dcs,3,4,61.05938221146577
dcs,3,4,54.029621951188766
dcs,3,4,56.67873661670604
dcs,3,4,58.077472127387196
dcs,3,4,60.37644156018901
dcs,3,4,52.16878800621178
dcs,3,4,53.91722879964177
dcs,3,5,39.494678501580424
dcs,3,5,44.46418839467183
dcs,3,5,46.23061471569878
dcs,3,5,43.17939921579328
dcs,3,5,43.616286981924404
dcs,3,5,45.71604469314174
dcs,3,5,49.22800362931445
dcs,3,5,49.326726672781135
dcs,3,5,46.69333925653523
dcs,3,5,46.66557503397582
dcs,3,5,49.00722988195712
dcs,3,5,48.2960723444999
dcs,3,5,45.29266245224462
dcs,3,5,46.056394900635915
dcs,3,5,46.716629998637224
dcs,3,5,44.46065420291068
dcs,3,5,47.054478379930245
dcs,3,5,47.987852015041085
dcs,3,5,44.19452283431376
dcs,3,5,45.28310480175797
dcs,3,5,43.96067539916675
dcs,3,5,49.97217073051086
dcs,3,5,49.258135816660804
dcs,3,5,46.579478001663524
dcs,3,5,44.94212918131807
dcs,3,5,47.79590142030505
dcs,3,5,48.70811674587232
dcs,3,5,44.68601350700379
dcs,3,5,45.372231275514196
dcs,3,5,45.921773310262566
dcs,3,5,44.367299726921765
dcs,3,5,46.352190511791825
dcs,3,5,46.115858355725386
dcs,3,5,43.64606132318155
dcs,3,5,44.20426001635802
dcs,3,5,43.307908884786166
dcs,3,5,44.84116824795984
dcs,3,5,44.70505565512984
dcs,3,5,46.63472664246952
dcs,3,5,46.97602896815189
dcs,3,5,45.51034326106482
dcs,3,5,45.84946635007422
dcs,3,5,45.706307970452926
dcs,3,5,43.171525116021265
dcs,3,5,45.776411899700676
dcs,3,5,44.38500274566725
dcs,3,5,44.152575989325996
dcs,3,5,46.744610366745874
dcs,3,5,45.46919512785729
dcs,3,5,42.023758075660865
dcs,3,5,42.9869922886809
dcs,3,5,44.1533661698392
dcs,3,5,44.13208720153407
dcs,3,5,42.392312114397065
dcs,3,5,41.8661807778559
dcs,3,5,39.02389632382407
dcs,3,5,52.27458599138074
dcs,3,5,53.02399429810508
dcs,3,5,51.83714940473751
dcs,3,5,54.06026161667938
dcs,3,5,52.89451116705486
dcs,3,5,54.73096798240659
dcs,3,5,56.47151794245435
dcs,3,5,56.793462793919275
dcs,3,5,55.20889262612196
dcs,3,5,55.862219482004534
dcs,3,5,55.943455684023604
dcs,3,5,55.00721661729001
dcs,3,5,54.70666518946028
dcs,3,5,55.955167747233595
dcs,3,5,55.02118661264782
dcs,3,5,56.367130242115444
dcs,3,5,59.06334906509158
dcs,3,5,61.78211421752792
dcs,3,5,59.51985933287749
dcs,3,5,59.424426742578895
dcs,3,5,60.33583778017532
dcs,3,5,58.848400936135036
dcs,3,5,59.10177916843713
dcs,3,5,59.11305365886705
dcs,3,5,59.342622975282346
dcs,3,5,56.61661100498424
dcs,3,5,58.827273495112436
dcs,3,5,58.200006892530155
dcs,3,5,57.98776371633979
dcs,3,5,58.81430779683091
dcs,3,5,59.720617741771534
dcs,3,5,56.49219211825293
dcs,3,5,58.037634132490425
dcs,3,5,57.738506131822696
dcs,3,5,53.2348384677611
dcs,3,5,55.290650409335136
dcs,3,5,58.284964550637426
dcs,3,5,60.158676637564085
dcs,3,5,59.46497523784501
dcs,3,5,58.6999395931057
dcs,3,5,59.57723157796691
dcs,3,5,58.434654996180974
dcs,3,5,58.066084686054246
dcs,3,5,60.49613469906147
dcs,3,5,59.97214021165009
dcs,3,5,57.39963765184806
dcs,3,5,59.180644226205075
dcs,3,5,57.53757483847694
dcs,3,5,57.66527441055164
dcs,3,5,59.565168440372375
dcs,3,5,60.44051333199518
dcs,3,5,57.24558803671005
dcs,3,5,59.67146671560487
dcs,3,5,59.242477236495674
dcs,3,5,54.26408511437036
dcs,3,5,54.57499441862
dcs,3,5,57.56293526310941
dcs,3,5,56.44179305825225
dcs,3,5,57.04602617354216
dcs,3,5,59.03489896879213
dcs,3,5,60.73106880511009
dcs,3,5,56.64693661548301
dcs,3,5,58.584964169295795
dcs,3,5,58.731472093162516
dcs,3,5,53.322476979357965
dcs,3,5,51.67630464193318
dcs,3,5,55.506914708551435
dcs,3,5,57.91764365082939
dcs,3,5,50.0187652549389
dcs,3,5,50.5386585782561
dcs,3,5,46.4788836301709
dcs,3,5,49.41341773564487
dcs,3,5,47.69580284212272
dcs,3,5,49.58946683179972
dcs,3,5,49.52459969040261
dcs,3,5,52.24408084909567
dcs,3,5,52.29359869556506
dcs,3,5,55.43959050340665
dcs,3,5,52.95312971683745
dcs,3,5,53.81561910107281
dcs,3,5,54.64155872737111
dcs,3,5,53.07361033751566
dcs,3,5,53.07922886131174
dcs,3,5,53.12297768960206
dcs,3,5,53.09074644645781
dcs,3,5,53.81159521402959
dcs,3,5,54.362285338939905
dcs,3,5,56.55784886658704
dcs,3,5,54.71695830865811
dcs,3,5,55.162457562423526
dcs,3,5,56.41713474983687
dcs,3,5,54.87398790608078
dcs,3,5,55.13126734829774
dcs,3,5,54.24818152611927
dcs,3,5,54.68832187268498
dcs,3,5,52.848585013488254
dcs,3,5,56.77040016102076
dcs,3,5,53.787840915643606
dcs,3,5,53.365395265321474
dcs,3,5,53.160848480257464
dcs,3,5,55.117558388037175
dcs,3,5,55.48242597156407
dcs,3,5,54.726771094605674
dcs,3,5,55.268328946217046
dcs,3,5,50.675294502757616
dcs,3,5,53.141122627299644
dcs,3,5,55.89402303113444
dcs,3,5,58.46619626138145
dcs,3,5,56.363676662721545
dcs,3,5,56.0964348985387
dcs,3,5,58.00816481573212
dcs,3,5,55.002613088823
dcs,3,5,56.08599765438857
dcs,3,5,55.490811988979296
dcs,3,5,55.32414648946805
dcs,3,5,55.050936467351185
dcs,3,5,57.04511374813144
dcs,3,5,54.38148756254742
dcs,3,5,54.41442052614064
dcs,3,5,54.85880445320712
dcs,3,5,55.39935168951621
dcs,3,5,55.65904831004723
dcs,3,5,54.979048378225166
dcs,3,5,55.39457124680247
dcs,3,5,49.85870891086323
dcs,3,5,51.05841600369051
dcs,3,5,54.66012542923147
dcs,3,5,52.545346556882365
dcs,3,5,54.051465985047024
dcs,3,5,54.719113184683174
dcs,3,5,55.52742385571947
dcs,3,5,54.65661716618173
dcs,3,5,54.98552170350869
dcs,3,5,55.49165348065326
dcs,3,5,48.98886729930514
dcs,3,5,51.571116099555915
dcs,3,5,51.59284867080974
dcs,3,5,54.63144328562884
dcs,3,5,47.10030087019256
dcs,3,5,48.80738909292417
dcs,3,5,47.98773920264569
dcs,3,5,53.63359847232135
dcs,3,5,54.50700971170546
dcs,3,5,53.91517840143859
dcs,3,5,54.303253655875814
dcs,3,5,55.463405211173374
dcs,3,5,54.109587484481175
dcs,3,5,54.0741857254748
dcs,3,5,54.514711017496815
dcs,3,5,54.17498183727857
dcs,3,5,58.181199829168854
dcs,3,5,58.555997479667376
dcs,3,5,55.388080285046954
dcs,3,5,57.71872775828188
dcs,3,5,58.30783506706127
dcs,3,5,57.54971465302593
dcs,3,5,56.461135996034955
dcs,3,5,57.53392233612347
dcs,3,5,56.689304026437995
dcs,3,5,50.688359952401136
dcs,3,5,55.84386082609
dcs,3,5,58.9035834693433
dcs,3,5,55.18260297588852
dcs,3,5,58.38978849820375
dcs,3,5,58.584311809413144
dcs,3,5,59.6902959219151
dcs,3,5,59.01163442368216
dcs,3,5,59.91940046921177
dcs,3,5,59.996963785600066
dcs,3,5,53.08271952630812
dcs,3,5,55.411475838634104
dcs,3,5,58.00369083808671
dcs,3,5,59.77458594110376
dcs,3,5,52.0256015063435
dcs,3,5,53.36571974499479
dcs,3,5,54.209466210861514
dcs,3,5,55.52370647208323
dcs,3,5,52.91249699873897
dcs,3,5,58.06257791048733
dcs,3,5,58.69851700698205
dcs,3,5,59.05059682810465
dcs,3,5,58.7474865459073
dcs,3,5,59.14749775079083
dcs,3,5,59.50675753780681
dcs,3,5,53.63489218564734
dcs,3,5,56.22410262357588
dcs,3,5,57.90694259451108
dcs,3,5,59.49745728807727
dcs,3,5,51.262349808809006
dcs,3,5,54.22964691660797
dcs,3,5,50.297335893858424
dcs,3,5,54.547244766007225
dcs,3,5,56.59322774901047
dcs,3,5,50.37232022865423
dcs,3,5,51.633052034470744
dcs,3,5,46.71838691451722
dcs,3,6,35.654250139178444
dcs,3,6,39.95989723586994
dcs,3,6,34.693957854397986
dcs,3,6,35.4298909368101
dcs,3,6,38.991986205151456
dcs,3,6,43.417565499636126
dcs,3,6,40.6503171792685
dcs,3,6,42.08973384951326
dcs,3,6,43.67679611635359
dcs,3,6,44.25221194701806
dcs,3,6,43.799266826343214
dcs,3,6,45.5435918030173
dcs,3,6,39.76889846567843
dcs,3,6,43.18320169886708
dcs,3,6,39.180162592855424
dcs,3,6,45.93386184056836
dcs,3,6,45.043677086682315
dcs,3,6,45.34338918308047
dcs,3,6,47.8112240862248
dcs,3,6,46.05819293190536
dcs,3,6,46.63938186296941
dcs,3,6,47.64332448860393
dcs,3,6,43.79375816911381
dcs,3,6,46.54030874434396
dcs,3,6,43.14353565366905
dcs,3,6,43.72767994930973
dcs,3,6,45.91983462817311
dcs,3,6,46.90987227093649
dcs,3,6,42.50978827106139
dcs,3,6,42.75010002708826
dcs,3,6,44.11421765736206
dcs,3,6,42.71923081572329
dcs,3,6,42.03218018634605
dcs,3,6,42.4424753511044
dcs,3,6,37.355339727572904
dcs,3,6,44.37790046184942
dcs,3,6,46.13053495939498
dcs,3,6,44.00982578235289
dcs,3,6,46.522211975831105
dcs,3,6,47.721041935280475
dcs,3,6,45.02992370496519
dcs,3,6,46.272916608839864
dcs,3,6,41.95642735991088
dcs,3,6,45.542333522500044
dcs,3,6,43.68510701459202
dcs,3,6,44.53932388836481
dcs,3,6,46.366951320469816
dcs,3,6,45.98093331853822
dcs,3,6,40.97055753590714
dcs,3,6,43.970640088727784
dcs,3,6,43.44524300335753
dcs,3,6,43.28042582825129
dcs,3,6,42.46268248493601
dcs,3,6,41.188661569542845
dcs,3,6,37.372231894546246
dcs,3,6,41.986015237210154
dcs,3,6,43.02126403388527
dcs,3,6,42.1215385461378
dcs,3,6,41.33152538178381
dcs,3,6,43.33775290996321
dcs,3,6,44.20734350203477
dcs,3,6,42.53650616548409
dcs,3,6,43.01983576527207
dcs,3,6,42.421312269970265
dcs,3,6,38.56657159245945
dcs,3,6,37.907429089679496
dcs,3,6,39.69686333864457
dcs,3,6,42.91224614195541
dcs,3,6,34.98135109369931
dcs,3,6,34.91248633990117
dcs,3,6,47.405351010459576
dcs,3,6,52.851920539142135
dcs,3,6,53.80072255992807
dcs,3,6,51.192640176124065
dcs,3,6,52.93254923514162
dcs,3,6,53.180730241500314
dcs,3,6,51.83823235672408
dcs,3,6,50.116829438794696
dcs,3,6,50.26010771689304
dcs,3,6,51.7566151325895
dcs,3,6,55.15219192966724
dcs,3,6,54.81708221793837
dcs,3,6,53.1516370063711
dcs,3,6,54.97882524489437
dcs,3,6,56.288930052001945
dcs,3,6,54.87664584857458
dcs,3,6,53.063806685037186
dcs,3,6,54.793097032423304
dcs,3,6,53.981373965869466
dcs,3,6,49.89366728447244
dcs,3,6,54.59031932286803
dcs,3,6,57.380635216332884
dcs,3,6,54.46719851825674
dcs,3,6,55.96040456554522
dcs,3,6,58.241241502739726
dcs,3,6,59.59568086420062
dcs,3,6,56.65848450759879
dcs,3,6,57.88322288504363
dcs,3,6,58.212554879976274
dcs,3,6,53.21411812022708
dcs,3,6,50.8603786783271
dcs,3,6,55.11437975562689
dcs,3,6,57.26532973674607
dcs,3,6,51.16071637110495
dcs,3,6,49.09281896990945
dcs,3,6,52.20285009215382
dcs,3,6,55.51038428565346
dcs,3,6,52.66446059662341
dcs,3,6,55.149651561157434
dcs,3,6,57.35923886019056
dcs,3,6,58.89035017290137
dcs,3,6,55.83275062947247
dcs,3,6,57.80893862444741
dcs,3,6,58.608093630614015
dcs,3,6,53.0311743689377
dcs,3,6,51.02481285732141
dcs,3,6,55.05418608402071
dcs,3,6,57.95268483679272
dcs,3,6,50.93543691697714
dcs,3,6,50.673154034011695
dcs,3,6,47.342684688857375
dcs,3,6,52.371481883672594
dcs,3,6,56.1711164389317
dcs,3,6,49.785138149424874
dcs,3,6,48.468882262253956
dcs,3,6,40.10920421636598
dcs,3,6,41.3623909858782
dcs,3,6,44.59648398545711
dcs,3,6,46.34480687829033
dcs,3,6,46.42348630157743
dcs,3,6,47.42793585024227
dcs,3,6,48.85614699081028
dcs,3,6,48.48120024100503
dcs,3,6,44.4151447480309
dcs,3,6,47.919193411993376
dcs,3,6,49.30807235367508
dcs,3,6,50.43679760615375
dcs,3,6,53.25328015084825
dcs,3,6,50.98769088411092
dcs,3,6,50.7129475474434
dcs,3,6,50.95120131077591
dcs,3,6,52.409209705885644
dcs,3,6,51.660165148442054
dcs,3,6,52.052757565450634
dcs,3,6,52.10178114450394
dcs,3,6,48.07014320361539
dcs,3,6,49.99170375496542
dcs,3,6,53.72287211506949
dcs,3,6,50.98992073838533
dcs,3,6,51.08416579934817
dcs,3,6,52.40496058224983
dcs,3,6,53.686166426868574
dcs,3,6,52.62116143757733
dcs,3,6,53.68005064639936
dcs,3,6,54.36631188033857
dcs,3,6,48.642510156180116
dcs,3,6,50.638195720523925
dcs,3,6,50.59330687877123
dcs,3,6,53.12279341578477
dcs,3,6,47.1123438176197
dcs,3,6,49.04540263933526
dcs,3,6,48.4549115382488
dcs,3,6,52.35701995722434
dcs,3,6,50.666341316724605
dcs,3,6,53.312837682537534
dcs,3,6,54.278604699798315
dcs,3,6,53.23616726031854
dcs,3,6,53.45271519686765
dcs,3,6,54.56477905925731
dcs,3,6,54.71716055566687
dcs,3,6,47.79176009824
dcs,3,6,50.99812774904324
dcs,3,6,52.16400439942853
dcs,3,6,53.24677739173329
dcs,3,6,44.49375037036869
dcs,3,6,47.63719500698153
dcs,3,6,46.405380737345396
dcs,3,6,48.83709317662773
dcs,3,6,50.705706538717
dcs,3,6,46.26166779249172
dcs,3,6,45.663684431727845
dcs,3,6,43.01143334663656
dcs,3,6,44.34779120267567
dcs,3,6,46.97832364407991
dcs,3,6,46.69435359232602
dcs,3,6,52.25147673630308
dcs,3,6,52.478436262873636
dcs,3,6,52.8403667385084
dcs,3,6,51.77830696247097
dcs,3,6,52.40863014022058
dcs,3,6,53.69215299137226
dcs,3,6,45.01394718599662
dcs,3,6,53.052089531660954
dcs,3,6,55.84877180242506
dcs,3,6,55.24810628646696
dcs,3,6,48.341967456673345
dcs,3,6,48.92076028611687
dcs,3,6,49.707799383486666
dcs,3,6,54.11755913336412
dcs,3,6,54.98222295569906
dcs,3,6,49.888985389151756
dcs,3,6,50.0764503901917
dcs,3,6,46.65622411038567
dcs,3,6,48.3695981990994
dcs,3,6,51.498661724745375
dcs,3,6,53.59724211341605
dcs,3,6,49.171204323197166
dcs,3,6,49.91850732930639
dcs,3,6,46.59009180653134
dcs,3,6,43.29665451322236
drop,4,0,66.82519073148474
drop,4,1,63.76800925017517
drop,4,1,59.379987480443205
drop,4,1,66.12756870020112
drop,4,1,66.27548540292003
drop,4,1,65.38446407398406
drop,4,1,67.17950402051993
drop,4,1,66.33291902692034
drop,4,1,66.00743196589347
drop,4,1,66.01142468478501
drop,4,1,66.82552806854768
drop,4,2,45.50268594456412
drop,4,2,61.76101909213901
drop,4,2,62.211531737528695
drop,4,2,63.09769496161693
drop,4,2,63.574744751230924
drop,4,2,63.19959169957711
drop,4,2,62.416617066490566
drop,4,2,62.575954089020165
drop,4,2,63.489573801761544
drop,4,2,56.302536415531904
drop,4,2,58.67801930734301
drop,4,2,58.082906184651144
drop,4,2,59.19914620961382
drop,4,2,57.8344701459612
drop,4,2,58.99296710664111
drop,4,2,58.78003764480044
drop,4,2,58.792517240101745
drop,4,2,58.718311742891466
drop,4,2,63.15719086476177
drop,4,2,66.36790752171187
drop,4,2,65.42137905898201
drop,4,2,64.97695972886687
drop,4,2,65.06912695569733
drop,4,2,65.71217854817976
drop,4,2,59.00880426742806
drop,4,2,65.84566051107376
drop,4,2,65.04100999953278
drop,4,2,65.08580054415314
drop,4,2,65.42670282337907
drop,4,2,66.05265217723809
drop,4,2,65.15484412917979
drop,4,2,63.98683616763998
drop,4,2,63.85167783050821
drop,4,2,63.2580162846496
drop,4,2,65.04054709656185
drop,4,2,65.36929106338248
drop,4,2,66.63740518433379
drop,4,2,65.88792470609239
drop,4,2,67.42166250306494
drop,4,2,63.66584206247681
drop,4,2,65.44502717434112
drop,4,2,66.11557113637521
drop,4,2,64.25851117018682
drop,4,2,65.8620289283975
drop,4,2,60.2213660351802
drop,4,3,41.46432530915446
drop,4,3,44.205807870936134
drop,4,3,43.82272100208523
drop,4,3,44.903390956499315
drop,4,3,43.92486521960837
drop,4,3,43.589868456076395
drop,4,3,44.08902598014265
drop,4,3,44.30272379283912
drop,4,3,50.53962926177496
drop,4,3,59.003944461731614
drop,4,3,61.484305244705446
drop,4,3,60.27485426450524
drop,4,3,60.39778085051356
drop,4,3,60.745432925278855
drop,4,3,61.97676663819029
drop,4,3,55.256399493176765
drop,4,3,60.82211342101453
drop,4,3,60.53752634573308
drop,4,3,60.47765587802446
drop,4,3,60.26471323165169
drop,4,3,62.158217487335996
drop,4,3,62.910529757003125
drop,4,3,60.383696548575884
drop,4,3,61.43125642246012
drop,4,3,60.21959679047995
drop,4,3,62.50872981266298
drop,4,3,58.71770342254492
drop,4,3,62.81165397453786
drop,4,3,60.00271820345947
drop,4,3,63.068885491022456
drop,4,3,59.20730899405742
drop,4,3,60.12934780783287
drop,4,3,62.59749879764838
drop,4,3,59.544902865373146
drop,4,3,61.8718758813511
drop,4,3,58.98667234347314
drop,4,3,45.15732413107757
drop,4,3,53.105913533682795
drop,4,3,57.618470046289254
drop,4,3,55.370767120265064
drop,4,3,55.63381407996847
drop,4,3,56.4158138429264
drop,4,3,56.13185333015462
drop,4,3,51.8307535152437
drop,4,3,57.9375416752791
drop,4,3,56.955245302262135
drop,4,3,59.25236292536492
drop,4,3,58.397342360187125
drop,4,3,58.68702110956696
drop,4,3,56.016246915170385
drop,4,3,56.15271373824662
drop,4,3,57.1156747365406
drop,4,3,56.74134579460589
drop,4,3,57.73599959343289
drop,4,3,54.64579058924857
drop,4,3,58.71219284619736
drop,4,3,58.16715270796741
drop,4,3,58.85605372424925
drop,4,3,57.91162965137628
drop,4,3,56.522951587365945
drop,4,3,57.0883287248601
drop,4,3,57.690228742229074
drop,4,3,59.36503642800431
drop,4,3,53.21794029500628
drop,4,3,50.79075091299059
drop,4,3,58.48838914010368
drop,4,3,57.791201212574244
drop,4,3,59.008554797355146
drop,4,3,59.02814582014901
drop,4,3,59.22279297225867
drop,4,3,63.77768388211516
drop,4,3,61.852898803302786
drop,4,3,61.74388446311638
drop,4,3,61.04851648881307
drop,4,3,63.58442264450309
drop,4,3,63.69717610604453
drop,4,3,65.94815928558121
drop,4,3,65.87834110086138
drop,4,3,66.44850187507318
drop,4,3,62.51933363855411
drop,4,3,64.82852653267483
drop,4,3,65.10794812004522
drop,4,3,63.56264161725022
drop,4,3,65.10165284055844
drop,4,3,60.95332477983062
drop,4,3,56.9849291951958
drop,4,3,58.12884592870909
drop,4,3,57.452220795122784
drop,4,3,57.62476077910622
drop,4,3,58.73992855513227
drop,4,3,63.21432292384697
drop,4,3,65.84201015253801
drop,4,3,64.37449834550364
drop,4,3,66.64747318633742
drop,4,3,61.97446112539171
drop,4,3,64.20163317399293
drop,4,3,64.8945933899594
drop,4,3,63.21799391963265
drop,4,3,64.94552845856558
drop,4,3,59.77205710174394
drop,4,3,57.02913553149824
drop,4,3,64.29548827450299
drop,4,3,63.798585988423156
drop,4,3,64.23362819854279
drop,4,3,60.43547243269579
drop,4,3,62.00198271137701
drop,4,3,62.22150807003474
drop,4,3,60.938205782312416
drop,4,3,63.053773891999406
drop,4,3,57.01956872693938
drop,4,3,55.33304245550359
drop,4,3,61.765547305451626
drop,4,3,63.4111324273769
drop,4,3,64.32613790250967
drop,4,3,66.44161277933458
drop,4,3,59.2695581821779
drop,4,3,57.243695921211085
drop,4,3,62.34662756043111
drop,4,3,60.98118505912003
drop,4,3,53.789101512947845
drop,4,4,35.92401927706914
drop,4,4,36.58101354001644
drop,4,4,39.81218519822544
drop,4,4,39.94532881273187
drop,4,4,39.63415105301461
drop,4,4,40.13132613400409
drop,4,4,40.04947107354672
drop,4,4,37.24446720516808
drop,4,4,43.820680229326854
drop,4,4,42.341964800698285
drop,4,4,43.07565130528748
drop,4,4,42.40096662233624
drop,4,4,43.94108183218675
drop,4,4,43.0905754810999
drop,4,4,39.63664686731207
drop,4,4,43.14512075943948
drop,4,4,41.63637970344329
drop,4,4,42.0762819253639
drop,4,4,39.053997978893996
drop,4,4,41.930206981136564
drop,4,4,42.027503926937996
drop,4,4,42.07750778203854
drop,4,4,41.90249325444791
drop,4,4,42.38441605895997
drop,4,4,41.4696814931322
drop,4,4,42.262121417060264
drop,4,4,41.84729414981019
drop,4,4,37.815760833255815
drop,4,4,42.484712735106385
drop,4,4,49.39998305546993
drop,4,4,50.465785690807806
drop,4,4,50.557281195549805
drop,4,4,49.6756480756493
drop,4,4,50.880749651396236
drop,4,4,59.688559314458175
drop,4,4,56.41250561521603
drop,4,4,57.88981248225589
drop,4,4,57.15230254865852
drop,4,4,59.049380731292544
drop,4,4,57.25864782425844
drop,4,4,61.145340742656465
drop,4,4,58.90335806764468
drop,4,4,61.926559676328736
drop,4,4,56.93221725793318
drop,4,4,59.08580924274041
drop,4,4,59.860522886976966
drop,4,4,57.67225290287847
drop,4,4,60.206725074013214
drop,4,4,57.57323720527391
drop,4,4,54.378823636276024
drop,4,4,54.12893593028583
drop,4,4,53.8288274521023
drop,4,4,53.71464921614756
drop,4,4,54.96786347380908
drop,4,4,56.88011460614731
drop,4,4,60.37252429424878
drop,4,4,58.10538482922282
drop,4,4,61.43289415550318
drop,4,4,56.27705934487629
drop,4,4,58.18135608232247
drop,4,4,60.47180382959222
drop,4,4,57.293081497898406
drop,4,4,60.52089894301293
drop,4,4,56.212014580997575
drop,4,4,49.109120884669856
drop,4,4,62.05681216390644
drop,4,4,58.89771413218913
drop,4,4,62.98590596582513
drop,4,4,56.608304076625934
drop,4,4,56.60738700649337
drop,4,4,58.63091530818156
drop,4,4,57.22776033640169
drop,4,4,60.591337656556675
drop,4,4,56.18145905854476
drop,4,4,51.945392559353536
drop,4,4,53.53201594321131
drop,4,4,56.45655144598318
drop,4,4,55.88332460720232
drop,4,4,60.95131301207474
drop,4,4,55.98762255160394
drop,4,4,49.4279103310821
drop,4,4,56.04809784339847
drop,4,4,57.80915488963298
drop,4,4,49.49278287159722
drop,4,4,32.364255818800714
drop,4,4,45.81328503502665
drop,4,4,43.59726825753778
drop,4,4,43.69325302597929
drop,4,4,44.13368111854238
drop,4,4,45.02132572527265
drop,4,4,52.662302608744085
drop,4,4,52.15663455656488
drop,4,4,52.28790334944666
drop,4,4,51.66919998408963
drop,4,4,53.09515712201356
drop,4,4,53.95203265703932
drop,4,4,56.453073931676215
drop,4,4,56.43202994608492
drop,4,4,56.41530378457638
drop,4,4,54.95368011374673
drop,4,4,54.742106781408204
drop,4,4,54.744627324292516
drop,4,4,54.28433611841497
drop,4,4,55.46333018648692
drop,4,4,50.788535714052344
drop,4,4,47.916037318735754
drop,4,4,49.44000177131677
drop,4,4,52.09565712093113
drop,4,4,51.64780166976363
drop,4,4,50.868769248891795
drop,4,4,53.243923933778525
drop,4,4,58.10608451202808
drop,4,4,58.80360396391817
drop,4,4,57.70718286938796
drop,4,4,56.85862092653985
drop,4,4,56.31281915632824
drop,4,4,55.948025281773994
drop,4,4,57.661188682212284
drop,4,4,58.52117456253712
drop,4,4,53.23029983156444
drop,4,4,47.91793109471822
drop,4,4,54.63693259585973
drop,4,4,56.90869447995889
drop,4,4,55.19824545397029
drop,4,4,53.19918577393688
drop,4,4,53.28583922114448
drop,4,4,54.008328653230414
drop,4,4,54.3843143477717
drop,4,4,56.222266897913826
drop,4,4,49.89207268054641
drop,4,4,52.993333702685746
drop,4,4,53.71843698397495
drop,4,4,53.5733521193844
drop,4,4,56.67528502036222
drop,4,4,58.04387897869623
drop,4,4,50.51893078373416
drop,4,4,53.05748283006921
drop,4,4,56.61159062126358
drop,4,4,52.31301991082175
drop,4,4,47.23480433852662
drop,4,4,42.05826624957026
drop,4,4,49.70186585871654
drop,4,4,49.24630113156531
drop,4,4,49.799723383674355
drop,4,4,50.40366978116503
drop,4,4,53.92014658864048
drop,4,4,59.270474449862604
drop,4,4,58.37819046032252
drop,4,4,59.85026959140434
drop,4,4,55.925700543954214
drop,4,4,57.32432371467288
drop,4,4,58.16611287844061
drop,4,4,57.858749767988876
drop,4,4,59.6182950850012
drop,4,4,54.254017675604096
drop,4,4,55.22760883451097
drop,4,4,61.78458894742988
drop,4,4,62.86900203594912
drop,4,4,63.100034968598706
drop,4,4,58.49315830717289
drop,4,4,59.901608346789835
drop,4,4,60.57913473149411
drop,4,4,59.19098632151529
drop,4,4,61.25491489595816
drop,4,4,55.258400679249014
drop,4,4,54.99685571313949
drop,4,4,62.14698474093165
drop,4,4,62.06906750962245
drop,4,4,64.5588642477359
drop,4,4,66.06842034022013
drop,4,4,59.83107699217386
drop,4,4,56.99801205643525
drop,4,4,61.76725480299443
drop,4,4,61.06961715758627
drop,4,4,53.322396915547834
drop,4,4,44.45014342997954
drop,4,4,55.68949966130233
drop,4,4,55.72845151185185
drop,4,4,55.37546635790458
drop,4,4,56.304151592165304
drop,4,4,57.29450501791028
drop,4,4,57.47998111420783
drop,4,4,54.798912574365616
drop,4,4,56.689258828408704
drop,4,4,51.5302007802162
drop,4,4,54.230712186459165
drop,4,4,61.16125356825751
drop,4,4,62.2885599591054
drop,4,4,63.221224723528735
drop,4,4,65.99377781524505
drop,4,4,57.97313056465917
drop,4,4,55.8313815204609
drop,4,4,61.0840961745461
drop,4,4,59.84617004910823
drop,4,4,53.02337923869868
drop,4,4,46.75910268021879
drop,4,4,52.25714485863137
drop,4,4,53.56050651076482
drop,4,4,62.06139477398941
drop,4,4,62.09095769205999
drop,4,4,56.82767068328989
drop,4,4,54.96119948855229
drop,4,4,58.045835284322074
drop,4,4,56.38592065000999
drop,4,4,48.22259734806331
drop,4,4,47.326434781757015
drop,4,4,53.921445911855606
drop,4,4,55.53331806697326
drop,4,4,50.95371673932301
drop,4,4,47.02678205246408
drop,4,5,24.37514379294112
drop,4,5,35.39527118307909
drop,4,5,35.02182722653083
drop,4,5,33.049062713340916
drop,4,5,34.66211833183063
drop,4,5,35.366722061183104
drop,4,5,33.70987196611046
drop,4,5,34.1991266038388
drop,4,5,36.141970923038755
drop,4,5,35.79324384475735
drop,4,5,36.003293863724736
drop,4,5,35.1917030030926
drop,4,5,38.64674707801509
drop,4,5,39.22658146659124
drop,4,5,38.50289352417881
drop,4,5,38.68691541868793
drop,4,5,37.584981944074954
drop,4,5,37.21505907943466
drop,4,5,38.35369644074725
drop,4,5,38.34438721012748
drop,4,5,31.859242343745525
drop,4,5,33.36712011828677
drop,4,5,34.58743126598604
drop,4,5,37.69462078028389
drop,4,5,36.495552471783675
drop,4,5,36.37402634076478
drop,4,5,39.04376199492416
drop,4,5,42.39616209835337
drop,4,5,41.187932358425336
drop,4,5,42.98090650991693
drop,4,5,40.65679553529871
drop,4,5,40.720700932074145
drop,4,5,41.23965246784854
drop,4,5,41.54049302285757
drop,4,5,41.84483641905563
drop,4,5,37.68742894400214
drop,4,5,33.6153632060797
drop,4,5,40.573097057702384
drop,4,5,41.244896119226226
drop,4,5,40.60722652035396
drop,4,5,37.16902232191376
drop,4,5,38.33244835649266
drop,4,5,37.31268340223199
drop,4,5,40.39132817547262
drop,4,5,40.7056186340061
drop,4,5,33.995841016052296
drop,4,5,36.6789449558665
drop,4,5,35.680564421094644
drop,4,5,35.39663138761005
drop,4,5,39.00485974178958
drop,4,5,38.46108798296692
drop,4,5,33.048252062564465
drop,4,5,38.208080984731076
drop,4,5,38.332310030781905
drop,4,5,36.605478459569774
drop,4,5,29.61803754911798
drop,4,5,37.960024490808294
drop,4,5,42.85949746865197
drop,4,5,41.41115429587766
drop,4,5,41.82271949763916
drop,4,5,42.03530815166211
drop,4,5,48.25183037351834
drop,4,5,51.42869538188114
drop,4,5,46.119820712992876
drop,4,5,49.888586712925594
drop,4,5,46.919804421641494
drop,4,5,47.65124679119321
drop,4,5,49.61684287258283
drop,4,5,49.734647917703114
drop,4,5,51.56719726900486
drop,4,5,43.767348849351166
drop,4,5,50.26474346697002
drop,4,5,59.68826239977533
drop,4,5,56.285529543300484
drop,4,5,60.3427528471052
drop,4,5,52.589091815123936
drop,4,5,54.73274871723396
drop,4,5,55.174472927029406
drop,4,5,55.40730616838891
drop,4,5,57.504759843471795
drop,4,5,52.04104748739384
drop,4,5,52.282993675147544
drop,4,5,52.302541002109834
drop,4,5,55.827639935494595
drop,4,5,56.609709562856516
drop,4,5,60.84061869254457
drop,4,5,54.665469592908686
drop,4,5,48.38025577329496
drop,4,5,54.7222940045624
drop,4,5,56.84471780696395
drop,4,5,49.876983333663915
drop,4,5,39.920010412735394
drop,4,5,54.530122293888304
drop,4,5,51.728847958022314
drop,4,5,54.02202653556026
drop,4,5,50.37382462132054
drop,4,5,52.15062113984124
drop,4,5,52.455368883617766
drop,4,5,51.239174616492065
drop,4,5,52.420206132196185
drop,4,5,49.23504382363113
drop,4,5,49.022334933044405
drop,4,5,51.68548198276337
drop,4,5,55.68315638213862
drop,4,5,54.003445019346735
drop,4,5,60.21629576508891
drop,4,5,53.34417968561032
drop,4,5,47.18025966626484
drop,4,5,53.517209430028025
drop,4,5,55.542346915768135
drop,4,5,47.654329545235285
drop,4,5,42.268348890373886
drop,4,5,45.15772031395047
drop,4,5,45.31556186276894
drop,4,5,54.120111457350845
drop,4,5,59.28753524136101
drop,4,5,53.94074365661465
drop,4,5,49.20744044652938
drop,4,5,51.79156747480699
drop,4,5,52.91543188023958
drop,4,5,46.84032817156703
drop,4,5,39.943316653090164
drop,4,5,48.46933555508906
drop,4,5,48.879085105085146
drop,4,5,44.48875435377786
drop,4,5,42.04503647248071
drop,4,5,21.622872834296036
drop,4,5,32.757106071282344
drop,4,5,30.299450245012103
drop,4,5,31.830140895105195
drop,4,5,32.677457818437425
drop,4,5,42.940727853235806
drop,4,5,43.22397555355426
drop,4,5,45.031261943386326
drop,4,5,46.08720756680782
drop,4,5,43.00464703540365
drop,4,5,42.72372284621302
drop,4,5,42.89151726465981
drop,4,5,41.117734365106
drop,4,5,42.732463981485246
drop,4,5,40.91521617168201
drop,4,5,47.35276059395694
drop,4,5,52.42145789509464
drop,4,5,53.02446605403425
drop,4,5,52.90813970889435
drop,4,5,50.950063477223644
drop,4,5,49.26919649029804
drop,4,5,50.64961505662831
drop,4,5,50.054832313465496
drop,4,5,52.0493085779144
drop,4,5,45.803385007081026
drop,4,5,49.342019552309466
drop,4,5,52.575929617424414
drop,4,5,52.379668972322925
drop,4,5,54.30745357583003
drop,4,5,54.83753002659005
drop,4,5,48.86131259101622
drop,4,5,50.35406395658672
drop,4,5,54.02221155969837
drop,4,5,51.30814554540948
drop,4,5,43.388227803374825
drop,4,5,36.186826899314674
drop,4,5,48.581616099689704
drop,4,5,50.166114376355644
drop,4,5,45.394198985258114
drop,4,5,49.05386879244407
drop,4,5,49.96763044307865
drop,4,5,47.47115746451045
drop,4,5,51.13940643695852
drop,4,5,51.55268920585523
drop,4,5,44.4526501717051
drop,4,5,50.75279594735819
drop,4,5,52.493787083027506
drop,4,5,52.68719142926392
drop,4,5,56.51959189390483
drop,4,5,57.31921060784539
drop,4,5,52.57754257905987
drop,4,5,51.8240896379649
drop,4,5,55.826388809645444
drop,4,5,53.43727945464861
drop,4,5,48.101227569164266
drop,4,5,40.10854380127797
drop,4,5,46.881432812291344
drop,4,5,44.58716385228409
drop,4,5,51.990704813320285
drop,4,5,51.88601130585961
drop,4,5,47.601624405992354
drop,4,5,49.242409832074195
drop,4,5,49.576081070160846
drop,4,5,48.32653751376986
drop,4,5,39.672654757951875
drop,4,5,45.27281028801544
drop,4,5,51.22960613603645
drop,4,5,46.32455417402077
drop,4,5,42.7480570012663
drop,4,5,38.051026851444895
drop,4,5,34.61248591273006
drop,4,5,40.613928418245855
drop,4,5,41.177106629884165
drop,4,5,42.66953683438919
drop,4,5,46.97040638836204
drop,4,5,48.22559762813501
drop,4,5,48.95211069327332
drop,4,5,46.21772676801588
drop,4,5,49.03505644990175
drop,4,5,43.891545326668485
drop,4,5,47.2435274513275
drop,4,5,55.09829072322594
drop,4,5,54.23527160835663
drop,4,5,56.6998241459615
drop,4,5,60.1068666148348
drop,4,5,52.870817129297734
drop,4,5,51.47260504586619
drop,4,5,54.382811390036785
drop,4,5,53.07511535708253
drop,4,5,44.530211113682135
drop,4,5,45.69490475042594
drop,4,5,53.719303242290145
drop,4,5,53.300182222284995
drop,4,5,60.18373529230447
drop,4,5,59.39248801677923
drop,4,5,55.42660952060072
drop,4,5,54.69670129353091
drop,4,5,55.99659213518405
drop,4,5,54.32653600757809
drop,4,5,48.13129209586372
drop,4,5,48.210574218244304
drop,4,5,53.35495931973874
drop,4,5,57.78349397661342
drop,4,5,49.93849931611489
drop,4,5,47.391798320958806
drop,4,5,37.896467713265636
drop,4,5,42.39167437287791
drop,4,5,43.236669136759474
drop,4,5,54.38788595673794
drop,4,5,53.17768757546308
drop,4,5,47.39427470065602
drop,4,5,53.48166538707593
drop,4,5,53.93737206259792
drop,4,5,53.15461653791671
drop,4,5,43.57055951778474
drop,4,5,46.02562677906464
drop,4,5,51.98725285475046
drop,4,5,54.85618893980121
drop,4,5,47.94266379466189
drop,4,5,45.97929684574069
drop,4,5,41.390064592652884
drop,4,5,42.34718037430015
drop,4,5,45.22394967826583
drop,4,5,45.03263180039403
drop,4,5,41.05309896085189
drop,4,5,25.155577544991633
drop,4,6,18.53602892754839
drop,4,6,24.554335711931362
drop,4,6,22.88754390552607
drop,4,6,23.969401116981718
drop,4,6,23.1695916036085
drop,4,6,30.80904795116367
drop,4,6,32.33097688773321
drop,4,6,33.90808652866156
drop,4,6,35.973846035535935
drop,4,6,32.80091407527278
drop,4,6,32.46010638544467
drop,4,6,32.902456084971256
drop,4,6,31.417640542085618
drop,4,6,32.21859812748878
drop,4,6,29.951851148734825
drop,4,6,30.557629780720596
drop,4,6,32.630921069956244
drop,4,6,32.82728393495931
drop,4,6,32.87197404541879
drop,4,6,32.990829530872915
drop,4,6,32.986973822030755
drop,4,6,32.57431742677215
drop,4,6,35.47758753192885
drop,4,6,35.64317936435113
drop,4,6,28.34159859453364
drop,4,6,33.933694117689846
drop,4,6,33.181532968702804
drop,4,6,32.8454587323483
drop,4,6,35.07074327666179
drop,4,6,36.9911443077736
drop,4,6,30.231422620164796
drop,4,6,35.277957264423435
drop,4,6,36.35110947445971
drop,4,6,30.033096388455764
drop,4,6,26.52071379252348
drop,4,6,23.14646695824467
drop,4,6,33.78527333525299
drop,4,6,32.32749752103084
drop,4,6,32.466920426605476
drop,4,6,33.735864415865095
drop,4,6,34.48301537594918
drop,4,6,33.4295565726821
drop,4,6,36.447915081211974
drop,4,6,37.80451331621648
drop,4,6,29.609081226592313
drop,4,6,36.550991757406095
drop,4,6,35.86366979760344
drop,4,6,37.22865416355063
drop,4,6,39.59076031121576
drop,4,6,41.022782935516865
drop,4,6,34.954527406512575
drop,4,6,36.54153524292771
drop,4,6,39.1007992074703
drop,4,6,37.02304165374325
drop,4,6,29.130619717110303
drop,4,6,31.191991529618747
drop,4,6,29.884872126914026
drop,4,6,29.27702163236935
drop,4,6,35.1326419682904
drop,4,6,32.933740986013234
drop,4,6,29.108362866350003
drop,4,6,35.74084302615999
drop,4,6,34.04354549776488
drop,4,6,30.52878930733144
drop,4,6,22.43606674508684
drop,4,6,28.973796746417815
drop,4,6,31.940615584209933
drop,4,6,26.143800552557188
drop,4,6,20.669618135446445
drop,4,6,21.889206515596026
drop,4,6,31.160083740972095
drop,4,6,36.02864324307712
drop,4,6,33.27918421294674
drop,4,6,38.71608894396845
drop,4,6,40.92770896696169
drop,4,6,41.66422684387525
drop,4,6,41.74214193154304
drop,4,6,40.28237446595387
drop,4,6,41.79954035856558
drop,4,6,36.17000777873371
drop,4,6,39.817516999569214
drop,4,6,42.91754921126586
drop,4,6,47.536208860757824
drop,4,6,44.31275378973379
drop,4,6,53.040626485033975
drop,4,6,39.1448845109497
drop,4,6,39.40510878148705
drop,4,6,44.706600623031385
drop,4,6,43.52817609272057
drop,4,6,39.6574172009735
drop,4,6,42.17296181806425
drop,4,6,44.0714526897305
drop,4,6,47.040256773181625
drop,4,6,53.151469593026874
drop,4,6,58.747331973970475
drop,4,6,49.51867905893188
drop,4,6,48.9368383945526
drop,4,6,50.46724909125147
drop,4,6,50.86512164731869
drop,4,6,45.31102520184293
drop,4,6,38.75793310984341
drop,4,6,50.04026842978259
drop,4,6,49.362389051548824
drop,4,6,46.45924439940853
drop,4,6,39.80019649226231
drop,4,6,32.78426849046425
drop,4,6,35.676885208980764
drop,4,6,38.814662882905616
drop,4,6,49.873357842994785
drop,4,6,52.6825340264465
drop,4,6,46.47857114214024
drop,4,6,47.02886821581711
drop,4,6,47.82592235072881
drop,4,6,49.20911281399976
drop,4,6,40.98893252796334
drop,4,6,36.40415912458707
drop,4,6,45.37245902100867
drop,4,6,46.473635771223044
drop,4,6,39.18031392392608
drop,4,6,39.07088123640114
drop,4,6,34.56000924932028
drop,4,6,38.247981795253416
drop,4,6,38.5939157025076
drop,4,6,38.42535582928647
drop,4,6,38.565151542541265
drop,4,6,12.603979600437642
drop,4,6,16.874656085771
drop,4,6,21.187995826930035
drop,4,6,20.665147830903386
drop,4,6,21.69552716434144
drop,4,6,30.721535210285577
drop,4,6,31.083920020369906
drop,4,6,32.48182009511275
drop,4,6,28.938554031338377
drop,4,6,30.794198177261357
drop,4,6,26.991871350489497
drop,4,6,37.05960994689451
drop,4,6,43.43500064653141
drop,4,6,42.10238914335236
drop,4,6,40.73848634285341
drop,4,6,41.481403358994825
drop,4,6,40.28783932094147
drop,4,6,39.254336809524936
drop,4,6,42.55631157576259
drop,4,6,40.41105509731176
drop,4,6,34.17090900747146
drop,4,6,41.47259159592738
drop,4,6,46.686286209084166
drop,4,6,45.61236588973522
drop,4,6,49.07595002020771
drop,4,6,51.37832782479064
drop,4,6,44.5254524378206
drop,4,6,46.865215749964
drop,4,6,46.94974272574244
drop,4,6,44.80657123418264
drop,4,6,37.25714352309026
drop,4,6,44.426239891259534
drop,4,6,48.5878934364179
drop,4,6,45.320286481885326
drop,4,6,37.358234065528926
drop,4,6,36.52125644626128
drop,4,6,33.83761841734576
drop,4,6,34.99108261698655
drop,4,6,34.619106000770316
drop,4,6,49.50339956853703
drop,4,6,46.01992693038748
drop,4,6,40.3859352683843
drop,4,6,46.88035465430723
drop,4,6,45.333479326355
drop,4,6,45.39844404416165
drop,4,6,36.03584932284918
drop,4,6,45.2860974342622
drop,4,6,51.2936122050553
drop,4,6,48.85247882631448
drop,4,6,42.82132590540315
drop,4,6,38.65555633403466
drop,4,6,34.21263850974775
drop,4,6,39.54698787312656
drop,4,6,36.51306551996417
drop,4,6,37.67799092846377
drop,4,6,33.121875672078
drop,4,6,19.353720403396267
drop,4,6,28.95117258653756
drop,4,6,33.81526957838508
drop,4,6,33.06718219202001
drop,4,6,38.79558878682195
drop,4,6,40.62360779172591
drop,4,6,34.48799706609375
drop,4,6,44.39666438107438
drop,4,6,46.037757768653584
drop,4,6,43.87396763060861
drop,4,6,34.157756354435776
drop,4,6,39.990480409346965
drop,4,6,46.130929439932494
drop,4,6,51.099271723881714
drop,4,6,39.51507790338723
drop,4,6,40.09579233938263
drop,4,6,37.906553050434454
drop,4,6,39.04596325479138
drop,4,6,45.877606529317646
drop,4,6,44.6017782732187
drop,4,6,41.087129683107264
drop,4,6,27.370287748338075
drop,4,6,30.360127885490208
drop,4,6,37.17017321433359
drop,4,6,36.94948459557117
drop,4,6,37.12579869960132
drop,4,6,36.853724407495925
drop,4,6,25.78255161624361
drop,4,6,23.32466321682248
hcs,4,0,65.0269269492718
hcs,4,1,62.42123269706444
hcs,4,1,59.48867209934929
hcs,4,1,65.43976429425433
hcs,4,1,64.19875703955363
hcs,4,1,64.94065711707145
hcs,4,1,65.49756171194763
hcs,4,1,63.770531266192435
hcs,4,1,63.30414033638805
hcs,4,1,64.51341730170789
hcs,4,1,65.5841015102093
hcs,4,2,48.13369053671625
hcs,4,2,62.91061396799031
hcs,4,2,61.903663585575835
hcs,4,2,62.886995131027895
hcs,4,2,62.299027472128294
hcs,4,2,61.298194091924586
hcs,4,2,61.73852962070139
hcs,4,2,62.659018236037426
hcs,4,2,63.01162826300678
hcs,4,2,57.4937119077369
hcs,4,2,58.48397893770131
hcs,4,2,59.02511411346762
hcs,4,2,59.4257273264352
hcs,4,2,58.215669973756405
hcs,4,2,58.71154584579792
hcs,4,2,58.588015923851025
hcs,4,2,58.80365471907136
hcs,4,2,62.82992375798841
hcs,4,2,65.06971530551968
hcs,4,2,65.50340088521345
hcs,4,2,64.2995069744473
hcs,4,2,63.672898490291296
hcs,4,2,64.86079410665369
hcs,4,2,65.40141863454595
hcs,4,2,64.61979559200472
hcs,4,2,63.78903437065593
hcs,4,2,62.164689868470234
hcs,4,2,62.33227027889868
hcs,4,2,64.09131967975402
hcs,4,2,64.53137175405033
hcs,4,2,64.19559500416406
hcs,4,2,62.684626395315505
hcs,4,2,63.92365108867815
hcs,4,2,64.2757817095688
hcs,4,2,65.26281634643884
hcs,4,2,62.281896794756925
hcs,4,2,62.97607121658054
hcs,4,2,64.23793891316616
hcs,4,2,65.02980081248195
hcs,4,2,61.58153592595132
hcs,4,2,62.846354678663154
hcs,4,2,64.05121020419355
hcs,4,2,60.406781514135666
hcs,4,2,62.97267973121338
hcs,4,2,64.07191245087766
hcs,4,3,46.3560976384204
hcs,4,3,47.984151823449395
hcs,4,3,49.1181890714641
hcs,4,3,47.672685174363984
hcs,4,3,47.5689516167176
hcs,4,3,47.56641619517171
hcs,4,3,47.7303196638537
hcs,4,3,48.09302075634333
hcs,4,3,59.08628732330411
hcs,4,3,63.61281619631637
hcs,4,3,62.60103322067659
hcs,4,3,61.704447829425355
hcs,4,3,61.96135284186589
hcs,4,3,62.80260541173154
hcs,4,3,62.93428366262294
hcs,4,3,61.79447391229628
hcs,4,3,60.493569121764665
hcs,4,3,60.42499946188531
hcs,4,3,60.676836327078554
hcs,4,3,61.00772053987003
hcs,4,3,61.728499674371356
hcs,4,3,62.138203564340344
hcs,4,3,60.37218271395343
hcs,4,3,61.65818028132958
hcs,4,3,62.36873879997176
hcs,4,3,63.334516072200365
hcs,4,3,60.74029707521087
hcs,4,3,61.55556846459795
hcs,4,3,61.87217833795483
hcs,4,3,62.22861779052099
hcs,4,3,60.051883507541675
hcs,4,3,61.738399435140295
hcs,4,3,61.6040175102288
hcs,4,3,60.17415910013229
hcs,4,3,61.84385846046257
hcs,4,3,62.14792208441577
hcs,4,3,52.42335132885794
hcs,4,3,56.12402215499376
hcs,4,3,58.4213313658259
hcs,4,3,56.2887273761958
hcs,4,3,56.405129255067116
hcs,4,3,56.49213178221722
hcs,4,3,56.60904824542525
hcs,4,3,57.68633297578459
hcs,4,3,57.940345706078574
hcs,4,3,57.198485466734375
hcs,4,3,57.994368326669694
hcs,4,3,58.29008249808271
hcs,4,3,58.64508270428429
hcs,4,3,59.53835192532821
hcs,4,3,56.03326555601278
hcs,4,3,58.62792992660707
hcs,4,3,58.474697518417464
hcs,4,3,58.72883645738907
hcs,4,3,57.4011471208256
hcs,4,3,58.17301970979005
hcs,4,3,59.00459518156742
hcs,4,3,59.15531835388889
hcs,4,3,57.055637353863304
hcs,4,3,57.49447825836235
hcs,4,3,57.12664811623449
hcs,4,3,56.419572426552
hcs,4,3,57.42202261232033
hcs,4,3,58.0940965862554
hcs,4,3,61.85018368236717
hcs,4,3,61.049886599080594
hcs,4,3,61.34891978130925
hcs,4,3,61.09927941884246
hcs,4,3,62.918921953068015
hcs,4,3,62.95941043056646
hcs,4,3,64.56883290108985
hcs,4,3,62.80263327660969
hcs,4,3,63.77432779002855
hcs,4,3,64.40068775635953
hcs,4,3,65.28043210308367
hcs,4,3,62.12725846911506
hcs,4,3,62.92514696733917
hcs,4,3,64.55564809006309
hcs,4,3,65.01339399416736
hcs,4,3,61.6710594307846
hcs,4,3,63.66041689684738
hcs,4,3,63.72097050755161
hcs,4,3,61.00756287713166
hcs,4,3,63.37208323361049
hcs,4,3,64.08270712169056
hcs,4,3,62.68546208038076
hcs,4,3,62.7813424665897
hcs,4,3,63.250625414500554
hcs,4,3,64.40767708275331
hcs,4,3,65.33230576090416
hcs,4,3,59.80737806190806
hcs,4,3,61.92571539503713
hcs,4,3,62.83218832949472
hcs,4,3,63.6246039123207
hcs,4,3,60.49100239790584
hcs,4,3,62.26256146417517
hcs,4,3,62.14863343132928
hcs,4,3,59.513003494397154
hcs,4,3,62.53271545184143
hcs,4,3,63.305786337309506
hcs,4,3,60.9195852512726
hcs,4,3,63.09337516331815
hcs,4,3,63.31903702438891
hcs,4,3,63.59667596434117
hcs,4,3,61.44623272692358
hcs,4,3,62.531118859077914
hcs,4,3,62.83437402104807
hcs,4,3,61.06623200615695
hcs,4,3,63.66858892231276
hcs,4,3,63.830408737360635
hcs,4,3,57.73855881857377
hcs,4,3,62.05917656271335
hcs,4,3,61.79379762368434
hcs,4,3,60.49624628722648
hcs,4,3,62.807034234416825
hcs,4,3,63.58458132610569
hcs,4,3,58.31537813852926
hcs,4,3,60.871628421854744
hcs,4,3,62.60845336787232
hcs,4,3,56.92385090557945
hcs,4,4,40.94377707972385
hcs,4,4,47.48249809473658
hcs,4,4,46.08555191640945
hcs,4,4,45.726375837054526
hcs,4,4,45.12898296604708
hcs,4,4,45.91153214919495
hcs,4,4,45.736424885725214
hcs,4,4,46.31907596525688
hcs,4,4,45.854513643302134
hcs,4,4,48.03332056867247
hcs,4,4,46.898629888111465
hcs,4,4,47.5195367009487
hcs,4,4,47.416659339977436
hcs,4,4,49.722915052071265
hcs,4,4,46.907720718658986
hcs,4,4,46.31713154250145
hcs,4,4,49.703753940457474
hcs,4,4,48.262314816758725
hcs,4,4,46.86609285461518
hcs,4,4,46.01504621136219
hcs,4,4,47.04554175511074
hcs,4,4,47.79970530528715
hcs,4,4,47.31793062701585
hcs,4,4,46.17870538267763
hcs,4,4,46.76589525367503
hcs,4,4,45.92147405936629
hcs,4,4,46.18154294325087
hcs,4,4,47.58049738572229
hcs,4,4,56.35670514240849
hcs,4,4,55.9121682924104
hcs,4,4,58.217712648983266
hcs,4,4,58.036599285541456
hcs,4,4,57.990260260842724
hcs,4,4,58.47004658103001
hcs,4,4,62.79628081595448
hcs,4,4,61.08545255834294
hcs,4,4,62.05039956291683
hcs,4,4,63.24847031214403
hcs,4,4,63.5862223630459
hcs,4,4,60.383810569892304
hcs,4,4,61.85572476782455
hcs,4,4,62.53012751561223
hcs,4,4,62.62921903621305
hcs,4,4,60.11504588577907
hcs,4,4,61.535046726831176
hcs,4,4,61.425908543552076
hcs,4,4,59.913733999100764
hcs,4,4,61.90117032405418
hcs,4,4,61.955806472828066
hcs,4,4,59.44731121367984
hcs,4,4,60.82117837554191
hcs,4,4,60.831252974049065
hcs,4,4,61.628058632816185
hcs,4,4,62.479557232960055
hcs,4,4,57.71958820219237
hcs,4,4,59.36902447481324
hcs,4,4,60.45106983685816
hcs,4,4,60.74870545548311
hcs,4,4,59.34843722321866
hcs,4,4,59.887566455929054
hcs,4,4,60.70085085796477
hcs,4,4,58.62877580223875
hcs,4,4,60.86779734951665
hcs,4,4,61.14931526099311
hcs,4,4,58.74763162744665
hcs,4,4,61.65372189754367
hcs,4,4,61.51436778897929
hcs,4,4,62.72805542866917
hcs,4,4,59.86346962492248
hcs,4,4,60.606384055607556
hcs,4,4,61.403349332588405
hcs,4,4,59.74496300057747
hcs,4,4,61.67242029725853
hcs,4,4,62.808465688363746
hcs,4,4,57.76897052662942
hcs,4,4,59.799959783731595
hcs,4,4,60.45246754570128
hcs,4,4,60.0068958434308
hcs,4,4,61.76711916821576
hcs,4,4,61.118678768179805
hcs,4,4,56.789122860616274
hcs,4,4,60.109097546705314
hcs,4,4,61.1703971400948
hcs,4,4,56.02965925181768
hcs,4,4,49.89423218601617
hcs,4,4,50.95837374293904
hcs,4,4,51.947030289260404
hcs,4,4,51.82931402053241
hcs,4,4,52.851113919729606
hcs,4,4,53.07749041725665
hcs,4,4,57.31082079261983
hcs,4,4,53.3941446815986
hcs,4,4,56.33228842428561
hcs,4,4,56.91449697083188
hcs,4,4,56.506282677758485
hcs,4,4,56.32915389654955
hcs,4,4,56.7939151640425
hcs,4,4,57.04770897769451
hcs,4,4,57.62005553652734
hcs,4,4,55.30937219406038
hcs,4,4,55.923828134163166
hcs,4,4,55.605018683657526
hcs,4,4,55.04845236428217
hcs,4,4,55.53410685809483
hcs,4,4,55.66712860126231
hcs,4,4,57.21385011257275
hcs,4,4,54.1299688030137
hcs,4,4,57.52364560155786
hcs,4,4,58.748790227043365
hcs,4,4,57.50365427832152
hcs,4,4,56.0297227511521
hcs,4,4,56.816317570186264
hcs,4,4,57.95762212915235
hcs,4,4,57.33273958878051
hcs,4,4,56.5649848130216
hcs,4,4,57.02696501656853
hcs,4,4,56.411187602699464
hcs,4,4,55.92311247216198
hcs,4,4,57.163816740651896
hcs,4,4,57.806438736993734
hcs,4,4,54.68548431330192
hcs,4,4,57.544921585072665
hcs,4,4,58.49848186458487
hcs,4,4,58.736025893965014
hcs,4,4,56.1814533614422
hcs,4,4,56.018911371273624
hcs,4,4,55.504925281601516
hcs,4,4,56.352101430830466
hcs,4,4,57.1206186877401
hcs,4,4,57.73237722423803
hcs,4,4,54.63544752678115
hcs,4,4,57.22990958855693
hcs,4,4,56.20985235462316
hcs,4,4,56.25524642159831
hcs,4,4,56.844400294601925
hcs,4,4,57.79520414985286
hcs,4,4,54.56371888245741
hcs,4,4,55.76796028616439
hcs,4,4,56.00905667095662
hcs,4,4,52.936337232572086
hcs,4,4,55.71192830704353
hcs,4,4,58.08308968350877
hcs,4,4,59.839715730626104
hcs,4,4,61.46689334701159
hcs,4,4,61.626387179703215
hcs,4,4,57.3248780454657
hcs,4,4,59.140686773225816
hcs,4,4,59.88722332121686
hcs,4,4,61.3039318750469
hcs,4,4,59.20126579795832
hcs,4,4,61.76448065294874
hcs,4,4,61.13534598630781
hcs,4,4,57.90278084228551
hcs,4,4,61.799438089358965
hcs,4,4,61.913664282644106
hcs,4,4,59.67756379044228
hcs,4,4,62.64423700392714
hcs,4,4,63.197409578855776
hcs,4,4,63.53632914929538
hcs,4,4,61.24034704957675
hcs,4,4,62.57426375617057
hcs,4,4,62.32086404720595
hcs,4,4,61.17997480046372
hcs,4,4,63.29955966227111
hcs,4,4,63.23290832188733
hcs,4,4,58.81212921564022
hcs,4,4,61.881993748747405
hcs,4,4,61.48814948271256
hcs,4,4,61.091749292332246
hcs,4,4,63.49114224916003
hcs,4,4,63.93521051734718
hcs,4,4,58.45536491409904
hcs,4,4,61.01067213785142
hcs,4,4,62.6488358250008
hcs,4,4,57.31593140177034
hcs,4,4,58.17330004453367
hcs,4,4,60.38110863565748
hcs,4,4,62.37671174681007
hcs,4,4,61.691979097054734
hcs,4,4,60.08403385481877
hcs,4,4,62.376951713695334
hcs,4,4,62.362076047255094
hcs,4,4,60.16223403262023
hcs,4,4,63.80879250400091
hcs,4,4,63.72661299134679
hcs,4,4,56.082606998888274
hcs,4,4,59.42337704280139
hcs,4,4,59.89896916165573
hcs,4,4,59.590673400845226
hcs,4,4,61.766196606297136
hcs,4,4,62.388844322285436
hcs,4,4,56.88492644081354
hcs,4,4,60.068033603869715
hcs,4,4,61.615415000438915
hcs,4,4,55.8456547384573
hcs,4,4,55.89708639444234
hcs,4,4,60.711048093277284
hcs,4,4,60.29553822798901
hcs,4,4,59.71171570352322
hcs,4,4,62.316731673037914
hcs,4,4,62.36708493527622
hcs,4,4,58.37838782167628
hcs,4,4,61.10911365147317
hcs,4,4,61.74688013279365
hcs,4,4,56.602429175970606
hcs,4,4,53.61039728088069
hcs,4,4,57.20494229034488
hcs,4,4,60.558765836918276
hcs,4,4,55.52820695850682
hcs,4,4,53.01860672937522
hcs,4,5,35.67744225387132
hcs,4,5,40.79918723523252
hcs,4,5,40.84854250373699
hcs,4,5,38.86719743494304
hcs,4,5,39.64048229850523
hcs,4,5,40.16271272507731
hcs,4,5,47.81410395447261
hcs,4,5,44.68845288795105
hcs,4,5,45.67704597366422
hcs,4,5,46.65336216241641
hcs,4,5,47.075787291133786
hcs,4,5,44.36356103217607
hcs,4,5,44.45361773222839
hcs,4,5,45.95717604719959
hcs,4,5,44.8622838325166
hcs,4,5,43.871137027824524
hcs,4,5,44.67134179692271
hcs,4,5,44.561384864460294
hcs,4,5,43.757282862523404
hcs,4,5,44.810702012267924
hcs,4,5,44.95724939898245
hcs,4,5,46.03883218392299
hcs,4,5,44.48165292832831
hcs,4,5,44.44452196130235
hcs,4,5,48.133938074077555
hcs,4,5,45.50925984201736
hcs,4,5,45.98989279710991
hcs,4,5,44.36137097286507
hcs,4,5,45.748813823533986
hcs,4,5,45.51711893231605
hcs,4,5,48.04337954943902
hcs,4,5,46.85254495807868
hcs,4,5,47.22738857171155
hcs,4,5,46.28016523825709
hcs,4,5,46.248301152039126
hcs,4,5,47.212639812520536
hcs,4,5,45.62378438411947
hcs,4,5,45.586312890008216
hcs,4,5,48.88281930138754
hcs,4,5,49.214819419501005
hcs,4,5,45.56176508759602
hcs,4,5,46.29692741109369
hcs,4,5,45.627076687452025
hcs,4,5,46.70969370573457
hcs,4,5,45.48002121723561
hcs,4,5,49.023928472155056
hcs,4,5,42.87528625011576
hcs,4,5,45.358892432745506
hcs,4,5,45.47358074915376
hcs,4,5,44.56478738558114
hcs,4,5,45.388116462635374
hcs,4,5,46.15175278013964
hcs,4,5,44.44450024003238
hcs,4,5,46.6010924387876
hcs,4,5,45.48257449928327
hcs,4,5,42.90109279035767
hcs,4,5,52.09119345150788
hcs,4,5,52.75430691615822
hcs,4,5,54.56187340473842
hcs,4,5,55.74960763555738
hcs,4,5,55.469109148789514
hcs,4,5,53.3422917841088
hcs,4,5,55.212329914625016
hcs,4,5,55.066221728715
hcs,4,5,56.285090601844445
hcs,4,5,56.832927000110665
hcs,4,5,57.03894700027449
hcs,4,5,57.21757020177267
hcs,4,5,56.00799433486678
hcs,4,5,57.899426044034236
hcs,4,5,56.233083527684336
hcs,4,5,58.67928980590228
hcs,4,5,61.61998246616812
hcs,4,5,61.884821093908265
hcs,4,5,62.57872190890322
hcs,4,5,59.83881069579768
hcs,4,5,61.79057850300219
hcs,4,5,60.87729509795139
hcs,4,5,59.954484891140545
hcs,4,5,62.733644648841796
hcs,4,5,61.90104746083623
hcs,4,5,58.34962563512571
hcs,4,5,60.27394736432863
hcs,4,5,60.025762252968725
hcs,4,5,59.80401016487452
hcs,4,5,61.96977212034892
hcs,4,5,61.47685177768854
hcs,4,5,56.48085709441587
hcs,4,5,59.599345508884724
hcs,4,5,61.06456987473324
hcs,4,5,55.85762438899518
hcs,4,5,54.838331584407264
hcs,4,5,58.100131268516556
hcs,4,5,58.70527204677004
hcs,4,5,59.4502670761006
hcs,4,5,58.90435960633007
hcs,4,5,60.24734528771053
hcs,4,5,61.006411896022975
hcs,4,5,58.9357951244466
hcs,4,5,61.112491567952496
hcs,4,5,61.86709162204716
hcs,4,5,55.225983927075326
hcs,4,5,56.946473372310436
hcs,4,5,57.397558272807956
hcs,4,5,57.966595257601
hcs,4,5,59.79602273750971
hcs,4,5,59.80930864851636
hcs,4,5,55.68944004555413
hcs,4,5,59.34378817094803
hcs,4,5,59.736557659792496
hcs,4,5,54.49921900632166
hcs,4,5,54.93212498281603
hcs,4,5,58.48339495691855
hcs,4,5,58.59944003418944
hcs,4,5,59.233918604643165
hcs,4,5,61.23911248573501
hcs,4,5,60.90595749294033
hcs,4,5,56.11502470848868
hcs,4,5,59.45247619764074
hcs,4,5,60.72465953776034
hcs,4,5,56.316285990880296
hcs,4,5,52.23682249540957
hcs,4,5,56.775422730571556
hcs,4,5,59.41265332960392
hcs,4,5,54.88247806003676
hcs,4,5,52.959793631251735
hcs,4,5,48.27678014093442
hcs,4,5,47.29274963917353
hcs,4,5,48.68240423229575
hcs,4,5,49.3680677536974
hcs,4,5,50.428513752863104
hcs,4,5,49.239840822943805
hcs,4,5,50.70375747298072
hcs,4,5,51.483425819823765
hcs,4,5,50.82285623730194
hcs,4,5,50.96092457486086
hcs,4,5,51.30510248310649
hcs,4,5,51.27365584078319
hcs,4,5,50.60560674113793
hcs,4,5,51.69750079095845
hcs,4,5,51.862865428577074
hcs,4,5,53.80351634652431
hcs,4,5,56.292840665989544
hcs,4,5,56.99581355137764
hcs,4,5,56.80247177895284
hcs,4,5,53.6892851276312
hcs,4,5,54.1268003396927
hcs,4,5,53.72654772967335
hcs,4,5,54.495057912540325
hcs,4,5,56.03039818549778
hcs,4,5,55.635875342592044
hcs,4,5,53.10794959399301
hcs,4,5,55.95317885284409
hcs,4,5,55.252864798784614
hcs,4,5,54.916875050719504
hcs,4,5,55.568905501259444
hcs,4,5,56.3513811578083
hcs,4,5,53.01243280436694
hcs,4,5,55.193624450047146
hcs,4,5,54.5521810625364
hcs,4,5,51.71347702260595
hcs,4,5,52.55703499058387
hcs,4,5,55.602627986687644
hcs,4,5,57.408906555550956
hcs,4,5,57.01415253889781
hcs,4,5,54.11943168064109
hcs,4,5,55.38534775666074
hcs,4,5,54.36302534038463
hcs,4,5,55.004091489044285
hcs,4,5,55.827576032516944
hcs,4,5,56.89575364990326
hcs,4,5,53.4745354780236
hcs,4,5,55.61245962770716
hcs,4,5,55.376550658286355
hcs,4,5,55.32466259669081
hcs,4,5,55.771520502921774
hcs,4,5,56.84242535749633
hcs,4,5,53.87111045471197
hcs,4,5,55.70306421138395
hcs,4,5,55.38150694567991
hcs,4,5,52.43444089316312
hcs,4,5,49.643282210163015
hcs,4,5,53.6785336358059
hcs,4,5,53.3881250201505
hcs,4,5,55.60895226057154
hcs,4,5,56.506556863195094
hcs,4,5,55.703387422088156
hcs,4,5,54.72208601766207
hcs,4,5,55.39467633154699
hcs,4,5,55.039783046486285
hcs,4,5,51.7064959501932
hcs,4,5,51.114179286026754
hcs,4,5,53.07711208754747
hcs,4,5,54.49149901424625
hcs,4,5,51.803264524719474
hcs,4,5,50.12170479294459
hcs,4,5,48.80432264454946
hcs,4,5,53.982526882185724
hcs,4,5,55.78620977632029
hcs,4,5,56.10820227244024
hcs,4,5,56.01910830714315
hcs,4,5,58.34966262177394
hcs,4,5,58.594752479951715
hcs,4,5,56.72826284508852
hcs,4,5,60.056163057225525
hcs,4,5,60.24376054231127
hcs,4,5,53.595904656966404
hcs,4,5,56.20708131881072
hcs,4,5,56.75869807938306
hcs,4,5,56.22181305846632
hcs,4,5,59.265250721477734
hcs,4,5,59.78117387810911
hcs,4,5,54.935906612758025
hcs,4,5,59.19714354392712
hcs,4,5,60.13021880043205
hcs,4,5,52.660154210957025
hcs,4,5,55.562162937264524
hcs,4,5,59.6659100486684
hcs,4,5,58.90673367617233
hcs,4,5,59.94244006292936
hcs,4,5,62.27835643768795
hcs,4,5,61.93081883998748
hcs,4,5,57.895170346054876
hcs,4,5,60.080880204359296
hcs,4,5,60.56927731324221
hcs,4,5,56.992309528210754
hcs,4,5,54.27003912300394
hcs,4,5,58.73834470494597
hcs,4,5,60.62410706865881
hcs,4,5,55.9825647886635
hcs,4,5,53.16680644769451
hcs,4,5,52.93800942376659
hcs,4,5,57.62828969672079
hcs,4,5,57.555572489820904
hcs,4,5,57.78276374930306
hcs,4,5,60.46468271200555
hcs,4,5,60.83601931047654
hcs,4,5,56.53977671610575
hcs,4,5,59.69489373253739
hcs,4,5,61.64504592327361
hcs,4,5,55.516847759652094
hcs,4,5,51.92714847908635
hcs,4,5,56.1061026180941
hcs,4,5,58.8780179214884
hcs,4,5,54.1693441632372
hcs,4,5,51.15980809582161
hcs,4,5,51.63232228811592
hcs,4,5,55.634486249272605
hcs,4,5,59.02539021593243
hcs,4,5,54.17934393832012
hcs,4,5,52.23056562018583
hcs,4,5,49.6193987290905
hcs,4,6,37.73604715467309
hcs,4,6,32.47035855147881
hcs,4,6,33.00001233201001
hcs,4,6,36.22038637842924
hcs,4,6,34.92609548081995
hcs,4,6,39.05648004863418
hcs,4,6,37.60932802784024
hcs,4,6,39.38191688512905
hcs,4,6,39.341653168998945
hcs,4,6,37.11632114259363
hcs,4,6,38.834334680539136
hcs,4,6,40.2498173946309
hcs,4,6,37.30154437800279
hcs,4,6,37.17975573900778
hcs,4,6,38.397963338417966
hcs,4,6,42.33612700617408
hcs,4,6,44.12029152560535
hcs,4,6,44.98886445854818
hcs,4,6,47.40802559553281
hcs,4,6,42.0302954333488
hcs,4,6,44.28747532172414
hcs,4,6,45.07944643218645
hcs,4,6,43.83326169829852
hcs,4,6,44.49887569756328
hcs,4,6,45.23810594219743
hcs,4,6,40.02281734189303
hcs,4,6,43.51034656193948
hcs,4,6,43.16165572917073
hcs,4,6,42.453911069367
hcs,4,6,43.327308359549825
hcs,4,6,44.01816370796485
hcs,4,6,40.44785914965893
hcs,4,6,43.47210443342599
hcs,4,6,43.280016439064994
hcs,4,6,40.237663147460744
hcs,4,6,38.04538398857357
hcs,4,6,41.569877650722354
hcs,4,6,45.68279660068726
hcs,4,6,44.94483295795772
hcs,4,6,43.233231530453494
hcs,4,6,43.61937794465681
hcs,4,6,43.51712855925202
hcs,4,6,45.32740233388406
hcs,4,6,43.707520217041555
hcs,4,6,47.32268278590892
hcs,4,6,43.65741383656444
hcs,4,6,45.78030150319622
hcs,4,6,44.65725138655402
hcs,4,6,44.05068860629662
hcs,4,6,44.16944281977648
hcs,4,6,45.43336086837666
hcs,4,6,46.27733967391608
hcs,4,6,47.50342970728434
hcs,4,6,45.942667580371165
hcs,4,6,42.05608055881082
hcs,4,6,38.78947767045314
hcs,4,6,44.99723532549806
hcs,4,6,44.868880753409265
hcs,4,6,43.67347674491426
hcs,4,6,44.28407208964021
hcs,4,6,47.98414402012079
hcs,4,6,45.39557969757759
hcs,4,6,45.284748962581034
hcs,4,6,45.912132678545206
hcs,4,6,41.32137382320606
hcs,4,6,38.05853696754509
hcs,4,6,41.96286383969656
hcs,4,6,43.77927510286954
hcs,4,6,39.822227483826076
hcs,4,6,40.558639452952384
hcs,4,6,46.007290032301526
hcs,4,6,50.91733017692609
hcs,4,6,51.422488118435595
hcs,4,6,52.20687599533263
hcs,4,6,52.40267615892086
hcs,4,6,52.87299322242579
hcs,4,6,53.80520789828928
hcs,4,6,52.97374184372854
hcs,4,6,54.892791739390496
hcs,4,6,54.488042908488204
hcs,4,6,50.96569835171698
hcs,4,6,53.23360604755987
hcs,4,6,53.08926993046692
hcs,4,6,54.98998381355329
hcs,4,6,55.08183829185329
hcs,4,6,55.15613841557705
hcs,4,6,52.50871311011497
hcs,4,6,56.31660981586186
hcs,4,6,55.19036896179693
hcs,4,6,50.49105031730878
hcs,4,6,54.12429799940888
hcs,4,6,58.68799043912715
hcs,4,6,57.73006257033456
hcs,4,6,58.785928291098266
hcs,4,6,61.66844190712791
hcs,4,6,61.28422302420046
hcs,4,6,56.694364861102265
hcs,4,6,59.435091514155054
hcs,4,6,60.070009601924504
hcs,4,6,56.884717738912414
hcs,4,6,52.467164272486585
hcs,4,6,57.79436706264728
hcs,4,6,59.55450231120438
hcs,4,6,54.774630924461746
hcs,4,6,52.05048871318389
hcs,4,6,50.183098558671425
hcs,4,6,53.512343427105904
hcs,4,6,55.12986669399987
hcs,4,6,56.09233012192602
hcs,4,6,58.45722231766906
hcs,4,6,59.6013190169871
hcs,4,6,53.505916872702095
hcs,4,6,59.21068714791338
hcs,4,6,58.449044118914635
hcs,4,6,54.190046986374675
hcs,4,6,50.38462601176523
hcs,4,6,54.68622235355999
hcs,4,6,56.16895216691449
hcs,4,6,54.1717463821716
hcs,4,6,50.98577766258809
hcs,4,6,47.57793897466422
hcs,4,6,54.03330204799461
hcs,4,6,56.75155053243481
hcs,4,6,55.367366829386754
hcs,4,6,51.67214201989141
hcs,4,6,48.211629303499855
hcs,4,6,41.04752881680889
hcs,4,6,45.461575231658394
hcs,4,6,47.75169860706588
hcs,4,6,48.8602392492828
hcs,4,6,47.88498777297628
hcs,4,6,46.82054217549909
hcs,4,6,48.36107581088572
hcs,4,6,45.50170522441474
hcs,4,6,49.30438724041661
hcs,4,6,50.837860791051824
hcs,4,6,45.30765787001622
hcs,4,6,49.08195876388889
hcs,4,6,48.9270071632522
hcs,4,6,49.74302159655475
hcs,4,6,50.58207368400919
hcs,4,6,50.73688939371533
hcs,4,6,47.87277350327019
hcs,4,6,51.15868411923924
hcs,4,6,51.1769668774843
hcs,4,6,46.57370099102686
hcs,4,6,49.23824437518369
hcs,4,6,54.25973522995114
hcs,4,6,52.54689048054208
hcs,4,6,53.710926186132006
hcs,4,6,55.02820610996416
hcs,4,6,54.88191934191151
hcs,4,6,52.725094560733474
hcs,4,6,53.54446623180025
hcs,4,6,53.58793149742878
hcs,4,6,50.29730001349426
hcs,4,6,49.48917811289328
hcs,4,6,52.481820194953514
hcs,4,6,53.74031480814096
hcs,4,6,51.008708969774304
hcs,4,6,47.96099749401754
hcs,4,6,46.89358954564894
hcs,4,6,53.088760195208984
hcs,4,6,52.469644089427206
hcs,4,6,53.26348739409531
hcs,4,6,54.66543186988762
hcs,4,6,55.652148670810966
hcs,4,6,53.577090681885444
hcs,4,6,53.44486598130501
hcs,4,6,54.05813326621459
hcs,4,6,50.60908232220889
hcs,4,6,49.287304906565126
hcs,4,6,53.178064489373675
hcs,4,6,53.39084966303024
hcs,4,6,51.17261939878705
hcs,4,6,49.327960905444755
hcs,4,6,42.65631537332523
hcs,4,6,50.16815250734818
hcs,4,6,50.99754342798544
hcs,4,6,48.881432603725294
hcs,4,6,48.71606203123833
hcs,4,6,46.24746383858333
hcs,4,6,43.97014360695225
hcs,4,6,47.41256196771321
hcs,4,6,48.16153898699145
hcs,4,6,50.620660841897696
hcs,4,6,54.00675219140176
hcs,4,6,54.61599851275354
hcs,4,6,51.35103014288779
hcs,4,6,56.86278348553619
hcs,4,6,57.605788042686065
hcs,4,6,49.588763476298915
hcs,4,6,49.86488235964942
hcs,4,6,52.842153703526094
hcs,4,6,55.450243660931235
hcs,4,6,49.12420911812506
hcs,4,6,48.8558934901315
hcs,4,6,50.746159291689196
hcs,4,6,55.03900461177678
hcs,4,6,58.31662138045407
hcs,4,6,54.36171387309171
hcs,4,6,51.764165730882134
hcs,4,6,50.10110428756584
hcs,4,6,48.596872165121376
hcs,4,6,52.629712218021226
hcs,4,6,56.00833495477426
hcs,4,6,52.48278972597145
hcs,4,6,52.040123735021965
hcs,4,6,47.880012419088544
hcs,4,6,46.44903832437634
dcs,4,0,66.45378192723719
dcs,4,1,63.05471787047997
dcs,4,1,60.43817895177927
dcs,4,1,65.77843239905161
dcs,4,1,65.29018510334525
dcs,4,1,65.56593974732026
dcs,4,1,66.70173317530818
dcs,4,1,65.35150694373407
dcs,4,1,64.9824918202694
dcs,4,1,65.13468199149354
dcs,4,1,66.22135372115153
dcs,4,2,47.25512443113324
dcs,4,2,62.78022741455887
dcs,4,2,61.7902685450457
dcs,4,2,62.04732340436234
dcs,4,2,63.72072186993256
dcs,4,2,62.14192102337697
dcs,4,2,62.489436822318865
dcs,4,2,62.127714855174474
dcs,4,2,63.08633737242121
dcs,4,2,58.3407109361455
dcs,4,2,59.56215297754951
dcs,4,2,59.88253373827711
dcs,4,2,59.92467544135373
dcs,4,2,58.95738263113579
dcs,4,2,58.271020107268484
dcs,4,2,58.12771113642094
dcs,4,2,59.82878080065448
dcs,4,2,62.61505788572164
dcs,4,2,64.4248613358624
dcs,4,2,65.54723798649248
dcs,4,2,64.73063131545584
dcs,4,2,64.0765402430021
dcs,4,2,63.53193096255406
dcs,4,2,65.12178741609632
dcs,4,2,64.75949200833713
dcs,4,2,65.51976870079834
dcs,4,2,64.694719255542
dcs,4,2,64.17163163462787
dcs,4,2,64.45111448954414
dcs,4,2,65.06674822954774
dcs,4,2,66.18061237382987
dcs,4,2,64.81726658476386
dcs,4,2,64.50965624507663
dcs,4,2,63.85898189663686
dcs,4,2,65.56177383772778
dcs,4,2,65.22201869410604
dcs,4,2,65.04472406937832
dcs,4,2,65.17258201979188
dcs,4,2,66.1681519831974
dcs,4,2,63.70186844122653
dcs,4,2,63.563465787532
dcs,4,2,64.61064040594151
dcs,4,2,63.419843598472404
dcs,4,2,64.61821569925051
dcs,4,2,61.77049596938067
dcs,4,3,45.60227939022361
dcs,4,3,46.72814416042873
dcs,4,3,46.451253383369924
dcs,4,3,46.856503745131
dcs,4,3,46.47122297621627
dcs,4,3,45.654253994214606
dcs,4,3,46.456741155540044
dcs,4,3,47.71388277946934
dcs,4,3,58.266423581417556
dcs,4,3,61.67174269492495
dcs,4,3,63.56456044066698
dcs,4,3,62.27964872482537
dcs,4,3,61.54075205140415
dcs,4,3,62.25166504926329
dcs,4,3,62.363374666793064
dcs,4,3,59.23999487274942
dcs,4,3,62.32221545519555
dcs,4,3,61.36827789822947
dcs,4,3,60.853806637048194
dcs,4,3,60.74536201775537
dcs,4,3,61.711029665687605
dcs,4,3,62.662489055256756
dcs,4,3,61.00892289291692
dcs,4,3,61.180500806021925
dcs,4,3,60.59608539598912
dcs,4,3,61.71487051498012
dcs,4,3,62.72031124928377
dcs,4,3,62.36931404412394
dcs,4,3,62.291288529275846
dcs,4,3,63.183411929291104
dcs,4,3,60.64258422665832
dcs,4,3,60.506087537499816
dcs,4,3,62.170649677831285
dcs,4,3,60.691890720310155
dcs,4,3,61.79224169410138
dcs,4,3,59.47267053291971
dcs,4,3,52.25197341216936
dcs,4,3,58.672805215279425
dcs,4,3,58.28732410322127
dcs,4,3,57.34363755345407
dcs,4,3,57.11341128038193
dcs,4,3,56.39986752992655
dcs,4,3,58.326067235664254
dcs,4,3,59.14762734905769
dcs,4,3,59.55569385312061
dcs,4,3,58.54555084833635
dcs,4,3,58.846892454481726
dcs,4,3,58.0309662337716
dcs,4,3,59.51865636003789
dcs,4,3,60.23556997140442
dcs,4,3,58.208909717816695
dcs,4,3,58.74220378992133
dcs,4,3,57.993549861351234
dcs,4,3,60.404703800841695
dcs,4,3,58.42740343207515
dcs,4,3,57.85410252869205
dcs,4,3,58.046016895705
dcs,4,3,59.75158480635087
dcs,4,3,56.5394508820853
dcs,4,3,57.28238818266568
dcs,4,3,58.191214213768
dcs,4,3,56.76269818756324
dcs,4,3,57.967047449295606
dcs,4,3,55.750831831588705
dcs,4,3,60.38608111971452
dcs,4,3,61.91816412582035
dcs,4,3,62.239377700585955
dcs,4,3,62.03557568530447
dcs,4,3,60.65448185482906
dcs,4,3,61.973939281177685
dcs,4,3,65.66884131611157
dcs,4,3,63.51264799749986
dcs,4,3,63.941962538987795
dcs,4,3,63.45031249895555
dcs,4,3,64.35282054302955
dcs,4,3,64.83417906361032
dcs,4,3,64.48537735926207
dcs,4,3,64.06554508615777
dcs,4,3,65.85135537486606
dcs,4,3,63.02361415284491
dcs,4,3,63.34963599696509
dcs,4,3,63.49467439208165
dcs,4,3,62.62968725483837
dcs,4,3,64.06083570819924
dcs,4,3,60.61079530977992
dcs,4,3,65.01355728006938
dcs,4,3,65.12405581976131
dcs,4,3,64.0294140223747
dcs,4,3,63.04732651623158
dcs,4,3,64.04636352243374
dcs,4,3,64.77875563949071
dcs,4,3,63.721078090000944
dcs,4,3,63.76762632347194
dcs,4,3,65.06055397970131
dcs,4,3,63.69808945513524
dcs,4,3,62.98969946356657
dcs,4,3,64.81390233773044
dcs,4,3,63.35458260472187
dcs,4,3,64.25158943239056
dcs,4,3,60.954502046572266
dcs,4,3,64.36076363241345
dcs,4,3,64.48062244107166
dcs,4,3,64.76939609367102
dcs,4,3,65.92413703990874
dcs,4,3,62.70009154006284
dcs,4,3,63.29331222836786
dcs,4,3,64.59521671209795
dcs,4,3,63.11011580709565
dcs,4,3,64.1430970608337
dcs,4,3,60.34311007491764
dcs,4,3,62.19396180054452
dcs,4,3,64.25188779379296
dcs,4,3,65.27519110118067
dcs,4,3,63.34867285032078
dcs,4,3,64.83720077814198
dcs,4,3,61.837973897239564
dcs,4,3,60.790503147853414
dcs,4,3,62.29254439877262
dcs,4,3,60.18364262907658
dcs,4,3,55.806207849063284
dcs,4,4,39.96029328748756
dcs,4,4,45.4819509850458
dcs,4,4,44.351757535624124
dcs,4,4,44.138434998230075
dcs,4,4,43.77467875609459
dcs,4,4,45.62352024232632
dcs,4,4,45.67707150005475
dcs,4,4,43.24030007662598
dcs,4,4,45.36019752666228
dcs,4,4,45.84260316253199
dcs,4,4,44.74011838221792
dcs,4,4,45.66375186076646
dcs,4,4,46.61439892296426
dcs,4,4,45.89494351065854
dcs,4,4,45.350314421816854
dcs,4,4,45.09312370337751
dcs,4,4,46.20681958016205
dcs,4,4,46.78803314956013
dcs,4,4,45.08767988977386
dcs,4,4,43.59515916667608
dcs,4,4,45.2604030146506
dcs,4,4,47.14687676327227
dcs,4,4,43.976712185799336
dcs,4,4,44.91905600459889
dcs,4,4,46.458740937882645
dcs,4,4,44.70201410539103
dcs,4,4,44.51760015855651
dcs,4,4,45.92510559765078
dcs,4,4,56.39664667207956
dcs,4,4,58.72026363890699
dcs,4,4,57.54468988132303
dcs,4,4,58.82315483589712
dcs,4,4,57.50418752518872
dcs,4,4,58.596572694545365
dcs,4,4,62.7016346713862
dcs,4,4,60.988193566537745
dcs,4,4,60.71008052625232
dcs,4,4,60.82434313223153
dcs,4,4,61.20063670842351
dcs,4,4,62.701684338830866
dcs,4,4,61.6602914734993
dcs,4,4,62.3236114663168
dcs,4,4,63.66889367247965
dcs,4,4,60.70432280037336
dcs,4,4,60.689646001349786
dcs,4,4,61.738248851231404
dcs,4,4,60.61812794991014
dcs,4,4,61.01197729436441
dcs,4,4,58.71245021270095
dcs,4,4,59.461720115426814
dcs,4,4,59.31850359635007
dcs,4,4,58.952486060268484
dcs,4,4,57.97526796210918
dcs,4,4,58.5861260578092
dcs,4,4,61.93545887914062
dcs,4,4,61.1235472130443
dcs,4,4,61.30148186038713
dcs,4,4,62.42962475645267
dcs,4,4,60.16935421503128
dcs,4,4,59.615495972599874
dcs,4,4,61.39070173346965
dcs,4,4,60.29164710995274
dcs,4,4,60.03641085192692
dcs,4,4,59.19635418371285
dcs,4,4,61.52571769530011
dcs,4,4,61.54675122389555
dcs,4,4,61.92537440020194
dcs,4,4,61.894064799607136
dcs,4,4,59.649989084953646
dcs,4,4,58.99617582961032
dcs,4,4,60.07306602928503
dcs,4,4,59.96942906024214
dcs,4,4,60.18751826740383
dcs,4,4,57.882205856553085
dcs,4,4,60.03269806376545
dcs,4,4,61.682153993995264
dcs,4,4,62.32121519544517
dcs,4,4,60.69518473010907
dcs,4,4,61.910055171765976
dcs,4,4,59.4227696372676
dcs,4,4,58.073397648009276
dcs,4,4,59.91838497388263
dcs,4,4,57.53055752504377
dcs,4,4,54.01791341081009
dcs,4,4,51.05751804617147
dcs,4,4,51.414324176446215
dcs,4,4,51.93294508772105
dcs,4,4,51.91941445248034
dcs,4,4,51.004576404899645
dcs,4,4,53.378277971742136
dcs,4,4,58.64571225685113
dcs,4,4,57.87415236095349
dcs,4,4,58.273270037084956
dcs,4,4,57.27970116705054
dcs,4,4,58.376637864094995
dcs,4,4,56.82231832673062
dcs,4,4,56.807418684916584
dcs,4,4,56.41649006958379
dcs,4,4,57.93900957586972
dcs,4,4,55.46174699013748
dcs,4,4,56.183663103569494
dcs,4,4,56.94671926866806
dcs,4,4,55.32627072944921
dcs,4,4,57.101785788366875
dcs,4,4,53.58045136027181
dcs,4,4,58.47964577040908
dcs,4,4,57.486425691514455
dcs,4,4,58.11500983111391
dcs,4,4,57.13909155386064
dcs,4,4,59.99903227264792
dcs,4,4,58.04433776255449
dcs,4,4,57.73007892906748
dcs,4,4,57.42452759402176
dcs,4,4,58.74528030720587
dcs,4,4,57.41524484458602
dcs,4,4,56.91815794493092
dcs,4,4,58.460214454613215
dcs,4,4,57.09268037392494
dcs,4,4,58.81978699866281
dcs,4,4,55.85523803494267
dcs,4,4,56.610890073308276
dcs,4,4,59.184795828014394
dcs,4,4,57.97558724055811
dcs,4,4,59.67415696458318
dcs,4,4,55.71118304828858
dcs,4,4,56.37464246465169
dcs,4,4,58.43322611078245
dcs,4,4,56.19439284400105
dcs,4,4,58.52739488470282
dcs,4,4,55.212741043256166
dcs,4,4,55.12882838161572
dcs,4,4,57.139532786784166
dcs,4,4,57.892510516474964
dcs,4,4,55.66918698132527
dcs,4,4,57.58845249142677
dcs,4,4,55.47871900337866
dcs,4,4,53.92783982961005
dcs,4,4,55.861195189593715
dcs,4,4,55.09877581300133
dcs,4,4,50.55835713265818
dcs,4,4,55.74502234842011
dcs,4,4,59.92695932099321
dcs,4,4,58.417955774048565
dcs,4,4,58.3749594763093
dcs,4,4,59.98872335743067
dcs,4,4,60.38818884940891
dcs,4,4,61.196413477651184
dcs,4,4,59.71414941137821
dcs,4,4,61.84142371202053
dcs,4,4,60.40617434616718
dcs,4,4,59.67501355672806
dcs,4,4,61.3830396129515
dcs,4,4,58.69699608428112
dcs,4,4,61.19765539963549
dcs,4,4,57.97664152752531
dcs,4,4,63.61099481654022
dcs,4,4,63.95022981892196
dcs,4,4,64.28893195027226
dcs,4,4,65.30874043126083
dcs,4,4,62.18037438197671
dcs,4,4,62.89505980151098
dcs,4,4,62.673210361875725
dcs,4,4,61.98106218828235
dcs,4,4,63.02538574515703
dcs,4,4,59.35639081317873
dcs,4,4,61.10179195555647
dcs,4,4,63.80492275729746
dcs,4,4,65.06318397794874
dcs,4,4,62.322525292734504
dcs,4,4,63.48004805185208
dcs,4,4,60.68753018555412
dcs,4,4,59.84836380754445
dcs,4,4,61.68826694227156
dcs,4,4,59.737750913425735
dcs,4,4,54.84645075252272
dcs,4,4,61.93285898266169
dcs,4,4,63.782825487156025
dcs,4,4,62.76530118771674
dcs,4,4,64.49830298776537
dcs,4,4,63.539955768032236
dcs,4,4,62.601173482033396
dcs,4,4,63.85435994019247
dcs,4,4,62.284905572196784
dcs,4,4,63.32380840854455
dcs,4,4,59.04987613050082
dcs,4,4,61.053829859513726
dcs,4,4,63.24816262392379
dcs,4,4,64.32135331945697
dcs,4,4,62.47446876353839
dcs,4,4,63.882856945283336
dcs,4,4,60.5178531318768
dcs,4,4,60.615804395797944
dcs,4,4,62.82513571329131
dcs,4,4,60.09456255001167
dcs,4,4,54.990020136498664
dcs,4,4,58.46457868756168
dcs,4,4,62.74120771232797
dcs,4,4,62.77853581016077
dcs,4,4,62.89456926713928
dcs,4,4,63.897415531492996
dcs,4,4,60.17500276880079
dcs,4,4,60.72974538793549
dcs,4,4,61.85811901451385
dcs,4,4,58.68485283137865
dcs,4,4,54.262429068232514
dcs,4,4,57.52798213039711
dcs,4,4,60.87591504463267
dcs,4,4,59.95484767777451
dcs,4,4,54.90802980858957
dcs,4,4,53.09635257155406
dcs,4,5,36.95577344958268
dcs,4,5,38.98190013497391
dcs,4,5,38.58618688179616
dcs,4,5,38.356729645910185
dcs,4,5,39.067564975853465
dcs,4,5,40.19471391658555
dcs,4,5,44.4345912777996
dcs,4,5,43.367164831143214
dcs,4,5,43.76217378914112
dcs,4,5,46.341805884519104
dcs,4,5,45.205930351423
dcs,4,5,43.08889719803055
dcs,4,5,41.69947546150174
dcs,4,5,44.75424450370681
dcs,4,5,45.32215328261362
dcs,4,5,42.169428644832806
dcs,4,5,43.951028202420716
dcs,4,5,44.43827884362114
dcs,4,5,42.91588264724851
dcs,4,5,42.921123787649194
dcs,4,5,43.14755057283946
dcs,4,5,41.31111107031244
dcs,4,5,43.12378616386489
dcs,4,5,41.481327203061554
dcs,4,5,45.237485716065414
dcs,4,5,44.384679700913004
dcs,4,5,43.874804188448515
dcs,4,5,42.27517959128575
dcs,4,5,43.782299380994026
dcs,4,5,45.8353929945636
dcs,4,5,44.09891406900522
dcs,4,5,44.25086295717734
dcs,4,5,45.92529311383782
dcs,4,5,44.34647018292147
dcs,4,5,44.27725900519814
dcs,4,5,45.426663445117235
dcs,4,5,40.322341887895426
dcs,4,5,40.86781947783158
dcs,4,5,45.3723324575093
dcs,4,5,46.60933861018774
dcs,4,5,42.46035770742516
dcs,4,5,44.49134062952383
dcs,4,5,45.70266677318732
dcs,4,5,44.065322730217055
dcs,4,5,44.50701707419953
dcs,4,5,45.107242384529386
dcs,4,5,40.89534259490387
dcs,4,5,44.43651750872866
dcs,4,5,45.22012891023901
dcs,4,5,42.29113612627575
dcs,4,5,42.815493090862674
dcs,4,5,44.29790295908441
dcs,4,5,42.85344224610281
dcs,4,5,43.026424366911314
dcs,4,5,44.590367886963385
dcs,4,5,39.51535460437412
dcs,4,5,50.99165650606237
dcs,4,5,55.73409060111663
dcs,4,5,56.43229707571738
dcs,4,5,54.83643119808958
dcs,4,5,56.34383848115491
dcs,4,5,58.11650741672406
dcs,4,5,57.716017514303296
dcs,4,5,57.06452330793055
dcs,4,5,58.641558336414406
dcs,4,5,57.14551269894737
dcs,4,5,56.3273440053908
dcs,4,5,57.367950126294375
dcs,4,5,56.34511933618336
dcs,4,5,57.49675060740124
dcs,4,5,54.97679349499083
dcs,4,5,61.0744503164158
dcs,4,5,60.386449542985936
dcs,4,5,61.40861993028111
dcs,4,5,61.993127492978154
dcs,4,5,58.79615143758012
dcs,4,5,60.168396059810796
dcs,4,5,60.31488327272477
dcs,4,5,59.1294848786838
dcs,4,5,60.11022986155171
dcs,4,5,57.169548597161544
dcs,4,5,59.27690902962396
dcs,4,5,61.70030242465726
dcs,4,5,62.125407953606725
dcs,4,5,60.06199530228612
dcs,4,5,61.22985331879812
dcs,4,5,59.35897720723269
dcs,4,5,58.15229891933966
dcs,4,5,59.780174955747704
dcs,4,5,57.697874206881146
dcs,4,5,53.67556478453188
dcs,4,5,57.680893346613495
dcs,4,5,59.101238011417244
dcs,4,5,57.809950349565625
dcs,4,5,58.227998286867034
dcs,4,5,58.36858862820172
dcs,4,5,56.952133674614075
dcs,4,5,57.70251465111742
dcs,4,5,57.0161296471162
dcs,4,5,57.05860384430959
dcs,4,5,54.792149414557876
dcs,4,5,59.27078913014572
dcs,4,5,61.00907704891431
dcs,4,5,62.30925902494749
dcs,4,5,59.68672542245398
dcs,4,5,60.82976232831881
dcs,4,5,58.89988594782341
dcs,4,5,58.143362475044114
dcs,4,5,59.60620526499163
dcs,4,5,57.5636438591974
dcs,4,5,53.73415313504113
dcs,4,5,56.32172798354778
dcs,4,5,60.91641101905842
dcs,4,5,60.613169739135
dcs,4,5,60.17176610180784
dcs,4,5,60.247395572726916
dcs,4,5,58.00237641673777
dcs,4,5,56.7953553769557
dcs,4,5,58.469706169942754
dcs,4,5,56.01963995917593
dcs,4,5,52.63458836597446
dcs,4,5,55.544957286357395
dcs,4,5,59.00814194046593
dcs,4,5,56.98654248013015
dcs,4,5,52.25206048159602
dcs,4,5,50.970897436584174
dcs,4,5,48.20611549954818
dcs,4,5,50.60990259602685
dcs,4,5,48.24344892385479
dcs,4,5,49.03301014520814
dcs,4,5,49.4306878197262
dcs,4,5,50.392687802456564
dcs,4,5,51.05703485858977
dcs,4,5,49.53244262505672
dcs,4,5,51.365510133113176
dcs,4,5,50.918534249109754
dcs,4,5,51.10547625423061
dcs,4,5,53.0889517240341
dcs,4,5,49.92496915885784
dcs,4,5,52.61116315123341
dcs,4,5,48.792480042646176
dcs,4,5,54.47173783755215
dcs,4,5,57.32002072017956
dcs,4,5,56.71691819293103
dcs,4,5,58.06914935187324
dcs,4,5,55.47931976330177
dcs,4,5,56.37719806640904
dcs,4,5,57.6657456603204
dcs,4,5,55.94927057542119
dcs,4,5,57.76389243937127
dcs,4,5,53.234107128716296
dcs,4,5,53.528507902050656
dcs,4,5,56.1717819168548
dcs,4,5,56.60904905165664
dcs,4,5,55.18270419574243
dcs,4,5,56.509558866212465
dcs,4,5,53.62384566102896
dcs,4,5,53.641022651071125
dcs,4,5,55.67945414600091
dcs,4,5,53.42783543403483
dcs,4,5,49.66874157636289
dcs,4,5,55.31279486996713
dcs,4,5,57.28716459106671
dcs,4,5,56.32560299689162
dcs,4,5,58.631832521316085
dcs,4,5,55.73353823663894
dcs,4,5,56.36331019088623
dcs,4,5,57.79114654615716
dcs,4,5,55.236237143579345
dcs,4,5,59.080233576372216
dcs,4,5,55.19110989327833
dcs,4,5,54.62694007253706
dcs,4,5,56.42932356247495
dcs,4,5,57.97047212210725
dcs,4,5,55.187893461074175
dcs,4,5,58.57919755508409
dcs,4,5,55.57291244610682
dcs,4,5,53.843898632553945
dcs,4,5,57.03846920103949
dcs,4,5,55.07207457538494
dcs,4,5,51.24169147594255
dcs,4,5,50.50404592043696
dcs,4,5,55.697542360987335
dcs,4,5,56.58098184335636
dcs,4,5,56.322042678415244
dcs,4,5,58.716618899525955
dcs,4,5,53.20326466623305
dcs,4,5,53.27857830266048
dcs,4,5,56.17674172312864
dcs,4,5,53.27215579405417
dcs,4,5,48.943022434887325
dcs,4,5,50.63270721371549
dcs,4,5,55.68707247986622
dcs,4,5,53.384738000812945
dcs,4,5,49.14297225437684
dcs,4,5,47.59877856470323
dcs,4,5,51.75687336779798
dcs,4,5,53.955869891464936
dcs,4,5,55.247264573092544
dcs,4,5,55.98431916677402
dcs,4,5,57.40194759143679
dcs,4,5,57.8618288093938
dcs,4,5,59.716532012922464
dcs,4,5,54.20282213656849
dcs,4,5,57.95458978505784
dcs,4,5,55.169052572277124
dcs,4,5,57.4308838191987
dcs,4,5,59.26964032087566
dcs,4,5,60.14532228513489
dcs,4,5,58.94695705320919
dcs,4,5,60.6059673747533
dcs,4,5,57.120718712140366
dcs,4,5,56.61897021868631
dcs,4,5,59.55357835580545
dcs,4,5,56.9195780022426
dcs,4,5,51.554749058022935
dcs,4,5,56.868425855621865
dcs,4,5,62.75290847562187
dcs,4,5,62.214415170002425
dcs,4,5,61.608160062687226
dcs,4,5,62.27586611797212
dcs,4,5,59.46609499264982
dcs,4,5,59.9634553663214
dcs,4,5,61.13049846149983
dcs,4,5,58.53876810507539
dcs,4,5,53.96309114528542
dcs,4,5,57.293444630552145
dcs,4,5,60.13898425465734
dcs,4,5,59.93308698344986
dcs,4,5,53.23244341020408
dcs,4,5,51.620368448852325
dcs,4,5,55.83979912810987
dcs,4,5,60.553746664611744
dcs,4,5,61.412664977871714
dcs,4,5,61.01429203019971
dcs,4,5,63.27165847162738
dcs,4,5,57.54018989714335
dcs,4,5,60.586838138302156
dcs,4,5,62.69608124917074
dcs,4,5,58.91107433157855
dcs,4,5,52.526688315678065
dcs,4,5,56.98595019620477
dcs,4,5,60.45985966182247
dcs,4,5,59.69549592469102
dcs,4,5,53.837202826771694
dcs,4,5,52.16690703620212
dcs,4,5,53.65941282157291
dcs,4,5,57.147084578869325
dcs,4,5,57.046953012952386
dcs,4,5,52.72333324068283
dcs,4,5,52.93948944005384
dcs,4,5,52.10604255788586
dcs,4,6,34.08814615183429
dcs,4,6,35.85295786977036
dcs,4,6,33.44126239263782
dcs,4,6,36.062663548229274
dcs,4,6,36.868535784930366
dcs,4,6,37.20556892029164
dcs,4,6,36.83434182449478
dcs,4,6,37.87833065541144
dcs,4,6,39.38906618389985
dcs,4,6,37.68887583034135
dcs,4,6,36.77127983080254
dcs,4,6,38.40702046605031
dcs,4,6,37.35670447443751
dcs,4,6,37.68183959474633
dcs,4,6,37.0529620945656
dcs,4,6,38.728044900419015
dcs,4,6,40.05958708541171
dcs,4,6,44.93052335188654
dcs,4,6,44.64972195166066
dcs,4,6,41.85592983305662
dcs,4,6,44.05358099186284
dcs,4,6,43.55463151396271
dcs,4,6,42.57652882082429
dcs,4,6,43.16168187698111
dcs,4,6,43.80290357021305
dcs,4,6,39.165959316084404
dcs,4,6,42.440984131275016
dcs,4,6,43.108254308309995
dcs,4,6,40.637784748471226
dcs,4,6,41.105935742137426
dcs,4,6,42.08876281062398
dcs,4,6,40.79334025898611
dcs,4,6,41.14438772397292
dcs,4,6,42.16911024541178
dcs,4,6,37.50559074087617
dcs,4,6,36.538616315877185
dcs,4,6,37.50509922180361
dcs,4,6,41.908364608198674
dcs,4,6,41.764535815055964
dcs,4,6,41.63817488603935
dcs,4,6,43.93328604181173
dcs,4,6,43.88708959940818
dcs,4,6,42.60015566780164
dcs,4,6,40.91951962001893
dcs,4,6,44.253991241643405
dcs,4,6,40.58165497583844
dcs,4,6,42.034926534445454
dcs,4,6,43.69121935769376
dcs,4,6,41.10348845691213
dcs,4,6,41.47934628949498
dcs,4,6,43.02589692309966
dcs,4,6,43.04701589599188
dcs,4,6,43.218137359725084
dcs,4,6,44.023588816826326
dcs,4,6,37.948670333631206
dcs,4,6,33.56636143028341
dcs,4,6,41.06407770187284
dcs,4,6,41.92590833373619
dcs,4,6,40.85181159474106
dcs,4,6,40.59975018153228
dcs,4,6,42.32644302518552
dcs,4,6,41.060077913829794
dcs,4,6,42.72244143134153
dcs,4,6,44.133284086235115
dcs,4,6,37.90359838444645
dcs,4,6,37.65419022738394
dcs,4,6,40.78650059640608
dcs,4,6,41.19302200523434
dcs,4,6,35.33657913180213
dcs,4,6,35.771451557265415
dcs,4,6,50.5702943546011
dcs,4,6,50.44265606266294
dcs,4,6,51.07311349110814
dcs,4,6,52.269114283567106
dcs,4,6,54.93404764067704
dcs,4,6,54.158995752333965
dcs,4,6,54.39787575067273
dcs,4,6,53.34982967689049
dcs,4,6,55.93390641798934
dcs,4,6,51.20408637574552
dcs,4,6,55.29543989057962
dcs,4,6,56.85333249679773
dcs,4,6,57.5008010048698
dcs,4,6,56.46916400322326
dcs,4,6,57.55973720890194
dcs,4,6,55.180180040136875
dcs,4,6,54.307567292684034
dcs,4,6,56.074666422227686
dcs,4,6,52.75370942231286
dcs,4,6,50.243874406139454
dcs,4,6,55.149360924858556
dcs,4,6,60.52722777392301
dcs,4,6,59.86137374850951
dcs,4,6,59.22900447686221
dcs,4,6,59.54610706055983
dcs,4,6,57.908637678269415
dcs,4,6,57.446028458824394
dcs,4,6,57.98190134978221
dcs,4,6,56.282431503730145
dcs,4,6,52.554118764970504
dcs,4,6,55.91141441327826
dcs,4,6,58.00105445838839
dcs,4,6,57.084256397473105
dcs,4,6,52.4156424192473
dcs,4,6,49.90269768926404
dcs,4,6,52.40431542407019
dcs,4,6,56.978461439293696
dcs,4,6,56.547901536690304
dcs,4,6,56.672624774297006
dcs,4,6,58.258825737422306
dcs,4,6,53.743187575369156
dcs,4,6,55.728101436683275
dcs,4,6,57.280372546263585
dcs,4,6,53.83236923327055
dcs,4,6,51.41123658249156
dcs,4,6,55.87191758829605
dcs,4,6,59.99308674219854
dcs,4,6,57.568133966080495
dcs,4,6,52.46537536956305
dcs,4,6,50.3994072656957
dcs,4,6,52.72614396493721
dcs,4,6,54.75741370128681
dcs,4,6,54.61795119544282
dcs,4,6,50.591939997999184
dcs,4,6,50.83325233637215
dcs,4,6,48.88969457900681
dcs,4,6,41.37321108651614
dcs,4,6,46.09941021447086
dcs,4,6,44.768347435323236
dcs,4,6,45.638075738344185
dcs,4,6,48.719622783800325
dcs,4,6,49.28899756869058
dcs,4,6,50.962483387137574
dcs,4,6,45.13832979576092
dcs,4,6,47.250070819703524
dcs,4,6,43.91434375211026
dcs,4,6,48.24430192454172
dcs,4,6,49.285353018496714
dcs,4,6,50.9384341298405
dcs,4,6,48.62708585000316
dcs,4,6,51.952772880946945
dcs,4,6,47.1112225671308
dcs,4,6,48.24785637891317
dcs,4,6,50.96027013977467
dcs,4,6,48.85575286319636
dcs,4,6,45.12864643263792
dcs,4,6,49.072826337253616
dcs,4,6,55.41110035383186
dcs,4,6,55.26537364845569
dcs,4,6,55.16669233627822
dcs,4,6,56.716610894024065
dcs,4,6,52.87954101142875
dcs,4,6,53.86036418566209
dcs,4,6,55.645087421983206
dcs,4,6,54.1590123987491
dcs,4,6,48.77873741602554
dcs,4,6,49.441829869939575
dcs,4,6,54.12644095975279
dcs,4,6,52.90311528859923
dcs,4,6,48.17832202886403
dcs,4,6,47.4406144997053
dcs,4,6,49.94186169984139
dcs,4,6,53.13493039494419
dcs,4,6,54.94799821398154
dcs,4,6,53.50450582813876
dcs,4,6,58.19336426614392
dcs,4,6,52.40763342413607
dcs,4,6,53.22233804667701
dcs,4,6,57.71059995550711
dcs,4,6,53.979566800543374
dcs,4,6,48.21000908124072
dcs,4,6,50.119953678669745
dcs,4,6,56.512083883079534
dcs,4,6,53.795726755833286
dcs,4,6,49.65778113879238
dcs,4,6,48.39788461293021
dcs,4,6,46.70871740477572
dcs,4,6,50.27087518906993
dcs,4,6,50.31851598679358
dcs,4,6,46.614524512708954
dcs,4,6,46.23855790132016
dcs,4,6,45.40902370941824
dcs,4,6,47.07862240799021
dcs,4,6,50.074050509921115
dcs,4,6,51.82348255085408
dcs,4,6,51.70657520309864
dcs,4,6,54.192030233805994
dcs,4,6,52.371807149827404
dcs,4,6,53.31979228195947
dcs,4,6,57.28109602205989
dcs,4,6,54.643767785261346
dcs,4,6,49.29669851952411
dcs,4,6,52.85881917943188
dcs,4,6,56.33480667064697
dcs,4,6,55.433166234813505
dcs,4,6,49.708461209070705
dcs,4,6,47.87466544120756
dcs,4,6,52.67507602516199
dcs,4,6,55.34675457938069
dcs,4,6,57.52585048169474
dcs,4,6,51.6375305262253
dcs,4,6,52.031409380776154
dcs,4,6,50.13906240034675
dcs,4,6,50.36818832254805
dcs,4,6,54.95941850856892
dcs,4,6,55.4301175003727
dcs,4,6,48.82790850189245
dcs,4,6,51.26934531874768
dcs,4,6,50.783423939350605
dcs,4,6,45.48791764491833
