seed,method,missing_groups,metric,value
0,proposed,0,acc,76.2224
0,proposed,1,acc,74.9431
0,proposed,2,acc,73.5259
0,proposed,3,acc,71.6832
0,proposed,4,acc,66.2272
0,proposed,5,acc,60.3877
0,proposed,6,acc,50.0659
0,proposed,0,aurc,8.22165
0,proposed,1,aurc,8.97182
0,proposed,2,aurc,10.352
0,proposed,3,aurc,11.8461
0,proposed,4,aurc,17.5581
0,proposed,5,aurc,25.6763
0,proposed,6,aurc,37.8727
0,proposed,0,augrc,5.88354
0,proposed,1,augrc,6.43137
0,proposed,2,augrc,7.23202
0,proposed,3,augrc,8.13649
0,proposed,4,augrc,11.0806
0,proposed,5,augrc,14.8634
0,proposed,6,augrc,20.7198
0,proposed,0,auroc,83.1974
0,proposed,1,auroc,82.4779
0,proposed,2,auroc,80.8532
0,proposed,3,auroc,79.6693
0,proposed,4,auroc,75.96
0,proposed,5,auroc,70.6652
0,proposed,6,auroc,66.9926
0,proposed,0,plugin_coverage,85.0431
0,proposed,1,plugin_coverage,80.3092
0,proposed,2,plugin_coverage,72.9356
0,proposed,3,plugin_coverage,66.1284
0,proposed,4,plugin_coverage,45.2211
0,proposed,5,plugin_coverage,19.6488
0,proposed,6,plugin_coverage,0.113854
0,proposed,0,plugin_cond_risk,16.9109
0,proposed,1,plugin_cond_risk,16.3334
0,proposed,2,plugin_cond_risk,15.2364
0,proposed,3,plugin_cond_risk,15.1013
0,proposed,4,plugin_cond_risk,14.8479
0,proposed,5,plugin_cond_risk,17.5663
0,proposed,6,plugin_cond_risk,92.1053
0,proposed,0,crc_calib_bound,9.95242
0,proposed,1,crc_calib_bound,9.97242
0,proposed,2,crc_calib_bound,9.90811
0,proposed,3,crc_calib_bound,9.97123
0,proposed,4,crc_calib_bound,9.86364
0,proposed,5,crc_calib_bound,9.84777
0,proposed,6,crc_calib_bound,9.97163
0,proposed,0,crc_eval_joint_risk,14.9136
0,proposed,1,crc_eval_joint_risk,15.0991
0,proposed,2,crc_eval_joint_risk,13.4572
0,proposed,3,crc_eval_joint_risk,13.1331
0,proposed,4,crc_eval_joint_risk,12.7204
0,proposed,5,crc_eval_joint_risk,11.7203
0,proposed,6,crc_eval_joint_risk,12.1246
0,proposed,0,crc_coverage,84.9123
0,proposed,1,crc_coverage,82.6636
0,proposed,2,crc_coverage,77.2303
0,proposed,3,crc_coverage,73.5378
0,proposed,4,crc_coverage,62.2563
0,proposed,5,crc_coverage,47.6847
0,proposed,6,crc_coverage,34.8267
0,proposed,0,crc_sel_risk,17.5635
0,proposed,1,crc_sel_risk,18.2658
0,proposed,2,crc_sel_risk,17.4247
0,proposed,3,crc_sel_risk,17.859
0,proposed,4,crc_sel_risk,20.4323
0,proposed,5,crc_sel_risk,24.5787
0,proposed,6,crc_sel_risk,34.814
0,proposed,0,crc_feasible,1
0,proposed,1,crc_feasible,1
0,proposed,2,crc_feasible,1
0,proposed,3,crc_feasible,1
0,proposed,4,crc_feasible,1
0,proposed,5,crc_feasible,1
0,proposed,6,crc_feasible,1
0,proposed,0,crc_units,26
0,proposed,1,crc_units,26
0,proposed,2,crc_units,26
0,proposed,3,crc_units,26
0,proposed,4,crc_units,26
0,proposed,5,crc_units,26
0,proposed,6,crc_units,26
0,proposed,0,crc_positive_coverage,1
0,proposed,1,crc_positive_coverage,1
0,proposed,2,crc_positive_coverage,1
0,proposed,3,crc_positive_coverage,1
0,proposed,4,crc_positive_coverage,1
0,proposed,5,crc_positive_coverage,1
0,proposed,6,crc_positive_coverage,1
0,proposed,0,crcmask_calib_bound,nan
0,proposed,1,crcmask_calib_bound,9.99049
0,proposed,2,crcmask_calib_bound,9.99563
0,proposed,3,crcmask_calib_bound,9.96993
0,proposed,4,crcmask_calib_bound,9.91595
0,proposed,5,crcmask_calib_bound,9.86712
0,proposed,6,crcmask_calib_bound,9.9288
0,proposed,0,crcmask_eval_joint_risk,nan
0,proposed,1,crcmask_eval_joint_risk,14.7022
0,proposed,2,crcmask_eval_joint_risk,13.243
0,proposed,3,crcmask_eval_joint_risk,13.8812
0,proposed,4,crcmask_eval_joint_risk,11.3285
0,proposed,5,crcmask_eval_joint_risk,10.951
0,proposed,6,crcmask_eval_joint_risk,13.0992
0,proposed,0,crcmask_coverage,nan
0,proposed,1,crcmask_coverage,84.5847
0,proposed,2,crcmask_coverage,78.5594
0,proposed,3,crcmask_coverage,75.2217
0,proposed,4,crcmask_coverage,62.8595
0,proposed,5,crcmask_coverage,47.4802
0,proposed,6,crcmask_coverage,37.1704
0,proposed,0,crcmask_sel_risk,nan
0,proposed,1,crcmask_sel_risk,17.3816
0,proposed,2,crcmask_sel_risk,16.8574
0,proposed,3,crcmask_sel_risk,18.4538
0,proposed,4,crcmask_sel_risk,18.0219
0,proposed,5,crcmask_sel_risk,23.0643
0,proposed,6,crcmask_sel_risk,35.241
0,proposed,0,crcmask_feasible,nan
0,proposed,1,crcmask_feasible,1
0,proposed,2,crcmask_feasible,1
0,proposed,3,crcmask_feasible,1
0,proposed,4,crcmask_feasible,1
0,proposed,5,crcmask_feasible,1
0,proposed,6,crcmask_feasible,1
0,proposed,0,crcmask_units,nan
0,proposed,1,crcmask_units,32
0,proposed,2,crcmask_units,32
0,proposed,3,crcmask_units,32
0,proposed,4,crcmask_units,32
0,proposed,5,crcmask_units,32
0,proposed,6,crcmask_units,32
0,proposed,0,crcmask_alpha_floor,nan
0,proposed,1,crcmask_alpha_floor,3.0303
0,proposed,2,crcmask_alpha_floor,3.0303
0,proposed,3,crcmask_alpha_floor,3.0303
0,proposed,4,crcmask_alpha_floor,3.0303
0,proposed,5,crcmask_alpha_floor,3.0303
0,proposed,6,crcmask_alpha_floor,3.0303
0,proposed,0,crcmask_positive_coverage,nan
0,proposed,1,crcmask_positive_coverage,1
0,proposed,2,crcmask_positive_coverage,1
0,proposed,3,crcmask_positive_coverage,1
0,proposed,4,crcmask_positive_coverage,1
0,proposed,5,crcmask_positive_coverage,1
0,proposed,6,crcmask_positive_coverage,1
0,proposed,0,temperature,1.4424
0,proposed,1,temperature,1.44157
0,proposed,2,temperature,1.43955
0,proposed,3,temperature,1.45094
0,proposed,4,temperature,1.51083
0,proposed,5,temperature,1.6466
0,proposed,6,temperature,1.92958
0,proposed,0,plugin_neff,132
0,proposed,1,plugin_neff,124
0,proposed,2,plugin_neff,112
0,proposed,3,plugin_neff,102
0,proposed,4,plugin_neff,73
0,proposed,5,plugin_neff,49
0,proposed,6,plugin_neff,12
0,proposed,0,plugin_icc,0.159853
0,proposed,1,plugin_icc,0.179701
0,proposed,2,plugin_icc,0.181918
0,proposed,3,plugin_icc,0.186865
0,proposed,4,plugin_icc,0.188097
0,proposed,5,plugin_icc,0.166454
0,proposed,6,plugin_icc,0.146711
0,proposed,0,plugin_eff_target,7.3855
0,proposed,1,plugin_eff_target,7.30816
0,proposed,2,plugin_eff_target,7.16489
0,proposed,3,plugin_eff_target,7.02342
0,proposed,4,plugin_eff_target,6.50041
0,proposed,5,plugin_eff_target,5.69553
0,proposed,6,plugin_eff_target,1.22573
0,proposed,0,plugin_positive_coverage,1
0,proposed,1,plugin_positive_coverage,1
0,proposed,2,plugin_positive_coverage,1
0,proposed,3,plugin_positive_coverage,1
0,proposed,4,plugin_positive_coverage,1
0,proposed,5,plugin_positive_coverage,1
0,proposed,6,plugin_positive_coverage,1
0,proposed,0,plugin_degenerate,0
0,proposed,1,plugin_degenerate,0
0,proposed,2,plugin_degenerate,0
0,proposed,3,plugin_degenerate,0
0,proposed,4,plugin_degenerate,0
0,proposed,5,plugin_degenerate,0
0,proposed,6,plugin_degenerate,0
0,proposed,0,mask_acc_worst,76.2224
0,proposed,1,mask_acc_worst,73.8255
0,proposed,2,mask_acc_worst,68.0729
0,proposed,3,mask_acc_worst,65.0048
0,proposed,4,mask_acc_worst,34.7076
0,proposed,5,mask_acc_worst,32.2148
0,proposed,6,mask_acc_worst,23.4899
0,proposed,0,mask_acc_median,76.2224
0,proposed,1,mask_acc_median,74.976
0,proposed,2,mask_acc_median,74.1131
0,proposed,3,mask_acc_median,72.675
0,proposed,4,mask_acc_median,67.977
0,proposed,5,mask_acc_median,61.7929
0,proposed,6,mask_acc_median,52.5407
0,proposed,0,mask_acc_p05,76.2224
0,proposed,1,mask_acc_p05,73.8255
0,proposed,2,mask_acc_p05,69.2857
0,proposed,3,mask_acc_p05,66.3854
0,proposed,4,mask_acc_p05,57.6942
0,proposed,5,mask_acc_p05,45.906
0,proposed,6,mask_acc_p05,27.0997
0,proposed,0,mask_cov_worst,85.906
0,proposed,1,mask_cov_worst,81.4957
0,proposed,2,mask_cov_worst,72.2915
0,proposed,3,mask_cov_worst,64.046
0,proposed,4,mask_cov_worst,45.7335
0,proposed,5,mask_cov_worst,30.9684
0,proposed,6,mask_cov_worst,14.3816
0,proposed,0,mask_sel_risk_worst,17.1875
0,proposed,1,mask_sel_risk_worst,18.9412
0,proposed,2,mask_sel_risk_worst,20.1571
0,proposed,3,mask_sel_risk_worst,21.9336
0,proposed,4,mask_sel_risk_worst,67.1406
0,proposed,5,mask_sel_risk_worst,72.5092
0,proposed,6,mask_sel_risk_worst,83.1533
0,proposed,0,mask_sel_risk_median,17.1875
0,proposed,1,mask_sel_risk_median,17.2941
0,proposed,2,mask_sel_risk_median,16.4634
0,proposed,3,mask_sel_risk_median,17.1233
0,proposed,4,mask_sel_risk_median,17.8947
0,proposed,5,mask_sel_risk_median,20.7271
0,proposed,6,mask_sel_risk_median,27.6357
0,proposed,0,cls_cov_min,55
0,proposed,1,cls_cov_min,49.1146
0,proposed,2,cls_cov_min,37.5
0,proposed,3,cls_cov_min,36.6667
0,proposed,4,cls_cov_min,17.7083
0,proposed,5,cls_cov_min,11.4583
0,proposed,6,cls_cov_min,5.98958
0,proposed,0,cls_cov_macro,84.4184
0,proposed,1,cls_cov_macro,80.8708
0,proposed,2,cls_cov_macro,73.1837
0,proposed,3,cls_cov_macro,68.9279
0,proposed,4,cls_cov_macro,54.485
0,proposed,5,cls_cov_macro,40.1179
0,proposed,6,cls_cov_macro,28.2304
0,proposed,0,cls_zero_cov_n,0
0,proposed,1,cls_zero_cov_n,0
0,proposed,2,cls_zero_cov_n,0
0,proposed,3,cls_zero_cov_n,0
0,proposed,4,cls_zero_cov_n,0
0,proposed,5,cls_zero_cov_n,0
0,proposed,6,cls_zero_cov_n,0
0,proposed,0,cls_sel_risk_max,64.8148
0,proposed,1,cls_sel_risk_max,69.3375
0,proposed,2,cls_sel_risk_max,68.787
0,proposed,3,cls_sel_risk_max,77.8409
0,proposed,4,cls_sel_risk_max,88.2353
0,proposed,5,cls_sel_risk_max,95.4545
0,proposed,6,cls_sel_risk_max,100
0,proposed,0,cls_sel_risk_macro,21.7415
0,proposed,1,cls_sel_risk_macro,24.205
0,proposed,2,cls_sel_risk_macro,24.9798
0,proposed,3,cls_sel_risk_macro,28.198
0,proposed,4,cls_sel_risk_macro,34.3825
0,proposed,5,cls_sel_risk_macro,38.315
0,proposed,6,cls_sel_risk_macro,46.2953
0,proposed,0,plugin_threshold,0.542402
0,proposed,1,plugin_threshold,0.581125
0,proposed,2,plugin_threshold,0.641193
0,proposed,3,plugin_threshold,0.669645
0,proposed,4,plugin_threshold,0.78042
0,proposed,5,plugin_threshold,0.860128
0,proposed,6,plugin_threshold,0.962869
0,proposed,0,crc_threshold,0.532927
0,proposed,1,crc_threshold,0.557018
0,proposed,2,crc_threshold,0.607409
0,proposed,3,crc_threshold,0.614374
0,proposed,4,crc_threshold,0.66641
0,proposed,5,crc_threshold,0.687717
0,proposed,6,crc_threshold,0.655334
0,b2,0,acc,76.7977
0,b2,1,acc,75.4165
0,b2,2,acc,73.1124
0,b2,3,acc,70.9971
0,b2,4,acc,66.4819
0,b2,5,acc,58.0986
0,b2,6,acc,45.1402
0,b2,0,aurc,7.96172
0,b2,1,aurc,8.83709
0,b2,2,aurc,10.6301
0,b2,3,aurc,12.1617
0,b2,4,aurc,16.2328
0,b2,5,aurc,24.8789
0,b2,6,aurc,41.1316
0,b2,0,augrc,5.77056
0,b2,1,augrc,6.35608
0,b2,2,augrc,7.48231
0,b2,3,augrc,8.48344
0,b2,4,augrc,10.8488
0,b2,5,augrc,15.6321
0,b2,6,augrc,23.7762
0,b2,0,auroc,82.7839
0,b2,1,auroc,82.0246
0,b2,2,auroc,80.3291
0,b2,3,auroc,79.2286
0,b2,4,auroc,76.5257
0,b2,5,auroc,71.85
0,b2,6,auroc,64.7579
0,b2,0,plugin_coverage,82.0709
0,b2,1,plugin_coverage,73.406
0,b2,2,plugin_coverage,66.2003
0,b2,3,plugin_coverage,57.6852
0,b2,4,plugin_coverage,42.6624
0,b2,5,plugin_coverage,19.7297
0,b2,6,plugin_coverage,0
0,b2,0,plugin_cond_risk,15.1869
0,b2,1,plugin_cond_risk,13.3429
0,b2,2,plugin_cond_risk,13.6411
0,b2,3,plugin_cond_risk,13.1408
0,b2,4,plugin_cond_risk,13.5965
0,b2,5,plugin_cond_risk,12.6044
0,b2,6,plugin_cond_risk,nan
0,b2,0,crc_calib_bound,9.93866
0,b2,1,crc_calib_bound,9.95896
0,b2,2,crc_calib_bound,9.98434
0,b2,3,crc_calib_bound,9.93988
0,b2,4,crc_calib_bound,9.85822
0,b2,5,crc_calib_bound,9.90608
0,b2,6,crc_calib_bound,9.92742
0,b2,0,crc_eval_joint_risk,12.1034
0,b2,1,crc_eval_joint_risk,10.9531
0,b2,2,crc_eval_joint_risk,11.1679
0,b2,3,crc_eval_joint_risk,10.7898
0,b2,4,crc_eval_joint_risk,10.741
0,b2,5,crc_eval_joint_risk,10.8467
0,b2,6,crc_eval_joint_risk,9.52592
0,b2,0,crc_coverage,80.4976
0,b2,1,crc_coverage,75.2488
0,b2,2,crc_coverage,70.6422
0,b2,3,crc_coverage,65.4854
0,b2,4,crc_coverage,57.6207
0,b2,5,crc_coverage,46.7129
0,b2,6,crc_coverage,27.2265
0,b2,0,crc_sel_risk,15.0357
0,b2,1,crc_sel_risk,14.5558
0,b2,2,crc_sel_risk,15.8092
0,b2,3,crc_sel_risk,16.4767
0,b2,4,crc_sel_risk,18.6408
0,b2,5,crc_sel_risk,23.2198
0,b2,6,crc_sel_risk,34.9877
0,b2,0,crc_feasible,1
0,b2,1,crc_feasible,1
0,b2,2,crc_feasible,1
0,b2,3,crc_feasible,1
0,b2,4,crc_feasible,1
0,b2,5,crc_feasible,1
0,b2,6,crc_feasible,1
0,b2,0,crc_units,26
0,b2,1,crc_units,26
0,b2,2,crc_units,26
0,b2,3,crc_units,26
0,b2,4,crc_units,26
0,b2,5,crc_units,26
0,b2,6,crc_units,26
0,b2,0,crc_positive_coverage,1
0,b2,1,crc_positive_coverage,1
0,b2,2,crc_positive_coverage,1
0,b2,3,crc_positive_coverage,1
0,b2,4,crc_positive_coverage,1
0,b2,5,crc_positive_coverage,1
0,b2,6,crc_positive_coverage,1
0,b2,0,crcmask_calib_bound,nan
0,b2,1,crcmask_calib_bound,9.99563
0,b2,2,crcmask_calib_bound,9.9031
0,b2,3,crcmask_calib_bound,9.87483
0,b2,4,crcmask_calib_bound,9.86969
0,b2,5,crcmask_calib_bound,9.90053
0,b2,6,crcmask_calib_bound,9.98278
0,b2,0,crcmask_eval_joint_risk,nan
0,b2,1,crcmask_eval_joint_risk,12.2603
0,b2,2,crcmask_eval_joint_risk,11.724
0,b2,3,crcmask_eval_joint_risk,11.8259
0,b2,4,crcmask_eval_joint_risk,10.6933
0,b2,5,crcmask_eval_joint_risk,13.8423
0,b2,6,crcmask_eval_joint_risk,8.48814
0,b2,0,crcmask_coverage,nan
0,b2,1,crcmask_coverage,79.9796
0,b2,2,crcmask_coverage,74.0832
0,b2,3,crcmask_coverage,68.4414
0,b2,4,crcmask_coverage,59.6387
0,b2,5,crcmask_coverage,52.1453
0,b2,6,crcmask_coverage,26.1326
0,b2,0,crcmask_sel_risk,nan
0,b2,1,crcmask_sel_risk,15.3293
0,b2,2,crcmask_sel_risk,15.8254
0,b2,3,crcmask_sel_risk,17.2788
0,b2,4,crcmask_sel_risk,17.9302
0,b2,5,crcmask_sel_risk,26.5456
0,b2,6,crcmask_sel_risk,32.4811
0,b2,0,crcmask_feasible,nan
0,b2,1,crcmask_feasible,1
0,b2,2,crcmask_feasible,1
0,b2,3,crcmask_feasible,1
0,b2,4,crcmask_feasible,1
0,b2,5,crcmask_feasible,1
0,b2,6,crcmask_feasible,1
0,b2,0,crcmask_units,nan
0,b2,1,crcmask_units,32
0,b2,2,crcmask_units,32
0,b2,3,crcmask_units,32
0,b2,4,crcmask_units,32
0,b2,5,crcmask_units,32
0,b2,6,crcmask_units,32
0,b2,0,crcmask_alpha_floor,nan
0,b2,1,crcmask_alpha_floor,3.0303
0,b2,2,crcmask_alpha_floor,3.0303
0,b2,3,crcmask_alpha_floor,3.0303
0,b2,4,crcmask_alpha_floor,3.0303
0,b2,5,crcmask_alpha_floor,3.0303
0,b2,6,crcmask_alpha_floor,3.0303
0,b2,0,crcmask_positive_coverage,nan
0,b2,1,crcmask_positive_coverage,1
0,b2,2,crcmask_positive_coverage,1
0,b2,3,crcmask_positive_coverage,1
0,b2,4,crcmask_positive_coverage,1
0,b2,5,crcmask_positive_coverage,1
0,b2,6,crcmask_positive_coverage,1
0,b2,0,temperature,1.52275
0,b2,1,temperature,1.45531
0,b2,2,temperature,1.36825
0,b2,3,temperature,1.31309
0,b2,4,temperature,1.28866
0,b2,5,temperature,1.45661
0,b2,6,temperature,1.60521
0,b2,0,plugin_neff,107
0,b2,1,plugin_neff,113
0,b2,2,plugin_neff,97
0,b2,3,plugin_neff,88
0,b2,4,plugin_neff,66
0,b2,5,plugin_neff,40
0,b2,6,plugin_neff,6
0,b2,0,plugin_icc,0.184648
0,b2,1,plugin_icc,0.176912
0,b2,2,plugin_icc,0.185406
0,b2,3,plugin_icc,0.181762
0,b2,4,plugin_icc,0.181646
0,b2,5,plugin_icc,0.174089
0,b2,6,plugin_icc,0.0928486
0,b2,0,plugin_eff_target,7.10198
0,b2,1,plugin_eff_target,7.17242
0,b2,2,plugin_eff_target,6.9589
0,b2,3,plugin_eff_target,6.7934
0,b2,4,plugin_eff_target,6.29411
0,b2,5,plugin_eff_target,5.23189
0,b2,6,plugin_eff_target,0
0,b2,0,plugin_positive_coverage,1
0,b2,1,plugin_positive_coverage,1
0,b2,2,plugin_positive_coverage,1
0,b2,3,plugin_positive_coverage,1
0,b2,4,plugin_positive_coverage,1
0,b2,5,plugin_positive_coverage,1
0,b2,6,plugin_positive_coverage,0
0,b2,0,plugin_degenerate,0
0,b2,1,plugin_degenerate,0
0,b2,2,plugin_degenerate,0
0,b2,3,plugin_degenerate,0
0,b2,4,plugin_degenerate,0
0,b2,5,plugin_degenerate,0
0,b2,6,plugin_degenerate,1
0,b2,0,mask_acc_worst,76.7977
0,b2,1,mask_acc_worst,71.6203
0,b2,2,mask_acc_worst,65.7718
0,b2,3,mask_acc_worst,64.6213
0,b2,4,mask_acc_worst,40.3643
0,b2,5,mask_acc_worst,39.4056
0,b2,6,mask_acc_worst,23.5858
0,b2,0,mask_acc_median,76.7977
0,b2,1,mask_acc_median,76.0307
0,b2,2,mask_acc_median,73.8255
0,b2,3,mask_acc_median,71.6203
0,b2,4,mask_acc_median,67.6894
0,b2,5,mask_acc_median,58.581
0,b2,6,mask_acc_median,46.4046
0,b2,0,mask_acc_p05,76.7977
0,b2,1,mask_acc_p05,71.6203
0,b2,2,mask_acc_p05,68.1975
0,b2,3,mask_acc_p05,66.2464
0,b2,4,mask_acc_p05,59.1898
0,b2,5,mask_acc_p05,43.3174
0,b2,6,mask_acc_p05,24.4775
0,b2,0,mask_cov_worst,82.2627
0,b2,1,mask_cov_worst,72.675
0,b2,2,mask_cov_worst,67.1141
0,b2,3,mask_cov_worst,61.5532
0,b2,4,mask_cov_worst,46.884
0,b2,5,mask_cov_worst,31.5436
0,b2,6,mask_cov_worst,9.20422
0,b2,0,mask_sel_risk_worst,15.3846
0,b2,1,mask_sel_risk_worst,16.095
0,b2,2,mask_sel_risk_worst,23.0663
0,b2,3,mask_sel_risk_worst,24.9254
0,b2,4,mask_sel_risk_worst,56.4417
0,b2,5,mask_sel_risk_worst,55.3047
0,b2,6,mask_sel_risk_worst,83.0986
0,b2,0,mask_sel_risk_median,15.3846
0,b2,1,mask_sel_risk_median,13.8903
0,b2,2,mask_sel_risk_median,15.4328
0,b2,3,mask_sel_risk_median,15.2994
0,b2,4,mask_sel_risk_median,17.0868
0,b2,5,mask_sel_risk_median,23.2884
0,b2,6,mask_sel_risk_median,33.9867
0,b2,0,cls_cov_min,35
0,b2,1,cls_cov_min,31.0417
0,b2,2,cls_cov_min,28.5417
0,b2,3,cls_cov_min,26.25
0,b2,4,cls_cov_min,23.3854
0,b2,5,cls_cov_min,21.0417
0,b2,6,cls_cov_min,5.84239
0,b2,0,cls_cov_macro,81.6994
0,b2,1,cls_cov_macro,73.5314
0,b2,2,cls_cov_macro,67.8142
0,b2,3,cls_cov_macro,61.2633
0,b2,4,cls_cov_macro,52.5798
0,b2,5,cls_cov_macro,41.376
0,b2,6,cls_cov_macro,22.9802
0,b2,0,cls_zero_cov_n,0
0,b2,1,cls_zero_cov_n,0
0,b2,2,cls_zero_cov_n,0
0,b2,3,cls_zero_cov_n,0
0,b2,4,cls_zero_cov_n,0
0,b2,5,cls_zero_cov_n,0
0,b2,6,cls_zero_cov_n,0
0,b2,0,cls_sel_risk_max,100
0,b2,1,cls_sel_risk_max,97.4194
0,b2,2,cls_sel_risk_max,94.0767
0,b2,3,cls_sel_risk_max,87.9032
0,b2,4,cls_sel_risk_max,85.2535
0,b2,5,cls_sel_risk_max,93.1034
0,b2,6,cls_sel_risk_max,91.3462
0,b2,0,cls_sel_risk_macro,24.0376
0,b2,1,cls_sel_risk_macro,24.0099
0,b2,2,cls_sel_risk_macro,27.2774
0,b2,3,cls_sel_risk_macro,28.5196
0,b2,4,cls_sel_risk_macro,31.892
0,b2,5,cls_sel_risk_macro,38.659
0,b2,6,cls_sel_risk_macro,48.0575
0,b2,0,plugin_threshold,0.587677
0,b2,1,plugin_threshold,0.643512
0,b2,2,plugin_threshold,0.681573
0,b2,3,plugin_threshold,0.720399
0,b2,4,plugin_threshold,0.766595
0,b2,5,plugin_threshold,0.791435
0,b2,6,plugin_threshold,inf
0,b2,0,crc_threshold,0.58187
0,b2,1,crc_threshold,0.615341
0,b2,2,crc_threshold,0.62995
0,b2,3,crc_threshold,0.648059
0,b2,4,crc_threshold,0.656916
0,b2,5,crc_threshold,0.602093
0,b2,6,crc_threshold,0.632206
0,b2m,0,acc,77.2771
0,b2m,1,acc,75.7371
0,b2m,2,acc,73.7716
0,b2m,3,acc,71.9889
0,b2m,4,acc,68.4204
0,b2m,5,acc,61.8229
0,b2m,6,acc,52.6396
0,b2m,0,aurc,8.82859
0,b2m,1,aurc,9.2256
0,b2m,2,aurc,10.5714
0,b2m,3,aurc,11.6559
0,b2m,4,aurc,14.5701
0,b2m,5,aurc,20.7584
0,b2m,6,aurc,31.0199
0,b2m,0,augrc,6.10471
0,b2m,1,augrc,6.5209
0,b2m,2,augrc,7.34429
0,b2m,3,augrc,8.05897
0,b2m,4,augrc,9.84596
0,b2m,5,augrc,13.3322
0,b2m,6,augrc,18.9256
0,b2m,0,auroc,79.9986
0,b2m,1,auroc,80.5411
0,b2m,2,auroc,79.8234
0,b2m,3,auroc,79.4924
0,b2m,4,auroc,77.5115
0,b2m,5,auroc,74.3914
0,b2m,6,auroc,69.0747
0,b2m,0,plugin_coverage,79.5781
0,b2m,1,plugin_coverage,73.0076
0,b2m,2,plugin_coverage,68.6421
0,b2m,3,plugin_coverage,64.2378
0,b2m,4,plugin_coverage,49.191
0,b2m,5,plugin_coverage,29.8778
0,b2m,6,plugin_coverage,0
0,b2m,0,plugin_cond_risk,14.4578
0,b2m,1,plugin_cond_risk,13.8876
0,b2m,2,plugin_cond_risk,14.2427
0,b2m,3,plugin_cond_risk,14.3097
0,b2m,4,plugin_cond_risk,13.3817
0,b2m,5,plugin_cond_risk,12.9162
0,b2m,6,plugin_cond_risk,nan
0,b2m,0,crc_calib_bound,9.95918
0,b2m,1,crc_calib_bound,9.93092
0,b2m,2,crc_calib_bound,9.9418
0,b2m,3,crc_calib_bound,9.99698
0,b2m,4,crc_calib_bound,9.93014
0,b2m,5,crc_calib_bound,9.90462
0,b2m,6,crc_calib_bound,9.87371
0,b2m,0,crc_eval_joint_risk,13.4858
0,b2m,1,crc_eval_joint_risk,11.8052
0,b2m,2,crc_eval_joint_risk,11.7482
0,b2m,3,crc_eval_joint_risk,11.5536
0,b2m,4,crc_eval_joint_risk,11.2685
0,b2m,5,crc_eval_joint_risk,10.9279
0,b2m,6,crc_eval_joint_risk,10.6517
0,b2m,0,crc_coverage,80.9417
0,b2m,1,crc_coverage,75.194
0,b2m,2,crc_coverage,71.2443
0,b2m,3,crc_coverage,68.6492
0,b2m,4,crc_coverage,61.4062
0,b2m,5,crc_coverage,52.2572
0,b2m,6,crc_coverage,37.0517
0,b2m,0,crc_sel_risk,16.6611
0,b2m,1,crc_sel_risk,15.6997
0,b2m,2,crc_sel_risk,16.49
0,b2m,3,crc_sel_risk,16.8299
0,b2m,4,crc_sel_risk,18.3507
0,b2m,5,crc_sel_risk,20.9118
0,b2m,6,crc_sel_risk,28.7481
0,b2m,0,crc_feasible,1
0,b2m,1,crc_feasible,1
0,b2m,2,crc_feasible,1
0,b2m,3,crc_feasible,1
0,b2m,4,crc_feasible,1
0,b2m,5,crc_feasible,1
0,b2m,6,crc_feasible,1
0,b2m,0,crc_units,26
0,b2m,1,crc_units,26
0,b2m,2,crc_units,26
0,b2m,3,crc_units,26
0,b2m,4,crc_units,26
0,b2m,5,crc_units,26
0,b2m,6,crc_units,26
0,b2m,0,crc_positive_coverage,1
0,b2m,1,crc_positive_coverage,1
0,b2m,2,crc_positive_coverage,1
0,b2m,3,crc_positive_coverage,1
0,b2m,4,crc_positive_coverage,1
0,b2m,5,crc_positive_coverage,1
0,b2m,6,crc_positive_coverage,1
0,b2m,0,crcmask_calib_bound,nan
0,b2m,1,crcmask_calib_bound,9.9725
0,b2m,2,crcmask_calib_bound,9.9725
0,b2m,3,crcmask_calib_bound,9.95965
0,b2m,4,crcmask_calib_bound,9.93137
0,b2m,5,crcmask_calib_bound,9.87997
0,b2m,6,crcmask_calib_bound,9.84142
0,b2m,0,crcmask_eval_joint_risk,nan
0,b2m,1,crcmask_eval_joint_risk,12.5539
0,b2m,2,crcmask_eval_joint_risk,12.3232
0,b2m,3,crcmask_eval_joint_risk,12.8206
0,b2m,4,crcmask_eval_joint_risk,11.1367
0,b2m,5,crcmask_eval_joint_risk,12.7637
0,b2m,6,crcmask_eval_joint_risk,9.55477
0,b2m,0,crcmask_coverage,nan
0,b2m,1,crcmask_coverage,80.3452
0,b2m,2,crcmask_coverage,75.7221
0,b2m,3,crcmask_coverage,72.3184
0,b2m,4,crcmask_coverage,64.6872
0,b2m,5,crcmask_coverage,56.0642
0,b2m,6,crcmask_coverage,38.6745
0,b2m,0,crcmask_sel_risk,nan
0,b2m,1,crcmask_sel_risk,15.625
0,b2m,2,crcmask_sel_risk,16.2743
0,b2m,3,crcmask_sel_risk,17.728
0,b2m,4,crcmask_sel_risk,17.2163
0,b2m,5,crcmask_sel_risk,22.7661
0,b2m,6,crcmask_sel_risk,24.7056
0,b2m,0,crcmask_feasible,nan
0,b2m,1,crcmask_feasible,1
0,b2m,2,crcmask_feasible,1
0,b2m,3,crcmask_feasible,1
0,b2m,4,crcmask_feasible,1
0,b2m,5,crcmask_feasible,1
0,b2m,6,crcmask_feasible,1
0,b2m,0,crcmask_units,nan
0,b2m,1,crcmask_units,32
0,b2m,2,crcmask_units,32
0,b2m,3,crcmask_units,32
0,b2m,4,crcmask_units,32
0,b2m,5,crcmask_units,32
0,b2m,6,crcmask_units,32
0,b2m,0,crcmask_alpha_floor,nan
0,b2m,1,crcmask_alpha_floor,3.0303
0,b2m,2,crcmask_alpha_floor,3.0303
0,b2m,3,crcmask_alpha_floor,3.0303
0,b2m,4,crcmask_alpha_floor,3.0303
0,b2m,5,crcmask_alpha_floor,3.0303
0,b2m,6,crcmask_alpha_floor,3.0303
0,b2m,0,crcmask_positive_coverage,nan
0,b2m,1,crcmask_positive_coverage,1
0,b2m,2,crcmask_positive_coverage,1
0,b2m,3,crcmask_positive_coverage,1
0,b2m,4,crcmask_positive_coverage,1
0,b2m,5,crcmask_positive_coverage,1
0,b2m,6,crcmask_positive_coverage,1
0,b2m,0,temperature,1.55026
0,b2m,1,temperature,1.4719
0,b2m,2,temperature,1.34496
0,b2m,3,temperature,1.27861
0,b2m,4,temperature,1.21139
0,b2m,5,temperature,1.27391
0,b2m,6,temperature,1.34062
0,b2m,0,plugin_neff,91
0,b2m,1,plugin_neff,93
0,b2m,2,plugin_neff,99
0,b2m,3,plugin_neff,98
0,b2m,4,plugin_neff,74
0,b2m,5,plugin_neff,53
0,b2m,6,plugin_neff,2
0,b2m,0,plugin_icc,0.216319
0,b2m,1,plugin_icc,0.214952
0,b2m,2,plugin_icc,0.191928
0,b2m,3,plugin_icc,0.179523
0,b2m,4,plugin_icc,0.189847
0,b2m,5,plugin_icc,0.18339
0,b2m,6,plugin_icc,0.12584
0,b2m,0,plugin_eff_target,6.85624
0,b2m,1,plugin_eff_target,6.88169
0,b2m,2,plugin_eff_target,6.98021
0,b2m,3,plugin_eff_target,6.97128
0,b2m,4,plugin_eff_target,6.51401
0,b2m,5,plugin_eff_target,5.87074
0,b2m,6,plugin_eff_target,0
0,b2m,0,plugin_positive_coverage,1
0,b2m,1,plugin_positive_coverage,1
0,b2m,2,plugin_positive_coverage,1
0,b2m,3,plugin_positive_coverage,1
0,b2m,4,plugin_positive_coverage,1
0,b2m,5,plugin_positive_coverage,1
0,b2m,6,plugin_positive_coverage,0
0,b2m,0,plugin_degenerate,0
0,b2m,1,plugin_degenerate,0
0,b2m,2,plugin_degenerate,0
0,b2m,3,plugin_degenerate,0
0,b2m,4,plugin_degenerate,0
0,b2m,5,plugin_degenerate,0
0,b2m,6,plugin_degenerate,1
0,b2m,0,mask_acc_worst,77.2771
0,b2m,1,mask_acc_worst,71.1409
0,b2m,2,mask_acc_worst,64.813
0,b2m,3,mask_acc_worst,65.2924
0,b2m,4,mask_acc_worst,44.8706
0,b2m,5,mask_acc_worst,45.5417
0,b2m,6,mask_acc_worst,30.7766
0,b2m,0,mask_acc_median,77.2771
0,b2m,1,mask_acc_median,76.1266
0,b2m,2,mask_acc_median,74.3049
0,b2m,3,mask_acc_median,72.2915
0,b2m,4,mask_acc_median,69.559
0,b2m,5,mask_acc_median,62.6079
0,b2m,6,mask_acc_median,54.9377
0,b2m,0,mask_acc_p05,77.2771
0,b2m,1,mask_acc_p05,71.1409
0,b2m,2,mask_acc_p05,67.8188
0,b2m,3,mask_acc_p05,66.8025
0,b2m,4,mask_acc_p05,61.0786
0,b2m,5,mask_acc_p05,48.0537
0,b2m,6,mask_acc_p05,35.3356
0,b2m,0,mask_cov_worst,82.7421
0,b2m,1,mask_cov_worst,73.9214
0,b2m,2,mask_cov_worst,68.6481
0,b2m,3,mask_cov_worst,65.0048
0,b2m,4,mask_cov_worst,50.9108
0,b2m,5,mask_cov_worst,38.4468
0,b2m,6,mask_cov_worst,18.0249
0,b2m,0,mask_sel_risk_worst,15.8749
0,b2m,1,mask_sel_risk_worst,16.9909
0,b2m,2,mask_sel_risk_worst,22.3288
0,b2m,3,mask_sel_risk_worst,23.9071
0,b2m,4,mask_sel_risk_worst,46.7043
0,b2m,5,mask_sel_risk_worst,42.8274
0,b2m,6,mask_sel_risk_worst,73.6181
0,b2m,0,mask_sel_risk_median,15.8749
0,b2m,1,mask_sel_risk_median,15.3846
0,b2m,2,mask_sel_risk_median,15.5486
0,b2m,3,mask_sel_risk_median,15.5266
0,b2m,4,mask_sel_risk_median,16.271
0,b2m,5,mask_sel_risk_median,22.0257
0,b2m,6,mask_sel_risk_median,26.2293
0,b2m,0,cls_cov_min,46.6667
0,b2m,1,cls_cov_min,36.0417
0,b2m,2,cls_cov_min,33.3333
0,b2m,3,cls_cov_min,31.1979
0,b2m,4,cls_cov_min,26.875
0,b2m,5,cls_cov_min,23.5938
0,b2m,6,cls_cov_min,16.6193
0,b2m,0,cls_cov_macro,81.0696
0,b2m,1,cls_cov_macro,74.8486
0,b2m,2,cls_cov_macro,70.0102
0,b2m,3,cls_cov_macro,66.0504
0,b2m,4,cls_cov_macro,56.2715
0,b2m,5,cls_cov_macro,46.4825
0,b2m,6,cls_cov_macro,32.4012
0,b2m,0,cls_zero_cov_n,0
0,b2m,1,cls_zero_cov_n,0
0,b2m,2,cls_zero_cov_n,0
0,b2m,3,cls_zero_cov_n,0
0,b2m,4,cls_zero_cov_n,0
0,b2m,5,cls_zero_cov_n,0
0,b2m,6,cls_zero_cov_n,0
0,b2m,0,cls_sel_risk_max,90
0,b2m,1,cls_sel_risk_max,87.1528
0,b2m,2,cls_sel_risk_max,85.4093
0,b2m,3,cls_sel_risk_max,79.918
0,b2m,4,cls_sel_risk_max,74.2105
0,b2m,5,cls_sel_risk_max,87.7698
0,b2m,6,cls_sel_risk_max,80.6452
0,b2m,0,cls_sel_risk_macro,24.1468
0,b2m,1,cls_sel_risk_macro,24.2565
0,b2m,2,cls_sel_risk_macro,26.8983
0,b2m,3,cls_sel_risk_macro,27.2218
0,b2m,4,cls_sel_risk_macro,29.6872
0,b2m,5,cls_sel_risk_macro,34.3765
0,b2m,6,cls_sel_risk_macro,41.0445
0,b2m,0,plugin_threshold,0.618694
0,b2m,1,plugin_threshold,0.656166
0,b2m,2,plugin_threshold,0.677299
0,b2m,3,plugin_threshold,0.691206
0,b2m,4,plugin_threshold,0.755796
0,b2m,5,plugin_threshold,0.786591
0,b2m,6,plugin_threshold,inf
0,b2m,0,crc_threshold,0.593631
0,b2m,1,crc_threshold,0.610786
0,b2m,2,crc_threshold,0.631977
0,b2m,3,crc_threshold,0.634092
0,b2m,4,crc_threshold,0.657164
0,b2m,5,crc_threshold,0.627036
0,b2m,6,crc_threshold,0.618399
1,proposed,0,acc,84.674
1,proposed,1,acc,83.3272
1,proposed,2,acc,79.8132
1,proposed,3,acc,77.4291
1,proposed,4,acc,74.7592
1,proposed,5,acc,65.9055
1,proposed,6,acc,55.5805
1,proposed,0,aurc,3.37636
1,proposed,1,aurc,3.94483
1,proposed,2,aurc,5.49992
1,proposed,3,aurc,7.17621
1,proposed,4,aurc,8.76717
1,proposed,5,aurc,15.4919
1,proposed,6,aurc,25.6946
1,proposed,0,augrc,2.76413
1,proposed,1,augrc,3.18464
1,proposed,2,augrc,4.32049
1,proposed,3,augrc,5.46928
1,proposed,4,augrc,6.55719
1,proposed,5,augrc,10.7444
1,proposed,6,augrc,16.3486
1,proposed,0,auroc,87.8
1,proposed,1,auroc,87.0874
1,proposed,2,auroc,85.8339
1,proposed,3,auroc,83.282
1,proposed,4,auroc,82.134
1,proposed,5,auroc,78.052
1,proposed,6,auroc,73.7431
1,proposed,0,plugin_coverage,68.5013
1,proposed,1,plugin_coverage,61.7565
1,proposed,2,plugin_coverage,47.8937
1,proposed,3,plugin_coverage,36.9628
1,proposed,4,plugin_coverage,29.1331
1,proposed,5,plugin_coverage,0.00793819
1,proposed,6,plugin_coverage,0
1,proposed,0,plugin_cond_risk,4.32633
1,proposed,1,plugin_cond_risk,3.60341
1,proposed,2,plugin_cond_risk,2.50829
1,proposed,3,plugin_cond_risk,2.59145
1,proposed,4,plugin_cond_risk,2.26158
1,proposed,5,plugin_cond_risk,0
1,proposed,6,plugin_cond_risk,nan
1,proposed,0,crc_calib_bound,9.76747
1,proposed,1,crc_calib_bound,9.9946
1,proposed,2,crc_calib_bound,9.9687
1,proposed,3,crc_calib_bound,9.99241
1,proposed,4,crc_calib_bound,9.89969
1,proposed,5,crc_calib_bound,9.93061
1,proposed,6,crc_calib_bound,9.87824
1,proposed,0,crc_eval_joint_risk,4.22854
1,proposed,1,crc_eval_joint_risk,4.39808
1,proposed,2,crc_eval_joint_risk,3.67095
1,proposed,3,crc_eval_joint_risk,3.75177
1,proposed,4,crc_eval_joint_risk,4.3968
1,proposed,5,crc_eval_joint_risk,4.49816
1,proposed,6,crc_eval_joint_risk,4.44992
1,proposed,0,crc_coverage,73.2135
1,proposed,1,crc_coverage,70.8349
1,proposed,2,crc_coverage,62.2272
1,proposed,3,crc_coverage,56.2258
1,proposed,4,crc_coverage,53.4568
1,proposed,5,crc_coverage,38.9238
1,proposed,6,crc_coverage,26.0421
1,proposed,0,crc_sel_risk,5.77562
1,proposed,1,crc_sel_risk,6.20891
1,proposed,2,crc_sel_risk,5.89927
1,proposed,3,crc_sel_risk,6.67268
1,proposed,4,crc_sel_risk,8.22496
1,proposed,5,crc_sel_risk,11.5563
1,proposed,6,crc_sel_risk,17.0874
1,proposed,0,crc_feasible,1
1,proposed,1,crc_feasible,1
1,proposed,2,crc_feasible,1
1,proposed,3,crc_feasible,1
1,proposed,4,crc_feasible,1
1,proposed,5,crc_feasible,1
1,proposed,6,crc_feasible,1
1,proposed,0,crc_units,26
1,proposed,1,crc_units,26
1,proposed,2,crc_units,26
1,proposed,3,crc_units,26
1,proposed,4,crc_units,26
1,proposed,5,crc_units,26
1,proposed,6,crc_units,26
1,proposed,0,crc_positive_coverage,1
1,proposed,1,crc_positive_coverage,1
1,proposed,2,crc_positive_coverage,1
1,proposed,3,crc_positive_coverage,1
1,proposed,4,crc_positive_coverage,1
1,proposed,5,crc_positive_coverage,1
1,proposed,6,crc_positive_coverage,1
1,proposed,0,crcmask_calib_bound,nan
1,proposed,1,crcmask_calib_bound,9.96793
1,proposed,2,crcmask_calib_bound,9.93193
1,proposed,3,crcmask_calib_bound,9.9123
1,proposed,4,crcmask_calib_bound,9.89921
1,proposed,5,crcmask_calib_bound,9.98756
1,proposed,6,crcmask_calib_bound,9.96466
1,proposed,0,crcmask_eval_joint_risk,nan
1,proposed,1,crcmask_eval_joint_risk,5.33182
1,proposed,2,crcmask_eval_joint_risk,4.57504
1,proposed,3,crcmask_eval_joint_risk,5.11219
1,proposed,4,crcmask_eval_joint_risk,5.16511
1,proposed,5,crcmask_eval_joint_risk,5.08309
1,proposed,6,crcmask_eval_joint_risk,5.45354
1,proposed,0,crcmask_coverage,nan
1,proposed,1,crcmask_coverage,76.1537
1,proposed,2,crcmask_coverage,69.7714
1,proposed,3,crcmask_coverage,65.5218
1,proposed,4,crcmask_coverage,56.983
1,proposed,5,crcmask_coverage,38.1033
1,proposed,6,crcmask_coverage,31.9221
1,proposed,0,crcmask_sel_risk,nan
1,proposed,1,crcmask_sel_risk,7.00139
1,proposed,2,crcmask_sel_risk,6.55719
1,proposed,3,crcmask_sel_risk,7.80228
1,proposed,4,crcmask_sel_risk,9.06431
1,proposed,5,crcmask_sel_risk,13.3403
1,proposed,6,crcmask_sel_risk,17.0839
1,proposed,0,crcmask_feasible,nan
1,proposed,1,crcmask_feasible,1
1,proposed,2,crcmask_feasible,1
1,proposed,3,crcmask_feasible,1
1,proposed,4,crcmask_feasible,1
1,proposed,5,crcmask_feasible,1
1,proposed,6,crcmask_feasible,1
1,proposed,0,crcmask_units,nan
1,proposed,1,crcmask_units,32
1,proposed,2,crcmask_units,32
1,proposed,3,crcmask_units,32
1,proposed,4,crcmask_units,32
1,proposed,5,crcmask_units,32
1,proposed,6,crcmask_units,32
1,proposed,0,crcmask_alpha_floor,nan
1,proposed,1,crcmask_alpha_floor,3.0303
1,proposed,2,crcmask_alpha_floor,3.0303
1,proposed,3,crcmask_alpha_floor,3.0303
1,proposed,4,crcmask_alpha_floor,3.0303
1,proposed,5,crcmask_alpha_floor,3.0303
1,proposed,6,crcmask_alpha_floor,3.0303
1,proposed,0,crcmask_positive_coverage,nan
1,proposed,1,crcmask_positive_coverage,1
1,proposed,2,crcmask_positive_coverage,1
1,proposed,3,crcmask_positive_coverage,1
1,proposed,4,crcmask_positive_coverage,1
1,proposed,5,crcmask_positive_coverage,1
1,proposed,6,crcmask_positive_coverage,1
1,proposed,0,temperature,1.37582
1,proposed,1,temperature,1.36763
1,proposed,2,temperature,1.37688
1,proposed,3,temperature,1.3935
1,proposed,4,temperature,1.56537
1,proposed,5,temperature,1.5807
1,proposed,6,temperature,1.87912
1,proposed,0,plugin_neff,79
1,proposed,1,plugin_neff,72
1,proposed,2,plugin_neff,52
1,proposed,3,plugin_neff,49
1,proposed,4,plugin_neff,41
1,proposed,5,plugin_neff,20
1,proposed,6,plugin_neff,178
1,proposed,0,plugin_icc,0.216413
1,proposed,1,plugin_icc,0.239443
1,proposed,2,plugin_icc,0.273474
1,proposed,3,plugin_icc,0.239596
1,proposed,4,plugin_icc,0.245865
1,proposed,5,plugin_icc,0.205811
1,proposed,6,plugin_icc,0.146953
1,proposed,0,plugin_eff_target,6.61442
1,proposed,1,plugin_eff_target,6.47354
1,proposed,2,plugin_eff_target,5.84288
1,proposed,3,plugin_eff_target,5.72093
1,proposed,4,plugin_eff_target,5.30678
1,proposed,5,plugin_eff_target,3.24596
1,proposed,6,plugin_eff_target,7.7514
1,proposed,0,plugin_positive_coverage,1
1,proposed,1,plugin_positive_coverage,1
1,proposed,2,plugin_positive_coverage,1
1,proposed,3,plugin_positive_coverage,1
1,proposed,4,plugin_positive_coverage,1
1,proposed,5,plugin_positive_coverage,1
1,proposed,6,plugin_positive_coverage,0
1,proposed,0,plugin_degenerate,0
1,proposed,1,plugin_degenerate,0
1,proposed,2,plugin_degenerate,0
1,proposed,3,plugin_degenerate,0
1,proposed,4,plugin_degenerate,0
1,proposed,5,plugin_degenerate,0
1,proposed,6,plugin_degenerate,0
1,proposed,0,mask_acc_worst,84.674
1,proposed,1,mask_acc_worst,78.6622
1,proposed,2,mask_acc_worst,71.0415
1,proposed,3,mask_acc_worst,66.5538
1,proposed,4,mask_acc_worst,62.5741
1,proposed,5,mask_acc_worst,54.1914
1,proposed,6,mask_acc_worst,21.6765
1,proposed,0,mask_acc_median,84.674
1,proposed,1,mask_acc_median,83.7426
1,proposed,2,mask_acc_median,81.4141
1,proposed,3,mask_acc_median,79.2125
1,proposed,4,mask_acc_median,76.2066
1,proposed,5,mask_acc_median,67.3158
1,proposed,6,mask_acc_median,57.155
1,proposed,0,mask_acc_p05,84.674
1,proposed,1,mask_acc_p05,80.7113
1,proposed,2,mask_acc_p05,73.37
1,proposed,3,mask_acc_p05,67.1507
1,proposed,4,mask_acc_p05,64.2633
1,proposed,5,mask_acc_p05,55.3387
1,proposed,6,mask_acc_p05,40.9992
1,proposed,0,mask_cov_worst,76.0373
1,proposed,1,mask_cov_worst,67.5699
1,proposed,2,mask_cov_worst,45.6393
1,proposed,3,mask_cov_worst,35.9865
1,proposed,4,mask_cov_worst,34.801
1,proposed,5,mask_cov_worst,22.2693
1,proposed,6,mask_cov_worst,9.31414
1,proposed,0,mask_sel_risk_worst,5.67929
1,proposed,1,mask_sel_risk_worst,7.88288
1,proposed,2,mask_sel_risk_worst,9.1358
1,proposed,3,mask_sel_risk_worst,15.0289
1,proposed,4,mask_sel_risk_worst,15.2381
1,proposed,5,mask_sel_risk_worst,25.4753
1,proposed,6,mask_sel_risk_worst,73.4375
1,proposed,0,mask_sel_risk_median,5.67929
1,proposed,1,mask_sel_risk_median,6.01246
1,proposed,2,mask_sel_risk_median,6.04389
1,proposed,3,mask_sel_risk_median,5.7844
1,proposed,4,mask_sel_risk_median,8.34928
1,proposed,5,mask_sel_risk_median,9.97071
1,proposed,6,mask_sel_risk_median,16.1972
1,proposed,0,cls_cov_min,0
1,proposed,1,cls_cov_min,32.8125
1,proposed,2,cls_cov_min,13.4375
1,proposed,3,cls_cov_min,12.1875
1,proposed,4,cls_cov_min,5.3125
1,proposed,5,cls_cov_min,2.8125
1,proposed,6,cls_cov_min,4.91071
1,proposed,0,cls_cov_macro,65.964
1,proposed,1,cls_cov_macro,65.6126
1,proposed,2,cls_cov_macro,58.9815
1,proposed,3,cls_cov_macro,51.6098
1,proposed,4,cls_cov_macro,50.0937
1,proposed,5,cls_cov_macro,36.2616
1,proposed,6,cls_cov_macro,26.3394
1,proposed,0,cls_zero_cov_n,1
1,proposed,1,cls_zero_cov_n,0
1,proposed,2,cls_zero_cov_n,0
1,proposed,3,cls_zero_cov_n,0
1,proposed,4,cls_zero_cov_n,0
1,proposed,5,cls_zero_cov_n,0
1,proposed,6,cls_zero_cov_n,0
1,proposed,0,cls_sel_risk_max,83.3333
1,proposed,1,cls_sel_risk_max,76.8707
1,proposed,2,cls_sel_risk_max,80.7339
1,proposed,3,cls_sel_risk_max,84.3137
1,proposed,4,cls_sel_risk_max,80.9524
1,proposed,5,cls_sel_risk_max,100
1,proposed,6,cls_sel_risk_max,100
1,proposed,0,cls_sel_risk_macro,13.4607
1,proposed,1,cls_sel_risk_macro,15.6703
1,proposed,2,cls_sel_risk_macro,19.6426
1,proposed,3,cls_sel_risk_macro,20.9257
1,proposed,4,cls_sel_risk_macro,25.5458
1,proposed,5,cls_sel_risk_macro,32.9624
1,proposed,6,cls_sel_risk_macro,36.9992
1,proposed,0,plugin_threshold,0.779773
1,proposed,1,plugin_threshold,0.813527
1,proposed,2,plugin_threshold,0.873604
1,proposed,3,plugin_threshold,0.89593
1,proposed,4,plugin_threshold,0.879613
1,proposed,5,plugin_threshold,0.986998
1,proposed,6,plugin_threshold,inf
1,proposed,0,crc_threshold,0.68419
1,proposed,1,crc_threshold,0.702551
1,proposed,2,crc_threshold,0.736453
1,proposed,3,crc_threshold,0.747514
1,proposed,4,crc_threshold,0.697408
1,proposed,5,crc_threshold,0.749602
1,proposed,6,crc_threshold,0.67521
1,b2,0,acc,82.2185
1,b2,1,acc,79.4295
1,b2,2,acc,74.8121
1,b2,3,acc,72.6768
1,b2,4,acc,67.3661
1,b2,5,acc,57.3402
1,b2,6,acc,47.5947
1,b2,0,aurc,8.57971
1,b2,1,aurc,9.40117
1,b2,2,aurc,11.2909
1,b2,3,aurc,13.2682
1,b2,4,aurc,16.5708
1,b2,5,aurc,27.684
1,b2,6,aurc,40.9432
1,b2,0,augrc,5.13292
1,b2,1,augrc,5.90439
1,b2,2,augrc,7.49638
1,b2,3,augrc,8.63896
1,b2,4,augrc,10.8899
1,b2,5,augrc,16.8188
1,b2,6,augrc,22.8847
1,b2,0,auroc,75.7555
1,b2,1,auroc,76.818
1,b2,2,auroc,77.0556
1,b2,3,auroc,75.2953
1,b2,4,auroc,74.6884
1,b2,5,auroc,68.4444
1,b2,6,auroc,63.3061
1,b2,0,plugin_coverage,71.7189
1,b2,1,plugin_coverage,64.511
1,b2,2,plugin_coverage,44.2872
1,b2,3,plugin_coverage,40.7467
1,b2,4,plugin_coverage,24.3041
1,b2,5,plugin_coverage,3.6939
1,b2,6,plugin_coverage,0
1,b2,0,plugin_cond_risk,8.50059
1,b2,1,plugin_cond_risk,9.10172
1,b2,2,plugin_cond_risk,8.44835
1,b2,3,plugin_cond_risk,10.3708
1,b2,4,plugin_cond_risk,8.89494
1,b2,5,plugin_cond_risk,4.72779
1,b2,6,plugin_cond_risk,nan
1,b2,0,crc_calib_bound,9.89912
1,b2,1,crc_calib_bound,9.79427
1,b2,2,crc_calib_bound,9.95383
1,b2,3,crc_calib_bound,9.88528
1,b2,4,crc_calib_bound,9.99018
1,b2,5,crc_calib_bound,9.87176
1,b2,6,crc_calib_bound,9.8522
1,b2,0,crc_eval_joint_risk,6.51655
1,b2,1,crc_eval_joint_risk,7.41013
1,b2,2,crc_eval_joint_risk,7.39907
1,b2,3,crc_eval_joint_risk,7.68732
1,b2,4,crc_eval_joint_risk,7.1816
1,b2,5,crc_eval_joint_risk,8.06984
1,b2,6,crc_eval_joint_risk,6.11436
1,b2,0,crc_coverage,71.3998
1,b2,1,crc_coverage,67.8541
1,b2,2,crc_coverage,58.9232
1,b2,3,crc_coverage,55.3789
1,b2,4,crc_coverage,47.541
1,b2,5,crc_coverage,35.0719
1,b2,6,crc_coverage,20.0271
1,b2,0,crc_sel_risk,9.12685
1,b2,1,crc_sel_risk,10.9207
1,b2,2,crc_sel_risk,12.5571
1,b2,3,crc_sel_risk,13.8813
1,b2,4,crc_sel_risk,15.1061
1,b2,5,crc_sel_risk,23.0094
1,b2,6,crc_sel_risk,30.5304
1,b2,0,crc_feasible,1
1,b2,1,crc_feasible,1
1,b2,2,crc_feasible,1
1,b2,3,crc_feasible,1
1,b2,4,crc_feasible,1
1,b2,5,crc_feasible,1
1,b2,6,crc_feasible,1
1,b2,0,crc_units,26
1,b2,1,crc_units,26
1,b2,2,crc_units,26
1,b2,3,crc_units,26
1,b2,4,crc_units,26
1,b2,5,crc_units,26
1,b2,6,crc_units,26
1,b2,0,crc_positive_coverage,1
1,b2,1,crc_positive_coverage,1
1,b2,2,crc_positive_coverage,1
1,b2,3,crc_positive_coverage,1
1,b2,4,crc_positive_coverage,1
1,b2,5,crc_positive_coverage,1
1,b2,6,crc_positive_coverage,1
1,b2,0,crcmask_calib_bound,nan
1,b2,1,crcmask_calib_bound,9.97775
1,b2,2,crcmask_calib_bound,9.87957
1,b2,3,crcmask_calib_bound,9.99084
1,b2,4,crcmask_calib_bound,9.85012
1,b2,5,crcmask_calib_bound,9.85667
1,b2,6,crcmask_calib_bound,9.83703
1,b2,0,crcmask_eval_joint_risk,nan
1,b2,1,crcmask_eval_joint_risk,9.48084
1,b2,2,crcmask_eval_joint_risk,8.76111
1,b2,3,crcmask_eval_joint_risk,9.21624
1,b2,4,crcmask_eval_joint_risk,9.6105
1,b2,5,crcmask_eval_joint_risk,9.75868
1,b2,6,crcmask_eval_joint_risk,6.93268
1,b2,0,crcmask_coverage,nan
1,b2,1,crcmask_coverage,76.7782
1,b2,2,crcmask_coverage,67.472
1,b2,3,crcmask_coverage,62.6852
1,b2,4,crcmask_coverage,53.0192
1,b2,5,crcmask_coverage,35.2958
1,b2,6,crcmask_coverage,21.4516
1,b2,0,crcmask_sel_risk,nan
1,b2,1,crcmask_sel_risk,12.3484
1,b2,2,crcmask_sel_risk,12.9848
1,b2,3,crcmask_sel_risk,14.7024
1,b2,4,crcmask_sel_risk,18.1265
1,b2,5,crcmask_sel_risk,27.6482
1,b2,6,crcmask_sel_risk,32.3178
1,b2,0,crcmask_feasible,nan
1,b2,1,crcmask_feasible,1
1,b2,2,crcmask_feasible,1
1,b2,3,crcmask_feasible,1
1,b2,4,crcmask_feasible,1
1,b2,5,crcmask_feasible,1
1,b2,6,crcmask_feasible,1
1,b2,0,crcmask_units,nan
1,b2,1,crcmask_units,32
1,b2,2,crcmask_units,32
1,b2,3,crcmask_units,32
1,b2,4,crcmask_units,32
1,b2,5,crcmask_units,32
1,b2,6,crcmask_units,32
1,b2,0,crcmask_alpha_floor,nan
1,b2,1,crcmask_alpha_floor,3.0303
1,b2,2,crcmask_alpha_floor,3.0303
1,b2,3,crcmask_alpha_floor,3.0303
1,b2,4,crcmask_alpha_floor,3.0303
1,b2,5,crcmask_alpha_floor,3.0303
1,b2,6,crcmask_alpha_floor,3.0303
1,b2,0,crcmask_positive_coverage,nan
1,b2,1,crcmask_positive_coverage,1
1,b2,2,crcmask_positive_coverage,1
1,b2,3,crcmask_positive_coverage,1
1,b2,4,crcmask_positive_coverage,1
1,b2,5,crcmask_positive_coverage,1
1,b2,6,crcmask_positive_coverage,1
1,b2,0,temperature,1.68101
1,b2,1,temperature,1.56896
1,b2,2,temperature,1.47768
1,b2,3,temperature,1.40748
1,b2,4,temperature,1.4832
1,b2,5,temperature,1.61807
1,b2,6,temperature,1.74617
1,b2,0,plugin_neff,65
1,b2,1,plugin_neff,61
1,b2,2,plugin_neff,42
1,b2,3,plugin_neff,46
1,b2,4,plugin_neff,34
1,b2,5,plugin_neff,16
1,b2,6,plugin_neff,3
1,b2,0,plugin_icc,0.277937
1,b2,1,plugin_icc,0.296328
1,b2,2,plugin_icc,0.332445
1,b2,3,plugin_icc,0.271107
1,b2,4,plugin_icc,0.264308
1,b2,5,plugin_icc,0.208005
1,b2,6,plugin_icc,0.180355
1,b2,0,plugin_eff_target,6.28383
1,b2,1,plugin_eff_target,6.14708
1,b2,2,plugin_eff_target,5.38808
1,b2,3,plugin_eff_target,5.59102
1,b2,4,plugin_eff_target,4.85758
1,b2,5,plugin_eff_target,2.58953
1,b2,6,plugin_eff_target,0
1,b2,0,plugin_positive_coverage,1
1,b2,1,plugin_positive_coverage,1
1,b2,2,plugin_positive_coverage,1
1,b2,3,plugin_positive_coverage,1
1,b2,4,plugin_positive_coverage,1
1,b2,5,plugin_positive_coverage,1
1,b2,6,plugin_positive_coverage,0
1,b2,0,plugin_degenerate,0
1,b2,1,plugin_degenerate,0
1,b2,2,plugin_degenerate,0
1,b2,3,plugin_degenerate,0
1,b2,4,plugin_degenerate,0
1,b2,5,plugin_degenerate,0
1,b2,6,plugin_degenerate,1
1,b2,0,mask_acc_worst,82.2185
1,b2,1,mask_acc_worst,74.7671
1,b2,2,mask_acc_worst,63.3362
1,b2,3,mask_acc_worst,59.6952
1,b2,4,mask_acc_worst,52.1592
1,b2,5,mask_acc_worst,44.4539
1,b2,6,mask_acc_worst,31.3294
1,b2,0,mask_acc_median,82.2185
1,b2,1,mask_acc_median,80.1016
1,b2,2,mask_acc_median,74.6825
1,b2,3,mask_acc_median,73.3277
1,b2,4,mask_acc_median,68.3319
1,b2,5,mask_acc_median,58.3404
1,b2,6,mask_acc_median,47.2904
1,b2,0,mask_acc_p05,82.2185
1,b2,1,mask_acc_p05,75.3726
1,b2,2,mask_acc_p05,67.3412
1,b2,3,mask_acc_p05,65.4191
1,b2,4,mask_acc_p05,54.3861
1,b2,5,mask_acc_p05,49.1871
1,b2,6,mask_acc_p05,38.442
1,b2,0,mask_cov_worst,71.7189
1,b2,1,mask_cov_worst,62.066
1,b2,2,mask_cov_worst,42.7604
1,b2,3,mask_cov_worst,35.7324
1,b2,4,mask_cov_worst,27.5191
1,b2,5,mask_cov_worst,20.4911
1,b2,6,mask_cov_worst,7.95936
1,b2,0,mask_sel_risk_worst,8.50059
1,b2,1,mask_sel_risk_worst,12.5512
1,b2,2,mask_sel_risk_worst,18.2178
1,b2,3,mask_sel_risk_worst,26.378
1,b2,4,mask_sel_risk_worst,29.2576
1,b2,5,mask_sel_risk_worst,58.2645
1,b2,6,mask_sel_risk_worst,72.8
1,b2,0,mask_sel_risk_median,8.50059
1,b2,1,mask_sel_risk_median,9.85577
1,b2,2,mask_sel_risk_median,12.24
1,b2,3,mask_sel_risk_median,12.9153
1,b2,4,mask_sel_risk_median,14.5522
1,b2,5,mask_sel_risk_median,25.0934
1,b2,6,mask_sel_risk_median,37.5599
1,b2,0,cls_cov_min,31.8681
1,b2,1,cls_cov_min,29.8764
1,b2,2,cls_cov_min,24.8626
1,b2,3,cls_cov_min,29.636
1,b2,4,cls_cov_min,25.4654
1,b2,5,cls_cov_min,15.625
1,b2,6,cls_cov_min,7.58929
1,b2,0,cls_cov_macro,71.5367
1,b2,1,cls_cov_macro,67.2979
1,b2,2,cls_cov_macro,57.2764
1,b2,3,cls_cov_macro,53.6124
1,b2,4,cls_cov_macro,43.702
1,b2,5,cls_cov_macro,33.6753
1,b2,6,cls_cov_macro,19.3793
1,b2,0,cls_zero_cov_n,0
1,b2,1,cls_zero_cov_n,0
1,b2,2,cls_zero_cov_n,0
1,b2,3,cls_zero_cov_n,0
1,b2,4,cls_zero_cov_n,0
1,b2,5,cls_zero_cov_n,0
1,b2,6,cls_zero_cov_n,0
1,b2,0,cls_sel_risk_max,100
1,b2,1,cls_sel_risk_max,100
1,b2,2,cls_sel_risk_max,100
1,b2,3,cls_sel_risk_max,75.4011
1,b2,4,cls_sel_risk_max,76
1,b2,5,cls_sel_risk_max,79.6117
1,b2,6,cls_sel_risk_max,83.1919
1,b2,0,cls_sel_risk_macro,21.3335
1,b2,1,cls_sel_risk_macro,23.7339
1,b2,2,cls_sel_risk_macro,27.286
1,b2,3,cls_sel_risk_macro,26.4682
1,b2,4,cls_sel_risk_macro,28.0644
1,b2,5,cls_sel_risk_macro,41.1173
1,b2,6,cls_sel_risk_macro,49.6205
1,b2,0,plugin_threshold,0.623094
1,b2,1,plugin_threshold,0.662471
1,b2,2,plugin_threshold,0.754694
1,b2,3,plugin_threshold,0.754873
1,b2,4,plugin_threshold,0.787972
1,b2,5,plugin_threshold,0.921595
1,b2,6,plugin_threshold,inf
1,b2,0,crc_threshold,0.620832
1,b2,1,crc_threshold,0.626841
1,b2,2,crc_threshold,0.650952
1,b2,3,crc_threshold,0.654464
1,b2,4,crc_threshold,0.626608
1,b2,5,crc_threshold,0.61686
1,b2,6,crc_threshold,0.622983
1,b2m,0,acc,83.1499
1,b2m,1,acc,81.6284
1,b2m,2,acc,77.4555
1,b2m,3,acc,76.495
1,b2m,4,acc,73.2271
1,b2m,5,acc,64.0823
1,b2m,6,acc,56.033
1,b2m,0,aurc,6.789
1,b2m,1,aurc,7.09825
1,b2m,2,aurc,8.49309
1,b2m,3,aurc,9.73438
1,b2m,4,aurc,11.2039
1,b2m,5,aurc,18.9159
1,b2m,6,aurc,27.1283
1,b2m,0,augrc,4.38706
1,b2m,1,augrc,4.74692
1,b2m,2,augrc,5.96216
1,b2m,3,augrc,6.65794
1,b2m,4,augrc,7.85075
1,b2m,5,augrc,12.4388
1,b2m,6,augrc,16.8335
1,b2m,0,auroc,78.8714
1,b2m,1,auroc,79.6052
1,b2m,2,auroc,80.4129
1,b2m,3,auroc,78.3363
1,b2m,4,auroc,78.2383
1,b2m,5,auroc,73.9847
1,b2m,6,auroc,70.9071
1,b2m,0,plugin_coverage,74.5978
1,b2m,1,plugin_coverage,70.9489
1,b2m,2,plugin_coverage,55.9748
1,b2m,3,plugin_coverage,51.6009
1,b2m,4,plugin_coverage,40.9081
1,b2m,5,plugin_coverage,21.7983
1,b2m,6,plugin_coverage,3.29964
1,b2m,0,plugin_cond_risk,7.83201
1,b2m,1,plugin_cond_risk,8.32432
1,b2m,2,plugin_cond_risk,7.73376
1,b2m,3,plugin_cond_risk,8.64571
1,b2m,4,plugin_cond_risk,7.48383
1,b2m,5,plugin_cond_risk,8.69143
1,b2m,6,plugin_cond_risk,6.09463
1,b2m,0,crc_calib_bound,9.88598
1,b2m,1,crc_calib_bound,9.98933
1,b2m,2,crc_calib_bound,9.87099
1,b2m,3,crc_calib_bound,9.9803
1,b2m,4,crc_calib_bound,9.90395
1,b2m,5,crc_calib_bound,9.93593
1,b2m,6,crc_calib_bound,9.92078
1,b2m,0,crc_eval_joint_risk,6.07292
1,b2m,1,crc_eval_joint_risk,6.18782
1,b2m,2,crc_eval_joint_risk,6.66809
1,b2m,3,crc_eval_joint_risk,6.88305
1,b2m,4,crc_eval_joint_risk,6.98598
1,b2m,5,crc_eval_joint_risk,7.40973
1,b2m,6,crc_eval_joint_risk,6.82145
1,b2m,0,crc_coverage,72.1561
1,b2m,1,crc_coverage,69.6747
1,b2m,2,crc_coverage,63.4297
1,b2m,3,crc_coverage,60.6139
1,b2m,4,crc_coverage,56.156
1,b2m,5,crc_coverage,43.741
1,b2m,6,crc_coverage,33.527
1,b2m,0,crc_sel_risk,8.41636
1,b2m,1,crc_sel_risk,8.88102
1,b2m,2,crc_sel_risk,10.5126
1,b2m,3,crc_sel_risk,11.3556
1,b2m,4,crc_sel_risk,12.4403
1,b2m,5,crc_sel_risk,16.94
1,b2m,6,crc_sel_risk,20.3462
1,b2m,0,crc_feasible,1
1,b2m,1,crc_feasible,1
1,b2m,2,crc_feasible,1
1,b2m,3,crc_feasible,1
1,b2m,4,crc_feasible,1
1,b2m,5,crc_feasible,1
1,b2m,6,crc_feasible,1
1,b2m,0,crc_units,26
1,b2m,1,crc_units,26
1,b2m,2,crc_units,26
1,b2m,3,crc_units,26
1,b2m,4,crc_units,26
1,b2m,5,crc_units,26
1,b2m,6,crc_units,26
1,b2m,0,crc_positive_coverage,1
1,b2m,1,crc_positive_coverage,1
1,b2m,2,crc_positive_coverage,1
1,b2m,3,crc_positive_coverage,1
1,b2m,4,crc_positive_coverage,1
1,b2m,5,crc_positive_coverage,1
1,b2m,6,crc_positive_coverage,1
1,b2m,0,crcmask_calib_bound,nan
1,b2m,1,crcmask_calib_bound,9.98429
1,b2m,2,crcmask_calib_bound,9.96793
1,b2m,3,crcmask_calib_bound,9.88612
1,b2m,4,crcmask_calib_bound,9.9123
1,b2m,5,crcmask_calib_bound,9.93193
1,b2m,6,crcmask_calib_bound,9.94175
1,b2m,0,crcmask_eval_joint_risk,nan
1,b2m,1,crcmask_eval_joint_risk,8.31922
1,b2m,2,crcmask_eval_joint_risk,7.72121
1,b2m,3,crcmask_eval_joint_risk,8.11812
1,b2m,4,crcmask_eval_joint_risk,8.77699
1,b2m,5,crcmask_eval_joint_risk,9.5417
1,b2m,6,crcmask_eval_joint_risk,8.8061
1,b2m,0,crcmask_coverage,nan
1,b2m,1,crcmask_coverage,79.0564
1,b2m,2,crcmask_coverage,72.4915
1,b2m,3,crcmask_coverage,67.2682
1,b2m,4,crcmask_coverage,61.2987
1,b2m,5,crcmask_coverage,47.5497
1,b2m,6,crcmask_coverage,37.7064
1,b2m,0,crcmask_sel_risk,nan
1,b2m,1,crcmask_sel_risk,10.5231
1,b2m,2,crcmask_sel_risk,10.6512
1,b2m,3,crcmask_sel_risk,12.0683
1,b2m,4,crcmask_sel_risk,14.3184
1,b2m,5,crcmask_sel_risk,20.0668
1,b2m,6,crcmask_sel_risk,23.3544
1,b2m,0,crcmask_feasible,nan
1,b2m,1,crcmask_feasible,1
1,b2m,2,crcmask_feasible,1
1,b2m,3,crcmask_feasible,1
1,b2m,4,crcmask_feasible,1
1,b2m,5,crcmask_feasible,1
1,b2m,6,crcmask_feasible,1
1,b2m,0,crcmask_units,nan
1,b2m,1,crcmask_units,32
1,b2m,2,crcmask_units,32
1,b2m,3,crcmask_units,32
1,b2m,4,crcmask_units,32
1,b2m,5,crcmask_units,32
1,b2m,6,crcmask_units,32
1,b2m,0,crcmask_alpha_floor,nan
1,b2m,1,crcmask_alpha_floor,3.0303
1,b2m,2,crcmask_alpha_floor,3.0303
1,b2m,3,crcmask_alpha_floor,3.0303
1,b2m,4,crcmask_alpha_floor,3.0303
1,b2m,5,crcmask_alpha_floor,3.0303
1,b2m,6,crcmask_alpha_floor,3.0303
1,b2m,0,crcmask_positive_coverage,nan
1,b2m,1,crcmask_positive_coverage,1
1,b2m,2,crcmask_positive_coverage,1
1,b2m,3,crcmask_positive_coverage,1
1,b2m,4,crcmask_positive_coverage,1
1,b2m,5,crcmask_positive_coverage,1
1,b2m,6,crcmask_positive_coverage,1
1,b2m,0,temperature,1.65394
1,b2m,1,temperature,1.52965
1,b2m,2,temperature,1.42507
1,b2m,3,temperature,1.30781
1,b2m,4,temperature,1.34644
1,b2m,5,temperature,1.31984
1,b2m,6,temperature,1.38671
1,b2m,0,plugin_neff,74
1,b2m,1,plugin_neff,73
1,b2m,2,plugin_neff,52
1,b2m,3,plugin_neff,56
1,b2m,4,plugin_neff,43
1,b2m,5,plugin_neff,32
1,b2m,6,plugin_neff,19
1,b2m,0,plugin_icc,0.24864
1,b2m,1,plugin_icc,0.26169
1,b2m,2,plugin_icc,0.304959
1,b2m,3,plugin_icc,0.27292
1,b2m,4,plugin_icc,0.291023
1,b2m,5,plugin_icc,0.24313
1,b2m,6,plugin_icc,0.213391
1,b2m,0,plugin_eff_target,6.50607
1,b2m,1,plugin_eff_target,6.49186
1,b2m,2,plugin_eff_target,5.84689
1,b2m,3,plugin_eff_target,5.97712
1,b2m,4,plugin_eff_target,5.45039
1,b2m,5,plugin_eff_target,4.72552
1,b2m,6,plugin_eff_target,3.16699
1,b2m,0,plugin_positive_coverage,1
1,b2m,1,plugin_positive_coverage,1
1,b2m,2,plugin_positive_coverage,1
1,b2m,3,plugin_positive_coverage,1
1,b2m,4,plugin_positive_coverage,1
1,b2m,5,plugin_positive_coverage,1
1,b2m,6,plugin_positive_coverage,1
1,b2m,0,plugin_degenerate,0
1,b2m,1,plugin_degenerate,0
1,b2m,2,plugin_degenerate,0
1,b2m,3,plugin_degenerate,0
1,b2m,4,plugin_degenerate,0
1,b2m,5,plugin_degenerate,0
1,b2m,6,plugin_degenerate,0
1,b2m,0,mask_acc_worst,83.1499
1,b2m,1,mask_acc_worst,75.9526
1,b2m,2,mask_acc_worst,69.348
1,b2m,3,mask_acc_worst,65.7917
1,b2m,4,mask_acc_worst,59.9492
1,b2m,5,mask_acc_worst,53.0906
1,b2m,6,mask_acc_worst,43.6918
1,b2m,0,mask_acc_median,83.1499
1,b2m,1,mask_acc_median,81.8798
1,b2m,2,mask_acc_median,78.6622
1,b2m,3,mask_acc_median,76.884
1,b2m,4,mask_acc_median,74.2591
1,b2m,5,mask_acc_median,64.6909
1,b2m,6,mask_acc_median,54.7841
1,b2m,0,mask_acc_p05,83.1499
1,b2m,1,mask_acc_p05,78.0948
1,b2m,2,mask_acc_p05,70.6054
1,b2m,3,mask_acc_p05,70.4572
1,b2m,4,mask_acc_p05,64.2633
1,b2m,5,mask_acc_p05,57.7604
1,b2m,6,mask_acc_p05,48.497
1,b2m,0,mask_cov_worst,72.8196
1,b2m,1,mask_cov_worst,62.6588
1,b2m,2,mask_cov_worst,52.2439
1,b2m,3,mask_cov_worst,46.7401
1,b2m,4,mask_cov_worst,42.083
1,b2m,5,mask_cov_worst,24.0474
1,b2m,6,mask_cov_worst,12.9551
1,b2m,0,mask_sel_risk_worst,7.55814
1,b2m,1,mask_sel_risk_worst,9.72973
1,b2m,2,mask_sel_risk_worst,13.9384
1,b2m,3,mask_sel_risk_worst,20.1087
1,b2m,4,mask_sel_risk_worst,23.2053
1,b2m,5,mask_sel_risk_worst,31.6901
1,b2m,6,mask_sel_risk_worst,37.2587
1,b2m,0,mask_sel_risk_median,7.55814
1,b2m,1,mask_sel_risk_median,8.15155
1,b2m,2,mask_sel_risk_median,9.61246
1,b2m,3,mask_sel_risk_median,10.1938
1,b2m,4,mask_sel_risk_median,11.5998
1,b2m,5,mask_sel_risk_median,16.4174
1,b2m,6,mask_sel_risk_median,21.9136
1,b2m,0,cls_cov_min,0
1,b2m,1,cls_cov_min,14.0625
1,b2m,2,cls_cov_min,27.3008
1,b2m,3,cls_cov_min,28.125
1,b2m,4,cls_cov_min,28.125
1,b2m,5,cls_cov_min,21.875
1,b2m,6,cls_cov_min,14.7321
1,b2m,0,cls_cov_macro,68.1979
1,b2m,1,cls_cov_macro,66.2416
1,b2m,2,cls_cov_macro,60.6286
1,b2m,3,cls_cov_macro,56.5886
1,b2m,4,cls_cov_macro,51.0362
1,b2m,5,cls_cov_macro,39.6105
1,b2m,6,cls_cov_macro,30.7083
1,b2m,0,cls_zero_cov_n,1
1,b2m,1,cls_zero_cov_n,0
1,b2m,2,cls_zero_cov_n,0
1,b2m,3,cls_zero_cov_n,0
1,b2m,4,cls_zero_cov_n,0
1,b2m,5,cls_zero_cov_n,0
1,b2m,6,cls_zero_cov_n,0
1,b2m,0,cls_sel_risk_max,75
1,b2m,1,cls_sel_risk_max,74.1228
1,b2m,2,cls_sel_risk_max,77.1429
1,b2m,3,cls_sel_risk_max,70.1863
1,b2m,4,cls_sel_risk_max,68.0851
1,b2m,5,cls_sel_risk_max,71.1538
1,b2m,6,cls_sel_risk_max,75.8475
1,b2m,0,cls_sel_risk_macro,15.4245
1,b2m,1,cls_sel_risk_macro,16.5301
1,b2m,2,cls_sel_risk_macro,22.7051
1,b2m,3,cls_sel_risk_macro,21.2761
1,b2m,4,cls_sel_risk_macro,23.0932
1,b2m,5,cls_sel_risk_macro,32.2679
1,b2m,6,cls_sel_risk_macro,39.8774
1,b2m,0,plugin_threshold,0.63738
1,b2m,1,plugin_threshold,0.647581
1,b2m,2,plugin_threshold,0.720729
1,b2m,3,plugin_threshold,0.741157
1,b2m,4,plugin_threshold,0.742867
1,b2m,5,plugin_threshold,0.811536
1,b2m,6,plugin_threshold,0.910165
1,b2m,0,crc_threshold,0.652184
1,b2m,1,crc_threshold,0.647397
1,b2m,2,crc_threshold,0.655697
1,b2m,3,crc_threshold,0.671072
1,b2m,4,crc_threshold,0.633081
1,b2m,5,crc_threshold,0.635994
1,b2m,6,crc_threshold,0.603339
2,proposed,0,acc,80.9607
2,proposed,1,acc,79.3614
2,proposed,2,acc,77.6419
2,proposed,3,acc,74.1867
2,proposed,4,acc,72.1425
2,proposed,5,acc,67.399
2,proposed,6,acc,56.0917
2,proposed,0,aurc,5.96414
2,proposed,1,aurc,7.13152
2,proposed,2,aurc,8.51496
2,proposed,3,aurc,10.9299
2,proposed,4,aurc,12.4897
2,proposed,5,aurc,17.6787
2,proposed,6,aurc,30.0647
2,proposed,0,augrc,4.63218
2,proposed,1,augrc,5.36329
2,proposed,2,augrc,6.195
2,proposed,3,augrc,7.72032
2,proposed,4,augrc,8.62946
2,proposed,5,augrc,11.2798
2,proposed,6,augrc,17.683
2,proposed,0,auroc,81.7612
2,proposed,1,auroc,80.2655
2,proposed,2,auroc,78.7143
2,proposed,3,auroc,77.0848
2,proposed,4,auroc,76.3706
2,proposed,5,auroc,72.8516
2,proposed,6,auroc,67.345
2,proposed,0,plugin_coverage,51.9651
2,proposed,1,plugin_coverage,49.5524
2,proposed,2,plugin_coverage,44.3941
2,proposed,3,plugin_coverage,31.8341
2,proposed,4,plugin_coverage,18.8291
2,proposed,5,plugin_coverage,9.84716
2,proposed,6,plugin_coverage,0
2,proposed,0,plugin_cond_risk,4.03361
2,proposed,1,plugin_cond_risk,5.00661
2,proposed,2,plugin_cond_risk,5.1457
2,proposed,3,plugin_cond_risk,4.56104
2,proposed,4,plugin_cond_risk,2.8265
2,proposed,5,plugin_cond_risk,4.65632
2,proposed,6,plugin_cond_risk,nan
2,proposed,0,crc_calib_bound,9.86017
2,proposed,1,crc_calib_bound,9.92289
2,proposed,2,crc_calib_bound,9.92317
2,proposed,3,crc_calib_bound,9.84209
2,proposed,4,crc_calib_bound,9.84713
2,proposed,5,crc_calib_bound,9.87436
2,proposed,6,crc_calib_bound,9.9265
2,proposed,0,crc_eval_joint_risk,4.06968
2,proposed,1,crc_eval_joint_risk,5.18107
2,proposed,2,crc_eval_joint_risk,5.89235
2,proposed,3,crc_eval_joint_risk,6.20764
2,proposed,4,crc_eval_joint_risk,6.08791
2,proposed,5,crc_eval_joint_risk,7.6226
2,proposed,6,crc_eval_joint_risk,7.94302
2,proposed,0,crc_coverage,62.0664
2,proposed,1,crc_coverage,60.9475
2,proposed,2,crc_coverage,58.7187
2,proposed,3,crc_coverage,53.5055
2,proposed,4,crc_coverage,49.0169
2,proposed,5,crc_coverage,43.0474
2,proposed,6,crc_coverage,30.1759
2,proposed,0,crc_sel_risk,6.55698
2,proposed,1,crc_sel_risk,8.50087
2,proposed,2,crc_sel_risk,10.0349
2,proposed,3,crc_sel_risk,11.6019
2,proposed,4,crc_sel_risk,12.42
2,proposed,5,crc_sel_risk,17.7074
2,proposed,6,crc_sel_risk,26.3224
2,proposed,0,crc_feasible,1
2,proposed,1,crc_feasible,1
2,proposed,2,crc_feasible,1
2,proposed,3,crc_feasible,1
2,proposed,4,crc_feasible,1
2,proposed,5,crc_feasible,1
2,proposed,6,crc_feasible,1
2,proposed,0,crc_units,27
2,proposed,1,crc_units,27
2,proposed,2,crc_units,27
2,proposed,3,crc_units,27
2,proposed,4,crc_units,27
2,proposed,5,crc_units,27
2,proposed,6,crc_units,27
2,proposed,0,crc_positive_coverage,1
2,proposed,1,crc_positive_coverage,1
2,proposed,2,crc_positive_coverage,1
2,proposed,3,crc_positive_coverage,1
2,proposed,4,crc_positive_coverage,1
2,proposed,5,crc_positive_coverage,1
2,proposed,6,crc_positive_coverage,1
2,proposed,0,crcmask_calib_bound,nan
2,proposed,1,crcmask_calib_bound,9.96184
2,proposed,2,crcmask_calib_bound,9.8319
2,proposed,3,crcmask_calib_bound,9.9342
2,proposed,4,crcmask_calib_bound,9.8236
2,proposed,5,crcmask_calib_bound,9.96461
2,proposed,6,crcmask_calib_bound,9.92867
2,proposed,0,crcmask_eval_joint_risk,nan
2,proposed,1,crcmask_eval_joint_risk,6.05622
2,proposed,2,crcmask_eval_joint_risk,6.66758
2,proposed,3,crcmask_eval_joint_risk,6.95688
2,proposed,4,crcmask_eval_joint_risk,6.9405
2,proposed,5,crcmask_eval_joint_risk,8.25328
2,proposed,6,crcmask_eval_joint_risk,7.4809
2,proposed,0,crcmask_coverage,nan
2,proposed,1,crcmask_coverage,63.8755
2,proposed,2,crcmask_coverage,61.9078
2,proposed,3,crcmask_coverage,56.8286
2,proposed,4,crcmask_coverage,52.4154
2,proposed,5,crcmask_coverage,44.6807
2,proposed,6,crcmask_coverage,33.8346
2,proposed,0,crcmask_sel_risk,nan
2,proposed,1,crcmask_sel_risk,9.48129
2,proposed,2,crcmask_sel_risk,10.7702
2,proposed,3,crcmask_sel_risk,12.2419
2,proposed,4,crcmask_sel_risk,13.2413
2,proposed,5,crcmask_sel_risk,18.4717
2,proposed,6,crcmask_sel_risk,22.1102
2,proposed,0,crcmask_feasible,nan
2,proposed,1,crcmask_feasible,1
2,proposed,2,crcmask_feasible,1
2,proposed,3,crcmask_feasible,1
2,proposed,4,crcmask_feasible,1
2,proposed,5,crcmask_feasible,1
2,proposed,6,crcmask_feasible,1
2,proposed,0,crcmask_units,nan
2,proposed,1,crcmask_units,32
2,proposed,2,crcmask_units,32
2,proposed,3,crcmask_units,32
2,proposed,4,crcmask_units,32
2,proposed,5,crcmask_units,32
2,proposed,6,crcmask_units,32
2,proposed,0,crcmask_alpha_floor,nan
2,proposed,1,crcmask_alpha_floor,3.0303
2,proposed,2,crcmask_alpha_floor,3.0303
2,proposed,3,crcmask_alpha_floor,3.0303
2,proposed,4,crcmask_alpha_floor,3.0303
2,proposed,5,crcmask_alpha_floor,3.0303
2,proposed,6,crcmask_alpha_floor,3.0303
2,proposed,0,crcmask_positive_coverage,nan
2,proposed,1,crcmask_positive_coverage,1
2,proposed,2,crcmask_positive_coverage,1
2,proposed,3,crcmask_positive_coverage,1
2,proposed,4,crcmask_positive_coverage,1
2,proposed,5,crcmask_positive_coverage,1
2,proposed,6,crcmask_positive_coverage,1
2,proposed,0,temperature,1.04652
2,proposed,1,temperature,1.07318
2,proposed,2,temperature,1.12124
2,proposed,3,temperature,1.15657
2,proposed,4,temperature,1.28657
2,proposed,5,temperature,1.50921
2,proposed,6,temperature,1.68325
2,proposed,0,plugin_neff,44
2,proposed,1,plugin_neff,46
2,proposed,2,plugin_neff,45
2,proposed,3,plugin_neff,34
2,proposed,4,plugin_neff,24
2,proposed,5,plugin_neff,19
2,proposed,6,plugin_neff,2
2,proposed,0,plugin_icc,0.300188
2,proposed,1,plugin_icc,0.300149
2,proposed,2,plugin_icc,0.282941
2,proposed,3,plugin_icc,0.272862
2,proposed,4,plugin_icc,0.24942
2,proposed,5,plugin_icc,0.234346
2,proposed,6,plugin_icc,0.166915
2,proposed,0,plugin_eff_target,5.50213
2,proposed,1,plugin_eff_target,5.56551
2,proposed,2,plugin_eff_target,5.54764
2,proposed,3,plugin_eff_target,4.87014
2,proposed,4,plugin_eff_target,3.87357
2,proposed,5,plugin_eff_target,3.18101
2,proposed,6,plugin_eff_target,0
2,proposed,0,plugin_positive_coverage,1
2,proposed,1,plugin_positive_coverage,1
2,proposed,2,plugin_positive_coverage,1
2,proposed,3,plugin_positive_coverage,1
2,proposed,4,plugin_positive_coverage,1
2,proposed,5,plugin_positive_coverage,1
2,proposed,6,plugin_positive_coverage,0
2,proposed,0,plugin_degenerate,0
2,proposed,1,plugin_degenerate,0
2,proposed,2,plugin_degenerate,0
2,proposed,3,plugin_degenerate,0
2,proposed,4,plugin_degenerate,0
2,proposed,5,plugin_degenerate,0
2,proposed,6,plugin_degenerate,1
2,proposed,0,mask_acc_worst,80.9607
2,proposed,1,mask_acc_worst,78.2533
2,proposed,2,mask_acc_worst,71.441
2,proposed,3,mask_acc_worst,66.5502
2,proposed,4,mask_acc_worst,64.4541
2,proposed,5,mask_acc_worst,55.1965
2,proposed,6,mask_acc_worst,32.4891
2,proposed,0,mask_acc_median,80.9607
2,proposed,1,mask_acc_median,79.476
2,proposed,2,mask_acc_median,77.7293
2,proposed,3,mask_acc_median,74.7598
2,proposed,4,mask_acc_median,72.6201
2,proposed,5,mask_acc_median,67.7729
2,proposed,6,mask_acc_median,56.6812
2,proposed,0,mask_acc_p05,80.9607
2,proposed,1,mask_acc_p05,78.2533
2,proposed,2,mask_acc_p05,75.262
2,proposed,3,mask_acc_p05,66.8297
2,proposed,4,mask_acc_p05,66.1004
2,proposed,5,mask_acc_p05,59.1878
2,proposed,6,mask_acc_p05,39.917
2,proposed,0,mask_cov_worst,62.1834
2,proposed,1,mask_cov_worst,56.8559
2,proposed,2,mask_cov_worst,46.8996
2,proposed,3,mask_cov_worst,44.2795
2,proposed,4,mask_cov_worst,32.2271
2,proposed,5,mask_cov_worst,27.0742
2,proposed,6,mask_cov_worst,13.7118
2,proposed,0,mask_sel_risk_worst,6.74157
2,proposed,1,mask_sel_risk_worst,10.6707
2,proposed,2,mask_sel_risk_worst,14.9758
2,proposed,3,mask_sel_risk_worst,24.6073
2,proposed,4,mask_sel_risk_worst,23.2692
2,proposed,5,mask_sel_risk_worst,41.3793
2,proposed,6,mask_sel_risk_worst,79.6296
2,proposed,0,mask_sel_risk_median,6.74157
2,proposed,1,mask_sel_risk_median,8.67052
2,proposed,2,mask_sel_risk_median,9.21162
2,proposed,3,mask_sel_risk_median,11.0255
2,proposed,4,mask_sel_risk_median,11.3596
2,proposed,5,mask_sel_risk_median,14.8827
2,proposed,6,mask_sel_risk_median,24.2718
2,proposed,0,cls_cov_min,0
2,proposed,1,cls_cov_min,0
2,proposed,2,cls_cov_min,0
2,proposed,3,cls_cov_min,0.78125
2,proposed,4,cls_cov_min,0.78125
2,proposed,5,cls_cov_min,3.125
2,proposed,6,cls_cov_min,0.78125
2,proposed,0,cls_cov_macro,62.7469
2,proposed,1,cls_cov_macro,60.8623
2,proposed,2,cls_cov_macro,58.5903
2,proposed,3,cls_cov_macro,53.1057
2,proposed,4,cls_cov_macro,48.0514
2,proposed,5,cls_cov_macro,41.527
2,proposed,6,cls_cov_macro,27.2808
2,proposed,0,cls_zero_cov_n,2
2,proposed,1,cls_zero_cov_n,1
2,proposed,2,cls_zero_cov_n,1
2,proposed,3,cls_zero_cov_n,0
2,proposed,4,cls_zero_cov_n,0
2,proposed,5,cls_zero_cov_n,0
2,proposed,6,cls_zero_cov_n,0
2,proposed,0,cls_sel_risk_max,45.9459
2,proposed,1,cls_sel_risk_max,55.3049
2,proposed,2,cls_sel_risk_max,75
2,proposed,3,cls_sel_risk_max,100
2,proposed,4,cls_sel_risk_max,100
2,proposed,5,cls_sel_risk_max,100
2,proposed,6,cls_sel_risk_max,100
2,proposed,0,cls_sel_risk_macro,9.24998
2,proposed,1,cls_sel_risk_macro,14.2493
2,proposed,2,cls_sel_risk_macro,17.6779
2,proposed,3,cls_sel_risk_macro,27.9843
2,proposed,4,cls_sel_risk_macro,30.5236
2,proposed,5,cls_sel_risk_macro,34.9537
2,proposed,6,cls_sel_risk_macro,45.0272
2,proposed,0,plugin_threshold,0.937364
2,proposed,1,plugin_threshold,0.932964
2,proposed,2,plugin_threshold,0.929867
2,proposed,3,plugin_threshold,0.953072
2,proposed,4,plugin_threshold,0.957935
2,proposed,5,plugin_threshold,0.939747
2,proposed,6,plugin_threshold,inf
2,proposed,0,crc_threshold,0.887502
2,proposed,1,crc_threshold,0.873438
2,proposed,2,crc_threshold,0.850088
2,proposed,3,crc_threshold,0.856744
2,proposed,4,crc_threshold,0.820999
2,proposed,5,crc_threshold,0.75849
2,proposed,6,crc_threshold,0.753072
2,b2,0,acc,85.0655
2,b2,1,acc,84.2658
2,b2,2,acc,82.5791
2,b2,3,acc,79.3532
2,b2,4,acc,73.548
2,b2,5,acc,68.4825
2,b2,6,acc,51.1217
2,b2,0,aurc,3.87707
2,b2,1,aurc,4.4904
2,b2,2,aurc,5.43962
2,b2,3,aurc,7.29861
2,b2,4,aurc,11.1332
2,b2,5,aurc,15.664
2,b2,6,aurc,35.4008
2,b2,0,augrc,2.90872
2,b2,1,augrc,3.33349
2,b2,2,augrc,4.02542
2,b2,3,augrc,5.28409
2,b2,4,augrc,7.77608
2,b2,5,augrc,10.4303
2,b2,6,augrc,20.6087
2,b2,0,auroc,85.9337
2,b2,1,auroc,84.2006
2,b2,2,auroc,82.5695
2,b2,3,auroc,80.7598
2,b2,4,auroc,78.0151
2,b2,5,auroc,74.689
2,b2,6,auroc,65.3327
2,b2,0,plugin_coverage,1.74672
2,b2,1,plugin_coverage,1.38373
2,b2,2,plugin_coverage,1.20906
2,b2,3,plugin_coverage,0.865175
2,b2,4,plugin_coverage,0.745087
2,b2,5,plugin_coverage,0.548581
2,b2,6,plugin_coverage,0
2,b2,0,plugin_cond_risk,0
2,b2,1,plugin_cond_risk,0
2,b2,2,plugin_cond_risk,0
2,b2,3,plugin_cond_risk,0
2,b2,4,plugin_cond_risk,0
2,b2,5,plugin_cond_risk,0
2,b2,6,plugin_cond_risk,nan
2,b2,0,crc_calib_bound,9.86821
2,b2,1,crc_calib_bound,9.87297
2,b2,2,crc_calib_bound,9.96197
2,b2,3,crc_calib_bound,9.9854
2,b2,4,crc_calib_bound,9.95398
2,b2,5,crc_calib_bound,9.92654
2,b2,6,crc_calib_bound,9.821
2,b2,0,crc_eval_joint_risk,1.91901
2,b2,1,crc_eval_joint_risk,2.41742
2,b2,2,crc_eval_joint_risk,2.83803
2,b2,3,crc_eval_joint_risk,2.76001
2,b2,4,crc_eval_joint_risk,3.30501
2,b2,5,crc_eval_joint_risk,2.68271
2,b2,6,crc_eval_joint_risk,4.74055
2,b2,0,crc_coverage,57.8877
2,b2,1,crc_coverage,53.8724
2,b2,2,crc_coverage,49.8321
2,b2,3,crc_coverage,41.3469
2,b2,4,crc_coverage,35.6406
2,b2,5,crc_coverage,25.2831
2,b2,6,crc_coverage,17.2445
2,b2,0,crc_sel_risk,3.31506
2,b2,1,crc_sel_risk,4.4873
2,b2,2,crc_sel_risk,5.69518
2,b2,3,crc_sel_risk,6.67525
2,b2,4,crc_sel_risk,9.27317
2,b2,5,crc_sel_risk,10.6107
2,b2,6,crc_sel_risk,27.4902
2,b2,0,crc_feasible,1
2,b2,1,crc_feasible,1
2,b2,2,crc_feasible,1
2,b2,3,crc_feasible,1
2,b2,4,crc_feasible,1
2,b2,5,crc_feasible,1
2,b2,6,crc_feasible,1
2,b2,0,crc_units,27
2,b2,1,crc_units,27
2,b2,2,crc_units,27
2,b2,3,crc_units,27
2,b2,4,crc_units,27
2,b2,5,crc_units,27
2,b2,6,crc_units,27
2,b2,0,crc_positive_coverage,1
2,b2,1,crc_positive_coverage,1
2,b2,2,crc_positive_coverage,1
2,b2,3,crc_positive_coverage,1
2,b2,4,crc_positive_coverage,1
2,b2,5,crc_positive_coverage,1
2,b2,6,crc_positive_coverage,1
2,b2,0,crcmask_calib_bound,nan
2,b2,1,crcmask_calib_bound,9.99779
2,b2,2,crcmask_calib_bound,9.94802
2,b2,3,crcmask_calib_bound,9.99779
2,b2,4,crcmask_calib_bound,9.91761
2,b2,5,crcmask_calib_bound,9.92867
2,b2,6,crcmask_calib_bound,9.85401
2,b2,0,crcmask_eval_joint_risk,nan
2,b2,1,crcmask_eval_joint_risk,2.89574
2,b2,2,crcmask_eval_joint_risk,3.26419
2,b2,3,crcmask_eval_joint_risk,3.37336
2,b2,4,crcmask_eval_joint_risk,3.71998
2,b2,5,crcmask_eval_joint_risk,4.25764
2,b2,6,crcmask_eval_joint_risk,5.44214
2,b2,0,crcmask_coverage,nan
2,b2,1,crcmask_coverage,63.8783
2,b2,2,crcmask_coverage,61.4629
2,b2,3,crcmask_coverage,53.4416
2,b2,4,crcmask_coverage,48.1468
2,b2,5,crcmask_coverage,33.3379
2,b2,6,crcmask_coverage,22.4536
2,b2,0,crcmask_sel_risk,nan
2,b2,1,crcmask_sel_risk,4.53322
2,b2,2,crcmask_sel_risk,5.31083
2,b2,3,crcmask_sel_risk,6.31224
2,b2,4,crcmask_sel_risk,7.72632
2,b2,5,crcmask_sel_risk,12.7712
2,b2,6,crcmask_sel_risk,24.2373
2,b2,0,crcmask_feasible,nan
2,b2,1,crcmask_feasible,1
2,b2,2,crcmask_feasible,1
2,b2,3,crcmask_feasible,1
2,b2,4,crcmask_feasible,1
2,b2,5,crcmask_feasible,1
2,b2,6,crcmask_feasible,1
2,b2,0,crcmask_units,nan
2,b2,1,crcmask_units,32
2,b2,2,crcmask_units,32
2,b2,3,crcmask_units,32
2,b2,4,crcmask_units,32
2,b2,5,crcmask_units,32
2,b2,6,crcmask_units,32
2,b2,0,crcmask_alpha_floor,nan
2,b2,1,crcmask_alpha_floor,3.0303
2,b2,2,crcmask_alpha_floor,3.0303
2,b2,3,crcmask_alpha_floor,3.0303
2,b2,4,crcmask_alpha_floor,3.0303
2,b2,5,crcmask_alpha_floor,3.0303
2,b2,6,crcmask_alpha_floor,3.0303
2,b2,0,crcmask_positive_coverage,nan
2,b2,1,crcmask_positive_coverage,1
2,b2,2,crcmask_positive_coverage,1
2,b2,3,crcmask_positive_coverage,1
2,b2,4,crcmask_positive_coverage,1
2,b2,5,crcmask_positive_coverage,1
2,b2,6,crcmask_positive_coverage,1
2,b2,0,temperature,1.30668
2,b2,1,temperature,1.25661
2,b2,2,temperature,1.2335
2,b2,3,temperature,1.21748
2,b2,4,temperature,1.28808
2,b2,5,temperature,1.40006
2,b2,6,temperature,1.56985
2,b2,0,plugin_neff,24
2,b2,1,plugin_neff,21
2,b2,2,plugin_neff,22
2,b2,3,plugin_neff,11
2,b2,4,plugin_neff,11
2,b2,5,plugin_neff,10
2,b2,6,plugin_neff,3
2,b2,0,plugin_icc,0.254602
2,b2,1,plugin_icc,0.28143
2,b2,2,plugin_icc,0.266407
2,b2,3,plugin_icc,0.227663
2,b2,4,plugin_icc,0.175332
2,b2,5,plugin_icc,0.146782
2,b2,6,plugin_icc,0.114443
2,b2,0,plugin_eff_target,3.91608
2,b2,1,plugin_eff_target,3.41267
2,b2,2,plugin_eff_target,3.53124
2,b2,3,plugin_eff_target,1.10199
2,b2,4,plugin_eff_target,1.0561
2,b2,5,plugin_eff_target,0.648233
2,b2,6,plugin_eff_target,0
2,b2,0,plugin_positive_coverage,1
2,b2,1,plugin_positive_coverage,1
2,b2,2,plugin_positive_coverage,1
2,b2,3,plugin_positive_coverage,1
2,b2,4,plugin_positive_coverage,1
2,b2,5,plugin_positive_coverage,1
2,b2,6,plugin_positive_coverage,0
2,b2,0,plugin_degenerate,0
2,b2,1,plugin_degenerate,0
2,b2,2,plugin_degenerate,0
2,b2,3,plugin_degenerate,0
2,b2,4,plugin_degenerate,0
2,b2,5,plugin_degenerate,0
2,b2,6,plugin_degenerate,1
2,b2,0,mask_acc_worst,85.0655
2,b2,1,mask_acc_worst,82.7948
2,b2,2,mask_acc_worst,80.4367
2,b2,3,mask_acc_worst,67.8603
2,b2,4,mask_acc_worst,53.1878
2,b2,5,mask_acc_worst,56.5066
2,b2,6,mask_acc_worst,36.5939
2,b2,0,mask_acc_median,85.0655
2,b2,1,mask_acc_median,84.0175
2,b2,2,mask_acc_median,82.9258
2,b2,3,mask_acc_median,80.5677
2,b2,4,mask_acc_median,76.5066
2,b2,5,mask_acc_median,68.4279
2,b2,6,mask_acc_median,48.2969
2,b2,0,mask_acc_p05,85.0655
2,b2,1,mask_acc_p05,82.7948
2,b2,2,mask_acc_p05,80.524
2,b2,3,mask_acc_p05,71.179
2,b2,4,mask_acc_p05,59.8341
2,b2,5,mask_acc_p05,60.1441
2,b2,6,mask_acc_p05,38.2751
2,b2,0,mask_cov_worst,61.8341
2,b2,1,mask_cov_worst,51.3537
2,b2,2,mask_cov_worst,42.0087
2,b2,3,mask_cov_worst,33.9738
2,b2,4,mask_cov_worst,24.4541
2,b2,5,mask_cov_worst,16.7686
2,b2,6,mask_cov_worst,4.62882
2,b2,0,mask_sel_risk_worst,2.54237
2,b2,1,mask_sel_risk_worst,4.69208
2,b2,2,mask_sel_risk_worst,6.04651
2,b2,3,mask_sel_risk_worst,9.5122
2,b2,4,mask_sel_risk_worst,19.5609
2,b2,5,mask_sel_risk_worst,15.2941
2,b2,6,mask_sel_risk_worst,81.6
2,b2,0,mask_sel_risk_median,2.54237
2,b2,1,mask_sel_risk_median,3.30827
2,b2,2,mask_sel_risk_median,4.29553
2,b2,3,mask_sel_risk_median,4.71381
2,b2,4,mask_sel_risk_median,6.62462
2,b2,5,mask_sel_risk_median,8.2573
2,b2,6,mask_sel_risk_median,21.956
2,b2,0,cls_cov_min,21.0526
2,b2,1,cls_cov_min,21.875
2,b2,2,cls_cov_min,20.2303
2,b2,3,cls_cov_min,10.9375
2,b2,4,cls_cov_min,7.03125
2,b2,5,cls_cov_min,1.5625
2,b2,6,cls_cov_min,0
2,b2,0,cls_cov_macro,60.2212
2,b2,1,cls_cov_macro,57.619
2,b2,2,cls_cov_macro,53.9916
2,b2,3,cls_cov_macro,44.4519
2,b2,4,cls_cov_macro,39.3484
2,b2,5,cls_cov_macro,27.9432
2,b2,6,cls_cov_macro,18.5389
2,b2,0,cls_zero_cov_n,0
2,b2,1,cls_zero_cov_n,0
2,b2,2,cls_zero_cov_n,0
2,b2,3,cls_zero_cov_n,0
2,b2,4,cls_zero_cov_n,0
2,b2,5,cls_zero_cov_n,0
2,b2,6,cls_zero_cov_n,1
2,b2,0,cls_sel_risk_max,50
2,b2,1,cls_sel_risk_max,53.0075
2,b2,2,cls_sel_risk_max,65.8537
2,b2,3,cls_sel_risk_max,68.0751
2,b2,4,cls_sel_risk_max,60.1036
2,b2,5,cls_sel_risk_max,66.9811
2,b2,6,cls_sel_risk_max,87.5817
2,b2,0,cls_sel_risk_macro,7.65348
2,b2,1,cls_sel_risk_macro,8.84778
2,b2,2,cls_sel_risk_macro,10.9947
2,b2,3,cls_sel_risk_macro,15.1364
2,b2,4,cls_sel_risk_macro,18.8972
2,b2,5,cls_sel_risk_macro,18.2508
2,b2,6,cls_sel_risk_macro,31.1303
2,b2,0,plugin_threshold,0.999391
2,b2,1,plugin_threshold,0.999179
2,b2,2,plugin_threshold,0.998707
2,b2,3,plugin_threshold,0.998295
2,b2,4,plugin_threshold,0.995743
2,b2,5,plugin_threshold,0.989877
2,b2,6,plugin_threshold,inf
2,b2,0,crc_threshold,0.808673
2,b2,1,crc_threshold,0.800843
2,b2,2,crc_threshold,0.78766
2,b2,3,crc_threshold,0.787618
2,b2,4,crc_threshold,0.743321
2,b2,5,crc_threshold,0.718221
2,b2,6,crc_threshold,0.671337
2,b2m,0,acc,86.7249
2,b2m,1,acc,85.5377
2,b2m,2,acc,84.0639
2,b2m,3,acc,80.6905
2,b2m,4,acc,78.1687
2,b2m,5,acc,74.0475
2,b2m,6,acc,59.4978
2,b2m,0,aurc,3.41511
2,b2m,1,aurc,4.04519
2,b2m,2,aurc,4.53496
2,b2m,3,aurc,6.37462
2,b2m,4,aurc,8.12125
2,b2m,5,aurc,11.2045
2,b2m,6,aurc,24.5806
2,b2m,0,augrc,2.55274
2,b2m,1,augrc,2.95615
2,b2m,2,augrc,3.41308
2,b2m,3,augrc,4.65005
2,b2m,4,augrc,5.80349
2,b2m,5,augrc,7.73705
2,b2m,6,augrc,15.2758
2,b2m,0,auroc,85.531
2,b2m,1,auroc,84.5642
2,b2m,2,auroc,84.0042
2,b2m,3,auroc,82.1227
2,b2m,4,auroc,79.9586
2,b2m,5,auroc,77.265
2,b2m,6,auroc,70.6489
2,b2m,0,plugin_coverage,19.738
2,b2m,1,plugin_coverage,15.3166
2,b2m,2,plugin_coverage,14.3122
2,b2m,3,plugin_coverage,6.58843
2,b2m,4,plugin_coverage,4.61517
2,b2m,5,plugin_coverage,1.88046
2,b2m,6,plugin_coverage,0
2,b2m,0,plugin_cond_risk,0.884956
2,b2m,1,plugin_cond_risk,1.42552
2,b2m,2,plugin_cond_risk,0.667429
2,b2m,3,plugin_cond_risk,0.4971
2,b2m,4,plugin_cond_risk,0.532229
2,b2m,5,plugin_cond_risk,0.725689
2,b2m,6,plugin_cond_risk,nan
2,b2m,0,crc_calib_bound,9.90896
2,b2m,1,crc_calib_bound,9.93076
2,b2m,2,crc_calib_bound,9.77799
2,b2m,3,crc_calib_bound,9.93314
2,b2m,4,crc_calib_bound,9.99155
2,b2m,5,crc_calib_bound,9.99674
2,b2m,6,crc_calib_bound,9.89166
2,b2m,0,crc_eval_joint_risk,2.35618
2,b2m,1,crc_eval_joint_risk,2.53307
2,b2m,2,crc_eval_joint_risk,2.7123
2,b2m,3,crc_eval_joint_risk,2.75391
2,b2m,4,crc_eval_joint_risk,2.79332
2,b2m,5,crc_eval_joint_risk,2.59195
2,b2m,6,crc_eval_joint_risk,3.07952
2,b2m,0,crc_coverage,60.8486
2,b2m,1,crc_coverage,58.0587
2,b2m,2,crc_coverage,54.7161
2,b2m,3,crc_coverage,47.7384
2,b2m,4,crc_coverage,41.8875
2,b2m,5,crc_coverage,31.7118
2,b2m,6,crc_coverage,20.1361
2,b2m,0,crc_sel_risk,3.8722
2,b2m,1,crc_sel_risk,4.36294
2,b2m,2,crc_sel_risk,4.95704
2,b2m,3,crc_sel_risk,5.76876
2,b2m,4,crc_sel_risk,6.66862
2,b2m,5,crc_sel_risk,8.17347
2,b2m,6,crc_sel_risk,15.2936
2,b2m,0,crc_feasible,1
2,b2m,1,crc_feasible,1
2,b2m,2,crc_feasible,1
2,b2m,3,crc_feasible,1
2,b2m,4,crc_feasible,1
2,b2m,5,crc_feasible,1
2,b2m,6,crc_feasible,1
2,b2m,0,crc_units,27
2,b2m,1,crc_units,27
2,b2m,2,crc_units,27
2,b2m,3,crc_units,27
2,b2m,4,crc_units,27
2,b2m,5,crc_units,27
2,b2m,6,crc_units,27
2,b2m,0,crc_positive_coverage,1
2,b2m,1,crc_positive_coverage,1
2,b2m,2,crc_positive_coverage,1
2,b2m,3,crc_positive_coverage,1
2,b2m,4,crc_positive_coverage,1
2,b2m,5,crc_positive_coverage,1
2,b2m,6,crc_positive_coverage,1
2,b2m,0,crcmask_calib_bound,nan
2,b2m,1,crcmask_calib_bound,9.88443
2,b2m,2,crcmask_calib_bound,9.94526
2,b2m,3,crcmask_calib_bound,9.89825
2,b2m,4,crcmask_calib_bound,9.88719
2,b2m,5,crcmask_calib_bound,9.87337
2,b2m,6,crcmask_calib_bound,9.97843
2,b2m,0,crcmask_eval_joint_risk,nan
2,b2m,1,crcmask_eval_joint_risk,2.80568
2,b2m,2,crcmask_eval_joint_risk,3.13592
2,b2m,3,crcmask_eval_joint_risk,3.16594
2,b2m,4,crcmask_eval_joint_risk,3.1059
2,b2m,5,crcmask_eval_joint_risk,3.11408
2,b2m,6,crcmask_eval_joint_risk,3.60808
2,b2m,0,crcmask_coverage,nan
2,b2m,1,crcmask_coverage,67.7183
2,b2m,2,crcmask_coverage,64.6998
2,b2m,3,crcmask_coverage,59.012
2,b2m,4,crcmask_coverage,53.7555
2,b2m,5,crcmask_coverage,40.3139
2,b2m,6,crcmask_coverage,25.9443
2,b2m,0,crcmask_sel_risk,nan
2,b2m,1,crcmask_sel_risk,4.14316
2,b2m,2,crcmask_sel_risk,4.84687
2,b2m,3,crcmask_sel_risk,5.36491
2,b2m,4,crcmask_sel_risk,5.77782
2,b2m,5,crcmask_sel_risk,7.7246
2,b2m,6,crcmask_sel_risk,13.907
2,b2m,0,crcmask_feasible,nan
2,b2m,1,crcmask_feasible,1
2,b2m,2,crcmask_feasible,1
2,b2m,3,crcmask_feasible,1
2,b2m,4,crcmask_feasible,1
2,b2m,5,crcmask_feasible,1
2,b2m,6,crcmask_feasible,1
2,b2m,0,crcmask_units,nan
2,b2m,1,crcmask_units,32
2,b2m,2,crcmask_units,32
2,b2m,3,crcmask_units,32
2,b2m,4,crcmask_units,32
2,b2m,5,crcmask_units,32
2,b2m,6,crcmask_units,32
2,b2m,0,crcmask_alpha_floor,nan
2,b2m,1,crcmask_alpha_floor,3.0303
2,b2m,2,crcmask_alpha_floor,3.0303
2,b2m,3,crcmask_alpha_floor,3.0303
2,b2m,4,crcmask_alpha_floor,3.0303
2,b2m,5,crcmask_alpha_floor,3.0303
2,b2m,6,crcmask_alpha_floor,3.0303
2,b2m,0,crcmask_positive_coverage,nan
2,b2m,1,crcmask_positive_coverage,1
2,b2m,2,crcmask_positive_coverage,1
2,b2m,3,crcmask_positive_coverage,1
2,b2m,4,crcmask_positive_coverage,1
2,b2m,5,crcmask_positive_coverage,1
2,b2m,6,crcmask_positive_coverage,1
2,b2m,0,temperature,1.32926
2,b2m,1,temperature,1.25031
2,b2m,2,temperature,1.1856
2,b2m,3,temperature,1.11381
2,b2m,4,temperature,1.10802
2,b2m,5,temperature,1.11528
2,b2m,6,temperature,1.21628
2,b2m,0,plugin_neff,48
2,b2m,1,plugin_neff,40
2,b2m,2,plugin_neff,37
2,b2m,3,plugin_neff,26
2,b2m,4,plugin_neff,20
2,b2m,5,plugin_neff,14
2,b2m,6,plugin_neff,3
2,b2m,0,plugin_icc,0.256377
2,b2m,1,plugin_icc,0.258082
2,b2m,2,plugin_icc,0.242723
2,b2m,3,plugin_icc,0.214358
2,b2m,4,plugin_icc,0.193065
2,b2m,5,plugin_icc,0.169005
2,b2m,6,plugin_icc,0.140409
2,b2m,0,plugin_eff_target,5.66816
2,b2m,1,plugin_eff_target,5.22671
2,b2m,2,plugin_eff_target,5.06006
2,b2m,3,plugin_eff_target,4.15411
2,b2m,4,plugin_eff_target,3.21754
2,b2m,5,plugin_eff_target,1.96442
2,b2m,6,plugin_eff_target,0
2,b2m,0,plugin_positive_coverage,1
2,b2m,1,plugin_positive_coverage,1
2,b2m,2,plugin_positive_coverage,1
2,b2m,3,plugin_positive_coverage,1
2,b2m,4,plugin_positive_coverage,1
2,b2m,5,plugin_positive_coverage,1
2,b2m,6,plugin_positive_coverage,0
2,b2m,0,plugin_degenerate,0
2,b2m,1,plugin_degenerate,0
2,b2m,2,plugin_degenerate,0
2,b2m,3,plugin_degenerate,0
2,b2m,4,plugin_degenerate,0
2,b2m,5,plugin_degenerate,0
2,b2m,6,plugin_degenerate,1
2,b2m,0,mask_acc_worst,86.7249
2,b2m,1,mask_acc_worst,84.3668
2,b2m,2,mask_acc_worst,81.2227
2,b2m,3,mask_acc_worst,71.7904
2,b2m,4,mask_acc_worst,67.8603
2,b2m,5,mask_acc_worst,65.0655
2,b2m,6,mask_acc_worst,42.9694
2,b2m,0,mask_acc_median,86.7249
2,b2m,1,mask_acc_median,85.7642
2,b2m,2,mask_acc_median,83.9301
2,b2m,3,mask_acc_median,81.3537
2,b2m,4,mask_acc_median,79.1266
2,b2m,5,mask_acc_median,74.6725
2,b2m,6,mask_acc_median,57.1179
2,b2m,0,mask_acc_p05,86.7249
2,b2m,1,mask_acc_p05,84.3668
2,b2m,2,mask_acc_p05,82.3755
2,b2m,3,mask_acc_p05,74.1834
2,b2m,4,mask_acc_p05,73.0699
2,b2m,5,mask_acc_p05,66.4585
2,b2m,6,mask_acc_p05,47.3755
2,b2m,0,mask_cov_worst,64.6288
2,b2m,1,mask_cov_worst,58.69
2,b2m,2,mask_cov_worst,49.345
2,b2m,3,mask_cov_worst,35.1965
2,b2m,4,mask_cov_worst,32.4017
2,b2m,5,mask_cov_worst,27.5109
2,b2m,6,mask_cov_worst,7.51092
2,b2m,0,mask_sel_risk_worst,2.97297
2,b2m,1,mask_sel_risk_worst,4.78261
2,b2m,2,mask_sel_risk_worst,5.98592
2,b2m,3,mask_sel_risk_worst,7.46606
2,b2m,4,mask_sel_risk_worst,11.2782
2,b2m,5,mask_sel_risk_worst,18.9024
2,b2m,6,mask_sel_risk_worst,49.7436
2,b2m,0,mask_sel_risk_median,2.97297
2,b2m,1,mask_sel_risk_median,3.125
2,b2m,2,mask_sel_risk_median,3.96793
2,b2m,3,mask_sel_risk_median,4.8619
2,b2m,4,mask_sel_risk_median,5.82944
2,b2m,5,mask_sel_risk_median,6.80688
2,b2m,6,mask_sel_risk_median,13.5227
2,b2m,0,cls_cov_min,21.0526
2,b2m,1,cls_cov_min,20.3125
2,b2m,2,cls_cov_min,18.8322
2,b2m,3,cls_cov_min,10.9375
2,b2m,4,cls_cov_min,10.1562
2,b2m,5,cls_cov_min,1.5625
2,b2m,6,cls_cov_min,0.78125
2,b2m,0,cls_cov_macro,61.8957
2,b2m,1,cls_cov_macro,58.9147
2,b2m,2,cls_cov_macro,56.4993
2,b2m,3,cls_cov_macro,48.2168
2,b2m,4,cls_cov_macro,43.1478
2,b2m,5,cls_cov_macro,32.6341
2,b2m,6,cls_cov_macro,20.6129
2,b2m,0,cls_zero_cov_n,0
2,b2m,1,cls_zero_cov_n,0
2,b2m,2,cls_zero_cov_n,0
2,b2m,3,cls_zero_cov_n,0
2,b2m,4,cls_zero_cov_n,0
2,b2m,5,cls_zero_cov_n,0
2,b2m,6,cls_zero_cov_n,0
2,b2m,0,cls_sel_risk_max,50
2,b2m,1,cls_sel_risk_max,51.2456
2,b2m,2,cls_sel_risk_max,63.7555
2,b2m,3,cls_sel_risk_max,61.6162
2,b2m,4,cls_sel_risk_max,62.4161
2,b2m,5,cls_sel_risk_max,74.4681
2,b2m,6,cls_sel_risk_max,100
2,b2m,0,cls_sel_risk_macro,7.02048
2,b2m,1,cls_sel_risk_macro,9.15784
2,b2m,2,cls_sel_risk_macro,11.1435
2,b2m,3,cls_sel_risk_macro,13.0113
2,b2m,4,cls_sel_risk_macro,14.3186
2,b2m,5,cls_sel_risk_macro,19.744
2,b2m,6,cls_sel_risk_macro,29.3813
2,b2m,0,plugin_threshold,0.972719
2,b2m,1,plugin_threshold,0.973282
2,b2m,2,plugin_threshold,0.97361
2,b2m,3,plugin_threshold,0.982937
2,b2m,4,plugin_threshold,0.981059
2,b2m,5,plugin_threshold,0.984007
2,b2m,6,plugin_threshold,inf
2,b2m,0,crc_threshold,0.818735
2,b2m,1,crc_threshold,0.812391
2,b2m,2,crc_threshold,0.805995
2,b2m,3,crc_threshold,0.807156
2,b2m,4,crc_threshold,0.775815
2,b2m,5,crc_threshold,0.770727
2,b2m,6,crc_threshold,0.716779
3,proposed,0,acc,83.1588
3,proposed,1,acc,81.46
3,proposed,2,acc,77.7569
3,proposed,3,acc,75.4254
3,proposed,4,acc,69.7399
3,proposed,5,acc,60.8639
3,proposed,6,acc,52.0779
3,proposed,0,aurc,5.26053
3,proposed,1,aurc,6.1502
3,proposed,2,aurc,8.34273
3,proposed,3,aurc,10.0521
3,proposed,4,aurc,13.6504
3,proposed,5,aurc,22.1131
3,proposed,6,aurc,29.8915
3,proposed,0,augrc,3.95267
3,proposed,1,augrc,4.56188
3,proposed,2,augrc,6.05141
3,proposed,3,augrc,7.07509
3,proposed,4,augrc,9.44121
3,proposed,5,augrc,14.1283
3,proposed,6,augrc,18.5995
3,proposed,0,auroc,81.955
3,proposed,1,auroc,81.1807
3,proposed,2,auroc,79.3176
3,proposed,3,auroc,78.1223
3,proposed,4,auroc,76.9593
3,proposed,5,auroc,72.8395
3,proposed,6,auroc,71.4859
3,proposed,0,plugin_coverage,67.9756
3,proposed,1,plugin_coverage,61.9955
3,proposed,2,plugin_coverage,55.5765
3,proposed,3,plugin_coverage,51.6579
3,proposed,4,plugin_coverage,39.0816
3,proposed,5,plugin_coverage,20.6615
3,proposed,6,plugin_coverage,7.94612
3,proposed,0,plugin_cond_risk,7.1887
3,proposed,1,plugin_cond_risk,7.31911
3,proposed,2,plugin_cond_risk,8.3362
3,proposed,3,plugin_cond_risk,9.39611
3,proposed,4,plugin_cond_risk,9.27296
3,proposed,5,plugin_cond_risk,11.0994
3,proposed,6,plugin_cond_risk,8.0302
3,proposed,0,crc_calib_bound,9.92752
3,proposed,1,crc_calib_bound,9.95409
3,proposed,2,crc_calib_bound,9.94601
3,proposed,3,crc_calib_bound,9.96093
3,proposed,4,crc_calib_bound,9.89858
3,proposed,5,crc_calib_bound,9.83939
3,proposed,6,crc_calib_bound,9.89486
3,proposed,0,crc_eval_joint_risk,6.28718
3,proposed,1,crc_eval_joint_risk,6.04631
3,proposed,2,crc_eval_joint_risk,6.43163
3,proposed,3,crc_eval_joint_risk,6.94341
3,proposed,4,crc_eval_joint_risk,6.53381
3,proposed,5,crc_eval_joint_risk,7.08679
3,proposed,6,crc_eval_joint_risk,6.77147
3,proposed,0,crc_coverage,73.6547
3,proposed,1,crc_coverage,69.3099
3,proposed,2,crc_coverage,63.404
3,proposed,3,crc_coverage,61.3244
3,proposed,4,crc_coverage,52.2965
3,proposed,5,crc_coverage,39.4104
3,proposed,6,crc_coverage,31.8169
3,proposed,0,crc_sel_risk,8.53602
3,proposed,1,crc_sel_risk,8.72359
3,proposed,2,crc_sel_risk,10.1439
3,proposed,3,crc_sel_risk,11.3224
3,proposed,4,crc_sel_risk,12.4938
3,proposed,5,crc_sel_risk,17.982
3,proposed,6,crc_sel_risk,21.2826
3,proposed,0,crc_feasible,1
3,proposed,1,crc_feasible,1
3,proposed,2,crc_feasible,1
3,proposed,3,crc_feasible,1
3,proposed,4,crc_feasible,1
3,proposed,5,crc_feasible,1
3,proposed,6,crc_feasible,1
3,proposed,0,crc_units,27
3,proposed,1,crc_units,27
3,proposed,2,crc_units,27
3,proposed,3,crc_units,27
3,proposed,4,crc_units,27
3,proposed,5,crc_units,27
3,proposed,6,crc_units,27
3,proposed,0,crc_positive_coverage,1
3,proposed,1,crc_positive_coverage,1
3,proposed,2,crc_positive_coverage,1
3,proposed,3,crc_positive_coverage,1
3,proposed,4,crc_positive_coverage,1
3,proposed,5,crc_positive_coverage,1
3,proposed,6,crc_positive_coverage,1
3,proposed,0,crcmask_calib_bound,nan
3,proposed,1,crcmask_calib_bound,9.96447
3,proposed,2,crcmask_calib_bound,9.95953
3,proposed,3,crcmask_calib_bound,9.98421
3,proposed,4,crcmask_calib_bound,9.93979
3,proposed,5,crcmask_calib_bound,9.962
3,proposed,6,crcmask_calib_bound,9.92745
3,proposed,0,crcmask_eval_joint_risk,nan
3,proposed,1,crcmask_eval_joint_risk,7.55617
3,proposed,2,crcmask_eval_joint_risk,7.85886
3,proposed,3,crcmask_eval_joint_risk,8.98233
3,proposed,4,crcmask_eval_joint_risk,8.52694
3,proposed,5,crcmask_eval_joint_risk,8.98778
3,proposed,6,crcmask_eval_joint_risk,8.96051
3,proposed,0,crcmask_coverage,nan
3,proposed,1,crcmask_coverage,74.7328
3,proposed,2,crcmask_coverage,69.0827
3,proposed,3,crcmask_coverage,63.8498
3,proposed,4,crcmask_coverage,54.0412
3,proposed,5,crcmask_coverage,42.7083
3,proposed,6,crcmask_coverage,34.724
3,proposed,0,crcmask_sel_risk,nan
3,proposed,1,crcmask_sel_risk,10.1109
3,proposed,2,crcmask_sel_risk,11.376
3,proposed,3,crcmask_sel_risk,14.0679
3,proposed,4,crcmask_sel_risk,15.7786
3,proposed,5,crcmask_sel_risk,21.0446
3,proposed,6,crcmask_sel_risk,25.8049
3,proposed,0,crcmask_feasible,nan
3,proposed,1,crcmask_feasible,1
3,proposed,2,crcmask_feasible,1
3,proposed,3,crcmask_feasible,1
3,proposed,4,crcmask_feasible,1
3,proposed,5,crcmask_feasible,1
3,proposed,6,crcmask_feasible,1
3,proposed,0,crcmask_units,nan
3,proposed,1,crcmask_units,32
3,proposed,2,crcmask_units,32
3,proposed,3,crcmask_units,32
3,proposed,4,crcmask_units,32
3,proposed,5,crcmask_units,32
3,proposed,6,crcmask_units,32
3,proposed,0,crcmask_alpha_floor,nan
3,proposed,1,crcmask_alpha_floor,3.0303
3,proposed,2,crcmask_alpha_floor,3.0303
3,proposed,3,crcmask_alpha_floor,3.0303
3,proposed,4,crcmask_alpha_floor,3.0303
3,proposed,5,crcmask_alpha_floor,3.0303
3,proposed,6,crcmask_alpha_floor,3.0303
3,proposed,0,crcmask_positive_coverage,nan
3,proposed,1,crcmask_positive_coverage,1
3,proposed,2,crcmask_positive_coverage,1
3,proposed,3,crcmask_positive_coverage,1
3,proposed,4,crcmask_positive_coverage,1
3,proposed,5,crcmask_positive_coverage,1
3,proposed,6,crcmask_positive_coverage,1
3,proposed,0,temperature,1.25658
3,proposed,1,temperature,1.29623
3,proposed,2,temperature,1.32913
3,proposed,3,temperature,1.42098
3,proposed,4,temperature,1.52247
3,proposed,5,temperature,1.71403
3,proposed,6,temperature,1.93943
3,proposed,0,plugin_neff,58
3,proposed,1,plugin_neff,58
3,proposed,2,plugin_neff,61
3,proposed,3,plugin_neff,62
3,proposed,4,plugin_neff,57
3,proposed,5,plugin_neff,58
3,proposed,6,plugin_neff,31
3,proposed,0,plugin_icc,0.354594
3,proposed,1,plugin_icc,0.353427
3,proposed,2,plugin_icc,0.325017
3,proposed,3,plugin_icc,0.299653
3,proposed,4,plugin_icc,0.280632
3,proposed,5,plugin_icc,0.178945
3,proposed,6,plugin_icc,0.203377
3,proposed,0,plugin_eff_target,6.07163
3,proposed,1,plugin_eff_target,6.0748
3,proposed,2,plugin_eff_target,6.15341
3,proposed,3,plugin_eff_target,6.19765
3,proposed,4,plugin_eff_target,6.01822
3,proposed,5,plugin_eff_target,6.07451
3,proposed,6,plugin_eff_target,4.61715
3,proposed,0,plugin_positive_coverage,1
3,proposed,1,plugin_positive_coverage,1
3,proposed,2,plugin_positive_coverage,1
3,proposed,3,plugin_positive_coverage,1
3,proposed,4,plugin_positive_coverage,1
3,proposed,5,plugin_positive_coverage,1
3,proposed,6,plugin_positive_coverage,1
3,proposed,0,plugin_degenerate,0
3,proposed,1,plugin_degenerate,0
3,proposed,2,plugin_degenerate,0
3,proposed,3,plugin_degenerate,0
3,proposed,4,plugin_degenerate,0
3,proposed,5,plugin_degenerate,0
3,proposed,6,plugin_degenerate,0
3,proposed,0,mask_acc_worst,83.1588
3,proposed,1,mask_acc_worst,76.9634
3,proposed,2,mask_acc_worst,67.0157
3,proposed,3,mask_acc_worst,69.0227
3,proposed,4,mask_acc_worst,57.3298
3,proposed,5,mask_acc_worst,30.541
3,proposed,6,mask_acc_worst,28.4468
3,proposed,0,mask_acc_median,83.1588
3,proposed,1,mask_acc_median,82.2862
3,proposed,2,mask_acc_median,78.534
3,proposed,3,mask_acc_median,75.6981
3,proposed,4,mask_acc_median,71.4223
3,proposed,5,mask_acc_median,63.5253
3,proposed,6,mask_acc_median,52.7051
3,proposed,0,mask_acc_p05,83.1588
3,proposed,1,mask_acc_p05,78.2112
3,proposed,2,mask_acc_p05,73.3508
3,proposed,3,mask_acc_p05,69.5332
3,proposed,4,mask_acc_p05,62.1422
3,proposed,5,mask_acc_p05,38.4075
3,proposed,6,mask_acc_p05,33.3028
3,proposed,0,mask_cov_worst,72.3386
3,proposed,1,mask_cov_worst,55.3229
3,proposed,2,mask_cov_worst,44.0663
3,proposed,3,mask_cov_worst,44.4154
3,proposed,4,mask_cov_worst,37.8709
3,proposed,5,mask_cov_worst,18.6736
3,proposed,6,mask_cov_worst,16.9284
3,proposed,0,mask_sel_risk_worst,8.08203
3,proposed,1,mask_sel_risk_worst,9.93691
3,proposed,2,mask_sel_risk_worst,14.8448
3,proposed,3,mask_sel_risk_worst,17.6394
3,proposed,4,mask_sel_risk_worst,23.3954
3,proposed,5,mask_sel_risk_worst,64.7541
3,proposed,6,mask_sel_risk_worst,57.6923
3,proposed,0,mask_sel_risk_median,8.08203
3,proposed,1,mask_sel_risk_median,8.41517
3,proposed,2,mask_sel_risk_median,9.83778
3,proposed,3,mask_sel_risk_median,11.4849
3,proposed,4,mask_sel_risk_median,12.0354
3,proposed,5,mask_sel_risk_median,14.4054
3,proposed,6,mask_sel_risk_median,21.3498
3,proposed,0,cls_cov_min,0
3,proposed,1,cls_cov_min,0
3,proposed,2,cls_cov_min,2.60417
3,proposed,3,cls_cov_min,5.20833
3,proposed,4,cls_cov_min,5.20833
3,proposed,5,cls_cov_min,14.0625
3,proposed,6,cls_cov_min,15.6431
3,proposed,0,cls_cov_macro,70.8421
3,proposed,1,cls_cov_macro,66.6319
3,proposed,2,cls_cov_macro,61.1602
3,proposed,3,cls_cov_macro,58.5485
3,proposed,4,cls_cov_macro,50.1824
3,proposed,5,cls_cov_macro,37.8834
3,proposed,6,cls_cov_macro,31.3378
3,proposed,0,cls_zero_cov_n,1
3,proposed,1,cls_zero_cov_n,1
3,proposed,2,cls_zero_cov_n,0
3,proposed,3,cls_zero_cov_n,0
3,proposed,4,cls_zero_cov_n,0
3,proposed,5,cls_zero_cov_n,0
3,proposed,6,cls_zero_cov_n,0
3,proposed,0,cls_sel_risk_max,25
3,proposed,1,cls_sel_risk_max,23.8695
3,proposed,2,cls_sel_risk_max,100
3,proposed,3,cls_sel_risk_max,100
3,proposed,4,cls_sel_risk_max,100
3,proposed,5,cls_sel_risk_max,100
3,proposed,6,cls_sel_risk_max,100
3,proposed,0,cls_sel_risk_macro,7.01275
3,proposed,1,cls_sel_risk_macro,7.29382
3,proposed,2,cls_sel_risk_macro,15.5928
3,proposed,3,cls_sel_risk_macro,17.514
3,proposed,4,cls_sel_risk_macro,19.224
3,proposed,5,cls_sel_risk_macro,25.5592
3,proposed,6,cls_sel_risk_macro,33.2389
3,proposed,0,plugin_threshold,0.771089
3,proposed,1,plugin_threshold,0.778308
3,proposed,2,plugin_threshold,0.776981
3,proposed,3,plugin_threshold,0.762125
3,proposed,4,plugin_threshold,0.777746
3,proposed,5,plugin_threshold,0.793278
3,proposed,6,plugin_threshold,0.806688
3,proposed,0,crc_threshold,0.732536
3,proposed,1,crc_threshold,0.733052
3,proposed,2,crc_threshold,0.731529
3,proposed,3,crc_threshold,0.70465
3,proposed,4,crc_threshold,0.706105
3,proposed,5,crc_threshold,0.685528
3,proposed,6,crc_threshold,0.630535
3,b2,0,acc,74.4328
3,b2,1,acc,72.6985
3,b2,2,acc,69.5272
3,b2,3,acc,65.974
3,b2,4,acc,60.5666
3,b2,5,acc,52.7023
3,b2,6,acc,43.1528
3,b2,0,aurc,9.70205
3,b2,1,aurc,11.1955
3,b2,2,aurc,14.2147
3,b2,3,aurc,18.2166
3,b2,4,aurc,23.27
3,b2,5,aurc,31.9294
3,b2,6,aurc,43.2643
3,b2,0,augrc,7.09471
3,b2,1,augrc,8.0198
3,b2,2,augrc,9.79749
3,b2,3,augrc,11.8794
3,b2,4,augrc,14.7424
3,b2,5,augrc,19.254
3,b2,6,augrc,24.6902
3,b2,0,auroc,79.9523
3,b2,1,auroc,78.3781
3,b2,2,auroc,75.6744
3,b2,3,auroc,72.8711
3,b2,4,auroc,70.8297
3,b2,5,auroc,67.6337
3,b2,6,auroc,65.2219
3,b2,0,plugin_coverage,71.466
3,b2,1,plugin_coverage,68.7936
3,b2,2,plugin_coverage,58.6687
3,b2,3,plugin_coverage,50.8372
3,b2,4,plugin_coverage,33.1015
3,b2,5,plugin_coverage,7.14169
3,b2,6,plugin_coverage,0
3,b2,0,plugin_cond_risk,15.2625
3,b2,1,plugin_cond_risk,16.4738
3,b2,2,plugin_cond_risk,17.0765
3,b2,3,plugin_cond_risk,19.3209
3,b2,4,plugin_cond_risk,18.4941
3,b2,5,plugin_cond_risk,10.9584
3,b2,6,plugin_cond_risk,nan
3,b2,0,crc_calib_bound,9.7749
3,b2,1,crc_calib_bound,9.91825
3,b2,2,crc_calib_bound,9.9208
3,b2,3,crc_calib_bound,9.9915
3,b2,4,crc_calib_bound,9.93734
3,b2,5,crc_calib_bound,9.85333
3,b2,6,crc_calib_bound,9.95465
3,b2,0,crc_eval_joint_risk,12.4995
3,b2,1,crc_eval_joint_risk,12.0094
3,b2,2,crc_eval_joint_risk,11.4032
3,b2,3,crc_eval_joint_risk,12.1752
3,b2,4,crc_eval_joint_risk,11.3995
3,b2,5,crc_eval_joint_risk,9.34682
3,b2,6,crc_eval_joint_risk,5.83933
3,b2,0,crc_coverage,79.4185
3,b2,1,crc_coverage,75.518
3,b2,2,crc_coverage,68.1752
3,b2,3,crc_coverage,63.1966
3,b2,4,crc_coverage,52.5821
3,b2,5,crc_coverage,36.169
3,b2,6,crc_coverage,18.7461
3,b2,0,crc_sel_risk,15.7387
3,b2,1,crc_sel_risk,15.9027
3,b2,2,crc_sel_risk,16.7263
3,b2,3,crc_sel_risk,19.2656
3,b2,4,crc_sel_risk,21.6794
3,b2,5,crc_sel_risk,25.8421
3,b2,6,crc_sel_risk,31.1496
3,b2,0,crc_feasible,1
3,b2,1,crc_feasible,1
3,b2,2,crc_feasible,1
3,b2,3,crc_feasible,1
3,b2,4,crc_feasible,1
3,b2,5,crc_feasible,1
3,b2,6,crc_feasible,1
3,b2,0,crc_units,27
3,b2,1,crc_units,27
3,b2,2,crc_units,27
3,b2,3,crc_units,27
3,b2,4,crc_units,27
3,b2,5,crc_units,27
3,b2,6,crc_units,27
3,b2,0,crc_positive_coverage,1
3,b2,1,crc_positive_coverage,1
3,b2,2,crc_positive_coverage,1
3,b2,3,crc_positive_coverage,1
3,b2,4,crc_positive_coverage,1
3,b2,5,crc_positive_coverage,1
3,b2,6,crc_positive_coverage,1
3,b2,0,crcmask_calib_bound,nan
3,b2,1,crcmask_calib_bound,9.99901
3,b2,2,crcmask_calib_bound,9.90524
3,b2,3,crcmask_calib_bound,9.98667
3,b2,4,crcmask_calib_bound,9.86576
3,b2,5,crcmask_calib_bound,9.8855
3,b2,6,crcmask_calib_bound,9.91511
3,b2,0,crcmask_eval_joint_risk,nan
3,b2,1,crcmask_eval_joint_risk,14.5806
3,b2,2,crcmask_eval_joint_risk,14.5942
3,b2,3,crcmask_eval_joint_risk,15.1696
3,b2,4,crcmask_eval_joint_risk,12.5845
3,b2,5,crcmask_eval_joint_risk,10.913
3,b2,6,crcmask_eval_joint_risk,5.36649
3,b2,0,crcmask_coverage,nan
3,b2,1,crcmask_coverage,76.7997
3,b2,2,crcmask_coverage,70.3643
3,b2,3,crcmask_coverage,63.8716
3,b2,4,crcmask_coverage,49.8473
3,b2,5,crcmask_coverage,35.3539
3,b2,6,crcmask_coverage,17.6456
3,b2,0,crcmask_sel_risk,nan
3,b2,1,crcmask_sel_risk,18.9852
3,b2,2,crcmask_sel_risk,20.741
3,b2,3,crcmask_sel_risk,23.7502
3,b2,4,crcmask_sel_risk,25.2462
3,b2,5,crcmask_sel_risk,30.8677
3,b2,6,crcmask_sel_risk,30.4126
3,b2,0,crcmask_feasible,nan
3,b2,1,crcmask_feasible,1
3,b2,2,crcmask_feasible,1
3,b2,3,crcmask_feasible,1
3,b2,4,crcmask_feasible,1
3,b2,5,crcmask_feasible,1
3,b2,6,crcmask_feasible,1
3,b2,0,crcmask_units,nan
3,b2,1,crcmask_units,32
3,b2,2,crcmask_units,32
3,b2,3,crcmask_units,32
3,b2,4,crcmask_units,32
3,b2,5,crcmask_units,32
3,b2,6,crcmask_units,32
3,b2,0,crcmask_alpha_floor,nan
3,b2,1,crcmask_alpha_floor,3.0303
3,b2,2,crcmask_alpha_floor,3.0303
3,b2,3,crcmask_alpha_floor,3.0303
3,b2,4,crcmask_alpha_floor,3.0303
3,b2,5,crcmask_alpha_floor,3.0303
3,b2,6,crcmask_alpha_floor,3.0303
3,b2,0,crcmask_positive_coverage,nan
3,b2,1,crcmask_positive_coverage,1
3,b2,2,crcmask_positive_coverage,1
3,b2,3,crcmask_positive_coverage,1
3,b2,4,crcmask_positive_coverage,1
3,b2,5,crcmask_positive_coverage,1
3,b2,6,crcmask_positive_coverage,1
3,b2,0,temperature,1.30556
3,b2,1,temperature,1.23012
3,b2,2,temperature,1.18347
3,b2,3,temperature,1.15443
3,b2,4,temperature,1.1872
3,b2,5,temperature,1.33124
3,b2,6,temperature,1.46907
3,b2,0,plugin_neff,63
3,b2,1,plugin_neff,65
3,b2,2,plugin_neff,59
3,b2,3,plugin_neff,63
3,b2,4,plugin_neff,55
3,b2,5,plugin_neff,36
3,b2,6,plugin_neff,1
3,b2,0,plugin_icc,0.348592
3,b2,1,plugin_icc,0.336051
3,b2,2,plugin_icc,0.335587
3,b2,3,plugin_icc,0.290902
3,b2,4,plugin_icc,0.254441
3,b2,5,plugin_icc,0.159588
3,b2,6,plugin_icc,0.129484
3,b2,0,plugin_eff_target,6.20684
3,b2,1,plugin_eff_target,6.28472
3,b2,2,plugin_eff_target,6.10978
3,b2,3,plugin_eff_target,6.21726
3,b2,4,plugin_eff_target,5.94199
3,b2,5,plugin_eff_target,5.02655
3,b2,6,plugin_eff_target,0
3,b2,0,plugin_positive_coverage,1
3,b2,1,plugin_positive_coverage,1
3,b2,2,plugin_positive_coverage,1
3,b2,3,plugin_positive_coverage,1
3,b2,4,plugin_positive_coverage,1
3,b2,5,plugin_positive_coverage,1
3,b2,6,plugin_positive_coverage,0
3,b2,0,plugin_degenerate,0
3,b2,1,plugin_degenerate,0
3,b2,2,plugin_degenerate,0
3,b2,3,plugin_degenerate,0
3,b2,4,plugin_degenerate,0
3,b2,5,plugin_degenerate,0
3,b2,6,plugin_degenerate,1
3,b2,0,mask_acc_worst,74.4328
3,b2,1,mask_acc_worst,69.808
3,b2,2,mask_acc_worst,59.5986
3,b2,3,mask_acc_worst,55.4974
3,b2,4,mask_acc_worst,46.0733
3,b2,5,mask_acc_worst,40.6632
3,b2,6,mask_acc_worst,26.6143
3,b2,0,mask_acc_median,74.4328
3,b2,1,mask_acc_median,73.3857
3,b2,2,mask_acc_median,68.9791
3,b2,3,mask_acc_median,65.7068
3,b2,4,mask_acc_median,60.9075
3,b2,5,mask_acc_median,51.5707
3,b2,6,mask_acc_median,42.2339
3,b2,0,mask_acc_p05,74.4328
3,b2,1,mask_acc_p05,70.096
3,b2,2,mask_acc_p05,66.7539
3,b2,3,mask_acc_p05,60.9642
3,b2,4,mask_acc_p05,51.2478
3,b2,5,mask_acc_p05,42.1553
3,b2,6,mask_acc_p05,30.5672
3,b2,0,mask_cov_worst,77.0506
3,b2,1,mask_cov_worst,69.2845
3,b2,2,mask_cov_worst,55.6719
3,b2,3,mask_cov_worst,50.349
3,b2,4,mask_cov_worst,37.6963
3,b2,5,mask_cov_worst,15.3578
3,b2,6,mask_cov_worst,5.14834
3,b2,0,mask_sel_risk_worst,17.214
3,b2,1,mask_sel_risk_worst,21.2664
3,b2,2,mask_sel_risk_worst,29.8023
3,b2,3,mask_sel_risk_worst,30.8996
3,b2,4,mask_sel_risk_worst,48.2639
3,b2,5,mask_sel_risk_worst,47.381
3,b2,6,mask_sel_risk_worst,59.2593
3,b2,0,mask_sel_risk_median,17.214
3,b2,1,mask_sel_risk_median,18.3935
3,b2,2,mask_sel_risk_median,18.4757
3,b2,3,mask_sel_risk_median,22.1349
3,b2,4,mask_sel_risk_median,23.8321
3,b2,5,mask_sel_risk_median,29.3295
3,b2,6,mask_sel_risk_median,30.2174
3,b2,0,cls_cov_min,50
3,b2,1,cls_cov_min,32.2917
3,b2,2,cls_cov_min,16.6667
3,b2,3,cls_cov_min,11.9792
3,b2,4,cls_cov_min,11.9792
3,b2,5,cls_cov_min,7.8125
3,b2,6,cls_cov_min,3.64583
3,b2,0,cls_cov_macro,79.5361
3,b2,1,cls_cov_macro,74.5568
3,b2,2,cls_cov_macro,68.3005
3,b2,3,cls_cov_macro,62.5342
3,b2,4,cls_cov_macro,53.3086
3,b2,5,cls_cov_macro,37.3514
3,b2,6,cls_cov_macro,20.1575
3,b2,0,cls_zero_cov_n,0
3,b2,1,cls_zero_cov_n,0
3,b2,2,cls_zero_cov_n,0
3,b2,3,cls_zero_cov_n,0
3,b2,4,cls_zero_cov_n,0
3,b2,5,cls_zero_cov_n,0
3,b2,6,cls_zero_cov_n,0
3,b2,0,cls_sel_risk_max,34.7826
3,b2,1,cls_sel_risk_max,48.3871
3,b2,2,cls_sel_risk_max,71.875
3,b2,3,cls_sel_risk_max,82.6087
3,b2,4,cls_sel_risk_max,100
3,b2,5,cls_sel_risk_max,100
3,b2,6,cls_sel_risk_max,100
3,b2,0,cls_sel_risk_macro,16.1774
3,b2,1,cls_sel_risk_macro,18.4766
3,b2,2,cls_sel_risk_macro,22.726
3,b2,3,cls_sel_risk_macro,25.9027
3,b2,4,cls_sel_risk_macro,29.848
3,b2,5,cls_sel_risk_macro,33.7408
3,b2,6,cls_sel_risk_macro,37.6175
3,b2,0,plugin_threshold,0.662828
3,b2,1,plugin_threshold,0.677258
3,b2,2,plugin_threshold,0.724866
3,b2,3,plugin_threshold,0.739319
3,b2,4,plugin_threshold,0.794757
3,b2,5,plugin_threshold,0.883652
3,b2,6,plugin_threshold,inf
3,b2,0,crc_threshold,0.618715
3,b2,1,crc_threshold,0.639735
3,b2,2,crc_threshold,0.674185
3,b2,3,crc_threshold,0.671867
3,b2,4,crc_threshold,0.687072
3,b2,5,crc_threshold,0.668062
3,b2,6,crc_threshold,0.687628
3,b2m,0,acc,76.9634
3,b2m,1,acc,74.7628
3,b2m,2,acc,70.1571
3,b2m,3,acc,68.8427
3,b2m,4,acc,63.5935
3,b2m,5,acc,58.1397
3,b2m,6,acc,49.9236
3,b2m,0,aurc,9.03648
3,b2m,1,aurc,10.1944
3,b2m,2,aurc,13.507
3,b2m,3,aurc,15.1696
3,b2m,4,aurc,19.6353
3,b2m,5,aurc,25.7556
3,b2m,6,aurc,35.3048
3,b2m,0,augrc,6.53605
3,b2m,1,augrc,7.29688
3,b2m,2,augrc,9.37419
3,b2m,3,augrc,10.2342
3,b2m,4,augrc,12.8786
3,b2m,5,augrc,16.0063
3,b2m,6,augrc,20.8568
3,b2m,0,auroc,78.1579
3,b2m,1,auroc,78.2122
3,b2m,2,auroc,76.4984
3,b2m,3,auroc,74.9188
3,b2m,4,auroc,73.0008
3,b2m,5,auroc,70.2344
3,b2m,6,auroc,66.7281
3,b2m,0,plugin_coverage,74.2583
3,b2m,1,plugin_coverage,68.9054
3,b2m,2,plugin_coverage,55.421
3,b2m,3,plugin_coverage,48.4811
3,b2m,4,plugin_coverage,33.7178
3,b2m,5,plugin_coverage,14.2152
3,b2m,6,plugin_coverage,0.338133
3,b2m,0,plugin_cond_risk,14.4536
3,b2m,1,plugin_cond_risk,14.8007
3,b2m,2,plugin_cond_risk,14.7806
3,b2m,3,plugin_cond_risk,14.5621
3,b2m,4,plugin_cond_risk,13.6191
3,b2m,5,plugin_cond_risk,11.0109
3,b2m,6,plugin_cond_risk,0.806452
3,b2m,0,crc_calib_bound,9.8551
3,b2m,1,crc_calib_bound,9.95166
3,b2m,2,crc_calib_bound,9.89831
3,b2m,3,crc_calib_bound,9.98177
3,b2m,4,crc_calib_bound,9.99778
3,b2m,5,crc_calib_bound,9.91387
3,b2m,6,crc_calib_bound,9.93704
3,b2m,0,crc_eval_joint_risk,11.4821
3,b2m,1,crc_eval_joint_risk,11.1643
3,b2m,2,crc_eval_joint_risk,10.0441
3,b2m,3,crc_eval_joint_risk,9.97038
3,b2m,4,crc_eval_joint_risk,8.84761
3,b2m,5,crc_eval_joint_risk,8.4806
3,b2m,6,crc_eval_joint_risk,7.11545
3,b2m,0,crc_coverage,79.1635
3,b2m,1,crc_coverage,74.6861
3,b2m,2,crc_coverage,65.3364
3,b2m,3,crc_coverage,61.6366
3,b2m,4,crc_coverage,51.0271
3,b2m,5,crc_coverage,40.9727
3,b2m,6,crc_coverage,27.9757
3,b2m,0,crc_sel_risk,14.5042
3,b2m,1,crc_sel_risk,14.9483
3,b2m,2,crc_sel_risk,15.3729
3,b2m,3,crc_sel_risk,16.1761
3,b2m,4,crc_sel_risk,17.339
3,b2m,5,crc_sel_risk,20.6982
3,b2m,6,crc_sel_risk,25.4344
3,b2m,0,crc_feasible,1
3,b2m,1,crc_feasible,1
3,b2m,2,crc_feasible,1
3,b2m,3,crc_feasible,1
3,b2m,4,crc_feasible,1
3,b2m,5,crc_feasible,1
3,b2m,6,crc_feasible,1
3,b2m,0,crc_units,27
3,b2m,1,crc_units,27
3,b2m,2,crc_units,27
3,b2m,3,crc_units,27
3,b2m,4,crc_units,27
3,b2m,5,crc_units,27
3,b2m,6,crc_units,27
3,b2m,0,crc_positive_coverage,1
3,b2m,1,crc_positive_coverage,1
3,b2m,2,crc_positive_coverage,1
3,b2m,3,crc_positive_coverage,1
3,b2m,4,crc_positive_coverage,1
3,b2m,5,crc_positive_coverage,1
3,b2m,6,crc_positive_coverage,1
3,b2m,0,crcmask_calib_bound,nan
3,b2m,1,crcmask_calib_bound,9.94472
3,b2m,2,crcmask_calib_bound,9.98174
3,b2m,3,crcmask_calib_bound,9.98421
3,b2m,4,crcmask_calib_bound,9.89784
3,b2m,5,crcmask_calib_bound,9.92005
3,b2m,6,crcmask_calib_bound,9.90524
3,b2m,0,crcmask_eval_joint_risk,nan
3,b2m,1,crcmask_eval_joint_risk,13.0099
3,b2m,2,crcmask_eval_joint_risk,12.2791
3,b2m,3,crcmask_eval_joint_risk,12.8081
3,b2m,4,crcmask_eval_joint_risk,11.2238
3,b2m,5,crcmask_eval_joint_risk,11.1502
3,b2m,6,crcmask_eval_joint_risk,8.54603
3,b2m,0,crcmask_coverage,nan
3,b2m,1,crcmask_coverage,76.6307
3,b2m,2,crcmask_coverage,68.1801
3,b2m,3,crcmask_coverage,62.3964
3,b2m,4,crcmask_coverage,51.1889
3,b2m,5,crcmask_coverage,42.2748
3,b2m,6,crcmask_coverage,29.6984
3,b2m,0,crcmask_sel_risk,nan
3,b2m,1,crcmask_sel_risk,16.9774
3,b2m,2,crcmask_sel_risk,18.0098
3,b2m,3,crcmask_sel_risk,20.5271
3,b2m,4,crcmask_sel_risk,21.9263
3,b2m,5,crcmask_sel_risk,26.3755
3,b2m,6,crcmask_sel_risk,28.7761
3,b2m,0,crcmask_feasible,nan
3,b2m,1,crcmask_feasible,1
3,b2m,2,crcmask_feasible,1
3,b2m,3,crcmask_feasible,1
3,b2m,4,crcmask_feasible,1
3,b2m,5,crcmask_feasible,1
3,b2m,6,crcmask_feasible,1
3,b2m,0,crcmask_units,nan
3,b2m,1,crcmask_units,32
3,b2m,2,crcmask_units,32
3,b2m,3,crcmask_units,32
3,b2m,4,crcmask_units,32
3,b2m,5,crcmask_units,32
3,b2m,6,crcmask_units,32
3,b2m,0,crcmask_alpha_floor,nan
3,b2m,1,crcmask_alpha_floor,3.0303
3,b2m,2,crcmask_alpha_floor,3.0303
3,b2m,3,crcmask_alpha_floor,3.0303
3,b2m,4,crcmask_alpha_floor,3.0303
3,b2m,5,crcmask_alpha_floor,3.0303
3,b2m,6,crcmask_alpha_floor,3.0303
3,b2m,0,crcmask_positive_coverage,nan
3,b2m,1,crcmask_positive_coverage,1
3,b2m,2,crcmask_positive_coverage,1
3,b2m,3,crcmask_positive_coverage,1
3,b2m,4,crcmask_positive_coverage,1
3,b2m,5,crcmask_positive_coverage,1
3,b2m,6,crcmask_positive_coverage,1
3,b2m,0,temperature,1.40375
3,b2m,1,temperature,1.32312
3,b2m,2,temperature,1.24392
3,b2m,3,temperature,1.19064
3,b2m,4,temperature,1.15484
3,b2m,5,temperature,1.15997
3,b2m,6,temperature,1.14648
3,b2m,0,plugin_neff,66
3,b2m,1,plugin_neff,64
3,b2m,2,plugin_neff,57
3,b2m,3,plugin_neff,57
3,b2m,4,plugin_neff,47
3,b2m,5,plugin_neff,37
3,b2m,6,plugin_neff,15
3,b2m,0,plugin_icc,0.338004
3,b2m,1,plugin_icc,0.348083
3,b2m,2,plugin_icc,0.351795
3,b2m,3,plugin_icc,0.328383
3,b2m,4,plugin_icc,0.322689
3,b2m,5,plugin_icc,0.252261
3,b2m,6,plugin_icc,0.200725
3,b2m,0,plugin_eff_target,6.29367
3,b2m,1,plugin_eff_target,6.25895
3,b2m,2,plugin_eff_target,6.03423
3,b2m,3,plugin_eff_target,6.02677
3,b2m,4,plugin_eff_target,5.61032
3,b2m,5,plugin_eff_target,5.0567
3,b2m,6,plugin_eff_target,2.13446
3,b2m,0,plugin_positive_coverage,1
3,b2m,1,plugin_positive_coverage,1
3,b2m,2,plugin_positive_coverage,1
3,b2m,3,plugin_positive_coverage,1
3,b2m,4,plugin_positive_coverage,1
3,b2m,5,plugin_positive_coverage,1
3,b2m,6,plugin_positive_coverage,1
3,b2m,0,plugin_degenerate,0
3,b2m,1,plugin_degenerate,0
3,b2m,2,plugin_degenerate,0
3,b2m,3,plugin_degenerate,0
3,b2m,4,plugin_degenerate,0
3,b2m,5,plugin_degenerate,0
3,b2m,6,plugin_degenerate,0
3,b2m,0,mask_acc_worst,76.9634
3,b2m,1,mask_acc_worst,68.4991
3,b2m,2,mask_acc_worst,58.6387
3,b2m,3,mask_acc_worst,62.8272
3,b2m,4,mask_acc_worst,53.2286
3,b2m,5,mask_acc_worst,49.1274
3,b2m,6,mask_acc_worst,33.5079
3,b2m,0,mask_acc_median,76.9634
3,b2m,1,mask_acc_median,75.1309
3,b2m,2,mask_acc_median,69.9825
3,b2m,3,mask_acc_median,68.2373
3,b2m,4,mask_acc_median,64.267
3,b2m,5,mask_acc_median,58.1588
3,b2m,6,mask_acc_median,49.7818
3,b2m,0,mask_acc_p05,76.9634
3,b2m,1,mask_acc_p05,69.8429
3,b2m,2,mask_acc_p05,65.8813
3,b2m,3,mask_acc_p05,63.9791
3,b2m,4,mask_acc_p05,55.6981
3,b2m,5,mask_acc_p05,49.6466
3,b2m,6,mask_acc_p05,37.3691
3,b2m,0,mask_cov_worst,76.7888
3,b2m,1,mask_cov_worst,67.5393
3,b2m,2,mask_cov_worst,56.8063
3,b2m,3,mask_cov_worst,52.6178
3,b2m,4,mask_cov_worst,40.0524
3,b2m,5,mask_cov_worst,23.1239
3,b2m,6,mask_cov_worst,12.3037
3,b2m,0,mask_sel_risk_worst,15.1136
3,b2m,1,mask_sel_risk_worst,21.5144
3,b2m,2,mask_sel_risk_worst,30.1013
3,b2m,3,mask_sel_risk_worst,23.3672
3,b2m,4,mask_sel_risk_worst,36.8522
3,b2m,5,mask_sel_risk_worst,37.1638
3,b2m,6,mask_sel_risk_worst,50.1558
3,b2m,0,mask_sel_risk_median,15.1136
3,b2m,1,mask_sel_risk_median,15.8019
3,b2m,2,mask_sel_risk_median,17.2684
3,b2m,3,mask_sel_risk_median,18.2171
3,b2m,4,mask_sel_risk_median,19.0361
3,b2m,5,mask_sel_risk_median,22.9268
3,b2m,6,mask_sel_risk_median,27.0866
3,b2m,0,cls_cov_min,50
3,b2m,1,cls_cov_min,49.4792
3,b2m,2,cls_cov_min,40.625
3,b2m,3,cls_cov_min,35.4167
3,b2m,4,cls_cov_min,20.8333
3,b2m,5,cls_cov_min,8.85417
3,b2m,6,cls_cov_min,7.8125
3,b2m,0,cls_cov_macro,79.2755
3,b2m,1,cls_cov_macro,75.7733
3,b2m,2,cls_cov_macro,66.9903
3,b2m,3,cls_cov_macro,62.8222
3,b2m,4,cls_cov_macro,52.225
3,b2m,5,cls_cov_macro,40.5863
3,b2m,6,cls_cov_macro,28.6369
3,b2m,0,cls_zero_cov_n,0
3,b2m,1,cls_zero_cov_n,0
3,b2m,2,cls_zero_cov_n,0
3,b2m,3,cls_zero_cov_n,0
3,b2m,4,cls_zero_cov_n,0
3,b2m,5,cls_zero_cov_n,0
3,b2m,6,cls_zero_cov_n,0
3,b2m,0,cls_sel_risk_max,33.6283
3,b2m,1,cls_sel_risk_max,35.3784
3,b2m,2,cls_sel_risk_max,42.5128
3,b2m,3,cls_sel_risk_max,39.7981
3,b2m,4,cls_sel_risk_max,52.5
3,b2m,5,cls_sel_risk_max,76.4706
3,b2m,6,cls_sel_risk_max,100
3,b2m,0,cls_sel_risk_macro,11.628
3,b2m,1,cls_sel_risk_macro,14.3711
3,b2m,2,cls_sel_risk_macro,17.3777
3,b2m,3,cls_sel_risk_macro,18.2721
3,b2m,4,cls_sel_risk_macro,22.5021
3,b2m,5,cls_sel_risk_macro,28.1666
3,b2m,6,cls_sel_risk_macro,36.0334
3,b2m,0,plugin_threshold,0.628262
3,b2m,1,plugin_threshold,0.664713
3,b2m,2,plugin_threshold,0.738359
3,b2m,3,plugin_threshold,0.74688
3,b2m,4,plugin_threshold,0.809031
3,b2m,5,plugin_threshold,0.872292
3,b2m,6,plugin_threshold,0.99632
3,b2m,0,crc_threshold,0.610445
3,b2m,1,crc_threshold,0.635558
3,b2m,2,crc_threshold,0.682875
3,b2m,3,crc_threshold,0.671033
3,b2m,4,crc_threshold,0.703726
3,b2m,5,crc_threshold,0.682163
3,b2m,6,crc_threshold,0.697418
4,proposed,0,acc,83.2209
4,proposed,1,acc,81.5556
4,proposed,2,acc,78.9655
4,proposed,3,acc,77.2924
4,proposed,4,acc,72.7419
4,proposed,5,acc,62.745
4,proposed,6,acc,54.8561
4,proposed,0,aurc,5.09547
4,proposed,1,aurc,6.20372
4,proposed,2,aurc,8.21479
4,proposed,3,aurc,9.15731
4,proposed,4,aurc,12.9201
4,proposed,5,aurc,21.5078
4,proposed,6,aurc,31.8519
4,proposed,0,augrc,3.76604
4,proposed,1,augrc,4.50685
4,proposed,2,augrc,5.70477
4,proposed,3,augrc,6.36002
4,proposed,4,augrc,8.61953
4,proposed,5,augrc,13.4998
4,proposed,6,augrc,18.4102
4,proposed,0,auroc,83.1615
4,proposed,1,auroc,81.3536
4,proposed,2,auroc,78.9756
4,proposed,3,auroc,78.4546
4,proposed,4,auroc,75.2669
4,proposed,5,auroc,71.9384
4,proposed,6,auroc,66.8088
4,proposed,0,plugin_coverage,66.1889
4,proposed,1,plugin_coverage,61.1061
4,proposed,2,plugin_coverage,53.2146
4,proposed,3,plugin_coverage,44.0109
4,proposed,4,plugin_coverage,30.175
4,proposed,5,plugin_coverage,6.45289
4,proposed,6,plugin_coverage,0
4,proposed,0,plugin_cond_risk,5.47771
4,proposed,1,plugin_cond_risk,6.25674
4,proposed,2,plugin_cond_risk,7.20935
4,proposed,3,plugin_cond_risk,6.75926
4,proposed,4,plugin_cond_risk,7.45721
4,proposed,5,plugin_cond_risk,6.45161
4,proposed,6,plugin_cond_risk,nan
4,proposed,0,crc_calib_bound,9.89498
4,proposed,1,crc_calib_bound,9.99752
4,proposed,2,crc_calib_bound,9.93889
4,proposed,3,crc_calib_bound,9.99775
4,proposed,4,crc_calib_bound,9.96085
4,proposed,5,crc_calib_bound,9.90695
4,proposed,6,crc_calib_bound,9.85171
4,proposed,0,crc_eval_joint_risk,7.57881
4,proposed,1,crc_eval_joint_risk,7.70276
4,proposed,2,crc_eval_joint_risk,8.23227
4,proposed,3,crc_eval_joint_risk,7.70462
4,proposed,4,crc_eval_joint_risk,8.34647
4,proposed,5,crc_eval_joint_risk,8.20611
4,proposed,6,crc_eval_joint_risk,7.5011
4,proposed,0,crc_coverage,76.879
4,proposed,1,crc_coverage,72.5228
4,proposed,2,crc_coverage,68.0709
4,proposed,3,crc_coverage,62.667
4,proposed,4,crc_coverage,54.6189
4,proposed,5,crc_coverage,40.5529
4,proposed,6,crc_coverage,27.0693
4,proposed,0,crc_sel_risk,9.8581
4,proposed,1,crc_sel_risk,10.6212
4,proposed,2,crc_sel_risk,12.0937
4,proposed,3,crc_sel_risk,12.2945
4,proposed,4,crc_sel_risk,15.2813
4,proposed,5,crc_sel_risk,20.2356
4,proposed,6,crc_sel_risk,27.7108
4,proposed,0,crc_feasible,1
4,proposed,1,crc_feasible,1
4,proposed,2,crc_feasible,1
4,proposed,3,crc_feasible,1
4,proposed,4,crc_feasible,1
4,proposed,5,crc_feasible,1
4,proposed,6,crc_feasible,1
4,proposed,0,crc_units,27
4,proposed,1,crc_units,27
4,proposed,2,crc_units,27
4,proposed,3,crc_units,27
4,proposed,4,crc_units,27
4,proposed,5,crc_units,27
4,proposed,6,crc_units,27
4,proposed,0,crc_positive_coverage,1
4,proposed,1,crc_positive_coverage,1
4,proposed,2,crc_positive_coverage,1
4,proposed,3,crc_positive_coverage,1
4,proposed,4,crc_positive_coverage,1
4,proposed,5,crc_positive_coverage,1
4,proposed,6,crc_positive_coverage,1
4,proposed,0,crcmask_calib_bound,nan
4,proposed,1,crcmask_calib_bound,9.96596
4,proposed,2,crcmask_calib_bound,9.87965
4,proposed,3,crcmask_calib_bound,9.98993
4,proposed,4,crcmask_calib_bound,9.98514
4,proposed,5,crcmask_calib_bound,9.90842
4,proposed,6,crcmask_calib_bound,9.95637
4,proposed,0,crcmask_eval_joint_risk,nan
4,proposed,1,crcmask_eval_joint_risk,6.8613
4,proposed,2,crcmask_eval_joint_risk,6.82704
4,proposed,3,crcmask_eval_joint_risk,7.03257
4,proposed,4,crcmask_eval_joint_risk,7.18276
4,proposed,5,crcmask_eval_joint_risk,7.04838
4,proposed,6,crcmask_eval_joint_risk,7.19593
4,proposed,0,crcmask_coverage,nan
4,proposed,1,crcmask_coverage,73.2583
4,proposed,2,crcmask_coverage,69.3218
4,proposed,3,crcmask_coverage,63.164
4,proposed,4,crcmask_coverage,55.5939
4,proposed,5,crcmask_coverage,41.3549
4,proposed,6,crcmask_coverage,26.2937
4,proposed,0,crcmask_sel_risk,nan
4,proposed,1,crcmask_sel_risk,9.3659
4,proposed,2,crcmask_sel_risk,9.84834
4,proposed,3,crcmask_sel_risk,11.1338
4,proposed,4,crcmask_sel_risk,12.92
4,proposed,5,crcmask_sel_risk,17.0436
4,proposed,6,crcmask_sel_risk,27.3675
4,proposed,0,crcmask_feasible,nan
4,proposed,1,crcmask_feasible,1
4,proposed,2,crcmask_feasible,1
4,proposed,3,crcmask_feasible,1
4,proposed,4,crcmask_feasible,1
4,proposed,5,crcmask_feasible,1
4,proposed,6,crcmask_feasible,1
4,proposed,0,crcmask_units,nan
4,proposed,1,crcmask_units,32
4,proposed,2,crcmask_units,32
4,proposed,3,crcmask_units,32
4,proposed,4,crcmask_units,32
4,proposed,5,crcmask_units,32
4,proposed,6,crcmask_units,32
4,proposed,0,crcmask_alpha_floor,nan
4,proposed,1,crcmask_alpha_floor,3.0303
4,proposed,2,crcmask_alpha_floor,3.0303
4,proposed,3,crcmask_alpha_floor,3.0303
4,proposed,4,crcmask_alpha_floor,3.0303
4,proposed,5,crcmask_alpha_floor,3.0303
4,proposed,6,crcmask_alpha_floor,3.0303
4,proposed,0,crcmask_positive_coverage,nan
4,proposed,1,crcmask_positive_coverage,1
4,proposed,2,crcmask_positive_coverage,1
4,proposed,3,crcmask_positive_coverage,1
4,proposed,4,crcmask_positive_coverage,1
4,proposed,5,crcmask_positive_coverage,1
4,proposed,6,crcmask_positive_coverage,1
4,proposed,0,temperature,1.35121
4,proposed,1,temperature,1.34276
4,proposed,2,temperature,1.32632
4,proposed,3,temperature,1.32565
4,proposed,4,temperature,1.37884
4,proposed,5,temperature,1.4951
4,proposed,6,temperature,1.69694
4,proposed,0,plugin_neff,65
4,proposed,1,plugin_neff,61
4,proposed,2,plugin_neff,54
4,proposed,3,plugin_neff,51
4,proposed,4,plugin_neff,43
4,proposed,5,plugin_neff,25
4,proposed,6,plugin_neff,4
4,proposed,0,plugin_icc,0.28738
4,proposed,1,plugin_icc,0.292807
4,proposed,2,plugin_icc,0.29804
4,proposed,3,plugin_icc,0.27308
4,proposed,4,plugin_icc,0.257289
4,proposed,5,plugin_icc,0.231849
4,proposed,6,plugin_icc,0.184218
4,proposed,0,plugin_eff_target,6.2707
4,proposed,1,plugin_eff_target,6.173
4,proposed,2,plugin_eff_target,5.92919
4,proposed,3,plugin_eff_target,5.81618
4,proposed,4,plugin_eff_target,5.41481
4,proposed,5,plugin_eff_target,4.04281
4,proposed,6,plugin_eff_target,0
4,proposed,0,plugin_positive_coverage,1
4,proposed,1,plugin_positive_coverage,1
4,proposed,2,plugin_positive_coverage,1
4,proposed,3,plugin_positive_coverage,1
4,proposed,4,plugin_positive_coverage,1
4,proposed,5,plugin_positive_coverage,1
4,proposed,6,plugin_positive_coverage,0
4,proposed,0,plugin_degenerate,0
4,proposed,1,plugin_degenerate,0
4,proposed,2,plugin_degenerate,0
4,proposed,3,plugin_degenerate,0
4,proposed,4,plugin_degenerate,0
4,proposed,5,plugin_degenerate,0
4,proposed,6,plugin_degenerate,1
4,proposed,0,mask_acc_worst,83.2209
4,proposed,1,mask_acc_worst,74.5363
4,proposed,2,mask_acc_worst,67.032
4,proposed,3,mask_acc_worst,60.2024
4,proposed,4,mask_acc_worst,55.059
4,proposed,5,mask_acc_worst,44.6037
4,proposed,6,mask_acc_worst,38.9545
4,proposed,0,mask_acc_median,83.2209
4,proposed,1,mask_acc_median,82.4621
4,proposed,2,mask_acc_median,80.3541
4,proposed,3,mask_acc_median,78.457
4,proposed,4,mask_acc_median,74.3676
4,proposed,5,mask_acc_median,62.3524
4,proposed,6,mask_acc_median,54.0051
4,proposed,0,mask_acc_p05,83.2209
4,proposed,1,mask_acc_p05,74.5363
4,proposed,2,mask_acc_p05,69.0725
4,proposed,3,mask_acc_p05,64.1821
4,proposed,4,mask_acc_p05,60.8347
4,proposed,5,mask_acc_p05,46.6147
4,proposed,6,mask_acc_p05,42.0573
4,proposed,0,mask_cov_worst,76.3912
4,proposed,1,mask_cov_worst,65.8516
4,proposed,2,mask_cov_worst,51.6863
4,proposed,3,mask_cov_worst,44.6037
4,proposed,4,mask_cov_worst,30.4384
4,proposed,5,mask_cov_worst,17.6223
4,proposed,6,mask_cov_worst,4.04722
4,proposed,0,mask_sel_risk_worst,8.38852
4,proposed,1,mask_sel_risk_worst,14.3406
4,proposed,2,mask_sel_risk_worst,20.5546
4,proposed,3,mask_sel_risk_worst,23.5507
4,proposed,4,mask_sel_risk_worst,26.4184
4,proposed,5,mask_sel_risk_worst,46.6431
4,proposed,6,mask_sel_risk_worst,66.3507
4,proposed,0,mask_sel_risk_median,8.38852
4,proposed,1,mask_sel_risk_median,8.77778
4,proposed,2,mask_sel_risk_median,9.71565
4,proposed,3,mask_sel_risk_median,10.5294
4,proposed,4,mask_sel_risk_median,12.9295
4,proposed,5,mask_sel_risk_median,17.6885
4,proposed,6,mask_sel_risk_median,26.4893
4,proposed,0,cls_cov_min,29.4118
4,proposed,1,cls_cov_min,29.0441
4,proposed,2,cls_cov_min,28.0882
4,proposed,3,cls_cov_min,25.4779
4,proposed,4,cls_cov_min,24.7794
4,proposed,5,cls_cov_min,17.3897
4,proposed,6,cls_cov_min,16.2132
4,proposed,0,cls_cov_macro,81.6604
4,proposed,1,cls_cov_macro,78.7654
4,proposed,2,cls_cov_macro,75.1267
4,proposed,3,cls_cov_macro,69.8886
4,proposed,4,cls_cov_macro,62.0108
4,proposed,5,cls_cov_macro,44.9868
4,proposed,6,cls_cov_macro,30.1518
4,proposed,0,cls_zero_cov_n,0
4,proposed,1,cls_zero_cov_n,0
4,proposed,2,cls_zero_cov_n,0
4,proposed,3,cls_zero_cov_n,0
4,proposed,4,cls_zero_cov_n,0
4,proposed,5,cls_zero_cov_n,0
4,proposed,6,cls_zero_cov_n,0
4,proposed,0,cls_sel_risk_max,100
4,proposed,1,cls_sel_risk_max,100
4,proposed,2,cls_sel_risk_max,100
4,proposed,3,cls_sel_risk_max,100
4,proposed,4,cls_sel_risk_max,100
4,proposed,5,cls_sel_risk_max,100
4,proposed,6,cls_sel_risk_max,100
4,proposed,0,cls_sel_risk_macro,13.5266
4,proposed,1,cls_sel_risk_macro,15.1377
4,proposed,2,cls_sel_risk_macro,17.0055
4,proposed,3,cls_sel_risk_macro,17.551
4,proposed,4,cls_sel_risk_macro,20.1303
4,proposed,5,cls_sel_risk_macro,26.3796
4,proposed,6,cls_sel_risk_macro,33.6528
4,proposed,0,plugin_threshold,0.816565
4,proposed,1,plugin_threshold,0.822202
4,proposed,2,plugin_threshold,0.847397
4,proposed,3,plugin_threshold,0.873628
4,proposed,4,plugin_threshold,0.883955
4,proposed,5,plugin_threshold,0.934678
4,proposed,6,plugin_threshold,inf
4,proposed,0,crc_threshold,0.707801
4,proposed,1,crc_threshold,0.721245
4,proposed,2,crc_threshold,0.732996
4,proposed,3,crc_threshold,0.744704
4,proposed,4,crc_threshold,0.73955
4,proposed,5,crc_threshold,0.738139
4,proposed,6,crc_threshold,0.703865
4,b2,0,acc,80.6071
4,b2,1,acc,78.6414
4,b2,2,acc,76.8866
4,b2,3,acc,76.0092
4,b2,4,acc,70.1597
4,b2,5,acc,62.7793
4,b2,6,acc,50.8195
4,b2,0,aurc,8.69264
4,b2,1,aurc,9.93228
4,b2,2,aurc,11.401
4,b2,3,aurc,11.3544
4,b2,4,aurc,16.2674
4,b2,5,aurc,23.1969
4,b2,6,aurc,37.6609
4,b2,0,augrc,5.48046
4,b2,1,augrc,6.19362
4,b2,2,augrc,7.04307
4,b2,3,augrc,7.25558
4,b2,4,augrc,10.1396
4,b2,5,augrc,14.0153
4,b2,6,augrc,21.1546
4,b2,0,auroc,77.0225
4,b2,1,auroc,76.7127
4,b2,2,auroc,75.4011
4,b2,3,auroc,75.9948
4,b2,4,auroc,72.8363
4,b2,5,auroc,69.6672
4,b2,6,auroc,63.7497
4,b2,0,plugin_coverage,72.344
4,b2,1,plugin_coverage,61.9335
4,b2,2,plugin_coverage,47.1859
4,b2,3,plugin_coverage,37.6107
4,b2,4,plugin_coverage,16.1704
4,b2,5,plugin_coverage,0
4,b2,6,plugin_coverage,0
4,b2,0,plugin_cond_risk,10.4895
4,b2,1,plugin_cond_risk,9.42778
4,b2,2,plugin_cond_risk,9.06299
4,b2,3,plugin_cond_risk,7.90248
4,b2,4,plugin_cond_risk,9.71159
4,b2,5,plugin_cond_risk,nan
4,b2,6,plugin_cond_risk,nan
4,b2,0,crc_calib_bound,9.82954
4,b2,1,crc_calib_bound,9.99729
4,b2,2,crc_calib_bound,9.9258
4,b2,3,crc_calib_bound,9.91229
4,b2,4,crc_calib_bound,9.97252
4,b2,5,crc_calib_bound,9.93213
4,b2,6,crc_calib_bound,9.89146
4,b2,0,crc_eval_joint_risk,9.89781
4,b2,1,crc_eval_joint_risk,9.67924
4,b2,2,crc_eval_joint_risk,8.70051
4,b2,3,crc_eval_joint_risk,7.89568
4,b2,4,crc_eval_joint_risk,8.77749
4,b2,5,crc_eval_joint_risk,7.30878
4,b2,6,crc_eval_joint_risk,5.9361
4,b2,0,crc_coverage,79.215
4,b2,1,crc_coverage,75.5115
4,b2,2,crc_coverage,66.1084
4,b2,3,crc_coverage,61.4659
4,b2,4,crc_coverage,51.5399
4,b2,5,crc_coverage,33.9846
4,b2,6,crc_coverage,17.6384
4,b2,0,crc_sel_risk,12.4949
4,b2,1,crc_sel_risk,12.8182
4,b2,2,crc_sel_risk,13.161
4,b2,3,crc_sel_risk,12.8456
4,b2,4,crc_sel_risk,17.0305
4,b2,5,crc_sel_risk,21.5061
4,b2,6,crc_sel_risk,33.6545
4,b2,0,crc_feasible,1
4,b2,1,crc_feasible,1
4,b2,2,crc_feasible,1
4,b2,3,crc_feasible,1
4,b2,4,crc_feasible,1
4,b2,5,crc_feasible,1
4,b2,6,crc_feasible,1
4,b2,0,crc_units,27
4,b2,1,crc_units,27
4,b2,2,crc_units,27
4,b2,3,crc_units,27
4,b2,4,crc_units,27
4,b2,5,crc_units,27
4,b2,6,crc_units,27
4,b2,0,crc_positive_coverage,1
4,b2,1,crc_positive_coverage,1
4,b2,2,crc_positive_coverage,1
4,b2,3,crc_positive_coverage,1
4,b2,4,crc_positive_coverage,1
4,b2,5,crc_positive_coverage,1
4,b2,6,crc_positive_coverage,1
4,b2,0,crcmask_calib_bound,nan
4,b2,1,crcmask_calib_bound,9.88684
4,b2,2,crcmask_calib_bound,9.97075
4,b2,3,crcmask_calib_bound,9.87725
4,b2,4,crcmask_calib_bound,9.87965
4,b2,5,crcmask_calib_bound,9.93959
4,b2,6,crcmask_calib_bound,9.98993
4,b2,0,crcmask_eval_joint_risk,nan
4,b2,1,crcmask_eval_joint_risk,9.18792
4,b2,2,crcmask_eval_joint_risk,8.53973
4,b2,3,crcmask_eval_joint_risk,8.47123
4,b2,4,crcmask_eval_joint_risk,8.51866
4,b2,5,crcmask_eval_joint_risk,6.56882
4,b2,6,crcmask_eval_joint_risk,5.55965
4,b2,0,crcmask_coverage,nan
4,b2,1,crcmask_coverage,75.5639
4,b2,2,crcmask_coverage,69.3376
4,b2,3,crcmask_coverage,62.3498
4,b2,4,crcmask_coverage,53.6414
4,b2,5,crcmask_coverage,39.1152
4,b2,6,crcmask_coverage,16.8977
4,b2,0,crcmask_sel_risk,nan
4,b2,1,crcmask_sel_risk,12.1591
4,b2,2,crcmask_sel_risk,12.3162
4,b2,3,crcmask_sel_risk,13.5866
4,b2,4,crcmask_sel_risk,15.8807
4,b2,5,crcmask_sel_risk,16.7935
4,b2,6,crcmask_sel_risk,32.9019
4,b2,0,crcmask_feasible,nan
4,b2,1,crcmask_feasible,1
4,b2,2,crcmask_feasible,1
4,b2,3,crcmask_feasible,1
4,b2,4,crcmask_feasible,1
4,b2,5,crcmask_feasible,1
4,b2,6,crcmask_feasible,1
4,b2,0,crcmask_units,nan
4,b2,1,crcmask_units,32
4,b2,2,crcmask_units,32
4,b2,3,crcmask_units,32
4,b2,4,crcmask_units,32
4,b2,5,crcmask_units,32
4,b2,6,crcmask_units,32
4,b2,0,crcmask_alpha_floor,nan
4,b2,1,crcmask_alpha_floor,3.0303
4,b2,2,crcmask_alpha_floor,3.0303
4,b2,3,crcmask_alpha_floor,3.0303
4,b2,4,crcmask_alpha_floor,3.0303
4,b2,5,crcmask_alpha_floor,3.0303
4,b2,6,crcmask_alpha_floor,3.0303
4,b2,0,crcmask_positive_coverage,nan
4,b2,1,crcmask_positive_coverage,1
4,b2,2,crcmask_positive_coverage,1
4,b2,3,crcmask_positive_coverage,1
4,b2,4,crcmask_positive_coverage,1
4,b2,5,crcmask_positive_coverage,1
4,b2,6,crcmask_positive_coverage,1
4,b2,0,temperature,1.52919
4,b2,1,temperature,1.44514
4,b2,2,temperature,1.35168
4,b2,3,temperature,1.30855
4,b2,4,temperature,1.28909
4,b2,5,temperature,1.39245
4,b2,6,temperature,1.51037
4,b2,0,plugin_neff,64
4,b2,1,plugin_neff,55
4,b2,2,plugin_neff,40
4,b2,3,plugin_neff,37
4,b2,4,plugin_neff,24
4,b2,5,plugin_neff,5
4,b2,6,plugin_neff,1
4,b2,0,plugin_icc,0.276663
4,b2,1,plugin_icc,0.304462
4,b2,2,plugin_icc,0.344642
4,b2,3,plugin_icc,0.308275
4,b2,4,plugin_icc,0.278115
4,b2,5,plugin_icc,0.165206
4,b2,6,plugin_icc,0.108231
4,b2,0,plugin_eff_target,6.25707
4,b2,1,plugin_eff_target,5.95733
4,b2,2,plugin_eff_target,5.25024
4,b2,3,plugin_eff_target,5.03481
4,b2,4,plugin_eff_target,3.91185
4,b2,5,plugin_eff_target,0
4,b2,6,plugin_eff_target,0
4,b2,0,plugin_positive_coverage,1
4,b2,1,plugin_positive_coverage,1
4,b2,2,plugin_positive_coverage,1
4,b2,3,plugin_positive_coverage,1
4,b2,4,plugin_positive_coverage,1
4,b2,5,plugin_positive_coverage,0
4,b2,6,plugin_positive_coverage,0
4,b2,0,plugin_degenerate,0
4,b2,1,plugin_degenerate,0
4,b2,2,plugin_degenerate,0
4,b2,3,plugin_degenerate,0
4,b2,4,plugin_degenerate,0
4,b2,5,plugin_degenerate,1
4,b2,6,plugin_degenerate,1
4,b2,0,mask_acc_worst,80.6071
4,b2,1,mask_acc_worst,72.4283
4,b2,2,mask_acc_worst,64.6712
4,b2,3,mask_acc_worst,61.8044
4,b2,4,mask_acc_worst,51.0118
4,b2,5,mask_acc_worst,38.7858
4,b2,6,mask_acc_worst,16.7791
4,b2,0,mask_acc_median,80.6071
4,b2,1,mask_acc_median,79.6796
4,b2,2,mask_acc_median,78.9629
4,b2,3,mask_acc_median,77.3187
4,b2,4,mask_acc_median,71.3322
4,b2,5,mask_acc_median,66.3575
4,b2,6,mask_acc_median,51.3912
4,b2,0,mask_acc_p05,80.6071
4,b2,1,mask_acc_p05,72.4283
4,b2,2,mask_acc_p05,67.2681
4,b2,3,mask_acc_p05,67.559
4,b2,4,mask_acc_p05,54.2664
4,b2,5,mask_acc_p05,40.0506
4,b2,6,mask_acc_p05,26.8128
4,b2,0,mask_cov_worst,80.1855
4,b2,1,mask_cov_worst,68.8027
4,b2,2,mask_cov_worst,50.3373
4,b2,3,mask_cov_worst,43.7605
4,b2,4,mask_cov_worst,27.9089
4,b2,5,mask_cov_worst,16.7791
4,b2,6,mask_cov_worst,6.66105
4,b2,0,mask_sel_risk_worst,12.0925
4,b2,1,mask_sel_risk_worst,20.6816
4,b2,2,mask_sel_risk_worst,21.6327
4,b2,3,mask_sel_risk_worst,25.4335
4,b2,4,mask_sel_risk_worst,33.6222
4,b2,5,mask_sel_risk_worst,51.0204
4,b2,6,mask_sel_risk_worst,87.6812
4,b2,0,mask_sel_risk_median,12.0925
4,b2,1,mask_sel_risk_median,11.9116
4,b2,2,mask_sel_risk_median,11.9878
4,b2,3,mask_sel_risk_median,11.731
4,b2,4,mask_sel_risk_median,15.6722
4,b2,5,mask_sel_risk_median,17.1429
4,b2,6,mask_sel_risk_median,30.3926
4,b2,0,cls_cov_min,47.0588
4,b2,1,cls_cov_min,42.8846
4,b2,2,cls_cov_min,31.8269
4,b2,3,cls_cov_min,33.2353
4,b2,4,cls_cov_min,30.625
4,b2,5,cls_cov_min,18.5381
4,b2,6,cls_cov_min,4.44915
4,b2,0,cls_cov_macro,82.4301
4,b2,1,cls_cov_macro,77.5002
4,b2,2,cls_cov_macro,69.3455
4,b2,3,cls_cov_macro,64.2831
4,b2,4,cls_cov_macro,56.3808
4,b2,5,cls_cov_macro,37.8484
4,b2,6,cls_cov_macro,20.7271
4,b2,0,cls_zero_cov_n,0
4,b2,1,cls_zero_cov_n,0
4,b2,2,cls_zero_cov_n,0
4,b2,3,cls_zero_cov_n,0
4,b2,4,cls_zero_cov_n,0
4,b2,5,cls_zero_cov_n,0
4,b2,6,cls_zero_cov_n,0
4,b2,0,cls_sel_risk_max,100
4,b2,1,cls_sel_risk_max,100
4,b2,2,cls_sel_risk_max,99.8894
4,b2,3,cls_sel_risk_max,100
4,b2,4,cls_sel_risk_max,99.8636
4,b2,5,cls_sel_risk_max,100
4,b2,6,cls_sel_risk_max,100
4,b2,0,cls_sel_risk_macro,20.8494
4,b2,1,cls_sel_risk_macro,21.6103
4,b2,2,cls_sel_risk_macro,22.3188
4,b2,3,cls_sel_risk_macro,22.7517
4,b2,4,cls_sel_risk_macro,25.0064
4,b2,5,cls_sel_risk_macro,26.9439
4,b2,6,cls_sel_risk_macro,38.1845
4,b2,0,plugin_threshold,0.664286
4,b2,1,plugin_threshold,0.722008
4,b2,2,plugin_threshold,0.798735
4,b2,3,plugin_threshold,0.825139
4,b2,4,plugin_threshold,0.903634
4,b2,5,plugin_threshold,inf
4,b2,6,plugin_threshold,inf
4,b2,0,crc_threshold,0.606258
4,b2,1,crc_threshold,0.622331
4,b2,2,crc_threshold,0.662745
4,b2,3,crc_threshold,0.665798
4,b2,4,crc_threshold,0.678499
4,b2,5,crc_threshold,0.670509
4,b2,6,crc_threshold,0.716266
4,b2m,0,acc,83.5582
4,b2m,1,acc,81.7664
4,b2m,2,acc,79.7718
4,b2m,3,acc,79.0578
4,b2m,4,acc,74.531
4,b2m,5,acc,67.8515
4,b2m,6,acc,58.4422
4,b2m,0,aurc,6.53046
4,b2m,1,aurc,7.61789
4,b2m,2,aurc,8.98094
4,b2m,3,aurc,9.12536
4,b2m,4,aurc,13.4426
4,b2m,5,aurc,18.0925
4,b2m,6,aurc,27.5313
4,b2m,0,augrc,4.31375
4,b2m,1,augrc,5.03805
4,b2m,2,augrc,5.80404
4,b2m,3,augrc,5.96071
4,b2m,4,augrc,8.21603
4,b2m,5,augrc,11.0001
4,b2m,6,augrc,16.2085
4,b2m,0,auroc,78.49
4,b2m,1,auroc,77.3644
4,b2m,2,auroc,76.7125
4,b2m,3,auroc,77.2446
4,b2m,4,auroc,73.8057
4,b2m,5,auroc,73.2639
4,b2m,6,auroc,68.821
4,b2m,0,plugin_coverage,60.0337
4,b2m,1,plugin_coverage,54.2527
4,b2m,2,plugin_coverage,43.779
4,b2m,3,plugin_coverage,32.2618
4,b2m,4,plugin_coverage,12.6133
4,b2m,5,plugin_coverage,0
4,b2m,6,plugin_coverage,0
4,b2m,0,plugin_cond_risk,6.03933
4,b2m,1,plugin_cond_risk,6.60029
4,b2m,2,plugin_cond_risk,6.81914
4,b2m,3,plugin_cond_risk,6.11728
4,b2m,4,plugin_cond_risk,7.79194
4,b2m,5,plugin_cond_risk,nan
4,b2m,6,plugin_cond_risk,nan
4,b2m,0,crc_calib_bound,9.41384
4,b2m,1,crc_calib_bound,9.99448
4,b2m,2,crc_calib_bound,9.90264
4,b2m,3,crc_calib_bound,9.98388
4,b2m,4,crc_calib_bound,9.90616
4,b2m,5,crc_calib_bound,9.85947
4,b2m,6,crc_calib_bound,9.87296
4,b2m,0,crc_eval_joint_risk,6.48267
4,b2m,1,crc_eval_joint_risk,7.38914
4,b2m,2,crc_eval_joint_risk,7.44972
4,b2m,3,crc_eval_joint_risk,7.06432
4,b2m,4,crc_eval_joint_risk,7.58931
4,b2m,5,crc_eval_joint_risk,6.12423
4,b2m,6,crc_eval_joint_risk,6.38075
4,b2m,0,crc_coverage,73.294
4,b2m,1,crc_coverage,70.6257
4,b2m,2,crc_coverage,64.9592
4,b2m,3,crc_coverage,62.1817
4,b2m,4,crc_coverage,53.7818
4,b2m,5,crc_coverage,38.1684
4,b2m,6,crc_coverage,27.3162
4,b2m,0,crc_sel_risk,8.84474
4,b2m,1,crc_sel_risk,10.4624
4,b2m,2,crc_sel_risk,11.4683
4,b2m,3,crc_sel_risk,11.3608
4,b2m,4,crc_sel_risk,14.1113
4,b2m,5,crc_sel_risk,16.0453
4,b2m,6,crc_sel_risk,23.3588
4,b2m,0,crc_feasible,1
4,b2m,1,crc_feasible,1
4,b2m,2,crc_feasible,1
4,b2m,3,crc_feasible,1
4,b2m,4,crc_feasible,1
4,b2m,5,crc_feasible,1
4,b2m,6,crc_feasible,1
4,b2m,0,crc_units,27
4,b2m,1,crc_units,27
4,b2m,2,crc_units,27
4,b2m,3,crc_units,27
4,b2m,4,crc_units,27
4,b2m,5,crc_units,27
4,b2m,6,crc_units,27
4,b2m,0,crc_positive_coverage,1
4,b2m,1,crc_positive_coverage,1
4,b2m,2,crc_positive_coverage,1
4,b2m,3,crc_positive_coverage,1
4,b2m,4,crc_positive_coverage,1
4,b2m,5,crc_positive_coverage,1
4,b2m,6,crc_positive_coverage,1
4,b2m,0,crcmask_calib_bound,nan
4,b2m,1,crcmask_calib_bound,9.98753
4,b2m,2,crcmask_calib_bound,9.98034
4,b2m,3,crcmask_calib_bound,9.99952
4,b2m,4,crcmask_calib_bound,9.95637
4,b2m,5,crcmask_calib_bound,9.94438
4,b2m,6,crcmask_calib_bound,9.91321
4,b2m,0,crcmask_eval_joint_risk,nan
4,b2m,1,crcmask_eval_joint_risk,6.55038
4,b2m,2,crcmask_eval_joint_risk,6.77171
4,b2m,3,crcmask_eval_joint_risk,7.50158
4,b2m,4,crcmask_eval_joint_risk,6.60835
4,b2m,5,crcmask_eval_joint_risk,6.084
4,b2m,6,crcmask_eval_joint_risk,5.82841
4,b2m,0,crcmask_coverage,nan
4,b2m,1,crcmask_coverage,71.3928
4,b2m,2,crcmask_coverage,68.6525
4,b2m,3,crcmask_coverage,65.1454
4,b2m,4,crcmask_coverage,54.5663
4,b2m,5,crcmask_coverage,43.4944
4,b2m,6,crcmask_coverage,26.0302
4,b2m,0,crcmask_sel_risk,nan
4,b2m,1,crcmask_sel_risk,9.17512
4,b2m,2,crcmask_sel_risk,9.86375
4,b2m,3,crcmask_sel_risk,11.5151
4,b2m,4,crcmask_sel_risk,12.1107
4,b2m,5,crcmask_sel_risk,13.988
4,b2m,6,crcmask_sel_risk,22.3909
4,b2m,0,crcmask_feasible,nan
4,b2m,1,crcmask_feasible,1
4,b2m,2,crcmask_feasible,1
4,b2m,3,crcmask_feasible,1
4,b2m,4,crcmask_feasible,1
4,b2m,5,crcmask_feasible,1
4,b2m,6,crcmask_feasible,1
4,b2m,0,crcmask_units,nan
4,b2m,1,crcmask_units,32
4,b2m,2,crcmask_units,32
4,b2m,3,crcmask_units,32
4,b2m,4,crcmask_units,32
4,b2m,5,crcmask_units,32
4,b2m,6,crcmask_units,32
4,b2m,0,crcmask_alpha_floor,nan
4,b2m,1,crcmask_alpha_floor,3.0303
4,b2m,2,crcmask_alpha_floor,3.0303
4,b2m,3,crcmask_alpha_floor,3.0303
4,b2m,4,crcmask_alpha_floor,3.0303
4,b2m,5,crcmask_alpha_floor,3.0303
4,b2m,6,crcmask_alpha_floor,3.0303
4,b2m,0,crcmask_positive_coverage,nan
4,b2m,1,crcmask_positive_coverage,1
4,b2m,2,crcmask_positive_coverage,1
4,b2m,3,crcmask_positive_coverage,1
4,b2m,4,crcmask_positive_coverage,1
4,b2m,5,crcmask_positive_coverage,1
4,b2m,6,crcmask_positive_coverage,1
4,b2m,0,temperature,1.62064
4,b2m,1,temperature,1.50437
4,b2m,2,temperature,1.36325
4,b2m,3,temperature,1.29299
4,b2m,4,temperature,1.22055
4,b2m,5,temperature,1.2056
4,b2m,6,temperature,1.28061
4,b2m,0,plugin_neff,46
4,b2m,1,plugin_neff,44
4,b2m,2,plugin_neff,39
4,b2m,3,plugin_neff,34
4,b2m,4,plugin_neff,21
4,b2m,5,plugin_neff,7
4,b2m,6,plugin_neff,3
4,b2m,0,plugin_icc,0.360153
4,b2m,1,plugin_icc,0.346208
4,b2m,2,plugin_icc,0.34035
4,b2m,3,plugin_icc,0.308804
4,b2m,4,plugin_icc,0.308913
4,b2m,5,plugin_icc,0.237417
4,b2m,6,plugin_icc,0.166937
4,b2m,0,plugin_eff_target,5.58555
4,b2m,1,plugin_eff_target,5.48318
4,b2m,2,plugin_eff_target,5.18855
4,b2m,3,plugin_eff_target,4.89179
4,b2m,4,plugin_eff_target,3.46394
4,b2m,5,plugin_eff_target,0
4,b2m,6,plugin_eff_target,0
4,b2m,0,plugin_positive_coverage,1
4,b2m,1,plugin_positive_coverage,1
4,b2m,2,plugin_positive_coverage,1
4,b2m,3,plugin_positive_coverage,1
4,b2m,4,plugin_positive_coverage,1
4,b2m,5,plugin_positive_coverage,0
4,b2m,6,plugin_positive_coverage,0
4,b2m,0,plugin_degenerate,0
4,b2m,1,plugin_degenerate,0
4,b2m,2,plugin_degenerate,0
4,b2m,3,plugin_degenerate,0
4,b2m,4,plugin_degenerate,0
4,b2m,5,plugin_degenerate,1
4,b2m,6,plugin_degenerate,1
4,b2m,0,mask_acc_worst,83.5582
4,b2m,1,mask_acc_worst,74.5363
4,b2m,2,mask_acc_worst,66.1889
4,b2m,3,mask_acc_worst,68.0438
4,b2m,4,mask_acc_worst,60.2024
4,b2m,5,mask_acc_worst,52.9511
4,b2m,6,mask_acc_worst,36.172
4,b2m,0,mask_acc_median,83.5582
4,b2m,1,mask_acc_median,82.9258
4,b2m,2,mask_acc_median,81.0287
4,b2m,3,mask_acc_median,80.2698
4,b2m,4,mask_acc_median,75.6745
4,b2m,5,mask_acc_median,68.4654
4,b2m,6,mask_acc_median,58.4317
4,b2m,0,mask_acc_p05,83.5582
4,b2m,1,mask_acc_p05,74.5363
4,b2m,2,mask_acc_p05,68.8322
4,b2m,3,mask_acc_p05,69.8103
4,b2m,4,mask_acc_p05,63.8828
4,b2m,5,mask_acc_p05,53.5413
4,b2m,6,mask_acc_p05,44.0177
4,b2m,0,mask_cov_worst,72.9342
4,b2m,1,mask_cov_worst,66.3575
4,b2m,2,mask_cov_worst,54.7218
4,b2m,3,mask_cov_worst,52.9511
4,b2m,4,mask_cov_worst,41.8212
4,b2m,5,mask_cov_worst,25.8853
4,b2m,6,mask_cov_worst,12.4789
4,b2m,0,mask_sel_risk_worst,8.20809
4,b2m,1,mask_sel_risk_worst,17.2808
4,b2m,2,mask_sel_risk_worst,18.9586
4,b2m,3,mask_sel_risk_worst,19.9409
4,b2m,4,mask_sel_risk_worst,24.6801
4,b2m,5,mask_sel_risk_worst,35.4467
4,b2m,6,mask_sel_risk_worst,63.6943
4,b2m,0,mask_sel_risk_median,8.20809
4,b2m,1,mask_sel_risk_median,9.375
4,b2m,2,mask_sel_risk_median,9.6005
4,b2m,3,mask_sel_risk_median,9.51063
4,b2m,4,mask_sel_risk_median,12.0975
4,b2m,5,mask_sel_risk_median,14.4584
4,b2m,6,mask_sel_risk_median,23.9362
4,b2m,0,cls_cov_min,35.2941
4,b2m,1,cls_cov_min,33.4926
4,b2m,2,cls_cov_min,31.9485
4,b2m,3,cls_cov_min,32.1691
4,b2m,4,cls_cov_min,30.5515
4,b2m,5,cls_cov_min,23.4926
4,b2m,6,cls_cov_min,13.4534
4,b2m,0,cls_cov_macro,77.7448
4,b2m,1,cls_cov_macro,74.8524
4,b2m,2,cls_cov_macro,69.9632
4,b2m,3,cls_cov_macro,66.616
4,b2m,4,cls_cov_macro,58.9446
4,b2m,5,cls_cov_macro,41.1046
4,b2m,6,cls_cov_macro,30.6628
4,b2m,0,cls_zero_cov_n,0
4,b2m,1,cls_zero_cov_n,0
4,b2m,2,cls_zero_cov_n,0
4,b2m,3,cls_zero_cov_n,0
4,b2m,4,cls_zero_cov_n,0
4,b2m,5,cls_zero_cov_n,0
4,b2m,6,cls_zero_cov_n,0
4,b2m,0,cls_sel_risk_max,100
4,b2m,1,cls_sel_risk_max,98.7908
4,b2m,2,cls_sel_risk_max,99.6212
4,b2m,3,cls_sel_risk_max,100
4,b2m,4,cls_sel_risk_max,99.6997
4,b2m,5,cls_sel_risk_max,99.6785
4,b2m,6,cls_sel_risk_max,100
4,b2m,0,cls_sel_risk_macro,15.5363
4,b2m,1,cls_sel_risk_macro,17.1292
4,b2m,2,cls_sel_risk_macro,18.5553
4,b2m,3,cls_sel_risk_macro,18.9068
4,b2m,4,cls_sel_risk_macro,22.0984
4,b2m,5,cls_sel_risk_macro,24.8384
4,b2m,6,cls_sel_risk_macro,31.2507
4,b2m,0,plugin_threshold,0.753159
4,b2m,1,plugin_threshold,0.7806
4,b2m,2,plugin_threshold,0.83378
4,b2m,3,plugin_threshold,0.865482
4,b2m,4,plugin_threshold,0.938972
4,b2m,5,plugin_threshold,inf
4,b2m,6,plugin_threshold,inf
4,b2m,0,crc_threshold,0.66543
4,b2m,1,crc_threshold,0.659547
4,b2m,2,crc_threshold,0.677424
4,b2m,3,crc_threshold,0.668484
4,b2m,4,crc_threshold,0.696765
4,b2m,5,crc_threshold,0.702099
4,b2m,6,crc_threshold,0.675414
