seed,patch_id,roi_id,difficulty,cloud_coverage,n_pixels,frac_clear,frac_thick,frac_thin,frac_shadow,mean_msp,accuracy
0,0,ROI_0001,4,low-cloudy,400,0.6829099779605606,0.0,0.3170900220394394,0.0,0.6672569728475378,0.5375
0,1,ROI_0001,3,almost-clear,400,0.03772179357035058,0.1532377904979524,3.859796743103508e-06,0.809036556134954,0.7736019220649062,0.79
0,2,ROI_0001,2,mid-cloudy,400,0.28843103122189584,0.5362145429421686,0.0,0.17535442583593547,0.6490687699526441,0.7275
0,3,ROI_0001,2,cloudy,400,0.41989956808874446,0.25080959236686595,0.22617250975563627,0.10311832978875332,0.7243307951964582,0.2475
0,4,ROI_0001,1,cloud-free,400,1.0,0.0,0.0,0.0,0.9093721540410392,0.995
0,5,ROI_0010,1,almost-clear,400,0.6469096537376342,0.008514711615286339,0.34457563464707947,0.0,0.7842163361852152,0.6125
0,6,ROI_0010,4,low-cloudy,400,0.2674646153133576,0.2853856515915872,0.25485465935363844,0.19229507374141677,0.5601495386722558,0.47
0,7,ROI_0010,3,mid-cloudy,400,0.1825413673715942,0.5719022236289037,0.0,0.2455564089995021,0.6798347549800681,0.47
0,8,ROI_0010,1,cloud-free,400,1.0,0.0,0.0,0.0,0.9576820080901346,1.0
0,9,ROI_0010,2,cloudy,400,0.0,0.9381042994275921,0.0,0.061895700572407855,0.9269195230993124,0.9525
0,10,ROI_0011,4,cloudy,400,0.39493440275435093,0.33634268819403973,0.0,0.26872290905160934,0.5690702890263474,0.195
0,11,ROI_0011,1,cloud-free,400,1.0,0.0,0.0,0.0,0.9801923569363911,1.0
0,12,ROI_0011,4,mid-cloudy,400,0.26783129600395245,0.3252650715413326,0.23725012640834334,0.1696535060463716,0.6429143371637062,0.5975
0,13,ROI_0011,3,almost-clear,400,0.8190218503093627,0.026354692161910755,0.13093588491630032,0.02368757261242623,0.8313715745650879,0.9125
0,14,ROI_0011,3,low-cloudy,400,0.22659322760063455,0.2308119854408467,0.3108525905025841,0.23174219645593463,0.7412374234380995,0.22
0,15,ROI_0032,4,cloudy,400,0.5370212404614773,0.0,0.42444640865212035,0.03853235088640232,0.8099008557945337,0.5475
0,16,ROI_0032,2,low-cloudy,400,0.5165450187393131,0.2243159475222035,0.0,0.25913903373848335,0.8406845560471035,0.675
0,17,ROI_0032,2,mid-cloudy,400,0.5219525939764013,0.2853624928111286,0.0,0.19268491321247022,0.9044691409587527,0.885
0,18,ROI_0032,2,almost-clear,400,0.615803551784963,0.21824062744855857,0.0,0.16595582076647844,0.9086102406664119,0.7975
0,19,ROI_0032,1,cloud-free,400,1.0,0.0,0.0,0.0,0.9760424444515761,1.0
0,20,ROI_0044,3,low-cloudy,400,0.13310123088918138,0.37591718420107995,0.0,0.49098158490973864,0.7004581653454954,0.3725
0,21,ROI_0044,2,mid-cloudy,400,0.03838181881342129,0.6658149381853552,0.0,0.29580324300122357,0.8251484604574366,0.8525
0,22,ROI_0044,2,cloudy,400,0.0,0.7849552842547312,0.0,0.21504471574526884,0.8369881306937024,0.8325
0,23,ROI_0044,1,cloud-free,400,1.0,0.0,0.0,0.0,0.9778584906000328,1.0
0,24,ROI_0044,2,almost-clear,400,0.7368544972421752,0.1054033294606706,0.0,0.15774217329715418,0.9059750641050003,0.8775
0,25,ROI_0064,2,mid-cloudy,400,0.389901227801344,0.41528711098073573,0.0,0.19481166121792026,0.7157882970128812,0.7325
0,26,ROI_0064,4,cloudy,400,0.13670242125049695,0.1610847572766818,0.6257541077886839,0.0764587136841374,0.5816071441598994,0.5975
0,27,ROI_0064,2,almost-clear,400,0.6152477410539561,0.28785592150717343,0.09251546813544799,0.0043808693034224815,0.6874566692502114,0.6175
0,28,ROI_0064,1,cloud-free,400,1.0,0.0,0.0,0.0,0.6878277505042938,0.0775
0,29,ROI_0064,2,low-cloudy,400,0.45398157333034844,0.35420968731786584,0.0,0.19180873935178575,0.7499753120814241,0.7125
0,30,ROI_0065,1,cloud-free,400,1.0,0.0,0.0,0.0,0.7309331128428288,0.9375
0,31,ROI_0065,3,low-cloudy,400,0.6489206078407911,0.14895341611310747,0.06762363893917346,0.13450233710692794,0.7623685976609182,0.8175
0,32,ROI_0065,2,almost-clear,400,0.8697820372779169,0.08212489530301334,0.0,0.04809306741906971,0.7686935988607053,0.675
0,33,ROI_0065,2,cloudy,400,0.11309204457293279,0.6698252670014397,0.0,0.2170826884256275,0.7705899375335047,0.72
0,34,ROI_0065,2,mid-cloudy,400,0.3934097830408251,0.3679775823005161,0.0,0.23861263465865887,0.744748332181673,0.6875
0,35,ROI_0069,3,low-cloudy,400,0.5190809051995322,0.21921715602456374,0.2617019387759041,0.0,0.8333731405704335,0.7225
0,36,ROI_0069,2,cloudy,400,0.22142109996487586,0.7785789000351242,0.0,0.0,0.9677566500979949,0.9875
0,37,ROI_0069,1,almost-clear,400,0.9287172737483644,0.04247706315785411,0.0,0.02880566309378148,0.8952872969714484,0.9575
0,38,ROI_0069,1,cloud-free,400,1.0,0.0,0.0,0.0,0.9263698999962088,0.9875
0,39,ROI_0069,3,mid-cloudy,400,0.4080731508678753,0.5919268491321247,0.0,0.0,0.8591963766103483,0.91
0,40,ROI_0079,1,cloud-free,400,0.9715687371902996,0.02843126280970044,0.0,0.0,0.6646158245801075,0.7125
0,41,ROI_0079,2,mid-cloudy,400,0.04933592197034904,0.7204233425067836,0.017203114084012337,0.21303762143885502,0.9121055485514725,0.915
0,42,ROI_0079,2,almost-clear,400,0.6724923865509242,0.21811325415603613,0.0,0.10939435929303963,0.7156168664705223,0.725
0,43,ROI_0079,2,low-cloudy,400,0.2757245803435991,0.43289164392603086,0.02983622882419012,0.26154754690617993,0.8372639581025801,0.82
0,44,ROI_0079,2,cloudy,400,0.044935753683211045,0.8180144433594126,0.0,0.13704980295737626,0.9003907198985734,0.855
0,45,ROI_0085,2,mid-cloudy,400,0.2841041990728768,0.5702077728586813,0.0,0.14568802806844192,0.8818164697676839,0.8275
0,46,ROI_0085,2,low-cloudy,400,0.47150119074729524,0.337211142461238,0.0,0.19128766679146675,0.8420395855235862,0.905
0,47,ROI_0085,2,cloudy,400,0.22778204499751042,0.6005650742431904,0.0,0.17165288075929921,0.7951228268009658,0.7675
0,48,ROI_0085,1,cloud-free,400,1.0,0.0,0.0,0.0,0.8837431945871544,0.97
0,49,ROI_0085,2,almost-clear,400,0.7597006341646049,0.14582312095445055,0.0,0.09447624488094457,0.8848232223064519,0.965
0,50,ROI_0106,1,cloud-free,400,1.0,0.0,0.0,0.0,0.7861428997657941,0.9975
0,51,ROI_0106,2,mid-cloudy,400,0.2840617413087027,0.5782438696778228,0.0,0.13769438901347456,0.8595123828055743,0.8975
0,52,ROI_0106,2,almost-clear,400,0.7592335987586893,0.15807797561380418,0.0,0.08268842562750646,0.9263037919325707,0.8225
0,53,ROI_0106,2,low-cloudy,400,0.6770816848784743,0.3222081125207947,0.0,0.0007102026007310455,0.9104581041427607,0.9525
0,54,ROI_0106,2,cloudy,400,0.20845218290804807,0.791547817091952,0.0,0.0,0.9574553707035841,0.985
0,55,ROI_0120,1,cloud-free,400,1.0,0.0,0.0,0.0,0.9719142400428339,1.0
0,56,ROI_0120,3,low-cloudy,400,0.6579525322196533,0.05951420598191299,0.19402426268232714,0.08850899911610655,0.6487843199751703,0.6925
0,57,ROI_0120,3,cloudy,400,0.05428804119175084,0.7942110768446934,0.08410883082896854,0.06739205113458725,0.8087054516255663,0.8025
0,58,ROI_0120,4,mid-cloudy,400,0.39745485002759756,0.057070954643528474,0.4928342873464283,0.052639907982445645,0.6166545805808377,0.4125
0,59,ROI_0120,3,almost-clear,400,0.9342792408551766,0.0,0.06572075914482343,0.0,0.7212847104237535,0.8225
0,60,ROI_0141,1,cloud-free,400,1.0,0.0,0.0,0.0,0.9893843975779874,1.0
0,61,ROI_0141,3,low-cloudy,400,0.7597315125385498,0.0,0.20631771530911183,0.03395077215233846,0.7932913841451,0.82
0,62,ROI_0141,3,mid-cloudy,400,0.20290179519146523,0.6431965292707686,0.0,0.15390167553776618,0.7460260324352095,0.795
0,63,ROI_0141,3,cloudy,400,0.05231568505602495,0.042129681450974794,0.7560454066488859,0.14950922684411438,0.7507284579050579,0.73
0,64,ROI_0141,3,almost-clear,400,0.6139006719906129,0.0,0.386099328009387,0.0,0.5896174668758539,0.79
0,65,ROI_0153,3,low-cloudy,400,0.5931079469355144,0.08182383115705127,0.32506822190743434,0.0,0.8048922550578088,0.86
0,66,ROI_0153,4,mid-cloudy,400,0.45128357540691905,0.044001682871379996,0.5047147417217009,0.0,0.7996814636792385,0.535
0,67,ROI_0153,2,almost-clear,400,0.859414623225941,0.14058537677405908,0.0,0.0,0.9212681216256007,0.96
0,68,ROI_0153,1,cloud-free,400,1.0,0.0,0.0,0.0,0.9512910615270082,1.0
0,69,ROI_0153,3,cloudy,400,0.1317117040616641,0.42095329259961173,0.44733500333872417,0.0,0.691080774221923,0.62
0,70,ROI_0154,2,low-cloudy,400,0.6064705632601387,0.19602749719199786,0.0,0.1975019395478634,0.9087327575081561,0.8825
0,71,ROI_0154,4,mid-cloudy,400,0.03584979214994538,0.41009954415800465,0.3987324427495648,0.15531822094248518,0.6281777105463122,0.52
0,72,ROI_0154,2,almost-clear,400,0.8812379140114481,0.076258004253496,0.0,0.042504081735055835,0.9500448083058823,0.93
0,73,ROI_0154,3,cloudy,400,0.33843469802880183,0.16355116739552494,0.29424774491375283,0.2037663896619204,0.7355437300815426,0.4225
0,74,ROI_0154,1,cloud-free,400,1.0,0.0,0.0,0.0,0.9360399667458051,0.9975
0,75,ROI_0159,3,low-cloudy,400,0.7051269680138644,0.21064840725487396,0.0,0.08422462473126165,0.752538082829534,0.7325
0,76,ROI_0159,3,cloudy,400,0.09134980951903073,0.8350940439476457,0.0,0.07355614653332355,0.740705933941325,0.7075
0,77,ROI_0159,1,cloud-free,400,1.0,0.0,0.0,0.0,0.9123674542102084,0.9875
0,78,ROI_0159,3,almost-clear,400,0.33647778108004833,0.024467251554533137,0.6390549673654186,0.0,0.6810775587536108,0.8225
0,79,ROI_0159,3,mid-cloudy,400,0.15345007931882307,0.589174814054292,0.0,0.257375106626885,0.6233274394627142,0.6175
0,80,ROI_0165,2,low-cloudy,400,0.41042376708442535,0.3351114130329897,0.0,0.25446481988258496,0.6991064131407146,0.845
0,81,ROI_0165,2,mid-cloudy,400,0.24274261717377962,0.560280375635419,0.0,0.19697700719080133,0.833400714470002,0.7975
0,82,ROI_0165,1,cloud-free,400,1.0,0.0,0.0,0.0,0.9401029553619012,1.0
0,83,ROI_0165,2,almost-clear,400,0.7004604737514523,0.18217854647774248,0.0,0.11736097977080527,0.9086822381296562,0.9125
0,84,ROI_0165,3,cloudy,400,0.21490190326577402,0.3680895164060661,0.2918971286972028,0.1251114516309571,0.6487587373736752,0.75
0,85,ROI_0197,2,cloudy,400,0.024606204237284865,0.8937706740363053,0.0,0.08162312172640988,0.9046001924748529,0.865
0,86,ROI_0197,2,low-cloudy,400,0.473357752980728,0.2996476005573547,0.043970804497435165,0.18302384196448215,0.7659091102266884,0.7225
0,87,ROI_0197,2,mid-cloudy,400,0.3860337114647543,0.491367564584049,0.0,0.12259872395119673,0.8026782037202242,0.8375
0,88,ROI_0197,1,cloud-free,400,1.0,0.0,0.0,0.0,0.853586142334646,0.94
0,89,ROI_0197,2,almost-clear,400,0.8545667185166029,0.10138142125435674,0.0,0.04405186022904034,0.899476785042059,0.9075
0,90,ROI_0201,2,mid-cloudy,400,0.3322744624268086,0.5052473936722492,0.0,0.16247814390094217,0.8919570545921259,0.8975
0,91,ROI_0201,1,cloud-free,400,1.0,0.0,0.0,0.0,0.9370111108337487,1.0
0,92,ROI_0201,2,almost-clear,400,0.7949521578193692,0.09431027362099112,0.0,0.11073756855963965,0.7078378459188848,0.785
0,93,ROI_0201,4,cloudy,400,0.0,0.39448280653540785,0.4969565502680629,0.10856064319652928,0.6775717891599748,0.545
0,94,ROI_0201,2,low-cloudy,400,0.47383250798012977,0.30386635839756676,0.0,0.22230113362230344,0.8650546302017689,0.875
0,95,ROI_0212,5,low-cloudy,400,0.36421428047599014,0.20545698063539974,0.3388554158738001,0.09147332301481004,0.8972230333349144,0.3225
0,96,ROI_0212,1,cloud-free,400,1.0,0.0,0.0,0.0,0.8744862510106715,0.9925
0,97,ROI_0212,2,almost-clear,400,0.733488754482189,0.14461500457385915,0.0,0.12189624094395189,0.7943596965983919,0.835
0,98,ROI_0212,2,cloudy,400,0.013119449129808823,0.8569057553429237,0.0,0.12997479552726754,0.7290282331483674,0.84
0,99,ROI_0212,2,mid-cloudy,400,0.1542490572446455,0.42365129052304107,0.0,0.42209965223231344,0.6773842166580714,0.705
0,100,ROI_0235,2,low-cloudy,400,0.20977223339418946,0.6005843732269058,0.0,0.18964339337890468,0.9119283803499175,0.9025
0,101,ROI_0235,3,cloudy,400,0.0,0.19871391572519792,0.6359555505807064,0.16533053369409567,0.8178849083173206,0.2075
0,102,ROI_0235,1,cloud-free,400,1.0,0.0,0.0,0.0,0.958172993562671,0.98
0,103,ROI_0235,2,mid-cloudy,400,0.010027751938582914,0.8128693343008557,0.09094453086100486,0.0861583828995565,0.8853553587137045,0.92
0,104,ROI_0235,2,almost-clear,400,0.7845114076292743,0.1435882986401936,0.04636387847815934,0.02553641525237281,0.8773618587818701,0.9
0,105,ROI_0243,2,low-cloudy,400,0.857141202944253,0.0874668539954686,0.0,0.05539194306027845,0.9425988003000018,0.915
0,106,ROI_0243,3,cloudy,400,0.20512889791223593,0.48479819052728684,0.15146228399612477,0.15861062756435246,0.8139319757022676,0.5125
0,107,ROI_0243,2,mid-cloudy,400,0.2977408609662615,0.5019704262373543,0.014640209046591607,0.18564850374979253,0.8578241315246399,0.8125
0,108,ROI_0243,1,cloud-free,400,1.0,0.0,0.0,0.0,0.9468659100266923,1.0
0,109,ROI_0243,3,almost-clear,400,0.6624955129862862,0.057831334601919866,0.2756126462380491,0.00406050617374489,0.9612939986970295,0.6725
0,110,ROI_0245,4,cloudy,400,0.15742181016747658,0.07847738738078053,0.7641008024517429,0.0,0.7255967297590188,0.61
0,111,ROI_0245,1,cloud-free,400,1.0,0.0,0.0,0.0,0.8368500529930918,0.9875
0,112,ROI_0245,2,almost-clear,400,0.813591116291816,0.11106951107954655,0.0,0.07533937262863738,0.892152334166825,0.9075
0,113,ROI_0245,2,low-cloudy,400,0.6205626811692097,0.258641119958623,0.0,0.12079619887216739,0.7053137237102227,0.4325
0,114,ROI_0245,2,mid-cloudy,400,0.28389962984549233,0.5292669088045824,0.0,0.18683346134992532,0.8346238022541005,0.7875
0,115,ROI_0264,1,cloud-free,400,1.0,0.0,0.0,0.0,0.9620347107179543,1.0
0,116,ROI_0264,2,low-cloudy,400,0.10553070275319301,0.6489090284505618,0.0,0.24556026879624518,0.8676092059638384,0.805
0,117,ROI_0264,4,cloudy,400,0.21691671716567407,0.09388569597924973,0.6424091307351755,0.04678845611990073,0.7085630819458028,0.6425
0,118,ROI_0264,2,mid-cloudy,400,0.07213188153511836,0.7983179005793555,0.0,0.12955021788552615,0.89686704767238,0.9075
0,119,ROI_0264,2,almost-clear,400,0.4769164855778695,0.16175636190998183,0.0,0.3613271525121487,0.772942749187575,0.855
0,120,ROI_0268,3,almost-clear,400,0.8937745338330484,0.034919581134857436,0.07130588503209422,0.0,0.9100698852170269,0.89
0,121,ROI_0268,2,low-cloudy,400,0.2332513769824881,0.4633917577900348,0.0,0.3033568652274771,0.7640726974894041,0.57
0,122,ROI_0268,3,cloudy,400,0.0,0.43563209961363436,0.532532296849248,0.031835603537117736,0.8571652780376955,0.44
0,123,ROI_0268,3,mid-cloudy,400,0.5613341001462863,0.11777011822557425,0.24683014192472624,0.07406563970341322,0.8949007878216542,0.575
0,124,ROI_0268,2,cloud-free,400,1.0,0.0,0.0,0.0,0.978655563988914,1.0
0,125,ROI_0271,1,cloud-free,400,1.0,0.0,0.0,0.0,0.7246394916773893,0.965
0,126,ROI_0271,2,cloudy,400,0.0,0.43319270807199295,0.4845588831292144,0.08224840879879265,0.6398224527721903,0.5725
0,127,ROI_0271,2,mid-cloudy,400,0.10753779705960684,0.383563441549168,0.3652873039705729,0.14361145742065223,0.6397202721752261,0.58
0,128,ROI_0271,2,low-cloudy,400,0.6100138566703077,0.26500592478800067,0.0,0.1249802185416916,0.7699059934340249,0.8425
0,129,ROI_0271,3,almost-clear,400,0.8979238153318846,0.06707168800490966,0.0,0.035004496663205716,0.7377260786760378,0.9325
0,130,ROI_0285,1,cloud-free,400,1.0,0.0,0.0,0.0,0.9528437596204146,1.0
0,131,ROI_0285,2,almost-clear,400,0.9394938262551094,0.041531412955793746,0.0,0.018974760789096847,0.5420388227001383,0.2525
0,132,ROI_0285,2,low-cloudy,400,0.7656563005392136,0.13251454178422964,0.0,0.10182915767655676,0.7606460060566426,0.7025
0,133,ROI_0285,2,mid-cloudy,400,0.12600306467861402,0.6581069240893774,0.00046317560917242097,0.2154268356228361,0.8568675359141654,0.875
0,134,ROI_0285,2,cloudy,400,0.0,0.9317858121591317,0.0,0.0682141878408683,0.9771491887800479,0.915
0,135,ROI_0309,2,almost-clear,400,0.6941265472960194,0.1898904203704633,0.0008645944704551859,0.11511843786306213,0.9087249215322128,0.835
0,136,ROI_0309,2,mid-cloudy,400,0.22953439271887943,0.6561461473438809,0.0,0.1143194599372397,0.8026650968068162,0.8325
0,137,ROI_0309,3,cloudy,400,0.23451353051748294,0.29996024409354605,0.34858210366642095,0.11694412172255009,0.6019378021803931,0.4125
0,138,ROI_0309,1,cloud-free,400,1.0,0.0,0.0,0.0,0.8994472203152708,0.9975
0,139,ROI_0309,2,low-cloudy,400,0.5241063605590529,0.3223547847970326,0.0,0.15353885464391445,0.9062937911167901,0.9225
0,140,ROI_0331,1,cloud-free,400,1.0,0.0,0.0,0.0,0.8961113317782811,0.9825
0,141,ROI_0331,2,low-cloudy,400,0.6094850645165025,0.29225608979431145,0.0,0.09825884568918601,0.8607474289125479,0.875
0,142,ROI_0331,2,mid-cloudy,400,0.28333223972425614,0.5446752174030516,0.0,0.17199254287269233,0.8371139203745657,0.8575
0,143,ROI_0331,3,cloudy,400,0.15316445435983342,0.5967284362805455,0.15647615996541622,0.0936309493942049,0.700180738188869,0.72
0,144,ROI_0331,2,almost-clear,400,0.9353908623171904,0.03989485913671786,0.0,0.02471427854609176,0.9061667121042483,0.975
0,145,ROI_0342,2,cloudy,400,0.007044129056163902,0.8910958348933345,0.0,0.10186003605050158,0.6818146598848542,0.5675
0,146,ROI_0342,2,mid-cloudy,400,0.1586415059382973,0.5187451028828822,0.0,0.32261339117882054,0.8362334558893534,0.8225
0,147,ROI_0342,4,low-cloudy,400,0.17138269498728198,0.2974397968202994,0.31768443073787733,0.21349307745454124,0.6525035462107652,0.5675
0,148,ROI_0342,1,cloud-free,400,1.0,0.0,0.0,0.0,0.9783370538504873,1.0
0,149,ROI_0342,1,almost-clear,400,0.9875405761132618,0.004504382799201794,0.0,0.00795504108753633,0.9854226779753351,0.9925
0,150,ROI_0343,4,low-cloudy,400,0.16169846495883528,0.2688927401083059,0.19162732890485987,0.37778146602799895,0.5817359868219247,0.5175
0,151,ROI_0343,4,mid-cloudy,400,0.15708214805408346,0.2604822430050833,0.18540919635172012,0.39702641258911303,0.6046047383048853,0.48
0,152,ROI_0343,1,cloud-free,400,1.0,0.0,0.0,0.0,0.9134575659735318,1.0
0,153,ROI_0343,2,almost-clear,400,0.6956936247737194,0.012374508358389847,0.0,0.29193186686789074,0.763660969418321,0.88
0,154,ROI_0343,2,cloudy,400,0.0,0.8078245799576195,0.0,0.19217542004238056,0.8446550742891358,0.8
0,155,ROI_0362,2,mid-cloudy,400,0.9741123432440048,0.019850934649781344,0.0,0.006036722106213887,0.7891734468280746,0.51
0,156,ROI_0362,3,cloudy,400,0.0649256410157441,0.7486500360890995,0.0,0.18642432289515634,0.8011815756869854,0.84
0,157,ROI_0362,4,almost-clear,400,0.0,0.03447570450940053,0.9655242954905995,0.0,0.5492343053080495,0.1725
0,158,ROI_0362,1,cloud-free,400,1.0,0.0,0.0,0.0,0.7849706671427258,0.795
0,159,ROI_0362,3,low-cloudy,400,0.6584774645767154,0.27944542440395087,0.0,0.06207711101933372,0.7843840201304844,0.8225
0,160,ROI_0374,3,almost-clear,400,0.6288612441668822,0.16067175902516972,0.0,0.2104669968079481,0.5417689385143915,0.3
0,161,ROI_0374,4,low-cloudy,400,0.43369448164859636,0.5663055183514036,0.0,0.0,0.7697404443868404,0.5125
0,162,ROI_0374,3,mid-cloudy,400,0.32130106028616534,0.4609832446223382,0.0,0.2177156950914965,0.7335762890481448,0.435
0,163,ROI_0374,1,cloud-free,400,1.0,0.0,0.0,0.0,0.6948717525815362,0.835
0,164,ROI_0374,2,cloudy,400,0.014177033437419186,0.801919090940671,0.0,0.18390387562190974,0.8134430454087017,0.765
0,165,ROI_0391,1,cloud-free,400,1.0,0.0,0.0,0.0,0.8975697607653673,0.97
0,166,ROI_0391,5,almost-clear,400,0.7048953802092782,0.007982059664738054,0.2764811005052474,0.010641459620736373,0.8499309259421168,0.67
0,167,ROI_0391,4,mid-cloudy,400,0.45995653868867264,0.2425959448975417,0.0,0.29744751641378564,0.7527519003484158,0.5675
0,168,ROI_0391,5,low-cloudy,400,0.020534118673310665,0.8066859399184039,0.0,0.17277994140828545,0.8673994585503876,0.7675
0,169,ROI_0391,2,cloudy,400,0.06376770199281306,0.7249624634766734,0.0,0.21126983453051362,0.8495967717499683,0.8325
0,170,ROI_0400,1,cloud-free,400,1.0,0.0,0.0,0.0,0.9751514349778635,1.0
0,171,ROI_0400,3,low-cloudy,400,0.6371173494003806,0.2640718539761696,0.0,0.09881079662344981,0.8597280154868899,0.68
0,172,ROI_0400,3,cloudy,400,0.15697407374527658,0.6334196641204874,0.0,0.209606262134236,0.7383546969629304,0.3725
0,173,ROI_0400,2,almost-clear,400,0.5804825517888228,0.26824429425546453,0.0,0.1512731539557127,0.8804124383671598,0.8075
0,174,ROI_0400,3,mid-cloudy,400,0.2171791833442051,0.3252264735739016,0.20811638059139806,0.24947796249049525,0.7542492733484714,0.6225
0,175,ROI_0405,4,low-cloudy,400,0.34006739205113456,0.4275921429977497,0.0,0.23234046495111568,0.8032803478294658,0.7925
0,176,ROI_0405,4,mid-cloudy,400,0.2645311697885989,0.451021109228388,0.0,0.284447720983013,0.7290133509731506,0.735
0,177,ROI_0405,4,almost-clear,400,0.7686206244379171,0.1818736225350373,0.0,0.049505753027045594,0.7407044711255358,0.6475
0,178,ROI_0405,1,cloud-free,400,1.0,0.0,0.0,0.0,0.9181227050584226,0.925
0,179,ROI_0405,4,cloudy,400,0.07675205823661325,0.8839243325446482,0.03926185247084889,6.175674788965613e-05,0.950327332840326,0.905
0,180,ROI_0413,3,low-cloudy,400,0.10328816084544988,0.8323034109023819,0.04680003551013004,0.017608392742038206,0.948506015034238,0.895
0,181,ROI_0413,3,mid-cloudy,400,0.16533825328758187,0.7671075841146205,0.05438453611032843,0.01316962648746917,0.9181133490987257,0.8575
0,182,ROI_0413,1,almost-clear,400,1.0,0.0,0.0,0.0,0.8646927494943384,0.7575
0,183,ROI_0413,4,cloudy,400,0.16119283158548872,0.31153191472937036,0.5076057294822854,0.019669524202855476,0.7909323810042799,0.465
0,184,ROI_0413,1,cloud-free,400,1.0,0.0,0.0,0.0,0.8503126630351899,0.725
0,185,ROI_0428,2,cloudy,400,0.0454452468533007,0.8817319679945654,0.0,0.07282278515213389,0.9302888371120815,0.93
0,186,ROI_0428,4,mid-cloudy,400,0.34788734025266227,0.46104500137022786,0.0,0.19106765837710987,0.7130045588741861,0.7875
0,187,ROI_0428,3,low-cloudy,400,0.6296795210764201,0.23652062482389677,0.0,0.13379985409968312,0.7967778618227839,0.7875
0,188,ROI_0428,1,cloud-free,400,1.0,0.0,0.0,0.0,0.7879013675744916,0.76
0,189,ROI_0428,2,almost-clear,400,0.5601954601070708,0.3352735244962,0.0,0.10453101539672921,0.7928183061186538,0.845
0,190,ROI_0489,1,cloud-free,400,1.0,0.0,0.0,0.0,0.8709262086324534,0.965
0,191,ROI_0489,2,cloudy,400,0.0,0.9113829265750866,0.0,0.08861707342491344,0.9808918004580839,0.9475
0,192,ROI_0489,2,low-cloudy,400,0.8057132711391418,0.12549357150852436,0.0,0.06879315735233382,0.8903970792459406,0.92
0,193,ROI_0489,2,almost-clear,400,0.8481015589719045,0.10570053380988957,0.0,0.04619790721820589,0.8629751335908453,0.895
0,194,ROI_0489,2,mid-cloudy,400,0.6419806932966909,0.22660480699086386,0.041342282915381674,0.09007221679706347,0.8644745787640167,0.795
0,195,ROI_0502,3,mid-cloudy,400,0.4182244163022375,0.5812931091048745,0.0,0.0004824745928879385,0.7839766619086815,0.3325
0,196,ROI_0502,1,cloud-free,400,1.0,0.0,0.0,0.0,0.9189694978070863,1.0
0,197,ROI_0502,4,almost-clear,400,0.1620574260559439,0.0,0.8379425739440561,0.0,0.784571731015476,0.8425
0,198,ROI_0502,3,low-cloudy,400,0.3515194089879227,0.40867913895654256,0.0,0.23980145205553474,0.8351051912590869,0.6825
0,199,ROI_0502,2,cloudy,400,0.0,0.88551842859955,0.0,0.11448157140045005,0.9828707260495199,0.885
0,200,ROI_0503,3,low-cloudy,400,0.0,0.04578876876343692,0.8836811653498327,0.0705300658867304,0.6868028823171014,0.575
0,201,ROI_0503,1,almost-clear,400,1.0,0.0,0.0,0.0,0.6464807302953883,0.135
0,202,ROI_0503,1,cloud-free,400,1.0,0.0,0.0,0.0,0.9061371327220139,0.9875
0,203,ROI_0503,2,mid-cloudy,400,0.29584184096865457,0.5914520941327229,0.04135000250886788,0.07135606238975456,0.8369179522628051,0.8275
0,204,ROI_0503,2,cloudy,400,0.0,0.974490603324829,0.0,0.025509396675171086,0.9971370689826239,0.9825
0,205,ROI_0535,1,cloud-free,400,1.0,0.0,0.0,0.0,0.88521508076201,0.99
0,206,ROI_0535,3,mid-cloudy,400,0.0615097208980975,0.12985900162497443,0.8086312774769281,0.0,0.6425643590783423,0.5675
0,207,ROI_0535,4,almost-clear,400,0.34068495953003114,0.06845349523894072,0.5795523407737349,0.01130920445729328,0.7674969905613095,0.455
0,208,ROI_0535,3,cloudy,400,0.06640394316835276,0.0376291584485161,0.8959668983831311,0.0,0.6688820227116445,0.2425
0,209,ROI_0535,2,low-cloudy,400,0.6273520636403287,0.26368973409860236,0.0,0.10895820226106893,0.814807281645339,0.885
0,210,ROI_0539,3,low-cloudy,400,0.5280394934402755,0.1857179800911684,0.2862425264685562,0.0,0.7939773972542526,0.8725
0,211,ROI_0539,4,almost-clear,400,0.6684743381413535,0.0,0.3315256618586465,0.0,0.6490125584597305,0.465
0,212,ROI_0539,2,cloudy,400,0.0,0.9744442857639116,0.0,0.025555714236088326,0.9727520540401398,0.96
0,213,ROI_0539,1,cloud-free,400,1.0,0.0,0.0,0.0,0.9397254619308554,1.0
0,214,ROI_0539,3,mid-cloudy,400,0.10482435994920508,0.5559998610473172,0.3391757790034777,0.0,0.6236303789683472,0.5775
0,215,ROI_0583,2,cloudy,400,0.0,0.9696774367861788,0.0,0.03032256321382116,0.9988957645297948,0.98
0,216,ROI_0583,2,almost-clear,400,0.7104110297551731,0.1521493278163972,0.0,0.1374396424284297,0.9280239678283091,0.9275
0,217,ROI_0583,3,low-cloudy,400,0.6329835070885167,0.02429356070109348,0.3427229322103898,0.0,0.9267034542518688,0.6225
0,218,ROI_0583,2,mid-cloudy,400,0.10960664811391033,0.7179376334042249,0.0,0.17245571848186475,0.796544504060418,0.7825
0,219,ROI_0583,1,cloud-free,400,1.0,0.0,0.0,0.0,0.9405780747392205,0.99
0,220,ROI_0591,4,almost-clear,400,0.2102662873773067,0.08486535099061683,0.7048683616320764,0.0,0.658755918110023,0.68
0,221,ROI_0591,2,low-cloudy,400,0.7920881886359864,0.12537391780948814,0.0,0.08253789355452541,0.9333081114514541,0.8125
0,222,ROI_0591,1,cloud-free,400,1.0,0.0,0.0,0.0,0.9718200492100013,1.0
0,223,ROI_0591,4,mid-cloudy,400,0.10591282263076027,0.007136764177998386,0.8869504131912413,0.0,0.9144907562186881,0.9
0,224,ROI_0591,2,cloudy,400,0.0,0.601966180460937,0.0,0.3980338195390631,0.7293018042684238,0.0325
0,225,ROI_0593,2,mid-cloudy,400,0.16033981650526283,0.6564394918963568,0.0,0.18322069159838042,0.7803100974580311,0.79
0,226,ROI_0593,2,almost-clear,400,0.5880168750313608,0.2600422261763696,0.0,0.1519408987922696,0.8223842652548791,0.815
0,227,ROI_0593,1,cloud-free,400,1.0,0.0,0.0,0.0,0.9425907391026062,1.0
0,228,ROI_0593,3,cloudy,400,0.14882990261732817,0.6648963065604965,0.09311373663062904,0.09316005419154627,0.8650727145392437,0.88
0,229,ROI_0593,2,low-cloudy,400,0.021630300948352058,0.41465024451812366,0.0,0.5637194545335242,0.8658840464901499,0.79
0,230,ROI_0628,1,cloud-free,400,1.0,0.0,0.0,0.0,0.9686842365992416,1.0
0,231,ROI_0628,2,cloudy,400,0.0,0.8639962019600048,0.0,0.1360037980399952,0.883741050080066,0.8475
0,232,ROI_0628,3,almost-clear,400,0.7016763097255299,0.1512615745654834,0.07271857064007009,0.07434354506891667,0.7785076930416747,0.7625
0,233,ROI_0628,2,low-cloudy,400,0.6109672264658543,0.15999243479838351,0.1514121066384644,0.07762823209729776,0.8349325983058046,0.755
0,234,ROI_0628,2,mid-cloudy,400,0.14705439611550056,0.767424087447555,0.0,0.08552151643694443,0.9504188825300287,0.96
0,235,ROI_0634,1,cloud-free,400,1.0,0.0,0.0,0.0,0.982211287916241,1.0
0,236,ROI_0634,3,low-cloudy,400,0.053211157900424966,0.0,0.946788842099575,0.0,0.7914134218200819,0.0675
0,237,ROI_0634,3,mid-cloudy,400,0.053218877493911174,0.0789984599410995,0.8677826625649894,0.0,0.6890479711883464,0.7625
0,238,ROI_0634,2,cloudy,400,0.0,0.5266654057997305,0.42087995646149273,0.05245463773877668,0.7230368614989274,0.535
0,239,ROI_0634,3,almost-clear,400,0.5740521304148124,0.0,0.42594786958518766,0.0,0.7395941772196563,0.795
0,240,ROI_0679,3,mid-cloudy,400,0.02274192241036587,0.38141739456000245,0.5736854497242175,0.02215523330541414,0.7534700830391811,0.6
0,241,ROI_0679,3,cloudy,400,0.007488005681620806,0.4097367232641529,0.5592150717343225,0.023560199319903812,0.9606362852349087,0.3975
0,242,ROI_0679,1,cloud-free,400,1.0,0.0,0.0,0.0,0.5402812290341472,0.6125
0,243,ROI_0679,2,almost-clear,400,0.43946873757627924,0.0,0.5605312624237208,0.0,0.5428242368263148,0.4975
0,244,ROI_0679,3,low-cloudy,400,0.29027601406509934,0.0,0.7097239859349007,0.0,0.658822580666734,0.785
0,245,ROI_0687,3,almost-clear,400,0.7202573712468301,1.543918697241403e-05,0.27972718956619746,0.0,0.6060770215799959,0.87
0,246,ROI_0687,2,low-cloudy,400,0.4754111648480591,0.346906951879914,0.0,0.17768188327202689,0.6946779318823043,0.835
0,247,ROI_0687,2,cloudy,400,0.0,1.0,0.0,0.0,0.998598747720241,1.0
0,248,ROI_0687,1,cloud-free,400,1.0,0.0,0.0,0.0,0.7483593807379634,0.9175
0,249,ROI_0687,2,mid-cloudy,400,0.0,0.8861591548589052,0.08772546037725654,0.026115384763838335,0.9530434921499231,0.875
0,250,ROI_0702,4,mid-cloudy,400,0.39820365059575963,0.41134239870928396,0.09501275662823595,0.09544119406672044,0.703704649731268,0.5625
0,251,ROI_0702,2,low-cloudy,400,0.4827717972371575,0.37527645794172476,0.0,0.14195174482111772,0.8999910518547642,0.9125
0,252,ROI_0702,1,cloud-free,400,1.0,0.0,0.0,0.0,0.8242742394398134,0.9725
0,253,ROI_0702,2,almost-clear,400,0.78010351974865,0.1438893627861557,0.0,0.07600711746519428,0.8515495827292119,0.8875
0,254,ROI_0702,2,cloudy,400,0.1912297698403202,0.5979211134741644,0.14125312161061598,0.06959599507489936,0.8596022523330152,0.6
0,255,ROI_0709,1,cloud-free,400,1.0,0.0,0.0,0.0,0.8707983516311423,0.9875
0,256,ROI_0709,3,low-cloudy,400,0.11988142704405186,0.1168321876170001,0.7149154125543749,0.04837097278457316,0.5008598738329371,0.59
0,257,ROI_0709,3,cloudy,400,0.04580806774715244,0.11372505123880176,0.7292159594875733,0.11125092152647241,0.6116604749357853,0.77
0,258,ROI_0709,2,almost-clear,400,0.5270282266935823,0.32297621207267224,0.0,0.14999556123374544,0.8474508895015156,0.9025
0,259,ROI_0709,2,mid-cloudy,400,0.461461859418483,0.47150891034078146,0.0,0.06702923024073552,0.854371867117553,0.88
0,260,ROI_0724,2,mid-cloudy,400,0.3084093391641996,0.5577908067361173,0.011911332749217426,0.12188852135046568,0.79448249912004,0.6375
0,261,ROI_0724,2,low-cloudy,400,0.6355232533454789,0.2551248451256557,0.0,0.1093519015288655,0.7486519787512289,0.77
0,262,ROI_0724,4,cloud-free,400,0.8844955824626275,0.0,0.11550441753737248,0.0,0.5695880371137373,0.6475
0,263,ROI_0724,3,cloudy,400,0.006993951698503557,0.7174011216569336,0.05341186733106634,0.22219305931349656,0.7783377982571951,0.8375
0,264,ROI_0724,1,almost-clear,400,1.0,0.0,0.0,0.0,0.5586504943075835,0.0
0,265,ROI_0736,1,cloud-free,400,1.0,0.0,0.0,0.0,0.9335508424007715,0.995
0,266,ROI_0736,2,cloudy,400,0.0,0.9800371312446686,0.0,0.019962868755331344,0.9957939640376579,0.9825
0,267,ROI_0736,3,mid-cloudy,400,0.16649233251376983,0.7632863853389481,0.014825479290260575,0.05539580285702155,0.9266648962285473,0.9375
0,268,ROI_0736,2,almost-clear,400,0.7957858739158796,0.11981967029616221,0.0,0.0843944557879582,0.9020273769261622,0.84
0,269,ROI_0736,2,low-cloudy,400,0.6225929342560821,0.2877131090276786,0.0,0.08969395671623932,0.8291472159443231,0.7975
0,270,ROI_0747,4,low-cloudy,400,0.698326006152516,0.05826363183714746,0.1709619771422837,0.07244838486805284,0.5151815848672395,0.57
0,271,ROI_0747,2,almost-clear,400,0.8954651248065277,0.06969634979022005,0.0,0.03483852540325227,0.8628595767940371,0.9375
0,272,ROI_0747,2,mid-cloudy,400,0.13528973564252106,0.5693856361524002,0.053137821762306,0.2421868064427727,0.7298386202828978,0.6825
0,273,ROI_0747,1,cloud-free,400,1.0,0.0,0.0,0.0,0.9172757319014111,1.0
0,274,ROI_0747,3,cloudy,400,0.0,0.23400403734739328,0.6577441031955257,0.10825185945708099,0.631245248386415,0.235
0,275,ROI_0754,2,mid-cloudy,400,0.39878262010722515,0.374763104974892,0.0,0.22645427491788284,0.8159529794965819,0.9125
0,276,ROI_0754,1,cloud-free,400,1.0,0.0,0.0,0.0,0.8648384009468105,0.98
0,277,ROI_0754,2,low-cloudy,400,0.6837977312114744,0.19705806292240652,0.0,0.1191442058661191,0.7945798204322678,0.9425
0,278,ROI_0754,2,cloudy,400,0.08600013123308926,0.7901389912807192,0.0,0.12386087748619158,0.9113261862472384,0.9475
0,279,ROI_0754,2,almost-clear,400,0.8559446659538908,0.08422848452800476,0.0,0.05982684951810437,0.8793452256487285,0.935
0,280,ROI_0792,2,mid-cloudy,400,0.4889204534489214,0.26539190446231103,0.0,0.24568764208876762,0.8178744523928286,0.835
0,281,ROI_0792,4,cloudy,400,0.0,0.0008607346737120824,0.8047830601240539,0.19435620520223404,0.6725066240804074,0.5
0,282,ROI_0792,1,cloud-free,400,1.0,0.0,0.0,0.0,0.8380504172457889,0.9775
0,283,ROI_0792,2,almost-clear,400,0.7889231553066416,0.10888100632620686,0.0,0.10219583836715158,0.7567749555163112,0.8725
0,284,ROI_0792,2,low-cloudy,400,0.5579529181993276,0.2483045842805918,0.0,0.1937424975200806,0.8466524509312471,0.825
0,285,ROI_0836,2,cloudy,400,0.37102296193082474,0.5005191426619474,0.0,0.12845789540722785,0.7607402342415511,0.6975
0,286,ROI_0836,2,low-cloudy,400,0.9239388453804023,0.046224925795407615,0.0,0.02983622882419012,0.8086579584354864,0.9025
0,287,ROI_0836,3,almost-clear,400,0.8589012702591081,0.0,0.14109872974089185,0.0,0.7381946982289288,0.8475
0,288,ROI_0836,2,mid-cloudy,400,0.2552792369953798,0.4625310231163227,0.06668570833059931,0.21550403155769818,0.7686347481327281,0.7675
0,289,ROI_0836,1,cloud-free,400,1.0,0.0,0.0,0.0,0.8173061834144542,0.965
0,290,ROI_0846,2,almost-clear,400,1.0,0.0,0.0,0.0,0.5365357737638103,0.5075
0,291,ROI_0846,2,low-cloudy,400,0.8951447616768501,0.055322466718902584,0.0,0.04953277160424732,0.6143319720949139,0.7475
0,292,ROI_0846,2,mid-cloudy,400,0.6280120888833994,0.22990879300296047,0.0,0.14207911811364013,0.8489896466497795,0.89
0,293,ROI_0846,2,cloudy,400,0.3990219275052976,0.5208100941404425,0.0,0.08016797835425986,0.8225774262236462,0.885
0,294,ROI_0846,1,cloud-free,400,1.0,0.0,0.0,0.0,0.8644263788697549,0.97
0,295,ROI_0868,2,almost-clear,400,0.6836433393417503,0.24838178021545385,0.0,0.06797488044279588,0.7647193890963316,0.8425
0,296,ROI_0868,2,mid-cloudy,400,0.19075115504417536,0.5566830450708465,0.0,0.25256579988497807,0.7164295689739133,0.67
0,297,ROI_0868,1,cloud-free,400,1.0,0.0,0.0,0.0,0.7964439584259547,0.9975
0,298,ROI_0868,2,cloudy,400,0.0,0.90953408393514,0.0,0.09046591606486003,0.8915740676732746,0.9025
0,299,ROI_0868,4,low-cloudy,400,0.5399315272057773,0.19368074077219094,0.0,0.2663877320220317,0.45223157552274096,0.45
0,300,ROI_0870,1,cloud-free,400,1.0,0.0,0.0,0.0,0.8870953111226744,1.0
0,301,ROI_0870,2,low-cloudy,400,0.5272636742949116,0.3436068256645605,0.0,0.12912950004052787,0.8606262258341212,0.8175
0,302,ROI_0870,2,cloudy,400,0.22835329491548975,0.640637484030091,0.0,0.13100922105441928,0.8691526086962229,0.835
0,303,ROI_0870,2,almost-clear,400,0.7733913332123931,0.1346605887733952,0.0,0.09194807801421177,0.8911211785988157,0.9
0,304,ROI_0870,4,mid-cloudy,400,0.1144120950590742,0.2926768076393097,0.38831485133992844,0.20459624596168766,0.6782688738049272,0.335
0,305,ROI_0873,2,low-cloudy,400,0.4841265858939868,0.3462623658238157,0.0,0.16961104828219745,0.7866544994553238,0.7725
0,306,ROI_0873,3,almost-clear,400,0.9030650645936985,0.06102338650846646,0.0,0.03591154889783504,0.7577411067727976,0.955
0,307,ROI_0873,2,cloudy,400,0.04345359173385929,0.49294236165523525,0.4251218730821635,0.038482173528741975,0.556581350417742,0.635
0,308,ROI_0873,1,cloud-free,400,1.0,0.0,0.0,0.0,0.8196847521094296,0.995
0,309,ROI_0873,3,mid-cloudy,400,0.09701599113790668,0.8451449546666873,0.0,0.05783905419540607,0.8545641328181114,0.85
0,310,ROI_0877,2,cloudy,400,0.050794925139242164,0.9492050748607578,0.0,0.0,0.9004136832312338,0.9325
0,311,ROI_0877,1,cloud-free,400,1.0,0.0,0.0,0.0,0.5945224592035534,1.0
0,312,ROI_0877,2,mid-cloudy,400,0.00235447601329314,0.8857538762008793,0.0,0.1118916477858276,0.8967244109474192,0.925
0,313,ROI_0877,4,almost-clear,400,0.140284312628097,0.18224802281911834,0.6774676645527846,0.0,0.523238829450036,0.175
0,314,ROI_0877,4,low-cloudy,400,0.35474233926841414,0.3677730130731316,0.2774846476584543,0.0,0.546587267807765,0.3
0,315,ROI_0902,2,almost-clear,400,0.9868573920897326,0.006974652714788039,0.0,0.006167955195479406,0.7870692031292477,0.73
0,316,ROI_0902,4,cloudy,400,0.3375430849811449,0.0,0.6624569150188551,0.0,0.7417601484028541,0.32
0,317,ROI_0902,4,low-cloudy,400,0.5490792454869327,0.0,0.45092075451306735,0.0,0.789134134900366,0.44
0,318,ROI_0902,2,mid-cloudy,400,0.25752177890312294,0.6752598608157294,0.0,0.0672183602811476,0.7948194709171805,0.5125
0,319,ROI_0902,1,cloud-free,400,1.0,0.0,0.0,0.0,0.8135744495903877,0.905
0,320,ROI_0906,2,mid-cloudy,400,0.11910946769543115,0.7031430324879092,0.0,0.17774749981665966,0.8664974537453951,0.7725
0,321,ROI_0906,2,cloudy,400,0.0,0.8186435902285386,0.0,0.18135640977146145,0.8877246976906028,0.9125
0,322,ROI_0906,1,cloud-free,400,1.0,0.0,0.0,0.0,0.9040906811055969,1.0
0,323,ROI_0906,2,almost-clear,400,0.7842296424670276,0.12198887606578637,0.0,0.09378148146718594,0.5861010811874023,0.78
0,324,ROI_0906,2,low-cloudy,400,0.3093704285532324,0.46340719697700716,0.0,0.22722237446976043,0.7275613684123599,0.645
0,325,ROI_0908,2,low-cloudy,400,0.3421941400565846,0.4661708114450693,0.0,0.1916350484983461,0.7416620455729013,0.645
0,326,ROI_0908,3,cloudy,400,0.15971066963613695,0.6151435265418923,0.004921240847456973,0.22022456297451376,0.7713459154423112,0.7
0,327,ROI_0908,2,almost-clear,400,0.8624561430595065,0.07601869685542359,0.0,0.06152516008506992,0.9116121388534845,0.89
0,328,ROI_0908,1,cloud-free,400,1.0,0.0,0.0,0.0,0.9042682713745869,1.0
0,329,ROI_0908,2,mid-cloudy,400,0.4898506644640093,0.37930994553826797,0.0,0.1308393899977227,0.8076036611696145,0.825
0,330,ROI_0913,3,low-cloudy,400,0.20347690490618764,0.4597017921036278,0.33682130299018453,0.0,0.6621143531730219,0.555
0,331,ROI_0913,4,almost-clear,400,0.04998822761993353,0.21226952188697742,0.7377422504930891,0.0,0.6887282517496048,0.085
0,332,ROI_0913,2,cloudy,400,0.0,0.7801498373095673,0.0,0.21985016269043273,0.8132767817966411,0.83
0,333,ROI_0913,1,cloud-free,400,1.0,0.0,0.0,0.0,0.8573992701953815,1.0
0,334,ROI_0913,4,mid-cloudy,400,0.4853887394289817,0.5146112605710184,0.0,0.0,0.6518611241982468,0.07
0,335,ROI_0922,4,low-cloudy,400,0.645037652317229,0.16644215515610947,0.15023872842856095,0.03828146409810059,0.6582854647784195,0.675
0,336,ROI_0922,1,cloud-free,400,1.0,0.0,0.0,0.0,0.9514740213985269,0.9975
0,337,ROI_0922,2,cloudy,400,0.0677818906056407,0.7941377407065744,0.0,0.1380803686877849,0.7049845456856971,0.7675
0,338,ROI_0922,2,mid-cloudy,400,0.35400897788722446,0.6046294402136784,0.0,0.041361581899097194,0.8177233658386911,0.6175
0,339,ROI_0922,2,almost-clear,400,0.7130202523535111,0.16883908893357677,0.0,0.11814065871291218,0.9099670755153975,0.8125
0,340,ROI_0930,1,cloud-free,400,1.0,0.0,0.0,0.0,0.9020337723145846,1.0
0,341,ROI_0930,2,mid-cloudy,400,0.17881280371775624,0.6785136694701657,0.0,0.14267352681207807,0.7337705807359424,0.6625
0,342,ROI_0930,2,almost-clear,400,0.8831871113667155,0.08089747993870643,0.0,0.03591540869457814,0.71392191348672,0.9375
0,343,ROI_0930,2,low-cloudy,400,0.5259976609631737,0.30380074185293404,0.0,0.1702015971838923,0.7796841485749368,0.785
0,344,ROI_0930,2,cloudy,400,0.08901077269271,0.91098922730729,0.0,0.0,0.5795019359813299,0.01
0,345,ROI_0936,3,mid-cloudy,400,0.20264704860642038,0.6731138138265639,0.0,0.12423913756701573,0.8056050241356805,0.36
0,346,ROI_0936,4,almost-clear,400,0.10236180962710503,0.8976381903728949,0.0,0.0,0.5812261098438878,0.1375
0,347,ROI_0936,2,low-cloudy,400,0.8166596547025834,0.11204989945229485,0.0,0.0712904458451218,0.6146386388411621,0.9025
0,348,ROI_0936,2,cloudy,400,0.0,0.854609176280777,0.0,0.14539082371922293,0.7461605724475108,0.765
0,349,ROI_0936,1,cloud-free,400,1.0,0.0,0.0,0.0,0.9093835884567434,1.0
0,350,ROI_0944,3,mid-cloudy,400,0.03596172625549539,0.5853883534493074,0.37864992029519723,0.0,0.6865462880015586,0.6575
0,351,ROI_0944,2,low-cloudy,400,0.676251828578707,0.18992515854115122,0.0,0.13382301288014173,0.8824402205348869,0.7725
0,352,ROI_0944,2,almost-clear,400,0.8317900579355492,0.09780338967349979,0.0,0.07040655239095109,0.9001987912333429,0.875
0,353,ROI_0944,3,cloudy,400,0.0,0.6936942500607918,0.2029828509230704,0.10332289901613781,0.6781640854139848,0.1625
0,354,ROI_0944,1,cloud-free,400,1.0,0.0,0.0,0.0,0.8417707260565954,0.995
0,355,ROI_0949,2,almost-clear,400,0.9263010409871816,0.04798885290700592,0.0,0.025710106105812466,0.7076402692131647,0.9225
0,356,ROI_0949,4,mid-cloudy,400,0.2830813529359544,0.5309382007943462,0.0,0.18598044626969945,0.6652661722882526,0.7025
0,357,ROI_0949,2,low-cloudy,400,0.6349481436307564,0.21067156603533257,0.0,0.154380290333911,0.7984501957000231,0.69
0,358,ROI_0949,1,cloud-free,400,1.0,0.0,0.0,0.0,0.7516900001160042,1.0
0,359,ROI_0949,3,cloudy,400,0.21396011286045677,0.6802158398338743,0.0,0.10582404730566888,0.5881584539351516,0.7575
0,360,ROI_0963,2,cloudy,400,0.03205947174821774,0.8414974467444545,0.0,0.12644308150732783,0.847815153239259,0.91
0,361,ROI_0963,2,low-cloudy,400,0.29812298084382877,0.3708955886383023,0.0,0.33098143051786894,0.5824085115784511,0.7675
0,362,ROI_0963,3,mid-cloudy,400,0.1178395945669501,0.6944044526615228,0.0,0.18775595277152704,0.8464406883611382,0.8375
0,363,ROI_0963,4,almost-clear,400,0.7886722685183398,0.20393622071861695,0.0,0.0073915107630432185,0.818826884525287,0.755
0,364,ROI_0963,1,cloud-free,400,1.0,0.0,0.0,0.0,0.8851367563416238,0.9925
0,365,ROI_0986,3,low-cloudy,400,0.32420362743697917,0.5159853482115632,0.0,0.15981102435145766,0.7123932528910197,0.645
0,366,ROI_0986,2,almost-clear,400,0.6466664865428187,0.19830477727042894,0.0,0.15502873618675242,0.760027801416507,0.7425
0,367,ROI_0986,1,cloud-free,400,1.0,0.0,0.0,0.0,0.8895283201044534,0.9875
0,368,ROI_0986,2,cloudy,400,0.0,0.9372744431278249,0.0,0.06272555687217511,0.9470753417389436,0.9625
0,369,ROI_0986,2,mid-cloudy,400,0.18212836912008212,0.6480560133703359,0.0,0.16981561750958193,0.6896820684246344,0.7475
0,370,ROI_0994,1,cloud-free,400,1.0,0.0,0.0,0.0,0.9389333063687948,1.0
0,371,ROI_0994,2,cloudy,400,0.006530776089331136,0.8202840038443575,0.0,0.17318522006631132,0.9089267761865607,0.935
0,372,ROI_0994,2,low-cloudy,400,0.33746974884302594,0.44556335663363966,0.06704466942770794,0.14992222509562647,0.8953699090018415,0.885
0,373,ROI_0994,2,mid-cloudy,400,0.2005781975521169,0.6152207224767544,0.0,0.18420107997112872,0.88960524167418,0.93
0,374,ROI_0994,2,almost-clear,400,0.8526561191287667,0.09052767281274968,0.0,0.05681620805848364,0.5817987599865474,0.4525
0,375,ROI_0995,2,almost-clear,400,0.7240824298192458,0.14617436245807297,0.0,0.12974320772268133,0.8906008363966209,0.9425
0,376,ROI_0995,1,cloud-free,400,1.0,0.0,0.0,0.0,0.7510147697657708,0.94
0,377,ROI_0995,2,cloudy,400,0.03223316260165739,0.9304696214697334,0.0,0.0372972159286092,0.7435392778990041,0.8225
0,378,ROI_0995,4,mid-cloudy,400,0.2110150879454688,0.5968017724186644,0.0,0.19218313963586678,0.7750293659977474,0.7325
0,379,ROI_0995,2,low-cloudy,400,0.11598303233351731,0.6057294822854629,0.0,0.27828748538101983,0.8034427156524062,0.7975
0,380,ROI_0997,4,almost-clear,400,0.863332316920191,0.136667683079809,0.0,0.0,0.8479714312809165,0.8625
0,381,ROI_0997,2,cloudy,400,0.003485396459022468,0.8184776189685851,0.0,0.17803698457239242,0.8940512500738188,0.8825
0,382,ROI_0997,2,low-cloudy,400,0.2909013011374821,0.4323088146178222,0.0,0.2767898842446957,0.8270127543641606,0.6725
0,383,ROI_0997,2,mid-cloudy,400,0.1801058356266959,0.6029234100532266,0.0,0.2169707543200775,0.8743089897859068,0.855
0,384,ROI_0997,1,cloud-free,400,1.0,0.0,0.0,0.0,0.9562552989919291,0.995
0,385,ROI_1000,5,low-cloudy,400,0.33531212246363107,0.19204804674985815,0.0,0.4726398307865108,0.7240029967228359,0.5975
0,386,ROI_1000,3,almost-clear,400,0.5967168568903162,0.24328684851455723,0.0,0.15999629459512663,0.8214358139535074,0.735
0,387,ROI_1000,1,cloud-free,400,1.0,0.0,0.0,0.0,0.892103547875849,0.9675
0,388,ROI_1000,2,cloudy,400,0.0,0.9021387133753537,0.0,0.09786128662464634,0.9423093948620693,0.91
0,389,ROI_1000,2,mid-cloudy,400,0.22303449500349312,0.5432856905755343,0.0,0.2336798144209726,0.8125861032582192,0.795
0,390,ROI_10279,4,cloud-free,400,0.9088200215376658,0.005311080318510427,0.07959672843628054,0.0062721697075432,0.6454866773998585,0.8925
0,391,ROI_10279,2,mid-cloudy,400,0.25000289484755733,0.531455413557922,0.0,0.21854169159452064,0.8727921179158655,0.9425
0,392,ROI_10279,3,almost-clear,400,0.774136273983812,0.0,0.22586372601618798,0.0,0.8712722135046556,0.83
0,393,ROI_10279,3,low-cloudy,400,0.3120684264766617,0.1470968538796747,0.5408347196436636,0.0,0.7703883453805962,0.5275
0,394,ROI_10279,3,cloudy,400,0.06586357162431826,0.28013246822422333,0.6239824610835993,0.030021499067859087,0.6328489452091538,0.5325
0,395,ROI_1048,2,almost-clear,400,0.9209552224979832,0.0545698063539974,0.0,0.024474971148019345,0.8897291919578404,0.9825
0,396,ROI_1048,2,mid-cloudy,400,0.4987436361601198,0.31888868732172565,0.0,0.18236767651815455,0.8930794406472389,0.84
0,397,ROI_1048,1,cloud-free,400,1.0,0.0,0.0,0.0,0.9245071418617372,0.9825
0,398,ROI_1048,3,cloudy,400,0.17151778787329058,0.5399855643601807,0.0,0.2884966477665286,0.68537466039589,0.58
0,399,ROI_1048,2,low-cloudy,400,0.7744218989428017,0.13571431328426245,0.0,0.08986378777293588,0.904398526649651,0.9225
0,400,ROI_10560,1,cloud-free,400,1.0,0.0,0.0,0.0,0.8768507558113019,1.0
0,401,ROI_10560,3,mid-cloudy,400,0.3036038922190357,0.36722492193561085,0.2518440178940177,0.07732716795133568,0.6975169478370775,0.615
0,402,ROI_10560,4,cloudy,400,0.23378402893303638,0.06572461894156653,0.700491352125397,0.0,0.6441850015330818,0.54
0,403,ROI_10560,4,low-cloudy,400,0.5823854315831728,0.0,0.41761456841682715,0.0,0.5713672297724081,0.49
0,404,ROI_10560,2,almost-clear,400,0.942014273528356,0.028481440167360785,0.002863969183382803,0.026640317120900415,0.9470793148933601,0.975
0,405,ROI_1057,3,almost-clear,400,0.8164164875077679,0.05616776220564225,0.0,0.1274157502865899,0.7919272308884858,0.8225
0,406,ROI_1057,2,cloudy,400,0.19019148451642537,0.7368043198845149,0.0,0.07300419559905975,0.9350728757481881,0.9625
0,407,ROI_1057,4,mid-cloudy,400,0.7275678262782682,0.0,0.27243217372173184,0.0,0.8858456777837644,0.7175
0,408,ROI_1057,1,cloud-free,400,1.0,0.0,0.0,0.0,0.6585748442491606,0.6275
0,409,ROI_1057,2,low-cloudy,400,0.46731717107777104,0.31109189790065656,0.0,0.2215909310215724,0.9075846891133011,0.895
0,410,ROI_1071,1,cloud-free,400,1.0,0.0,0.0,0.0,0.7348659010310485,1.0
0,411,ROI_1071,3,almost-clear,400,0.8556667605883874,0.13858986185787456,0.00574337755373802,0.0,0.7619034707122231,0.8675
0,412,ROI_1071,2,mid-cloudy,400,0.6154484504845975,0.2553795917107005,0.0,0.129171957804702,0.9004209641694838,0.915
0,413,ROI_1071,2,low-cloudy,400,0.6711375978940949,0.21515664985081887,0.0,0.11370575225508625,0.7483972264169653,0.915
0,414,ROI_1071,3,cloudy,400,0.3215982646353843,0.22513808422848453,0.3944287693810044,0.05883488175512677,0.5411917684542524,0.6425
0,415,ROI_1077,2,cloudy,400,0.0806388735569185,0.7201608763282525,0.0,0.19920025011482895,0.9199655251152447,0.935
0,416,ROI_1077,3,almost-clear,400,0.79908214033449,0.05939069248613368,0.0728420841358494,0.06868508304352693,0.9303946593157595,0.88
0,417,ROI_1077,2,low-cloudy,400,0.7852988061648674,0.12599148528838472,0.0,0.08870970854674792,0.9039034589651365,0.9525
0,418,ROI_1077,4,mid-cloudy,400,0.6036683508246455,0.0,0.3963316491753544,0.0,0.671684195572943,0.7575
0,419,ROI_1077,1,cloud-free,400,1.0,0.0,0.0,0.0,0.9558307228759196,1.0
0,420,ROI_10783,1,cloud-free,400,1.0,0.0,0.0,0.0,0.7223624420981265,0.81
0,421,ROI_10783,3,mid-cloudy,400,0.300705184864965,0.5118283471192407,0.05199532192634736,0.13547114608944694,0.8997306386287625,0.865
0,422,ROI_10783,3,low-cloudy,400,0.6520933607636222,0.10967612445528618,0.2332552367792312,0.004975278001860422,0.8909406638981103,0.7575
0,423,ROI_10783,2,cloudy,400,0.35881442483238835,0.5570999031191017,0.008510851818543235,0.07557482022996669,0.7827720901790995,0.7125
0,424,ROI_10783,2,almost-clear,400,0.9320173999637179,0.03266931963362809,0.006905176373412176,0.02840810402924182,0.936664786070891,0.97
0,425,ROI_1079,2,almost-clear,400,0.8688016489051686,0.09486608435199802,0.0,0.036332266742833325,0.7510185841341083,0.9425
0,426,ROI_1079,5,mid-cloudy,400,0.3869330441058974,0.4060776359516908,0.05419540606991636,0.15279391387249547,0.537907742042536,0.61
0,427,ROI_1079,1,cloud-free,400,1.0,0.0,0.0,0.0,0.8371255661001915,0.9975
0,428,ROI_1079,3,low-cloudy,400,0.337770812988988,0.5773136586627349,0.0,0.08491552834827717,0.8047655833552677,0.7325
0,429,ROI_1079,4,cloudy,400,0.2896816053666614,0.0,0.7103183946333386,0.0,0.662041485543874,0.895
0,430,ROI_1086,3,cloudy,400,0.10411029755173093,0.8726228476808411,0.0,0.023266854767427948,0.869715374414372,0.8925
0,431,ROI_1086,3,low-cloudy,400,0.33670550908789143,0.5255229059637719,0.0,0.13777158494833663,0.8548887086446078,0.87
0,432,ROI_1086,4,almost-clear,400,0.6512171869029377,0.0,0.3487828130970623,0.0,0.6735046507818859,0.675
0,433,ROI_1086,2,mid-cloudy,400,0.292016782396239,0.5140477302465252,0.0,0.19393548735723576,0.8710648826045615,0.865
0,434,ROI_1086,1,cloud-free,400,1.0,0.0,0.0,0.0,0.9282372220497086,0.98
0,435,ROI_1096,1,cloud-free,400,1.0,0.0,0.0,0.0,0.8858552746350178,0.9875
0,436,ROI_1096,2,almost-clear,400,0.9601282996437408,0.03790320401727645,0.0,0.001968496338982789,0.938038014021028,0.9725
0,437,ROI_1096,2,cloudy,400,0.0,0.9034742030484675,0.0,0.09652579695153253,0.9709902196404202,0.945
0,438,ROI_1096,2,low-cloudy,400,0.5867392823093935,0.3330194031982276,0.0,0.08024131449237883,0.9148547800500363,0.905
0,439,ROI_1096,2,mid-cloudy,400,0.152813212856211,0.5803628980897866,0.0,0.2668238890540024,0.8875996612096384,0.87
0,440,ROI_10961,1,cloud-free,400,1.0,0.0,0.0,0.0,0.8365467371192371,0.9575
0,441,ROI_10961,3,cloudy,400,0.08006376384219607,0.8707740050408945,0.04273180974289894,0.0064304213740104445,0.8692644801087052,0.83
0,442,ROI_10961,2,almost-clear,400,0.8843836483570775,0.02580274122764695,0.0005982684951810437,0.08921534192009449,0.9483575081347289,0.9625
0,443,ROI_10961,2,low-cloudy,400,0.30032306498739775,0.4983730956727819,0.012324331000729502,0.18897950833909086,0.8677094524718715,0.8925
0,444,ROI_10961,3,mid-cloudy,400,0.2598646755261868,0.26111910946769545,0.38438943805219217,0.0946267769539256,0.8054685062439613,0.6275
0,445,ROI_11023,2,low-cloudy,400,0.6203117943809079,0.22875085398002942,0.02327843415765726,0.12765891748140543,0.7648955096378584,0.8675
0,446,ROI_11023,1,cloud-free,400,1.0,0.0,0.0,0.0,0.9783309417687763,0.9975
0,447,ROI_11023,2,almost-clear,400,0.8720631771530911,0.060641266630899214,0.006789382471119071,0.0605061737448906,0.9539859800454147,0.97
0,448,ROI_11023,4,cloudy,400,0.15846395528811452,0.5692621226566209,0.24498515908152277,0.027288762973741804,0.8500906648691792,0.7
0,449,ROI_11023,3,mid-cloudy,400,0.4358019306703309,0.27051771453715245,0.1911178357347702,0.10256251905774642,0.6340531159384099,0.5225
0,450,ROI_11037,1,cloud-free,400,1.0,0.0,0.0,0.0,0.9059752518121276,1.0
0,451,ROI_11037,4,cloudy,400,0.1853821777745184,0.3324713120607069,0.36455394258938323,0.11759256757539148,0.6221492544895425,0.6225
0,452,ROI_11037,2,almost-clear,400,0.8269035552587801,0.1029870966994878,0.0,0.07010934804173212,0.9155135164415585,0.97
0,453,ROI_11037,4,mid-cloudy,400,0.29230240735522867,0.05217673237327322,0.6022093476557524,0.053311512615745654,0.8332304489323399,0.3675
0,454,ROI_11037,2,low-cloudy,400,0.5873259714143453,0.27719902269946467,0.0,0.13547500588619002,0.808797682995672,0.835
0,455,ROI_11121,4,mid-cloudy,400,0.3705289079477075,0.41248875834198573,0.1765857009969855,0.040396632713321314,0.7818426336958104,0.5775
0,456,ROI_11121,4,cloudy,400,0.13921514893025733,0.6651163149748535,0.19566853609488924,0.0,0.7574760831774143,0.6875
0,457,ROI_11121,4,low-cloudy,400,0.607373755698025,0.09456502020603595,0.21008487693038086,0.08797634716555826,0.7148240367929869,0.625
0,458,ROI_11121,1,cloud-free,400,1.0,0.0,0.0,0.0,0.7670532134692428,0.99
0,459,ROI_11121,2,almost-clear,400,0.9061760607686399,0.0700939088547597,0.0,0.023730030376600368,0.7757490091054783,0.9225
0,460,ROI_11144,1,cloud-free,400,1.0,0.0,0.0,0.0,0.9165002203491772,1.0
0,461,ROI_11144,1,almost-clear,400,0.995862297891393,0.0027057175169155592,0.0,0.0014319845916914015,0.9170579796044678,0.995
0,462,ROI_11144,3,low-cloudy,400,0.5364963081044152,0.06615691617679413,0.3973467757187906,0.0,0.6525168771059715,0.815
0,463,ROI_11144,3,cloudy,400,0.13344089300257447,0.48787830832828344,0.24232189932878134,0.13635889934036075,0.6928346143580916,0.63
0,464,ROI_11144,3,mid-cloudy,400,0.1872773379753822,0.3059545084355858,0.29625869901690977,0.21050945457212222,0.7308419111415903,0.71
0,465,ROI_11216,1,cloud-free,400,1.0,0.0,0.0,0.0,0.9453632133345278,0.9975
0,466,ROI_11216,2,almost-clear,400,0.9074613730840934,0.019997606926019276,0.0,0.07254101998988734,0.9028507086551677,0.96
0,467,ROI_11216,3,low-cloudy,400,0.7297756300153234,0.04848290689012317,0.14899201408053853,0.07274944901401492,0.7061047805120146,0.78
0,468,ROI_11216,4,mid-cloudy,400,0.46805439225570383,0.07661696535060464,0.4091963517201184,0.04613229067357313,0.6324735494956691,0.7975
0,469,ROI_11216,3,cloudy,400,0.038211987756724734,0.6096664749634284,0.2708998344147197,0.08122170286512712,0.5980736896026986,0.47
0,470,ROI_11264,1,cloud-free,400,1.0,0.0,0.0,0.0,0.8793849247197592,0.9775
0,471,ROI_11264,3,low-cloudy,400,0.2728567513634732,0.45195132024347595,0.06060266866346818,0.21458925972958265,0.8048886595944498,0.7375
0,472,ROI_11264,2,mid-cloudy,400,0.25787302040674537,0.41437619894936334,0.0,0.3277507806438913,0.8390735150843619,0.835
0,473,ROI_11264,5,cloudy,400,0.1335528271081245,0.36667683079809016,0.49977034209378535,0.0,0.6665776901684068,0.46
0,474,ROI_11264,4,almost-clear,400,0.6150470316233148,0.04719373477792659,0.3377592335987587,0.0,0.7685796602702907,0.68
0,475,ROI_1129,2,almost-clear,400,0.4378862209116068,0.44170355989053617,0.12041021919785704,0.0,0.6494282112855205,0.5825
0,476,ROI_1129,2,cloudy,400,0.0,0.9400226184089145,0.00654621527630355,0.05343116631478186,0.9298395803075885,0.9475
0,477,ROI_1129,3,low-cloudy,400,0.44792941203716213,0.17706045599638723,0.02819581520837113,0.3468143167580795,0.6494417958007571,0.69
0,478,ROI_1129,1,cloud-free,400,1.0,0.0,0.0,0.0,0.9809976714455699,1.0
0,479,ROI_1129,2,mid-cloudy,400,0.0,0.8889189095302241,0.0140843983155847,0.09699669215419116,0.7514980588245241,0.635
0,480,ROI_1140,2,mid-cloudy,400,0.44224393143457064,0.5577560685654294,0.0,0.0,0.6175466646471253,0.6425
0,481,ROI_1140,1,cloud-free,400,1.0,0.0,0.0,0.0,0.9668089189983111,1.0
0,482,ROI_1140,2,cloudy,400,0.02954288427171425,0.8498963644574477,0.0,0.12056075127083808,0.8489755839218234,0.885
0,483,ROI_1140,3,low-cloudy,400,0.48675510747604034,0.05117318522006631,0.40789946001443567,0.054172247289457735,0.48774505756857134,0.36
0,484,ROI_1140,4,almost-clear,400,0.22010490927547754,0.025721685496041778,0.4504459995136656,0.30372740571481505,0.6349112593364914,0.5575
0,485,ROI_1144,1,cloud-free,400,1.0,0.0,0.0,0.0,0.9847649367920015,1.0
0,486,ROI_1144,4,low-cloudy,400,0.0,0.4260443645037652,0.34486897919955534,0.22908665629667943,0.5305474037601037,0.1775
0,487,ROI_1144,3,almost-clear,400,0.37589788521736445,0.0,0.5416838749271463,0.08241823985548921,0.8774251359046303,0.4
0,488,ROI_1144,2,mid-cloudy,400,0.23221695145533636,0.606331610577387,0.015859904817412316,0.14559153314986434,0.8230898344472428,0.8525
0,489,ROI_1144,4,cloudy,400,0.028446701996672857,0.8145058881199316,0.12448616455857435,0.03256124532482119,0.6638212917825883,0.05
0,490,ROI_11511,5,cloudy,400,0.2948846113763649,0.0,0.7051153886236351,0.0,0.5585044748871718,0.025
0,491,ROI_11511,2,almost-clear,400,0.559010502506938,0.21635704663792404,0.0,0.22463245085513797,0.8103600206260221,0.8225
0,492,ROI_11511,1,cloud-free,400,1.0,0.0,0.0,0.0,0.8675823555427974,0.9775
0,493,ROI_11511,3,low-cloudy,400,1.0,0.0,0.0,0.0,0.7621580968559916,0.82
0,494,ROI_11511,3,mid-cloudy,400,0.18200099582755971,0.6378352715945979,0.0,0.18016373257784246,0.8025579078568493,0.7975
0,495,ROI_11640,1,cloud-free,400,1.0,0.0,0.0,0.0,0.7759887066856017,0.8275
0,496,ROI_11640,4,low-cloudy,400,0.761047703227948,0.07840405124266156,0.16054824552939043,0.0,0.8027823653898416,0.69
0,497,ROI_11640,2,almost-clear,400,0.9233598758689368,0.04779200327310764,0.0,0.02884812085795562,0.7826948298333198,0.7825
0,498,ROI_11640,3,mid-cloudy,400,0.40223327839555967,0.4764378707817246,0.07960058823302366,0.041728262589692026,0.7600652592315709,0.7825
0,499,ROI_11640,4,cloudy,400,0.0,0.5569918288102949,0.31504432976559454,0.1279638414241106,0.6581462859069315,0.455
0,500,ROI_11670,1,cloud-free,400,1.0,0.0,0.0,0.0,0.9667858706551482,1.0
0,501,ROI_11670,2,low-cloudy,400,0.5076867852138907,0.2683909665317024,0.0,0.22392224825440693,0.826971230910579,0.735
0,502,ROI_11670,3,cloudy,400,0.24376160351395895,0.5862645273099919,0.1699738691760492,0.0,0.7126958825282486,0.7175
0,503,ROI_11670,5,mid-cloudy,400,0.2563715594736781,0.41382810781184265,0.0,0.3298003327144793,0.7694748532605302,0.7375
0,504,ROI_11670,2,almost-clear,400,0.8195506424631679,0.12626167106040195,0.0,0.05418768647643015,0.7050365501518532,0.875
0,505,ROI_1174,3,mid-cloudy,400,0.21805535720488958,0.42001922178778067,0.2204831693563017,0.14144225165102806,0.7859770552533996,0.6325
0,506,ROI_1174,2,low-cloudy,400,0.6466587669493324,0.2297351021495208,0.0,0.12360613090114675,0.8957918523537565,0.8625
0,507,ROI_1174,1,cloud-free,400,1.0,0.0,0.0,0.0,0.88676229072204,0.9975
0,508,ROI_1174,4,almost-clear,400,0.16419575345162324,0.0,0.8358042465483768,0.0,0.9026839758419294,0.1875
0,509,ROI_1174,4,cloudy,400,0.0,0.6803547925166261,0.19637873869562028,0.12326646878775363,0.5690738985813116,0.3475
0,510,ROI_11764,2,cloud-free,400,1.0,0.0,0.0,0.0,0.9314517928717049,0.98
0,511,ROI_11764,3,almost-clear,400,0.8155210146633678,0.1317001246714348,0.05277886066519737,0.0,0.9515852822784703,0.9075
0,512,ROI_11764,2,mid-cloudy,400,0.125779196467514,0.11850733940350701,0.703880253665842,0.05183321046313701,0.6897831320882152,0.4275
0,513,ROI_11764,3,low-cloudy,400,0.23723854701811403,0.5776996383370452,0.003060818817281082,0.18200099582755971,0.7607945691116379,0.835
0,514,ROI_11764,1,cloudy,400,0.3104627510315307,0.05216129318630081,0.6347049764359409,0.0026709793462276277,0.6665769504966862,0.705
0,515,ROI_1190,4,mid-cloudy,400,0.0810827501823754,0.1788822800591321,0.721075648156368,0.01895932160212443,0.8399953389890561,0.7625
0,516,ROI_1190,4,low-cloudy,400,0.3369023587217897,0.09839393857519463,0.49146791929936967,0.07323578340364596,0.7651838251703126,0.5725
0,517,ROI_1190,1,cloud-free,400,1.0,0.0,0.0,0.0,0.9387677769224684,0.9825
0,518,ROI_1190,2,cloudy,400,0.0,0.8386720755285026,0.08376530891883234,0.077562615552665,0.9248880930391201,0.87
0,519,ROI_1190,2,almost-clear,400,0.7334115585473269,0.19317896719558747,0.0,0.07340947425708562,0.9102737213253528,0.9325
0,520,ROI_11924,1,cloud-free,400,1.0,0.0,0.0,0.0,0.9166751236696551,0.9925
0,521,ROI_11924,2,almost-clear,400,0.9629034935020322,0.010382853238948437,0.0,0.02671365325901938,0.8661296023714742,0.9725
0,522,ROI_11924,2,mid-cloudy,400,0.32569736877656025,0.5294907770156824,0.0,0.1448118542077574,0.8272245475091969,0.91
0,523,ROI_11924,2,low-cloudy,400,0.51072058545397,0.291754316217708,0.01415001486021746,0.18337508346810458,0.8452636439416465,0.85
0,524,ROI_11924,4,cloudy,400,0.39647832145159234,0.034406228168024675,0.49305815555752835,0.07605729482285463,0.7797977917199418,0.49
0,525,ROI_1200,2,almost-clear,400,0.7747731404464241,0.1746172046580027,0.0,0.050609654895573196,0.7881760342230467,0.8475
0,526,ROI_1200,4,cloud-free,400,1.0,0.0,0.0,0.0,0.9756144467428937,1.0
0,527,ROI_1200,3,cloudy,400,0.019372319853636508,0.9191526974189539,0.0,0.061474982727409574,0.9538220426349621,0.9675
0,528,ROI_1200,3,low-cloudy,400,0.33937648843411905,0.3596790193028435,0.19842829076620824,0.10251620149682918,0.774125490988135,0.4825
0,529,ROI_1200,3,mid-cloudy,400,0.2286389198744794,0.6829022583670744,0.0,0.0884588217584462,0.8199819901412111,0.945
0,530,ROI_12023,2,low-cloudy,400,0.3488407100482089,0.44369521500997755,0.0,0.20746407494181357,0.7533546083848418,0.7125
0,531,ROI_12023,2,almost-clear,400,0.4080692910711322,0.35871407011706763,0.0,0.23321663881180016,0.8810581625025519,0.7925
0,532,ROI_12023,1,cloud-free,400,1.0,0.0,0.0,0.0,0.9769617263113962,1.0
0,533,ROI_12023,3,mid-cloudy,400,0.09338778219938938,0.5675290739189675,0.0,0.3390831438816432,0.728940897261735,0.665
0,534,ROI_12023,4,cloudy,400,0.0,0.9467965616930613,0.0,0.05320343830693876,0.9086204570071031,0.92
0,535,ROI_1218,2,mid-cloudy,400,0.06785522674375967,0.735800772731308,0.0,0.19634400052493237,0.9305205668571007,0.94
0,536,ROI_1218,2,almost-clear,400,0.7302542448114683,0.20803918465653598,0.0,0.06170657053199578,0.8642199003701847,0.9075
0,537,ROI_1218,1,cloud-free,400,1.0,0.0,0.0,0.0,0.9470697658686358,1.0
0,538,ROI_1218,2,low-cloudy,400,0.30738263323053405,0.6421505243533876,0.0,0.05046684241607837,0.8859576696194926,0.8825
0,539,ROI_1218,2,cloudy,400,0.022923332857291735,0.9196428916053281,0.0,0.0574337755373802,0.9306594781173579,0.945
0,540,ROI_1232,4,almost-clear,400,0.7936166681462554,0.07290770068048216,0.0892307811070669,0.04424485006619552,0.6598858019560196,0.52
0,541,ROI_1232,3,cloudy,400,0.0,0.27299956384296803,0.5680269876988278,0.1589734484582042,0.6291967381105948,0.725
0,542,ROI_1232,2,mid-cloudy,400,0.42516433084633765,0.37174088412504197,0.0,0.20309478502862038,0.8438031400790017,0.855
0,543,ROI_1232,3,low-cloudy,400,0.5856778382050402,0.1816420347304511,0.0,0.23268012706450877,0.7581653461345462,0.6225
0,544,ROI_1232,1,cloud-free,400,1.0,0.0,0.0,0.0,0.587401393885066,0.235
0,545,ROI_1237,2,low-cloudy,400,0.05220375095047495,0.8434003265388045,0.0,0.10439592251072058,0.7767329043796474,0.8125
0,546,ROI_1237,1,cloud-free,400,1.0,0.0,0.0,0.0,0.894992987511941,0.9775
0,547,ROI_1237,2,mid-cloudy,400,0.011289905473577761,0.9332370957345386,0.0,0.05547299879188362,0.8144473240227263,0.795
0,548,ROI_1237,2,cloudy,400,0.01846140782226408,0.9035166608126416,0.0,0.07802193136509432,0.9211993331623354,0.9525
0,549,ROI_1237,2,almost-clear,400,0.7604725935132256,0.05090299944804907,0.0,0.18862440703872535,0.8936549649041398,0.92
0,550,ROI_1245,4,mid-cloudy,400,0.6461685727629582,0.043550086652436884,0.27590213099378186,0.03437920959082295,0.6505551466601099,0.7175
0,551,ROI_1245,2,low-cloudy,400,0.39768643783218377,0.5081306618393475,0.06433123231730617,0.02985166801116253,0.936758524411937,0.8925
0,552,ROI_1245,1,cloud-free,400,1.0,0.0,0.0,0.0,0.983202019167982,1.0
0,553,ROI_1245,2,cloudy,400,0.004523681782917312,0.8303812321243164,0.0,0.16509508609276635,0.8981701255338909,0.95
0,554,ROI_1245,1,almost-clear,400,0.813178118040304,0.04661476526646107,0.0,0.14020711669323493,0.9620397050876567,0.9575
0,555,ROI_1256,1,cloud-free,400,1.0,0.0,0.0,0.0,0.9441508268692941,0.9925
0,556,ROI_1256,3,cloudy,400,0.0,0.291569045974039,0.5845662167430263,0.12386473728293468,0.6977892727563011,0.695
0,557,ROI_1256,2,almost-clear,400,0.8763359721477068,0.07053778548021661,0.0,0.053126242372076686,0.8505079282141356,0.9275
0,558,ROI_1256,3,mid-cloudy,400,0.12360999069788985,0.7087976347165559,0.0,0.16759237458555432,0.7589499957568344,0.7075
0,559,ROI_1256,2,low-cloudy,400,0.5998548716424593,0.2511222359030573,0.0,0.14902289245448336,0.8629633352814401,0.9125
0,560,ROI_1261,2,cloudy,400,0.058942956063933676,0.7726232336605154,0.10527209637140508,0.06316171390414581,0.8872874746873087,0.845
0,561,ROI_1261,2,mid-cloudy,400,0.3971653652718648,0.4325828601865826,0.0,0.17025177454155263,0.8406832032975425,0.8975
0,562,ROI_1261,3,almost-clear,400,0.9308864795179885,0.03350303573013845,0.00802065763216909,0.027589827119703876,0.8870566827681668,0.96
0,563,ROI_1261,2,low-cloudy,400,0.43450503896464815,0.4210304885344738,0.0,0.1444644725008781,0.6010729806842868,0.3875
0,564,ROI_1261,1,cloud-free,400,1.0,0.0,0.0,0.0,0.8841918715028162,0.9825
0,565,ROI_1276,2,almost-clear,400,0.6798723179237381,0.2241229576850483,0.0,0.09600472439121356,0.8809167299084152,0.8975
0,566,ROI_1276,1,cloud-free,400,1.0,0.0,0.0,0.0,0.9234813307109278,0.9825
0,567,ROI_1276,2,low-cloudy,400,0.7791655891400758,0.16982333710306816,0.0,0.051011073756855964,0.7406199175922623,0.695
0,568,ROI_1276,2,mid-cloudy,400,0.11135127624179311,0.6878389384015038,0.11284501758137416,0.08796476777532895,0.6968687256116542,0.65
0,569,ROI_1276,2,cloudy,400,0.0,0.9649762043530787,0.0,0.035023795646921235,0.9963281951356707,0.965
0,570,ROI_1280,1,cloud-free,400,1.0,0.0,0.0,0.0,0.9437365617665104,0.9975
0,571,ROI_1280,2,almost-clear,400,0.8470208158838356,0.08019499693146159,0.0,0.07278418718470285,0.8069177794455971,0.92
0,572,ROI_1280,2,cloudy,400,0.0,0.9240855176566402,0.0,0.0759144823433598,0.733195262911479,0.8375
0,573,ROI_1280,2,low-cloudy,400,0.42685878161656005,0.39280379495215784,0.0,0.18033742343128212,0.9132988865061904,0.8375
0,574,ROI_1280,2,mid-cloudy,400,0.11678201025933975,0.6618432073367017,0.0,0.2213747824039586,0.8658265639202729,0.8725
0,575,ROI_1298,3,mid-cloudy,400,0.0,0.4111494088721288,0.2379989269765054,0.3508516641513658,0.6582212137084186,0.4725
0,576,ROI_1298,3,cloudy,400,0.0,0.014921974208838163,0.8987382324446794,0.08633979334648237,0.8183492296274173,0.915
0,577,ROI_1298,2,almost-clear,400,0.950031071363782,0.028381085452040097,0.0,0.021587843184177922,0.9264178661820975,0.985
0,578,ROI_1298,1,cloud-free,400,1.0,0.0,0.0,0.0,0.9242319487577935,1.0
0,579,ROI_1298,2,low-cloudy,400,0.8068866493490453,0.11515317603375007,0.0,0.07796017461720466,0.8905866911027389,0.95
0,580,ROI_1321,2,low-cloudy,400,0.5631057468513708,0.26775795986583345,0.0,0.16913629328279572,0.8729626564241906,0.8225
0,581,ROI_1321,2,almost-clear,400,0.7169997027956507,0.14838602599187126,0.0753702510025822,0.05924402020989575,0.6578785718193282,0.71
0,582,ROI_1321,4,mid-cloudy,400,0.06234729679135097,0.13803019133012456,0.7458362442633771,0.05378626761514738,0.7595398115508134,0.735
0,583,ROI_1321,2,cloudy,400,0.0,0.9695462036969134,0.0,0.03045379630308668,0.951743395186122,0.97
0,584,ROI_1321,1,cloud-free,400,1.0,0.0,0.0,0.0,0.9678438307588552,0.995
0,585,ROI_1322,2,almost-clear,400,0.8914586557871862,0.0584257433003578,0.0,0.05011560091245595,0.5636551664196872,0.46
0,586,ROI_1322,2,mid-cloudy,400,0.11898595419965184,0.7044746623642799,0.0,0.17653938343606826,0.9039742662266641,0.85
0,587,ROI_1322,2,low-cloudy,400,0.4658195699414469,0.2947224999131546,0.0,0.23945793014539854,0.8644730777051667,0.8175
0,588,ROI_1322,2,cloudy,400,0.0,0.9620659176087787,0.0,0.03793408239122128,0.9592504998063347,0.96
0,589,ROI_1322,1,cloud-free,400,1.0,0.0,0.0,0.0,0.9697409357828672,1.0
0,590,ROI_1330,2,low-cloudy,400,0.10617528880929131,0.6593613580308861,0.0,0.2344633531598226,0.8629925517518174,0.8175
0,591,ROI_1330,2,mid-cloudy,400,0.07517726116542703,0.7256109093295147,0.0,0.19921182950505825,0.8395397662668667,0.815
0,592,ROI_1330,2,cloudy,400,0.0,0.965284988092527,0.0,0.034715011907472955,0.9990128359386204,0.96
0,593,ROI_1330,2,almost-clear,400,0.9046012636974536,0.05447331143541981,0.0,0.0409254248671265,0.6138474160202722,0.87
0,594,ROI_1330,1,cloud-free,400,1.0,0.0,0.0,0.0,0.9502582509505032,0.9975
0,595,ROI_1333,4,almost-clear,400,0.8852405232340465,0.0,0.11475947676595351,0.0,0.7360977358149146,0.8675
0,596,ROI_1333,2,cloudy,400,0.0,0.9499461558354337,0.0,0.05005384416456629,0.8959159974560451,0.925
0,597,ROI_1333,2,low-cloudy,400,0.4907152589344645,0.07457127307675977,0.33625391286894835,0.09845955511982739,0.7041653207335753,0.625
0,598,ROI_1333,2,mid-cloudy,400,0.36035834352962975,0.4842153612190782,0.0,0.15542629525129206,0.8993000340789188,0.9
0,599,ROI_1333,1,cloud-free,400,1.0,0.0,0.0,0.0,0.9350726744679397,0.9975
0,600,ROI_1346,1,cloud-free,400,1.0,0.0,0.0,0.0,0.9302992237933492,1.0
0,601,ROI_1346,2,cloudy,400,0.02020217615340376,0.8885715278233448,0.0,0.09122629602325141,0.9455492208653914,0.965
0,602,ROI_1346,2,low-cloudy,400,0.19465340955145302,0.5241796966971719,0.0,0.28116689375137505,0.7144295816233476,0.77
0,603,ROI_1346,4,mid-cloudy,400,0.07225925482764077,0.6446709716266341,0.0,0.2830697735457251,0.7213183543501563,0.81
0,604,ROI_1346,3,almost-clear,400,0.4975355197795284,0.009514398971750148,0.4929500812487214,0.0,0.6620897821649566,0.7325
0,605,ROI_1348,3,cloudy,400,0.0659060293884924,0.7991014393182055,0.0,0.1349925312933021,0.6967840347702343,0.6075
0,606,ROI_1348,2,mid-cloudy,400,0.17033669006990093,0.5708793774919813,0.0,0.2587839324381178,0.7766373143049471,0.6425
0,607,ROI_1348,4,low-cloudy,400,0.19735140747488236,0.07950795311118916,0.7231406394139285,0.0,0.734975706792608,0.7175
0,608,ROI_1348,1,cloud-free,400,1.0,0.0,0.0,0.0,0.9794035402230906,1.0
0,609,ROI_1348,2,almost-clear,400,0.7816898962100656,0.17189218815737164,0.0,0.04641791563256279,0.8971166589782216,0.89
0,610,ROI_1368,3,mid-cloudy,400,0.2824020287091682,0.4560851625553398,0.0,0.261512808735492,0.757183592211821,0.7625
0,611,ROI_1368,2,almost-clear,400,0.881083522141724,0.05278658025868358,0.0,0.06612989759959241,0.8176204463903162,0.8775
0,612,ROI_1368,3,cloudy,400,0.06917913702664417,0.6624993727830293,0.0,0.2683214901903266,0.8026216218952635,0.8375
0,613,ROI_1368,1,cloud-free,400,1.0,0.0,0.0,0.0,0.8250021379631097,0.8725
0,614,ROI_1368,2,low-cloudy,400,0.5941616714463817,0.26201844210883857,0.0,0.1438198864447798,0.7458246646544979,0.8875
0,615,ROI_1369,3,cloudy,400,0.08177365379939093,0.6063972271220197,0.0,0.31182911907858935,0.7365155484656323,0.8275
0,616,ROI_1369,1,cloud-free,400,1.0,0.0,0.0,0.0,0.8391866430071369,0.9575
0,617,ROI_1369,2,almost-clear,400,0.5423631991539326,0.1778941720928976,0.0,0.27974262875316985,0.7486004112256737,0.7175
0,618,ROI_1369,2,mid-cloudy,400,0.29333683288238044,0.40250346416757693,0.0,0.30415970295004263,0.8313781655235055,0.855
0,619,ROI_1369,3,low-cloudy,400,0.6323157622519598,0.04497821144738518,0.322706026300655,0.0,0.73210315288138,0.5325
0,620,ROI_1392,3,almost-clear,400,0.45922317730748297,0.29480355564475974,0.02938849240199011,0.21658477464576714,0.6043831973070817,0.67
0,621,ROI_1392,3,cloudy,400,0.0,0.5950571442907816,0.22618794894260869,0.17875490676660968,0.5748939675007302,0.5925
0,622,ROI_1392,2,low-cloudy,400,0.41288631740652537,0.2711777397802232,0.0,0.31593594281325144,0.6963477349643626,0.645
0,623,ROI_1392,2,mid-cloudy,400,0.3867246150817698,0.3616436558450832,0.0,0.251631729073147,0.8324551936042766,0.885
0,624,ROI_1392,1,cloud-free,400,1.0,0.0,0.0,0.0,0.7166775712725455,0.93
0,625,ROI_1395,2,low-cloudy,400,0.5747430340318279,0.2316032437731829,0.0,0.19365372219498922,0.9202082876858958,0.9125
0,626,ROI_1395,2,cloudy,400,0.2907739278449597,0.6188566510087579,0.0,0.09036942114628244,0.9085974399678121,0.925
0,627,ROI_1395,2,almost-clear,400,0.6052740262697767,0.20708581486098943,0.0,0.18764015886923394,0.6800371456070738,0.7775
0,628,ROI_1395,1,cloud-free,400,1.0,0.0,0.0,0.0,0.9039369904112899,0.995
0,629,ROI_1395,2,mid-cloudy,400,0.41387056557601676,0.3387550611584794,0.0,0.24737437326550385,0.9110475384947412,0.905
0,630,ROI_1399,2,mid-cloudy,400,0.29435195942581666,0.4257780385284911,0.0,0.2798700020456923,0.8125468692612999,0.88
0,631,ROI_1399,1,cloud-free,400,1.0,0.0,0.0,0.0,0.8873325085875676,1.0
0,632,ROI_1399,2,cloudy,400,0.11226604806990864,0.68661538283394,0.0,0.2011185690961514,0.898683729920581,0.8675
0,633,ROI_1399,2,low-cloudy,400,0.5270745442544995,0.2450198972522107,0.0,0.22790555849328975,0.837799329829918,0.875
0,634,ROI_1399,2,almost-clear,400,0.6846623256819296,0.15708600785082658,0.0,0.15825166646724384,0.8945973876747607,0.8875
0,635,ROI_1400,2,mid-cloudy,400,0.2869025517116269,0.4725317564777039,0.0,0.24056569181066925,0.871389310643967,0.86
0,636,ROI_1400,2,almost-clear,400,0.7342684334242959,0.14200192217877808,0.0,0.12372964439692606,0.9020897798735212,0.94
0,637,ROI_1400,4,low-cloudy,400,0.5252565799884978,0.024903408586503833,0.4198146525603962,0.03002535886460219,0.7014336785385118,0.505
0,638,ROI_1400,2,cloudy,400,0.13768280962324525,0.6587901081129067,0.0,0.203527082263848,0.9008061627703269,0.875
0,639,ROI_1400,1,cloud-free,400,1.0,0.0,0.0,0.0,0.9538758384776059,1.0
0,640,ROI_1403,2,low-cloudy,400,0.722113933480263,0.18488426399465804,0.0,0.09300180252507903,0.8430731747406943,0.9325
0,641,ROI_1403,2,almost-clear,400,0.8960209355375346,0.05434593814289739,0.0,0.04963312631956801,0.8433521474587677,0.9475
0,642,ROI_1403,3,mid-cloudy,400,0.3070313917269117,0.4370216264411516,0.0,0.2559469818319367,0.7560716175417681,0.73
0,643,ROI_1403,4,cloudy,400,0.0,0.6983839031036626,0.12491074220031573,0.1767053546960217,0.6470347255280139,0.37
0,644,ROI_1403,1,cloud-free,400,1.0,0.0,0.0,0.0,0.9275925408591843,1.0
0,645,ROI_1423,2,cloudy,400,0.21793956330259648,0.6883021140106762,0.0,0.09375832268672732,0.9251655433148284,0.94
0,646,ROI_1423,2,low-cloudy,400,0.5127778571180441,0.37201492969380234,0.0,0.11520721318815351,0.8908650017991141,0.92
0,647,ROI_1423,2,mid-cloudy,400,0.16541158942570083,0.5574434250292379,0.0,0.2771449855450612,0.9198739338351457,0.9375
0,648,ROI_1423,1,cloud-free,400,1.0,0.0,0.0,0.0,0.900164483310736,0.9775
0,649,ROI_1423,2,almost-clear,400,0.9566583423716907,0.0,0.04334165762830929,0.0,0.7793040681812918,0.8475
0,650,ROI_1424,2,almost-clear,400,0.8732365553629946,0.08412427001594096,0.0,0.04263917462106445,0.8997291305047213,0.9025
0,651,ROI_1424,2,low-cloudy,400,0.41800826768462374,0.4215901590622238,0.0,0.1604015732531525,0.8681726179032394,0.895
0,652,ROI_1424,3,mid-cloudy,400,0.37348551225292476,0.5059421570860079,0.0,0.12057233066106739,0.8465591169297474,0.9325
0,653,ROI_1424,4,cloudy,400,0.06836857971059244,0.0,0.9316314202894076,0.0,0.80326844381001,0.9425
0,654,ROI_1424,1,cloud-free,400,1.0,0.0,0.0,0.0,0.9223324837503956,0.98
0,655,ROI_1435,3,almost-clear,400,0.7209714336443043,0.14486975115890396,0.0,0.13415881519679174,0.8906808687911496,0.895
0,656,ROI_1435,1,cloud-free,400,1.0,0.0,0.0,0.0,0.9577624070695766,1.0
0,657,ROI_1435,2,mid-cloudy,400,0.5209606262134236,0.3284262450739344,0.0,0.15061312871264199,0.9044850294271021,0.885
0,658,ROI_1435,2,low-cloudy,400,0.5880168750313608,0.2966601178781925,0.0,0.11532300709044661,0.9241837620304455,0.9075
0,659,ROI_1435,2,cloudy,400,0.2731500959159491,0.5920156244572161,0.0,0.13483427962683486,0.874509433426152,0.8575
0,660,ROI_1447,3,mid-cloudy,400,0.16443506084969564,0.580899409837078,0.003929273084479371,0.250736256228747,0.7666920343239133,0.72
0,661,ROI_1447,3,almost-clear,400,0.8280846530621697,0.06341260069244753,0.10850274624538271,0.0,0.8614562708311942,0.835
0,662,ROI_1447,3,low-cloudy,400,0.21120035818913777,0.4498052732543104,0.003319425199069017,0.33567494335748277,0.7535837409001057,0.79
0,663,ROI_1447,1,cloud-free,400,1.0,0.0,0.0,0.0,0.7966260273588561,0.945
0,664,ROI_1447,2,cloudy,400,0.21007715733689464,0.6265222073405614,0.004998436782319043,0.15840219854022486,0.8513528060728571,0.815
0,665,ROI_1580,2,cloudy,400,0.0,0.8802575256386999,0.0,0.11974247436130013,0.9606541876947574,0.9075
0,666,ROI_1580,2,low-cloudy,400,0.3360763622187656,0.29835070885167186,0.0,0.36557292892956256,0.6592815514293632,0.74
0,667,ROI_1580,4,almost-clear,400,0.0,0.36623681396937635,0.6337631860306236,0.0,0.7188026044036484,0.7925
0,668,ROI_1580,1,cloud-free,400,1.0,0.0,0.0,0.0,0.7573689705426494,0.7575
0,669,ROI_1580,4,mid-cloudy,400,0.0,0.5845777961332557,0.0,0.4154222038667444,0.6719297957134978,0.39
0,670,ROI_1661,5,low-cloudy,400,0.11095757697399655,0.05253955326712495,0.8365028697588784,0.0,0.610827132120359,0.1725
0,671,ROI_1661,1,cloud-free,400,1.0,0.0,0.0,0.0,0.815335862568468,1.0
0,672,ROI_1661,4,mid-cloudy,400,0.40703486554398044,0.13450619690367105,0.35860213601151764,0.09985680154083086,0.4931629325619784,0.4025
0,673,ROI_1661,3,cloudy,400,0.052300245869052533,0.5562353086486466,0.3287543277970982,0.0627101176852027,0.5126146382131921,0.2425
0,674,ROI_1661,2,almost-clear,400,0.7147880392618525,0.1745824664873148,0.0,0.11062949425083275,0.43071885927854575,0.585
0,675,ROI_1952,1,cloud-free,400,1.0,0.0,0.0,0.0,0.9417958220004943,0.9975
0,676,ROI_1952,3,cloudy,400,0.019503552942902028,0.8275056835507042,0.06726853763880794,0.08572222586758581,0.6997841720104332,0.625
0,677,ROI_1952,2,almost-clear,400,0.4006546215276304,0.1987872518633169,0.14855585704856783,0.25200226956048494,0.8703399861558032,0.52
0,678,ROI_1952,3,low-cloudy,400,0.13354896731138138,0.0031688931260879802,0.8103604664178384,0.0529216731446922,0.6345618466506427,0.2225
0,679,ROI_1952,2,mid-cloudy,400,0.35258085309227616,0.4091731929396598,0.0,0.23824595396806403,0.8637406466041316,0.8275
0,680,ROI_2193,2,low-cloudy,400,0.3118599974525342,0.5171278480475218,0.0,0.17101215449994403,0.8951624669725033,0.8525
0,681,ROI_2193,2,almost-clear,400,0.6470756249975876,0.1730655663672751,0.0,0.17985880863513729,0.7673880954425968,0.7825
0,682,ROI_2193,3,mid-cloudy,400,0.31877289341943255,0.6108591521570474,0.0,0.07036795442352006,0.585035135387401,0.445
0,683,ROI_2193,1,cloud-free,400,1.0,0.0,0.0,0.0,0.6866261698208692,0.6625
0,684,ROI_2193,2,cloudy,400,0.0,0.941122660480699,0.0,0.058877339519300916,0.9989730202644086,0.945
0,685,ROI_2299,2,mid-cloudy,400,0.11836452692401218,0.7161775660893698,0.0,0.16545790698661808,0.8742535318016132,0.8725
0,686,ROI_2299,1,cloud-free,400,1.0,0.0,0.0,0.0,0.9361062182819714,0.98
0,687,ROI_2299,2,low-cloudy,400,0.32769288369274474,0.4144572546809685,0.0,0.25784986162628676,0.8342795618706217,0.9125
0,688,ROI_2299,2,cloudy,400,0.04695056758311107,0.8851826262828999,0.0,0.06786680613398899,0.8746805094137742,0.86
0,689,ROI_2299,2,almost-clear,400,0.7107661310555387,0.20631771530911183,0.0,0.08291615363534956,0.9251587734781669,0.915
0,690,ROI_2301,3,cloudy,400,0.0611739185814475,0.49836923587603876,0.24760596107009006,0.19285088447242368,0.8313015492183727,0.605
0,691,ROI_2301,2,mid-cloudy,400,0.10808588819712754,0.6517807172274308,0.0,0.24013339457544167,0.8754458717347527,0.875
0,692,ROI_2301,4,low-cloudy,400,0.6047761124899163,0.06637306479440792,0.2611924456058144,0.06765837710986139,0.7909319472642297,0.745
0,693,ROI_2301,1,cloud-free,400,1.0,0.0,0.0,0.0,0.7990958461417681,0.83
0,694,ROI_2301,4,almost-clear,400,0.7585774333123618,0.0,0.24142256668763823,0.0,0.6218750290431208,0.8025
0,695,ROI_2519,2,mid-cloudy,400,0.3036926675441271,0.5212192325952115,0.0,0.17508809986066134,0.749856639779113,0.825
0,696,ROI_2519,2,almost-clear,400,0.8584265152597064,0.08253403375778232,0.0,0.05903945098251126,0.9351818830673387,0.945
0,697,ROI_2519,2,low-cloudy,400,0.461423261451052,0.28137918257224576,0.0,0.25719755597670224,0.8830834220480422,0.865
0,698,ROI_2519,2,cloudy,400,0.06295714467676132,0.8251550673341542,0.0,0.1118877879890845,0.9369884236597744,0.9175
0,699,ROI_2519,1,cloud-free,400,1.0,0.0,0.0,0.0,0.8965360029815901,0.9975
0,700,ROI_2537,2,low-cloudy,400,0.8068982287392746,0.11418436705123108,0.0,0.07891740420949432,0.910508633064183,0.92
0,701,ROI_2537,1,cloud-free,400,1.0,0.0,0.0,0.0,0.9250977829790972,0.9925
0,702,ROI_2537,3,mid-cloudy,400,0.5580223945407035,0.08698437940258066,0.1227878539916088,0.23220537206510705,0.8800572920956249,0.72
0,703,ROI_2537,2,almost-clear,400,0.9001431984591691,0.051640220625981836,0.0,0.048216580914849025,0.913438368423702,0.9425
0,704,ROI_2537,4,cloudy,400,0.2768555007893284,0.02604204862571937,0.6971024505849522,0.0,0.549890663202433,0.7675
0,705,ROI_2582,2,mid-cloudy,400,0.0013277700796276068,0.8889073301399948,0.024949726147421077,0.08481517363295649,0.8993595676952404,0.89
0,706,ROI_2582,1,cloud-free,400,1.0,0.0,0.0,0.0,0.9601897093636151,0.9975
0,707,ROI_2582,3,almost-clear,400,0.7321609844025614,0.17040230661453368,0.09486994414874113,0.002566764834163833,0.657115718640692,0.675
0,708,ROI_2582,2,cloudy,400,0.003273107638151775,0.9339936158961869,0.0,0.06273327646566132,0.9848641000853727,0.9325
0,709,ROI_2582,3,low-cloudy,400,0.31603629752857215,0.45191272227604495,0.027744218989428016,0.2043067612059549,0.8331321629650559,0.755
0,710,ROI_2696,2,mid-cloudy,400,0.4025690807122097,0.3705327677444506,0.0,0.22689815154333973,0.8874685658370878,0.8
0,711,ROI_2696,2,cloudy,400,0.10084104971032225,0.7960290411106951,0.0,0.10312990917898264,0.909134718565635,0.825
0,712,ROI_2696,2,low-cloudy,400,0.8187092067731713,0.09612823788699287,0.0,0.0851625553398358,0.8214837524297794,0.8925
0,713,ROI_2696,3,almost-clear,400,0.6918608466078177,0.0,0.30813915339218234,0.0,0.7950740605084212,0.795
0,714,ROI_2696,1,cloud-free,400,1.0,0.0,0.0,0.0,0.9537657914892267,1.0
0,715,ROI_2780,2,almost-clear,400,0.8212142148594455,0.14473851806963844,0.0,0.03404726707091604,0.6884813408764949,0.895
0,716,ROI_2780,2,mid-cloudy,400,0.06971950857067867,0.6910734480722245,0.0,0.2392070433570968,0.7348391563105341,0.6375
0,717,ROI_2780,3,cloudy,400,0.0,0.9697430533308116,0.0,0.0302569466691884,0.6170507150422988,0.2125
0,718,ROI_2780,2,low-cloudy,400,0.3461581513117519,0.5677761009105261,0.0,0.08606574777772202,0.7173737260562535,0.5625
0,719,ROI_2780,1,cloud-free,400,1.0,0.0,0.0,0.0,0.8855470589896545,1.0
0,720,ROI_2874,3,almost-clear,400,0.9206580181487642,0.014011062177465734,0.06533091967376999,0.0,0.9014091662167999,0.92
0,721,ROI_2874,2,cloudy,400,0.06685553938729587,0.6974845704625194,0.0,0.23565989015018468,0.9021279975549636,0.88
0,722,ROI_2874,2,mid-cloudy,400,0.41987254951154274,0.2256552969920604,0.2356676097436709,0.11880454375272598,0.7834379417048264,0.84
0,723,ROI_2874,2,low-cloudy,400,0.8606227396065323,0.07783666112142534,0.0,0.061540599272042334,0.958808250998435,0.9375
0,724,ROI_2874,1,cloud-free,400,1.0,0.0,0.0,0.0,0.9792383666422309,1.0
0,725,ROI_3168,4,mid-cloudy,400,1.1579390229310525e-05,0.6734611955334432,0.07702610380537361,0.24950112127095386,0.6899870780029083,0.645
0,726,ROI_3168,4,cloudy,400,0.020040064690193416,0.6162628675973923,0.1943060278445737,0.16939103986784057,0.6822376481059855,0.6325
0,727,ROI_3168,1,cloud-free,400,1.0,0.0,0.0,0.0,0.9773129043114396,1.0
0,728,ROI_3168,4,almost-clear,400,0.9953103469571293,0.0020186736966431346,0.0,0.0026709793462276277,0.9128985199658817,0.9975
0,729,ROI_3168,3,low-cloudy,400,0.3450349504595088,0.3201778594339222,0.27877767956739397,0.05600951053917501,0.7425387555136141,0.66
0,730,ROI_3188,1,cloud-free,400,1.0,0.0,0.0,0.0,0.8802014908081942,0.9475
0,731,ROI_3188,3,low-cloudy,400,0.49679829860159563,0.28612287276952,0.04637545786838865,0.17070337076049574,0.7078128921606062,0.7075
0,732,ROI_3188,2,almost-clear,400,0.8299296359053733,0.10052068658064467,0.0,0.06954967751398211,0.9572681568588568,0.97
0,733,ROI_3188,2,mid-cloudy,400,0.06415754146386651,0.44006314627471715,0.0,0.4957793122614163,0.8147769309388277,0.8375
0,734,ROI_3188,5,cloudy,400,0.12713398512434335,0.0974675873568498,0.7256533670936889,0.04974506042511801,0.609227559453979,0.42
0,735,ROI_3257,4,mid-cloudy,400,0.19697314739405822,0.6544825749476033,0.0,0.14854427765833852,0.8469122108565067,0.795
0,736,ROI_3257,1,cloud-free,400,1.0,0.0,0.0,0.0,0.8173590597486573,0.9275
0,737,ROI_3257,2,cloudy,400,0.0,0.9710438048332375,0.0,0.028956195166762518,0.7708036210408251,0.7625
0,738,ROI_3257,2,low-cloudy,400,0.4190542726020048,0.2973780400724098,0.0,0.28356768732558546,0.8249884056916049,0.8725
0,739,ROI_3257,2,almost-clear,400,0.628332452013077,0.20531416815590492,0.000995827559720705,0.1653575522712974,0.885439307312813,0.9225
0,740,ROI_3381,1,cloud-free,400,1.0,0.0,0.0,0.0,0.8622075986411608,0.9625
0,741,ROI_3381,3,cloudy,400,0.10811290677432926,0.4943743462469266,0.3437071803798812,0.0538055665988629,0.6137455063313455,0.485
0,742,ROI_3381,3,low-cloudy,400,0.40310559245950106,0.3483389364716054,0.2450160374554676,0.003539433613425917,0.6072783604162006,0.62
0,743,ROI_3381,4,mid-cloudy,400,0.11497948518031041,0.5861796117816436,0.0,0.298840903038046,0.8152050594447061,0.84
0,744,ROI_3381,2,almost-clear,400,0.7807596851949776,0.08503132225057028,0.014906535021865749,0.11930245753258634,0.8290294044560435,0.8175
0,745,ROI_3449,2,almost-clear,400,0.7835155800695536,0.11071826957592414,0.001686731176736233,0.1040794191777861,0.941261373117984,0.88
0,746,ROI_3449,1,cloud-free,400,1.0,0.0,0.0,0.0,0.9507515299225264,1.0
0,747,ROI_3449,2,mid-cloudy,400,0.42962625588136527,0.3459883202550554,0.0,0.22438542386357935,0.8814378595008496,0.615
0,748,ROI_3449,2,low-cloudy,400,0.6008468394054369,0.22296887845886035,0.10478576198177404,0.0713985201539287,0.8830250945502651,0.8325
0,749,ROI_3449,2,cloudy,400,0.011872734781786392,0.7649808361091704,0.09648719898410149,0.12665923012494162,0.637781537390145,0.4825
0,750,ROI_3466,2,low-cloudy,400,0.6675055291588345,0.27709866798414395,0.0,0.05539580285702155,0.7202625414932364,0.735
0,751,ROI_3466,3,almost-clear,400,0.7361365750479579,0.25661472666849366,0.0,0.007248698283548388,0.6409230223603779,0.205
0,752,ROI_3466,1,cloud-free,400,1.0,0.0,0.0,0.0,0.6439326115239745,0.425
0,753,ROI_3466,2,mid-cloudy,400,0.39809557628695275,0.4531208386566363,0.0,0.14878358505641093,0.7612197009655933,0.6625
0,754,ROI_3466,4,cloudy,400,0.0,0.834248748460906,0.11257097201261382,0.053180279526480134,0.6442664610999613,0.7625
0,755,ROI_3652,4,almost-clear,400,0.8582952821704409,0.0,0.1417047178295591,0.0,0.6397312329148651,0.8525
0,756,ROI_3652,1,cloud-free,400,1.0,0.0,0.0,0.0,0.8989434571392343,0.99
0,757,ROI_3652,2,low-cloudy,400,0.3085482918469513,0.46704312550901067,0.0,0.22440858264403796,0.8186925379152892,0.7825
0,758,ROI_3652,2,mid-cloudy,400,0.3318653239720396,0.4524492340233363,0.11785503375392252,0.09783040825070152,0.7430251851402737,0.7625
0,759,ROI_3652,3,cloudy,400,0.1915539927667409,0.27877767956739397,0.13156889158216928,0.39809943608369586,0.5895783376622511,0.3675
0,760,ROI_3815,2,mid-cloudy,400,0.2661522844207024,0.4980334335593888,0.0,0.23581428201990884,0.7331989508182615,0.7275
0,761,ROI_3815,2,cloudy,400,0.18894477016840294,0.6338172231850271,0.0,0.17723800664657,0.7842655570988661,0.5575
0,762,ROI_3815,2,almost-clear,400,0.8535129940057357,0.07286910271305114,0.0,0.07361790328121322,0.9312557813862259,0.95
0,763,ROI_3815,2,low-cloudy,400,0.609647175979713,0.26111910946769545,0.0,0.12923371455259167,0.7128150853658209,0.26
0,764,ROI_3815,1,cloud-free,400,1.0,0.0,0.0,0.0,0.8946208497833689,1.0
0,765,ROI_3824,2,low-cloudy,400,0.7825737896642363,0.08954342464325829,0.04866431733704903,0.0792184683554564,0.9028527923058328,0.92
0,766,ROI_3824,1,cloud-free,400,1.0,0.0,0.0,0.0,0.6786035706992429,0.9325
0,767,ROI_3824,3,mid-cloudy,400,0.18348701757365457,0.27348589823259906,0.38001628834225587,0.16301079585149045,0.6675709478431766,0.59
0,768,ROI_3824,2,almost-clear,400,0.9253901289558092,0.05201076111331977,0.0,0.02259910993087104,0.9447572606165139,0.96
0,769,ROI_3824,2,cloudy,400,0.12286504992647088,0.546369668173274,0.15429537480556274,0.1764699070946924,0.7431723746175707,0.705
0,770,ROI_3838,2,low-cloudy,400,0.8277334115585473,0.08623557883441858,0.0,0.0860310096070341,0.9592981310724512,0.92
0,771,ROI_3838,3,almost-clear,400,0.7656601603359567,0.0,0.2343398396640433,0.0,0.8480776513407782,0.77
0,772,ROI_3838,4,cloudy,400,0.14835514761792645,0.046186327827976575,0.8054585245540969,0.0,0.6757006372821825,0.78
0,773,ROI_3838,2,mid-cloudy,400,0.6240326384412597,0.21236601680555503,0.0,0.1636013447531853,0.9088839533942877,0.745
0,774,ROI_3838,1,cloud-free,400,1.0,0.0,0.0,0.0,0.9112015749047767,0.99
0,775,ROI_3927,1,cloud-free,400,1.0,0.0,0.0,0.0,0.9578204269479446,1.0
0,776,ROI_3927,3,cloudy,400,0.31789285976200493,0.6013872109494715,0.0,0.08071992928852367,0.8333657646103616,0.8
0,777,ROI_3927,3,mid-cloudy,400,0.11065651282803447,0.4976667528687939,0.1701012424685716,0.22157549183459999,0.7863572741526051,0.6475
0,778,ROI_3927,2,low-cloudy,400,0.7172660287709249,0.0,0.13040323296575201,0.15233073826332305,0.9302319618329922,0.7325
0,779,ROI_3927,1,almost-clear,400,0.9265442081819971,0.04294023876702653,0.0,0.030515553050976335,0.9438451893823658,0.945
0,780,ROI_4348,1,cloud-free,400,1.0,0.0,0.0,0.0,0.8382528500187341,0.9825
0,781,ROI_4348,2,almost-clear,400,0.9061451823946951,0.03001377947437288,0.012555918805315713,0.051285119325616316,0.93692505277661,0.945
0,782,ROI_4348,2,low-cloudy,400,0.8342062906967319,0.06991635820457695,0.03693439503475747,0.058942956063933676,0.9459446859846109,0.9075
0,783,ROI_4348,3,mid-cloudy,400,0.03352233471385397,0.44549388029226383,0.03882183564213509,0.4821619493517471,0.7701900614677765,0.8075
0,784,ROI_4348,3,cloudy,400,0.34455247586662086,0.05042438465190423,0.6050231394814749,0.0,0.7586002294469957,0.3025
0,785,ROI_4463,4,cloudy,400,0.029207081955064246,0.7177639425507852,0.14348408412812982,0.10954489136602066,0.7512481883786962,0.65
0,786,ROI_4463,1,cloud-free,400,1.0,0.0,0.0,0.0,0.7625576657248618,0.9575
0,787,ROI_4463,2,mid-cloudy,400,0.27323887124104046,0.4312821086841567,0.0,0.29547902007480287,0.8187065324517038,0.77
0,788,ROI_4463,2,almost-clear,400,0.9813842003080118,0.009556856735924286,0.0,0.009058942956063933,0.9625975026637313,0.9725
0,789,ROI_4463,4,low-cloudy,400,0.3328804505154759,0.011780099659951906,0.6553394498245723,0.0,0.6978363802865701,0.4625
0,790,ROI_4477,2,mid-cloudy,400,0.31568505602494973,0.3378866068912811,0.02738525789231939,0.31904307919144975,0.7791447995681555,0.6975
0,791,ROI_4477,2,low-cloudy,400,0.7590097305475894,0.1368413739332487,0.0,0.10414889551916195,0.9288139864252435,0.895
0,792,ROI_4477,3,almost-clear,400,0.7541579660415082,0.01190361315573122,0.1451437967276643,0.08879462407509621,0.666247808998707,0.6325
0,793,ROI_4477,1,cloud-free,400,1.0,0.0,0.0,0.0,0.9560887049076336,0.9975
0,794,ROI_4477,2,cloudy,400,0.08629733558230823,0.6772090581709967,0.0,0.23649360624669505,0.9045492750660885,0.9175
0,795,ROI_4547,2,almost-clear,400,0.867921615247741,0.018337894326484767,0.0810750305888892,0.03266545983688499,0.6810500649189123,0.645
0,796,ROI_4547,2,low-cloudy,400,0.6486890200362049,0.1226720600893157,0.0,0.2286389198744794,0.8692985519558942,0.0825
0,797,ROI_4547,2,mid-cloudy,400,0.6800228499967191,0.29006372524422863,0.0,0.029913424759052187,0.9156250929182703,0.9675
0,798,ROI_4547,1,cloud-free,400,1.0,0.0,0.0,0.0,0.7624822861418419,0.765
0,799,ROI_4547,2,cloudy,400,0.0,0.9461789942141647,0.0,0.05382100578583532,0.9807939356374837,0.9725
0,800,ROI_4704,1,cloud-free,400,1.0,0.0,0.0,0.0,0.9533000582055925,1.0
0,801,ROI_4704,2,mid-cloudy,400,0.14845164253650403,0.4822159865061506,0.0,0.3693323709573454,0.8847393358301184,0.8025
0,802,ROI_4704,2,low-cloudy,400,0.7763672365013259,0.10190635361141882,0.0,0.12172640988725533,0.9576940939680757,0.9475
0,803,ROI_4704,2,cloudy,400,0.020117260625055484,0.5366391205839101,0.0,0.44324361879103447,0.6867220486749717,0.6325
0,804,ROI_4704,2,almost-clear,400,0.909124945480371,0.090875054519629,0.0,0.0,0.9665792023239363,0.9825
0,805,ROI_4797,2,mid-cloudy,400,0.3135814667999583,0.3379638028261432,0.0,0.3484547303738985,0.8357038707137423,0.5475
0,806,ROI_4797,2,cloudy,400,0.27677830485446636,0.3794527580177628,0.0,0.34376893712777085,0.7926618639836046,0.765
0,807,ROI_4797,1,cloud-free,400,1.0,0.0,0.0,0.0,0.9857479712824386,1.0
0,808,ROI_4797,2,low-cloudy,400,0.7592258791652031,0.11489070985521903,0.0,0.1258834109795778,0.82217647439773,0.77
0,809,ROI_4797,2,almost-clear,400,0.9425971028365646,0.016496771280024393,0.0,0.04090612588341098,0.9604642807353688,0.96
0,810,ROI_5145,3,cloud-free,400,1.0,0.0,0.0,0.0,0.8442164769429779,0.9925
0,811,ROI_5145,3,mid-cloudy,400,0.454823009020345,0.3859796743103508,0.02452128870893659,0.1346760279603676,0.6669553394694573,0.465
0,812,ROI_5145,2,cloudy,400,0.19579590938741165,0.5450727764675912,0.2591313141449971,0.0,0.7588969730103563,0.5675
0,813,ROI_5145,1,almost-clear,400,0.9765247162084445,0.019812336682350308,0.0,0.0036629471092052292,0.8656548683973341,0.985
0,814,ROI_5145,3,low-cloudy,400,0.5249246374685909,0.2599534508512782,0.0773464669350512,0.13777544474507972,0.7265502776841832,0.805
0,815,ROI_5244,1,cloud-free,400,1.0,0.0,0.0,0.0,0.8437577444460657,0.9
0,816,ROI_5244,2,almost-clear,400,0.8103952045885263,0.10226145491178434,0.0018488426399465804,0.08549449785974271,0.8943742100430029,0.9775
0,817,ROI_5244,2,cloudy,400,0.0,0.8596577904207564,0.0,0.14034220957924357,0.9181568943080031,0.935
0,818,ROI_5244,2,low-cloudy,400,0.5720720546856003,0.2553757319139574,0.0018063848757724418,0.17074582852466988,0.8866735207561901,0.875
0,819,ROI_5244,2,mid-cloudy,400,0.3238871241040447,0.4446292858218086,0.04670354059155245,0.18478004948259424,0.8965101956561664,0.8475
0,820,ROI_5305,2,mid-cloudy,400,0.19420567312925302,0.633628093144615,0.0,0.172166233726132,0.9212242984321111,0.92
0,821,ROI_5305,2,low-cloudy,400,0.2881955836205665,0.275199647986537,0.036332266742833325,0.4002725016500631,0.81036208158325,0.7775
0,822,ROI_5305,2,cloudy,400,0.0,0.9706694045491564,0.0,0.029330595450843558,0.9927836663089369,0.9675
0,823,ROI_5305,1,cloud-free,400,1.0,0.0,0.0,0.0,0.7778969462923294,0.9525
0,824,ROI_5305,2,almost-clear,400,0.6171197424743613,0.1969229700363979,0.0,0.1859572874892408,0.9077785078669998,0.875
0,825,ROI_5607,2,mid-cloudy,400,0.1075995538074965,0.6968940215608246,0.001146359632701742,0.19436006499897715,0.9086700237430069,0.9175
0,826,ROI_5607,2,almost-clear,400,0.5032673179430371,0.2367483528317399,0.08774089956422895,0.17224342966099404,0.8347702787142351,0.8025
0,827,ROI_5607,3,cloudy,400,0.01765857009969855,0.5597168453109259,0.07001671291989764,0.3526078716694779,0.6623769573831527,0.5975
0,828,ROI_5607,2,low-cloudy,400,0.4418656713537465,0.34875965431660366,0.013424373072514002,0.1959503012571358,0.79294662997983,0.8575
0,829,ROI_5607,1,cloud-free,400,1.0,0.0,0.0,0.0,0.9560677183732547,1.0
0,830,ROI_5622,4,cloudy,400,1.0,0.0,0.0,0.0,0.7865006055133482,0.995
0,831,ROI_5622,4,almost-clear,400,0.5653174103851691,0.1302642802830003,0.2918508111362856,0.012567498195545023,0.6120163560727732,0.5675
0,832,ROI_5622,5,mid-cloudy,400,0.2834557532200354,0.6538843064524222,0.06265994032754235,0.0,0.6927061099126668,0.24
0,833,ROI_5622,5,low-cloudy,400,0.5946557254294988,0.34098988347273634,0.0643543910977648,0.0,0.8856251314965029,0.635
0,834,ROI_5622,1,cloud-free,400,1.0,0.0,0.0,0.0,0.9122315028495348,1.0
0,835,ROI_5830,1,cloud-free,400,1.0,0.0,0.0,0.0,0.9427631959349541,1.0
0,836,ROI_5830,2,almost-clear,400,0.4513414723580656,0.3570311987370745,0.0012582937382517438,0.19036903516660814,0.8569689663190724,0.8225
0,837,ROI_5830,2,mid-cloudy,400,0.07043357096815282,0.6780890918284244,0.03458763861495054,0.21688969858847232,0.790514922902829,0.8325
0,838,ROI_5830,2,low-cloudy,400,0.35533288817010894,0.44165338253287584,0.03859024783754887,0.16442348145946634,0.7171816797445791,0.65
0,839,ROI_5830,2,cloudy,400,0.008858233525422551,0.9178287871360694,0.0012737329252241578,0.07203924641328388,0.9397511529423065,0.95
0,840,ROI_5860,2,low-cloudy,400,0.48725302125590064,0.29179677398188214,0.0,0.22095020476221722,0.8830874680290293,0.9025
0,841,ROI_5860,2,mid-cloudy,400,0.2915960645512407,0.6368471636283634,0.010162844824591536,0.0613939269958044,0.8207626725574764,0.715
0,842,ROI_5860,1,cloud-free,400,1.0,0.0,0.0,0.0,0.8966923465291875,0.9975
0,843,ROI_5860,2,almost-clear,400,0.8468857229978269,0.1172915034294294,0.0,0.03582277357274366,0.8751738201806828,0.9775
0,844,ROI_5860,2,cloudy,400,0.029569902848915978,0.6299111088810063,0.30326423010564263,0.03725475816443506,0.8217751235027322,0.65
0,845,ROI_5940,3,almost-clear,400,0.8128075775529661,0.12508443305375538,0.009761425963308772,0.05234656342996978,0.8094472987717541,0.8525
0,846,ROI_5940,3,low-cloudy,400,0.481822287238354,0.336354267584269,0.10288288218742402,0.07894056298995294,0.7552741613358596,0.7225
0,847,ROI_5940,4,mid-cloudy,400,0.4259555891786739,0.0,0.5740444108213262,0.0,0.6736413377315206,0.705
0,848,ROI_5940,1,cloud-free,400,1.0,0.0,0.0,0.0,0.8280549293127912,0.7675
0,849,ROI_5940,2,cloudy,400,0.0,0.9770419289720204,3.859796743103508e-06,0.022954211231236563,0.7945114828591564,0.81
0,850,ROI_6118,2,cloudy,400,0.0,0.931160525086749,0.02248717582532104,0.04635229908793003,0.936498517306162,0.9525
0,851,ROI_6118,3,low-cloudy,400,0.6494339608076238,0.0,0.3505660391923761,0.0,0.7044642628314421,0.725
0,852,ROI_6118,1,cloud-free,400,1.0,0.0,0.0,0.0,0.9579226752887854,1.0
0,853,ROI_6118,2,almost-clear,400,0.9097502325527538,0.054125929728540495,0.0,0.03612383771870573,0.9140526417801977,0.955
0,854,ROI_6118,2,mid-cloudy,400,0.38678637182965947,0.5068607887108665,0.0,0.10635283945947406,0.8063470771364623,0.87
0,855,ROI_6213,1,cloud-free,400,1.0,0.0,0.0,0.0,0.894660452688992,0.9925
0,856,ROI_6213,3,almost-clear,400,0.8836657261628602,0.10098772198656018,0.0,0.015346551850579548,0.8280281102522692,0.945
0,857,ROI_6213,4,cloudy,400,0.3089651498952065,0.28344803362654925,0.40758681647824424,0.0,0.6163692660302944,0.5175
0,858,ROI_6213,4,mid-cloudy,400,0.16716007735032673,0.6657994989983828,0.13207452495551583,0.03496589869577468,0.881409858453305,0.805
0,859,ROI_6213,3,low-cloudy,400,0.6354576368008461,0.18413932322323906,0.09893045032248601,0.08147258965342885,0.7991959559828059,0.79
0,860,ROI_6461,3,almost-clear,400,0.6548917134023722,0.0,0.34510828659762777,0.0,0.8365105050149766,0.6575
0,861,ROI_6461,1,cloud-free,400,1.0,0.0,0.0,0.0,0.9380551889406304,1.0
0,862,ROI_6461,3,low-cloudy,400,0.7390198432150563,0.008642084907808755,0.252338071877135,0.0,0.8426595009543307,0.71
0,863,ROI_6461,3,cloudy,400,0.12824946638310025,0.62273960653232,0.20501310400994283,0.04399782307463689,0.7561547222856347,0.72
0,864,ROI_6461,2,mid-cloudy,400,0.3827876224038042,0.37961100968423,0.06309223756276995,0.17450913034919582,0.8123266837074681,0.8275
0,865,ROI_6641,1,cloud-free,400,1.0,0.0,0.0,0.0,0.9497237557537693,0.9975
0,866,ROI_6641,2,mid-cloudy,400,0.30173575059537366,0.5708446393212934,0.029658678174007358,0.09776093190932565,0.8128281102204766,0.7975
0,867,ROI_6641,2,cloudy,400,0.0,0.9709743284918616,0.0,0.02902567150813838,0.7332923184585174,0.825
0,868,ROI_6641,2,low-cloudy,400,0.8094958719473833,0.1578965651668783,0.0,0.032607562885738434,0.9119519374520823,0.9475
0,869,ROI_6641,2,almost-clear,400,0.9656400893928926,0.030897672928543583,0.0,0.003462237678563847,0.9483991709321377,0.98
0,870,ROI_6833,2,almost-clear,400,0.9002165345972881,0.04897696087324042,0.0,0.050806504529471476,0.9191320455846673,0.9525
0,871,ROI_6833,1,cloud-free,400,1.0,0.0,0.0,0.0,0.9850996330188064,1.0
0,872,ROI_6833,4,cloudy,400,3.859796743103508e-06,0.47359706037880045,0.5038076894870717,0.022591390337384835,0.6370465819017536,0.77
0,873,ROI_6833,4,low-cloudy,400,0.7693732848028223,0.023834244888664164,0.17387612368332683,0.03291634662518672,0.7957806304611228,0.835
0,874,ROI_6833,3,mid-cloudy,400,0.08863637240862896,0.49054542787776795,0.0,0.42081819971360307,0.7993750458892542,0.7775
0,875,ROI_6860,2,cloudy,400,0.4129596535446443,0.39753976555594583,0.0,0.18950058089940983,0.8315083054267899,0.9025
0,876,ROI_6860,2,mid-cloudy,400,0.38551263890443527,0.505127739973213,0.0,0.1093596211223517,0.850006663231628,0.895
0,877,ROI_6860,1,cloud-free,400,1.0,0.0,0.0,0.0,0.9174164879261139,0.9975
0,878,ROI_6860,2,almost-clear,400,0.9218159571716953,0.03537503715054365,0.0015786568679293349,0.041230348809831674,0.9255577873383671,0.9875
0,879,ROI_6860,2,low-cloudy,400,0.7611248991628101,0.16301465564823356,0.0,0.07586044518895635,0.8910447508937213,0.945
0,880,ROI_6908,1,cloud-free,400,1.0,0.0,0.0,0.0,0.8249201040488271,1.0
0,881,ROI_6908,3,almost-clear,400,0.993511681674843,0.0027057175169155592,0.0,0.003782600808241438,0.9301364223242465,0.9975
0,882,ROI_6908,3,low-cloudy,400,0.7878076740478847,0.14122610303341426,0.02456760626985383,0.04639861664884727,0.8308039709059146,0.8425
0,883,ROI_6908,3,mid-cloudy,400,0.48912502267630587,0.2866285061428665,0.011710623318576044,0.21253584786225158,0.7693382520632204,0.6125
0,884,ROI_6908,4,cloudy,400,0.2124740911143619,0.01751575762020372,0.6508234876351411,0.11918666363029323,0.6847858959898319,0.51
0,885,ROI_7063,1,cloud-free,400,1.0,0.0,0.0,0.0,0.991516979322292,1.0
0,886,ROI_7063,3,low-cloudy,400,0.1642690895897422,0.43377939717694464,0.05617934159587156,0.34577217163744156,0.7446361066166954,0.575
0,887,ROI_7063,3,mid-cloudy,400,0.2812479494829802,0.35759472906156764,0.1444413137204195,0.21671600773503266,0.7675354423449134,0.5375
0,888,ROI_7063,3,cloudy,400,0.09552996939181183,0.2622500299134248,0.6422200006947634,0.0,0.7125742278258356,0.5625
0,889,ROI_7063,2,almost-clear,400,0.8589167094460806,0.0,0.14108329055391944,0.0,0.8480993953227403,0.8475
0,890,ROI_7640,1,cloud-free,400,1.0,0.0,0.0,0.0,0.7233672914792507,1.0
0,891,ROI_7640,3,cloudy,400,0.0706342803987942,0.5522288396293051,0.0,0.3771368799719007,0.8771782606068547,0.855
0,892,ROI_7640,2,almost-clear,400,0.8983638321605985,0.03504695442737985,0.0,0.06658921341202172,0.9132057832806686,0.97
0,893,ROI_7640,2,mid-cloudy,400,0.574970762039671,0.22795573585095008,0.0,0.1970735021093789,0.9169152738998467,0.9175
0,894,ROI_7640,2,low-cloudy,400,0.6989088354607247,0.16256691922603356,0.0,0.1385242453132418,0.8905147944508469,0.8425
0,895,ROI_8052,4,low-cloudy,400,0.6599982244934982,0.0,0.06175674788965613,0.2782450276168457,0.6733121205322813,0.19
0,896,ROI_8052,2,mid-cloudy,400,0.27939910684303365,0.5216360906434667,0.0,0.19896480251349963,0.8558830884446162,0.8375
0,897,ROI_8052,2,almost-clear,400,0.9562800822908666,0.019901112007441688,0.0,0.02381880570169175,0.9430543530801034,0.965
0,898,ROI_8052,1,cloud-free,400,1.0,0.0,0.0,0.0,0.9651353707237856,0.9975
0,899,ROI_8052,2,cloudy,400,0.011031299091789827,0.9189635673785419,0.0,0.07000513352966833,0.8621824301440596,0.8625
0,900,ROI_8234,2,low-cloudy,400,0.32780867759503785,0.33027122791713787,0.0,0.3419200944878243,0.7477522670081181,0.805
0,901,ROI_8234,1,cloud-free,400,1.0,0.0,0.0,0.0,0.8552136373546118,0.9675
0,902,ROI_8234,2,mid-cloudy,400,0.0,0.9657211451244977,0.0,0.03427885487550226,0.9945754267722574,0.9725
0,903,ROI_8234,3,cloudy,400,0.0,0.890258259000081,0.019380039447122716,0.09036170155279623,0.8988605747510158,0.8575
0,904,ROI_8234,2,almost-clear,400,0.9475569416514527,0.03394305255885225,0.0,0.018500005789695115,0.8120022180453509,0.9425
0,905,ROI_8347,2,mid-cloudy,400,0.09123787541348073,0.49152195645377317,0.0,0.4172401681327461,0.8831665450315299,0.8275
0,906,ROI_8347,2,almost-clear,400,0.7707821106140551,0.14286651664923325,0.0,0.08635137273671169,0.94420417469583,0.94
0,907,ROI_8347,2,cloudy,400,0.04358482482312481,0.8243869677822766,0.0,0.1320282073945986,0.9315612543863045,0.9475
0,908,ROI_8347,2,low-cloudy,400,0.3749638144055334,0.4032406853455097,0.0,0.2217955002489569,0.9013918985248489,0.915
0,909,ROI_8347,1,cloud-free,400,1.0,0.0,0.0,0.0,0.9782362674307408,1.0
0,910,ROI_8676,2,almost-clear,400,0.5963192978257765,0.20470432027049457,0.0,0.19897638190372896,0.8446694212463018,0.8425
0,911,ROI_8676,2,cloudy,400,0.14329881388446084,0.595740328314311,0.0,0.2609608578012282,0.871584106521528,0.8675
0,912,ROI_8676,2,low-cloudy,400,0.5610060174231225,0.2726676213230611,0.0,0.16632636125381636,0.870567758410905,0.8975
0,913,ROI_8676,2,mid-cloudy,400,0.23300434999092948,0.48702143345131443,0.0,0.27997421655775606,0.8413557035261047,0.8275
0,914,ROI_8676,1,cloud-free,400,1.0,0.0,0.0,0.0,0.9070509242152076,0.98
0,915,ROI_8710,2,low-cloudy,400,0.48364797109784197,0.43751568042426886,0.0,0.07883634847788916,0.659874802465266,0.8225
0,916,ROI_8710,1,cloud-free,400,1.0,0.0,0.0,0.0,0.961672025721473,1.0
0,917,ROI_8710,3,almost-clear,400,0.4084977285096167,0.12490688240357263,0.3712661291256402,0.09532925996117045,0.8272924302768412,0.605
0,918,ROI_8710,3,mid-cloudy,400,0.061505861101354406,0.5724927725305985,0.24672206761591933,0.11927929875212771,0.8000291219628376,0.8075
0,919,ROI_8710,3,cloudy,400,0.031248914432166004,0.5756964038273744,0.29758646909653735,0.09546821264392218,0.7217065826974873,0.535
0,920,ROI_8711,2,mid-cloudy,400,0.21064840725487396,0.6181850463754579,0.0,0.17116654636966816,0.8529722950760065,0.8875
0,921,ROI_8711,2,cloudy,400,0.021645740135324474,0.6874297999467348,0.0,0.29092445991794075,0.8848179969616816,0.9275
0,922,ROI_8711,2,low-cloudy,400,0.28556320224176995,0.42511801328542037,0.0,0.2893187844728097,0.828801017490878,0.8825
0,923,ROI_8711,3,almost-clear,400,0.3034919581134857,0.3506779732979261,0.0,0.3458300685885881,0.7571980489872945,0.825
0,924,ROI_8711,1,cloud-free,400,1.0,0.0,0.0,0.0,0.46874338755320816,0.2175
0,925,ROI_8713,2,almost-clear,400,0.5971452943288006,0.2830041570010923,0.0,0.11985054867010703,0.8613271645024418,0.87
0,926,ROI_8713,3,mid-cloudy,400,0.0,0.561060054577526,0.2567729783349609,0.18216696708751318,0.7017384541260355,0.6125
0,927,ROI_8713,1,cloud-free,400,1.0,0.0,0.0,0.0,0.8348918608720425,0.935
0,928,ROI_8713,2,low-cloudy,400,0.27841485867354226,0.4138088088281271,0.0,0.30777633249833064,0.8039980382624153,0.8375
0,929,ROI_8713,2,cloudy,400,0.02679084919388145,0.8597041079816737,0.0,0.11350504282444486,0.9252175859240146,0.91
0,930,ROI_8945,4,cloud-free,400,1.0,0.0,0.0,0.0,0.9673545856940503,0.9975
0,931,ROI_8945,3,low-cloudy,400,0.13428618848931415,0.5199840976374184,0.12181904500908983,0.22391066886417763,0.7986577687504591,0.765
0,932,ROI_8945,4,cloudy,400,0.17028651271224057,0.16675093889555775,0.46918917249817627,0.1937733758940254,0.6899587303262322,0.5275
0,933,ROI_8945,1,almost-clear,400,0.8051690397983642,0.10907785596010514,0.0,0.08575310424153064,0.9532373910652552,0.955
0,934,ROI_8945,2,mid-cloudy,400,0.15705126968013863,0.6584813243734585,0.0,0.18446740594640287,0.9232429694765042,0.925
0,935,ROI_9177,1,cloud-free,400,1.0,0.0,0.0,0.0,0.9697489905027016,0.9975
0,936,ROI_9177,3,almost-clear,400,0.7189489001509181,0.05229638607230943,0.2035425214508204,0.025212192325952114,0.8107049110476247,0.7525
0,937,ROI_9177,3,mid-cloudy,400,0.263265156456861,0.558898568401388,0.0,0.17783627514175104,0.8607745077392699,0.905
0,938,ROI_9177,3,cloudy,400,0.09266214041168593,0.5352611731466221,0.1727297640506251,0.19934692239106688,0.7700696481746783,0.7375
0,939,ROI_9177,2,low-cloudy,400,0.6253256703501994,0.2559469818319367,0.0,0.11872734781786391,0.9072839177251594,0.935
0,940,ROI_9184,1,cloud-free,400,1.0,0.0,0.0,0.0,0.7286450161951689,0.8925
0,941,ROI_9184,2,mid-cloudy,400,0.27544667497809566,0.5283328379927513,0.0,0.19622048702915304,0.8165054427581981,0.875
0,942,ROI_9184,2,almost-clear,400,0.6916562773804331,0.21142808619698086,0.0,0.096915636422586,0.8179790226110506,0.945
0,943,ROI_9184,2,low-cloudy,400,0.5720064381409675,0.23946178994214165,0.0,0.18853177191689086,0.8839504678968996,0.9275
0,944,ROI_9184,3,cloudy,400,0.0,0.27711796696785945,0.7228820330321405,0.0,0.5690001080159665,0.675
0,945,ROI_9251,4,almost-clear,400,0.8107117079214609,0.04301357490514549,0.0,0.14627471717339366,0.746407531983109,0.865
0,946,ROI_9251,4,cloudy,400,0.09698897256070495,0.1621770797549801,0.6056908843180319,0.13514306336628312,0.7421743475158791,0.72
0,947,ROI_9251,1,cloud-free,400,1.0,0.0,0.0,0.0,0.7707328632712762,0.985
0,948,ROI_9251,4,low-cloudy,400,0.47172119916165217,0.23199694304097945,0.0,0.2962818577973684,0.5947592686402614,0.5375
0,949,ROI_9251,4,mid-cloudy,400,0.32067191341703943,0.6756574198802691,0.0036706667026914362,0.0,0.6543123061124387,0.6375
0,950,ROI_9277,4,almost-clear,400,0.9280418093183213,0.019175470219738228,0.0,0.05278272046194048,0.8686501437623402,0.95
0,951,ROI_9277,3,mid-cloudy,400,0.17279538059525784,0.6671542876552121,0.0,0.16005033174953007,0.8536703974684029,0.7575
0,952,ROI_9277,1,cloud-free,400,1.0,0.0,0.0,0.0,0.8395345470185025,0.97
0,953,ROI_9277,3,cloudy,400,0.10074455479174467,0.7885719138030192,0.1008950868647257,0.009788444540510496,0.6689201436539615,0.4125
0,954,ROI_9277,2,low-cloudy,400,0.5633720728266449,0.21385589834839297,0.0,0.22277202882496208,0.8704458292383203,0.9475
0,955,ROI_9659,1,cloud-free,400,1.0,0.0,0.0,0.0,0.5938492780348773,0.58
0,956,ROI_9659,3,mid-cloudy,400,0.4979600974212698,0.00940632466294325,0.49263357791578694,0.0,0.6581559448615841,0.685
0,957,ROI_9659,3,low-cloudy,400,0.3683172444139092,0.4673943670126331,0.10311446999201022,0.0611739185814475,0.7858383877910923,0.8825
0,958,ROI_9659,3,cloudy,400,0.43539279221556193,0.5373223046074393,0.0,0.0272849031769987,0.7288008602327875,0.6825
0,959,ROI_9659,3,almost-clear,400,0.941230734789506,0.014725124574939883,0.036911236254298846,0.007132904381255283,0.9445922354652423,0.94
0,960,ROI_9761,1,cloud-free,400,1.0,0.0,0.0,0.0,0.5845715234354685,0.5975
0,961,ROI_9761,3,cloudy,400,0.0,0.7419146907723839,0.22209270459817587,0.03599260462944021,0.665300153886228,0.225
0,962,ROI_9761,2,low-cloudy,400,0.5457559604911205,0.2747326125806215,0.0,0.17951142692825794,0.9325391147347132,0.91
0,963,ROI_9761,3,almost-clear,400,0.9131815918573728,0.023938459400727956,0.0,0.06287994874189926,0.9115353254783911,0.9475
0,964,ROI_9761,4,mid-cloudy,400,0.5413519324072394,0.0,0.1563333474859214,0.3023147201068392,0.660948653449108,0.5475
0,965,ROI_9770,3,cloudy,400,0.0,0.8283818574113887,0.0,0.17161814258861127,0.839376570259128,0.7775
0,966,ROI_9770,1,cloud-free,400,1.0,0.0,0.0,0.0,0.9546186694808173,1.0
0,967,ROI_9770,3,low-cloudy,400,0.3907889810522578,0.3358949517718397,0.0,0.2733160671759025,0.8603271706628636,0.9175
0,968,ROI_9770,4,almost-clear,400,0.9981588769535397,0.0009070522346293244,0.0,0.000934070811831049,0.6660763501134709,0.8925
0,969,ROI_9770,2,mid-cloudy,400,0.12545883333783642,0.5698526715583158,0.0,0.3046884951038478,0.8936601683114742,0.93
0,970,ROI_9795,1,cloud-free,400,1.0,0.0,0.0,0.0,0.936856194532385,0.99
0,971,ROI_9795,3,almost-clear,400,0.554648932187231,0.22570933414646385,0.0,0.21964173366630513,0.7892543904883006,0.805
0,972,ROI_9795,4,cloudy,400,0.0,0.0,1.0,0.0,0.6007717563939984,0.9725
0,973,ROI_9795,3,mid-cloudy,400,0.2564989327662005,0.5451576919959394,0.0,0.19834337523785997,0.8503388554618048,0.8725
0,974,ROI_9795,3,low-cloudy,400,0.7238855801853474,0.2299512507671346,0.0,0.04616316904751796,0.8088268961934402,0.8475
1,0,ROI_0001,4,low-cloudy,400,0.6829099779605606,0.0,0.3170900220394394,0.0,0.641811802488219,0.725
1,1,ROI_0001,3,almost-clear,400,0.03772179357035058,0.1532377904979524,3.859796743103508e-06,0.809036556134954,0.6955586260391093,0.6075
1,2,ROI_0001,2,mid-cloudy,400,0.28843103122189584,0.5362145429421686,0.0,0.17535442583593547,0.6760536341311159,0.78
1,3,ROI_0001,2,cloudy,400,0.41989956808874446,0.25080959236686595,0.22617250975563627,0.10311832978875332,0.7704091579078032,0.25
1,4,ROI_0001,1,cloud-free,400,1.0,0.0,0.0,0.0,0.9648924615729154,1.0
1,5,ROI_0010,1,almost-clear,400,0.6469096537376342,0.008514711615286339,0.34457563464707947,0.0,0.775876819257241,0.615
1,6,ROI_0010,4,low-cloudy,400,0.2674646153133576,0.2853856515915872,0.25485465935363844,0.19229507374141677,0.5920881053654841,0.545
1,7,ROI_0010,3,mid-cloudy,400,0.1825413673715942,0.5719022236289037,0.0,0.2455564089995021,0.7479988777177128,0.515
1,8,ROI_0010,1,cloud-free,400,1.0,0.0,0.0,0.0,0.9519282357725904,1.0
1,9,ROI_0010,2,cloudy,400,0.0,0.9381042994275921,0.0,0.061895700572407855,0.9214511476042105,0.955
1,10,ROI_0011,4,cloudy,400,0.39493440275435093,0.33634268819403973,0.0,0.26872290905160934,0.7294261443762505,0.4525
1,11,ROI_0011,1,cloud-free,400,1.0,0.0,0.0,0.0,0.991429275118807,1.0
1,12,ROI_0011,4,mid-cloudy,400,0.26783129600395245,0.3252650715413326,0.23725012640834334,0.1696535060463716,0.70467343621068,0.5875
1,13,ROI_0011,3,almost-clear,400,0.8190218503093627,0.026354692161910755,0.13093588491630032,0.02368757261242623,0.8418264997237079,0.8825
1,14,ROI_0011,3,low-cloudy,400,0.22659322760063455,0.2308119854408467,0.3108525905025841,0.23174219645593463,0.7461053932191917,0.3
1,15,ROI_0032,4,cloudy,400,0.5370212404614773,0.0,0.42444640865212035,0.03853235088640232,0.8838869065723691,0.5425
1,16,ROI_0032,2,low-cloudy,400,0.5165450187393131,0.2243159475222035,0.0,0.25913903373848335,0.860843879573452,0.6825
1,17,ROI_0032,2,mid-cloudy,400,0.5219525939764013,0.2853624928111286,0.0,0.19268491321247022,0.8782186265903562,0.8175
1,18,ROI_0032,2,almost-clear,400,0.615803551784963,0.21824062744855857,0.0,0.16595582076647844,0.9107308004103116,0.73
1,19,ROI_0032,1,cloud-free,400,1.0,0.0,0.0,0.0,0.9946452353235725,1.0
1,20,ROI_0044,3,low-cloudy,400,0.13310123088918138,0.37591718420107995,0.0,0.49098158490973864,0.7989472946247811,0.3225
1,21,ROI_0044,2,mid-cloudy,400,0.03838181881342129,0.6658149381853552,0.0,0.29580324300122357,0.8375760173449807,0.785
1,22,ROI_0044,2,cloudy,400,0.0,0.7849552842547312,0.0,0.21504471574526884,0.8214946962404562,0.8
1,23,ROI_0044,1,cloud-free,400,1.0,0.0,0.0,0.0,0.990776137939486,1.0
1,24,ROI_0044,2,almost-clear,400,0.7368544972421752,0.1054033294606706,0.0,0.15774217329715418,0.9136463996470741,0.8675
1,25,ROI_0064,2,mid-cloudy,400,0.389901227801344,0.41528711098073573,0.0,0.19481166121792026,0.7450551685408782,0.7575
1,26,ROI_0064,4,cloudy,400,0.13670242125049695,0.1610847572766818,0.6257541077886839,0.0764587136841374,0.5630538948698331,0.635
1,27,ROI_0064,2,almost-clear,400,0.6152477410539561,0.28785592150717343,0.09251546813544799,0.0043808693034224815,0.7538100021454543,0.7075
1,28,ROI_0064,1,cloud-free,400,1.0,0.0,0.0,0.0,0.6828864751057294,0.2275
1,29,ROI_0064,2,low-cloudy,400,0.45398157333034844,0.35420968731786584,0.0,0.19180873935178575,0.7784816490979746,0.7675
1,30,ROI_0065,1,cloud-free,400,1.0,0.0,0.0,0.0,0.7343310813426417,0.9475
1,31,ROI_0065,3,low-cloudy,400,0.6489206078407911,0.14895341611310747,0.06762363893917346,0.13450233710692794,0.7969316256674237,0.79
1,32,ROI_0065,2,almost-clear,400,0.8697820372779169,0.08212489530301334,0.0,0.04809306741906971,0.7657075113891912,0.765
1,33,ROI_0065,2,cloudy,400,0.11309204457293279,0.6698252670014397,0.0,0.2170826884256275,0.8086174714732328,0.745
1,34,ROI_0065,2,mid-cloudy,400,0.3934097830408251,0.3679775823005161,0.0,0.23861263465865887,0.7672946864392638,0.6775
1,35,ROI_0069,3,low-cloudy,400,0.5190809051995322,0.21921715602456374,0.2617019387759041,0.0,0.8084158926102896,0.7275
1,36,ROI_0069,2,cloudy,400,0.22142109996487586,0.7785789000351242,0.0,0.0,0.9731624437740999,0.985
1,37,ROI_0069,1,almost-clear,400,0.9287172737483644,0.04247706315785411,0.0,0.02880566309378148,0.897696720488898,0.95
1,38,ROI_0069,1,cloud-free,400,1.0,0.0,0.0,0.0,0.9201946240091963,0.99
1,39,ROI_0069,3,mid-cloudy,400,0.4080731508678753,0.5919268491321247,0.0,0.0,0.8727913264951749,0.925
1,40,ROI_0079,1,cloud-free,400,0.9715687371902996,0.02843126280970044,0.0,0.0,0.665077599543346,0.7375
1,41,ROI_0079,2,mid-cloudy,400,0.04933592197034904,0.7204233425067836,0.017203114084012337,0.21303762143885502,0.9185407978694182,0.9
1,42,ROI_0079,2,almost-clear,400,0.6724923865509242,0.21811325415603613,0.0,0.10939435929303963,0.7399609831170776,0.7325
1,43,ROI_0079,2,low-cloudy,400,0.2757245803435991,0.43289164392603086,0.02983622882419012,0.26154754690617993,0.8466853459696567,0.81
1,44,ROI_0079,2,cloudy,400,0.044935753683211045,0.8180144433594126,0.0,0.13704980295737626,0.9164446571132774,0.845
1,45,ROI_0085,2,mid-cloudy,400,0.2841041990728768,0.5702077728586813,0.0,0.14568802806844192,0.8828057519823439,0.805
1,46,ROI_0085,2,low-cloudy,400,0.47150119074729524,0.337211142461238,0.0,0.19128766679146675,0.8637443436678773,0.9
1,47,ROI_0085,2,cloudy,400,0.22778204499751042,0.6005650742431904,0.0,0.17165288075929921,0.8256802582394799,0.805
1,48,ROI_0085,1,cloud-free,400,1.0,0.0,0.0,0.0,0.9191267203985366,0.985
1,49,ROI_0085,2,almost-clear,400,0.7597006341646049,0.14582312095445055,0.0,0.09447624488094457,0.9115219253340469,0.945
1,50,ROI_0106,1,cloud-free,400,1.0,0.0,0.0,0.0,0.867871757505468,0.99
1,51,ROI_0106,2,mid-cloudy,400,0.2840617413087027,0.5782438696778228,0.0,0.13769438901347456,0.8792508761210927,0.8725
1,52,ROI_0106,2,almost-clear,400,0.7592335987586893,0.15807797561380418,0.0,0.08268842562750646,0.93827798466839,0.8
1,53,ROI_0106,2,low-cloudy,400,0.6770816848784743,0.3222081125207947,0.0,0.0007102026007310455,0.9296275581701036,0.95
1,54,ROI_0106,2,cloudy,400,0.20845218290804807,0.791547817091952,0.0,0.0,0.9756725781807742,0.9875
1,55,ROI_0120,1,cloud-free,400,1.0,0.0,0.0,0.0,0.9788327723030176,1.0
1,56,ROI_0120,3,low-cloudy,400,0.6579525322196533,0.05951420598191299,0.19402426268232714,0.08850899911610655,0.7305288427591056,0.6975
1,57,ROI_0120,3,cloudy,400,0.05428804119175084,0.7942110768446934,0.08410883082896854,0.06739205113458725,0.831234692043974,0.7875
1,58,ROI_0120,4,mid-cloudy,400,0.39745485002759756,0.057070954643528474,0.4928342873464283,0.052639907982445645,0.6805225366524249,0.4725
1,59,ROI_0120,3,almost-clear,400,0.9342792408551766,0.0,0.06572075914482343,0.0,0.7491674075112437,0.8725
1,60,ROI_0141,1,cloud-free,400,1.0,0.0,0.0,0.0,0.9957880461828624,1.0
1,61,ROI_0141,3,low-cloudy,400,0.7597315125385498,0.0,0.20631771530911183,0.03395077215233846,0.8150366063413503,0.795
1,62,ROI_0141,3,mid-cloudy,400,0.20290179519146523,0.6431965292707686,0.0,0.15390167553776618,0.7445340467203454,0.7725
1,63,ROI_0141,3,cloudy,400,0.05231568505602495,0.042129681450974794,0.7560454066488859,0.14950922684411438,0.7738768570838382,0.7175
1,64,ROI_0141,3,almost-clear,400,0.6139006719906129,0.0,0.386099328009387,0.0,0.6672544587138358,0.7175
1,65,ROI_0153,3,low-cloudy,400,0.5931079469355144,0.08182383115705127,0.32506822190743434,0.0,0.8251966441842127,0.845
1,66,ROI_0153,4,mid-cloudy,400,0.45128357540691905,0.044001682871379996,0.5047147417217009,0.0,0.715003153749218,0.5425
1,67,ROI_0153,2,almost-clear,400,0.859414623225941,0.14058537677405908,0.0,0.0,0.9457202050806114,0.9525
1,68,ROI_0153,1,cloud-free,400,1.0,0.0,0.0,0.0,0.971927260994777,1.0
1,69,ROI_0153,3,cloudy,400,0.1317117040616641,0.42095329259961173,0.44733500333872417,0.0,0.6479164408013396,0.63
1,70,ROI_0154,2,low-cloudy,400,0.6064705632601387,0.19602749719199786,0.0,0.1975019395478634,0.9253872359056828,0.8675
1,71,ROI_0154,4,mid-cloudy,400,0.03584979214994538,0.41009954415800465,0.3987324427495648,0.15531822094248518,0.6038731361814387,0.4675
1,72,ROI_0154,2,almost-clear,400,0.8812379140114481,0.076258004253496,0.0,0.042504081735055835,0.9663589236888123,0.94
1,73,ROI_0154,3,cloudy,400,0.33843469802880183,0.16355116739552494,0.29424774491375283,0.2037663896619204,0.8176573583611182,0.4175
1,74,ROI_0154,1,cloud-free,400,1.0,0.0,0.0,0.0,0.964977747263394,0.9975
1,75,ROI_0159,3,low-cloudy,400,0.7051269680138644,0.21064840725487396,0.0,0.08422462473126165,0.7831603501340755,0.7625
1,76,ROI_0159,3,cloudy,400,0.09134980951903073,0.8350940439476457,0.0,0.07355614653332355,0.7475065806084537,0.7125
1,77,ROI_0159,1,cloud-free,400,1.0,0.0,0.0,0.0,0.9463517296376556,0.9875
1,78,ROI_0159,3,almost-clear,400,0.33647778108004833,0.024467251554533137,0.6390549673654186,0.0,0.7049731499465299,0.8025
1,79,ROI_0159,3,mid-cloudy,400,0.15345007931882307,0.589174814054292,0.0,0.257375106626885,0.6647409690052707,0.6
1,80,ROI_0165,2,low-cloudy,400,0.41042376708442535,0.3351114130329897,0.0,0.25446481988258496,0.7260952595846818,0.7325
1,81,ROI_0165,2,mid-cloudy,400,0.24274261717377962,0.560280375635419,0.0,0.19697700719080133,0.8499150264971631,0.7625
1,82,ROI_0165,1,cloud-free,400,1.0,0.0,0.0,0.0,0.946370764450741,1.0
1,83,ROI_0165,2,almost-clear,400,0.7004604737514523,0.18217854647774248,0.0,0.11736097977080527,0.9100966025774139,0.91
1,84,ROI_0165,3,cloudy,400,0.21490190326577402,0.3680895164060661,0.2918971286972028,0.1251114516309571,0.6606306117182078,0.665
1,85,ROI_0197,2,cloudy,400,0.024606204237284865,0.8937706740363053,0.0,0.08162312172640988,0.9050198496681817,0.8325
1,86,ROI_0197,2,low-cloudy,400,0.473357752980728,0.2996476005573547,0.043970804497435165,0.18302384196448215,0.8010677823889177,0.7375
1,87,ROI_0197,2,mid-cloudy,400,0.3860337114647543,0.491367564584049,0.0,0.12259872395119673,0.8201307295117306,0.835
1,88,ROI_0197,1,cloud-free,400,1.0,0.0,0.0,0.0,0.8928099701638907,0.96
1,89,ROI_0197,2,almost-clear,400,0.8545667185166029,0.10138142125435674,0.0,0.04405186022904034,0.9204507036167969,0.915
1,90,ROI_0201,2,mid-cloudy,400,0.3322744624268086,0.5052473936722492,0.0,0.16247814390094217,0.8782161939906474,0.915
1,91,ROI_0201,1,cloud-free,400,1.0,0.0,0.0,0.0,0.9614179992901313,1.0
1,92,ROI_0201,2,almost-clear,400,0.7949521578193692,0.09431027362099112,0.0,0.11073756855963965,0.8362774380647512,0.8925
1,93,ROI_0201,4,cloudy,400,0.0,0.39448280653540785,0.4969565502680629,0.10856064319652928,0.6261771693810948,0.5725
1,94,ROI_0201,2,low-cloudy,400,0.47383250798012977,0.30386635839756676,0.0,0.22230113362230344,0.8837778547031943,0.8325
1,95,ROI_0212,5,low-cloudy,400,0.36421428047599014,0.20545698063539974,0.3388554158738001,0.09147332301481004,0.9037136759776097,0.325
1,96,ROI_0212,1,cloud-free,400,1.0,0.0,0.0,0.0,0.9201160232196298,0.9925
1,97,ROI_0212,2,almost-clear,400,0.733488754482189,0.14461500457385915,0.0,0.12189624094395189,0.8287861995376248,0.8375
1,98,ROI_0212,2,cloudy,400,0.013119449129808823,0.8569057553429237,0.0,0.12997479552726754,0.7669900687193705,0.905
1,99,ROI_0212,2,mid-cloudy,400,0.1542490572446455,0.42365129052304107,0.0,0.42209965223231344,0.6792081375095188,0.7475
1,100,ROI_0235,2,low-cloudy,400,0.20977223339418946,0.6005843732269058,0.0,0.18964339337890468,0.9041729349060594,0.9
1,101,ROI_0235,3,cloudy,400,0.0,0.19871391572519792,0.6359555505807064,0.16533053369409567,0.7380612165596774,0.2275
1,102,ROI_0235,1,cloud-free,400,1.0,0.0,0.0,0.0,0.9713778193410243,0.99
1,103,ROI_0235,2,mid-cloudy,400,0.010027751938582914,0.8128693343008557,0.09094453086100486,0.0861583828995565,0.8978181493667549,0.8925
1,104,ROI_0235,2,almost-clear,400,0.7845114076292743,0.1435882986401936,0.04636387847815934,0.02553641525237281,0.8859135711463011,0.9025
1,105,ROI_0243,2,low-cloudy,400,0.857141202944253,0.0874668539954686,0.0,0.05539194306027845,0.9547915065616267,0.9225
1,106,ROI_0243,3,cloudy,400,0.20512889791223593,0.48479819052728684,0.15146228399612477,0.15861062756435246,0.8271378153964121,0.5125
1,107,ROI_0243,2,mid-cloudy,400,0.2977408609662615,0.5019704262373543,0.014640209046591607,0.18564850374979253,0.863694539692199,0.795
1,108,ROI_0243,1,cloud-free,400,1.0,0.0,0.0,0.0,0.9797027018104498,1.0
1,109,ROI_0243,3,almost-clear,400,0.6624955129862862,0.057831334601919866,0.2756126462380491,0.00406050617374489,0.9813434607174656,0.6725
1,110,ROI_0245,4,cloudy,400,0.15742181016747658,0.07847738738078053,0.7641008024517429,0.0,0.6682138615408131,0.5725
1,111,ROI_0245,1,cloud-free,400,1.0,0.0,0.0,0.0,0.8468445906294655,0.9775
1,112,ROI_0245,2,almost-clear,400,0.813591116291816,0.11106951107954655,0.0,0.07533937262863738,0.8923585725211011,0.895
1,113,ROI_0245,2,low-cloudy,400,0.6205626811692097,0.258641119958623,0.0,0.12079619887216739,0.6814007133670945,0.37
1,114,ROI_0245,2,mid-cloudy,400,0.28389962984549233,0.5292669088045824,0.0,0.18683346134992532,0.8558269309888654,0.7875
1,115,ROI_0264,1,cloud-free,400,1.0,0.0,0.0,0.0,0.9881705905640775,1.0
1,116,ROI_0264,2,low-cloudy,400,0.10553070275319301,0.6489090284505618,0.0,0.24556026879624518,0.8581655142639125,0.7575
1,117,ROI_0264,4,cloudy,400,0.21691671716567407,0.09388569597924973,0.6424091307351755,0.04678845611990073,0.5720295835710033,0.6875
1,118,ROI_0264,2,mid-cloudy,400,0.07213188153511836,0.7983179005793555,0.0,0.12955021788552615,0.9050422920230342,0.8975
1,119,ROI_0264,2,almost-clear,400,0.4769164855778695,0.16175636190998183,0.0,0.3613271525121487,0.8321283064027515,0.875
1,120,ROI_0268,3,almost-clear,400,0.8937745338330484,0.034919581134857436,0.07130588503209422,0.0,0.9682592345517588,0.9025
1,121,ROI_0268,2,low-cloudy,400,0.2332513769824881,0.4633917577900348,0.0,0.3033568652274771,0.842312468820448,0.51
1,122,ROI_0268,3,cloudy,400,0.0,0.43563209961363436,0.532532296849248,0.031835603537117736,0.7655793373249352,0.45
1,123,ROI_0268,3,mid-cloudy,400,0.5613341001462863,0.11777011822557425,0.24683014192472624,0.07406563970341322,0.9214218228939578,0.565
1,124,ROI_0268,2,cloud-free,400,1.0,0.0,0.0,0.0,0.9910905261865269,1.0
1,125,ROI_0271,1,cloud-free,400,1.0,0.0,0.0,0.0,0.8227628204773546,1.0
1,126,ROI_0271,2,cloudy,400,0.0,0.43319270807199295,0.4845588831292144,0.08224840879879265,0.6748457718203988,0.4775
1,127,ROI_0271,2,mid-cloudy,400,0.10753779705960684,0.383563441549168,0.3652873039705729,0.14361145742065223,0.6994248470935582,0.5175
1,128,ROI_0271,2,low-cloudy,400,0.6100138566703077,0.26500592478800067,0.0,0.1249802185416916,0.8156232081840737,0.855
1,129,ROI_0271,3,almost-clear,400,0.8979238153318846,0.06707168800490966,0.0,0.035004496663205716,0.7663734561346218,0.9325
1,130,ROI_0285,1,cloud-free,400,1.0,0.0,0.0,0.0,0.984777974177424,1.0
1,131,ROI_0285,2,almost-clear,400,0.9394938262551094,0.041531412955793746,0.0,0.018974760789096847,0.5200705549577825,0.415
1,132,ROI_0285,2,low-cloudy,400,0.7656563005392136,0.13251454178422964,0.0,0.10182915767655676,0.8029031618534834,0.8275
1,133,ROI_0285,2,mid-cloudy,400,0.12600306467861402,0.6581069240893774,0.00046317560917242097,0.2154268356228361,0.8376822740280206,0.8775
1,134,ROI_0285,2,cloudy,400,0.0,0.9317858121591317,0.0,0.0682141878408683,0.9783413076171208,0.915
1,135,ROI_0309,2,almost-clear,400,0.6941265472960194,0.1898904203704633,0.0008645944704551859,0.11511843786306213,0.9258252148711182,0.82
1,136,ROI_0309,2,mid-cloudy,400,0.22953439271887943,0.6561461473438809,0.0,0.1143194599372397,0.8201641619755263,0.835
1,137,ROI_0309,3,cloudy,400,0.23451353051748294,0.29996024409354605,0.34858210366642095,0.11694412172255009,0.627025035858311,0.385
1,138,ROI_0309,1,cloud-free,400,1.0,0.0,0.0,0.0,0.9163030401315534,0.9925
1,139,ROI_0309,2,low-cloudy,400,0.5241063605590529,0.3223547847970326,0.0,0.15353885464391445,0.9220587456299981,0.9125
1,140,ROI_0331,1,cloud-free,400,1.0,0.0,0.0,0.0,0.9678963287052399,1.0
1,141,ROI_0331,2,low-cloudy,400,0.6094850645165025,0.29225608979431145,0.0,0.09825884568918601,0.8907091803228299,0.8825
1,142,ROI_0331,2,mid-cloudy,400,0.28333223972425614,0.5446752174030516,0.0,0.17199254287269233,0.8467277042652565,0.845
1,143,ROI_0331,3,cloudy,400,0.15316445435983342,0.5967284362805455,0.15647615996541622,0.0936309493942049,0.6865574668984574,0.7675
1,144,ROI_0331,2,almost-clear,400,0.9353908623171904,0.03989485913671786,0.0,0.02471427854609176,0.9508704601538543,0.9625
1,145,ROI_0342,2,cloudy,400,0.007044129056163902,0.8910958348933345,0.0,0.10186003605050158,0.7242521591582457,0.63
1,146,ROI_0342,2,mid-cloudy,400,0.1586415059382973,0.5187451028828822,0.0,0.32261339117882054,0.8421063301570929,0.69
1,147,ROI_0342,4,low-cloudy,400,0.17138269498728198,0.2974397968202994,0.31768443073787733,0.21349307745454124,0.6878651192098323,0.575
1,148,ROI_0342,1,cloud-free,400,1.0,0.0,0.0,0.0,0.9891106463390235,1.0
1,149,ROI_0342,1,almost-clear,400,0.9875405761132618,0.004504382799201794,0.0,0.00795504108753633,0.9850685910516199,0.9875
1,150,ROI_0343,4,low-cloudy,400,0.16169846495883528,0.2688927401083059,0.19162732890485987,0.37778146602799895,0.6183227126068666,0.44
1,151,ROI_0343,4,mid-cloudy,400,0.15708214805408346,0.2604822430050833,0.18540919635172012,0.39702641258911303,0.651573550959893,0.405
1,152,ROI_0343,1,cloud-free,400,1.0,0.0,0.0,0.0,0.9574398961531747,1.0
1,153,ROI_0343,2,almost-clear,400,0.6956936247737194,0.012374508358389847,0.0,0.29193186686789074,0.8290744997443834,0.8025
1,154,ROI_0343,2,cloudy,400,0.0,0.8078245799576195,0.0,0.19217542004238056,0.8727179924451213,0.81
1,155,ROI_0362,2,mid-cloudy,400,0.9741123432440048,0.019850934649781344,0.0,0.006036722106213887,0.7917026118397223,0.5275
1,156,ROI_0362,3,cloudy,400,0.0649256410157441,0.7486500360890995,0.0,0.18642432289515634,0.8457646897331156,0.845
1,157,ROI_0362,4,almost-clear,400,0.0,0.03447570450940053,0.9655242954905995,0.0,0.6683915468858109,0.0475
1,158,ROI_0362,1,cloud-free,400,1.0,0.0,0.0,0.0,0.8047591245147184,0.87
1,159,ROI_0362,3,low-cloudy,400,0.6584774645767154,0.27944542440395087,0.0,0.06207711101933372,0.8010091488566431,0.8675
1,160,ROI_0374,3,almost-clear,400,0.6288612441668822,0.16067175902516972,0.0,0.2104669968079481,0.590225756852764,0.2675
1,161,ROI_0374,4,low-cloudy,400,0.43369448164859636,0.5663055183514036,0.0,0.0,0.7770839743177435,0.51
1,162,ROI_0374,3,mid-cloudy,400,0.32130106028616534,0.4609832446223382,0.0,0.2177156950914965,0.7770154484180108,0.5675
1,163,ROI_0374,1,cloud-free,400,1.0,0.0,0.0,0.0,0.6734491882824741,0.9275
1,164,ROI_0374,2,cloudy,400,0.014177033437419186,0.801919090940671,0.0,0.18390387562190974,0.829620606984531,0.7575
1,165,ROI_0391,1,cloud-free,400,1.0,0.0,0.0,0.0,0.8977052652206485,0.965
1,166,ROI_0391,5,almost-clear,400,0.7048953802092782,0.007982059664738054,0.2764811005052474,0.010641459620736373,0.8608388536396865,0.685
1,167,ROI_0391,4,mid-cloudy,400,0.45995653868867264,0.2425959448975417,0.0,0.29744751641378564,0.754966645168888,0.565
1,168,ROI_0391,5,low-cloudy,400,0.020534118673310665,0.8066859399184039,0.0,0.17277994140828545,0.9182437484816505,0.785
1,169,ROI_0391,2,cloudy,400,0.06376770199281306,0.7249624634766734,0.0,0.21126983453051362,0.8827913991521913,0.7775
1,170,ROI_0400,1,cloud-free,400,1.0,0.0,0.0,0.0,0.9690970759369985,1.0
1,171,ROI_0400,3,low-cloudy,400,0.6371173494003806,0.2640718539761696,0.0,0.09881079662344981,0.9157319326822173,0.6625
1,172,ROI_0400,3,cloudy,400,0.15697407374527658,0.6334196641204874,0.0,0.209606262134236,0.8104236190773824,0.285
1,173,ROI_0400,2,almost-clear,400,0.5804825517888228,0.26824429425546453,0.0,0.1512731539557127,0.9009888747427103,0.7975
1,174,ROI_0400,3,mid-cloudy,400,0.2171791833442051,0.3252264735739016,0.20811638059139806,0.24947796249049525,0.7656720532324198,0.605
1,175,ROI_0405,4,low-cloudy,400,0.34006739205113456,0.4275921429977497,0.0,0.23234046495111568,0.8210681226463672,0.7975
1,176,ROI_0405,4,mid-cloudy,400,0.2645311697885989,0.451021109228388,0.0,0.284447720983013,0.7541989598334436,0.675
1,177,ROI_0405,4,almost-clear,400,0.7686206244379171,0.1818736225350373,0.0,0.049505753027045594,0.7799083551833244,0.6925
1,178,ROI_0405,1,cloud-free,400,1.0,0.0,0.0,0.0,0.9189451245691024,0.935
1,179,ROI_0405,4,cloudy,400,0.07675205823661325,0.8839243325446482,0.03926185247084889,6.175674788965613e-05,0.9392603849018941,0.895
1,180,ROI_0413,3,low-cloudy,400,0.10328816084544988,0.8323034109023819,0.04680003551013004,0.017608392742038206,0.9509530938980307,0.905
1,181,ROI_0413,3,mid-cloudy,400,0.16533825328758187,0.7671075841146205,0.05438453611032843,0.01316962648746917,0.9254139415977854,0.8575
1,182,ROI_0413,1,almost-clear,400,1.0,0.0,0.0,0.0,0.882033743874167,0.73
1,183,ROI_0413,4,cloudy,400,0.16119283158548872,0.31153191472937036,0.5076057294822854,0.019669524202855476,0.8731276101849956,0.4025
1,184,ROI_0413,1,cloud-free,400,1.0,0.0,0.0,0.0,0.8622782046569073,0.7275
1,185,ROI_0428,2,cloudy,400,0.0454452468533007,0.8817319679945654,0.0,0.07282278515213389,0.9338958732056014,0.915
1,186,ROI_0428,4,mid-cloudy,400,0.34788734025266227,0.46104500137022786,0.0,0.19106765837710987,0.7521654246842496,0.785
1,187,ROI_0428,3,low-cloudy,400,0.6296795210764201,0.23652062482389677,0.0,0.13379985409968312,0.8074410751661131,0.795
1,188,ROI_0428,1,cloud-free,400,1.0,0.0,0.0,0.0,0.7962270274608929,0.905
1,189,ROI_0428,2,almost-clear,400,0.5601954601070708,0.3352735244962,0.0,0.10453101539672921,0.8353471031098085,0.88
1,190,ROI_0489,1,cloud-free,400,1.0,0.0,0.0,0.0,0.9366581764322273,1.0
1,191,ROI_0489,2,cloudy,400,0.0,0.9113829265750866,0.0,0.08861707342491344,0.9797815702138769,0.945
1,192,ROI_0489,2,low-cloudy,400,0.8057132711391418,0.12549357150852436,0.0,0.06879315735233382,0.9220814815897456,0.9125
1,193,ROI_0489,2,almost-clear,400,0.8481015589719045,0.10570053380988957,0.0,0.04619790721820589,0.9017094847920696,0.9125
1,194,ROI_0489,2,mid-cloudy,400,0.6419806932966909,0.22660480699086386,0.041342282915381674,0.09007221679706347,0.9159910187301878,0.78
1,195,ROI_0502,3,mid-cloudy,400,0.4182244163022375,0.5812931091048745,0.0,0.0004824745928879385,0.728996162797624,0.4825
1,196,ROI_0502,1,cloud-free,400,1.0,0.0,0.0,0.0,0.9517791672155707,1.0
1,197,ROI_0502,4,almost-clear,400,0.1620574260559439,0.0,0.8379425739440561,0.0,0.7828664594250312,0.81
1,198,ROI_0502,3,low-cloudy,400,0.3515194089879227,0.40867913895654256,0.0,0.23980145205553474,0.8576600670272566,0.6475
1,199,ROI_0502,2,cloudy,400,0.0,0.88551842859955,0.0,0.11448157140045005,0.987141987634933,0.885
1,200,ROI_0503,3,low-cloudy,400,0.0,0.04578876876343692,0.8836811653498327,0.0705300658867304,0.6505361066380411,0.54
1,201,ROI_0503,1,almost-clear,400,1.0,0.0,0.0,0.0,0.6014469703642492,0.1675
1,202,ROI_0503,1,cloud-free,400,1.0,0.0,0.0,0.0,0.9452126086278112,0.995
1,203,ROI_0503,2,mid-cloudy,400,0.29584184096865457,0.5914520941327229,0.04135000250886788,0.07135606238975456,0.8684396708372867,0.835
1,204,ROI_0503,2,cloudy,400,0.0,0.974490603324829,0.0,0.025509396675171086,0.9975072109782412,0.9825
1,205,ROI_0535,1,cloud-free,400,1.0,0.0,0.0,0.0,0.8819577397091554,0.975
1,206,ROI_0535,3,mid-cloudy,400,0.0615097208980975,0.12985900162497443,0.8086312774769281,0.0,0.6070597314489763,0.4975
1,207,ROI_0535,4,almost-clear,400,0.34068495953003114,0.06845349523894072,0.5795523407737349,0.01130920445729328,0.8393569228535839,0.4125
1,208,ROI_0535,3,cloudy,400,0.06640394316835276,0.0376291584485161,0.8959668983831311,0.0,0.98477162806653,0.0375
1,209,ROI_0535,2,low-cloudy,400,0.6273520636403287,0.26368973409860236,0.0,0.10895820226106893,0.8256662727569496,0.8925
1,210,ROI_0539,3,low-cloudy,400,0.5280394934402755,0.1857179800911684,0.2862425264685562,0.0,0.8109475892003559,0.8875
1,211,ROI_0539,4,almost-clear,400,0.6684743381413535,0.0,0.3315256618586465,0.0,0.661141368452629,0.44
1,212,ROI_0539,2,cloudy,400,0.0,0.9744442857639116,0.0,0.025555714236088326,0.9735417423028805,0.96
1,213,ROI_0539,1,cloud-free,400,1.0,0.0,0.0,0.0,0.9490385665796666,1.0
1,214,ROI_0539,3,mid-cloudy,400,0.10482435994920508,0.5559998610473172,0.3391757790034777,0.0,0.6118191813739968,0.5725
1,215,ROI_0583,2,cloudy,400,0.0,0.9696774367861788,0.0,0.03032256321382116,0.9990077496119608,0.98
1,216,ROI_0583,2,almost-clear,400,0.7104110297551731,0.1521493278163972,0.0,0.1374396424284297,0.9285949968299287,0.92
1,217,ROI_0583,3,low-cloudy,400,0.6329835070885167,0.02429356070109348,0.3427229322103898,0.0,0.9416656941247803,0.62
1,218,ROI_0583,2,mid-cloudy,400,0.10960664811391033,0.7179376334042249,0.0,0.17245571848186475,0.8277370071503204,0.805
1,219,ROI_0583,1,cloud-free,400,1.0,0.0,0.0,0.0,0.9568243135958565,0.995
1,220,ROI_0591,4,almost-clear,400,0.2102662873773067,0.08486535099061683,0.7048683616320764,0.0,0.6422740315872574,0.245
1,221,ROI_0591,2,low-cloudy,400,0.7920881886359864,0.12537391780948814,0.0,0.08253789355452541,0.9639218681476008,0.8125
1,222,ROI_0591,1,cloud-free,400,1.0,0.0,0.0,0.0,0.9849741561704919,1.0
1,223,ROI_0591,4,mid-cloudy,400,0.10591282263076027,0.007136764177998386,0.8869504131912413,0.0,0.8317543865476362,0.905
1,224,ROI_0591,2,cloudy,400,0.0,0.601966180460937,0.0,0.3980338195390631,0.5301235284744847,0.3325
1,225,ROI_0593,2,mid-cloudy,400,0.16033981650526283,0.6564394918963568,0.0,0.18322069159838042,0.7969551115037737,0.8275
1,226,ROI_0593,2,almost-clear,400,0.5880168750313608,0.2600422261763696,0.0,0.1519408987922696,0.8741496946705325,0.8275
1,227,ROI_0593,1,cloud-free,400,1.0,0.0,0.0,0.0,0.9636942513185579,1.0
1,228,ROI_0593,3,cloudy,400,0.14882990261732817,0.6648963065604965,0.09311373663062904,0.09316005419154627,0.8998463414605734,0.8825
1,229,ROI_0593,2,low-cloudy,400,0.021630300948352058,0.41465024451812366,0.0,0.5637194545335242,0.8727723842722073,0.8
1,230,ROI_0628,1,cloud-free,400,1.0,0.0,0.0,0.0,0.9790394252162758,1.0
1,231,ROI_0628,2,cloudy,400,0.0,0.8639962019600048,0.0,0.1360037980399952,0.9016096599475347,0.8525
1,232,ROI_0628,3,almost-clear,400,0.7016763097255299,0.1512615745654834,0.07271857064007009,0.07434354506891667,0.8167384150432444,0.79
1,233,ROI_0628,2,low-cloudy,400,0.6109672264658543,0.15999243479838351,0.1514121066384644,0.07762823209729776,0.799343264471379,0.7625
1,234,ROI_0628,2,mid-cloudy,400,0.14705439611550056,0.767424087447555,0.0,0.08552151643694443,0.9516405940137308,0.9575
1,235,ROI_0634,1,cloud-free,400,1.0,0.0,0.0,0.0,0.9909895633421912,1.0
1,236,ROI_0634,3,low-cloudy,400,0.053211157900424966,0.0,0.946788842099575,0.0,0.859598117441561,0.0675
1,237,ROI_0634,3,mid-cloudy,400,0.053218877493911174,0.0789984599410995,0.8677826625649894,0.0,0.5750087166370094,0.71
1,238,ROI_0634,2,cloudy,400,0.0,0.5266654057997305,0.42087995646149273,0.05245463773877668,0.8319324894134829,0.5575
1,239,ROI_0634,3,almost-clear,400,0.5740521304148124,0.0,0.42594786958518766,0.0,0.7613881865891213,0.77
1,240,ROI_0679,3,mid-cloudy,400,0.02274192241036587,0.38141739456000245,0.5736854497242175,0.02215523330541414,0.6521100008325977,0.67
1,241,ROI_0679,3,cloudy,400,0.007488005681620806,0.4097367232641529,0.5592150717343225,0.023560199319903812,0.9596181392788565,0.3975
1,242,ROI_0679,1,cloud-free,400,1.0,0.0,0.0,0.0,0.5730454102350069,0.6175
1,243,ROI_0679,2,almost-clear,400,0.43946873757627924,0.0,0.5605312624237208,0.0,0.5668341796368432,0.4475
1,244,ROI_0679,3,low-cloudy,400,0.29027601406509934,0.0,0.7097239859349007,0.0,0.6647141822714603,0.795
1,245,ROI_0687,3,almost-clear,400,0.7202573712468301,1.543918697241403e-05,0.27972718956619746,0.0,0.6140179730206345,0.8725
1,246,ROI_0687,2,low-cloudy,400,0.4754111648480591,0.346906951879914,0.0,0.17768188327202689,0.7030627818086885,0.8
1,247,ROI_0687,2,cloudy,400,0.0,1.0,0.0,0.0,0.9969927600997371,1.0
1,248,ROI_0687,1,cloud-free,400,1.0,0.0,0.0,0.0,0.7717838585064477,0.94
1,249,ROI_0687,2,mid-cloudy,400,0.0,0.8861591548589052,0.08772546037725654,0.026115384763838335,0.9695269533866661,0.875
1,250,ROI_0702,4,mid-cloudy,400,0.39820365059575963,0.41134239870928396,0.09501275662823595,0.09544119406672044,0.7085906755797805,0.6
1,251,ROI_0702,2,low-cloudy,400,0.4827717972371575,0.37527645794172476,0.0,0.14195174482111772,0.9043593585973733,0.9025
1,252,ROI_0702,1,cloud-free,400,1.0,0.0,0.0,0.0,0.8542936257123398,0.96
1,253,ROI_0702,2,almost-clear,400,0.78010351974865,0.1438893627861557,0.0,0.07600711746519428,0.8716987686852083,0.8875
1,254,ROI_0702,2,cloudy,400,0.1912297698403202,0.5979211134741644,0.14125312161061598,0.06959599507489936,0.8875098076688522,0.5975
1,255,ROI_0709,1,cloud-free,400,1.0,0.0,0.0,0.0,0.9068540761862514,0.98
1,256,ROI_0709,3,low-cloudy,400,0.11988142704405186,0.1168321876170001,0.7149154125543749,0.04837097278457316,0.5080226083383973,0.395
1,257,ROI_0709,3,cloudy,400,0.04580806774715244,0.11372505123880176,0.7292159594875733,0.11125092152647241,0.488541817839406,0.3075
1,258,ROI_0709,2,almost-clear,400,0.5270282266935823,0.32297621207267224,0.0,0.14999556123374544,0.874488927535089,0.92
1,259,ROI_0709,2,mid-cloudy,400,0.461461859418483,0.47150891034078146,0.0,0.06702923024073552,0.8824909490239743,0.8975
1,260,ROI_0724,2,mid-cloudy,400,0.3084093391641996,0.5577908067361173,0.011911332749217426,0.12188852135046568,0.7673530249466936,0.6225
1,261,ROI_0724,2,low-cloudy,400,0.6355232533454789,0.2551248451256557,0.0,0.1093519015288655,0.75493232478492,0.755
1,262,ROI_0724,4,cloud-free,400,0.8844955824626275,0.0,0.11550441753737248,0.0,0.6068239828447141,0.65
1,263,ROI_0724,3,cloudy,400,0.006993951698503557,0.7174011216569336,0.05341186733106634,0.22219305931349656,0.799698087719128,0.82
1,264,ROI_0724,1,almost-clear,400,1.0,0.0,0.0,0.0,0.6162294008016164,0.0
1,265,ROI_0736,1,cloud-free,400,1.0,0.0,0.0,0.0,0.94765945472336,1.0
1,266,ROI_0736,2,cloudy,400,0.0,0.9800371312446686,0.0,0.019962868755331344,0.9967059275219274,0.9825
1,267,ROI_0736,3,mid-cloudy,400,0.16649233251376983,0.7632863853389481,0.014825479290260575,0.05539580285702155,0.9097260670213898,0.9075
1,268,ROI_0736,2,almost-clear,400,0.7957858739158796,0.11981967029616221,0.0,0.0843944557879582,0.9067133860149351,0.8175
1,269,ROI_0736,2,low-cloudy,400,0.6225929342560821,0.2877131090276786,0.0,0.08969395671623932,0.8642100716130581,0.7675
1,270,ROI_0747,4,low-cloudy,400,0.698326006152516,0.05826363183714746,0.1709619771422837,0.07244838486805284,0.48085430068762014,0.6175
1,271,ROI_0747,2,almost-clear,400,0.8954651248065277,0.06969634979022005,0.0,0.03483852540325227,0.8648880503885078,0.9525
1,272,ROI_0747,2,mid-cloudy,400,0.13528973564252106,0.5693856361524002,0.053137821762306,0.2421868064427727,0.7712062753513177,0.625
1,273,ROI_0747,1,cloud-free,400,1.0,0.0,0.0,0.0,0.9341856418398771,1.0
1,274,ROI_0747,3,cloudy,400,0.0,0.23400403734739328,0.6577441031955257,0.10825185945708099,0.6201799895358452,0.16
1,275,ROI_0754,2,mid-cloudy,400,0.39878262010722515,0.374763104974892,0.0,0.22645427491788284,0.8471338993328054,0.8975
1,276,ROI_0754,1,cloud-free,400,1.0,0.0,0.0,0.0,0.9048591067729458,0.985
1,277,ROI_0754,2,low-cloudy,400,0.6837977312114744,0.19705806292240652,0.0,0.1191442058661191,0.8338467530814073,0.915
1,278,ROI_0754,2,cloudy,400,0.08600013123308926,0.7901389912807192,0.0,0.12386087748619158,0.9028023620156127,0.9325
1,279,ROI_0754,2,almost-clear,400,0.8559446659538908,0.08422848452800476,0.0,0.05982684951810437,0.887691950995919,0.9325
1,280,ROI_0792,2,mid-cloudy,400,0.4889204534489214,0.26539190446231103,0.0,0.24568764208876762,0.8348744124471734,0.7975
1,281,ROI_0792,4,cloudy,400,0.0,0.0008607346737120824,0.8047830601240539,0.19435620520223404,0.6884400633620487,0.55
1,282,ROI_0792,1,cloud-free,400,1.0,0.0,0.0,0.0,0.9296831664894611,0.9975
1,283,ROI_0792,2,almost-clear,400,0.7889231553066416,0.10888100632620686,0.0,0.10219583836715158,0.7901727761376405,0.8675
1,284,ROI_0792,2,low-cloudy,400,0.5579529181993276,0.2483045842805918,0.0,0.1937424975200806,0.8743520879605882,0.8
1,285,ROI_0836,2,cloudy,400,0.37102296193082474,0.5005191426619474,0.0,0.12845789540722785,0.7835572953516291,0.7
1,286,ROI_0836,2,low-cloudy,400,0.9239388453804023,0.046224925795407615,0.0,0.02983622882419012,0.8590315627626656,0.9225
1,287,ROI_0836,3,almost-clear,400,0.8589012702591081,0.0,0.14109872974089185,0.0,0.8190274067992572,0.89
1,288,ROI_0836,2,mid-cloudy,400,0.2552792369953798,0.4625310231163227,0.06668570833059931,0.21550403155769818,0.7796099713948285,0.745
1,289,ROI_0836,1,cloud-free,400,1.0,0.0,0.0,0.0,0.8890413206129293,0.9775
1,290,ROI_0846,2,almost-clear,400,1.0,0.0,0.0,0.0,0.5938049436975912,0.5975
1,291,ROI_0846,2,low-cloudy,400,0.8951447616768501,0.055322466718902584,0.0,0.04953277160424732,0.6460728353795087,0.785
1,292,ROI_0846,2,mid-cloudy,400,0.6280120888833994,0.22990879300296047,0.0,0.14207911811364013,0.875862372243832,0.89
1,293,ROI_0846,2,cloudy,400,0.3990219275052976,0.5208100941404425,0.0,0.08016797835425986,0.8446979321963083,0.8775
1,294,ROI_0846,1,cloud-free,400,1.0,0.0,0.0,0.0,0.9156559250028073,0.98
1,295,ROI_0868,2,almost-clear,400,0.6836433393417503,0.24838178021545385,0.0,0.06797488044279588,0.718702027876994,0.855
1,296,ROI_0868,2,mid-cloudy,400,0.19075115504417536,0.5566830450708465,0.0,0.25256579988497807,0.7942933677042261,0.7025
1,297,ROI_0868,1,cloud-free,400,1.0,0.0,0.0,0.0,0.8542031510448238,1.0
1,298,ROI_0868,2,cloudy,400,0.0,0.90953408393514,0.0,0.09046591606486003,0.9076908761384197,0.9
1,299,ROI_0868,4,low-cloudy,400,0.5399315272057773,0.19368074077219094,0.0,0.2663877320220317,0.5131605992921648,0.4125
1,300,ROI_0870,1,cloud-free,400,1.0,0.0,0.0,0.0,0.9449949343079073,1.0
1,301,ROI_0870,2,low-cloudy,400,0.5272636742949116,0.3436068256645605,0.0,0.12912950004052787,0.8414866107290124,0.845
1,302,ROI_0870,2,cloudy,400,0.22835329491548975,0.640637484030091,0.0,0.13100922105441928,0.8677683108294029,0.8575
1,303,ROI_0870,2,almost-clear,400,0.7733913332123931,0.1346605887733952,0.0,0.09194807801421177,0.8693519562508684,0.9
1,304,ROI_0870,4,mid-cloudy,400,0.1144120950590742,0.2926768076393097,0.38831485133992844,0.20459624596168766,0.7130605569084342,0.3475
1,305,ROI_0873,2,low-cloudy,400,0.4841265858939868,0.3462623658238157,0.0,0.16961104828219745,0.8544716677235346,0.7725
1,306,ROI_0873,3,almost-clear,400,0.9030650645936985,0.06102338650846646,0.0,0.03591154889783504,0.8333383775238837,0.9725
1,307,ROI_0873,2,cloudy,400,0.04345359173385929,0.49294236165523525,0.4251218730821635,0.038482173528741975,0.5261473116910208,0.505
1,308,ROI_0873,1,cloud-free,400,1.0,0.0,0.0,0.0,0.7780125211119092,0.995
1,309,ROI_0873,3,mid-cloudy,400,0.09701599113790668,0.8451449546666873,0.0,0.05783905419540607,0.8573070690741936,0.8575
1,310,ROI_0877,2,cloudy,400,0.050794925139242164,0.9492050748607578,0.0,0.0,0.9273789458142399,0.9375
1,311,ROI_0877,1,cloud-free,400,1.0,0.0,0.0,0.0,0.7990877371651858,1.0
1,312,ROI_0877,2,mid-cloudy,400,0.00235447601329314,0.8857538762008793,0.0,0.1118916477858276,0.9001477828404287,0.9675
1,313,ROI_0877,4,almost-clear,400,0.140284312628097,0.18224802281911834,0.6774676645527846,0.0,0.6710662352133039,0.17
1,314,ROI_0877,4,low-cloudy,400,0.35474233926841414,0.3677730130731316,0.2774846476584543,0.0,0.42592026871549793,0.36
1,315,ROI_0902,2,almost-clear,400,0.9868573920897326,0.006974652714788039,0.0,0.006167955195479406,0.8468957496076037,0.8675
1,316,ROI_0902,4,cloudy,400,0.3375430849811449,0.0,0.6624569150188551,0.0,0.8120587876875287,0.3225
1,317,ROI_0902,4,low-cloudy,400,0.5490792454869327,0.0,0.45092075451306735,0.0,0.8432049916161225,0.51
1,318,ROI_0902,2,mid-cloudy,400,0.25752177890312294,0.6752598608157294,0.0,0.0672183602811476,0.8264252597868215,0.505
1,319,ROI_0902,1,cloud-free,400,1.0,0.0,0.0,0.0,0.8886082468133162,0.95
1,320,ROI_0906,2,mid-cloudy,400,0.11910946769543115,0.7031430324879092,0.0,0.17774749981665966,0.8271162197088872,0.7625
1,321,ROI_0906,2,cloudy,400,0.0,0.8186435902285386,0.0,0.18135640977146145,0.882381132491901,0.9325
1,322,ROI_0906,1,cloud-free,400,1.0,0.0,0.0,0.0,0.9198315760155681,1.0
1,323,ROI_0906,2,almost-clear,400,0.7842296424670276,0.12198887606578637,0.0,0.09378148146718594,0.7009348481222308,0.7825
1,324,ROI_0906,2,low-cloudy,400,0.3093704285532324,0.46340719697700716,0.0,0.22722237446976043,0.7365547876922476,0.6025
1,325,ROI_0908,2,low-cloudy,400,0.3421941400565846,0.4661708114450693,0.0,0.1916350484983461,0.7418384780866717,0.6325
1,326,ROI_0908,3,cloudy,400,0.15971066963613695,0.6151435265418923,0.004921240847456973,0.22022456297451376,0.7712970006088811,0.6725
1,327,ROI_0908,2,almost-clear,400,0.8624561430595065,0.07601869685542359,0.0,0.06152516008506992,0.9231429108087948,0.8825
1,328,ROI_0908,1,cloud-free,400,1.0,0.0,0.0,0.0,0.9028312856745893,1.0
1,329,ROI_0908,2,mid-cloudy,400,0.4898506644640093,0.37930994553826797,0.0,0.1308393899977227,0.7848694192441595,0.815
1,330,ROI_0913,3,low-cloudy,400,0.20347690490618764,0.4597017921036278,0.33682130299018453,0.0,0.5764013531623731,0.475
1,331,ROI_0913,4,almost-clear,400,0.04998822761993353,0.21226952188697742,0.7377422504930891,0.0,0.6832627755395417,0.0925
1,332,ROI_0913,2,cloudy,400,0.0,0.7801498373095673,0.0,0.21985016269043273,0.8124068654293599,0.78
1,333,ROI_0913,1,cloud-free,400,1.0,0.0,0.0,0.0,0.9134794821537633,1.0
1,334,ROI_0913,4,mid-cloudy,400,0.4853887394289817,0.5146112605710184,0.0,0.0,0.5929540759414675,0.13
1,335,ROI_0922,4,low-cloudy,400,0.645037652317229,0.16644215515610947,0.15023872842856095,0.03828146409810059,0.7487204512303743,0.8025
1,336,ROI_0922,1,cloud-free,400,1.0,0.0,0.0,0.0,0.9234733226646651,0.9975
1,337,ROI_0922,2,cloudy,400,0.0677818906056407,0.7941377407065744,0.0,0.1380803686877849,0.7570484982158848,0.5525
1,338,ROI_0922,2,mid-cloudy,400,0.35400897788722446,0.6046294402136784,0.0,0.041361581899097194,0.8329518126522545,0.67
1,339,ROI_0922,2,almost-clear,400,0.7130202523535111,0.16883908893357677,0.0,0.11814065871291218,0.9246215970979094,0.795
1,340,ROI_0930,1,cloud-free,400,1.0,0.0,0.0,0.0,0.9285201129659997,1.0
1,341,ROI_0930,2,mid-cloudy,400,0.17881280371775624,0.6785136694701657,0.0,0.14267352681207807,0.7702621886881542,0.67
1,342,ROI_0930,2,almost-clear,400,0.8831871113667155,0.08089747993870643,0.0,0.03591540869457814,0.7028720226538872,0.92
1,343,ROI_0930,2,low-cloudy,400,0.5259976609631737,0.30380074185293404,0.0,0.1702015971838923,0.8341116169213371,0.78
1,344,ROI_0930,2,cloudy,400,0.08901077269271,0.91098922730729,0.0,0.0,0.4527202974375746,0.0225
1,345,ROI_0936,3,mid-cloudy,400,0.20264704860642038,0.6731138138265639,0.0,0.12423913756701573,0.8499486981202072,0.3475
1,346,ROI_0936,4,almost-clear,400,0.10236180962710503,0.8976381903728949,0.0,0.0,0.7852647386301658,0.1275
1,347,ROI_0936,2,low-cloudy,400,0.8166596547025834,0.11204989945229485,0.0,0.0712904458451218,0.5665963595443884,0.905
1,348,ROI_0936,2,cloudy,400,0.0,0.854609176280777,0.0,0.14539082371922293,0.8196409736633875,0.76
1,349,ROI_0936,1,cloud-free,400,1.0,0.0,0.0,0.0,0.9824922929821238,1.0
1,350,ROI_0944,3,mid-cloudy,400,0.03596172625549539,0.5853883534493074,0.37864992029519723,0.0,0.6446558240869581,0.685
1,351,ROI_0944,2,low-cloudy,400,0.676251828578707,0.18992515854115122,0.0,0.13382301288014173,0.9107813228797164,0.775
1,352,ROI_0944,2,almost-clear,400,0.8317900579355492,0.09780338967349979,0.0,0.07040655239095109,0.9316059390269473,0.875
1,353,ROI_0944,3,cloudy,400,0.0,0.6936942500607918,0.2029828509230704,0.10332289901613781,0.7007212289581404,0.0175
1,354,ROI_0944,1,cloud-free,400,1.0,0.0,0.0,0.0,0.9247549239040547,1.0
1,355,ROI_0949,2,almost-clear,400,0.9263010409871816,0.04798885290700592,0.0,0.025710106105812466,0.8301398751684522,0.925
1,356,ROI_0949,4,mid-cloudy,400,0.2830813529359544,0.5309382007943462,0.0,0.18598044626969945,0.6650566618115024,0.6975
1,357,ROI_0949,2,low-cloudy,400,0.6349481436307564,0.21067156603533257,0.0,0.154380290333911,0.8920686913720083,0.66
1,358,ROI_0949,1,cloud-free,400,1.0,0.0,0.0,0.0,0.8756201339832667,1.0
1,359,ROI_0949,3,cloudy,400,0.21396011286045677,0.6802158398338743,0.0,0.10582404730566888,0.5451438257203496,0.695
1,360,ROI_0963,2,cloudy,400,0.03205947174821774,0.8414974467444545,0.0,0.12644308150732783,0.8450859800483357,0.8825
1,361,ROI_0963,2,low-cloudy,400,0.29812298084382877,0.3708955886383023,0.0,0.33098143051786894,0.5837657904836825,0.78
1,362,ROI_0963,3,mid-cloudy,400,0.1178395945669501,0.6944044526615228,0.0,0.18775595277152704,0.8867658013070916,0.8025
1,363,ROI_0963,4,almost-clear,400,0.7886722685183398,0.20393622071861695,0.0,0.0073915107630432185,0.891131392925015,0.7525
1,364,ROI_0963,1,cloud-free,400,1.0,0.0,0.0,0.0,0.9354723664769006,1.0
1,365,ROI_0986,3,low-cloudy,400,0.32420362743697917,0.5159853482115632,0.0,0.15981102435145766,0.7906145028181265,0.6375
1,366,ROI_0986,2,almost-clear,400,0.6466664865428187,0.19830477727042894,0.0,0.15502873618675242,0.7913554028909169,0.76
1,367,ROI_0986,1,cloud-free,400,1.0,0.0,0.0,0.0,0.9237457201087628,1.0
1,368,ROI_0986,2,cloudy,400,0.0,0.9372744431278249,0.0,0.06272555687217511,0.9511676919650621,0.955
1,369,ROI_0986,2,mid-cloudy,400,0.18212836912008212,0.6480560133703359,0.0,0.16981561750958193,0.7113480765620193,0.78
1,370,ROI_0994,1,cloud-free,400,1.0,0.0,0.0,0.0,0.9728698135493549,1.0
1,371,ROI_0994,2,cloudy,400,0.006530776089331136,0.8202840038443575,0.0,0.17318522006631132,0.9113471424946086,0.935
1,372,ROI_0994,2,low-cloudy,400,0.33746974884302594,0.44556335663363966,0.06704466942770794,0.14992222509562647,0.9005470349881233,0.875
1,373,ROI_0994,2,mid-cloudy,400,0.2005781975521169,0.6152207224767544,0.0,0.18420107997112872,0.8900417170258385,0.9325
1,374,ROI_0994,2,almost-clear,400,0.8526561191287667,0.09052767281274968,0.0,0.05681620805848364,0.6659220341339978,0.8825
1,375,ROI_0995,2,almost-clear,400,0.7240824298192458,0.14617436245807297,0.0,0.12974320772268133,0.9089262633239826,0.9425
1,376,ROI_0995,1,cloud-free,400,1.0,0.0,0.0,0.0,0.81306525969552,0.9325
1,377,ROI_0995,2,cloudy,400,0.03223316260165739,0.9304696214697334,0.0,0.0372972159286092,0.788517646690378,0.9125
1,378,ROI_0995,4,mid-cloudy,400,0.2110150879454688,0.5968017724186644,0.0,0.19218313963586678,0.8010311352603524,0.7875
1,379,ROI_0995,2,low-cloudy,400,0.11598303233351731,0.6057294822854629,0.0,0.27828748538101983,0.823369294894977,0.7575
1,380,ROI_0997,4,almost-clear,400,0.863332316920191,0.136667683079809,0.0,0.0,0.8828257214112802,0.87
1,381,ROI_0997,2,cloudy,400,0.003485396459022468,0.8184776189685851,0.0,0.17803698457239242,0.900697752283185,0.8775
1,382,ROI_0997,2,low-cloudy,400,0.2909013011374821,0.4323088146178222,0.0,0.2767898842446957,0.8571038940284045,0.625
1,383,ROI_0997,2,mid-cloudy,400,0.1801058356266959,0.6029234100532266,0.0,0.2169707543200775,0.889681732502331,0.8575
1,384,ROI_0997,1,cloud-free,400,1.0,0.0,0.0,0.0,0.96917537962995,0.9975
1,385,ROI_1000,5,low-cloudy,400,0.33531212246363107,0.19204804674985815,0.0,0.4726398307865108,0.7245633568045458,0.605
1,386,ROI_1000,3,almost-clear,400,0.5967168568903162,0.24328684851455723,0.0,0.15999629459512663,0.8360303678143335,0.7025
1,387,ROI_1000,1,cloud-free,400,1.0,0.0,0.0,0.0,0.9135566169773561,0.9625
1,388,ROI_1000,2,cloudy,400,0.0,0.9021387133753537,0.0,0.09786128662464634,0.9424615939886811,0.915
1,389,ROI_1000,2,mid-cloudy,400,0.22303449500349312,0.5432856905755343,0.0,0.2336798144209726,0.8367060570377487,0.81
1,390,ROI_10279,4,cloud-free,400,0.9088200215376658,0.005311080318510427,0.07959672843628054,0.0062721697075432,0.8055663727405492,0.9175
1,391,ROI_10279,2,mid-cloudy,400,0.25000289484755733,0.531455413557922,0.0,0.21854169159452064,0.8810656479214513,0.9375
1,392,ROI_10279,3,almost-clear,400,0.774136273983812,0.0,0.22586372601618798,0.0,0.9118292655083222,0.775
1,393,ROI_10279,3,low-cloudy,400,0.3120684264766617,0.1470968538796747,0.5408347196436636,0.0,0.773924364128176,0.52
1,394,ROI_10279,3,cloudy,400,0.06586357162431826,0.28013246822422333,0.6239824610835993,0.030021499067859087,0.6253298228429325,0.4625
1,395,ROI_1048,2,almost-clear,400,0.9209552224979832,0.0545698063539974,0.0,0.024474971148019345,0.9350633691793483,0.9825
1,396,ROI_1048,2,mid-cloudy,400,0.4987436361601198,0.31888868732172565,0.0,0.18236767651815455,0.9058626089060717,0.8075
1,397,ROI_1048,1,cloud-free,400,1.0,0.0,0.0,0.0,0.9566952426684016,0.99
1,398,ROI_1048,3,cloudy,400,0.17151778787329058,0.5399855643601807,0.0,0.2884966477665286,0.7205520667983394,0.6325
1,399,ROI_1048,2,low-cloudy,400,0.7744218989428017,0.13571431328426245,0.0,0.08986378777293588,0.9326066576096781,0.91
1,400,ROI_10560,1,cloud-free,400,1.0,0.0,0.0,0.0,0.9369009533262046,1.0
1,401,ROI_10560,3,mid-cloudy,400,0.3036038922190357,0.36722492193561085,0.2518440178940177,0.07732716795133568,0.7493802882688497,0.61
1,402,ROI_10560,4,cloudy,400,0.23378402893303638,0.06572461894156653,0.700491352125397,0.0,0.6443921523259796,0.4975
1,403,ROI_10560,4,low-cloudy,400,0.5823854315831728,0.0,0.41761456841682715,0.0,0.6466435779891161,0.3575
1,404,ROI_10560,2,almost-clear,400,0.942014273528356,0.028481440167360785,0.002863969183382803,0.026640317120900415,0.9721580712664897,0.98
1,405,ROI_1057,3,almost-clear,400,0.8164164875077679,0.05616776220564225,0.0,0.1274157502865899,0.8315180456520588,0.8325
1,406,ROI_1057,2,cloudy,400,0.19019148451642537,0.7368043198845149,0.0,0.07300419559905975,0.9397951762825691,0.96
1,407,ROI_1057,4,mid-cloudy,400,0.7275678262782682,0.0,0.27243217372173184,0.0,0.9185142047024131,0.73
1,408,ROI_1057,1,cloud-free,400,1.0,0.0,0.0,0.0,0.6449673056026317,0.8275
1,409,ROI_1057,2,low-cloudy,400,0.46731717107777104,0.31109189790065656,0.0,0.2215909310215724,0.9205476573675142,0.8875
1,410,ROI_1071,1,cloud-free,400,1.0,0.0,0.0,0.0,0.8092209482173094,1.0
1,411,ROI_1071,3,almost-clear,400,0.8556667605883874,0.13858986185787456,0.00574337755373802,0.0,0.851581279488788,0.88
1,412,ROI_1071,2,mid-cloudy,400,0.6154484504845975,0.2553795917107005,0.0,0.129171957804702,0.9237086536673281,0.9125
1,413,ROI_1071,2,low-cloudy,400,0.6711375978940949,0.21515664985081887,0.0,0.11370575225508625,0.8154810925785219,0.955
1,414,ROI_1071,3,cloudy,400,0.3215982646353843,0.22513808422848453,0.3944287693810044,0.05883488175512677,0.5576705569108737,0.5525
1,415,ROI_1077,2,cloudy,400,0.0806388735569185,0.7201608763282525,0.0,0.19920025011482895,0.911408919205639,0.9375
1,416,ROI_1077,3,almost-clear,400,0.79908214033449,0.05939069248613368,0.0728420841358494,0.06868508304352693,0.9521690071473624,0.875
1,417,ROI_1077,2,low-cloudy,400,0.7852988061648674,0.12599148528838472,0.0,0.08870970854674792,0.9181398425110194,0.9475
1,418,ROI_1077,4,mid-cloudy,400,0.6036683508246455,0.0,0.3963316491753544,0.0,0.7110501510892843,0.7725
1,419,ROI_1077,1,cloud-free,400,1.0,0.0,0.0,0.0,0.9778148134063345,1.0
1,420,ROI_10783,1,cloud-free,400,1.0,0.0,0.0,0.0,0.7323972834689845,0.805
1,421,ROI_10783,3,mid-cloudy,400,0.300705184864965,0.5118283471192407,0.05199532192634736,0.13547114608944694,0.9142649817612574,0.8725
1,422,ROI_10783,3,low-cloudy,400,0.6520933607636222,0.10967612445528618,0.2332552367792312,0.004975278001860422,0.9428168938872417,0.7725
1,423,ROI_10783,2,cloudy,400,0.35881442483238835,0.5570999031191017,0.008510851818543235,0.07557482022996669,0.795223552083245,0.78
1,424,ROI_10783,2,almost-clear,400,0.9320173999637179,0.03266931963362809,0.006905176373412176,0.02840810402924182,0.9587176901248387,0.975
1,425,ROI_1079,2,almost-clear,400,0.8688016489051686,0.09486608435199802,0.0,0.036332266742833325,0.764926319824028,0.935
1,426,ROI_1079,5,mid-cloudy,400,0.3869330441058974,0.4060776359516908,0.05419540606991636,0.15279391387249547,0.6574905440992521,0.64
1,427,ROI_1079,1,cloud-free,400,1.0,0.0,0.0,0.0,0.924348403947498,0.9975
1,428,ROI_1079,3,low-cloudy,400,0.337770812988988,0.5773136586627349,0.0,0.08491552834827717,0.8237663368895056,0.7075
1,429,ROI_1079,4,cloudy,400,0.2896816053666614,0.0,0.7103183946333386,0.0,0.6532672256503453,0.6225
1,430,ROI_1086,3,cloudy,400,0.10411029755173093,0.8726228476808411,0.0,0.023266854767427948,0.8811236138044848,0.9075
1,431,ROI_1086,3,low-cloudy,400,0.33670550908789143,0.5255229059637719,0.0,0.13777158494833663,0.8697827935356943,0.8775
1,432,ROI_1086,4,almost-clear,400,0.6512171869029377,0.0,0.3487828130970623,0.0,0.7500049119790533,0.605
1,433,ROI_1086,2,mid-cloudy,400,0.292016782396239,0.5140477302465252,0.0,0.19393548735723576,0.8851409828980914,0.875
1,434,ROI_1086,1,cloud-free,400,1.0,0.0,0.0,0.0,0.9510369944524232,0.98
1,435,ROI_1096,1,cloud-free,400,1.0,0.0,0.0,0.0,0.9059861595049798,0.9875
1,436,ROI_1096,2,almost-clear,400,0.9601282996437408,0.03790320401727645,0.0,0.001968496338982789,0.9563812023804249,0.97
1,437,ROI_1096,2,cloudy,400,0.0,0.9034742030484675,0.0,0.09652579695153253,0.9743540428607648,0.9475
1,438,ROI_1096,2,low-cloudy,400,0.5867392823093935,0.3330194031982276,0.0,0.08024131449237883,0.9192300765034441,0.91
1,439,ROI_1096,2,mid-cloudy,400,0.152813212856211,0.5803628980897866,0.0,0.2668238890540024,0.8851762173049744,0.865
1,440,ROI_10961,1,cloud-free,400,1.0,0.0,0.0,0.0,0.8404357513363006,0.92
1,441,ROI_10961,3,cloudy,400,0.08006376384219607,0.8707740050408945,0.04273180974289894,0.0064304213740104445,0.8770564947475479,0.7675
1,442,ROI_10961,2,almost-clear,400,0.8843836483570775,0.02580274122764695,0.0005982684951810437,0.08921534192009449,0.9546397585059962,0.96
1,443,ROI_10961,2,low-cloudy,400,0.30032306498739775,0.4983730956727819,0.012324331000729502,0.18897950833909086,0.851414017000002,0.88
1,444,ROI_10961,3,mid-cloudy,400,0.2598646755261868,0.26111910946769545,0.38438943805219217,0.0946267769539256,0.7887191302987098,0.635
1,445,ROI_11023,2,low-cloudy,400,0.6203117943809079,0.22875085398002942,0.02327843415765726,0.12765891748140543,0.8220884543300105,0.8875
1,446,ROI_11023,1,cloud-free,400,1.0,0.0,0.0,0.0,0.9889718554208404,0.9975
1,447,ROI_11023,2,almost-clear,400,0.8720631771530911,0.060641266630899214,0.006789382471119071,0.0605061737448906,0.964214338393632,0.965
1,448,ROI_11023,4,cloudy,400,0.15846395528811452,0.5692621226566209,0.24498515908152277,0.027288762973741804,0.8686318727883123,0.6975
1,449,ROI_11023,3,mid-cloudy,400,0.4358019306703309,0.27051771453715245,0.1911178357347702,0.10256251905774642,0.6606369651279256,0.6
1,450,ROI_11037,1,cloud-free,400,1.0,0.0,0.0,0.0,0.9000403507219474,1.0
1,451,ROI_11037,4,cloudy,400,0.1853821777745184,0.3324713120607069,0.36455394258938323,0.11759256757539148,0.6443252209034833,0.53
1,452,ROI_11037,2,almost-clear,400,0.8269035552587801,0.1029870966994878,0.0,0.07010934804173212,0.9270660039268851,0.96
1,453,ROI_11037,4,mid-cloudy,400,0.29230240735522867,0.05217673237327322,0.6022093476557524,0.053311512615745654,0.8193506584167389,0.355
1,454,ROI_11037,2,low-cloudy,400,0.5873259714143453,0.27719902269946467,0.0,0.13547500588619002,0.8349844474453709,0.8575
1,455,ROI_11121,4,mid-cloudy,400,0.3705289079477075,0.41248875834198573,0.1765857009969855,0.040396632713321314,0.7796348769276268,0.6325
1,456,ROI_11121,4,cloudy,400,0.13921514893025733,0.6651163149748535,0.19566853609488924,0.0,0.8648912889961639,0.74
1,457,ROI_11121,4,low-cloudy,400,0.607373755698025,0.09456502020603595,0.21008487693038086,0.08797634716555826,0.7301065045958862,0.6275
1,458,ROI_11121,1,cloud-free,400,1.0,0.0,0.0,0.0,0.8235646860555191,0.99
1,459,ROI_11121,2,almost-clear,400,0.9061760607686399,0.0700939088547597,0.0,0.023730030376600368,0.8658690388506676,0.96
1,460,ROI_11144,1,cloud-free,400,1.0,0.0,0.0,0.0,0.9462835873315928,1.0
1,461,ROI_11144,1,almost-clear,400,0.995862297891393,0.0027057175169155592,0.0,0.0014319845916914015,0.939641417890333,0.995
1,462,ROI_11144,3,low-cloudy,400,0.5364963081044152,0.06615691617679413,0.3973467757187906,0.0,0.7099956500138405,0.79
1,463,ROI_11144,3,cloudy,400,0.13344089300257447,0.48787830832828344,0.24232189932878134,0.13635889934036075,0.7090224428866506,0.615
1,464,ROI_11144,3,mid-cloudy,400,0.1872773379753822,0.3059545084355858,0.29625869901690977,0.21050945457212222,0.7689877728154094,0.63
1,465,ROI_11216,1,cloud-free,400,1.0,0.0,0.0,0.0,0.97582110591988,1.0
1,466,ROI_11216,2,almost-clear,400,0.9074613730840934,0.019997606926019276,0.0,0.07254101998988734,0.9405296785400303,0.965
1,467,ROI_11216,3,low-cloudy,400,0.7297756300153234,0.04848290689012317,0.14899201408053853,0.07274944901401492,0.7258565912739797,0.765
1,468,ROI_11216,4,mid-cloudy,400,0.46805439225570383,0.07661696535060464,0.4091963517201184,0.04613229067357313,0.6336252522376762,0.7975
1,469,ROI_11216,3,cloudy,400,0.038211987756724734,0.6096664749634284,0.2708998344147197,0.08122170286512712,0.6350037545837852,0.5025
1,470,ROI_11264,1,cloud-free,400,1.0,0.0,0.0,0.0,0.9268741677540036,0.9925
1,471,ROI_11264,3,low-cloudy,400,0.2728567513634732,0.45195132024347595,0.06060266866346818,0.21458925972958265,0.827072190233407,0.7125
1,472,ROI_11264,2,mid-cloudy,400,0.25787302040674537,0.41437619894936334,0.0,0.3277507806438913,0.855227102348365,0.83
1,473,ROI_11264,5,cloudy,400,0.1335528271081245,0.36667683079809016,0.49977034209378535,0.0,0.805757246862014,0.425
1,474,ROI_11264,4,almost-clear,400,0.6150470316233148,0.04719373477792659,0.3377592335987587,0.0,0.8478174179513135,0.6275
1,475,ROI_1129,2,almost-clear,400,0.4378862209116068,0.44170355989053617,0.12041021919785704,0.0,0.6551175139170285,0.5625
1,476,ROI_1129,2,cloudy,400,0.0,0.9400226184089145,0.00654621527630355,0.05343116631478186,0.922874257828566,0.935
1,477,ROI_1129,3,low-cloudy,400,0.44792941203716213,0.17706045599638723,0.02819581520837113,0.3468143167580795,0.7520221843219157,0.665
1,478,ROI_1129,1,cloud-free,400,1.0,0.0,0.0,0.0,0.9879663994868398,1.0
1,479,ROI_1129,2,mid-cloudy,400,0.0,0.8889189095302241,0.0140843983155847,0.09699669215419116,0.7939188638086105,0.7725
1,480,ROI_1140,2,mid-cloudy,400,0.44224393143457064,0.5577560685654294,0.0,0.0,0.6455828323878223,0.6725
1,481,ROI_1140,1,cloud-free,400,1.0,0.0,0.0,0.0,0.9864363484129254,1.0
1,482,ROI_1140,2,cloudy,400,0.02954288427171425,0.8498963644574477,0.0,0.12056075127083808,0.8629386599348572,0.8675
1,483,ROI_1140,3,low-cloudy,400,0.48675510747604034,0.05117318522006631,0.40789946001443567,0.054172247289457735,0.554740540431318,0.24
1,484,ROI_1140,4,almost-clear,400,0.22010490927547754,0.025721685496041778,0.4504459995136656,0.30372740571481505,0.6384960562703683,0.5
1,485,ROI_1144,1,cloud-free,400,1.0,0.0,0.0,0.0,0.9828857104791002,1.0
1,486,ROI_1144,4,low-cloudy,400,0.0,0.4260443645037652,0.34486897919955534,0.22908665629667943,0.5329291150607034,0.17
1,487,ROI_1144,3,almost-clear,400,0.37589788521736445,0.0,0.5416838749271463,0.08241823985548921,0.8146250536197982,0.4
1,488,ROI_1144,2,mid-cloudy,400,0.23221695145533636,0.606331610577387,0.015859904817412316,0.14559153314986434,0.814676079747125,0.825
1,489,ROI_1144,4,cloudy,400,0.028446701996672857,0.8145058881199316,0.12448616455857435,0.03256124532482119,0.4380000699085268,0.0725
1,490,ROI_11511,5,cloudy,400,0.2948846113763649,0.0,0.7051153886236351,0.0,0.6957297559254161,0.0
1,491,ROI_11511,2,almost-clear,400,0.559010502506938,0.21635704663792404,0.0,0.22463245085513797,0.8534995433947384,0.8325
1,492,ROI_11511,1,cloud-free,400,1.0,0.0,0.0,0.0,0.9227715315321298,0.9875
1,493,ROI_11511,3,low-cloudy,400,1.0,0.0,0.0,0.0,0.7964755098510169,0.8625
1,494,ROI_11511,3,mid-cloudy,400,0.18200099582755971,0.6378352715945979,0.0,0.18016373257784246,0.8160680668131752,0.79
1,495,ROI_11640,1,cloud-free,400,1.0,0.0,0.0,0.0,0.8039143397284311,0.8375
1,496,ROI_11640,4,low-cloudy,400,0.761047703227948,0.07840405124266156,0.16054824552939043,0.0,0.8636729803401986,0.72
1,497,ROI_11640,2,almost-clear,400,0.9233598758689368,0.04779200327310764,0.0,0.02884812085795562,0.8510525679456612,0.86
1,498,ROI_11640,3,mid-cloudy,400,0.40223327839555967,0.4764378707817246,0.07960058823302366,0.041728262589692026,0.8026775838078716,0.7825
1,499,ROI_11640,4,cloudy,400,0.0,0.5569918288102949,0.31504432976559454,0.1279638414241106,0.6907063251046938,0.4575
1,500,ROI_11670,1,cloud-free,400,1.0,0.0,0.0,0.0,0.9758608448853177,1.0
1,501,ROI_11670,2,low-cloudy,400,0.5076867852138907,0.2683909665317024,0.0,0.22392224825440693,0.8347795335383882,0.745
1,502,ROI_11670,3,cloudy,400,0.24376160351395895,0.5862645273099919,0.1699738691760492,0.0,0.7339199373032551,0.675
1,503,ROI_11670,5,mid-cloudy,400,0.2563715594736781,0.41382810781184265,0.0,0.3298003327144793,0.8132063783296754,0.705
1,504,ROI_11670,2,almost-clear,400,0.8195506424631679,0.12626167106040195,0.0,0.05418768647643015,0.7232666522802859,0.885
1,505,ROI_1174,3,mid-cloudy,400,0.21805535720488958,0.42001922178778067,0.2204831693563017,0.14144225165102806,0.8295631125157088,0.6375
1,506,ROI_1174,2,low-cloudy,400,0.6466587669493324,0.2297351021495208,0.0,0.12360613090114675,0.9232348842795168,0.8675
1,507,ROI_1174,1,cloud-free,400,1.0,0.0,0.0,0.0,0.9361342539513899,0.9975
1,508,ROI_1174,4,almost-clear,400,0.16419575345162324,0.0,0.8358042465483768,0.0,0.9009012473850794,0.1875
1,509,ROI_1174,4,cloudy,400,0.0,0.6803547925166261,0.19637873869562028,0.12326646878775363,0.5463490991200891,0.355
1,510,ROI_11764,2,cloud-free,400,1.0,0.0,0.0,0.0,0.9568412256826933,0.9875
1,511,ROI_11764,3,almost-clear,400,0.8155210146633678,0.1317001246714348,0.05277886066519737,0.0,0.9573245499996758,0.885
1,512,ROI_11764,2,mid-cloudy,400,0.125779196467514,0.11850733940350701,0.703880253665842,0.05183321046313701,0.7371582052148926,0.2325
1,513,ROI_11764,3,low-cloudy,400,0.23723854701811403,0.5776996383370452,0.003060818817281082,0.18200099582755971,0.8187392265970403,0.8675
1,514,ROI_11764,1,cloudy,400,0.3104627510315307,0.05216129318630081,0.6347049764359409,0.0026709793462276277,0.7062190595454697,0.9175
1,515,ROI_1190,4,mid-cloudy,400,0.0810827501823754,0.1788822800591321,0.721075648156368,0.01895932160212443,0.6647284839858351,0.77
1,516,ROI_1190,4,low-cloudy,400,0.3369023587217897,0.09839393857519463,0.49146791929936967,0.07323578340364596,0.6357086285299601,0.655
1,517,ROI_1190,1,cloud-free,400,1.0,0.0,0.0,0.0,0.9571587062925392,0.9825
1,518,ROI_1190,2,cloudy,400,0.0,0.8386720755285026,0.08376530891883234,0.077562615552665,0.9216645575675231,0.85
1,519,ROI_1190,2,almost-clear,400,0.7334115585473269,0.19317896719558747,0.0,0.07340947425708562,0.9253380806132918,0.9375
1,520,ROI_11924,1,cloud-free,400,1.0,0.0,0.0,0.0,0.946530279375972,0.995
1,521,ROI_11924,2,almost-clear,400,0.9629034935020322,0.010382853238948437,0.0,0.02671365325901938,0.9265574321157346,0.9775
1,522,ROI_11924,2,mid-cloudy,400,0.32569736877656025,0.5294907770156824,0.0,0.1448118542077574,0.8303306724177592,0.87
1,523,ROI_11924,2,low-cloudy,400,0.51072058545397,0.291754316217708,0.01415001486021746,0.18337508346810458,0.8647894150189768,0.8425
1,524,ROI_11924,4,cloudy,400,0.39647832145159234,0.034406228168024675,0.49305815555752835,0.07605729482285463,0.7830550584579994,0.5175
1,525,ROI_1200,2,almost-clear,400,0.7747731404464241,0.1746172046580027,0.0,0.050609654895573196,0.844261664178766,0.8625
1,526,ROI_1200,4,cloud-free,400,1.0,0.0,0.0,0.0,0.9886464417169566,1.0
1,527,ROI_1200,3,cloudy,400,0.019372319853636508,0.9191526974189539,0.0,0.061474982727409574,0.9537100316642626,0.965
1,528,ROI_1200,3,low-cloudy,400,0.33937648843411905,0.3596790193028435,0.19842829076620824,0.10251620149682918,0.6691419787055308,0.45
1,529,ROI_1200,3,mid-cloudy,400,0.2286389198744794,0.6829022583670744,0.0,0.0884588217584462,0.8514596126253311,0.9575
1,530,ROI_12023,2,low-cloudy,400,0.3488407100482089,0.44369521500997755,0.0,0.20746407494181357,0.7958793488566789,0.75
1,531,ROI_12023,2,almost-clear,400,0.4080692910711322,0.35871407011706763,0.0,0.23321663881180016,0.9001297421000143,0.7925
1,532,ROI_12023,1,cloud-free,400,1.0,0.0,0.0,0.0,0.9856514148152554,1.0
1,533,ROI_12023,3,mid-cloudy,400,0.09338778219938938,0.5675290739189675,0.0,0.3390831438816432,0.789014170323882,0.685
1,534,ROI_12023,4,cloudy,400,0.0,0.9467965616930613,0.0,0.05320343830693876,0.9133040546121827,0.92
1,535,ROI_1218,2,mid-cloudy,400,0.06785522674375967,0.735800772731308,0.0,0.19634400052493237,0.9351317533100755,0.9375
1,536,ROI_1218,2,almost-clear,400,0.7302542448114683,0.20803918465653598,0.0,0.06170657053199578,0.871653724319915,0.9025
1,537,ROI_1218,1,cloud-free,400,1.0,0.0,0.0,0.0,0.9571861236422456,0.9975
1,538,ROI_1218,2,low-cloudy,400,0.30738263323053405,0.6421505243533876,0.0,0.05046684241607837,0.8752079254366764,0.89
1,539,ROI_1218,2,cloudy,400,0.022923332857291735,0.9196428916053281,0.0,0.0574337755373802,0.9385515678880377,0.9425
1,540,ROI_1232,4,almost-clear,400,0.7936166681462554,0.07290770068048216,0.0892307811070669,0.04424485006619552,0.6206583403801037,0.6325
1,541,ROI_1232,3,cloudy,400,0.0,0.27299956384296803,0.5680269876988278,0.1589734484582042,0.6221481150836197,0.385
1,542,ROI_1232,2,mid-cloudy,400,0.42516433084633765,0.37174088412504197,0.0,0.20309478502862038,0.866459980289621,0.8575
1,543,ROI_1232,3,low-cloudy,400,0.5856778382050402,0.1816420347304511,0.0,0.23268012706450877,0.7811361228714004,0.625
1,544,ROI_1232,1,cloud-free,400,1.0,0.0,0.0,0.0,0.5875993543239015,0.335
1,545,ROI_1237,2,low-cloudy,400,0.05220375095047495,0.8434003265388045,0.0,0.10439592251072058,0.7852984646389202,0.835
1,546,ROI_1237,1,cloud-free,400,1.0,0.0,0.0,0.0,0.9423138928494097,0.9875
1,547,ROI_1237,2,mid-cloudy,400,0.011289905473577761,0.9332370957345386,0.0,0.05547299879188362,0.8243925035520396,0.69
1,548,ROI_1237,2,cloudy,400,0.01846140782226408,0.9035166608126416,0.0,0.07802193136509432,0.919100935247372,0.9525
1,549,ROI_1237,2,almost-clear,400,0.7604725935132256,0.05090299944804907,0.0,0.18862440703872535,0.9124719748781653,0.92
1,550,ROI_1245,4,mid-cloudy,400,0.6461685727629582,0.043550086652436884,0.27590213099378186,0.03437920959082295,0.7354755179404648,0.7
1,551,ROI_1245,2,low-cloudy,400,0.39768643783218377,0.5081306618393475,0.06433123231730617,0.02985166801116253,0.9409178502153055,0.8875
1,552,ROI_1245,1,cloud-free,400,1.0,0.0,0.0,0.0,0.987222837292646,1.0
1,553,ROI_1245,2,cloudy,400,0.004523681782917312,0.8303812321243164,0.0,0.16509508609276635,0.9067103073475873,0.9625
1,554,ROI_1245,1,almost-clear,400,0.813178118040304,0.04661476526646107,0.0,0.14020711669323493,0.9614637644067576,0.96
1,555,ROI_1256,1,cloud-free,400,1.0,0.0,0.0,0.0,0.9348641683374099,0.9925
1,556,ROI_1256,3,cloudy,400,0.0,0.291569045974039,0.5845662167430263,0.12386473728293468,0.610361164102187,0.71
1,557,ROI_1256,2,almost-clear,400,0.8763359721477068,0.07053778548021661,0.0,0.053126242372076686,0.8560055849706848,0.93
1,558,ROI_1256,3,mid-cloudy,400,0.12360999069788985,0.7087976347165559,0.0,0.16759237458555432,0.7763287039316655,0.7825
1,559,ROI_1256,2,low-cloudy,400,0.5998548716424593,0.2511222359030573,0.0,0.14902289245448336,0.8693032443975554,0.9025
1,560,ROI_1261,2,cloudy,400,0.058942956063933676,0.7726232336605154,0.10527209637140508,0.06316171390414581,0.9084979307534508,0.84
1,561,ROI_1261,2,mid-cloudy,400,0.3971653652718648,0.4325828601865826,0.0,0.17025177454155263,0.8562732778711616,0.9025
1,562,ROI_1261,3,almost-clear,400,0.9308864795179885,0.03350303573013845,0.00802065763216909,0.027589827119703876,0.9073653361827945,0.9575
1,563,ROI_1261,2,low-cloudy,400,0.43450503896464815,0.4210304885344738,0.0,0.1444644725008781,0.602678338430153,0.46
1,564,ROI_1261,1,cloud-free,400,1.0,0.0,0.0,0.0,0.9062202964628812,0.98
1,565,ROI_1276,2,almost-clear,400,0.6798723179237381,0.2241229576850483,0.0,0.09600472439121356,0.8842643144533905,0.8975
1,566,ROI_1276,1,cloud-free,400,1.0,0.0,0.0,0.0,0.9474446185018476,0.9925
1,567,ROI_1276,2,low-cloudy,400,0.7791655891400758,0.16982333710306816,0.0,0.051011073756855964,0.8111308665365222,0.7225
1,568,ROI_1276,2,mid-cloudy,400,0.11135127624179311,0.6878389384015038,0.11284501758137416,0.08796476777532895,0.757048298977654,0.6825
1,569,ROI_1276,2,cloudy,400,0.0,0.9649762043530787,0.0,0.035023795646921235,0.996045968007123,0.965
1,570,ROI_1280,1,cloud-free,400,1.0,0.0,0.0,0.0,0.9749393989648558,1.0
1,571,ROI_1280,2,almost-clear,400,0.8470208158838356,0.08019499693146159,0.0,0.07278418718470285,0.8616966173302281,0.915
1,572,ROI_1280,2,cloudy,400,0.0,0.9240855176566402,0.0,0.0759144823433598,0.7553370099341723,0.7675
1,573,ROI_1280,2,low-cloudy,400,0.42685878161656005,0.39280379495215784,0.0,0.18033742343128212,0.9273728826525002,0.8225
1,574,ROI_1280,2,mid-cloudy,400,0.11678201025933975,0.6618432073367017,0.0,0.2213747824039586,0.8730859278380113,0.8325
1,575,ROI_1298,3,mid-cloudy,400,0.0,0.4111494088721288,0.2379989269765054,0.3508516641513658,0.6207163119180696,0.39
1,576,ROI_1298,3,cloudy,400,0.0,0.014921974208838163,0.8987382324446794,0.08633979334648237,0.7691555470394589,0.9
1,577,ROI_1298,2,almost-clear,400,0.950031071363782,0.028381085452040097,0.0,0.021587843184177922,0.9440568588382743,0.985
1,578,ROI_1298,1,cloud-free,400,1.0,0.0,0.0,0.0,0.9641647080184669,1.0
1,579,ROI_1298,2,low-cloudy,400,0.8068866493490453,0.11515317603375007,0.0,0.07796017461720466,0.9042109140866517,0.945
1,580,ROI_1321,2,low-cloudy,400,0.5631057468513708,0.26775795986583345,0.0,0.16913629328279572,0.8887546225412593,0.8125
1,581,ROI_1321,2,almost-clear,400,0.7169997027956507,0.14838602599187126,0.0753702510025822,0.05924402020989575,0.7040275752205142,0.8075
1,582,ROI_1321,4,mid-cloudy,400,0.06234729679135097,0.13803019133012456,0.7458362442633771,0.05378626761514738,0.6574172012082162,0.7625
1,583,ROI_1321,2,cloudy,400,0.0,0.9695462036969134,0.0,0.03045379630308668,0.9689239726955655,0.97
1,584,ROI_1321,1,cloud-free,400,1.0,0.0,0.0,0.0,0.9833855555331772,1.0
1,585,ROI_1322,2,almost-clear,400,0.8914586557871862,0.0584257433003578,0.0,0.05011560091245595,0.5685239783708029,0.725
1,586,ROI_1322,2,mid-cloudy,400,0.11898595419965184,0.7044746623642799,0.0,0.17653938343606826,0.9095089430765416,0.8425
1,587,ROI_1322,2,low-cloudy,400,0.4658195699414469,0.2947224999131546,0.0,0.23945793014539854,0.8795975129761888,0.7825
1,588,ROI_1322,2,cloudy,400,0.0,0.9620659176087787,0.0,0.03793408239122128,0.9643959979596106,0.96
1,589,ROI_1322,1,cloud-free,400,1.0,0.0,0.0,0.0,0.9910853064923493,1.0
1,590,ROI_1330,2,low-cloudy,400,0.10617528880929131,0.6593613580308861,0.0,0.2344633531598226,0.8606901950206329,0.8325
1,591,ROI_1330,2,mid-cloudy,400,0.07517726116542703,0.7256109093295147,0.0,0.19921182950505825,0.8528345716107373,0.825
1,592,ROI_1330,2,cloudy,400,0.0,0.965284988092527,0.0,0.034715011907472955,0.9985243208974295,0.96
1,593,ROI_1330,2,almost-clear,400,0.9046012636974536,0.05447331143541981,0.0,0.0409254248671265,0.6959733738594845,0.915
1,594,ROI_1330,1,cloud-free,400,1.0,0.0,0.0,0.0,0.9592073836455698,0.995
1,595,ROI_1333,4,almost-clear,400,0.8852405232340465,0.0,0.11475947676595351,0.0,0.7380959286777525,0.9025
1,596,ROI_1333,2,cloudy,400,0.0,0.9499461558354337,0.0,0.05005384416456629,0.9149538890611679,0.9225
1,597,ROI_1333,2,low-cloudy,400,0.4907152589344645,0.07457127307675977,0.33625391286894835,0.09845955511982739,0.7307675642766818,0.6625
1,598,ROI_1333,2,mid-cloudy,400,0.36035834352962975,0.4842153612190782,0.0,0.15542629525129206,0.8954002751645801,0.8925
1,599,ROI_1333,1,cloud-free,400,1.0,0.0,0.0,0.0,0.941112559483567,0.9975
1,600,ROI_1346,1,cloud-free,400,1.0,0.0,0.0,0.0,0.9690358999053149,1.0
1,601,ROI_1346,2,cloudy,400,0.02020217615340376,0.8885715278233448,0.0,0.09122629602325141,0.9450307617941164,0.97
1,602,ROI_1346,2,low-cloudy,400,0.19465340955145302,0.5241796966971719,0.0,0.28116689375137505,0.7341342368111797,0.77
1,603,ROI_1346,4,mid-cloudy,400,0.07225925482764077,0.6446709716266341,0.0,0.2830697735457251,0.7664078851310634,0.7325
1,604,ROI_1346,3,almost-clear,400,0.4975355197795284,0.009514398971750148,0.4929500812487214,0.0,0.6397798484458473,0.76
1,605,ROI_1348,3,cloudy,400,0.0659060293884924,0.7991014393182055,0.0,0.1349925312933021,0.7374648146942601,0.6825
1,606,ROI_1348,2,mid-cloudy,400,0.17033669006990093,0.5708793774919813,0.0,0.2587839324381178,0.8208461774410536,0.5775
1,607,ROI_1348,4,low-cloudy,400,0.19735140747488236,0.07950795311118916,0.7231406394139285,0.0,0.7185643858055633,0.535
1,608,ROI_1348,1,cloud-free,400,1.0,0.0,0.0,0.0,0.9888395175601284,1.0
1,609,ROI_1348,2,almost-clear,400,0.7816898962100656,0.17189218815737164,0.0,0.04641791563256279,0.9242553775294904,0.8975
1,610,ROI_1368,3,mid-cloudy,400,0.2824020287091682,0.4560851625553398,0.0,0.261512808735492,0.7662012944400876,0.775
1,611,ROI_1368,2,almost-clear,400,0.881083522141724,0.05278658025868358,0.0,0.06612989759959241,0.8561903447229396,0.8625
1,612,ROI_1368,3,cloudy,400,0.06917913702664417,0.6624993727830293,0.0,0.2683214901903266,0.8397873735412221,0.865
1,613,ROI_1368,1,cloud-free,400,1.0,0.0,0.0,0.0,0.8584208812420292,0.9325
1,614,ROI_1368,2,low-cloudy,400,0.5941616714463817,0.26201844210883857,0.0,0.1438198864447798,0.7510231351494312,0.8975
1,615,ROI_1369,3,cloudy,400,0.08177365379939093,0.6063972271220197,0.0,0.31182911907858935,0.76884132804553,0.815
1,616,ROI_1369,1,cloud-free,400,1.0,0.0,0.0,0.0,0.9105019518589996,0.99
1,617,ROI_1369,2,almost-clear,400,0.5423631991539326,0.1778941720928976,0.0,0.27974262875316985,0.801241082876722,0.7275
1,618,ROI_1369,2,mid-cloudy,400,0.29333683288238044,0.40250346416757693,0.0,0.30415970295004263,0.8450932487711053,0.865
1,619,ROI_1369,3,low-cloudy,400,0.6323157622519598,0.04497821144738518,0.322706026300655,0.0,0.7846823973444096,0.5925
1,620,ROI_1392,3,almost-clear,400,0.45922317730748297,0.29480355564475974,0.02938849240199011,0.21658477464576714,0.597519134580291,0.5875
1,621,ROI_1392,3,cloudy,400,0.0,0.5950571442907816,0.22618794894260869,0.17875490676660968,0.6091700900540482,0.7275
1,622,ROI_1392,2,low-cloudy,400,0.41288631740652537,0.2711777397802232,0.0,0.31593594281325144,0.7056722884842973,0.6475
1,623,ROI_1392,2,mid-cloudy,400,0.3867246150817698,0.3616436558450832,0.0,0.251631729073147,0.8575551442905349,0.885
1,624,ROI_1392,1,cloud-free,400,1.0,0.0,0.0,0.0,0.7681885933120255,0.955
1,625,ROI_1395,2,low-cloudy,400,0.5747430340318279,0.2316032437731829,0.0,0.19365372219498922,0.9194115676318103,0.8925
1,626,ROI_1395,2,cloudy,400,0.2907739278449597,0.6188566510087579,0.0,0.09036942114628244,0.9148612804897683,0.9125
1,627,ROI_1395,2,almost-clear,400,0.6052740262697767,0.20708581486098943,0.0,0.18764015886923394,0.7331153598472031,0.845
1,628,ROI_1395,1,cloud-free,400,1.0,0.0,0.0,0.0,0.9379961401705394,0.9975
1,629,ROI_1395,2,mid-cloudy,400,0.41387056557601676,0.3387550611584794,0.0,0.24737437326550385,0.9212191771488889,0.9025
1,630,ROI_1399,2,mid-cloudy,400,0.29435195942581666,0.4257780385284911,0.0,0.2798700020456923,0.7987855754355365,0.885
1,631,ROI_1399,1,cloud-free,400,1.0,0.0,0.0,0.0,0.9266660158940887,1.0
1,632,ROI_1399,2,cloudy,400,0.11226604806990864,0.68661538283394,0.0,0.2011185690961514,0.8838733171664175,0.8475
1,633,ROI_1399,2,low-cloudy,400,0.5270745442544995,0.2450198972522107,0.0,0.22790555849328975,0.8558657409078262,0.8625
1,634,ROI_1399,2,almost-clear,400,0.6846623256819296,0.15708600785082658,0.0,0.15825166646724384,0.9193919262100974,0.895
1,635,ROI_1400,2,mid-cloudy,400,0.2869025517116269,0.4725317564777039,0.0,0.24056569181066925,0.8707151355471698,0.8025
1,636,ROI_1400,2,almost-clear,400,0.7342684334242959,0.14200192217877808,0.0,0.12372964439692606,0.9305845069969891,0.9225
1,637,ROI_1400,4,low-cloudy,400,0.5252565799884978,0.024903408586503833,0.4198146525603962,0.03002535886460219,0.6461897377568184,0.6975
1,638,ROI_1400,2,cloudy,400,0.13768280962324525,0.6587901081129067,0.0,0.203527082263848,0.9071551201649392,0.8775
1,639,ROI_1400,1,cloud-free,400,1.0,0.0,0.0,0.0,0.9796141105288434,0.9975
1,640,ROI_1403,2,low-cloudy,400,0.722113933480263,0.18488426399465804,0.0,0.09300180252507903,0.8853831689134259,0.9275
1,641,ROI_1403,2,almost-clear,400,0.8960209355375346,0.05434593814289739,0.0,0.04963312631956801,0.8923085619548139,0.94
1,642,ROI_1403,3,mid-cloudy,400,0.3070313917269117,0.4370216264411516,0.0,0.2559469818319367,0.7763321802020033,0.71
1,643,ROI_1403,4,cloudy,400,0.0,0.6983839031036626,0.12491074220031573,0.1767053546960217,0.6272615239301628,0.455
1,644,ROI_1403,1,cloud-free,400,1.0,0.0,0.0,0.0,0.8846953105980206,1.0
1,645,ROI_1423,2,cloudy,400,0.21793956330259648,0.6883021140106762,0.0,0.09375832268672732,0.9387311644914265,0.9275
1,646,ROI_1423,2,low-cloudy,400,0.5127778571180441,0.37201492969380234,0.0,0.11520721318815351,0.902788674978845,0.905
1,647,ROI_1423,2,mid-cloudy,400,0.16541158942570083,0.5574434250292379,0.0,0.2771449855450612,0.8937321240485564,0.9225
1,648,ROI_1423,1,cloud-free,400,1.0,0.0,0.0,0.0,0.9462982825093655,1.0
1,649,ROI_1423,2,almost-clear,400,0.9566583423716907,0.0,0.04334165762830929,0.0,0.8696123707017424,0.915
1,650,ROI_1424,2,almost-clear,400,0.8732365553629946,0.08412427001594096,0.0,0.04263917462106445,0.9466944720678582,0.9
1,651,ROI_1424,2,low-cloudy,400,0.41800826768462374,0.4215901590622238,0.0,0.1604015732531525,0.8853942497061225,0.88
1,652,ROI_1424,3,mid-cloudy,400,0.37348551225292476,0.5059421570860079,0.0,0.12057233066106739,0.8594515419442917,0.9225
1,653,ROI_1424,4,cloudy,400,0.06836857971059244,0.0,0.9316314202894076,0.0,0.7451969331714281,0.97
1,654,ROI_1424,1,cloud-free,400,1.0,0.0,0.0,0.0,0.9616535773596968,0.9975
1,655,ROI_1435,3,almost-clear,400,0.7209714336443043,0.14486975115890396,0.0,0.13415881519679174,0.9103504163186733,0.8925
1,656,ROI_1435,1,cloud-free,400,1.0,0.0,0.0,0.0,0.9712547602731189,1.0
1,657,ROI_1435,2,mid-cloudy,400,0.5209606262134236,0.3284262450739344,0.0,0.15061312871264199,0.912103507286926,0.8575
1,658,ROI_1435,2,low-cloudy,400,0.5880168750313608,0.2966601178781925,0.0,0.11532300709044661,0.929328168275504,0.885
1,659,ROI_1435,2,cloudy,400,0.2731500959159491,0.5920156244572161,0.0,0.13483427962683486,0.8954699676486788,0.835
1,660,ROI_1447,3,mid-cloudy,400,0.16443506084969564,0.580899409837078,0.003929273084479371,0.250736256228747,0.8029788605003698,0.7425
1,661,ROI_1447,3,almost-clear,400,0.8280846530621697,0.06341260069244753,0.10850274624538271,0.0,0.9157617987146337,0.84
1,662,ROI_1447,3,low-cloudy,400,0.21120035818913777,0.4498052732543104,0.003319425199069017,0.33567494335748277,0.7914353108769341,0.7875
1,663,ROI_1447,1,cloud-free,400,1.0,0.0,0.0,0.0,0.8691768115150912,0.98
1,664,ROI_1447,2,cloudy,400,0.21007715733689464,0.6265222073405614,0.004998436782319043,0.15840219854022486,0.8705870814022894,0.8175
1,665,ROI_1580,2,cloudy,400,0.0,0.8802575256386999,0.0,0.11974247436130013,0.967692586631187,0.915
1,666,ROI_1580,2,low-cloudy,400,0.3360763622187656,0.29835070885167186,0.0,0.36557292892956256,0.6572038067906542,0.745
1,667,ROI_1580,4,almost-clear,400,0.0,0.36623681396937635,0.6337631860306236,0.0,0.6985264423827463,0.3525
1,668,ROI_1580,1,cloud-free,400,1.0,0.0,0.0,0.0,0.8805844662722419,0.995
1,669,ROI_1580,4,mid-cloudy,400,0.0,0.5845777961332557,0.0,0.4154222038667444,0.6885451573371855,0.44
1,670,ROI_1661,5,low-cloudy,400,0.11095757697399655,0.05253955326712495,0.8365028697588784,0.0,0.6457328382481765,0.1775
1,671,ROI_1661,1,cloud-free,400,1.0,0.0,0.0,0.0,0.8134005190268101,1.0
1,672,ROI_1661,4,mid-cloudy,400,0.40703486554398044,0.13450619690367105,0.35860213601151764,0.09985680154083086,0.5519564486704559,0.3225
1,673,ROI_1661,3,cloudy,400,0.052300245869052533,0.5562353086486466,0.3287543277970982,0.0627101176852027,0.48725307395391276,0.1975
1,674,ROI_1661,2,almost-clear,400,0.7147880392618525,0.1745824664873148,0.0,0.11062949425083275,0.5040672685052814,0.7
1,675,ROI_1952,1,cloud-free,400,1.0,0.0,0.0,0.0,0.9499023378131685,0.9925
1,676,ROI_1952,3,cloudy,400,0.019503552942902028,0.8275056835507042,0.06726853763880794,0.08572222586758581,0.7259031821044918,0.66
1,677,ROI_1952,2,almost-clear,400,0.4006546215276304,0.1987872518633169,0.14855585704856783,0.25200226956048494,0.9087997262775197,0.5025
1,678,ROI_1952,3,low-cloudy,400,0.13354896731138138,0.0031688931260879802,0.8103604664178384,0.0529216731446922,0.66234717057881,0.185
1,679,ROI_1952,2,mid-cloudy,400,0.35258085309227616,0.4091731929396598,0.0,0.23824595396806403,0.8879203568651949,0.805
1,680,ROI_2193,2,low-cloudy,400,0.3118599974525342,0.5171278480475218,0.0,0.17101215449994403,0.900025026925012,0.8325
1,681,ROI_2193,2,almost-clear,400,0.6470756249975876,0.1730655663672751,0.0,0.17985880863513729,0.7753374092672147,0.7825
1,682,ROI_2193,3,mid-cloudy,400,0.31877289341943255,0.6108591521570474,0.0,0.07036795442352006,0.5811016272390832,0.5825
1,683,ROI_2193,1,cloud-free,400,1.0,0.0,0.0,0.0,0.6708716271166923,0.7
1,684,ROI_2193,2,cloudy,400,0.0,0.941122660480699,0.0,0.058877339519300916,0.998370899021166,0.945
1,685,ROI_2299,2,mid-cloudy,400,0.11836452692401218,0.7161775660893698,0.0,0.16545790698661808,0.8877218520461926,0.8625
1,686,ROI_2299,1,cloud-free,400,1.0,0.0,0.0,0.0,0.9824394062820643,1.0
1,687,ROI_2299,2,low-cloudy,400,0.32769288369274474,0.4144572546809685,0.0,0.25784986162628676,0.8700836665635936,0.9075
1,688,ROI_2299,2,cloudy,400,0.04695056758311107,0.8851826262828999,0.0,0.06786680613398899,0.929890436186856,0.9375
1,689,ROI_2299,2,almost-clear,400,0.7107661310555387,0.20631771530911183,0.0,0.08291615363534956,0.9439720086511076,0.8875
1,690,ROI_2301,3,cloudy,400,0.0611739185814475,0.49836923587603876,0.24760596107009006,0.19285088447242368,0.8282364636542467,0.6875
1,691,ROI_2301,2,mid-cloudy,400,0.10808588819712754,0.6517807172274308,0.0,0.24013339457544167,0.887202330949646,0.8475
1,692,ROI_2301,4,low-cloudy,400,0.6047761124899163,0.06637306479440792,0.2611924456058144,0.06765837710986139,0.8322857338058002,0.735
1,693,ROI_2301,1,cloud-free,400,1.0,0.0,0.0,0.0,0.8695991383562923,0.8875
1,694,ROI_2301,4,almost-clear,400,0.7585774333123618,0.0,0.24142256668763823,0.0,0.6457197758815546,0.8425
1,695,ROI_2519,2,mid-cloudy,400,0.3036926675441271,0.5212192325952115,0.0,0.17508809986066134,0.7460416490432675,0.8
1,696,ROI_2519,2,almost-clear,400,0.8584265152597064,0.08253403375778232,0.0,0.05903945098251126,0.9332084658200849,0.94
1,697,ROI_2519,2,low-cloudy,400,0.461423261451052,0.28137918257224576,0.0,0.25719755597670224,0.8750027765962415,0.835
1,698,ROI_2519,2,cloudy,400,0.06295714467676132,0.8251550673341542,0.0,0.1118877879890845,0.9404723236064728,0.925
1,699,ROI_2519,1,cloud-free,400,1.0,0.0,0.0,0.0,0.9139081416492403,1.0
1,700,ROI_2537,2,low-cloudy,400,0.8068982287392746,0.11418436705123108,0.0,0.07891740420949432,0.9272044319919401,0.9375
1,701,ROI_2537,1,cloud-free,400,1.0,0.0,0.0,0.0,0.9481319194994307,0.9925
1,702,ROI_2537,3,mid-cloudy,400,0.5580223945407035,0.08698437940258066,0.1227878539916088,0.23220537206510705,0.9031673601454391,0.695
1,703,ROI_2537,2,almost-clear,400,0.9001431984591691,0.051640220625981836,0.0,0.048216580914849025,0.9219576601496595,0.935
1,704,ROI_2537,4,cloudy,400,0.2768555007893284,0.02604204862571937,0.6971024505849522,0.0,0.5326324890294143,0.46
1,705,ROI_2582,2,mid-cloudy,400,0.0013277700796276068,0.8889073301399948,0.024949726147421077,0.08481517363295649,0.9129095193393334,0.885
1,706,ROI_2582,1,cloud-free,400,1.0,0.0,0.0,0.0,0.9814499194243526,1.0
1,707,ROI_2582,3,almost-clear,400,0.7321609844025614,0.17040230661453368,0.09486994414874113,0.002566764834163833,0.6683221021133687,0.735
1,708,ROI_2582,2,cloudy,400,0.003273107638151775,0.9339936158961869,0.0,0.06273327646566132,0.9841635789730155,0.935
1,709,ROI_2582,3,low-cloudy,400,0.31603629752857215,0.45191272227604495,0.027744218989428016,0.2043067612059549,0.8438018159746786,0.785
1,710,ROI_2696,2,mid-cloudy,400,0.4025690807122097,0.3705327677444506,0.0,0.22689815154333973,0.8959351846614271,0.7675
1,711,ROI_2696,2,cloudy,400,0.10084104971032225,0.7960290411106951,0.0,0.10312990917898264,0.9146902237593777,0.805
1,712,ROI_2696,2,low-cloudy,400,0.8187092067731713,0.09612823788699287,0.0,0.0851625553398358,0.8951498498044471,0.8925
1,713,ROI_2696,3,almost-clear,400,0.6918608466078177,0.0,0.30813915339218234,0.0,0.8750218011941295,0.7275
1,714,ROI_2696,1,cloud-free,400,1.0,0.0,0.0,0.0,0.9725471411070136,1.0
1,715,ROI_2780,2,almost-clear,400,0.8212142148594455,0.14473851806963844,0.0,0.03404726707091604,0.6552788619741834,0.9025
1,716,ROI_2780,2,mid-cloudy,400,0.06971950857067867,0.6910734480722245,0.0,0.2392070433570968,0.6975084457950684,0.6725
1,717,ROI_2780,3,cloudy,400,0.0,0.9697430533308116,0.0,0.0302569466691884,0.49580433687193415,0.3775
1,718,ROI_2780,2,low-cloudy,400,0.3461581513117519,0.5677761009105261,0.0,0.08606574777772202,0.6506598521552243,0.62
1,719,ROI_2780,1,cloud-free,400,1.0,0.0,0.0,0.0,0.8923955474797468,1.0
1,720,ROI_2874,3,almost-clear,400,0.9206580181487642,0.014011062177465734,0.06533091967376999,0.0,0.9500842430500975,0.925
1,721,ROI_2874,2,cloudy,400,0.06685553938729587,0.6974845704625194,0.0,0.23565989015018468,0.8977919338410978,0.8525
1,722,ROI_2874,2,mid-cloudy,400,0.41987254951154274,0.2256552969920604,0.2356676097436709,0.11880454375272598,0.789416684976179,0.835
1,723,ROI_2874,2,low-cloudy,400,0.8606227396065323,0.07783666112142534,0.0,0.061540599272042334,0.9684155345922963,0.94
1,724,ROI_2874,1,cloud-free,400,1.0,0.0,0.0,0.0,0.9860218031230744,1.0
1,725,ROI_3168,4,mid-cloudy,400,1.1579390229310525e-05,0.6734611955334432,0.07702610380537361,0.24950112127095386,0.7585109269756888,0.705
1,726,ROI_3168,4,cloudy,400,0.020040064690193416,0.6162628675973923,0.1943060278445737,0.16939103986784057,0.7474161089278257,0.6925
1,727,ROI_3168,1,cloud-free,400,1.0,0.0,0.0,0.0,0.9935408286364921,1.0
1,728,ROI_3168,4,almost-clear,400,0.9953103469571293,0.0020186736966431346,0.0,0.0026709793462276277,0.9211568371759689,0.9975
1,729,ROI_3168,3,low-cloudy,400,0.3450349504595088,0.3201778594339222,0.27877767956739397,0.05600951053917501,0.7732444268755094,0.6775
1,730,ROI_3188,1,cloud-free,400,1.0,0.0,0.0,0.0,0.9187034193586721,0.9775
1,731,ROI_3188,3,low-cloudy,400,0.49679829860159563,0.28612287276952,0.04637545786838865,0.17070337076049574,0.7576729772047177,0.8325
1,732,ROI_3188,2,almost-clear,400,0.8299296359053733,0.10052068658064467,0.0,0.06954967751398211,0.9672883209139408,0.96
1,733,ROI_3188,2,mid-cloudy,400,0.06415754146386651,0.44006314627471715,0.0,0.4957793122614163,0.8033398077515441,0.8125
1,734,ROI_3188,5,cloudy,400,0.12713398512434335,0.0974675873568498,0.7256533670936889,0.04974506042511801,0.7640891535219339,0.245
1,735,ROI_3257,4,mid-cloudy,400,0.19697314739405822,0.6544825749476033,0.0,0.14854427765833852,0.8749479187689603,0.76
1,736,ROI_3257,1,cloud-free,400,1.0,0.0,0.0,0.0,0.8372456600641908,0.965
1,737,ROI_3257,2,cloudy,400,0.0,0.9710438048332375,0.0,0.028956195166762518,0.8189261126777346,0.465
1,738,ROI_3257,2,low-cloudy,400,0.4190542726020048,0.2973780400724098,0.0,0.28356768732558546,0.8468619973121615,0.8525
1,739,ROI_3257,2,almost-clear,400,0.628332452013077,0.20531416815590492,0.000995827559720705,0.1653575522712974,0.9067271024235637,0.93
1,740,ROI_3381,1,cloud-free,400,1.0,0.0,0.0,0.0,0.8863189884659843,0.975
1,741,ROI_3381,3,cloudy,400,0.10811290677432926,0.4943743462469266,0.3437071803798812,0.0538055665988629,0.6076177713932459,0.5225
1,742,ROI_3381,3,low-cloudy,400,0.40310559245950106,0.3483389364716054,0.2450160374554676,0.003539433613425917,0.5447933050819862,0.5325
1,743,ROI_3381,4,mid-cloudy,400,0.11497948518031041,0.5861796117816436,0.0,0.298840903038046,0.8323855395101876,0.8475
1,744,ROI_3381,2,almost-clear,400,0.7807596851949776,0.08503132225057028,0.014906535021865749,0.11930245753258634,0.8556747755095085,0.83
1,745,ROI_3449,2,almost-clear,400,0.7835155800695536,0.11071826957592414,0.001686731176736233,0.1040794191777861,0.9542514759710857,0.875
1,746,ROI_3449,1,cloud-free,400,1.0,0.0,0.0,0.0,0.9782495285366346,1.0
1,747,ROI_3449,2,mid-cloudy,400,0.42962625588136527,0.3459883202550554,0.0,0.22438542386357935,0.8951373055783257,0.59
1,748,ROI_3449,2,low-cloudy,400,0.6008468394054369,0.22296887845886035,0.10478576198177404,0.0713985201539287,0.8981958617599097,0.84
1,749,ROI_3449,2,cloudy,400,0.011872734781786392,0.7649808361091704,0.09648719898410149,0.12665923012494162,0.653225198908698,0.6175
1,750,ROI_3466,2,low-cloudy,400,0.6675055291588345,0.27709866798414395,0.0,0.05539580285702155,0.7261061993261829,0.72
1,751,ROI_3466,3,almost-clear,400,0.7361365750479579,0.25661472666849366,0.0,0.007248698283548388,0.622747293365207,0.23
1,752,ROI_3466,1,cloud-free,400,1.0,0.0,0.0,0.0,0.6551938251495012,0.39
1,753,ROI_3466,2,mid-cloudy,400,0.39809557628695275,0.4531208386566363,0.0,0.14878358505641093,0.758597222992894,0.6825
1,754,ROI_3466,4,cloudy,400,0.0,0.834248748460906,0.11257097201261382,0.053180279526480134,0.6622120790015817,0.7725
1,755,ROI_3652,4,almost-clear,400,0.8582952821704409,0.0,0.1417047178295591,0.0,0.5931895218935036,0.85
1,756,ROI_3652,1,cloud-free,400,1.0,0.0,0.0,0.0,0.9573382216955948,0.9975
1,757,ROI_3652,2,low-cloudy,400,0.3085482918469513,0.46704312550901067,0.0,0.22440858264403796,0.8293705363662025,0.7425
1,758,ROI_3652,2,mid-cloudy,400,0.3318653239720396,0.4524492340233363,0.11785503375392252,0.09783040825070152,0.802257794499406,0.7625
1,759,ROI_3652,3,cloudy,400,0.1915539927667409,0.27877767956739397,0.13156889158216928,0.39809943608369586,0.5700972898250557,0.295
1,760,ROI_3815,2,mid-cloudy,400,0.2661522844207024,0.4980334335593888,0.0,0.23581428201990884,0.7830710097959475,0.785
1,761,ROI_3815,2,cloudy,400,0.18894477016840294,0.6338172231850271,0.0,0.17723800664657,0.7954816178536904,0.675
1,762,ROI_3815,2,almost-clear,400,0.8535129940057357,0.07286910271305114,0.0,0.07361790328121322,0.9509079888519169,0.95
1,763,ROI_3815,2,low-cloudy,400,0.609647175979713,0.26111910946769545,0.0,0.12923371455259167,0.6904821418376881,0.355
1,764,ROI_3815,1,cloud-free,400,1.0,0.0,0.0,0.0,0.9260173334320514,1.0
1,765,ROI_3824,2,low-cloudy,400,0.7825737896642363,0.08954342464325829,0.04866431733704903,0.0792184683554564,0.8914295185166705,0.9175
1,766,ROI_3824,1,cloud-free,400,1.0,0.0,0.0,0.0,0.5868599137756216,0.7675
1,767,ROI_3824,3,mid-cloudy,400,0.18348701757365457,0.27348589823259906,0.38001628834225587,0.16301079585149045,0.6857605975400207,0.6125
1,768,ROI_3824,2,almost-clear,400,0.9253901289558092,0.05201076111331977,0.0,0.02259910993087104,0.9691390533795097,0.9675
1,769,ROI_3824,2,cloudy,400,0.12286504992647088,0.546369668173274,0.15429537480556274,0.1764699070946924,0.7709443234107397,0.725
1,770,ROI_3838,2,low-cloudy,400,0.8277334115585473,0.08623557883441858,0.0,0.0860310096070341,0.9716656067961138,0.91
1,771,ROI_3838,3,almost-clear,400,0.7656601603359567,0.0,0.2343398396640433,0.0,0.9020065492769508,0.785
1,772,ROI_3838,4,cloudy,400,0.14835514761792645,0.046186327827976575,0.8054585245540969,0.0,0.60955980252415,0.65
1,773,ROI_3838,2,mid-cloudy,400,0.6240326384412597,0.21236601680555503,0.0,0.1636013447531853,0.9318790880269312,0.685
1,774,ROI_3838,1,cloud-free,400,1.0,0.0,0.0,0.0,0.9575631847940512,0.9975
1,775,ROI_3927,1,cloud-free,400,1.0,0.0,0.0,0.0,0.9856020948143643,1.0
1,776,ROI_3927,3,cloudy,400,0.31789285976200493,0.6013872109494715,0.0,0.08071992928852367,0.8864084118110752,0.8475
1,777,ROI_3927,3,mid-cloudy,400,0.11065651282803447,0.4976667528687939,0.1701012424685716,0.22157549183459999,0.7801201317519596,0.645
1,778,ROI_3927,2,low-cloudy,400,0.7172660287709249,0.0,0.13040323296575201,0.15233073826332305,0.9534196621719484,0.7325
1,779,ROI_3927,1,almost-clear,400,0.9265442081819971,0.04294023876702653,0.0,0.030515553050976335,0.9655811906668381,0.945
1,780,ROI_4348,1,cloud-free,400,1.0,0.0,0.0,0.0,0.8407563469345598,0.98
1,781,ROI_4348,2,almost-clear,400,0.9061451823946951,0.03001377947437288,0.012555918805315713,0.051285119325616316,0.9606843878782912,0.93
1,782,ROI_4348,2,low-cloudy,400,0.8342062906967319,0.06991635820457695,0.03693439503475747,0.058942956063933676,0.9631081959282995,0.895
1,783,ROI_4348,3,mid-cloudy,400,0.03352233471385397,0.44549388029226383,0.03882183564213509,0.4821619493517471,0.7642395520652309,0.7725
1,784,ROI_4348,3,cloudy,400,0.34455247586662086,0.05042438465190423,0.6050231394814749,0.0,0.7809967003618,0.2025
1,785,ROI_4463,4,cloudy,400,0.029207081955064246,0.7177639425507852,0.14348408412812982,0.10954489136602066,0.7710196822780196,0.6325
1,786,ROI_4463,1,cloud-free,400,1.0,0.0,0.0,0.0,0.8798920304507442,0.985
1,787,ROI_4463,2,mid-cloudy,400,0.27323887124104046,0.4312821086841567,0.0,0.29547902007480287,0.8523660133934778,0.745
1,788,ROI_4463,2,almost-clear,400,0.9813842003080118,0.009556856735924286,0.0,0.009058942956063933,0.9792746612199081,0.9775
1,789,ROI_4463,4,low-cloudy,400,0.3328804505154759,0.011780099659951906,0.6553394498245723,0.0,0.731867385991191,0.49
1,790,ROI_4477,2,mid-cloudy,400,0.31568505602494973,0.3378866068912811,0.02738525789231939,0.31904307919144975,0.8141501314288786,0.7
1,791,ROI_4477,2,low-cloudy,400,0.7590097305475894,0.1368413739332487,0.0,0.10414889551916195,0.9469921917921366,0.8775
1,792,ROI_4477,3,almost-clear,400,0.7541579660415082,0.01190361315573122,0.1451437967276643,0.08879462407509621,0.7755823140063299,0.7925
1,793,ROI_4477,1,cloud-free,400,1.0,0.0,0.0,0.0,0.9659277476966885,0.9975
1,794,ROI_4477,2,cloudy,400,0.08629733558230823,0.6772090581709967,0.0,0.23649360624669505,0.9092273519845002,0.8975
1,795,ROI_4547,2,almost-clear,400,0.867921615247741,0.018337894326484767,0.0810750305888892,0.03266545983688499,0.7525529335076384,0.7925
1,796,ROI_4547,2,low-cloudy,400,0.6486890200362049,0.1226720600893157,0.0,0.2286389198744794,0.8541961733599897,0.07
1,797,ROI_4547,2,mid-cloudy,400,0.6800228499967191,0.29006372524422863,0.0,0.029913424759052187,0.9240649848823679,0.9725
1,798,ROI_4547,1,cloud-free,400,1.0,0.0,0.0,0.0,0.7820333712954007,0.845
1,799,ROI_4547,2,cloudy,400,0.0,0.9461789942141647,0.0,0.05382100578583532,0.9843704284333427,0.9775
1,800,ROI_4704,1,cloud-free,400,1.0,0.0,0.0,0.0,0.9748737562157492,1.0
1,801,ROI_4704,2,mid-cloudy,400,0.14845164253650403,0.4822159865061506,0.0,0.3693323709573454,0.8805216301102843,0.7825
1,802,ROI_4704,2,low-cloudy,400,0.7763672365013259,0.10190635361141882,0.0,0.12172640988725533,0.9555043447382957,0.9425
1,803,ROI_4704,2,cloudy,400,0.020117260625055484,0.5366391205839101,0.0,0.44324361879103447,0.7183292161967703,0.6725
1,804,ROI_4704,2,almost-clear,400,0.909124945480371,0.090875054519629,0.0,0.0,0.964628657968736,0.9825
1,805,ROI_4797,2,mid-cloudy,400,0.3135814667999583,0.3379638028261432,0.0,0.3484547303738985,0.863735530003271,0.54
1,806,ROI_4797,2,cloudy,400,0.27677830485446636,0.3794527580177628,0.0,0.34376893712777085,0.7689853387120783,0.685
1,807,ROI_4797,1,cloud-free,400,1.0,0.0,0.0,0.0,0.9937323107432876,1.0
1,808,ROI_4797,2,low-cloudy,400,0.7592258791652031,0.11489070985521903,0.0,0.1258834109795778,0.9099181311638858,0.7775
1,809,ROI_4797,2,almost-clear,400,0.9425971028365646,0.016496771280024393,0.0,0.04090612588341098,0.9786366213839088,0.96
1,810,ROI_5145,3,cloud-free,400,1.0,0.0,0.0,0.0,0.9110309252551686,0.9925
1,811,ROI_5145,3,mid-cloudy,400,0.454823009020345,0.3859796743103508,0.02452128870893659,0.1346760279603676,0.7323613983536064,0.43
1,812,ROI_5145,2,cloudy,400,0.19579590938741165,0.5450727764675912,0.2591313141449971,0.0,0.7811869799030632,0.58
1,813,ROI_5145,1,almost-clear,400,0.9765247162084445,0.019812336682350308,0.0,0.0036629471092052292,0.9483572366656658,0.9875
1,814,ROI_5145,3,low-cloudy,400,0.5249246374685909,0.2599534508512782,0.0773464669350512,0.13777544474507972,0.7706959125306903,0.7975
1,815,ROI_5244,1,cloud-free,400,1.0,0.0,0.0,0.0,0.8871193009853742,0.9575
1,816,ROI_5244,2,almost-clear,400,0.8103952045885263,0.10226145491178434,0.0018488426399465804,0.08549449785974271,0.8929118438404166,0.9625
1,817,ROI_5244,2,cloudy,400,0.0,0.8596577904207564,0.0,0.14034220957924357,0.9293936884452109,0.93
1,818,ROI_5244,2,low-cloudy,400,0.5720720546856003,0.2553757319139574,0.0018063848757724418,0.17074582852466988,0.8998195851804311,0.85
1,819,ROI_5244,2,mid-cloudy,400,0.3238871241040447,0.4446292858218086,0.04670354059155245,0.18478004948259424,0.9032555549942889,0.8275
1,820,ROI_5305,2,mid-cloudy,400,0.19420567312925302,0.633628093144615,0.0,0.172166233726132,0.936600877108367,0.925
1,821,ROI_5305,2,low-cloudy,400,0.2881955836205665,0.275199647986537,0.036332266742833325,0.4002725016500631,0.8303367533707836,0.815
1,822,ROI_5305,2,cloudy,400,0.0,0.9706694045491564,0.0,0.029330595450843558,0.9990337446904434,0.9675
1,823,ROI_5305,1,cloud-free,400,1.0,0.0,0.0,0.0,0.7876907573780708,0.9275
1,824,ROI_5305,2,almost-clear,400,0.6171197424743613,0.1969229700363979,0.0,0.1859572874892408,0.9228195158284221,0.865
1,825,ROI_5607,2,mid-cloudy,400,0.1075995538074965,0.6968940215608246,0.001146359632701742,0.19436006499897715,0.9073231632270021,0.9125
1,826,ROI_5607,2,almost-clear,400,0.5032673179430371,0.2367483528317399,0.08774089956422895,0.17224342966099404,0.8464478909447289,0.8
1,827,ROI_5607,3,cloudy,400,0.01765857009969855,0.5597168453109259,0.07001671291989764,0.3526078716694779,0.6588108668169231,0.6275
1,828,ROI_5607,2,low-cloudy,400,0.4418656713537465,0.34875965431660366,0.013424373072514002,0.1959503012571358,0.7860932415040939,0.835
1,829,ROI_5607,1,cloud-free,400,1.0,0.0,0.0,0.0,0.9821635730378432,0.9975
1,830,ROI_5622,4,cloudy,400,1.0,0.0,0.0,0.0,0.936773178812204,1.0
1,831,ROI_5622,4,almost-clear,400,0.5653174103851691,0.1302642802830003,0.2918508111362856,0.012567498195545023,0.7830109987409415,0.57
1,832,ROI_5622,5,mid-cloudy,400,0.2834557532200354,0.6538843064524222,0.06265994032754235,0.0,0.8311828844603066,0.2475
1,833,ROI_5622,5,low-cloudy,400,0.5946557254294988,0.34098988347273634,0.0643543910977648,0.0,0.9412916316879187,0.64
1,834,ROI_5622,1,cloud-free,400,1.0,0.0,0.0,0.0,0.965173044620652,1.0
1,835,ROI_5830,1,cloud-free,400,1.0,0.0,0.0,0.0,0.9763050155943563,1.0
1,836,ROI_5830,2,almost-clear,400,0.4513414723580656,0.3570311987370745,0.0012582937382517438,0.19036903516660814,0.8944376212043142,0.84
1,837,ROI_5830,2,mid-cloudy,400,0.07043357096815282,0.6780890918284244,0.03458763861495054,0.21688969858847232,0.8278059661464221,0.8525
1,838,ROI_5830,2,low-cloudy,400,0.35533288817010894,0.44165338253287584,0.03859024783754887,0.16442348145946634,0.7307024144373818,0.7275
1,839,ROI_5830,2,cloudy,400,0.008858233525422551,0.9178287871360694,0.0012737329252241578,0.07203924641328388,0.9410816590919445,0.9575
1,840,ROI_5860,2,low-cloudy,400,0.48725302125590064,0.29179677398188214,0.0,0.22095020476221722,0.8929496310873968,0.89
1,841,ROI_5860,2,mid-cloudy,400,0.2915960645512407,0.6368471636283634,0.010162844824591536,0.0613939269958044,0.826773220977815,0.7325
1,842,ROI_5860,1,cloud-free,400,1.0,0.0,0.0,0.0,0.9133612814273547,0.9925
1,843,ROI_5860,2,almost-clear,400,0.8468857229978269,0.1172915034294294,0.0,0.03582277357274366,0.900278083274812,0.96
1,844,ROI_5860,2,cloudy,400,0.029569902848915978,0.6299111088810063,0.30326423010564263,0.03725475816443506,0.8576854575228188,0.655
1,845,ROI_5940,3,almost-clear,400,0.8128075775529661,0.12508443305375538,0.009761425963308772,0.05234656342996978,0.8954667748534113,0.9275
1,846,ROI_5940,3,low-cloudy,400,0.481822287238354,0.336354267584269,0.10288288218742402,0.07894056298995294,0.7647922049921715,0.7575
1,847,ROI_5940,4,mid-cloudy,400,0.4259555891786739,0.0,0.5740444108213262,0.0,0.6155858235157916,0.7775
1,848,ROI_5940,1,cloud-free,400,1.0,0.0,0.0,0.0,0.9029212475287599,0.9725
1,849,ROI_5940,2,cloudy,400,0.0,0.9770419289720204,3.859796743103508e-06,0.022954211231236563,0.8153368206608717,0.84
1,850,ROI_6118,2,cloudy,400,0.0,0.931160525086749,0.02248717582532104,0.04635229908793003,0.952626420345049,0.955
1,851,ROI_6118,3,low-cloudy,400,0.6494339608076238,0.0,0.3505660391923761,0.0,0.6700567130337225,0.8075
1,852,ROI_6118,1,cloud-free,400,1.0,0.0,0.0,0.0,0.9768639711648924,1.0
1,853,ROI_6118,2,almost-clear,400,0.9097502325527538,0.054125929728540495,0.0,0.03612383771870573,0.9334956555022714,0.955
1,854,ROI_6118,2,mid-cloudy,400,0.38678637182965947,0.5068607887108665,0.0,0.10635283945947406,0.8139888259946324,0.855
1,855,ROI_6213,1,cloud-free,400,1.0,0.0,0.0,0.0,0.8551144559207856,0.9775
1,856,ROI_6213,3,almost-clear,400,0.8836657261628602,0.10098772198656018,0.0,0.015346551850579548,0.7705123182578724,0.93
1,857,ROI_6213,4,cloudy,400,0.3089651498952065,0.28344803362654925,0.40758681647824424,0.0,0.6654977518577736,0.2825
1,858,ROI_6213,4,mid-cloudy,400,0.16716007735032673,0.6657994989983828,0.13207452495551583,0.03496589869577468,0.8382906132438085,0.805
1,859,ROI_6213,3,low-cloudy,400,0.6354576368008461,0.18413932322323906,0.09893045032248601,0.08147258965342885,0.7461862625246448,0.755
1,860,ROI_6461,3,almost-clear,400,0.6548917134023722,0.0,0.34510828659762777,0.0,0.9015769214316817,0.6425
1,861,ROI_6461,1,cloud-free,400,1.0,0.0,0.0,0.0,0.9441756780785326,1.0
1,862,ROI_6461,3,low-cloudy,400,0.7390198432150563,0.008642084907808755,0.252338071877135,0.0,0.91314211694956,0.695
1,863,ROI_6461,3,cloudy,400,0.12824946638310025,0.62273960653232,0.20501310400994283,0.04399782307463689,0.796286359787814,0.7125
1,864,ROI_6461,2,mid-cloudy,400,0.3827876224038042,0.37961100968423,0.06309223756276995,0.17450913034919582,0.8451022867347301,0.8325
1,865,ROI_6641,1,cloud-free,400,1.0,0.0,0.0,0.0,0.9711906475596901,1.0
1,866,ROI_6641,2,mid-cloudy,400,0.30173575059537366,0.5708446393212934,0.029658678174007358,0.09776093190932565,0.8304530615661109,0.7775
1,867,ROI_6641,2,cloudy,400,0.0,0.9709743284918616,0.0,0.02902567150813838,0.7852357188737534,0.86
1,868,ROI_6641,2,low-cloudy,400,0.8094958719473833,0.1578965651668783,0.0,0.032607562885738434,0.9342795844943466,0.94
1,869,ROI_6641,2,almost-clear,400,0.9656400893928926,0.030897672928543583,0.0,0.003462237678563847,0.9699425692899476,0.99
1,870,ROI_6833,2,almost-clear,400,0.9002165345972881,0.04897696087324042,0.0,0.050806504529471476,0.9423082018364672,0.95
1,871,ROI_6833,1,cloud-free,400,1.0,0.0,0.0,0.0,0.9917123853200251,1.0
1,872,ROI_6833,4,cloudy,400,3.859796743103508e-06,0.47359706037880045,0.5038076894870717,0.022591390337384835,0.6324805699129592,0.7075
1,873,ROI_6833,4,low-cloudy,400,0.7693732848028223,0.023834244888664164,0.17387612368332683,0.03291634662518672,0.8280801519869401,0.8325
1,874,ROI_6833,3,mid-cloudy,400,0.08863637240862896,0.49054542787776795,0.0,0.42081819971360307,0.8017735842226134,0.7775
1,875,ROI_6860,2,cloudy,400,0.4129596535446443,0.39753976555594583,0.0,0.18950058089940983,0.7934240639407127,0.89
1,876,ROI_6860,2,mid-cloudy,400,0.38551263890443527,0.505127739973213,0.0,0.1093596211223517,0.8459863078589575,0.895
1,877,ROI_6860,1,cloud-free,400,1.0,0.0,0.0,0.0,0.9581668798039028,1.0
1,878,ROI_6860,2,almost-clear,400,0.9218159571716953,0.03537503715054365,0.0015786568679293349,0.041230348809831674,0.9086659435964574,0.9925
1,879,ROI_6860,2,low-cloudy,400,0.7611248991628101,0.16301465564823356,0.0,0.07586044518895635,0.8552752891760039,0.9475
1,880,ROI_6908,1,cloud-free,400,1.0,0.0,0.0,0.0,0.8355913626465005,0.99
1,881,ROI_6908,3,almost-clear,400,0.993511681674843,0.0027057175169155592,0.0,0.003782600808241438,0.9630293694707666,0.995
1,882,ROI_6908,3,low-cloudy,400,0.7878076740478847,0.14122610303341426,0.02456760626985383,0.04639861664884727,0.8612374182476304,0.855
1,883,ROI_6908,3,mid-cloudy,400,0.48912502267630587,0.2866285061428665,0.011710623318576044,0.21253584786225158,0.8067758181798703,0.5725
1,884,ROI_6908,4,cloudy,400,0.2124740911143619,0.01751575762020372,0.6508234876351411,0.11918666363029323,0.5903642674300437,0.6025
1,885,ROI_7063,1,cloud-free,400,1.0,0.0,0.0,0.0,0.995299346970467,1.0
1,886,ROI_7063,3,low-cloudy,400,0.1642690895897422,0.43377939717694464,0.05617934159587156,0.34577217163744156,0.7717575620843278,0.5625
1,887,ROI_7063,3,mid-cloudy,400,0.2812479494829802,0.35759472906156764,0.1444413137204195,0.21671600773503266,0.787669816234465,0.575
1,888,ROI_7063,3,cloudy,400,0.09552996939181183,0.2622500299134248,0.6422200006947634,0.0,0.7122106180050524,0.5775
1,889,ROI_7063,2,almost-clear,400,0.8589167094460806,0.0,0.14108329055391944,0.0,0.8698309410440213,0.8425
1,890,ROI_7640,1,cloud-free,400,1.0,0.0,0.0,0.0,0.7711614491918826,1.0
1,891,ROI_7640,3,cloudy,400,0.0706342803987942,0.5522288396293051,0.0,0.3771368799719007,0.8758032440405598,0.8575
1,892,ROI_7640,2,almost-clear,400,0.8983638321605985,0.03504695442737985,0.0,0.06658921341202172,0.943397524656927,0.97
1,893,ROI_7640,2,mid-cloudy,400,0.574970762039671,0.22795573585095008,0.0,0.1970735021093789,0.9227200402379105,0.9125
1,894,ROI_7640,2,low-cloudy,400,0.6989088354607247,0.16256691922603356,0.0,0.1385242453132418,0.9088150881123999,0.8425
1,895,ROI_8052,4,low-cloudy,400,0.6599982244934982,0.0,0.06175674788965613,0.2782450276168457,0.537092616798255,0.42
1,896,ROI_8052,2,mid-cloudy,400,0.27939910684303365,0.5216360906434667,0.0,0.19896480251349963,0.8847927132187722,0.8525
1,897,ROI_8052,2,almost-clear,400,0.9562800822908666,0.019901112007441688,0.0,0.02381880570169175,0.9585655608926246,0.965
1,898,ROI_8052,1,cloud-free,400,1.0,0.0,0.0,0.0,0.9811195264754642,1.0
1,899,ROI_8052,2,cloudy,400,0.011031299091789827,0.9189635673785419,0.0,0.07000513352966833,0.888220114959109,0.88
1,900,ROI_8234,2,low-cloudy,400,0.32780867759503785,0.33027122791713787,0.0,0.3419200944878243,0.7437139908343251,0.7525
1,901,ROI_8234,1,cloud-free,400,1.0,0.0,0.0,0.0,0.9278131983834306,0.9725
1,902,ROI_8234,2,mid-cloudy,400,0.0,0.9657211451244977,0.0,0.03427885487550226,0.9965985081546527,0.9725
1,903,ROI_8234,3,cloudy,400,0.0,0.890258259000081,0.019380039447122716,0.09036170155279623,0.8955568530968949,0.87
1,904,ROI_8234,2,almost-clear,400,0.9475569416514527,0.03394305255885225,0.0,0.018500005789695115,0.7224158009894868,0.845
1,905,ROI_8347,2,mid-cloudy,400,0.09123787541348073,0.49152195645377317,0.0,0.4172401681327461,0.8962872109049007,0.8175
1,906,ROI_8347,2,almost-clear,400,0.7707821106140551,0.14286651664923325,0.0,0.08635137273671169,0.9502273212074753,0.9375
1,907,ROI_8347,2,cloudy,400,0.04358482482312481,0.8243869677822766,0.0,0.1320282073945986,0.940474686982182,0.945
1,908,ROI_8347,2,low-cloudy,400,0.3749638144055334,0.4032406853455097,0.0,0.2217955002489569,0.8974056916506085,0.92
1,909,ROI_8347,1,cloud-free,400,1.0,0.0,0.0,0.0,0.9881361075194149,1.0
1,910,ROI_8676,2,almost-clear,400,0.5963192978257765,0.20470432027049457,0.0,0.19897638190372896,0.8657399098608191,0.83
1,911,ROI_8676,2,cloudy,400,0.14329881388446084,0.595740328314311,0.0,0.2609608578012282,0.8634456041825507,0.8675
1,912,ROI_8676,2,low-cloudy,400,0.5610060174231225,0.2726676213230611,0.0,0.16632636125381636,0.8943997292606896,0.895
1,913,ROI_8676,2,mid-cloudy,400,0.23300434999092948,0.48702143345131443,0.0,0.27997421655775606,0.8540373071235189,0.835
1,914,ROI_8676,1,cloud-free,400,1.0,0.0,0.0,0.0,0.9341605476250006,0.99
1,915,ROI_8710,2,low-cloudy,400,0.48364797109784197,0.43751568042426886,0.0,0.07883634847788916,0.67986370833056,0.8625
1,916,ROI_8710,1,cloud-free,400,1.0,0.0,0.0,0.0,0.9783555535732862,1.0
1,917,ROI_8710,3,almost-clear,400,0.4084977285096167,0.12490688240357263,0.3712661291256402,0.09532925996117045,0.8251919578337928,0.56
1,918,ROI_8710,3,mid-cloudy,400,0.061505861101354406,0.5724927725305985,0.24672206761591933,0.11927929875212771,0.8162290185384529,0.805
1,919,ROI_8710,3,cloudy,400,0.031248914432166004,0.5756964038273744,0.29758646909653735,0.09546821264392218,0.6940058264177312,0.5225
1,920,ROI_8711,2,mid-cloudy,400,0.21064840725487396,0.6181850463754579,0.0,0.17116654636966816,0.8689635806363785,0.8875
1,921,ROI_8711,2,cloudy,400,0.021645740135324474,0.6874297999467348,0.0,0.29092445991794075,0.9021236201314392,0.9225
1,922,ROI_8711,2,low-cloudy,400,0.28556320224176995,0.42511801328542037,0.0,0.2893187844728097,0.8495978394588848,0.8825
1,923,ROI_8711,3,almost-clear,400,0.3034919581134857,0.3506779732979261,0.0,0.3458300685885881,0.7710397273795955,0.8325
1,924,ROI_8711,1,cloud-free,400,1.0,0.0,0.0,0.0,0.4660249330863978,0.425
1,925,ROI_8713,2,almost-clear,400,0.5971452943288006,0.2830041570010923,0.0,0.11985054867010703,0.8892164681714543,0.8875
1,926,ROI_8713,3,mid-cloudy,400,0.0,0.561060054577526,0.2567729783349609,0.18216696708751318,0.6741014868414671,0.655
1,927,ROI_8713,1,cloud-free,400,1.0,0.0,0.0,0.0,0.853630246926189,0.945
1,928,ROI_8713,2,low-cloudy,400,0.27841485867354226,0.4138088088281271,0.0,0.30777633249833064,0.8215131308729263,0.83
1,929,ROI_8713,2,cloudy,400,0.02679084919388145,0.8597041079816737,0.0,0.11350504282444486,0.933623264244406,0.9125
1,930,ROI_8945,4,cloud-free,400,1.0,0.0,0.0,0.0,0.9793509096955505,0.995
1,931,ROI_8945,3,low-cloudy,400,0.13428618848931415,0.5199840976374184,0.12181904500908983,0.22391066886417763,0.817487786007615,0.8025
1,932,ROI_8945,4,cloudy,400,0.17028651271224057,0.16675093889555775,0.46918917249817627,0.1937733758940254,0.6531192861892501,0.6325
1,933,ROI_8945,1,almost-clear,400,0.8051690397983642,0.10907785596010514,0.0,0.08575310424153064,0.960435678449866,0.9525
1,934,ROI_8945,2,mid-cloudy,400,0.15705126968013863,0.6584813243734585,0.0,0.18446740594640287,0.9262458785451435,0.92
1,935,ROI_9177,1,cloud-free,400,1.0,0.0,0.0,0.0,0.9832828113937779,0.9975
1,936,ROI_9177,3,almost-clear,400,0.7189489001509181,0.05229638607230943,0.2035425214508204,0.025212192325952114,0.8036621683718712,0.75
1,937,ROI_9177,3,mid-cloudy,400,0.263265156456861,0.558898568401388,0.0,0.17783627514175104,0.8747209462664148,0.905
1,938,ROI_9177,3,cloudy,400,0.09266214041168593,0.5352611731466221,0.1727297640506251,0.19934692239106688,0.7966533089417283,0.715
1,939,ROI_9177,2,low-cloudy,400,0.6253256703501994,0.2559469818319367,0.0,0.11872734781786391,0.9244760978364261,0.9425
1,940,ROI_9184,1,cloud-free,400,1.0,0.0,0.0,0.0,0.753396747962844,0.5975
1,941,ROI_9184,2,mid-cloudy,400,0.27544667497809566,0.5283328379927513,0.0,0.19622048702915304,0.8248540136391384,0.8425
1,942,ROI_9184,2,almost-clear,400,0.6916562773804331,0.21142808619698086,0.0,0.096915636422586,0.8595966891921766,0.95
1,943,ROI_9184,2,low-cloudy,400,0.5720064381409675,0.23946178994214165,0.0,0.18853177191689086,0.8758037729956507,0.9025
1,944,ROI_9184,3,cloudy,400,0.0,0.27711796696785945,0.7228820330321405,0.0,0.5402217413543652,0.71
1,945,ROI_9251,4,almost-clear,400,0.8107117079214609,0.04301357490514549,0.0,0.14627471717339366,0.7707064165908993,0.8625
1,946,ROI_9251,4,cloudy,400,0.09698897256070495,0.1621770797549801,0.6056908843180319,0.13514306336628312,0.5976113196344839,0.7325
1,947,ROI_9251,1,cloud-free,400,1.0,0.0,0.0,0.0,0.7931665938731653,0.9875
1,948,ROI_9251,4,low-cloudy,400,0.47172119916165217,0.23199694304097945,0.0,0.2962818577973684,0.6724446431594191,0.5675
1,949,ROI_9251,4,mid-cloudy,400,0.32067191341703943,0.6756574198802691,0.0036706667026914362,0.0,0.6853287603437608,0.7975
1,950,ROI_9277,4,almost-clear,400,0.9280418093183213,0.019175470219738228,0.0,0.05278272046194048,0.9194564731034136,0.94
1,951,ROI_9277,3,mid-cloudy,400,0.17279538059525784,0.6671542876552121,0.0,0.16005033174953007,0.8689538415629724,0.7375
1,952,ROI_9277,1,cloud-free,400,1.0,0.0,0.0,0.0,0.8903672479224076,0.985
1,953,ROI_9277,3,cloudy,400,0.10074455479174467,0.7885719138030192,0.1008950868647257,0.009788444540510496,0.69964436990771,0.475
1,954,ROI_9277,2,low-cloudy,400,0.5633720728266449,0.21385589834839297,0.0,0.22277202882496208,0.882317091167084,0.935
1,955,ROI_9659,1,cloud-free,400,1.0,0.0,0.0,0.0,0.6155444564020517,0.605
1,956,ROI_9659,3,mid-cloudy,400,0.4979600974212698,0.00940632466294325,0.49263357791578694,0.0,0.7124736988299165,0.5725
1,957,ROI_9659,3,low-cloudy,400,0.3683172444139092,0.4673943670126331,0.10311446999201022,0.0611739185814475,0.8138302368634085,0.89
1,958,ROI_9659,3,cloudy,400,0.43539279221556193,0.5373223046074393,0.0,0.0272849031769987,0.740086095819312,0.7175
1,959,ROI_9659,3,almost-clear,400,0.941230734789506,0.014725124574939883,0.036911236254298846,0.007132904381255283,0.970603058637967,0.9375
1,960,ROI_9761,1,cloud-free,400,1.0,0.0,0.0,0.0,0.6206424610427678,0.685
1,961,ROI_9761,3,cloudy,400,0.0,0.7419146907723839,0.22209270459817587,0.03599260462944021,0.6598634141654144,0.2275
1,962,ROI_9761,2,low-cloudy,400,0.5457559604911205,0.2747326125806215,0.0,0.17951142692825794,0.929260988901011,0.86
1,963,ROI_9761,3,almost-clear,400,0.9131815918573728,0.023938459400727956,0.0,0.06287994874189926,0.8946441403296865,0.9625
1,964,ROI_9761,4,mid-cloudy,400,0.5413519324072394,0.0,0.1563333474859214,0.3023147201068392,0.6334301586975273,0.55
1,965,ROI_9770,3,cloudy,400,0.0,0.8283818574113887,0.0,0.17161814258861127,0.8537026095443645,0.755
1,966,ROI_9770,1,cloud-free,400,1.0,0.0,0.0,0.0,0.9887779508089118,1.0
1,967,ROI_9770,3,low-cloudy,400,0.3907889810522578,0.3358949517718397,0.0,0.2733160671759025,0.8709782066074722,0.93
1,968,ROI_9770,4,almost-clear,400,0.9981588769535397,0.0009070522346293244,0.0,0.000934070811831049,0.7097084894303862,0.905
1,969,ROI_9770,2,mid-cloudy,400,0.12545883333783642,0.5698526715583158,0.0,0.3046884951038478,0.8997779935625215,0.925
1,970,ROI_9795,1,cloud-free,400,1.0,0.0,0.0,0.0,0.9563376521206507,0.995
1,971,ROI_9795,3,almost-clear,400,0.554648932187231,0.22570933414646385,0.0,0.21964173366630513,0.8066484735610966,0.8025
1,972,ROI_9795,4,cloudy,400,0.0,0.0,1.0,0.0,0.5520275788877688,0.94
1,973,ROI_9795,3,mid-cloudy,400,0.2564989327662005,0.5451576919959394,0.0,0.19834337523785997,0.8679758171987951,0.8825
1,974,ROI_9795,3,low-cloudy,400,0.7238855801853474,0.2299512507671346,0.0,0.04616316904751796,0.8450482766848445,0.865
2,0,ROI_0001,4,low-cloudy,400,0.6829099779605606,0.0,0.3170900220394394,0.0,0.6069346142074575,0.6325
2,1,ROI_0001,3,almost-clear,400,0.03772179357035058,0.1532377904979524,3.859796743103508e-06,0.809036556134954,0.7361838480055185,0.7575
2,2,ROI_0001,2,mid-cloudy,400,0.28843103122189584,0.5362145429421686,0.0,0.17535442583593547,0.664709780466874,0.8025
2,3,ROI_0001,2,cloudy,400,0.41989956808874446,0.25080959236686595,0.22617250975563627,0.10311832978875332,0.6942645121841388,0.26
2,4,ROI_0001,1,cloud-free,400,1.0,0.0,0.0,0.0,0.8722738495697442,0.9875
2,5,ROI_0010,1,almost-clear,400,0.6469096537376342,0.008514711615286339,0.34457563464707947,0.0,0.8168934166418385,0.6125
2,6,ROI_0010,4,low-cloudy,400,0.2674646153133576,0.2853856515915872,0.25485465935363844,0.19229507374141677,0.5398862114598869,0.4725
2,7,ROI_0010,3,mid-cloudy,400,0.1825413673715942,0.5719022236289037,0.0,0.2455564089995021,0.6300042355210738,0.6175
2,8,ROI_0010,1,cloud-free,400,1.0,0.0,0.0,0.0,0.9128445986253753,0.9975
2,9,ROI_0010,2,cloudy,400,0.0,0.9381042994275921,0.0,0.061895700572407855,0.9176863382635695,0.9475
2,10,ROI_0011,4,cloudy,400,0.39493440275435093,0.33634268819403973,0.0,0.26872290905160934,0.6701088935004489,0.3025
2,11,ROI_0011,1,cloud-free,400,1.0,0.0,0.0,0.0,0.9773527470942178,1.0
2,12,ROI_0011,4,mid-cloudy,400,0.26783129600395245,0.3252650715413326,0.23725012640834334,0.1696535060463716,0.6275133005327946,0.4275
2,13,ROI_0011,3,almost-clear,400,0.8190218503093627,0.026354692161910755,0.13093588491630032,0.02368757261242623,0.6261815912586308,0.81
2,14,ROI_0011,3,low-cloudy,400,0.22659322760063455,0.2308119854408467,0.3108525905025841,0.23174219645593463,0.6085447924992595,0.3425
2,15,ROI_0032,4,cloudy,400,0.5370212404614773,0.0,0.42444640865212035,0.03853235088640232,0.762738690913594,0.7225
2,16,ROI_0032,2,low-cloudy,400,0.5165450187393131,0.2243159475222035,0.0,0.25913903373848335,0.8297430944293606,0.695
2,17,ROI_0032,2,mid-cloudy,400,0.5219525939764013,0.2853624928111286,0.0,0.19268491321247022,0.9051833355722099,0.87
2,18,ROI_0032,2,almost-clear,400,0.615803551784963,0.21824062744855857,0.0,0.16595582076647844,0.907426387809875,0.7625
2,19,ROI_0032,1,cloud-free,400,1.0,0.0,0.0,0.0,0.9802646272120135,1.0
2,20,ROI_0044,3,low-cloudy,400,0.13310123088918138,0.37591718420107995,0.0,0.49098158490973864,0.6963930111828052,0.52
2,21,ROI_0044,2,mid-cloudy,400,0.03838181881342129,0.6658149381853552,0.0,0.29580324300122357,0.8382243323720298,0.8625
2,22,ROI_0044,2,cloudy,400,0.0,0.7849552842547312,0.0,0.21504471574526884,0.7981293503983821,0.835
2,23,ROI_0044,1,cloud-free,400,1.0,0.0,0.0,0.0,0.9792387499617952,1.0
2,24,ROI_0044,2,almost-clear,400,0.7368544972421752,0.1054033294606706,0.0,0.15774217329715418,0.9017082621978318,0.8775
2,25,ROI_0064,2,mid-cloudy,400,0.389901227801344,0.41528711098073573,0.0,0.19481166121792026,0.7502201322733281,0.7725
2,26,ROI_0064,4,cloudy,400,0.13670242125049695,0.1610847572766818,0.6257541077886839,0.0764587136841374,0.5809112213039164,0.505
2,27,ROI_0064,2,almost-clear,400,0.6152477410539561,0.28785592150717343,0.09251546813544799,0.0043808693034224815,0.6991598020853768,0.725
2,28,ROI_0064,1,cloud-free,400,1.0,0.0,0.0,0.0,0.5398057371876469,0.185
2,29,ROI_0064,2,low-cloudy,400,0.45398157333034844,0.35420968731786584,0.0,0.19180873935178575,0.7447023299184561,0.7525
2,30,ROI_0065,1,cloud-free,400,1.0,0.0,0.0,0.0,0.7538619050736363,0.9275
2,31,ROI_0065,3,low-cloudy,400,0.6489206078407911,0.14895341611310747,0.06762363893917346,0.13450233710692794,0.7567494668751132,0.81
2,32,ROI_0065,2,almost-clear,400,0.8697820372779169,0.08212489530301334,0.0,0.04809306741906971,0.7676270488888006,0.78
2,33,ROI_0065,2,cloudy,400,0.11309204457293279,0.6698252670014397,0.0,0.2170826884256275,0.7740884774703614,0.7325
2,34,ROI_0065,2,mid-cloudy,400,0.3934097830408251,0.3679775823005161,0.0,0.23861263465865887,0.6985438375058486,0.6725
2,35,ROI_0069,3,low-cloudy,400,0.5190809051995322,0.21921715602456374,0.2617019387759041,0.0,0.7818847771471684,0.7025
2,36,ROI_0069,2,cloudy,400,0.22142109996487586,0.7785789000351242,0.0,0.0,0.9488071221438967,0.985
2,37,ROI_0069,1,almost-clear,400,0.9287172737483644,0.04247706315785411,0.0,0.02880566309378148,0.8514966223202276,0.9625
2,38,ROI_0069,1,cloud-free,400,1.0,0.0,0.0,0.0,0.8991890137966115,0.9725
2,39,ROI_0069,3,mid-cloudy,400,0.4080731508678753,0.5919268491321247,0.0,0.0,0.8413881033224695,0.895
2,40,ROI_0079,1,cloud-free,400,0.9715687371902996,0.02843126280970044,0.0,0.0,0.8520015295867907,0.9625
2,41,ROI_0079,2,mid-cloudy,400,0.04933592197034904,0.7204233425067836,0.017203114084012337,0.21303762143885502,0.9178068357248287,0.905
2,42,ROI_0079,2,almost-clear,400,0.6724923865509242,0.21811325415603613,0.0,0.10939435929303963,0.7568980638711834,0.74
2,43,ROI_0079,2,low-cloudy,400,0.2757245803435991,0.43289164392603086,0.02983622882419012,0.26154754690617993,0.8538015660906281,0.83
2,44,ROI_0079,2,cloudy,400,0.044935753683211045,0.8180144433594126,0.0,0.13704980295737626,0.894774564773069,0.86
2,45,ROI_0085,2,mid-cloudy,400,0.2841041990728768,0.5702077728586813,0.0,0.14568802806844192,0.8845112863763243,0.855
2,46,ROI_0085,2,low-cloudy,400,0.47150119074729524,0.337211142461238,0.0,0.19128766679146675,0.8435799154282958,0.86
2,47,ROI_0085,2,cloudy,400,0.22778204499751042,0.6005650742431904,0.0,0.17165288075929921,0.7999346351518802,0.7925
2,48,ROI_0085,1,cloud-free,400,1.0,0.0,0.0,0.0,0.9143236324877608,0.9875
2,49,ROI_0085,2,almost-clear,400,0.7597006341646049,0.14582312095445055,0.0,0.09447624488094457,0.9096149646948206,0.945
2,50,ROI_0106,1,cloud-free,400,1.0,0.0,0.0,0.0,0.8489060418834594,0.9925
2,51,ROI_0106,2,mid-cloudy,400,0.2840617413087027,0.5782438696778228,0.0,0.13769438901347456,0.8611598427080815,0.905
2,52,ROI_0106,2,almost-clear,400,0.7592335987586893,0.15807797561380418,0.0,0.08268842562750646,0.92317832620776,0.835
2,53,ROI_0106,2,low-cloudy,400,0.6770816848784743,0.3222081125207947,0.0,0.0007102026007310455,0.9078392701008717,0.9525
2,54,ROI_0106,2,cloudy,400,0.20845218290804807,0.791547817091952,0.0,0.0,0.9587853375491278,0.99
2,55,ROI_0120,1,cloud-free,400,1.0,0.0,0.0,0.0,0.9654519453432205,1.0
2,56,ROI_0120,3,low-cloudy,400,0.6579525322196533,0.05951420598191299,0.19402426268232714,0.08850899911610655,0.7346837841439323,0.75
2,57,ROI_0120,3,cloudy,400,0.05428804119175084,0.7942110768446934,0.08410883082896854,0.06739205113458725,0.7307658757172699,0.795
2,58,ROI_0120,4,mid-cloudy,400,0.39745485002759756,0.057070954643528474,0.4928342873464283,0.052639907982445645,0.682088034010436,0.49
2,59,ROI_0120,3,almost-clear,400,0.9342792408551766,0.0,0.06572075914482343,0.0,0.6789096376669497,0.7375
2,60,ROI_0141,1,cloud-free,400,1.0,0.0,0.0,0.0,0.9862827326078393,1.0
2,61,ROI_0141,3,low-cloudy,400,0.7597315125385498,0.0,0.20631771530911183,0.03395077215233846,0.8086024936160505,0.7725
2,62,ROI_0141,3,mid-cloudy,400,0.20290179519146523,0.6431965292707686,0.0,0.15390167553776618,0.7495051403712358,0.835
2,63,ROI_0141,3,cloudy,400,0.05231568505602495,0.042129681450974794,0.7560454066488859,0.14950922684411438,0.7336094356752757,0.7275
2,64,ROI_0141,3,almost-clear,400,0.6139006719906129,0.0,0.386099328009387,0.0,0.5320047069868912,0.7375
2,65,ROI_0153,3,low-cloudy,400,0.5931079469355144,0.08182383115705127,0.32506822190743434,0.0,0.8309416507689537,0.82
2,66,ROI_0153,4,mid-cloudy,400,0.45128357540691905,0.044001682871379996,0.5047147417217009,0.0,0.758148368334026,0.5425
2,67,ROI_0153,2,almost-clear,400,0.859414623225941,0.14058537677405908,0.0,0.0,0.9417697248345803,0.9425
2,68,ROI_0153,1,cloud-free,400,1.0,0.0,0.0,0.0,0.971303880162186,1.0
2,69,ROI_0153,3,cloudy,400,0.1317117040616641,0.42095329259961173,0.44733500333872417,0.0,0.6883001907257622,0.635
2,70,ROI_0154,2,low-cloudy,400,0.6064705632601387,0.19602749719199786,0.0,0.1975019395478634,0.9249658803706353,0.875
2,71,ROI_0154,4,mid-cloudy,400,0.03584979214994538,0.41009954415800465,0.3987324427495648,0.15531822094248518,0.6066943939165439,0.4275
2,72,ROI_0154,2,almost-clear,400,0.8812379140114481,0.076258004253496,0.0,0.042504081735055835,0.967727868154964,0.935
2,73,ROI_0154,3,cloudy,400,0.33843469802880183,0.16355116739552494,0.29424774491375283,0.2037663896619204,0.8107296128840521,0.405
2,74,ROI_0154,1,cloud-free,400,1.0,0.0,0.0,0.0,0.9716467788508533,0.9975
2,75,ROI_0159,3,low-cloudy,400,0.7051269680138644,0.21064840725487396,0.0,0.08422462473126165,0.8070289960650382,0.715
2,76,ROI_0159,3,cloudy,400,0.09134980951903073,0.8350940439476457,0.0,0.07355614653332355,0.7642106451133767,0.7475
2,77,ROI_0159,1,cloud-free,400,1.0,0.0,0.0,0.0,0.9421830194838349,0.995
2,78,ROI_0159,3,almost-clear,400,0.33647778108004833,0.024467251554533137,0.6390549673654186,0.0,0.6933172103498151,0.845
2,79,ROI_0159,3,mid-cloudy,400,0.15345007931882307,0.589174814054292,0.0,0.257375106626885,0.6677069329219191,0.6475
2,80,ROI_0165,2,low-cloudy,400,0.41042376708442535,0.3351114130329897,0.0,0.25446481988258496,0.7294455019291536,0.7625
2,81,ROI_0165,2,mid-cloudy,400,0.24274261717377962,0.560280375635419,0.0,0.19697700719080133,0.8239059691056293,0.75
2,82,ROI_0165,1,cloud-free,400,1.0,0.0,0.0,0.0,0.9713715842432609,1.0
2,83,ROI_0165,2,almost-clear,400,0.7004604737514523,0.18217854647774248,0.0,0.11736097977080527,0.9206331635801064,0.8825
2,84,ROI_0165,3,cloudy,400,0.21490190326577402,0.3680895164060661,0.2918971286972028,0.1251114516309571,0.6702310721026814,0.695
2,85,ROI_0197,2,cloudy,400,0.024606204237284865,0.8937706740363053,0.0,0.08162312172640988,0.8880817408258598,0.84
2,86,ROI_0197,2,low-cloudy,400,0.473357752980728,0.2996476005573547,0.043970804497435165,0.18302384196448215,0.7844455430900525,0.6825
2,87,ROI_0197,2,mid-cloudy,400,0.3860337114647543,0.491367564584049,0.0,0.12259872395119673,0.8312368559998763,0.855
2,88,ROI_0197,1,cloud-free,400,1.0,0.0,0.0,0.0,0.8983971135845462,0.985
2,89,ROI_0197,2,almost-clear,400,0.8545667185166029,0.10138142125435674,0.0,0.04405186022904034,0.9166578606912078,0.9125
2,90,ROI_0201,2,mid-cloudy,400,0.3322744624268086,0.5052473936722492,0.0,0.16247814390094217,0.9092190485155375,0.895
2,91,ROI_0201,1,cloud-free,400,1.0,0.0,0.0,0.0,0.969485342265426,1.0
2,92,ROI_0201,2,almost-clear,400,0.7949521578193692,0.09431027362099112,0.0,0.11073756855963965,0.7753789369321262,0.855
2,93,ROI_0201,4,cloudy,400,0.0,0.39448280653540785,0.4969565502680629,0.10856064319652928,0.6677247061046055,0.49
2,94,ROI_0201,2,low-cloudy,400,0.47383250798012977,0.30386635839756676,0.0,0.22230113362230344,0.884488851535544,0.865
2,95,ROI_0212,5,low-cloudy,400,0.36421428047599014,0.20545698063539974,0.3388554158738001,0.09147332301481004,0.9215752330729914,0.325
2,96,ROI_0212,1,cloud-free,400,1.0,0.0,0.0,0.0,0.9377665932063556,0.9925
2,97,ROI_0212,2,almost-clear,400,0.733488754482189,0.14461500457385915,0.0,0.12189624094395189,0.8574673148733686,0.8325
2,98,ROI_0212,2,cloudy,400,0.013119449129808823,0.8569057553429237,0.0,0.12997479552726754,0.7451667061208984,0.7825
2,99,ROI_0212,2,mid-cloudy,400,0.1542490572446455,0.42365129052304107,0.0,0.42209965223231344,0.7068442365423216,0.7325
2,100,ROI_0235,2,low-cloudy,400,0.20977223339418946,0.6005843732269058,0.0,0.18964339337890468,0.9057006322495289,0.895
2,101,ROI_0235,3,cloudy,400,0.0,0.19871391572519792,0.6359555505807064,0.16533053369409567,0.7618907755509519,0.2225
2,102,ROI_0235,1,cloud-free,400,1.0,0.0,0.0,0.0,0.9566110954434837,0.9875
2,103,ROI_0235,2,mid-cloudy,400,0.010027751938582914,0.8128693343008557,0.09094453086100486,0.0861583828995565,0.889109275827073,0.8975
2,104,ROI_0235,2,almost-clear,400,0.7845114076292743,0.1435882986401936,0.04636387847815934,0.02553641525237281,0.8864175640916128,0.8975
2,105,ROI_0243,2,low-cloudy,400,0.857141202944253,0.0874668539954686,0.0,0.05539194306027845,0.9634633528110841,0.9125
2,106,ROI_0243,3,cloudy,400,0.20512889791223593,0.48479819052728684,0.15146228399612477,0.15861062756435246,0.8317964582802092,0.5025
2,107,ROI_0243,2,mid-cloudy,400,0.2977408609662615,0.5019704262373543,0.014640209046591607,0.18564850374979253,0.8870728688809606,0.7625
2,108,ROI_0243,1,cloud-free,400,1.0,0.0,0.0,0.0,0.9717860377274732,1.0
2,109,ROI_0243,3,almost-clear,400,0.6624955129862862,0.057831334601919866,0.2756126462380491,0.00406050617374489,0.95936410439894,0.6675
2,110,ROI_0245,4,cloudy,400,0.15742181016747658,0.07847738738078053,0.7641008024517429,0.0,0.705389449072594,0.375
2,111,ROI_0245,1,cloud-free,400,1.0,0.0,0.0,0.0,0.9010909597188224,0.99
2,112,ROI_0245,2,almost-clear,400,0.813591116291816,0.11106951107954655,0.0,0.07533937262863738,0.9210991047386904,0.9
2,113,ROI_0245,2,low-cloudy,400,0.6205626811692097,0.258641119958623,0.0,0.12079619887216739,0.6483992235793599,0.385
2,114,ROI_0245,2,mid-cloudy,400,0.28389962984549233,0.5292669088045824,0.0,0.18683346134992532,0.8645594227963584,0.81
2,115,ROI_0264,1,cloud-free,400,1.0,0.0,0.0,0.0,0.9803671226810532,1.0
2,116,ROI_0264,2,low-cloudy,400,0.10553070275319301,0.6489090284505618,0.0,0.24556026879624518,0.8625938677559901,0.8175
2,117,ROI_0264,4,cloudy,400,0.21691671716567407,0.09388569597924973,0.6424091307351755,0.04678845611990073,0.5494273021185079,0.6425
2,118,ROI_0264,2,mid-cloudy,400,0.07213188153511836,0.7983179005793555,0.0,0.12955021788552615,0.8872633043093167,0.8925
2,119,ROI_0264,2,almost-clear,400,0.4769164855778695,0.16175636190998183,0.0,0.3613271525121487,0.7605611077539355,0.88
2,120,ROI_0268,3,almost-clear,400,0.8937745338330484,0.034919581134857436,0.07130588503209422,0.0,0.9555416214946533,0.9025
2,121,ROI_0268,2,low-cloudy,400,0.2332513769824881,0.4633917577900348,0.0,0.3033568652274771,0.815802604552199,0.5175
2,122,ROI_0268,3,cloudy,400,0.0,0.43563209961363436,0.532532296849248,0.031835603537117736,0.8403060878843519,0.4725
2,123,ROI_0268,3,mid-cloudy,400,0.5613341001462863,0.11777011822557425,0.24683014192472624,0.07406563970341322,0.9304356482209779,0.575
2,124,ROI_0268,2,cloud-free,400,1.0,0.0,0.0,0.0,0.9897808856817341,1.0
2,125,ROI_0271,1,cloud-free,400,1.0,0.0,0.0,0.0,0.8201356697790773,0.9775
2,126,ROI_0271,2,cloudy,400,0.0,0.43319270807199295,0.4845588831292144,0.08224840879879265,0.675297635686594,0.5075
2,127,ROI_0271,2,mid-cloudy,400,0.10753779705960684,0.383563441549168,0.3652873039705729,0.14361145742065223,0.6687166134781845,0.575
2,128,ROI_0271,2,low-cloudy,400,0.6100138566703077,0.26500592478800067,0.0,0.1249802185416916,0.839643852258132,0.83
2,129,ROI_0271,3,almost-clear,400,0.8979238153318846,0.06707168800490966,0.0,0.035004496663205716,0.7855511627868613,0.9225
2,130,ROI_0285,1,cloud-free,400,1.0,0.0,0.0,0.0,0.9681365520849909,1.0
2,131,ROI_0285,2,almost-clear,400,0.9394938262551094,0.041531412955793746,0.0,0.018974760789096847,0.5265490534343062,0.695
2,132,ROI_0285,2,low-cloudy,400,0.7656563005392136,0.13251454178422964,0.0,0.10182915767655676,0.7641641115215485,0.7275
2,133,ROI_0285,2,mid-cloudy,400,0.12600306467861402,0.6581069240893774,0.00046317560917242097,0.2154268356228361,0.8541423735228192,0.8725
2,134,ROI_0285,2,cloudy,400,0.0,0.9317858121591317,0.0,0.0682141878408683,0.9792618402981067,0.9125
2,135,ROI_0309,2,almost-clear,400,0.6941265472960194,0.1898904203704633,0.0008645944704551859,0.11511843786306213,0.9337685690325809,0.82
2,136,ROI_0309,2,mid-cloudy,400,0.22953439271887943,0.6561461473438809,0.0,0.1143194599372397,0.8168038435721126,0.8775
2,137,ROI_0309,3,cloudy,400,0.23451353051748294,0.29996024409354605,0.34858210366642095,0.11694412172255009,0.6120315470956659,0.3525
2,138,ROI_0309,1,cloud-free,400,1.0,0.0,0.0,0.0,0.9448092554719341,0.995
2,139,ROI_0309,2,low-cloudy,400,0.5241063605590529,0.3223547847970326,0.0,0.15353885464391445,0.9275867405901126,0.915
2,140,ROI_0331,1,cloud-free,400,1.0,0.0,0.0,0.0,0.9570348376815855,1.0
2,141,ROI_0331,2,low-cloudy,400,0.6094850645165025,0.29225608979431145,0.0,0.09825884568918601,0.880607148454494,0.885
2,142,ROI_0331,2,mid-cloudy,400,0.28333223972425614,0.5446752174030516,0.0,0.17199254287269233,0.8560132280111565,0.855
2,143,ROI_0331,3,cloudy,400,0.15316445435983342,0.5967284362805455,0.15647615996541622,0.0936309493942049,0.6870771624438299,0.7275
2,144,ROI_0331,2,almost-clear,400,0.9353908623171904,0.03989485913671786,0.0,0.02471427854609176,0.9441702017319854,0.975
2,145,ROI_0342,2,cloudy,400,0.007044129056163902,0.8910958348933345,0.0,0.10186003605050158,0.6600162908997974,0.5775
2,146,ROI_0342,2,mid-cloudy,400,0.1586415059382973,0.5187451028828822,0.0,0.32261339117882054,0.8175031727252714,0.7675
2,147,ROI_0342,4,low-cloudy,400,0.17138269498728198,0.2974397968202994,0.31768443073787733,0.21349307745454124,0.6648293249921968,0.4475
2,148,ROI_0342,1,cloud-free,400,1.0,0.0,0.0,0.0,0.9900892937312606,1.0
2,149,ROI_0342,1,almost-clear,400,0.9875405761132618,0.004504382799201794,0.0,0.00795504108753633,0.9905891231817924,0.9875
2,150,ROI_0343,4,low-cloudy,400,0.16169846495883528,0.2688927401083059,0.19162732890485987,0.37778146602799895,0.5755819517974874,0.38
2,151,ROI_0343,4,mid-cloudy,400,0.15708214805408346,0.2604822430050833,0.18540919635172012,0.39702641258911303,0.6028377089954776,0.345
2,152,ROI_0343,1,cloud-free,400,1.0,0.0,0.0,0.0,0.872319224118829,0.9875
2,153,ROI_0343,2,almost-clear,400,0.6956936247737194,0.012374508358389847,0.0,0.29193186686789074,0.8007892269523192,0.82
2,154,ROI_0343,2,cloudy,400,0.0,0.8078245799576195,0.0,0.19217542004238056,0.911141772627821,0.8125
2,155,ROI_0362,2,mid-cloudy,400,0.9741123432440048,0.019850934649781344,0.0,0.006036722106213887,0.7973546022608801,0.5825
2,156,ROI_0362,3,cloudy,400,0.0649256410157441,0.7486500360890995,0.0,0.18642432289515634,0.8156661613962263,0.8475
2,157,ROI_0362,4,almost-clear,400,0.0,0.03447570450940053,0.9655242954905995,0.0,0.5334470230527176,0.0825
2,158,ROI_0362,1,cloud-free,400,1.0,0.0,0.0,0.0,0.8600854208977335,0.9675
2,159,ROI_0362,3,low-cloudy,400,0.6584774645767154,0.27944542440395087,0.0,0.06207711101933372,0.8346551532309021,0.9075
2,160,ROI_0374,3,almost-clear,400,0.6288612441668822,0.16067175902516972,0.0,0.2104669968079481,0.5434852454639967,0.295
2,161,ROI_0374,4,low-cloudy,400,0.43369448164859636,0.5663055183514036,0.0,0.0,0.7698591392811371,0.485
2,162,ROI_0374,3,mid-cloudy,400,0.32130106028616534,0.4609832446223382,0.0,0.2177156950914965,0.7689446226469832,0.495
2,163,ROI_0374,1,cloud-free,400,1.0,0.0,0.0,0.0,0.8108460379231448,0.9825
2,164,ROI_0374,2,cloudy,400,0.014177033437419186,0.801919090940671,0.0,0.18390387562190974,0.8202054341546252,0.7725
2,165,ROI_0391,1,cloud-free,400,1.0,0.0,0.0,0.0,0.9641864240578112,1.0
2,166,ROI_0391,5,almost-clear,400,0.7048953802092782,0.007982059664738054,0.2764811005052474,0.010641459620736373,0.8950710189574457,0.705
2,167,ROI_0391,4,mid-cloudy,400,0.45995653868867264,0.2425959448975417,0.0,0.29744751641378564,0.7843219371671302,0.54
2,168,ROI_0391,5,low-cloudy,400,0.020534118673310665,0.8066859399184039,0.0,0.17277994140828545,0.8879608977143688,0.7175
2,169,ROI_0391,2,cloudy,400,0.06376770199281306,0.7249624634766734,0.0,0.21126983453051362,0.8270106377893924,0.76
2,170,ROI_0400,1,cloud-free,400,1.0,0.0,0.0,0.0,0.9828705601525257,1.0
2,171,ROI_0400,3,low-cloudy,400,0.6371173494003806,0.2640718539761696,0.0,0.09881079662344981,0.9450378377968036,0.605
2,172,ROI_0400,3,cloudy,400,0.15697407374527658,0.6334196641204874,0.0,0.209606262134236,0.8529510365248096,0.1875
2,173,ROI_0400,2,almost-clear,400,0.5804825517888228,0.26824429425546453,0.0,0.1512731539557127,0.8911102444869222,0.7925
2,174,ROI_0400,3,mid-cloudy,400,0.2171791833442051,0.3252264735739016,0.20811638059139806,0.24947796249049525,0.7409707884091375,0.5625
2,175,ROI_0405,4,low-cloudy,400,0.34006739205113456,0.4275921429977497,0.0,0.23234046495111568,0.8260060622454527,0.78
2,176,ROI_0405,4,mid-cloudy,400,0.2645311697885989,0.451021109228388,0.0,0.284447720983013,0.7565389821948795,0.77
2,177,ROI_0405,4,almost-clear,400,0.7686206244379171,0.1818736225350373,0.0,0.049505753027045594,0.7793163542936122,0.7625
2,178,ROI_0405,1,cloud-free,400,1.0,0.0,0.0,0.0,0.9325401856468478,0.9475
2,179,ROI_0405,4,cloudy,400,0.07675205823661325,0.8839243325446482,0.03926185247084889,6.175674788965613e-05,0.9444219404304648,0.8875
2,180,ROI_0413,3,low-cloudy,400,0.10328816084544988,0.8323034109023819,0.04680003551013004,0.017608392742038206,0.9420351315232697,0.905
2,181,ROI_0413,3,mid-cloudy,400,0.16533825328758187,0.7671075841146205,0.05438453611032843,0.01316962648746917,0.9189767486933281,0.88
2,182,ROI_0413,1,almost-clear,400,1.0,0.0,0.0,0.0,0.8805347054282939,0.7925
2,183,ROI_0413,4,cloudy,400,0.16119283158548872,0.31153191472937036,0.5076057294822854,0.019669524202855476,0.806828317645735,0.465
2,184,ROI_0413,1,cloud-free,400,1.0,0.0,0.0,0.0,0.8892656172053782,0.795
2,185,ROI_0428,2,cloudy,400,0.0454452468533007,0.8817319679945654,0.0,0.07282278515213389,0.9335504655295911,0.9275
2,186,ROI_0428,4,mid-cloudy,400,0.34788734025266227,0.46104500137022786,0.0,0.19106765837710987,0.7477819124520367,0.7125
2,187,ROI_0428,3,low-cloudy,400,0.6296795210764201,0.23652062482389677,0.0,0.13379985409968312,0.7936610076356299,0.7925
2,188,ROI_0428,1,cloud-free,400,1.0,0.0,0.0,0.0,0.7878466122669476,0.905
2,189,ROI_0428,2,almost-clear,400,0.5601954601070708,0.3352735244962,0.0,0.10453101539672921,0.8122729142204497,0.86
2,190,ROI_0489,1,cloud-free,400,1.0,0.0,0.0,0.0,0.9198690382692657,1.0
2,191,ROI_0489,2,cloudy,400,0.0,0.9113829265750866,0.0,0.08861707342491344,0.9824469555794291,0.945
2,192,ROI_0489,2,low-cloudy,400,0.8057132711391418,0.12549357150852436,0.0,0.06879315735233382,0.9127809688339732,0.9075
2,193,ROI_0489,2,almost-clear,400,0.8481015589719045,0.10570053380988957,0.0,0.04619790721820589,0.9148507614449984,0.9075
2,194,ROI_0489,2,mid-cloudy,400,0.6419806932966909,0.22660480699086386,0.041342282915381674,0.09007221679706347,0.9147872003619847,0.77
2,195,ROI_0502,3,mid-cloudy,400,0.4182244163022375,0.5812931091048745,0.0,0.0004824745928879385,0.835936661163094,0.4075
2,196,ROI_0502,1,cloud-free,400,1.0,0.0,0.0,0.0,0.9424764595345109,1.0
2,197,ROI_0502,4,almost-clear,400,0.1620574260559439,0.0,0.8379425739440561,0.0,0.7350221188759193,0.8425
2,198,ROI_0502,3,low-cloudy,400,0.3515194089879227,0.40867913895654256,0.0,0.23980145205553474,0.8599215245415724,0.6475
2,199,ROI_0502,2,cloudy,400,0.0,0.88551842859955,0.0,0.11448157140045005,0.9747568441105376,0.885
2,200,ROI_0503,3,low-cloudy,400,0.0,0.04578876876343692,0.8836811653498327,0.0705300658867304,0.6520948399134677,0.375
2,201,ROI_0503,1,almost-clear,400,1.0,0.0,0.0,0.0,0.7084097353629021,0.2925
2,202,ROI_0503,1,cloud-free,400,1.0,0.0,0.0,0.0,0.9427239465589401,0.9925
2,203,ROI_0503,2,mid-cloudy,400,0.29584184096865457,0.5914520941327229,0.04135000250886788,0.07135606238975456,0.8593027633061157,0.8125
2,204,ROI_0503,2,cloudy,400,0.0,0.974490603324829,0.0,0.025509396675171086,0.9967332055501344,0.985
2,205,ROI_0535,1,cloud-free,400,1.0,0.0,0.0,0.0,0.9039617868484824,0.9775
2,206,ROI_0535,3,mid-cloudy,400,0.0615097208980975,0.12985900162497443,0.8086312774769281,0.0,0.6294615549474046,0.3525
2,207,ROI_0535,4,almost-clear,400,0.34068495953003114,0.06845349523894072,0.5795523407737349,0.01130920445729328,0.842103635038267,0.4
2,208,ROI_0535,3,cloudy,400,0.06640394316835276,0.0376291584485161,0.8959668983831311,0.0,0.9422195082545045,0.0375
2,209,ROI_0535,2,low-cloudy,400,0.6273520636403287,0.26368973409860236,0.0,0.10895820226106893,0.8256629684132423,0.875
2,210,ROI_0539,3,low-cloudy,400,0.5280394934402755,0.1857179800911684,0.2862425264685562,0.0,0.8207312580986138,0.905
2,211,ROI_0539,4,almost-clear,400,0.6684743381413535,0.0,0.3315256618586465,0.0,0.626811915303116,0.655
2,212,ROI_0539,2,cloudy,400,0.0,0.9744442857639116,0.0,0.025555714236088326,0.9578828206711124,0.96
2,213,ROI_0539,1,cloud-free,400,1.0,0.0,0.0,0.0,0.960196109030877,1.0
2,214,ROI_0539,3,mid-cloudy,400,0.10482435994920508,0.5559998610473172,0.3391757790034777,0.0,0.6148701299272964,0.4475
2,215,ROI_0583,2,cloudy,400,0.0,0.9696774367861788,0.0,0.03032256321382116,0.9979300413526068,0.98
2,216,ROI_0583,2,almost-clear,400,0.7104110297551731,0.1521493278163972,0.0,0.1374396424284297,0.9361454130400872,0.92
2,217,ROI_0583,3,low-cloudy,400,0.6329835070885167,0.02429356070109348,0.3427229322103898,0.0,0.9479050872266274,0.62
2,218,ROI_0583,2,mid-cloudy,400,0.10960664811391033,0.7179376334042249,0.0,0.17245571848186475,0.8311576169153848,0.7475
2,219,ROI_0583,1,cloud-free,400,1.0,0.0,0.0,0.0,0.9674706451397891,0.995
2,220,ROI_0591,4,almost-clear,400,0.2102662873773067,0.08486535099061683,0.7048683616320764,0.0,0.624696868215523,0.2575
2,221,ROI_0591,2,low-cloudy,400,0.7920881886359864,0.12537391780948814,0.0,0.08253789355452541,0.9620042746026602,0.8125
2,222,ROI_0591,1,cloud-free,400,1.0,0.0,0.0,0.0,0.9817987637401309,1.0
2,223,ROI_0591,4,mid-cloudy,400,0.10591282263076027,0.007136764177998386,0.8869504131912413,0.0,0.7773312791134538,0.9
2,224,ROI_0591,2,cloudy,400,0.0,0.601966180460937,0.0,0.3980338195390631,0.631976494079764,0.1325
2,225,ROI_0593,2,mid-cloudy,400,0.16033981650526283,0.6564394918963568,0.0,0.18322069159838042,0.815770261555852,0.79
2,226,ROI_0593,2,almost-clear,400,0.5880168750313608,0.2600422261763696,0.0,0.1519408987922696,0.8877416825559783,0.8075
2,227,ROI_0593,1,cloud-free,400,1.0,0.0,0.0,0.0,0.9612141542042285,1.0
2,228,ROI_0593,3,cloudy,400,0.14882990261732817,0.6648963065604965,0.09311373663062904,0.09316005419154627,0.9012338073175339,0.87
2,229,ROI_0593,2,low-cloudy,400,0.021630300948352058,0.41465024451812366,0.0,0.5637194545335242,0.9078254140723868,0.7725
2,230,ROI_0628,1,cloud-free,400,1.0,0.0,0.0,0.0,0.9799363500622225,1.0
2,231,ROI_0628,2,cloudy,400,0.0,0.8639962019600048,0.0,0.1360037980399952,0.9047571102277,0.8525
2,232,ROI_0628,3,almost-clear,400,0.7016763097255299,0.1512615745654834,0.07271857064007009,0.07434354506891667,0.8277784794205388,0.7825
2,233,ROI_0628,2,low-cloudy,400,0.6109672264658543,0.15999243479838351,0.1514121066384644,0.07762823209729776,0.8328748878258452,0.745
2,234,ROI_0628,2,mid-cloudy,400,0.14705439611550056,0.767424087447555,0.0,0.08552151643694443,0.9586071084059092,0.9525
2,235,ROI_0634,1,cloud-free,400,1.0,0.0,0.0,0.0,0.9907275517623537,1.0
2,236,ROI_0634,3,low-cloudy,400,0.053211157900424966,0.0,0.946788842099575,0.0,0.8671624924184141,0.0675
2,237,ROI_0634,3,mid-cloudy,400,0.053218877493911174,0.0789984599410995,0.8677826625649894,0.0,0.6632908216835477,0.835
2,238,ROI_0634,2,cloudy,400,0.0,0.5266654057997305,0.42087995646149273,0.05245463773877668,0.7439583462951365,0.5375
2,239,ROI_0634,3,almost-clear,400,0.5740521304148124,0.0,0.42594786958518766,0.0,0.7608092529263211,0.75
2,240,ROI_0679,3,mid-cloudy,400,0.02274192241036587,0.38141739456000245,0.5736854497242175,0.02215523330541414,0.6811495996539776,0.6425
2,241,ROI_0679,3,cloudy,400,0.007488005681620806,0.4097367232641529,0.5592150717343225,0.023560199319903812,0.9410739415903788,0.3975
2,242,ROI_0679,1,cloud-free,400,1.0,0.0,0.0,0.0,0.5909038142524252,0.765
2,243,ROI_0679,2,almost-clear,400,0.43946873757627924,0.0,0.5605312624237208,0.0,0.5893692917764367,0.41
2,244,ROI_0679,3,low-cloudy,400,0.29027601406509934,0.0,0.7097239859349007,0.0,0.7039174271499511,0.85
2,245,ROI_0687,3,almost-clear,400,0.7202573712468301,1.543918697241403e-05,0.27972718956619746,0.0,0.6181695725261411,0.8875
2,246,ROI_0687,2,low-cloudy,400,0.4754111648480591,0.346906951879914,0.0,0.17768188327202689,0.7048053653054862,0.83
2,247,ROI_0687,2,cloudy,400,0.0,1.0,0.0,0.0,0.998622719229443,1.0
2,248,ROI_0687,1,cloud-free,400,1.0,0.0,0.0,0.0,0.7569741392307229,0.9425
2,249,ROI_0687,2,mid-cloudy,400,0.0,0.8861591548589052,0.08772546037725654,0.026115384763838335,0.9625678738072301,0.875
2,250,ROI_0702,4,mid-cloudy,400,0.39820365059575963,0.41134239870928396,0.09501275662823595,0.09544119406672044,0.7049680935899713,0.595
2,251,ROI_0702,2,low-cloudy,400,0.4827717972371575,0.37527645794172476,0.0,0.14195174482111772,0.8972320033227217,0.9225
2,252,ROI_0702,1,cloud-free,400,1.0,0.0,0.0,0.0,0.8229965980972141,0.9525
2,253,ROI_0702,2,almost-clear,400,0.78010351974865,0.1438893627861557,0.0,0.07600711746519428,0.840324131558729,0.8875
2,254,ROI_0702,2,cloudy,400,0.1912297698403202,0.5979211134741644,0.14125312161061598,0.06959599507489936,0.8650143640470038,0.6
2,255,ROI_0709,1,cloud-free,400,1.0,0.0,0.0,0.0,0.9333674459555261,0.9925
2,256,ROI_0709,3,low-cloudy,400,0.11988142704405186,0.1168321876170001,0.7149154125543749,0.04837097278457316,0.496159559519629,0.555
2,257,ROI_0709,3,cloudy,400,0.04580806774715244,0.11372505123880176,0.7292159594875733,0.11125092152647241,0.554638061916319,0.7875
2,258,ROI_0709,2,almost-clear,400,0.5270282266935823,0.32297621207267224,0.0,0.14999556123374544,0.8723685288246191,0.9275
2,259,ROI_0709,2,mid-cloudy,400,0.461461859418483,0.47150891034078146,0.0,0.06702923024073552,0.8864539695869434,0.925
2,260,ROI_0724,2,mid-cloudy,400,0.3084093391641996,0.5577908067361173,0.011911332749217426,0.12188852135046568,0.7999064996619896,0.65
2,261,ROI_0724,2,low-cloudy,400,0.6355232533454789,0.2551248451256557,0.0,0.1093519015288655,0.7403635478068815,0.76
2,262,ROI_0724,4,cloud-free,400,0.8844955824626275,0.0,0.11550441753737248,0.0,0.5964394074352589,0.655
2,263,ROI_0724,3,cloudy,400,0.006993951698503557,0.7174011216569336,0.05341186733106634,0.22219305931349656,0.7671341033528144,0.8275
2,264,ROI_0724,1,almost-clear,400,1.0,0.0,0.0,0.0,0.6016352196215405,0.0
2,265,ROI_0736,1,cloud-free,400,1.0,0.0,0.0,0.0,0.9085962187549533,0.99
2,266,ROI_0736,2,cloudy,400,0.0,0.9800371312446686,0.0,0.019962868755331344,0.9954150571882073,0.9825
2,267,ROI_0736,3,mid-cloudy,400,0.16649233251376983,0.7632863853389481,0.014825479290260575,0.05539580285702155,0.9149198738645008,0.9325
2,268,ROI_0736,2,almost-clear,400,0.7957858739158796,0.11981967029616221,0.0,0.0843944557879582,0.8802537167651744,0.8675
2,269,ROI_0736,2,low-cloudy,400,0.6225929342560821,0.2877131090276786,0.0,0.08969395671623932,0.8233330347118004,0.82
2,270,ROI_0747,4,low-cloudy,400,0.698326006152516,0.05826363183714746,0.1709619771422837,0.07244838486805284,0.555190031338067,0.315
2,271,ROI_0747,2,almost-clear,400,0.8954651248065277,0.06969634979022005,0.0,0.03483852540325227,0.8008537992607389,0.9375
2,272,ROI_0747,2,mid-cloudy,400,0.13528973564252106,0.5693856361524002,0.053137821762306,0.2421868064427727,0.7331260552213871,0.685
2,273,ROI_0747,1,cloud-free,400,1.0,0.0,0.0,0.0,0.8858032309705944,1.0
2,274,ROI_0747,3,cloudy,400,0.0,0.23400403734739328,0.6577441031955257,0.10825185945708099,0.6046312952530352,0.2425
2,275,ROI_0754,2,mid-cloudy,400,0.39878262010722515,0.374763104974892,0.0,0.22645427491788284,0.8015419366825189,0.9125
2,276,ROI_0754,1,cloud-free,400,1.0,0.0,0.0,0.0,0.8987247729307108,0.99
2,277,ROI_0754,2,low-cloudy,400,0.6837977312114744,0.19705806292240652,0.0,0.1191442058661191,0.8109854050586941,0.945
2,278,ROI_0754,2,cloudy,400,0.08600013123308926,0.7901389912807192,0.0,0.12386087748619158,0.9012510538111463,0.9425
2,279,ROI_0754,2,almost-clear,400,0.8559446659538908,0.08422848452800476,0.0,0.05982684951810437,0.8954558111956485,0.9375
2,280,ROI_0792,2,mid-cloudy,400,0.4889204534489214,0.26539190446231103,0.0,0.24568764208876762,0.8369566348105602,0.8275
2,281,ROI_0792,4,cloudy,400,0.0,0.0008607346737120824,0.8047830601240539,0.19435620520223404,0.7102352343165318,0.3775
2,282,ROI_0792,1,cloud-free,400,1.0,0.0,0.0,0.0,0.8504219652450002,0.9625
2,283,ROI_0792,2,almost-clear,400,0.7889231553066416,0.10888100632620686,0.0,0.10219583836715158,0.797941042173185,0.89
2,284,ROI_0792,2,low-cloudy,400,0.5579529181993276,0.2483045842805918,0.0,0.1937424975200806,0.8626231049618938,0.795
2,285,ROI_0836,2,cloudy,400,0.37102296193082474,0.5005191426619474,0.0,0.12845789540722785,0.7789799198790329,0.685
2,286,ROI_0836,2,low-cloudy,400,0.9239388453804023,0.046224925795407615,0.0,0.02983622882419012,0.8397831710195465,0.8975
2,287,ROI_0836,3,almost-clear,400,0.8589012702591081,0.0,0.14109872974089185,0.0,0.7652672574501657,0.825
2,288,ROI_0836,2,mid-cloudy,400,0.2552792369953798,0.4625310231163227,0.06668570833059931,0.21550403155769818,0.7876988691624449,0.77
2,289,ROI_0836,1,cloud-free,400,1.0,0.0,0.0,0.0,0.8465200550661072,0.955
2,290,ROI_0846,2,almost-clear,400,1.0,0.0,0.0,0.0,0.5936491337815637,0.52
2,291,ROI_0846,2,low-cloudy,400,0.8951447616768501,0.055322466718902584,0.0,0.04953277160424732,0.6371564257132113,0.815
2,292,ROI_0846,2,mid-cloudy,400,0.6280120888833994,0.22990879300296047,0.0,0.14207911811364013,0.8506204598648636,0.89
2,293,ROI_0846,2,cloudy,400,0.3990219275052976,0.5208100941404425,0.0,0.08016797835425986,0.8230786241243636,0.885
2,294,ROI_0846,1,cloud-free,400,1.0,0.0,0.0,0.0,0.8742144783041342,0.9775
2,295,ROI_0868,2,almost-clear,400,0.6836433393417503,0.24838178021545385,0.0,0.06797488044279588,0.8540990783036623,0.84
2,296,ROI_0868,2,mid-cloudy,400,0.19075115504417536,0.5566830450708465,0.0,0.25256579988497807,0.7229115369366259,0.6825
2,297,ROI_0868,1,cloud-free,400,1.0,0.0,0.0,0.0,0.7905366497950987,1.0
2,298,ROI_0868,2,cloudy,400,0.0,0.90953408393514,0.0,0.09046591606486003,0.8881106141137604,0.9275
2,299,ROI_0868,4,low-cloudy,400,0.5399315272057773,0.19368074077219094,0.0,0.2663877320220317,0.45599919325629323,0.39
2,300,ROI_0870,1,cloud-free,400,1.0,0.0,0.0,0.0,0.9856021030182655,1.0
2,301,ROI_0870,2,low-cloudy,400,0.5272636742949116,0.3436068256645605,0.0,0.12912950004052787,0.9217683999426282,0.7975
2,302,ROI_0870,2,cloudy,400,0.22835329491548975,0.640637484030091,0.0,0.13100922105441928,0.9060048156160633,0.76
2,303,ROI_0870,2,almost-clear,400,0.7733913332123931,0.1346605887733952,0.0,0.09194807801421177,0.9572559215915188,0.8975
2,304,ROI_0870,4,mid-cloudy,400,0.1144120950590742,0.2926768076393097,0.38831485133992844,0.20459624596168766,0.7920314122766158,0.305
2,305,ROI_0873,2,low-cloudy,400,0.4841265858939868,0.3462623658238157,0.0,0.16961104828219745,0.810432699818804,0.79
2,306,ROI_0873,3,almost-clear,400,0.9030650645936985,0.06102338650846646,0.0,0.03591154889783504,0.7958351521331806,0.965
2,307,ROI_0873,2,cloudy,400,0.04345359173385929,0.49294236165523525,0.4251218730821635,0.038482173528741975,0.5514652416129823,0.615
2,308,ROI_0873,1,cloud-free,400,1.0,0.0,0.0,0.0,0.7508791101105499,0.98
2,309,ROI_0873,3,mid-cloudy,400,0.09701599113790668,0.8451449546666873,0.0,0.05783905419540607,0.8614260859172782,0.8775
2,310,ROI_0877,2,cloudy,400,0.050794925139242164,0.9492050748607578,0.0,0.0,0.9055503535907597,0.9375
2,311,ROI_0877,1,cloud-free,400,1.0,0.0,0.0,0.0,0.8409821631210295,1.0
2,312,ROI_0877,2,mid-cloudy,400,0.00235447601329314,0.8857538762008793,0.0,0.1118916477858276,0.8784029202704682,0.9525
2,313,ROI_0877,4,almost-clear,400,0.140284312628097,0.18224802281911834,0.6774676645527846,0.0,0.6360109463488015,0.21
2,314,ROI_0877,4,low-cloudy,400,0.35474233926841414,0.3677730130731316,0.2774846476584543,0.0,0.5882946945496141,0.335
2,315,ROI_0902,2,almost-clear,400,0.9868573920897326,0.006974652714788039,0.0,0.006167955195479406,0.8270625601175923,0.84
2,316,ROI_0902,4,cloudy,400,0.3375430849811449,0.0,0.6624569150188551,0.0,0.8642621837821486,0.3325
2,317,ROI_0902,4,low-cloudy,400,0.5490792454869327,0.0,0.45092075451306735,0.0,0.857618532826074,0.515
2,318,ROI_0902,2,mid-cloudy,400,0.25752177890312294,0.6752598608157294,0.0,0.0672183602811476,0.7859238290782039,0.5275
2,319,ROI_0902,1,cloud-free,400,1.0,0.0,0.0,0.0,0.8569672033513329,0.9625
2,320,ROI_0906,2,mid-cloudy,400,0.11910946769543115,0.7031430324879092,0.0,0.17774749981665966,0.8788394173504449,0.79
2,321,ROI_0906,2,cloudy,400,0.0,0.8186435902285386,0.0,0.18135640977146145,0.8705572061174953,0.885
2,322,ROI_0906,1,cloud-free,400,1.0,0.0,0.0,0.0,0.8993696919268156,1.0
2,323,ROI_0906,2,almost-clear,400,0.7842296424670276,0.12198887606578637,0.0,0.09378148146718594,0.6032392244577892,0.675
2,324,ROI_0906,2,low-cloudy,400,0.3093704285532324,0.46340719697700716,0.0,0.22722237446976043,0.7903350318360333,0.67
2,325,ROI_0908,2,low-cloudy,400,0.3421941400565846,0.4661708114450693,0.0,0.1916350484983461,0.662091576775722,0.6975
2,326,ROI_0908,3,cloudy,400,0.15971066963613695,0.6151435265418923,0.004921240847456973,0.22022456297451376,0.7396819174992117,0.74
2,327,ROI_0908,2,almost-clear,400,0.8624561430595065,0.07601869685542359,0.0,0.06152516008506992,0.9400889186962632,0.8925
2,328,ROI_0908,1,cloud-free,400,1.0,0.0,0.0,0.0,0.9402544873974531,1.0
2,329,ROI_0908,2,mid-cloudy,400,0.4898506644640093,0.37930994553826797,0.0,0.1308393899977227,0.7668991112996869,0.85
2,330,ROI_0913,3,low-cloudy,400,0.20347690490618764,0.4597017921036278,0.33682130299018453,0.0,0.6329466635014593,0.6225
2,331,ROI_0913,4,almost-clear,400,0.04998822761993353,0.21226952188697742,0.7377422504930891,0.0,0.5989420995009685,0.135
2,332,ROI_0913,2,cloudy,400,0.0,0.7801498373095673,0.0,0.21985016269043273,0.8260748389930014,0.8475
2,333,ROI_0913,1,cloud-free,400,1.0,0.0,0.0,0.0,0.8688416750296042,1.0
2,334,ROI_0913,4,mid-cloudy,400,0.4853887394289817,0.5146112605710184,0.0,0.0,0.662024611695868,0.57
2,335,ROI_0922,4,low-cloudy,400,0.645037652317229,0.16644215515610947,0.15023872842856095,0.03828146409810059,0.811680724356221,0.7725
2,336,ROI_0922,1,cloud-free,400,1.0,0.0,0.0,0.0,0.9324264093247646,1.0
2,337,ROI_0922,2,cloudy,400,0.0677818906056407,0.7941377407065744,0.0,0.1380803686877849,0.7666438584689067,0.615
2,338,ROI_0922,2,mid-cloudy,400,0.35400897788722446,0.6046294402136784,0.0,0.041361581899097194,0.8629010754759059,0.6475
2,339,ROI_0922,2,almost-clear,400,0.7130202523535111,0.16883908893357677,0.0,0.11814065871291218,0.9063644038505102,0.795
2,340,ROI_0930,1,cloud-free,400,1.0,0.0,0.0,0.0,0.9183297019662325,1.0
2,341,ROI_0930,2,mid-cloudy,400,0.17881280371775624,0.6785136694701657,0.0,0.14267352681207807,0.6907761660169972,0.58
2,342,ROI_0930,2,almost-clear,400,0.8831871113667155,0.08089747993870643,0.0,0.03591540869457814,0.6820278113131111,0.92
2,343,ROI_0930,2,low-cloudy,400,0.5259976609631737,0.30380074185293404,0.0,0.1702015971838923,0.7500325478610393,0.78
2,344,ROI_0930,2,cloudy,400,0.08901077269271,0.91098922730729,0.0,0.0,0.45524157178881064,0.05
2,345,ROI_0936,3,mid-cloudy,400,0.20264704860642038,0.6731138138265639,0.0,0.12423913756701573,0.8355955427143811,0.315
2,346,ROI_0936,4,almost-clear,400,0.10236180962710503,0.8976381903728949,0.0,0.0,0.6991067738245152,0.13
2,347,ROI_0936,2,low-cloudy,400,0.8166596547025834,0.11204989945229485,0.0,0.0712904458451218,0.725276845082989,0.9
2,348,ROI_0936,2,cloudy,400,0.0,0.854609176280777,0.0,0.14539082371922293,0.78217496308926,0.735
2,349,ROI_0936,1,cloud-free,400,1.0,0.0,0.0,0.0,0.9502772274548432,1.0
2,350,ROI_0944,3,mid-cloudy,400,0.03596172625549539,0.5853883534493074,0.37864992029519723,0.0,0.7175691838753595,0.6875
2,351,ROI_0944,2,low-cloudy,400,0.676251828578707,0.18992515854115122,0.0,0.13382301288014173,0.8811257271613546,0.7675
2,352,ROI_0944,2,almost-clear,400,0.8317900579355492,0.09780338967349979,0.0,0.07040655239095109,0.9074968369736822,0.8725
2,353,ROI_0944,3,cloudy,400,0.0,0.6936942500607918,0.2029828509230704,0.10332289901613781,0.798695385337266,0.0
2,354,ROI_0944,1,cloud-free,400,1.0,0.0,0.0,0.0,0.8659840342138484,1.0
2,355,ROI_0949,2,almost-clear,400,0.9263010409871816,0.04798885290700592,0.0,0.025710106105812466,0.6849565062116931,0.93
2,356,ROI_0949,4,mid-cloudy,400,0.2830813529359544,0.5309382007943462,0.0,0.18598044626969945,0.650308892653743,0.68
2,357,ROI_0949,2,low-cloudy,400,0.6349481436307564,0.21067156603533257,0.0,0.154380290333911,0.8420796798235011,0.6775
2,358,ROI_0949,1,cloud-free,400,1.0,0.0,0.0,0.0,0.754421150645895,1.0
2,359,ROI_0949,3,cloudy,400,0.21396011286045677,0.6802158398338743,0.0,0.10582404730566888,0.5815304751457063,0.6625
2,360,ROI_0963,2,cloudy,400,0.03205947174821774,0.8414974467444545,0.0,0.12644308150732783,0.8281355425298896,0.8675
2,361,ROI_0963,2,low-cloudy,400,0.29812298084382877,0.3708955886383023,0.0,0.33098143051786894,0.6201070761799862,0.68
2,362,ROI_0963,3,mid-cloudy,400,0.1178395945669501,0.6944044526615228,0.0,0.18775595277152704,0.8231958905915863,0.8075
2,363,ROI_0963,4,almost-clear,400,0.7886722685183398,0.20393622071861695,0.0,0.0073915107630432185,0.863403700826413,0.7525
2,364,ROI_0963,1,cloud-free,400,1.0,0.0,0.0,0.0,0.8844274217030077,0.975
2,365,ROI_0986,3,low-cloudy,400,0.32420362743697917,0.5159853482115632,0.0,0.15981102435145766,0.7344908936437341,0.58
2,366,ROI_0986,2,almost-clear,400,0.6466664865428187,0.19830477727042894,0.0,0.15502873618675242,0.7797839289598617,0.7425
2,367,ROI_0986,1,cloud-free,400,1.0,0.0,0.0,0.0,0.8875999784106193,0.985
2,368,ROI_0986,2,cloudy,400,0.0,0.9372744431278249,0.0,0.06272555687217511,0.9444571692220471,0.9475
2,369,ROI_0986,2,mid-cloudy,400,0.18212836912008212,0.6480560133703359,0.0,0.16981561750958193,0.7081160246199946,0.745
2,370,ROI_0994,1,cloud-free,400,1.0,0.0,0.0,0.0,0.9625763715212191,1.0
2,371,ROI_0994,2,cloudy,400,0.006530776089331136,0.8202840038443575,0.0,0.17318522006631132,0.9160172065729104,0.9125
2,372,ROI_0994,2,low-cloudy,400,0.33746974884302594,0.44556335663363966,0.06704466942770794,0.14992222509562647,0.9105962200895995,0.87
2,373,ROI_0994,2,mid-cloudy,400,0.2005781975521169,0.6152207224767544,0.0,0.18420107997112872,0.8996304754170441,0.9225
2,374,ROI_0994,2,almost-clear,400,0.8526561191287667,0.09052767281274968,0.0,0.05681620805848364,0.6560537208098487,0.915
2,375,ROI_0995,2,almost-clear,400,0.7240824298192458,0.14617436245807297,0.0,0.12974320772268133,0.9042260540358115,0.9375
2,376,ROI_0995,1,cloud-free,400,1.0,0.0,0.0,0.0,0.8432947398342724,0.98
2,377,ROI_0995,2,cloudy,400,0.03223316260165739,0.9304696214697334,0.0,0.0372972159286092,0.7619217355510927,0.8475
2,378,ROI_0995,4,mid-cloudy,400,0.2110150879454688,0.5968017724186644,0.0,0.19218313963586678,0.8065685178575497,0.735
2,379,ROI_0995,2,low-cloudy,400,0.11598303233351731,0.6057294822854629,0.0,0.27828748538101983,0.8030530867667877,0.7525
2,380,ROI_0997,4,almost-clear,400,0.863332316920191,0.136667683079809,0.0,0.0,0.889304842437561,0.8675
2,381,ROI_0997,2,cloudy,400,0.003485396459022468,0.8184776189685851,0.0,0.17803698457239242,0.8916163279621285,0.9
2,382,ROI_0997,2,low-cloudy,400,0.2909013011374821,0.4323088146178222,0.0,0.2767898842446957,0.8512114387333929,0.64
2,383,ROI_0997,2,mid-cloudy,400,0.1801058356266959,0.6029234100532266,0.0,0.2169707543200775,0.8858937110531181,0.8525
2,384,ROI_0997,1,cloud-free,400,1.0,0.0,0.0,0.0,0.9708965558136164,0.995
2,385,ROI_1000,5,low-cloudy,400,0.33531212246363107,0.19204804674985815,0.0,0.4726398307865108,0.815945138568452,0.415
2,386,ROI_1000,3,almost-clear,400,0.5967168568903162,0.24328684851455723,0.0,0.15999629459512663,0.8626383696541118,0.73
2,387,ROI_1000,1,cloud-free,400,1.0,0.0,0.0,0.0,0.9235177712362315,0.9725
2,388,ROI_1000,2,cloudy,400,0.0,0.9021387133753537,0.0,0.09786128662464634,0.9437377081627885,0.915
2,389,ROI_1000,2,mid-cloudy,400,0.22303449500349312,0.5432856905755343,0.0,0.2336798144209726,0.8436132350591494,0.82
2,390,ROI_10279,4,cloud-free,400,0.9088200215376658,0.005311080318510427,0.07959672843628054,0.0062721697075432,0.8331573564524267,0.915
2,391,ROI_10279,2,mid-cloudy,400,0.25000289484755733,0.531455413557922,0.0,0.21854169159452064,0.8928310295162859,0.9275
2,392,ROI_10279,3,almost-clear,400,0.774136273983812,0.0,0.22586372601618798,0.0,0.945550143221896,0.765
2,393,ROI_10279,3,low-cloudy,400,0.3120684264766617,0.1470968538796747,0.5408347196436636,0.0,0.8122530866393864,0.465
2,394,ROI_10279,3,cloudy,400,0.06586357162431826,0.28013246822422333,0.6239824610835993,0.030021499067859087,0.6524781360065894,0.3875
2,395,ROI_1048,2,almost-clear,400,0.9209552224979832,0.0545698063539974,0.0,0.024474971148019345,0.9257734249853999,0.9875
2,396,ROI_1048,2,mid-cloudy,400,0.4987436361601198,0.31888868732172565,0.0,0.18236767651815455,0.9000278232522066,0.82
2,397,ROI_1048,1,cloud-free,400,1.0,0.0,0.0,0.0,0.9453340745298243,0.98
2,398,ROI_1048,3,cloudy,400,0.17151778787329058,0.5399855643601807,0.0,0.2884966477665286,0.7223892772058871,0.6375
2,399,ROI_1048,2,low-cloudy,400,0.7744218989428017,0.13571431328426245,0.0,0.08986378777293588,0.9296921732395133,0.9175
2,400,ROI_10560,1,cloud-free,400,1.0,0.0,0.0,0.0,0.9192164181555681,1.0
2,401,ROI_10560,3,mid-cloudy,400,0.3036038922190357,0.36722492193561085,0.2518440178940177,0.07732716795133568,0.7002025191349418,0.625
2,402,ROI_10560,4,cloudy,400,0.23378402893303638,0.06572461894156653,0.700491352125397,0.0,0.6289864722057708,0.4525
2,403,ROI_10560,4,low-cloudy,400,0.5823854315831728,0.0,0.41761456841682715,0.0,0.6183384907204904,0.3775
2,404,ROI_10560,2,almost-clear,400,0.942014273528356,0.028481440167360785,0.002863969183382803,0.026640317120900415,0.9645537726977983,0.9775
2,405,ROI_1057,3,almost-clear,400,0.8164164875077679,0.05616776220564225,0.0,0.1274157502865899,0.8832852051792647,0.8375
2,406,ROI_1057,2,cloudy,400,0.19019148451642537,0.7368043198845149,0.0,0.07300419559905975,0.9414521903824006,0.965
2,407,ROI_1057,4,mid-cloudy,400,0.7275678262782682,0.0,0.27243217372173184,0.0,0.9175736284954128,0.7275
2,408,ROI_1057,1,cloud-free,400,1.0,0.0,0.0,0.0,0.6750009155328702,0.8675
2,409,ROI_1057,2,low-cloudy,400,0.46731717107777104,0.31109189790065656,0.0,0.2215909310215724,0.9092638804107445,0.885
2,410,ROI_1071,1,cloud-free,400,1.0,0.0,0.0,0.0,0.7761196527769934,1.0
2,411,ROI_1071,3,almost-clear,400,0.8556667605883874,0.13858986185787456,0.00574337755373802,0.0,0.8691951114363712,0.88
2,412,ROI_1071,2,mid-cloudy,400,0.6154484504845975,0.2553795917107005,0.0,0.129171957804702,0.9300698288303235,0.9275
2,413,ROI_1071,2,low-cloudy,400,0.6711375978940949,0.21515664985081887,0.0,0.11370575225508625,0.8284816188044707,0.94
2,414,ROI_1071,3,cloudy,400,0.3215982646353843,0.22513808422848453,0.3944287693810044,0.05883488175512677,0.6145544641955447,0.4925
2,415,ROI_1077,2,cloudy,400,0.0806388735569185,0.7201608763282525,0.0,0.19920025011482895,0.9205601227015333,0.9475
2,416,ROI_1077,3,almost-clear,400,0.79908214033449,0.05939069248613368,0.0728420841358494,0.06868508304352693,0.9456939849507894,0.88
2,417,ROI_1077,2,low-cloudy,400,0.7852988061648674,0.12599148528838472,0.0,0.08870970854674792,0.9229979442042988,0.9525
2,418,ROI_1077,4,mid-cloudy,400,0.6036683508246455,0.0,0.3963316491753544,0.0,0.7161486188664932,0.7775
2,419,ROI_1077,1,cloud-free,400,1.0,0.0,0.0,0.0,0.9644726723192016,0.9975
2,420,ROI_10783,1,cloud-free,400,1.0,0.0,0.0,0.0,0.7906557898512855,0.8575
2,421,ROI_10783,3,mid-cloudy,400,0.300705184864965,0.5118283471192407,0.05199532192634736,0.13547114608944694,0.9243672372270906,0.855
2,422,ROI_10783,3,low-cloudy,400,0.6520933607636222,0.10967612445528618,0.2332552367792312,0.004975278001860422,0.9276575675047171,0.755
2,423,ROI_10783,2,cloudy,400,0.35881442483238835,0.5570999031191017,0.008510851818543235,0.07557482022996669,0.7904634941104363,0.79
2,424,ROI_10783,2,almost-clear,400,0.9320173999637179,0.03266931963362809,0.006905176373412176,0.02840810402924182,0.955072532473691,0.97
2,425,ROI_1079,2,almost-clear,400,0.8688016489051686,0.09486608435199802,0.0,0.036332266742833325,0.7442808075163679,0.94
2,426,ROI_1079,5,mid-cloudy,400,0.3869330441058974,0.4060776359516908,0.05419540606991636,0.15279391387249547,0.5624547827473924,0.62
2,427,ROI_1079,1,cloud-free,400,1.0,0.0,0.0,0.0,0.827266882472727,0.9975
2,428,ROI_1079,3,low-cloudy,400,0.337770812988988,0.5773136586627349,0.0,0.08491552834827717,0.8003477044691091,0.745
2,429,ROI_1079,4,cloudy,400,0.2896816053666614,0.0,0.7103183946333386,0.0,0.666925330350875,0.8125
2,430,ROI_1086,3,cloudy,400,0.10411029755173093,0.8726228476808411,0.0,0.023266854767427948,0.8597597547068375,0.885
2,431,ROI_1086,3,low-cloudy,400,0.33670550908789143,0.5255229059637719,0.0,0.13777158494833663,0.8578717387975202,0.86
2,432,ROI_1086,4,almost-clear,400,0.6512171869029377,0.0,0.3487828130970623,0.0,0.7485466455413387,0.59
2,433,ROI_1086,2,mid-cloudy,400,0.292016782396239,0.5140477302465252,0.0,0.19393548735723576,0.8813371541962058,0.8525
2,434,ROI_1086,1,cloud-free,400,1.0,0.0,0.0,0.0,0.9521000912395288,0.98
2,435,ROI_1096,1,cloud-free,400,1.0,0.0,0.0,0.0,0.9121060139533839,0.9875
2,436,ROI_1096,2,almost-clear,400,0.9601282996437408,0.03790320401727645,0.0,0.001968496338982789,0.9666595085452659,0.97
2,437,ROI_1096,2,cloudy,400,0.0,0.9034742030484675,0.0,0.09652579695153253,0.9732268865591854,0.9425
2,438,ROI_1096,2,low-cloudy,400,0.5867392823093935,0.3330194031982276,0.0,0.08024131449237883,0.926649820496263,0.8925
2,439,ROI_1096,2,mid-cloudy,400,0.152813212856211,0.5803628980897866,0.0,0.2668238890540024,0.8913348895540608,0.85
2,440,ROI_10961,1,cloud-free,400,1.0,0.0,0.0,0.0,0.9096590421537566,0.99
2,441,ROI_10961,3,cloudy,400,0.08006376384219607,0.8707740050408945,0.04273180974289894,0.0064304213740104445,0.8786697938068855,0.775
2,442,ROI_10961,2,almost-clear,400,0.8843836483570775,0.02580274122764695,0.0005982684951810437,0.08921534192009449,0.948688899923707,0.965
2,443,ROI_10961,2,low-cloudy,400,0.30032306498739775,0.4983730956727819,0.012324331000729502,0.18897950833909086,0.8471595960785665,0.85
2,444,ROI_10961,3,mid-cloudy,400,0.2598646755261868,0.26111910946769545,0.38438943805219217,0.0946267769539256,0.7422137549832736,0.6725
2,445,ROI_11023,2,low-cloudy,400,0.6203117943809079,0.22875085398002942,0.02327843415765726,0.12765891748140543,0.8221000958021704,0.8725
2,446,ROI_11023,1,cloud-free,400,1.0,0.0,0.0,0.0,0.9863240475551478,1.0
2,447,ROI_11023,2,almost-clear,400,0.8720631771530911,0.060641266630899214,0.006789382471119071,0.0605061737448906,0.9622332077220667,0.97
2,448,ROI_11023,4,cloudy,400,0.15846395528811452,0.5692621226566209,0.24498515908152277,0.027288762973741804,0.8856707342860045,0.7
2,449,ROI_11023,3,mid-cloudy,400,0.4358019306703309,0.27051771453715245,0.1911178357347702,0.10256251905774642,0.7273902765536274,0.5875
2,450,ROI_11037,1,cloud-free,400,1.0,0.0,0.0,0.0,0.9207472721446136,1.0
2,451,ROI_11037,4,cloudy,400,0.1853821777745184,0.3324713120607069,0.36455394258938323,0.11759256757539148,0.6783443292853473,0.54
2,452,ROI_11037,2,almost-clear,400,0.8269035552587801,0.1029870966994878,0.0,0.07010934804173212,0.912271919012369,0.97
2,453,ROI_11037,4,mid-cloudy,400,0.29230240735522867,0.05217673237327322,0.6022093476557524,0.053311512615745654,0.8437919539926786,0.345
2,454,ROI_11037,2,low-cloudy,400,0.5873259714143453,0.27719902269946467,0.0,0.13547500588619002,0.8589203029012031,0.8475
2,455,ROI_11121,4,mid-cloudy,400,0.3705289079477075,0.41248875834198573,0.1765857009969855,0.040396632713321314,0.7249984830804322,0.635
2,456,ROI_11121,4,cloudy,400,0.13921514893025733,0.6651163149748535,0.19566853609488924,0.0,0.7668003711821036,0.6925
2,457,ROI_11121,4,low-cloudy,400,0.607373755698025,0.09456502020603595,0.21008487693038086,0.08797634716555826,0.7181842269170586,0.5925
2,458,ROI_11121,1,cloud-free,400,1.0,0.0,0.0,0.0,0.7530741050201797,0.9625
2,459,ROI_11121,2,almost-clear,400,0.9061760607686399,0.0700939088547597,0.0,0.023730030376600368,0.8025408763665779,0.95
2,460,ROI_11144,1,cloud-free,400,1.0,0.0,0.0,0.0,0.973873960579542,1.0
2,461,ROI_11144,1,almost-clear,400,0.995862297891393,0.0027057175169155592,0.0,0.0014319845916914015,0.945866929030785,0.995
2,462,ROI_11144,3,low-cloudy,400,0.5364963081044152,0.06615691617679413,0.3973467757187906,0.0,0.7149170412265314,0.7475
2,463,ROI_11144,3,cloudy,400,0.13344089300257447,0.48787830832828344,0.24232189932878134,0.13635889934036075,0.7275076755036202,0.5675
2,464,ROI_11144,3,mid-cloudy,400,0.1872773379753822,0.3059545084355858,0.29625869901690977,0.21050945457212222,0.766203547996765,0.6375
2,465,ROI_11216,1,cloud-free,400,1.0,0.0,0.0,0.0,0.963231190511778,0.995
2,466,ROI_11216,2,almost-clear,400,0.9074613730840934,0.019997606926019276,0.0,0.07254101998988734,0.9332454125484404,0.965
2,467,ROI_11216,3,low-cloudy,400,0.7297756300153234,0.04848290689012317,0.14899201408053853,0.07274944901401492,0.7625634429884904,0.7675
2,468,ROI_11216,4,mid-cloudy,400,0.46805439225570383,0.07661696535060464,0.4091963517201184,0.04613229067357313,0.6466182086832171,0.7925
2,469,ROI_11216,3,cloudy,400,0.038211987756724734,0.6096664749634284,0.2708998344147197,0.08122170286512712,0.6306098401904452,0.4575
2,470,ROI_11264,1,cloud-free,400,1.0,0.0,0.0,0.0,0.895769477563849,0.9975
2,471,ROI_11264,3,low-cloudy,400,0.2728567513634732,0.45195132024347595,0.06060266866346818,0.21458925972958265,0.8263163085077551,0.715
2,472,ROI_11264,2,mid-cloudy,400,0.25787302040674537,0.41437619894936334,0.0,0.3277507806438913,0.8651909457537832,0.8275
2,473,ROI_11264,5,cloudy,400,0.1335528271081245,0.36667683079809016,0.49977034209378535,0.0,0.7394542234348265,0.52
2,474,ROI_11264,4,almost-clear,400,0.6150470316233148,0.04719373477792659,0.3377592335987587,0.0,0.7800725099944509,0.63
2,475,ROI_1129,2,almost-clear,400,0.4378862209116068,0.44170355989053617,0.12041021919785704,0.0,0.6514725813895025,0.56
2,476,ROI_1129,2,cloudy,400,0.0,0.9400226184089145,0.00654621527630355,0.05343116631478186,0.9085401073517362,0.9375
2,477,ROI_1129,3,low-cloudy,400,0.44792941203716213,0.17706045599638723,0.02819581520837113,0.3468143167580795,0.615158706042267,0.595
2,478,ROI_1129,1,cloud-free,400,1.0,0.0,0.0,0.0,0.9760986770698276,1.0
2,479,ROI_1129,2,mid-cloudy,400,0.0,0.8889189095302241,0.0140843983155847,0.09699669215419116,0.6990865637120177,0.57
2,480,ROI_1140,2,mid-cloudy,400,0.44224393143457064,0.5577560685654294,0.0,0.0,0.6161698790571619,0.68
2,481,ROI_1140,1,cloud-free,400,1.0,0.0,0.0,0.0,0.9854388304530999,1.0
2,482,ROI_1140,2,cloudy,400,0.02954288427171425,0.8498963644574477,0.0,0.12056075127083808,0.8572161079768543,0.885
2,483,ROI_1140,3,low-cloudy,400,0.48675510747604034,0.05117318522006631,0.40789946001443567,0.054172247289457735,0.5294655139678646,0.4275
2,484,ROI_1140,4,almost-clear,400,0.22010490927547754,0.025721685496041778,0.4504459995136656,0.30372740571481505,0.6095497874442318,0.5325
2,485,ROI_1144,1,cloud-free,400,1.0,0.0,0.0,0.0,0.9746702714334746,1.0
2,486,ROI_1144,4,low-cloudy,400,0.0,0.4260443645037652,0.34486897919955534,0.22908665629667943,0.46458264913461067,0.3125
2,487,ROI_1144,3,almost-clear,400,0.37589788521736445,0.0,0.5416838749271463,0.08241823985548921,0.789871351151755,0.3975
2,488,ROI_1144,2,mid-cloudy,400,0.23221695145533636,0.606331610577387,0.015859904817412316,0.14559153314986434,0.7801675247764699,0.825
2,489,ROI_1144,4,cloudy,400,0.028446701996672857,0.8145058881199316,0.12448616455857435,0.03256124532482119,0.47742308619730617,0.4225
2,490,ROI_11511,5,cloudy,400,0.2948846113763649,0.0,0.7051153886236351,0.0,0.6296684607788458,0.07
2,491,ROI_11511,2,almost-clear,400,0.559010502506938,0.21635704663792404,0.0,0.22463245085513797,0.8453543540094247,0.8225
2,492,ROI_11511,1,cloud-free,400,1.0,0.0,0.0,0.0,0.9193875368317431,0.99
2,493,ROI_11511,3,low-cloudy,400,1.0,0.0,0.0,0.0,0.8386108025168741,0.965
2,494,ROI_11511,3,mid-cloudy,400,0.18200099582755971,0.6378352715945979,0.0,0.18016373257784246,0.8078397625168198,0.7825
2,495,ROI_11640,1,cloud-free,400,1.0,0.0,0.0,0.0,0.8185148979229905,0.93
2,496,ROI_11640,4,low-cloudy,400,0.761047703227948,0.07840405124266156,0.16054824552939043,0.0,0.8566257509694664,0.7475
2,497,ROI_11640,2,almost-clear,400,0.9233598758689368,0.04779200327310764,0.0,0.02884812085795562,0.8498759908475557,0.91
2,498,ROI_11640,3,mid-cloudy,400,0.40223327839555967,0.4764378707817246,0.07960058823302366,0.041728262589692026,0.805750931393868,0.7625
2,499,ROI_11640,4,cloudy,400,0.0,0.5569918288102949,0.31504432976559454,0.1279638414241106,0.6759380353468306,0.3825
2,500,ROI_11670,1,cloud-free,400,1.0,0.0,0.0,0.0,0.9908454676219732,1.0
2,501,ROI_11670,2,low-cloudy,400,0.5076867852138907,0.2683909665317024,0.0,0.22392224825440693,0.8571309232734393,0.73
2,502,ROI_11670,3,cloudy,400,0.24376160351395895,0.5862645273099919,0.1699738691760492,0.0,0.7147293758118972,0.74
2,503,ROI_11670,5,mid-cloudy,400,0.2563715594736781,0.41382810781184265,0.0,0.3298003327144793,0.7199902144299899,0.6675
2,504,ROI_11670,2,almost-clear,400,0.8195506424631679,0.12626167106040195,0.0,0.05418768647643015,0.7649964388128929,0.8875
2,505,ROI_1174,3,mid-cloudy,400,0.21805535720488958,0.42001922178778067,0.2204831693563017,0.14144225165102806,0.8267586368914192,0.6225
2,506,ROI_1174,2,low-cloudy,400,0.6466587669493324,0.2297351021495208,0.0,0.12360613090114675,0.9202770767597629,0.865
2,507,ROI_1174,1,cloud-free,400,1.0,0.0,0.0,0.0,0.9274392977473432,0.9975
2,508,ROI_1174,4,almost-clear,400,0.16419575345162324,0.0,0.8358042465483768,0.0,0.9247242052966277,0.1875
2,509,ROI_1174,4,cloudy,400,0.0,0.6803547925166261,0.19637873869562028,0.12326646878775363,0.5796237697236525,0.3
2,510,ROI_11764,2,cloud-free,400,1.0,0.0,0.0,0.0,0.9774462600477564,1.0
2,511,ROI_11764,3,almost-clear,400,0.8155210146633678,0.1317001246714348,0.05277886066519737,0.0,0.9543752567454287,0.905
2,512,ROI_11764,2,mid-cloudy,400,0.125779196467514,0.11850733940350701,0.703880253665842,0.05183321046313701,0.7036981146368778,0.29
2,513,ROI_11764,3,low-cloudy,400,0.23723854701811403,0.5776996383370452,0.003060818817281082,0.18200099582755971,0.7927876742298152,0.85
2,514,ROI_11764,1,cloudy,400,0.3104627510315307,0.05216129318630081,0.6347049764359409,0.0026709793462276277,0.708102930026365,0.83
2,515,ROI_1190,4,mid-cloudy,400,0.0810827501823754,0.1788822800591321,0.721075648156368,0.01895932160212443,0.747540835218587,0.7925
2,516,ROI_1190,4,low-cloudy,400,0.3369023587217897,0.09839393857519463,0.49146791929936967,0.07323578340364596,0.6522058832458497,0.67
2,517,ROI_1190,1,cloud-free,400,1.0,0.0,0.0,0.0,0.9565190029367885,0.98
2,518,ROI_1190,2,cloudy,400,0.0,0.8386720755285026,0.08376530891883234,0.077562615552665,0.925208763884021,0.865
2,519,ROI_1190,2,almost-clear,400,0.7334115585473269,0.19317896719558747,0.0,0.07340947425708562,0.9312997846248305,0.935
2,520,ROI_11924,1,cloud-free,400,1.0,0.0,0.0,0.0,0.9496563776828233,0.9925
2,521,ROI_11924,2,almost-clear,400,0.9629034935020322,0.010382853238948437,0.0,0.02671365325901938,0.9181340155959538,0.9825
2,522,ROI_11924,2,mid-cloudy,400,0.32569736877656025,0.5294907770156824,0.0,0.1448118542077574,0.8397308984168329,0.8875
2,523,ROI_11924,2,low-cloudy,400,0.51072058545397,0.291754316217708,0.01415001486021746,0.18337508346810458,0.8707684122622418,0.835
2,524,ROI_11924,4,cloudy,400,0.39647832145159234,0.034406228168024675,0.49305815555752835,0.07605729482285463,0.771713789200487,0.4925
2,525,ROI_1200,2,almost-clear,400,0.7747731404464241,0.1746172046580027,0.0,0.050609654895573196,0.8787003476273525,0.9025
2,526,ROI_1200,4,cloud-free,400,1.0,0.0,0.0,0.0,0.9846980081029807,1.0
2,527,ROI_1200,3,cloudy,400,0.019372319853636508,0.9191526974189539,0.0,0.061474982727409574,0.9539091219371065,0.9625
2,528,ROI_1200,3,low-cloudy,400,0.33937648843411905,0.3596790193028435,0.19842829076620824,0.10251620149682918,0.7081058452010983,0.5
2,529,ROI_1200,3,mid-cloudy,400,0.2286389198744794,0.6829022583670744,0.0,0.0884588217584462,0.8400733874964051,0.9475
2,530,ROI_12023,2,low-cloudy,400,0.3488407100482089,0.44369521500997755,0.0,0.20746407494181357,0.8192479709477662,0.73
2,531,ROI_12023,2,almost-clear,400,0.4080692910711322,0.35871407011706763,0.0,0.23321663881180016,0.9115603044135024,0.79
2,532,ROI_12023,1,cloud-free,400,1.0,0.0,0.0,0.0,0.9857187852755946,1.0
2,533,ROI_12023,3,mid-cloudy,400,0.09338778219938938,0.5675290739189675,0.0,0.3390831438816432,0.7854992858998147,0.6625
2,534,ROI_12023,4,cloudy,400,0.0,0.9467965616930613,0.0,0.05320343830693876,0.9160496281069487,0.91
2,535,ROI_1218,2,mid-cloudy,400,0.06785522674375967,0.735800772731308,0.0,0.19634400052493237,0.9380978084101254,0.935
2,536,ROI_1218,2,almost-clear,400,0.7302542448114683,0.20803918465653598,0.0,0.06170657053199578,0.8876115944243034,0.9075
2,537,ROI_1218,1,cloud-free,400,1.0,0.0,0.0,0.0,0.9598204829971998,0.9975
2,538,ROI_1218,2,low-cloudy,400,0.30738263323053405,0.6421505243533876,0.0,0.05046684241607837,0.9019145613391768,0.88
2,539,ROI_1218,2,cloudy,400,0.022923332857291735,0.9196428916053281,0.0,0.0574337755373802,0.9450371081924845,0.935
2,540,ROI_1232,4,almost-clear,400,0.7936166681462554,0.07290770068048216,0.0892307811070669,0.04424485006619552,0.7050590589222461,0.5725
2,541,ROI_1232,3,cloudy,400,0.0,0.27299956384296803,0.5680269876988278,0.1589734484582042,0.6527913414391506,0.61
2,542,ROI_1232,2,mid-cloudy,400,0.42516433084633765,0.37174088412504197,0.0,0.20309478502862038,0.8657704929948115,0.87
2,543,ROI_1232,3,low-cloudy,400,0.5856778382050402,0.1816420347304511,0.0,0.23268012706450877,0.817929117635305,0.6475
2,544,ROI_1232,1,cloud-free,400,1.0,0.0,0.0,0.0,0.5821279396925428,0.5
2,545,ROI_1237,2,low-cloudy,400,0.05220375095047495,0.8434003265388045,0.0,0.10439592251072058,0.7843928727307743,0.7675
2,546,ROI_1237,1,cloud-free,400,1.0,0.0,0.0,0.0,0.9342549433934235,0.9925
2,547,ROI_1237,2,mid-cloudy,400,0.011289905473577761,0.9332370957345386,0.0,0.05547299879188362,0.7844716556562209,0.68
2,548,ROI_1237,2,cloudy,400,0.01846140782226408,0.9035166608126416,0.0,0.07802193136509432,0.9189596503860724,0.9525
2,549,ROI_1237,2,almost-clear,400,0.7604725935132256,0.05090299944804907,0.0,0.18862440703872535,0.9140927252000808,0.9175
2,550,ROI_1245,4,mid-cloudy,400,0.6461685727629582,0.043550086652436884,0.27590213099378186,0.03437920959082295,0.738927767843704,0.6825
2,551,ROI_1245,2,low-cloudy,400,0.39768643783218377,0.5081306618393475,0.06433123231730617,0.02985166801116253,0.9423552556924447,0.8775
2,552,ROI_1245,1,cloud-free,400,1.0,0.0,0.0,0.0,0.9818741981934597,1.0
2,553,ROI_1245,2,cloudy,400,0.004523681782917312,0.8303812321243164,0.0,0.16509508609276635,0.8796852594979048,0.875
2,554,ROI_1245,1,almost-clear,400,0.813178118040304,0.04661476526646107,0.0,0.14020711669323493,0.9557517696919685,0.955
2,555,ROI_1256,1,cloud-free,400,1.0,0.0,0.0,0.0,0.9589599392089577,0.99
2,556,ROI_1256,3,cloudy,400,0.0,0.291569045974039,0.5845662167430263,0.12386473728293468,0.6337702983396224,0.7
2,557,ROI_1256,2,almost-clear,400,0.8763359721477068,0.07053778548021661,0.0,0.053126242372076686,0.8700505572722554,0.9325
2,558,ROI_1256,3,mid-cloudy,400,0.12360999069788985,0.7087976347165559,0.0,0.16759237458555432,0.7851201854350187,0.7525
2,559,ROI_1256,2,low-cloudy,400,0.5998548716424593,0.2511222359030573,0.0,0.14902289245448336,0.8902759546939163,0.9075
2,560,ROI_1261,2,cloudy,400,0.058942956063933676,0.7726232336605154,0.10527209637140508,0.06316171390414581,0.9048326195023764,0.8525
2,561,ROI_1261,2,mid-cloudy,400,0.3971653652718648,0.4325828601865826,0.0,0.17025177454155263,0.8766432788750284,0.895
2,562,ROI_1261,3,almost-clear,400,0.9308864795179885,0.03350303573013845,0.00802065763216909,0.027589827119703876,0.9241327062446758,0.9525
2,563,ROI_1261,2,low-cloudy,400,0.43450503896464815,0.4210304885344738,0.0,0.1444644725008781,0.5619603083641189,0.51
2,564,ROI_1261,1,cloud-free,400,1.0,0.0,0.0,0.0,0.9159894933477382,0.9825
2,565,ROI_1276,2,almost-clear,400,0.6798723179237381,0.2241229576850483,0.0,0.09600472439121356,0.8911934826595125,0.89
2,566,ROI_1276,1,cloud-free,400,1.0,0.0,0.0,0.0,0.9411367008906507,0.9925
2,567,ROI_1276,2,low-cloudy,400,0.7791655891400758,0.16982333710306816,0.0,0.051011073756855964,0.7999705834663712,0.7025
2,568,ROI_1276,2,mid-cloudy,400,0.11135127624179311,0.6878389384015038,0.11284501758137416,0.08796476777532895,0.763290252657423,0.68
2,569,ROI_1276,2,cloudy,400,0.0,0.9649762043530787,0.0,0.035023795646921235,0.9951697853222314,0.965
2,570,ROI_1280,1,cloud-free,400,1.0,0.0,0.0,0.0,0.9699050881225003,1.0
2,571,ROI_1280,2,almost-clear,400,0.8470208158838356,0.08019499693146159,0.0,0.07278418718470285,0.8570626387255467,0.905
2,572,ROI_1280,2,cloudy,400,0.0,0.9240855176566402,0.0,0.0759144823433598,0.7477531378140049,0.7475
2,573,ROI_1280,2,low-cloudy,400,0.42685878161656005,0.39280379495215784,0.0,0.18033742343128212,0.9259469147839242,0.8225
2,574,ROI_1280,2,mid-cloudy,400,0.11678201025933975,0.6618432073367017,0.0,0.2213747824039586,0.8731268395653724,0.8375
2,575,ROI_1298,3,mid-cloudy,400,0.0,0.4111494088721288,0.2379989269765054,0.3508516641513658,0.6725888222787921,0.43
2,576,ROI_1298,3,cloudy,400,0.0,0.014921974208838163,0.8987382324446794,0.08633979334648237,0.8202097812333516,0.9075
2,577,ROI_1298,2,almost-clear,400,0.950031071363782,0.028381085452040097,0.0,0.021587843184177922,0.9452361554516225,0.9825
2,578,ROI_1298,1,cloud-free,400,1.0,0.0,0.0,0.0,0.9384768503197495,1.0
2,579,ROI_1298,2,low-cloudy,400,0.8068866493490453,0.11515317603375007,0.0,0.07796017461720466,0.8953060787663952,0.9525
2,580,ROI_1321,2,low-cloudy,400,0.5631057468513708,0.26775795986583345,0.0,0.16913629328279572,0.8921856689360455,0.825
2,581,ROI_1321,2,almost-clear,400,0.7169997027956507,0.14838602599187126,0.0753702510025822,0.05924402020989575,0.7185218404877369,0.84
2,582,ROI_1321,4,mid-cloudy,400,0.06234729679135097,0.13803019133012456,0.7458362442633771,0.05378626761514738,0.6802517869422147,0.7625
2,583,ROI_1321,2,cloudy,400,0.0,0.9695462036969134,0.0,0.03045379630308668,0.9678029508560436,0.97
2,584,ROI_1321,1,cloud-free,400,1.0,0.0,0.0,0.0,0.9801963263096413,1.0
2,585,ROI_1322,2,almost-clear,400,0.8914586557871862,0.0584257433003578,0.0,0.05011560091245595,0.6381016633425738,0.895
2,586,ROI_1322,2,mid-cloudy,400,0.11898595419965184,0.7044746623642799,0.0,0.17653938343606826,0.9140286691272174,0.845
2,587,ROI_1322,2,low-cloudy,400,0.4658195699414469,0.2947224999131546,0.0,0.23945793014539854,0.8738721468149846,0.7975
2,588,ROI_1322,2,cloudy,400,0.0,0.9620659176087787,0.0,0.03793408239122128,0.9687503658885293,0.96
2,589,ROI_1322,1,cloud-free,400,1.0,0.0,0.0,0.0,0.9834036113286375,1.0
2,590,ROI_1330,2,low-cloudy,400,0.10617528880929131,0.6593613580308861,0.0,0.2344633531598226,0.8720969775934033,0.8225
2,591,ROI_1330,2,mid-cloudy,400,0.07517726116542703,0.7256109093295147,0.0,0.19921182950505825,0.8594523779523844,0.805
2,592,ROI_1330,2,cloudy,400,0.0,0.965284988092527,0.0,0.034715011907472955,0.9989768582779119,0.96
2,593,ROI_1330,2,almost-clear,400,0.9046012636974536,0.05447331143541981,0.0,0.0409254248671265,0.6796833791543725,0.9
2,594,ROI_1330,1,cloud-free,400,1.0,0.0,0.0,0.0,0.9779064730787757,0.9975
2,595,ROI_1333,4,almost-clear,400,0.8852405232340465,0.0,0.11475947676595351,0.0,0.813762578473427,0.9525
2,596,ROI_1333,2,cloudy,400,0.0,0.9499461558354337,0.0,0.05005384416456629,0.9387261455618617,0.9475
2,597,ROI_1333,2,low-cloudy,400,0.4907152589344645,0.07457127307675977,0.33625391286894835,0.09845955511982739,0.7452249153645168,0.6575
2,598,ROI_1333,2,mid-cloudy,400,0.36035834352962975,0.4842153612190782,0.0,0.15542629525129206,0.9058058925843057,0.8925
2,599,ROI_1333,1,cloud-free,400,1.0,0.0,0.0,0.0,0.9562002507471015,1.0
2,600,ROI_1346,1,cloud-free,400,1.0,0.0,0.0,0.0,0.9841378494276131,1.0
2,601,ROI_1346,2,cloudy,400,0.02020217615340376,0.8885715278233448,0.0,0.09122629602325141,0.9422113277997691,0.9725
2,602,ROI_1346,2,low-cloudy,400,0.19465340955145302,0.5241796966971719,0.0,0.28116689375137505,0.7419753246663987,0.745
2,603,ROI_1346,4,mid-cloudy,400,0.07225925482764077,0.6446709716266341,0.0,0.2830697735457251,0.7593692027832506,0.7225
2,604,ROI_1346,3,almost-clear,400,0.4975355197795284,0.009514398971750148,0.4929500812487214,0.0,0.6616168023743004,0.88
2,605,ROI_1348,3,cloudy,400,0.0659060293884924,0.7991014393182055,0.0,0.1349925312933021,0.6928076694563816,0.66
2,606,ROI_1348,2,mid-cloudy,400,0.17033669006990093,0.5708793774919813,0.0,0.2587839324381178,0.825590342484196,0.62
2,607,ROI_1348,4,low-cloudy,400,0.19735140747488236,0.07950795311118916,0.7231406394139285,0.0,0.7369556810032111,0.64
2,608,ROI_1348,1,cloud-free,400,1.0,0.0,0.0,0.0,0.9896969522694016,1.0
2,609,ROI_1348,2,almost-clear,400,0.7816898962100656,0.17189218815737164,0.0,0.04641791563256279,0.9148745966223706,0.91
2,610,ROI_1368,3,mid-cloudy,400,0.2824020287091682,0.4560851625553398,0.0,0.261512808735492,0.7656729506928838,0.8025
2,611,ROI_1368,2,almost-clear,400,0.881083522141724,0.05278658025868358,0.0,0.06612989759959241,0.8606610325098702,0.8825
2,612,ROI_1368,3,cloudy,400,0.06917913702664417,0.6624993727830293,0.0,0.2683214901903266,0.8082695543177023,0.8125
2,613,ROI_1368,1,cloud-free,400,1.0,0.0,0.0,0.0,0.8811108744651345,0.9525
2,614,ROI_1368,2,low-cloudy,400,0.5941616714463817,0.26201844210883857,0.0,0.1438198864447798,0.7823724777299994,0.9125
2,615,ROI_1369,3,cloudy,400,0.08177365379939093,0.6063972271220197,0.0,0.31182911907858935,0.7415709350303185,0.7075
2,616,ROI_1369,1,cloud-free,400,1.0,0.0,0.0,0.0,0.8971468362737237,0.985
2,617,ROI_1369,2,almost-clear,400,0.5423631991539326,0.1778941720928976,0.0,0.27974262875316985,0.7755540894350329,0.73
2,618,ROI_1369,2,mid-cloudy,400,0.29333683288238044,0.40250346416757693,0.0,0.30415970295004263,0.8396996959470076,0.9025
2,619,ROI_1369,3,low-cloudy,400,0.6323157622519598,0.04497821144738518,0.322706026300655,0.0,0.7741840882355296,0.5625
2,620,ROI_1392,3,almost-clear,400,0.45922317730748297,0.29480355564475974,0.02938849240199011,0.21658477464576714,0.6229477650694889,0.74
2,621,ROI_1392,3,cloudy,400,0.0,0.5950571442907816,0.22618794894260869,0.17875490676660968,0.5975761193943462,0.5325
2,622,ROI_1392,2,low-cloudy,400,0.41288631740652537,0.2711777397802232,0.0,0.31593594281325144,0.702413382047377,0.68
2,623,ROI_1392,2,mid-cloudy,400,0.3867246150817698,0.3616436558450832,0.0,0.251631729073147,0.8470581395201967,0.8925
2,624,ROI_1392,1,cloud-free,400,1.0,0.0,0.0,0.0,0.7653949736754371,0.9725
2,625,ROI_1395,2,low-cloudy,400,0.5747430340318279,0.2316032437731829,0.0,0.19365372219498922,0.921461341223042,0.895
2,626,ROI_1395,2,cloudy,400,0.2907739278449597,0.6188566510087579,0.0,0.09036942114628244,0.9247685553741603,0.9125
2,627,ROI_1395,2,almost-clear,400,0.6052740262697767,0.20708581486098943,0.0,0.18764015886923394,0.7451946247731663,0.8375
2,628,ROI_1395,1,cloud-free,400,1.0,0.0,0.0,0.0,0.9229340632537236,0.995
2,629,ROI_1395,2,mid-cloudy,400,0.41387056557601676,0.3387550611584794,0.0,0.24737437326550385,0.9300395150478561,0.8975
2,630,ROI_1399,2,mid-cloudy,400,0.29435195942581666,0.4257780385284911,0.0,0.2798700020456923,0.8334985447910823,0.8875
2,631,ROI_1399,1,cloud-free,400,1.0,0.0,0.0,0.0,0.9161359475745218,1.0
2,632,ROI_1399,2,cloudy,400,0.11226604806990864,0.68661538283394,0.0,0.2011185690961514,0.8910209585510223,0.87
2,633,ROI_1399,2,low-cloudy,400,0.5270745442544995,0.2450198972522107,0.0,0.22790555849328975,0.8716018088826503,0.86
2,634,ROI_1399,2,almost-clear,400,0.6846623256819296,0.15708600785082658,0.0,0.15825166646724384,0.9229483675409813,0.8925
2,635,ROI_1400,2,mid-cloudy,400,0.2869025517116269,0.4725317564777039,0.0,0.24056569181066925,0.8829346244701826,0.8375
2,636,ROI_1400,2,almost-clear,400,0.7342684334242959,0.14200192217877808,0.0,0.12372964439692606,0.9080667257289718,0.9225
2,637,ROI_1400,4,low-cloudy,400,0.5252565799884978,0.024903408586503833,0.4198146525603962,0.03002535886460219,0.6396868758359694,0.7925
2,638,ROI_1400,2,cloudy,400,0.13768280962324525,0.6587901081129067,0.0,0.203527082263848,0.9175238569310887,0.865
2,639,ROI_1400,1,cloud-free,400,1.0,0.0,0.0,0.0,0.9767708594318849,0.9975
2,640,ROI_1403,2,low-cloudy,400,0.722113933480263,0.18488426399465804,0.0,0.09300180252507903,0.8696036725966766,0.93
2,641,ROI_1403,2,almost-clear,400,0.8960209355375346,0.05434593814289739,0.0,0.04963312631956801,0.892286342876797,0.9475
2,642,ROI_1403,3,mid-cloudy,400,0.3070313917269117,0.4370216264411516,0.0,0.2559469818319367,0.8013776997600524,0.7275
2,643,ROI_1403,4,cloudy,400,0.0,0.6983839031036626,0.12491074220031573,0.1767053546960217,0.6245790863632487,0.4225
2,644,ROI_1403,1,cloud-free,400,1.0,0.0,0.0,0.0,0.9482781408818455,1.0
2,645,ROI_1423,2,cloudy,400,0.21793956330259648,0.6883021140106762,0.0,0.09375832268672732,0.9299599156616916,0.945
2,646,ROI_1423,2,low-cloudy,400,0.5127778571180441,0.37201492969380234,0.0,0.11520721318815351,0.8957199339324796,0.915
2,647,ROI_1423,2,mid-cloudy,400,0.16541158942570083,0.5574434250292379,0.0,0.2771449855450612,0.894998685403138,0.93
2,648,ROI_1423,1,cloud-free,400,1.0,0.0,0.0,0.0,0.947121196947144,0.9975
2,649,ROI_1423,2,almost-clear,400,0.9566583423716907,0.0,0.04334165762830929,0.0,0.8071785485888965,0.885
2,650,ROI_1424,2,almost-clear,400,0.8732365553629946,0.08412427001594096,0.0,0.04263917462106445,0.9234464925982335,0.905
2,651,ROI_1424,2,low-cloudy,400,0.41800826768462374,0.4215901590622238,0.0,0.1604015732531525,0.8695251922423243,0.8575
2,652,ROI_1424,3,mid-cloudy,400,0.37348551225292476,0.5059421570860079,0.0,0.12057233066106739,0.8319905423622012,0.925
2,653,ROI_1424,4,cloudy,400,0.06836857971059244,0.0,0.9316314202894076,0.0,0.7219927643097912,0.9275
2,654,ROI_1424,1,cloud-free,400,1.0,0.0,0.0,0.0,0.9441395179384124,0.995
2,655,ROI_1435,3,almost-clear,400,0.7209714336443043,0.14486975115890396,0.0,0.13415881519679174,0.9004974587011119,0.89
2,656,ROI_1435,1,cloud-free,400,1.0,0.0,0.0,0.0,0.9759574079958901,1.0
2,657,ROI_1435,2,mid-cloudy,400,0.5209606262134236,0.3284262450739344,0.0,0.15061312871264199,0.9148154395854828,0.8775
2,658,ROI_1435,2,low-cloudy,400,0.5880168750313608,0.2966601178781925,0.0,0.11532300709044661,0.9265229538738332,0.895
2,659,ROI_1435,2,cloudy,400,0.2731500959159491,0.5920156244572161,0.0,0.13483427962683486,0.8875084987356948,0.84
2,660,ROI_1447,3,mid-cloudy,400,0.16443506084969564,0.580899409837078,0.003929273084479371,0.250736256228747,0.8155138241561042,0.6325
2,661,ROI_1447,3,almost-clear,400,0.8280846530621697,0.06341260069244753,0.10850274624538271,0.0,0.9229930473041034,0.8375
2,662,ROI_1447,3,low-cloudy,400,0.21120035818913777,0.4498052732543104,0.003319425199069017,0.33567494335748277,0.7855400384405863,0.7725
2,663,ROI_1447,1,cloud-free,400,1.0,0.0,0.0,0.0,0.8516058040883651,0.985
2,664,ROI_1447,2,cloudy,400,0.21007715733689464,0.6265222073405614,0.004998436782319043,0.15840219854022486,0.8631599844208234,0.8175
2,665,ROI_1580,2,cloudy,400,0.0,0.8802575256386999,0.0,0.11974247436130013,0.9352282729367409,0.905
2,666,ROI_1580,2,low-cloudy,400,0.3360763622187656,0.29835070885167186,0.0,0.36557292892956256,0.6961976817902924,0.73
2,667,ROI_1580,4,almost-clear,400,0.0,0.36623681396937635,0.6337631860306236,0.0,0.6165153395968196,0.8125
2,668,ROI_1580,1,cloud-free,400,1.0,0.0,0.0,0.0,0.7829030240315753,0.7825
2,669,ROI_1580,4,mid-cloudy,400,0.0,0.5845777961332557,0.0,0.4154222038667444,0.6705662204734381,0.4725
2,670,ROI_1661,5,low-cloudy,400,0.11095757697399655,0.05253955326712495,0.8365028697588784,0.0,0.6431770243235553,0.175
2,671,ROI_1661,1,cloud-free,400,1.0,0.0,0.0,0.0,0.7889354520188644,1.0
2,672,ROI_1661,4,mid-cloudy,400,0.40703486554398044,0.13450619690367105,0.35860213601151764,0.09985680154083086,0.5267420524788353,0.4575
2,673,ROI_1661,3,cloudy,400,0.052300245869052533,0.5562353086486466,0.3287543277970982,0.0627101176852027,0.5595704494476689,0.16
2,674,ROI_1661,2,almost-clear,400,0.7147880392618525,0.1745824664873148,0.0,0.11062949425083275,0.4525728039594829,0.5275
2,675,ROI_1952,1,cloud-free,400,1.0,0.0,0.0,0.0,0.9392370563339278,0.9925
2,676,ROI_1952,3,cloudy,400,0.019503552942902028,0.8275056835507042,0.06726853763880794,0.08572222586758581,0.7440208680977892,0.585
2,677,ROI_1952,2,almost-clear,400,0.4006546215276304,0.1987872518633169,0.14855585704856783,0.25200226956048494,0.8813991801939188,0.5225
2,678,ROI_1952,3,low-cloudy,400,0.13354896731138138,0.0031688931260879802,0.8103604664178384,0.0529216731446922,0.6007795164179442,0.345
2,679,ROI_1952,2,mid-cloudy,400,0.35258085309227616,0.4091731929396598,0.0,0.23824595396806403,0.8886125510759733,0.8225
2,680,ROI_2193,2,low-cloudy,400,0.3118599974525342,0.5171278480475218,0.0,0.17101215449994403,0.9097148240961722,0.83
2,681,ROI_2193,2,almost-clear,400,0.6470756249975876,0.1730655663672751,0.0,0.17985880863513729,0.7914526690957925,0.78
2,682,ROI_2193,3,mid-cloudy,400,0.31877289341943255,0.6108591521570474,0.0,0.07036795442352006,0.5544544852959955,0.4325
2,683,ROI_2193,1,cloud-free,400,1.0,0.0,0.0,0.0,0.6905125544439978,0.7
2,684,ROI_2193,2,cloudy,400,0.0,0.941122660480699,0.0,0.058877339519300916,0.9987525014952341,0.945
2,685,ROI_2299,2,mid-cloudy,400,0.11836452692401218,0.7161775660893698,0.0,0.16545790698661808,0.8857452640829463,0.89
2,686,ROI_2299,1,cloud-free,400,1.0,0.0,0.0,0.0,0.9457822245851273,0.995
2,687,ROI_2299,2,low-cloudy,400,0.32769288369274474,0.4144572546809685,0.0,0.25784986162628676,0.8075934962342892,0.91
2,688,ROI_2299,2,cloudy,400,0.04695056758311107,0.8851826262828999,0.0,0.06786680613398899,0.9211902585156533,0.94
2,689,ROI_2299,2,almost-clear,400,0.7107661310555387,0.20631771530911183,0.0,0.08291615363534956,0.9147937441707273,0.905
2,690,ROI_2301,3,cloudy,400,0.0611739185814475,0.49836923587603876,0.24760596107009006,0.19285088447242368,0.8390459706952588,0.635
2,691,ROI_2301,2,mid-cloudy,400,0.10808588819712754,0.6517807172274308,0.0,0.24013339457544167,0.8768482629177851,0.8625
2,692,ROI_2301,4,low-cloudy,400,0.6047761124899163,0.06637306479440792,0.2611924456058144,0.06765837710986139,0.8117769906470785,0.675
2,693,ROI_2301,1,cloud-free,400,1.0,0.0,0.0,0.0,0.8308397651168459,0.89
2,694,ROI_2301,4,almost-clear,400,0.7585774333123618,0.0,0.24142256668763823,0.0,0.6788042129288898,0.9225
2,695,ROI_2519,2,mid-cloudy,400,0.3036926675441271,0.5212192325952115,0.0,0.17508809986066134,0.7620251693789303,0.81
2,696,ROI_2519,2,almost-clear,400,0.8584265152597064,0.08253403375778232,0.0,0.05903945098251126,0.9355740004104094,0.9375
2,697,ROI_2519,2,low-cloudy,400,0.461423261451052,0.28137918257224576,0.0,0.25719755597670224,0.8646238085260017,0.845
2,698,ROI_2519,2,cloudy,400,0.06295714467676132,0.8251550673341542,0.0,0.1118877879890845,0.9415122838198842,0.9125
2,699,ROI_2519,1,cloud-free,400,1.0,0.0,0.0,0.0,0.9539580531103876,1.0
2,700,ROI_2537,2,low-cloudy,400,0.8068982287392746,0.11418436705123108,0.0,0.07891740420949432,0.92937663629959,0.92
2,701,ROI_2537,1,cloud-free,400,1.0,0.0,0.0,0.0,0.9613048710008091,0.9925
2,702,ROI_2537,3,mid-cloudy,400,0.5580223945407035,0.08698437940258066,0.1227878539916088,0.23220537206510705,0.8972961597868347,0.69
2,703,ROI_2537,2,almost-clear,400,0.9001431984591691,0.051640220625981836,0.0,0.048216580914849025,0.9348815962276288,0.94
2,704,ROI_2537,4,cloudy,400,0.2768555007893284,0.02604204862571937,0.6971024505849522,0.0,0.5328560775290446,0.7075
2,705,ROI_2582,2,mid-cloudy,400,0.0013277700796276068,0.8889073301399948,0.024949726147421077,0.08481517363295649,0.8986068069524918,0.8825
2,706,ROI_2582,1,cloud-free,400,1.0,0.0,0.0,0.0,0.9760688654352165,0.9975
2,707,ROI_2582,3,almost-clear,400,0.7321609844025614,0.17040230661453368,0.09486994414874113,0.002566764834163833,0.6834646225243833,0.845
2,708,ROI_2582,2,cloudy,400,0.003273107638151775,0.9339936158961869,0.0,0.06273327646566132,0.9797161676732868,0.935
2,709,ROI_2582,3,low-cloudy,400,0.31603629752857215,0.45191272227604495,0.027744218989428016,0.2043067612059549,0.8673371321854418,0.7375
2,710,ROI_2696,2,mid-cloudy,400,0.4025690807122097,0.3705327677444506,0.0,0.22689815154333973,0.9064581418921237,0.7875
2,711,ROI_2696,2,cloudy,400,0.10084104971032225,0.7960290411106951,0.0,0.10312990917898264,0.9142537525361163,0.8075
2,712,ROI_2696,2,low-cloudy,400,0.8187092067731713,0.09612823788699287,0.0,0.0851625553398358,0.9017680376723177,0.89
2,713,ROI_2696,3,almost-clear,400,0.6918608466078177,0.0,0.30813915339218234,0.0,0.8845270121581085,0.725
2,714,ROI_2696,1,cloud-free,400,1.0,0.0,0.0,0.0,0.975228922878473,1.0
2,715,ROI_2780,2,almost-clear,400,0.8212142148594455,0.14473851806963844,0.0,0.03404726707091604,0.7104927351956779,0.875
2,716,ROI_2780,2,mid-cloudy,400,0.06971950857067867,0.6910734480722245,0.0,0.2392070433570968,0.7613455307226842,0.5975
2,717,ROI_2780,3,cloudy,400,0.0,0.9697430533308116,0.0,0.0302569466691884,0.5122588940083914,0.375
2,718,ROI_2780,2,low-cloudy,400,0.3461581513117519,0.5677761009105261,0.0,0.08606574777772202,0.7746365381698354,0.535
2,719,ROI_2780,1,cloud-free,400,1.0,0.0,0.0,0.0,0.88748581116485,1.0
2,720,ROI_2874,3,almost-clear,400,0.9206580181487642,0.014011062177465734,0.06533091967376999,0.0,0.9442234903794083,0.9225
2,721,ROI_2874,2,cloudy,400,0.06685553938729587,0.6974845704625194,0.0,0.23565989015018468,0.8994949988027753,0.8725
2,722,ROI_2874,2,mid-cloudy,400,0.41987254951154274,0.2256552969920604,0.2356676097436709,0.11880454375272598,0.7766671086895468,0.79
2,723,ROI_2874,2,low-cloudy,400,0.8606227396065323,0.07783666112142534,0.0,0.061540599272042334,0.9709126701005322,0.9425
2,724,ROI_2874,1,cloud-free,400,1.0,0.0,0.0,0.0,0.9857729625809,1.0
2,725,ROI_3168,4,mid-cloudy,400,1.1579390229310525e-05,0.6734611955334432,0.07702610380537361,0.24950112127095386,0.7456815655346644,0.5925
2,726,ROI_3168,4,cloudy,400,0.020040064690193416,0.6162628675973923,0.1943060278445737,0.16939103986784057,0.6451005079947096,0.6725
2,727,ROI_3168,1,cloud-free,400,1.0,0.0,0.0,0.0,0.9889391865372879,1.0
2,728,ROI_3168,4,almost-clear,400,0.9953103469571293,0.0020186736966431346,0.0,0.0026709793462276277,0.9334527799623469,0.9975
2,729,ROI_3168,3,low-cloudy,400,0.3450349504595088,0.3201778594339222,0.27877767956739397,0.05600951053917501,0.7876873326932418,0.595
2,730,ROI_3188,1,cloud-free,400,1.0,0.0,0.0,0.0,0.9071579200776558,0.9925
2,731,ROI_3188,3,low-cloudy,400,0.49679829860159563,0.28612287276952,0.04637545786838865,0.17070337076049574,0.7882584021143946,0.8625
2,732,ROI_3188,2,almost-clear,400,0.8299296359053733,0.10052068658064467,0.0,0.06954967751398211,0.9668370754740309,0.9675
2,733,ROI_3188,2,mid-cloudy,400,0.06415754146386651,0.44006314627471715,0.0,0.4957793122614163,0.7989258744490249,0.845
2,734,ROI_3188,5,cloudy,400,0.12713398512434335,0.0974675873568498,0.7256533670936889,0.04974506042511801,0.6299679852539443,0.44
2,735,ROI_3257,4,mid-cloudy,400,0.19697314739405822,0.6544825749476033,0.0,0.14854427765833852,0.8754711276297897,0.6925
2,736,ROI_3257,1,cloud-free,400,1.0,0.0,0.0,0.0,0.8462965138225055,0.965
2,737,ROI_3257,2,cloudy,400,0.0,0.9710438048332375,0.0,0.028956195166762518,0.8205715597069702,0.3875
2,738,ROI_3257,2,low-cloudy,400,0.4190542726020048,0.2973780400724098,0.0,0.28356768732558546,0.8474170891037974,0.86
2,739,ROI_3257,2,almost-clear,400,0.628332452013077,0.20531416815590492,0.000995827559720705,0.1653575522712974,0.9119884009264204,0.9375
2,740,ROI_3381,1,cloud-free,400,1.0,0.0,0.0,0.0,0.926142129076207,0.9875
2,741,ROI_3381,3,cloudy,400,0.10811290677432926,0.4943743462469266,0.3437071803798812,0.0538055665988629,0.6061973602077598,0.4875
2,742,ROI_3381,3,low-cloudy,400,0.40310559245950106,0.3483389364716054,0.2450160374554676,0.003539433613425917,0.5777577419499822,0.465
2,743,ROI_3381,4,mid-cloudy,400,0.11497948518031041,0.5861796117816436,0.0,0.298840903038046,0.7899978996197748,0.73
2,744,ROI_3381,2,almost-clear,400,0.7807596851949776,0.08503132225057028,0.014906535021865749,0.11930245753258634,0.8931062314877444,0.8225
2,745,ROI_3449,2,almost-clear,400,0.7835155800695536,0.11071826957592414,0.001686731176736233,0.1040794191777861,0.9573156450155038,0.8725
2,746,ROI_3449,1,cloud-free,400,1.0,0.0,0.0,0.0,0.9770038622893215,1.0
2,747,ROI_3449,2,mid-cloudy,400,0.42962625588136527,0.3459883202550554,0.0,0.22438542386357935,0.8959889604113545,0.6
2,748,ROI_3449,2,low-cloudy,400,0.6008468394054369,0.22296887845886035,0.10478576198177404,0.0713985201539287,0.9035378427415366,0.8275
2,749,ROI_3449,2,cloudy,400,0.011872734781786392,0.7649808361091704,0.09648719898410149,0.12665923012494162,0.6565739377735333,0.605
2,750,ROI_3466,2,low-cloudy,400,0.6675055291588345,0.27709866798414395,0.0,0.05539580285702155,0.7324548659117213,0.735
2,751,ROI_3466,3,almost-clear,400,0.7361365750479579,0.25661472666849366,0.0,0.007248698283548388,0.5963224383812161,0.2275
2,752,ROI_3466,1,cloud-free,400,1.0,0.0,0.0,0.0,0.6515298839608116,0.79
2,753,ROI_3466,2,mid-cloudy,400,0.39809557628695275,0.4531208386566363,0.0,0.14878358505641093,0.8140293283949894,0.6775
2,754,ROI_3466,4,cloudy,400,0.0,0.834248748460906,0.11257097201261382,0.053180279526480134,0.6677729335923395,0.74
2,755,ROI_3652,4,almost-clear,400,0.8582952821704409,0.0,0.1417047178295591,0.0,0.7232465264804886,0.8325
2,756,ROI_3652,1,cloud-free,400,1.0,0.0,0.0,0.0,0.9345606785292935,0.9975
2,757,ROI_3652,2,low-cloudy,400,0.3085482918469513,0.46704312550901067,0.0,0.22440858264403796,0.8304554825513353,0.7325
2,758,ROI_3652,2,mid-cloudy,400,0.3318653239720396,0.4524492340233363,0.11785503375392252,0.09783040825070152,0.7828921061996271,0.765
2,759,ROI_3652,3,cloudy,400,0.1915539927667409,0.27877767956739397,0.13156889158216928,0.39809943608369586,0.5953147119079604,0.3525
2,760,ROI_3815,2,mid-cloudy,400,0.2661522844207024,0.4980334335593888,0.0,0.23581428201990884,0.7679787191708815,0.79
2,761,ROI_3815,2,cloudy,400,0.18894477016840294,0.6338172231850271,0.0,0.17723800664657,0.760910635242118,0.6325
2,762,ROI_3815,2,almost-clear,400,0.8535129940057357,0.07286910271305114,0.0,0.07361790328121322,0.9308696787165434,0.9475
2,763,ROI_3815,2,low-cloudy,400,0.609647175979713,0.26111910946769545,0.0,0.12923371455259167,0.6443741025025534,0.4325
2,764,ROI_3815,1,cloud-free,400,1.0,0.0,0.0,0.0,0.9270610851498057,1.0
2,765,ROI_3824,2,low-cloudy,400,0.7825737896642363,0.08954342464325829,0.04866431733704903,0.0792184683554564,0.9181066330182788,0.9225
2,766,ROI_3824,1,cloud-free,400,1.0,0.0,0.0,0.0,0.6501686901003566,0.9325
2,767,ROI_3824,3,mid-cloudy,400,0.18348701757365457,0.27348589823259906,0.38001628834225587,0.16301079585149045,0.7086965576199269,0.5325
2,768,ROI_3824,2,almost-clear,400,0.9253901289558092,0.05201076111331977,0.0,0.02259910993087104,0.9660031637408796,0.96
2,769,ROI_3824,2,cloudy,400,0.12286504992647088,0.546369668173274,0.15429537480556274,0.1764699070946924,0.7172379358288516,0.7275
2,770,ROI_3838,2,low-cloudy,400,0.8277334115585473,0.08623557883441858,0.0,0.0860310096070341,0.9673279011651662,0.9175
2,771,ROI_3838,3,almost-clear,400,0.7656601603359567,0.0,0.2343398396640433,0.0,0.8949531983094261,0.7675
2,772,ROI_3838,4,cloudy,400,0.14835514761792645,0.046186327827976575,0.8054585245540969,0.0,0.6055400189015943,0.6625
2,773,ROI_3838,2,mid-cloudy,400,0.6240326384412597,0.21236601680555503,0.0,0.1636013447531853,0.9206363083170547,0.71
2,774,ROI_3838,1,cloud-free,400,1.0,0.0,0.0,0.0,0.9498226212716295,0.9975
2,775,ROI_3927,1,cloud-free,400,1.0,0.0,0.0,0.0,0.9747398344186284,0.9975
2,776,ROI_3927,3,cloudy,400,0.31789285976200493,0.6013872109494715,0.0,0.08071992928852367,0.8811053958308338,0.835
2,777,ROI_3927,3,mid-cloudy,400,0.11065651282803447,0.4976667528687939,0.1701012424685716,0.22157549183459999,0.7684872909842185,0.605
2,778,ROI_3927,2,low-cloudy,400,0.7172660287709249,0.0,0.13040323296575201,0.15233073826332305,0.9545027663726341,0.7325
2,779,ROI_3927,1,almost-clear,400,0.9265442081819971,0.04294023876702653,0.0,0.030515553050976335,0.9632075797246047,0.9425
2,780,ROI_4348,1,cloud-free,400,1.0,0.0,0.0,0.0,0.831823996084531,0.95
2,781,ROI_4348,2,almost-clear,400,0.9061451823946951,0.03001377947437288,0.012555918805315713,0.051285119325616316,0.9541319165663579,0.9425
2,782,ROI_4348,2,low-cloudy,400,0.8342062906967319,0.06991635820457695,0.03693439503475747,0.058942956063933676,0.946557941103161,0.9125
2,783,ROI_4348,3,mid-cloudy,400,0.03352233471385397,0.44549388029226383,0.03882183564213509,0.4821619493517471,0.7566184414800489,0.79
2,784,ROI_4348,3,cloudy,400,0.34455247586662086,0.05042438465190423,0.6050231394814749,0.0,0.7321348283551805,0.2575
2,785,ROI_4463,4,cloudy,400,0.029207081955064246,0.7177639425507852,0.14348408412812982,0.10954489136602066,0.7526136656209009,0.6325
2,786,ROI_4463,1,cloud-free,400,1.0,0.0,0.0,0.0,0.9149740868805288,1.0
2,787,ROI_4463,2,mid-cloudy,400,0.27323887124104046,0.4312821086841567,0.0,0.29547902007480287,0.8292042954976411,0.735
2,788,ROI_4463,2,almost-clear,400,0.9813842003080118,0.009556856735924286,0.0,0.009058942956063933,0.9735494741900493,0.975
2,789,ROI_4463,4,low-cloudy,400,0.3328804505154759,0.011780099659951906,0.6553394498245723,0.0,0.7354355349028271,0.395
2,790,ROI_4477,2,mid-cloudy,400,0.31568505602494973,0.3378866068912811,0.02738525789231939,0.31904307919144975,0.7908026194597606,0.645
2,791,ROI_4477,2,low-cloudy,400,0.7590097305475894,0.1368413739332487,0.0,0.10414889551916195,0.9483717603591612,0.88
2,792,ROI_4477,3,almost-clear,400,0.7541579660415082,0.01190361315573122,0.1451437967276643,0.08879462407509621,0.8441629140682976,0.7875
2,793,ROI_4477,1,cloud-free,400,1.0,0.0,0.0,0.0,0.9671666343506964,1.0
2,794,ROI_4477,2,cloudy,400,0.08629733558230823,0.6772090581709967,0.0,0.23649360624669505,0.9121348398289364,0.9125
2,795,ROI_4547,2,almost-clear,400,0.867921615247741,0.018337894326484767,0.0810750305888892,0.03266545983688499,0.7288219136941763,0.7875
2,796,ROI_4547,2,low-cloudy,400,0.6486890200362049,0.1226720600893157,0.0,0.2286389198744794,0.8392488759931475,0.0775
2,797,ROI_4547,2,mid-cloudy,400,0.6800228499967191,0.29006372524422863,0.0,0.029913424759052187,0.9184622326406494,0.9725
2,798,ROI_4547,1,cloud-free,400,1.0,0.0,0.0,0.0,0.78482492796056,0.8275
2,799,ROI_4547,2,cloudy,400,0.0,0.9461789942141647,0.0,0.05382100578583532,0.9762685218061782,0.9825
2,800,ROI_4704,1,cloud-free,400,1.0,0.0,0.0,0.0,0.9825282085312957,1.0
2,801,ROI_4704,2,mid-cloudy,400,0.14845164253650403,0.4822159865061506,0.0,0.3693323709573454,0.8839476036190639,0.79
2,802,ROI_4704,2,low-cloudy,400,0.7763672365013259,0.10190635361141882,0.0,0.12172640988725533,0.9611091451466627,0.95
2,803,ROI_4704,2,cloudy,400,0.020117260625055484,0.5366391205839101,0.0,0.44324361879103447,0.7067648542893553,0.6425
2,804,ROI_4704,2,almost-clear,400,0.909124945480371,0.090875054519629,0.0,0.0,0.9653887810054864,0.9825
2,805,ROI_4797,2,mid-cloudy,400,0.3135814667999583,0.3379638028261432,0.0,0.3484547303738985,0.8179813375326087,0.575
2,806,ROI_4797,2,cloudy,400,0.27677830485446636,0.3794527580177628,0.0,0.34376893712777085,0.7969735136824098,0.7375
2,807,ROI_4797,1,cloud-free,400,1.0,0.0,0.0,0.0,0.9869256831463196,1.0
2,808,ROI_4797,2,low-cloudy,400,0.7592258791652031,0.11489070985521903,0.0,0.1258834109795778,0.8530370517077961,0.77
2,809,ROI_4797,2,almost-clear,400,0.9425971028365646,0.016496771280024393,0.0,0.04090612588341098,0.9755424337511057,0.96
2,810,ROI_5145,3,cloud-free,400,1.0,0.0,0.0,0.0,0.9566732776939254,1.0
2,811,ROI_5145,3,mid-cloudy,400,0.454823009020345,0.3859796743103508,0.02452128870893659,0.1346760279603676,0.6786403083552942,0.6
2,812,ROI_5145,2,cloudy,400,0.19579590938741165,0.5450727764675912,0.2591313141449971,0.0,0.7689795147071985,0.5275
2,813,ROI_5145,1,almost-clear,400,0.9765247162084445,0.019812336682350308,0.0,0.0036629471092052292,0.92163565803845,0.985
2,814,ROI_5145,3,low-cloudy,400,0.5249246374685909,0.2599534508512782,0.0773464669350512,0.13777544474507972,0.7703563669594993,0.8275
2,815,ROI_5244,1,cloud-free,400,1.0,0.0,0.0,0.0,0.8743312950314426,0.96
2,816,ROI_5244,2,almost-clear,400,0.8103952045885263,0.10226145491178434,0.0018488426399465804,0.08549449785974271,0.9385664072912547,0.98
2,817,ROI_5244,2,cloudy,400,0.0,0.8596577904207564,0.0,0.14034220957924357,0.915572847823279,0.9375
2,818,ROI_5244,2,low-cloudy,400,0.5720720546856003,0.2553757319139574,0.0018063848757724418,0.17074582852466988,0.8997773141875576,0.875
2,819,ROI_5244,2,mid-cloudy,400,0.3238871241040447,0.4446292858218086,0.04670354059155245,0.18478004948259424,0.9121586852839607,0.8275
2,820,ROI_5305,2,mid-cloudy,400,0.19420567312925302,0.633628093144615,0.0,0.172166233726132,0.9337840455334242,0.92
2,821,ROI_5305,2,low-cloudy,400,0.2881955836205665,0.275199647986537,0.036332266742833325,0.4002725016500631,0.8363354149992488,0.7975
2,822,ROI_5305,2,cloudy,400,0.0,0.9706694045491564,0.0,0.029330595450843558,0.9985811397777397,0.9675
2,823,ROI_5305,1,cloud-free,400,1.0,0.0,0.0,0.0,0.8533954514676191,0.9775
2,824,ROI_5305,2,almost-clear,400,0.6171197424743613,0.1969229700363979,0.0,0.1859572874892408,0.931245303889929,0.865
2,825,ROI_5607,2,mid-cloudy,400,0.1075995538074965,0.6968940215608246,0.001146359632701742,0.19436006499897715,0.9207192767163496,0.9275
2,826,ROI_5607,2,almost-clear,400,0.5032673179430371,0.2367483528317399,0.08774089956422895,0.17224342966099404,0.8567055072797519,0.8
2,827,ROI_5607,3,cloudy,400,0.01765857009969855,0.5597168453109259,0.07001671291989764,0.3526078716694779,0.6771520079149286,0.6325
2,828,ROI_5607,2,low-cloudy,400,0.4418656713537465,0.34875965431660366,0.013424373072514002,0.1959503012571358,0.8219950836259561,0.8725
2,829,ROI_5607,1,cloud-free,400,1.0,0.0,0.0,0.0,0.9744775389383448,0.995
2,830,ROI_5622,4,cloudy,400,1.0,0.0,0.0,0.0,0.8760537163220135,0.9925
2,831,ROI_5622,4,almost-clear,400,0.5653174103851691,0.1302642802830003,0.2918508111362856,0.012567498195545023,0.8492680990838966,0.5625
2,832,ROI_5622,5,mid-cloudy,400,0.2834557532200354,0.6538843064524222,0.06265994032754235,0.0,0.8061681791595083,0.245
2,833,ROI_5622,5,low-cloudy,400,0.5946557254294988,0.34098988347273634,0.0643543910977648,0.0,0.9154286457667488,0.64
2,834,ROI_5622,1,cloud-free,400,1.0,0.0,0.0,0.0,0.9281276797414284,1.0
2,835,ROI_5830,1,cloud-free,400,1.0,0.0,0.0,0.0,0.9379141336909492,0.9975
2,836,ROI_5830,2,almost-clear,400,0.4513414723580656,0.3570311987370745,0.0012582937382517438,0.19036903516660814,0.9035492206018912,0.83
2,837,ROI_5830,2,mid-cloudy,400,0.07043357096815282,0.6780890918284244,0.03458763861495054,0.21688969858847232,0.8003871095187679,0.855
2,838,ROI_5830,2,low-cloudy,400,0.35533288817010894,0.44165338253287584,0.03859024783754887,0.16442348145946634,0.721053947417111,0.8225
2,839,ROI_5830,2,cloudy,400,0.008858233525422551,0.9178287871360694,0.0012737329252241578,0.07203924641328388,0.9456435367824176,0.95
2,840,ROI_5860,2,low-cloudy,400,0.48725302125590064,0.29179677398188214,0.0,0.22095020476221722,0.904277910128608,0.9125
2,841,ROI_5860,2,mid-cloudy,400,0.2915960645512407,0.6368471636283634,0.010162844824591536,0.0613939269958044,0.8363396953364987,0.73
2,842,ROI_5860,1,cloud-free,400,1.0,0.0,0.0,0.0,0.9211626386399345,1.0
2,843,ROI_5860,2,almost-clear,400,0.8468857229978269,0.1172915034294294,0.0,0.03582277357274366,0.9071067758336996,0.9625
2,844,ROI_5860,2,cloudy,400,0.029569902848915978,0.6299111088810063,0.30326423010564263,0.03725475816443506,0.8626225781984173,0.6475
2,845,ROI_5940,3,almost-clear,400,0.8128075775529661,0.12508443305375538,0.009761425963308772,0.05234656342996978,0.8435562915378213,0.9175
2,846,ROI_5940,3,low-cloudy,400,0.481822287238354,0.336354267584269,0.10288288218742402,0.07894056298995294,0.7365367981478823,0.71
2,847,ROI_5940,4,mid-cloudy,400,0.4259555891786739,0.0,0.5740444108213262,0.0,0.647287910167601,0.6075
2,848,ROI_5940,1,cloud-free,400,1.0,0.0,0.0,0.0,0.8206531190980421,0.865
2,849,ROI_5940,2,cloudy,400,0.0,0.9770419289720204,3.859796743103508e-06,0.022954211231236563,0.770933444937242,0.805
2,850,ROI_6118,2,cloudy,400,0.0,0.931160525086749,0.02248717582532104,0.04635229908793003,0.9429326746972185,0.955
2,851,ROI_6118,3,low-cloudy,400,0.6494339608076238,0.0,0.3505660391923761,0.0,0.659139951252811,0.8625
2,852,ROI_6118,1,cloud-free,400,1.0,0.0,0.0,0.0,0.9714798836937544,1.0
2,853,ROI_6118,2,almost-clear,400,0.9097502325527538,0.054125929728540495,0.0,0.03612383771870573,0.9365005350227752,0.955
2,854,ROI_6118,2,mid-cloudy,400,0.38678637182965947,0.5068607887108665,0.0,0.10635283945947406,0.8259246650139573,0.8875
2,855,ROI_6213,1,cloud-free,400,1.0,0.0,0.0,0.0,0.9258679842705455,0.9875
2,856,ROI_6213,3,almost-clear,400,0.8836657261628602,0.10098772198656018,0.0,0.015346551850579548,0.8694236275602869,0.9225
2,857,ROI_6213,4,cloudy,400,0.3089651498952065,0.28344803362654925,0.40758681647824424,0.0,0.6661226111411048,0.5575
2,858,ROI_6213,4,mid-cloudy,400,0.16716007735032673,0.6657994989983828,0.13207452495551583,0.03496589869577468,0.8708268941758393,0.795
2,859,ROI_6213,3,low-cloudy,400,0.6354576368008461,0.18413932322323906,0.09893045032248601,0.08147258965342885,0.8200501045046806,0.7375
2,860,ROI_6461,3,almost-clear,400,0.6548917134023722,0.0,0.34510828659762777,0.0,0.8952653226250384,0.645
2,861,ROI_6461,1,cloud-free,400,1.0,0.0,0.0,0.0,0.956252886758425,1.0
2,862,ROI_6461,3,low-cloudy,400,0.7390198432150563,0.008642084907808755,0.252338071877135,0.0,0.9281790940644644,0.685
2,863,ROI_6461,3,cloudy,400,0.12824946638310025,0.62273960653232,0.20501310400994283,0.04399782307463689,0.804383921429685,0.695
2,864,ROI_6461,2,mid-cloudy,400,0.3827876224038042,0.37961100968423,0.06309223756276995,0.17450913034919582,0.8554232198527844,0.8075
2,865,ROI_6641,1,cloud-free,400,1.0,0.0,0.0,0.0,0.9599602740418902,1.0
2,866,ROI_6641,2,mid-cloudy,400,0.30173575059537366,0.5708446393212934,0.029658678174007358,0.09776093190932565,0.8366501277352135,0.765
2,867,ROI_6641,2,cloudy,400,0.0,0.9709743284918616,0.0,0.02902567150813838,0.7881855073884811,0.8625
2,868,ROI_6641,2,low-cloudy,400,0.8094958719473833,0.1578965651668783,0.0,0.032607562885738434,0.927334942460319,0.9425
2,869,ROI_6641,2,almost-clear,400,0.9656400893928926,0.030897672928543583,0.0,0.003462237678563847,0.9673073609065223,0.99
2,870,ROI_6833,2,almost-clear,400,0.9002165345972881,0.04897696087324042,0.0,0.050806504529471476,0.9487699511955338,0.955
2,871,ROI_6833,1,cloud-free,400,1.0,0.0,0.0,0.0,0.9897176394663866,1.0
2,872,ROI_6833,4,cloudy,400,3.859796743103508e-06,0.47359706037880045,0.5038076894870717,0.022591390337384835,0.5898507701110322,0.66
2,873,ROI_6833,4,low-cloudy,400,0.7693732848028223,0.023834244888664164,0.17387612368332683,0.03291634662518672,0.8312875398012552,0.8575
2,874,ROI_6833,3,mid-cloudy,400,0.08863637240862896,0.49054542787776795,0.0,0.42081819971360307,0.8200958273594435,0.78
2,875,ROI_6860,2,cloudy,400,0.4129596535446443,0.39753976555594583,0.0,0.18950058089940983,0.8114470743062825,0.9
2,876,ROI_6860,2,mid-cloudy,400,0.38551263890443527,0.505127739973213,0.0,0.1093596211223517,0.843516418265193,0.885
2,877,ROI_6860,1,cloud-free,400,1.0,0.0,0.0,0.0,0.9408098110725905,1.0
2,878,ROI_6860,2,almost-clear,400,0.9218159571716953,0.03537503715054365,0.0015786568679293349,0.041230348809831674,0.8878677295844127,0.9925
2,879,ROI_6860,2,low-cloudy,400,0.7611248991628101,0.16301465564823356,0.0,0.07586044518895635,0.8501673094297371,0.9475
2,880,ROI_6908,1,cloud-free,400,1.0,0.0,0.0,0.0,0.9088737483750946,1.0
2,881,ROI_6908,3,almost-clear,400,0.993511681674843,0.0027057175169155592,0.0,0.003782600808241438,0.9510496154601475,0.9925
2,882,ROI_6908,3,low-cloudy,400,0.7878076740478847,0.14122610303341426,0.02456760626985383,0.04639861664884727,0.859051915173452,0.865
2,883,ROI_6908,3,mid-cloudy,400,0.48912502267630587,0.2866285061428665,0.011710623318576044,0.21253584786225158,0.7871142617455618,0.605
2,884,ROI_6908,4,cloudy,400,0.2124740911143619,0.01751575762020372,0.6508234876351411,0.11918666363029323,0.6528168019295119,0.635
2,885,ROI_7063,1,cloud-free,400,1.0,0.0,0.0,0.0,0.9948385629042297,1.0
2,886,ROI_7063,3,low-cloudy,400,0.1642690895897422,0.43377939717694464,0.05617934159587156,0.34577217163744156,0.7941199896804827,0.5725
2,887,ROI_7063,3,mid-cloudy,400,0.2812479494829802,0.35759472906156764,0.1444413137204195,0.21671600773503266,0.7815159077597876,0.5875
2,888,ROI_7063,3,cloudy,400,0.09552996939181183,0.2622500299134248,0.6422200006947634,0.0,0.7257590358839778,0.5675
2,889,ROI_7063,2,almost-clear,400,0.8589167094460806,0.0,0.14108329055391944,0.0,0.8849088562304976,0.835
2,890,ROI_7640,1,cloud-free,400,1.0,0.0,0.0,0.0,0.8503217588056583,1.0
2,891,ROI_7640,3,cloudy,400,0.0706342803987942,0.5522288396293051,0.0,0.3771368799719007,0.8821151795261915,0.855
2,892,ROI_7640,2,almost-clear,400,0.8983638321605985,0.03504695442737985,0.0,0.06658921341202172,0.9446606101543138,0.9725
2,893,ROI_7640,2,mid-cloudy,400,0.574970762039671,0.22795573585095008,0.0,0.1970735021093789,0.9199862790909437,0.9225
2,894,ROI_7640,2,low-cloudy,400,0.6989088354607247,0.16256691922603356,0.0,0.1385242453132418,0.918101053892428,0.8425
2,895,ROI_8052,4,low-cloudy,400,0.6599982244934982,0.0,0.06175674788965613,0.2782450276168457,0.5794284741281703,0.485
2,896,ROI_8052,2,mid-cloudy,400,0.27939910684303365,0.5216360906434667,0.0,0.19896480251349963,0.8951679669301258,0.8375
2,897,ROI_8052,2,almost-clear,400,0.9562800822908666,0.019901112007441688,0.0,0.02381880570169175,0.9586324293209131,0.965
2,898,ROI_8052,1,cloud-free,400,1.0,0.0,0.0,0.0,0.9809178850427982,1.0
2,899,ROI_8052,2,cloudy,400,0.011031299091789827,0.9189635673785419,0.0,0.07000513352966833,0.8783250958509298,0.835
2,900,ROI_8234,2,low-cloudy,400,0.32780867759503785,0.33027122791713787,0.0,0.3419200944878243,0.7640244004591169,0.795
2,901,ROI_8234,1,cloud-free,400,1.0,0.0,0.0,0.0,0.8509552600973972,0.9825
2,902,ROI_8234,2,mid-cloudy,400,0.0,0.9657211451244977,0.0,0.03427885487550226,0.9921713865767682,0.9725
2,903,ROI_8234,3,cloudy,400,0.0,0.890258259000081,0.019380039447122716,0.09036170155279623,0.8920132243093206,0.865
2,904,ROI_8234,2,almost-clear,400,0.9475569416514527,0.03394305255885225,0.0,0.018500005789695115,0.7872610247195084,0.94
2,905,ROI_8347,2,mid-cloudy,400,0.09123787541348073,0.49152195645377317,0.0,0.4172401681327461,0.9032786729390733,0.82
2,906,ROI_8347,2,almost-clear,400,0.7707821106140551,0.14286651664923325,0.0,0.08635137273671169,0.9575657894921662,0.9425
2,907,ROI_8347,2,cloudy,400,0.04358482482312481,0.8243869677822766,0.0,0.1320282073945986,0.9437655592983295,0.9425
2,908,ROI_8347,2,low-cloudy,400,0.3749638144055334,0.4032406853455097,0.0,0.2217955002489569,0.9147089433652578,0.925
2,909,ROI_8347,1,cloud-free,400,1.0,0.0,0.0,0.0,0.9885452548353232,1.0
2,910,ROI_8676,2,almost-clear,400,0.5963192978257765,0.20470432027049457,0.0,0.19897638190372896,0.8661558733056903,0.8475
2,911,ROI_8676,2,cloudy,400,0.14329881388446084,0.595740328314311,0.0,0.2609608578012282,0.8639493492156077,0.86
2,912,ROI_8676,2,low-cloudy,400,0.5610060174231225,0.2726676213230611,0.0,0.16632636125381636,0.8948876790312351,0.9
2,913,ROI_8676,2,mid-cloudy,400,0.23300434999092948,0.48702143345131443,0.0,0.27997421655775606,0.8522305204976085,0.8575
2,914,ROI_8676,1,cloud-free,400,1.0,0.0,0.0,0.0,0.9413976146409148,0.99
2,915,ROI_8710,2,low-cloudy,400,0.48364797109784197,0.43751568042426886,0.0,0.07883634847788916,0.6711141143205553,0.8725
2,916,ROI_8710,1,cloud-free,400,1.0,0.0,0.0,0.0,0.9780981018446259,1.0
2,917,ROI_8710,3,almost-clear,400,0.4084977285096167,0.12490688240357263,0.3712661291256402,0.09532925996117045,0.8448513108386357,0.5075
2,918,ROI_8710,3,mid-cloudy,400,0.061505861101354406,0.5724927725305985,0.24672206761591933,0.11927929875212771,0.8044489989147453,0.755
2,919,ROI_8710,3,cloudy,400,0.031248914432166004,0.5756964038273744,0.29758646909653735,0.09546821264392218,0.740503944564416,0.595
2,920,ROI_8711,2,mid-cloudy,400,0.21064840725487396,0.6181850463754579,0.0,0.17116654636966816,0.8800629726250218,0.895
2,921,ROI_8711,2,cloudy,400,0.021645740135324474,0.6874297999467348,0.0,0.29092445991794075,0.8848098824455535,0.9225
2,922,ROI_8711,2,low-cloudy,400,0.28556320224176995,0.42511801328542037,0.0,0.2893187844728097,0.8461588213221038,0.8875
2,923,ROI_8711,3,almost-clear,400,0.3034919581134857,0.3506779732979261,0.0,0.3458300685885881,0.778935494254162,0.815
2,924,ROI_8711,1,cloud-free,400,1.0,0.0,0.0,0.0,0.46004829912795037,0.4225
2,925,ROI_8713,2,almost-clear,400,0.5971452943288006,0.2830041570010923,0.0,0.11985054867010703,0.9001925038076031,0.895
2,926,ROI_8713,3,mid-cloudy,400,0.0,0.561060054577526,0.2567729783349609,0.18216696708751318,0.6555101607202544,0.615
2,927,ROI_8713,1,cloud-free,400,1.0,0.0,0.0,0.0,0.8641916404389804,0.9675
2,928,ROI_8713,2,low-cloudy,400,0.27841485867354226,0.4138088088281271,0.0,0.30777633249833064,0.8110338103337575,0.8475
2,929,ROI_8713,2,cloudy,400,0.02679084919388145,0.8597041079816737,0.0,0.11350504282444486,0.927340385572125,0.91
2,930,ROI_8945,4,cloud-free,400,1.0,0.0,0.0,0.0,0.9813875309669905,0.9925
2,931,ROI_8945,3,low-cloudy,400,0.13428618848931415,0.5199840976374184,0.12181904500908983,0.22391066886417763,0.8181700757424428,0.8025
2,932,ROI_8945,4,cloudy,400,0.17028651271224057,0.16675093889555775,0.46918917249817627,0.1937733758940254,0.6660265506513652,0.505
2,933,ROI_8945,1,almost-clear,400,0.8051690397983642,0.10907785596010514,0.0,0.08575310424153064,0.9635968497733269,0.9525
2,934,ROI_8945,2,mid-cloudy,400,0.15705126968013863,0.6584813243734585,0.0,0.18446740594640287,0.9285652364110147,0.9225
2,935,ROI_9177,1,cloud-free,400,1.0,0.0,0.0,0.0,0.9832302497760717,0.9975
2,936,ROI_9177,3,almost-clear,400,0.7189489001509181,0.05229638607230943,0.2035425214508204,0.025212192325952114,0.8799424633458247,0.75
2,937,ROI_9177,3,mid-cloudy,400,0.263265156456861,0.558898568401388,0.0,0.17783627514175104,0.8745150145199978,0.905
2,938,ROI_9177,3,cloudy,400,0.09266214041168593,0.5352611731466221,0.1727297640506251,0.19934692239106688,0.7729713128370643,0.725
2,939,ROI_9177,2,low-cloudy,400,0.6253256703501994,0.2559469818319367,0.0,0.11872734781786391,0.9272031941249425,0.9425
2,940,ROI_9184,1,cloud-free,400,1.0,0.0,0.0,0.0,0.906447072025102,0.975
2,941,ROI_9184,2,mid-cloudy,400,0.27544667497809566,0.5283328379927513,0.0,0.19622048702915304,0.8450388572175609,0.8575
2,942,ROI_9184,2,almost-clear,400,0.6916562773804331,0.21142808619698086,0.0,0.096915636422586,0.8284868929246563,0.91
2,943,ROI_9184,2,low-cloudy,400,0.5720064381409675,0.23946178994214165,0.0,0.18853177191689086,0.8958795711327121,0.9175
2,944,ROI_9184,3,cloudy,400,0.0,0.27711796696785945,0.7228820330321405,0.0,0.5759767083902825,0.7375
2,945,ROI_9251,4,almost-clear,400,0.8107117079214609,0.04301357490514549,0.0,0.14627471717339366,0.8399286335849331,0.8675
2,946,ROI_9251,4,cloudy,400,0.09698897256070495,0.1621770797549801,0.6056908843180319,0.13514306336628312,0.6533621922665871,0.7625
2,947,ROI_9251,1,cloud-free,400,1.0,0.0,0.0,0.0,0.8847469317305017,0.9925
2,948,ROI_9251,4,low-cloudy,400,0.47172119916165217,0.23199694304097945,0.0,0.2962818577973684,0.7948680963128161,0.5625
2,949,ROI_9251,4,mid-cloudy,400,0.32067191341703943,0.6756574198802691,0.0036706667026914362,0.0,0.6740454606323334,0.65
2,950,ROI_9277,4,almost-clear,400,0.9280418093183213,0.019175470219738228,0.0,0.05278272046194048,0.9255320077174228,0.9325
2,951,ROI_9277,3,mid-cloudy,400,0.17279538059525784,0.6671542876552121,0.0,0.16005033174953007,0.8544834509061713,0.6725
2,952,ROI_9277,1,cloud-free,400,1.0,0.0,0.0,0.0,0.887325268472853,0.99
2,953,ROI_9277,3,cloudy,400,0.10074455479174467,0.7885719138030192,0.1008950868647257,0.009788444540510496,0.6888756973130543,0.38
2,954,ROI_9277,2,low-cloudy,400,0.5633720728266449,0.21385589834839297,0.0,0.22277202882496208,0.8813161780750116,0.94
2,955,ROI_9659,1,cloud-free,400,1.0,0.0,0.0,0.0,0.6401123276793266,0.7275
2,956,ROI_9659,3,mid-cloudy,400,0.4979600974212698,0.00940632466294325,0.49263357791578694,0.0,0.7617706769268913,0.5325
2,957,ROI_9659,3,low-cloudy,400,0.3683172444139092,0.4673943670126331,0.10311446999201022,0.0611739185814475,0.8369001762524442,0.875
2,958,ROI_9659,3,cloudy,400,0.43539279221556193,0.5373223046074393,0.0,0.0272849031769987,0.7972664997721973,0.78
2,959,ROI_9659,3,almost-clear,400,0.941230734789506,0.014725124574939883,0.036911236254298846,0.007132904381255283,0.9701379448547239,0.94
2,960,ROI_9761,1,cloud-free,400,1.0,0.0,0.0,0.0,0.6086407811965703,0.43
2,961,ROI_9761,3,cloudy,400,0.0,0.7419146907723839,0.22209270459817587,0.03599260462944021,0.6950323850184368,0.2275
2,962,ROI_9761,2,low-cloudy,400,0.5457559604911205,0.2747326125806215,0.0,0.17951142692825794,0.9326974755066944,0.9075
2,963,ROI_9761,3,almost-clear,400,0.9131815918573728,0.023938459400727956,0.0,0.06287994874189926,0.9068716708520607,0.965
2,964,ROI_9761,4,mid-cloudy,400,0.5413519324072394,0.0,0.1563333474859214,0.3023147201068392,0.6572916606217427,0.5475
2,965,ROI_9770,3,cloudy,400,0.0,0.8283818574113887,0.0,0.17161814258861127,0.8736419810440748,0.71
2,966,ROI_9770,1,cloud-free,400,1.0,0.0,0.0,0.0,0.9807226048976635,1.0
2,967,ROI_9770,3,low-cloudy,400,0.3907889810522578,0.3358949517718397,0.0,0.2733160671759025,0.8879663117669648,0.9275
2,968,ROI_9770,4,almost-clear,400,0.9981588769535397,0.0009070522346293244,0.0,0.000934070811831049,0.7514092182736326,0.9625
2,969,ROI_9770,2,mid-cloudy,400,0.12545883333783642,0.5698526715583158,0.0,0.3046884951038478,0.9002305351875609,0.925
2,970,ROI_9795,1,cloud-free,400,1.0,0.0,0.0,0.0,0.9687581614622234,1.0
2,971,ROI_9795,3,almost-clear,400,0.554648932187231,0.22570933414646385,0.0,0.21964173366630513,0.8234636790805192,0.82
2,972,ROI_9795,4,cloudy,400,0.0,0.0,1.0,0.0,0.5479197688691937,0.9125
2,973,ROI_9795,3,mid-cloudy,400,0.2564989327662005,0.5451576919959394,0.0,0.19834337523785997,0.8742517284040043,0.865
2,974,ROI_9795,3,low-cloudy,400,0.7238855801853474,0.2299512507671346,0.0,0.04616316904751796,0.8556245790564345,0.8625
