seed,kind,missing_groups,drop_set,miou,n_sets_at_m,enumerated
0,b1,0,,71.8558,1,1
0,b1,1,0,30.7376,10,1
0,b1,1,1,28.7964,10,1
0,b1,1,2,41.8257,10,1
0,b1,1,3,53.4768,10,1
0,b1,1,4,44.5749,10,1
0,b1,1,5,46.0309,10,1
0,b1,1,6,28.3017,10,1
0,b1,1,7,57.4242,10,1
0,b1,1,8,34.1580,10,1
0,b1,1,9,35.1556,10,1
0,b1,2,0|1,21.7056,45,1
0,b1,2,0|2,17.1376,45,1
0,b1,2,0|3,23.0280,45,1
0,b1,2,0|4,22.9908,45,1
0,b1,2,0|5,22.7561,45,1
0,b1,2,0|6,20.6132,45,1
0,b1,2,0|7,30.6300,45,1
0,b1,2,0|8,28.9908,45,1
0,b1,2,0|9,29.6541,45,1
0,b1,2,1|2,22.7503,45,1
0,b1,2,1|3,28.9959,45,1
0,b1,2,1|4,21.2991,45,1
0,b1,2,1|5,29.1810,45,1
0,b1,2,1|6,14.1537,45,1
0,b1,2,1|7,22.7053,45,1
0,b1,2,1|8,17.5493,45,1
0,b1,2,1|9,15.6384,45,1
0,b1,2,2|3,32.5490,45,1
0,b1,2,2|4,26.7154,45,1
0,b1,2,2|5,33.1547,45,1
0,b1,2,2|6,21.3315,45,1
0,b1,2,2|7,36.9720,45,1
0,b1,2,2|8,27.5416,45,1
0,b1,2,2|9,26.0479,45,1
0,b1,2,3|4,30.0052,45,1
0,b1,2,3|5,33.8179,45,1
0,b1,2,3|6,21.7059,45,1
0,b1,2,3|7,42.6054,45,1
0,b1,2,3|8,28.1493,45,1
0,b1,2,3|9,33.6576,45,1
0,b1,2,4|5,22.1260,45,1
0,b1,2,4|6,21.9247,45,1
0,b1,2,4|7,37.6008,45,1
0,b1,2,4|8,23.0609,45,1
0,b1,2,4|9,24.6111,45,1
0,b1,2,5|6,25.7716,45,1
0,b1,2,5|7,49.3200,45,1
0,b1,2,5|8,28.7575,45,1
0,b1,2,5|9,38.9052,45,1
0,b1,2,6|7,24.5827,45,1
0,b1,2,6|8,20.0792,45,1
0,b1,2,6|9,24.1781,45,1
0,b1,2,7|8,30.6398,45,1
0,b1,2,7|9,28.0581,45,1
0,b1,2,8|9,17.8916,45,1
0,b1,3,0|1|2,13.9153,120,1
0,b1,3,0|1|3,12.7315,120,1
0,b1,3,0|1|4,18.5991,120,1
0,b1,3,0|1|5,15.3479,120,1
0,b1,3,0|1|6,13.3604,120,1
0,b1,3,0|1|7,20.6948,120,1
0,b1,3,0|1|8,16.8737,120,1
0,b1,3,0|1|9,19.2046,120,1
0,b1,3,0|2|3,12.3908,120,1
0,b1,3,0|2|4,13.1175,120,1
0,b1,3,0|2|5,13.6725,120,1
0,b1,3,0|2|6,17.5062,120,1
0,b1,3,0|2|7,22.2272,120,1
0,b1,3,0|2|8,18.3596,120,1
0,b1,3,0|2|9,22.8770,120,1
0,b1,3,0|3|4,14.9027,120,1
0,b1,3,0|3|5,15.5314,120,1
0,b1,3,0|3|6,19.2247,120,1
0,b1,3,0|3|7,23.2788,120,1
0,b1,3,0|3|8,18.9475,120,1
0,b1,3,0|3|9,20.5978,120,1
0,b1,3,0|4|5,14.3914,120,1
0,b1,3,0|4|6,17.1339,120,1
0,b1,3,0|4|7,19.8544,120,1
0,b1,3,0|4|8,24.5921,120,1
0,b1,3,0|4|9,24.3619,120,1
0,b1,3,0|5|6,15.6078,120,1
0,b1,3,0|5|7,24.3157,120,1
0,b1,3,0|5|8,22.6358,120,1
0,b1,3,0|5|9,20.0722,120,1
0,b1,3,0|6|7,16.2617,120,1
0,b1,3,0|6|8,15.2957,120,1
0,b1,3,0|6|9,24.5551,120,1
0,b1,3,0|7|8,29.5526,120,1
0,b1,3,0|7|9,29.6581,120,1
0,b1,3,0|8|9,13.0073,120,1
0,b1,3,1|2|3,17.8047,120,1
0,b1,3,1|2|4,13.9847,120,1
0,b1,3,1|2|5,20.3731,120,1
0,b1,3,1|2|6,10.0869,120,1
0,b1,3,1|2|7,18.1959,120,1
0,b1,3,1|2|8,14.1665,120,1
0,b1,3,1|2|9,13.3883,120,1
0,b1,3,1|3|4,10.0468,120,1
0,b1,3,1|3|5,18.8594,120,1
0,b1,3,1|3|6,11.2406,120,1
0,b1,3,1|3|7,25.7575,120,1
0,b1,3,1|3|8,20.5216,120,1
0,b1,3,1|3|9,16.3891,120,1
0,b1,3,1|4|5,10.9084,120,1
0,b1,3,1|4|6,13.2712,120,1
0,b1,3,1|4|7,21.6824,120,1
0,b1,3,1|4|8,11.5947,120,1
0,b1,3,1|4|9,10.7357,120,1
0,b1,3,1|5|6,14.8750,120,1
0,b1,3,1|5|7,27.0631,120,1
0,b1,3,1|5|8,15.8527,120,1
0,b1,3,1|5|9,12.0053,120,1
0,b1,3,1|6|7,11.9265,120,1
0,b1,3,1|6|8,13.0964,120,1
0,b1,3,1|6|9,13.6261,120,1
0,b1,3,1|7|8,13.6705,120,1
0,b1,3,1|7|9,13.8685,120,1
0,b1,3,1|8|9,9.2502,120,1
0,b1,3,2|3|4,18.6397,120,1
0,b1,3,2|3|5,20.7279,120,1
0,b1,3,2|3|6,16.4730,120,1
0,b1,3,2|3|7,25.8347,120,1
0,b1,3,2|3|8,23.0450,120,1
0,b1,3,2|3|9,23.9148,120,1
0,b1,3,2|4|5,16.7864,120,1
0,b1,3,2|4|6,18.0973,120,1
0,b1,3,2|4|7,26.2948,120,1
0,b1,3,2|4|8,22.2280,120,1
0,b1,3,2|4|9,23.7737,120,1
0,b1,3,2|5|6,24.1938,120,1
0,b1,3,2|5|7,36.1304,120,1
0,b1,3,2|5|8,26.4267,120,1
0,b1,3,2|5|9,27.6325,120,1
0,b1,3,2|6|7,17.9568,120,1
0,b1,3,2|6|8,20.3580,120,1
0,b1,3,2|6|9,18.9730,120,1
0,b1,3,2|7|8,24.1137,120,1
0,b1,3,2|7|9,22.7875,120,1
0,b1,3,2|8|9,13.6771,120,1
0,b1,3,3|4|5,17.6624,120,1
0,b1,3,3|4|6,15.8022,120,1
0,b1,3,3|4|7,23.5498,120,1
0,b1,3,3|4|8,18.6066,120,1
0,b1,3,3|4|9,20.3750,120,1
0,b1,3,3|5|6,22.4652,120,1
0,b1,3,3|5|7,32.7495,120,1
0,b1,3,3|5|8,21.0116,120,1
0,b1,3,3|5|9,32.6540,120,1
0,b1,3,3|6|7,20.1043,120,1
0,b1,3,3|6|8,15.2046,120,1
0,b1,3,3|6|9,19.4342,120,1
0,b1,3,3|7|8,25.0773,120,1
0,b1,3,3|7|9,27.5909,120,1
0,b1,3,3|8|9,17.7578,120,1
0,b1,3,4|5|6,14.7385,120,1
0,b1,3,4|5|7,21.4081,120,1
0,b1,3,4|5|8,14.0965,120,1
0,b1,3,4|5|9,20.2858,120,1
0,b1,3,4|6|7,16.2433,120,1
0,b1,3,4|6|8,14.1926,120,1
0,b1,3,4|6|9,15.1616,120,1
0,b1,3,4|7|8,18.1862,120,1
0,b1,3,4|7|9,19.7896,120,1
0,b1,3,4|8|9,12.0418,120,1
0,b1,3,5|6|7,20.9564,120,1
0,b1,3,5|6|8,18.9566,120,1
0,b1,3,5|6|9,16.2300,120,1
0,b1,3,5|7|8,29.7858,120,1
0,b1,3,5|7|9,31.9014,120,1
0,b1,3,5|8|9,14.3383,120,1
0,b1,3,6|7|8,16.6941,120,1
0,b1,3,6|7|9,19.2725,120,1
0,b1,3,6|8|9,12.8368,120,1
0,b1,3,7|8|9,16.0035,120,1
0,b1,4,0|1|2|3,6.0231,210,1
0,b1,4,0|1|2|4,12.0120,210,1
0,b1,4,0|1|2|5,8.5570,210,1
0,b1,4,0|1|2|6,11.1256,210,1
0,b1,4,0|1|2|7,13.3660,210,1
0,b1,4,0|1|2|8,13.0431,210,1
0,b1,4,0|1|2|9,12.4173,210,1
0,b1,4,0|1|3|4,7.6037,210,1
0,b1,4,0|1|3|5,8.9845,210,1
0,b1,4,0|1|3|6,11.8302,210,1
0,b1,4,0|1|3|7,16.4063,210,1
0,b1,4,0|1|3|8,17.1591,210,1
0,b1,4,0|1|3|9,15.4345,210,1
0,b1,4,0|1|4|5,9.6948,210,1
0,b1,4,0|1|4|6,10.7011,210,1
0,b1,4,0|1|4|7,21.7525,210,1
0,b1,4,0|1|4|8,16.6026,210,1
0,b1,4,0|1|4|9,17.1115,210,1
0,b1,4,0|1|5|6,13.2680,210,1
0,b1,4,0|1|5|7,17.1566,210,1
0,b1,4,0|1|5|8,17.4878,210,1
0,b1,4,0|1|5|9,22.8254,210,1
0,b1,4,0|1|6|7,12.4560,210,1
0,b1,4,0|1|6|8,14.7843,210,1
0,b1,4,0|1|6|9,15.3910,210,1
0,b1,4,0|1|7|8,15.0778,210,1
0,b1,4,0|1|7|9,17.3520,210,1
0,b1,4,0|1|8|9,10.7683,210,1
0,b1,4,0|2|3|4,8.7275,210,1
0,b1,4,0|2|3|5,9.6627,210,1
0,b1,4,0|2|3|6,11.8655,210,1
0,b1,4,0|2|3|7,13.0505,210,1
0,b1,4,0|2|3|8,14.1998,210,1
0,b1,4,0|2|3|9,17.5033,210,1
0,b1,4,0|2|4|5,7.1060,210,1
0,b1,4,0|2|4|6,12.1321,210,1
0,b1,4,0|2|4|7,13.6666,210,1
0,b1,4,0|2|4|8,19.1221,210,1
0,b1,4,0|2|4|9,20.0724,210,1
0,b1,4,0|2|5|6,10.9284,210,1
0,b1,4,0|2|5|7,13.9305,210,1
0,b1,4,0|2|5|8,16.4353,210,1
0,b1,4,0|2|5|9,17.2004,210,1
0,b1,4,0|2|6|7,12.9754,210,1
0,b1,4,0|2|6|8,15.9316,210,1
0,b1,4,0|2|6|9,16.9689,210,1
0,b1,4,0|2|7|8,20.9393,210,1
0,b1,4,0|2|7|9,22.6201,210,1
0,b1,4,0|2|8|9,12.2347,210,1
0,b1,4,0|3|4|5,9.5713,210,1
0,b1,4,0|3|4|6,11.6777,210,1
0,b1,4,0|3|4|7,12.6894,210,1
0,b1,4,0|3|4|8,16.2811,210,1
0,b1,4,0|3|4|9,18.0886,210,1
0,b1,4,0|3|5|6,12.2829,210,1
0,b1,4,0|3|5|7,16.7556,210,1
0,b1,4,0|3|5|8,16.5015,210,1
0,b1,4,0|3|5|9,19.9329,210,1
0,b1,4,0|3|6|7,15.5123,210,1
0,b1,4,0|3|6|8,10.8393,210,1
0,b1,4,0|3|6|9,15.4862,210,1
0,b1,4,0|3|7|8,20.4438,210,1
0,b1,4,0|3|7|9,18.9208,210,1
0,b1,4,0|3|8|9,14.4376,210,1
0,b1,4,0|4|5|6,8.4303,210,1
0,b1,4,0|4|5|7,14.5538,210,1
0,b1,4,0|4|5|8,16.3837,210,1
0,b1,4,0|4|5|9,16.8194,210,1
0,b1,4,0|4|6|7,13.7020,210,1
0,b1,4,0|4|6|8,15.1535,210,1
0,b1,4,0|4|6|9,21.2788,210,1
0,b1,4,0|4|7|8,26.8147,210,1
0,b1,4,0|4|7|9,23.4040,210,1
0,b1,4,0|4|8|9,10.3901,210,1
0,b1,4,0|5|6|7,11.2852,210,1
0,b1,4,0|5|6|8,13.8566,210,1
0,b1,4,0|5|6|9,13.9643,210,1
0,b1,4,0|5|7|8,23.1706,210,1
0,b1,4,0|5|7|9,20.1979,210,1
0,b1,4,0|5|8|9,11.0687,210,1
0,b1,4,0|6|7|8,12.5975,210,1
0,b1,4,0|6|7|9,24.2615,210,1
0,b1,4,0|6|8|9,12.2986,210,1
0,b1,4,0|7|8|9,12.9115,210,1
0,b1,4,1|2|3|4,6.5579,210,1
0,b1,4,1|2|3|5,13.4454,210,1
0,b1,4,1|2|3|6,13.8916,210,1
0,b1,4,1|2|3|7,14.7414,210,1
0,b1,4,1|2|3|8,10.0450,210,1
0,b1,4,1|2|3|9,8.8584,210,1
0,b1,4,1|2|4|5,11.6664,210,1
0,b1,4,1|2|4|6,9.3184,210,1
0,b1,4,1|2|4|7,12.9478,210,1
0,b1,4,1|2|4|8,15.4204,210,1
0,b1,4,1|2|4|9,17.1969,210,1
0,b1,4,1|2|5|6,10.4443,210,1
0,b1,4,1|2|5|7,18.8872,210,1
0,b1,4,1|2|5|8,14.1832,210,1
0,b1,4,1|2|5|9,12.4194,210,1
0,b1,4,1|2|6|7,8.9053,210,1
0,b1,4,1|2|6|8,10.6795,210,1
0,b1,4,1|2|6|9,13.6123,210,1
0,b1,4,1|2|7|8,12.3133,210,1
0,b1,4,1|2|7|9,10.0230,210,1
0,b1,4,1|2|8|9,6.6216,210,1
0,b1,4,1|3|4|5,4.9852,210,1
0,b1,4,1|3|4|6,8.8626,210,1
0,b1,4,1|3|4|7,11.0116,210,1
0,b1,4,1|3|4|8,13.5356,210,1
0,b1,4,1|3|4|9,11.0899,210,1
0,b1,4,1|3|5|6,9.6510,210,1
0,b1,4,1|3|5|7,18.9303,210,1
0,b1,4,1|3|5|8,21.6388,210,1
0,b1,4,1|3|5|9,14.6836,210,1
0,b1,4,1|3|6|7,8.6267,210,1
0,b1,4,1|3|6|8,10.6610,210,1
0,b1,4,1|3|6|9,21.4663,210,1
0,b1,4,1|3|7|8,18.3659,210,1
0,b1,4,1|3|7|9,14.4898,210,1
0,b1,4,1|3|8|9,9.8763,210,1
0,b1,4,1|4|5|6,7.1736,210,1
0,b1,4,1|4|5|7,11.0069,210,1
0,b1,4,1|4|5|8,9.8367,210,1
0,b1,4,1|4|5|9,7.2634,210,1
0,b1,4,1|4|6|7,12.0528,210,1
0,b1,4,1|4|6|8,10.2150,210,1
0,b1,4,1|4|6|9,10.2223,210,1
0,b1,4,1|4|7|8,8.9010,210,1
0,b1,4,1|4|7|9,7.0368,210,1
0,b1,4,1|4|8|9,4.7383,210,1
0,b1,4,1|5|6|7,11.6226,210,1
0,b1,4,1|5|6|8,11.4127,210,1
0,b1,4,1|5|6|9,12.5266,210,1
0,b1,4,1|5|7|8,12.9909,210,1
0,b1,4,1|5|7|9,10.2116,210,1
0,b1,4,1|5|8|9,7.6369,210,1
0,b1,4,1|6|7|8,10.4630,210,1
0,b1,4,1|6|7|9,8.8880,210,1
0,b1,4,1|6|8|9,5.6777,210,1
0,b1,4,1|7|8|9,8.1718,210,1
0,b1,4,2|3|4|5,11.8811,210,1
0,b1,4,2|3|4|6,13.3944,210,1
0,b1,4,2|3|4|7,16.5863,210,1
0,b1,4,2|3|4|8,12.4990,210,1
0,b1,4,2|3|4|9,15.7259,210,1
0,b1,4,2|3|5|6,14.9818,210,1
0,b1,4,2|3|5|7,21.5541,210,1
0,b1,4,2|3|5|8,18.5346,210,1
0,b1,4,2|3|5|9,24.1222,210,1
0,b1,4,2|3|6|7,13.8994,210,1
0,b1,4,2|3|6|8,16.1366,210,1
0,b1,4,2|3|6|9,15.0813,210,1
0,b1,4,2|3|7|8,19.3196,210,1
0,b1,4,2|3|7|9,22.6760,210,1
0,b1,4,2|3|8|9,11.9676,210,1
0,b1,4,2|4|5|6,15.0005,210,1
0,b1,4,2|4|5|7,17.0622,210,1
0,b1,4,2|4|5|8,11.5267,210,1
0,b1,4,2|4|5|9,15.6037,210,1
0,b1,4,2|4|6|7,15.3298,210,1
0,b1,4,2|4|6|8,18.3614,210,1
0,b1,4,2|4|6|9,15.2713,210,1
0,b1,4,2|4|7|8,17.6451,210,1
0,b1,4,2|4|7|9,19.9929,210,1
0,b1,4,2|4|8|9,11.2597,210,1
0,b1,4,2|5|6|7,22.6477,210,1
0,b1,4,2|5|6|8,19.7819,210,1
0,b1,4,2|5|6|9,18.5815,210,1
0,b1,4,2|5|7|8,25.8695,210,1
0,b1,4,2|5|7|9,21.9766,210,1
0,b1,4,2|5|8|9,12.8098,210,1
0,b1,4,2|6|7|8,13.8097,210,1
0,b1,4,2|6|7|9,15.5540,210,1
0,b1,4,2|6|8|9,10.4282,210,1
0,b1,4,2|7|8|9,11.5796,210,1
0,b1,4,3|4|5|6,10.1218,210,1
0,b1,4,3|4|5|7,14.6826,210,1
0,b1,4,3|4|5|8,11.8292,210,1
0,b1,4,3|4|5|9,20.4805,210,1
0,b1,4,3|4|6|7,13.9867,210,1
0,b1,4,3|4|6|8,8.2899,210,1
0,b1,4,3|4|6|9,12.6827,210,1
0,b1,4,3|4|7|8,12.4252,210,1
0,b1,4,3|4|7|9,15.5596,210,1
0,b1,4,3|4|8|9,10.9250,210,1
0,b1,4,3|5|6|7,20.0757,210,1
0,b1,4,3|5|6|8,14.6018,210,1
0,b1,4,3|5|6|9,16.4451,210,1
0,b1,4,3|5|7|8,27.1807,210,1
0,b1,4,3|5|7|9,25.6822,210,1
0,b1,4,3|5|8|9,14.2044,210,1
0,b1,4,3|6|7|8,16.0516,210,1
0,b1,4,3|6|7|9,17.9654,210,1
0,b1,4,3|6|8|9,13.9188,210,1
0,b1,4,3|7|8|9,15.4283,210,1
0,b1,4,4|5|6|7,11.4128,210,1
0,b1,4,4|5|6|8,10.2222,210,1
0,b1,4,4|5|6|9,9.9178,210,1
0,b1,4,4|5|7|8,18.5036,210,1
0,b1,4,4|5|7|9,16.1356,210,1
0,b1,4,4|5|8|9,6.1752,210,1
0,b1,4,4|6|7|8,9.2121,210,1
0,b1,4,4|6|7|9,10.1379,210,1
0,b1,4,4|6|8|9,4.2835,210,1
0,b1,4,4|7|8|9,10.6251,210,1
0,b1,4,5|6|7|8,14.8408,210,1
0,b1,4,5|6|7|9,13.8047,210,1
0,b1,4,5|6|8|9,7.6605,210,1
0,b1,4,5|7|8|9,16.4820,210,1
0,b1,4,6|7|8|9,12.6328,210,1
0,b1,5,0|1|2|3|4,2.3840,252,1
0,b1,5,0|1|2|3|5,3.3623,252,1
0,b1,5,0|1|2|3|6,7.2257,252,1
0,b1,5,0|1|2|3|7,6.9969,252,1
0,b1,5,0|1|2|3|8,8.7960,252,1
0,b1,5,0|1|2|3|9,7.0608,252,1
0,b1,5,0|1|2|4|5,5.0765,252,1
0,b1,5,0|1|2|4|6,9.6025,252,1
0,b1,5,0|1|2|4|7,14.0530,252,1
0,b1,5,0|1|2|4|8,12.8982,252,1
0,b1,5,0|1|2|4|9,12.8077,252,1
0,b1,5,0|1|2|5|6,5.3753,252,1
0,b1,5,0|1|2|5|7,10.3214,252,1
0,b1,5,0|1|2|5|8,12.8710,252,1
0,b1,5,0|1|2|5|9,11.5206,252,1
0,b1,5,0|1|2|6|7,10.9142,252,1
0,b1,5,0|1|2|6|8,11.0818,252,1
0,b1,5,0|1|2|6|9,14.9519,252,1
0,b1,5,0|1|2|7|8,11.4739,252,1
0,b1,5,0|1|2|7|9,11.6561,252,1
0,b1,5,0|1|2|8|9,8.9182,252,1
0,b1,5,0|1|3|4|5,3.8614,252,1
0,b1,5,0|1|3|4|6,9.3570,252,1
0,b1,5,0|1|3|4|7,9.5503,252,1
0,b1,5,0|1|3|4|8,16.5102,252,1
0,b1,5,0|1|3|4|9,13.6457,252,1
0,b1,5,0|1|3|5|6,9.0485,252,1
0,b1,5,0|1|3|5|7,9.8653,252,1
0,b1,5,0|1|3|5|8,13.3850,252,1
0,b1,5,0|1|3|5|9,14.0487,252,1
0,b1,5,0|1|3|6|7,11.1197,252,1
0,b1,5,0|1|3|6|8,11.7063,252,1
0,b1,5,0|1|3|6|9,23.0060,252,1
0,b1,5,0|1|3|7|8,15.3139,252,1
0,b1,5,0|1|3|7|9,13.6113,252,1
0,b1,5,0|1|3|8|9,11.7457,252,1
0,b1,5,0|1|4|5|6,8.7866,252,1
0,b1,5,0|1|4|5|7,11.4479,252,1
0,b1,5,0|1|4|5|8,13.3547,252,1
0,b1,5,0|1|4|5|9,13.8915,252,1
0,b1,5,0|1|4|6|7,10.3918,252,1
0,b1,5,0|1|4|6|8,15.1504,252,1
0,b1,5,0|1|4|6|9,16.0296,252,1
0,b1,5,0|1|4|7|8,13.3362,252,1
0,b1,5,0|1|4|7|9,13.2832,252,1
0,b1,5,0|1|4|8|9,6.8337,252,1
0,b1,5,0|1|5|6|7,11.7887,252,1
0,b1,5,0|1|5|6|8,15.4499,252,1
0,b1,5,0|1|5|6|9,15.6418,252,1
0,b1,5,0|1|5|7|8,19.1329,252,1
0,b1,5,0|1|5|7|9,22.1184,252,1
0,b1,5,0|1|5|8|9,8.2384,252,1
0,b1,5,0|1|6|7|8,13.2417,252,1
0,b1,5,0|1|6|7|9,10.6970,252,1
0,b1,5,0|1|6|8|9,6.8695,252,1
0,b1,5,0|1|7|8|9,8.7058,252,1
0,b1,5,0|2|3|4|5,5.2187,252,1
0,b1,5,0|2|3|4|6,8.1140,252,1
0,b1,5,0|2|3|4|7,7.6253,252,1
0,b1,5,0|2|3|4|8,14.0513,252,1
0,b1,5,0|2|3|4|9,13.9610,252,1
0,b1,5,0|2|3|5|6,8.5119,252,1
0,b1,5,0|2|3|5|7,9.3303,252,1
0,b1,5,0|2|3|5|8,11.6182,252,1
0,b1,5,0|2|3|5|9,11.5848,252,1
0,b1,5,0|2|3|6|7,8.4841,252,1
0,b1,5,0|2|3|6|8,12.1332,252,1
0,b1,5,0|2|3|6|9,13.0700,252,1
0,b1,5,0|2|3|7|8,18.9020,252,1
0,b1,5,0|2|3|7|9,16.8577,252,1
0,b1,5,0|2|3|8|9,12.0003,252,1
0,b1,5,0|2|4|5|6,3.9003,252,1
0,b1,5,0|2|4|5|7,7.2173,252,1
0,b1,5,0|2|4|5|8,13.6629,252,1
0,b1,5,0|2|4|5|9,11.2700,252,1
0,b1,5,0|2|4|6|7,9.7304,252,1
0,b1,5,0|2|4|6|8,15.3257,252,1
0,b1,5,0|2|4|6|9,16.5537,252,1
0,b1,5,0|2|4|7|8,26.0912,252,1
0,b1,5,0|2|4|7|9,17.5087,252,1
0,b1,5,0|2|4|8|9,10.9788,252,1
0,b1,5,0|2|5|6|7,9.8823,252,1
0,b1,5,0|2|5|6|8,14.7087,252,1
0,b1,5,0|2|5|6|9,14.4724,252,1
0,b1,5,0|2|5|7|8,19.3063,252,1
0,b1,5,0|2|5|7|9,18.8445,252,1
0,b1,5,0|2|5|8|9,9.2113,252,1
0,b1,5,0|2|6|7|8,12.1660,252,1
0,b1,5,0|2|6|7|9,12.8366,252,1
0,b1,5,0|2|6|8|9,12.3139,252,1
0,b1,5,0|2|7|8|9,12.1862,252,1
0,b1,5,0|3|4|5|6,5.0183,252,1
0,b1,5,0|3|4|5|7,9.7609,252,1
0,b1,5,0|3|4|5|8,13.4718,252,1
0,b1,5,0|3|4|5|9,15.1429,252,1
0,b1,5,0|3|4|6|7,9.0486,252,1
0,b1,5,0|3|4|6|8,7.1672,252,1
0,b1,5,0|3|4|6|9,11.5781,252,1
0,b1,5,0|3|4|7|8,15.3341,252,1
0,b1,5,0|3|4|7|9,14.5632,252,1
0,b1,5,0|3|4|8|9,6.7977,252,1
0,b1,5,0|3|5|6|7,9.4204,252,1
0,b1,5,0|3|5|6|8,11.4549,252,1
0,b1,5,0|3|5|6|9,12.7900,252,1
0,b1,5,0|3|5|7|8,16.3329,252,1
0,b1,5,0|3|5|7|9,17.8573,252,1
0,b1,5,0|3|5|8|9,12.4316,252,1
0,b1,5,0|3|6|7|8,9.0486,252,1
0,b1,5,0|3|6|7|9,14.7647,252,1
0,b1,5,0|3|6|8|9,10.1317,252,1
0,b1,5,0|3|7|8|9,14.1586,252,1
0,b1,5,0|4|5|6|7,7.2005,252,1
0,b1,5,0|4|5|6|8,11.7560,252,1
0,b1,5,0|4|5|6|9,10.9509,252,1
0,b1,5,0|4|5|7|8,17.2429,252,1
0,b1,5,0|4|5|7|9,16.3051,252,1
0,b1,5,0|4|5|8|9,8.3998,252,1
0,b1,5,0|4|6|7|8,10.1963,252,1
0,b1,5,0|4|6|7|9,17.6058,252,1
0,b1,5,0|4|6|8|9,9.0612,252,1
0,b1,5,0|4|7|8|9,10.4086,252,1
0,b1,5,0|5|6|7|8,12.9572,252,1
0,b1,5,0|5|6|7|9,13.1833,252,1
0,b1,5,0|5|6|8|9,7.6286,252,1
0,b1,5,0|5|7|8|9,9.3746,252,1
0,b1,5,0|6|7|8|9,11.2536,252,1
0,b1,5,1|2|3|4|5,4.9786,252,1
0,b1,5,1|2|3|4|6,6.1561,252,1
0,b1,5,1|2|3|4|7,4.7955,252,1
0,b1,5,1|2|3|4|8,4.3130,252,1
0,b1,5,1|2|3|4|9,4.0313,252,1
0,b1,5,1|2|3|5|6,12.3457,252,1
0,b1,5,1|2|3|5|7,13.8392,252,1
0,b1,5,1|2|3|5|8,11.9623,252,1
0,b1,5,1|2|3|5|9,8.5819,252,1
0,b1,5,1|2|3|6|7,7.8781,252,1
0,b1,5,1|2|3|6|8,14.4502,252,1
0,b1,5,1|2|3|6|9,15.6029,252,1
0,b1,5,1|2|3|7|8,8.8251,252,1
0,b1,5,1|2|3|7|9,8.3422,252,1
0,b1,5,1|2|3|8|9,7.3829,252,1
0,b1,5,1|2|4|5|6,6.7815,252,1
0,b1,5,1|2|4|5|7,11.8732,252,1
0,b1,5,1|2|4|5|8,8.3112,252,1
0,b1,5,1|2|4|5|9,6.7190,252,1
0,b1,5,1|2|4|6|7,8.6680,252,1
0,b1,5,1|2|4|6|8,14.0956,252,1
0,b1,5,1|2|4|6|9,11.2341,252,1
0,b1,5,1|2|4|7|8,12.6465,252,1
0,b1,5,1|2|4|7|9,8.9202,252,1
0,b1,5,1|2|4|8|9,4.2787,252,1
0,b1,5,1|2|5|6|7,8.8017,252,1
0,b1,5,1|2|5|6|8,7.7763,252,1
0,b1,5,1|2|5|6|9,13.0299,252,1
0,b1,5,1|2|5|7|8,11.7137,252,1
0,b1,5,1|2|5|7|9,10.1381,252,1
0,b1,5,1|2|5|8|9,5.2827,252,1
0,b1,5,1|2|6|7|8,6.7407,252,1
0,b1,5,1|2|6|7|9,7.0401,252,1
0,b1,5,1|2|6|8|9,4.3134,252,1
0,b1,5,1|2|7|8|9,6.4350,252,1
0,b1,5,1|3|4|5|6,4.8244,252,1
0,b1,5,1|3|4|5|7,5.1868,252,1
0,b1,5,1|3|4|5|8,8.3051,252,1
0,b1,5,1|3|4|5|9,6.4301,252,1
0,b1,5,1|3|4|6|7,5.0557,252,1
0,b1,5,1|3|4|6|8,7.2576,252,1
0,b1,5,1|3|4|6|9,13.7927,252,1
0,b1,5,1|3|4|7|8,8.2670,252,1
0,b1,5,1|3|4|7|9,9.0822,252,1
0,b1,5,1|3|4|8|9,2.6878,252,1
0,b1,5,1|3|5|6|7,4.9267,252,1
0,b1,5,1|3|5|6|8,13.8873,252,1
0,b1,5,1|3|5|6|9,19.6208,252,1
0,b1,5,1|3|5|7|8,20.7161,252,1
0,b1,5,1|3|5|7|9,12.5275,252,1
0,b1,5,1|3|5|8|9,9.5019,252,1
0,b1,5,1|3|6|7|8,7.7951,252,1
0,b1,5,1|3|6|7|9,13.2600,252,1
0,b1,5,1|3|6|8|9,9.1424,252,1
0,b1,5,1|3|7|8|9,8.3839,252,1
0,b1,5,1|4|5|6|7,5.2001,252,1
0,b1,5,1|4|5|6|8,6.0346,252,1
0,b1,5,1|4|5|6|9,6.4238,252,1
0,b1,5,1|4|5|7|8,7.5173,252,1
0,b1,5,1|4|5|7|9,6.6367,252,1
0,b1,5,1|4|5|8|9,5.0140,252,1
0,b1,5,1|4|6|7|8,6.0496,252,1
0,b1,5,1|4|6|7|9,4.6848,252,1
0,b1,5,1|4|6|8|9,4.1518,252,1
0,b1,5,1|4|7|8|9,3.8284,252,1
0,b1,5,1|5|6|7|8,7.5993,252,1
0,b1,5,1|5|6|7|9,6.0019,252,1
0,b1,5,1|5|6|8|9,5.4373,252,1
0,b1,5,1|5|7|8|9,5.0515,252,1
0,b1,5,1|6|7|8|9,4.4206,252,1
0,b1,5,2|3|4|5|6,10.5260,252,1
0,b1,5,2|3|4|5|7,11.6577,252,1
0,b1,5,2|3|4|5|8,10.8713,252,1
0,b1,5,2|3|4|5|9,13.5444,252,1
0,b1,5,2|3|4|6|7,12.5393,252,1
0,b1,5,2|3|4|6|8,6.4753,252,1
0,b1,5,2|3|4|6|9,8.2798,252,1
0,b1,5,2|3|4|7|8,9.3163,252,1
0,b1,5,2|3|4|7|9,15.9672,252,1
0,b1,5,2|3|4|8|9,9.3152,252,1
0,b1,5,2|3|5|6|7,12.3772,252,1
0,b1,5,2|3|5|6|8,15.7580,252,1
0,b1,5,2|3|5|6|9,16.7436,252,1
0,b1,5,2|3|5|7|8,21.9597,252,1
0,b1,5,2|3|5|7|9,18.0725,252,1
0,b1,5,2|3|5|8|9,9.4789,252,1
0,b1,5,2|3|6|7|8,15.1664,252,1
0,b1,5,2|3|6|7|9,15.8218,252,1
0,b1,5,2|3|6|8|9,10.0958,252,1
0,b1,5,2|3|7|8|9,12.2768,252,1
0,b1,5,2|4|5|6|7,12.1874,252,1
0,b1,5,2|4|5|6|8,8.4630,252,1
0,b1,5,2|4|5|6|9,11.3754,252,1
0,b1,5,2|4|5|7|8,10.7852,252,1
0,b1,5,2|4|5|7|9,13.4331,252,1
0,b1,5,2|4|5|8|9,9.0334,252,1
0,b1,5,2|4|6|7|8,11.3848,252,1
0,b1,5,2|4|6|7|9,9.6437,252,1
0,b1,5,2|4|6|8|9,4.9912,252,1
0,b1,5,2|4|7|8|9,8.3218,252,1
0,b1,5,2|5|6|7|8,13.0730,252,1
0,b1,5,2|5|6|7|9,11.9094,252,1
0,b1,5,2|5|6|8|9,8.6135,252,1
0,b1,5,2|5|7|8|9,11.4938,252,1
0,b1,5,2|6|7|8|9,8.5517,252,1
0,b1,5,3|4|5|6|7,7.8548,252,1
0,b1,5,3|4|5|6|8,6.8475,252,1
0,b1,5,3|4|5|6|9,8.1930,252,1
0,b1,5,3|4|5|7|8,15.5967,252,1
0,b1,5,3|4|5|7|9,16.9330,252,1
0,b1,5,3|4|5|8|9,7.4565,252,1
0,b1,5,3|4|6|7|8,6.3640,252,1
0,b1,5,3|4|6|7|9,6.2397,252,1
0,b1,5,3|4|6|8|9,4.6421,252,1
0,b1,5,3|4|7|8|9,8.2699,252,1
0,b1,5,3|5|6|7|8,12.2363,252,1
0,b1,5,3|5|6|7|9,10.0885,252,1
0,b1,5,3|5|6|8|9,7.6116,252,1
0,b1,5,3|5|7|8|9,15.5601,252,1
0,b1,5,3|6|7|8|9,11.9586,252,1
0,b1,5,4|5|6|7|8,6.9751,252,1
0,b1,5,4|5|6|7|9,6.4187,252,1
0,b1,5,4|5|6|8|9,3.1652,252,1
0,b1,5,4|5|7|8|9,9.0783,252,1
0,b1,5,4|6|7|8|9,4.9078,252,1
0,b1,5,5|6|7|8|9,12.8986,252,1
0,b1,6,0|1|2|3|4|5,2.6727,210,1
0,b1,6,0|1|2|3|4|6,2.2190,210,1
0,b1,6,0|1|2|3|4|7,3.1795,210,1
0,b1,6,0|1|2|3|4|8,7.1326,210,1
0,b1,6,0|1|2|3|4|9,4.7206,210,1
0,b1,6,0|1|2|3|5|6,4.0592,210,1
0,b1,6,0|1|2|3|5|7,4.0531,210,1
0,b1,6,0|1|2|3|5|8,5.3592,210,1
0,b1,6,0|1|2|3|5|9,5.9079,210,1
0,b1,6,0|1|2|3|6|7,5.8620,210,1
0,b1,6,0|1|2|3|6|8,8.1728,210,1
0,b1,6,0|1|2|3|6|9,10.9311,210,1
0,b1,6,0|1|2|3|7|8,6.8010,210,1
0,b1,6,0|1|2|3|7|9,6.4560,210,1
0,b1,6,0|1|2|3|8|9,7.4458,210,1
0,b1,6,0|1|2|4|5|6,3.3473,210,1
0,b1,6,0|1|2|4|5|7,6.8138,210,1
0,b1,6,0|1|2|4|5|8,11.1919,210,1
0,b1,6,0|1|2|4|5|9,10.2494,210,1
0,b1,6,0|1|2|4|6|7,8.5139,210,1
0,b1,6,0|1|2|4|6|8,11.8938,210,1
0,b1,6,0|1|2|4|6|9,11.4915,210,1
0,b1,6,0|1|2|4|7|8,12.7862,210,1
0,b1,6,0|1|2|4|7|9,13.3284,210,1
0,b1,6,0|1|2|4|8|9,7.1503,210,1
0,b1,6,0|1|2|5|6|7,7.5668,210,1
0,b1,6,0|1|2|5|6|8,7.6132,210,1
0,b1,6,0|1|2|5|6|9,10.6041,210,1
0,b1,6,0|1|2|5|7|8,13.6742,210,1
0,b1,6,0|1|2|5|7|9,9.4763,210,1
0,b1,6,0|1|2|5|8|9,5.6756,210,1
0,b1,6,0|1|2|6|7|8,9.4501,210,1
0,b1,6,0|1|2|6|7|9,8.7154,210,1
0,b1,6,0|1|2|6|8|9,7.7769,210,1
0,b1,6,0|1|2|7|8|9,6.1532,210,1
0,b1,6,0|1|3|4|5|6,3.4255,210,1
0,b1,6,0|1|3|4|5|7,4.2829,210,1
0,b1,6,0|1|3|4|5|8,9.4240,210,1
0,b1,6,0|1|3|4|5|9,10.2240,210,1
0,b1,6,0|1|3|4|6|7,7.9368,210,1
0,b1,6,0|1|3|4|6|8,11.2477,210,1
0,b1,6,0|1|3|4|6|9,15.6888,210,1
0,b1,6,0|1|3|4|7|8,13.6278,210,1
0,b1,6,0|1|3|4|7|9,11.7915,210,1
0,b1,6,0|1|3|4|8|9,7.6263,210,1
0,b1,6,0|1|3|5|6|7,7.3565,210,1
0,b1,6,0|1|3|5|6|8,11.2097,210,1
0,b1,6,0|1|3|5|6|9,15.1261,210,1
0,b1,6,0|1|3|5|7|8,15.3108,210,1
0,b1,6,0|1|3|5|7|9,13.5381,210,1
0,b1,6,0|1|3|5|8|9,10.4600,210,1
0,b1,6,0|1|3|6|7|8,11.0531,210,1
0,b1,6,0|1|3|6|7|9,15.5933,210,1
0,b1,6,0|1|3|6|8|9,13.4501,210,1
0,b1,6,0|1|3|7|8|9,9.5470,210,1
0,b1,6,0|1|4|5|6|7,7.8595,210,1
0,b1,6,0|1|4|5|6|8,8.1523,210,1
0,b1,6,0|1|4|5|6|9,8.5855,210,1
0,b1,6,0|1|4|5|7|8,17.7270,210,1
0,b1,6,0|1|4|5|7|9,11.7904,210,1
0,b1,6,0|1|4|5|8|9,6.9467,210,1
0,b1,6,0|1|4|6|7|8,12.1222,210,1
0,b1,6,0|1|4|6|7|9,8.9386,210,1
0,b1,6,0|1|4|6|8|9,4.5493,210,1
0,b1,6,0|1|4|7|8|9,5.0157,210,1
0,b1,6,0|1|5|6|7|8,11.9646,210,1
0,b1,6,0|1|5|6|7|9,12.1696,210,1
0,b1,6,0|1|5|6|8|9,4.0971,210,1
0,b1,6,0|1|5|7|8|9,7.6354,210,1
0,b1,6,0|1|6|7|8|9,4.4527,210,1
0,b1,6,0|2|3|4|5|6,3.4613,210,1
0,b1,6,0|2|3|4|5|7,5.4082,210,1
0,b1,6,0|2|3|4|5|8,9.5143,210,1
0,b1,6,0|2|3|4|5|9,7.7544,210,1
0,b1,6,0|2|3|4|6|7,6.5985,210,1
0,b1,6,0|2|3|4|6|8,8.0488,210,1
0,b1,6,0|2|3|4|6|9,11.5813,210,1
0,b1,6,0|2|3|4|7|8,13.9257,210,1
0,b1,6,0|2|3|4|7|9,13.2534,210,1
0,b1,6,0|2|3|4|8|9,4.8519,210,1
0,b1,6,0|2|3|5|6|7,8.8571,210,1
0,b1,6,0|2|3|5|6|8,10.7889,210,1
0,b1,6,0|2|3|5|6|9,11.0134,210,1
0,b1,6,0|2|3|5|7|8,12.3151,210,1
0,b1,6,0|2|3|5|7|9,13.3820,210,1
0,b1,6,0|2|3|5|8|9,11.0896,210,1
0,b1,6,0|2|3|6|7|8,9.4130,210,1
0,b1,6,0|2|3|6|7|9,10.3590,210,1
0,b1,6,0|2|3|6|8|9,9.8131,210,1
0,b1,6,0|2|3|7|8|9,10.6610,210,1
0,b1,6,0|2|4|5|6|7,4.1276,210,1
0,b1,6,0|2|4|5|6|8,10.7145,210,1
0,b1,6,0|2|4|5|6|9,9.9670,210,1
0,b1,6,0|2|4|5|7|8,13.6002,210,1
0,b1,6,0|2|4|5|7|9,12.6284,210,1
0,b1,6,0|2|4|5|8|9,4.4815,210,1
0,b1,6,0|2|4|6|7|8,12.0167,210,1
0,b1,6,0|2|4|6|7|9,12.1119,210,1
0,b1,6,0|2|4|6|8|9,8.3854,210,1
0,b1,6,0|2|4|7|8|9,9.0106,210,1
0,b1,6,0|2|5|6|7|8,12.4081,210,1
0,b1,6,0|2|5|6|7|9,13.3214,210,1
0,b1,6,0|2|5|6|8|9,6.7772,210,1
0,b1,6,0|2|5|7|8|9,7.7800,210,1
0,b1,6,0|2|6|7|8|9,10.0708,210,1
0,b1,6,0|3|4|5|6|7,3.4356,210,1
0,b1,6,0|3|4|5|6|8,6.6707,210,1
0,b1,6,0|3|4|5|6|9,6.6971,210,1
0,b1,6,0|3|4|5|7|8,12.2669,210,1
0,b1,6,0|3|4|5|7|9,12.6257,210,1
0,b1,6,0|3|4|5|8|9,6.4381,210,1
0,b1,6,0|3|4|6|7|8,4.7812,210,1
0,b1,6,0|3|4|6|7|9,9.0826,210,1
0,b1,6,0|3|4|6|8|9,4.5043,210,1
0,b1,6,0|3|4|7|8|9,7.2701,210,1
0,b1,6,0|3|5|6|7|8,10.8562,210,1
0,b1,6,0|3|5|6|7|9,12.0270,210,1
0,b1,6,0|3|5|6|8|9,9.2219,210,1
0,b1,6,0|3|5|7|8|9,11.6060,210,1
0,b1,6,0|3|6|7|8|9,9.1932,210,1
0,b1,6,0|4|5|6|7|8,8.6295,210,1
0,b1,6,0|4|5|6|7|9,8.2881,210,1
0,b1,6,0|4|5|6|8|9,3.5516,210,1
0,b1,6,0|4|5|7|8|9,8.8245,210,1
0,b1,6,0|4|6|7|8|9,8.1703,210,1
0,b1,6,0|5|6|7|8|9,9.8472,210,1
0,b1,6,1|2|3|4|5|6,2.6701,210,1
0,b1,6,1|2|3|4|5|7,4.8091,210,1
0,b1,6,1|2|3|4|5|8,5.8863,210,1
0,b1,6,1|2|3|4|5|9,4.8459,210,1
0,b1,6,1|2|3|4|6|7,2.2091,210,1
0,b1,6,1|2|3|4|6|8,6.0883,210,1
0,b1,6,1|2|3|4|6|9,6.1893,210,1
0,b1,6,1|2|3|4|7|8,3.8106,210,1
0,b1,6,1|2|3|4|7|9,3.5073,210,1
0,b1,6,1|2|3|4|8|9,2.1060,210,1
0,b1,6,1|2|3|5|6|7,6.5325,210,1
0,b1,6,1|2|3|5|6|8,13.8563,210,1
0,b1,6,1|2|3|5|6|9,16.1445,210,1
0,b1,6,1|2|3|5|7|8,9.1656,210,1
0,b1,6,1|2|3|5|7|9,7.0718,210,1
0,b1,6,1|2|3|5|8|9,6.7512,210,1
0,b1,6,1|2|3|6|7|8,10.9612,210,1
0,b1,6,1|2|3|6|7|9,13.5998,210,1
0,b1,6,1|2|3|6|8|9,7.9422,210,1
0,b1,6,1|2|3|7|8|9,7.0061,210,1
0,b1,6,1|2|4|5|6|7,3.8679,210,1
0,b1,6,1|2|4|5|6|8,4.1128,210,1
0,b1,6,1|2|4|5|6|9,3.9750,210,1
0,b1,6,1|2|4|5|7|8,6.4252,210,1
0,b1,6,1|2|4|5|7|9,4.6528,210,1
0,b1,6,1|2|4|5|8|9,3.0482,210,1
0,b1,6,1|2|4|6|7|8,9.2232,210,1
0,b1,6,1|2|4|6|7|9,5.9043,210,1
0,b1,6,1|2|4|6|8|9,3.3347,210,1
0,b1,6,1|2|4|7|8|9,3.2894,210,1
0,b1,6,1|2|5|6|7|8,5.0358,210,1
0,b1,6,1|2|5|6|7|9,4.7176,210,1
0,b1,6,1|2|5|6|8|9,4.8469,210,1
0,b1,6,1|2|5|7|8|9,5.1907,210,1
0,b1,6,1|2|6|7|8|9,3.0210,210,1
0,b1,6,1|3|4|5|6|7,2.4948,210,1
0,b1,6,1|3|4|5|6|8,4.1536,210,1
0,b1,6,1|3|4|5|6|9,7.5360,210,1
0,b1,6,1|3|4|5|7|8,8.2498,210,1
0,b1,6,1|3|4|5|7|9,6.4276,210,1
0,b1,6,1|3|4|5|8|9,2.8314,210,1
0,b1,6,1|3|4|6|7|8,4.0518,210,1
0,b1,6,1|3|4|6|7|9,8.4245,210,1
0,b1,6,1|3|4|6|8|9,3.4009,210,1
0,b1,6,1|3|4|7|8|9,2.4747,210,1
0,b1,6,1|3|5|6|7|8,8.7453,210,1
0,b1,6,1|3|5|6|7|9,12.6606,210,1
0,b1,6,1|3|5|6|8|9,6.1608,210,1
0,b1,6,1|3|5|7|8|9,7.8767,210,1
0,b1,6,1|3|6|7|8|9,4.2864,210,1
0,b1,6,1|4|5|6|7|8,3.8243,210,1
0,b1,6,1|4|5|6|7|9,4.1930,210,1
0,b1,6,1|4|5|6|8|9,5.5647,210,1
0,b1,6,1|4|5|7|8|9,3.5387,210,1
0,b1,6,1|4|6|7|8|9,3.8155,210,1
0,b1,6,1|5|6|7|8|9,3.9717,210,1
0,b1,6,2|3|4|5|6|7,9.7035,210,1
0,b1,6,2|3|4|5|6|8,4.9273,210,1
0,b1,6,2|3|4|5|6|9,6.9403,210,1
0,b1,6,2|3|4|5|7|8,9.0325,210,1
0,b1,6,2|3|4|5|7|9,10.2214,210,1
0,b1,6,2|3|4|5|8|9,6.9083,210,1
0,b1,6,2|3|4|6|7|8,3.9000,210,1
0,b1,6,2|3|4|6|7|9,4.8415,210,1
0,b1,6,2|3|4|6|8|9,5.7768,210,1
0,b1,6,2|3|4|7|8|9,9.0286,210,1
0,b1,6,2|3|5|6|7|8,9.9422,210,1
0,b1,6,2|3|5|6|7|9,9.3692,210,1
0,b1,6,2|3|5|6|8|9,6.9426,210,1
0,b1,6,2|3|5|7|8|9,10.9750,210,1
0,b1,6,2|3|6|7|8|9,11.9694,210,1
0,b1,6,2|4|5|6|7|8,5.5519,210,1
0,b1,6,2|4|5|6|7|9,5.1819,210,1
0,b1,6,2|4|5|6|8|9,4.3225,210,1
0,b1,6,2|4|5|7|8|9,7.6444,210,1
0,b1,6,2|4|6|7|8|9,4.4755,210,1
0,b1,6,2|5|6|7|8|9,6.3939,210,1
0,b1,6,3|4|5|6|7|8,6.1499,210,1
0,b1,6,3|4|5|6|7|9,5.9124,210,1
0,b1,6,3|4|5|6|8|9,4.4713,210,1
0,b1,6,3|4|5|7|8|9,9.3636,210,1
0,b1,6,3|4|6|7|8|9,2.1152,210,1
0,b1,6,3|5|6|7|8|9,7.2984,210,1
0,b1,6,4|5|6|7|8|9,5.4302,210,1
0,b2,0,,66.6002,1,1
0,b2,1,0,64.8161,10,1
0,b2,1,1,59.5127,10,1
0,b2,1,2,65.3380,10,1
0,b2,1,3,66.8861,10,1
0,b2,1,4,64.2074,10,1
0,b2,1,5,66.3824,10,1
0,b2,1,6,65.7545,10,1
0,b2,1,7,65.4744,10,1
0,b2,1,8,65.5905,10,1
0,b2,1,9,66.5854,10,1
0,b2,2,0|1,49.2639,45,1
0,b2,2,0|2,63.0882,45,1
0,b2,2,0|3,64.3512,45,1
0,b2,2,0|4,61.1017,45,1
0,b2,2,0|5,63.1097,45,1
0,b2,2,0|6,62.6734,45,1
0,b2,2,0|7,62.2464,45,1
0,b2,2,0|8,63.1892,45,1
0,b2,2,0|9,63.7174,45,1
0,b2,2,1|2,58.1501,45,1
0,b2,2,1|3,58.6818,45,1
0,b2,2,1|4,56.9247,45,1
0,b2,2,1|5,58.6935,45,1
0,b2,2,1|6,59.1967,45,1
0,b2,2,1|7,58.0553,45,1
0,b2,2,1|8,58.5970,45,1
0,b2,2,1|9,59.8833,45,1
0,b2,2,2|3,59.5758,45,1
0,b2,2,2|4,61.5675,45,1
0,b2,2,2|5,63.5858,45,1
0,b2,2,2|6,63.9507,45,1
0,b2,2,2|7,65.6963,45,1
0,b2,2,2|8,65.6776,45,1
0,b2,2,2|9,66.0627,45,1
0,b2,2,3|4,60.7188,45,1
0,b2,2,3|5,65.3266,45,1
0,b2,2,3|6,65.4657,45,1
0,b2,2,3|7,65.2559,45,1
0,b2,2,3|8,65.3333,45,1
0,b2,2,3|9,66.0030,45,1
0,b2,2,4|5,63.3122,45,1
0,b2,2,4|6,62.3827,45,1
0,b2,2,4|7,62.4384,45,1
0,b2,2,4|8,61.7691,45,1
0,b2,2,4|9,63.0394,45,1
0,b2,2,5|6,66.3505,45,1
0,b2,2,5|7,65.0768,45,1
0,b2,2,5|8,65.2115,45,1
0,b2,2,5|9,67.1794,45,1
0,b2,2,6|7,64.9251,45,1
0,b2,2,6|8,65.1514,45,1
0,b2,2,6|9,65.6034,45,1
0,b2,2,7|8,63.7562,45,1
0,b2,2,7|9,64.9208,45,1
0,b2,2,8|9,65.0148,45,1
0,b2,3,0|1|2,45.4367,120,1
0,b2,3,0|1|3,48.4746,120,1
0,b2,3,0|1|4,44.0594,120,1
0,b2,3,0|1|5,45.0139,120,1
0,b2,3,0|1|6,48.1970,120,1
0,b2,3,0|1|7,47.0905,120,1
0,b2,3,0|1|8,47.6770,120,1
0,b2,3,0|1|9,47.0815,120,1
0,b2,3,0|2|3,55.0545,120,1
0,b2,3,0|2|4,58.5751,120,1
0,b2,3,0|2|5,59.9524,120,1
0,b2,3,0|2|6,61.8166,120,1
0,b2,3,0|2|7,61.1270,120,1
0,b2,3,0|2|8,62.8481,120,1
0,b2,3,0|2|9,62.5044,120,1
0,b2,3,0|3|4,58.4493,120,1
0,b2,3,0|3|5,63.0942,120,1
0,b2,3,0|3|6,63.4649,120,1
0,b2,3,0|3|7,62.9542,120,1
0,b2,3,0|3|8,63.8175,120,1
0,b2,3,0|3|9,62.5519,120,1
0,b2,3,0|4|5,57.9490,120,1
0,b2,3,0|4|6,61.2772,120,1
0,b2,3,0|4|7,57.8318,120,1
0,b2,3,0|4|8,59.9491,120,1
0,b2,3,0|4|9,60.0360,120,1
0,b2,3,0|5|6,61.4884,120,1
0,b2,3,0|5|7,60.2603,120,1
0,b2,3,0|5|8,61.6682,120,1
0,b2,3,0|5|9,62.3660,120,1
0,b2,3,0|6|7,60.8811,120,1
0,b2,3,0|6|8,61.8437,120,1
0,b2,3,0|6|9,62.4868,120,1
0,b2,3,0|7|8,58.7920,120,1
0,b2,3,0|7|9,60.9830,120,1
0,b2,3,0|8|9,60.3722,120,1
0,b2,3,1|2|3,44.6267,120,1
0,b2,3,1|2|4,52.6085,120,1
0,b2,3,1|2|5,55.1831,120,1
0,b2,3,1|2|6,57.2686,120,1
0,b2,3,1|2|7,56.9850,120,1
0,b2,3,1|2|8,58.0568,120,1
0,b2,3,1|2|9,58.4467,120,1
0,b2,3,1|3|4,52.6091,120,1
0,b2,3,1|3|5,55.7495,120,1
0,b2,3,1|3|6,59.0697,120,1
0,b2,3,1|3|7,57.7408,120,1
0,b2,3,1|3|8,58.6844,120,1
0,b2,3,1|3|9,58.9387,120,1
0,b2,3,1|4|5,52.3974,120,1
0,b2,3,1|4|6,54.7070,120,1
0,b2,3,1|4|7,53.2526,120,1
0,b2,3,1|4|8,55.2465,120,1
0,b2,3,1|4|9,56.5059,120,1
0,b2,3,1|5|6,56.6274,120,1
0,b2,3,1|5|7,55.8839,120,1
0,b2,3,1|5|8,56.9892,120,1
0,b2,3,1|5|9,58.0383,120,1
0,b2,3,1|6|7,57.2389,120,1
0,b2,3,1|6|8,57.1683,120,1
0,b2,3,1|6|9,58.8316,120,1
0,b2,3,1|7|8,55.0743,120,1
0,b2,3,1|7|9,57.8011,120,1
0,b2,3,1|8|9,57.0060,120,1
0,b2,3,2|3|4,51.9487,120,1
0,b2,3,2|3|5,56.9059,120,1
0,b2,3,2|3|6,57.0054,120,1
0,b2,3,2|3|7,59.4614,120,1
0,b2,3,2|3|8,59.8804,120,1
0,b2,3,2|3|9,60.6354,120,1
0,b2,3,2|4|5,55.2197,120,1
0,b2,3,2|4|6,59.0688,120,1
0,b2,3,2|4|7,60.5321,120,1
0,b2,3,2|4|8,62.1266,120,1
0,b2,3,2|4|9,60.8348,120,1
0,b2,3,2|5|6,62.8322,120,1
0,b2,3,2|5|7,63.5033,120,1
0,b2,3,2|5|8,63.5670,120,1
0,b2,3,2|5|9,64.9394,120,1
0,b2,3,2|6|7,64.5229,120,1
0,b2,3,2|6|8,64.6527,120,1
0,b2,3,2|6|9,66.0649,120,1
0,b2,3,2|7|8,64.5347,120,1
0,b2,3,2|7|9,64.5178,120,1
0,b2,3,2|8|9,63.6132,120,1
0,b2,3,3|4|5,52.4987,120,1
0,b2,3,3|4|6,57.8132,120,1
0,b2,3,3|4|7,58.7728,120,1
0,b2,3,3|4|8,57.8138,120,1
0,b2,3,3|4|9,58.0799,120,1
0,b2,3,3|5|6,64.3838,120,1
0,b2,3,3|5|7,64.7015,120,1
0,b2,3,3|5|8,63.9382,120,1
0,b2,3,3|5|9,66.2025,120,1
0,b2,3,3|6|7,65.4313,120,1
0,b2,3,3|6|8,63.8860,120,1
0,b2,3,3|6|9,65.5339,120,1
0,b2,3,3|7|8,63.8918,120,1
0,b2,3,3|7|9,63.9981,120,1
0,b2,3,3|8|9,62.2288,120,1
0,b2,3,4|5|6,59.5804,120,1
0,b2,3,4|5|7,58.9739,120,1
0,b2,3,4|5|8,61.0226,120,1
0,b2,3,4|5|9,60.9072,120,1
0,b2,3,4|6|7,59.6513,120,1
0,b2,3,4|6|8,59.6240,120,1
0,b2,3,4|6|9,60.0616,120,1
0,b2,3,4|7|8,58.6424,120,1
0,b2,3,4|7|9,60.4685,120,1
0,b2,3,4|8|9,56.5274,120,1
0,b2,3,5|6|7,62.9391,120,1
0,b2,3,5|6|8,62.9921,120,1
0,b2,3,5|6|9,66.5348,120,1
0,b2,3,5|7|8,61.6105,120,1
0,b2,3,5|7|9,63.8389,120,1
0,b2,3,5|8|9,64.1150,120,1
0,b2,3,6|7|8,61.4720,120,1
0,b2,3,6|7|9,62.4572,120,1
0,b2,3,6|8|9,61.5490,120,1
0,b2,3,7|8|9,59.3081,120,1
0,b2,4,0|1|2|3,29.9057,210,1
0,b2,4,0|1|2|4,37.2605,210,1
0,b2,4,0|1|2|5,38.1068,210,1
0,b2,4,0|1|2|6,44.8301,210,1
0,b2,4,0|1|2|7,43.4784,210,1
0,b2,4,0|1|2|8,43.9573,210,1
0,b2,4,0|1|2|9,41.7237,210,1
0,b2,4,0|1|3|4,35.7074,210,1
0,b2,4,0|1|3|5,42.0120,210,1
0,b2,4,0|1|3|6,47.0916,210,1
0,b2,4,0|1|3|7,44.4821,210,1
0,b2,4,0|1|3|8,46.3767,210,1
0,b2,4,0|1|3|9,41.2490,210,1
0,b2,4,0|1|4|5,37.9535,210,1
0,b2,4,0|1|4|6,41.8650,210,1
0,b2,4,0|1|4|7,38.9058,210,1
0,b2,4,0|1|4|8,44.3019,210,1
0,b2,4,0|1|4|9,40.5669,210,1
0,b2,4,0|1|5|6,40.8154,210,1
0,b2,4,0|1|5|7,39.3557,210,1
0,b2,4,0|1|5|8,42.2433,210,1
0,b2,4,0|1|5|9,41.0286,210,1
0,b2,4,0|1|6|7,41.3678,210,1
0,b2,4,0|1|6|8,42.3826,210,1
0,b2,4,0|1|6|9,42.3179,210,1
0,b2,4,0|1|7|8,43.0595,210,1
0,b2,4,0|1|7|9,43.0328,210,1
0,b2,4,0|1|8|9,41.4133,210,1
0,b2,4,0|2|3|4,46.9668,210,1
0,b2,4,0|2|3|5,53.8040,210,1
0,b2,4,0|2|3|6,53.2456,210,1
0,b2,4,0|2|3|7,53.5869,210,1
0,b2,4,0|2|3|8,55.0520,210,1
0,b2,4,0|2|3|9,53.9561,210,1
0,b2,4,0|2|4|5,52.1837,210,1
0,b2,4,0|2|4|6,58.3798,210,1
0,b2,4,0|2|4|7,54.6222,210,1
0,b2,4,0|2|4|8,58.5719,210,1
0,b2,4,0|2|4|9,57.7640,210,1
0,b2,4,0|2|5|6,58.0528,210,1
0,b2,4,0|2|5|7,56.1968,210,1
0,b2,4,0|2|5|8,60.8950,210,1
0,b2,4,0|2|5|9,60.4557,210,1
0,b2,4,0|2|6|7,59.6657,210,1
0,b2,4,0|2|6|8,61.3880,210,1
0,b2,4,0|2|6|9,62.8519,210,1
0,b2,4,0|2|7|8,59.5435,210,1
0,b2,4,0|2|7|9,60.3737,210,1
0,b2,4,0|2|8|9,59.1611,210,1
0,b2,4,0|3|4|5,46.7925,210,1
0,b2,4,0|3|4|6,57.3821,210,1
0,b2,4,0|3|4|7,53.6624,210,1
0,b2,4,0|3|4|8,56.9847,210,1
0,b2,4,0|3|4|9,55.3380,210,1
0,b2,4,0|3|5|6,60.7342,210,1
0,b2,4,0|3|5|7,58.9986,210,1
0,b2,4,0|3|5|8,61.7489,210,1
0,b2,4,0|3|5|9,61.0711,210,1
0,b2,4,0|3|6|7,62.3276,210,1
0,b2,4,0|3|6|8,62.9739,210,1
0,b2,4,0|3|6|9,62.8186,210,1
0,b2,4,0|3|7|8,60.5076,210,1
0,b2,4,0|3|7|9,59.6234,210,1
0,b2,4,0|3|8|9,58.2616,210,1
0,b2,4,0|4|5|6,52.0932,210,1
0,b2,4,0|4|5|7,49.7806,210,1
0,b2,4,0|4|5|8,55.3405,210,1
0,b2,4,0|4|5|9,55.3315,210,1
0,b2,4,0|4|6|7,56.2388,210,1
0,b2,4,0|4|6|8,59.7063,210,1
0,b2,4,0|4|6|9,60.1250,210,1
0,b2,4,0|4|7|8,55.3184,210,1
0,b2,4,0|4|7|9,55.7349,210,1
0,b2,4,0|4|8|9,54.4737,210,1
0,b2,4,0|5|6|7,56.1149,210,1
0,b2,4,0|5|6|8,57.7015,210,1
0,b2,4,0|5|6|9,59.8754,210,1
0,b2,4,0|5|7|8,57.1042,210,1
0,b2,4,0|5|7|9,58.5577,210,1
0,b2,4,0|5|8|9,58.5195,210,1
0,b2,4,0|6|7|8,55.7304,210,1
0,b2,4,0|6|7|9,57.3235,210,1
0,b2,4,0|6|8|9,56.1458,210,1
0,b2,4,0|7|8|9,53.7244,210,1
0,b2,4,1|2|3|4,36.2038,210,1
0,b2,4,1|2|3|5,43.6749,210,1
0,b2,4,1|2|3|6,42.4039,210,1
0,b2,4,1|2|3|7,41.8402,210,1
0,b2,4,1|2|3|8,44.2619,210,1
0,b2,4,1|2|3|9,45.4484,210,1
0,b2,4,1|2|4|5,46.7705,210,1
0,b2,4,1|2|4|6,51.6540,210,1
0,b2,4,1|2|4|7,50.3094,210,1
0,b2,4,1|2|4|8,53.0482,210,1
0,b2,4,1|2|4|9,53.8442,210,1
0,b2,4,1|2|5|6,54.8421,210,1
0,b2,4,1|2|5|7,50.5699,210,1
0,b2,4,1|2|5|8,54.9103,210,1
0,b2,4,1|2|5|9,55.1156,210,1
0,b2,4,1|2|6|7,55.6816,210,1
0,b2,4,1|2|6|8,54.8323,210,1
0,b2,4,1|2|6|9,56.5959,210,1
0,b2,4,1|2|7|8,54.4207,210,1
0,b2,4,1|2|7|9,55.6338,210,1
0,b2,4,1|2|8|9,53.9835,210,1
0,b2,4,1|3|4|5,45.4153,210,1
0,b2,4,1|3|4|6,50.0674,210,1
0,b2,4,1|3|4|7,50.0417,210,1
0,b2,4,1|3|4|8,53.6320,210,1
0,b2,4,1|3|4|9,51.9547,210,1
0,b2,4,1|3|5|6,55.1368,210,1
0,b2,4,1|3|5|7,53.0616,210,1
0,b2,4,1|3|5|8,55.7021,210,1
0,b2,4,1|3|5|9,55.1129,210,1
0,b2,4,1|3|6|7,56.5817,210,1
0,b2,4,1|3|6|8,56.3400,210,1
0,b2,4,1|3|6|9,58.4990,210,1
0,b2,4,1|3|7|8,56.0691,210,1
0,b2,4,1|3|7|9,57.2751,210,1
0,b2,4,1|3|8|9,55.0018,210,1
0,b2,4,1|4|5|6,47.8753,210,1
0,b2,4,1|4|5|7,45.7892,210,1
0,b2,4,1|4|5|8,52.6854,210,1
0,b2,4,1|4|5|9,54.2818,210,1
0,b2,4,1|4|6|7,50.4716,210,1
0,b2,4,1|4|6|8,50.5985,210,1
0,b2,4,1|4|6|9,52.8112,210,1
0,b2,4,1|4|7|8,52.9977,210,1
0,b2,4,1|4|7|9,52.7057,210,1
0,b2,4,1|4|8|9,52.1543,210,1
0,b2,4,1|5|6|7,51.2690,210,1
0,b2,4,1|5|6|8,52.4902,210,1
0,b2,4,1|5|6|9,54.3410,210,1
0,b2,4,1|5|7|8,51.8981,210,1
0,b2,4,1|5|7|9,52.6668,210,1
0,b2,4,1|5|8|9,53.6339,210,1
0,b2,4,1|6|7|8,51.5919,210,1
0,b2,4,1|6|7|9,53.9588,210,1
0,b2,4,1|6|8|9,49.8803,210,1
0,b2,4,1|7|8|9,48.3604,210,1
0,b2,4,2|3|4|5,38.4018,210,1
0,b2,4,2|3|4|6,49.5313,210,1
0,b2,4,2|3|4|7,50.1103,210,1
0,b2,4,2|3|4|8,51.8478,210,1
0,b2,4,2|3|4|9,49.0774,210,1
0,b2,4,2|3|5|6,55.9887,210,1
0,b2,4,2|3|5|7,56.7524,210,1
0,b2,4,2|3|5|8,56.8840,210,1
0,b2,4,2|3|5|9,57.3518,210,1
0,b2,4,2|3|6|7,58.0288,210,1
0,b2,4,2|3|6|8,58.8974,210,1
0,b2,4,2|3|6|9,60.2399,210,1
0,b2,4,2|3|7|8,59.0437,210,1
0,b2,4,2|3|7|9,58.1809,210,1
0,b2,4,2|3|8|9,56.2587,210,1
0,b2,4,2|4|5|6,50.9251,210,1
0,b2,4,2|4|5|7,49.3575,210,1
0,b2,4,2|4|5|8,54.3984,210,1
0,b2,4,2|4|5|9,53.9142,210,1
0,b2,4,2|4|6|7,54.9393,210,1
0,b2,4,2|4|6|8,60.4403,210,1
0,b2,4,2|4|6|9,59.7394,210,1
0,b2,4,2|4|7|8,57.2554,210,1
0,b2,4,2|4|7|9,56.6154,210,1
0,b2,4,2|4|8|9,56.0375,210,1
0,b2,4,2|5|6|7,60.1201,210,1
0,b2,4,2|5|6|8,62.1645,210,1
0,b2,4,2|5|6|9,64.7831,210,1
0,b2,4,2|5|7|8,59.3923,210,1
0,b2,4,2|5|7|9,59.9472,210,1
0,b2,4,2|5|8|9,59.7012,210,1
0,b2,4,2|6|7|8,61.6659,210,1
0,b2,4,2|6|7|9,61.5531,210,1
0,b2,4,2|6|8|9,60.0358,210,1
0,b2,4,2|7|8|9,56.3044,210,1
0,b2,4,3|4|5|6,45.4171,210,1
0,b2,4,3|4|5|7,44.7909,210,1
0,b2,4,3|4|5|8,48.9198,210,1
0,b2,4,3|4|5|9,46.3132,210,1
0,b2,4,3|4|6|7,52.6251,210,1
0,b2,4,3|4|6|8,55.2679,210,1
0,b2,4,3|4|6|9,54.7865,210,1
0,b2,4,3|4|7|8,54.4914,210,1
0,b2,4,3|4|7|9,54.3596,210,1
0,b2,4,3|4|8|9,52.8346,210,1
0,b2,4,3|5|6|7,61.9333,210,1
0,b2,4,3|5|6|8,61.7182,210,1
0,b2,4,3|5|6|9,63.8847,210,1
0,b2,4,3|5|7|8,61.4330,210,1
0,b2,4,3|5|7|9,62.2335,210,1
0,b2,4,3|5|8|9,60.0112,210,1
0,b2,4,3|6|7|8,61.6806,210,1
0,b2,4,3|6|7|9,62.7233,210,1
0,b2,4,3|6|8|9,59.1455,210,1
0,b2,4,3|7|8|9,57.3933,210,1
0,b2,4,4|5|6|7,50.4192,210,1
0,b2,4,4|5|6|8,54.7653,210,1
0,b2,4,4|5|6|9,56.5610,210,1
0,b2,4,4|5|7|8,50.4747,210,1
0,b2,4,4|5|7|9,51.8492,210,1
0,b2,4,4|5|8|9,53.3635,210,1
0,b2,4,4|6|7|8,54.4057,210,1
0,b2,4,4|6|7|9,53.3964,210,1
0,b2,4,4|6|8|9,53.1723,210,1
0,b2,4,4|7|8|9,49.5281,210,1
0,b2,4,5|6|7|8,55.3664,210,1
0,b2,4,5|6|7|9,57.6287,210,1
0,b2,4,5|6|8|9,55.7927,210,1
0,b2,4,5|7|8|9,54.3111,210,1
0,b2,4,6|7|8|9,50.8041,210,1
0,b2,5,0|1|2|3|4,16.9848,252,1
0,b2,5,0|1|2|3|5,25.6830,252,1
0,b2,5,0|1|2|3|6,29.0278,252,1
0,b2,5,0|1|2|3|7,28.6756,252,1
0,b2,5,0|1|2|3|8,29.9497,252,1
0,b2,5,0|1|2|3|9,26.8738,252,1
0,b2,5,0|1|2|4|5,25.4807,252,1
0,b2,5,0|1|2|4|6,36.4765,252,1
0,b2,5,0|1|2|4|7,30.8460,252,1
0,b2,5,0|1|2|4|8,41.4934,252,1
0,b2,5,0|1|2|4|9,31.9661,252,1
0,b2,5,0|1|2|5|6,34.9031,252,1
0,b2,5,0|1|2|5|7,34.6569,252,1
0,b2,5,0|1|2|5|8,38.2843,252,1
0,b2,5,0|1|2|5|9,36.1868,252,1
0,b2,5,0|1|2|6|7,38.6730,252,1
0,b2,5,0|1|2|6|8,37.4669,252,1
0,b2,5,0|1|2|6|9,40.1842,252,1
0,b2,5,0|1|2|7|8,40.8687,252,1
0,b2,5,0|1|2|7|9,38.4305,252,1
0,b2,5,0|1|2|8|9,37.4853,252,1
0,b2,5,0|1|3|4|5,28.7731,252,1
0,b2,5,0|1|3|4|6,36.4902,252,1
0,b2,5,0|1|3|4|7,31.4611,252,1
0,b2,5,0|1|3|4|8,39.7845,252,1
0,b2,5,0|1|3|4|9,32.2267,252,1
0,b2,5,0|1|3|5|6,38.2900,252,1
0,b2,5,0|1|3|5|7,36.9427,252,1
0,b2,5,0|1|3|5|8,37.9300,252,1
0,b2,5,0|1|3|5|9,34.2360,252,1
0,b2,5,0|1|3|6|7,40.5215,252,1
0,b2,5,0|1|3|6|8,40.6889,252,1
0,b2,5,0|1|3|6|9,40.1554,252,1
0,b2,5,0|1|3|7|8,38.4793,252,1
0,b2,5,0|1|3|7|9,36.3982,252,1
0,b2,5,0|1|3|8|9,36.9111,252,1
0,b2,5,0|1|4|5|6,37.1067,252,1
0,b2,5,0|1|4|5|7,28.1343,252,1
0,b2,5,0|1|4|5|8,35.9253,252,1
0,b2,5,0|1|4|5|9,31.1726,252,1
0,b2,5,0|1|4|6|7,34.7530,252,1
0,b2,5,0|1|4|6|8,37.5783,252,1
0,b2,5,0|1|4|6|9,39.4941,252,1
0,b2,5,0|1|4|7|8,35.8574,252,1
0,b2,5,0|1|4|7|9,31.3290,252,1
0,b2,5,0|1|4|8|9,38.6106,252,1
0,b2,5,0|1|5|6|7,30.5256,252,1
0,b2,5,0|1|5|6|8,31.1436,252,1
0,b2,5,0|1|5|6|9,32.3238,252,1
0,b2,5,0|1|5|7|8,31.8342,252,1
0,b2,5,0|1|5|7|9,33.2055,252,1
0,b2,5,0|1|5|8|9,32.9387,252,1
0,b2,5,0|1|6|7|8,29.0698,252,1
0,b2,5,0|1|6|7|9,33.3403,252,1
0,b2,5,0|1|6|8|9,30.6007,252,1
0,b2,5,0|1|7|8|9,31.7037,252,1
0,b2,5,0|2|3|4|5,34.8054,252,1
0,b2,5,0|2|3|4|6,45.2287,252,1
0,b2,5,0|2|3|4|7,44.3833,252,1
0,b2,5,0|2|3|4|8,48.2758,252,1
0,b2,5,0|2|3|4|9,47.0593,252,1
0,b2,5,0|2|3|5|6,52.2792,252,1
0,b2,5,0|2|3|5|7,49.6669,252,1
0,b2,5,0|2|3|5|8,52.6517,252,1
0,b2,5,0|2|3|5|9,52.0692,252,1
0,b2,5,0|2|3|6|7,52.0169,252,1
0,b2,5,0|2|3|6|8,53.4334,252,1
0,b2,5,0|2|3|6|9,55.8154,252,1
0,b2,5,0|2|3|7|8,53.0916,252,1
0,b2,5,0|2|3|7|9,51.4698,252,1
0,b2,5,0|2|3|8|9,50.7780,252,1
0,b2,5,0|2|4|5|6,45.6740,252,1
0,b2,5,0|2|4|5|7,42.3118,252,1
0,b2,5,0|2|4|5|8,50.8989,252,1
0,b2,5,0|2|4|5|9,51.8595,252,1
0,b2,5,0|2|4|6|7,51.3692,252,1
0,b2,5,0|2|4|6|8,57.7387,252,1
0,b2,5,0|2|4|6|9,58.2564,252,1
0,b2,5,0|2|4|7|8,54.6591,252,1
0,b2,5,0|2|4|7|9,52.2674,252,1
0,b2,5,0|2|4|8|9,52.4022,252,1
0,b2,5,0|2|5|6|7,53.4501,252,1
0,b2,5,0|2|5|6|8,58.0304,252,1
0,b2,5,0|2|5|6|9,60.6298,252,1
0,b2,5,0|2|5|7|8,55.2088,252,1
0,b2,5,0|2|5|7|9,53.4004,252,1
0,b2,5,0|2|5|8|9,54.9639,252,1
0,b2,5,0|2|6|7|8,58.1738,252,1
0,b2,5,0|2|6|7|9,58.9135,252,1
0,b2,5,0|2|6|8|9,54.8301,252,1
0,b2,5,0|2|7|8|9,50.7901,252,1
0,b2,5,0|3|4|5|6,40.9997,252,1
0,b2,5,0|3|4|5|7,38.7561,252,1
0,b2,5,0|3|4|5|8,46.3831,252,1
0,b2,5,0|3|4|5|9,42.7709,252,1
0,b2,5,0|3|4|6|7,49.8383,252,1
0,b2,5,0|3|4|6|8,55.6911,252,1
0,b2,5,0|3|4|6|9,55.7088,252,1
0,b2,5,0|3|4|7|8,52.3022,252,1
0,b2,5,0|3|4|7|9,48.6591,252,1
0,b2,5,0|3|4|8|9,51.3638,252,1
0,b2,5,0|3|5|6|7,53.9004,252,1
0,b2,5,0|3|5|6|8,57.5422,252,1
0,b2,5,0|3|5|6|9,59.2840,252,1
0,b2,5,0|3|5|7|8,57.0511,252,1
0,b2,5,0|3|5|7|9,55.1494,252,1
0,b2,5,0|3|5|8|9,54.9182,252,1
0,b2,5,0|3|6|7|8,57.3972,252,1
0,b2,5,0|3|6|7|9,59.0424,252,1
0,b2,5,0|3|6|8|9,54.8505,252,1
0,b2,5,0|3|7|8|9,49.1064,252,1
0,b2,5,0|4|5|6|7,46.5251,252,1
0,b2,5,0|4|5|6|8,50.4564,252,1
0,b2,5,0|4|5|6|9,54.3196,252,1
0,b2,5,0|4|5|7|8,45.4481,252,1
0,b2,5,0|4|5|7|9,45.2232,252,1
0,b2,5,0|4|5|8|9,50.1406,252,1
0,b2,5,0|4|6|7|8,53.8826,252,1
0,b2,5,0|4|6|7|9,52.1569,252,1
0,b2,5,0|4|6|8|9,51.7069,252,1
0,b2,5,0|4|7|8|9,42.9684,252,1
0,b2,5,0|5|6|7|8,48.8611,252,1
0,b2,5,0|5|6|7|9,52.6679,252,1
0,b2,5,0|5|6|8|9,51.8551,252,1
0,b2,5,0|5|7|8|9,48.9823,252,1
0,b2,5,0|6|7|8|9,48.6242,252,1
0,b2,5,1|2|3|4|5,25.3186,252,1
0,b2,5,1|2|3|4|6,34.2270,252,1
0,b2,5,1|2|3|4|7,31.9179,252,1
0,b2,5,1|2|3|4|8,38.0539,252,1
0,b2,5,1|2|3|4|9,36.7149,252,1
0,b2,5,1|2|3|5|6,41.4059,252,1
0,b2,5,1|2|3|5|7,37.6512,252,1
0,b2,5,1|2|3|5|8,43.5506,252,1
0,b2,5,1|2|3|5|9,42.3660,252,1
0,b2,5,1|2|3|6|7,40.0108,252,1
0,b2,5,1|2|3|6|8,41.2437,252,1
0,b2,5,1|2|3|6|9,43.2778,252,1
0,b2,5,1|2|3|7|8,39.0685,252,1
0,b2,5,1|2|3|7|9,39.6807,252,1
0,b2,5,1|2|3|8|9,41.3732,252,1
0,b2,5,1|2|4|5|6,45.9550,252,1
0,b2,5,1|2|4|5|7,38.7787,252,1
0,b2,5,1|2|4|5|8,49.0596,252,1
0,b2,5,1|2|4|5|9,47.8026,252,1
0,b2,5,1|2|4|6|7,47.5268,252,1
0,b2,5,1|2|4|6|8,50.1560,252,1
0,b2,5,1|2|4|6|9,52.8379,252,1
0,b2,5,1|2|4|7|8,51.7129,252,1
0,b2,5,1|2|4|7|9,49.4769,252,1
0,b2,5,1|2|4|8|9,49.9376,252,1
0,b2,5,1|2|5|6|7,46.8310,252,1
0,b2,5,1|2|5|6|8,49.3496,252,1
0,b2,5,1|2|5|6|9,52.4108,252,1
0,b2,5,1|2|5|7|8,47.1896,252,1
0,b2,5,1|2|5|7|9,45.0361,252,1
0,b2,5,1|2|5|8|9,49.2626,252,1
0,b2,5,1|2|6|7|8,47.3949,252,1
0,b2,5,1|2|6|7|9,51.5431,252,1
0,b2,5,1|2|6|8|9,45.3384,252,1
0,b2,5,1|2|7|8|9,44.1503,252,1
0,b2,5,1|3|4|5|6,42.2662,252,1
0,b2,5,1|3|4|5|7,34.6406,252,1
0,b2,5,1|3|4|5|8,47.1471,252,1
0,b2,5,1|3|4|5|9,45.8663,252,1
0,b2,5,1|3|4|6|7,47.3598,252,1
0,b2,5,1|3|4|6|8,51.1510,252,1
0,b2,5,1|3|4|6|9,52.1798,252,1
0,b2,5,1|3|4|7|8,51.6925,252,1
0,b2,5,1|3|4|7|9,50.2673,252,1
0,b2,5,1|3|4|8|9,50.6976,252,1
0,b2,5,1|3|5|6|7,50.3842,252,1
0,b2,5,1|3|5|6|8,49.6368,252,1
0,b2,5,1|3|5|6|9,52.2702,252,1
0,b2,5,1|3|5|7|8,49.6149,252,1
0,b2,5,1|3|5|7|9,49.0224,252,1
0,b2,5,1|3|5|8|9,49.8695,252,1
0,b2,5,1|3|6|7|8,50.5324,252,1
0,b2,5,1|3|6|7|9,54.8189,252,1
0,b2,5,1|3|6|8|9,47.7396,252,1
0,b2,5,1|3|7|8|9,46.8567,252,1
0,b2,5,1|4|5|6|7,39.0949,252,1
0,b2,5,1|4|5|6|8,44.5880,252,1
0,b2,5,1|4|5|6|9,48.2300,252,1
0,b2,5,1|4|5|7|8,39.3789,252,1
0,b2,5,1|4|5|7|9,42.5912,252,1
0,b2,5,1|4|5|8|9,47.6066,252,1
0,b2,5,1|4|6|7|8,45.3257,252,1
0,b2,5,1|4|6|7|9,48.1380,252,1
0,b2,5,1|4|6|8|9,44.9837,252,1
0,b2,5,1|4|7|8|9,42.5977,252,1
0,b2,5,1|5|6|7|8,43.1308,252,1
0,b2,5,1|5|6|7|9,45.8270,252,1
0,b2,5,1|5|6|8|9,40.6456,252,1
0,b2,5,1|5|7|8|9,41.4768,252,1
0,b2,5,1|6|7|8|9,39.7728,252,1
0,b2,5,2|3|4|5|6,33.5316,252,1
0,b2,5,2|3|4|5|7,31.8852,252,1
0,b2,5,2|3|4|5|8,34.8428,252,1
0,b2,5,2|3|4|5|9,33.8428,252,1
0,b2,5,2|3|4|6|7,42.1397,252,1
0,b2,5,2|3|4|6|8,45.6488,252,1
0,b2,5,2|3|4|6|9,43.9518,252,1
0,b2,5,2|3|4|7|8,46.1144,252,1
0,b2,5,2|3|4|7|9,42.6404,252,1
0,b2,5,2|3|4|8|9,42.5044,252,1
0,b2,5,2|3|5|6|7,55.3562,252,1
0,b2,5,2|3|5|6|8,55.6437,252,1
0,b2,5,2|3|5|6|9,57.0592,252,1
0,b2,5,2|3|5|7|8,53.9413,252,1
0,b2,5,2|3|5|7|9,53.1940,252,1
0,b2,5,2|3|5|8|9,51.3679,252,1
0,b2,5,2|3|6|7|8,56.0486,252,1
0,b2,5,2|3|6|7|9,55.3632,252,1
0,b2,5,2|3|6|8|9,51.8838,252,1
0,b2,5,2|3|7|8|9,48.9120,252,1
0,b2,5,2|4|5|6|7,40.3108,252,1
0,b2,5,2|4|5|6|8,44.6996,252,1
0,b2,5,2|4|5|6|9,46.7000,252,1
0,b2,5,2|4|5|7|8,42.8108,252,1
0,b2,5,2|4|5|7|9,42.6446,252,1
0,b2,5,2|4|5|8|9,45.8218,252,1
0,b2,5,2|4|6|7|8,49.5783,252,1
0,b2,5,2|4|6|7|9,47.9859,252,1
0,b2,5,2|4|6|8|9,50.5330,252,1
0,b2,5,2|4|7|8|9,44.9208,252,1
0,b2,5,2|5|6|7|8,51.1163,252,1
0,b2,5,2|5|6|7|9,52.2040,252,1
0,b2,5,2|5|6|8|9,52.0982,252,1
0,b2,5,2|5|7|8|9,45.9671,252,1
0,b2,5,2|6|7|8|9,47.4775,252,1
0,b2,5,3|4|5|6|7,33.2179,252,1
0,b2,5,3|4|5|6|8,36.2656,252,1
0,b2,5,3|4|5|6|9,39.5388,252,1
0,b2,5,3|4|5|7|8,37.5268,252,1
0,b2,5,3|4|5|7|9,36.0237,252,1
0,b2,5,3|4|5|8|9,39.2370,252,1
0,b2,5,3|4|6|7|8,45.1281,252,1
0,b2,5,3|4|6|7|9,43.2558,252,1
0,b2,5,3|4|6|8|9,45.0725,252,1
0,b2,5,3|4|7|8|9,43.0198,252,1
0,b2,5,3|5|6|7|8,52.5123,252,1
0,b2,5,3|5|6|7|9,53.2105,252,1
0,b2,5,3|5|6|8|9,51.1021,252,1
0,b2,5,3|5|7|8|9,48.3809,252,1
0,b2,5,3|6|7|8|9,49.4853,252,1
0,b2,5,4|5|6|7|8,38.6272,252,1
0,b2,5,4|5|6|7|9,39.3821,252,1
0,b2,5,4|5|6|8|9,41.9907,252,1
0,b2,5,4|5|7|8|9,35.4400,252,1
0,b2,5,4|6|7|8|9,38.6148,252,1
0,b2,5,5|6|7|8|9,39.9397,252,1
0,b2,6,0|1|2|3|4|5,10.1407,210,1
0,b2,6,0|1|2|3|4|6,18.4900,210,1
0,b2,6,0|1|2|3|4|7,15.6000,210,1
0,b2,6,0|1|2|3|4|8,21.4177,210,1
0,b2,6,0|1|2|3|4|9,17.1368,210,1
0,b2,6,0|1|2|3|5|6,24.1782,210,1
0,b2,6,0|1|2|3|5|7,22.1195,210,1
0,b2,6,0|1|2|3|5|8,24.7640,210,1
0,b2,6,0|1|2|3|5|9,24.5678,210,1
0,b2,6,0|1|2|3|6|7,25.6852,210,1
0,b2,6,0|1|2|3|6|8,28.9889,210,1
0,b2,6,0|1|2|3|6|9,27.7298,210,1
0,b2,6,0|1|2|3|7|8,26.0460,210,1
0,b2,6,0|1|2|3|7|9,24.2484,210,1
0,b2,6,0|1|2|3|8|9,26.4619,210,1
0,b2,6,0|1|2|4|5|6,28.9210,210,1
0,b2,6,0|1|2|4|5|7,19.7285,210,1
0,b2,6,0|1|2|4|5|8,29.2072,210,1
0,b2,6,0|1|2|4|5|9,22.7019,210,1
0,b2,6,0|1|2|4|6|7,28.6293,210,1
0,b2,6,0|1|2|4|6|8,35.1345,210,1
0,b2,6,0|1|2|4|6|9,35.0619,210,1
0,b2,6,0|1|2|4|7|8,30.9869,210,1
0,b2,6,0|1|2|4|7|9,26.2223,210,1
0,b2,6,0|1|2|4|8|9,33.6044,210,1
0,b2,6,0|1|2|5|6|7,27.4424,210,1
0,b2,6,0|1|2|5|6|8,26.0583,210,1
0,b2,6,0|1|2|5|6|9,29.8556,210,1
0,b2,6,0|1|2|5|7|8,28.8997,210,1
0,b2,6,0|1|2|5|7|9,26.8165,210,1
0,b2,6,0|1|2|5|8|9,29.1051,210,1
0,b2,6,0|1|2|6|7|8,27.4767,210,1
0,b2,6,0|1|2|6|7|9,32.3546,210,1
0,b2,6,0|1|2|6|8|9,31.1484,210,1
0,b2,6,0|1|2|7|8|9,28.5364,210,1
0,b2,6,0|1|3|4|5|6,33.1293,210,1
0,b2,6,0|1|3|4|5|7,22.7958,210,1
0,b2,6,0|1|3|4|5|8,30.0083,210,1
0,b2,6,0|1|3|4|5|9,26.1101,210,1
0,b2,6,0|1|3|4|6|7,33.7030,210,1
0,b2,6,0|1|3|4|6|8,38.4795,210,1
0,b2,6,0|1|3|4|6|9,40.3515,210,1
0,b2,6,0|1|3|4|7|8,33.3480,210,1
0,b2,6,0|1|3|4|7|9,26.9813,210,1
0,b2,6,0|1|3|4|8|9,35.2076,210,1
0,b2,6,0|1|3|5|6|7,27.9108,210,1
0,b2,6,0|1|3|5|6|8,30.9421,210,1
0,b2,6,0|1|3|5|6|9,31.0884,210,1
0,b2,6,0|1|3|5|7|8,24.9566,210,1
0,b2,6,0|1|3|5|7|9,26.8918,210,1
0,b2,6,0|1|3|5|8|9,28.3926,210,1
0,b2,6,0|1|3|6|7|8,28.7672,210,1
0,b2,6,0|1|3|6|7|9,30.6012,210,1
0,b2,6,0|1|3|6|8|9,29.0482,210,1
0,b2,6,0|1|3|7|8|9,25.6360,210,1
0,b2,6,0|1|4|5|6|7,27.3580,210,1
0,b2,6,0|1|4|5|6|8,26.4501,210,1
0,b2,6,0|1|4|5|6|9,28.9780,210,1
0,b2,6,0|1|4|5|7|8,20.9624,210,1
0,b2,6,0|1|4|5|7|9,23.4330,210,1
0,b2,6,0|1|4|5|8|9,26.9713,210,1
0,b2,6,0|1|4|6|7|8,24.3430,210,1
0,b2,6,0|1|4|6|7|9,30.8309,210,1
0,b2,6,0|1|4|6|8|9,29.1286,210,1
0,b2,6,0|1|4|7|8|9,23.4231,210,1
0,b2,6,0|1|5|6|7|8,21.1070,210,1
0,b2,6,0|1|5|6|7|9,24.4433,210,1
0,b2,6,0|1|5|6|8|9,22.4008,210,1
0,b2,6,0|1|5|7|8|9,18.4486,210,1
0,b2,6,0|1|6|7|8|9,18.7972,210,1
0,b2,6,0|2|3|4|5|6,28.5402,210,1
0,b2,6,0|2|3|4|5|7,24.1038,210,1
0,b2,6,0|2|3|4|5|8,33.8073,210,1
0,b2,6,0|2|3|4|5|9,32.6928,210,1
0,b2,6,0|2|3|4|6|7,40.0400,210,1
0,b2,6,0|2|3|4|6|8,43.9339,210,1
0,b2,6,0|2|3|4|6|9,45.3076,210,1
0,b2,6,0|2|3|4|7|8,46.5199,210,1
0,b2,6,0|2|3|4|7|9,42.1101,210,1
0,b2,6,0|2|3|4|8|9,43.7430,210,1
0,b2,6,0|2|3|5|6|7,46.7801,210,1
0,b2,6,0|2|3|5|6|8,50.1847,210,1
0,b2,6,0|2|3|5|6|9,53.9149,210,1
0,b2,6,0|2|3|5|7|8,50.0304,210,1
0,b2,6,0|2|3|5|7|9,48.0401,210,1
0,b2,6,0|2|3|5|8|9,45.7899,210,1
0,b2,6,0|2|3|6|7|8,50.4337,210,1
0,b2,6,0|2|3|6|7|9,52.1253,210,1
0,b2,6,0|2|3|6|8|9,44.5894,210,1
0,b2,6,0|2|3|7|8|9,42.5488,210,1
0,b2,6,0|2|4|5|6|7,35.7400,210,1
0,b2,6,0|2|4|5|6|8,42.8305,210,1
0,b2,6,0|2|4|5|6|9,48.4203,210,1
0,b2,6,0|2|4|5|7|8,41.2893,210,1
0,b2,6,0|2|4|5|7|9,43.2132,210,1
0,b2,6,0|2|4|5|8|9,48.9044,210,1
0,b2,6,0|2|4|6|7|8,50.7594,210,1
0,b2,6,0|2|4|6|7|9,48.0768,210,1
0,b2,6,0|2|4|6|8|9,49.2522,210,1
0,b2,6,0|2|4|7|8|9,40.2644,210,1
0,b2,6,0|2|5|6|7|8,47.9082,210,1
0,b2,6,0|2|5|6|7|9,51.6023,210,1
0,b2,6,0|2|5|6|8|9,50.9658,210,1
0,b2,6,0|2|5|7|8|9,41.3013,210,1
0,b2,6,0|2|6|7|8|9,47.3223,210,1
0,b2,6,0|3|4|5|6|7,33.0715,210,1
0,b2,6,0|3|4|5|6|8,39.5853,210,1
0,b2,6,0|3|4|5|6|9,41.7293,210,1
0,b2,6,0|3|4|5|7|8,35.3872,210,1
0,b2,6,0|3|4|5|7|9,34.2789,210,1
0,b2,6,0|3|4|5|8|9,39.3750,210,1
0,b2,6,0|3|4|6|7|8,48.4855,210,1
0,b2,6,0|3|4|6|7|9,46.3523,210,1
0,b2,6,0|3|4|6|8|9,45.6994,210,1
0,b2,6,0|3|4|7|8|9,40.2174,210,1
0,b2,6,0|3|5|6|7|8,45.0818,210,1
0,b2,6,0|3|5|6|7|9,48.7161,210,1
0,b2,6,0|3|5|6|8|9,49.1575,210,1
0,b2,6,0|3|5|7|8|9,41.3981,210,1
0,b2,6,0|3|6|7|8|9,46.4193,210,1
0,b2,6,0|4|5|6|7|8,40.1155,210,1
0,b2,6,0|4|5|6|7|9,40.5803,210,1
0,b2,6,0|4|5|6|8|9,42.6918,210,1
0,b2,6,0|4|5|7|8|9,32.1108,210,1
0,b2,6,0|4|6|7|8|9,39.1462,210,1
0,b2,6,0|5|6|7|8|9,36.0738,210,1
0,b2,6,1|2|3|4|5|6,20.7096,210,1
0,b2,6,1|2|3|4|5|7,16.8437,210,1
0,b2,6,1|2|3|4|5|8,26.1230,210,1
0,b2,6,1|2|3|4|5|9,26.5070,210,1
0,b2,6,1|2|3|4|6|7,28.9809,210,1
0,b2,6,1|2|3|4|6|8,35.3101,210,1
0,b2,6,1|2|3|4|6|9,33.4373,210,1
0,b2,6,1|2|3|4|7|8,31.8810,210,1
0,b2,6,1|2|3|4|7|9,31.0091,210,1
0,b2,6,1|2|3|4|8|9,35.5313,210,1
0,b2,6,1|2|3|5|6|7,30.3175,210,1
0,b2,6,1|2|3|5|6|8,35.0201,210,1
0,b2,6,1|2|3|5|6|9,37.5972,210,1
0,b2,6,1|2|3|5|7|8,31.3884,210,1
0,b2,6,1|2|3|5|7|9,30.1219,210,1
0,b2,6,1|2|3|5|8|9,35.0743,210,1
0,b2,6,1|2|3|6|7|8,36.1128,210,1
0,b2,6,1|2|3|6|7|9,37.4538,210,1
0,b2,6,1|2|3|6|8|9,34.1431,210,1
0,b2,6,1|2|3|7|8|9,30.9323,210,1
0,b2,6,1|2|4|5|6|7,30.5727,210,1
0,b2,6,1|2|4|5|6|8,37.7279,210,1
0,b2,6,1|2|4|5|6|9,42.2463,210,1
0,b2,6,1|2|4|5|7|8,37.6212,210,1
0,b2,6,1|2|4|5|7|9,38.2934,210,1
0,b2,6,1|2|4|5|8|9,41.0002,210,1
0,b2,6,1|2|4|6|7|8,41.7137,210,1
0,b2,6,1|2|4|6|7|9,45.3779,210,1
0,b2,6,1|2|4|6|8|9,40.4312,210,1
0,b2,6,1|2|4|7|8|9,41.2176,210,1
0,b2,6,1|2|5|6|7|8,36.1172,210,1
0,b2,6,1|2|5|6|7|9,39.3261,210,1
0,b2,6,1|2|5|6|8|9,36.1741,210,1
0,b2,6,1|2|5|7|8|9,35.8146,210,1
0,b2,6,1|2|6|7|8|9,34.9164,210,1
0,b2,6,1|3|4|5|6|7,28.1380,210,1
0,b2,6,1|3|4|5|6|8,37.6372,210,1
0,b2,6,1|3|4|5|6|9,39.7999,210,1
0,b2,6,1|3|4|5|7|8,30.0184,210,1
0,b2,6,1|3|4|5|7|9,33.3735,210,1
0,b2,6,1|3|4|5|8|9,40.4064,210,1
0,b2,6,1|3|4|6|7|8,43.9802,210,1
0,b2,6,1|3|4|6|7|9,44.0105,210,1
0,b2,6,1|3|4|6|8|9,42.7709,210,1
0,b2,6,1|3|4|7|8|9,41.6948,210,1
0,b2,6,1|3|5|6|7|8,39.4811,210,1
0,b2,6,1|3|5|6|7|9,41.1694,210,1
0,b2,6,1|3|5|6|8|9,38.8599,210,1
0,b2,6,1|3|5|7|8|9,33.2868,210,1
0,b2,6,1|3|6|7|8|9,36.8065,210,1
0,b2,6,1|4|5|6|7|8,28.6460,210,1
0,b2,6,1|4|5|6|7|9,33.6684,210,1
0,b2,6,1|4|5|6|8|9,31.1923,210,1
0,b2,6,1|4|5|7|8|9,29.0271,210,1
0,b2,6,1|4|6|7|8|9,31.6284,210,1
0,b2,6,1|5|6|7|8|9,25.4623,210,1
0,b2,6,2|3|4|5|6|7,24.6446,210,1
0,b2,6,2|3|4|5|6|8,26.7526,210,1
0,b2,6,2|3|4|5|6|9,27.5332,210,1
0,b2,6,2|3|4|5|7|8,28.7944,210,1
0,b2,6,2|3|4|5|7|9,26.8913,210,1
0,b2,6,2|3|4|5|8|9,28.3165,210,1
0,b2,6,2|3|4|6|7|8,32.7434,210,1
0,b2,6,2|3|4|6|7|9,32.2325,210,1
0,b2,6,2|3|4|6|8|9,31.7593,210,1
0,b2,6,2|3|4|7|8|9,30.7928,210,1
0,b2,6,2|3|5|6|7|8,41.6636,210,1
0,b2,6,2|3|5|6|7|9,41.4672,210,1
0,b2,6,2|3|5|6|8|9,41.2554,210,1
0,b2,6,2|3|5|7|8|9,37.5824,210,1
0,b2,6,2|3|6|7|8|9,38.4194,210,1
0,b2,6,2|4|5|6|7|8,28.3254,210,1
0,b2,6,2|4|5|6|7|9,29.4081,210,1
0,b2,6,2|4|5|6|8|9,31.5348,210,1
0,b2,6,2|4|5|7|8|9,28.4500,210,1
0,b2,6,2|4|6|7|8|9,30.7707,210,1
0,b2,6,2|5|6|7|8|9,33.1741,210,1
0,b2,6,3|4|5|6|7|8,24.7351,210,1
0,b2,6,3|4|5|6|7|9,26.4953,210,1
0,b2,6,3|4|5|6|8|9,27.5757,210,1
0,b2,6,3|4|5|7|8|9,24.7873,210,1
0,b2,6,3|4|6|7|8|9,30.6616,210,1
0,b2,6,3|5|6|7|8|9,34.9073,210,1
0,b2,6,4|5|6|7|8|9,27.7574,210,1
0,b3,0,,71.8558,1,1
0,b3,1,0,22.3702,10,1
0,b3,1,1,25.1529,10,1
0,b3,1,2,11.9443,10,1
0,b3,1,3,10.9762,10,1
0,b3,1,4,9.7056,10,1
0,b3,1,5,0.8647,10,1
0,b3,1,6,37.4077,10,1
0,b3,1,7,14.7545,10,1
0,b3,1,8,68.6777,10,1
0,b3,1,9,18.2511,10,1
0,b3,2,0|1,5.0882,45,1
0,b3,2,0|2,3.9096,45,1
0,b3,2,0|3,9.1330,45,1
0,b3,2,0|4,9.6984,45,1
0,b3,2,0|5,2.8100,45,1
0,b3,2,0|6,18.1047,45,1
0,b3,2,0|7,7.0495,45,1
0,b3,2,0|8,23.3494,45,1
0,b3,2,0|9,3.2404,45,1
0,b3,2,1|2,4.0764,45,1
0,b3,2,1|3,16.7828,45,1
0,b3,2,1|4,9.3211,45,1
0,b3,2,1|5,1.9695,45,1
0,b3,2,1|6,21.1742,45,1
0,b3,2,1|7,4.8642,45,1
0,b3,2,1|8,24.3335,45,1
0,b3,2,1|9,8.9199,45,1
0,b3,2,2|3,7.8078,45,1
0,b3,2,2|4,11.6866,45,1
0,b3,2,2|5,0.4687,45,1
0,b3,2,2|6,6.9766,45,1
0,b3,2,2|7,5.5786,45,1
0,b3,2,2|8,12.8600,45,1
0,b3,2,2|9,3.8444,45,1
0,b3,2,3|4,6.8491,45,1
0,b3,2,3|5,0.5170,45,1
0,b3,2,3|6,10.1516,45,1
0,b3,2,3|7,6.6343,45,1
0,b3,2,3|8,11.4866,45,1
0,b3,2,3|9,3.9300,45,1
0,b3,2,4|5,1.7971,45,1
0,b3,2,4|6,9.2514,45,1
0,b3,2,4|7,4.0222,45,1
0,b3,2,4|8,9.3779,45,1
0,b3,2,4|9,2.0758,45,1
0,b3,2,5|6,0.5364,45,1
0,b3,2,5|7,2.2987,45,1
0,b3,2,5|8,0.6772,45,1
0,b3,2,5|9,0.5325,45,1
0,b3,2,6|7,9.8684,45,1
0,b3,2,6|8,36.3500,45,1
0,b3,2,6|9,13.5485,45,1
0,b3,2,7|8,15.6613,45,1
0,b3,2,7|9,13.6064,45,1
0,b3,2,8|9,11.2487,45,1
0,b3,3,0|1|2,0.4687,120,1
0,b3,3,0|1|3,6.2096,120,1
0,b3,3,0|1|4,2.8397,120,1
0,b3,3,0|1|5,1.4635,120,1
0,b3,3,0|1|6,5.3347,120,1
0,b3,3,0|1|7,3.3625,120,1
0,b3,3,0|1|8,4.9058,120,1
0,b3,3,0|1|9,2.8100,120,1
0,b3,3,0|2|3,4.1604,120,1
0,b3,3,0|2|4,11.7062,120,1
0,b3,3,0|2|5,0.5306,120,1
0,b3,3,0|2|6,0.8564,120,1
0,b3,3,0|2|7,2.8931,120,1
0,b3,3,0|2|8,4.1223,120,1
0,b3,3,0|2|9,0.6489,120,1
0,b3,3,0|3|4,6.5752,120,1
0,b3,3,0|3|5,0.6210,120,1
0,b3,3,0|3|6,8.6025,120,1
0,b3,3,0|3|7,5.3684,120,1
0,b3,3,0|3|8,8.9669,120,1
0,b3,3,0|3|9,4.5851,120,1
0,b3,3,0|4|5,1.7971,120,1
0,b3,3,0|4|6,9.1642,120,1
0,b3,3,0|4|7,5.2753,120,1
0,b3,3,0|4|8,9.6376,120,1
0,b3,3,0|4|9,2.1314,120,1
0,b3,3,0|5|6,0.7805,120,1
0,b3,3,0|5|7,1.8102,120,1
0,b3,3,0|5|8,2.0155,120,1
0,b3,3,0|5|9,0.6337,120,1
0,b3,3,0|6|7,6.7671,120,1
0,b3,3,0|6|8,18.0206,120,1
0,b3,3,0|6|9,2.6770,120,1
0,b3,3,0|7|8,6.8960,120,1
0,b3,3,0|7|9,4.5991,120,1
0,b3,3,0|8|9,2.3747,120,1
0,b3,3,1|2|3,2.3174,120,1
0,b3,3,1|2|4,11.3673,120,1
0,b3,3,1|2|5,0.4687,120,1
0,b3,3,1|2|6,1.7129,120,1
0,b3,3,1|2|7,4.5564,120,1
0,b3,3,1|2|8,4.3837,120,1
0,b3,3,1|2|9,0.4687,120,1
0,b3,3,1|3|4,9.0888,120,1
0,b3,3,1|3|5,0.4690,120,1
0,b3,3,1|3|6,10.3804,120,1
0,b3,3,1|3|7,3.7908,120,1
0,b3,3,1|3|8,16.8359,120,1
0,b3,3,1|3|9,4.8565,120,1
0,b3,3,1|4|5,1.7971,120,1
0,b3,3,1|4|6,9.3570,120,1
0,b3,3,1|4|7,3.7958,120,1
0,b3,3,1|4|8,9.4133,120,1
0,b3,3,1|4|9,1.9531,120,1
0,b3,3,1|5|6,0.8582,120,1
0,b3,3,1|5|7,1.8020,120,1
0,b3,3,1|5|8,1.7078,120,1
0,b3,3,1|5|9,0.5709,120,1
0,b3,3,1|6|7,4.4204,120,1
0,b3,3,1|6|8,22.4551,120,1
0,b3,3,1|6|9,5.6969,120,1
0,b3,3,1|7|8,5.0577,120,1
0,b3,3,1|7|9,4.1551,120,1
0,b3,3,1|8|9,2.1908,120,1
0,b3,3,2|3|4,1.9556,120,1
0,b3,3,2|3|5,0.4687,120,1
0,b3,3,2|3|6,1.4978,120,1
0,b3,3,2|3|7,3.8711,120,1
0,b3,3,2|3|8,7.9671,120,1
0,b3,3,2|3|9,1.1616,120,1
0,b3,3,2|4|5,3.0674,120,1
0,b3,3,2|4|6,9.0642,120,1
0,b3,3,2|4|7,4.1978,120,1
0,b3,3,2|4|8,13.1797,120,1
0,b3,3,2|4|9,0.7388,120,1
0,b3,3,2|5|6,0.4687,120,1
0,b3,3,2|5|7,3.4315,120,1
0,b3,3,2|5|8,0.4687,120,1
0,b3,3,2|5|9,0.4687,120,1
0,b3,3,2|6|7,5.6590,120,1
0,b3,3,2|6|8,7.8174,120,1
0,b3,3,2|6|9,3.8792,120,1
0,b3,3,2|7|8,5.6794,120,1
0,b3,3,2|7|9,7.2751,120,1
0,b3,3,2|8|9,2.3672,120,1
0,b3,3,3|4|5,0.5063,120,1
0,b3,3,3|4|6,7.6376,120,1
0,b3,3,3|4|7,1.8287,120,1
0,b3,3,3|4|8,8.5404,120,1
0,b3,3,3|4|9,0.5798,120,1
0,b3,3,3|5|6,0.4788,120,1
0,b3,3,3|5|7,3.1665,120,1
0,b3,3,3|5|8,0.5144,120,1
0,b3,3,3|5|9,0.4916,120,1
0,b3,3,3|6|7,4.5030,120,1
0,b3,3,3|6|8,10.3318,120,1
0,b3,3,3|6|9,2.4364,120,1
0,b3,3,3|7|8,5.2444,120,1
0,b3,3,3|7|9,3.8378,120,1
0,b3,3,3|8|9,1.4007,120,1
0,b3,3,4|5|6,2.9813,120,1
0,b3,3,4|5|7,1.7971,120,1
0,b3,3,4|5|8,1.7971,120,1
0,b3,3,4|5|9,1.7981,120,1
0,b3,3,4|6|7,5.9570,120,1
0,b3,3,4|6|8,9.3992,120,1
0,b3,3,4|6|9,0.8987,120,1
0,b3,3,4|7|8,3.9207,120,1
0,b3,3,4|7|9,7.1393,120,1
0,b3,3,4|8|9,0.5731,120,1
0,b3,3,5|6|7,2.6964,120,1
0,b3,3,5|6|8,0.5247,120,1
0,b3,3,5|6|9,0.4981,120,1
0,b3,3,5|7|8,2.2951,120,1
0,b3,3,5|7|9,4.1011,120,1
0,b3,3,5|8|9,0.5198,120,1
0,b3,3,6|7|8,12.5890,120,1
0,b3,3,6|7|9,12.6507,120,1
0,b3,3,6|8|9,12.1235,120,1
0,b3,3,7|8|9,0.5313,120,1
0,b3,4,0|1|2|3,0.6216,210,1
0,b3,4,0|1|2|4,3.7220,210,1
0,b3,4,0|1|2|5,0.4687,210,1
0,b3,4,0|1|2|6,0.4687,210,1
0,b3,4,0|1|2|7,3.0456,210,1
0,b3,4,0|1|2|8,0.4690,210,1
0,b3,4,0|1|2|9,0.4687,210,1
0,b3,4,0|1|3|4,3.0516,210,1
0,b3,4,0|1|3|5,0.4688,210,1
0,b3,4,0|1|3|6,4.6503,210,1
0,b3,4,0|1|3|7,3.7285,210,1
0,b3,4,0|1|3|8,6.3404,210,1
0,b3,4,0|1|3|9,2.2605,210,1
0,b3,4,0|1|4|5,2.0757,210,1
0,b3,4,0|1|4|6,2.1776,210,1
0,b3,4,0|1|4|7,1.6750,210,1
0,b3,4,0|1|4|8,3.0312,210,1
0,b3,4,0|1|4|9,1.8086,210,1
0,b3,4,0|1|5|6,0.7801,210,1
0,b3,4,0|1|5|7,1.9658,210,1
0,b3,4,0|1|5|8,1.2819,210,1
0,b3,4,0|1|5|9,0.4687,210,1
0,b3,4,0|1|6|7,5.4886,210,1
0,b3,4,0|1|6|8,5.4422,210,1
0,b3,4,0|1|6|9,2.9249,210,1
0,b3,4,0|1|7|8,3.4224,210,1
0,b3,4,0|1|7|9,3.7252,210,1
0,b3,4,0|1|8|9,1.7828,210,1
0,b3,4,0|2|3|4,2.0301,210,1
0,b3,4,0|2|3|5,0.4687,210,1
0,b3,4,0|2|3|6,0.6410,210,1
0,b3,4,0|2|3|7,3.9176,210,1
0,b3,4,0|2|3|8,3.6551,210,1
0,b3,4,0|2|3|9,1.0667,210,1
0,b3,4,0|2|4|5,2.0919,210,1
0,b3,4,0|2|4|6,9.6757,210,1
0,b3,4,0|2|4|7,3.5815,210,1
0,b3,4,0|2|4|8,11.7253,210,1
0,b3,4,0|2|4|9,1.3868,210,1
0,b3,4,0|2|5|6,0.4820,210,1
0,b3,4,0|2|5|7,2.9518,210,1
0,b3,4,0|2|5|8,0.5280,210,1
0,b3,4,0|2|5|9,0.4704,210,1
0,b3,4,0|2|6|7,3.3711,210,1
0,b3,4,0|2|6|8,0.9345,210,1
0,b3,4,0|2|6|9,0.6536,210,1
0,b3,4,0|2|7|8,3.1614,210,1
0,b3,4,0|2|7|9,3.4070,210,1
0,b3,4,0|2|8|9,1.0238,210,1
0,b3,4,0|3|4|5,0.8995,210,1
0,b3,4,0|3|4|6,6.5046,210,1
0,b3,4,0|3|4|7,2.8727,210,1
0,b3,4,0|3|4|8,6.9273,210,1
0,b3,4,0|3|4|9,0.5325,210,1
0,b3,4,0|3|5|6,0.5608,210,1
0,b3,4,0|3|5|7,2.5645,210,1
0,b3,4,0|3|5|8,0.6158,210,1
0,b3,4,0|3|5|9,0.5317,210,1
0,b3,4,0|3|6|7,4.7521,210,1
0,b3,4,0|3|6|8,8.5577,210,1
0,b3,4,0|3|6|9,0.9571,210,1
0,b3,4,0|3|7|8,4.9751,210,1
0,b3,4,0|3|7|9,4.2011,210,1
0,b3,4,0|3|8|9,0.6978,210,1
0,b3,4,0|4|5|6,2.3660,210,1
0,b3,4,0|4|5|7,1.7971,210,1
0,b3,4,0|4|5|8,1.7971,210,1
0,b3,4,0|4|5|9,1.7971,210,1
0,b3,4,0|4|6|7,5.6665,210,1
0,b3,4,0|4|6|8,9.4840,210,1
0,b3,4,0|4|6|9,1.0645,210,1
0,b3,4,0|4|7|8,4.6495,210,1
0,b3,4,0|4|7|9,5.5767,210,1
0,b3,4,0|4|8|9,0.5731,210,1
0,b3,4,0|5|6|7,2.2451,210,1
0,b3,4,0|5|6|8,0.6898,210,1
0,b3,4,0|5|6|9,0.6307,210,1
0,b3,4,0|5|7|8,1.8130,210,1
0,b3,4,0|5|7|9,3.1230,210,1
0,b3,4,0|5|8|9,0.6854,210,1
0,b3,4,0|6|7|8,6.3569,210,1
0,b3,4,0|6|7|9,4.4027,210,1
0,b3,4,0|6|8|9,2.4046,210,1
0,b3,4,0|7|8|9,0.5313,210,1
0,b3,4,1|2|3|4,1.2249,210,1
0,b3,4,1|2|3|5,0.4687,210,1
0,b3,4,1|2|3|6,1.1618,210,1
0,b3,4,1|2|3|7,2.9711,210,1
0,b3,4,1|2|3|8,2.8599,210,1
0,b3,4,1|2|3|9,0.4987,210,1
0,b3,4,1|2|4|5,3.4440,210,1
0,b3,4,1|2|4|6,9.1503,210,1
0,b3,4,1|2|4|7,1.2032,210,1
0,b3,4,1|2|4|8,11.1185,210,1
0,b3,4,1|2|4|9,0.9124,210,1
0,b3,4,1|2|5|6,0.4687,210,1
0,b3,4,1|2|5|7,2.0130,210,1
0,b3,4,1|2|5|8,0.4687,210,1
0,b3,4,1|2|5|9,0.4687,210,1
0,b3,4,1|2|6|7,5.1258,210,1
0,b3,4,1|2|6|8,1.4038,210,1
0,b3,4,1|2|6|9,0.4687,210,1
0,b3,4,1|2|7|8,5.4305,210,1
0,b3,4,1|2|7|9,2.9985,210,1
0,b3,4,1|2|8|9,1.0574,210,1
0,b3,4,1|3|4|5,0.8309,210,1
0,b3,4,1|3|4|6,8.9448,210,1
0,b3,4,1|3|4|7,6.7125,210,1
0,b3,4,1|3|4|8,9.4820,210,1
0,b3,4,1|3|4|9,0.7242,210,1
0,b3,4,1|3|5|6,0.4687,210,1
0,b3,4,1|3|5|7,2.6830,210,1
0,b3,4,1|3|5|8,0.4688,210,1
0,b3,4,1|3|5|9,0.4687,210,1
0,b3,4,1|3|6|7,4.2150,210,1
0,b3,4,1|3|6|8,10.6452,210,1
0,b3,4,1|3|6|9,3.7535,210,1
0,b3,4,1|3|7|8,4.6125,210,1
0,b3,4,1|3|7|9,3.1857,210,1
0,b3,4,1|3|8|9,1.2221,210,1
0,b3,4,1|4|5|6,2.0908,210,1
0,b3,4,1|4|5|7,1.7971,210,1
0,b3,4,1|4|5|8,1.7971,210,1
0,b3,4,1|4|5|9,1.7971,210,1
0,b3,4,1|4|6|7,5.8247,210,1
0,b3,4,1|4|6|8,10.0727,210,1
0,b3,4,1|4|6|9,0.8401,210,1
0,b3,4,1|4|7|8,3.8401,210,1
0,b3,4,1|4|7|9,6.1759,210,1
0,b3,4,1|4|8|9,0.6086,210,1
0,b3,4,1|5|6|7,1.7998,210,1
0,b3,4,1|5|6|8,0.7104,210,1
0,b3,4,1|5|6|9,0.5552,210,1
0,b3,4,1|5|7|8,1.8031,210,1
0,b3,4,1|5|7|9,2.3062,210,1
0,b3,4,1|5|8|9,0.5755,210,1
0,b3,4,1|6|7|8,5.9501,210,1
0,b3,4,1|6|7|9,3.9873,210,1
0,b3,4,1|6|8|9,2.1232,210,1
0,b3,4,1|7|8|9,0.5313,210,1
0,b3,4,2|3|4|5,0.4687,210,1
0,b3,4,2|3|4|6,1.8500,210,1
0,b3,4,2|3|4|7,3.8729,210,1
0,b3,4,2|3|4|8,1.7669,210,1
0,b3,4,2|3|4|9,0.8460,210,1
0,b3,4,2|3|5|6,0.4687,210,1
0,b3,4,2|3|5|7,1.9174,210,1
0,b3,4,2|3|5|8,0.4687,210,1
0,b3,4,2|3|5|9,0.4687,210,1
0,b3,4,2|3|6|7,4.8489,210,1
0,b3,4,2|3|6|8,1.6143,210,1
0,b3,4,2|3|6|9,0.9752,210,1
0,b3,4,2|3|7|8,5.2386,210,1
0,b3,4,2|3|7|9,4.2084,210,1
0,b3,4,2|3|8|9,1.0639,210,1
0,b3,4,2|4|5|6,2.9536,210,1
0,b3,4,2|4|5|7,2.0317,210,1
0,b3,4,2|4|5|8,3.1576,210,1
0,b3,4,2|4|5|9,1.3546,210,1
0,b3,4,2|4|6|7,6.8061,210,1
0,b3,4,2|4|6|8,9.8651,210,1
0,b3,4,2|4|6|9,0.6016,210,1
0,b3,4,2|4|7|8,4.1285,210,1
0,b3,4,2|4|7|9,6.8470,210,1
0,b3,4,2|4|8|9,0.5341,210,1
0,b3,4,2|5|6|7,2.7946,210,1
0,b3,4,2|5|6|8,0.4687,210,1
0,b3,4,2|5|6|9,0.4687,210,1
0,b3,4,2|5|7|8,3.4192,210,1
0,b3,4,2|5|7|9,0.4862,210,1
0,b3,4,2|5|8|9,0.4687,210,1
0,b3,4,2|6|7|8,4.5031,210,1
0,b3,4,2|6|7|9,5.7261,210,1
0,b3,4,2|6|8|9,1.1487,210,1
0,b3,4,2|7|8|9,0.5313,210,1
0,b3,4,3|4|5|6,3.3192,210,1
0,b3,4,3|4|5|7,2.3810,210,1
0,b3,4,3|4|5|8,0.4876,210,1
0,b3,4,3|4|5|9,0.4694,210,1
0,b3,4,3|4|6|7,1.2211,210,1
0,b3,4,3|4|6|8,8.0545,210,1
0,b3,4,3|4|6|9,0.7239,210,1
0,b3,4,3|4|7|8,1.5836,210,1
0,b3,4,3|4|7|9,3.5302,210,1
0,b3,4,3|4|8|9,0.5313,210,1
0,b3,4,3|5|6|7,2.8898,210,1
0,b3,4,3|5|6|8,0.4765,210,1
0,b3,4,3|5|6|9,0.4708,210,1
0,b3,4,3|5|7|8,3.4495,210,1
0,b3,4,3|5|7|9,1.3778,210,1
0,b3,4,3|5|8|9,0.4838,210,1
0,b3,4,3|6|7|8,4.5372,210,1
0,b3,4,3|6|7|9,3.9950,210,1
0,b3,4,3|6|8|9,1.2452,210,1
0,b3,4,3|7|8|9,0.5313,210,1
0,b3,4,4|5|6|7,1.7971,210,1
0,b3,4,4|5|6|8,2.6739,210,1
0,b3,4,4|5|6|9,0.6648,210,1
0,b3,4,4|5|7|8,1.7971,210,1
0,b3,4,4|5|7|9,1.7971,210,1
0,b3,4,4|5|8|9,1.6678,210,1
0,b3,4,4|6|7|8,4.4166,210,1
0,b3,4,4|6|7|9,4.0088,210,1
0,b3,4,4|6|8|9,0.5321,210,1
0,b3,4,4|7|8|9,0.5313,210,1
0,b3,4,5|6|7|8,2.5155,210,1
0,b3,4,5|6|7|9,3.1917,210,1
0,b3,4,5|6|8|9,0.4800,210,1
0,b3,4,5|7|8|9,3.2915,210,1
0,b3,4,6|7|8|9,0.5313,210,1
0,b3,5,0|1|2|3|4,2.7113,252,1
0,b3,5,0|1|2|3|5,0.4687,252,1
0,b3,5,0|1|2|3|6,0.4696,252,1
0,b3,5,0|1|2|3|7,2.9300,252,1
0,b3,5,0|1|2|3|8,0.6236,252,1
0,b3,5,0|1|2|3|9,0.4687,252,1
0,b3,5,0|1|2|4|5,3.1290,252,1
0,b3,5,0|1|2|4|6,1.5889,252,1
0,b3,5,0|1|2|4|7,2.7762,252,1
0,b3,5,0|1|2|4|8,3.9330,252,1
0,b3,5,0|1|2|4|9,0.8794,252,1
0,b3,5,0|1|2|5|6,0.4687,252,1
0,b3,5,0|1|2|5|7,3.0111,252,1
0,b3,5,0|1|2|5|8,0.4687,252,1
0,b3,5,0|1|2|5|9,0.4687,252,1
0,b3,5,0|1|2|6|7,2.8566,252,1
0,b3,5,0|1|2|6|8,0.4687,252,1
0,b3,5,0|1|2|6|9,0.4687,252,1
0,b3,5,0|1|2|7|8,2.6948,252,1
0,b3,5,0|1|2|7|9,2.0584,252,1
0,b3,5,0|1|2|8|9,1.1783,252,1
0,b3,5,0|1|3|4|5,1.1679,252,1
0,b3,5,0|1|3|4|6,2.1421,252,1
0,b3,5,0|1|3|4|7,3.7232,252,1
0,b3,5,0|1|3|4|8,3.5869,252,1
0,b3,5,0|1|3|4|9,1.7492,252,1
0,b3,5,0|1|3|5|6,0.4687,252,1
0,b3,5,0|1|3|5|7,2.6808,252,1
0,b3,5,0|1|3|5|8,0.4688,252,1
0,b3,5,0|1|3|5|9,0.4687,252,1
0,b3,5,0|1|3|6|7,2.7276,252,1
0,b3,5,0|1|3|6|8,4.0192,252,1
0,b3,5,0|1|3|6|9,2.3806,252,1
0,b3,5,0|1|3|7|8,3.1716,252,1
0,b3,5,0|1|3|7|9,4.4902,252,1
0,b3,5,0|1|3|8|9,1.8142,252,1
0,b3,5,0|1|4|5|6,2.8532,252,1
0,b3,5,0|1|4|5|7,2.1439,252,1
0,b3,5,0|1|4|5|8,2.0743,252,1
0,b3,5,0|1|4|5|9,2.0808,252,1
0,b3,5,0|1|4|6|7,2.5958,252,1
0,b3,5,0|1|4|6|8,2.3661,252,1
0,b3,5,0|1|4|6|9,1.8027,252,1
0,b3,5,0|1|4|7|8,1.7788,252,1
0,b3,5,0|1|4|7|9,3.6504,252,1
0,b3,5,0|1|4|8|9,1.4875,252,1
0,b3,5,0|1|5|6|7,2.2459,252,1
0,b3,5,0|1|5|6|8,0.6803,252,1
0,b3,5,0|1|5|6|9,0.4687,252,1
0,b3,5,0|1|5|7|8,1.9277,252,1
0,b3,5,0|1|5|7|9,2.6756,252,1
0,b3,5,0|1|5|8|9,0.4687,252,1
0,b3,5,0|1|6|7|8,4.5379,252,1
0,b3,5,0|1|6|7|9,4.0531,252,1
0,b3,5,0|1|6|8|9,1.7833,252,1
0,b3,5,0|1|7|8|9,0.5422,252,1
0,b3,5,0|2|3|4|5,0.4687,252,1
0,b3,5,0|2|3|4|6,1.8191,252,1
0,b3,5,0|2|3|4|7,6.3664,252,1
0,b3,5,0|2|3|4|8,1.9768,252,1
0,b3,5,0|2|3|4|9,0.8406,252,1
0,b3,5,0|2|3|5|6,0.4687,252,1
0,b3,5,0|2|3|5|7,2.7992,252,1
0,b3,5,0|2|3|5|8,0.4687,252,1
0,b3,5,0|2|3|5|9,0.4687,252,1
0,b3,5,0|2|3|6|7,4.1135,252,1
0,b3,5,0|2|3|6|8,0.7113,252,1
0,b3,5,0|2|3|6|9,0.5953,252,1
0,b3,5,0|2|3|7|8,4.8112,252,1
0,b3,5,0|2|3|7|9,3.4293,252,1
0,b3,5,0|2|3|8|9,0.8832,252,1
0,b3,5,0|2|4|5|6,2.4115,252,1
0,b3,5,0|2|4|5|7,1.7981,252,1
0,b3,5,0|2|4|5|8,2.1270,252,1
0,b3,5,0|2|4|5|9,2.1807,252,1
0,b3,5,0|2|4|6|7,5.4276,252,1
0,b3,5,0|2|4|6|8,10.0588,252,1
0,b3,5,0|2|4|6|9,0.6549,252,1
0,b3,5,0|2|4|7|8,3.4365,252,1
0,b3,5,0|2|4|7|9,3.9965,252,1
0,b3,5,0|2|4|8|9,0.5500,252,1
0,b3,5,0|2|5|6|7,2.2930,252,1
0,b3,5,0|2|5|6|8,0.4795,252,1
0,b3,5,0|2|5|6|9,0.4688,252,1
0,b3,5,0|2|5|7|8,3.1519,252,1
0,b3,5,0|2|5|7|9,0.5482,252,1
0,b3,5,0|2|5|8|9,0.4797,252,1
0,b3,5,0|2|6|7|8,2.4852,252,1
0,b3,5,0|2|6|7|9,2.0123,252,1
0,b3,5,0|2|6|8|9,0.9654,252,1
0,b3,5,0|2|7|8|9,0.5313,252,1
0,b3,5,0|3|4|5|6,2.7760,252,1
0,b3,5,0|3|4|5|7,2.1556,252,1
0,b3,5,0|3|4|5|8,0.7524,252,1
0,b3,5,0|3|4|5|9,0.4939,252,1
0,b3,5,0|3|4|6|7,2.7747,252,1
0,b3,5,0|3|4|6|8,6.5571,252,1
0,b3,5,0|3|4|6|9,0.5318,252,1
0,b3,5,0|3|4|7|8,2.3638,252,1
0,b3,5,0|3|4|7|9,3.3549,252,1
0,b3,5,0|3|4|8|9,0.5313,252,1
0,b3,5,0|3|5|6|7,2.5376,252,1
0,b3,5,0|3|5|6|8,0.5457,252,1
0,b3,5,0|3|5|6|9,0.4894,252,1
0,b3,5,0|3|5|7|8,2.7071,252,1
0,b3,5,0|3|5|7|9,1.8654,252,1
0,b3,5,0|3|5|8|9,0.5371,252,1
0,b3,5,0|3|6|7|8,4.5911,252,1
0,b3,5,0|3|6|7|9,3.9357,252,1
0,b3,5,0|3|6|8|9,0.6771,252,1
0,b3,5,0|3|7|8|9,0.5313,252,1
0,b3,5,0|4|5|6|7,1.7971,252,1
0,b3,5,0|4|5|6|8,2.3705,252,1
0,b3,5,0|4|5|6|9,0.7173,252,1
0,b3,5,0|4|5|7|8,1.7971,252,1
0,b3,5,0|4|5|7|9,1.7971,252,1
0,b3,5,0|4|5|8|9,2.0946,252,1
0,b3,5,0|4|6|7|8,4.3991,252,1
0,b3,5,0|4|6|7|9,4.0196,252,1
0,b3,5,0|4|6|8|9,0.5318,252,1
0,b3,5,0|4|7|8|9,0.5313,252,1
0,b3,5,0|5|6|7|8,2.0324,252,1
0,b3,5,0|5|6|7|9,2.8187,252,1
0,b3,5,0|5|6|8|9,0.6571,252,1
0,b3,5,0|5|7|8|9,2.2233,252,1
0,b3,5,0|6|7|8|9,0.5313,252,1
0,b3,5,1|2|3|4|5,0.4687,252,1
0,b3,5,1|2|3|4|6,1.0603,252,1
0,b3,5,1|2|3|4|7,1.8724,252,1
0,b3,5,1|2|3|4|8,1.2278,252,1
0,b3,5,1|2|3|4|9,1.3489,252,1
0,b3,5,1|2|3|5|6,0.4687,252,1
0,b3,5,1|2|3|5|7,0.5125,252,1
0,b3,5,1|2|3|5|8,0.4687,252,1
0,b3,5,1|2|3|5|9,0.4687,252,1
0,b3,5,1|2|3|6|7,2.0404,252,1
0,b3,5,1|2|3|6|8,1.1962,252,1
0,b3,5,1|2|3|6|9,0.4703,252,1
0,b3,5,1|2|3|7|8,2.1362,252,1
0,b3,5,1|2|3|7|9,1.4966,252,1
0,b3,5,1|2|3|8|9,1.0188,252,1
0,b3,5,1|2|4|5|6,3.4170,252,1
0,b3,5,1|2|4|5|7,2.6014,252,1
0,b3,5,1|2|4|5|8,3.1905,252,1
0,b3,5,1|2|4|5|9,0.6082,252,1
0,b3,5,1|2|4|6|7,4.5720,252,1
0,b3,5,1|2|4|6|8,8.8977,252,1
0,b3,5,1|2|4|6|9,0.9406,252,1
0,b3,5,1|2|4|7|8,2.1368,252,1
0,b3,5,1|2|4|7|9,6.5998,252,1
0,b3,5,1|2|4|8|9,0.7703,252,1
0,b3,5,1|2|5|6|7,3.0095,252,1
0,b3,5,1|2|5|6|8,0.4687,252,1
0,b3,5,1|2|5|6|9,0.4687,252,1
0,b3,5,1|2|5|7|8,0.8977,252,1
0,b3,5,1|2|5|7|9,0.4687,252,1
0,b3,5,1|2|5|8|9,0.4687,252,1
0,b3,5,1|2|6|7|8,4.1015,252,1
0,b3,5,1|2|6|7|9,3.0695,252,1
0,b3,5,1|2|6|8|9,1.1005,252,1
0,b3,5,1|2|7|8|9,0.7754,252,1
0,b3,5,1|3|4|5|6,3.0247,252,1
0,b3,5,1|3|4|5|7,1.8848,252,1
0,b3,5,1|3|4|5|8,0.7833,252,1
0,b3,5,1|3|4|5|9,0.4694,252,1
0,b3,5,1|3|4|6|7,5.4965,252,1
0,b3,5,1|3|4|6|8,9.3439,252,1
0,b3,5,1|3|4|6|9,0.7239,252,1
0,b3,5,1|3|4|7|8,5.9077,252,1
0,b3,5,1|3|4|7|9,4.0713,252,1
0,b3,5,1|3|4|8|9,0.5313,252,1
0,b3,5,1|3|5|6|7,2.2062,252,1
0,b3,5,1|3|5|6|8,0.4687,252,1
0,b3,5,1|3|5|6|9,0.4687,252,1
0,b3,5,1|3|5|7|8,2.6934,252,1
0,b3,5,1|3|5|7|9,2.2149,252,1
0,b3,5,1|3|5|8|9,0.4687,252,1
0,b3,5,1|3|6|7|8,2.5520,252,1
0,b3,5,1|3|6|7|9,2.7489,252,1
0,b3,5,1|3|6|8|9,1.0048,252,1
0,b3,5,1|3|7|8|9,0.5313,252,1
0,b3,5,1|4|5|6|7,1.7971,252,1
0,b3,5,1|4|5|6|8,1.9112,252,1
0,b3,5,1|4|5|6|9,0.6382,252,1
0,b3,5,1|4|5|7|8,1.7971,252,1
0,b3,5,1|4|5|7|9,1.7971,252,1
0,b3,5,1|4|5|8|9,2.0922,252,1
0,b3,5,1|4|6|7|8,4.6629,252,1
0,b3,5,1|4|6|7|9,4.2023,252,1
0,b3,5,1|4|6|8|9,0.5321,252,1
0,b3,5,1|4|7|8|9,0.5313,252,1
0,b3,5,1|5|6|7|8,1.7998,252,1
0,b3,5,1|5|6|7|9,1.8700,252,1
0,b3,5,1|5|6|8|9,0.5574,252,1
0,b3,5,1|5|7|8|9,1.7971,252,1
0,b3,5,1|6|7|8|9,0.5313,252,1
0,b3,5,2|3|4|5|6,0.4687,252,1
0,b3,5,2|3|4|5|7,0.9314,252,1
0,b3,5,2|3|4|5|8,0.4687,252,1
0,b3,5,2|3|4|5|9,0.4687,252,1
0,b3,5,2|3|4|6|7,5.2333,252,1
0,b3,5,2|3|4|6|8,1.6525,252,1
0,b3,5,2|3|4|6|9,0.8666,252,1
0,b3,5,2|3|4|7|8,3.8730,252,1
0,b3,5,2|3|4|7|9,4.6218,252,1
0,b3,5,2|3|4|8|9,0.6784,252,1
0,b3,5,2|3|5|6|7,2.9599,252,1
0,b3,5,2|3|5|6|8,0.4687,252,1
0,b3,5,2|3|5|6|9,0.4687,252,1
0,b3,5,2|3|5|7|8,0.6458,252,1
0,b3,5,2|3|5|7|9,0.4687,252,1
0,b3,5,2|3|5|8|9,0.4687,252,1
0,b3,5,2|3|6|7|8,2.3765,252,1
0,b3,5,2|3|6|7|9,2.8653,252,1
0,b3,5,2|3|6|8|9,0.9161,252,1
0,b3,5,2|3|7|8|9,0.5313,252,1
0,b3,5,2|4|5|6|7,1.9685,252,1
0,b3,5,2|4|5|6|8,3.0949,252,1
0,b3,5,2|4|5|6|9,1.0935,252,1
0,b3,5,2|4|5|7|8,1.9969,252,1
0,b3,5,2|4|5|7|9,2.1954,252,1
0,b3,5,2|4|5|8|9,3.8491,252,1
0,b3,5,2|4|6|7|8,5.7590,252,1
0,b3,5,2|4|6|7|9,3.2096,252,1
0,b3,5,2|4|6|8|9,0.5325,252,1
0,b3,5,2|4|7|8|9,0.5313,252,1
0,b3,5,2|5|6|7|8,2.2372,252,1
0,b3,5,2|5|6|7|9,2.5302,252,1
0,b3,5,2|5|6|8|9,0.4687,252,1
0,b3,5,2|5|7|8|9,1.2020,252,1
0,b3,5,2|6|7|8|9,0.5313,252,1
0,b3,5,3|4|5|6|7,2.3377,252,1
0,b3,5,3|4|5|6|8,3.3858,252,1
0,b3,5,3|4|5|6|9,0.9359,252,1
0,b3,5,3|4|5|7|8,2.3810,252,1
0,b3,5,3|4|5|7|9,3.0213,252,1
0,b3,5,3|4|5|8|9,0.4694,252,1
0,b3,5,3|4|6|7|8,1.9980,252,1
0,b3,5,3|4|6|7|9,5.2723,252,1
0,b3,5,3|4|6|8|9,0.5313,252,1
0,b3,5,3|4|7|8|9,0.5313,252,1
0,b3,5,3|5|6|7|8,2.7033,252,1
0,b3,5,3|5|6|7|9,3.4426,252,1
0,b3,5,3|5|6|8|9,0.4678,252,1
0,b3,5,3|5|7|8|9,2.5299,252,1
0,b3,5,3|6|7|8|9,0.5313,252,1
0,b3,5,4|5|6|7|8,2.1082,252,1
0,b3,5,4|5|6|7|9,1.7971,252,1
0,b3,5,4|5|6|8|9,0.5454,252,1
0,b3,5,4|5|7|8|9,0.5318,252,1
0,b3,5,4|6|7|8|9,0.5313,252,1
0,b3,5,5|6|7|8|9,0.5313,252,1
0,b3,6,0|1|2|3|4|5,0.5477,210,1
0,b3,6,0|1|2|3|4|6,3.0062,210,1
0,b3,6,0|1|2|3|4|7,2.2138,210,1
0,b3,6,0|1|2|3|4|8,2.7364,210,1
0,b3,6,0|1|2|3|4|9,1.7035,210,1
0,b3,6,0|1|2|3|5|6,0.4687,210,1
0,b3,6,0|1|2|3|5|7,2.3236,210,1
0,b3,6,0|1|2|3|5|8,0.4687,210,1
0,b3,6,0|1|2|3|5|9,0.4687,210,1
0,b3,6,0|1|2|3|6|7,2.8677,210,1
0,b3,6,0|1|2|3|6|8,0.4706,210,1
0,b3,6,0|1|2|3|6|9,0.4687,210,1
0,b3,6,0|1|2|3|7|8,2.6912,210,1
0,b3,6,0|1|2|3|7|9,1.0620,210,1
0,b3,6,0|1|2|3|8|9,1.2984,210,1
0,b3,6,0|1|2|4|5|6,3.0670,210,1
0,b3,6,0|1|2|4|5|7,2.5263,210,1
0,b3,6,0|1|2|4|5|8,3.1454,210,1
0,b3,6,0|1|2|4|5|9,2.7150,210,1
0,b3,6,0|1|2|4|6|7,2.5255,210,1
0,b3,6,0|1|2|4|6|8,1.6204,210,1
0,b3,6,0|1|2|4|6|9,0.9060,210,1
0,b3,6,0|1|2|4|7|8,2.8203,210,1
0,b3,6,0|1|2|4|7|9,1.7794,210,1
0,b3,6,0|1|2|4|8|9,0.7516,210,1
0,b3,6,0|1|2|5|6|7,3.2756,210,1
0,b3,6,0|1|2|5|6|8,0.4687,210,1
0,b3,6,0|1|2|5|6|9,0.4687,210,1
0,b3,6,0|1|2|5|7|8,2.0066,210,1
0,b3,6,0|1|2|5|7|9,0.4687,210,1
0,b3,6,0|1|2|5|8|9,0.4687,210,1
0,b3,6,0|1|2|6|7|8,2.8093,210,1
0,b3,6,0|1|2|6|7|9,3.1453,210,1
0,b3,6,0|1|2|6|8|9,1.2653,210,1
0,b3,6,0|1|2|7|8|9,0.7340,210,1
0,b3,6,0|1|3|4|5|6,2.8670,210,1
0,b3,6,0|1|3|4|5|7,1.8252,210,1
0,b3,6,0|1|3|4|5|8,0.9937,210,1
0,b3,6,0|1|3|4|5|9,0.4694,210,1
0,b3,6,0|1|3|4|6|7,2.9203,210,1
0,b3,6,0|1|3|4|6|8,2.1966,210,1
0,b3,6,0|1|3|4|6|9,1.7599,210,1
0,b3,6,0|1|3|4|7|8,3.8365,210,1
0,b3,6,0|1|3|4|7|9,5.3188,210,1
0,b3,6,0|1|3|4|8|9,1.5898,210,1
0,b3,6,0|1|3|5|6|7,2.4012,210,1
0,b3,6,0|1|3|5|6|8,0.4687,210,1
0,b3,6,0|1|3|5|6|9,0.4687,210,1
0,b3,6,0|1|3|5|7|8,2.6658,210,1
0,b3,6,0|1|3|5|7|9,2.0622,210,1
0,b3,6,0|1|3|5|8|9,0.4687,210,1
0,b3,6,0|1|3|6|7|8,3.6506,210,1
0,b3,6,0|1|3|6|7|9,4.5264,210,1
0,b3,6,0|1|3|6|8|9,1.7930,210,1
0,b3,6,0|1|3|7|8|9,0.5623,210,1
0,b3,6,0|1|4|5|6|7,2.2019,210,1
0,b3,6,0|1|4|5|6|8,2.8524,210,1
0,b3,6,0|1|4|5|6|9,2.0274,210,1
0,b3,6,0|1|4|5|7|8,2.1470,210,1
0,b3,6,0|1|4|5|7|9,2.1454,210,1
0,b3,6,0|1|4|5|8|9,3.0609,210,1
0,b3,6,0|1|4|6|7|8,2.1188,210,1
0,b3,6,0|1|4|6|7|9,3.4979,210,1
0,b3,6,0|1|4|6|8|9,1.4733,210,1
0,b3,6,0|1|4|7|8|9,0.5313,210,1
0,b3,6,0|1|5|6|7|8,2.3193,210,1
0,b3,6,0|1|5|6|7|9,2.0773,210,1
0,b3,6,0|1|5|6|8|9,0.4687,210,1
0,b3,6,0|1|5|7|8|9,2.3057,210,1
0,b3,6,0|1|6|7|8|9,0.5313,210,1
0,b3,6,0|2|3|4|5|6,0.4687,210,1
0,b3,6,0|2|3|4|5|7,0.9662,210,1
0,b3,6,0|2|3|4|5|8,0.4687,210,1
0,b3,6,0|2|3|4|5|9,0.4687,210,1
0,b3,6,0|2|3|4|6|7,4.7974,210,1
0,b3,6,0|2|3|4|6|8,1.7962,210,1
0,b3,6,0|2|3|4|6|9,0.8417,210,1
0,b3,6,0|2|3|4|7|8,5.4870,210,1
0,b3,6,0|2|3|4|7|9,5.3209,210,1
0,b3,6,0|2|3|4|8|9,0.6861,210,1
0,b3,6,0|2|3|5|6|7,2.6419,210,1
0,b3,6,0|2|3|5|6|8,0.4687,210,1
0,b3,6,0|2|3|5|6|9,0.4687,210,1
0,b3,6,0|2|3|5|7|8,1.0769,210,1
0,b3,6,0|2|3|5|7|9,0.4687,210,1
0,b3,6,0|2|3|5|8|9,0.4687,210,1
0,b3,6,0|2|3|6|7|8,3.4659,210,1
0,b3,6,0|2|3|6|7|9,2.9902,210,1
0,b3,6,0|2|3|6|8|9,0.8803,210,1
0,b3,6,0|2|3|7|8|9,0.5313,210,1
0,b3,6,0|2|4|5|6|7,1.8047,210,1
0,b3,6,0|2|4|5|6|8,2.5338,210,1
0,b3,6,0|2|4|5|6|9,0.9616,210,1
0,b3,6,0|2|4|5|7|8,1.7976,210,1
0,b3,6,0|2|4|5|7|9,1.8258,210,1
0,b3,6,0|2|4|5|8|9,3.1288,210,1
0,b3,6,0|2|4|6|7|8,4.1840,210,1
0,b3,6,0|2|4|6|7|9,2.9552,210,1
0,b3,6,0|2|4|6|8|9,0.5395,210,1
0,b3,6,0|2|4|7|8|9,0.5313,210,1
0,b3,6,0|2|5|6|7|8,1.9922,210,1
0,b3,6,0|2|5|6|7|9,2.3851,210,1
0,b3,6,0|2|5|6|8|9,0.4706,210,1
0,b3,6,0|2|5|7|8|9,2.1139,210,1
0,b3,6,0|2|6|7|8|9,0.5313,210,1
0,b3,6,0|3|4|5|6|7,2.2115,210,1
0,b3,6,0|3|4|5|6|8,2.8109,210,1
0,b3,6,0|3|4|5|6|9,1.4221,210,1
0,b3,6,0|3|4|5|7|8,2.1059,210,1
0,b3,6,0|3|4|5|7|9,2.4566,210,1
0,b3,6,0|3|4|5|8|9,0.6645,210,1
0,b3,6,0|3|4|6|7|8,3.8553,210,1
0,b3,6,0|3|4|6|7|9,5.5330,210,1
0,b3,6,0|3|4|6|8|9,0.5313,210,1
0,b3,6,0|3|4|7|8|9,0.5313,210,1
0,b3,6,0|3|5|6|7|8,2.3600,210,1
0,b3,6,0|3|5|6|7|9,3.1412,210,1
0,b3,6,0|3|5|6|8|9,0.5677,210,1
0,b3,6,0|3|5|7|8|9,1.6949,210,1
0,b3,6,0|3|6|7|8|9,0.5313,210,1
0,b3,6,0|4|5|6|7|8,1.7971,210,1
0,b3,6,0|4|5|6|7|9,2.0556,210,1
0,b3,6,0|4|5|6|8|9,0.5969,210,1
0,b3,6,0|4|5|7|8|9,0.5325,210,1
0,b3,6,0|4|6|7|8|9,0.5313,210,1
0,b3,6,0|5|6|7|8|9,0.5313,210,1
0,b3,6,1|2|3|4|5|6,0.4687,210,1
0,b3,6,1|2|3|4|5|7,0.4687,210,1
0,b3,6,1|2|3|4|5|8,0.4687,210,1
0,b3,6,1|2|3|4|5|9,0.4687,210,1
0,b3,6,1|2|3|4|6|7,1.5050,210,1
0,b3,6,1|2|3|4|6|8,1.1345,210,1
0,b3,6,1|2|3|4|6|9,1.5328,210,1
0,b3,6,1|2|3|4|7|8,1.6185,210,1
0,b3,6,1|2|3|4|7|9,0.4698,210,1
0,b3,6,1|2|3|4|8|9,0.8158,210,1
0,b3,6,1|2|3|5|6|7,2.0937,210,1
0,b3,6,1|2|3|5|6|8,0.4687,210,1
0,b3,6,1|2|3|5|6|9,0.4687,210,1
0,b3,6,1|2|3|5|7|8,0.4687,210,1
0,b3,6,1|2|3|5|7|9,0.4687,210,1
0,b3,6,1|2|3|5|8|9,0.4687,210,1
0,b3,6,1|2|3|6|7|8,3.7246,210,1
0,b3,6,1|2|3|6|7|9,5.1245,210,1
0,b3,6,1|2|3|6|8|9,1.0311,210,1
0,b3,6,1|2|3|7|8|9,0.7358,210,1
0,b3,6,1|2|4|5|6|7,2.6601,210,1
0,b3,6,1|2|4|5|6|8,3.3953,210,1
0,b3,6,1|2|4|5|6|9,1.2290,210,1
0,b3,6,1|2|4|5|7|8,2.6129,210,1
0,b3,6,1|2|4|5|7|9,2.7707,210,1
0,b3,6,1|2|4|5|8|9,0.5292,210,1
0,b3,6,1|2|4|6|7|8,3.0347,210,1
0,b3,6,1|2|4|6|7|9,2.6638,210,1
0,b3,6,1|2|4|6|8|9,0.7810,210,1
0,b3,6,1|2|4|7|8|9,0.5347,210,1
0,b3,6,1|2|5|6|7|8,2.8434,210,1
0,b3,6,1|2|5|6|7|9,0.4690,210,1
0,b3,6,1|2|5|6|8|9,0.4687,210,1
0,b3,6,1|2|5|7|8|9,0.4687,210,1
0,b3,6,1|2|6|7|8|9,0.5313,210,1
0,b3,6,1|3|4|5|6|7,1.9472,210,1
0,b3,6,1|3|4|5|6|8,3.0744,210,1
0,b3,6,1|3|4|5|6|9,1.0340,210,1
0,b3,6,1|3|4|5|7|8,1.8291,210,1
0,b3,6,1|3|4|5|7|9,2.4482,210,1
0,b3,6,1|3|4|5|8|9,0.4694,210,1
0,b3,6,1|3|4|6|7|8,4.2418,210,1
0,b3,6,1|3|4|6|7|9,2.5126,210,1
0,b3,6,1|3|4|6|8|9,0.5313,210,1
0,b3,6,1|3|4|7|8|9,0.5313,210,1
0,b3,6,1|3|5|6|7|8,1.7981,210,1
0,b3,6,1|3|5|6|7|9,2.5360,210,1
0,b3,6,1|3|5|6|8|9,0.4934,210,1
0,b3,6,1|3|5|7|8|9,3.7653,210,1
0,b3,6,1|3|6|7|8|9,0.5313,210,1
0,b3,6,1|4|5|6|7|8,2.1082,210,1
0,b3,6,1|4|5|6|7|9,1.7971,210,1
0,b3,6,1|4|5|6|8|9,0.5321,210,1
0,b3,6,1|4|5|7|8|9,0.5325,210,1
0,b3,6,1|4|6|7|8|9,0.5313,210,1
0,b3,6,1|5|6|7|8|9,0.5313,210,1
0,b3,6,2|3|4|5|6|7,1.6660,210,1
0,b3,6,2|3|4|5|6|8,0.4687,210,1
0,b3,6,2|3|4|5|6|9,0.4687,210,1
0,b3,6,2|3|4|5|7|8,0.7243,210,1
0,b3,6,2|3|4|5|7|9,0.4687,210,1
0,b3,6,2|3|4|5|8|9,0.4687,210,1
0,b3,6,2|3|4|6|7|8,3.8020,210,1
0,b3,6,2|3|4|6|7|9,2.8172,210,1
0,b3,6,2|3|4|6|8|9,0.6805,210,1
0,b3,6,2|3|4|7|8|9,0.5313,210,1
0,b3,6,2|3|5|6|7|8,2.6767,210,1
0,b3,6,2|3|5|6|7|9,0.4924,210,1
0,b3,6,2|3|5|6|8|9,0.4687,210,1
0,b3,6,2|3|5|7|8|9,0.4690,210,1
0,b3,6,2|3|6|7|8|9,0.5313,210,1
0,b3,6,2|4|5|6|7|8,1.8003,210,1
0,b3,6,2|4|5|6|7|9,2.3279,210,1
0,b3,6,2|4|5|6|8|9,0.6746,210,1
0,b3,6,2|4|5|7|8|9,0.6637,210,1
0,b3,6,2|4|6|7|8|9,0.5313,210,1
0,b3,6,2|5|6|7|8|9,0.5313,210,1
0,b3,6,3|4|5|6|7|8,2.2338,210,1
0,b3,6,3|4|5|6|7|9,2.5162,210,1
0,b3,6,3|4|5|6|8|9,0.8296,210,1
0,b3,6,3|4|5|7|8|9,0.9422,210,1
0,b3,6,3|4|6|7|8|9,0.5313,210,1
0,b3,6,3|5|6|7|8|9,0.5313,210,1
0,b3,6,4|5|6|7|8|9,0.5313,210,1
0,b4,0,,65.4080,1,1
0,b4,1,0,64.3105,10,1
0,b4,1,1,57.5619,10,1
0,b4,1,2,63.5120,10,1
0,b4,1,3,62.5467,10,1
0,b4,1,4,63.3915,10,1
0,b4,1,5,65.1248,10,1
0,b4,1,6,64.4382,10,1
0,b4,1,7,64.9756,10,1
0,b4,1,8,64.3032,10,1
0,b4,1,9,65.1627,10,1
0,b4,2,0|1,49.1360,45,1
0,b4,2,0|2,62.6721,45,1
0,b4,2,0|3,60.4719,45,1
0,b4,2,0|4,62.5187,45,1
0,b4,2,0|5,64.8851,45,1
0,b4,2,0|6,63.8483,45,1
0,b4,2,0|7,63.5700,45,1
0,b4,2,0|8,63.2098,45,1
0,b4,2,0|9,64.7062,45,1
0,b4,2,1|2,55.4140,45,1
0,b4,2,1|3,56.4510,45,1
0,b4,2,1|4,56.9849,45,1
0,b4,2,1|5,57.5176,45,1
0,b4,2,1|6,57.6732,45,1
0,b4,2,1|7,56.9475,45,1
0,b4,2,1|8,56.3884,45,1
0,b4,2,1|9,58.0115,45,1
0,b4,2,2|3,57.3698,45,1
0,b4,2,2|4,61.6172,45,1
0,b4,2,2|5,63.0356,45,1
0,b4,2,2|6,62.3964,45,1
0,b4,2,2|7,63.0745,45,1
0,b4,2,2|8,62.8569,45,1
0,b4,2,2|9,63.5458,45,1
0,b4,2,3|4,59.7423,45,1
0,b4,2,3|5,60.8004,45,1
0,b4,2,3|6,62.2872,45,1
0,b4,2,3|7,61.7159,45,1
0,b4,2,3|8,60.9331,45,1
0,b4,2,3|9,62.9878,45,1
0,b4,2,4|5,63.8426,45,1
0,b4,2,4|6,62.5484,45,1
0,b4,2,4|7,63.8262,45,1
0,b4,2,4|8,62.5356,45,1
0,b4,2,4|9,63.8414,45,1
0,b4,2,5|6,63.5449,45,1
0,b4,2,5|7,64.8201,45,1
0,b4,2,5|8,64.1673,45,1
0,b4,2,5|9,65.5520,45,1
0,b4,2,6|7,63.9230,45,1
0,b4,2,6|8,62.6865,45,1
0,b4,2,6|9,64.5769,45,1
0,b4,2,7|8,61.0879,45,1
0,b4,2,7|9,64.8028,45,1
0,b4,2,8|9,62.7519,45,1
0,b4,3,0|1|2,47.7646,120,1
0,b4,3,0|1|3,47.6081,120,1
0,b4,3,0|1|4,47.8447,120,1
0,b4,3,0|1|5,49.0398,120,1
0,b4,3,0|1|6,49.3619,120,1
0,b4,3,0|1|7,49.7336,120,1
0,b4,3,0|1|8,48.2823,120,1
0,b4,3,0|1|9,49.5649,120,1
0,b4,3,0|2|3,56.0130,120,1
0,b4,3,0|2|4,61.6139,120,1
0,b4,3,0|2|5,62.4535,120,1
0,b4,3,0|2|6,61.3453,120,1
0,b4,3,0|2|7,61.8735,120,1
0,b4,3,0|2|8,61.4527,120,1
0,b4,3,0|2|9,63.4529,120,1
0,b4,3,0|3|4,59.5750,120,1
0,b4,3,0|3|5,59.3037,120,1
0,b4,3,0|3|6,60.4441,120,1
0,b4,3,0|3|7,60.4816,120,1
0,b4,3,0|3|8,59.5266,120,1
0,b4,3,0|3|9,61.5464,120,1
0,b4,3,0|4|5,63.0482,120,1
0,b4,3,0|4|6,61.4544,120,1
0,b4,3,0|4|7,62.3792,120,1
0,b4,3,0|4|8,61.5353,120,1
0,b4,3,0|4|9,63.7174,120,1
0,b4,3,0|5|6,63.5855,120,1
0,b4,3,0|5|7,64.0873,120,1
0,b4,3,0|5|8,63.0619,120,1
0,b4,3,0|5|9,64.3473,120,1
0,b4,3,0|6|7,63.6878,120,1
0,b4,3,0|6|8,61.5633,120,1
0,b4,3,0|6|9,63.9286,120,1
0,b4,3,0|7|8,59.9777,120,1
0,b4,3,0|7|9,63.7462,120,1
0,b4,3,0|8|9,62.1490,120,1
0,b4,3,1|2|3,48.6201,120,1
0,b4,3,1|2|4,54.9313,120,1
0,b4,3,1|2|5,55.1714,120,1
0,b4,3,1|2|6,55.4413,120,1
0,b4,3,1|2|7,55.1162,120,1
0,b4,3,1|2|8,54.8187,120,1
0,b4,3,1|2|9,56.1278,120,1
0,b4,3,1|3|4,53.8698,120,1
0,b4,3,1|3|5,55.8501,120,1
0,b4,3,1|3|6,55.9597,120,1
0,b4,3,1|3|7,55.5545,120,1
0,b4,3,1|3|8,55.4551,120,1
0,b4,3,1|3|9,57.3560,120,1
0,b4,3,1|4|5,56.0985,120,1
0,b4,3,1|4|6,55.6466,120,1
0,b4,3,1|4|7,56.6302,120,1
0,b4,3,1|4|8,56.1295,120,1
0,b4,3,1|4|9,57.3631,120,1
0,b4,3,1|5|6,56.9663,120,1
0,b4,3,1|5|7,57.2701,120,1
0,b4,3,1|5|8,56.9201,120,1
0,b4,3,1|5|9,57.9037,120,1
0,b4,3,1|6|7,56.1828,120,1
0,b4,3,1|6|8,56.7846,120,1
0,b4,3,1|6|9,57.1915,120,1
0,b4,3,1|7|8,54.0779,120,1
0,b4,3,1|7|9,57.2107,120,1
0,b4,3,1|8|9,56.5656,120,1
0,b4,3,2|3|4,54.4350,120,1
0,b4,3,2|3|5,56.7917,120,1
0,b4,3,2|3|6,56.7346,120,1
0,b4,3,2|3|7,56.9753,120,1
0,b4,3,2|3|8,56.8407,120,1
0,b4,3,2|3|9,57.8005,120,1
0,b4,3,2|4|5,62.0512,120,1
0,b4,3,2|4|6,60.7637,120,1
0,b4,3,2|4|7,61.3988,120,1
0,b4,3,2|4|8,60.8334,120,1
0,b4,3,2|4|9,62.8120,120,1
0,b4,3,2|5|6,60.9229,120,1
0,b4,3,2|5|7,63.2882,120,1
0,b4,3,2|5|8,62.6399,120,1
0,b4,3,2|5|9,63.3897,120,1
0,b4,3,2|6|7,61.6386,120,1
0,b4,3,2|6|8,60.7491,120,1
0,b4,3,2|6|9,62.5622,120,1
0,b4,3,2|7|8,60.0070,120,1
0,b4,3,2|7|9,63.9919,120,1
0,b4,3,2|8|9,61.9873,120,1
0,b4,3,3|4|5,58.9443,120,1
0,b4,3,3|4|6,58.3199,120,1
0,b4,3,3|4|7,60.0079,120,1
0,b4,3,3|4|8,58.9122,120,1
0,b4,3,3|4|9,60.8563,120,1
0,b4,3,3|5|6,60.8753,120,1
0,b4,3,3|5|7,60.5447,120,1
0,b4,3,3|5|8,60.5657,120,1
0,b4,3,3|5|9,62.0191,120,1
0,b4,3,3|6|7,61.0498,120,1
0,b4,3,3|6|8,60.6896,120,1
0,b4,3,3|6|9,62.5428,120,1
0,b4,3,3|7|8,57.9785,120,1
0,b4,3,3|7|9,61.9993,120,1
0,b4,3,3|8|9,60.8016,120,1
0,b4,3,4|5|6,61.6835,120,1
0,b4,3,4|5|7,63.3532,120,1
0,b4,3,4|5|8,63.0697,120,1
0,b4,3,4|5|9,64.5256,120,1
0,b4,3,4|6|7,62.1533,120,1
0,b4,3,4|6|8,61.8819,120,1
0,b4,3,4|6|9,64.0084,120,1
0,b4,3,4|7|8,60.5077,120,1
0,b4,3,4|7|9,62.9852,120,1
0,b4,3,4|8|9,61.5375,120,1
0,b4,3,5|6|7,63.4919,120,1
0,b4,3,5|6|8,62.3112,120,1
0,b4,3,5|6|9,63.4559,120,1
0,b4,3,5|7|8,62.1588,120,1
0,b4,3,5|7|9,64.4472,120,1
0,b4,3,5|8|9,63.6170,120,1
0,b4,3,6|7|8,58.5199,120,1
0,b4,3,6|7|9,64.0188,120,1
0,b4,3,6|8|9,62.0643,120,1
0,b4,3,7|8|9,57.3472,120,1
0,b4,4,0|1|2|3,40.4878,210,1
0,b4,4,0|1|2|4,46.0282,210,1
0,b4,4,0|1|2|5,46.8750,210,1
0,b4,4,0|1|2|6,46.4413,210,1
0,b4,4,0|1|2|7,47.4256,210,1
0,b4,4,0|1|2|8,45.6225,210,1
0,b4,4,0|1|2|9,47.1441,210,1
0,b4,4,0|1|3|4,45.8529,210,1
0,b4,4,0|1|3|5,46.7855,210,1
0,b4,4,0|1|3|6,46.5709,210,1
0,b4,4,0|1|3|7,48.3664,210,1
0,b4,4,0|1|3|8,46.7232,210,1
0,b4,4,0|1|3|9,48.9504,210,1
0,b4,4,0|1|4|5,46.5234,210,1
0,b4,4,0|1|4|6,46.9458,210,1
0,b4,4,0|1|4|7,48.7336,210,1
0,b4,4,0|1|4|8,47.0082,210,1
0,b4,4,0|1|4|9,48.8414,210,1
0,b4,4,0|1|5|6,48.7296,210,1
0,b4,4,0|1|5|7,49.1307,210,1
0,b4,4,0|1|5|8,47.9879,210,1
0,b4,4,0|1|5|9,49.1516,210,1
0,b4,4,0|1|6|7,47.4853,210,1
0,b4,4,0|1|6|8,48.0435,210,1
0,b4,4,0|1|6|9,49.2631,210,1
0,b4,4,0|1|7|8,46.4943,210,1
0,b4,4,0|1|7|9,50.7643,210,1
0,b4,4,0|1|8|9,47.4918,210,1
0,b4,4,0|2|3|4,53.6298,210,1
0,b4,4,0|2|3|5,55.7242,210,1
0,b4,4,0|2|3|6,55.7485,210,1
0,b4,4,0|2|3|7,55.7535,210,1
0,b4,4,0|2|3|8,54.7723,210,1
0,b4,4,0|2|3|9,56.6489,210,1
0,b4,4,0|2|4|5,62.4265,210,1
0,b4,4,0|2|4|6,60.8257,210,1
0,b4,4,0|2|4|7,61.4976,210,1
0,b4,4,0|2|4|8,61.5297,210,1
0,b4,4,0|2|4|9,62.9962,210,1
0,b4,4,0|2|5|6,61.5115,210,1
0,b4,4,0|2|5|7,62.0837,210,1
0,b4,4,0|2|5|8,61.2408,210,1
0,b4,4,0|2|5|9,63.3004,210,1
0,b4,4,0|2|6|7,61.1389,210,1
0,b4,4,0|2|6|8,60.1243,210,1
0,b4,4,0|2|6|9,62.5930,210,1
0,b4,4,0|2|7|8,59.3406,210,1
0,b4,4,0|2|7|9,62.6869,210,1
0,b4,4,0|2|8|9,60.6354,210,1
0,b4,4,0|3|4|5,57.9950,210,1
0,b4,4,0|3|4|6,57.7677,210,1
0,b4,4,0|3|4|7,59.3819,210,1
0,b4,4,0|3|4|8,58.7992,210,1
0,b4,4,0|3|4|9,60.5599,210,1
0,b4,4,0|3|5|6,58.9431,210,1
0,b4,4,0|3|5|7,59.5708,210,1
0,b4,4,0|3|5|8,57.7921,210,1
0,b4,4,0|3|5|9,61.0482,210,1
0,b4,4,0|3|6|7,59.3721,210,1
0,b4,4,0|3|6|8,58.8828,210,1
0,b4,4,0|3|6|9,60.4145,210,1
0,b4,4,0|3|7|8,57.1117,210,1
0,b4,4,0|3|7|9,62.1083,210,1
0,b4,4,0|3|8|9,59.5881,210,1
0,b4,4,0|4|5|6,62.8583,210,1
0,b4,4,0|4|5|7,62.3577,210,1
0,b4,4,0|4|5|8,62.0003,210,1
0,b4,4,0|4|5|9,63.9980,210,1
0,b4,4,0|4|6|7,61.3703,210,1
0,b4,4,0|4|6|8,60.4822,210,1
0,b4,4,0|4|6|9,63.0047,210,1
0,b4,4,0|4|7|8,59.0266,210,1
0,b4,4,0|4|7|9,62.7829,210,1
0,b4,4,0|4|8|9,61.1218,210,1
0,b4,4,0|5|6|7,63.1496,210,1
0,b4,4,0|5|6|8,62.4283,210,1
0,b4,4,0|5|6|9,63.4116,210,1
0,b4,4,0|5|7|8,61.4544,210,1
0,b4,4,0|5|7|9,63.3787,210,1
0,b4,4,0|5|8|9,61.7093,210,1
0,b4,4,0|6|7|8,58.4635,210,1
0,b4,4,0|6|7|9,63.6617,210,1
0,b4,4,0|6|8|9,61.6938,210,1
0,b4,4,0|7|8|9,57.7160,210,1
0,b4,4,1|2|3|4,44.5824,210,1
0,b4,4,1|2|3|5,48.9840,210,1
0,b4,4,1|2|3|6,48.5444,210,1
0,b4,4,1|2|3|7,48.5893,210,1
0,b4,4,1|2|3|8,48.5536,210,1
0,b4,4,1|2|3|9,49.3803,210,1
0,b4,4,1|2|4|5,54.1994,210,1
0,b4,4,1|2|4|6,55.1281,210,1
0,b4,4,1|2|4|7,54.9137,210,1
0,b4,4,1|2|4|8,54.2269,210,1
0,b4,4,1|2|4|9,55.3824,210,1
0,b4,4,1|2|5|6,54.3298,210,1
0,b4,4,1|2|5|7,54.4019,210,1
0,b4,4,1|2|5|8,54.2652,210,1
0,b4,4,1|2|5|9,55.6761,210,1
0,b4,4,1|2|6|7,54.3877,210,1
0,b4,4,1|2|6|8,54.2222,210,1
0,b4,4,1|2|6|9,55.7541,210,1
0,b4,4,1|2|7|8,52.3949,210,1
0,b4,4,1|2|7|9,55.2384,210,1
0,b4,4,1|2|8|9,54.8031,210,1
0,b4,4,1|3|4|5,52.0652,210,1
0,b4,4,1|3|4|6,50.3430,210,1
0,b4,4,1|3|4|7,53.5955,210,1
0,b4,4,1|3|4|8,52.4861,210,1
0,b4,4,1|3|4|9,53.9395,210,1
0,b4,4,1|3|5|6,54.8639,210,1
0,b4,4,1|3|5|7,55.1218,210,1
0,b4,4,1|3|5|8,55.8460,210,1
0,b4,4,1|3|5|9,56.4384,210,1
0,b4,4,1|3|6|7,54.8274,210,1
0,b4,4,1|3|6|8,54.7944,210,1
0,b4,4,1|3|6|9,55.8575,210,1
0,b4,4,1|3|7|8,52.0854,210,1
0,b4,4,1|3|7|9,56.1417,210,1
0,b4,4,1|3|8|9,55.7580,210,1
0,b4,4,1|4|5|6,54.1410,210,1
0,b4,4,1|4|5|7,56.1422,210,1
0,b4,4,1|4|5|8,55.7914,210,1
0,b4,4,1|4|5|9,56.0534,210,1
0,b4,4,1|4|6|7,55.2636,210,1
0,b4,4,1|4|6|8,54.5408,210,1
0,b4,4,1|4|6|9,56.0033,210,1
0,b4,4,1|4|7|8,53.4566,210,1
0,b4,4,1|4|7|9,57.0575,210,1
0,b4,4,1|4|8|9,55.7530,210,1
0,b4,4,1|5|6|7,55.4519,210,1
0,b4,4,1|5|6|8,55.7322,210,1
0,b4,4,1|5|6|9,56.1744,210,1
0,b4,4,1|5|7|8,53.6035,210,1
0,b4,4,1|5|7|9,56.9831,210,1
0,b4,4,1|5|8|9,56.4347,210,1
0,b4,4,1|6|7|8,52.7095,210,1
0,b4,4,1|6|7|9,56.6319,210,1
0,b4,4,1|6|8|9,55.9347,210,1
0,b4,4,1|7|8|9,52.1725,210,1
0,b4,4,2|3|4|5,53.3618,210,1
0,b4,4,2|3|4|6,52.9197,210,1
0,b4,4,2|3|4|7,53.7041,210,1
0,b4,4,2|3|4|8,54.1114,210,1
0,b4,4,2|3|4|9,54.9011,210,1
0,b4,4,2|3|5|6,55.1407,210,1
0,b4,4,2|3|5|7,55.9152,210,1
0,b4,4,2|3|5|8,55.7082,210,1
0,b4,4,2|3|5|9,56.8612,210,1
0,b4,4,2|3|6|7,55.9329,210,1
0,b4,4,2|3|6|8,55.5304,210,1
0,b4,4,2|3|6|9,56.5647,210,1
0,b4,4,2|3|7|8,53.5957,210,1
0,b4,4,2|3|7|9,56.5863,210,1
0,b4,4,2|3|8|9,56.6463,210,1
0,b4,4,2|4|5|6,60.1800,210,1
0,b4,4,2|4|5|7,61.5503,210,1
0,b4,4,2|4|5|8,61.4094,210,1
0,b4,4,2|4|5|9,62.3473,210,1
0,b4,4,2|4|6|7,61.1697,210,1
0,b4,4,2|4|6|8,60.7796,210,1
0,b4,4,2|4|6|9,62.4251,210,1
0,b4,4,2|4|7|8,59.2737,210,1
0,b4,4,2|4|7|9,61.8499,210,1
0,b4,4,2|4|8|9,60.3565,210,1
0,b4,4,2|5|6|7,61.0793,210,1
0,b4,4,2|5|6|8,60.9093,210,1
0,b4,4,2|5|6|9,62.0075,210,1
0,b4,4,2|5|7|8,60.0856,210,1
0,b4,4,2|5|7|9,63.4284,210,1
0,b4,4,2|5|8|9,61.8402,210,1
0,b4,4,2|6|7|8,57.2407,210,1
0,b4,4,2|6|7|9,62.3361,210,1
0,b4,4,2|6|8|9,61.0708,210,1
0,b4,4,2|7|8|9,57.1266,210,1
0,b4,4,3|4|5|6,55.9001,210,1
0,b4,4,3|4|5|7,58.1550,210,1
0,b4,4,3|4|5|8,57.6025,210,1
0,b4,4,3|4|5|9,59.0310,210,1
0,b4,4,3|4|6|7,58.3134,210,1
0,b4,4,3|4|6|8,57.6767,210,1
0,b4,4,3|4|6|9,59.2152,210,1
0,b4,4,3|4|7|8,56.7356,210,1
0,b4,4,3|4|7|9,60.1872,210,1
0,b4,4,3|4|8|9,59.1435,210,1
0,b4,4,3|5|6|7,59.6140,210,1
0,b4,4,3|5|6|8,60.1678,210,1
0,b4,4,3|5|6|9,60.9200,210,1
0,b4,4,3|5|7|8,57.8842,210,1
0,b4,4,3|5|7|9,61.0618,210,1
0,b4,4,3|5|8|9,60.3984,210,1
0,b4,4,3|6|7|8,56.9323,210,1
0,b4,4,3|6|7|9,60.8363,210,1
0,b4,4,3|6|8|9,60.0179,210,1
0,b4,4,3|7|8|9,55.8924,210,1
0,b4,4,4|5|6|7,61.5923,210,1
0,b4,4,4|5|6|8,60.8979,210,1
0,b4,4,4|5|6|9,62.6032,210,1
0,b4,4,4|5|7|8,60.0153,210,1
0,b4,4,4|5|7|9,63.3726,210,1
0,b4,4,4|5|8|9,62.0818,210,1
0,b4,4,4|6|7|8,58.1807,210,1
0,b4,4,4|6|7|9,62.3621,210,1
0,b4,4,4|6|8|9,61.6086,210,1
0,b4,4,4|7|8|9,56.8024,210,1
0,b4,4,5|6|7|8,59.4517,210,1
0,b4,4,5|6|7|9,63.3033,210,1
0,b4,4,5|6|8|9,61.8022,210,1
0,b4,4,5|7|8|9,58.2254,210,1
0,b4,4,6|7|8|9,56.0366,210,1
0,b4,5,0|1|2|3|4,33.4077,252,1
0,b4,5,0|1|2|3|5,39.9112,252,1
0,b4,5,0|1|2|3|6,39.2546,252,1
0,b4,5,0|1|2|3|7,40.6989,252,1
0,b4,5,0|1|2|3|8,39.1037,252,1
0,b4,5,0|1|2|3|9,40.8256,252,1
0,b4,5,0|1|2|4|5,44.8802,252,1
0,b4,5,0|1|2|4|6,46.1773,252,1
0,b4,5,0|1|2|4|7,46.5755,252,1
0,b4,5,0|1|2|4|8,44.3910,252,1
0,b4,5,0|1|2|4|9,47.1059,252,1
0,b4,5,0|1|2|5|6,45.9275,252,1
0,b4,5,0|1|2|5|7,47.0372,252,1
0,b4,5,0|1|2|5|8,45.4783,252,1
0,b4,5,0|1|2|5|9,47.4057,252,1
0,b4,5,0|1|2|6|7,45.5465,252,1
0,b4,5,0|1|2|6|8,45.6413,252,1
0,b4,5,0|1|2|6|9,48.8491,252,1
0,b4,5,0|1|2|7|8,43.1189,252,1
0,b4,5,0|1|2|7|9,48.3973,252,1
0,b4,5,0|1|2|8|9,45.4441,252,1
0,b4,5,0|1|3|4|5,43.4604,252,1
0,b4,5,0|1|3|4|6,42.5311,252,1
0,b4,5,0|1|3|4|7,44.3642,252,1
0,b4,5,0|1|3|4|8,44.8478,252,1
0,b4,5,0|1|3|4|9,46.1526,252,1
0,b4,5,0|1|3|5|6,45.7714,252,1
0,b4,5,0|1|3|5|7,45.7853,252,1
0,b4,5,0|1|3|5|8,45.0103,252,1
0,b4,5,0|1|3|5|9,47.8159,252,1
0,b4,5,0|1|3|6|7,44.4475,252,1
0,b4,5,0|1|3|6|8,46.0968,252,1
0,b4,5,0|1|3|6|9,48.1353,252,1
0,b4,5,0|1|3|7|8,43.3458,252,1
0,b4,5,0|1|3|7|9,49.5556,252,1
0,b4,5,0|1|3|8|9,46.4679,252,1
0,b4,5,0|1|4|5|6,45.6024,252,1
0,b4,5,0|1|4|5|7,46.5689,252,1
0,b4,5,0|1|4|5|8,45.9017,252,1
0,b4,5,0|1|4|5|9,46.5024,252,1
0,b4,5,0|1|4|6|7,44.8349,252,1
0,b4,5,0|1|4|6|8,46.6810,252,1
0,b4,5,0|1|4|6|9,46.8666,252,1
0,b4,5,0|1|4|7|8,44.6104,252,1
0,b4,5,0|1|4|7|9,50.2005,252,1
0,b4,5,0|1|4|8|9,46.3592,252,1
0,b4,5,0|1|5|6|7,47.2742,252,1
0,b4,5,0|1|5|6|8,47.4113,252,1
0,b4,5,0|1|5|6|9,48.2959,252,1
0,b4,5,0|1|5|7|8,45.7632,252,1
0,b4,5,0|1|5|7|9,49.8445,252,1
0,b4,5,0|1|5|8|9,47.4529,252,1
0,b4,5,0|1|6|7|8,44.6868,252,1
0,b4,5,0|1|6|7|9,49.7129,252,1
0,b4,5,0|1|6|8|9,47.0725,252,1
0,b4,5,0|1|7|8|9,45.2495,252,1
0,b4,5,0|2|3|4|5,51.0771,252,1
0,b4,5,0|2|3|4|6,51.3554,252,1
0,b4,5,0|2|3|4|7,52.5123,252,1
0,b4,5,0|2|3|4|8,53.9666,252,1
0,b4,5,0|2|3|4|9,54.7221,252,1
0,b4,5,0|2|3|5|6,54.7639,252,1
0,b4,5,0|2|3|5|7,55.7467,252,1
0,b4,5,0|2|3|5|8,55.5863,252,1
0,b4,5,0|2|3|5|9,55.8826,252,1
0,b4,5,0|2|3|6|7,55.1713,252,1
0,b4,5,0|2|3|6|8,54.2049,252,1
0,b4,5,0|2|3|6|9,55.7757,252,1
0,b4,5,0|2|3|7|8,53.1291,252,1
0,b4,5,0|2|3|7|9,56.0837,252,1
0,b4,5,0|2|3|8|9,54.9983,252,1
0,b4,5,0|2|4|5|6,61.1173,252,1
0,b4,5,0|2|4|5|7,60.9980,252,1
0,b4,5,0|2|4|5|8,60.7825,252,1
0,b4,5,0|2|4|5|9,63.4222,252,1
0,b4,5,0|2|4|6|7,60.8182,252,1
0,b4,5,0|2|4|6|8,61.5515,252,1
0,b4,5,0|2|4|6|9,62.5246,252,1
0,b4,5,0|2|4|7|8,58.3965,252,1
0,b4,5,0|2|4|7|9,62.0578,252,1
0,b4,5,0|2|4|8|9,60.1321,252,1
0,b4,5,0|2|5|6|7,59.9406,252,1
0,b4,5,0|2|5|6|8,59.6946,252,1
0,b4,5,0|2|5|6|9,62.0621,252,1
0,b4,5,0|2|5|7|8,59.4219,252,1
0,b4,5,0|2|5|7|9,62.1544,252,1
0,b4,5,0|2|5|8|9,61.4635,252,1
0,b4,5,0|2|6|7|8,57.2042,252,1
0,b4,5,0|2|6|7|9,62.2467,252,1
0,b4,5,0|2|6|8|9,59.9220,252,1
0,b4,5,0|2|7|8|9,56.7166,252,1
0,b4,5,0|3|4|5|6,55.3537,252,1
0,b4,5,0|3|4|5|7,58.0184,252,1
0,b4,5,0|3|4|5|8,57.8354,252,1
0,b4,5,0|3|4|5|9,59.5340,252,1
0,b4,5,0|3|4|6|7,57.5962,252,1
0,b4,5,0|3|4|6|8,56.6769,252,1
0,b4,5,0|3|4|6|9,59.2141,252,1
0,b4,5,0|3|4|7|8,55.9980,252,1
0,b4,5,0|3|4|7|9,59.9694,252,1
0,b4,5,0|3|4|8|9,59.0612,252,1
0,b4,5,0|3|5|6|7,58.7776,252,1
0,b4,5,0|3|5|6|8,58.2057,252,1
0,b4,5,0|3|5|6|9,59.9055,252,1
0,b4,5,0|3|5|7|8,56.5444,252,1
0,b4,5,0|3|5|7|9,60.3823,252,1
0,b4,5,0|3|5|8|9,58.2157,252,1
0,b4,5,0|3|6|7|8,55.9627,252,1
0,b4,5,0|3|6|7|9,60.8822,252,1
0,b4,5,0|3|6|8|9,59.7875,252,1
0,b4,5,0|3|7|8|9,56.6404,252,1
0,b4,5,0|4|5|6|7,61.3169,252,1
0,b4,5,0|4|5|6|8,62.0257,252,1
0,b4,5,0|4|5|6|9,62.6735,252,1
0,b4,5,0|4|5|7|8,59.0372,252,1
0,b4,5,0|4|5|7|9,62.1414,252,1
0,b4,5,0|4|5|8|9,62.7318,252,1
0,b4,5,0|4|6|7|8,56.7454,252,1
0,b4,5,0|4|6|7|9,61.8288,252,1
0,b4,5,0|4|6|8|9,61.4772,252,1
0,b4,5,0|4|7|8|9,56.9269,252,1
0,b4,5,0|5|6|7|8,58.1472,252,1
0,b4,5,0|5|6|7|9,62.7176,252,1
0,b4,5,0|5|6|8|9,60.9539,252,1
0,b4,5,0|5|7|8|9,56.7562,252,1
0,b4,5,0|6|7|8|9,55.2589,252,1
0,b4,5,1|2|3|4|5,42.9641,252,1
0,b4,5,1|2|3|4|6,42.4493,252,1
0,b4,5,1|2|3|4|7,43.8114,252,1
0,b4,5,1|2|3|4|8,44.0073,252,1
0,b4,5,1|2|3|4|9,43.8128,252,1
0,b4,5,1|2|3|5|6,47.9778,252,1
0,b4,5,1|2|3|5|7,48.5470,252,1
0,b4,5,1|2|3|5|8,48.8225,252,1
0,b4,5,1|2|3|5|9,49.3752,252,1
0,b4,5,1|2|3|6|7,48.1613,252,1
0,b4,5,1|2|3|6|8,48.0908,252,1
0,b4,5,1|2|3|6|9,48.8938,252,1
0,b4,5,1|2|3|7|8,47.1721,252,1
0,b4,5,1|2|3|7|9,49.3131,252,1
0,b4,5,1|2|3|8|9,49.0891,252,1
0,b4,5,1|2|4|5|6,51.4298,252,1
0,b4,5,1|2|4|5|7,53.3817,252,1
0,b4,5,1|2|4|5|8,53.2414,252,1
0,b4,5,1|2|4|5|9,54.2271,252,1
0,b4,5,1|2|4|6|7,53.9485,252,1
0,b4,5,1|2|4|6|8,53.8523,252,1
0,b4,5,1|2|4|6|9,54.7619,252,1
0,b4,5,1|2|4|7|8,52.0832,252,1
0,b4,5,1|2|4|7|9,54.9933,252,1
0,b4,5,1|2|4|8|9,53.5742,252,1
0,b4,5,1|2|5|6|7,52.2153,252,1
0,b4,5,1|2|5|6|8,52.9249,252,1
0,b4,5,1|2|5|6|9,53.4905,252,1
0,b4,5,1|2|5|7|8,52.0267,252,1
0,b4,5,1|2|5|7|9,54.6415,252,1
0,b4,5,1|2|5|8|9,54.2718,252,1
0,b4,5,1|2|6|7|8,51.1348,252,1
0,b4,5,1|2|6|7|9,54.7137,252,1
0,b4,5,1|2|6|8|9,53.3059,252,1
0,b4,5,1|2|7|8|9,51.0567,252,1
0,b4,5,1|3|4|5|6,47.2660,252,1
0,b4,5,1|3|4|5|7,51.4401,252,1
0,b4,5,1|3|4|5|8,50.9408,252,1
0,b4,5,1|3|4|5|9,52.1811,252,1
0,b4,5,1|3|4|6|7,50.7238,252,1
0,b4,5,1|3|4|6|8,49.2346,252,1
0,b4,5,1|3|4|6|9,51.4744,252,1
0,b4,5,1|3|4|7|8,50.0297,252,1
0,b4,5,1|3|4|7|9,53.1931,252,1
0,b4,5,1|3|4|8|9,52.3328,252,1
0,b4,5,1|3|5|6|7,53.2658,252,1
0,b4,5,1|3|5|6|8,53.6648,252,1
0,b4,5,1|3|5|6|9,53.9143,252,1
0,b4,5,1|3|5|7|8,51.9870,252,1
0,b4,5,1|3|5|7|9,54.9296,252,1
0,b4,5,1|3|5|8|9,54.4436,252,1
0,b4,5,1|3|6|7|8,50.9845,252,1
0,b4,5,1|3|6|7|9,55.8188,252,1
0,b4,5,1|3|6|8|9,54.7348,252,1
0,b4,5,1|3|7|8|9,50.7199,252,1
0,b4,5,1|4|5|6|7,53.1800,252,1
0,b4,5,1|4|5|6|8,52.6950,252,1
0,b4,5,1|4|5|6|9,54.8715,252,1
0,b4,5,1|4|5|7|8,53.0039,252,1
0,b4,5,1|4|5|7|9,55.5490,252,1
0,b4,5,1|4|5|8|9,55.4070,252,1
0,b4,5,1|4|6|7|8,51.3293,252,1
0,b4,5,1|4|6|7|9,55.5646,252,1
0,b4,5,1|4|6|8|9,54.4416,252,1
0,b4,5,1|4|7|8|9,51.1494,252,1
0,b4,5,1|5|6|7|8,50.5732,252,1
0,b4,5,1|5|6|7|9,54.7869,252,1
0,b4,5,1|5|6|8|9,54.9781,252,1
0,b4,5,1|5|7|8|9,51.4576,252,1
0,b4,5,1|6|7|8|9,49.4566,252,1
0,b4,5,2|3|4|5|6,50.1852,252,1
0,b4,5,2|3|4|5|7,53.0326,252,1
0,b4,5,2|3|4|5|8,52.3813,252,1
0,b4,5,2|3|4|5|9,53.6944,252,1
0,b4,5,2|3|4|6|7,51.4002,252,1
0,b4,5,2|3|4|6|8,51.7682,252,1
0,b4,5,2|3|4|6|9,53.7922,252,1
0,b4,5,2|3|4|7|8,51.4572,252,1
0,b4,5,2|3|4|7|9,54.7957,252,1
0,b4,5,2|3|4|8|9,53.6219,252,1
0,b4,5,2|3|5|6|7,54.1205,252,1
0,b4,5,2|3|5|6|8,54.8263,252,1
0,b4,5,2|3|5|6|9,55.4469,252,1
0,b4,5,2|3|5|7|8,53.3067,252,1
0,b4,5,2|3|5|7|9,55.3524,252,1
0,b4,5,2|3|5|8|9,55.2863,252,1
0,b4,5,2|3|6|7|8,52.2416,252,1
0,b4,5,2|3|6|7|9,56.0751,252,1
0,b4,5,2|3|6|8|9,54.4255,252,1
0,b4,5,2|3|7|8|9,51.5195,252,1
0,b4,5,2|4|5|6|7,59.8128,252,1
0,b4,5,2|4|5|6|8,59.4949,252,1
0,b4,5,2|4|5|6|9,60.7649,252,1
0,b4,5,2|4|5|7|8,58.6642,252,1
0,b4,5,2|4|5|7|9,62.3586,252,1
0,b4,5,2|4|5|8|9,60.3029,252,1
0,b4,5,2|4|6|7|8,56.8282,252,1
0,b4,5,2|4|6|7|9,61.7932,252,1
0,b4,5,2|4|6|8|9,61.3096,252,1
0,b4,5,2|4|7|8|9,55.5896,252,1
0,b4,5,2|5|6|7|8,56.9090,252,1
0,b4,5,2|5|6|7|9,60.9849,252,1
0,b4,5,2|5|6|8|9,60.2998,252,1
0,b4,5,2|5|7|8|9,57.8501,252,1
0,b4,5,2|6|7|8|9,55.5243,252,1
0,b4,5,3|4|5|6|7,55.3139,252,1
0,b4,5,3|4|5|6|8,55.3579,252,1
0,b4,5,3|4|5|6|9,55.9455,252,1
0,b4,5,3|4|5|7|8,55.0882,252,1
0,b4,5,3|4|5|7|9,58.7486,252,1
0,b4,5,3|4|5|8|9,57.8875,252,1
0,b4,5,3|4|6|7|8,53.5526,252,1
0,b4,5,3|4|6|7|9,58.6787,252,1
0,b4,5,3|4|6|8|9,57.5592,252,1
0,b4,5,3|4|7|8|9,54.3794,252,1
0,b4,5,3|5|6|7|8,56.3725,252,1
0,b4,5,3|5|6|7|9,59.8822,252,1
0,b4,5,3|5|6|8|9,59.1228,252,1
0,b4,5,3|5|7|8|9,56.3123,252,1
0,b4,5,3|6|7|8|9,54.9313,252,1
0,b4,5,4|5|6|7|8,57.8383,252,1
0,b4,5,4|5|6|7|9,61.1248,252,1
0,b4,5,4|5|6|8|9,60.7910,252,1
0,b4,5,4|5|7|8|9,56.2748,252,1
0,b4,5,4|6|7|8|9,53.6692,252,1
0,b4,5,5|6|7|8|9,54.8129,252,1
0,b4,6,0|1|2|3|4|5,31.6071,210,1
0,b4,6,0|1|2|3|4|6,32.1634,210,1
0,b4,6,0|1|2|3|4|7,33.5216,210,1
0,b4,6,0|1|2|3|4|8,33.8989,210,1
0,b4,6,0|1|2|3|4|9,33.4656,210,1
0,b4,6,0|1|2|3|5|6,38.6864,210,1
0,b4,6,0|1|2|3|5|7,39.3311,210,1
0,b4,6,0|1|2|3|5|8,39.4112,210,1
0,b4,6,0|1|2|3|5|9,40.5291,210,1
0,b4,6,0|1|2|3|6|7,38.0386,210,1
0,b4,6,0|1|2|3|6|8,38.1154,210,1
0,b4,6,0|1|2|3|6|9,40.1880,210,1
0,b4,6,0|1|2|3|7|8,36.4553,210,1
0,b4,6,0|1|2|3|7|9,40.4610,210,1
0,b4,6,0|1|2|3|8|9,38.6189,210,1
0,b4,6,0|1|2|4|5|6,44.2531,210,1
0,b4,6,0|1|2|4|5|7,45.2883,210,1
0,b4,6,0|1|2|4|5|8,43.8842,210,1
0,b4,6,0|1|2|4|5|9,46.2481,210,1
0,b4,6,0|1|2|4|6|7,44.6782,210,1
0,b4,6,0|1|2|4|6|8,44.7254,210,1
0,b4,6,0|1|2|4|6|9,46.9122,210,1
0,b4,6,0|1|2|4|7|8,42.3980,210,1
0,b4,6,0|1|2|4|7|9,47.6884,210,1
0,b4,6,0|1|2|4|8|9,44.8038,210,1
0,b4,6,0|1|2|5|6|7,44.8719,210,1
0,b4,6,0|1|2|5|6|8,44.3776,210,1
0,b4,6,0|1|2|5|6|9,47.3227,210,1
0,b4,6,0|1|2|5|7|8,41.8496,210,1
0,b4,6,0|1|2|5|7|9,48.0616,210,1
0,b4,6,0|1|2|5|8|9,45.0948,210,1
0,b4,6,0|1|2|6|7|8,42.6669,210,1
0,b4,6,0|1|2|6|7|9,47.3497,210,1
0,b4,6,0|1|2|6|8|9,45.1468,210,1
0,b4,6,0|1|2|7|8|9,42.7977,210,1
0,b4,6,0|1|3|4|5|6,38.3439,210,1
0,b4,6,0|1|3|4|5|7,42.2362,210,1
0,b4,6,0|1|3|4|5|8,43.0897,210,1
0,b4,6,0|1|3|4|5|9,43.6045,210,1
0,b4,6,0|1|3|4|6|7,42.2403,210,1
0,b4,6,0|1|3|4|6|8,42.2250,210,1
0,b4,6,0|1|3|4|6|9,45.6798,210,1
0,b4,6,0|1|3|4|7|8,41.4888,210,1
0,b4,6,0|1|3|4|7|9,46.1094,210,1
0,b4,6,0|1|3|4|8|9,45.0534,210,1
0,b4,6,0|1|3|5|6|7,43.6144,210,1
0,b4,6,0|1|3|5|6|8,45.1638,210,1
0,b4,6,0|1|3|5|6|9,46.8768,210,1
0,b4,6,0|1|3|5|7|8,41.9979,210,1
0,b4,6,0|1|3|5|7|9,49.0868,210,1
0,b4,6,0|1|3|5|8|9,45.6578,210,1
0,b4,6,0|1|3|6|7|8,40.9449,210,1
0,b4,6,0|1|3|6|7|9,46.8311,210,1
0,b4,6,0|1|3|6|8|9,46.0387,210,1
0,b4,6,0|1|3|7|8|9,43.7258,210,1
0,b4,6,0|1|4|5|6|7,44.5986,210,1
0,b4,6,0|1|4|5|6|8,44.3145,210,1
0,b4,6,0|1|4|5|6|9,44.0321,210,1
0,b4,6,0|1|4|5|7|8,44.1146,210,1
0,b4,6,0|1|4|5|7|9,47.0403,210,1
0,b4,6,0|1|4|5|8|9,45.0801,210,1
0,b4,6,0|1|4|6|7|8,42.4506,210,1
0,b4,6,0|1|4|6|7|9,46.2267,210,1
0,b4,6,0|1|4|6|8|9,44.9344,210,1
0,b4,6,0|1|4|7|8|9,42.7330,210,1
0,b4,6,0|1|5|6|7|8,41.7899,210,1
0,b4,6,0|1|5|6|7|9,49.8253,210,1
0,b4,6,0|1|5|6|8|9,45.3592,210,1
0,b4,6,0|1|5|7|8|9,43.9036,210,1
0,b4,6,0|1|6|7|8|9,43.7359,210,1
0,b4,6,0|2|3|4|5|6,47.4922,210,1
0,b4,6,0|2|3|4|5|7,50.1657,210,1
0,b4,6,0|2|3|4|5|8,50.5254,210,1
0,b4,6,0|2|3|4|5|9,52.3486,210,1
0,b4,6,0|2|3|4|6|7,50.6798,210,1
0,b4,6,0|2|3|4|6|8,51.5202,210,1
0,b4,6,0|2|3|4|6|9,52.8831,210,1
0,b4,6,0|2|3|4|7|8,50.6091,210,1
0,b4,6,0|2|3|4|7|9,54.3538,210,1
0,b4,6,0|2|3|4|8|9,53.2242,210,1
0,b4,6,0|2|3|5|6|7,54.2794,210,1
0,b4,6,0|2|3|5|6|8,53.3243,210,1
0,b4,6,0|2|3|5|6|9,55.1944,210,1
0,b4,6,0|2|3|5|7|8,53.4861,210,1
0,b4,6,0|2|3|5|7|9,55.8433,210,1
0,b4,6,0|2|3|5|8|9,54.9714,210,1
0,b4,6,0|2|3|6|7|8,51.8546,210,1
0,b4,6,0|2|3|6|7|9,56.2406,210,1
0,b4,6,0|2|3|6|8|9,54.1687,210,1
0,b4,6,0|2|3|7|8|9,51.1390,210,1
0,b4,6,0|2|4|5|6|7,60.1248,210,1
0,b4,6,0|2|4|5|6|8,60.3390,210,1
0,b4,6,0|2|4|5|6|9,61.2501,210,1
0,b4,6,0|2|4|5|7|8,58.1801,210,1
0,b4,6,0|2|4|5|7|9,62.1701,210,1
0,b4,6,0|2|4|5|8|9,61.4782,210,1
0,b4,6,0|2|4|6|7|8,57.6494,210,1
0,b4,6,0|2|4|6|7|9,61.8762,210,1
0,b4,6,0|2|4|6|8|9,61.8688,210,1
0,b4,6,0|2|4|7|8|9,55.9743,210,1
0,b4,6,0|2|5|6|7|8,55.5180,210,1
0,b4,6,0|2|5|6|7|9,60.2819,210,1
0,b4,6,0|2|5|6|8|9,60.4666,210,1
0,b4,6,0|2|5|7|8|9,57.4564,210,1
0,b4,6,0|2|6|7|8|9,54.2291,210,1
0,b4,6,0|3|4|5|6|7,54.9166,210,1
0,b4,6,0|3|4|5|6|8,55.2101,210,1
0,b4,6,0|3|4|5|6|9,56.4877,210,1
0,b4,6,0|3|4|5|7|8,54.6532,210,1
0,b4,6,0|3|4|5|7|9,58.8375,210,1
0,b4,6,0|3|4|5|8|9,57.5367,210,1
0,b4,6,0|3|4|6|7|8,54.2250,210,1
0,b4,6,0|3|4|6|7|9,59.0828,210,1
0,b4,6,0|3|4|6|8|9,58.9419,210,1
0,b4,6,0|3|4|7|8|9,54.7150,210,1
0,b4,6,0|3|5|6|7|8,54.4654,210,1
0,b4,6,0|3|5|6|7|9,59.1029,210,1
0,b4,6,0|3|5|6|8|9,58.4643,210,1
0,b4,6,0|3|5|7|8|9,55.6503,210,1
0,b4,6,0|3|6|7|8|9,54.3282,210,1
0,b4,6,0|4|5|6|7|8,56.3621,210,1
0,b4,6,0|4|5|6|7|9,61.6208,210,1
0,b4,6,0|4|5|6|8|9,60.5578,210,1
0,b4,6,0|4|5|7|8|9,56.2583,210,1
0,b4,6,0|4|6|7|8|9,53.4251,210,1
0,b4,6,0|5|6|7|8|9,53.5350,210,1
0,b4,6,1|2|3|4|5|6,38.5439,210,1
0,b4,6,1|2|3|4|5|7,42.1967,210,1
0,b4,6,1|2|3|4|5|8,43.6393,210,1
0,b4,6,1|2|3|4|5|9,43.4663,210,1
0,b4,6,1|2|3|4|6|7,42.5496,210,1
0,b4,6,1|2|3|4|6|8,42.4084,210,1
0,b4,6,1|2|3|4|6|9,43.3367,210,1
0,b4,6,1|2|3|4|7|8,42.6177,210,1
0,b4,6,1|2|3|4|7|9,44.1466,210,1
0,b4,6,1|2|3|4|8|9,43.7718,210,1
0,b4,6,1|2|3|5|6|7,46.2271,210,1
0,b4,6,1|2|3|5|6|8,47.2970,210,1
0,b4,6,1|2|3|5|6|9,46.8959,210,1
0,b4,6,1|2|3|5|7|8,45.7364,210,1
0,b4,6,1|2|3|5|7|9,47.9518,210,1
0,b4,6,1|2|3|5|8|9,48.0154,210,1
0,b4,6,1|2|3|6|7|8,46.0795,210,1
0,b4,6,1|2|3|6|7|9,48.1382,210,1
0,b4,6,1|2|3|6|8|9,48.0669,210,1
0,b4,6,1|2|3|7|8|9,45.1494,210,1
0,b4,6,1|2|4|5|6|7,49.3022,210,1
0,b4,6,1|2|4|5|6|8,50.7178,210,1
0,b4,6,1|2|4|5|6|9,51.9189,210,1
0,b4,6,1|2|4|5|7|8,50.3988,210,1
0,b4,6,1|2|4|5|7|9,54.1726,210,1
0,b4,6,1|2|4|5|8|9,52.7219,210,1
0,b4,6,1|2|4|6|7|8,49.9883,210,1
0,b4,6,1|2|4|6|7|9,54.2983,210,1
0,b4,6,1|2|4|6|8|9,53.3098,210,1
0,b4,6,1|2|4|7|8|9,48.8987,210,1
0,b4,6,1|2|5|6|7|8,47.1198,210,1
0,b4,6,1|2|5|6|7|9,52.0432,210,1
0,b4,6,1|2|5|6|8|9,52.3128,210,1
0,b4,6,1|2|5|7|8|9,49.6915,210,1
0,b4,6,1|2|6|7|8|9,49.3424,210,1
0,b4,6,1|3|4|5|6|7,45.4474,210,1
0,b4,6,1|3|4|5|6|8,45.2296,210,1
0,b4,6,1|3|4|5|6|9,47.3958,210,1
0,b4,6,1|3|4|5|7|8,47.5821,210,1
0,b4,6,1|3|4|5|7|9,50.8721,210,1
0,b4,6,1|3|4|5|8|9,50.2772,210,1
0,b4,6,1|3|4|6|7|8,46.5954,210,1
0,b4,6,1|3|4|6|7|9,51.1478,210,1
0,b4,6,1|3|4|6|8|9,49.9268,210,1
0,b4,6,1|3|4|7|8|9,46.7997,210,1
0,b4,6,1|3|5|6|7|8,48.7146,210,1
0,b4,6,1|3|5|6|7|9,52.7820,210,1
0,b4,6,1|3|5|6|8|9,53.3772,210,1
0,b4,6,1|3|5|7|8|9,48.6561,210,1
0,b4,6,1|3|6|7|8|9,48.6805,210,1
0,b4,6,1|4|5|6|7|8,46.1574,210,1
0,b4,6,1|4|5|6|7|9,53.3664,210,1
0,b4,6,1|4|5|6|8|9,52.1439,210,1
0,b4,6,1|4|5|7|8|9,48.4840,210,1
0,b4,6,1|4|6|7|8|9,48.4802,210,1
0,b4,6,1|5|6|7|8|9,46.2644,210,1
0,b4,6,2|3|4|5|6|7,48.1809,210,1
0,b4,6,2|3|4|5|6|8,48.8319,210,1
0,b4,6,2|3|4|5|6|9,50.5050,210,1
0,b4,6,2|3|4|5|7|8,49.4713,210,1
0,b4,6,2|3|4|5|7|9,53.0553,210,1
0,b4,6,2|3|4|5|8|9,51.9790,210,1
0,b4,6,2|3|4|6|7|8,47.7217,210,1
0,b4,6,2|3|4|6|7|9,52.9159,210,1
0,b4,6,2|3|4|6|8|9,52.4013,210,1
0,b4,6,2|3|4|7|8|9,48.7608,210,1
0,b4,6,2|3|5|6|7|8,50.1777,210,1
0,b4,6,2|3|5|6|7|9,54.2273,210,1
0,b4,6,2|3|5|6|8|9,54.2329,210,1
0,b4,6,2|3|5|7|8|9,51.2394,210,1
0,b4,6,2|3|6|7|8|9,50.3531,210,1
0,b4,6,2|4|5|6|7|8,56.3024,210,1
0,b4,6,2|4|5|6|7|9,59.2081,210,1
0,b4,6,2|4|5|6|8|9,58.7488,210,1
0,b4,6,2|4|5|7|8|9,55.3053,210,1
0,b4,6,2|4|6|7|8|9,53.6536,210,1
0,b4,6,2|5|6|7|8|9,54.2043,210,1
0,b4,6,3|4|5|6|7|8,51.7332,210,1
0,b4,6,3|4|5|6|7|9,55.8499,210,1
0,b4,6,3|4|5|6|8|9,55.1550,210,1
0,b4,6,3|4|5|7|8|9,52.8965,210,1
0,b4,6,3|4|6|7|8|9,52.7916,210,1
0,b4,6,3|5|6|7|8|9,55.2299,210,1
0,b4,6,4|5|6|7|8|9,51.9372,210,1
0,b6,0,,67.4087,1,1
0,b6,1,0,64.3573,10,1
0,b6,1,1,39.0272,10,1
0,b6,1,2,55.6191,10,1
0,b6,1,3,59.8723,10,1
0,b6,1,4,50.1454,10,1
0,b6,1,5,66.5622,10,1
0,b6,1,6,65.5168,10,1
0,b6,1,7,65.7417,10,1
0,b6,1,8,58.9309,10,1
0,b6,1,9,67.9082,10,1
0,b6,2,0|1,30.3850,45,1
0,b6,2,0|2,55.3773,45,1
0,b6,2,0|3,55.8802,45,1
0,b6,2,0|4,45.6931,45,1
0,b6,2,0|5,63.2507,45,1
0,b6,2,0|6,62.9504,45,1
0,b6,2,0|7,60.9717,45,1
0,b6,2,0|8,57.7209,45,1
0,b6,2,0|9,64.8790,45,1
0,b6,2,1|2,35.6271,45,1
0,b6,2,1|3,37.9167,45,1
0,b6,2,1|4,34.0120,45,1
0,b6,2,1|5,40.0726,45,1
0,b6,2,1|6,39.2645,45,1
0,b6,2,1|7,35.8523,45,1
0,b6,2,1|8,34.9181,45,1
0,b6,2,1|9,37.0402,45,1
0,b6,2,2|3,26.9490,45,1
0,b6,2,2|4,40.3585,45,1
0,b6,2,2|5,56.0612,45,1
0,b6,2,2|6,55.9342,45,1
0,b6,2,2|7,54.8889,45,1
0,b6,2,2|8,49.2882,45,1
0,b6,2,2|9,54.1813,45,1
0,b6,2,3|4,43.1156,45,1
0,b6,2,3|5,59.5369,45,1
0,b6,2,3|6,58.2418,45,1
0,b6,2,3|7,58.4799,45,1
0,b6,2,3|8,52.2945,45,1
0,b6,2,3|9,60.1962,45,1
0,b6,2,4|5,46.8719,45,1
0,b6,2,4|6,48.4327,45,1
0,b6,2,4|7,46.8231,45,1
0,b6,2,4|8,46.0476,45,1
0,b6,2,4|9,48.3931,45,1
0,b6,2,5|6,63.8791,45,1
0,b6,2,5|7,64.6015,45,1
0,b6,2,5|8,58.8408,45,1
0,b6,2,5|9,66.1654,45,1
0,b6,2,6|7,63.3697,45,1
0,b6,2,6|8,57.2740,45,1
0,b6,2,6|9,66.4655,45,1
0,b6,2,7|8,56.8586,45,1
0,b6,2,7|9,64.8326,45,1
0,b6,2,8|9,53.5356,45,1
0,b6,3,0|1|2,25.7022,120,1
0,b6,3,0|1|3,29.4130,120,1
0,b6,3,0|1|4,25.8026,120,1
0,b6,3,0|1|5,31.3917,120,1
0,b6,3,0|1|6,30.0952,120,1
0,b6,3,0|1|7,27.8886,120,1
0,b6,3,0|1|8,26.2751,120,1
0,b6,3,0|1|9,28.3541,120,1
0,b6,3,0|2|3,25.9569,120,1
0,b6,3,0|2|4,37.5705,120,1
0,b6,3,0|2|5,55.3593,120,1
0,b6,3,0|2|6,54.8429,120,1
0,b6,3,0|2|7,53.8832,120,1
0,b6,3,0|2|8,50.6031,120,1
0,b6,3,0|2|9,53.8646,120,1
0,b6,3,0|3|4,38.3188,120,1
0,b6,3,0|3|5,54.7480,120,1
0,b6,3,0|3|6,55.3871,120,1
0,b6,3,0|3|7,52.5369,120,1
0,b6,3,0|3|8,51.0707,120,1
0,b6,3,0|3|9,56.0845,120,1
0,b6,3,0|4|5,41.5222,120,1
0,b6,3,0|4|6,45.4424,120,1
0,b6,3,0|4|7,41.4631,120,1
0,b6,3,0|4|8,44.5538,120,1
0,b6,3,0|4|9,44.2577,120,1
0,b6,3,0|5|6,60.9581,120,1
0,b6,3,0|5|7,59.9460,120,1
0,b6,3,0|5|8,56.9615,120,1
0,b6,3,0|5|9,62.9777,120,1
0,b6,3,0|6|7,59.3332,120,1
0,b6,3,0|6|8,55.0160,120,1
0,b6,3,0|6|9,62.6977,120,1
0,b6,3,0|7|8,52.9217,120,1
0,b6,3,0|7|9,59.7089,120,1
0,b6,3,0|8|9,53.8727,120,1
0,b6,3,1|2|3,22.8803,120,1
0,b6,3,1|2|4,31.5814,120,1
0,b6,3,1|2|5,34.7341,120,1
0,b6,3,1|2|6,34.1991,120,1
0,b6,3,1|2|7,34.2278,120,1
0,b6,3,1|2|8,30.4511,120,1
0,b6,3,1|2|9,32.6377,120,1
0,b6,3,1|3|4,31.2759,120,1
0,b6,3,1|3|5,37.0424,120,1
0,b6,3,1|3|6,36.7437,120,1
0,b6,3,1|3|7,35.1785,120,1
0,b6,3,1|3|8,33.4788,120,1
0,b6,3,1|3|9,36.1005,120,1
0,b6,3,1|4|5,31.6939,120,1
0,b6,3,1|4|6,32.6578,120,1
0,b6,3,1|4|7,32.3578,120,1
0,b6,3,1|4|8,30.5446,120,1
0,b6,3,1|4|9,32.1386,120,1
0,b6,3,1|5|6,40.2536,120,1
0,b6,3,1|5|7,37.0284,120,1
0,b6,3,1|5|8,37.6044,120,1
0,b6,3,1|5|9,38.3288,120,1
0,b6,3,1|6|7,36.3809,120,1
0,b6,3,1|6|8,36.4452,120,1
0,b6,3,1|6|9,36.6233,120,1
0,b6,3,1|7|8,33.6986,120,1
0,b6,3,1|7|9,33.2796,120,1
0,b6,3,1|8|9,29.9673,120,1
0,b6,3,2|3|4,13.0122,120,1
0,b6,3,2|3|5,27.1628,120,1
0,b6,3,2|3|6,27.1844,120,1
0,b6,3,2|3|7,26.8630,120,1
0,b6,3,2|3|8,25.0777,120,1
0,b6,3,2|3|9,27.4484,120,1
0,b6,3,2|4|5,38.2139,120,1
0,b6,3,2|4|6,39.2722,120,1
0,b6,3,2|4|7,37.8707,120,1
0,b6,3,2|4|8,36.5140,120,1
0,b6,3,2|4|9,38.3377,120,1
0,b6,3,2|5|6,55.7839,120,1
0,b6,3,2|5|7,54.9261,120,1
0,b6,3,2|5|8,49.8415,120,1
0,b6,3,2|5|9,55.2785,120,1
0,b6,3,2|6|7,54.4872,120,1
0,b6,3,2|6|8,50.9450,120,1
0,b6,3,2|6|9,55.4823,120,1
0,b6,3,2|7|8,48.0475,120,1
0,b6,3,2|7|9,53.5877,120,1
0,b6,3,2|8|9,43.3181,120,1
0,b6,3,3|4|5,39.9589,120,1
0,b6,3,3|4|6,41.6958,120,1
0,b6,3,3|4|7,40.0572,120,1
0,b6,3,3|4|8,41.2083,120,1
0,b6,3,3|4|9,43.3315,120,1
0,b6,3,3|5|6,58.4594,120,1
0,b6,3,3|5|7,58.1772,120,1
0,b6,3,3|5|8,54.2413,120,1
0,b6,3,3|5|9,60.2469,120,1
0,b6,3,3|6|7,56.2395,120,1
0,b6,3,3|6|8,52.4456,120,1
0,b6,3,3|6|9,58.4958,120,1
0,b6,3,3|7|8,52.0832,120,1
0,b6,3,3|7|9,58.2175,120,1
0,b6,3,3|8|9,49.3144,120,1
0,b6,3,4|5|6,45.6764,120,1
0,b6,3,4|5|7,44.1481,120,1
0,b6,3,4|5|8,44.4614,120,1
0,b6,3,4|5|9,45.6492,120,1
0,b6,3,4|6|7,46.5009,120,1
0,b6,3,4|6|8,45.5814,120,1
0,b6,3,4|6|9,47.1736,120,1
0,b6,3,4|7|8,44.2673,120,1
0,b6,3,4|7|9,45.5870,120,1
0,b6,3,4|8|9,39.7878,120,1
0,b6,3,5|6|7,60.5919,120,1
0,b6,3,5|6|8,55.8176,120,1
0,b6,3,5|6|9,63.0230,120,1
0,b6,3,5|7|8,54.7584,120,1
0,b6,3,5|7|9,63.1633,120,1
0,b6,3,5|8|9,51.3099,120,1
0,b6,3,6|7|8,54.0967,120,1
0,b6,3,6|7|9,62.6323,120,1
0,b6,3,6|8|9,52.1904,120,1
0,b6,3,7|8|9,50.1749,120,1
0,b6,4,0|1|2|3,16.7509,210,1
0,b6,4,0|1|2|4,23.6999,210,1
0,b6,4,0|1|2|5,26.3793,210,1
0,b6,4,0|1|2|6,25.7261,210,1
0,b6,4,0|1|2|7,24.3542,210,1
0,b6,4,0|1|2|8,22.2921,210,1
0,b6,4,0|1|2|9,22.5278,210,1
0,b6,4,0|1|3|4,22.9307,210,1
0,b6,4,0|1|3|5,29.4465,210,1
0,b6,4,0|1|3|6,28.3133,210,1
0,b6,4,0|1|3|7,27.8557,210,1
0,b6,4,0|1|3|8,24.7969,210,1
0,b6,4,0|1|3|9,27.9937,210,1
0,b6,4,0|1|4|5,23.8802,210,1
0,b6,4,0|1|4|6,25.2891,210,1
0,b6,4,0|1|4|7,24.4681,210,1
0,b6,4,0|1|4|8,23.1822,210,1
0,b6,4,0|1|4|9,23.0239,210,1
0,b6,4,0|1|5|6,32.0236,210,1
0,b6,4,0|1|5|7,29.5938,210,1
0,b6,4,0|1|5|8,28.5915,210,1
0,b6,4,0|1|5|9,28.9421,210,1
0,b6,4,0|1|6|7,27.9263,210,1
0,b6,4,0|1|6|8,26.7408,210,1
0,b6,4,0|1|6|9,27.6946,210,1
0,b6,4,0|1|7|8,24.5421,210,1
0,b6,4,0|1|7|9,24.6184,210,1
0,b6,4,0|1|8|9,18.9584,210,1
0,b6,4,0|2|3|4,11.8673,210,1
0,b6,4,0|2|3|5,26.4519,210,1
0,b6,4,0|2|3|6,26.3572,210,1
0,b6,4,0|2|3|7,25.7087,210,1
0,b6,4,0|2|3|8,23.9416,210,1
0,b6,4,0|2|3|9,25.9741,210,1
0,b6,4,0|2|4|5,35.1315,210,1
0,b6,4,0|2|4|6,38.4157,210,1
0,b6,4,0|2|4|7,34.7002,210,1
0,b6,4,0|2|4|8,35.5347,210,1
0,b6,4,0|2|4|9,36.0994,210,1
0,b6,4,0|2|5|6,55.0662,210,1
0,b6,4,0|2|5|7,54.3678,210,1
0,b6,4,0|2|5|8,49.7649,210,1
0,b6,4,0|2|5|9,54.2572,210,1
0,b6,4,0|2|6|7,53.2261,210,1
0,b6,4,0|2|6|8,50.5224,210,1
0,b6,4,0|2|6|9,54.1101,210,1
0,b6,4,0|2|7|8,47.6720,210,1
0,b6,4,0|2|7|9,51.4706,210,1
0,b6,4,0|2|8|9,44.7439,210,1
0,b6,4,0|3|4|5,36.2414,210,1
0,b6,4,0|3|4|6,39.0708,210,1
0,b6,4,0|3|4|7,35.5677,210,1
0,b6,4,0|3|4|8,38.7101,210,1
0,b6,4,0|3|4|9,38.7098,210,1
0,b6,4,0|3|5|6,53.7696,210,1
0,b6,4,0|3|5|7,51.4985,210,1
0,b6,4,0|3|5|8,50.6470,210,1
0,b6,4,0|3|5|9,54.1578,210,1
0,b6,4,0|3|6|7,51.5622,210,1
0,b6,4,0|3|6|8,50.7646,210,1
0,b6,4,0|3|6|9,54.5676,210,1
0,b6,4,0|3|7|8,46.6107,210,1
0,b6,4,0|3|7|9,51.3472,210,1
0,b6,4,0|3|8|9,47.7727,210,1
0,b6,4,0|4|5|6,42.1190,210,1
0,b6,4,0|4|5|7,39.4252,210,1
0,b6,4,0|4|5|8,41.3936,210,1
0,b6,4,0|4|5|9,41.0439,210,1
0,b6,4,0|4|6|7,43.1230,210,1
0,b6,4,0|4|6|8,44.6803,210,1
0,b6,4,0|4|6|9,44.1204,210,1
0,b6,4,0|4|7|8,40.8735,210,1
0,b6,4,0|4|7|9,39.8437,210,1
0,b6,4,0|4|8|9,38.9759,210,1
0,b6,4,0|5|6|7,56.1257,210,1
0,b6,4,0|5|6|8,52.1983,210,1
0,b6,4,0|5|6|9,59.7691,210,1
0,b6,4,0|5|7|8,50.9997,210,1
0,b6,4,0|5|7|9,55.8450,210,1
0,b6,4,0|5|8|9,50.4689,210,1
0,b6,4,0|6|7|8,49.8992,210,1
0,b6,4,0|6|7|9,57.5521,210,1
0,b6,4,0|6|8|9,51.3045,210,1
0,b6,4,0|7|8|9,46.4703,210,1
0,b6,4,1|2|3|4,15.8598,210,1
0,b6,4,1|2|3|5,23.4126,210,1
0,b6,4,1|2|3|6,23.2022,210,1
0,b6,4,1|2|3|7,23.7382,210,1
0,b6,4,1|2|3|8,20.4050,210,1
0,b6,4,1|2|3|9,23.8282,210,1
0,b6,4,1|2|4|5,30.1945,210,1
0,b6,4,1|2|4|6,31.9248,210,1
0,b6,4,1|2|4|7,29.4594,210,1
0,b6,4,1|2|4|8,28.1637,210,1
0,b6,4,1|2|4|9,29.1644,210,1
0,b6,4,1|2|5|6,32.9538,210,1
0,b6,4,1|2|5|7,33.6730,210,1
0,b6,4,1|2|5|8,29.3399,210,1
0,b6,4,1|2|5|9,32.8919,210,1
0,b6,4,1|2|6|7,34.6293,210,1
0,b6,4,1|2|6|8,30.6984,210,1
0,b6,4,1|2|6|9,34.0341,210,1
0,b6,4,1|2|7|8,29.4358,210,1
0,b6,4,1|2|7|9,30.3720,210,1
0,b6,4,1|2|8|9,23.8092,210,1
0,b6,4,1|3|4|5,30.3180,210,1
0,b6,4,1|3|4|6,30.3721,210,1
0,b6,4,1|3|4|7,29.1064,210,1
0,b6,4,1|3|4|8,27.2234,210,1
0,b6,4,1|3|4|9,29.8042,210,1
0,b6,4,1|3|5|6,35.7433,210,1
0,b6,4,1|3|5|7,35.0514,210,1
0,b6,4,1|3|5|8,34.2962,210,1
0,b6,4,1|3|5|9,35.5805,210,1
0,b6,4,1|3|6|7,35.4116,210,1
0,b6,4,1|3|6|8,33.2493,210,1
0,b6,4,1|3|6|9,34.4365,210,1
0,b6,4,1|3|7|8,31.3511,210,1
0,b6,4,1|3|7|9,34.1019,210,1
0,b6,4,1|3|8|9,28.7267,210,1
0,b6,4,1|4|5|6,30.4643,210,1
0,b6,4,1|4|5|7,30.4279,210,1
0,b6,4,1|4|5|8,29.4094,210,1
0,b6,4,1|4|5|9,29.6284,210,1
0,b6,4,1|4|6|7,31.7550,210,1
0,b6,4,1|4|6|8,29.7850,210,1
0,b6,4,1|4|6|9,31.8252,210,1
0,b6,4,1|4|7|8,30.0570,210,1
0,b6,4,1|4|7|9,28.9340,210,1
0,b6,4,1|4|8|9,23.0405,210,1
0,b6,4,1|5|6|7,38.0623,210,1
0,b6,4,1|5|6|8,37.1252,210,1
0,b6,4,1|5|6|9,38.1378,210,1
0,b6,4,1|5|7|8,36.0845,210,1
0,b6,4,1|5|7|9,35.0284,210,1
0,b6,4,1|5|8|9,31.8661,210,1
0,b6,4,1|6|7|8,35.6545,210,1
0,b6,4,1|6|7|9,34.1556,210,1
0,b6,4,1|6|8|9,32.0300,210,1
0,b6,4,1|7|8|9,25.7668,210,1
0,b6,4,2|3|4|5,10.3474,210,1
0,b6,4,2|3|4|6,10.2380,210,1
0,b6,4,2|3|4|7,10.9963,210,1
0,b6,4,2|3|4|8,11.6851,210,1
0,b6,4,2|3|4|9,12.4323,210,1
0,b6,4,2|3|5|6,26.9152,210,1
0,b6,4,2|3|5|7,26.7962,210,1
0,b6,4,2|3|5|8,25.3822,210,1
0,b6,4,2|3|5|9,27.0496,210,1
0,b6,4,2|3|6|7,26.8713,210,1
0,b6,4,2|3|6|8,25.3416,210,1
0,b6,4,2|3|6|9,27.0246,210,1
0,b6,4,2|3|7|8,25.0599,210,1
0,b6,4,2|3|7|9,26.5588,210,1
0,b6,4,2|3|8|9,22.6691,210,1
0,b6,4,2|4|5|6,37.0970,210,1
0,b6,4,2|4|5|7,36.1444,210,1
0,b6,4,2|4|5|8,35.0216,210,1
0,b6,4,2|4|5|9,35.6265,210,1
0,b6,4,2|4|6|7,37.7448,210,1
0,b6,4,2|4|6|8,37.9297,210,1
0,b6,4,2|4|6|9,37.9469,210,1
0,b6,4,2|4|7|8,35.3767,210,1
0,b6,4,2|4|7|9,36.1164,210,1
0,b6,4,2|4|8|9,30.9737,210,1
0,b6,4,2|5|6|7,52.8859,210,1
0,b6,4,2|5|6|8,50.8961,210,1
0,b6,4,2|5|6|9,54.8187,210,1
0,b6,4,2|5|7|8,47.0462,210,1
0,b6,4,2|5|7|9,53.7472,210,1
0,b6,4,2|5|8|9,43.8602,210,1
0,b6,4,2|6|7|8,48.0385,210,1
0,b6,4,2|6|7|9,53.8807,210,1
0,b6,4,2|6|8|9,46.4649,210,1
0,b6,4,2|7|8|9,41.2572,210,1
0,b6,4,3|4|5|6,38.1952,210,1
0,b6,4,3|4|5|7,38.0777,210,1
0,b6,4,3|4|5|8,37.8680,210,1
0,b6,4,3|4|5|9,39.1297,210,1
0,b6,4,3|4|6|7,39.7287,210,1
0,b6,4,3|4|6|8,39.9096,210,1
0,b6,4,3|4|6|9,41.5848,210,1
0,b6,4,3|4|7|8,39.7955,210,1
0,b6,4,3|4|7|9,39.2740,210,1
0,b6,4,3|4|8|9,37.5598,210,1
0,b6,4,3|5|6|7,55.2860,210,1
0,b6,4,3|5|6|8,52.7247,210,1
0,b6,4,3|5|6|9,57.2185,210,1
0,b6,4,3|5|7|8,52.0800,210,1
0,b6,4,3|5|7|9,57.2346,210,1
0,b6,4,3|5|8|9,48.9513,210,1
0,b6,4,3|6|7|8,49.3625,210,1
0,b6,4,3|6|7|9,54.9657,210,1
0,b6,4,3|6|8|9,47.7431,210,1
0,b6,4,3|7|8|9,46.5595,210,1
0,b6,4,4|5|6|7,42.1008,210,1
0,b6,4,4|5|6|8,42.6017,210,1
0,b6,4,4|5|6|9,42.7430,210,1
0,b6,4,4|5|7|8,41.7708,210,1
0,b6,4,4|5|7|9,40.8921,210,1
0,b6,4,4|5|8|9,37.7592,210,1
0,b6,4,4|6|7|8,43.6650,210,1
0,b6,4,4|6|7|9,44.7952,210,1
0,b6,4,4|6|8|9,39.1823,210,1
0,b6,4,4|7|8|9,37.1322,210,1
0,b6,4,5|6|7|8,49.8832,210,1
0,b6,4,5|6|7|9,57.3103,210,1
0,b6,4,5|6|8|9,48.5922,210,1
0,b6,4,5|7|8|9,46.7115,210,1
0,b6,4,6|7|8|9,47.7869,210,1
0,b6,5,0|1|2|3|4,8.3018,252,1
0,b6,5,0|1|2|3|5,15.7899,252,1
0,b6,5,0|1|2|3|6,16.9541,252,1
0,b6,5,0|1|2|3|7,15.9564,252,1
0,b6,5,0|1|2|3|8,12.1266,252,1
0,b6,5,0|1|2|3|9,15.4802,252,1
0,b6,5,0|1|2|4|5,23.2991,252,1
0,b6,5,0|1|2|4|6,24.1546,252,1
0,b6,5,0|1|2|4|7,22.1811,252,1
0,b6,5,0|1|2|4|8,21.8753,252,1
0,b6,5,0|1|2|4|9,21.3547,252,1
0,b6,5,0|1|2|5|6,24.1572,252,1
0,b6,5,0|1|2|5|7,25.0042,252,1
0,b6,5,0|1|2|5|8,22.0559,252,1
0,b6,5,0|1|2|5|9,23.5300,252,1
0,b6,5,0|1|2|6|7,25.2892,252,1
0,b6,5,0|1|2|6|8,21.8263,252,1
0,b6,5,0|1|2|6|9,23.2901,252,1
0,b6,5,0|1|2|7|8,20.6006,252,1
0,b6,5,0|1|2|7|9,20.1835,252,1
0,b6,5,0|1|2|8|9,14.3663,252,1
0,b6,5,0|1|3|4|5,21.6641,252,1
0,b6,5,0|1|3|4|6,21.6505,252,1
0,b6,5,0|1|3|4|7,20.5036,252,1
0,b6,5,0|1|3|4|8,17.7618,252,1
0,b6,5,0|1|3|4|9,21.3490,252,1
0,b6,5,0|1|3|5|6,28.2230,252,1
0,b6,5,0|1|3|5|7,28.2932,252,1
0,b6,5,0|1|3|5|8,25.7768,252,1
0,b6,5,0|1|3|5|9,27.6478,252,1
0,b6,5,0|1|3|6|7,27.4523,252,1
0,b6,5,0|1|3|6|8,24.2320,252,1
0,b6,5,0|1|3|6|9,27.0351,252,1
0,b6,5,0|1|3|7|8,23.3541,252,1
0,b6,5,0|1|3|7|9,25.7384,252,1
0,b6,5,0|1|3|8|9,19.4622,252,1
0,b6,5,0|1|4|5|6,22.3216,252,1
0,b6,5,0|1|4|5|7,22.1619,252,1
0,b6,5,0|1|4|5|8,21.3610,252,1
0,b6,5,0|1|4|5|9,21.3867,252,1
0,b6,5,0|1|4|6|7,24.4707,252,1
0,b6,5,0|1|4|6|8,23.6091,252,1
0,b6,5,0|1|4|6|9,23.6575,252,1
0,b6,5,0|1|4|7|8,23.0298,252,1
0,b6,5,0|1|4|7|9,19.4601,252,1
0,b6,5,0|1|4|8|9,15.5690,252,1
0,b6,5,0|1|5|6|7,28.2028,252,1
0,b6,5,0|1|5|6|8,28.0015,252,1
0,b6,5,0|1|5|6|9,29.4242,252,1
0,b6,5,0|1|5|7|8,24.8829,252,1
0,b6,5,0|1|5|7|9,25.7440,252,1
0,b6,5,0|1|5|8|9,20.7571,252,1
0,b6,5,0|1|6|7|8,24.6220,252,1
0,b6,5,0|1|6|7|9,25.0460,252,1
0,b6,5,0|1|6|8|9,21.7914,252,1
0,b6,5,0|1|7|8|9,14.5093,252,1
0,b6,5,0|2|3|4|5,8.5998,252,1
0,b6,5,0|2|3|4|6,9.7861,252,1
0,b6,5,0|2|3|4|7,10.6801,252,1
0,b6,5,0|2|3|4|8,10.4961,252,1
0,b6,5,0|2|3|4|9,10.6029,252,1
0,b6,5,0|2|3|5|6,26.3894,252,1
0,b6,5,0|2|3|5|7,26.1697,252,1
0,b6,5,0|2|3|5|8,24.6233,252,1
0,b6,5,0|2|3|5|9,26.5087,252,1
0,b6,5,0|2|3|6|7,25.5589,252,1
0,b6,5,0|2|3|6|8,24.0893,252,1
0,b6,5,0|2|3|6|9,26.1764,252,1
0,b6,5,0|2|3|7|8,23.5930,252,1
0,b6,5,0|2|3|7|9,25.8855,252,1
0,b6,5,0|2|3|8|9,22.8783,252,1
0,b6,5,0|2|4|5|6,35.4771,252,1
0,b6,5,0|2|4|5|7,34.5468,252,1
0,b6,5,0|2|4|5|8,33.9956,252,1
0,b6,5,0|2|4|5|9,32.8334,252,1
0,b6,5,0|2|4|6|7,35.9675,252,1
0,b6,5,0|2|4|6|8,38.8327,252,1
0,b6,5,0|2|4|6|9,36.4990,252,1
0,b6,5,0|2|4|7|8,32.3570,252,1
0,b6,5,0|2|4|7|9,34.1094,252,1
0,b6,5,0|2|4|8|9,31.6637,252,1
0,b6,5,0|2|5|6|7,52.7051,252,1
0,b6,5,0|2|5|6|8,49.6340,252,1
0,b6,5,0|2|5|6|9,53.6651,252,1
0,b6,5,0|2|5|7|8,46.1987,252,1
0,b6,5,0|2|5|7|9,49.8838,252,1
0,b6,5,0|2|5|8|9,43.3745,252,1
0,b6,5,0|2|6|7|8,46.6737,252,1
0,b6,5,0|2|6|7|9,50.1775,252,1
0,b6,5,0|2|6|8|9,45.9526,252,1
0,b6,5,0|2|7|8|9,40.7947,252,1
0,b6,5,0|3|4|5|6,35.0869,252,1
0,b6,5,0|3|4|5|7,34.0622,252,1
0,b6,5,0|3|4|5|8,35.3956,252,1
0,b6,5,0|3|4|5|9,34.6646,252,1
0,b6,5,0|3|4|6|7,37.1766,252,1
0,b6,5,0|3|4|6|8,38.7800,252,1
0,b6,5,0|3|4|6|9,37.7448,252,1
0,b6,5,0|3|4|7|8,35.8076,252,1
0,b6,5,0|3|4|7|9,34.2644,252,1
0,b6,5,0|3|4|8|9,35.7853,252,1
0,b6,5,0|3|5|6|7,47.4498,252,1
0,b6,5,0|3|5|6|8,48.4142,252,1
0,b6,5,0|3|5|6|9,52.5819,252,1
0,b6,5,0|3|5|7|8,44.6868,252,1
0,b6,5,0|3|5|7|9,48.3551,252,1
0,b6,5,0|3|5|8|9,45.7942,252,1
0,b6,5,0|3|6|7|8,43.7894,252,1
0,b6,5,0|3|6|7|9,47.8376,252,1
0,b6,5,0|3|6|8|9,45.7144,252,1
0,b6,5,0|3|7|8|9,40.8488,252,1
0,b6,5,0|4|5|6|7,39.4186,252,1
0,b6,5,0|4|5|6|8,42.2323,252,1
0,b6,5,0|4|5|6|9,40.4293,252,1
0,b6,5,0|4|5|7|8,37.3018,252,1
0,b6,5,0|4|5|7|9,36.6287,252,1
0,b6,5,0|4|5|8|9,36.3136,252,1
0,b6,5,0|4|6|7|8,42.5492,252,1
0,b6,5,0|4|6|7|9,39.9261,252,1
0,b6,5,0|4|6|8|9,40.6127,252,1
0,b6,5,0|4|7|8|9,35.7179,252,1
0,b6,5,0|5|6|7|8,42.8461,252,1
0,b6,5,0|5|6|7|9,47.7509,252,1
0,b6,5,0|5|6|8|9,44.3169,252,1
0,b6,5,0|5|7|8|9,40.4571,252,1
0,b6,5,0|6|7|8|9,40.7528,252,1
0,b6,5,1|2|3|4|5,16.4695,252,1
0,b6,5,1|2|3|4|6,16.8288,252,1
0,b6,5,1|2|3|4|7,14.9146,252,1
0,b6,5,1|2|3|4|8,13.8177,252,1
0,b6,5,1|2|3|4|9,15.6316,252,1
0,b6,5,1|2|3|5|6,23.7678,252,1
0,b6,5,1|2|3|5|7,23.7649,252,1
0,b6,5,1|2|3|5|8,20.8584,252,1
0,b6,5,1|2|3|5|9,23.8474,252,1
0,b6,5,1|2|3|6|7,24.9084,252,1
0,b6,5,1|2|3|6|8,21.4986,252,1
0,b6,5,1|2|3|6|9,23.6305,252,1
0,b6,5,1|2|3|7|8,21.0125,252,1
0,b6,5,1|2|3|7|9,23.6726,252,1
0,b6,5,1|2|3|8|9,19.0762,252,1
0,b6,5,1|2|4|5|6,29.9285,252,1
0,b6,5,1|2|4|5|7,28.0728,252,1
0,b6,5,1|2|4|5|8,27.2513,252,1
0,b6,5,1|2|4|5|9,28.1378,252,1
0,b6,5,1|2|4|6|7,30.3499,252,1
0,b6,5,1|2|4|6|8,29.6864,252,1
0,b6,5,1|2|4|6|9,29.7809,252,1
0,b6,5,1|2|4|7|8,25.7737,252,1
0,b6,5,1|2|4|7|9,26.8586,252,1
0,b6,5,1|2|4|8|9,21.0814,252,1
0,b6,5,1|2|5|6|7,32.9089,252,1
0,b6,5,1|2|5|6|8,28.8958,252,1
0,b6,5,1|2|5|6|9,32.6914,252,1
0,b6,5,1|2|5|7|8,28.3801,252,1
0,b6,5,1|2|5|7|9,29.9866,252,1
0,b6,5,1|2|5|8|9,23.9722,252,1
0,b6,5,1|2|6|7|8,31.9783,252,1
0,b6,5,1|2|6|7|9,33.4181,252,1
0,b6,5,1|2|6|8|9,27.9271,252,1
0,b6,5,1|2|7|8|9,22.1181,252,1
0,b6,5,1|3|4|5|6,28.2855,252,1
0,b6,5,1|3|4|5|7,28.1348,252,1
0,b6,5,1|3|4|5|8,27.9318,252,1
0,b6,5,1|3|4|5|9,29.0670,252,1
0,b6,5,1|3|4|6|7,28.2278,252,1
0,b6,5,1|3|4|6|8,27.7751,252,1
0,b6,5,1|3|4|6|9,29.2514,252,1
0,b6,5,1|3|4|7|8,26.4733,252,1
0,b6,5,1|3|4|7|9,24.8640,252,1
0,b6,5,1|3|4|8|9,22.2268,252,1
0,b6,5,1|3|5|6|7,34.9680,252,1
0,b6,5,1|3|5|6|8,33.8478,252,1
0,b6,5,1|3|5|6|9,33.5978,252,1
0,b6,5,1|3|5|7|8,32.1086,252,1
0,b6,5,1|3|5|7|9,34.2855,252,1
0,b6,5,1|3|5|8|9,29.0026,252,1
0,b6,5,1|3|6|7|8,31.7316,252,1
0,b6,5,1|3|6|7|9,33.3912,252,1
0,b6,5,1|3|6|8|9,28.5152,252,1
0,b6,5,1|3|7|8|9,23.3523,252,1
0,b6,5,1|4|5|6|7,28.5437,252,1
0,b6,5,1|4|5|6|8,27.1074,252,1
0,b6,5,1|4|5|6|9,29.0619,252,1
0,b6,5,1|4|5|7|8,27.0367,252,1
0,b6,5,1|4|5|7|9,25.9601,252,1
0,b6,5,1|4|5|8|9,20.3778,252,1
0,b6,5,1|4|6|7|8,29.1287,252,1
0,b6,5,1|4|6|7|9,29.0973,252,1
0,b6,5,1|4|6|8|9,25.7492,252,1
0,b6,5,1|4|7|8|9,18.2391,252,1
0,b6,5,1|5|6|7|8,33.8009,252,1
0,b6,5,1|5|6|7|9,34.7102,252,1
0,b6,5,1|5|6|8|9,30.7420,252,1
0,b6,5,1|5|7|8|9,25.0333,252,1
0,b6,5,1|6|7|8|9,27.5371,252,1
0,b6,5,2|3|4|5|6,8.4915,252,1
0,b6,5,2|3|4|5|7,9.3775,252,1
0,b6,5,2|3|4|5|8,9.9590,252,1
0,b6,5,2|3|4|5|9,9.5897,252,1
0,b6,5,2|3|4|6|7,9.4563,252,1
0,b6,5,2|3|4|6|8,10.2689,252,1
0,b6,5,2|3|4|6|9,9.3318,252,1
0,b6,5,2|3|4|7|8,10.3822,252,1
0,b6,5,2|3|4|7|9,11.0207,252,1
0,b6,5,2|3|4|8|9,10.0531,252,1
0,b6,5,2|3|5|6|7,26.9845,252,1
0,b6,5,2|3|5|6|8,25.5554,252,1
0,b6,5,2|3|5|6|9,26.7987,252,1
0,b6,5,2|3|5|7|8,25.5814,252,1
0,b6,5,2|3|5|7|9,25.8992,252,1
0,b6,5,2|3|5|8|9,23.1939,252,1
0,b6,5,2|3|6|7|8,26.4488,252,1
0,b6,5,2|3|6|7|9,27.5242,252,1
0,b6,5,2|3|6|8|9,23.6166,252,1
0,b6,5,2|3|7|8|9,22.6803,252,1
0,b6,5,2|4|5|6|7,35.0128,252,1
0,b6,5,2|4|5|6|8,35.4948,252,1
0,b6,5,2|4|5|6|9,33.5977,252,1
0,b6,5,2|4|5|7|8,32.1916,252,1
0,b6,5,2|4|5|7|9,33.1619,252,1
0,b6,5,2|4|5|8|9,28.6685,252,1
0,b6,5,2|4|6|7|8,36.4472,252,1
0,b6,5,2|4|6|7|9,35.6538,252,1
0,b6,5,2|4|6|8|9,31.8722,252,1
0,b6,5,2|4|7|8|9,28.6866,252,1
0,b6,5,2|5|6|7|8,46.5268,252,1
0,b6,5,2|5|6|7|9,51.2511,252,1
0,b6,5,2|5|6|8|9,46.1232,252,1
0,b6,5,2|5|7|8|9,39.5579,252,1
0,b6,5,2|6|7|8|9,40.7212,252,1
0,b6,5,3|4|5|6|7,36.1729,252,1
0,b6,5,3|4|5|6|8,36.7133,252,1
0,b6,5,3|4|5|6|9,37.8471,252,1
0,b6,5,3|4|5|7|8,36.2009,252,1
0,b6,5,3|4|5|7|9,36.1056,252,1
0,b6,5,3|4|5|8|9,33.9839,252,1
0,b6,5,3|4|6|7|8,39.7335,252,1
0,b6,5,3|4|6|7|9,39.5348,252,1
0,b6,5,3|4|6|8|9,36.7287,252,1
0,b6,5,3|4|7|8|9,34.8408,252,1
0,b6,5,3|5|6|7|8,47.5532,252,1
0,b6,5,3|5|6|7|9,52.5580,252,1
0,b6,5,3|5|6|8|9,46.7505,252,1
0,b6,5,3|5|7|8|9,43.0305,252,1
0,b6,5,3|6|7|8|9,41.8109,252,1
0,b6,5,4|5|6|7|8,38.1934,252,1
0,b6,5,4|5|6|7|9,38.9428,252,1
0,b6,5,4|5|6|8|9,34.7134,252,1
0,b6,5,4|5|7|8|9,31.9817,252,1
0,b6,5,4|6|7|8|9,35.2227,252,1
0,b6,5,5|6|7|8|9,39.5587,252,1
0,b6,6,0|1|2|3|4|5,7.9134,210,1
0,b6,6,0|1|2|3|4|6,9.0701,210,1
0,b6,6,0|1|2|3|4|7,6.9929,210,1
0,b6,6,0|1|2|3|4|8,6.1790,210,1
0,b6,6,0|1|2|3|4|9,7.8551,210,1
0,b6,6,0|1|2|3|5|6,15.0264,210,1
0,b6,6,0|1|2|3|5|7,13.8465,210,1
0,b6,6,0|1|2|3|5|8,11.4275,210,1
0,b6,6,0|1|2|3|5|9,14.3596,210,1
0,b6,6,0|1|2|3|6|7,15.9491,210,1
0,b6,6,0|1|2|3|6|8,12.8265,210,1
0,b6,6,0|1|2|3|6|9,14.9797,210,1
0,b6,6,0|1|2|3|7|8,11.8671,210,1
0,b6,6,0|1|2|3|7|9,15.3143,210,1
0,b6,6,0|1|2|3|8|9,9.1949,210,1
0,b6,6,0|1|2|4|5|6,22.0892,210,1
0,b6,6,0|1|2|4|5|7,21.1159,210,1
0,b6,6,0|1|2|4|5|8,21.1714,210,1
0,b6,6,0|1|2|4|5|9,21.0728,210,1
0,b6,6,0|1|2|4|6|7,22.7839,210,1
0,b6,6,0|1|2|4|6|8,22.3433,210,1
0,b6,6,0|1|2|4|6|9,21.2089,210,1
0,b6,6,0|1|2|4|7|8,21.3222,210,1
0,b6,6,0|1|2|4|7|9,20.3682,210,1
0,b6,6,0|1|2|4|8|9,15.0194,210,1
0,b6,6,0|1|2|5|6|7,23.2654,210,1
0,b6,6,0|1|2|5|6|8,20.0210,210,1
0,b6,6,0|1|2|5|6|9,22.6289,210,1
0,b6,6,0|1|2|5|7|8,18.8512,210,1
0,b6,6,0|1|2|5|7|9,20.5572,210,1
0,b6,6,0|1|2|5|8|9,14.5883,210,1
0,b6,6,0|1|2|6|7|8,21.4556,210,1
0,b6,6,0|1|2|6|7|9,22.4806,210,1
0,b6,6,0|1|2|6|8|9,17.4620,210,1
0,b6,6,0|1|2|7|8|9,12.5617,210,1
0,b6,6,0|1|3|4|5|6,19.9809,210,1
0,b6,6,0|1|3|4|5|7,19.5129,210,1
0,b6,6,0|1|3|4|5|8,17.6568,210,1
0,b6,6,0|1|3|4|5|9,21.0001,210,1
0,b6,6,0|1|3|4|6|7,20.6898,210,1
0,b6,6,0|1|3|4|6|8,18.4449,210,1
0,b6,6,0|1|3|4|6|9,21.0403,210,1
0,b6,6,0|1|3|4|7|8,17.2026,210,1
0,b6,6,0|1|3|4|7|9,15.2090,210,1
0,b6,6,0|1|3|4|8|9,12.9319,210,1
0,b6,6,0|1|3|5|6|7,27.6708,210,1
0,b6,6,0|1|3|5|6|8,24.8964,210,1
0,b6,6,0|1|3|5|6|9,27.2523,210,1
0,b6,6,0|1|3|5|7|8,23.1511,210,1
0,b6,6,0|1|3|5|7|9,27.2796,210,1
0,b6,6,0|1|3|5|8|9,19.3074,210,1
0,b6,6,0|1|3|6|7|8,22.6025,210,1
0,b6,6,0|1|3|6|7|9,25.6553,210,1
0,b6,6,0|1|3|6|8|9,19.7759,210,1
0,b6,6,0|1|3|7|8|9,14.0197,210,1
0,b6,6,0|1|4|5|6|7,20.4446,210,1
0,b6,6,0|1|4|5|6|8,19.1293,210,1
0,b6,6,0|1|4|5|6|9,21.0742,210,1
0,b6,6,0|1|4|5|7|8,20.9175,210,1
0,b6,6,0|1|4|5|7|9,17.3864,210,1
0,b6,6,0|1|4|5|8|9,11.2971,210,1
0,b6,6,0|1|4|6|7|8,23.1267,210,1
0,b6,6,0|1|4|6|7|9,21.1039,210,1
0,b6,6,0|1|4|6|8|9,16.8673,210,1
0,b6,6,0|1|4|7|8|9,12.6347,210,1
0,b6,6,0|1|5|6|7|8,19.1337,210,1
0,b6,6,0|1|5|6|7|9,21.9558,210,1
0,b6,6,0|1|5|6|8|9,18.1438,210,1
0,b6,6,0|1|5|7|8|9,10.8117,210,1
0,b6,6,0|1|6|7|8|9,13.1607,210,1
0,b6,6,0|2|3|4|5|6,7.5847,210,1
0,b6,6,0|2|3|4|5|7,7.6183,210,1
0,b6,6,0|2|3|4|5|8,8.1473,210,1
0,b6,6,0|2|3|4|5|9,7.3913,210,1
0,b6,6,0|2|3|4|6|7,8.8029,210,1
0,b6,6,0|2|3|4|6|8,8.8647,210,1
0,b6,6,0|2|3|4|6|9,8.7709,210,1
0,b6,6,0|2|3|4|7|8,9.1406,210,1
0,b6,6,0|2|3|4|7|9,8.9047,210,1
0,b6,6,0|2|3|4|8|9,8.3789,210,1
0,b6,6,0|2|3|5|6|7,26.1021,210,1
0,b6,6,0|2|3|5|6|8,24.8691,210,1
0,b6,6,0|2|3|5|6|9,26.0117,210,1
0,b6,6,0|2|3|5|7|8,23.3427,210,1
0,b6,6,0|2|3|5|7|9,25.5365,210,1
0,b6,6,0|2|3|5|8|9,22.9844,210,1
0,b6,6,0|2|3|6|7|8,23.6936,210,1
0,b6,6,0|2|3|6|7|9,26.8793,210,1
0,b6,6,0|2|3|6|8|9,23.2660,210,1
0,b6,6,0|2|3|7|8|9,22.3180,210,1
0,b6,6,0|2|4|5|6|7,34.6830,210,1
0,b6,6,0|2|4|5|6|8,36.3564,210,1
0,b6,6,0|2|4|5|6|9,31.9893,210,1
0,b6,6,0|2|4|5|7|8,31.1000,210,1
0,b6,6,0|2|4|5|7|9,31.0367,210,1
0,b6,6,0|2|4|5|8|9,27.9162,210,1
0,b6,6,0|2|4|6|7|8,36.4426,210,1
0,b6,6,0|2|4|6|7|9,35.4045,210,1
0,b6,6,0|2|4|6|8|9,34.5855,210,1
0,b6,6,0|2|4|7|8|9,28.7824,210,1
0,b6,6,0|2|5|6|7|8,43.3117,210,1
0,b6,6,0|2|5|6|7|9,47.0076,210,1
0,b6,6,0|2|5|6|8|9,45.0756,210,1
0,b6,6,0|2|5|7|8|9,35.9299,210,1
0,b6,6,0|2|6|7|8|9,38.1290,210,1
0,b6,6,0|3|4|5|6|7,34.9923,210,1
0,b6,6,0|3|4|5|6|8,33.6871,210,1
0,b6,6,0|3|4|5|6|9,36.1802,210,1
0,b6,6,0|3|4|5|7|8,33.9243,210,1
0,b6,6,0|3|4|5|7|9,31.8935,210,1
0,b6,6,0|3|4|5|8|9,29.7676,210,1
0,b6,6,0|3|4|6|7|8,37.4648,210,1
0,b6,6,0|3|4|6|7|9,34.4471,210,1
0,b6,6,0|3|4|6|8|9,36.8593,210,1
0,b6,6,0|3|4|7|8|9,31.6234,210,1
0,b6,6,0|3|5|6|7|8,41.5441,210,1
0,b6,6,0|3|5|6|7|9,43.8431,210,1
0,b6,6,0|3|5|6|8|9,42.6164,210,1
0,b6,6,0|3|5|7|8|9,31.4260,210,1
0,b6,6,0|3|6|7|8|9,34.5099,210,1
0,b6,6,0|4|5|6|7|8,37.4369,210,1
0,b6,6,0|4|5|6|7|9,35.2306,210,1
0,b6,6,0|4|5|6|8|9,35.4279,210,1
0,b6,6,0|4|5|7|8|9,28.4720,210,1
0,b6,6,0|4|6|7|8|9,35.5989,210,1
0,b6,6,0|5|6|7|8|9,22.3928,210,1
0,b6,6,1|2|3|4|5|6,16.7835,210,1
0,b6,6,1|2|3|4|5|7,15.4098,210,1
0,b6,6,1|2|3|4|5|8,14.0210,210,1
0,b6,6,1|2|3|4|5|9,16.3036,210,1
0,b6,6,1|2|3|4|6|7,16.7025,210,1
0,b6,6,1|2|3|4|6|8,15.4739,210,1
0,b6,6,1|2|3|4|6|9,15.6318,210,1
0,b6,6,1|2|3|4|7|8,13.8671,210,1
0,b6,6,1|2|3|4|7|9,14.9455,210,1
0,b6,6,1|2|3|4|8|9,9.9672,210,1
0,b6,6,1|2|3|5|6|7,25.3261,210,1
0,b6,6,1|2|3|5|6|8,22.2573,210,1
0,b6,6,1|2|3|5|6|9,23.8088,210,1
0,b6,6,1|2|3|5|7|8,22.6786,210,1
0,b6,6,1|2|3|5|7|9,23.7776,210,1
0,b6,6,1|2|3|5|8|9,18.8469,210,1
0,b6,6,1|2|3|6|7|8,23.0851,210,1
0,b6,6,1|2|3|6|7|9,24.1130,210,1
0,b6,6,1|2|3|6|8|9,19.7370,210,1
0,b6,6,1|2|3|7|8|9,18.0591,210,1
0,b6,6,1|2|4|5|6|7,28.0210,210,1
0,b6,6,1|2|4|5|6|8,26.7927,210,1
0,b6,6,1|2|4|5|6|9,28.0707,210,1
0,b6,6,1|2|4|5|7|8,24.8919,210,1
0,b6,6,1|2|4|5|7|9,25.4100,210,1
0,b6,6,1|2|4|5|8|9,20.1409,210,1
0,b6,6,1|2|4|6|7|8,27.3993,210,1
0,b6,6,1|2|4|6|7|9,27.2847,210,1
0,b6,6,1|2|4|6|8|9,23.4952,210,1
0,b6,6,1|2|4|7|8|9,20.5136,210,1
0,b6,6,1|2|5|6|7|8,28.5433,210,1
0,b6,6,1|2|5|6|7|9,30.7097,210,1
0,b6,6,1|2|5|6|8|9,24.9837,210,1
0,b6,6,1|2|5|7|8|9,19.6975,210,1
0,b6,6,1|2|6|7|8|9,24.8690,210,1
0,b6,6,1|3|4|5|6|7,26.6322,210,1
0,b6,6,1|3|4|5|6|8,26.4369,210,1
0,b6,6,1|3|4|5|6|9,27.3842,210,1
0,b6,6,1|3|4|5|7|8,25.9076,210,1
0,b6,6,1|3|4|5|7|9,22.5722,210,1
0,b6,6,1|3|4|5|8|9,20.5550,210,1
0,b6,6,1|3|4|6|7|8,26.6998,210,1
0,b6,6,1|3|4|6|7|9,25.3102,210,1
0,b6,6,1|3|4|6|8|9,23.1533,210,1
0,b6,6,1|3|4|7|8|9,18.0479,210,1
0,b6,6,1|3|5|6|7|8,33.0764,210,1
0,b6,6,1|3|5|6|7|9,33.5805,210,1
0,b6,6,1|3|5|6|8|9,29.1774,210,1
0,b6,6,1|3|5|7|8|9,23.2895,210,1
0,b6,6,1|3|6|7|8|9,25.1773,210,1
0,b6,6,1|4|5|6|7|8,24.8699,210,1
0,b6,6,1|4|5|6|7|9,23.2810,210,1
0,b6,6,1|4|5|6|8|9,20.7509,210,1
0,b6,6,1|4|5|7|8|9,13.1647,210,1
0,b6,6,1|4|6|7|8|9,19.9938,210,1
0,b6,6,1|5|6|7|8|9,18.7949,210,1
0,b6,6,2|3|4|5|6|7,7.9403,210,1
0,b6,6,2|3|4|5|6|8,9.5107,210,1
0,b6,6,2|3|4|5|6|9,7.5277,210,1
0,b6,6,2|3|4|5|7|8,9.0771,210,1
0,b6,6,2|3|4|5|7|9,8.7179,210,1
0,b6,6,2|3|4|5|8|9,8.1023,210,1
0,b6,6,2|3|4|6|7|8,9.3966,210,1
0,b6,6,2|3|4|6|7|9,8.9362,210,1
0,b6,6,2|3|4|6|8|9,8.8753,210,1
0,b6,6,2|3|4|7|8|9,8.3588,210,1
0,b6,6,2|3|5|6|7|8,26.0741,210,1
0,b6,6,2|3|5|6|7|9,26.3624,210,1
0,b6,6,2|3|5|6|8|9,23.2515,210,1
0,b6,6,2|3|5|7|8|9,22.8437,210,1
0,b6,6,2|3|6|7|8|9,25.0075,210,1
0,b6,6,2|4|5|6|7|8,33.2061,210,1
0,b6,6,2|4|5|6|7|9,31.9533,210,1
0,b6,6,2|4|5|6|8|9,28.6741,210,1
0,b6,6,2|4|5|7|8|9,25.1146,210,1
0,b6,6,2|4|6|7|8|9,29.2236,210,1
0,b6,6,2|5|6|7|8|9,37.9556,210,1
0,b6,6,3|4|5|6|7|8,34.3206,210,1
0,b6,6,3|4|5|6|7|9,34.7792,210,1
0,b6,6,3|4|5|6|8|9,31.5091,210,1
0,b6,6,3|4|5|7|8|9,28.4142,210,1
0,b6,6,3|4|6|7|8|9,35.4568,210,1
0,b6,6,3|5|6|7|8|9,33.5334,210,1
0,b6,6,4|5|6|7|8|9,27.4589,210,1
0,proposed,0,,69.6065,1,1
0,proposed,1,0,68.1744,10,1
0,proposed,1,1,63.1241,10,1
0,proposed,1,2,68.6477,10,1
0,proposed,1,3,69.4581,10,1
0,proposed,1,4,67.5295,10,1
0,proposed,1,5,69.4295,10,1
0,proposed,1,6,68.1016,10,1
0,proposed,1,7,70.8153,10,1
0,proposed,1,8,66.7860,10,1
0,proposed,1,9,70.7379,10,1
0,proposed,2,0|1,52.7621,45,1
0,proposed,2,0|2,66.9521,45,1
0,proposed,2,0|3,67.2387,45,1
0,proposed,2,0|4,67.6842,45,1
0,proposed,2,0|5,68.7054,45,1
0,proposed,2,0|6,65.3502,45,1
0,proposed,2,0|7,69.3955,45,1
0,proposed,2,0|8,65.5796,45,1
0,proposed,2,0|9,70.0572,45,1
0,proposed,2,1|2,61.1729,45,1
0,proposed,2,1|3,62.6945,45,1
0,proposed,2,1|4,61.7263,45,1
0,proposed,2,1|5,60.6571,45,1
0,proposed,2,1|6,61.8528,45,1
0,proposed,2,1|7,61.8089,45,1
0,proposed,2,1|8,59.1096,45,1
0,proposed,2,1|9,62.5164,45,1
0,proposed,2,2|3,61.6865,45,1
0,proposed,2,2|4,65.6924,45,1
0,proposed,2,2|5,67.9574,45,1
0,proposed,2,2|6,65.9598,45,1
0,proposed,2,2|7,68.0267,45,1
0,proposed,2,2|8,65.5862,45,1
0,proposed,2,2|9,69.0888,45,1
0,proposed,2,3|4,63.5364,45,1
0,proposed,2,3|5,68.0551,45,1
0,proposed,2,3|6,66.6472,45,1
0,proposed,2,3|7,70.5529,45,1
0,proposed,2,3|8,65.6803,45,1
0,proposed,2,3|9,70.4831,45,1
0,proposed,2,4|5,66.2361,45,1
0,proposed,2,4|6,64.6482,45,1
0,proposed,2,4|7,68.6934,45,1
0,proposed,2,4|8,63.3335,45,1
0,proposed,2,4|9,67.8562,45,1
0,proposed,2,5|6,63.5821,45,1
0,proposed,2,5|7,69.2139,45,1
0,proposed,2,5|8,66.1927,45,1
0,proposed,2,5|9,70.3407,45,1
0,proposed,2,6|7,67.6178,45,1
0,proposed,2,6|8,65.7283,45,1
0,proposed,2,6|9,67.4236,45,1
0,proposed,2,7|8,61.1484,45,1
0,proposed,2,7|9,72.0846,45,1
0,proposed,2,8|9,66.4567,45,1
0,proposed,3,0|1|2,47.0212,120,1
0,proposed,3,0|1|3,50.7217,120,1
0,proposed,3,0|1|4,50.6720,120,1
0,proposed,3,0|1|5,46.9171,120,1
0,proposed,3,0|1|6,51.0424,120,1
0,proposed,3,0|1|7,49.8013,120,1
0,proposed,3,0|1|8,49.4733,120,1
0,proposed,3,0|1|9,52.9805,120,1
0,proposed,3,0|2|3,57.9733,120,1
0,proposed,3,0|2|4,66.5901,120,1
0,proposed,3,0|2|5,66.2533,120,1
0,proposed,3,0|2|6,63.8246,120,1
0,proposed,3,0|2|7,66.8406,120,1
0,proposed,3,0|2|8,65.4180,120,1
0,proposed,3,0|2|9,67.5885,120,1
0,proposed,3,0|3|4,60.6049,120,1
0,proposed,3,0|3|5,66.7675,120,1
0,proposed,3,0|3|6,64.2459,120,1
0,proposed,3,0|3|7,66.4128,120,1
0,proposed,3,0|3|8,63.0524,120,1
0,proposed,3,0|3|9,67.6103,120,1
0,proposed,3,0|4|5,65.5970,120,1
0,proposed,3,0|4|6,62.7284,120,1
0,proposed,3,0|4|7,68.2738,120,1
0,proposed,3,0|4|8,62.7801,120,1
0,proposed,3,0|4|9,69.0044,120,1
0,proposed,3,0|5|6,61.1575,120,1
0,proposed,3,0|5|7,67.7998,120,1
0,proposed,3,0|5|8,63.6911,120,1
0,proposed,3,0|5|9,69.6288,120,1
0,proposed,3,0|6|7,64.3246,120,1
0,proposed,3,0|6|8,61.3287,120,1
0,proposed,3,0|6|9,65.4251,120,1
0,proposed,3,0|7|8,58.7713,120,1
0,proposed,3,0|7|9,68.8500,120,1
0,proposed,3,0|8|9,62.0854,120,1
0,proposed,3,1|2|3,47.1203,120,1
0,proposed,3,1|2|4,58.8079,120,1
0,proposed,3,1|2|5,58.8976,120,1
0,proposed,3,1|2|6,60.1287,120,1
0,proposed,3,1|2|7,59.9633,120,1
0,proposed,3,1|2|8,57.1416,120,1
0,proposed,3,1|2|9,60.5026,120,1
0,proposed,3,1|3|4,58.5190,120,1
0,proposed,3,1|3|5,61.0462,120,1
0,proposed,3,1|3|6,61.2769,120,1
0,proposed,3,1|3|7,61.0726,120,1
0,proposed,3,1|3|8,59.0928,120,1
0,proposed,3,1|3|9,62.5171,120,1
0,proposed,3,1|4|5,59.3488,120,1
0,proposed,3,1|4|6,59.7587,120,1
0,proposed,3,1|4|7,60.7548,120,1
0,proposed,3,1|4|8,56.7781,120,1
0,proposed,3,1|4|9,61.7385,120,1
0,proposed,3,1|5|6,53.8261,120,1
0,proposed,3,1|5|7,58.7158,120,1
0,proposed,3,1|5|8,57.2186,120,1
0,proposed,3,1|5|9,61.1120,120,1
0,proposed,3,1|6|7,60.4130,120,1
0,proposed,3,1|6|8,58.5657,120,1
0,proposed,3,1|6|9,61.9628,120,1
0,proposed,3,1|7|8,55.6783,120,1
0,proposed,3,1|7|9,61.8344,120,1
0,proposed,3,1|8|9,56.4008,120,1
0,proposed,3,2|3|4,51.6976,120,1
0,proposed,3,2|3|5,61.1954,120,1
0,proposed,3,2|3|6,58.0110,120,1
0,proposed,3,2|3|7,60.7446,120,1
0,proposed,3,2|3|8,58.7464,120,1
0,proposed,3,2|3|9,62.5242,120,1
0,proposed,3,2|4|5,64.3538,120,1
0,proposed,3,2|4|6,62.1929,120,1
0,proposed,3,2|4|7,66.3228,120,1
0,proposed,3,2|4|8,61.5339,120,1
0,proposed,3,2|4|9,67.7926,120,1
0,proposed,3,2|5|6,63.1153,120,1
0,proposed,3,2|5|7,67.9450,120,1
0,proposed,3,2|5|8,65.6582,120,1
0,proposed,3,2|5|9,70.5494,120,1
0,proposed,3,2|6|7,65.5852,120,1
0,proposed,3,2|6|8,63.7621,120,1
0,proposed,3,2|6|9,65.9227,120,1
0,proposed,3,2|7|8,59.5077,120,1
0,proposed,3,2|7|9,69.6215,120,1
0,proposed,3,2|8|9,65.0294,120,1
0,proposed,3,3|4|5,61.2852,120,1
0,proposed,3,3|4|6,62.3280,120,1
0,proposed,3,3|4|7,65.4569,120,1
0,proposed,3,3|4|8,60.1025,120,1
0,proposed,3,3|4|9,63.1993,120,1
0,proposed,3,3|5|6,61.3591,120,1
0,proposed,3,3|5|7,69.0529,120,1
0,proposed,3,3|5|8,65.3440,120,1
0,proposed,3,3|5|9,69.3549,120,1
0,proposed,3,3|6|7,65.7777,120,1
0,proposed,3,3|6|8,63.8525,120,1
0,proposed,3,3|6|9,66.0917,120,1
0,proposed,3,3|7|8,63.9096,120,1
0,proposed,3,3|7|9,70.5176,120,1
0,proposed,3,3|8|9,64.0801,120,1
0,proposed,3,4|5|6,53.6094,120,1
0,proposed,3,4|5|7,66.9721,120,1
0,proposed,3,4|5|8,62.5017,120,1
0,proposed,3,4|5|9,67.1781,120,1
0,proposed,3,4|6|7,64.4484,120,1
0,proposed,3,4|6|8,61.8326,120,1
0,proposed,3,4|6|9,64.4639,120,1
0,proposed,3,4|7|8,58.4948,120,1
0,proposed,3,4|7|9,70.5229,120,1
0,proposed,3,4|8|9,63.9588,120,1
0,proposed,3,5|6|7,58.8746,120,1
0,proposed,3,5|6|8,61.8598,120,1
0,proposed,3,5|6|9,62.5177,120,1
0,proposed,3,5|7|8,57.4402,120,1
0,proposed,3,5|7|9,71.0825,120,1
0,proposed,3,5|8|9,65.6743,120,1
0,proposed,3,6|7|8,58.2409,120,1
0,proposed,3,6|7|9,67.1124,120,1
0,proposed,3,6|8|9,61.2591,120,1
0,proposed,3,7|8|9,44.4086,120,1
0,proposed,4,0|1|2|3,33.8494,210,1
0,proposed,4,0|1|2|4,45.3833,210,1
0,proposed,4,0|1|2|5,43.5547,210,1
0,proposed,4,0|1|2|6,45.5330,210,1
0,proposed,4,0|1|2|7,46.0594,210,1
0,proposed,4,0|1|2|8,44.5726,210,1
0,proposed,4,0|1|2|9,47.4381,210,1
0,proposed,4,0|1|3|4,45.0521,210,1
0,proposed,4,0|1|3|5,45.9233,210,1
0,proposed,4,0|1|3|6,47.9241,210,1
0,proposed,4,0|1|3|7,47.4513,210,1
0,proposed,4,0|1|3|8,47.3721,210,1
0,proposed,4,0|1|3|9,50.2829,210,1
0,proposed,4,0|1|4|5,46.4038,210,1
0,proposed,4,0|1|4|6,49.7645,210,1
0,proposed,4,0|1|4|7,47.9041,210,1
0,proposed,4,0|1|4|8,43.1073,210,1
0,proposed,4,0|1|4|9,49.9136,210,1
0,proposed,4,0|1|5|6,39.2994,210,1
0,proposed,4,0|1|5|7,42.4329,210,1
0,proposed,4,0|1|5|8,44.5049,210,1
0,proposed,4,0|1|5|9,47.5816,210,1
0,proposed,4,0|1|6|7,47.7992,210,1
0,proposed,4,0|1|6|8,47.4947,210,1
0,proposed,4,0|1|6|9,51.7224,210,1
0,proposed,4,0|1|7|8,41.5243,210,1
0,proposed,4,0|1|7|9,48.7627,210,1
0,proposed,4,0|1|8|9,41.6945,210,1
0,proposed,4,0|2|3|4,44.8402,210,1
0,proposed,4,0|2|3|5,57.4294,210,1
0,proposed,4,0|2|3|6,55.3973,210,1
0,proposed,4,0|2|3|7,55.1971,210,1
0,proposed,4,0|2|3|8,55.4203,210,1
0,proposed,4,0|2|3|9,57.3786,210,1
0,proposed,4,0|2|4|5,63.9991,210,1
0,proposed,4,0|2|4|6,59.5347,210,1
0,proposed,4,0|2|4|7,66.6441,210,1
0,proposed,4,0|2|4|8,61.7304,210,1
0,proposed,4,0|2|4|9,65.7279,210,1
0,proposed,4,0|2|5|6,59.3931,210,1
0,proposed,4,0|2|5|7,65.4491,210,1
0,proposed,4,0|2|5|8,64.3455,210,1
0,proposed,4,0|2|5|9,67.9597,210,1
0,proposed,4,0|2|6|7,62.0196,210,1
0,proposed,4,0|2|6|8,60.4683,210,1
0,proposed,4,0|2|6|9,62.3526,210,1
0,proposed,4,0|2|7|8,58.1599,210,1
0,proposed,4,0|2|7|9,66.6056,210,1
0,proposed,4,0|2|8|9,60.5851,210,1
0,proposed,4,0|3|4|5,57.8296,210,1
0,proposed,4,0|3|4|6,58.6916,210,1
0,proposed,4,0|3|4|7,61.7269,210,1
0,proposed,4,0|3|4|8,56.4783,210,1
0,proposed,4,0|3|4|9,61.3986,210,1
0,proposed,4,0|3|5|6,58.6368,210,1
0,proposed,4,0|3|5|7,66.0308,210,1
0,proposed,4,0|3|5|8,62.9198,210,1
0,proposed,4,0|3|5|9,66.7825,210,1
0,proposed,4,0|3|6|7,62.4665,210,1
0,proposed,4,0|3|6|8,61.3978,210,1
0,proposed,4,0|3|6|9,63.9481,210,1
0,proposed,4,0|3|7|8,60.0510,210,1
0,proposed,4,0|3|7|9,66.5644,210,1
0,proposed,4,0|3|8|9,57.9197,210,1
0,proposed,4,0|4|5|6,49.4185,210,1
0,proposed,4,0|4|5|7,66.4704,210,1
0,proposed,4,0|4|5|8,59.9766,210,1
0,proposed,4,0|4|5|9,66.4249,210,1
0,proposed,4,0|4|6|7,62.7058,210,1
0,proposed,4,0|4|6|8,57.9208,210,1
0,proposed,4,0|4|6|9,63.5956,210,1
0,proposed,4,0|4|7|8,57.4538,210,1
0,proposed,4,0|4|7|9,67.5703,210,1
0,proposed,4,0|4|8|9,59.4152,210,1
0,proposed,4,0|5|6|7,54.6410,210,1
0,proposed,4,0|5|6|8,56.0314,210,1
0,proposed,4,0|5|6|9,59.0837,210,1
0,proposed,4,0|5|7|8,54.1534,210,1
0,proposed,4,0|5|7|9,66.9756,210,1
0,proposed,4,0|5|8|9,62.9555,210,1
0,proposed,4,0|6|7|8,54.7093,210,1
0,proposed,4,0|6|7|9,65.3541,210,1
0,proposed,4,0|6|8|9,58.7030,210,1
0,proposed,4,0|7|8|9,36.4927,210,1
0,proposed,4,1|2|3|4,33.7854,210,1
0,proposed,4,1|2|3|5,45.7519,210,1
0,proposed,4,1|2|3|6,46.4486,210,1
0,proposed,4,1|2|3|7,42.8379,210,1
0,proposed,4,1|2|3|8,46.1292,210,1
0,proposed,4,1|2|3|9,48.1090,210,1
0,proposed,4,1|2|4|5,56.6801,210,1
0,proposed,4,1|2|4|6,56.5174,210,1
0,proposed,4,1|2|4|7,58.0465,210,1
0,proposed,4,1|2|4|8,53.9747,210,1
0,proposed,4,1|2|4|9,59.1596,210,1
0,proposed,4,1|2|5|6,52.7729,210,1
0,proposed,4,1|2|5|7,56.6976,210,1
0,proposed,4,1|2|5|8,55.1548,210,1
0,proposed,4,1|2|5|9,59.5330,210,1
0,proposed,4,1|2|6|7,59.3191,210,1
0,proposed,4,1|2|6|8,56.4707,210,1
0,proposed,4,1|2|6|9,60.8239,210,1
0,proposed,4,1|2|7|8,53.4170,210,1
0,proposed,4,1|2|7|9,60.3183,210,1
0,proposed,4,1|2|8|9,52.5254,210,1
0,proposed,4,1|3|4|5,55.7042,210,1
0,proposed,4,1|3|4|6,55.0244,210,1
0,proposed,4,1|3|4|7,57.3912,210,1
0,proposed,4,1|3|4|8,53.1539,210,1
0,proposed,4,1|3|4|9,58.1750,210,1
0,proposed,4,1|3|5|6,52.6519,210,1
0,proposed,4,1|3|5|7,58.4049,210,1
0,proposed,4,1|3|5|8,56.3383,210,1
0,proposed,4,1|3|5|9,61.8860,210,1
0,proposed,4,1|3|6|7,59.1263,210,1
0,proposed,4,1|3|6|8,56.8677,210,1
0,proposed,4,1|3|6|9,60.8258,210,1
0,proposed,4,1|3|7|8,55.5559,210,1
0,proposed,4,1|3|7|9,60.4238,210,1
0,proposed,4,1|3|8|9,53.1783,210,1
0,proposed,4,1|4|5|6,44.1464,210,1
0,proposed,4,1|4|5|7,56.7003,210,1
0,proposed,4,1|4|5|8,55.1194,210,1
0,proposed,4,1|4|5|9,59.4322,210,1
0,proposed,4,1|4|6|7,58.0818,210,1
0,proposed,4,1|4|6|8,54.7268,210,1
0,proposed,4,1|4|6|9,59.6934,210,1
0,proposed,4,1|4|7|8,53.4818,210,1
0,proposed,4,1|4|7|9,60.7387,210,1
0,proposed,4,1|4|8|9,53.8605,210,1
0,proposed,4,1|5|6|7,48.4329,210,1
0,proposed,4,1|5|6|8,53.3397,210,1
0,proposed,4,1|5|6|9,54.6651,210,1
0,proposed,4,1|5|7|8,51.2423,210,1
0,proposed,4,1|5|7|9,58.8318,210,1
0,proposed,4,1|5|8|9,54.9888,210,1
0,proposed,4,1|6|7|8,53.6984,210,1
0,proposed,4,1|6|7|9,60.1317,210,1
0,proposed,4,1|6|8|9,55.7086,210,1
0,proposed,4,1|7|8|9,34.0990,210,1
0,proposed,4,2|3|4|5,45.0966,210,1
0,proposed,4,2|3|4|6,47.2629,210,1
0,proposed,4,2|3|4|7,50.3219,210,1
0,proposed,4,2|3|4|8,47.7619,210,1
0,proposed,4,2|3|4|9,52.3130,210,1
0,proposed,4,2|3|5|6,52.0158,210,1
0,proposed,4,2|3|5|7,59.7726,210,1
0,proposed,4,2|3|5|8,58.1994,210,1
0,proposed,4,2|3|5|9,63.0318,210,1
0,proposed,4,2|3|6|7,55.4283,210,1
0,proposed,4,2|3|6|8,55.5052,210,1
0,proposed,4,2|3|6|9,57.4783,210,1
0,proposed,4,2|3|7|8,56.7032,210,1
0,proposed,4,2|3|7|9,61.6293,210,1
0,proposed,4,2|3|8|9,56.7955,210,1
0,proposed,4,2|4|5|6,52.6545,210,1
0,proposed,4,2|4|5|7,64.8114,210,1
0,proposed,4,2|4|5|8,59.5291,210,1
0,proposed,4,2|4|5|9,67.0233,210,1
0,proposed,4,2|4|6|7,62.0700,210,1
0,proposed,4,2|4|6|8,58.8832,210,1
0,proposed,4,2|4|6|9,62.1566,210,1
0,proposed,4,2|4|7|8,56.4077,210,1
0,proposed,4,2|4|7|9,67.8241,210,1
0,proposed,4,2|4|8|9,61.4365,210,1
0,proposed,4,2|5|6|7,56.6926,210,1
0,proposed,4,2|5|6|8,61.0684,210,1
0,proposed,4,2|5|6|9,62.7976,210,1
0,proposed,4,2|5|7|8,56.2918,210,1
0,proposed,4,2|5|7|9,68.6085,210,1
0,proposed,4,2|5|8|9,64.7294,210,1
0,proposed,4,2|6|7|8,55.5306,210,1
0,proposed,4,2|6|7|9,64.7629,210,1
0,proposed,4,2|6|8|9,60.9581,210,1
0,proposed,4,2|7|8|9,43.9255,210,1
0,proposed,4,3|4|5|6,50.2008,210,1
0,proposed,4,3|4|5|7,62.9995,210,1
0,proposed,4,3|4|5|8,58.0490,210,1
0,proposed,4,3|4|5|9,62.4640,210,1
0,proposed,4,3|4|6|7,62.6433,210,1
0,proposed,4,3|4|6|8,58.6439,210,1
0,proposed,4,3|4|6|9,61.8256,210,1
0,proposed,4,3|4|7|8,57.3829,210,1
0,proposed,4,3|4|7|9,65.7894,210,1
0,proposed,4,3|4|8|9,56.5670,210,1
0,proposed,4,3|5|6|7,57.4228,210,1
0,proposed,4,3|5|6|8,59.9194,210,1
0,proposed,4,3|5|6|9,60.8039,210,1
0,proposed,4,3|5|7|8,59.6852,210,1
0,proposed,4,3|5|7|9,69.4237,210,1
0,proposed,4,3|5|8|9,64.4546,210,1
0,proposed,4,3|6|7|8,58.7260,210,1
0,proposed,4,3|6|7|9,66.2097,210,1
0,proposed,4,3|6|8|9,60.2848,210,1
0,proposed,4,3|7|8|9,44.4521,210,1
0,proposed,4,4|5|6|7,43.5318,210,1
0,proposed,4,4|5|6|8,55.3603,210,1
0,proposed,4,4|5|6|9,52.3945,210,1
0,proposed,4,4|5|7|8,54.3022,210,1
0,proposed,4,4|5|7|9,69.2789,210,1
0,proposed,4,4|5|8|9,63.8866,210,1
0,proposed,4,4|6|7|8,53.8890,210,1
0,proposed,4,4|6|7|9,64.7462,210,1
0,proposed,4,4|6|8|9,58.8324,210,1
0,proposed,4,4|7|8|9,41.7487,210,1
0,proposed,4,5|6|7|8,52.0363,210,1
0,proposed,4,5|6|7|9,59.3214,210,1
0,proposed,4,5|6|8|9,59.1212,210,1
0,proposed,4,5|7|8|9,37.5530,210,1
0,proposed,4,6|7|8|9,39.4555,210,1
0,proposed,5,0|1|2|3|4,24.8477,252,1
0,proposed,5,0|1|2|3|5,30.3647,252,1
0,proposed,5,0|1|2|3|6,31.2715,252,1
0,proposed,5,0|1|2|3|7,30.0933,252,1
0,proposed,5,0|1|2|3|8,31.4155,252,1
0,proposed,5,0|1|2|3|9,32.6772,252,1
0,proposed,5,0|1|2|4|5,40.6177,252,1
0,proposed,5,0|1|2|4|6,43.1534,252,1
0,proposed,5,0|1|2|4|7,45.1900,252,1
0,proposed,5,0|1|2|4|8,40.7306,252,1
0,proposed,5,0|1|2|4|9,46.6496,252,1
0,proposed,5,0|1|2|5|6,36.2144,252,1
0,proposed,5,0|1|2|5|7,40.3119,252,1
0,proposed,5,0|1|2|5|8,40.8191,252,1
0,proposed,5,0|1|2|5|9,44.2118,252,1
0,proposed,5,0|1|2|6|7,42.6959,252,1
0,proposed,5,0|1|2|6|8,43.2821,252,1
0,proposed,5,0|1|2|6|9,45.8133,252,1
0,proposed,5,0|1|2|7|8,37.3589,252,1
0,proposed,5,0|1|2|7|9,45.4701,252,1
0,proposed,5,0|1|2|8|9,36.7433,252,1
0,proposed,5,0|1|3|4|5,42.0087,252,1
0,proposed,5,0|1|3|4|6,42.0775,252,1
0,proposed,5,0|1|3|4|7,44.1308,252,1
0,proposed,5,0|1|3|4|8,35.6494,252,1
0,proposed,5,0|1|3|4|9,45.3212,252,1
0,proposed,5,0|1|3|5|6,36.3668,252,1
0,proposed,5,0|1|3|5|7,40.4702,252,1
0,proposed,5,0|1|3|5|8,43.1629,252,1
0,proposed,5,0|1|3|5|9,46.2521,252,1
0,proposed,5,0|1|3|6|7,43.8985,252,1
0,proposed,5,0|1|3|6|8,43.0727,252,1
0,proposed,5,0|1|3|6|9,48.1684,252,1
0,proposed,5,0|1|3|7|8,40.7311,252,1
0,proposed,5,0|1|3|7|9,47.0539,252,1
0,proposed,5,0|1|3|8|9,35.9134,252,1
0,proposed,5,0|1|4|5|6,33.2142,252,1
0,proposed,5,0|1|4|5|7,41.1245,252,1
0,proposed,5,0|1|4|5|8,41.2811,252,1
0,proposed,5,0|1|4|5|9,46.0206,252,1
0,proposed,5,0|1|4|6|7,44.7480,252,1
0,proposed,5,0|1|4|6|8,41.5900,252,1
0,proposed,5,0|1|4|6|9,48.9585,252,1
0,proposed,5,0|1|4|7|8,39.3818,252,1
0,proposed,5,0|1|4|7|9,47.3181,252,1
0,proposed,5,0|1|4|8|9,35.4487,252,1
0,proposed,5,0|1|5|6|7,32.7194,252,1
0,proposed,5,0|1|5|6|8,36.1941,252,1
0,proposed,5,0|1|5|6|9,38.9115,252,1
0,proposed,5,0|1|5|7|8,34.0185,252,1
0,proposed,5,0|1|5|7|9,42.2713,252,1
0,proposed,5,0|1|5|8|9,38.6928,252,1
0,proposed,5,0|1|6|7|8,38.4775,252,1
0,proposed,5,0|1|6|7|9,45.5038,252,1
0,proposed,5,0|1|6|8|9,42.5822,252,1
0,proposed,5,0|1|7|8|9,20.9900,252,1
0,proposed,5,0|2|3|4|5,33.0135,252,1
0,proposed,5,0|2|3|4|6,37.6102,252,1
0,proposed,5,0|2|3|4|7,41.6586,252,1
0,proposed,5,0|2|3|4|8,41.4548,252,1
0,proposed,5,0|2|3|4|9,45.2072,252,1
0,proposed,5,0|2|3|5|6,49.9069,252,1
0,proposed,5,0|2|3|5|7,51.1163,252,1
0,proposed,5,0|2|3|5|8,55.0162,252,1
0,proposed,5,0|2|3|5|9,56.9851,252,1
0,proposed,5,0|2|3|6|7,52.1860,252,1
0,proposed,5,0|2|3|6|8,53.2811,252,1
0,proposed,5,0|2|3|6|9,54.5894,252,1
0,proposed,5,0|2|3|7|8,48.6675,252,1
0,proposed,5,0|2|3|7|9,52.4833,252,1
0,proposed,5,0|2|3|8|9,49.3983,252,1
0,proposed,5,0|2|4|5|6,48.3557,252,1
0,proposed,5,0|2|4|5|7,63.7959,252,1
0,proposed,5,0|2|4|5|8,59.0105,252,1
0,proposed,5,0|2|4|5|9,64.5844,252,1
0,proposed,5,0|2|4|6|7,60.6312,252,1
0,proposed,5,0|2|4|6|8,56.5127,252,1
0,proposed,5,0|2|4|6|9,61.7091,252,1
0,proposed,5,0|2|4|7|8,55.3645,252,1
0,proposed,5,0|2|4|7|9,65.4109,252,1
0,proposed,5,0|2|4|8|9,57.8125,252,1
0,proposed,5,0|2|5|6|7,52.0351,252,1
0,proposed,5,0|2|5|6|8,57.1500,252,1
0,proposed,5,0|2|5|6|9,59.7253,252,1
0,proposed,5,0|2|5|7|8,54.7488,252,1
0,proposed,5,0|2|5|7|9,64.9536,252,1
0,proposed,5,0|2|5|8|9,61.7479,252,1
0,proposed,5,0|2|6|7|8,53.5244,252,1
0,proposed,5,0|2|6|7|9,62.8763,252,1
0,proposed,5,0|2|6|8|9,59.3316,252,1
0,proposed,5,0|2|7|8|9,36.2144,252,1
0,proposed,5,0|3|4|5|6,46.8580,252,1
0,proposed,5,0|3|4|5|7,58.2221,252,1
0,proposed,5,0|3|4|5|8,52.7687,252,1
0,proposed,5,0|3|4|5|9,57.7198,252,1
0,proposed,5,0|3|4|6|7,58.9189,252,1
0,proposed,5,0|3|4|6|8,55.1929,252,1
0,proposed,5,0|3|4|6|9,59.4371,252,1
0,proposed,5,0|3|4|7|8,56.3657,252,1
0,proposed,5,0|3|4|7|9,63.7065,252,1
0,proposed,5,0|3|4|8|9,52.4463,252,1
0,proposed,5,0|3|5|6|7,54.2040,252,1
0,proposed,5,0|3|5|6|8,56.7748,252,1
0,proposed,5,0|3|5|6|9,58.0656,252,1
0,proposed,5,0|3|5|7|8,54.2278,252,1
0,proposed,5,0|3|5|7|9,65.9028,252,1
0,proposed,5,0|3|5|8|9,59.5245,252,1
0,proposed,5,0|3|6|7|8,54.3923,252,1
0,proposed,5,0|3|6|7|9,63.3590,252,1
0,proposed,5,0|3|6|8|9,57.8550,252,1
0,proposed,5,0|3|7|8|9,36.8812,252,1
0,proposed,5,0|4|5|6|7,41.8204,252,1
0,proposed,5,0|4|5|6|8,49.4428,252,1
0,proposed,5,0|4|5|6|9,48.4655,252,1
0,proposed,5,0|4|5|7|8,52.2464,252,1
0,proposed,5,0|4|5|7|9,64.0687,252,1
0,proposed,5,0|4|5|8|9,58.4611,252,1
0,proposed,5,0|4|6|7|8,51.3834,252,1
0,proposed,5,0|4|6|7|9,64.1435,252,1
0,proposed,5,0|4|6|8|9,56.6741,252,1
0,proposed,5,0|4|7|8|9,33.0406,252,1
0,proposed,5,0|5|6|7|8,46.3965,252,1
0,proposed,5,0|5|6|7|9,55.8158,252,1
0,proposed,5,0|5|6|8|9,55.2399,252,1
0,proposed,5,0|5|7|8|9,29.4653,252,1
0,proposed,5,0|6|7|8|9,28.1043,252,1
0,proposed,5,1|2|3|4|5,29.5407,252,1
0,proposed,5,1|2|3|4|6,29.9586,252,1
0,proposed,5,1|2|3|4|7,31.7739,252,1
0,proposed,5,1|2|3|4|8,30.9533,252,1
0,proposed,5,1|2|3|4|9,34.9433,252,1
0,proposed,5,1|2|3|5|6,40.1249,252,1
0,proposed,5,1|2|3|5|7,42.2572,252,1
0,proposed,5,1|2|3|5|8,44.2466,252,1
0,proposed,5,1|2|3|5|9,46.4101,252,1
0,proposed,5,1|2|3|6|7,42.2813,252,1
0,proposed,5,1|2|3|6|8,44.0058,252,1
0,proposed,5,1|2|3|6|9,47.6583,252,1
0,proposed,5,1|2|3|7|8,39.8034,252,1
0,proposed,5,1|2|3|7|9,45.0960,252,1
0,proposed,5,1|2|3|8|9,41.4930,252,1
0,proposed,5,1|2|4|5|6,42.8472,252,1
0,proposed,5,1|2|4|5|7,54.2570,252,1
0,proposed,5,1|2|4|5|8,51.4539,252,1
0,proposed,5,1|2|4|5|9,57.2611,252,1
0,proposed,5,1|2|4|6|7,55.5181,252,1
0,proposed,5,1|2|4|6|8,51.8491,252,1
0,proposed,5,1|2|4|6|9,56.5316,252,1
0,proposed,5,1|2|4|7|8,50.0812,252,1
0,proposed,5,1|2|4|7|9,58.3653,252,1
0,proposed,5,1|2|4|8|9,50.0371,252,1
0,proposed,5,1|2|5|6|7,47.1571,252,1
0,proposed,5,1|2|5|6|8,51.5624,252,1
0,proposed,5,1|2|5|6|9,52.6817,252,1
0,proposed,5,1|2|5|7|8,49.5239,252,1
0,proposed,5,1|2|5|7|9,58.3672,252,1
0,proposed,5,1|2|5|8|9,51.3533,252,1
0,proposed,5,1|2|6|7|8,50.1629,252,1
0,proposed,5,1|2|6|7|9,59.6013,252,1
0,proposed,5,1|2|6|8|9,52.4260,252,1
0,proposed,5,1|2|7|8|9,33.3097,252,1
0,proposed,5,1|3|4|5|6,40.6588,252,1
0,proposed,5,1|3|4|5|7,53.1712,252,1
0,proposed,5,1|3|4|5|8,51.0419,252,1
0,proposed,5,1|3|4|5|9,56.1365,252,1
0,proposed,5,1|3|4|6|7,54.6338,252,1
0,proposed,5,1|3|4|6|8,49.1514,252,1
0,proposed,5,1|3|4|6|9,54.2505,252,1
0,proposed,5,1|3|4|7|8,50.7688,252,1
0,proposed,5,1|3|4|7|9,56.7703,252,1
0,proposed,5,1|3|4|8|9,41.9991,252,1
0,proposed,5,1|3|5|6|7,47.0860,252,1
0,proposed,5,1|3|5|6|8,51.0147,252,1
0,proposed,5,1|3|5|6|9,53.2643,252,1
0,proposed,5,1|3|5|7|8,50.9791,252,1
0,proposed,5,1|3|5|7|9,58.5682,252,1
0,proposed,5,1|3|5|8|9,52.8677,252,1
0,proposed,5,1|3|6|7|8,52.7506,252,1
0,proposed,5,1|3|6|7|9,58.9685,252,1
0,proposed,5,1|3|6|8|9,52.0621,252,1
0,proposed,5,1|3|7|8|9,36.3117,252,1
0,proposed,5,1|4|5|6|7,35.7124,252,1
0,proposed,5,1|4|5|6|8,43.1062,252,1
0,proposed,5,1|4|5|6|9,43.5619,252,1
0,proposed,5,1|4|5|7|8,48.5682,252,1
0,proposed,5,1|4|5|7|9,56.3176,252,1
0,proposed,5,1|4|5|8|9,51.3355,252,1
0,proposed,5,1|4|6|7|8,48.6926,252,1
0,proposed,5,1|4|6|7|9,57.6934,252,1
0,proposed,5,1|4|6|8|9,49.5272,252,1
0,proposed,5,1|4|7|8|9,28.7732,252,1
0,proposed,5,1|5|6|7|8,46.6952,252,1
0,proposed,5,1|5|6|7|9,49.2675,252,1
0,proposed,5,1|5|6|8|9,50.5059,252,1
0,proposed,5,1|5|7|8|9,31.5754,252,1
0,proposed,5,1|6|7|8|9,30.7582,252,1
0,proposed,5,2|3|4|5|6,32.1984,252,1
0,proposed,5,2|3|4|5|7,42.3145,252,1
0,proposed,5,2|3|4|5|8,40.2267,252,1
0,proposed,5,2|3|4|5|9,45.4378,252,1
0,proposed,5,2|3|4|6|7,47.3743,252,1
0,proposed,5,2|3|4|6|8,43.2335,252,1
0,proposed,5,2|3|4|6|9,47.4624,252,1
0,proposed,5,2|3|4|7|8,45.2738,252,1
0,proposed,5,2|3|4|7|9,50.5288,252,1
0,proposed,5,2|3|4|8|9,41.0392,252,1
0,proposed,5,2|3|5|6|7,44.7980,252,1
0,proposed,5,2|3|5|6|8,49.8940,252,1
0,proposed,5,2|3|5|6|9,50.9262,252,1
0,proposed,5,2|3|5|7|8,52.7815,252,1
0,proposed,5,2|3|5|7|9,58.9303,252,1
0,proposed,5,2|3|5|8|9,57.4557,252,1
0,proposed,5,2|3|6|7|8,48.3359,252,1
0,proposed,5,2|3|6|7|9,56.4819,252,1
0,proposed,5,2|3|6|8|9,53.0923,252,1
0,proposed,5,2|3|7|8|9,41.6793,252,1
0,proposed,5,2|4|5|6|7,43.6725,252,1
0,proposed,5,2|4|5|6|8,53.9154,252,1
0,proposed,5,2|4|5|6|9,51.5797,252,1
0,proposed,5,2|4|5|7|8,51.6174,252,1
0,proposed,5,2|4|5|7|9,67.0249,252,1
0,proposed,5,2|4|5|8|9,61.1350,252,1
0,proposed,5,2|4|6|7|8,51.0370,252,1
0,proposed,5,2|4|6|7|9,61.4885,252,1
0,proposed,5,2|4|6|8|9,57.2068,252,1
0,proposed,5,2|4|7|8|9,41.7354,252,1
0,proposed,5,2|5|6|7|8,52.1035,252,1
0,proposed,5,2|5|6|7|9,58.6630,252,1
0,proposed,5,2|5|6|8|9,58.7822,252,1
0,proposed,5,2|5|7|8|9,37.7163,252,1
0,proposed,5,2|6|7|8|9,39.1064,252,1
0,proposed,5,3|4|5|6|7,42.3248,252,1
0,proposed,5,3|4|5|6|8,50.8182,252,1
0,proposed,5,3|4|5|6|9,49.4455,252,1
0,proposed,5,3|4|5|7|8,53.5335,252,1
0,proposed,5,3|4|5|7|9,63.7093,252,1
0,proposed,5,3|4|5|8|9,54.9328,252,1
0,proposed,5,3|4|6|7|8,53.6690,252,1
0,proposed,5,3|4|6|7|9,62.5298,252,1
0,proposed,5,3|4|6|8|9,56.4342,252,1
0,proposed,5,3|4|7|8|9,36.2727,252,1
0,proposed,5,3|5|6|7|8,52.3796,252,1
0,proposed,5,3|5|6|7|9,58.0019,252,1
0,proposed,5,3|5|6|8|9,58.3311,252,1
0,proposed,5,3|5|7|8|9,39.7598,252,1
0,proposed,5,3|6|7|8|9,40.3781,252,1
0,proposed,5,4|5|6|7|8,38.9828,252,1
0,proposed,5,4|5|6|7|9,44.4725,252,1
0,proposed,5,4|5|6|8|9,49.5392,252,1
0,proposed,5,4|5|7|8|9,34.4940,252,1
0,proposed,5,4|6|7|8|9,35.8026,252,1
0,proposed,5,5|6|7|8|9,35.2600,252,1
0,proposed,6,0|1|2|3|4|5,18.9297,210,1
0,proposed,6,0|1|2|3|4|6,21.0653,210,1
0,proposed,6,0|1|2|3|4|7,22.2220,210,1
0,proposed,6,0|1|2|3|4|8,21.1943,210,1
0,proposed,6,0|1|2|3|4|9,24.2351,210,1
0,proposed,6,0|1|2|3|5|6,25.8385,210,1
0,proposed,6,0|1|2|3|5|7,27.1756,210,1
0,proposed,6,0|1|2|3|5|8,30.4821,210,1
0,proposed,6,0|1|2|3|5|9,30.4850,210,1
0,proposed,6,0|1|2|3|6|7,29.6502,210,1
0,proposed,6,0|1|2|3|6|8,28.6423,210,1
0,proposed,6,0|1|2|3|6|9,31.9667,210,1
0,proposed,6,0|1|2|3|7|8,24.2359,210,1
0,proposed,6,0|1|2|3|7|9,27.4624,210,1
0,proposed,6,0|1|2|3|8|9,23.7908,210,1
0,proposed,6,0|1|2|4|5|6,28.6011,210,1
0,proposed,6,0|1|2|4|5|7,36.9714,210,1
0,proposed,6,0|1|2|4|5|8,36.7568,210,1
0,proposed,6,0|1|2|4|5|9,42.7459,210,1
0,proposed,6,0|1|2|4|6|7,41.6077,210,1
0,proposed,6,0|1|2|4|6|8,39.0287,210,1
0,proposed,6,0|1|2|4|6|9,43.3271,210,1
0,proposed,6,0|1|2|4|7|8,37.1545,210,1
0,proposed,6,0|1|2|4|7|9,45.8442,210,1
0,proposed,6,0|1|2|4|8|9,34.0626,210,1
0,proposed,6,0|1|2|5|6|7,31.4493,210,1
0,proposed,6,0|1|2|5|6|8,33.8378,210,1
0,proposed,6,0|1|2|5|6|9,35.6190,210,1
0,proposed,6,0|1|2|5|7|8,32.6178,210,1
0,proposed,6,0|1|2|5|7|9,40.2721,210,1
0,proposed,6,0|1|2|5|8|9,36.3057,210,1
0,proposed,6,0|1|2|6|7|8,33.5502,210,1
0,proposed,6,0|1|2|6|7|9,41.4251,210,1
0,proposed,6,0|1|2|6|8|9,38.8082,210,1
0,proposed,6,0|1|2|7|8|9,18.8802,210,1
0,proposed,6,0|1|3|4|5|6,27.6815,210,1
0,proposed,6,0|1|3|4|5|7,36.8803,210,1
0,proposed,6,0|1|3|4|5|8,34.9380,210,1
0,proposed,6,0|1|3|4|5|9,43.1940,210,1
0,proposed,6,0|1|3|4|6|7,40.6109,210,1
0,proposed,6,0|1|3|4|6|8,30.7309,210,1
0,proposed,6,0|1|3|4|6|9,42.5746,210,1
0,proposed,6,0|1|3|4|7|8,33.5895,210,1
0,proposed,6,0|1|3|4|7|9,43.8242,210,1
0,proposed,6,0|1|3|4|8|9,26.8876,210,1
0,proposed,6,0|1|3|5|6|7,31.5435,210,1
0,proposed,6,0|1|3|5|6|8,35.6502,210,1
0,proposed,6,0|1|3|5|6|9,36.8800,210,1
0,proposed,6,0|1|3|5|7|8,35.2117,210,1
0,proposed,6,0|1|3|5|7|9,39.3969,210,1
0,proposed,6,0|1|3|5|8|9,38.2211,210,1
0,proposed,6,0|1|3|6|7|8,36.9123,210,1
0,proposed,6,0|1|3|6|7|9,41.6996,210,1
0,proposed,6,0|1|3|6|8|9,36.7035,210,1
0,proposed,6,0|1|3|7|8|9,18.7254,210,1
0,proposed,6,0|1|4|5|6|7,24.5832,210,1
0,proposed,6,0|1|4|5|6|8,28.6505,210,1
0,proposed,6,0|1|4|5|6|9,30.6879,210,1
0,proposed,6,0|1|4|5|7|8,33.3802,210,1
0,proposed,6,0|1|4|5|7|9,38.2450,210,1
0,proposed,6,0|1|4|5|8|9,34.1110,210,1
0,proposed,6,0|1|4|6|7|8,33.5091,210,1
0,proposed,6,0|1|4|6|7|9,39.3093,210,1
0,proposed,6,0|1|4|6|8|9,33.6662,210,1
0,proposed,6,0|1|4|7|8|9,14.1920,210,1
0,proposed,6,0|1|5|6|7|8,28.6397,210,1
0,proposed,6,0|1|5|6|7|9,31.4487,210,1
0,proposed,6,0|1|5|6|8|9,33.7771,210,1
0,proposed,6,0|1|5|7|8|9,18.0859,210,1
0,proposed,6,0|1|6|7|8|9,16.9215,210,1
0,proposed,6,0|2|3|4|5|6,21.1747,210,1
0,proposed,6,0|2|3|4|5|7,31.1476,210,1
0,proposed,6,0|2|3|4|5|8,29.6223,210,1
0,proposed,6,0|2|3|4|5|9,30.4510,210,1
0,proposed,6,0|2|3|4|6|7,39.8066,210,1
0,proposed,6,0|2|3|4|6|8,37.6137,210,1
0,proposed,6,0|2|3|4|6|9,40.6115,210,1
0,proposed,6,0|2|3|4|7|8,37.3780,210,1
0,proposed,6,0|2|3|4|7|9,38.2932,210,1
0,proposed,6,0|2|3|4|8|9,34.7122,210,1
0,proposed,6,0|2|3|5|6|7,40.7899,210,1
0,proposed,6,0|2|3|5|6|8,46.2135,210,1
0,proposed,6,0|2|3|5|6|9,46.6037,210,1
0,proposed,6,0|2|3|5|7|8,43.6218,210,1
0,proposed,6,0|2|3|5|7|9,48.9724,210,1
0,proposed,6,0|2|3|5|8|9,48.8856,210,1
0,proposed,6,0|2|3|6|7|8,43.2822,210,1
0,proposed,6,0|2|3|6|7|9,52.0727,210,1
0,proposed,6,0|2|3|6|8|9,47.0850,210,1
0,proposed,6,0|2|3|7|8|9,30.0870,210,1
0,proposed,6,0|2|4|5|6|7,40.1028,210,1
0,proposed,6,0|2|4|5|6|8,50.0428,210,1
0,proposed,6,0|2|4|5|6|9,47.9153,210,1
0,proposed,6,0|2|4|5|7|8,50.8221,210,1
0,proposed,6,0|2|4|5|7|9,63.3495,210,1
0,proposed,6,0|2|4|5|8|9,57.1879,210,1
0,proposed,6,0|2|4|6|7|8,50.7724,210,1
0,proposed,6,0|2|4|6|7|9,62.4175,210,1
0,proposed,6,0|2|4|6|8|9,56.0230,210,1
0,proposed,6,0|2|4|7|8|9,31.4896,210,1
0,proposed,6,0|2|5|6|7|8,44.7622,210,1
0,proposed,6,0|2|5|6|7|9,53.0477,210,1
0,proposed,6,0|2|5|6|8|9,55.1525,210,1
0,proposed,6,0|2|5|7|8|9,31.5975,210,1
0,proposed,6,0|2|6|7|8|9,32.8204,210,1
0,proposed,6,0|3|4|5|6|7,42.0975,210,1
0,proposed,6,0|3|4|5|6|8,45.5865,210,1
0,proposed,6,0|3|4|5|6|9,47.2846,210,1
0,proposed,6,0|3|4|5|7|8,48.9751,210,1
0,proposed,6,0|3|4|5|7|9,57.9764,210,1
0,proposed,6,0|3|4|5|8|9,48.5428,210,1
0,proposed,6,0|3|4|6|7|8,50.7716,210,1
0,proposed,6,0|3|4|6|7|9,59.0549,210,1
0,proposed,6,0|3|4|6|8|9,51.8013,210,1
0,proposed,6,0|3|4|7|8|9,30.2616,210,1
0,proposed,6,0|3|5|6|7|8,45.3689,210,1
0,proposed,6,0|3|5|6|7|9,53.9065,210,1
0,proposed,6,0|3|5|6|8|9,55.6724,210,1
0,proposed,6,0|3|5|7|8|9,31.2301,210,1
0,proposed,6,0|3|6|7|8|9,27.5478,210,1
0,proposed,6,0|4|5|6|7|8,32.6011,210,1
0,proposed,6,0|4|5|6|7|9,43.0273,210,1
0,proposed,6,0|4|5|6|8|9,44.8658,210,1
0,proposed,6,0|4|5|7|8|9,27.0549,210,1
0,proposed,6,0|4|6|7|8|9,26.2728,210,1
0,proposed,6,0|5|6|7|8|9,11.1048,210,1
0,proposed,6,1|2|3|4|5|6,17.3490,210,1
0,proposed,6,1|2|3|4|5|7,26.5249,210,1
0,proposed,6,1|2|3|4|5|8,26.4376,210,1
0,proposed,6,1|2|3|4|5|9,30.8599,210,1
0,proposed,6,1|2|3|4|6|7,27.0110,210,1
0,proposed,6,1|2|3|4|6|8,25.5567,210,1
0,proposed,6,1|2|3|4|6|9,30.8523,210,1
0,proposed,6,1|2|3|4|7|8,29.2923,210,1
0,proposed,6,1|2|3|4|7|9,32.2292,210,1
0,proposed,6,1|2|3|4|8|9,23.7655,210,1
0,proposed,6,1|2|3|5|6|7,35.3210,210,1
0,proposed,6,1|2|3|5|6|8,37.9731,210,1
0,proposed,6,1|2|3|5|6|9,39.8016,210,1
0,proposed,6,1|2|3|5|7|8,38.4558,210,1
0,proposed,6,1|2|3|5|7|9,43.6510,210,1
0,proposed,6,1|2|3|5|8|9,39.5356,210,1
0,proposed,6,1|2|3|6|7|8,36.1526,210,1
0,proposed,6,1|2|3|6|7|9,44.5695,210,1
0,proposed,6,1|2|3|6|8|9,39.4614,210,1
0,proposed,6,1|2|3|7|8|9,23.8636,210,1
0,proposed,6,1|2|4|5|6|7,35.2210,210,1
0,proposed,6,1|2|4|5|6|8,40.6693,210,1
0,proposed,6,1|2|4|5|6|9,41.1943,210,1
0,proposed,6,1|2|4|5|7|8,47.7500,210,1
0,proposed,6,1|2|4|5|7|9,54.4178,210,1
0,proposed,6,1|2|4|5|8|9,46.9212,210,1
0,proposed,6,1|2|4|6|7|8,46.6953,210,1
0,proposed,6,1|2|4|6|7|9,55.2170,210,1
0,proposed,6,1|2|4|6|8|9,47.5346,210,1
0,proposed,6,1|2|4|7|8|9,29.0354,210,1
0,proposed,6,1|2|5|6|7|8,46.2085,210,1
0,proposed,6,1|2|5|6|7|9,47.3726,210,1
0,proposed,6,1|2|5|6|8|9,47.7690,210,1
0,proposed,6,1|2|5|7|8|9,30.7931,210,1
0,proposed,6,1|2|6|7|8|9,33.0394,210,1
0,proposed,6,1|3|4|5|6|7,34.4111,210,1
0,proposed,6,1|3|4|5|6|8,39.9145,210,1
0,proposed,6,1|3|4|5|6|9,40.3341,210,1
0,proposed,6,1|3|4|5|7|8,47.3529,210,1
0,proposed,6,1|3|4|5|7|9,53.0773,210,1
0,proposed,6,1|3|4|5|8|9,44.7982,210,1
0,proposed,6,1|3|4|6|7|8,45.1109,210,1
0,proposed,6,1|3|4|6|7|9,53.1369,210,1
0,proposed,6,1|3|4|6|8|9,39.1755,210,1
0,proposed,6,1|3|4|7|8|9,27.2063,210,1
0,proposed,6,1|3|5|6|7|8,45.6653,210,1
0,proposed,6,1|3|5|6|7|9,48.1297,210,1
0,proposed,6,1|3|5|6|8|9,48.6914,210,1
0,proposed,6,1|3|5|7|8|9,33.9638,210,1
0,proposed,6,1|3|6|7|8|9,31.0189,210,1
0,proposed,6,1|4|5|6|7|8,31.6669,210,1
0,proposed,6,1|4|5|6|7|9,34.4925,210,1
0,proposed,6,1|4|5|6|8|9,37.7256,210,1
0,proposed,6,1|4|5|7|8|9,27.5050,210,1
0,proposed,6,1|4|6|7|8|9,20.3261,210,1
0,proposed,6,1|5|6|7|8|9,27.5785,210,1
0,proposed,6,2|3|4|5|6|7,26.3764,210,1
0,proposed,6,2|3|4|5|6|8,32.0722,210,1
0,proposed,6,2|3|4|5|6|9,31.0268,210,1
0,proposed,6,2|3|4|5|7|8,37.7287,210,1
0,proposed,6,2|3|4|5|7|9,42.0242,210,1
0,proposed,6,2|3|4|5|8|9,37.1233,210,1
0,proposed,6,2|3|4|6|7|8,40.1975,210,1
0,proposed,6,2|3|4|6|7|9,47.9891,210,1
0,proposed,6,2|3|4|6|8|9,38.2583,210,1
0,proposed,6,2|3|4|7|8|9,30.2810,210,1
0,proposed,6,2|3|5|6|7|8,42.3618,210,1
0,proposed,6,2|3|5|6|7|9,46.3174,210,1
0,proposed,6,2|3|5|6|8|9,46.6221,210,1
0,proposed,6,2|3|5|7|8|9,33.6304,210,1
0,proposed,6,2|3|6|7|8|9,34.7587,210,1
0,proposed,6,2|4|5|6|7|8,38.2528,210,1
0,proposed,6,2|4|5|6|7|9,44.2849,210,1
0,proposed,6,2|4|5|6|8|9,49.5557,210,1
0,proposed,6,2|4|5|7|8|9,33.3742,210,1
0,proposed,6,2|4|6|7|8|9,37.0811,210,1
0,proposed,6,2|5|6|7|8|9,32.4474,210,1
0,proposed,6,3|4|5|6|7|8,39.7324,210,1
0,proposed,6,3|4|5|6|7|9,43.0877,210,1
0,proposed,6,3|4|5|6|8|9,46.7117,210,1
0,proposed,6,3|4|5|7|8|9,30.2252,210,1
0,proposed,6,3|4|6|7|8|9,31.4097,210,1
0,proposed,6,3|5|6|7|8|9,32.8123,210,1
0,proposed,6,4|5|6|7|8|9,32.0767,210,1
1,b1,0,,74.7602,1,1
1,b1,1,0,32.4622,10,1
1,b1,1,1,24.0526,10,1
1,b1,1,2,43.4150,10,1
1,b1,1,3,55.2554,10,1
1,b1,1,4,39.3303,10,1
1,b1,1,5,45.7005,10,1
1,b1,1,6,33.1549,10,1
1,b1,1,7,58.9864,10,1
1,b1,1,8,35.1348,10,1
1,b1,1,9,39.3385,10,1
1,b1,2,0|1,18.3941,45,1
1,b1,2,0|2,16.6691,45,1
1,b1,2,0|3,23.2929,45,1
1,b1,2,0|4,23.7127,45,1
1,b1,2,0|5,23.5129,45,1
1,b1,2,0|6,22.3939,45,1
1,b1,2,0|7,35.6624,45,1
1,b1,2,0|8,29.6221,45,1
1,b1,2,0|9,29.9801,45,1
1,b1,2,1|2,21.5057,45,1
1,b1,2,1|3,26.7524,45,1
1,b1,2,1|4,18.7858,45,1
1,b1,2,1|5,28.5923,45,1
1,b1,2,1|6,12.5978,45,1
1,b1,2,1|7,19.2145,45,1
1,b1,2,1|8,21.2891,45,1
1,b1,2,1|9,19.1170,45,1
1,b1,2,2|3,31.4567,45,1
1,b1,2,2|4,25.1938,45,1
1,b1,2,2|5,30.0766,45,1
1,b1,2,2|6,23.4471,45,1
1,b1,2,2|7,36.7170,45,1
1,b1,2,2|8,28.8276,45,1
1,b1,2,2|9,30.2159,45,1
1,b1,2,3|4,28.1965,45,1
1,b1,2,3|5,28.3488,45,1
1,b1,2,3|6,21.7438,45,1
1,b1,2,3|7,40.5790,45,1
1,b1,2,3|8,27.8032,45,1
1,b1,2,3|9,28.3217,45,1
1,b1,2,4|5,22.5536,45,1
1,b1,2,4|6,22.6506,45,1
1,b1,2,4|7,36.3585,45,1
1,b1,2,4|8,21.1672,45,1
1,b1,2,4|9,24.3648,45,1
1,b1,2,5|6,29.0035,45,1
1,b1,2,5|7,46.0960,45,1
1,b1,2,5|8,30.3951,45,1
1,b1,2,5|9,42.6582,45,1
1,b1,2,6|7,27.1560,45,1
1,b1,2,6|8,24.7021,45,1
1,b1,2,6|9,25.8619,45,1
1,b1,2,7|8,33.8900,45,1
1,b1,2,7|9,32.3863,45,1
1,b1,2,8|9,19.3315,45,1
1,b1,3,0|1|2,13.1769,120,1
1,b1,3,0|1|3,11.3712,120,1
1,b1,3,0|1|4,18.8847,120,1
1,b1,3,0|1|5,21.3219,120,1
1,b1,3,0|1|6,11.4234,120,1
1,b1,3,0|1|7,17.7580,120,1
1,b1,3,0|1|8,18.2870,120,1
1,b1,3,0|1|9,19.6726,120,1
1,b1,3,0|2|3,11.4796,120,1
1,b1,3,0|2|4,13.7626,120,1
1,b1,3,0|2|5,10.9448,120,1
1,b1,3,0|2|6,16.4117,120,1
1,b1,3,0|2|7,22.8904,120,1
1,b1,3,0|2|8,21.9112,120,1
1,b1,3,0|2|9,26.0887,120,1
1,b1,3,0|3|4,15.2407,120,1
1,b1,3,0|3|5,17.4197,120,1
1,b1,3,0|3|6,16.6535,120,1
1,b1,3,0|3|7,22.3252,120,1
1,b1,3,0|3|8,23.2585,120,1
1,b1,3,0|3|9,24.9068,120,1
1,b1,3,0|4|5,17.2951,120,1
1,b1,3,0|4|6,17.4416,120,1
1,b1,3,0|4|7,21.7671,120,1
1,b1,3,0|4|8,21.7424,120,1
1,b1,3,0|4|9,21.8877,120,1
1,b1,3,0|5|6,14.6107,120,1
1,b1,3,0|5|7,23.5462,120,1
1,b1,3,0|5|8,24.9182,120,1
1,b1,3,0|5|9,21.1603,120,1
1,b1,3,0|6|7,17.7015,120,1
1,b1,3,0|6|8,18.9394,120,1
1,b1,3,0|6|9,29.3031,120,1
1,b1,3,0|7|8,26.6719,120,1
1,b1,3,0|7|9,31.3162,120,1
1,b1,3,0|8|9,12.7669,120,1
1,b1,3,1|2|3,19.1715,120,1
1,b1,3,1|2|4,15.1775,120,1
1,b1,3,1|2|5,20.1902,120,1
1,b1,3,1|2|6,10.9675,120,1
1,b1,3,1|2|7,18.6860,120,1
1,b1,3,1|2|8,15.8612,120,1
1,b1,3,1|2|9,14.4962,120,1
1,b1,3,1|3|4,10.5687,120,1
1,b1,3,1|3|5,21.5458,120,1
1,b1,3,1|3|6,11.4410,120,1
1,b1,3,1|3|7,18.2133,120,1
1,b1,3,1|3|8,17.3196,120,1
1,b1,3,1|3|9,14.2007,120,1
1,b1,3,1|4|5,14.5804,120,1
1,b1,3,1|4|6,9.1927,120,1
1,b1,3,1|4|7,16.8162,120,1
1,b1,3,1|4|8,11.4444,120,1
1,b1,3,1|4|9,11.9416,120,1
1,b1,3,1|5|6,13.3539,120,1
1,b1,3,1|5|7,23.5592,120,1
1,b1,3,1|5|8,21.3867,120,1
1,b1,3,1|5|9,15.8226,120,1
1,b1,3,1|6|7,10.3928,120,1
1,b1,3,1|6|8,16.8540,120,1
1,b1,3,1|6|9,17.3999,120,1
1,b1,3,1|7|8,18.3656,120,1
1,b1,3,1|7|9,16.4776,120,1
1,b1,3,1|8|9,10.7165,120,1
1,b1,3,2|3|4,16.3574,120,1
1,b1,3,2|3|5,17.4843,120,1
1,b1,3,2|3|6,16.6981,120,1
1,b1,3,2|3|7,25.3593,120,1
1,b1,3,2|3|8,21.5105,120,1
1,b1,3,2|3|9,18.0677,120,1
1,b1,3,2|4|5,18.2601,120,1
1,b1,3,2|4|6,21.3933,120,1
1,b1,3,2|4|7,22.3481,120,1
1,b1,3,2|4|8,23.0492,120,1
1,b1,3,2|4|9,27.3853,120,1
1,b1,3,2|5|6,22.2776,120,1
1,b1,3,2|5|7,34.7175,120,1
1,b1,3,2|5|8,27.5603,120,1
1,b1,3,2|5|9,35.9485,120,1
1,b1,3,2|6|7,21.4672,120,1
1,b1,3,2|6|8,19.8424,120,1
1,b1,3,2|6|9,18.4621,120,1
1,b1,3,2|7|8,25.4637,120,1
1,b1,3,2|7|9,22.5984,120,1
1,b1,3,2|8|9,15.8599,120,1
1,b1,3,3|4|5,16.4131,120,1
1,b1,3,3|4|6,14.5449,120,1
1,b1,3,3|4|7,21.0238,120,1
1,b1,3,3|4|8,17.7272,120,1
1,b1,3,3|4|9,17.9693,120,1
1,b1,3,3|5|6,18.8162,120,1
1,b1,3,3|5|7,23.8898,120,1
1,b1,3,3|5|8,24.0935,120,1
1,b1,3,3|5|9,28.8186,120,1
1,b1,3,3|6|7,20.2794,120,1
1,b1,3,3|6|8,11.0985,120,1
1,b1,3,3|6|9,13.4876,120,1
1,b1,3,3|7|8,23.4003,120,1
1,b1,3,3|7|9,24.4091,120,1
1,b1,3,3|8|9,15.8385,120,1
1,b1,3,4|5|6,15.3332,120,1
1,b1,3,4|5|7,21.2603,120,1
1,b1,3,4|5|8,17.8200,120,1
1,b1,3,4|5|9,21.6309,120,1
1,b1,3,4|6|7,14.5250,120,1
1,b1,3,4|6|8,11.1063,120,1
1,b1,3,4|6|9,14.4709,120,1
1,b1,3,4|7|8,15.7876,120,1
1,b1,3,4|7|9,20.3857,120,1
1,b1,3,4|8|9,9.4985,120,1
1,b1,3,5|6|7,22.8821,120,1
1,b1,3,5|6|8,22.7931,120,1
1,b1,3,5|6|9,21.9345,120,1
1,b1,3,5|7|8,29.0613,120,1
1,b1,3,5|7|9,31.1901,120,1
1,b1,3,5|8|9,16.0995,120,1
1,b1,3,6|7|8,19.7404,120,1
1,b1,3,6|7|9,20.4957,120,1
1,b1,3,6|8|9,16.1781,120,1
1,b1,3,7|8|9,18.1949,120,1
1,b1,4,0|1|2|3,5.9464,210,1
1,b1,4,0|1|2|4,11.8418,210,1
1,b1,4,0|1|2|5,8.1396,210,1
1,b1,4,0|1|2|6,9.8170,210,1
1,b1,4,0|1|2|7,12.9552,210,1
1,b1,4,0|1|2|8,14.7535,210,1
1,b1,4,0|1|2|9,16.1828,210,1
1,b1,4,0|1|3|4,7.9791,210,1
1,b1,4,0|1|3|5,8.2104,210,1
1,b1,4,0|1|3|6,7.2612,210,1
1,b1,4,0|1|3|7,11.6362,210,1
1,b1,4,0|1|3|8,14.7370,210,1
1,b1,4,0|1|3|9,13.2854,210,1
1,b1,4,0|1|4|5,15.1089,210,1
1,b1,4,0|1|4|6,9.7405,210,1
1,b1,4,0|1|4|7,19.3238,210,1
1,b1,4,0|1|4|8,15.0420,210,1
1,b1,4,0|1|4|9,14.1875,210,1
1,b1,4,0|1|5|6,11.9402,210,1
1,b1,4,0|1|5|7,23.7776,210,1
1,b1,4,0|1|5|8,22.9112,210,1
1,b1,4,0|1|5|9,22.6005,210,1
1,b1,4,0|1|6|7,10.7618,210,1
1,b1,4,0|1|6|8,13.8298,210,1
1,b1,4,0|1|6|9,15.6060,210,1
1,b1,4,0|1|7|8,15.7963,210,1
1,b1,4,0|1|7|9,14.8782,210,1
1,b1,4,0|1|8|9,11.7282,210,1
1,b1,4,0|2|3|4,8.7669,210,1
1,b1,4,0|2|3|5,6.4530,210,1
1,b1,4,0|2|3|6,10.5746,210,1
1,b1,4,0|2|3|7,12.3576,210,1
1,b1,4,0|2|3|8,18.7917,210,1
1,b1,4,0|2|3|9,18.9837,210,1
1,b1,4,0|2|4|5,6.6196,210,1
1,b1,4,0|2|4|6,12.0746,210,1
1,b1,4,0|2|4|7,14.4385,210,1
1,b1,4,0|2|4|8,20.8438,210,1
1,b1,4,0|2|4|9,21.6439,210,1
1,b1,4,0|2|5|6,9.3814,210,1
1,b1,4,0|2|5|7,10.1082,210,1
1,b1,4,0|2|5|8,18.3368,210,1
1,b1,4,0|2|5|9,19.8962,210,1
1,b1,4,0|2|6|7,15.8008,210,1
1,b1,4,0|2|6|8,14.5007,210,1
1,b1,4,0|2|6|9,19.5347,210,1
1,b1,4,0|2|7|8,23.1705,210,1
1,b1,4,0|2|7|9,28.4286,210,1
1,b1,4,0|2|8|9,11.2712,210,1
1,b1,4,0|3|4|5,11.4373,210,1
1,b1,4,0|3|4|6,7.2209,210,1
1,b1,4,0|3|4|7,12.8094,210,1
1,b1,4,0|3|4|8,16.2277,210,1
1,b1,4,0|3|4|9,13.7753,210,1
1,b1,4,0|3|5|6,8.6953,210,1
1,b1,4,0|3|5|7,16.7144,210,1
1,b1,4,0|3|5|8,15.8877,210,1
1,b1,4,0|3|5|9,17.2272,210,1
1,b1,4,0|3|6|7,14.7969,210,1
1,b1,4,0|3|6|8,11.4183,210,1
1,b1,4,0|3|6|9,16.4340,210,1
1,b1,4,0|3|7|8,21.4696,210,1
1,b1,4,0|3|7|9,21.7025,210,1
1,b1,4,0|3|8|9,10.6457,210,1
1,b1,4,0|4|5|6,8.8210,210,1
1,b1,4,0|4|5|7,15.9929,210,1
1,b1,4,0|4|5|8,17.7403,210,1
1,b1,4,0|4|5|9,18.1848,210,1
1,b1,4,0|4|6|7,11.6685,210,1
1,b1,4,0|4|6|8,12.2220,210,1
1,b1,4,0|4|6|9,23.2058,210,1
1,b1,4,0|4|7|8,22.3134,210,1
1,b1,4,0|4|7|9,20.2039,210,1
1,b1,4,0|4|8|9,8.8747,210,1
1,b1,4,0|5|6|7,12.2621,210,1
1,b1,4,0|5|6|8,18.6736,210,1
1,b1,4,0|5|6|9,17.1486,210,1
1,b1,4,0|5|7|8,24.6432,210,1
1,b1,4,0|5|7|9,20.6113,210,1
1,b1,4,0|5|8|9,8.8195,210,1
1,b1,4,0|6|7|8,15.2073,210,1
1,b1,4,0|6|7|9,24.0781,210,1
1,b1,4,0|6|8|9,11.0963,210,1
1,b1,4,0|7|8|9,11.5935,210,1
1,b1,4,1|2|3|4,7.0396,210,1
1,b1,4,1|2|3|5,17.9028,210,1
1,b1,4,1|2|3|6,12.5543,210,1
1,b1,4,1|2|3|7,14.2446,210,1
1,b1,4,1|2|3|8,12.0999,210,1
1,b1,4,1|2|3|9,9.5935,210,1
1,b1,4,1|2|4|5,12.6493,210,1
1,b1,4,1|2|4|6,8.3105,210,1
1,b1,4,1|2|4|7,13.3141,210,1
1,b1,4,1|2|4|8,13.5741,210,1
1,b1,4,1|2|4|9,18.6444,210,1
1,b1,4,1|2|5|6,9.3409,210,1
1,b1,4,1|2|5|7,16.5338,210,1
1,b1,4,1|2|5|8,16.5771,210,1
1,b1,4,1|2|5|9,15.0732,210,1
1,b1,4,1|2|6|7,8.9891,210,1
1,b1,4,1|2|6|8,10.6926,210,1
1,b1,4,1|2|6|9,12.6684,210,1
1,b1,4,1|2|7|8,16.6193,210,1
1,b1,4,1|2|7|9,13.8554,210,1
1,b1,4,1|2|8|9,7.9975,210,1
1,b1,4,1|3|4|5,5.6948,210,1
1,b1,4,1|3|4|6,6.5697,210,1
1,b1,4,1|3|4|7,6.9362,210,1
1,b1,4,1|3|4|8,4.8337,210,1
1,b1,4,1|3|4|9,11.9918,210,1
1,b1,4,1|3|5|6,6.2586,210,1
1,b1,4,1|3|5|7,16.9590,210,1
1,b1,4,1|3|5|8,18.8189,210,1
1,b1,4,1|3|5|9,15.1675,210,1
1,b1,4,1|3|6|7,7.9466,210,1
1,b1,4,1|3|6|8,10.6518,210,1
1,b1,4,1|3|6|9,16.1046,210,1
1,b1,4,1|3|7|8,14.1812,210,1
1,b1,4,1|3|7|9,12.7017,210,1
1,b1,4,1|3|8|9,8.5655,210,1
1,b1,4,1|4|5|6,8.0949,210,1
1,b1,4,1|4|5|7,15.1645,210,1
1,b1,4,1|4|5|8,10.5346,210,1
1,b1,4,1|4|5|9,10.9566,210,1
1,b1,4,1|4|6|7,8.8624,210,1
1,b1,4,1|4|6|8,10.1138,210,1
1,b1,4,1|4|6|9,10.7756,210,1
1,b1,4,1|4|7|8,9.8730,210,1
1,b1,4,1|4|7|9,6.4831,210,1
1,b1,4,1|4|8|9,3.1443,210,1
1,b1,4,1|5|6|7,12.7518,210,1
1,b1,4,1|5|6|8,15.5101,210,1
1,b1,4,1|5|6|9,13.3730,210,1
1,b1,4,1|5|7|8,16.7614,210,1
1,b1,4,1|5|7|9,12.3321,210,1
1,b1,4,1|5|8|9,7.5954,210,1
1,b1,4,1|6|7|8,14.3056,210,1
1,b1,4,1|6|7|9,13.3740,210,1
1,b1,4,1|6|8|9,8.3764,210,1
1,b1,4,1|7|8|9,8.2564,210,1
1,b1,4,2|3|4|5,12.1375,210,1
1,b1,4,2|3|4|6,14.4365,210,1
1,b1,4,2|3|4|7,16.7796,210,1
1,b1,4,2|3|4|8,12.6286,210,1
1,b1,4,2|3|4|9,13.7530,210,1
1,b1,4,2|3|5|6,15.6321,210,1
1,b1,4,2|3|5|7,20.2823,210,1
1,b1,4,2|3|5|8,15.8495,210,1
1,b1,4,2|3|5|9,19.7100,210,1
1,b1,4,2|3|6|7,12.8016,210,1
1,b1,4,2|3|6|8,9.2577,210,1
1,b1,4,2|3|6|9,11.4163,210,1
1,b1,4,2|3|7|8,16.4772,210,1
1,b1,4,2|3|7|9,15.0886,210,1
1,b1,4,2|3|8|9,10.1629,210,1
1,b1,4,2|4|5|6,12.9585,210,1
1,b1,4,2|4|5|7,16.5532,210,1
1,b1,4,2|4|5|8,14.8146,210,1
1,b1,4,2|4|5|9,21.3968,210,1
1,b1,4,2|4|6|7,15.7287,210,1
1,b1,4,2|4|6|8,15.1282,210,1
1,b1,4,2|4|6|9,16.7612,210,1
1,b1,4,2|4|7|8,16.6461,210,1
1,b1,4,2|4|7|9,21.8463,210,1
1,b1,4,2|4|8|9,13.1332,210,1
1,b1,4,2|5|6|7,20.6968,210,1
1,b1,4,2|5|6|8,19.6729,210,1
1,b1,4,2|5|6|9,20.0467,210,1
1,b1,4,2|5|7|8,25.1667,210,1
1,b1,4,2|5|7|9,22.7863,210,1
1,b1,4,2|5|8|9,14.8124,210,1
1,b1,4,2|6|7|8,16.2443,210,1
1,b1,4,2|6|7|9,16.7027,210,1
1,b1,4,2|6|8|9,15.1306,210,1
1,b1,4,2|7|8|9,13.3582,210,1
1,b1,4,3|4|5|6,8.4511,210,1
1,b1,4,3|4|5|7,13.0692,210,1
1,b1,4,3|4|5|8,14.4998,210,1
1,b1,4,3|4|5|9,18.9732,210,1
1,b1,4,3|4|6|7,10.9331,210,1
1,b1,4,3|4|6|8,5.1141,210,1
1,b1,4,3|4|6|9,9.5901,210,1
1,b1,4,3|4|7|8,9.2371,210,1
1,b1,4,3|4|7|9,14.9803,210,1
1,b1,4,3|4|8|9,11.3947,210,1
1,b1,4,3|5|6|7,16.7674,210,1
1,b1,4,3|5|6|8,13.4622,210,1
1,b1,4,3|5|6|9,15.6384,210,1
1,b1,4,3|5|7|8,22.3174,210,1
1,b1,4,3|5|7|9,25.1157,210,1
1,b1,4,3|5|8|9,14.4079,210,1
1,b1,4,3|6|7|8,10.2572,210,1
1,b1,4,3|6|7|9,11.1134,210,1
1,b1,4,3|6|8|9,9.8240,210,1
1,b1,4,3|7|8|9,14.1957,210,1
1,b1,4,4|5|6|7,10.4565,210,1
1,b1,4,4|5|6|8,10.8810,210,1
1,b1,4,4|5|6|9,12.6125,210,1
1,b1,4,4|5|7|8,16.5636,210,1
1,b1,4,4|5|7|9,17.9359,210,1
1,b1,4,4|5|8|9,5.9692,210,1
1,b1,4,4|6|7|8,9.3013,210,1
1,b1,4,4|6|7|9,11.2178,210,1
1,b1,4,4|6|8|9,4.2519,210,1
1,b1,4,4|7|8|9,8.1371,210,1
1,b1,4,5|6|7|8,20.1497,210,1
1,b1,4,5|6|7|9,19.3323,210,1
1,b1,4,5|6|8|9,9.4845,210,1
1,b1,4,5|7|8|9,15.8355,210,1
1,b1,4,6|7|8|9,15.0916,210,1
1,b1,5,0|1|2|3|4,3.0783,252,1
1,b1,5,0|1|2|3|5,3.3466,252,1
1,b1,5,0|1|2|3|6,4.4071,252,1
1,b1,5,0|1|2|3|7,6.1380,252,1
1,b1,5,0|1|2|3|8,7.1749,252,1
1,b1,5,0|1|2|3|9,5.8468,252,1
1,b1,5,0|1|2|4|5,8.3982,252,1
1,b1,5,0|1|2|4|6,9.2762,252,1
1,b1,5,0|1|2|4|7,15.4016,252,1
1,b1,5,0|1|2|4|8,12.7949,252,1
1,b1,5,0|1|2|4|9,15.4397,252,1
1,b1,5,0|1|2|5|6,6.7958,252,1
1,b1,5,0|1|2|5|7,9.9780,252,1
1,b1,5,0|1|2|5|8,19.8867,252,1
1,b1,5,0|1|2|5|9,11.1247,252,1
1,b1,5,0|1|2|6|7,9.1188,252,1
1,b1,5,0|1|2|6|8,10.0837,252,1
1,b1,5,0|1|2|6|9,11.8853,252,1
1,b1,5,0|1|2|7|8,12.2039,252,1
1,b1,5,0|1|2|7|9,11.4817,252,1
1,b1,5,0|1|2|8|9,8.5172,252,1
1,b1,5,0|1|3|4|5,6.6730,252,1
1,b1,5,0|1|3|4|6,5.8039,252,1
1,b1,5,0|1|3|4|7,8.9314,252,1
1,b1,5,0|1|3|4|8,12.8819,252,1
1,b1,5,0|1|3|4|9,10.4338,252,1
1,b1,5,0|1|3|5|6,4.2341,252,1
1,b1,5,0|1|3|5|7,9.3586,252,1
1,b1,5,0|1|3|5|8,19.7632,252,1
1,b1,5,0|1|3|5|9,16.5312,252,1
1,b1,5,0|1|3|6|7,7.1371,252,1
1,b1,5,0|1|3|6|8,9.5676,252,1
1,b1,5,0|1|3|6|9,16.3046,252,1
1,b1,5,0|1|3|7|8,11.7974,252,1
1,b1,5,0|1|3|7|9,9.4379,252,1
1,b1,5,0|1|3|8|9,7.0265,252,1
1,b1,5,0|1|4|5|6,7.8331,252,1
1,b1,5,0|1|4|5|7,17.2827,252,1
1,b1,5,0|1|4|5|8,18.7412,252,1
1,b1,5,0|1|4|5|9,18.3209,252,1
1,b1,5,0|1|4|6|7,9.9014,252,1
1,b1,5,0|1|4|6|8,12.2772,252,1
1,b1,5,0|1|4|6|9,11.6002,252,1
1,b1,5,0|1|4|7|8,13.5115,252,1
1,b1,5,0|1|4|7|9,11.5734,252,1
1,b1,5,0|1|4|8|9,5.2335,252,1
1,b1,5,0|1|5|6|7,9.3724,252,1
1,b1,5,0|1|5|6|8,15.4882,252,1
1,b1,5,0|1|5|6|9,15.9392,252,1
1,b1,5,0|1|5|7|8,19.8037,252,1
1,b1,5,0|1|5|7|9,18.8455,252,1
1,b1,5,0|1|5|8|9,9.5902,252,1
1,b1,5,0|1|6|7|8,12.2673,252,1
1,b1,5,0|1|6|7|9,12.8408,252,1
1,b1,5,0|1|6|8|9,8.7116,252,1
1,b1,5,0|1|7|8|9,9.0832,252,1
1,b1,5,0|2|3|4|5,4.9255,252,1
1,b1,5,0|2|3|4|6,7.5739,252,1
1,b1,5,0|2|3|4|7,7.8447,252,1
1,b1,5,0|2|3|4|8,14.1573,252,1
1,b1,5,0|2|3|4|9,14.8170,252,1
1,b1,5,0|2|3|5|6,3.5357,252,1
1,b1,5,0|2|3|5|7,7.0825,252,1
1,b1,5,0|2|3|5|8,11.4337,252,1
1,b1,5,0|2|3|5|9,10.7216,252,1
1,b1,5,0|2|3|6|7,8.2151,252,1
1,b1,5,0|2|3|6|8,9.6637,252,1
1,b1,5,0|2|3|6|9,12.2183,252,1
1,b1,5,0|2|3|7|8,18.0480,252,1
1,b1,5,0|2|3|7|9,17.5586,252,1
1,b1,5,0|2|3|8|9,7.3202,252,1
1,b1,5,0|2|4|5|6,4.0450,252,1
1,b1,5,0|2|4|5|7,5.1925,252,1
1,b1,5,0|2|4|5|8,18.1320,252,1
1,b1,5,0|2|4|5|9,17.3314,252,1
1,b1,5,0|2|4|6|7,12.7617,252,1
1,b1,5,0|2|4|6|8,14.4582,252,1
1,b1,5,0|2|4|6|9,21.7020,252,1
1,b1,5,0|2|4|7|8,24.0803,252,1
1,b1,5,0|2|4|7|9,19.0201,252,1
1,b1,5,0|2|4|8|9,10.0299,252,1
1,b1,5,0|2|5|6|7,6.8029,252,1
1,b1,5,0|2|5|6|8,18.8154,252,1
1,b1,5,0|2|5|6|9,15.4305,252,1
1,b1,5,0|2|5|7|8,20.4006,252,1
1,b1,5,0|2|5|7|9,16.5423,252,1
1,b1,5,0|2|5|8|9,8.3552,252,1
1,b1,5,0|2|6|7|8,13.6543,252,1
1,b1,5,0|2|6|7|9,15.6728,252,1
1,b1,5,0|2|6|8|9,11.8618,252,1
1,b1,5,0|2|7|8|9,9.9240,252,1
1,b1,5,0|3|4|5|6,4.4422,252,1
1,b1,5,0|3|4|5|7,10.6885,252,1
1,b1,5,0|3|4|5|8,13.5210,252,1
1,b1,5,0|3|4|5|9,12.5009,252,1
1,b1,5,0|3|4|6|7,5.4342,252,1
1,b1,5,0|3|4|6|8,5.6461,252,1
1,b1,5,0|3|4|6|9,11.2751,252,1
1,b1,5,0|3|4|7|8,12.9312,252,1
1,b1,5,0|3|4|7|9,12.1739,252,1
1,b1,5,0|3|4|8|9,5.1342,252,1
1,b1,5,0|3|5|6|7,7.4267,252,1
1,b1,5,0|3|5|6|8,10.5434,252,1
1,b1,5,0|3|5|6|9,10.5560,252,1
1,b1,5,0|3|5|7|8,14.3027,252,1
1,b1,5,0|3|5|7|9,16.7881,252,1
1,b1,5,0|3|5|8|9,9.6613,252,1
1,b1,5,0|3|6|7|8,9.4490,252,1
1,b1,5,0|3|6|7|9,13.4994,252,1
1,b1,5,0|3|6|8|9,7.2922,252,1
1,b1,5,0|3|7|8|9,9.9430,252,1
1,b1,5,0|4|5|6|7,7.8703,252,1
1,b1,5,0|4|5|6|8,11.8926,252,1
1,b1,5,0|4|5|6|9,11.8325,252,1
1,b1,5,0|4|5|7|8,16.6340,252,1
1,b1,5,0|4|5|7|9,16.1075,252,1
1,b1,5,0|4|5|8|9,5.7997,252,1
1,b1,5,0|4|6|7|8,7.9894,252,1
1,b1,5,0|4|6|7|9,15.5032,252,1
1,b1,5,0|4|6|8|9,6.8705,252,1
1,b1,5,0|4|7|8|9,10.5023,252,1
1,b1,5,0|5|6|7|8,17.4615,252,1
1,b1,5,0|5|6|7|9,15.9795,252,1
1,b1,5,0|5|6|8|9,8.8346,252,1
1,b1,5,0|5|7|8|9,8.6153,252,1
1,b1,5,0|6|7|8|9,9.6197,252,1
1,b1,5,1|2|3|4|5,5.1113,252,1
1,b1,5,1|2|3|4|6,2.8897,252,1
1,b1,5,1|2|3|4|7,5.3053,252,1
1,b1,5,1|2|3|4|8,4.9099,252,1
1,b1,5,1|2|3|4|9,9.2670,252,1
1,b1,5,1|2|3|5|6,6.6833,252,1
1,b1,5,1|2|3|5|7,14.9545,252,1
1,b1,5,1|2|3|5|8,14.9598,252,1
1,b1,5,1|2|3|5|9,11.3697,252,1
1,b1,5,1|2|3|6|7,6.7101,252,1
1,b1,5,1|2|3|6|8,12.6408,252,1
1,b1,5,1|2|3|6|9,11.8485,252,1
1,b1,5,1|2|3|7|8,10.4173,252,1
1,b1,5,1|2|3|7|9,8.4382,252,1
1,b1,5,1|2|3|8|9,6.3726,252,1
1,b1,5,1|2|4|5|6,8.1980,252,1
1,b1,5,1|2|4|5|7,11.6246,252,1
1,b1,5,1|2|4|5|8,10.8249,252,1
1,b1,5,1|2|4|5|9,11.0883,252,1
1,b1,5,1|2|4|6|7,8.2789,252,1
1,b1,5,1|2|4|6|8,10.7872,252,1
1,b1,5,1|2|4|6|9,10.1924,252,1
1,b1,5,1|2|4|7|8,11.0959,252,1
1,b1,5,1|2|4|7|9,9.8471,252,1
1,b1,5,1|2|4|8|9,5.1879,252,1
1,b1,5,1|2|5|6|7,6.5977,252,1
1,b1,5,1|2|5|6|8,10.4118,252,1
1,b1,5,1|2|5|6|9,10.1618,252,1
1,b1,5,1|2|5|7|8,16.0081,252,1
1,b1,5,1|2|5|7|9,14.2260,252,1
1,b1,5,1|2|5|8|9,8.4283,252,1
1,b1,5,1|2|6|7|8,9.1852,252,1
1,b1,5,1|2|6|7|9,7.7274,252,1
1,b1,5,1|2|6|8|9,7.0238,252,1
1,b1,5,1|2|7|8|9,8.1230,252,1
1,b1,5,1|3|4|5|6,3.8544,252,1
1,b1,5,1|3|4|5|7,5.2295,252,1
1,b1,5,1|3|4|5|8,10.3793,252,1
1,b1,5,1|3|4|5|9,9.3587,252,1
1,b1,5,1|3|4|6|7,4.0241,252,1
1,b1,5,1|3|4|6|8,6.0822,252,1
1,b1,5,1|3|4|6|9,9.2798,252,1
1,b1,5,1|3|4|7|8,3.7133,252,1
1,b1,5,1|3|4|7|9,4.8213,252,1
1,b1,5,1|3|4|8|9,3.0234,252,1
1,b1,5,1|3|5|6|7,4.6493,252,1
1,b1,5,1|3|5|6|8,9.4130,252,1
1,b1,5,1|3|5|6|9,11.4619,252,1
1,b1,5,1|3|5|7|8,14.7646,252,1
1,b1,5,1|3|5|7|9,13.5502,252,1
1,b1,5,1|3|5|8|9,8.8736,252,1
1,b1,5,1|3|6|7|8,8.1360,252,1
1,b1,5,1|3|6|7|9,11.0026,252,1
1,b1,5,1|3|6|8|9,6.9430,252,1
1,b1,5,1|3|7|8|9,7.7727,252,1
1,b1,5,1|4|5|6|7,7.7524,252,1
1,b1,5,1|4|5|6|8,6.3531,252,1
1,b1,5,1|4|5|6|9,6.8782,252,1
1,b1,5,1|4|5|7|8,8.0190,252,1
1,b1,5,1|4|5|7|9,6.0782,252,1
1,b1,5,1|4|5|8|9,3.1123,252,1
1,b1,5,1|4|6|7|8,7.7351,252,1
1,b1,5,1|4|6|7|9,5.2503,252,1
1,b1,5,1|4|6|8|9,3.7145,252,1
1,b1,5,1|4|7|8|9,2.7620,252,1
1,b1,5,1|5|6|7|8,13.0879,252,1
1,b1,5,1|5|6|7|9,10.0370,252,1
1,b1,5,1|5|6|8|9,5.9182,252,1
1,b1,5,1|5|7|8|9,5.0839,252,1
1,b1,5,1|6|7|8|9,5.0963,252,1
1,b1,5,2|3|4|5|6,11.6178,252,1
1,b1,5,2|3|4|5|7,12.0424,252,1
1,b1,5,2|3|4|5|8,11.4272,252,1
1,b1,5,2|3|4|5|9,13.2193,252,1
1,b1,5,2|3|4|6|7,11.8623,252,1
1,b1,5,2|3|4|6|8,4.5496,252,1
1,b1,5,2|3|4|6|9,5.9017,252,1
1,b1,5,2|3|4|7|8,7.7941,252,1
1,b1,5,2|3|4|7|9,12.0397,252,1
1,b1,5,2|3|4|8|9,9.7507,252,1
1,b1,5,2|3|5|6|7,13.4513,252,1
1,b1,5,2|3|5|6|8,9.7745,252,1
1,b1,5,2|3|5|6|9,10.4941,252,1
1,b1,5,2|3|5|7|8,17.5569,252,1
1,b1,5,2|3|5|7|9,17.5010,252,1
1,b1,5,2|3|5|8|9,9.3722,252,1
1,b1,5,2|3|6|7|8,7.3122,252,1
1,b1,5,2|3|6|7|9,8.2028,252,1
1,b1,5,2|3|6|8|9,7.7634,252,1
1,b1,5,2|3|7|8|9,10.2790,252,1
1,b1,5,2|4|5|6|7,12.6839,252,1
1,b1,5,2|4|5|6|8,12.5938,252,1
1,b1,5,2|4|5|6|9,16.5812,252,1
1,b1,5,2|4|5|7|8,14.9093,252,1
1,b1,5,2|4|5|7|9,14.4177,252,1
1,b1,5,2|4|5|8|9,10.2629,252,1
1,b1,5,2|4|6|7|8,13.5594,252,1
1,b1,5,2|4|6|7|9,14.1741,252,1
1,b1,5,2|4|6|8|9,10.4900,252,1
1,b1,5,2|4|7|8|9,10.2156,252,1
1,b1,5,2|5|6|7|8,17.5146,252,1
1,b1,5,2|5|6|7|9,17.9006,252,1
1,b1,5,2|5|6|8|9,12.8647,252,1
1,b1,5,2|5|7|8|9,13.1554,252,1
1,b1,5,2|6|7|8|9,11.6771,252,1
1,b1,5,3|4|5|6|7,6.9069,252,1
1,b1,5,3|4|5|6|8,7.9217,252,1
1,b1,5,3|4|5|6|9,8.8062,252,1
1,b1,5,3|4|5|7|8,15.2918,252,1
1,b1,5,3|4|5|7|9,15.2509,252,1
1,b1,5,3|4|5|8|9,8.1171,252,1
1,b1,5,3|4|6|7|8,5.6565,252,1
1,b1,5,3|4|6|7|9,7.4896,252,1
1,b1,5,3|4|6|8|9,3.0032,252,1
1,b1,5,3|4|7|8|9,8.8427,252,1
1,b1,5,3|5|6|7|8,10.2114,252,1
1,b1,5,3|5|6|7|9,9.9832,252,1
1,b1,5,3|5|6|8|9,6.6861,252,1
1,b1,5,3|5|7|8|9,16.2555,252,1
1,b1,5,3|6|7|8|9,7.4268,252,1
1,b1,5,4|5|6|7|8,8.0491,252,1
1,b1,5,4|5|6|7|9,7.3813,252,1
1,b1,5,4|5|6|8|9,2.6596,252,1
1,b1,5,4|5|7|8|9,5.5497,252,1
1,b1,5,4|6|7|8|9,3.7349,252,1
1,b1,5,5|6|7|8|9,12.1694,252,1
1,b1,6,0|1|2|3|4|5,2.7859,210,1
1,b1,6,0|1|2|3|4|6,2.1651,210,1
1,b1,6,0|1|2|3|4|7,3.7125,210,1
1,b1,6,0|1|2|3|4|8,5.5996,210,1
1,b1,6,0|1|2|3|4|9,4.3939,210,1
1,b1,6,0|1|2|3|5|6,2.7539,210,1
1,b1,6,0|1|2|3|5|7,4.3408,210,1
1,b1,6,0|1|2|3|5|8,9.3726,210,1
1,b1,6,0|1|2|3|5|9,4.9310,210,1
1,b1,6,0|1|2|3|6|7,5.2475,210,1
1,b1,6,0|1|2|3|6|8,6.4436,210,1
1,b1,6,0|1|2|3|6|9,8.6638,210,1
1,b1,6,0|1|2|3|7|8,6.6200,210,1
1,b1,6,0|1|2|3|7|9,5.1133,210,1
1,b1,6,0|1|2|3|8|9,5.3415,210,1
1,b1,6,0|1|2|4|5|6,5.2600,210,1
1,b1,6,0|1|2|4|5|7,8.9144,210,1
1,b1,6,0|1|2|4|5|8,13.7591,210,1
1,b1,6,0|1|2|4|5|9,13.0852,210,1
1,b1,6,0|1|2|4|6|7,8.1830,210,1
1,b1,6,0|1|2|4|6|8,10.8802,210,1
1,b1,6,0|1|2|4|6|9,10.8461,210,1
1,b1,6,0|1|2|4|7|8,13.3956,210,1
1,b1,6,0|1|2|4|7|9,14.5189,210,1
1,b1,6,0|1|2|4|8|9,8.0935,210,1
1,b1,6,0|1|2|5|6|7,6.4077,210,1
1,b1,6,0|1|2|5|6|8,7.5699,210,1
1,b1,6,0|1|2|5|6|9,8.5360,210,1
1,b1,6,0|1|2|5|7|8,15.0140,210,1
1,b1,6,0|1|2|5|7|9,10.2887,210,1
1,b1,6,0|1|2|5|8|9,8.7987,210,1
1,b1,6,0|1|2|6|7|8,9.4839,210,1
1,b1,6,0|1|2|6|7|9,8.5411,210,1
1,b1,6,0|1|2|6|8|9,8.1356,210,1
1,b1,6,0|1|2|7|8|9,7.0997,210,1
1,b1,6,0|1|3|4|5|6,3.4163,210,1
1,b1,6,0|1|3|4|5|7,6.9430,210,1
1,b1,6,0|1|3|4|5|8,11.5188,210,1
1,b1,6,0|1|3|4|5|9,10.1960,210,1
1,b1,6,0|1|3|4|6|7,5.4838,210,1
1,b1,6,0|1|3|4|6|8,9.3876,210,1
1,b1,6,0|1|3|4|6|9,12.5076,210,1
1,b1,6,0|1|3|4|7|8,11.2590,210,1
1,b1,6,0|1|3|4|7|9,8.8596,210,1
1,b1,6,0|1|3|4|8|9,3.6997,210,1
1,b1,6,0|1|3|5|6|7,3.3888,210,1
1,b1,6,0|1|3|5|6|8,7.6699,210,1
1,b1,6,0|1|3|5|6|9,11.1050,210,1
1,b1,6,0|1|3|5|7|8,14.5021,210,1
1,b1,6,0|1|3|5|7|9,16.6947,210,1
1,b1,6,0|1|3|5|8|9,6.4451,210,1
1,b1,6,0|1|3|6|7|8,11.5368,210,1
1,b1,6,0|1|3|6|7|9,13.8604,210,1
1,b1,6,0|1|3|6|8|9,9.4232,210,1
1,b1,6,0|1|3|7|8|9,5.4765,210,1
1,b1,6,0|1|4|5|6|7,7.6916,210,1
1,b1,6,0|1|4|5|6|8,9.8113,210,1
1,b1,6,0|1|4|5|6|9,11.8981,210,1
1,b1,6,0|1|4|5|7|8,16.7533,210,1
1,b1,6,0|1|4|5|7|9,15.1518,210,1
1,b1,6,0|1|4|5|8|9,5.6613,210,1
1,b1,6,0|1|4|6|7|8,9.3027,210,1
1,b1,6,0|1|4|6|7|9,9.1201,210,1
1,b1,6,0|1|4|6|8|9,4.8938,210,1
1,b1,6,0|1|4|7|8|9,3.4054,210,1
1,b1,6,0|1|5|6|7|8,13.4400,210,1
1,b1,6,0|1|5|6|7|9,12.2225,210,1
1,b1,6,0|1|5|6|8|9,7.2209,210,1
1,b1,6,0|1|5|7|8|9,9.4092,210,1
1,b1,6,0|1|6|7|8|9,4.8989,210,1
1,b1,6,0|2|3|4|5|6,2.8691,210,1
1,b1,6,0|2|3|4|5|7,4.7875,210,1
1,b1,6,0|2|3|4|5|8,9.1343,210,1
1,b1,6,0|2|3|4|5|9,8.0367,210,1
1,b1,6,0|2|3|4|6|7,5.9243,210,1
1,b1,6,0|2|3|4|6|8,5.3934,210,1
1,b1,6,0|2|3|4|6|9,8.9717,210,1
1,b1,6,0|2|3|4|7|8,13.1930,210,1
1,b1,6,0|2|3|4|7|9,12.9346,210,1
1,b1,6,0|2|3|4|8|9,3.9758,210,1
1,b1,6,0|2|3|5|6|7,3.5596,210,1
1,b1,6,0|2|3|5|6|8,8.6459,210,1
1,b1,6,0|2|3|5|6|9,8.2777,210,1
1,b1,6,0|2|3|5|7|8,11.3277,210,1
1,b1,6,0|2|3|5|7|9,13.3567,210,1
1,b1,6,0|2|3|5|8|9,6.2699,210,1
1,b1,6,0|2|3|6|7|8,7.5667,210,1
1,b1,6,0|2|3|6|7|9,9.0613,210,1
1,b1,6,0|2|3|6|8|9,6.1471,210,1
1,b1,6,0|2|3|7|8|9,6.5254,210,1
1,b1,6,0|2|4|5|6|7,3.5576,210,1
1,b1,6,0|2|4|5|6|8,13.0830,210,1
1,b1,6,0|2|4|5|6|9,11.0237,210,1
1,b1,6,0|2|4|5|7|8,18.4175,210,1
1,b1,6,0|2|4|5|7|9,15.6097,210,1
1,b1,6,0|2|4|5|8|9,6.6498,210,1
1,b1,6,0|2|4|6|7|8,12.1101,210,1
1,b1,6,0|2|4|6|7|9,12.5683,210,1
1,b1,6,0|2|4|6|8|9,10.1676,210,1
1,b1,6,0|2|4|7|8|9,10.6328,210,1
1,b1,6,0|2|5|6|7|8,15.4584,210,1
1,b1,6,0|2|5|6|7|9,13.0745,210,1
1,b1,6,0|2|5|6|8|9,10.0292,210,1
1,b1,6,0|2|5|7|8|9,8.0414,210,1
1,b1,6,0|2|6|7|8|9,11.0590,210,1
1,b1,6,0|3|4|5|6|7,3.3418,210,1
1,b1,6,0|3|4|5|6|8,6.2105,210,1
1,b1,6,0|3|4|5|6|9,6.3533,210,1
1,b1,6,0|3|4|5|7|8,10.3619,210,1
1,b1,6,0|3|4|5|7|9,10.0490,210,1
1,b1,6,0|3|4|5|8|9,3.7322,210,1
1,b1,6,0|3|4|6|7|8,3.4253,210,1
1,b1,6,0|3|4|6|7|9,8.3816,210,1
1,b1,6,0|3|4|6|8|9,2.9199,210,1
1,b1,6,0|3|4|7|8|9,7.0704,210,1
1,b1,6,0|3|5|6|7|8,9.6286,210,1
1,b1,6,0|3|5|6|7|9,9.7056,210,1
1,b1,6,0|3|5|6|8|9,7.5557,210,1
1,b1,6,0|3|5|7|8|9,9.1730,210,1
1,b1,6,0|3|6|7|8|9,6.7296,210,1
1,b1,6,0|4|5|6|7|8,10.4705,210,1
1,b1,6,0|4|5|6|7|9,9.2196,210,1
1,b1,6,0|4|5|6|8|9,5.8507,210,1
1,b1,6,0|4|5|7|8|9,6.2144,210,1
1,b1,6,0|4|6|7|8|9,6.3450,210,1
1,b1,6,0|5|6|7|8|9,8.9200,210,1
1,b1,6,1|2|3|4|5|6,2.7881,210,1
1,b1,6,1|2|3|4|5|7,4.8053,210,1
1,b1,6,1|2|3|4|5|8,5.6936,210,1
1,b1,6,1|2|3|4|5|9,4.8931,210,1
1,b1,6,1|2|3|4|6|7,2.1170,210,1
1,b1,6,1|2|3|4|6|8,5.6616,210,1
1,b1,6,1|2|3|4|6|9,5.3611,210,1
1,b1,6,1|2|3|4|7|8,4.0484,210,1
1,b1,6,1|2|3|4|7|9,3.6775,210,1
1,b1,6,1|2|3|4|8|9,2.4285,210,1
1,b1,6,1|2|3|5|6|7,4.2920,210,1
1,b1,6,1|2|3|5|6|8,7.7361,210,1
1,b1,6,1|2|3|5|6|9,8.2735,210,1
1,b1,6,1|2|3|5|7|8,12.2978,210,1
1,b1,6,1|2|3|5|7|9,10.7381,210,1
1,b1,6,1|2|3|5|8|9,7.1475,210,1
1,b1,6,1|2|3|6|7|8,7.6792,210,1
1,b1,6,1|2|3|6|7|9,8.9487,210,1
1,b1,6,1|2|3|6|8|9,7.8234,210,1
1,b1,6,1|2|3|7|8|9,6.4519,210,1
1,b1,6,1|2|4|5|6|7,5.7624,210,1
1,b1,6,1|2|4|5|6|8,5.7211,210,1
1,b1,6,1|2|4|5|6|9,5.9302,210,1
1,b1,6,1|2|4|5|7|8,9.6988,210,1
1,b1,6,1|2|4|5|7|9,7.5367,210,1
1,b1,6,1|2|4|5|8|9,3.1332,210,1
1,b1,6,1|2|4|6|7|8,9.0236,210,1
1,b1,6,1|2|4|6|7|9,7.6723,210,1
1,b1,6,1|2|4|6|8|9,3.0876,210,1
1,b1,6,1|2|4|7|8|9,3.9356,210,1
1,b1,6,1|2|5|6|7|8,9.3226,210,1
1,b1,6,1|2|5|6|7|9,6.5031,210,1
1,b1,6,1|2|5|6|8|9,6.5923,210,1
1,b1,6,1|2|5|7|8|9,7.0329,210,1
1,b1,6,1|2|6|7|8|9,4.0467,210,1
1,b1,6,1|3|4|5|6|7,2.6430,210,1
1,b1,6,1|3|4|5|6|8,4.0151,210,1
1,b1,6,1|3|4|5|6|9,4.7631,210,1
1,b1,6,1|3|4|5|7|8,4.5380,210,1
1,b1,6,1|3|4|5|7|9,7.7790,210,1
1,b1,6,1|3|4|5|8|9,3.1847,210,1
1,b1,6,1|3|4|6|7|8,4.9041,210,1
1,b1,6,1|3|4|6|7|9,5.6922,210,1
1,b1,6,1|3|4|6|8|9,4.0914,210,1
1,b1,6,1|3|4|7|8|9,2.7160,210,1
1,b1,6,1|3|5|6|7|8,5.8211,210,1
1,b1,6,1|3|5|6|7|9,6.4780,210,1
1,b1,6,1|3|5|6|8|9,5.3283,210,1
1,b1,6,1|3|5|7|8|9,8.2001,210,1
1,b1,6,1|3|6|7|8|9,5.8863,210,1
1,b1,6,1|4|5|6|7|8,4.7319,210,1
1,b1,6,1|4|5|6|7|9,4.6033,210,1
1,b1,6,1|4|5|6|8|9,4.3306,210,1
1,b1,6,1|4|5|7|8|9,2.6506,210,1
1,b1,6,1|4|6|7|8|9,3.6608,210,1
1,b1,6,1|5|6|7|8|9,3.9604,210,1
1,b1,6,2|3|4|5|6|7,8.1224,210,1
1,b1,6,2|3|4|5|6|8,5.8233,210,1
1,b1,6,2|3|4|5|6|9,7.7461,210,1
1,b1,6,2|3|4|5|7|8,7.4642,210,1
1,b1,6,2|3|4|5|7|9,10.3292,210,1
1,b1,6,2|3|4|5|8|9,8.9729,210,1
1,b1,6,2|3|4|6|7|8,7.1159,210,1
1,b1,6,2|3|4|6|7|9,4.1049,210,1
1,b1,6,2|3|4|6|8|9,6.7103,210,1
1,b1,6,2|3|4|7|8|9,8.9426,210,1
1,b1,6,2|3|5|6|7|8,6.0202,210,1
1,b1,6,2|3|5|6|7|9,6.6529,210,1
1,b1,6,2|3|5|6|8|9,5.4218,210,1
1,b1,6,2|3|5|7|8|9,9.8017,210,1
1,b1,6,2|3|6|7|8|9,9.4808,210,1
1,b1,6,2|4|5|6|7|8,10.0216,210,1
1,b1,6,2|4|5|6|7|9,11.3992,210,1
1,b1,6,2|4|5|6|8|9,5.6533,210,1
1,b1,6,2|4|5|7|8|9,10.0411,210,1
1,b1,6,2|4|6|7|8|9,6.2112,210,1
1,b1,6,2|5|6|7|8|9,9.6203,210,1
1,b1,6,3|4|5|6|7|8,4.8069,210,1
1,b1,6,3|4|5|6|7|9,4.0541,210,1
1,b1,6,3|4|5|6|8|9,3.3151,210,1
1,b1,6,3|4|5|7|8|9,9.2091,210,1
1,b1,6,3|4|6|7|8|9,1.6434,210,1
1,b1,6,3|5|6|7|8|9,5.7042,210,1
1,b1,6,4|5|6|7|8|9,2.9297,210,1
1,b2,0,,67.1625,1,1
1,b2,1,0,62.0823,10,1
1,b2,1,1,58.7709,10,1
1,b2,1,2,65.7123,10,1
1,b2,1,3,66.7518,10,1
1,b2,1,4,64.8224,10,1
1,b2,1,5,65.2770,10,1
1,b2,1,6,66.8012,10,1
1,b2,1,7,65.8851,10,1
1,b2,1,8,66.5866,10,1
1,b2,1,9,66.4900,10,1
1,b2,2,0|1,44.6196,45,1
1,b2,2,0|2,57.5242,45,1
1,b2,2,0|3,58.9446,45,1
1,b2,2,0|4,59.5195,45,1
1,b2,2,0|5,59.1525,45,1
1,b2,2,0|6,62.7911,45,1
1,b2,2,0|7,63.0286,45,1
1,b2,2,0|8,63.1290,45,1
1,b2,2,0|9,64.3416,45,1
1,b2,2,1|2,56.1372,45,1
1,b2,2,1|3,58.9437,45,1
1,b2,2,1|4,50.8984,45,1
1,b2,2,1|5,56.6163,45,1
1,b2,2,1|6,58.8107,45,1
1,b2,2,1|7,58.3129,45,1
1,b2,2,1|8,59.3829,45,1
1,b2,2,1|9,59.6535,45,1
1,b2,2,2|3,62.0612,45,1
1,b2,2,2|4,63.8790,45,1
1,b2,2,2|5,64.0632,45,1
1,b2,2,2|6,64.2097,45,1
1,b2,2,2|7,64.8331,45,1
1,b2,2,2|8,65.4925,45,1
1,b2,2,2|9,64.9927,45,1
1,b2,2,3|4,61.8940,45,1
1,b2,2,3|5,64.7859,45,1
1,b2,2,3|6,68.1214,45,1
1,b2,2,3|7,67.7876,45,1
1,b2,2,3|8,66.2229,45,1
1,b2,2,3|9,68.1085,45,1
1,b2,2,4|5,62.6492,45,1
1,b2,2,4|6,61.3788,45,1
1,b2,2,4|7,63.6776,45,1
1,b2,2,4|8,63.6007,45,1
1,b2,2,4|9,62.5647,45,1
1,b2,2,5|6,64.2142,45,1
1,b2,2,5|7,63.2315,45,1
1,b2,2,5|8,63.4144,45,1
1,b2,2,5|9,64.2415,45,1
1,b2,2,6|7,64.5268,45,1
1,b2,2,6|8,65.2444,45,1
1,b2,2,6|9,65.0224,45,1
1,b2,2,7|8,63.7473,45,1
1,b2,2,7|9,64.1899,45,1
1,b2,2,8|9,62.4936,45,1
1,b2,3,0|1|2,37.7276,120,1
1,b2,3,0|1|3,41.7414,120,1
1,b2,3,0|1|4,34.5747,120,1
1,b2,3,0|1|5,39.9733,120,1
1,b2,3,0|1|6,41.3073,120,1
1,b2,3,0|1|7,42.7415,120,1
1,b2,3,0|1|8,45.9068,120,1
1,b2,3,0|1|9,44.8945,120,1
1,b2,3,0|2|3,53.6618,120,1
1,b2,3,0|2|4,54.8227,120,1
1,b2,3,0|2|5,54.0782,120,1
1,b2,3,0|2|6,55.6819,120,1
1,b2,3,0|2|7,61.1887,120,1
1,b2,3,0|2|8,60.7227,120,1
1,b2,3,0|2|9,60.7649,120,1
1,b2,3,0|3|4,52.1093,120,1
1,b2,3,0|3|5,54.2196,120,1
1,b2,3,0|3|6,58.3264,120,1
1,b2,3,0|3|7,61.2321,120,1
1,b2,3,0|3|8,60.8306,120,1
1,b2,3,0|3|9,60.9101,120,1
1,b2,3,0|4|5,54.8108,120,1
1,b2,3,0|4|6,55.0709,120,1
1,b2,3,0|4|7,60.3525,120,1
1,b2,3,0|4|8,59.8897,120,1
1,b2,3,0|4|9,59.6712,120,1
1,b2,3,0|5|6,56.7574,120,1
1,b2,3,0|5|7,59.8650,120,1
1,b2,3,0|5|8,60.5670,120,1
1,b2,3,0|5|9,59.8472,120,1
1,b2,3,0|6|7,60.8002,120,1
1,b2,3,0|6|8,61.0899,120,1
1,b2,3,0|6|9,61.2475,120,1
1,b2,3,0|7|8,60.1449,120,1
1,b2,3,0|7|9,59.6223,120,1
1,b2,3,0|8|9,59.0913,120,1
1,b2,3,1|2|3,43.3386,120,1
1,b2,3,1|2|4,47.1658,120,1
1,b2,3,1|2|5,53.4928,120,1
1,b2,3,1|2|6,54.2058,120,1
1,b2,3,1|2|7,53.8086,120,1
1,b2,3,1|2|8,55.2310,120,1
1,b2,3,1|2|9,56.1432,120,1
1,b2,3,1|3|4,47.7630,120,1
1,b2,3,1|3|5,56.1869,120,1
1,b2,3,1|3|6,57.2214,120,1
1,b2,3,1|3|7,56.6395,120,1
1,b2,3,1|3|8,57.7989,120,1
1,b2,3,1|3|9,59.2322,120,1
1,b2,3,1|4|5,46.2758,120,1
1,b2,3,1|4|6,47.5418,120,1
1,b2,3,1|4|7,48.9989,120,1
1,b2,3,1|4|8,50.4312,120,1
1,b2,3,1|4|9,52.8561,120,1
1,b2,3,1|5|6,55.1390,120,1
1,b2,3,1|5|7,55.4018,120,1
1,b2,3,1|5|8,56.3159,120,1
1,b2,3,1|5|9,57.2531,120,1
1,b2,3,1|6|7,56.8557,120,1
1,b2,3,1|6|8,57.9400,120,1
1,b2,3,1|6|9,56.5878,120,1
1,b2,3,1|7|8,55.6053,120,1
1,b2,3,1|7|9,54.3209,120,1
1,b2,3,1|8|9,56.2690,120,1
1,b2,3,2|3|4,50.6005,120,1
1,b2,3,2|3|5,58.1605,120,1
1,b2,3,2|3|6,61.0520,120,1
1,b2,3,2|3|7,61.5530,120,1
1,b2,3,2|3|8,62.5003,120,1
1,b2,3,2|3|9,63.1940,120,1
1,b2,3,2|4|5,57.4236,120,1
1,b2,3,2|4|6,60.4132,120,1
1,b2,3,2|4|7,63.4935,120,1
1,b2,3,2|4|8,63.5052,120,1
1,b2,3,2|4|9,61.3164,120,1
1,b2,3,2|5|6,61.9179,120,1
1,b2,3,2|5|7,63.4383,120,1
1,b2,3,2|5|8,63.8308,120,1
1,b2,3,2|5|9,64.7205,120,1
1,b2,3,2|6|7,61.5561,120,1
1,b2,3,2|6|8,63.8839,120,1
1,b2,3,2|6|9,63.9179,120,1
1,b2,3,2|7|8,61.7742,120,1
1,b2,3,2|7|9,62.9966,120,1
1,b2,3,2|8|9,60.8483,120,1
1,b2,3,3|4|5,48.7206,120,1
1,b2,3,3|4|6,56.1773,120,1
1,b2,3,3|4|7,58.1873,120,1
1,b2,3,3|4|8,58.7527,120,1
1,b2,3,3|4|9,55.5515,120,1
1,b2,3,3|5|6,63.5023,120,1
1,b2,3,3|5|7,63.4207,120,1
1,b2,3,3|5|8,62.9859,120,1
1,b2,3,3|5|9,63.3235,120,1
1,b2,3,3|6|7,66.0775,120,1
1,b2,3,3|6|8,65.6314,120,1
1,b2,3,3|6|9,66.5060,120,1
1,b2,3,3|7|8,63.8718,120,1
1,b2,3,3|7|9,63.6719,120,1
1,b2,3,3|8|9,62.7010,120,1
1,b2,3,4|5|6,55.7656,120,1
1,b2,3,4|5|7,58.1803,120,1
1,b2,3,4|5|8,59.2747,120,1
1,b2,3,4|5|9,58.4043,120,1
1,b2,3,4|6|7,56.9928,120,1
1,b2,3,4|6|8,57.6994,120,1
1,b2,3,4|6|9,57.3794,120,1
1,b2,3,4|7|8,57.0518,120,1
1,b2,3,4|7|9,56.3947,120,1
1,b2,3,4|8|9,54.4795,120,1
1,b2,3,5|6|7,59.5719,120,1
1,b2,3,5|6|8,60.3248,120,1
1,b2,3,5|6|9,60.7785,120,1
1,b2,3,5|7|8,58.5977,120,1
1,b2,3,5|7|9,58.8176,120,1
1,b2,3,5|8|9,58.7058,120,1
1,b2,3,6|7|8,60.8290,120,1
1,b2,3,6|7|9,60.7153,120,1
1,b2,3,6|8|9,59.1681,120,1
1,b2,3,7|8|9,55.2338,120,1
1,b2,4,0|1|2|3,28.8508,210,1
1,b2,4,0|1|2|4,26.7026,210,1
1,b2,4,0|1|2|5,31.4227,210,1
1,b2,4,0|1|2|6,34.1769,210,1
1,b2,4,0|1|2|7,35.5818,210,1
1,b2,4,0|1|2|8,36.8476,210,1
1,b2,4,0|1|2|9,35.9064,210,1
1,b2,4,0|1|3|4,30.0207,210,1
1,b2,4,0|1|3|5,34.5535,210,1
1,b2,4,0|1|3|6,36.5852,210,1
1,b2,4,0|1|3|7,39.1635,210,1
1,b2,4,0|1|3|8,43.2158,210,1
1,b2,4,0|1|3|9,40.1200,210,1
1,b2,4,0|1|4|5,29.8457,210,1
1,b2,4,0|1|4|6,29.1547,210,1
1,b2,4,0|1|4|7,30.9231,210,1
1,b2,4,0|1|4|8,33.6883,210,1
1,b2,4,0|1|4|9,35.6451,210,1
1,b2,4,0|1|5|6,30.7560,210,1
1,b2,4,0|1|5|7,36.4002,210,1
1,b2,4,0|1|5|8,40.2117,210,1
1,b2,4,0|1|5|9,39.0690,210,1
1,b2,4,0|1|6|7,34.5092,210,1
1,b2,4,0|1|6|8,37.8726,210,1
1,b2,4,0|1|6|9,38.5726,210,1
1,b2,4,0|1|7|8,42.3292,210,1
1,b2,4,0|1|7|9,39.2874,210,1
1,b2,4,0|1|8|9,40.0444,210,1
1,b2,4,0|2|3|4,38.5507,210,1
1,b2,4,0|2|3|5,46.7421,210,1
1,b2,4,0|2|3|6,50.6734,210,1
1,b2,4,0|2|3|7,51.6279,210,1
1,b2,4,0|2|3|8,51.3332,210,1
1,b2,4,0|2|3|9,53.0526,210,1
1,b2,4,0|2|4|5,47.0576,210,1
1,b2,4,0|2|4|6,48.7334,210,1
1,b2,4,0|2|4|7,58.5659,210,1
1,b2,4,0|2|4|8,56.0198,210,1
1,b2,4,0|2|4|9,56.3784,210,1
1,b2,4,0|2|5|6,49.5878,210,1
1,b2,4,0|2|5|7,56.1368,210,1
1,b2,4,0|2|5|8,56.8899,210,1
1,b2,4,0|2|5|9,55.7816,210,1
1,b2,4,0|2|6|7,58.1061,210,1
1,b2,4,0|2|6|8,58.0208,210,1
1,b2,4,0|2|6|9,57.6375,210,1
1,b2,4,0|2|7|8,59.4888,210,1
1,b2,4,0|2|7|9,57.6837,210,1
1,b2,4,0|2|8|9,55.8888,210,1
1,b2,4,0|3|4|5,45.9314,210,1
1,b2,4,0|3|4|6,48.6248,210,1
1,b2,4,0|3|4|7,52.4677,210,1
1,b2,4,0|3|4|8,51.1824,210,1
1,b2,4,0|3|4|9,51.3954,210,1
1,b2,4,0|3|5|6,51.7969,210,1
1,b2,4,0|3|5|7,55.0088,210,1
1,b2,4,0|3|5|8,55.6306,210,1
1,b2,4,0|3|5|9,53.9925,210,1
1,b2,4,0|3|6|7,58.6616,210,1
1,b2,4,0|3|6|8,58.7116,210,1
1,b2,4,0|3|6|9,58.4385,210,1
1,b2,4,0|3|7|8,60.3013,210,1
1,b2,4,0|3|7|9,59.0475,210,1
1,b2,4,0|3|8|9,55.8703,210,1
1,b2,4,0|4|5|6,47.5395,210,1
1,b2,4,0|4|5|7,53.8847,210,1
1,b2,4,0|4|5|8,53.4742,210,1
1,b2,4,0|4|5|9,53.6579,210,1
1,b2,4,0|4|6|7,52.4726,210,1
1,b2,4,0|4|6|8,53.1558,210,1
1,b2,4,0|4|6|9,54.8852,210,1
1,b2,4,0|4|7|8,56.6743,210,1
1,b2,4,0|4|7|9,55.6886,210,1
1,b2,4,0|4|8|9,54.7279,210,1
1,b2,4,0|5|6|7,53.7416,210,1
1,b2,4,0|5|6|8,54.4291,210,1
1,b2,4,0|5|6|9,54.8421,210,1
1,b2,4,0|5|7|8,55.1940,210,1
1,b2,4,0|5|7|9,52.3486,210,1
1,b2,4,0|5|8|9,50.8908,210,1
1,b2,4,0|6|7|8,56.3033,210,1
1,b2,4,0|6|7|9,55.1825,210,1
1,b2,4,0|6|8|9,52.3360,210,1
1,b2,4,0|7|8|9,47.9554,210,1
1,b2,4,1|2|3|4,32.9459,210,1
1,b2,4,1|2|3|5,40.1040,210,1
1,b2,4,1|2|3|6,41.3375,210,1
1,b2,4,1|2|3|7,40.6200,210,1
1,b2,4,1|2|3|8,42.5838,210,1
1,b2,4,1|2|3|9,44.7518,210,1
1,b2,4,1|2|4|5,40.8817,210,1
1,b2,4,1|2|4|6,44.2031,210,1
1,b2,4,1|2|4|7,45.5334,210,1
1,b2,4,1|2|4|8,47.2740,210,1
1,b2,4,1|2|4|9,48.7037,210,1
1,b2,4,1|2|5|6,49.5744,210,1
1,b2,4,1|2|5|7,49.5329,210,1
1,b2,4,1|2|5|8,52.4070,210,1
1,b2,4,1|2|5|9,52.9174,210,1
1,b2,4,1|2|6|7,50.4652,210,1
1,b2,4,1|2|6|8,52.7848,210,1
1,b2,4,1|2|6|9,54.2374,210,1
1,b2,4,1|2|7|8,52.2312,210,1
1,b2,4,1|2|7|9,49.7359,210,1
1,b2,4,1|2|8|9,50.9687,210,1
1,b2,4,1|3|4|5,43.1848,210,1
1,b2,4,1|3|4|6,45.6070,210,1
1,b2,4,1|3|4|7,47.1861,210,1
1,b2,4,1|3|4|8,47.1169,210,1
1,b2,4,1|3|4|9,50.3588,210,1
1,b2,4,1|3|5|6,54.1261,210,1
1,b2,4,1|3|5|7,52.4220,210,1
1,b2,4,1|3|5|8,55.8970,210,1
1,b2,4,1|3|5|9,56.4662,210,1
1,b2,4,1|3|6|7,54.7417,210,1
1,b2,4,1|3|6|8,56.8843,210,1
1,b2,4,1|3|6|9,56.8209,210,1
1,b2,4,1|3|7|8,55.5538,210,1
1,b2,4,1|3|7|9,53.8023,210,1
1,b2,4,1|3|8|9,55.0545,210,1
1,b2,4,1|4|5|6,41.7760,210,1
1,b2,4,1|4|5|7,42.5589,210,1
1,b2,4,1|4|5|8,45.9249,210,1
1,b2,4,1|4|5|9,45.7595,210,1
1,b2,4,1|4|6|7,43.1215,210,1
1,b2,4,1|4|6|8,46.3904,210,1
1,b2,4,1|4|6|9,45.9914,210,1
1,b2,4,1|4|7|8,47.0921,210,1
1,b2,4,1|4|7|9,48.1445,210,1
1,b2,4,1|4|8|9,50.7008,210,1
1,b2,4,1|5|6|7,47.2696,210,1
1,b2,4,1|5|6|8,51.3934,210,1
1,b2,4,1|5|6|9,53.9899,210,1
1,b2,4,1|5|7|8,50.6417,210,1
1,b2,4,1|5|7|9,49.6541,210,1
1,b2,4,1|5|8|9,50.9284,210,1
1,b2,4,1|6|7|8,50.5163,210,1
1,b2,4,1|6|7|9,50.1732,210,1
1,b2,4,1|6|8|9,50.6713,210,1
1,b2,4,1|7|8|9,44.5610,210,1
1,b2,4,2|3|4|5,37.3329,210,1
1,b2,4,2|3|4|6,44.0875,210,1
1,b2,4,2|3|4|7,46.8716,210,1
1,b2,4,2|3|4|8,47.0669,210,1
1,b2,4,2|3|4|9,43.0954,210,1
1,b2,4,2|3|5|6,57.6168,210,1
1,b2,4,2|3|5|7,56.8622,210,1
1,b2,4,2|3|5|8,57.3662,210,1
1,b2,4,2|3|5|9,57.5015,210,1
1,b2,4,2|3|6|7,59.6067,210,1
1,b2,4,2|3|6|8,60.7076,210,1
1,b2,4,2|3|6|9,61.0527,210,1
1,b2,4,2|3|7|8,57.1602,210,1
1,b2,4,2|3|7|9,57.3500,210,1
1,b2,4,2|3|8|9,55.4447,210,1
1,b2,4,2|4|5|6,46.9998,210,1
1,b2,4,2|4|5|7,53.8360,210,1
1,b2,4,2|4|5|8,55.0592,210,1
1,b2,4,2|4|5|9,53.0082,210,1
1,b2,4,2|4|6|7,55.8456,210,1
1,b2,4,2|4|6|8,57.9254,210,1
1,b2,4,2|4|6|9,57.0610,210,1
1,b2,4,2|4|7|8,56.7639,210,1
1,b2,4,2|4|7|9,56.3200,210,1
1,b2,4,2|4|8|9,53.6785,210,1
1,b2,4,2|5|6|7,58.1847,210,1
1,b2,4,2|5|6|8,59.9866,210,1
1,b2,4,2|5|6|9,60.6929,210,1
1,b2,4,2|5|7|8,57.4207,210,1
1,b2,4,2|5|7|9,57.3317,210,1
1,b2,4,2|5|8|9,55.8423,210,1
1,b2,4,2|6|7|8,59.2154,210,1
1,b2,4,2|6|7|9,57.9993,210,1
1,b2,4,2|6|8|9,57.6048,210,1
1,b2,4,2|7|8|9,51.3043,210,1
1,b2,4,3|4|5|6,41.2047,210,1
1,b2,4,3|4|5|7,41.8540,210,1
1,b2,4,3|4|5|8,43.1965,210,1
1,b2,4,3|4|5|9,43.5152,210,1
1,b2,4,3|4|6|7,48.9797,210,1
1,b2,4,3|4|6|8,49.0609,210,1
1,b2,4,3|4|6|9,49.3757,210,1
1,b2,4,3|4|7|8,50.4405,210,1
1,b2,4,3|4|7|9,50.1922,210,1
1,b2,4,3|4|8|9,47.4199,210,1
1,b2,4,3|5|6|7,58.7351,210,1
1,b2,4,3|5|6|8,59.4580,210,1
1,b2,4,3|5|6|9,59.2205,210,1
1,b2,4,3|5|7|8,58.6871,210,1
1,b2,4,3|5|7|9,59.2881,210,1
1,b2,4,3|5|8|9,54.7188,210,1
1,b2,4,3|6|7|8,60.2274,210,1
1,b2,4,3|6|7|9,60.6092,210,1
1,b2,4,3|6|8|9,58.1637,210,1
1,b2,4,3|7|8|9,53.8184,210,1
1,b2,4,4|5|6|7,44.6605,210,1
1,b2,4,4|5|6|8,48.2807,210,1
1,b2,4,4|5|6|9,48.6751,210,1
1,b2,4,4|5|7|8,49.3695,210,1
1,b2,4,4|5|7|9,49.1880,210,1
1,b2,4,4|5|8|9,47.8105,210,1
1,b2,4,4|6|7|8,47.9774,210,1
1,b2,4,4|6|7|9,50.2857,210,1
1,b2,4,4|6|8|9,46.7031,210,1
1,b2,4,4|7|8|9,43.4273,210,1
1,b2,4,5|6|7|8,49.5636,210,1
1,b2,4,5|6|7|9,52.3555,210,1
1,b2,4,5|6|8|9,50.0245,210,1
1,b2,4,5|7|8|9,47.7189,210,1
1,b2,4,6|7|8|9,47.5250,210,1
1,b2,5,0|1|2|3|4,18.0116,252,1
1,b2,5,0|1|2|3|5,19.3118,252,1
1,b2,5,0|1|2|3|6,27.6574,252,1
1,b2,5,0|1|2|3|7,27.3885,252,1
1,b2,5,0|1|2|3|8,27.9940,252,1
1,b2,5,0|1|2|3|9,28.4746,252,1
1,b2,5,0|1|2|4|5,21.0057,252,1
1,b2,5,0|1|2|4|6,21.2953,252,1
1,b2,5,0|1|2|4|7,26.2136,252,1
1,b2,5,0|1|2|4|8,27.0807,252,1
1,b2,5,0|1|2|4|9,27.5528,252,1
1,b2,5,0|1|2|5|6,24.0318,252,1
1,b2,5,0|1|2|5|7,25.7065,252,1
1,b2,5,0|1|2|5|8,28.9773,252,1
1,b2,5,0|1|2|5|9,29.3094,252,1
1,b2,5,0|1|2|6|7,30.7770,252,1
1,b2,5,0|1|2|6|8,32.5712,252,1
1,b2,5,0|1|2|6|9,34.4388,252,1
1,b2,5,0|1|2|7|8,34.0054,252,1
1,b2,5,0|1|2|7|9,33.4930,252,1
1,b2,5,0|1|2|8|9,35.0534,252,1
1,b2,5,0|1|3|4|5,24.1452,252,1
1,b2,5,0|1|3|4|6,25.7101,252,1
1,b2,5,0|1|3|4|7,29.9048,252,1
1,b2,5,0|1|3|4|8,33.9942,252,1
1,b2,5,0|1|3|4|9,34.6855,252,1
1,b2,5,0|1|3|5|6,25.8614,252,1
1,b2,5,0|1|3|5|7,31.6061,252,1
1,b2,5,0|1|3|5|8,34.0144,252,1
1,b2,5,0|1|3|5|9,32.9123,252,1
1,b2,5,0|1|3|6|7,31.2327,252,1
1,b2,5,0|1|3|6|8,32.9669,252,1
1,b2,5,0|1|3|6|9,34.9954,252,1
1,b2,5,0|1|3|7|8,37.7928,252,1
1,b2,5,0|1|3|7|9,33.7698,252,1
1,b2,5,0|1|3|8|9,38.0314,252,1
1,b2,5,0|1|4|5|6,24.1254,252,1
1,b2,5,0|1|4|5|7,26.8191,252,1
1,b2,5,0|1|4|5|8,31.1513,252,1
1,b2,5,0|1|4|5|9,31.3210,252,1
1,b2,5,0|1|4|6|7,23.3661,252,1
1,b2,5,0|1|4|6|8,26.6761,252,1
1,b2,5,0|1|4|6|9,28.2004,252,1
1,b2,5,0|1|4|7|8,30.4688,252,1
1,b2,5,0|1|4|7|9,29.6614,252,1
1,b2,5,0|1|4|8|9,34.4809,252,1
1,b2,5,0|1|5|6|7,26.2519,252,1
1,b2,5,0|1|5|6|8,29.0089,252,1
1,b2,5,0|1|5|6|9,32.8190,252,1
1,b2,5,0|1|5|7|8,33.2064,252,1
1,b2,5,0|1|5|7|9,33.5964,252,1
1,b2,5,0|1|5|8|9,34.8047,252,1
1,b2,5,0|1|6|7|8,31.2046,252,1
1,b2,5,0|1|6|7|9,34.4621,252,1
1,b2,5,0|1|6|8|9,33.4018,252,1
1,b2,5,0|1|7|8|9,30.5692,252,1
1,b2,5,0|2|3|4|5,30.3974,252,1
1,b2,5,0|2|3|4|6,36.7528,252,1
1,b2,5,0|2|3|4|7,38.1843,252,1
1,b2,5,0|2|3|4|8,36.0876,252,1
1,b2,5,0|2|3|4|9,36.0311,252,1
1,b2,5,0|2|3|5|6,41.5541,252,1
1,b2,5,0|2|3|5|7,43.4569,252,1
1,b2,5,0|2|3|5|8,43.9839,252,1
1,b2,5,0|2|3|5|9,44.1128,252,1
1,b2,5,0|2|3|6|7,48.3217,252,1
1,b2,5,0|2|3|6|8,48.3549,252,1
1,b2,5,0|2|3|6|9,50.3535,252,1
1,b2,5,0|2|3|7|8,49.7108,252,1
1,b2,5,0|2|3|7|9,48.8697,252,1
1,b2,5,0|2|3|8|9,43.4248,252,1
1,b2,5,0|2|4|5|6,41.5646,252,1
1,b2,5,0|2|4|5|7,45.2991,252,1
1,b2,5,0|2|4|5|8,46.2503,252,1
1,b2,5,0|2|4|5|9,46.5623,252,1
1,b2,5,0|2|4|6|7,48.4872,252,1
1,b2,5,0|2|4|6|8,49.0636,252,1
1,b2,5,0|2|4|6|9,49.6217,252,1
1,b2,5,0|2|4|7|8,53.3720,252,1
1,b2,5,0|2|4|7|9,54.5824,252,1
1,b2,5,0|2|4|8|9,49.2276,252,1
1,b2,5,0|2|5|6|7,49.2881,252,1
1,b2,5,0|2|5|6|8,50.9137,252,1
1,b2,5,0|2|5|6|9,50.2552,252,1
1,b2,5,0|2|5|7|8,55.3718,252,1
1,b2,5,0|2|5|7|9,52.6193,252,1
1,b2,5,0|2|5|8|9,48.8806,252,1
1,b2,5,0|2|6|7|8,54.7330,252,1
1,b2,5,0|2|6|7|9,54.6344,252,1
1,b2,5,0|2|6|8|9,49.0895,252,1
1,b2,5,0|2|7|8|9,47.3329,252,1
1,b2,5,0|3|4|5|6,39.4698,252,1
1,b2,5,0|3|4|5|7,38.1659,252,1
1,b2,5,0|3|4|5|8,42.9709,252,1
1,b2,5,0|3|4|5|9,43.6842,252,1
1,b2,5,0|3|4|6|7,44.6688,252,1
1,b2,5,0|3|4|6|8,44.7969,252,1
1,b2,5,0|3|4|6|9,47.3770,252,1
1,b2,5,0|3|4|7|8,48.3881,252,1
1,b2,5,0|3|4|7|9,47.3120,252,1
1,b2,5,0|3|4|8|9,43.1461,252,1
1,b2,5,0|3|5|6|7,47.8769,252,1
1,b2,5,0|3|5|6|8,50.9254,252,1
1,b2,5,0|3|5|6|9,48.7206,252,1
1,b2,5,0|3|5|7|8,55.2956,252,1
1,b2,5,0|3|5|7|9,50.2994,252,1
1,b2,5,0|3|5|8|9,47.8483,252,1
1,b2,5,0|3|6|7|8,56.4490,252,1
1,b2,5,0|3|6|7|9,56.4576,252,1
1,b2,5,0|3|6|8|9,51.9653,252,1
1,b2,5,0|3|7|8|9,48.3872,252,1
1,b2,5,0|4|5|6|7,39.9805,252,1
1,b2,5,0|4|5|6|8,46.5693,252,1
1,b2,5,0|4|5|6|9,47.7921,252,1
1,b2,5,0|4|5|7|8,47.2579,252,1
1,b2,5,0|4|5|7|9,46.5789,252,1
1,b2,5,0|4|5|8|9,47.1550,252,1
1,b2,5,0|4|6|7|8,47.3355,252,1
1,b2,5,0|4|6|7|9,48.1451,252,1
1,b2,5,0|4|6|8|9,44.2434,252,1
1,b2,5,0|4|7|8|9,45.1856,252,1
1,b2,5,0|5|6|7|8,47.5051,252,1
1,b2,5,0|5|6|7|9,46.3260,252,1
1,b2,5,0|5|6|8|9,43.1203,252,1
1,b2,5,0|5|7|8|9,39.7782,252,1
1,b2,5,0|6|7|8|9,39.5774,252,1
1,b2,5,1|2|3|4|5,22.4044,252,1
1,b2,5,1|2|3|4|6,29.9735,252,1
1,b2,5,1|2|3|4|7,29.6661,252,1
1,b2,5,1|2|3|4|8,32.4727,252,1
1,b2,5,1|2|3|4|9,34.3468,252,1
1,b2,5,1|2|3|5|6,36.6049,252,1
1,b2,5,1|2|3|5|7,38.4765,252,1
1,b2,5,1|2|3|5|8,40.0726,252,1
1,b2,5,1|2|3|5|9,43.1378,252,1
1,b2,5,1|2|3|6|7,38.4411,252,1
1,b2,5,1|2|3|6|8,41.0043,252,1
1,b2,5,1|2|3|6|9,42.4222,252,1
1,b2,5,1|2|3|7|8,39.4328,252,1
1,b2,5,1|2|3|7|9,40.3736,252,1
1,b2,5,1|2|3|8|9,40.9112,252,1
1,b2,5,1|2|4|5|6,36.1908,252,1
1,b2,5,1|2|4|5|7,38.0015,252,1
1,b2,5,1|2|4|5|8,42.3845,252,1
1,b2,5,1|2|4|5|9,42.5727,252,1
1,b2,5,1|2|4|6|7,39.4884,252,1
1,b2,5,1|2|4|6|8,42.8490,252,1
1,b2,5,1|2|4|6|9,43.5097,252,1
1,b2,5,1|2|4|7|8,44.4466,252,1
1,b2,5,1|2|4|7|9,47.3489,252,1
1,b2,5,1|2|4|8|9,50.5118,252,1
1,b2,5,1|2|5|6|7,42.4978,252,1
1,b2,5,1|2|5|6|8,46.9011,252,1
1,b2,5,1|2|5|6|9,48.8782,252,1
1,b2,5,1|2|5|7|8,46.7661,252,1
1,b2,5,1|2|5|7|9,44.6656,252,1
1,b2,5,1|2|5|8|9,45.8638,252,1
1,b2,5,1|2|6|7|8,45.8022,252,1
1,b2,5,1|2|6|7|9,45.7761,252,1
1,b2,5,1|2|6|8|9,45.9054,252,1
1,b2,5,1|2|7|8|9,40.3555,252,1
1,b2,5,1|3|4|5|6,37.1974,252,1
1,b2,5,1|3|4|5|7,38.0693,252,1
1,b2,5,1|3|4|5|8,43.3364,252,1
1,b2,5,1|3|4|5|9,45.5003,252,1
1,b2,5,1|3|4|6|7,41.6530,252,1
1,b2,5,1|3|4|6|8,43.1686,252,1
1,b2,5,1|3|4|6|9,45.8103,252,1
1,b2,5,1|3|4|7|8,45.2110,252,1
1,b2,5,1|3|4|7|9,47.7085,252,1
1,b2,5,1|3|4|8|9,47.7705,252,1
1,b2,5,1|3|5|6|7,45.2057,252,1
1,b2,5,1|3|5|6|8,51.6491,252,1
1,b2,5,1|3|5|6|9,54.5534,252,1
1,b2,5,1|3|5|7|8,49.2773,252,1
1,b2,5,1|3|5|7|9,47.9117,252,1
1,b2,5,1|3|5|8|9,50.4772,252,1
1,b2,5,1|3|6|7|8,51.3747,252,1
1,b2,5,1|3|6|7|9,51.8673,252,1
1,b2,5,1|3|6|8|9,50.8348,252,1
1,b2,5,1|3|7|8|9,44.7864,252,1
1,b2,5,1|4|5|6|7,34.6205,252,1
1,b2,5,1|4|5|6|8,38.0904,252,1
1,b2,5,1|4|5|6|9,38.7829,252,1
1,b2,5,1|4|5|7|8,41.6189,252,1
1,b2,5,1|4|5|7|9,41.7106,252,1
1,b2,5,1|4|5|8|9,44.1627,252,1
1,b2,5,1|4|6|7|8,38.4881,252,1
1,b2,5,1|4|6|7|9,39.8113,252,1
1,b2,5,1|4|6|8|9,41.4480,252,1
1,b2,5,1|4|7|8|9,40.4521,252,1
1,b2,5,1|5|6|7|8,41.9457,252,1
1,b2,5,1|5|6|7|9,43.9975,252,1
1,b2,5,1|5|6|8|9,44.6088,252,1
1,b2,5,1|5|7|8|9,38.3901,252,1
1,b2,5,1|6|7|8|9,39.4092,252,1
1,b2,5,2|3|4|5|6,28.5570,252,1
1,b2,5,2|3|4|5|7,29.5403,252,1
1,b2,5,2|3|4|5|8,33.1454,252,1
1,b2,5,2|3|4|5|9,30.6204,252,1
1,b2,5,2|3|4|6|7,36.7955,252,1
1,b2,5,2|3|4|6|8,37.2922,252,1
1,b2,5,2|3|4|6|9,37.8436,252,1
1,b2,5,2|3|4|7|8,39.8519,252,1
1,b2,5,2|3|4|7|9,37.2455,252,1
1,b2,5,2|3|4|8|9,34.3605,252,1
1,b2,5,2|3|5|6|7,50.3688,252,1
1,b2,5,2|3|5|6|8,50.3895,252,1
1,b2,5,2|3|5|6|9,52.4234,252,1
1,b2,5,2|3|5|7|8,52.3501,252,1
1,b2,5,2|3|5|7|9,52.2597,252,1
1,b2,5,2|3|5|8|9,47.0492,252,1
1,b2,5,2|3|6|7|8,52.4633,252,1
1,b2,5,2|3|6|7|9,55.8537,252,1
1,b2,5,2|3|6|8|9,48.6748,252,1
1,b2,5,2|3|7|8|9,46.7289,252,1
1,b2,5,2|4|5|6|7,38.6773,252,1
1,b2,5,2|4|5|6|8,40.0818,252,1
1,b2,5,2|4|5|6|9,42.2657,252,1
1,b2,5,2|4|5|7|8,41.4662,252,1
1,b2,5,2|4|5|7|9,43.1193,252,1
1,b2,5,2|4|5|8|9,41.0856,252,1
1,b2,5,2|4|6|7|8,43.4918,252,1
1,b2,5,2|4|6|7|9,47.2445,252,1
1,b2,5,2|4|6|8|9,43.4308,252,1
1,b2,5,2|4|7|8|9,39.7425,252,1
1,b2,5,2|5|6|7|8,47.3217,252,1
1,b2,5,2|5|6|7|9,49.9180,252,1
1,b2,5,2|5|6|8|9,46.5443,252,1
1,b2,5,2|5|7|8|9,43.3656,252,1
1,b2,5,2|6|7|8|9,44.3399,252,1
1,b2,5,3|4|5|6|7,31.1717,252,1
1,b2,5,3|4|5|6|8,33.5176,252,1
1,b2,5,3|4|5|6|9,36.4462,252,1
1,b2,5,3|4|5|7|8,32.9791,252,1
1,b2,5,3|4|5|7|9,34.5622,252,1
1,b2,5,3|4|5|8|9,32.5738,252,1
1,b2,5,3|4|6|7|8,38.9217,252,1
1,b2,5,3|4|6|7|9,40.9041,252,1
1,b2,5,3|4|6|8|9,38.3818,252,1
1,b2,5,3|4|7|8|9,35.4785,252,1
1,b2,5,3|5|6|7|8,46.7755,252,1
1,b2,5,3|5|6|7|9,49.0710,252,1
1,b2,5,3|5|6|8|9,45.6938,252,1
1,b2,5,3|5|7|8|9,44.3191,252,1
1,b2,5,3|6|7|8|9,46.5624,252,1
1,b2,5,4|5|6|7|8,36.3122,252,1
1,b2,5,4|5|6|7|9,38.1757,252,1
1,b2,5,4|5|6|8|9,38.5480,252,1
1,b2,5,4|5|7|8|9,34.3006,252,1
1,b2,5,4|6|7|8|9,34.6137,252,1
1,b2,5,5|6|7|8|9,35.2514,252,1
1,b2,6,0|1|2|3|4|5,9.9532,210,1
1,b2,6,0|1|2|3|4|6,16.3808,210,1
1,b2,6,0|1|2|3|4|7,15.8754,210,1
1,b2,6,0|1|2|3|4|8,18.6234,210,1
1,b2,6,0|1|2|3|4|9,21.7657,210,1
1,b2,6,0|1|2|3|5|6,17.2423,210,1
1,b2,6,0|1|2|3|5|7,18.1883,210,1
1,b2,6,0|1|2|3|5|8,19.7757,210,1
1,b2,6,0|1|2|3|5|9,20.7023,210,1
1,b2,6,0|1|2|3|6|7,24.6623,210,1
1,b2,6,0|1|2|3|6|8,26.4635,210,1
1,b2,6,0|1|2|3|6|9,28.0447,210,1
1,b2,6,0|1|2|3|7|8,25.2701,210,1
1,b2,6,0|1|2|3|7|9,26.8696,210,1
1,b2,6,0|1|2|3|8|9,27.7517,210,1
1,b2,6,0|1|2|4|5|6,16.9565,210,1
1,b2,6,0|1|2|4|5|7,20.5731,210,1
1,b2,6,0|1|2|4|5|8,23.3816,210,1
1,b2,6,0|1|2|4|5|9,24.0691,210,1
1,b2,6,0|1|2|4|6|7,17.2916,210,1
1,b2,6,0|1|2|4|6|8,19.4064,210,1
1,b2,6,0|1|2|4|6|9,23.7084,210,1
1,b2,6,0|1|2|4|7|8,24.2811,210,1
1,b2,6,0|1|2|4|7|9,21.8148,210,1
1,b2,6,0|1|2|4|8|9,29.5315,210,1
1,b2,6,0|1|2|5|6|7,17.7351,210,1
1,b2,6,0|1|2|5|6|8,22.5154,210,1
1,b2,6,0|1|2|5|6|9,25.3344,210,1
1,b2,6,0|1|2|5|7|8,23.9053,210,1
1,b2,6,0|1|2|5|7|9,26.9678,210,1
1,b2,6,0|1|2|5|8|9,29.1759,210,1
1,b2,6,0|1|2|6|7|8,26.8040,210,1
1,b2,6,0|1|2|6|7|9,30.3982,210,1
1,b2,6,0|1|2|6|8|9,30.4973,210,1
1,b2,6,0|1|2|7|8|9,26.5126,210,1
1,b2,6,0|1|3|4|5|6,20.3308,210,1
1,b2,6,0|1|3|4|5|7,24.4628,210,1
1,b2,6,0|1|3|4|5|8,30.9493,210,1
1,b2,6,0|1|3|4|5|9,29.9454,210,1
1,b2,6,0|1|3|4|6|7,22.1375,210,1
1,b2,6,0|1|3|4|6|8,26.2768,210,1
1,b2,6,0|1|3|4|6|9,27.8482,210,1
1,b2,6,0|1|3|4|7|8,32.2306,210,1
1,b2,6,0|1|3|4|7|9,29.7214,210,1
1,b2,6,0|1|3|4|8|9,37.5523,210,1
1,b2,6,0|1|3|5|6|7,21.4309,210,1
1,b2,6,0|1|3|5|6|8,25.7395,210,1
1,b2,6,0|1|3|5|6|9,29.8698,210,1
1,b2,6,0|1|3|5|7|8,26.1003,210,1
1,b2,6,0|1|3|5|7|9,27.0310,210,1
1,b2,6,0|1|3|5|8|9,28.5226,210,1
1,b2,6,0|1|3|6|7|8,29.1934,210,1
1,b2,6,0|1|3|6|7|9,30.7033,210,1
1,b2,6,0|1|3|6|8|9,31.9929,210,1
1,b2,6,0|1|3|7|8|9,24.5913,210,1
1,b2,6,0|1|4|5|6|7,19.4425,210,1
1,b2,6,0|1|4|5|6|8,22.3153,210,1
1,b2,6,0|1|4|5|6|9,23.0806,210,1
1,b2,6,0|1|4|5|7|8,26.2551,210,1
1,b2,6,0|1|4|5|7|9,23.8270,210,1
1,b2,6,0|1|4|5|8|9,27.3326,210,1
1,b2,6,0|1|4|6|7|8,19.8523,210,1
1,b2,6,0|1|4|6|7|9,21.4182,210,1
1,b2,6,0|1|4|6|8|9,25.3324,210,1
1,b2,6,0|1|4|7|8|9,21.5327,210,1
1,b2,6,0|1|5|6|7|8,22.4860,210,1
1,b2,6,0|1|5|6|7|9,28.2658,210,1
1,b2,6,0|1|5|6|8|9,25.6185,210,1
1,b2,6,0|1|5|7|8|9,18.7727,210,1
1,b2,6,0|1|6|7|8|9,18.5445,210,1
1,b2,6,0|2|3|4|5|6,25.9104,210,1
1,b2,6,0|2|3|4|5|7,26.8445,210,1
1,b2,6,0|2|3|4|5|8,26.9879,210,1
1,b2,6,0|2|3|4|5|9,29.0762,210,1
1,b2,6,0|2|3|4|6|7,32.6605,210,1
1,b2,6,0|2|3|4|6|8,32.4245,210,1
1,b2,6,0|2|3|4|6|9,31.6223,210,1
1,b2,6,0|2|3|4|7|8,35.6066,210,1
1,b2,6,0|2|3|4|7|9,33.5830,210,1
1,b2,6,0|2|3|4|8|9,27.3176,210,1
1,b2,6,0|2|3|5|6|7,33.9168,210,1
1,b2,6,0|2|3|5|6|8,36.7075,210,1
1,b2,6,0|2|3|5|6|9,38.4209,210,1
1,b2,6,0|2|3|5|7|8,42.2552,210,1
1,b2,6,0|2|3|5|7|9,40.1679,210,1
1,b2,6,0|2|3|5|8|9,34.7367,210,1
1,b2,6,0|2|3|6|7|8,45.0495,210,1
1,b2,6,0|2|3|6|7|9,46.9261,210,1
1,b2,6,0|2|3|6|8|9,39.4506,210,1
1,b2,6,0|2|3|7|8|9,38.7496,210,1
1,b2,6,0|2|4|5|6|7,35.8720,210,1
1,b2,6,0|2|4|5|6|8,41.3382,210,1
1,b2,6,0|2|4|5|6|9,42.1083,210,1
1,b2,6,0|2|4|5|7|8,41.1739,210,1
1,b2,6,0|2|4|5|7|9,46.2253,210,1
1,b2,6,0|2|4|5|8|9,43.6228,210,1
1,b2,6,0|2|4|6|7|8,43.4642,210,1
1,b2,6,0|2|4|6|7|9,44.2717,210,1
1,b2,6,0|2|4|6|8|9,39.7658,210,1
1,b2,6,0|2|4|7|8|9,44.9410,210,1
1,b2,6,0|2|5|6|7|8,44.4348,210,1
1,b2,6,0|2|5|6|7|9,45.2410,210,1
1,b2,6,0|2|5|6|8|9,39.2908,210,1
1,b2,6,0|2|5|7|8|9,36.3463,210,1
1,b2,6,0|2|6|7|8|9,37.7225,210,1
1,b2,6,0|3|4|5|6|7,30.4418,210,1
1,b2,6,0|3|4|5|6|8,37.2895,210,1
1,b2,6,0|3|4|5|6|9,35.8493,210,1
1,b2,6,0|3|4|5|7|8,32.0065,210,1
1,b2,6,0|3|4|5|7|9,32.7454,210,1
1,b2,6,0|3|4|5|8|9,32.1599,210,1
1,b2,6,0|3|4|6|7|8,39.1021,210,1
1,b2,6,0|3|4|6|7|9,40.4891,210,1
1,b2,6,0|3|4|6|8|9,35.3165,210,1
1,b2,6,0|3|4|7|8|9,38.2136,210,1
1,b2,6,0|3|5|6|7|8,43.4737,210,1
1,b2,6,0|3|5|6|7|9,43.8290,210,1
1,b2,6,0|3|5|6|8|9,41.1555,210,1
1,b2,6,0|3|5|7|8|9,36.1793,210,1
1,b2,6,0|3|6|7|8|9,41.2612,210,1
1,b2,6,0|4|5|6|7|8,36.7911,210,1
1,b2,6,0|4|5|6|7|9,38.4682,210,1
1,b2,6,0|4|5|6|8|9,34.7942,210,1
1,b2,6,0|4|5|7|8|9,35.0572,210,1
1,b2,6,0|4|6|7|8|9,33.0302,210,1
1,b2,6,0|5|6|7|8|9,33.2064,210,1
1,b2,6,1|2|3|4|5|6,18.5671,210,1
1,b2,6,1|2|3|4|5|7,19.2882,210,1
1,b2,6,1|2|3|4|5|8,22.7123,210,1
1,b2,6,1|2|3|4|5|9,25.2803,210,1
1,b2,6,1|2|3|4|6|7,24.9020,210,1
1,b2,6,1|2|3|4|6|8,29.4003,210,1
1,b2,6,1|2|3|4|6|9,29.9103,210,1
1,b2,6,1|2|3|4|7|8,32.8323,210,1
1,b2,6,1|2|3|4|7|9,32.8555,210,1
1,b2,6,1|2|3|4|8|9,34.8143,210,1
1,b2,6,1|2|3|5|6|7,30.0335,210,1
1,b2,6,1|2|3|5|6|8,34.6489,210,1
1,b2,6,1|2|3|5|6|9,36.2978,210,1
1,b2,6,1|2|3|5|7|8,35.9475,210,1
1,b2,6,1|2|3|5|7|9,36.5694,210,1
1,b2,6,1|2|3|5|8|9,34.3772,210,1
1,b2,6,1|2|3|6|7|8,36.0718,210,1
1,b2,6,1|2|3|6|7|9,37.2897,210,1
1,b2,6,1|2|3|6|8|9,34.8788,210,1
1,b2,6,1|2|3|7|8|9,30.4090,210,1
1,b2,6,1|2|4|5|6|7,29.9456,210,1
1,b2,6,1|2|4|5|6|8,33.6490,210,1
1,b2,6,1|2|4|5|6|9,34.7837,210,1
1,b2,6,1|2|4|5|7|8,37.4964,210,1
1,b2,6,1|2|4|5|7|9,38.9139,210,1
1,b2,6,1|2|4|5|8|9,42.4743,210,1
1,b2,6,1|2|4|6|7|8,32.9689,210,1
1,b2,6,1|2|4|6|7|9,37.0535,210,1
1,b2,6,1|2|4|6|8|9,39.4699,210,1
1,b2,6,1|2|4|7|8|9,40.3744,210,1
1,b2,6,1|2|5|6|7|8,37.4934,210,1
1,b2,6,1|2|5|6|7|9,40.7952,210,1
1,b2,6,1|2|5|6|8|9,41.8310,210,1
1,b2,6,1|2|5|7|8|9,34.2217,210,1
1,b2,6,1|2|6|7|8|9,35.4635,210,1
1,b2,6,1|3|4|5|6|7,28.9231,210,1
1,b2,6,1|3|4|5|6|8,32.9869,210,1
1,b2,6,1|3|4|5|6|9,37.7911,210,1
1,b2,6,1|3|4|5|7|8,33.9114,210,1
1,b2,6,1|3|4|5|7|9,39.8744,210,1
1,b2,6,1|3|4|5|8|9,42.2060,210,1
1,b2,6,1|3|4|6|7|8,35.1880,210,1
1,b2,6,1|3|4|6|7|9,40.8048,210,1
1,b2,6,1|3|4|6|8|9,38.8461,210,1
1,b2,6,1|3|4|7|8|9,40.2578,210,1
1,b2,6,1|3|5|6|7|8,39.3714,210,1
1,b2,6,1|3|5|6|7|9,43.0021,210,1
1,b2,6,1|3|5|6|8|9,42.3421,210,1
1,b2,6,1|3|5|7|8|9,33.9657,210,1
1,b2,6,1|3|6|7|8|9,40.3938,210,1
1,b2,6,1|4|5|6|7|8,32.9917,210,1
1,b2,6,1|4|5|6|7|9,33.1583,210,1
1,b2,6,1|4|5|6|8|9,33.2920,210,1
1,b2,6,1|4|5|7|8|9,33.1975,210,1
1,b2,6,1|4|6|7|8|9,32.2333,210,1
1,b2,6,1|5|6|7|8|9,27.2499,210,1
1,b2,6,2|3|4|5|6|7,20.5699,210,1
1,b2,6,2|3|4|5|6|8,22.1507,210,1
1,b2,6,2|3|4|5|6|9,22.3315,210,1
1,b2,6,2|3|4|5|7|8,25.2747,210,1
1,b2,6,2|3|4|5|7|9,24.3214,210,1
1,b2,6,2|3|4|5|8|9,21.9756,210,1
1,b2,6,2|3|4|6|7|8,26.2418,210,1
1,b2,6,2|3|4|6|7|9,29.0355,210,1
1,b2,6,2|3|4|6|8|9,24.9962,210,1
1,b2,6,2|3|4|7|8|9,23.7203,210,1
1,b2,6,2|3|5|6|7|8,36.3959,210,1
1,b2,6,2|3|5|6|7|9,41.2561,210,1
1,b2,6,2|3|5|6|8|9,34.3096,210,1
1,b2,6,2|3|5|7|8|9,34.3481,210,1
1,b2,6,2|3|6|7|8|9,37.5737,210,1
1,b2,6,2|4|5|6|7|8,28.6412,210,1
1,b2,6,2|4|5|6|7|9,32.0371,210,1
1,b2,6,2|4|5|6|8|9,30.8493,210,1
1,b2,6,2|4|5|7|8|9,25.5379,210,1
1,b2,6,2|4|6|7|8|9,30.1900,210,1
1,b2,6,2|5|6|7|8|9,28.6333,210,1
1,b2,6,3|4|5|6|7|8,23.3736,210,1
1,b2,6,3|4|5|6|7|9,25.9561,210,1
1,b2,6,3|4|5|6|8|9,24.7693,210,1
1,b2,6,3|4|5|7|8|9,21.6098,210,1
1,b2,6,3|4|6|7|8|9,27.6334,210,1
1,b2,6,3|5|6|7|8|9,27.8189,210,1
1,b2,6,4|5|6|7|8|9,25.3565,210,1
1,b3,0,,74.7602,1,1
1,b3,1,0,19.2322,10,1
1,b3,1,1,24.3622,10,1
1,b3,1,2,11.9772,10,1
1,b3,1,3,15.2920,10,1
1,b3,1,4,7.8147,10,1
1,b3,1,5,7.9951,10,1
1,b3,1,6,40.4182,10,1
1,b3,1,7,5.0803,10,1
1,b3,1,8,70.6548,10,1
1,b3,1,9,22.9217,10,1
1,b3,2,0|1,4.4123,45,1
1,b3,2,0|2,7.3398,45,1
1,b3,2,0|3,13.9234,45,1
1,b3,2,0|4,7.7470,45,1
1,b3,2,0|5,7.8663,45,1
1,b3,2,0|6,19.7049,45,1
1,b3,2,0|7,1.5761,45,1
1,b3,2,0|8,20.3472,45,1
1,b3,2,0|9,10.0354,45,1
1,b3,2,1|2,6.3576,45,1
1,b3,2,1|3,12.4195,45,1
1,b3,2,1|4,9.8777,45,1
1,b3,2,1|5,5.9749,45,1
1,b3,2,1|6,20.2342,45,1
1,b3,2,1|7,0.7368,45,1
1,b3,2,1|8,23.2430,45,1
1,b3,2,1|9,14.2274,45,1
1,b3,2,2|3,13.6716,45,1
1,b3,2,2|4,11.9314,45,1
1,b3,2,2|5,0.6796,45,1
1,b3,2,2|6,5.7547,45,1
1,b3,2,2|7,3.0280,45,1
1,b3,2,2|8,12.0982,45,1
1,b3,2,2|9,7.2279,45,1
1,b3,2,3|4,11.4817,45,1
1,b3,2,3|5,12.5035,45,1
1,b3,2,3|6,15.0826,45,1
1,b3,2,3|7,1.6143,45,1
1,b3,2,3|8,14.3545,45,1
1,b3,2,3|9,7.8238,45,1
1,b3,2,4|5,5.0810,45,1
1,b3,2,4|6,7.9899,45,1
1,b3,2,4|7,5.5520,45,1
1,b3,2,4|8,8.2407,45,1
1,b3,2,4|9,2.0283,45,1
1,b3,2,5|6,7.1861,45,1
1,b3,2,5|7,8.4730,45,1
1,b3,2,5|8,8.1804,45,1
1,b3,2,5|9,5.3463,45,1
1,b3,2,6|7,3.8879,45,1
1,b3,2,6|8,40.8006,45,1
1,b3,2,6|9,16.7429,45,1
1,b3,2,7|8,4.2425,45,1
1,b3,2,7|9,5.7212,45,1
1,b3,2,8|9,10.0670,45,1
1,b3,3,0|1|2,0.7634,120,1
1,b3,3,0|1|3,6.7892,120,1
1,b3,3,0|1|4,3.2178,120,1
1,b3,3,0|1|5,6.5442,120,1
1,b3,3,0|1|6,6.8707,120,1
1,b3,3,0|1|7,1.0788,120,1
1,b3,3,0|1|8,4.4734,120,1
1,b3,3,0|1|9,2.7762,120,1
1,b3,3,0|2|3,8.4863,120,1
1,b3,3,0|2|4,8.7802,120,1
1,b3,3,0|2|5,1.5698,120,1
1,b3,3,0|2|6,5.7508,120,1
1,b3,3,0|2|7,1.9633,120,1
1,b3,3,0|2|8,7.3399,120,1
1,b3,3,0|2|9,7.2531,120,1
1,b3,3,0|3|4,11.2030,120,1
1,b3,3,0|3|5,4.6976,120,1
1,b3,3,0|3|6,14.3143,120,1
1,b3,3,0|3|7,1.3148,120,1
1,b3,3,0|3|8,13.8650,120,1
1,b3,3,0|3|9,7.3262,120,1
1,b3,3,0|4|5,1.8528,120,1
1,b3,3,0|4|6,7.4599,120,1
1,b3,3,0|4|7,2.5409,120,1
1,b3,3,0|4|8,7.7053,120,1
1,b3,3,0|4|9,1.6679,120,1
1,b3,3,0|5|6,7.1779,120,1
1,b3,3,0|5|7,3.1495,120,1
1,b3,3,0|5|8,7.8195,120,1
1,b3,3,0|5|9,5.1110,120,1
1,b3,3,0|6|7,2.3911,120,1
1,b3,3,0|6|8,19.7199,120,1
1,b3,3,0|6|9,5.8835,120,1
1,b3,3,0|7|8,1.2512,120,1
1,b3,3,0|7|9,2.7196,120,1
1,b3,3,0|8|9,2.5718,120,1
1,b3,3,1|2|3,4.8789,120,1
1,b3,3,1|2|4,9.1770,120,1
1,b3,3,1|2|5,0.4796,120,1
1,b3,3,1|2|6,4.4193,120,1
1,b3,3,1|2|7,3.3647,120,1
1,b3,3,1|2|8,6.3993,120,1
1,b3,3,1|2|9,3.9060,120,1
1,b3,3,1|3|4,13.8134,120,1
1,b3,3,1|3|5,2.5656,120,1
1,b3,3,1|3|6,10.8356,120,1
1,b3,3,1|3|7,1.3581,120,1
1,b3,3,1|3|8,12.7324,120,1
1,b3,3,1|3|9,9.3752,120,1
1,b3,3,1|4|5,3.2374,120,1
1,b3,3,1|4|6,8.4729,120,1
1,b3,3,1|4|7,5.7427,120,1
1,b3,3,1|4|8,10.1444,120,1
1,b3,3,1|4|9,2.5491,120,1
1,b3,3,1|5|6,6.1295,120,1
1,b3,3,1|5|7,1.8474,120,1
1,b3,3,1|5|8,6.1134,120,1
1,b3,3,1|5|9,6.0582,120,1
1,b3,3,1|6|7,0.9178,120,1
1,b3,3,1|6|8,20.5325,120,1
1,b3,3,1|6|9,7.7407,120,1
1,b3,3,1|7|8,0.7627,120,1
1,b3,3,1|7|9,5.8012,120,1
1,b3,3,1|8|9,2.0420,120,1
1,b3,3,2|3|4,2.8011,120,1
1,b3,3,2|3|5,0.4792,120,1
1,b3,3,2|3|6,6.4876,120,1
1,b3,3,2|3|7,1.6189,120,1
1,b3,3,2|3|8,13.6759,120,1
1,b3,3,2|3|9,8.5325,120,1
1,b3,3,2|4|5,2.6729,120,1
1,b3,3,2|4|6,11.3137,120,1
1,b3,3,2|4|7,3.8575,120,1
1,b3,3,2|4|8,11.2618,120,1
1,b3,3,2|4|9,5.0737,120,1
1,b3,3,2|5|6,0.4842,120,1
1,b3,3,2|5|7,2.1309,120,1
1,b3,3,2|5|8,0.6086,120,1
1,b3,3,2|5|9,0.4853,120,1
1,b3,3,2|6|7,2.0625,120,1
1,b3,3,2|6|8,5.7894,120,1
1,b3,3,2|6|9,5.5220,120,1
1,b3,3,2|7|8,2.5821,120,1
1,b3,3,2|7|9,1.8737,120,1
1,b3,3,2|8|9,1.5153,120,1
1,b3,3,3|4|5,7.6266,120,1
1,b3,3,3|4|6,10.0389,120,1
1,b3,3,3|4|7,3.2464,120,1
1,b3,3,3|4|8,11.8534,120,1
1,b3,3,3|4|9,2.9194,120,1
1,b3,3,3|5|6,5.7296,120,1
1,b3,3,3|5|7,4.1425,120,1
1,b3,3,3|5|8,11.9608,120,1
1,b3,3,3|5|9,5.2772,120,1
1,b3,3,3|6|7,1.1850,120,1
1,b3,3,3|6|8,14.0680,120,1
1,b3,3,3|6|9,4.5090,120,1
1,b3,3,3|7|8,1.5160,120,1
1,b3,3,3|7|9,3.3316,120,1
1,b3,3,3|8|9,1.7396,120,1
1,b3,3,4|5|6,6.7053,120,1
1,b3,3,4|5|7,1.8105,120,1
1,b3,3,4|5|8,5.8297,120,1
1,b3,3,4|5|9,3.1552,120,1
1,b3,3,4|6|7,3.7842,120,1
1,b3,3,4|6|8,7.7287,120,1
1,b3,3,4|6|9,0.9547,120,1
1,b3,3,4|7|8,5.5498,120,1
1,b3,3,4|7|9,5.9712,120,1
1,b3,3,4|8|9,0.5952,120,1
1,b3,3,5|6|7,2.6429,120,1
1,b3,3,5|6|8,7.1312,120,1
1,b3,3,5|6|9,4.3445,120,1
1,b3,3,5|7|8,8.2348,120,1
1,b3,3,5|7|9,7.1490,120,1
1,b3,3,5|8|9,7.0673,120,1
1,b3,3,6|7|8,3.6733,120,1
1,b3,3,6|7|9,2.2912,120,1
1,b3,3,6|8|9,6.7125,120,1
1,b3,3,7|8|9,0.5951,120,1
1,b3,4,0|1|2|3,0.7211,210,1
1,b3,4,0|1|2|4,2.2267,210,1
1,b3,4,0|1|2|5,0.4963,210,1
1,b3,4,0|1|2|6,0.4798,210,1
1,b3,4,0|1|2|7,1.9397,210,1
1,b3,4,0|1|2|8,0.7551,210,1
1,b3,4,0|1|2|9,0.6741,210,1
1,b3,4,0|1|3|4,3.9765,210,1
1,b3,4,0|1|3|5,3.0751,210,1
1,b3,4,0|1|3|6,4.1666,210,1
1,b3,4,0|1|3|7,1.1186,210,1
1,b3,4,0|1|3|8,6.9939,210,1
1,b3,4,0|1|3|9,4.5535,210,1
1,b3,4,0|1|4|5,2.3201,210,1
1,b3,4,0|1|4|6,2.7516,210,1
1,b3,4,0|1|4|7,2.0750,210,1
1,b3,4,0|1|4|8,3.4358,210,1
1,b3,4,0|1|4|9,1.9687,210,1
1,b3,4,0|1|5|6,6.4046,210,1
1,b3,4,0|1|5|7,2.9311,210,1
1,b3,4,0|1|5|8,6.4917,210,1
1,b3,4,0|1|5|9,6.3297,210,1
1,b3,4,0|1|6|7,0.8275,210,1
1,b3,4,0|1|6|8,6.8373,210,1
1,b3,4,0|1|6|9,2.6144,210,1
1,b3,4,0|1|7|8,0.7835,210,1
1,b3,4,0|1|7|9,3.3693,210,1
1,b3,4,0|1|8|9,1.8406,210,1
1,b3,4,0|2|3|4,2.1290,210,1
1,b3,4,0|2|3|5,0.4805,210,1
1,b3,4,0|2|3|6,6.1856,210,1
1,b3,4,0|2|3|7,1.0522,210,1
1,b3,4,0|2|3|8,8.9340,210,1
1,b3,4,0|2|3|9,8.2465,210,1
1,b3,4,0|2|4|5,1.8187,210,1
1,b3,4,0|2|4|6,10.5942,210,1
1,b3,4,0|2|4|7,2.7926,210,1
1,b3,4,0|2|4|8,8.4047,210,1
1,b3,4,0|2|4|9,5.4915,210,1
1,b3,4,0|2|5|6,0.5494,210,1
1,b3,4,0|2|5|7,1.8986,210,1
1,b3,4,0|2|5|8,1.2407,210,1
1,b3,4,0|2|5|9,0.5018,210,1
1,b3,4,0|2|6|7,2.6926,210,1
1,b3,4,0|2|6|8,5.3975,210,1
1,b3,4,0|2|6|9,5.4840,210,1
1,b3,4,0|2|7|8,2.3190,210,1
1,b3,4,0|2|7|9,1.8176,210,1
1,b3,4,0|2|8|9,0.9294,210,1
1,b3,4,0|3|4|5,2.2654,210,1
1,b3,4,0|3|4|6,7.9705,210,1
1,b3,4,0|3|4|7,3.6120,210,1
1,b3,4,0|3|4|8,11.3220,210,1
1,b3,4,0|3|4|9,1.8189,210,1
1,b3,4,0|3|5|6,0.8304,210,1
1,b3,4,0|3|5|7,3.2340,210,1
1,b3,4,0|3|5|8,4.9195,210,1
1,b3,4,0|3|5|9,1.0008,210,1
1,b3,4,0|3|6|7,0.9823,210,1
1,b3,4,0|3|6|8,13.6585,210,1
1,b3,4,0|3|6|9,4.9863,210,1
1,b3,4,0|3|7|8,1.0973,210,1
1,b3,4,0|3|7|9,2.3869,210,1
1,b3,4,0|3|8|9,1.0817,210,1
1,b3,4,0|4|5|6,5.3527,210,1
1,b3,4,0|4|5|7,1.8088,210,1
1,b3,4,0|4|5|8,2.1825,210,1
1,b3,4,0|4|5|9,1.3460,210,1
1,b3,4,0|4|6|7,2.0142,210,1
1,b3,4,0|4|6|8,7.7200,210,1
1,b3,4,0|4|6|9,0.5954,210,1
1,b3,4,0|4|7|8,3.9133,210,1
1,b3,4,0|4|7|9,7.0573,210,1
1,b3,4,0|4|8|9,0.5951,210,1
1,b3,4,0|5|6|7,2.3312,210,1
1,b3,4,0|5|6|8,7.2464,210,1
1,b3,4,0|5|6|9,3.5938,210,1
1,b3,4,0|5|7|8,3.7150,210,1
1,b3,4,0|5|7|9,2.2902,210,1
1,b3,4,0|5|8|9,2.0654,210,1
1,b3,4,0|6|7|8,2.7837,210,1
1,b3,4,0|6|7|9,1.8359,210,1
1,b3,4,0|6|8|9,1.3214,210,1
1,b3,4,0|7|8|9,0.5951,210,1
1,b3,4,1|2|3|4,1.4135,210,1
1,b3,4,1|2|3|5,0.4791,210,1
1,b3,4,1|2|3|6,2.9393,210,1
1,b3,4,1|2|3|7,1.3341,210,1
1,b3,4,1|2|3|8,4.8932,210,1
1,b3,4,1|2|3|9,2.6610,210,1
1,b3,4,1|2|4|5,4.2481,210,1
1,b3,4,1|2|4|6,10.4617,210,1
1,b3,4,1|2|4|7,4.8439,210,1
1,b3,4,1|2|4|8,8.4348,210,1
1,b3,4,1|2|4|9,4.1644,210,1
1,b3,4,1|2|5|6,0.4793,210,1
1,b3,4,1|2|5|7,3.1440,210,1
1,b3,4,1|2|5|8,0.4796,210,1
1,b3,4,1|2|5|9,0.4791,210,1
1,b3,4,1|2|6|7,2.7395,210,1
1,b3,4,1|2|6|8,4.4208,210,1
1,b3,4,1|2|6|9,3.1738,210,1
1,b3,4,1|2|7|8,2.6497,210,1
1,b3,4,1|2|7|9,2.4030,210,1
1,b3,4,1|2|8|9,0.9859,210,1
1,b3,4,1|3|4|5,2.2550,210,1
1,b3,4,1|3|4|6,11.5367,210,1
1,b3,4,1|3|4|7,1.9001,210,1
1,b3,4,1|3|4|8,13.6997,210,1
1,b3,4,1|3|4|9,3.9498,210,1
1,b3,4,1|3|5|6,1.5666,210,1
1,b3,4,1|3|5|7,1.8376,210,1
1,b3,4,1|3|5|8,2.7175,210,1
1,b3,4,1|3|5|9,1.0585,210,1
1,b3,4,1|3|6|7,0.6864,210,1
1,b3,4,1|3|6|8,10.5005,210,1
1,b3,4,1|3|6|9,5.3113,210,1
1,b3,4,1|3|7|8,1.1105,210,1
1,b3,4,1|3|7|9,2.8297,210,1
1,b3,4,1|3|8|9,1.6024,210,1
1,b3,4,1|4|5|6,6.9518,210,1
1,b3,4,1|4|5|7,1.8067,210,1
1,b3,4,1|4|5|8,3.5951,210,1
1,b3,4,1|4|5|9,3.3926,210,1
1,b3,4,1|4|6|7,5.1591,210,1
1,b3,4,1|4|6|8,8.7914,210,1
1,b3,4,1|4|6|9,1.3197,210,1
1,b3,4,1|4|7|8,4.9284,210,1
1,b3,4,1|4|7|9,7.5634,210,1
1,b3,4,1|4|8|9,0.5956,210,1
1,b3,4,1|5|6|7,1.8342,210,1
1,b3,4,1|5|6|8,6.2015,210,1
1,b3,4,1|5|6|9,4.5727,210,1
1,b3,4,1|5|7|8,1.8458,210,1
1,b3,4,1|5|7|9,1.8430,210,1
1,b3,4,1|5|8|9,5.5500,210,1
1,b3,4,1|6|7|8,1.3127,210,1
1,b3,4,1|6|7|9,2.7515,210,1
1,b3,4,1|6|8|9,2.1207,210,1
1,b3,4,1|7|8|9,0.5951,210,1
1,b3,4,2|3|4|5,0.4791,210,1
1,b3,4,2|3|4|6,3.2042,210,1
1,b3,4,2|3|4|7,4.9256,210,1
1,b3,4,2|3|4|8,2.7759,210,1
1,b3,4,2|3|4|9,2.7181,210,1
1,b3,4,2|3|5|6,0.4791,210,1
1,b3,4,2|3|5|7,2.4666,210,1
1,b3,4,2|3|5|8,0.4791,210,1
1,b3,4,2|3|5|9,0.4791,210,1
1,b3,4,2|3|6|7,3.1361,210,1
1,b3,4,2|3|6|8,6.5266,210,1
1,b3,4,2|3|6|9,6.4038,210,1
1,b3,4,2|3|7|8,1.5177,210,1
1,b3,4,2|3|7|9,3.1488,210,1
1,b3,4,2|3|8|9,1.7943,210,1
1,b3,4,2|4|5|6,8.3216,210,1
1,b3,4,2|4|5|7,1.8067,210,1
1,b3,4,2|4|5|8,2.6988,210,1
1,b3,4,2|4|5|9,1.5467,210,1
1,b3,4,2|4|6|7,3.3988,210,1
1,b3,4,2|4|6|8,11.9511,210,1
1,b3,4,2|4|6|9,2.9065,210,1
1,b3,4,2|4|7|8,3.7564,210,1
1,b3,4,2|4|7|9,7.7765,210,1
1,b3,4,2|4|8|9,0.6420,210,1
1,b3,4,2|5|6|7,2.0664,210,1
1,b3,4,2|5|6|8,0.4830,210,1
1,b3,4,2|5|6|9,0.4801,210,1
1,b3,4,2|5|7|8,2.1443,210,1
1,b3,4,2|5|7|9,2.2507,210,1
1,b3,4,2|5|8|9,0.4853,210,1
1,b3,4,2|6|7|8,1.8760,210,1
1,b3,4,2|6|7|9,1.8215,210,1
1,b3,4,2|6|8|9,1.1571,210,1
1,b3,4,2|7|8|9,0.5976,210,1
1,b3,4,3|4|5|6,7.5102,210,1
1,b3,4,3|4|5|7,5.2647,210,1
1,b3,4,3|4|5|8,7.6672,210,1
1,b3,4,3|4|5|9,2.4196,210,1
1,b3,4,3|4|6|7,1.8799,210,1
1,b3,4,3|4|6|8,9.5906,210,1
1,b3,4,3|4|6|9,1.5892,210,1
1,b3,4,3|4|7|8,2.2946,210,1
1,b3,4,3|4|7|9,4.0472,210,1
1,b3,4,3|4|8|9,0.9644,210,1
1,b3,4,3|5|6|7,2.6083,210,1
1,b3,4,3|5|6|8,5.7044,210,1
1,b3,4,3|5|6|9,4.4290,210,1
1,b3,4,3|5|7|8,3.2638,210,1
1,b3,4,3|5|7|9,3.3125,210,1
1,b3,4,3|5|8|9,3.6115,210,1
1,b3,4,3|6|7|8,1.1225,210,1
1,b3,4,3|6|7|9,3.0651,210,1
1,b3,4,3|6|8|9,1.6753,210,1
1,b3,4,3|7|8|9,0.5951,210,1
1,b3,4,4|5|6|7,6.1022,210,1
1,b3,4,4|5|6|8,6.7383,210,1
1,b3,4,4|5|6|9,0.5951,210,1
1,b3,4,4|5|7|8,2.5248,210,1
1,b3,4,4|5|7|9,4.2200,210,1
1,b3,4,4|5|8|9,0.5951,210,1
1,b3,4,4|6|7|8,3.6717,210,1
1,b3,4,4|6|7|9,2.3677,210,1
1,b3,4,4|6|8|9,0.5951,210,1
1,b3,4,4|7|8|9,0.5951,210,1
1,b3,4,5|6|7|8,2.5704,210,1
1,b3,4,5|6|7|9,2.4030,210,1
1,b3,4,5|6|8|9,5.9529,210,1
1,b3,4,5|7|8|9,0.7994,210,1
1,b3,4,6|7|8|9,0.5951,210,1
1,b3,5,0|1|2|3|4,1.9275,252,1
1,b3,5,0|1|2|3|5,0.4791,252,1
1,b3,5,0|1|2|3|6,0.4791,252,1
1,b3,5,0|1|2|3|7,2.2725,252,1
1,b3,5,0|1|2|3|8,0.7384,252,1
1,b3,5,0|1|2|3|9,0.4792,252,1
1,b3,5,0|1|2|4|5,3.4959,252,1
1,b3,5,0|1|2|4|6,2.3381,252,1
1,b3,5,0|1|2|4|7,2.0453,252,1
1,b3,5,0|1|2|4|8,2.3380,252,1
1,b3,5,0|1|2|4|9,0.9183,252,1
1,b3,5,0|1|2|5|6,0.4791,252,1
1,b3,5,0|1|2|5|7,2.8403,252,1
1,b3,5,0|1|2|5|8,0.4963,252,1
1,b3,5,0|1|2|5|9,0.4791,252,1
1,b3,5,0|1|2|6|7,1.8714,252,1
1,b3,5,0|1|2|6|8,0.4799,252,1
1,b3,5,0|1|2|6|9,0.5755,252,1
1,b3,5,0|1|2|7|8,1.9657,252,1
1,b3,5,0|1|2|7|9,2.2142,252,1
1,b3,5,0|1|2|8|9,1.5537,252,1
1,b3,5,0|1|3|4|5,2.2970,252,1
1,b3,5,0|1|3|4|6,3.9715,252,1
1,b3,5,0|1|3|4|7,1.8615,252,1
1,b3,5,0|1|3|4|8,3.4257,252,1
1,b3,5,0|1|3|4|9,2.0801,252,1
1,b3,5,0|1|3|5|6,3.1778,252,1
1,b3,5,0|1|3|5|7,3.2725,252,1
1,b3,5,0|1|3|5|8,3.2585,252,1
1,b3,5,0|1|3|5|9,0.7905,252,1
1,b3,5,0|1|3|6|7,1.0151,252,1
1,b3,5,0|1|3|6|8,4.0117,252,1
1,b3,5,0|1|3|6|9,2.3200,252,1
1,b3,5,0|1|3|7|8,1.2417,252,1
1,b3,5,0|1|3|7|9,3.2107,252,1
1,b3,5,0|1|3|8|9,1.8857,252,1
1,b3,5,0|1|4|5|6,3.0649,252,1
1,b3,5,0|1|4|5|7,2.3066,252,1
1,b3,5,0|1|4|5|8,2.3291,252,1
1,b3,5,0|1|4|5|9,2.2902,252,1
1,b3,5,0|1|4|6|7,1.7585,252,1
1,b3,5,0|1|4|6|8,2.9804,252,1
1,b3,5,0|1|4|6|9,1.9187,252,1
1,b3,5,0|1|4|7|8,1.7046,252,1
1,b3,5,0|1|4|7|9,3.3561,252,1
1,b3,5,0|1|4|8|9,1.6275,252,1
1,b3,5,0|1|5|6|7,2.2373,252,1
1,b3,5,0|1|5|6|8,6.3474,252,1
1,b3,5,0|1|5|6|9,4.9738,252,1
1,b3,5,0|1|5|7|8,2.3049,252,1
1,b3,5,0|1|5|7|9,5.6866,252,1
1,b3,5,0|1|5|8|9,6.0207,252,1
1,b3,5,0|1|6|7|8,0.8444,252,1
1,b3,5,0|1|6|7|9,3.0366,252,1
1,b3,5,0|1|6|8|9,1.7263,252,1
1,b3,5,0|1|7|8|9,0.5951,252,1
1,b3,5,0|2|3|4|5,0.4791,252,1
1,b3,5,0|2|3|4|6,1.5798,252,1
1,b3,5,0|2|3|4|7,3.2604,252,1
1,b3,5,0|2|3|4|8,1.4206,252,1
1,b3,5,0|2|3|4|9,1.8518,252,1
1,b3,5,0|2|3|5|6,0.4793,252,1
1,b3,5,0|2|3|5|7,2.1816,252,1
1,b3,5,0|2|3|5|8,0.4798,252,1
1,b3,5,0|2|3|5|9,0.4791,252,1
1,b3,5,0|2|3|6|7,1.8628,252,1
1,b3,5,0|2|3|6|8,6.2646,252,1
1,b3,5,0|2|3|6|9,6.6642,252,1
1,b3,5,0|2|3|7|8,0.9810,252,1
1,b3,5,0|2|3|7|9,1.8271,252,1
1,b3,5,0|2|3|8|9,0.9644,252,1
1,b3,5,0|2|4|5|6,5.4432,252,1
1,b3,5,0|2|4|5|7,1.8067,252,1
1,b3,5,0|2|4|5|8,1.8359,252,1
1,b3,5,0|2|4|5|9,0.9740,252,1
1,b3,5,0|2|4|6|7,2.2749,252,1
1,b3,5,0|2|4|6|8,9.8778,252,1
1,b3,5,0|2|4|6|9,2.5013,252,1
1,b3,5,0|2|4|7|8,2.9061,252,1
1,b3,5,0|2|4|7|9,5.3835,252,1
1,b3,5,0|2|4|8|9,0.6199,252,1
1,b3,5,0|2|5|6|7,1.8808,252,1
1,b3,5,0|2|5|6|8,0.5464,252,1
1,b3,5,0|2|5|6|9,0.4824,252,1
1,b3,5,0|2|5|7|8,1.8986,252,1
1,b3,5,0|2|5|7|9,2.1159,252,1
1,b3,5,0|2|5|8|9,0.6679,252,1
1,b3,5,0|2|6|7|8,2.3949,252,1
1,b3,5,0|2|6|7|9,1.8176,252,1
1,b3,5,0|2|6|8|9,0.9126,252,1
1,b3,5,0|2|7|8|9,0.5960,252,1
1,b3,5,0|3|4|5|6,2.5643,252,1
1,b3,5,0|3|4|5|7,1.8455,252,1
1,b3,5,0|3|4|5|8,2.3546,252,1
1,b3,5,0|3|4|5|9,0.6761,252,1
1,b3,5,0|3|4|6|7,2.6311,252,1
1,b3,5,0|3|4|6|8,8.6066,252,1
1,b3,5,0|3|4|6|9,0.6979,252,1
1,b3,5,0|3|4|7|8,2.5422,252,1
1,b3,5,0|3|4|7|9,2.8863,252,1
1,b3,5,0|3|4|8|9,0.6126,252,1
1,b3,5,0|3|5|6|7,2.1144,252,1
1,b3,5,0|3|5|6|8,0.8096,252,1
1,b3,5,0|3|5|6|9,0.5671,252,1
1,b3,5,0|3|5|7|8,4.1508,252,1
1,b3,5,0|3|5|7|9,2.2216,252,1
1,b3,5,0|3|5|8|9,1.7424,252,1
1,b3,5,0|3|6|7|8,1.0450,252,1
1,b3,5,0|3|6|7|9,2.2376,252,1
1,b3,5,0|3|6|8|9,0.8916,252,1
1,b3,5,0|3|7|8|9,0.5951,252,1
1,b3,5,0|4|5|6|7,3.2385,252,1
1,b3,5,0|4|5|6|8,5.4029,252,1
1,b3,5,0|4|5|6|9,0.5951,252,1
1,b3,5,0|4|5|7|8,1.8077,252,1
1,b3,5,0|4|5|7|9,1.9858,252,1
1,b3,5,0|4|5|8|9,0.5951,252,1
1,b3,5,0|4|6|7|8,2.1469,252,1
1,b3,5,0|4|6|7|9,2.3136,252,1
1,b3,5,0|4|6|8|9,0.5951,252,1
1,b3,5,0|4|7|8|9,0.5951,252,1
1,b3,5,0|5|6|7|8,2.1844,252,1
1,b3,5,0|5|6|7|9,2.1749,252,1
1,b3,5,0|5|6|8|9,1.5243,252,1
1,b3,5,0|5|7|8|9,0.8173,252,1
1,b3,5,0|6|7|8|9,0.5951,252,1
1,b3,5,1|2|3|4|5,0.4791,252,1
1,b3,5,1|2|3|4|6,1.2817,252,1
1,b3,5,1|2|3|4|7,2.0581,252,1
1,b3,5,1|2|3|4|8,1.4353,252,1
1,b3,5,1|2|3|4|9,1.4377,252,1
1,b3,5,1|2|3|5|6,0.4791,252,1
1,b3,5,1|2|3|5|7,4.0128,252,1
1,b3,5,1|2|3|5|8,0.4791,252,1
1,b3,5,1|2|3|5|9,0.4791,252,1
1,b3,5,1|2|3|6|7,3.0826,252,1
1,b3,5,1|2|3|6|8,2.6694,252,1
1,b3,5,1|2|3|6|9,1.1197,252,1
1,b3,5,1|2|3|7|8,0.8890,252,1
1,b3,5,1|2|3|7|9,4.5013,252,1
1,b3,5,1|2|3|8|9,1.2074,252,1
1,b3,5,1|2|4|5|6,4.3340,252,1
1,b3,5,1|2|4|5|7,2.2134,252,1
1,b3,5,1|2|4|5|8,4.2044,252,1
1,b3,5,1|2|4|5|9,1.1944,252,1
1,b3,5,1|2|4|6|7,2.5964,252,1
1,b3,5,1|2|4|6|8,10.1196,252,1
1,b3,5,1|2|4|6|9,2.3667,252,1
1,b3,5,1|2|4|7|8,5.1362,252,1
1,b3,5,1|2|4|7|9,7.9309,252,1
1,b3,5,1|2|4|8|9,0.8452,252,1
1,b3,5,1|2|5|6|7,2.8540,252,1
1,b3,5,1|2|5|6|8,0.4792,252,1
1,b3,5,1|2|5|6|9,0.4791,252,1
1,b3,5,1|2|5|7|8,2.9110,252,1
1,b3,5,1|2|5|7|9,2.8876,252,1
1,b3,5,1|2|5|8|9,0.4791,252,1
1,b3,5,1|2|6|7|8,2.3725,252,1
1,b3,5,1|2|6|7|9,2.2814,252,1
1,b3,5,1|2|6|8|9,0.9810,252,1
1,b3,5,1|2|7|8|9,0.7363,252,1
1,b3,5,1|3|4|5|6,3.2684,252,1
1,b3,5,1|3|4|5|7,1.8067,252,1
1,b3,5,1|3|4|5|8,2.6240,252,1
1,b3,5,1|3|4|5|9,1.3577,252,1
1,b3,5,1|3|4|6|7,0.9665,252,1
1,b3,5,1|3|4|6|8,12.5278,252,1
1,b3,5,1|3|4|6|9,1.5557,252,1
1,b3,5,1|3|4|7|8,1.4181,252,1
1,b3,5,1|3|4|7|9,4.2484,252,1
1,b3,5,1|3|4|8|9,0.7523,252,1
1,b3,5,1|3|5|6|7,1.8303,252,1
1,b3,5,1|3|5|6|8,1.8461,252,1
1,b3,5,1|3|5|6|9,0.6889,252,1
1,b3,5,1|3|5|7|8,2.0772,252,1
1,b3,5,1|3|5|7|9,1.8072,252,1
1,b3,5,1|3|5|8|9,1.6735,252,1
1,b3,5,1|3|6|7|8,0.6846,252,1
1,b3,5,1|3|6|7|9,2.1528,252,1
1,b3,5,1|3|6|8|9,1.5482,252,1
1,b3,5,1|3|7|8|9,0.5951,252,1
1,b3,5,1|4|5|6|7,4.3105,252,1
1,b3,5,1|4|5|6|8,7.0964,252,1
1,b3,5,1|4|5|6|9,0.5990,252,1
1,b3,5,1|4|5|7|8,1.8067,252,1
1,b3,5,1|4|5|7|9,2.5220,252,1
1,b3,5,1|4|5|8|9,0.6010,252,1
1,b3,5,1|4|6|7|8,4.3830,252,1
1,b3,5,1|4|6|7|9,2.2406,252,1
1,b3,5,1|4|6|8|9,0.5952,252,1
1,b3,5,1|4|7|8|9,0.5951,252,1
1,b3,5,1|5|6|7|8,1.8203,252,1
1,b3,5,1|5|6|7|9,1.8072,252,1
1,b3,5,1|5|6|8|9,4.9430,252,1
1,b3,5,1|5|7|8|9,0.7344,252,1
1,b3,5,1|6|7|8|9,0.5951,252,1
1,b3,5,2|3|4|5|6,0.4793,252,1
1,b3,5,2|3|4|5|7,1.4786,252,1
1,b3,5,2|3|4|5|8,0.4791,252,1
1,b3,5,2|3|4|5|9,0.4791,252,1
1,b3,5,2|3|4|6|7,3.7729,252,1
1,b3,5,2|3|4|6|8,3.1498,252,1
1,b3,5,2|3|4|6|9,1.7840,252,1
1,b3,5,2|3|4|7|8,5.7266,252,1
1,b3,5,2|3|4|7|9,3.9317,252,1
1,b3,5,2|3|4|8|9,0.8978,252,1
1,b3,5,2|3|5|6|7,2.1694,252,1
1,b3,5,2|3|5|6|8,0.4791,252,1
1,b3,5,2|3|5|6|9,0.4791,252,1
1,b3,5,2|3|5|7|8,2.7452,252,1
1,b3,5,2|3|5|7|9,2.6155,252,1
1,b3,5,2|3|5|8|9,0.4796,252,1
1,b3,5,2|3|6|7|8,3.5808,252,1
1,b3,5,2|3|6|7|9,2.7610,252,1
1,b3,5,2|3|6|8|9,1.6343,252,1
1,b3,5,2|3|7|8|9,0.6899,252,1
1,b3,5,2|4|5|6|7,3.2374,252,1
1,b3,5,2|4|5|6|8,8.4618,252,1
1,b3,5,2|4|5|6|9,1.5690,252,1
1,b3,5,2|4|5|7|8,1.8067,252,1
1,b3,5,2|4|5|7|9,2.1643,252,1
1,b3,5,2|4|5|8|9,0.8606,252,1
1,b3,5,2|4|6|7|8,2.7995,252,1
1,b3,5,2|4|6|7|9,1.9070,252,1
1,b3,5,2|4|6|8|9,0.6191,252,1
1,b3,5,2|4|7|8|9,0.5951,252,1
1,b3,5,2|5|6|7|8,1.9285,252,1
1,b3,5,2|5|6|7|9,2.0779,252,1
1,b3,5,2|5|6|8|9,0.6004,252,1
1,b3,5,2|5|7|8|9,3.5075,252,1
1,b3,5,2|6|7|8|9,0.5951,252,1
1,b3,5,3|4|5|6|7,2.2028,252,1
1,b3,5,3|4|5|6|8,7.4966,252,1
1,b3,5,3|4|5|6|9,2.1689,252,1
1,b3,5,3|4|5|7|8,3.8180,252,1
1,b3,5,3|4|5|7|9,4.5696,252,1
1,b3,5,3|4|5|8|9,0.9563,252,1
1,b3,5,3|4|6|7|8,2.0917,252,1
1,b3,5,3|4|6|7|9,2.7872,252,1
1,b3,5,3|4|6|8|9,0.7694,252,1
1,b3,5,3|4|7|8|9,0.5951,252,1
1,b3,5,3|5|6|7|8,2.4355,252,1
1,b3,5,3|5|6|7|9,2.3129,252,1
1,b3,5,3|5|6|8|9,2.6223,252,1
1,b3,5,3|5|7|8|9,0.7806,252,1
1,b3,5,3|6|7|8|9,0.5951,252,1
1,b3,5,4|5|6|7|8,7.8901,252,1
1,b3,5,4|5|6|7|9,8.1994,252,1
1,b3,5,4|5|6|8|9,0.5951,252,1
1,b3,5,4|5|7|8|9,0.5951,252,1
1,b3,5,4|6|7|8|9,0.5951,252,1
1,b3,5,5|6|7|8|9,0.5951,252,1
1,b3,6,0|1|2|3|4|5,0.5163,210,1
1,b3,6,0|1|2|3|4|6,2.7758,210,1
1,b3,6,0|1|2|3|4|7,1.8067,210,1
1,b3,6,0|1|2|3|4|8,2.1961,210,1
1,b3,6,0|1|2|3|4|9,0.9703,210,1
1,b3,6,0|1|2|3|5|6,0.4791,210,1
1,b3,6,0|1|2|3|5|7,3.5949,210,1
1,b3,6,0|1|2|3|5|8,0.4791,210,1
1,b3,6,0|1|2|3|5|9,0.4791,210,1
1,b3,6,0|1|2|3|6|7,2.4622,210,1
1,b3,6,0|1|2|3|6|8,0.4792,210,1
1,b3,6,0|1|2|3|6|9,0.4791,210,1
1,b3,6,0|1|2|3|7|8,2.1010,210,1
1,b3,6,0|1|2|3|7|9,2.0823,210,1
1,b3,6,0|1|2|3|8|9,1.5140,210,1
1,b3,6,0|1|2|4|5|6,1.1267,210,1
1,b3,6,0|1|2|4|5|7,2.1916,210,1
1,b3,6,0|1|2|4|5|8,3.1666,210,1
1,b3,6,0|1|2|4|5|9,0.9851,210,1
1,b3,6,0|1|2|4|6|7,1.9670,210,1
1,b3,6,0|1|2|4|6|8,2.3401,210,1
1,b3,6,0|1|2|4|6|9,0.9195,210,1
1,b3,6,0|1|2|4|7|8,2.0329,210,1
1,b3,6,0|1|2|4|7|9,2.2199,210,1
1,b3,6,0|1|2|4|8|9,0.7861,210,1
1,b3,6,0|1|2|5|6|7,2.3724,210,1
1,b3,6,0|1|2|5|6|8,0.4791,210,1
1,b3,6,0|1|2|5|6|9,0.4791,210,1
1,b3,6,0|1|2|5|7|8,3.1185,210,1
1,b3,6,0|1|2|5|7|9,2.0425,210,1
1,b3,6,0|1|2|5|8|9,0.4652,210,1
1,b3,6,0|1|2|6|7|8,1.8187,210,1
1,b3,6,0|1|2|6|7|9,2.1431,210,1
1,b3,6,0|1|2|6|8|9,0.9808,210,1
1,b3,6,0|1|2|7|8|9,0.7282,210,1
1,b3,6,0|1|3|4|5|6,2.2944,210,1
1,b3,6,0|1|3|4|5|7,2.2804,210,1
1,b3,6,0|1|3|4|5|8,2.3111,210,1
1,b3,6,0|1|3|4|5|9,0.8689,210,1
1,b3,6,0|1|3|4|6|7,1.4723,210,1
1,b3,6,0|1|3|4|6|8,4.2930,210,1
1,b3,6,0|1|3|4|6|9,1.9068,210,1
1,b3,6,0|1|3|4|7|8,1.7728,210,1
1,b3,6,0|1|3|4|7|9,3.0689,210,1
1,b3,6,0|1|3|4|8|9,1.6681,210,1
1,b3,6,0|1|3|5|6|7,2.4291,210,1
1,b3,6,0|1|3|5|6|8,3.0772,210,1
1,b3,6,0|1|3|5|6|9,0.6960,210,1
1,b3,6,0|1|3|5|7|8,3.6316,210,1
1,b3,6,0|1|3|5|7|9,2.2592,210,1
1,b3,6,0|1|3|5|8|9,1.4956,210,1
1,b3,6,0|1|3|6|7|8,0.7413,210,1
1,b3,6,0|1|3|6|7|9,3.1963,210,1
1,b3,6,0|1|3|6|8|9,1.8534,210,1
1,b3,6,0|1|3|7|8|9,0.5952,210,1
1,b3,6,0|1|4|5|6|7,2.4108,210,1
1,b3,6,0|1|4|5|6|8,2.9317,210,1
1,b3,6,0|1|4|5|6|9,1.5354,210,1
1,b3,6,0|1|4|5|7|8,2.3014,210,1
1,b3,6,0|1|4|5|7|9,2.3336,210,1
1,b3,6,0|1|4|5|8|9,0.9337,210,1
1,b3,6,0|1|4|6|7|8,1.5709,210,1
1,b3,6,0|1|4|6|7|9,3.1416,210,1
1,b3,6,0|1|4|6|8|9,1.6104,210,1
1,b3,6,0|1|4|7|8|9,0.5951,210,1
1,b3,6,0|1|5|6|7|8,2.2282,210,1
1,b3,6,0|1|5|6|7|9,2.1647,210,1
1,b3,6,0|1|5|6|8|9,6.1643,210,1
1,b3,6,0|1|5|7|8|9,1.2754,210,1
1,b3,6,0|1|6|7|8|9,0.5951,210,1
1,b3,6,0|2|3|4|5|6,0.4892,210,1
1,b3,6,0|2|3|4|5|7,1.4643,210,1
1,b3,6,0|2|3|4|5|8,0.4791,210,1
1,b3,6,0|2|3|4|5|9,0.4791,210,1
1,b3,6,0|2|3|4|6|7,3.2338,210,1
1,b3,6,0|2|3|4|6|8,1.5848,210,1
1,b3,6,0|2|3|4|6|9,1.1705,210,1
1,b3,6,0|2|3|4|7|8,4.2399,210,1
1,b3,6,0|2|3|4|7|9,1.8099,210,1
1,b3,6,0|2|3|4|8|9,0.8817,210,1
1,b3,6,0|2|3|5|6|7,1.8621,210,1
1,b3,6,0|2|3|5|6|8,0.4793,210,1
1,b3,6,0|2|3|5|6|9,0.4791,210,1
1,b3,6,0|2|3|5|7|8,2.2839,210,1
1,b3,6,0|2|3|5|7|9,2.4021,210,1
1,b3,6,0|2|3|5|8|9,0.5062,210,1
1,b3,6,0|2|3|6|7|8,3.1006,210,1
1,b3,6,0|2|3|6|7|9,1.8327,210,1
1,b3,6,0|2|3|6|8|9,0.9367,210,1
1,b3,6,0|2|3|7|8|9,0.6390,210,1
1,b3,6,0|2|4|5|6|7,1.8067,210,1
1,b3,6,0|2|4|5|6|8,5.1691,210,1
1,b3,6,0|2|4|5|6|9,0.7795,210,1
1,b3,6,0|2|4|5|7|8,1.8067,210,1
1,b3,6,0|2|4|5|7|9,1.8067,210,1
1,b3,6,0|2|4|5|8|9,0.8143,210,1
1,b3,6,0|2|4|6|7|8,1.8483,210,1
1,b3,6,0|2|4|6|7|9,1.8159,210,1
1,b3,6,0|2|4|6|8|9,0.5967,210,1
1,b3,6,0|2|4|7|8|9,0.5951,210,1
1,b3,6,0|2|5|6|7|8,1.8088,210,1
1,b3,6,0|2|5|6|7|9,1.9459,210,1
1,b3,6,0|2|5|6|8|9,0.6999,210,1
1,b3,6,0|2|5|7|8|9,3.4273,210,1
1,b3,6,0|2|6|7|8|9,0.5951,210,1
1,b3,6,0|3|4|5|6|7,2.0253,210,1
1,b3,6,0|3|4|5|6|8,2.6030,210,1
1,b3,6,0|3|4|5|6|9,0.9456,210,1
1,b3,6,0|3|4|5|7|8,1.8393,210,1
1,b3,6,0|3|4|5|7|9,1.9101,210,1
1,b3,6,0|3|4|5|8|9,0.9035,210,1
1,b3,6,0|3|4|6|7|8,3.4764,210,1
1,b3,6,0|3|4|6|7|9,1.8154,210,1
1,b3,6,0|3|4|6|8|9,0.5978,210,1
1,b3,6,0|3|4|7|8|9,0.5951,210,1
1,b3,6,0|3|5|6|7|8,1.8831,210,1
1,b3,6,0|3|5|6|7|9,2.1159,210,1
1,b3,6,0|3|5|6|8|9,1.1145,210,1
1,b3,6,0|3|5|7|8|9,0.7880,210,1
1,b3,6,0|3|6|7|8|9,0.5951,210,1
1,b3,6,0|4|5|6|7|8,6.8148,210,1
1,b3,6,0|4|5|6|7|9,4.1720,210,1
1,b3,6,0|4|5|6|8|9,0.5951,210,1
1,b3,6,0|4|5|7|8|9,0.5951,210,1
1,b3,6,0|4|6|7|8|9,0.5951,210,1
1,b3,6,0|5|6|7|8|9,0.5951,210,1
1,b3,6,1|2|3|4|5|6,0.4791,210,1
1,b3,6,1|2|3|4|5|7,0.4885,210,1
1,b3,6,1|2|3|4|5|8,0.4791,210,1
1,b3,6,1|2|3|4|5|9,0.4791,210,1
1,b3,6,1|2|3|4|6|7,2.0397,210,1
1,b3,6,1|2|3|4|6|8,1.3161,210,1
1,b3,6,1|2|3|4|6|9,1.4561,210,1
1,b3,6,1|2|3|4|7|8,1.9595,210,1
1,b3,6,1|2|3|4|7|9,1.8220,210,1
1,b3,6,1|2|3|4|8|9,0.8978,210,1
1,b3,6,1|2|3|5|6|7,2.7333,210,1
1,b3,6,1|2|3|5|6|8,0.4791,210,1
1,b3,6,1|2|3|5|6|9,0.4791,210,1
1,b3,6,1|2|3|5|7|8,3.2891,210,1
1,b3,6,1|2|3|5|7|9,3.0910,210,1
1,b3,6,1|2|3|5|8|9,0.4791,210,1
1,b3,6,1|2|3|6|7|8,3.5989,210,1
1,b3,6,1|2|3|6|7|9,2.7142,210,1
1,b3,6,1|2|3|6|8|9,1.0263,210,1
1,b3,6,1|2|3|7|8|9,0.9041,210,1
1,b3,6,1|2|4|5|6|7,4.6757,210,1
1,b3,6,1|2|4|5|6|8,4.7007,210,1
1,b3,6,1|2|4|5|6|9,1.0073,210,1
1,b3,6,1|2|4|5|7|8,2.1996,210,1
1,b3,6,1|2|4|5|7|9,4.4884,210,1
1,b3,6,1|2|4|5|8|9,1.1292,210,1
1,b3,6,1|2|4|6|7|8,2.2924,210,1
1,b3,6,1|2|4|6|7|9,2.1797,210,1
1,b3,6,1|2|4|6|8|9,0.8306,210,1
1,b3,6,1|2|4|7|8|9,0.5951,210,1
1,b3,6,1|2|5|6|7|8,2.4099,210,1
1,b3,6,1|2|5|6|7|9,2.5510,210,1
1,b3,6,1|2|5|6|8|9,0.4820,210,1
1,b3,6,1|2|5|7|8|9,2.4327,210,1
1,b3,6,1|2|6|7|8|9,0.5951,210,1
1,b3,6,1|3|4|5|6|7,1.8067,210,1
1,b3,6,1|3|4|5|6|8,3.2821,210,1
1,b3,6,1|3|4|5|6|9,2.3378,210,1
1,b3,6,1|3|4|5|7|8,1.8067,210,1
1,b3,6,1|3|4|5|7|9,2.8797,210,1
1,b3,6,1|3|4|5|8|9,1.1831,210,1
1,b3,6,1|3|4|6|7|8,0.9164,210,1
1,b3,6,1|3|4|6|7|9,1.8667,210,1
1,b3,6,1|3|4|6|8|9,0.6500,210,1
1,b3,6,1|3|4|7|8|9,0.5951,210,1
1,b3,6,1|3|5|6|7|8,1.8165,210,1
1,b3,6,1|3|5|6|7|9,1.8072,210,1
1,b3,6,1|3|5|6|8|9,1.2902,210,1
1,b3,6,1|3|5|7|8|9,1.3284,210,1
1,b3,6,1|3|6|7|8|9,0.5951,210,1
1,b3,6,1|4|5|6|7|8,7.5297,210,1
1,b3,6,1|4|5|6|7|9,6.4566,210,1
1,b3,6,1|4|5|6|8|9,0.5951,210,1
1,b3,6,1|4|5|7|8|9,0.5951,210,1
1,b3,6,1|4|6|7|8|9,0.5951,210,1
1,b3,6,1|5|6|7|8|9,0.5951,210,1
1,b3,6,2|3|4|5|6|7,4.2327,210,1
1,b3,6,2|3|4|5|6|8,0.4792,210,1
1,b3,6,2|3|4|5|6|9,0.4791,210,1
1,b3,6,2|3|4|5|7|8,1.3938,210,1
1,b3,6,2|3|4|5|7|9,1.1503,210,1
1,b3,6,2|3|4|5|8|9,0.4791,210,1
1,b3,6,2|3|4|6|7|8,3.1420,210,1
1,b3,6,2|3|4|6|7|9,2.2691,210,1
1,b3,6,2|3|4|6|8|9,0.8861,210,1
1,b3,6,2|3|4|7|8|9,0.5951,210,1
1,b3,6,2|3|5|6|7|8,1.8478,210,1
1,b3,6,2|3|5|6|7|9,2.1370,210,1
1,b3,6,2|3|5|6|8|9,0.4833,210,1
1,b3,6,2|3|5|7|8|9,3.1504,210,1
1,b3,6,2|3|6|7|8|9,0.5951,210,1
1,b3,6,2|4|5|6|7|8,5.7412,210,1
1,b3,6,2|4|5|6|7|9,4.3105,210,1
1,b3,6,2|4|5|6|8|9,0.7112,210,1
1,b3,6,2|4|5|7|8|9,0.5951,210,1
1,b3,6,2|4|6|7|8|9,0.5951,210,1
1,b3,6,2|5|6|7|8|9,0.5951,210,1
1,b3,6,3|4|5|6|7|8,2.1932,210,1
1,b3,6,3|4|5|6|7|9,3.6027,210,1
1,b3,6,3|4|5|6|8|9,0.7921,210,1
1,b3,6,3|4|5|7|8|9,0.5974,210,1
1,b3,6,3|4|6|7|8|9,0.5951,210,1
1,b3,6,3|5|6|7|8|9,0.5951,210,1
1,b3,6,4|5|6|7|8|9,0.5951,210,1
1,b4,0,,66.7589,1,1
1,b4,1,0,65.6524,10,1
1,b4,1,1,59.1019,10,1
1,b4,1,2,65.9132,10,1
1,b4,1,3,65.7811,10,1
1,b4,1,4,66.3505,10,1
1,b4,1,5,67.0964,10,1
1,b4,1,6,66.3420,10,1
1,b4,1,7,66.8969,10,1
1,b4,1,8,65.8248,10,1
1,b4,1,9,66.9651,10,1
1,b4,2,0|1,51.9633,45,1
1,b4,2,0|2,64.4234,45,1
1,b4,2,0|3,64.3913,45,1
1,b4,2,0|4,65.6868,45,1
1,b4,2,0|5,66.0057,45,1
1,b4,2,0|6,65.3070,45,1
1,b4,2,0|7,65.1217,45,1
1,b4,2,0|8,64.1453,45,1
1,b4,2,0|9,65.9392,45,1
1,b4,2,1|2,57.5249,45,1
1,b4,2,1|3,59.4565,45,1
1,b4,2,1|4,58.3101,45,1
1,b4,2,1|5,58.2535,45,1
1,b4,2,1|6,58.0155,45,1
1,b4,2,1|7,58.5683,45,1
1,b4,2,1|8,59.0378,45,1
1,b4,2,1|9,60.1650,45,1
1,b4,2,2|3,62.1606,45,1
1,b4,2,2|4,65.4899,45,1
1,b4,2,2|5,66.3054,45,1
1,b4,2,2|6,65.3940,45,1
1,b4,2,2|7,65.4484,45,1
1,b4,2,2|8,64.9785,45,1
1,b4,2,2|9,65.5646,45,1
1,b4,2,3|4,64.9875,45,1
1,b4,2,3|5,66.0370,45,1
1,b4,2,3|6,65.0954,45,1
1,b4,2,3|7,65.6366,45,1
1,b4,2,3|8,64.7251,45,1
1,b4,2,3|9,65.6438,45,1
1,b4,2,4|5,66.8943,45,1
1,b4,2,4|6,66.0529,45,1
1,b4,2,4|7,66.9072,45,1
1,b4,2,4|8,65.6382,45,1
1,b4,2,4|9,67.0679,45,1
1,b4,2,5|6,66.8412,45,1
1,b4,2,5|7,66.9559,45,1
1,b4,2,5|8,65.8279,45,1
1,b4,2,5|9,67.1191,45,1
1,b4,2,6|7,65.9731,45,1
1,b4,2,6|8,65.1856,45,1
1,b4,2,6|9,66.2162,45,1
1,b4,2,7|8,63.9639,45,1
1,b4,2,7|9,66.9506,45,1
1,b4,2,8|9,64.7591,45,1
1,b4,3,0|1|2,50.9680,120,1
1,b4,3,0|1|3,50.8945,120,1
1,b4,3,0|1|4,50.9779,120,1
1,b4,3,0|1|5,51.5863,120,1
1,b4,3,0|1|6,52.4469,120,1
1,b4,3,0|1|7,50.3118,120,1
1,b4,3,0|1|8,50.1763,120,1
1,b4,3,0|1|9,53.3239,120,1
1,b4,3,0|2|3,59.1263,120,1
1,b4,3,0|2|4,64.2731,120,1
1,b4,3,0|2|5,64.9136,120,1
1,b4,3,0|2|6,64.1542,120,1
1,b4,3,0|2|7,64.1938,120,1
1,b4,3,0|2|8,63.4964,120,1
1,b4,3,0|2|9,64.6209,120,1
1,b4,3,0|3|4,64.2043,120,1
1,b4,3,0|3|5,65.2157,120,1
1,b4,3,0|3|6,63.8293,120,1
1,b4,3,0|3|7,64.6621,120,1
1,b4,3,0|3|8,62.8888,120,1
1,b4,3,0|3|9,65.3979,120,1
1,b4,3,0|4|5,65.7684,120,1
1,b4,3,0|4|6,65.1978,120,1
1,b4,3,0|4|7,65.2145,120,1
1,b4,3,0|4|8,64.6462,120,1
1,b4,3,0|4|9,66.7513,120,1
1,b4,3,0|5|6,65.5700,120,1
1,b4,3,0|5|7,65.4895,120,1
1,b4,3,0|5|8,65.1752,120,1
1,b4,3,0|5|9,66.0121,120,1
1,b4,3,0|6|7,64.3951,120,1
1,b4,3,0|6|8,63.0562,120,1
1,b4,3,0|6|9,64.4442,120,1
1,b4,3,0|7|8,62.3735,120,1
1,b4,3,0|7|9,65.5264,120,1
1,b4,3,0|8|9,63.6957,120,1
1,b4,3,1|2|3,51.4386,120,1
1,b4,3,1|2|4,56.1558,120,1
1,b4,3,1|2|5,57.0969,120,1
1,b4,3,1|2|6,57.0028,120,1
1,b4,3,1|2|7,56.5536,120,1
1,b4,3,1|2|8,57.0372,120,1
1,b4,3,1|2|9,57.8279,120,1
1,b4,3,1|3|4,57.0385,120,1
1,b4,3,1|3|5,58.6603,120,1
1,b4,3,1|3|6,58.3702,120,1
1,b4,3,1|3|7,58.2634,120,1
1,b4,3,1|3|8,58.8012,120,1
1,b4,3,1|3|9,59.5082,120,1
1,b4,3,1|4|5,55.4257,120,1
1,b4,3,1|4|6,56.4533,120,1
1,b4,3,1|4|7,57.6845,120,1
1,b4,3,1|4|8,58.0030,120,1
1,b4,3,1|4|9,59.1183,120,1
1,b4,3,1|5|6,57.0243,120,1
1,b4,3,1|5|7,57.7570,120,1
1,b4,3,1|5|8,58.0419,120,1
1,b4,3,1|5|9,59.3970,120,1
1,b4,3,1|6|7,57.5900,120,1
1,b4,3,1|6|8,57.0705,120,1
1,b4,3,1|6|9,59.0091,120,1
1,b4,3,1|7|8,56.4688,120,1
1,b4,3,1|7|9,59.1630,120,1
1,b4,3,1|8|9,58.4214,120,1
1,b4,3,2|3|4,57.0799,120,1
1,b4,3,2|3|5,62.1218,120,1
1,b4,3,2|3|6,62.2981,120,1
1,b4,3,2|3|7,61.6137,120,1
1,b4,3,2|3|8,60.9752,120,1
1,b4,3,2|3|9,61.7227,120,1
1,b4,3,2|4|5,64.9253,120,1
1,b4,3,2|4|6,64.6352,120,1
1,b4,3,2|4|7,64.6472,120,1
1,b4,3,2|4|8,63.7472,120,1
1,b4,3,2|4|9,65.4706,120,1
1,b4,3,2|5|6,65.1106,120,1
1,b4,3,2|5|7,66.1274,120,1
1,b4,3,2|5|8,65.7507,120,1
1,b4,3,2|5|9,65.7489,120,1
1,b4,3,2|6|7,64.6283,120,1
1,b4,3,2|6|8,64.2190,120,1
1,b4,3,2|6|9,65.3710,120,1
1,b4,3,2|7|8,62.9540,120,1
1,b4,3,2|7|9,65.2569,120,1
1,b4,3,2|8|9,63.5923,120,1
1,b4,3,3|4|5,63.5832,120,1
1,b4,3,3|4|6,63.9828,120,1
1,b4,3,3|4|7,65.4534,120,1
1,b4,3,3|4|8,63.9494,120,1
1,b4,3,3|4|9,65.4254,120,1
1,b4,3,3|5|6,64.7057,120,1
1,b4,3,3|5|7,65.5968,120,1
1,b4,3,3|5|8,65.0347,120,1
1,b4,3,3|5|9,65.8222,120,1
1,b4,3,3|6|7,65.2225,120,1
1,b4,3,3|6|8,63.9788,120,1
1,b4,3,3|6|9,64.9636,120,1
1,b4,3,3|7|8,63.4301,120,1
1,b4,3,3|7|9,65.6310,120,1
1,b4,3,3|8|9,63.7745,120,1
1,b4,3,4|5|6,64.7597,120,1
1,b4,3,4|5|7,66.6885,120,1
1,b4,3,4|5|8,65.8591,120,1
1,b4,3,4|5|9,67.5322,120,1
1,b4,3,4|6|7,65.7490,120,1
1,b4,3,4|6|8,64.2713,120,1
1,b4,3,4|6|9,66.8214,120,1
1,b4,3,4|7|8,63.9791,120,1
1,b4,3,4|7|9,67.1667,120,1
1,b4,3,4|8|9,65.8237,120,1
1,b4,3,5|6|7,65.3726,120,1
1,b4,3,5|6|8,64.9147,120,1
1,b4,3,5|6|9,65.8612,120,1
1,b4,3,5|7|8,64.5827,120,1
1,b4,3,5|7|9,67.1268,120,1
1,b4,3,5|8|9,64.7360,120,1
1,b4,3,6|7|8,62.3136,120,1
1,b4,3,6|7|9,66.0037,120,1
1,b4,3,6|8|9,63.7736,120,1
1,b4,3,7|8|9,61.4677,120,1
1,b4,4,0|1|2|3,44.3048,210,1
1,b4,4,0|1|2|4,50.7860,210,1
1,b4,4,0|1|2|5,50.7089,210,1
1,b4,4,0|1|2|6,50.4718,210,1
1,b4,4,0|1|2|7,49.9028,210,1
1,b4,4,0|1|2|8,49.3498,210,1
1,b4,4,0|1|2|9,50.8936,210,1
1,b4,4,0|1|3|4,50.1375,210,1
1,b4,4,0|1|3|5,51.2261,210,1
1,b4,4,0|1|3|6,51.1107,210,1
1,b4,4,0|1|3|7,49.5013,210,1
1,b4,4,0|1|3|8,50.1875,210,1
1,b4,4,0|1|3|9,52.2421,210,1
1,b4,4,0|1|4|5,49.1581,210,1
1,b4,4,0|1|4|6,53.5479,210,1
1,b4,4,0|1|4|7,49.0371,210,1
1,b4,4,0|1|4|8,50.0816,210,1
1,b4,4,0|1|4|9,51.8622,210,1
1,b4,4,0|1|5|6,51.0534,210,1
1,b4,4,0|1|5|7,49.4778,210,1
1,b4,4,0|1|5|8,49.7562,210,1
1,b4,4,0|1|5|9,51.6189,210,1
1,b4,4,0|1|6|7,49.0518,210,1
1,b4,4,0|1|6|8,48.6548,210,1
1,b4,4,0|1|6|9,52.6554,210,1
1,b4,4,0|1|7|8,47.9751,210,1
1,b4,4,0|1|7|9,50.5323,210,1
1,b4,4,0|1|8|9,50.0803,210,1
1,b4,4,0|2|3|4,54.1174,210,1
1,b4,4,0|2|3|5,59.3047,210,1
1,b4,4,0|2|3|6,59.1077,210,1
1,b4,4,0|2|3|7,59.5035,210,1
1,b4,4,0|2|3|8,58.6601,210,1
1,b4,4,0|2|3|9,60.9945,210,1
1,b4,4,0|2|4|5,64.1698,210,1
1,b4,4,0|2|4|6,63.8232,210,1
1,b4,4,0|2|4|7,62.9456,210,1
1,b4,4,0|2|4|8,62.6860,210,1
1,b4,4,0|2|4|9,65.1482,210,1
1,b4,4,0|2|5|6,63.9065,210,1
1,b4,4,0|2|5|7,64.5125,210,1
1,b4,4,0|2|5|8,64.5805,210,1
1,b4,4,0|2|5|9,64.8561,210,1
1,b4,4,0|2|6|7,63.2163,210,1
1,b4,4,0|2|6|8,62.5016,210,1
1,b4,4,0|2|6|9,63.5996,210,1
1,b4,4,0|2|7|8,60.7978,210,1
1,b4,4,0|2|7|9,64.2790,210,1
1,b4,4,0|2|8|9,62.5530,210,1
1,b4,4,0|3|4|5,62.8211,210,1
1,b4,4,0|3|4|6,62.9575,210,1
1,b4,4,0|3|4|7,64.0092,210,1
1,b4,4,0|3|4|8,62.8509,210,1
1,b4,4,0|3|4|9,64.6310,210,1
1,b4,4,0|3|5|6,64.5867,210,1
1,b4,4,0|3|5|7,65.1750,210,1
1,b4,4,0|3|5|8,64.4745,210,1
1,b4,4,0|3|5|9,65.1399,210,1
1,b4,4,0|3|6|7,64.0248,210,1
1,b4,4,0|3|6|8,62.0094,210,1
1,b4,4,0|3|6|9,63.7391,210,1
1,b4,4,0|3|7|8,61.9311,210,1
1,b4,4,0|3|7|9,65.0833,210,1
1,b4,4,0|3|8|9,63.5131,210,1
1,b4,4,0|4|5|6,64.2564,210,1
1,b4,4,0|4|5|7,65.0182,210,1
1,b4,4,0|4|5|8,64.3650,210,1
1,b4,4,0|4|5|9,66.8624,210,1
1,b4,4,0|4|6|7,64.9080,210,1
1,b4,4,0|4|6|8,62.0888,210,1
1,b4,4,0|4|6|9,65.3871,210,1
1,b4,4,0|4|7|8,61.9607,210,1
1,b4,4,0|4|7|9,65.8839,210,1
1,b4,4,0|4|8|9,64.0527,210,1
1,b4,4,0|5|6|7,64.1501,210,1
1,b4,4,0|5|6|8,63.5524,210,1
1,b4,4,0|5|6|9,65.1548,210,1
1,b4,4,0|5|7|8,63.0532,210,1
1,b4,4,0|5|7|9,65.9516,210,1
1,b4,4,0|5|8|9,64.0190,210,1
1,b4,4,0|6|7|8,59.8253,210,1
1,b4,4,0|6|7|9,63.5648,210,1
1,b4,4,0|6|8|9,61.2832,210,1
1,b4,4,0|7|8|9,59.9582,210,1
1,b4,4,1|2|3|4,45.4016,210,1
1,b4,4,1|2|3|5,50.8141,210,1
1,b4,4,1|2|3|6,51.0883,210,1
1,b4,4,1|2|3|7,50.2609,210,1
1,b4,4,1|2|3|8,52.0991,210,1
1,b4,4,1|2|3|9,51.3939,210,1
1,b4,4,1|2|4|5,54.6316,210,1
1,b4,4,1|2|4|6,56.5761,210,1
1,b4,4,1|2|4|7,55.0792,210,1
1,b4,4,1|2|4|8,56.0305,210,1
1,b4,4,1|2|4|9,56.9129,210,1
1,b4,4,1|2|5|6,55.6022,210,1
1,b4,4,1|2|5|7,55.9088,210,1
1,b4,4,1|2|5|8,56.5441,210,1
1,b4,4,1|2|5|9,57.6030,210,1
1,b4,4,1|2|6|7,55.7108,210,1
1,b4,4,1|2|6|8,55.4679,210,1
1,b4,4,1|2|6|9,56.8977,210,1
1,b4,4,1|2|7|8,54.5314,210,1
1,b4,4,1|2|7|9,57.0961,210,1
1,b4,4,1|2|8|9,56.5509,210,1
1,b4,4,1|3|4|5,52.6972,210,1
1,b4,4,1|3|4|6,55.9147,210,1
1,b4,4,1|3|4|7,56.0547,210,1
1,b4,4,1|3|4|8,57.2286,210,1
1,b4,4,1|3|4|9,57.7770,210,1
1,b4,4,1|3|5|6,56.7817,210,1
1,b4,4,1|3|5|7,57.1917,210,1
1,b4,4,1|3|5|8,58.1429,210,1
1,b4,4,1|3|5|9,59.5072,210,1
1,b4,4,1|3|6|7,57.3835,210,1
1,b4,4,1|3|6|8,57.9289,210,1
1,b4,4,1|3|6|9,58.4978,210,1
1,b4,4,1|3|7|8,56.3092,210,1
1,b4,4,1|3|7|9,59.0718,210,1
1,b4,4,1|3|8|9,58.5508,210,1
1,b4,4,1|4|5|6,52.2318,210,1
1,b4,4,1|4|5|7,54.8713,210,1
1,b4,4,1|4|5|8,55.6737,210,1
1,b4,4,1|4|5|9,56.9604,210,1
1,b4,4,1|4|6|7,56.2131,210,1
1,b4,4,1|4|6|8,55.3632,210,1
1,b4,4,1|4|6|9,57.9073,210,1
1,b4,4,1|4|7|8,55.9181,210,1
1,b4,4,1|4|7|9,58.5793,210,1
1,b4,4,1|4|8|9,57.6706,210,1
1,b4,4,1|5|6|7,55.7897,210,1
1,b4,4,1|5|6|8,55.9042,210,1
1,b4,4,1|5|6|9,57.6276,210,1
1,b4,4,1|5|7|8,56.1408,210,1
1,b4,4,1|5|7|9,58.4672,210,1
1,b4,4,1|5|8|9,57.8205,210,1
1,b4,4,1|6|7|8,54.2176,210,1
1,b4,4,1|6|7|9,57.7408,210,1
1,b4,4,1|6|8|9,55.9651,210,1
1,b4,4,1|7|8|9,54.1998,210,1
1,b4,4,2|3|4|5,56.3713,210,1
1,b4,4,2|3|4|6,56.9962,210,1
1,b4,4,2|3|4|7,56.1766,210,1
1,b4,4,2|3|4|8,57.0658,210,1
1,b4,4,2|3|4|9,58.1430,210,1
1,b4,4,2|3|5|6,60.2981,210,1
1,b4,4,2|3|5|7,61.6285,210,1
1,b4,4,2|3|5|8,60.9453,210,1
1,b4,4,2|3|5|9,61.6952,210,1
1,b4,4,2|3|6|7,60.7624,210,1
1,b4,4,2|3|6|8,60.8239,210,1
1,b4,4,2|3|6|9,62.1773,210,1
1,b4,4,2|3|7|8,59.2690,210,1
1,b4,4,2|3|7|9,61.7741,210,1
1,b4,4,2|3|8|9,60.6000,210,1
1,b4,4,2|4|5|6,62.5254,210,1
1,b4,4,2|4|5|7,64.4327,210,1
1,b4,4,2|4|5|8,63.4450,210,1
1,b4,4,2|4|5|9,65.2559,210,1
1,b4,4,2|4|6|7,64.1910,210,1
1,b4,4,2|4|6|8,61.5855,210,1
1,b4,4,2|4|6|9,64.7364,210,1
1,b4,4,2|4|7|8,61.7024,210,1
1,b4,4,2|4|7|9,64.7327,210,1
1,b4,4,2|4|8|9,63.7195,210,1
1,b4,4,2|5|6|7,63.9757,210,1
1,b4,4,2|5|6|8,63.4292,210,1
1,b4,4,2|5|6|9,64.6209,210,1
1,b4,4,2|5|7|8,63.1649,210,1
1,b4,4,2|5|7|9,65.6740,210,1
1,b4,4,2|5|8|9,63.5474,210,1
1,b4,4,2|6|7|8,62.0483,210,1
1,b4,4,2|6|7|9,64.3308,210,1
1,b4,4,2|6|8|9,62.5024,210,1
1,b4,4,2|7|8|9,60.1740,210,1
1,b4,4,3|4|5|6,61.8156,210,1
1,b4,4,3|4|5|7,64.0581,210,1
1,b4,4,3|4|5|8,63.0585,210,1
1,b4,4,3|4|5|9,64.5942,210,1
1,b4,4,3|4|6|7,64.3708,210,1
1,b4,4,3|4|6|8,63.0134,210,1
1,b4,4,3|4|6|9,64.9252,210,1
1,b4,4,3|4|7|8,63.3210,210,1
1,b4,4,3|4|7|9,65.5944,210,1
1,b4,4,3|4|8|9,63.7118,210,1
1,b4,4,3|5|6|7,63.8719,210,1
1,b4,4,3|5|6|8,63.4552,210,1
1,b4,4,3|5|6|9,65.3332,210,1
1,b4,4,3|5|7|8,63.7086,210,1
1,b4,4,3|5|7|9,66.2053,210,1
1,b4,4,3|5|8|9,64.3582,210,1
1,b4,4,3|6|7|8,61.9430,210,1
1,b4,4,3|6|7|9,65.0725,210,1
1,b4,4,3|6|8|9,62.2344,210,1
1,b4,4,3|7|8|9,61.0142,210,1
1,b4,4,4|5|6|7,63.8696,210,1
1,b4,4,4|5|6|8,62.7810,210,1
1,b4,4,4|5|6|9,64.9836,210,1
1,b4,4,4|5|7|8,64.0417,210,1
1,b4,4,4|5|7|9,67.1367,210,1
1,b4,4,4|5|8|9,65.1620,210,1
1,b4,4,4|6|7|8,61.3521,210,1
1,b4,4,4|6|7|9,66.3452,210,1
1,b4,4,4|6|8|9,62.8408,210,1
1,b4,4,4|7|8|9,61.7418,210,1
1,b4,4,5|6|7|8,60.9453,210,1
1,b4,4,5|6|7|9,65.2065,210,1
1,b4,4,5|6|8|9,63.2085,210,1
1,b4,4,5|7|8|9,61.0750,210,1
1,b4,4,6|7|8|9,59.9307,210,1
1,b4,5,0|1|2|3|4,34.5876,252,1
1,b4,5,0|1|2|3|5,44.2786,252,1
1,b4,5,0|1|2|3|6,42.2356,252,1
1,b4,5,0|1|2|3|7,43.1891,252,1
1,b4,5,0|1|2|3|8,43.1801,252,1
1,b4,5,0|1|2|3|9,44.5246,252,1
1,b4,5,0|1|2|4|5,49.1450,252,1
1,b4,5,0|1|2|4|6,49.6305,252,1
1,b4,5,0|1|2|4|7,48.7843,252,1
1,b4,5,0|1|2|4|8,48.9216,252,1
1,b4,5,0|1|2|4|9,50.7171,252,1
1,b4,5,0|1|2|5|6,49.7824,252,1
1,b4,5,0|1|2|5|7,49.1365,252,1
1,b4,5,0|1|2|5|8,49.4828,252,1
1,b4,5,0|1|2|5|9,51.6564,252,1
1,b4,5,0|1|2|6|7,46.5257,252,1
1,b4,5,0|1|2|6|8,49.1524,252,1
1,b4,5,0|1|2|6|9,51.1345,252,1
1,b4,5,0|1|2|7|8,46.6677,252,1
1,b4,5,0|1|2|7|9,50.5702,252,1
1,b4,5,0|1|2|8|9,47.6904,252,1
1,b4,5,0|1|3|4|5,47.7753,252,1
1,b4,5,0|1|3|4|6,50.4895,252,1
1,b4,5,0|1|3|4|7,48.0192,252,1
1,b4,5,0|1|3|4|8,48.8282,252,1
1,b4,5,0|1|3|4|9,50.3092,252,1
1,b4,5,0|1|3|5|6,50.0298,252,1
1,b4,5,0|1|3|5|7,48.5829,252,1
1,b4,5,0|1|3|5|8,49.2652,252,1
1,b4,5,0|1|3|5|9,50.5442,252,1
1,b4,5,0|1|3|6|7,47.6209,252,1
1,b4,5,0|1|3|6|8,48.1670,252,1
1,b4,5,0|1|3|6|9,49.5834,252,1
1,b4,5,0|1|3|7|8,47.3329,252,1
1,b4,5,0|1|3|7|9,50.3410,252,1
1,b4,5,0|1|3|8|9,49.4192,252,1
1,b4,5,0|1|4|5|6,48.5154,252,1
1,b4,5,0|1|4|5|7,46.1792,252,1
1,b4,5,0|1|4|5|8,47.1898,252,1
1,b4,5,0|1|4|5|9,50.7117,252,1
1,b4,5,0|1|4|6|7,49.0441,252,1
1,b4,5,0|1|4|6|8,48.8570,252,1
1,b4,5,0|1|4|6|9,54.4939,252,1
1,b4,5,0|1|4|7|8,47.5214,252,1
1,b4,5,0|1|4|7|9,49.9228,252,1
1,b4,5,0|1|4|8|9,49.3870,252,1
1,b4,5,0|1|5|6|7,48.3795,252,1
1,b4,5,0|1|5|6|8,46.3152,252,1
1,b4,5,0|1|5|6|9,51.3056,252,1
1,b4,5,0|1|5|7|8,46.6597,252,1
1,b4,5,0|1|5|7|9,49.0752,252,1
1,b4,5,0|1|5|8|9,49.0658,252,1
1,b4,5,0|1|6|7|8,44.5035,252,1
1,b4,5,0|1|6|7|9,49.1622,252,1
1,b4,5,0|1|6|8|9,46.9699,252,1
1,b4,5,0|1|7|8|9,44.0724,252,1
1,b4,5,0|2|3|4|5,53.7460,252,1
1,b4,5,0|2|3|4|6,53.4884,252,1
1,b4,5,0|2|3|4|7,52.9897,252,1
1,b4,5,0|2|3|4|8,53.2036,252,1
1,b4,5,0|2|3|4|9,54.7417,252,1
1,b4,5,0|2|3|5|6,57.0372,252,1
1,b4,5,0|2|3|5|7,59.2635,252,1
1,b4,5,0|2|3|5|8,58.6057,252,1
1,b4,5,0|2|3|5|9,59.5813,252,1
1,b4,5,0|2|3|6|7,59.0631,252,1
1,b4,5,0|2|3|6|8,58.1432,252,1
1,b4,5,0|2|3|6|9,58.9344,252,1
1,b4,5,0|2|3|7|8,56.8590,252,1
1,b4,5,0|2|3|7|9,60.2977,252,1
1,b4,5,0|2|3|8|9,58.3782,252,1
1,b4,5,0|2|4|5|6,61.5881,252,1
1,b4,5,0|2|4|5|7,63.2108,252,1
1,b4,5,0|2|4|5|8,62.3256,252,1
1,b4,5,0|2|4|5|9,65.0115,252,1
1,b4,5,0|2|4|6|7,63.5118,252,1
1,b4,5,0|2|4|6|8,62.1854,252,1
1,b4,5,0|2|4|6|9,63.7810,252,1
1,b4,5,0|2|4|7|8,60.7197,252,1
1,b4,5,0|2|4|7|9,64.0600,252,1
1,b4,5,0|2|4|8|9,62.7350,252,1
1,b4,5,0|2|5|6|7,63.1459,252,1
1,b4,5,0|2|5|6|8,63.1239,252,1
1,b4,5,0|2|5|6|9,63.5557,252,1
1,b4,5,0|2|5|7|8,61.9607,252,1
1,b4,5,0|2|5|7|9,64.1304,252,1
1,b4,5,0|2|5|8|9,62.7996,252,1
1,b4,5,0|2|6|7|8,59.4787,252,1
1,b4,5,0|2|6|7|9,63.3265,252,1
1,b4,5,0|2|6|8|9,60.8702,252,1
1,b4,5,0|2|7|8|9,59.9155,252,1
1,b4,5,0|3|4|5|6,60.1525,252,1
1,b4,5,0|3|4|5|7,62.8849,252,1
1,b4,5,0|3|4|5|8,61.9075,252,1
1,b4,5,0|3|4|5|9,64.7236,252,1
1,b4,5,0|3|4|6|7,63.1584,252,1
1,b4,5,0|3|4|6|8,61.6748,252,1
1,b4,5,0|3|4|6|9,63.6684,252,1
1,b4,5,0|3|4|7|8,61.4385,252,1
1,b4,5,0|3|4|7|9,64.9856,252,1
1,b4,5,0|3|4|8|9,62.7607,252,1
1,b4,5,0|3|5|6|7,64.7203,252,1
1,b4,5,0|3|5|6|8,63.4638,252,1
1,b4,5,0|3|5|6|9,64.5388,252,1
1,b4,5,0|3|5|7|8,62.5822,252,1
1,b4,5,0|3|5|7|9,65.3714,252,1
1,b4,5,0|3|5|8|9,63.6429,252,1
1,b4,5,0|3|6|7|8,60.0964,252,1
1,b4,5,0|3|6|7|9,63.8780,252,1
1,b4,5,0|3|6|8|9,61.6130,252,1
1,b4,5,0|3|7|8|9,60.4686,252,1
1,b4,5,0|4|5|6|7,63.5787,252,1
1,b4,5,0|4|5|6|8,62.3835,252,1
1,b4,5,0|4|5|6|9,64.8605,252,1
1,b4,5,0|4|5|7|8,62.2581,252,1
1,b4,5,0|4|5|7|9,66.5563,252,1
1,b4,5,0|4|5|8|9,64.2567,252,1
1,b4,5,0|4|6|7|8,59.5104,252,1
1,b4,5,0|4|6|7|9,65.1730,252,1
1,b4,5,0|4|6|8|9,62.2922,252,1
1,b4,5,0|4|7|8|9,60.5753,252,1
1,b4,5,0|5|6|7|8,58.6785,252,1
1,b4,5,0|5|6|7|9,63.6703,252,1
1,b4,5,0|5|6|8|9,61.8094,252,1
1,b4,5,0|5|7|8|9,60.5219,252,1
1,b4,5,0|6|7|8|9,58.6114,252,1
1,b4,5,1|2|3|4|5,39.7088,252,1
1,b4,5,1|2|3|4|6,45.7547,252,1
1,b4,5,1|2|3|4|7,43.5891,252,1
1,b4,5,1|2|3|4|8,46.1297,252,1
1,b4,5,1|2|3|4|9,45.7855,252,1
1,b4,5,1|2|3|5|6,50.2866,252,1
1,b4,5,1|2|3|5|7,48.6633,252,1
1,b4,5,1|2|3|5|8,50.4443,252,1
1,b4,5,1|2|3|5|9,50.9428,252,1
1,b4,5,1|2|3|6|7,50.5979,252,1
1,b4,5,1|2|3|6|8,51.6835,252,1
1,b4,5,1|2|3|6|9,51.2864,252,1
1,b4,5,1|2|3|7|8,48.9367,252,1
1,b4,5,1|2|3|7|9,49.9237,252,1
1,b4,5,1|2|3|8|9,51.0373,252,1
1,b4,5,1|2|4|5|6,51.6111,252,1
1,b4,5,1|2|4|5|7,52.3221,252,1
1,b4,5,1|2|4|5|8,54.0257,252,1
1,b4,5,1|2|4|5|9,54.4216,252,1
1,b4,5,1|2|4|6|7,54.3798,252,1
1,b4,5,1|2|4|6|8,54.9327,252,1
1,b4,5,1|2|4|6|9,55.8062,252,1
1,b4,5,1|2|4|7|8,52.9007,252,1
1,b4,5,1|2|4|7|9,54.6001,252,1
1,b4,5,1|2|4|8|9,55.2453,252,1
1,b4,5,1|2|5|6|7,53.6942,252,1
1,b4,5,1|2|5|6|8,54.9450,252,1
1,b4,5,1|2|5|6|9,55.5108,252,1
1,b4,5,1|2|5|7|8,53.9159,252,1
1,b4,5,1|2|5|7|9,55.7968,252,1
1,b4,5,1|2|5|8|9,55.9543,252,1
1,b4,5,1|2|6|7|8,51.7920,252,1
1,b4,5,1|2|6|7|9,56.1080,252,1
1,b4,5,1|2|6|8|9,55.2569,252,1
1,b4,5,1|2|7|8|9,51.6365,252,1
1,b4,5,1|3|4|5|6,48.9142,252,1
1,b4,5,1|3|4|5|7,50.8820,252,1
1,b4,5,1|3|4|5|8,52.9269,252,1
1,b4,5,1|3|4|5|9,54.3350,252,1
1,b4,5,1|3|4|6|7,55.7036,252,1
1,b4,5,1|3|4|6|8,54.8378,252,1
1,b4,5,1|3|4|6|9,56.3396,252,1
1,b4,5,1|3|4|7|8,55.1407,252,1
1,b4,5,1|3|4|7|9,57.1124,252,1
1,b4,5,1|3|4|8|9,56.7376,252,1
1,b4,5,1|3|5|6|7,55.0914,252,1
1,b4,5,1|3|5|6|8,55.7193,252,1
1,b4,5,1|3|5|6|9,57.2657,252,1
1,b4,5,1|3|5|7|8,55.6302,252,1
1,b4,5,1|3|5|7|9,57.7762,252,1
1,b4,5,1|3|5|8|9,57.8222,252,1
1,b4,5,1|3|6|7|8,53.5118,252,1
1,b4,5,1|3|6|7|9,57.7496,252,1
1,b4,5,1|3|6|8|9,55.9677,252,1
1,b4,5,1|3|7|8|9,53.1769,252,1
1,b4,5,1|4|5|6|7,50.4905,252,1
1,b4,5,1|4|5|6|8,51.2800,252,1
1,b4,5,1|4|5|6|9,53.2323,252,1
1,b4,5,1|4|5|7|8,54.0349,252,1
1,b4,5,1|4|5|7|9,55.7615,252,1
1,b4,5,1|4|5|8|9,55.9061,252,1
1,b4,5,1|4|6|7|8,53.0142,252,1
1,b4,5,1|4|6|7|9,57.4676,252,1
1,b4,5,1|4|6|8|9,54.9839,252,1
1,b4,5,1|4|7|8|9,52.8261,252,1
1,b4,5,1|5|6|7|8,50.8070,252,1
1,b4,5,1|5|6|7|9,54.6958,252,1
1,b4,5,1|5|6|8|9,54.6792,252,1
1,b4,5,1|5|7|8|9,52.3574,252,1
1,b4,5,1|6|7|8|9,50.5100,252,1
1,b4,5,2|3|4|5|6,53.8912,252,1
1,b4,5,2|3|4|5|7,55.8556,252,1
1,b4,5,2|3|4|5|8,55.6167,252,1
1,b4,5,2|3|4|5|9,56.7484,252,1
1,b4,5,2|3|4|6|7,55.4908,252,1
1,b4,5,2|3|4|6|8,55.7626,252,1
1,b4,5,2|3|4|6|9,57.7838,252,1
1,b4,5,2|3|4|7|8,54.8394,252,1
1,b4,5,2|3|4|7|9,57.3302,252,1
1,b4,5,2|3|4|8|9,56.8155,252,1
1,b4,5,2|3|5|6|7,59.4498,252,1
1,b4,5,2|3|5|6|8,59.6135,252,1
1,b4,5,2|3|5|6|9,59.9345,252,1
1,b4,5,2|3|5|7|8,59.3376,252,1
1,b4,5,2|3|5|7|9,61.8790,252,1
1,b4,5,2|3|5|8|9,59.7896,252,1
1,b4,5,2|3|6|7|8,58.0930,252,1
1,b4,5,2|3|6|7|9,61.4643,252,1
1,b4,5,2|3|6|8|9,59.6261,252,1
1,b4,5,2|3|7|8|9,56.6512,252,1
1,b4,5,2|4|5|6|7,61.5124,252,1
1,b4,5,2|4|5|6|8,60.4365,252,1
1,b4,5,2|4|5|6|9,63.9366,252,1
1,b4,5,2|4|5|7|8,62.2894,252,1
1,b4,5,2|4|5|7|9,64.8965,252,1
1,b4,5,2|4|5|8|9,63.3796,252,1
1,b4,5,2|4|6|7|8,59.6078,252,1
1,b4,5,2|4|6|7|9,64.4330,252,1
1,b4,5,2|4|6|8|9,61.0801,252,1
1,b4,5,2|4|7|8|9,59.7324,252,1
1,b4,5,2|5|6|7|8,59.7146,252,1
1,b4,5,2|5|6|7|9,63.6791,252,1
1,b4,5,2|5|6|8|9,61.5592,252,1
1,b4,5,2|5|7|8|9,59.8354,252,1
1,b4,5,2|6|7|8|9,58.0707,252,1
1,b4,5,3|4|5|6|7,60.7572,252,1
1,b4,5,3|4|5|6|8,60.4186,252,1
1,b4,5,3|4|5|6|9,62.7067,252,1
1,b4,5,3|4|5|7|8,61.9437,252,1
1,b4,5,3|4|5|7|9,64.9714,252,1
1,b4,5,3|4|5|8|9,63.3551,252,1
1,b4,5,3|4|6|7|8,60.0958,252,1
1,b4,5,3|4|6|7|9,64.9921,252,1
1,b4,5,3|4|6|8|9,62.2014,252,1
1,b4,5,3|4|7|8|9,60.6965,252,1
1,b4,5,3|5|6|7|8,60.3295,252,1
1,b4,5,3|5|6|7|9,64.1914,252,1
1,b4,5,3|5|6|8|9,62.4771,252,1
1,b4,5,3|5|7|8|9,60.6707,252,1
1,b4,5,3|6|7|8|9,59.6075,252,1
1,b4,5,4|5|6|7|8,58.3106,252,1
1,b4,5,4|5|6|7|9,64.6575,252,1
1,b4,5,4|5|6|8|9,61.7621,252,1
1,b4,5,4|5|7|8|9,60.7948,252,1
1,b4,5,4|6|7|8|9,58.5248,252,1
1,b4,5,5|6|7|8|9,58.2563,252,1
1,b4,6,0|1|2|3|4|5,30.8713,210,1
1,b4,6,0|1|2|3|4|6,34.3144,210,1
1,b4,6,0|1|2|3|4|7,32.4388,210,1
1,b4,6,0|1|2|3|4|8,34.8011,210,1
1,b4,6,0|1|2|3|4|9,36.0256,210,1
1,b4,6,0|1|2|3|5|6,42.4513,210,1
1,b4,6,0|1|2|3|5|7,40.4122,210,1
1,b4,6,0|1|2|3|5|8,42.4689,210,1
1,b4,6,0|1|2|3|5|9,43.4988,210,1
1,b4,6,0|1|2|3|6|7,40.4093,210,1
1,b4,6,0|1|2|3|6|8,42.7038,210,1
1,b4,6,0|1|2|3|6|9,42.6154,210,1
1,b4,6,0|1|2|3|7|8,38.5318,210,1
1,b4,6,0|1|2|3|7|9,42.9162,210,1
1,b4,6,0|1|2|3|8|9,41.1623,210,1
1,b4,6,0|1|2|4|5|6,46.5554,210,1
1,b4,6,0|1|2|4|5|7,46.0514,210,1
1,b4,6,0|1|2|4|5|8,48.1189,210,1
1,b4,6,0|1|2|4|5|9,49.5455,210,1
1,b4,6,0|1|2|4|6|7,46.9278,210,1
1,b4,6,0|1|2|4|6|8,48.5368,210,1
1,b4,6,0|1|2|4|6|9,50.1509,210,1
1,b4,6,0|1|2|4|7|8,46.1950,210,1
1,b4,6,0|1|2|4|7|9,48.6356,210,1
1,b4,6,0|1|2|4|8|9,48.1990,210,1
1,b4,6,0|1|2|5|6|7,47.3964,210,1
1,b4,6,0|1|2|5|6|8,46.5647,210,1
1,b4,6,0|1|2|5|6|9,49.6487,210,1
1,b4,6,0|1|2|5|7|8,45.6043,210,1
1,b4,6,0|1|2|5|7|9,48.5125,210,1
1,b4,6,0|1|2|5|8|9,47.8783,210,1
1,b4,6,0|1|2|6|7|8,43.7361,210,1
1,b4,6,0|1|2|6|7|9,48.4055,210,1
1,b4,6,0|1|2|6|8|9,46.5337,210,1
1,b4,6,0|1|2|7|8|9,42.8461,210,1
1,b4,6,0|1|3|4|5|6,42.3670,210,1
1,b4,6,0|1|3|4|5|7,42.9273,210,1
1,b4,6,0|1|3|4|5|8,44.5554,210,1
1,b4,6,0|1|3|4|5|9,48.5822,210,1
1,b4,6,0|1|3|4|6|7,46.5721,210,1
1,b4,6,0|1|3|4|6|8,47.5877,210,1
1,b4,6,0|1|3|4|6|9,50.3281,210,1
1,b4,6,0|1|3|4|7|8,45.5458,210,1
1,b4,6,0|1|3|4|7|9,47.8689,210,1
1,b4,6,0|1|3|4|8|9,48.1561,210,1
1,b4,6,0|1|3|5|6|7,46.0220,210,1
1,b4,6,0|1|3|5|6|8,46.5925,210,1
1,b4,6,0|1|3|5|6|9,48.3554,210,1
1,b4,6,0|1|3|5|7|8,45.9131,210,1
1,b4,6,0|1|3|5|7|9,47.2146,210,1
1,b4,6,0|1|3|5|8|9,48.9423,210,1
1,b4,6,0|1|3|6|7|8,42.6537,210,1
1,b4,6,0|1|3|6|7|9,48.0604,210,1
1,b4,6,0|1|3|6|8|9,47.2076,210,1
1,b4,6,0|1|3|7|8|9,43.1214,210,1
1,b4,6,0|1|4|5|6|7,44.4237,210,1
1,b4,6,0|1|4|5|6|8,43.2339,210,1
1,b4,6,0|1|4|5|6|9,48.2282,210,1
1,b4,6,0|1|4|5|7|8,43.6884,210,1
1,b4,6,0|1|4|5|7|9,46.1426,210,1
1,b4,6,0|1|4|5|8|9,46.9376,210,1
1,b4,6,0|1|4|6|7|8,43.4241,210,1
1,b4,6,0|1|4|6|7|9,50.8810,210,1
1,b4,6,0|1|4|6|8|9,47.4012,210,1
1,b4,6,0|1|4|7|8|9,43.5504,210,1
1,b4,6,0|1|5|6|7|8,40.1390,210,1
1,b4,6,0|1|5|6|7|9,48.8267,210,1
1,b4,6,0|1|5|6|8|9,45.1686,210,1
1,b4,6,0|1|5|7|8|9,43.4015,210,1
1,b4,6,0|1|6|7|8|9,41.1562,210,1
1,b4,6,0|2|3|4|5|6,50.2121,210,1
1,b4,6,0|2|3|4|5|7,52.6501,210,1
1,b4,6,0|2|3|4|5|8,52.7477,210,1
1,b4,6,0|2|3|4|5|9,54.5526,210,1
1,b4,6,0|2|3|4|6|7,53.2604,210,1
1,b4,6,0|2|3|4|6|8,52.4516,210,1
1,b4,6,0|2|3|4|6|9,54.5979,210,1
1,b4,6,0|2|3|4|7|8,51.3887,210,1
1,b4,6,0|2|3|4|7|9,54.5665,210,1
1,b4,6,0|2|3|4|8|9,53.4531,210,1
1,b4,6,0|2|3|5|6|7,57.3194,210,1
1,b4,6,0|2|3|5|6|8,56.8441,210,1
1,b4,6,0|2|3|5|6|9,56.2186,210,1
1,b4,6,0|2|3|5|7|8,57.3655,210,1
1,b4,6,0|2|3|5|7|9,59.1783,210,1
1,b4,6,0|2|3|5|8|9,57.0510,210,1
1,b4,6,0|2|3|6|7|8,55.7545,210,1
1,b4,6,0|2|3|6|7|9,58.7981,210,1
1,b4,6,0|2|3|6|8|9,56.4197,210,1
1,b4,6,0|2|3|7|8|9,55.0870,210,1
1,b4,6,0|2|4|5|6|7,62.2827,210,1
1,b4,6,0|2|4|5|6|8,59.5840,210,1
1,b4,6,0|2|4|5|6|9,62.7285,210,1
1,b4,6,0|2|4|5|7|8,60.4272,210,1
1,b4,6,0|2|4|5|7|9,64.2108,210,1
1,b4,6,0|2|4|5|8|9,63.0606,210,1
1,b4,6,0|2|4|6|7|8,58.4587,210,1
1,b4,6,0|2|4|6|7|9,63.2910,210,1
1,b4,6,0|2|4|6|8|9,60.3428,210,1
1,b4,6,0|2|4|7|8|9,59.0973,210,1
1,b4,6,0|2|5|6|7|8,58.1223,210,1
1,b4,6,0|2|5|6|7|9,62.7381,210,1
1,b4,6,0|2|5|6|8|9,60.9863,210,1
1,b4,6,0|2|5|7|8|9,59.0953,210,1
1,b4,6,0|2|6|7|8|9,57.1631,210,1
1,b4,6,0|3|4|5|6|7,61.1625,210,1
1,b4,6,0|3|4|5|6|8,59.5735,210,1
1,b4,6,0|3|4|5|6|9,62.3967,210,1
1,b4,6,0|3|4|5|7|8,59.3557,210,1
1,b4,6,0|3|4|5|7|9,64.9056,210,1
1,b4,6,0|3|4|5|8|9,62.6234,210,1
1,b4,6,0|3|4|6|7|8,58.3476,210,1
1,b4,6,0|3|4|6|7|9,64.0048,210,1
1,b4,6,0|3|4|6|8|9,61.4126,210,1
1,b4,6,0|3|4|7|8|9,59.5471,210,1
1,b4,6,0|3|5|6|7|8,57.5698,210,1
1,b4,6,0|3|5|6|7|9,62.8156,210,1
1,b4,6,0|3|5|6|8|9,61.9433,210,1
1,b4,6,0|3|5|7|8|9,59.4233,210,1
1,b4,6,0|3|6|7|8|9,57.7977,210,1
1,b4,6,0|4|5|6|7|8,57.3957,210,1
1,b4,6,0|4|5|6|7|9,63.8057,210,1
1,b4,6,0|4|5|6|8|9,61.2085,210,1
1,b4,6,0|4|5|7|8|9,59.5671,210,1
1,b4,6,0|4|6|7|8|9,56.0094,210,1
1,b4,6,0|5|6|7|8|9,52.9704,210,1
1,b4,6,1|2|3|4|5|6,36.1151,210,1
1,b4,6,1|2|3|4|5|7,36.4740,210,1
1,b4,6,1|2|3|4|5|8,40.2286,210,1
1,b4,6,1|2|3|4|5|9,40.0671,210,1
1,b4,6,1|2|3|4|6|7,44.9792,210,1
1,b4,6,1|2|3|4|6|8,45.5925,210,1
1,b4,6,1|2|3|4|6|9,46.3182,210,1
1,b4,6,1|2|3|4|7|8,43.3384,210,1
1,b4,6,1|2|3|4|7|9,43.1010,210,1
1,b4,6,1|2|3|4|8|9,44.9356,210,1
1,b4,6,1|2|3|5|6|7,48.1599,210,1
1,b4,6,1|2|3|5|6|8,49.8447,210,1
1,b4,6,1|2|3|5|6|9,50.8467,210,1
1,b4,6,1|2|3|5|7|8,46.9896,210,1
1,b4,6,1|2|3|5|7|9,47.5278,210,1
1,b4,6,1|2|3|5|8|9,49.6376,210,1
1,b4,6,1|2|3|6|7|8,47.6883,210,1
1,b4,6,1|2|3|6|7|9,50.3353,210,1
1,b4,6,1|2|3|6|8|9,50.0996,210,1
1,b4,6,1|2|3|7|8|9,46.0143,210,1
1,b4,6,1|2|4|5|6|7,48.6661,210,1
1,b4,6,1|2|4|5|6|8,50.9240,210,1
1,b4,6,1|2|4|5|6|9,52.7190,210,1
1,b4,6,1|2|4|5|7|8,50.9292,210,1
1,b4,6,1|2|4|5|7|9,52.6326,210,1
1,b4,6,1|2|4|5|8|9,53.6964,210,1
1,b4,6,1|2|4|6|7|8,50.5063,210,1
1,b4,6,1|2|4|6|7|9,55.4050,210,1
1,b4,6,1|2|4|6|8|9,54.1948,210,1
1,b4,6,1|2|4|7|8|9,50.2487,210,1
1,b4,6,1|2|5|6|7|8,49.9451,210,1
1,b4,6,1|2|5|6|7|9,53.3719,210,1
1,b4,6,1|2|5|6|8|9,53.3432,210,1
1,b4,6,1|2|5|7|8|9,50.7761,210,1
1,b4,6,1|2|6|7|8|9,49.3207,210,1
1,b4,6,1|3|4|5|6|7,46.8702,210,1
1,b4,6,1|3|4|5|6|8,47.7325,210,1
1,b4,6,1|3|4|5|6|9,49.8423,210,1
1,b4,6,1|3|4|5|7|8,51.4583,210,1
1,b4,6,1|3|4|5|7|9,52.9041,210,1
1,b4,6,1|3|4|5|8|9,53.9448,210,1
1,b4,6,1|3|4|6|7|8,52.0660,210,1
1,b4,6,1|3|4|6|7|9,56.6528,210,1
1,b4,6,1|3|4|6|8|9,54.5781,210,1
1,b4,6,1|3|4|7|8|9,51.2485,210,1
1,b4,6,1|3|5|6|7|8,51.4865,210,1
1,b4,6,1|3|5|6|7|9,54.8192,210,1
1,b4,6,1|3|5|6|8|9,54.2460,210,1
1,b4,6,1|3|5|7|8|9,51.4616,210,1
1,b4,6,1|3|6|7|8|9,50.1826,210,1
1,b4,6,1|4|5|6|7|8,44.6409,210,1
1,b4,6,1|4|5|6|7|9,50.8661,210,1
1,b4,6,1|4|5|6|8|9,51.6974,210,1
1,b4,6,1|4|5|7|8|9,50.5569,210,1
1,b4,6,1|4|6|7|8|9,49.0661,210,1
1,b4,6,1|5|6|7|8|9,46.8110,210,1
1,b4,6,2|3|4|5|6|7,51.7098,210,1
1,b4,6,2|3|4|5|6|8,51.9732,210,1
1,b4,6,2|3|4|5|6|9,52.8784,210,1
1,b4,6,2|3|4|5|7|8,52.4924,210,1
1,b4,6,2|3|4|5|7|9,56.1622,210,1
1,b4,6,2|3|4|5|8|9,54.2728,210,1
1,b4,6,2|3|4|6|7|8,52.5546,210,1
1,b4,6,2|3|4|6|7|9,56.8062,210,1
1,b4,6,2|3|4|6|8|9,55.9525,210,1
1,b4,6,2|3|4|7|8|9,53.9874,210,1
1,b4,6,2|3|5|6|7|8,55.7529,210,1
1,b4,6,2|3|5|6|7|9,58.7408,210,1
1,b4,6,2|3|5|6|8|9,57.8402,210,1
1,b4,6,2|3|5|7|8|9,56.2459,210,1
1,b4,6,2|3|6|7|8|9,55.8912,210,1
1,b4,6,2|4|5|6|7|8,57.0433,210,1
1,b4,6,2|4|5|6|7|9,62.1211,210,1
1,b4,6,2|4|5|6|8|9,60.0598,210,1
1,b4,6,2|4|5|7|8|9,59.4451,210,1
1,b4,6,2|4|6|7|8|9,57.0065,210,1
1,b4,6,2|5|6|7|8|9,56.1990,210,1
1,b4,6,3|4|5|6|7|8,55.8387,210,1
1,b4,6,3|4|5|6|7|9,61.5342,210,1
1,b4,6,3|4|5|6|8|9,60.1808,210,1
1,b4,6,3|4|5|7|8|9,59.2848,210,1
1,b4,6,3|4|6|7|8|9,58.1732,210,1
1,b4,6,3|5|6|7|8|9,57.4836,210,1
1,b4,6,4|5|6|7|8|9,54.9377,210,1
1,b6,0,,69.5254,1,1
1,b6,1,0,67.5003,10,1
1,b6,1,1,26.9794,10,1
1,b6,1,2,61.9708,10,1
1,b6,1,3,56.3990,10,1
1,b6,1,4,66.2302,10,1
1,b6,1,5,66.5037,10,1
1,b6,1,6,63.0575,10,1
1,b6,1,7,59.7199,10,1
1,b6,1,8,66.0167,10,1
1,b6,1,9,69.1149,10,1
1,b6,2,0|1,26.5030,45,1
1,b6,2,0|2,59.3469,45,1
1,b6,2,0|3,54.8629,45,1
1,b6,2,0|4,64.3680,45,1
1,b6,2,0|5,62.5499,45,1
1,b6,2,0|6,59.2506,45,1
1,b6,2,0|7,57.8463,45,1
1,b6,2,0|8,63.4393,45,1
1,b6,2,0|9,65.5895,45,1
1,b6,2,1|2,27.2277,45,1
1,b6,2,1|3,24.0924,45,1
1,b6,2,1|4,27.5363,45,1
1,b6,2,1|5,25.2147,45,1
1,b6,2,1|6,25.3640,45,1
1,b6,2,1|7,20.7354,45,1
1,b6,2,1|8,24.3100,45,1
1,b6,2,1|9,26.2438,45,1
1,b6,2,2|3,34.6924,45,1
1,b6,2,2|4,57.5622,45,1
1,b6,2,2|5,58.6622,45,1
1,b6,2,2|6,55.4853,45,1
1,b6,2,2|7,54.7813,45,1
1,b6,2,2|8,56.8235,45,1
1,b6,2,2|9,60.3499,45,1
1,b6,2,3|4,48.1320,45,1
1,b6,2,3|5,54.9920,45,1
1,b6,2,3|6,51.9350,45,1
1,b6,2,3|7,49.9399,45,1
1,b6,2,3|8,54.6029,45,1
1,b6,2,3|9,56.7978,45,1
1,b6,2,4|5,63.3429,45,1
1,b6,2,4|6,59.0631,45,1
1,b6,2,4|7,56.4416,45,1
1,b6,2,4|8,62.2594,45,1
1,b6,2,4|9,64.0828,45,1
1,b6,2,5|6,57.3577,45,1
1,b6,2,5|7,53.9890,45,1
1,b6,2,5|8,65.2561,45,1
1,b6,2,5|9,65.1508,45,1
1,b6,2,6|7,55.8620,45,1
1,b6,2,6|8,55.9571,45,1
1,b6,2,6|9,62.2362,45,1
1,b6,2,7|8,47.1311,45,1
1,b6,2,7|9,57.1622,45,1
1,b6,2,8|9,64.1828,45,1
1,b6,3,0|1|2,25.5917,120,1
1,b6,3,0|1|3,19.7905,120,1
1,b6,3,0|1|4,26.2510,120,1
1,b6,3,0|1|5,23.1774,120,1
1,b6,3,0|1|6,23.9581,120,1
1,b6,3,0|1|7,20.3889,120,1
1,b6,3,0|1|8,23.6214,120,1
1,b6,3,0|1|9,24.2847,120,1
1,b6,3,0|2|3,33.8015,120,1
1,b6,3,0|2|4,56.5857,120,1
1,b6,3,0|2|5,56.0530,120,1
1,b6,3,0|2|6,53.1623,120,1
1,b6,3,0|2|7,52.4951,120,1
1,b6,3,0|2|8,55.0504,120,1
1,b6,3,0|2|9,58.2777,120,1
1,b6,3,0|3|4,44.2388,120,1
1,b6,3,0|3|5,53.3789,120,1
1,b6,3,0|3|6,48.4299,120,1
1,b6,3,0|3|7,47.5819,120,1
1,b6,3,0|3|8,51.6360,120,1
1,b6,3,0|3|9,54.9987,120,1
1,b6,3,0|4|5,59.5481,120,1
1,b6,3,0|4|6,55.5042,120,1
1,b6,3,0|4|7,55.7977,120,1
1,b6,3,0|4|8,59.0605,120,1
1,b6,3,0|4|9,62.0688,120,1
1,b6,3,0|5|6,53.8508,120,1
1,b6,3,0|5|7,49.8828,120,1
1,b6,3,0|5|8,60.8108,120,1
1,b6,3,0|5|9,61.3318,120,1
1,b6,3,0|6|7,52.9828,120,1
1,b6,3,0|6|8,53.2172,120,1
1,b6,3,0|6|9,57.7011,120,1
1,b6,3,0|7|8,48.1361,120,1
1,b6,3,0|7|9,54.2789,120,1
1,b6,3,0|8|9,59.5517,120,1
1,b6,3,1|2|3,22.3512,120,1
1,b6,3,1|2|4,27.0617,120,1
1,b6,3,1|2|5,23.6119,120,1
1,b6,3,1|2|6,25.2114,120,1
1,b6,3,1|2|7,20.9586,120,1
1,b6,3,1|2|8,24.1458,120,1
1,b6,3,1|2|9,26.4460,120,1
1,b6,3,1|3|4,22.3996,120,1
1,b6,3,1|3|5,21.0935,120,1
1,b6,3,1|3|6,21.6599,120,1
1,b6,3,1|3|7,18.3663,120,1
1,b6,3,1|3|8,21.8945,120,1
1,b6,3,1|3|9,24.4960,120,1
1,b6,3,1|4|5,25.2804,120,1
1,b6,3,1|4|6,27.9182,120,1
1,b6,3,1|4|7,21.2322,120,1
1,b6,3,1|4|8,23.5352,120,1
1,b6,3,1|4|9,25.0081,120,1
1,b6,3,1|5|6,24.8035,120,1
1,b6,3,1|5|7,17.4287,120,1
1,b6,3,1|5|8,23.8591,120,1
1,b6,3,1|5|9,24.4324,120,1
1,b6,3,1|6|7,23.5820,120,1
1,b6,3,1|6|8,22.2058,120,1
1,b6,3,1|6|9,24.9745,120,1
1,b6,3,1|7|8,16.5157,120,1
1,b6,3,1|7|9,18.5762,120,1
1,b6,3,1|8|9,21.5883,120,1
1,b6,3,2|3|4,24.2023,120,1
1,b6,3,2|3|5,35.3660,120,1
1,b6,3,2|3|6,31.9324,120,1
1,b6,3,2|3|7,32.2122,120,1
1,b6,3,2|3|8,31.8142,120,1
1,b6,3,2|3|9,34.7029,120,1
1,b6,3,2|4|5,55.7465,120,1
1,b6,3,2|4|6,50.7496,120,1
1,b6,3,2|4|7,50.2032,120,1
1,b6,3,2|4|8,53.4189,120,1
1,b6,3,2|4|9,56.1855,120,1
1,b6,3,2|5|6,51.1308,120,1
1,b6,3,2|5|7,50.3706,120,1
1,b6,3,2|5|8,55.4987,120,1
1,b6,3,2|5|9,58.1332,120,1
1,b6,3,2|6|7,52.1168,120,1
1,b6,3,2|6|8,49.4063,120,1
1,b6,3,2|6|9,54.0223,120,1
1,b6,3,2|7|8,41.4319,120,1
1,b6,3,2|7|9,52.0100,120,1
1,b6,3,2|8|9,55.4833,120,1
1,b6,3,3|4|5,45.5206,120,1
1,b6,3,3|4|6,44.4266,120,1
1,b6,3,3|4|7,41.5699,120,1
1,b6,3,3|4|8,44.8084,120,1
1,b6,3,3|4|9,47.8489,120,1
1,b6,3,3|5|6,47.6795,120,1
1,b6,3,3|5|7,47.3092,120,1
1,b6,3,3|5|8,53.9046,120,1
1,b6,3,3|5|9,55.0297,120,1
1,b6,3,3|6|7,43.1852,120,1
1,b6,3,3|6|8,46.2110,120,1
1,b6,3,3|6|9,51.1571,120,1
1,b6,3,3|7|8,39.5569,120,1
1,b6,3,3|7|9,46.7360,120,1
1,b6,3,3|8|9,54.9917,120,1
1,b6,3,4|5|6,55.0559,120,1
1,b6,3,4|5|7,51.3014,120,1
1,b6,3,4|5|8,59.9409,120,1
1,b6,3,4|5|9,61.0954,120,1
1,b6,3,4|6|7,51.8369,120,1
1,b6,3,4|6|8,52.8266,120,1
1,b6,3,4|6|9,57.6393,120,1
1,b6,3,4|7|8,41.8064,120,1
1,b6,3,4|7|9,53.7442,120,1
1,b6,3,4|8|9,57.9463,120,1
1,b6,3,5|6|7,49.7645,120,1
1,b6,3,5|6|8,54.4874,120,1
1,b6,3,5|6|9,55.5455,120,1
1,b6,3,5|7|8,44.1265,120,1
1,b6,3,5|7|9,49.9825,120,1
1,b6,3,5|8|9,61.4008,120,1
1,b6,3,6|7|8,41.7432,120,1
1,b6,3,6|7|9,52.8396,120,1
1,b6,3,6|8|9,53.3823,120,1
1,b6,3,7|8|9,39.0673,120,1
1,b6,4,0|1|2|3,14.5320,210,1
1,b6,4,0|1|2|4,26.0716,210,1
1,b6,4,0|1|2|5,22.9037,210,1
1,b6,4,0|1|2|6,23.4689,210,1
1,b6,4,0|1|2|7,19.7096,210,1
1,b6,4,0|1|2|8,22.6318,210,1
1,b6,4,0|1|2|9,23.3819,210,1
1,b6,4,0|1|3|4,16.6332,210,1
1,b6,4,0|1|3|5,16.5785,210,1
1,b6,4,0|1|3|6,18.7603,210,1
1,b6,4,0|1|3|7,16.7256,210,1
1,b6,4,0|1|3|8,18.7909,210,1
1,b6,4,0|1|3|9,20.9756,210,1
1,b6,4,0|1|4|5,24.4718,210,1
1,b6,4,0|1|4|6,26.6598,210,1
1,b6,4,0|1|4|7,19.7999,210,1
1,b6,4,0|1|4|8,21.9450,210,1
1,b6,4,0|1|4|9,23.6259,210,1
1,b6,4,0|1|5|6,21.7571,210,1
1,b6,4,0|1|5|7,16.1897,210,1
1,b6,4,0|1|5|8,21.8346,210,1
1,b6,4,0|1|5|9,23.3392,210,1
1,b6,4,0|1|6|7,21.5723,210,1
1,b6,4,0|1|6|8,20.4262,210,1
1,b6,4,0|1|6|9,20.8634,210,1
1,b6,4,0|1|7|8,15.9168,210,1
1,b6,4,0|1|7|9,16.5838,210,1
1,b6,4,0|1|8|9,19.4438,210,1
1,b6,4,0|2|3|4,21.9828,210,1
1,b6,4,0|2|3|5,33.2825,210,1
1,b6,4,0|2|3|6,30.8780,210,1
1,b6,4,0|2|3|7,31.0229,210,1
1,b6,4,0|2|3|8,30.8035,210,1
1,b6,4,0|2|3|9,33.5384,210,1
1,b6,4,0|2|4|5,53.6834,210,1
1,b6,4,0|2|4|6,49.9456,210,1
1,b6,4,0|2|4|7,50.4057,210,1
1,b6,4,0|2|4|8,51.9634,210,1
1,b6,4,0|2|4|9,55.1521,210,1
1,b6,4,0|2|5|6,50.1167,210,1
1,b6,4,0|2|5|7,48.0047,210,1
1,b6,4,0|2|5|8,53.6702,210,1
1,b6,4,0|2|5|9,54.8944,210,1
1,b6,4,0|2|6|7,49.0835,210,1
1,b6,4,0|2|6|8,47.4023,210,1
1,b6,4,0|2|6|9,51.3984,210,1
1,b6,4,0|2|7|8,42.4008,210,1
1,b6,4,0|2|7|9,49.3393,210,1
1,b6,4,0|2|8|9,52.0809,210,1
1,b6,4,0|3|4|5,39.9509,210,1
1,b6,4,0|3|4|6,38.2800,210,1
1,b6,4,0|3|4|7,36.4494,210,1
1,b6,4,0|3|4|8,40.5477,210,1
1,b6,4,0|3|4|9,44.2893,210,1
1,b6,4,0|3|5|6,45.1845,210,1
1,b6,4,0|3|5|7,45.7335,210,1
1,b6,4,0|3|5|8,51.0646,210,1
1,b6,4,0|3|5|9,52.2119,210,1
1,b6,4,0|3|6|7,40.6431,210,1
1,b6,4,0|3|6|8,41.1153,210,1
1,b6,4,0|3|6|9,46.6358,210,1
1,b6,4,0|3|7|8,38.8023,210,1
1,b6,4,0|3|7|9,44.2758,210,1
1,b6,4,0|3|8|9,49.5681,210,1
1,b6,4,0|4|5|6,50.5282,210,1
1,b6,4,0|4|5|7,48.3841,210,1
1,b6,4,0|4|5|8,56.2295,210,1
1,b6,4,0|4|5|9,56.3492,210,1
1,b6,4,0|4|6|7,49.8983,210,1
1,b6,4,0|4|6|8,49.9027,210,1
1,b6,4,0|4|6|9,53.1139,210,1
1,b6,4,0|4|7|8,43.9208,210,1
1,b6,4,0|4|7|9,51.8135,210,1
1,b6,4,0|4|8|9,55.4666,210,1
1,b6,4,0|5|6|7,43.1399,210,1
1,b6,4,0|5|6|8,49.8244,210,1
1,b6,4,0|5|6|9,51.3706,210,1
1,b6,4,0|5|7|8,42.4296,210,1
1,b6,4,0|5|7|9,46.4095,210,1
1,b6,4,0|5|8|9,56.9759,210,1
1,b6,4,0|6|7|8,40.1405,210,1
1,b6,4,0|6|7|9,48.6273,210,1
1,b6,4,0|6|8|9,49.4066,210,1
1,b6,4,0|7|8|9,40.3280,210,1
1,b6,4,1|2|3|4,19.5315,210,1
1,b6,4,1|2|3|5,22.6938,210,1
1,b6,4,1|2|3|6,22.0125,210,1
1,b6,4,1|2|3|7,19.3354,210,1
1,b6,4,1|2|3|8,20.5908,210,1
1,b6,4,1|2|3|9,21.1647,210,1
1,b6,4,1|2|4|5,24.8111,210,1
1,b6,4,1|2|4|6,27.3658,210,1
1,b6,4,1|2|4|7,20.8709,210,1
1,b6,4,1|2|4|8,22.9780,210,1
1,b6,4,1|2|4|9,25.6238,210,1
1,b6,4,1|2|5|6,22.7891,210,1
1,b6,4,1|2|5|7,15.7995,210,1
1,b6,4,1|2|5|8,22.3022,210,1
1,b6,4,1|2|5|9,22.6183,210,1
1,b6,4,1|2|6|7,22.3870,210,1
1,b6,4,1|2|6|8,22.1641,210,1
1,b6,4,1|2|6|9,24.5948,210,1
1,b6,4,1|2|7|8,17.8299,210,1
1,b6,4,1|2|7|9,18.8683,210,1
1,b6,4,1|2|8|9,21.6929,210,1
1,b6,4,1|3|4|5,17.7292,210,1
1,b6,4,1|3|4|6,21.3224,210,1
1,b6,4,1|3|4|7,18.2777,210,1
1,b6,4,1|3|4|8,21.3797,210,1
1,b6,4,1|3|4|9,23.0337,210,1
1,b6,4,1|3|5|6,19.0307,210,1
1,b6,4,1|3|5|7,16.3279,210,1
1,b6,4,1|3|5|8,20.6817,210,1
1,b6,4,1|3|5|9,20.6088,210,1
1,b6,4,1|3|6|7,18.4104,210,1
1,b6,4,1|3|6|8,18.6111,210,1
1,b6,4,1|3|6|9,22.4040,210,1
1,b6,4,1|3|7|8,15.7090,210,1
1,b6,4,1|3|7|9,17.3991,210,1
1,b6,4,1|3|8|9,20.1472,210,1
1,b6,4,1|4|5|6,26.2187,210,1
1,b6,4,1|4|5|7,18.5001,210,1
1,b6,4,1|4|5|8,23.3817,210,1
1,b6,4,1|4|5|9,23.5743,210,1
1,b6,4,1|4|6|7,23.8965,210,1
1,b6,4,1|4|6|8,24.0088,210,1
1,b6,4,1|4|6|9,24.3607,210,1
1,b6,4,1|4|7|8,16.1024,210,1
1,b6,4,1|4|7|9,18.9598,210,1
1,b6,4,1|4|8|9,20.2553,210,1
1,b6,4,1|5|6|7,21.2612,210,1
1,b6,4,1|5|6|8,22.3085,210,1
1,b6,4,1|5|6|9,23.0949,210,1
1,b6,4,1|5|7|8,13.4667,210,1
1,b6,4,1|5|7|9,14.9861,210,1
1,b6,4,1|5|8|9,21.2252,210,1
1,b6,4,1|6|7|8,16.3984,210,1
1,b6,4,1|6|7|9,21.9034,210,1
1,b6,4,1|6|8|9,19.8082,210,1
1,b6,4,1|7|8|9,11.6938,210,1
1,b6,4,2|3|4|5,21.4435,210,1
1,b6,4,2|3|4|6,20.3733,210,1
1,b6,4,2|3|4|7,21.2900,210,1
1,b6,4,2|3|4|8,22.3687,210,1
1,b6,4,2|3|4|9,23.8013,210,1
1,b6,4,2|3|5|6,31.8585,210,1
1,b6,4,2|3|5|7,34.0014,210,1
1,b6,4,2|3|5|8,33.3665,210,1
1,b6,4,2|3|5|9,35.5927,210,1
1,b6,4,2|3|6|7,30.1381,210,1
1,b6,4,2|3|6|8,28.1550,210,1
1,b6,4,2|3|6|9,30.9880,210,1
1,b6,4,2|3|7|8,20.6512,210,1
1,b6,4,2|3|7|9,29.7846,210,1
1,b6,4,2|3|8|9,31.5618,210,1
1,b6,4,2|4|5|6,48.8089,210,1
1,b6,4,2|4|5|7,46.1134,210,1
1,b6,4,2|4|5|8,51.6038,210,1
1,b6,4,2|4|5|9,52.5899,210,1
1,b6,4,2|4|6|7,46.7878,210,1
1,b6,4,2|4|6|8,45.4143,210,1
1,b6,4,2|4|6|9,49.0543,210,1
1,b6,4,2|4|7|8,37.5778,210,1
1,b6,4,2|4|7|9,46.5583,210,1
1,b6,4,2|4|8|9,49.8023,210,1
1,b6,4,2|5|6|7,46.1815,210,1
1,b6,4,2|5|6|8,48.3850,210,1
1,b6,4,2|5|6|9,51.3072,210,1
1,b6,4,2|5|7|8,38.4781,210,1
1,b6,4,2|5|7|9,46.4005,210,1
1,b6,4,2|5|8|9,53.5778,210,1
1,b6,4,2|6|7|8,36.9184,210,1
1,b6,4,2|6|7|9,50.1022,210,1
1,b6,4,2|6|8|9,47.3107,210,1
1,b6,4,2|7|8|9,36.1018,210,1
1,b6,4,3|4|5|6,38.2897,210,1
1,b6,4,3|4|5|7,37.9237,210,1
1,b6,4,3|4|5|8,43.1275,210,1
1,b6,4,3|4|5|9,44.5308,210,1
1,b6,4,3|4|6|7,37.7450,210,1
1,b6,4,3|4|6|8,39.5294,210,1
1,b6,4,3|4|6|9,44.1620,210,1
1,b6,4,3|4|7|8,28.5332,210,1
1,b6,4,3|4|7|9,40.0332,210,1
1,b6,4,3|4|8|9,44.2109,210,1
1,b6,4,3|5|6|7,39.3185,210,1
1,b6,4,3|5|6|8,44.7284,210,1
1,b6,4,3|5|6|9,45.1630,210,1
1,b6,4,3|5|7|8,39.1256,210,1
1,b6,4,3|5|7|9,44.1772,210,1
1,b6,4,3|5|8|9,54.8191,210,1
1,b6,4,3|6|7|8,32.7087,210,1
1,b6,4,3|6|7|9,41.2569,210,1
1,b6,4,3|6|8|9,45.1110,210,1
1,b6,4,3|7|8|9,33.3416,210,1
1,b6,4,4|5|6|7,44.2525,210,1
1,b6,4,4|5|6|8,49.5392,210,1
1,b6,4,4|5|6|9,51.4877,210,1
1,b6,4,4|5|7|8,39.5160,210,1
1,b6,4,4|5|7|9,46.9242,210,1
1,b6,4,4|5|8|9,54.1733,210,1
1,b6,4,4|6|7|8,37.0589,210,1
1,b6,4,4|6|7|9,49.8765,210,1
1,b6,4,4|6|8|9,48.4168,210,1
1,b6,4,4|7|8|9,33.0751,210,1
1,b6,4,5|6|7|8,39.0396,210,1
1,b6,4,5|6|7|9,46.4779,210,1
1,b6,4,5|6|8|9,50.7729,210,1
1,b6,4,5|7|8|9,34.1991,210,1
1,b6,4,6|7|8|9,32.0054,210,1
1,b6,5,0|1|2|3|4,11.3539,252,1
1,b6,5,0|1|2|3|5,14.9726,252,1
1,b6,5,0|1|2|3|6,12.5416,252,1
1,b6,5,0|1|2|3|7,11.0138,252,1
1,b6,5,0|1|2|3|8,11.8785,252,1
1,b6,5,0|1|2|3|9,12.4367,252,1
1,b6,5,0|1|2|4|5,23.5821,252,1
1,b6,5,0|1|2|4|6,24.6400,252,1
1,b6,5,0|1|2|4|7,21.0591,252,1
1,b6,5,0|1|2|4|8,22.8930,252,1
1,b6,5,0|1|2|4|9,25.0166,252,1
1,b6,5,0|1|2|5|6,21.1892,252,1
1,b6,5,0|1|2|5|7,14.4699,252,1
1,b6,5,0|1|2|5|8,20.3238,252,1
1,b6,5,0|1|2|5|9,20.7626,252,1
1,b6,5,0|1|2|6|7,21.2504,252,1
1,b6,5,0|1|2|6|8,20.5308,252,1
1,b6,5,0|1|2|6|9,21.4070,252,1
1,b6,5,0|1|2|7|8,17.1245,252,1
1,b6,5,0|1|2|7|9,16.7334,252,1
1,b6,5,0|1|2|8|9,18.8938,252,1
1,b6,5,0|1|3|4|5,13.9454,252,1
1,b6,5,0|1|3|4|6,16.2004,252,1
1,b6,5,0|1|3|4|7,13.3948,252,1
1,b6,5,0|1|3|4|8,16.3585,252,1
1,b6,5,0|1|3|4|9,17.8063,252,1
1,b6,5,0|1|3|5|6,14.7643,252,1
1,b6,5,0|1|3|5|7,13.3062,252,1
1,b6,5,0|1|3|5|8,16.3187,252,1
1,b6,5,0|1|3|5|9,14.9654,252,1
1,b6,5,0|1|3|6|7,16.7025,252,1
1,b6,5,0|1|3|6|8,16.1494,252,1
1,b6,5,0|1|3|6|9,19.0006,252,1
1,b6,5,0|1|3|7|8,14.8773,252,1
1,b6,5,0|1|3|7|9,15.4052,252,1
1,b6,5,0|1|3|8|9,18.3017,252,1
1,b6,5,0|1|4|5|6,23.1287,252,1
1,b6,5,0|1|4|5|7,17.6441,252,1
1,b6,5,0|1|4|5|8,21.2175,252,1
1,b6,5,0|1|4|5|9,21.5878,252,1
1,b6,5,0|1|4|6|7,22.7738,252,1
1,b6,5,0|1|4|6|8,20.3802,252,1
1,b6,5,0|1|4|6|9,22.6750,252,1
1,b6,5,0|1|4|7|8,14.7192,252,1
1,b6,5,0|1|4|7|9,18.2930,252,1
1,b6,5,0|1|4|8|9,18.2956,252,1
1,b6,5,0|1|5|6|7,19.2956,252,1
1,b6,5,0|1|5|6|8,19.7467,252,1
1,b6,5,0|1|5|6|9,20.5817,252,1
1,b6,5,0|1|5|7|8,13.0976,252,1
1,b6,5,0|1|5|7|9,14.3359,252,1
1,b6,5,0|1|5|8|9,18.3412,252,1
1,b6,5,0|1|6|7|8,14.4516,252,1
1,b6,5,0|1|6|7|9,19.8170,252,1
1,b6,5,0|1|6|8|9,17.3882,252,1
1,b6,5,0|1|7|8|9,9.5308,252,1
1,b6,5,0|2|3|4|5,19.3479,252,1
1,b6,5,0|2|3|4|6,18.9517,252,1
1,b6,5,0|2|3|4|7,20.1351,252,1
1,b6,5,0|2|3|4|8,20.4394,252,1
1,b6,5,0|2|3|4|9,21.9709,252,1
1,b6,5,0|2|3|5|6,31.1596,252,1
1,b6,5,0|2|3|5|7,32.5962,252,1
1,b6,5,0|2|3|5|8,31.7616,252,1
1,b6,5,0|2|3|5|9,33.2633,252,1
1,b6,5,0|2|3|6|7,28.6207,252,1
1,b6,5,0|2|3|6|8,27.0003,252,1
1,b6,5,0|2|3|6|9,29.5571,252,1
1,b6,5,0|2|3|7|8,25.0154,252,1
1,b6,5,0|2|3|7|9,28.9226,252,1
1,b6,5,0|2|3|8|9,29.4282,252,1
1,b6,5,0|2|4|5|6,46.5645,252,1
1,b6,5,0|2|4|5|7,45.5377,252,1
1,b6,5,0|2|4|5|8,49.3938,252,1
1,b6,5,0|2|4|5|9,50.7115,252,1
1,b6,5,0|2|4|6|7,45.8208,252,1
1,b6,5,0|2|4|6|8,43.6903,252,1
1,b6,5,0|2|4|6|9,47.8033,252,1
1,b6,5,0|2|4|7|8,38.6038,252,1
1,b6,5,0|2|4|7|9,46.5500,252,1
1,b6,5,0|2|4|8|9,47.9256,252,1
1,b6,5,0|2|5|6|7,43.1374,252,1
1,b6,5,0|2|5|6|8,46.6073,252,1
1,b6,5,0|2|5|6|9,48.9929,252,1
1,b6,5,0|2|5|7|8,39.4917,252,1
1,b6,5,0|2|5|7|9,44.2096,252,1
1,b6,5,0|2|5|8|9,51.0979,252,1
1,b6,5,0|2|6|7|8,35.9918,252,1
1,b6,5,0|2|6|7|9,46.9762,252,1
1,b6,5,0|2|6|8|9,43.5356,252,1
1,b6,5,0|2|7|8|9,35.4399,252,1
1,b6,5,0|3|4|5|6,32.6559,252,1
1,b6,5,0|3|4|5|7,32.8448,252,1
1,b6,5,0|3|4|5|8,36.7430,252,1
1,b6,5,0|3|4|5|9,38.7966,252,1
1,b6,5,0|3|4|6|7,31.8049,252,1
1,b6,5,0|3|4|6|8,33.5576,252,1
1,b6,5,0|3|4|6|9,38.0980,252,1
1,b6,5,0|3|4|7|8,26.1666,252,1
1,b6,5,0|3|4|7|9,34.2022,252,1
1,b6,5,0|3|4|8|9,38.5134,252,1
1,b6,5,0|3|5|6|7,35.3948,252,1
1,b6,5,0|3|5|6|8,40.7450,252,1
1,b6,5,0|3|5|6|9,42.2670,252,1
1,b6,5,0|3|5|7|8,37.8405,252,1
1,b6,5,0|3|5|7|9,40.2430,252,1
1,b6,5,0|3|5|8|9,49.2813,252,1
1,b6,5,0|3|6|7|8,29.6467,252,1
1,b6,5,0|3|6|7|9,37.6548,252,1
1,b6,5,0|3|6|8|9,40.0891,252,1
1,b6,5,0|3|7|8|9,33.7606,252,1
1,b6,5,0|4|5|6|7,39.5473,252,1
1,b6,5,0|4|5|6|8,45.5018,252,1
1,b6,5,0|4|5|6|9,47.8775,252,1
1,b6,5,0|4|5|7|8,39.8378,252,1
1,b6,5,0|4|5|7|9,43.4057,252,1
1,b6,5,0|4|5|8|9,51.8676,252,1
1,b6,5,0|4|6|7|8,37.7350,252,1
1,b6,5,0|4|6|7|9,46.2620,252,1
1,b6,5,0|4|6|8|9,46.5238,252,1
1,b6,5,0|4|7|8|9,37.8308,252,1
1,b6,5,0|5|6|7|8,32.8603,252,1
1,b6,5,0|5|6|7|9,39.5647,252,1
1,b6,5,0|5|6|8|9,46.2395,252,1
1,b6,5,0|5|7|8|9,31.4200,252,1
1,b6,5,0|6|7|8|9,28.0874,252,1
1,b6,5,1|2|3|4|5,17.1163,252,1
1,b6,5,1|2|3|4|6,19.1946,252,1
1,b6,5,1|2|3|4|7,15.8852,252,1
1,b6,5,1|2|3|4|8,18.3446,252,1
1,b6,5,1|2|3|4|9,18.6275,252,1
1,b6,5,1|2|3|5|6,21.3652,252,1
1,b6,5,1|2|3|5|7,18.6414,252,1
1,b6,5,1|2|3|5|8,18.6494,252,1
1,b6,5,1|2|3|5|9,19.3931,252,1
1,b6,5,1|2|3|6|7,18.8275,252,1
1,b6,5,1|2|3|6|8,18.9769,252,1
1,b6,5,1|2|3|6|9,21.0690,252,1
1,b6,5,1|2|3|7|8,15.6758,252,1
1,b6,5,1|2|3|7|9,17.6300,252,1
1,b6,5,1|2|3|8|9,17.6906,252,1
1,b6,5,1|2|4|5|6,24.7580,252,1
1,b6,5,1|2|4|5|7,17.7575,252,1
1,b6,5,1|2|4|5|8,22.4988,252,1
1,b6,5,1|2|4|5|9,22.9668,252,1
1,b6,5,1|2|4|6|7,22.4646,252,1
1,b6,5,1|2|4|6|8,24.0744,252,1
1,b6,5,1|2|4|6|9,24.9064,252,1
1,b6,5,1|2|4|7|8,16.1054,252,1
1,b6,5,1|2|4|7|9,18.4737,252,1
1,b6,5,1|2|4|8|9,20.6443,252,1
1,b6,5,1|2|5|6|7,18.2474,252,1
1,b6,5,1|2|5|6|8,21.0983,252,1
1,b6,5,1|2|5|6|9,21.5114,252,1
1,b6,5,1|2|5|7|8,12.6364,252,1
1,b6,5,1|2|5|7|9,13.0546,252,1
1,b6,5,1|2|5|8|9,20.1463,252,1
1,b6,5,1|2|6|7|8,16.5669,252,1
1,b6,5,1|2|6|7|9,19.9578,252,1
1,b6,5,1|2|6|8|9,20.0847,252,1
1,b6,5,1|2|7|8|9,13.0991,252,1
1,b6,5,1|3|4|5|6,18.3558,252,1
1,b6,5,1|3|4|5|7,14.3532,252,1
1,b6,5,1|3|4|5|8,17.3419,252,1
1,b6,5,1|3|4|5|9,18.1475,252,1
1,b6,5,1|3|4|6|7,19.7984,252,1
1,b6,5,1|3|4|6|8,19.1260,252,1
1,b6,5,1|3|4|6|9,21.3729,252,1
1,b6,5,1|3|4|7|8,15.3308,252,1
1,b6,5,1|3|4|7|9,16.8386,252,1
1,b6,5,1|3|4|8|9,18.7862,252,1
1,b6,5,1|3|5|6|7,16.4737,252,1
1,b6,5,1|3|5|6|8,16.9756,252,1
1,b6,5,1|3|5|6|9,20.0188,252,1
1,b6,5,1|3|5|7|8,14.1745,252,1
1,b6,5,1|3|5|7|9,14.0689,252,1
1,b6,5,1|3|5|8|9,18.4140,252,1
1,b6,5,1|3|6|7|8,13.7890,252,1
1,b6,5,1|3|6|7|9,18.7939,252,1
1,b6,5,1|3|6|8|9,18.3576,252,1
1,b6,5,1|3|7|8|9,13.2043,252,1
1,b6,5,1|4|5|6|7,18.7262,252,1
1,b6,5,1|4|5|6|8,24.5684,252,1
1,b6,5,1|4|5|6|9,23.8154,252,1
1,b6,5,1|4|5|7|8,14.0604,252,1
1,b6,5,1|4|5|7|9,16.4918,252,1
1,b6,5,1|4|5|8|9,19.9678,252,1
1,b6,5,1|4|6|7|8,17.0539,252,1
1,b6,5,1|4|6|7|9,21.1487,252,1
1,b6,5,1|4|6|8|9,20.8001,252,1
1,b6,5,1|4|7|8|9,10.4930,252,1
1,b6,5,1|5|6|7|8,14.0231,252,1
1,b6,5,1|5|6|7|9,18.3345,252,1
1,b6,5,1|5|6|8|9,19.3994,252,1
1,b6,5,1|5|7|8|9,7.3829,252,1
1,b6,5,1|6|7|8|9,9.2540,252,1
1,b6,5,2|3|4|5|6,17.3598,252,1
1,b6,5,2|3|4|5|7,20.1716,252,1
1,b6,5,2|3|4|5|8,20.0972,252,1
1,b6,5,2|3|4|5|9,21.3701,252,1
1,b6,5,2|3|4|6|7,18.9416,252,1
1,b6,5,2|3|4|6|8,18.6363,252,1
1,b6,5,2|3|4|6|9,21.1704,252,1
1,b6,5,2|3|4|7|8,11.4051,252,1
1,b6,5,2|3|4|7|9,19.7671,252,1
1,b6,5,2|3|4|8|9,20.8061,252,1
1,b6,5,2|3|5|6|7,29.4232,252,1
1,b6,5,2|3|5|6|8,29.1236,252,1
1,b6,5,2|3|5|6|9,30.6539,252,1
1,b6,5,2|3|5|7|8,23.9609,252,1
1,b6,5,2|3|5|7|9,31.4121,252,1
1,b6,5,2|3|5|8|9,33.3080,252,1
1,b6,5,2|3|6|7|8,17.9064,252,1
1,b6,5,2|3|6|7|9,28.2510,252,1
1,b6,5,2|3|6|8|9,26.4316,252,1
1,b6,5,2|3|7|8|9,15.2817,252,1
1,b6,5,2|4|5|6|7,41.5783,252,1
1,b6,5,2|4|5|6|8,43.7139,252,1
1,b6,5,2|4|5|6|9,47.1835,252,1
1,b6,5,2|4|5|7|8,36.3241,252,1
1,b6,5,2|4|5|7|9,41.5200,252,1
1,b6,5,2|4|5|8|9,47.8038,252,1
1,b6,5,2|4|6|7|8,32.2212,252,1
1,b6,5,2|4|6|7|9,44.9576,252,1
1,b6,5,2|4|6|8|9,41.8100,252,1
1,b6,5,2|4|7|8|9,31.6941,252,1
1,b6,5,2|5|6|7|8,35.8895,252,1
1,b6,5,2|5|6|7|9,45.7043,252,1
1,b6,5,2|5|6|8|9,45.6668,252,1
1,b6,5,2|5|7|8|9,31.0206,252,1
1,b6,5,2|6|7|8|9,28.8940,252,1
1,b6,5,3|4|5|6|7,29.7403,252,1
1,b6,5,3|4|5|6|8,35.7384,252,1
1,b6,5,3|4|5|6|9,38.4420,252,1
1,b6,5,3|4|5|7|8,27.5394,252,1
1,b6,5,3|4|5|7|9,35.7479,252,1
1,b6,5,3|4|5|8|9,39.8857,252,1
1,b6,5,3|4|6|7|8,24.1941,252,1
1,b6,5,3|4|6|7|9,36.3179,252,1
1,b6,5,3|4|6|8|9,36.3284,252,1
1,b6,5,3|4|7|8|9,24.3680,252,1
1,b6,5,3|5|6|7|8,31.8067,252,1
1,b6,5,3|5|6|7|9,36.3012,252,1
1,b6,5,3|5|6|8|9,41.1643,252,1
1,b6,5,3|5|7|8|9,31.6081,252,1
1,b6,5,3|6|7|8|9,26.2536,252,1
1,b6,5,4|5|6|7|8,34.9903,252,1
1,b6,5,4|5|6|7|9,41.2302,252,1
1,b6,5,4|5|6|8|9,46.0529,252,1
1,b6,5,4|5|7|8|9,28.7832,252,1
1,b6,5,4|6|7|8|9,28.1209,252,1
1,b6,5,5|6|7|8|9,28.1640,252,1
1,b6,6,0|1|2|3|4|5,9.2892,210,1
1,b6,6,0|1|2|3|4|6,10.0721,210,1
1,b6,6,0|1|2|3|4|7,8.4971,210,1
1,b6,6,0|1|2|3|4|8,9.5580,210,1
1,b6,6,0|1|2|3|4|9,8.8687,210,1
1,b6,6,0|1|2|3|5|6,13.9286,210,1
1,b6,6,0|1|2|3|5|7,12.7013,210,1
1,b6,6,0|1|2|3|5|8,13.7917,210,1
1,b6,6,0|1|2|3|5|9,12.6951,210,1
1,b6,6,0|1|2|3|6|7,11.4797,210,1
1,b6,6,0|1|2|3|6|8,10.0659,210,1
1,b6,6,0|1|2|3|6|9,11.8005,210,1
1,b6,6,0|1|2|3|7|8,9.0563,210,1
1,b6,6,0|1|2|3|7|9,10.3474,210,1
1,b6,6,0|1|2|3|8|9,10.8910,210,1
1,b6,6,0|1|2|4|5|6,21.7813,210,1
1,b6,6,0|1|2|4|5|7,17.2420,210,1
1,b6,6,0|1|2|4|5|8,21.1332,210,1
1,b6,6,0|1|2|4|5|9,20.3290,210,1
1,b6,6,0|1|2|4|6|7,21.6200,210,1
1,b6,6,0|1|2|4|6|8,21.3091,210,1
1,b6,6,0|1|2|4|6|9,23.4178,210,1
1,b6,6,0|1|2|4|7|8,15.8091,210,1
1,b6,6,0|1|2|4|7|9,17.8633,210,1
1,b6,6,0|1|2|4|8|9,18.9427,210,1
1,b6,6,0|1|2|5|6|7,17.4694,210,1
1,b6,6,0|1|2|5|6|8,19.2987,210,1
1,b6,6,0|1|2|5|6|9,19.7301,210,1
1,b6,6,0|1|2|5|7|8,11.8608,210,1
1,b6,6,0|1|2|5|7|9,11.7039,210,1
1,b6,6,0|1|2|5|8|9,17.2212,210,1
1,b6,6,0|1|2|6|7|8,15.1947,210,1
1,b6,6,0|1|2|6|7|9,18.6811,210,1
1,b6,6,0|1|2|6|8|9,16.9462,210,1
1,b6,6,0|1|2|7|8|9,10.9417,210,1
1,b6,6,0|1|3|4|5|6,12.7709,210,1
1,b6,6,0|1|3|4|5|7,13.2197,210,1
1,b6,6,0|1|3|4|5|8,14.1628,210,1
1,b6,6,0|1|3|4|5|9,14.0896,210,1
1,b6,6,0|1|3|4|6|7,14.2726,210,1
1,b6,6,0|1|3|4|6|8,15.2111,210,1
1,b6,6,0|1|3|4|6|9,17.7354,210,1
1,b6,6,0|1|3|4|7|8,11.5204,210,1
1,b6,6,0|1|3|4|7|9,12.4582,210,1
1,b6,6,0|1|3|4|8|9,15.3494,210,1
1,b6,6,0|1|3|5|6|7,12.9381,210,1
1,b6,6,0|1|3|5|6|8,12.8372,210,1
1,b6,6,0|1|3|5|6|9,14.5822,210,1
1,b6,6,0|1|3|5|7|8,10.9147,210,1
1,b6,6,0|1|3|5|7|9,10.5293,210,1
1,b6,6,0|1|3|5|8|9,12.5477,210,1
1,b6,6,0|1|3|6|7|8,11.3224,210,1
1,b6,6,0|1|3|6|7|9,16.5538,210,1
1,b6,6,0|1|3|6|8|9,15.9786,210,1
1,b6,6,0|1|3|7|8|9,12.1097,210,1
1,b6,6,0|1|4|5|6|7,16.2159,210,1
1,b6,6,0|1|4|5|6|8,19.6441,210,1
1,b6,6,0|1|4|5|6|9,20.6853,210,1
1,b6,6,0|1|4|5|7|8,13.2653,210,1
1,b6,6,0|1|4|5|7|9,15.3961,210,1
1,b6,6,0|1|4|5|8|9,16.9334,210,1
1,b6,6,0|1|4|6|7|8,15.1510,210,1
1,b6,6,0|1|4|6|7|9,19.2838,210,1
1,b6,6,0|1|4|6|8|9,17.3049,210,1
1,b6,6,0|1|4|7|8|9,9.5799,210,1
1,b6,6,0|1|5|6|7|8,11.0336,210,1
1,b6,6,0|1|5|6|7|9,17.4024,210,1
1,b6,6,0|1|5|6|8|9,15.6377,210,1
1,b6,6,0|1|5|7|8|9,5.7293,210,1
1,b6,6,0|1|6|7|8|9,7.1244,210,1
1,b6,6,0|2|3|4|5|6,16.6258,210,1
1,b6,6,0|2|3|4|5|7,18.2313,210,1
1,b6,6,0|2|3|4|5|8,18.2373,210,1
1,b6,6,0|2|3|4|5|9,18.3990,210,1
1,b6,6,0|2|3|4|6|7,17.1135,210,1
1,b6,6,0|2|3|4|6|8,17.2525,210,1
1,b6,6,0|2|3|4|6|9,18.5047,210,1
1,b6,6,0|2|3|4|7|8,13.2891,210,1
1,b6,6,0|2|3|4|7|9,19.7256,210,1
1,b6,6,0|2|3|4|8|9,19.9129,210,1
1,b6,6,0|2|3|5|6|7,27.9225,210,1
1,b6,6,0|2|3|5|6|8,27.2559,210,1
1,b6,6,0|2|3|5|6|9,28.6269,210,1
1,b6,6,0|2|3|5|7|8,25.7373,210,1
1,b6,6,0|2|3|5|7|9,29.6829,210,1
1,b6,6,0|2|3|5|8|9,30.7131,210,1
1,b6,6,0|2|3|6|7|8,18.2656,210,1
1,b6,6,0|2|3|6|7|9,26.5307,210,1
1,b6,6,0|2|3|6|8|9,24.6260,210,1
1,b6,6,0|2|3|7|8|9,18.4942,210,1
1,b6,6,0|2|4|5|6|7,39.8565,210,1
1,b6,6,0|2|4|5|6|8,42.5633,210,1
1,b6,6,0|2|4|5|6|9,44.6721,210,1
1,b6,6,0|2|4|5|7|8,37.2140,210,1
1,b6,6,0|2|4|5|7|9,40.8545,210,1
1,b6,6,0|2|4|5|8|9,45.5435,210,1
1,b6,6,0|2|4|6|7|8,33.2885,210,1
1,b6,6,0|2|4|6|7|9,42.8460,210,1
1,b6,6,0|2|4|6|8|9,40.1452,210,1
1,b6,6,0|2|4|7|8|9,31.8595,210,1
1,b6,6,0|2|5|6|7|8,31.9631,210,1
1,b6,6,0|2|5|6|7|9,38.6270,210,1
1,b6,6,0|2|5|6|8|9,43.8648,210,1
1,b6,6,0|2|5|7|8|9,32.2184,210,1
1,b6,6,0|2|6|7|8|9,25.5545,210,1
1,b6,6,0|3|4|5|6|7,25.5230,210,1
1,b6,6,0|3|4|5|6|8,29.6007,210,1
1,b6,6,0|3|4|5|6|9,31.0877,210,1
1,b6,6,0|3|4|5|7|8,26.0471,210,1
1,b6,6,0|3|4|5|7|9,29.7304,210,1
1,b6,6,0|3|4|5|8|9,34.1451,210,1
1,b6,6,0|3|4|6|7|8,20.9227,210,1
1,b6,6,0|3|4|6|7|9,29.3827,210,1
1,b6,6,0|3|4|6|8|9,31.0067,210,1
1,b6,6,0|3|4|7|8|9,23.7823,210,1
1,b6,6,0|3|5|6|7|8,27.4034,210,1
1,b6,6,0|3|5|6|7|9,32.0432,210,1
1,b6,6,0|3|5|6|8|9,37.3668,210,1
1,b6,6,0|3|5|7|8|9,32.1984,210,1
1,b6,6,0|3|6|7|8|9,22.7075,210,1
1,b6,6,0|4|5|6|7|8,30.3237,210,1
1,b6,6,0|4|5|6|7|9,37.4592,210,1
1,b6,6,0|4|5|6|8|9,42.7360,210,1
1,b6,6,0|4|5|7|8|9,30.1001,210,1
1,b6,6,0|4|6|7|8|9,28.3386,210,1
1,b6,6,0|5|6|7|8|9,21.8819,210,1
1,b6,6,1|2|3|4|5|6,15.8639,210,1
1,b6,6,1|2|3|4|5|7,15.9181,210,1
1,b6,6,1|2|3|4|5|8,16.6183,210,1
1,b6,6,1|2|3|4|5|9,15.6770,210,1
1,b6,6,1|2|3|4|6|7,17.3879,210,1
1,b6,6,1|2|3|4|6|8,17.2151,210,1
1,b6,6,1|2|3|4|6|9,18.9320,210,1
1,b6,6,1|2|3|4|7|8,13.6321,210,1
1,b6,6,1|2|3|4|7|9,14.9513,210,1
1,b6,6,1|2|3|4|8|9,15.9068,210,1
1,b6,6,1|2|3|5|6|7,19.3140,210,1
1,b6,6,1|2|3|5|6|8,17.3991,210,1
1,b6,6,1|2|3|5|6|9,20.4346,210,1
1,b6,6,1|2|3|5|7|8,14.6220,210,1
1,b6,6,1|2|3|5|7|9,15.7785,210,1
1,b6,6,1|2|3|5|8|9,16.2065,210,1
1,b6,6,1|2|3|6|7|8,12.6513,210,1
1,b6,6,1|2|3|6|7|9,18.2848,210,1
1,b6,6,1|2|3|6|8|9,15.9340,210,1
1,b6,6,1|2|3|7|8|9,10.2755,210,1
1,b6,6,1|2|4|5|6|7,16.4701,210,1
1,b6,6,1|2|4|5|6|8,23.9680,210,1
1,b6,6,1|2|4|5|6|9,22.2236,210,1
1,b6,6,1|2|4|5|7|8,14.4556,210,1
1,b6,6,1|2|4|5|7|9,15.0214,210,1
1,b6,6,1|2|4|5|8|9,19.0699,210,1
1,b6,6,1|2|4|6|7|8,16.4976,210,1
1,b6,6,1|2|4|6|7|9,18.5884,210,1
1,b6,6,1|2|4|6|8|9,20.7916,210,1
1,b6,6,1|2|4|7|8|9,11.8004,210,1
1,b6,6,1|2|5|6|7|8,13.5777,210,1
1,b6,6,1|2|5|6|7|9,15.4064,210,1
1,b6,6,1|2|5|6|8|9,18.4541,210,1
1,b6,6,1|2|5|7|8|9,6.5412,210,1
1,b6,6,1|2|6|7|8|9,9.2856,210,1
1,b6,6,1|3|4|5|6|7,13.3347,210,1
1,b6,6,1|3|4|5|6|8,16.5967,210,1
1,b6,6,1|3|4|5|6|9,19.5511,210,1
1,b6,6,1|3|4|5|7|8,12.8495,210,1
1,b6,6,1|3|4|5|7|9,14.2991,210,1
1,b6,6,1|3|4|5|8|9,15.8365,210,1
1,b6,6,1|3|4|6|7|8,13.8548,210,1
1,b6,6,1|3|4|6|7|9,18.7514,210,1
1,b6,6,1|3|4|6|8|9,17.9688,210,1
1,b6,6,1|3|4|7|8|9,11.6710,210,1
1,b6,6,1|3|5|6|7|8,11.1987,210,1
1,b6,6,1|3|5|6|7|9,15.9896,210,1
1,b6,6,1|3|5|6|8|9,16.5121,210,1
1,b6,6,1|3|5|7|8|9,6.7753,210,1
1,b6,6,1|3|6|7|8|9,10.9017,210,1
1,b6,6,1|4|5|6|7|8,13.8659,210,1
1,b6,6,1|4|5|6|7|9,15.5484,210,1
1,b6,6,1|4|5|6|8|9,21.3284,210,1
1,b6,6,1|4|5|7|8|9,7.7559,210,1
1,b6,6,1|4|6|7|8|9,11.1601,210,1
1,b6,6,1|5|6|7|8|9,7.5076,210,1
1,b6,6,2|3|4|5|6|7,16.7333,210,1
1,b6,6,2|3|4|5|6|8,15.7321,210,1
1,b6,6,2|3|4|5|6|9,17.4508,210,1
1,b6,6,2|3|4|5|7|8,10.4413,210,1
1,b6,6,2|3|4|5|7|9,18.5356,210,1
1,b6,6,2|3|4|5|8|9,18.8685,210,1
1,b6,6,2|3|4|6|7|8,9.6472,210,1
1,b6,6,2|3|4|6|7|9,18.3063,210,1
1,b6,6,2|3|4|6|8|9,17.8775,210,1
1,b6,6,2|3|4|7|8|9,9.1787,210,1
1,b6,6,2|3|5|6|7|8,20.1597,210,1
1,b6,6,2|3|5|6|7|9,27.3613,210,1
1,b6,6,2|3|5|6|8|9,27.6927,210,1
1,b6,6,2|3|5|7|8|9,17.5872,210,1
1,b6,6,2|3|6|7|8|9,11.6973,210,1
1,b6,6,2|4|5|6|7|8,32.1253,210,1
1,b6,6,2|4|5|6|7|9,38.9729,210,1
1,b6,6,2|4|5|6|8|9,41.5498,210,1
1,b6,6,2|4|5|7|8|9,26.9880,210,1
1,b6,6,2|4|6|7|8|9,26.5083,210,1
1,b6,6,2|5|6|7|8|9,25.6623,210,1
1,b6,6,3|4|5|6|7|8,25.2391,210,1
1,b6,6,3|4|5|6|7|9,28.7664,210,1
1,b6,6,3|4|5|6|8|9,35.0331,210,1
1,b6,6,3|4|5|7|8|9,19.5568,210,1
1,b6,6,3|4|6|7|8|9,19.5456,210,1
1,b6,6,3|5|6|7|8|9,22.9483,210,1
1,b6,6,4|5|6|7|8|9,20.2669,210,1
1,proposed,0,,71.1078,1,1
1,proposed,1,0,68.3801,10,1
1,proposed,1,1,65.3511,10,1
1,proposed,1,2,70.3318,10,1
1,proposed,1,3,67.8230,10,1
1,proposed,1,4,71.4506,10,1
1,proposed,1,5,70.2857,10,1
1,proposed,1,6,70.1599,10,1
1,proposed,1,7,69.9397,10,1
1,proposed,1,8,70.8956,10,1
1,proposed,1,9,69.8787,10,1
1,proposed,2,0|1,54.3242,45,1
1,proposed,2,0|2,66.5098,45,1
1,proposed,2,0|3,65.3624,45,1
1,proposed,2,0|4,64.9256,45,1
1,proposed,2,0|5,67.7744,45,1
1,proposed,2,0|6,67.5403,45,1
1,proposed,2,0|7,65.2041,45,1
1,proposed,2,0|8,68.3127,45,1
1,proposed,2,0|9,68.7884,45,1
1,proposed,2,1|2,63.4120,45,1
1,proposed,2,1|3,61.4661,45,1
1,proposed,2,1|4,64.6312,45,1
1,proposed,2,1|5,65.6043,45,1
1,proposed,2,1|6,63.7191,45,1
1,proposed,2,1|7,64.5970,45,1
1,proposed,2,1|8,67.0810,45,1
1,proposed,2,1|9,63.6488,45,1
1,proposed,2,2|3,62.3662,45,1
1,proposed,2,2|4,69.6981,45,1
1,proposed,2,2|5,69.0836,45,1
1,proposed,2,2|6,68.5599,45,1
1,proposed,2,2|7,69.0474,45,1
1,proposed,2,2|8,70.4194,45,1
1,proposed,2,2|9,68.3825,45,1
1,proposed,2,3|4,63.9896,45,1
1,proposed,2,3|5,65.9532,45,1
1,proposed,2,3|6,66.1771,45,1
1,proposed,2,3|7,65.3795,45,1
1,proposed,2,3|8,68.1479,45,1
1,proposed,2,3|9,67.8729,45,1
1,proposed,2,4|5,69.9960,45,1
1,proposed,2,4|6,70.6550,45,1
1,proposed,2,4|7,70.0135,45,1
1,proposed,2,4|8,71.8193,45,1
1,proposed,2,4|9,69.8531,45,1
1,proposed,2,5|6,65.3780,45,1
1,proposed,2,5|7,68.1954,45,1
1,proposed,2,5|8,70.2563,45,1
1,proposed,2,5|9,68.8235,45,1
1,proposed,2,6|7,66.9600,45,1
1,proposed,2,6|8,69.4955,45,1
1,proposed,2,6|9,67.2883,45,1
1,proposed,2,7|8,70.6272,45,1
1,proposed,2,7|9,69.4068,45,1
1,proposed,2,8|9,67.9269,45,1
1,proposed,3,0|1|2,49.1816,120,1
1,proposed,3,0|1|3,51.0577,120,1
1,proposed,3,0|1|4,48.5831,120,1
1,proposed,3,0|1|5,53.6784,120,1
1,proposed,3,0|1|6,52.6722,120,1
1,proposed,3,0|1|7,50.4512,120,1
1,proposed,3,0|1|8,53.0384,120,1
1,proposed,3,0|1|9,54.7814,120,1
1,proposed,3,0|2|3,56.0205,120,1
1,proposed,3,0|2|4,62.0465,120,1
1,proposed,3,0|2|5,65.3883,120,1
1,proposed,3,0|2|6,65.8294,120,1
1,proposed,3,0|2|7,64.3434,120,1
1,proposed,3,0|2|8,65.5457,120,1
1,proposed,3,0|2|9,66.5377,120,1
1,proposed,3,0|3|4,59.1015,120,1
1,proposed,3,0|3|5,64.9822,120,1
1,proposed,3,0|3|6,64.4984,120,1
1,proposed,3,0|3|7,63.1755,120,1
1,proposed,3,0|3|8,65.1381,120,1
1,proposed,3,0|3|9,65.5413,120,1
1,proposed,3,0|4|5,63.6498,120,1
1,proposed,3,0|4|6,64.5963,120,1
1,proposed,3,0|4|7,64.1923,120,1
1,proposed,3,0|4|8,64.1054,120,1
1,proposed,3,0|4|9,64.3378,120,1
1,proposed,3,0|5|6,64.5212,120,1
1,proposed,3,0|5|7,65.0800,120,1
1,proposed,3,0|5|8,67.4406,120,1
1,proposed,3,0|5|9,68.7242,120,1
1,proposed,3,0|6|7,63.4657,120,1
1,proposed,3,0|6|8,66.9374,120,1
1,proposed,3,0|6|9,66.8397,120,1
1,proposed,3,0|7|8,64.2410,120,1
1,proposed,3,0|7|9,65.9065,120,1
1,proposed,3,0|8|9,64.5416,120,1
1,proposed,3,1|2|3,53.0928,120,1
1,proposed,3,1|2|4,62.1726,120,1
1,proposed,3,1|2|5,62.7695,120,1
1,proposed,3,1|2|6,60.6344,120,1
1,proposed,3,1|2|7,60.3970,120,1
1,proposed,3,1|2|8,62.3322,120,1
1,proposed,3,1|2|9,60.1811,120,1
1,proposed,3,1|3|4,55.5581,120,1
1,proposed,3,1|3|5,60.0182,120,1
1,proposed,3,1|3|6,60.1598,120,1
1,proposed,3,1|3|7,59.6042,120,1
1,proposed,3,1|3|8,62.8554,120,1
1,proposed,3,1|3|9,61.0169,120,1
1,proposed,3,1|4|5,63.3962,120,1
1,proposed,3,1|4|6,62.8868,120,1
1,proposed,3,1|4|7,64.4750,120,1
1,proposed,3,1|4|8,65.5598,120,1
1,proposed,3,1|4|9,62.9993,120,1
1,proposed,3,1|5|6,62.3741,120,1
1,proposed,3,1|5|7,64.1400,120,1
1,proposed,3,1|5|8,66.8087,120,1
1,proposed,3,1|5|9,64.2643,120,1
1,proposed,3,1|6|7,63.1964,120,1
1,proposed,3,1|6|8,64.3780,120,1
1,proposed,3,1|6|9,60.8095,120,1
1,proposed,3,1|7|8,65.7059,120,1
1,proposed,3,1|7|9,64.0755,120,1
1,proposed,3,1|8|9,63.9649,120,1
1,proposed,3,2|3|4,49.3576,120,1
1,proposed,3,2|3|5,60.7373,120,1
1,proposed,3,2|3|6,60.4438,120,1
1,proposed,3,2|3|7,58.6468,120,1
1,proposed,3,2|3|8,62.4939,120,1
1,proposed,3,2|3|9,61.6932,120,1
1,proposed,3,2|4|5,68.1633,120,1
1,proposed,3,2|4|6,68.6884,120,1
1,proposed,3,2|4|7,67.5593,120,1
1,proposed,3,2|4|8,69.5747,120,1
1,proposed,3,2|4|9,68.9515,120,1
1,proposed,3,2|5|6,65.2424,120,1
1,proposed,3,2|5|7,66.7461,120,1
1,proposed,3,2|5|8,69.4747,120,1
1,proposed,3,2|5|9,68.3188,120,1
1,proposed,3,2|6|7,65.7149,120,1
1,proposed,3,2|6|8,68.3587,120,1
1,proposed,3,2|6|9,65.2357,120,1
1,proposed,3,2|7|8,67.9413,120,1
1,proposed,3,2|7|9,67.2867,120,1
1,proposed,3,2|8|9,65.4705,120,1
1,proposed,3,3|4|5,62.3733,120,1
1,proposed,3,3|4|6,61.1217,120,1
1,proposed,3,3|4|7,62.7302,120,1
1,proposed,3,3|4|8,65.4275,120,1
1,proposed,3,3|4|9,63.2322,120,1
1,proposed,3,3|5|6,62.1055,120,1
1,proposed,3,3|5|7,64.5956,120,1
1,proposed,3,3|5|8,66.5738,120,1
1,proposed,3,3|5|9,66.2658,120,1
1,proposed,3,3|6|7,63.5287,120,1
1,proposed,3,3|6|8,67.1265,120,1
1,proposed,3,3|6|9,65.8823,120,1
1,proposed,3,3|7|8,65.6968,120,1
1,proposed,3,3|7|9,65.9976,120,1
1,proposed,3,3|8|9,65.4520,120,1
1,proposed,3,4|5|6,64.8157,120,1
1,proposed,3,4|5|7,67.7886,120,1
1,proposed,3,4|5|8,69.2816,120,1
1,proposed,3,4|5|9,68.9179,120,1
1,proposed,3,4|6|7,68.5695,120,1
1,proposed,3,4|6|8,70.3936,120,1
1,proposed,3,4|6|9,68.5662,120,1
1,proposed,3,4|7|8,70.3405,120,1
1,proposed,3,4|7|9,69.8979,120,1
1,proposed,3,4|8|9,67.6222,120,1
1,proposed,3,5|6|7,62.7361,120,1
1,proposed,3,5|6|8,64.9976,120,1
1,proposed,3,5|6|9,63.0244,120,1
1,proposed,3,5|7|8,67.3385,120,1
1,proposed,3,5|7|9,66.0734,120,1
1,proposed,3,5|8|9,66.3392,120,1
1,proposed,3,6|7|8,65.7509,120,1
1,proposed,3,6|7|9,66.8623,120,1
1,proposed,3,6|8|9,65.1809,120,1
1,proposed,3,7|8|9,57.8414,120,1
1,proposed,4,0|1|2|3,39.1830,210,1
1,proposed,4,0|1|2|4,45.7917,210,1
1,proposed,4,0|1|2|5,47.3842,210,1
1,proposed,4,0|1|2|6,48.1151,210,1
1,proposed,4,0|1|2|7,48.1043,210,1
1,proposed,4,0|1|2|8,48.3770,210,1
1,proposed,4,0|1|2|9,50.1708,210,1
1,proposed,4,0|1|3|4,40.8988,210,1
1,proposed,4,0|1|3|5,51.2933,210,1
1,proposed,4,0|1|3|6,50.7424,210,1
1,proposed,4,0|1|3|7,47.8541,210,1
1,proposed,4,0|1|3|8,51.2456,210,1
1,proposed,4,0|1|3|9,52.9551,210,1
1,proposed,4,0|1|4|5,46.7223,210,1
1,proposed,4,0|1|4|6,47.3659,210,1
1,proposed,4,0|1|4|7,45.8900,210,1
1,proposed,4,0|1|4|8,47.9589,210,1
1,proposed,4,0|1|4|9,49.1053,210,1
1,proposed,4,0|1|5|6,49.3080,210,1
1,proposed,4,0|1|5|7,50.5435,210,1
1,proposed,4,0|1|5|8,50.5433,210,1
1,proposed,4,0|1|5|9,52.5114,210,1
1,proposed,4,0|1|6|7,47.1979,210,1
1,proposed,4,0|1|6|8,49.8911,210,1
1,proposed,4,0|1|6|9,52.0481,210,1
1,proposed,4,0|1|7|8,44.9816,210,1
1,proposed,4,0|1|7|9,50.5586,210,1
1,proposed,4,0|1|8|9,48.8230,210,1
1,proposed,4,0|2|3|4,37.8371,210,1
1,proposed,4,0|2|3|5,53.9837,210,1
1,proposed,4,0|2|3|6,53.7000,210,1
1,proposed,4,0|2|3|7,52.3263,210,1
1,proposed,4,0|2|3|8,54.7664,210,1
1,proposed,4,0|2|3|9,56.1451,210,1
1,proposed,4,0|2|4|5,60.5192,210,1
1,proposed,4,0|2|4|6,61.3432,210,1
1,proposed,4,0|2|4|7,60.9960,210,1
1,proposed,4,0|2|4|8,58.9464,210,1
1,proposed,4,0|2|4|9,61.2070,210,1
1,proposed,4,0|2|5|6,60.4171,210,1
1,proposed,4,0|2|5|7,63.5807,210,1
1,proposed,4,0|2|5|8,66.3513,210,1
1,proposed,4,0|2|5|9,65.9233,210,1
1,proposed,4,0|2|6|7,62.4036,210,1
1,proposed,4,0|2|6|8,64.0232,210,1
1,proposed,4,0|2|6|9,63.8679,210,1
1,proposed,4,0|2|7|8,62.5326,210,1
1,proposed,4,0|2|7|9,63.3645,210,1
1,proposed,4,0|2|8|9,61.5014,210,1
1,proposed,4,0|3|4|5,55.7947,210,1
1,proposed,4,0|3|4|6,58.7750,210,1
1,proposed,4,0|3|4|7,57.1126,210,1
1,proposed,4,0|3|4|8,57.4845,210,1
1,proposed,4,0|3|4|9,58.8104,210,1
1,proposed,4,0|3|5|6,61.1375,210,1
1,proposed,4,0|3|5|7,61.3864,210,1
1,proposed,4,0|3|5|8,64.2394,210,1
1,proposed,4,0|3|5|9,64.6826,210,1
1,proposed,4,0|3|6|7,61.4776,210,1
1,proposed,4,0|3|6|8,63.7856,210,1
1,proposed,4,0|3|6|9,64.7122,210,1
1,proposed,4,0|3|7|8,61.2841,210,1
1,proposed,4,0|3|7|9,63.4066,210,1
1,proposed,4,0|3|8|9,62.4546,210,1
1,proposed,4,0|4|5|6,59.6879,210,1
1,proposed,4,0|4|5|7,60.6250,210,1
1,proposed,4,0|4|5|8,62.1447,210,1
1,proposed,4,0|4|5|9,63.0257,210,1
1,proposed,4,0|4|6|7,61.3114,210,1
1,proposed,4,0|4|6|8,62.8564,210,1
1,proposed,4,0|4|6|9,62.4316,210,1
1,proposed,4,0|4|7|8,61.3791,210,1
1,proposed,4,0|4|7|9,63.2507,210,1
1,proposed,4,0|4|8|9,60.8101,210,1
1,proposed,4,0|5|6|7,60.0130,210,1
1,proposed,4,0|5|6|8,63.4139,210,1
1,proposed,4,0|5|6|9,62.6240,210,1
1,proposed,4,0|5|7|8,60.3050,210,1
1,proposed,4,0|5|7|9,63.9388,210,1
1,proposed,4,0|5|8|9,63.5544,210,1
1,proposed,4,0|6|7|8,59.9081,210,1
1,proposed,4,0|6|7|9,62.1082,210,1
1,proposed,4,0|6|8|9,62.1645,210,1
1,proposed,4,0|7|8|9,49.6774,210,1
1,proposed,4,1|2|3|4,37.2949,210,1
1,proposed,4,1|2|3|5,53.1238,210,1
1,proposed,4,1|2|3|6,50.5620,210,1
1,proposed,4,1|2|3|7,47.2483,210,1
1,proposed,4,1|2|3|8,52.6876,210,1
1,proposed,4,1|2|3|9,51.8092,210,1
1,proposed,4,1|2|4|5,60.1292,210,1
1,proposed,4,1|2|4|6,59.2347,210,1
1,proposed,4,1|2|4|7,60.7243,210,1
1,proposed,4,1|2|4|8,62.0663,210,1
1,proposed,4,1|2|4|9,59.3847,210,1
1,proposed,4,1|2|5|6,58.5953,210,1
1,proposed,4,1|2|5|7,59.4068,210,1
1,proposed,4,1|2|5|8,61.8024,210,1
1,proposed,4,1|2|5|9,60.5727,210,1
1,proposed,4,1|2|6|7,57.4710,210,1
1,proposed,4,1|2|6|8,60.0813,210,1
1,proposed,4,1|2|6|9,57.0719,210,1
1,proposed,4,1|2|7|8,59.1757,210,1
1,proposed,4,1|2|7|9,58.9638,210,1
1,proposed,4,1|2|8|9,58.2366,210,1
1,proposed,4,1|3|4|5,50.0610,210,1
1,proposed,4,1|3|4|6,50.9323,210,1
1,proposed,4,1|3|4|7,53.4844,210,1
1,proposed,4,1|3|4|8,56.1339,210,1
1,proposed,4,1|3|4|9,54.6248,210,1
1,proposed,4,1|3|5|6,58.2838,210,1
1,proposed,4,1|3|5|7,58.0985,210,1
1,proposed,4,1|3|5|8,62.0953,210,1
1,proposed,4,1|3|5|9,60.4638,210,1
1,proposed,4,1|3|6|7,57.4719,210,1
1,proposed,4,1|3|6|8,59.9315,210,1
1,proposed,4,1|3|6|9,58.3646,210,1
1,proposed,4,1|3|7|8,59.8992,210,1
1,proposed,4,1|3|7|9,60.2204,210,1
1,proposed,4,1|3|8|9,59.9737,210,1
1,proposed,4,1|4|5|6,57.3191,210,1
1,proposed,4,1|4|5|7,61.0747,210,1
1,proposed,4,1|4|5|8,62.9650,210,1
1,proposed,4,1|4|5|9,62.2232,210,1
1,proposed,4,1|4|6|7,60.6828,210,1
1,proposed,4,1|4|6|8,62.8663,210,1
1,proposed,4,1|4|6|9,60.1537,210,1
1,proposed,4,1|4|7|8,63.4237,210,1
1,proposed,4,1|4|7|9,62.3573,210,1
1,proposed,4,1|4|8|9,62.2065,210,1
1,proposed,4,1|5|6|7,57.6939,210,1
1,proposed,4,1|5|6|8,61.7327,210,1
1,proposed,4,1|5|6|9,57.9282,210,1
1,proposed,4,1|5|7|8,60.8565,210,1
1,proposed,4,1|5|7|9,60.1384,210,1
1,proposed,4,1|5|8|9,62.3864,210,1
1,proposed,4,1|6|7|8,59.9323,210,1
1,proposed,4,1|6|7|9,60.7511,210,1
1,proposed,4,1|6|8|9,60.4900,210,1
1,proposed,4,1|7|8|9,48.9929,210,1
1,proposed,4,2|3|4|5,41.5392,210,1
1,proposed,4,2|3|4|6,41.0083,210,1
1,proposed,4,2|3|4|7,46.9390,210,1
1,proposed,4,2|3|4|8,49.2984,210,1
1,proposed,4,2|3|4|9,49.6646,210,1
1,proposed,4,2|3|5|6,56.8238,210,1
1,proposed,4,2|3|5|7,57.9756,210,1
1,proposed,4,2|3|5|8,60.0518,210,1
1,proposed,4,2|3|5|9,59.9596,210,1
1,proposed,4,2|3|6|7,56.1259,210,1
1,proposed,4,2|3|6|8,58.4133,210,1
1,proposed,4,2|3|6|9,59.2622,210,1
1,proposed,4,2|3|7|8,56.8742,210,1
1,proposed,4,2|3|7|9,58.4708,210,1
1,proposed,4,2|3|8|9,57.5664,210,1
1,proposed,4,2|4|5|6,63.2726,210,1
1,proposed,4,2|4|5|7,64.8453,210,1
1,proposed,4,2|4|5|8,67.8733,210,1
1,proposed,4,2|4|5|9,69.5842,210,1
1,proposed,4,2|4|6|7,65.1687,210,1
1,proposed,4,2|4|6|8,68.3408,210,1
1,proposed,4,2|4|6|9,66.3437,210,1
1,proposed,4,2|4|7|8,67.2484,210,1
1,proposed,4,2|4|7|9,67.5943,210,1
1,proposed,4,2|4|8|9,64.7097,210,1
1,proposed,4,2|5|6|7,60.9438,210,1
1,proposed,4,2|5|6|8,64.6490,210,1
1,proposed,4,2|5|6|9,62.6926,210,1
1,proposed,4,2|5|7|8,66.5502,210,1
1,proposed,4,2|5|7|9,63.6932,210,1
1,proposed,4,2|5|8|9,64.5090,210,1
1,proposed,4,2|6|7|8,62.2711,210,1
1,proposed,4,2|6|7|9,63.8347,210,1
1,proposed,4,2|6|8|9,62.3921,210,1
1,proposed,4,2|7|8|9,54.7086,210,1
1,proposed,4,3|4|5|6,52.1063,210,1
1,proposed,4,3|4|5|7,59.5873,210,1
1,proposed,4,3|4|5|8,63.1836,210,1
1,proposed,4,3|4|5|9,60.9280,210,1
1,proposed,4,3|4|6|7,59.2168,210,1
1,proposed,4,3|4|6|8,63.5066,210,1
1,proposed,4,3|4|6|9,60.1413,210,1
1,proposed,4,3|4|7|8,64.6341,210,1
1,proposed,4,3|4|7|9,62.4634,210,1
1,proposed,4,3|4|8|9,62.9076,210,1
1,proposed,4,3|5|6|7,59.9404,210,1
1,proposed,4,3|5|6|8,60.9841,210,1
1,proposed,4,3|5|6|9,60.6424,210,1
1,proposed,4,3|5|7|8,63.3352,210,1
1,proposed,4,3|5|7|9,62.5567,210,1
1,proposed,4,3|5|8|9,64.5712,210,1
1,proposed,4,3|6|7|8,62.8900,210,1
1,proposed,4,3|6|7|9,62.0954,210,1
1,proposed,4,3|6|8|9,63.0250,210,1
1,proposed,4,3|7|8|9,56.2068,210,1
1,proposed,4,4|5|6|7,60.3069,210,1
1,proposed,4,4|5|6|8,63.2207,210,1
1,proposed,4,4|5|6|9,62.3089,210,1
1,proposed,4,4|5|7|8,66.4445,210,1
1,proposed,4,4|5|7|9,65.8823,210,1
1,proposed,4,4|5|8|9,65.4861,210,1
1,proposed,4,4|6|7|8,66.3420,210,1
1,proposed,4,4|6|7|9,67.5091,210,1
1,proposed,4,4|6|8|9,62.3617,210,1
1,proposed,4,4|7|8|9,55.5113,210,1
1,proposed,4,5|6|7|8,51.9021,210,1
1,proposed,4,5|6|7|9,59.6701,210,1
1,proposed,4,5|6|8|9,61.2576,210,1
1,proposed,4,5|7|8|9,46.7845,210,1
1,proposed,4,6|7|8|9,55.1746,210,1
1,proposed,5,0|1|2|3|4,17.7170,252,1
1,proposed,5,0|1|2|3|5,38.0498,252,1
1,proposed,5,0|1|2|3|6,37.1680,252,1
1,proposed,5,0|1|2|3|7,36.8838,252,1
1,proposed,5,0|1|2|3|8,38.3839,252,1
1,proposed,5,0|1|2|3|9,38.7875,252,1
1,proposed,5,0|1|2|4|5,43.5067,252,1
1,proposed,5,0|1|2|4|6,40.6446,252,1
1,proposed,5,0|1|2|4|7,44.7955,252,1
1,proposed,5,0|1|2|4|8,45.0486,252,1
1,proposed,5,0|1|2|4|9,44.5103,252,1
1,proposed,5,0|1|2|5|6,41.2467,252,1
1,proposed,5,0|1|2|5|7,45.5083,252,1
1,proposed,5,0|1|2|5|8,46.3880,252,1
1,proposed,5,0|1|2|5|9,50.0441,252,1
1,proposed,5,0|1|2|6|7,44.2259,252,1
1,proposed,5,0|1|2|6|8,47.3119,252,1
1,proposed,5,0|1|2|6|9,46.6171,252,1
1,proposed,5,0|1|2|7|8,44.2464,252,1
1,proposed,5,0|1|2|7|9,48.0627,252,1
1,proposed,5,0|1|2|8|9,46.1046,252,1
1,proposed,5,0|1|3|4|5,38.0385,252,1
1,proposed,5,0|1|3|4|6,37.1232,252,1
1,proposed,5,0|1|3|4|7,39.6057,252,1
1,proposed,5,0|1|3|4|8,41.9277,252,1
1,proposed,5,0|1|3|4|9,40.1845,252,1
1,proposed,5,0|1|3|5|6,47.8245,252,1
1,proposed,5,0|1|3|5|7,46.9769,252,1
1,proposed,5,0|1|3|5|8,48.7460,252,1
1,proposed,5,0|1|3|5|9,51.8416,252,1
1,proposed,5,0|1|3|6|7,45.1653,252,1
1,proposed,5,0|1|3|6|8,48.6952,252,1
1,proposed,5,0|1|3|6|9,51.4497,252,1
1,proposed,5,0|1|3|7|8,42.4254,252,1
1,proposed,5,0|1|3|7|9,47.5980,252,1
1,proposed,5,0|1|3|8|9,45.7541,252,1
1,proposed,5,0|1|4|5|6,40.6609,252,1
1,proposed,5,0|1|4|5|7,42.0505,252,1
1,proposed,5,0|1|4|5|8,45.2554,252,1
1,proposed,5,0|1|4|5|9,46.4687,252,1
1,proposed,5,0|1|4|6|7,42.9980,252,1
1,proposed,5,0|1|4|6|8,48.2410,252,1
1,proposed,5,0|1|4|6|9,45.9914,252,1
1,proposed,5,0|1|4|7|8,44.8897,252,1
1,proposed,5,0|1|4|7|9,44.6907,252,1
1,proposed,5,0|1|4|8|9,46.8057,252,1
1,proposed,5,0|1|5|6|7,43.1438,252,1
1,proposed,5,0|1|5|6|8,46.8858,252,1
1,proposed,5,0|1|5|6|9,48.5633,252,1
1,proposed,5,0|1|5|7|8,38.8365,252,1
1,proposed,5,0|1|5|7|9,43.8011,252,1
1,proposed,5,0|1|5|8|9,42.9487,252,1
1,proposed,5,0|1|6|7|8,40.8478,252,1
1,proposed,5,0|1|6|7|9,46.3212,252,1
1,proposed,5,0|1|6|8|9,47.3335,252,1
1,proposed,5,0|1|7|8|9,28.0871,252,1
1,proposed,5,0|2|3|4|5,32.3834,252,1
1,proposed,5,0|2|3|4|6,28.8194,252,1
1,proposed,5,0|2|3|4|7,32.7892,252,1
1,proposed,5,0|2|3|4|8,36.0559,252,1
1,proposed,5,0|2|3|4|9,38.4400,252,1
1,proposed,5,0|2|3|5|6,50.1495,252,1
1,proposed,5,0|2|3|5|7,49.9798,252,1
1,proposed,5,0|2|3|5|8,53.6794,252,1
1,proposed,5,0|2|3|5|9,53.3171,252,1
1,proposed,5,0|2|3|6|7,49.5077,252,1
1,proposed,5,0|2|3|6|8,52.2875,252,1
1,proposed,5,0|2|3|6|9,53.2538,252,1
1,proposed,5,0|2|3|7|8,50.3158,252,1
1,proposed,5,0|2|3|7|9,53.1341,252,1
1,proposed,5,0|2|3|8|9,47.2721,252,1
1,proposed,5,0|2|4|5|6,55.4061,252,1
1,proposed,5,0|2|4|5|7,58.5209,252,1
1,proposed,5,0|2|4|5|8,58.8199,252,1
1,proposed,5,0|2|4|5|9,59.4220,252,1
1,proposed,5,0|2|4|6|7,57.6837,252,1
1,proposed,5,0|2|4|6|8,58.7926,252,1
1,proposed,5,0|2|4|6|9,58.6215,252,1
1,proposed,5,0|2|4|7|8,58.6694,252,1
1,proposed,5,0|2|4|7|9,60.7381,252,1
1,proposed,5,0|2|4|8|9,55.8198,252,1
1,proposed,5,0|2|5|6|7,57.2851,252,1
1,proposed,5,0|2|5|6|8,60.5795,252,1
1,proposed,5,0|2|5|6|9,58.3620,252,1
1,proposed,5,0|2|5|7|8,60.1919,252,1
1,proposed,5,0|2|5|7|9,61.6699,252,1
1,proposed,5,0|2|5|8|9,60.7115,252,1
1,proposed,5,0|2|6|7|8,58.4253,252,1
1,proposed,5,0|2|6|7|9,59.3618,252,1
1,proposed,5,0|2|6|8|9,58.1488,252,1
1,proposed,5,0|2|7|8|9,50.1752,252,1
1,proposed,5,0|3|4|5|6,53.7705,252,1
1,proposed,5,0|3|4|5|7,51.6947,252,1
1,proposed,5,0|3|4|5|8,55.0663,252,1
1,proposed,5,0|3|4|5|9,56.0331,252,1
1,proposed,5,0|3|4|6|7,54.5588,252,1
1,proposed,5,0|3|4|6|8,56.6792,252,1
1,proposed,5,0|3|4|6|9,58.7188,252,1
1,proposed,5,0|3|4|7|8,55.1106,252,1
1,proposed,5,0|3|4|7|9,57.6410,252,1
1,proposed,5,0|3|4|8|9,55.0172,252,1
1,proposed,5,0|3|5|6|7,57.1398,252,1
1,proposed,5,0|3|5|6|8,60.1232,252,1
1,proposed,5,0|3|5|6|9,60.2987,252,1
1,proposed,5,0|3|5|7|8,57.2041,252,1
1,proposed,5,0|3|5|7|9,59.8233,252,1
1,proposed,5,0|3|5|8|9,59.9180,252,1
1,proposed,5,0|3|6|7|8,56.8372,252,1
1,proposed,5,0|3|6|7|9,59.5531,252,1
1,proposed,5,0|3|6|8|9,60.4649,252,1
1,proposed,5,0|3|7|8|9,46.1027,252,1
1,proposed,5,0|4|5|6|7,54.4888,252,1
1,proposed,5,0|4|5|6|8,58.6186,252,1
1,proposed,5,0|4|5|6|9,55.7411,252,1
1,proposed,5,0|4|5|7|8,56.4597,252,1
1,proposed,5,0|4|5|7|9,58.1441,252,1
1,proposed,5,0|4|5|8|9,60.1854,252,1
1,proposed,5,0|4|6|7|8,56.8983,252,1
1,proposed,5,0|4|6|7|9,60.5697,252,1
1,proposed,5,0|4|6|8|9,55.9444,252,1
1,proposed,5,0|4|7|8|9,47.8090,252,1
1,proposed,5,0|5|6|7|8,47.0912,252,1
1,proposed,5,0|5|6|7|9,57.3471,252,1
1,proposed,5,0|5|6|8|9,59.1064,252,1
1,proposed,5,0|5|7|8|9,28.0845,252,1
1,proposed,5,0|6|7|8|9,40.6465,252,1
1,proposed,5,1|2|3|4|5,31.6859,252,1
1,proposed,5,1|2|3|4|6,32.0554,252,1
1,proposed,5,1|2|3|4|7,35.8354,252,1
1,proposed,5,1|2|3|4|8,36.5195,252,1
1,proposed,5,1|2|3|4|9,35.6701,252,1
1,proposed,5,1|2|3|5|6,48.5286,252,1
1,proposed,5,1|2|3|5|7,47.0220,252,1
1,proposed,5,1|2|3|5|8,52.9357,252,1
1,proposed,5,1|2|3|5|9,52.0004,252,1
1,proposed,5,1|2|3|6|7,45.2417,252,1
1,proposed,5,1|2|3|6|8,49.0530,252,1
1,proposed,5,1|2|3|6|9,49.2207,252,1
1,proposed,5,1|2|3|7|8,47.0148,252,1
1,proposed,5,1|2|3|7|9,46.7954,252,1
1,proposed,5,1|2|3|8|9,46.9856,252,1
1,proposed,5,1|2|4|5|6,53.0821,252,1
1,proposed,5,1|2|4|5|7,57.9082,252,1
1,proposed,5,1|2|4|5|8,61.1474,252,1
1,proposed,5,1|2|4|5|9,58.9795,252,1
1,proposed,5,1|2|4|6|7,55.7833,252,1
1,proposed,5,1|2|4|6|8,58.9545,252,1
1,proposed,5,1|2|4|6|9,55.1800,252,1
1,proposed,5,1|2|4|7|8,58.5028,252,1
1,proposed,5,1|2|4|7|9,60.1695,252,1
1,proposed,5,1|2|4|8|9,58.2345,252,1
1,proposed,5,1|2|5|6|7,55.0219,252,1
1,proposed,5,1|2|5|6|8,57.8513,252,1
1,proposed,5,1|2|5|6|9,55.8543,252,1
1,proposed,5,1|2|5|7|8,58.7996,252,1
1,proposed,5,1|2|5|7|9,58.4848,252,1
1,proposed,5,1|2|5|8|9,58.3186,252,1
1,proposed,5,1|2|6|7|8,55.4049,252,1
1,proposed,5,1|2|6|7|9,55.2917,252,1
1,proposed,5,1|2|6|8|9,54.3848,252,1
1,proposed,5,1|2|7|8|9,47.5261,252,1
1,proposed,5,1|3|4|5|6,44.3881,252,1
1,proposed,5,1|3|4|5|7,48.3065,252,1
1,proposed,5,1|3|4|5|8,52.6453,252,1
1,proposed,5,1|3|4|5|9,51.4393,252,1
1,proposed,5,1|3|4|6|7,49.6164,252,1
1,proposed,5,1|3|4|6|8,53.4226,252,1
1,proposed,5,1|3|4|6|9,50.9665,252,1
1,proposed,5,1|3|4|7|8,56.7629,252,1
1,proposed,5,1|3|4|7|9,54.7969,252,1
1,proposed,5,1|3|4|8|9,53.8263,252,1
1,proposed,5,1|3|5|6|7,54.2961,252,1
1,proposed,5,1|3|5|6|8,58.3958,252,1
1,proposed,5,1|3|5|6|9,56.8831,252,1
1,proposed,5,1|3|5|7|8,57.8570,252,1
1,proposed,5,1|3|5|7|9,56.3992,252,1
1,proposed,5,1|3|5|8|9,60.3150,252,1
1,proposed,5,1|3|6|7|8,56.3990,252,1
1,proposed,5,1|3|6|7|9,57.1640,252,1
1,proposed,5,1|3|6|8|9,58.2166,252,1
1,proposed,5,1|3|7|8|9,49.5850,252,1
1,proposed,5,1|4|5|6|7,52.6071,252,1
1,proposed,5,1|4|5|6|8,57.0455,252,1
1,proposed,5,1|4|5|6|9,52.7116,252,1
1,proposed,5,1|4|5|7|8,57.5020,252,1
1,proposed,5,1|4|5|7|9,59.3954,252,1
1,proposed,5,1|4|5|8|9,61.8144,252,1
1,proposed,5,1|4|6|7|8,58.7642,252,1
1,proposed,5,1|4|6|7|9,59.0637,252,1
1,proposed,5,1|4|6|8|9,56.8545,252,1
1,proposed,5,1|4|7|8|9,45.6698,252,1
1,proposed,5,1|5|6|7|8,44.0272,252,1
1,proposed,5,1|5|6|7|9,53.3251,252,1
1,proposed,5,1|5|6|8|9,57.9151,252,1
1,proposed,5,1|5|7|8|9,38.6997,252,1
1,proposed,5,1|6|7|8|9,45.9811,252,1
1,proposed,5,2|3|4|5|6,27.7390,252,1
1,proposed,5,2|3|4|5|7,39.1109,252,1
1,proposed,5,2|3|4|5|8,41.6335,252,1
1,proposed,5,2|3|4|5|9,41.5610,252,1
1,proposed,5,2|3|4|6|7,37.5733,252,1
1,proposed,5,2|3|4|6|8,40.9657,252,1
1,proposed,5,2|3|4|6|9,42.8803,252,1
1,proposed,5,2|3|4|7|8,45.2218,252,1
1,proposed,5,2|3|4|7|9,46.7986,252,1
1,proposed,5,2|3|4|8|9,42.6808,252,1
1,proposed,5,2|3|5|6|7,53.2266,252,1
1,proposed,5,2|3|5|6|8,54.1099,252,1
1,proposed,5,2|3|5|6|9,55.8808,252,1
1,proposed,5,2|3|5|7|8,55.7472,252,1
1,proposed,5,2|3|5|7|9,54.3565,252,1
1,proposed,5,2|3|5|8|9,55.5632,252,1
1,proposed,5,2|3|6|7|8,51.2486,252,1
1,proposed,5,2|3|6|7|9,54.4823,252,1
1,proposed,5,2|3|6|8|9,54.0049,252,1
1,proposed,5,2|3|7|8|9,39.3064,252,1
1,proposed,5,2|4|5|6|7,58.3111,252,1
1,proposed,5,2|4|5|6|8,61.1908,252,1
1,proposed,5,2|4|5|6|9,61.9754,252,1
1,proposed,5,2|4|5|7|8,64.7684,252,1
1,proposed,5,2|4|5|7|9,63.4589,252,1
1,proposed,5,2|4|5|8|9,64.1578,252,1
1,proposed,5,2|4|6|7|8,62.5790,252,1
1,proposed,5,2|4|6|7|9,64.0086,252,1
1,proposed,5,2|4|6|8|9,60.2226,252,1
1,proposed,5,2|4|7|8|9,52.7085,252,1
1,proposed,5,2|5|6|7|8,50.4566,252,1
1,proposed,5,2|5|6|7|9,57.5003,252,1
1,proposed,5,2|5|6|8|9,59.6162,252,1
1,proposed,5,2|5|7|8|9,44.6765,252,1
1,proposed,5,2|6|7|8|9,48.9095,252,1
1,proposed,5,3|4|5|6|7,45.5235,252,1
1,proposed,5,3|4|5|6|8,52.0637,252,1
1,proposed,5,3|4|5|6|9,51.0411,252,1
1,proposed,5,3|4|5|7|8,59.0480,252,1
1,proposed,5,3|4|5|7|9,57.7918,252,1
1,proposed,5,3|4|5|8|9,59.3128,252,1
1,proposed,5,3|4|6|7|8,60.5438,252,1
1,proposed,5,3|4|6|7|9,59.4046,252,1
1,proposed,5,3|4|6|8|9,57.0009,252,1
1,proposed,5,3|4|7|8|9,51.4216,252,1
1,proposed,5,3|5|6|7|8,49.1098,252,1
1,proposed,5,3|5|6|7|9,57.6614,252,1
1,proposed,5,3|5|6|8|9,57.0168,252,1
1,proposed,5,3|5|7|8|9,45.1101,252,1
1,proposed,5,3|6|7|8|9,51.7962,252,1
1,proposed,5,4|5|6|7|8,49.2254,252,1
1,proposed,5,4|5|6|7|9,57.4901,252,1
1,proposed,5,4|5|6|8|9,57.5136,252,1
1,proposed,5,4|5|7|8|9,40.5782,252,1
1,proposed,5,4|6|7|8|9,48.8799,252,1
1,proposed,5,5|6|7|8|9,35.6990,252,1
1,proposed,6,0|1|2|3|4|5,15.8219,210,1
1,proposed,6,0|1|2|3|4|6,17.1881,210,1
1,proposed,6,0|1|2|3|4|7,15.6991,210,1
1,proposed,6,0|1|2|3|4|8,16.2919,210,1
1,proposed,6,0|1|2|3|4|9,15.9154,210,1
1,proposed,6,0|1|2|3|5|6,34.0778,210,1
1,proposed,6,0|1|2|3|5|7,33.4152,210,1
1,proposed,6,0|1|2|3|5|8,36.0141,210,1
1,proposed,6,0|1|2|3|5|9,35.5238,210,1
1,proposed,6,0|1|2|3|6|7,34.9069,210,1
1,proposed,6,0|1|2|3|6|8,36.3083,210,1
1,proposed,6,0|1|2|3|6|9,37.0075,210,1
1,proposed,6,0|1|2|3|7|8,34.9893,210,1
1,proposed,6,0|1|2|3|7|9,38.5457,210,1
1,proposed,6,0|1|2|3|8|9,30.2556,210,1
1,proposed,6,0|1|2|4|5|6,32.8085,210,1
1,proposed,6,0|1|2|4|5|7,39.5043,210,1
1,proposed,6,0|1|2|4|5|8,43.8266,210,1
1,proposed,6,0|1|2|4|5|9,42.7994,210,1
1,proposed,6,0|1|2|4|6|7,36.9681,210,1
1,proposed,6,0|1|2|4|6|8,42.9002,210,1
1,proposed,6,0|1|2|4|6|9,38.1117,210,1
1,proposed,6,0|1|2|4|7|8,43.8336,210,1
1,proposed,6,0|1|2|4|7|9,44.5516,210,1
1,proposed,6,0|1|2|4|8|9,44.5947,210,1
1,proposed,6,0|1|2|5|6|7,35.7689,210,1
1,proposed,6,0|1|2|5|6|8,41.8117,210,1
1,proposed,6,0|1|2|5|6|9,41.7876,210,1
1,proposed,6,0|1|2|5|7|8,41.2096,210,1
1,proposed,6,0|1|2|5|7|9,41.7514,210,1
1,proposed,6,0|1|2|5|8|9,42.0567,210,1
1,proposed,6,0|1|2|6|7|8,39.8130,210,1
1,proposed,6,0|1|2|6|7|9,41.6750,210,1
1,proposed,6,0|1|2|6|8|9,42.3483,210,1
1,proposed,6,0|1|2|7|8|9,33.5054,210,1
1,proposed,6,0|1|3|4|5|6,29.5169,210,1
1,proposed,6,0|1|3|4|5|7,33.4878,210,1
1,proposed,6,0|1|3|4|5|8,38.0162,210,1
1,proposed,6,0|1|3|4|5|9,37.4877,210,1
1,proposed,6,0|1|3|4|6|7,34.0370,210,1
1,proposed,6,0|1|3|4|6|8,38.0830,210,1
1,proposed,6,0|1|3|4|6|9,35.9224,210,1
1,proposed,6,0|1|3|4|7|8,37.3311,210,1
1,proposed,6,0|1|3|4|7|9,38.5777,210,1
1,proposed,6,0|1|3|4|8|9,39.8455,210,1
1,proposed,6,0|1|3|5|6|7,42.4061,210,1
1,proposed,6,0|1|3|5|6|8,45.8679,210,1
1,proposed,6,0|1|3|5|6|9,46.0151,210,1
1,proposed,6,0|1|3|5|7|8,37.4614,210,1
1,proposed,6,0|1|3|5|7|9,42.9031,210,1
1,proposed,6,0|1|3|5|8|9,39.6868,210,1
1,proposed,6,0|1|3|6|7|8,36.9659,210,1
1,proposed,6,0|1|3|6|7|9,44.1404,210,1
1,proposed,6,0|1|3|6|8|9,44.1169,210,1
1,proposed,6,0|1|3|7|8|9,29.2881,210,1
1,proposed,6,0|1|4|5|6|7,35.1911,210,1
1,proposed,6,0|1|4|5|6|8,42.4824,210,1
1,proposed,6,0|1|4|5|6|9,37.3050,210,1
1,proposed,6,0|1|4|5|7|8,36.5514,210,1
1,proposed,6,0|1|4|5|7|9,36.7229,210,1
1,proposed,6,0|1|4|5|8|9,44.3592,210,1
1,proposed,6,0|1|4|6|7|8,41.3632,210,1
1,proposed,6,0|1|4|6|7|9,41.3758,210,1
1,proposed,6,0|1|4|6|8|9,45.3181,210,1
1,proposed,6,0|1|4|7|8|9,27.5277,210,1
1,proposed,6,0|1|5|6|7|8,28.8931,210,1
1,proposed,6,0|1|5|6|7|9,38.5378,210,1
1,proposed,6,0|1|5|6|8|9,39.9951,210,1
1,proposed,6,0|1|5|7|8|9,13.8424,210,1
1,proposed,6,0|1|6|7|8|9,21.8570,210,1
1,proposed,6,0|2|3|4|5|6,21.2267,210,1
1,proposed,6,0|2|3|4|5|7,28.9536,210,1
1,proposed,6,0|2|3|4|5|8,33.7594,210,1
1,proposed,6,0|2|3|4|5|9,32.6010,210,1
1,proposed,6,0|2|3|4|6|7,22.0771,210,1
1,proposed,6,0|2|3|4|6|8,25.5914,210,1
1,proposed,6,0|2|3|4|6|9,29.5692,210,1
1,proposed,6,0|2|3|4|7|8,32.3342,210,1
1,proposed,6,0|2|3|4|7|9,32.3559,210,1
1,proposed,6,0|2|3|4|8|9,31.2338,210,1
1,proposed,6,0|2|3|5|6|7,46.3263,210,1
1,proposed,6,0|2|3|5|6|8,48.5776,210,1
1,proposed,6,0|2|3|5|6|9,49.1401,210,1
1,proposed,6,0|2|3|5|7|8,48.4192,210,1
1,proposed,6,0|2|3|5|7|9,47.4860,210,1
1,proposed,6,0|2|3|5|8|9,44.4875,210,1
1,proposed,6,0|2|3|6|7|8,45.3480,210,1
1,proposed,6,0|2|3|6|7|9,47.9062,210,1
1,proposed,6,0|2|3|6|8|9,44.4516,210,1
1,proposed,6,0|2|3|7|8|9,32.3128,210,1
1,proposed,6,0|2|4|5|6|7,49.3004,210,1
1,proposed,6,0|2|4|5|6|8,53.9622,210,1
1,proposed,6,0|2|4|5|6|9,52.1520,210,1
1,proposed,6,0|2|4|5|7|8,55.5414,210,1
1,proposed,6,0|2|4|5|7|9,55.8241,210,1
1,proposed,6,0|2|4|5|8|9,54.1116,210,1
1,proposed,6,0|2|4|6|7|8,53.9438,210,1
1,proposed,6,0|2|4|6|7|9,55.7126,210,1
1,proposed,6,0|2|4|6|8|9,51.7187,210,1
1,proposed,6,0|2|4|7|8|9,43.5413,210,1
1,proposed,6,0|2|5|6|7|8,46.5044,210,1
1,proposed,6,0|2|5|6|7|9,52.3233,210,1
1,proposed,6,0|2|5|6|8|9,55.4231,210,1
1,proposed,6,0|2|5|7|8|9,29.7058,210,1
1,proposed,6,0|2|6|7|8|9,41.5141,210,1
1,proposed,6,0|3|4|5|6|7,45.7785,210,1
1,proposed,6,0|3|4|5|6|8,52.5312,210,1
1,proposed,6,0|3|4|5|6|9,53.2282,210,1
1,proposed,6,0|3|4|5|7|8,49.6217,210,1
1,proposed,6,0|3|4|5|7|9,52.4418,210,1
1,proposed,6,0|3|4|5|8|9,53.4101,210,1
1,proposed,6,0|3|4|6|7|8,50.7156,210,1
1,proposed,6,0|3|4|6|7|9,54.9480,210,1
1,proposed,6,0|3|4|6|8|9,52.8219,210,1
1,proposed,6,0|3|4|7|8|9,38.4843,210,1
1,proposed,6,0|3|5|6|7|8,45.2179,210,1
1,proposed,6,0|3|5|6|7|9,54.7363,210,1
1,proposed,6,0|3|5|6|8|9,56.9522,210,1
1,proposed,6,0|3|5|7|8|9,23.7707,210,1
1,proposed,6,0|3|6|7|8|9,40.2601,210,1
1,proposed,6,0|4|5|6|7|8,43.8543,210,1
1,proposed,6,0|4|5|6|7|9,48.8993,210,1
1,proposed,6,0|4|5|6|8|9,50.8913,210,1
1,proposed,6,0|4|5|7|8|9,27.8268,210,1
1,proposed,6,0|4|6|7|8|9,36.4853,210,1
1,proposed,6,0|5|6|7|8|9,9.8497,210,1
1,proposed,6,1|2|3|4|5|6,23.3528,210,1
1,proposed,6,1|2|3|4|5|7,26.0943,210,1
1,proposed,6,1|2|3|4|5|8,31.9077,210,1
1,proposed,6,1|2|3|4|5|9,31.2823,210,1
1,proposed,6,1|2|3|4|6|7,29.9089,210,1
1,proposed,6,1|2|3|4|6|8,30.5825,210,1
1,proposed,6,1|2|3|4|6|9,29.9702,210,1
1,proposed,6,1|2|3|4|7|8,32.3664,210,1
1,proposed,6,1|2|3|4|7|9,32.6732,210,1
1,proposed,6,1|2|3|4|8|9,34.7026,210,1
1,proposed,6,1|2|3|5|6|7,43.4555,210,1
1,proposed,6,1|2|3|5|6|8,47.5314,210,1
1,proposed,6,1|2|3|5|6|9,48.2026,210,1
1,proposed,6,1|2|3|5|7|8,46.1743,210,1
1,proposed,6,1|2|3|5|7|9,45.1649,210,1
1,proposed,6,1|2|3|5|8|9,46.9295,210,1
1,proposed,6,1|2|3|6|7|8,43.1172,210,1
1,proposed,6,1|2|3|6|7|9,43.2297,210,1
1,proposed,6,1|2|3|6|8|9,44.9715,210,1
1,proposed,6,1|2|3|7|8|9,33.0288,210,1
1,proposed,6,1|2|4|5|6|7,47.5362,210,1
1,proposed,6,1|2|4|5|6|8,53.8599,210,1
1,proposed,6,1|2|4|5|6|9,50.0311,210,1
1,proposed,6,1|2|4|5|7|8,58.5083,210,1
1,proposed,6,1|2|4|5|7|9,57.4828,210,1
1,proposed,6,1|2|4|5|8|9,58.0001,210,1
1,proposed,6,1|2|4|6|7|8,52.4979,210,1
1,proposed,6,1|2|4|6|7|9,52.5047,210,1
1,proposed,6,1|2|4|6|8|9,51.6355,210,1
1,proposed,6,1|2|4|7|8|9,43.2847,210,1
1,proposed,6,1|2|5|6|7|8,41.3892,210,1
1,proposed,6,1|2|5|6|7|9,51.2601,210,1
1,proposed,6,1|2|5|6|8|9,52.3961,210,1
1,proposed,6,1|2|5|7|8|9,36.3109,210,1
1,proposed,6,1|2|6|7|8|9,41.3612,210,1
1,proposed,6,1|3|4|5|6|7,38.5044,210,1
1,proposed,6,1|3|4|5|6|8,44.2130,210,1
1,proposed,6,1|3|4|5|6|9,43.5758,210,1
1,proposed,6,1|3|4|5|7|8,52.3023,210,1
1,proposed,6,1|3|4|5|7|9,47.9316,210,1
1,proposed,6,1|3|4|5|8|9,50.8634,210,1
1,proposed,6,1|3|4|6|7|8,50.4019,210,1
1,proposed,6,1|3|4|6|7|9,50.1883,210,1
1,proposed,6,1|3|4|6|8|9,47.5673,210,1
1,proposed,6,1|3|4|7|8|9,45.0716,210,1
1,proposed,6,1|3|5|6|7|8,42.8648,210,1
1,proposed,6,1|3|5|6|7|9,51.4720,210,1
1,proposed,6,1|3|5|6|8|9,55.6091,210,1
1,proposed,6,1|3|5|7|8|9,40.8173,210,1
1,proposed,6,1|3|6|7|8|9,44.9282,210,1
1,proposed,6,1|4|5|6|7|8,37.5276,210,1
1,proposed,6,1|4|5|6|7|9,46.3572,210,1
1,proposed,6,1|4|5|6|8|9,50.0710,210,1
1,proposed,6,1|4|5|7|8|9,34.8769,210,1
1,proposed,6,1|4|6|7|8|9,35.8992,210,1
1,proposed,6,1|5|6|7|8|9,25.0819,210,1
1,proposed,6,2|3|4|5|6|7,27.0843,210,1
1,proposed,6,2|3|4|5|6|8,28.7918,210,1
1,proposed,6,2|3|4|5|6|9,27.7834,210,1
1,proposed,6,2|3|4|5|7|8,38.8089,210,1
1,proposed,6,2|3|4|5|7|9,36.5590,210,1
1,proposed,6,2|3|4|5|8|9,34.3103,210,1
1,proposed,6,2|3|4|6|7|8,37.7905,210,1
1,proposed,6,2|3|4|6|7|9,37.7584,210,1
1,proposed,6,2|3|4|6|8|9,33.7759,210,1
1,proposed,6,2|3|4|7|8|9,29.2000,210,1
1,proposed,6,2|3|5|6|7|8,44.1471,210,1
1,proposed,6,2|3|5|6|7|9,50.4081,210,1
1,proposed,6,2|3|5|6|8|9,50.1135,210,1
1,proposed,6,2|3|5|7|8|9,30.5218,210,1
1,proposed,6,2|3|6|7|8|9,33.7874,210,1
1,proposed,6,2|4|5|6|7|8,47.3326,210,1
1,proposed,6,2|4|5|6|7|9,53.0514,210,1
1,proposed,6,2|4|5|6|8|9,52.3428,210,1
1,proposed,6,2|4|5|7|8|9,40.2562,210,1
1,proposed,6,2|4|6|7|8|9,44.3166,210,1
1,proposed,6,2|5|6|7|8|9,30.8355,210,1
1,proposed,6,3|4|5|6|7|8,38.4263,210,1
1,proposed,6,3|4|5|6|7|9,44.9600,210,1
1,proposed,6,3|4|5|6|8|9,46.4452,210,1
1,proposed,6,3|4|5|7|8|9,34.3962,210,1
1,proposed,6,3|4|6|7|8|9,46.9926,210,1
1,proposed,6,3|5|6|7|8|9,34.1009,210,1
1,proposed,6,4|5|6|7|8|9,28.0116,210,1
2,b1,0,,73.6722,1,1
2,b1,1,0,36.2136,10,1
2,b1,1,1,22.9907,10,1
2,b1,1,2,41.1663,10,1
2,b1,1,3,51.6406,10,1
2,b1,1,4,42.2066,10,1
2,b1,1,5,45.5738,10,1
2,b1,1,6,28.7065,10,1
2,b1,1,7,57.7718,10,1
2,b1,1,8,32.3841,10,1
2,b1,1,9,37.8477,10,1
2,b1,2,0|1,14.8085,45,1
2,b1,2,0|2,19.1310,45,1
2,b1,2,0|3,22.6058,45,1
2,b1,2,0|4,28.1329,45,1
2,b1,2,0|5,23.9011,45,1
2,b1,2,0|6,25.6291,45,1
2,b1,2,0|7,35.8036,45,1
2,b1,2,0|8,25.0677,45,1
2,b1,2,0|9,31.1468,45,1
2,b1,2,1|2,17.1805,45,1
2,b1,2,1|3,19.4790,45,1
2,b1,2,1|4,19.1868,45,1
2,b1,2,1|5,24.0354,45,1
2,b1,2,1|6,11.8860,45,1
2,b1,2,1|7,19.5690,45,1
2,b1,2,1|8,20.3776,45,1
2,b1,2,1|9,16.5717,45,1
2,b1,2,2|3,27.9061,45,1
2,b1,2,2|4,25.3941,45,1
2,b1,2,2|5,21.4195,45,1
2,b1,2,2|6,19.7886,45,1
2,b1,2,2|7,30.9950,45,1
2,b1,2,2|8,24.9199,45,1
2,b1,2,2|9,24.3034,45,1
2,b1,2,3|4,29.9911,45,1
2,b1,2,3|5,30.2020,45,1
2,b1,2,3|6,20.7399,45,1
2,b1,2,3|7,39.9126,45,1
2,b1,2,3|8,25.5906,45,1
2,b1,2,3|9,25.8525,45,1
2,b1,2,4|5,23.6717,45,1
2,b1,2,4|6,18.8533,45,1
2,b1,2,4|7,36.1826,45,1
2,b1,2,4|8,21.1773,45,1
2,b1,2,4|9,29.7085,45,1
2,b1,2,5|6,26.6671,45,1
2,b1,2,5|7,44.8288,45,1
2,b1,2,5|8,33.4292,45,1
2,b1,2,5|9,43.3137,45,1
2,b1,2,6|7,25.4175,45,1
2,b1,2,6|8,21.4799,45,1
2,b1,2,6|9,26.5939,45,1
2,b1,2,7|8,27.8791,45,1
2,b1,2,7|9,33.4419,45,1
2,b1,2,8|9,18.3188,45,1
2,b1,3,0|1|2,11.1439,120,1
2,b1,3,0|1|3,10.3657,120,1
2,b1,3,0|1|4,15.6471,120,1
2,b1,3,0|1|5,12.4086,120,1
2,b1,3,0|1|6,12.2570,120,1
2,b1,3,0|1|7,13.8976,120,1
2,b1,3,0|1|8,18.7235,120,1
2,b1,3,0|1|9,19.0376,120,1
2,b1,3,0|2|3,11.5762,120,1
2,b1,3,0|2|4,15.4603,120,1
2,b1,3,0|2|5,10.0810,120,1
2,b1,3,0|2|6,15.7883,120,1
2,b1,3,0|2|7,20.1574,120,1
2,b1,3,0|2|8,15.1921,120,1
2,b1,3,0|2|9,26.0576,120,1
2,b1,3,0|3|4,17.2081,120,1
2,b1,3,0|3|5,17.6892,120,1
2,b1,3,0|3|6,15.7474,120,1
2,b1,3,0|3|7,21.3642,120,1
2,b1,3,0|3|8,25.5166,120,1
2,b1,3,0|3|9,25.7316,120,1
2,b1,3,0|4|5,17.4797,120,1
2,b1,3,0|4|6,18.9064,120,1
2,b1,3,0|4|7,28.0776,120,1
2,b1,3,0|4|8,24.3498,120,1
2,b1,3,0|4|9,26.2366,120,1
2,b1,3,0|5|6,16.0717,120,1
2,b1,3,0|5|7,25.7090,120,1
2,b1,3,0|5|8,22.9511,120,1
2,b1,3,0|5|9,22.4454,120,1
2,b1,3,0|6|7,18.5916,120,1
2,b1,3,0|6|8,20.6051,120,1
2,b1,3,0|6|9,28.6595,120,1
2,b1,3,0|7|8,22.9890,120,1
2,b1,3,0|7|9,28.4512,120,1
2,b1,3,0|8|9,13.6879,120,1
2,b1,3,1|2|3,11.8799,120,1
2,b1,3,1|2|4,16.3434,120,1
2,b1,3,1|2|5,17.8007,120,1
2,b1,3,1|2|6,9.4133,120,1
2,b1,3,1|2|7,15.2942,120,1
2,b1,3,1|2|8,13.9142,120,1
2,b1,3,1|2|9,11.2467,120,1
2,b1,3,1|3|4,10.9900,120,1
2,b1,3,1|3|5,15.0549,120,1
2,b1,3,1|3|6,8.4986,120,1
2,b1,3,1|3|7,16.8134,120,1
2,b1,3,1|3|8,13.0146,120,1
2,b1,3,1|3|9,12.2229,120,1
2,b1,3,1|4|5,13.3179,120,1
2,b1,3,1|4|6,11.2823,120,1
2,b1,3,1|4|7,18.0077,120,1
2,b1,3,1|4|8,11.9764,120,1
2,b1,3,1|4|9,12.9380,120,1
2,b1,3,1|5|6,10.8660,120,1
2,b1,3,1|5|7,21.7662,120,1
2,b1,3,1|5|8,22.5162,120,1
2,b1,3,1|5|9,17.1019,120,1
2,b1,3,1|6|7,11.6870,120,1
2,b1,3,1|6|8,17.6942,120,1
2,b1,3,1|6|9,18.0925,120,1
2,b1,3,1|7|8,20.5270,120,1
2,b1,3,1|7|9,15.7036,120,1
2,b1,3,1|8|9,8.6136,120,1
2,b1,3,2|3|4,16.2869,120,1
2,b1,3,2|3|5,13.2751,120,1
2,b1,3,2|3|6,14.0370,120,1
2,b1,3,2|3|7,22.3426,120,1
2,b1,3,2|3|8,15.2761,120,1
2,b1,3,2|3|9,12.7150,120,1
2,b1,3,2|4|5,17.2869,120,1
2,b1,3,2|4|6,16.9628,120,1
2,b1,3,2|4|7,18.7852,120,1
2,b1,3,2|4|8,16.5717,120,1
2,b1,3,2|4|9,24.6333,120,1
2,b1,3,2|5|6,19.6488,120,1
2,b1,3,2|5|7,26.9199,120,1
2,b1,3,2|5|8,27.8067,120,1
2,b1,3,2|5|9,27.3677,120,1
2,b1,3,2|6|7,16.0634,120,1
2,b1,3,2|6|8,17.0713,120,1
2,b1,3,2|6|9,16.4110,120,1
2,b1,3,2|7|8,20.6835,120,1
2,b1,3,2|7|9,19.9521,120,1
2,b1,3,2|8|9,12.1018,120,1
2,b1,3,3|4|5,18.2278,120,1
2,b1,3,3|4|6,14.1819,120,1
2,b1,3,3|4|7,22.8000,120,1
2,b1,3,3|4|8,18.5191,120,1
2,b1,3,3|4|9,20.7771,120,1
2,b1,3,3|5|6,18.4878,120,1
2,b1,3,3|5|7,24.0143,120,1
2,b1,3,3|5|8,28.1147,120,1
2,b1,3,3|5|9,33.0250,120,1
2,b1,3,3|6|7,18.9320,120,1
2,b1,3,3|6|8,13.4326,120,1
2,b1,3,3|6|9,13.4336,120,1
2,b1,3,3|7|8,21.7118,120,1
2,b1,3,3|7|9,23.2752,120,1
2,b1,3,3|8|9,14.2017,120,1
2,b1,3,4|5|6,17.6128,120,1
2,b1,3,4|5|7,22.9684,120,1
2,b1,3,4|5|8,18.3737,120,1
2,b1,3,4|5|9,25.7782,120,1
2,b1,3,4|6|7,15.3179,120,1
2,b1,3,4|6|8,14.1317,120,1
2,b1,3,4|6|9,17.8207,120,1
2,b1,3,4|7|8,18.6294,120,1
2,b1,3,4|7|9,26.4090,120,1
2,b1,3,4|8|9,13.3395,120,1
2,b1,3,5|6|7,21.8567,120,1
2,b1,3,5|6|8,22.4858,120,1
2,b1,3,5|6|9,23.4724,120,1
2,b1,3,5|7|8,33.0552,120,1
2,b1,3,5|7|9,40.3747,120,1
2,b1,3,5|8|9,16.2449,120,1
2,b1,3,6|7|8,18.4364,120,1
2,b1,3,6|7|9,20.8626,120,1
2,b1,3,6|8|9,14.2045,120,1
2,b1,3,7|8|9,17.2104,120,1
2,b1,4,0|1|2|3,6.3210,210,1
2,b1,4,0|1|2|4,11.7198,210,1
2,b1,4,0|1|2|5,9.4193,210,1
2,b1,4,0|1|2|6,9.6523,210,1
2,b1,4,0|1|2|7,11.7036,210,1
2,b1,4,0|1|2|8,13.3864,210,1
2,b1,4,0|1|2|9,14.4433,210,1
2,b1,4,0|1|3|4,7.1015,210,1
2,b1,4,0|1|3|5,5.4970,210,1
2,b1,4,0|1|3|6,10.0887,210,1
2,b1,4,0|1|3|7,11.4961,210,1
2,b1,4,0|1|3|8,13.3391,210,1
2,b1,4,0|1|3|9,13.3021,210,1
2,b1,4,0|1|4|5,11.3962,210,1
2,b1,4,0|1|4|6,12.2317,210,1
2,b1,4,0|1|4|7,15.1230,210,1
2,b1,4,0|1|4|8,16.9425,210,1
2,b1,4,0|1|4|9,16.1562,210,1
2,b1,4,0|1|5|6,11.4625,210,1
2,b1,4,0|1|5|7,13.0505,210,1
2,b1,4,0|1|5|8,21.3969,210,1
2,b1,4,0|1|5|9,20.6299,210,1
2,b1,4,0|1|6|7,11.7257,210,1
2,b1,4,0|1|6|8,17.0316,210,1
2,b1,4,0|1|6|9,17.0464,210,1
2,b1,4,0|1|7|8,17.2805,210,1
2,b1,4,0|1|7|9,18.1197,210,1
2,b1,4,0|1|8|9,13.7441,210,1
2,b1,4,0|2|3|4,9.7070,210,1
2,b1,4,0|2|3|5,6.4628,210,1
2,b1,4,0|2|3|6,9.5616,210,1
2,b1,4,0|2|3|7,11.6089,210,1
2,b1,4,0|2|3|8,15.2377,210,1
2,b1,4,0|2|3|9,17.6918,210,1
2,b1,4,0|2|4|5,8.8406,210,1
2,b1,4,0|2|4|6,14.8001,210,1
2,b1,4,0|2|4|7,14.6598,210,1
2,b1,4,0|2|4|8,18.6091,210,1
2,b1,4,0|2|4|9,24.3212,210,1
2,b1,4,0|2|5|6,6.8563,210,1
2,b1,4,0|2|5|7,10.2229,210,1
2,b1,4,0|2|5|8,15.3229,210,1
2,b1,4,0|2|5|9,17.6313,210,1
2,b1,4,0|2|6|7,11.0452,210,1
2,b1,4,0|2|6|8,16.4469,210,1
2,b1,4,0|2|6|9,17.3610,210,1
2,b1,4,0|2|7|8,17.3014,210,1
2,b1,4,0|2|7|9,25.3318,210,1
2,b1,4,0|2|8|9,12.1598,210,1
2,b1,4,0|3|4|5,12.2873,210,1
2,b1,4,0|3|4|6,11.0966,210,1
2,b1,4,0|3|4|7,15.8537,210,1
2,b1,4,0|3|4|8,19.7967,210,1
2,b1,4,0|3|4|9,18.3469,210,1
2,b1,4,0|3|5|6,10.4821,210,1
2,b1,4,0|3|5|7,16.3676,210,1
2,b1,4,0|3|5|8,18.2646,210,1
2,b1,4,0|3|5|9,18.4764,210,1
2,b1,4,0|3|6|7,12.2183,210,1
2,b1,4,0|3|6|8,11.5262,210,1
2,b1,4,0|3|6|9,14.7156,210,1
2,b1,4,0|3|7|8,21.0993,210,1
2,b1,4,0|3|7|9,21.8674,210,1
2,b1,4,0|3|8|9,10.1608,210,1
2,b1,4,0|4|5|6,11.6848,210,1
2,b1,4,0|4|5|7,18.1688,210,1
2,b1,4,0|4|5|8,18.9808,210,1
2,b1,4,0|4|5|9,21.4685,210,1
2,b1,4,0|4|6|7,13.3883,210,1
2,b1,4,0|4|6|8,15.5168,210,1
2,b1,4,0|4|6|9,21.1860,210,1
2,b1,4,0|4|7|8,25.3304,210,1
2,b1,4,0|4|7|9,24.2251,210,1
2,b1,4,0|4|8|9,13.0109,210,1
2,b1,4,0|5|6|7,11.6921,210,1
2,b1,4,0|5|6|8,15.7068,210,1
2,b1,4,0|5|6|9,19.3692,210,1
2,b1,4,0|5|7|8,27.6556,210,1
2,b1,4,0|5|7|9,20.2261,210,1
2,b1,4,0|5|8|9,11.6418,210,1
2,b1,4,0|6|7|8,13.0246,210,1
2,b1,4,0|6|7|9,20.0458,210,1
2,b1,4,0|6|8|9,13.2645,210,1
2,b1,4,0|7|8|9,11.9863,210,1
2,b1,4,1|2|3|4,6.6836,210,1
2,b1,4,1|2|3|5,9.9230,210,1
2,b1,4,1|2|3|6,4.8639,210,1
2,b1,4,1|2|3|7,8.0430,210,1
2,b1,4,1|2|3|8,6.6798,210,1
2,b1,4,1|2|3|9,4.4842,210,1
2,b1,4,1|2|4|5,10.8904,210,1
2,b1,4,1|2|4|6,8.5062,210,1
2,b1,4,1|2|4|7,14.3452,210,1
2,b1,4,1|2|4|8,12.2769,210,1
2,b1,4,1|2|4|9,16.6340,210,1
2,b1,4,1|2|5|6,7.5695,210,1
2,b1,4,1|2|5|7,17.8596,210,1
2,b1,4,1|2|5|8,14.1515,210,1
2,b1,4,1|2|5|9,11.7587,210,1
2,b1,4,1|2|6|7,6.9375,210,1
2,b1,4,1|2|6|8,11.2611,210,1
2,b1,4,1|2|6|9,11.8973,210,1
2,b1,4,1|2|7|8,12.7416,210,1
2,b1,4,1|2|7|9,10.1852,210,1
2,b1,4,1|2|8|9,5.8517,210,1
2,b1,4,1|3|4|5,5.8061,210,1
2,b1,4,1|3|4|6,5.4996,210,1
2,b1,4,1|3|4|7,10.8340,210,1
2,b1,4,1|3|4|8,7.4553,210,1
2,b1,4,1|3|4|9,10.2502,210,1
2,b1,4,1|3|5|6,3.3726,210,1
2,b1,4,1|3|5|7,14.9973,210,1
2,b1,4,1|3|5|8,15.4778,210,1
2,b1,4,1|3|5|9,13.0566,210,1
2,b1,4,1|3|6|7,6.2769,210,1
2,b1,4,1|3|6|8,10.5133,210,1
2,b1,4,1|3|6|9,13.9981,210,1
2,b1,4,1|3|7|8,12.2758,210,1
2,b1,4,1|3|7|9,10.0433,210,1
2,b1,4,1|3|8|9,6.3859,210,1
2,b1,4,1|4|5|6,9.4339,210,1
2,b1,4,1|4|5|7,13.9504,210,1
2,b1,4,1|4|5|8,15.4843,210,1
2,b1,4,1|4|5|9,13.4279,210,1
2,b1,4,1|4|6|7,10.4710,210,1
2,b1,4,1|4|6|8,13.1565,210,1
2,b1,4,1|4|6|9,13.4038,210,1
2,b1,4,1|4|7|8,11.5579,210,1
2,b1,4,1|4|7|9,10.6295,210,1
2,b1,4,1|4|8|9,8.3892,210,1
2,b1,4,1|5|6|7,11.8696,210,1
2,b1,4,1|5|6|8,17.2964,210,1
2,b1,4,1|5|6|9,14.9427,210,1
2,b1,4,1|5|7|8,20.2017,210,1
2,b1,4,1|5|7|9,13.7402,210,1
2,b1,4,1|5|8|9,7.9421,210,1
2,b1,4,1|6|7|8,16.2550,210,1
2,b1,4,1|6|7|9,13.6939,210,1
2,b1,4,1|6|8|9,6.3301,210,1
2,b1,4,1|7|8|9,6.6921,210,1
2,b1,4,2|3|4|5,8.0727,210,1
2,b1,4,2|3|4|6,10.2659,210,1
2,b1,4,2|3|4|7,11.8323,210,1
2,b1,4,2|3|4|8,8.6078,210,1
2,b1,4,2|3|4|9,9.1271,210,1
2,b1,4,2|3|5|6,12.1065,210,1
2,b1,4,2|3|5|7,12.7337,210,1
2,b1,4,2|3|5|8,18.0796,210,1
2,b1,4,2|3|5|9,18.4541,210,1
2,b1,4,2|3|6|7,12.2018,210,1
2,b1,4,2|3|6|8,9.2213,210,1
2,b1,4,2|3|6|9,7.9255,210,1
2,b1,4,2|3|7|8,14.2773,210,1
2,b1,4,2|3|7|9,11.4299,210,1
2,b1,4,2|3|8|9,5.9331,210,1
2,b1,4,2|4|5|6,15.7868,210,1
2,b1,4,2|4|5|7,14.0594,210,1
2,b1,4,2|4|5|8,17.0075,210,1
2,b1,4,2|4|5|9,21.5761,210,1
2,b1,4,2|4|6|7,11.8093,210,1
2,b1,4,2|4|6|8,16.0656,210,1
2,b1,4,2|4|6|9,15.6554,210,1
2,b1,4,2|4|7|8,13.5985,210,1
2,b1,4,2|4|7|9,19.8308,210,1
2,b1,4,2|4|8|9,12.2477,210,1
2,b1,4,2|5|6|7,15.6653,210,1
2,b1,4,2|5|6|8,20.3967,210,1
2,b1,4,2|5|6|9,18.6362,210,1
2,b1,4,2|5|7|8,25.3391,210,1
2,b1,4,2|5|7|9,22.1714,210,1
2,b1,4,2|5|8|9,12.1932,210,1
2,b1,4,2|6|7|8,17.1012,210,1
2,b1,4,2|6|7|9,16.4100,210,1
2,b1,4,2|6|8|9,10.0875,210,1
2,b1,4,2|7|8|9,10.6838,210,1
2,b1,4,3|4|5|6,10.5468,210,1
2,b1,4,3|4|5|7,13.6730,210,1
2,b1,4,3|4|5|8,14.8478,210,1
2,b1,4,3|4|5|9,19.2644,210,1
2,b1,4,3|4|6|7,11.1017,210,1
2,b1,4,3|4|6|8,7.9973,210,1
2,b1,4,3|4|6|9,9.8309,210,1
2,b1,4,3|4|7|8,9.1790,210,1
2,b1,4,3|4|7|9,14.7764,210,1
2,b1,4,3|4|8|9,8.0973,210,1
2,b1,4,3|5|6|7,13.4898,210,1
2,b1,4,3|5|6|8,15.3104,210,1
2,b1,4,3|5|6|9,15.1512,210,1
2,b1,4,3|5|7|8,24.5938,210,1
2,b1,4,3|5|7|9,28.3138,210,1
2,b1,4,3|5|8|9,13.2113,210,1
2,b1,4,3|6|7|8,12.6579,210,1
2,b1,4,3|6|7|9,14.4821,210,1
2,b1,4,3|6|8|9,9.3303,210,1
2,b1,4,3|7|8|9,12.4744,210,1
2,b1,4,4|5|6|7,12.3181,210,1
2,b1,4,4|5|6|8,13.2636,210,1
2,b1,4,4|5|6|9,17.7567,210,1
2,b1,4,4|5|7|8,19.1079,210,1
2,b1,4,4|5|7|9,23.1442,210,1
2,b1,4,4|5|8|9,9.3042,210,1
2,b1,4,4|6|7|8,11.3021,210,1
2,b1,4,4|6|7|9,16.8166,210,1
2,b1,4,4|6|8|9,9.2238,210,1
2,b1,4,4|7|8|9,11.6546,210,1
2,b1,4,5|6|7|8,18.4870,210,1
2,b1,4,5|6|7|9,19.5700,210,1
2,b1,4,5|6|8|9,11.2811,210,1
2,b1,4,5|7|8|9,13.6646,210,1
2,b1,4,6|7|8|9,12.4284,210,1
2,b1,5,0|1|2|3|4,3.6636,252,1
2,b1,5,0|1|2|3|5,3.0573,252,1
2,b1,5,0|1|2|3|6,5.8084,252,1
2,b1,5,0|1|2|3|7,6.2483,252,1
2,b1,5,0|1|2|3|8,7.7995,252,1
2,b1,5,0|1|2|3|9,8.3750,252,1
2,b1,5,0|1|2|4|5,8.8616,252,1
2,b1,5,0|1|2|4|6,11.8144,252,1
2,b1,5,0|1|2|4|7,11.5384,252,1
2,b1,5,0|1|2|4|8,14.0714,252,1
2,b1,5,0|1|2|4|9,13.6948,252,1
2,b1,5,0|1|2|5|6,7.6931,252,1
2,b1,5,0|1|2|5|7,9.6464,252,1
2,b1,5,0|1|2|5|8,14.7097,252,1
2,b1,5,0|1|2|5|9,17.2895,252,1
2,b1,5,0|1|2|6|7,7.6137,252,1
2,b1,5,0|1|2|6|8,15.7096,252,1
2,b1,5,0|1|2|6|9,16.9421,252,1
2,b1,5,0|1|2|7|8,11.8011,252,1
2,b1,5,0|1|2|7|9,13.4627,252,1
2,b1,5,0|1|2|8|9,9.5265,252,1
2,b1,5,0|1|3|4|5,4.5882,252,1
2,b1,5,0|1|3|4|6,7.2158,252,1
2,b1,5,0|1|3|4|7,7.9766,252,1
2,b1,5,0|1|3|4|8,12.9171,252,1
2,b1,5,0|1|3|4|9,13.7941,252,1
2,b1,5,0|1|3|5|6,3.9624,252,1
2,b1,5,0|1|3|5|7,6.9797,252,1
2,b1,5,0|1|3|5|8,14.5011,252,1
2,b1,5,0|1|3|5|9,10.5512,252,1
2,b1,5,0|1|3|6|7,9.1594,252,1
2,b1,5,0|1|3|6|8,12.5400,252,1
2,b1,5,0|1|3|6|9,22.7903,252,1
2,b1,5,0|1|3|7|8,11.6044,252,1
2,b1,5,0|1|3|7|9,10.6317,252,1
2,b1,5,0|1|3|8|9,7.5516,252,1
2,b1,5,0|1|4|5|6,9.1174,252,1
2,b1,5,0|1|4|5|7,12.0360,252,1
2,b1,5,0|1|4|5|8,13.9722,252,1
2,b1,5,0|1|4|5|9,13.8927,252,1
2,b1,5,0|1|4|6|7,10.6978,252,1
2,b1,5,0|1|4|6|8,15.3739,252,1
2,b1,5,0|1|4|6|9,15.6808,252,1
2,b1,5,0|1|4|7|8,17.0419,252,1
2,b1,5,0|1|4|7|9,14.4208,252,1
2,b1,5,0|1|4|8|9,10.9422,252,1
2,b1,5,0|1|5|6|7,10.8813,252,1
2,b1,5,0|1|5|6|8,16.7126,252,1
2,b1,5,0|1|5|6|9,17.0354,252,1
2,b1,5,0|1|5|7|8,20.6902,252,1
2,b1,5,0|1|5|7|9,22.3240,252,1
2,b1,5,0|1|5|8|9,12.0676,252,1
2,b1,5,0|1|6|7|8,14.5543,252,1
2,b1,5,0|1|6|7|9,15.2614,252,1
2,b1,5,0|1|6|8|9,9.9448,252,1
2,b1,5,0|1|7|8|9,10.6202,252,1
2,b1,5,0|2|3|4|5,5.6123,252,1
2,b1,5,0|2|3|4|6,7.7242,252,1
2,b1,5,0|2|3|4|7,8.7916,252,1
2,b1,5,0|2|3|4|8,14.2957,252,1
2,b1,5,0|2|3|4|9,14.2997,252,1
2,b1,5,0|2|3|5|6,5.2247,252,1
2,b1,5,0|2|3|5|7,6.9131,252,1
2,b1,5,0|2|3|5|8,12.1898,252,1
2,b1,5,0|2|3|5|9,9.1589,252,1
2,b1,5,0|2|3|6|7,6.5604,252,1
2,b1,5,0|2|3|6|8,11.7934,252,1
2,b1,5,0|2|3|6|9,10.6015,252,1
2,b1,5,0|2|3|7|8,13.4624,252,1
2,b1,5,0|2|3|7|9,17.5040,252,1
2,b1,5,0|2|3|8|9,6.9760,252,1
2,b1,5,0|2|4|5|6,3.9781,252,1
2,b1,5,0|2|4|5|7,7.0806,252,1
2,b1,5,0|2|4|5|8,13.3495,252,1
2,b1,5,0|2|4|5|9,16.5752,252,1
2,b1,5,0|2|4|6|7,9.7572,252,1
2,b1,5,0|2|4|6|8,15.5759,252,1
2,b1,5,0|2|4|6|9,13.9045,252,1
2,b1,5,0|2|4|7|8,23.0211,252,1
2,b1,5,0|2|4|7|9,19.3486,252,1
2,b1,5,0|2|4|8|9,11.3329,252,1
2,b1,5,0|2|5|6|7,6.7689,252,1
2,b1,5,0|2|5|6|8,11.9433,252,1
2,b1,5,0|2|5|6|9,14.5726,252,1
2,b1,5,0|2|5|7|8,16.9085,252,1
2,b1,5,0|2|5|7|9,19.2975,252,1
2,b1,5,0|2|5|8|9,9.3583,252,1
2,b1,5,0|2|6|7|8,11.2321,252,1
2,b1,5,0|2|6|7|9,11.7939,252,1
2,b1,5,0|2|6|8|9,12.3215,252,1
2,b1,5,0|2|7|8|9,9.9467,252,1
2,b1,5,0|3|4|5|6,5.9016,252,1
2,b1,5,0|3|4|5|7,12.5471,252,1
2,b1,5,0|3|4|5|8,15.5916,252,1
2,b1,5,0|3|4|5|9,16.1804,252,1
2,b1,5,0|3|4|6|7,9.0861,252,1
2,b1,5,0|3|4|6|8,7.6588,252,1
2,b1,5,0|3|4|6|9,10.9622,252,1
2,b1,5,0|3|4|7|8,16.1359,252,1
2,b1,5,0|3|4|7|9,15.2449,252,1
2,b1,5,0|3|4|8|9,6.5967,252,1
2,b1,5,0|3|5|6|7,7.5984,252,1
2,b1,5,0|3|5|6|8,10.2389,252,1
2,b1,5,0|3|5|6|9,10.3957,252,1
2,b1,5,0|3|5|7|8,21.2173,252,1
2,b1,5,0|3|5|7|9,15.1182,252,1
2,b1,5,0|3|5|8|9,9.2511,252,1
2,b1,5,0|3|6|7|8,8.1365,252,1
2,b1,5,0|3|6|7|9,11.4779,252,1
2,b1,5,0|3|6|8|9,7.1378,252,1
2,b1,5,0|3|7|8|9,8.5866,252,1
2,b1,5,0|4|5|6|7,9.1354,252,1
2,b1,5,0|4|5|6|8,11.1795,252,1
2,b1,5,0|4|5|6|9,15.1297,252,1
2,b1,5,0|4|5|7|8,17.9612,252,1
2,b1,5,0|4|5|7|9,18.4071,252,1
2,b1,5,0|4|5|8|9,9.8708,252,1
2,b1,5,0|4|6|7|8,8.1116,252,1
2,b1,5,0|4|6|7|9,14.0859,252,1
2,b1,5,0|4|6|8|9,12.5617,252,1
2,b1,5,0|4|7|8|9,13.9595,252,1
2,b1,5,0|5|6|7|8,15.9224,252,1
2,b1,5,0|5|6|7|9,13.8839,252,1
2,b1,5,0|5|6|8|9,9.6167,252,1
2,b1,5,0|5|7|8|9,9.1258,252,1
2,b1,5,0|6|7|8|9,10.3264,252,1
2,b1,5,1|2|3|4|5,4.4931,252,1
2,b1,5,1|2|3|4|6,1.4437,252,1
2,b1,5,1|2|3|4|7,5.1992,252,1
2,b1,5,1|2|3|4|8,4.1440,252,1
2,b1,5,1|2|3|4|9,8.6426,252,1
2,b1,5,1|2|3|5|6,1.6442,252,1
2,b1,5,1|2|3|5|7,10.0676,252,1
2,b1,5,1|2|3|5|8,8.8986,252,1
2,b1,5,1|2|3|5|9,6.3611,252,1
2,b1,5,1|2|3|6|7,3.3021,252,1
2,b1,5,1|2|3|6|8,5.5273,252,1
2,b1,5,1|2|3|6|9,7.5257,252,1
2,b1,5,1|2|3|7|8,7.2572,252,1
2,b1,5,1|2|3|7|9,4.9708,252,1
2,b1,5,1|2|3|8|9,3.6918,252,1
2,b1,5,1|2|4|5|6,8.1118,252,1
2,b1,5,1|2|4|5|7,12.3424,252,1
2,b1,5,1|2|4|5|8,13.1146,252,1
2,b1,5,1|2|4|5|9,12.6953,252,1
2,b1,5,1|2|4|6|7,8.6081,252,1
2,b1,5,1|2|4|6|8,11.2493,252,1
2,b1,5,1|2|4|6|9,10.5348,252,1
2,b1,5,1|2|4|7|8,10.1038,252,1
2,b1,5,1|2|4|7|9,9.0906,252,1
2,b1,5,1|2|4|8|9,5.9631,252,1
2,b1,5,1|2|5|6|7,5.8918,252,1
2,b1,5,1|2|5|6|8,9.2282,252,1
2,b1,5,1|2|5|6|9,10.1580,252,1
2,b1,5,1|2|5|7|8,14.1765,252,1
2,b1,5,1|2|5|7|9,10.5856,252,1
2,b1,5,1|2|5|8|9,5.9503,252,1
2,b1,5,1|2|6|7|8,8.3159,252,1
2,b1,5,1|2|6|7|9,7.5183,252,1
2,b1,5,1|2|6|8|9,4.8795,252,1
2,b1,5,1|2|7|8|9,5.2699,252,1
2,b1,5,1|3|4|5|6,2.8891,252,1
2,b1,5,1|3|4|5|7,4.0641,252,1
2,b1,5,1|3|4|5|8,7.6569,252,1
2,b1,5,1|3|4|5|9,10.1464,252,1
2,b1,5,1|3|4|6|7,4.1758,252,1
2,b1,5,1|3|4|6|8,7.9259,252,1
2,b1,5,1|3|4|6|9,13.2963,252,1
2,b1,5,1|3|4|7|8,4.4298,252,1
2,b1,5,1|3|4|7|9,8.8475,252,1
2,b1,5,1|3|4|8|9,3.3381,252,1
2,b1,5,1|3|5|6|7,2.5048,252,1
2,b1,5,1|3|5|6|8,8.3851,252,1
2,b1,5,1|3|5|6|9,14.6979,252,1
2,b1,5,1|3|5|7|8,13.9705,252,1
2,b1,5,1|3|5|7|9,11.4411,252,1
2,b1,5,1|3|5|8|9,7.5248,252,1
2,b1,5,1|3|6|7|8,6.4959,252,1
2,b1,5,1|3|6|7|9,7.0757,252,1
2,b1,5,1|3|6|8|9,5.9612,252,1
2,b1,5,1|3|7|8|9,5.9797,252,1
2,b1,5,1|4|5|6|7,9.0057,252,1
2,b1,5,1|4|5|6|8,9.5167,252,1
2,b1,5,1|4|5|6|9,8.3471,252,1
2,b1,5,1|4|5|7|8,12.6465,252,1
2,b1,5,1|4|5|7|9,10.0801,252,1
2,b1,5,1|4|5|8|9,5.3414,252,1
2,b1,5,1|4|6|7|8,9.7539,252,1
2,b1,5,1|4|6|7|9,8.8995,252,1
2,b1,5,1|4|6|8|9,5.7072,252,1
2,b1,5,1|4|7|8|9,6.0714,252,1
2,b1,5,1|5|6|7|8,14.1758,252,1
2,b1,5,1|5|6|7|9,10.8125,252,1
2,b1,5,1|5|6|8|9,6.7928,252,1
2,b1,5,1|5|7|8|9,7.0166,252,1
2,b1,5,1|6|7|8|9,5.3793,252,1
2,b1,5,2|3|4|5|6,8.0651,252,1
2,b1,5,2|3|4|5|7,6.9230,252,1
2,b1,5,2|3|4|5|8,10.1051,252,1
2,b1,5,2|3|4|5|9,9.3101,252,1
2,b1,5,2|3|4|6|7,7.3758,252,1
2,b1,5,2|3|4|6|8,4.9946,252,1
2,b1,5,2|3|4|6|9,5.1999,252,1
2,b1,5,2|3|4|7|8,5.8452,252,1
2,b1,5,2|3|4|7|9,10.0689,252,1
2,b1,5,2|3|4|8|9,3.3339,252,1
2,b1,5,2|3|5|6|7,9.8733,252,1
2,b1,5,2|3|5|6|8,10.4985,252,1
2,b1,5,2|3|5|6|9,9.0487,252,1
2,b1,5,2|3|5|7|8,19.3208,252,1
2,b1,5,2|3|5|7|9,18.0603,252,1
2,b1,5,2|3|5|8|9,6.3017,252,1
2,b1,5,2|3|6|7|8,10.1634,252,1
2,b1,5,2|3|6|7|9,10.1098,252,1
2,b1,5,2|3|6|8|9,4.7995,252,1
2,b1,5,2|3|7|8|9,6.6531,252,1
2,b1,5,2|4|5|6|7,9.9123,252,1
2,b1,5,2|4|5|6|8,13.9679,252,1
2,b1,5,2|4|5|6|9,18.6401,252,1
2,b1,5,2|4|5|7|8,17.1388,252,1
2,b1,5,2|4|5|7|9,19.2586,252,1
2,b1,5,2|4|5|8|9,8.8270,252,1
2,b1,5,2|4|6|7|8,12.0281,252,1
2,b1,5,2|4|6|7|9,14.2563,252,1
2,b1,5,2|4|6|8|9,8.4054,252,1
2,b1,5,2|4|7|8|9,9.8634,252,1
2,b1,5,2|5|6|7|8,15.2494,252,1
2,b1,5,2|5|6|7|9,14.7500,252,1
2,b1,5,2|5|6|8|9,7.7265,252,1
2,b1,5,2|5|7|8|9,10.4738,252,1
2,b1,5,2|6|7|8|9,8.9560,252,1
2,b1,5,3|4|5|6|7,5.8753,252,1
2,b1,5,3|4|5|6|8,8.2257,252,1
2,b1,5,3|4|5|6|9,10.5229,252,1
2,b1,5,3|4|5|7|8,14.1729,252,1
2,b1,5,3|4|5|7|9,17.0086,252,1
2,b1,5,3|4|5|8|9,5.4978,252,1
2,b1,5,3|4|6|7|8,6.9722,252,1
2,b1,5,3|4|6|7|9,10.1756,252,1
2,b1,5,3|4|6|8|9,4.3324,252,1
2,b1,5,3|4|7|8|9,5.1069,252,1
2,b1,5,3|5|6|7|8,12.7890,252,1
2,b1,5,3|5|6|7|9,12.1827,252,1
2,b1,5,3|5|6|8|9,8.8609,252,1
2,b1,5,3|5|7|8|9,12.5526,252,1
2,b1,5,3|6|7|8|9,9.2081,252,1
2,b1,5,4|5|6|7|8,9.8828,252,1
2,b1,5,4|5|6|7|9,12.2020,252,1
2,b1,5,4|5|6|8|9,5.5415,252,1
2,b1,5,4|5|7|8|9,6.4564,252,1
2,b1,5,4|6|7|8|9,7.0815,252,1
2,b1,5,5|6|7|8|9,10.6967,252,1
2,b1,6,0|1|2|3|4|5,2.3300,210,1
2,b1,6,0|1|2|3|4|6,1.6537,210,1
2,b1,6,0|1|2|3|4|7,3.0149,210,1
2,b1,6,0|1|2|3|4|8,6.1474,210,1
2,b1,6,0|1|2|3|4|9,4.8379,210,1
2,b1,6,0|1|2|3|5|6,1.8875,210,1
2,b1,6,0|1|2|3|5|7,3.1863,210,1
2,b1,6,0|1|2|3|5|8,7.4745,210,1
2,b1,6,0|1|2|3|5|9,7.5575,210,1
2,b1,6,0|1|2|3|6|7,4.7397,210,1
2,b1,6,0|1|2|3|6|8,10.5232,210,1
2,b1,6,0|1|2|3|6|9,11.1510,210,1
2,b1,6,0|1|2|3|7|8,6.6586,210,1
2,b1,6,0|1|2|3|7|9,5.4140,210,1
2,b1,6,0|1|2|3|8|9,3.7642,210,1
2,b1,6,0|1|2|4|5|6,5.9514,210,1
2,b1,6,0|1|2|4|5|7,9.3385,210,1
2,b1,6,0|1|2|4|5|8,11.8328,210,1
2,b1,6,0|1|2|4|5|9,12.1760,210,1
2,b1,6,0|1|2|4|6|7,7.8822,210,1
2,b1,6,0|1|2|4|6|8,12.2582,210,1
2,b1,6,0|1|2|4|6|9,12.2697,210,1
2,b1,6,0|1|2|4|7|8,16.4419,210,1
2,b1,6,0|1|2|4|7|9,12.7775,210,1
2,b1,6,0|1|2|4|8|9,8.5484,210,1
2,b1,6,0|1|2|5|6|7,5.7472,210,1
2,b1,6,0|1|2|5|6|8,7.3285,210,1
2,b1,6,0|1|2|5|6|9,11.1228,210,1
2,b1,6,0|1|2|5|7|8,13.4312,210,1
2,b1,6,0|1|2|5|7|9,15.5621,210,1
2,b1,6,0|1|2|5|8|9,8.5151,210,1
2,b1,6,0|1|2|6|7|8,10.1541,210,1
2,b1,6,0|1|2|6|7|9,16.7753,210,1
2,b1,6,0|1|2|6|8|9,9.4260,210,1
2,b1,6,0|1|2|7|8|9,6.8757,210,1
2,b1,6,0|1|3|4|5|6,3.6161,210,1
2,b1,6,0|1|3|4|5|7,4.8966,210,1
2,b1,6,0|1|3|4|5|8,8.1148,210,1
2,b1,6,0|1|3|4|5|9,7.7337,210,1
2,b1,6,0|1|3|4|6|7,6.2444,210,1
2,b1,6,0|1|3|4|6|8,10.7426,210,1
2,b1,6,0|1|3|4|6|9,18.0883,210,1
2,b1,6,0|1|3|4|7|8,11.6637,210,1
2,b1,6,0|1|3|4|7|9,11.0060,210,1
2,b1,6,0|1|3|4|8|9,7.0941,210,1
2,b1,6,0|1|3|5|6|7,3.2104,210,1
2,b1,6,0|1|3|5|6|8,7.8434,210,1
2,b1,6,0|1|3|5|6|9,14.2503,210,1
2,b1,6,0|1|3|5|7|8,13.1654,210,1
2,b1,6,0|1|3|5|7|9,13.7122,210,1
2,b1,6,0|1|3|5|8|9,6.9022,210,1
2,b1,6,0|1|3|6|7|8,9.7151,210,1
2,b1,6,0|1|3|6|7|9,16.3617,210,1
2,b1,6,0|1|3|6|8|9,9.7440,210,1
2,b1,6,0|1|3|7|8|9,5.8754,210,1
2,b1,6,0|1|4|5|6|7,8.6456,210,1
2,b1,6,0|1|4|5|6|8,10.2589,210,1
2,b1,6,0|1|4|5|6|9,10.5177,210,1
2,b1,6,0|1|4|5|7|8,15.8459,210,1
2,b1,6,0|1|4|5|7|9,15.3171,210,1
2,b1,6,0|1|4|5|8|9,8.9944,210,1
2,b1,6,0|1|4|6|7|8,12.1563,210,1
2,b1,6,0|1|4|6|7|9,12.5392,210,1
2,b1,6,0|1|4|6|8|9,11.9655,210,1
2,b1,6,0|1|4|7|8|9,7.9411,210,1
2,b1,6,0|1|5|6|7|8,13.6625,210,1
2,b1,6,0|1|5|6|7|9,13.5509,210,1
2,b1,6,0|1|5|6|8|9,8.1610,210,1
2,b1,6,0|1|5|7|8|9,11.6889,210,1
2,b1,6,0|1|6|7|8|9,5.2054,210,1
2,b1,6,0|2|3|4|5|6,3.5903,210,1
2,b1,6,0|2|3|4|5|7,5.6561,210,1
2,b1,6,0|2|3|4|5|8,10.2592,210,1
2,b1,6,0|2|3|4|5|9,8.0165,210,1
2,b1,6,0|2|3|4|6|7,6.6846,210,1
2,b1,6,0|2|3|4|6|8,8.1928,210,1
2,b1,6,0|2|3|4|6|9,9.5021,210,1
2,b1,6,0|2|3|4|7|8,13.1359,210,1
2,b1,6,0|2|3|4|7|9,13.4893,210,1
2,b1,6,0|2|3|4|8|9,4.7958,210,1
2,b1,6,0|2|3|5|6|7,3.8232,210,1
2,b1,6,0|2|3|5|6|8,9.2348,210,1
2,b1,6,0|2|3|5|6|9,10.4135,210,1
2,b1,6,0|2|3|5|7|8,13.3069,210,1
2,b1,6,0|2|3|5|7|9,9.7483,210,1
2,b1,6,0|2|3|5|8|9,5.6655,210,1
2,b1,6,0|2|3|6|7|8,8.0392,210,1
2,b1,6,0|2|3|6|7|9,7.1590,210,1
2,b1,6,0|2|3|6|8|9,6.7747,210,1
2,b1,6,0|2|3|7|8|9,6.3181,210,1
2,b1,6,0|2|4|5|6|7,5.1496,210,1
2,b1,6,0|2|4|5|6|8,9.6262,210,1
2,b1,6,0|2|4|5|6|9,12.4376,210,1
2,b1,6,0|2|4|5|7|8,12.5709,210,1
2,b1,6,0|2|4|5|7|9,14.9413,210,1
2,b1,6,0|2|4|5|8|9,9.4873,210,1
2,b1,6,0|2|4|6|7|8,10.0601,210,1
2,b1,6,0|2|4|6|7|9,10.6274,210,1
2,b1,6,0|2|4|6|8|9,13.5494,210,1
2,b1,6,0|2|4|7|8|9,12.0817,210,1
2,b1,6,0|2|5|6|7|8,10.9104,210,1
2,b1,6,0|2|5|6|7|9,12.0688,210,1
2,b1,6,0|2|5|6|8|9,9.1500,210,1
2,b1,6,0|2|5|7|8|9,7.0780,210,1
2,b1,6,0|2|6|7|8|9,8.8925,210,1
2,b1,6,0|3|4|5|6|7,4.0403,210,1
2,b1,6,0|3|4|5|6|8,6.4129,210,1
2,b1,6,0|3|4|5|6|9,6.5179,210,1
2,b1,6,0|3|4|5|7|8,13.3360,210,1
2,b1,6,0|3|4|5|7|9,12.5354,210,1
2,b1,6,0|3|4|5|8|9,4.0874,210,1
2,b1,6,0|3|4|6|7|8,5.1221,210,1
2,b1,6,0|3|4|6|7|9,8.7062,210,1
2,b1,6,0|3|4|6|8|9,5.1615,210,1
2,b1,6,0|3|4|7|8|9,6.5164,210,1
2,b1,6,0|3|5|6|7|8,10.1117,210,1
2,b1,6,0|3|5|6|7|9,9.0330,210,1
2,b1,6,0|3|5|6|8|9,7.6654,210,1
2,b1,6,0|3|5|7|8|9,7.9075,210,1
2,b1,6,0|3|6|7|8|9,5.9754,210,1
2,b1,6,0|4|5|6|7|8,10.7685,210,1
2,b1,6,0|4|5|6|7|9,12.5726,210,1
2,b1,6,0|4|5|6|8|9,8.9831,210,1
2,b1,6,0|4|5|7|8|9,7.1438,210,1
2,b1,6,0|4|6|7|8|9,10.3152,210,1
2,b1,6,0|5|6|7|8|9,7.8973,210,1
2,b1,6,1|2|3|4|5|6,1.2481,210,1
2,b1,6,1|2|3|4|5|7,2.6574,210,1
2,b1,6,1|2|3|4|5|8,6.3900,210,1
2,b1,6,1|2|3|4|5|9,5.0718,210,1
2,b1,6,1|2|3|4|6|7,1.8661,210,1
2,b1,6,1|2|3|4|6|8,5.2221,210,1
2,b1,6,1|2|3|4|6|9,5.9613,210,1
2,b1,6,1|2|3|4|7|8,3.3859,210,1
2,b1,6,1|2|3|4|7|9,3.2410,210,1
2,b1,6,1|2|3|4|8|9,1.9583,210,1
2,b1,6,1|2|3|5|6|7,1.8828,210,1
2,b1,6,1|2|3|5|6|8,5.3004,210,1
2,b1,6,1|2|3|5|6|9,5.7614,210,1
2,b1,6,1|2|3|5|7|8,9.3201,210,1
2,b1,6,1|2|3|5|7|9,5.9546,210,1
2,b1,6,1|2|3|5|8|9,4.3960,210,1
2,b1,6,1|2|3|6|7|8,4.7614,210,1
2,b1,6,1|2|3|6|7|9,4.0526,210,1
2,b1,6,1|2|3|6|8|9,5.0759,210,1
2,b1,6,1|2|3|7|8|9,3.5361,210,1
2,b1,6,1|2|4|5|6|7,6.2813,210,1
2,b1,6,1|2|4|5|6|8,8.7474,210,1
2,b1,6,1|2|4|5|6|9,7.1877,210,1
2,b1,6,1|2|4|5|7|8,11.5706,210,1
2,b1,6,1|2|4|5|7|9,9.2564,210,1
2,b1,6,1|2|4|5|8|9,4.8126,210,1
2,b1,6,1|2|4|6|7|8,8.4752,210,1
2,b1,6,1|2|4|6|7|9,8.7712,210,1
2,b1,6,1|2|4|6|8|9,5.9244,210,1
2,b1,6,1|2|4|7|8|9,5.3137,210,1
2,b1,6,1|2|5|6|7|8,7.0206,210,1
2,b1,6,1|2|5|6|7|9,5.9588,210,1
2,b1,6,1|2|5|6|8|9,5.5430,210,1
2,b1,6,1|2|5|7|8|9,5.1928,210,1
2,b1,6,1|2|6|7|8|9,3.4853,210,1
2,b1,6,1|3|4|5|6|7,2.5122,210,1
2,b1,6,1|3|4|5|6|8,4.3661,210,1
2,b1,6,1|3|4|5|6|9,6.5006,210,1
2,b1,6,1|3|4|5|7|8,4.4575,210,1
2,b1,6,1|3|4|5|7|9,8.8326,210,1
2,b1,6,1|3|4|5|8|9,3.5701,210,1
2,b1,6,1|3|4|6|7|8,4.5245,210,1
2,b1,6,1|3|4|6|7|9,3.7389,210,1
2,b1,6,1|3|4|6|8|9,5.0622,210,1
2,b1,6,1|3|4|7|8|9,2.5487,210,1
2,b1,6,1|3|5|6|7|8,5.3096,210,1
2,b1,6,1|3|5|6|7|9,6.7145,210,1
2,b1,6,1|3|5|6|8|9,5.3528,210,1
2,b1,6,1|3|5|7|8|9,7.5494,210,1
2,b1,6,1|3|6|7|8|9,3.5795,210,1
2,b1,6,1|4|5|6|7|8,8.1021,210,1
2,b1,6,1|4|5|6|7|9,6.4615,210,1
2,b1,6,1|4|5|6|8|9,3.9883,210,1
2,b1,6,1|4|5|7|8|9,4.0408,210,1
2,b1,6,1|4|6|7|8|9,3.8023,210,1
2,b1,6,1|5|6|7|8|9,4.5180,210,1
2,b1,6,2|3|4|5|6|7,5.1834,210,1
2,b1,6,2|3|4|5|6|8,5.7617,210,1
2,b1,6,2|3|4|5|6|9,7.5090,210,1
2,b1,6,2|3|4|5|7|8,8.5024,210,1
2,b1,6,2|3|4|5|7|9,7.1559,210,1
2,b1,6,2|3|4|5|8|9,3.5107,210,1
2,b1,6,2|3|4|6|7|8,4.3767,210,1
2,b1,6,2|3|4|6|7|9,5.1405,210,1
2,b1,6,2|3|4|6|8|9,3.0791,210,1
2,b1,6,2|3|4|7|8|9,3.1772,210,1
2,b1,6,2|3|5|6|7|8,8.8308,210,1
2,b1,6,2|3|5|6|7|9,7.8105,210,1
2,b1,6,2|3|5|6|8|9,5.1981,210,1
2,b1,6,2|3|5|7|8|9,7.5236,210,1
2,b1,6,2|3|6|7|8|9,7.3386,210,1
2,b1,6,2|4|5|6|7|8,9.3938,210,1
2,b1,6,2|4|5|6|7|9,11.7044,210,1
2,b1,6,2|4|5|6|8|9,3.6345,210,1
2,b1,6,2|4|5|7|8|9,7.1285,210,1
2,b1,6,2|4|6|7|8|9,6.5403,210,1
2,b1,6,2|5|6|7|8|9,7.7780,210,1
2,b1,6,3|4|5|6|7|8,4.2942,210,1
2,b1,6,3|4|5|6|7|9,4.2847,210,1
2,b1,6,3|4|5|6|8|9,3.6709,210,1
2,b1,6,3|4|5|7|8|9,6.1251,210,1
2,b1,6,3|4|6|7|8|9,2.0781,210,1
2,b1,6,3|5|6|7|8|9,8.7506,210,1
2,b1,6,4|5|6|7|8|9,3.8790,210,1
2,b2,0,,69.9539,1,1
2,b2,1,0,64.6830,10,1
2,b2,1,1,59.3999,10,1
2,b2,1,2,68.8471,10,1
2,b2,1,3,68.5727,10,1
2,b2,1,4,65.3113,10,1
2,b2,1,5,69.4637,10,1
2,b2,1,6,70.1305,10,1
2,b2,1,7,68.9240,10,1
2,b2,1,8,69.8336,10,1
2,b2,1,9,69.4092,10,1
2,b2,2,0|1,48.9191,45,1
2,b2,2,0|2,63.5673,45,1
2,b2,2,0|3,63.9846,45,1
2,b2,2,0|4,61.1997,45,1
2,b2,2,0|5,62.5600,45,1
2,b2,2,0|6,63.9951,45,1
2,b2,2,0|7,64.4667,45,1
2,b2,2,0|8,63.9730,45,1
2,b2,2,0|9,65.5772,45,1
2,b2,2,1|2,58.4344,45,1
2,b2,2,1|3,59.7377,45,1
2,b2,2,1|4,57.7526,45,1
2,b2,2,1|5,58.7895,45,1
2,b2,2,1|6,59.9876,45,1
2,b2,2,1|7,59.3187,45,1
2,b2,2,1|8,59.0883,45,1
2,b2,2,1|9,60.2611,45,1
2,b2,2,2|3,64.0439,45,1
2,b2,2,2|4,61.1479,45,1
2,b2,2,2|5,66.7821,45,1
2,b2,2,2|6,68.6313,45,1
2,b2,2,2|7,66.6670,45,1
2,b2,2,2|8,68.2616,45,1
2,b2,2,2|9,67.2688,45,1
2,b2,2,3|4,60.1100,45,1
2,b2,2,3|5,67.1818,45,1
2,b2,2,3|6,69.3169,45,1
2,b2,2,3|7,68.2526,45,1
2,b2,2,3|8,69.1767,45,1
2,b2,2,3|9,70.1086,45,1
2,b2,2,4|5,63.9555,45,1
2,b2,2,4|6,66.1870,45,1
2,b2,2,4|7,64.1688,45,1
2,b2,2,4|8,64.8442,45,1
2,b2,2,4|9,64.8247,45,1
2,b2,2,5|6,68.3405,45,1
2,b2,2,5|7,66.9013,45,1
2,b2,2,5|8,68.1841,45,1
2,b2,2,5|9,67.8662,45,1
2,b2,2,6|7,69.6015,45,1
2,b2,2,6|8,68.1895,45,1
2,b2,2,6|9,68.5308,45,1
2,b2,2,7|8,66.5556,45,1
2,b2,2,7|9,67.7676,45,1
2,b2,2,8|9,67.1968,45,1
2,b2,3,0|1|2,47.0423,120,1
2,b2,3,0|1|3,47.0062,120,1
2,b2,3,0|1|4,44.4993,120,1
2,b2,3,0|1|5,46.0780,120,1
2,b2,3,0|1|6,46.6202,120,1
2,b2,3,0|1|7,45.6802,120,1
2,b2,3,0|1|8,46.1403,120,1
2,b2,3,0|1|9,46.5888,120,1
2,b2,3,0|2|3,56.2488,120,1
2,b2,3,0|2|4,57.0710,120,1
2,b2,3,0|2|5,61.3965,120,1
2,b2,3,0|2|6,62.8813,120,1
2,b2,3,0|2|7,63.4501,120,1
2,b2,3,0|2|8,62.9545,120,1
2,b2,3,0|2|9,64.4640,120,1
2,b2,3,0|3|4,56.9799,120,1
2,b2,3,0|3|5,62.6455,120,1
2,b2,3,0|3|6,63.5522,120,1
2,b2,3,0|3|7,63.1586,120,1
2,b2,3,0|3|8,63.1999,120,1
2,b2,3,0|3|9,65.1796,120,1
2,b2,3,0|4|5,57.9864,120,1
2,b2,3,0|4|6,59.6060,120,1
2,b2,3,0|4|7,56.2023,120,1
2,b2,3,0|4|8,60.7487,120,1
2,b2,3,0|4|9,61.1502,120,1
2,b2,3,0|5|6,60.6506,120,1
2,b2,3,0|5|7,61.1120,120,1
2,b2,3,0|5|8,61.6831,120,1
2,b2,3,0|5|9,62.6276,120,1
2,b2,3,0|6|7,61.8575,120,1
2,b2,3,0|6|8,62.1011,120,1
2,b2,3,0|6|9,65.3233,120,1
2,b2,3,0|7|8,62.4862,120,1
2,b2,3,0|7|9,62.8437,120,1
2,b2,3,0|8|9,64.3651,120,1
2,b2,3,1|2|3,46.7129,120,1
2,b2,3,1|2|4,53.9956,120,1
2,b2,3,1|2|5,56.4234,120,1
2,b2,3,1|2|6,59.3966,120,1
2,b2,3,1|2|7,58.0752,120,1
2,b2,3,1|2|8,58.2408,120,1
2,b2,3,1|2|9,58.0659,120,1
2,b2,3,1|3|4,53.6374,120,1
2,b2,3,1|3|5,58.5835,120,1
2,b2,3,1|3|6,59.1138,120,1
2,b2,3,1|3|7,58.1920,120,1
2,b2,3,1|3|8,59.6639,120,1
2,b2,3,1|3|9,60.1533,120,1
2,b2,3,1|4|5,54.7276,120,1
2,b2,3,1|4|6,56.5862,120,1
2,b2,3,1|4|7,53.4269,120,1
2,b2,3,1|4|8,56.4610,120,1
2,b2,3,1|4|9,57.2178,120,1
2,b2,3,1|5|6,57.5421,120,1
2,b2,3,1|5|7,56.2799,120,1
2,b2,3,1|5|8,57.4189,120,1
2,b2,3,1|5|9,58.2596,120,1
2,b2,3,1|6|7,58.8236,120,1
2,b2,3,1|6|8,57.3342,120,1
2,b2,3,1|6|9,59.7032,120,1
2,b2,3,1|7|8,57.4105,120,1
2,b2,3,1|7|9,57.7353,120,1
2,b2,3,1|8|9,57.5684,120,1
2,b2,3,2|3|4,52.0260,120,1
2,b2,3,2|3|5,61.8020,120,1
2,b2,3,2|3|6,63.3805,120,1
2,b2,3,2|3|7,62.8204,120,1
2,b2,3,2|3|8,64.6229,120,1
2,b2,3,2|3|9,63.9750,120,1
2,b2,3,2|4|5,58.3565,120,1
2,b2,3,2|4|6,60.9356,120,1
2,b2,3,2|4|7,59.5921,120,1
2,b2,3,2|4|8,60.5591,120,1
2,b2,3,2|4|9,60.9395,120,1
2,b2,3,2|5|6,66.5052,120,1
2,b2,3,2|5|7,64.2348,120,1
2,b2,3,2|5|8,66.2028,120,1
2,b2,3,2|5|9,65.0784,120,1
2,b2,3,2|6|7,66.3700,120,1
2,b2,3,2|6|8,67.5155,120,1
2,b2,3,2|6|9,66.2515,120,1
2,b2,3,2|7|8,63.5233,120,1
2,b2,3,2|7|9,64.2914,120,1
2,b2,3,2|8|9,62.9010,120,1
2,b2,3,3|4|5,53.8493,120,1
2,b2,3,3|4|6,59.1382,120,1
2,b2,3,3|4|7,57.0479,120,1
2,b2,3,3|4|8,59.1963,120,1
2,b2,3,3|4|9,56.6202,120,1
2,b2,3,3|5|6,66.1349,120,1
2,b2,3,3|5|7,65.5408,120,1
2,b2,3,3|5|8,66.7139,120,1
2,b2,3,3|5|9,66.4192,120,1
2,b2,3,3|6|7,68.4249,120,1
2,b2,3,3|6|8,68.3111,120,1
2,b2,3,3|6|9,69.4580,120,1
2,b2,3,3|7|8,67.4634,120,1
2,b2,3,3|7|9,66.7455,120,1
2,b2,3,3|8|9,66.0201,120,1
2,b2,3,4|5|6,60.6700,120,1
2,b2,3,4|5|7,58.0769,120,1
2,b2,3,4|5|8,59.5981,120,1
2,b2,3,4|5|9,60.0691,120,1
2,b2,3,4|6|7,62.4703,120,1
2,b2,3,4|6|8,63.1735,120,1
2,b2,3,4|6|9,63.9023,120,1
2,b2,3,4|7|8,60.2753,120,1
2,b2,3,4|7|9,60.4041,120,1
2,b2,3,4|8|9,61.5707,120,1
2,b2,3,5|6|7,63.2190,120,1
2,b2,3,5|6|8,65.1358,120,1
2,b2,3,5|6|9,64.2749,120,1
2,b2,3,5|7|8,63.6416,120,1
2,b2,3,5|7|9,63.1839,120,1
2,b2,3,5|8|9,63.2378,120,1
2,b2,3,6|7|8,62.1662,120,1
2,b2,3,6|7|9,61.3251,120,1
2,b2,3,6|8|9,62.3825,120,1
2,b2,3,7|8|9,59.5169,120,1
2,b2,4,0|1|2|3,32.1149,210,1
2,b2,4,0|1|2|4,41.3684,210,1
2,b2,4,0|1|2|5,43.2041,210,1
2,b2,4,0|1|2|6,45.0632,210,1
2,b2,4,0|1|2|7,44.7752,210,1
2,b2,4,0|1|2|8,44.5264,210,1
2,b2,4,0|1|2|9,44.7572,210,1
2,b2,4,0|1|3|4,38.9805,210,1
2,b2,4,0|1|3|5,42.9036,210,1
2,b2,4,0|1|3|6,44.9880,210,1
2,b2,4,0|1|3|7,45.3393,210,1
2,b2,4,0|1|3|8,45.6755,210,1
2,b2,4,0|1|3|9,45.3970,210,1
2,b2,4,0|1|4|5,41.3347,210,1
2,b2,4,0|1|4|6,42.8511,210,1
2,b2,4,0|1|4|7,41.3516,210,1
2,b2,4,0|1|4|8,43.7798,210,1
2,b2,4,0|1|4|9,44.3379,210,1
2,b2,4,0|1|5|6,39.6433,210,1
2,b2,4,0|1|5|7,38.4575,210,1
2,b2,4,0|1|5|8,40.8864,210,1
2,b2,4,0|1|5|9,39.4388,210,1
2,b2,4,0|1|6|7,40.0355,210,1
2,b2,4,0|1|6|8,41.2672,210,1
2,b2,4,0|1|6|9,42.4715,210,1
2,b2,4,0|1|7|8,41.8026,210,1
2,b2,4,0|1|7|9,42.1245,210,1
2,b2,4,0|1|8|9,41.2691,210,1
2,b2,4,0|2|3|4,46.5810,210,1
2,b2,4,0|2|3|5,54.7936,210,1
2,b2,4,0|2|3|6,54.6115,210,1
2,b2,4,0|2|3|7,53.4134,210,1
2,b2,4,0|2|3|8,55.6477,210,1
2,b2,4,0|2|3|9,55.7223,210,1
2,b2,4,0|2|4|5,54.4327,210,1
2,b2,4,0|2|4|6,56.0631,210,1
2,b2,4,0|2|4|7,53.0699,210,1
2,b2,4,0|2|4|8,57.4137,210,1
2,b2,4,0|2|4|9,55.9466,210,1
2,b2,4,0|2|5|6,59.9203,210,1
2,b2,4,0|2|5|7,60.0497,210,1
2,b2,4,0|2|5|8,61.1202,210,1
2,b2,4,0|2|5|9,60.0320,210,1
2,b2,4,0|2|6|7,62.2593,210,1
2,b2,4,0|2|6|8,61.8842,210,1
2,b2,4,0|2|6|9,64.1386,210,1
2,b2,4,0|2|7|8,61.6445,210,1
2,b2,4,0|2|7|9,60.2418,210,1
2,b2,4,0|2|8|9,60.0652,210,1
2,b2,4,0|3|4|5,48.4987,210,1
2,b2,4,0|3|4|6,51.9140,210,1
2,b2,4,0|3|4|7,52.0861,210,1
2,b2,4,0|3|4|8,57.5275,210,1
2,b2,4,0|3|4|9,53.0585,210,1
2,b2,4,0|3|5|6,58.1400,210,1
2,b2,4,0|3|5|7,59.9311,210,1
2,b2,4,0|3|5|8,63.1126,210,1
2,b2,4,0|3|5|9,62.9748,210,1
2,b2,4,0|3|6|7,59.9728,210,1
2,b2,4,0|3|6|8,61.5656,210,1
2,b2,4,0|3|6|9,64.2049,210,1
2,b2,4,0|3|7|8,62.2386,210,1
2,b2,4,0|3|7|9,63.3606,210,1
2,b2,4,0|3|8|9,63.1001,210,1
2,b2,4,0|4|5|6,52.3056,210,1
2,b2,4,0|4|5|7,51.0503,210,1
2,b2,4,0|4|5|8,56.9869,210,1
2,b2,4,0|4|5|9,57.4139,210,1
2,b2,4,0|4|6|7,51.1927,210,1
2,b2,4,0|4|6|8,57.5113,210,1
2,b2,4,0|4|6|9,59.9524,210,1
2,b2,4,0|4|7|8,55.8076,210,1
2,b2,4,0|4|7|9,55.0262,210,1
2,b2,4,0|4|8|9,59.9159,210,1
2,b2,4,0|5|6|7,54.8005,210,1
2,b2,4,0|5|6|8,56.5298,210,1
2,b2,4,0|5|6|9,59.9355,210,1
2,b2,4,0|5|7|8,57.8832,210,1
2,b2,4,0|5|7|9,57.8871,210,1
2,b2,4,0|5|8|9,57.6113,210,1
2,b2,4,0|6|7|8,56.6875,210,1
2,b2,4,0|6|7|9,58.2156,210,1
2,b2,4,0|6|8|9,60.7282,210,1
2,b2,4,0|7|8|9,56.4118,210,1
2,b2,4,1|2|3|4,37.6818,210,1
2,b2,4,1|2|3|5,44.5834,210,1
2,b2,4,1|2|3|6,44.7594,210,1
2,b2,4,1|2|3|7,44.7444,210,1
2,b2,4,1|2|3|8,45.4810,210,1
2,b2,4,1|2|3|9,46.1243,210,1
2,b2,4,1|2|4|5,50.2481,210,1
2,b2,4,1|2|4|6,52.2990,210,1
2,b2,4,1|2|4|7,50.4689,210,1
2,b2,4,1|2|4|8,52.4798,210,1
2,b2,4,1|2|4|9,53.2116,210,1
2,b2,4,1|2|5|6,54.7912,210,1
2,b2,4,1|2|5|7,53.5934,210,1
2,b2,4,1|2|5|8,53.9471,210,1
2,b2,4,1|2|5|9,56.0213,210,1
2,b2,4,1|2|6|7,57.5257,210,1
2,b2,4,1|2|6|8,56.5630,210,1
2,b2,4,1|2|6|9,57.1783,210,1
2,b2,4,1|2|7|8,55.1519,210,1
2,b2,4,1|2|7|9,55.9478,210,1
2,b2,4,1|2|8|9,55.2537,210,1
2,b2,4,1|3|4|5,49.0035,210,1
2,b2,4,1|3|4|6,50.7903,210,1
2,b2,4,1|3|4|7,50.0770,210,1
2,b2,4,1|3|4|8,51.6495,210,1
2,b2,4,1|3|4|9,52.6196,210,1
2,b2,4,1|3|5|6,55.3193,210,1
2,b2,4,1|3|5|7,53.6863,210,1
2,b2,4,1|3|5|8,56.3999,210,1
2,b2,4,1|3|5|9,56.5167,210,1
2,b2,4,1|3|6|7,56.8473,210,1
2,b2,4,1|3|6|8,57.8901,210,1
2,b2,4,1|3|6|9,59.7360,210,1
2,b2,4,1|3|7|8,55.9560,210,1
2,b2,4,1|3|7|9,56.4708,210,1
2,b2,4,1|3|8|9,56.1202,210,1
2,b2,4,1|4|5|6,49.4774,210,1
2,b2,4,1|4|5|7,46.5199,210,1
2,b2,4,1|4|5|8,50.8926,210,1
2,b2,4,1|4|5|9,51.7426,210,1
2,b2,4,1|4|6|7,48.6868,210,1
2,b2,4,1|4|6|8,52.0185,210,1
2,b2,4,1|4|6|9,53.9861,210,1
2,b2,4,1|4|7|8,49.7316,210,1
2,b2,4,1|4|7|9,53.1224,210,1
2,b2,4,1|4|8|9,54.0469,210,1
2,b2,4,1|5|6|7,51.6475,210,1
2,b2,4,1|5|6|8,53.0405,210,1
2,b2,4,1|5|6|9,55.1183,210,1
2,b2,4,1|5|7|8,52.4462,210,1
2,b2,4,1|5|7|9,51.8498,210,1
2,b2,4,1|5|8|9,52.6109,210,1
2,b2,4,1|6|7|8,52.7928,210,1
2,b2,4,1|6|7|9,53.4529,210,1
2,b2,4,1|6|8|9,52.8126,210,1
2,b2,4,1|7|8|9,50.1692,210,1
2,b2,4,2|3|4|5,41.1169,210,1
2,b2,4,2|3|4|6,50.2240,210,1
2,b2,4,2|3|4|7,46.6965,210,1
2,b2,4,2|3|4|8,49.8909,210,1
2,b2,4,2|3|4|9,46.6462,210,1
2,b2,4,2|3|5|6,58.1923,210,1
2,b2,4,2|3|5|7,56.6174,210,1
2,b2,4,2|3|5|8,59.4251,210,1
2,b2,4,2|3|5|9,58.4830,210,1
2,b2,4,2|3|6|7,60.6363,210,1
2,b2,4,2|3|6|8,61.7361,210,1
2,b2,4,2|3|6|9,61.8938,210,1
2,b2,4,2|3|7|8,60.3532,210,1
2,b2,4,2|3|7|9,59.0905,210,1
2,b2,4,2|3|8|9,60.1942,210,1
2,b2,4,2|4|5|6,54.7201,210,1
2,b2,4,2|4|5|7,51.9065,210,1
2,b2,4,2|4|5|8,53.3926,210,1
2,b2,4,2|4|5|9,53.0555,210,1
2,b2,4,2|4|6|7,58.1602,210,1
2,b2,4,2|4|6|8,58.6810,210,1
2,b2,4,2|4|6|9,59.9466,210,1
2,b2,4,2|4|7|8,56.8974,210,1
2,b2,4,2|4|7|9,55.5168,210,1
2,b2,4,2|4|8|9,57.7028,210,1
2,b2,4,2|5|6|7,59.9491,210,1
2,b2,4,2|5|6|8,62.2734,210,1
2,b2,4,2|5|6|9,61.1204,210,1
2,b2,4,2|5|7|8,61.0039,210,1
2,b2,4,2|5|7|9,60.1151,210,1
2,b2,4,2|5|8|9,58.5132,210,1
2,b2,4,2|6|7|8,61.6032,210,1
2,b2,4,2|6|7|9,58.0716,210,1
2,b2,4,2|6|8|9,58.2305,210,1
2,b2,4,2|7|8|9,54.9758,210,1
2,b2,4,3|4|5|6,48.3298,210,1
2,b2,4,3|4|5|7,45.3381,210,1
2,b2,4,3|4|5|8,50.9655,210,1
2,b2,4,3|4|5|9,50.5035,210,1
2,b2,4,3|4|6|7,51.8980,210,1
2,b2,4,3|4|6|8,55.4012,210,1
2,b2,4,3|4|6|9,55.9108,210,1
2,b2,4,3|4|7|8,53.2220,210,1
2,b2,4,3|4|7|9,53.3326,210,1
2,b2,4,3|4|8|9,55.9972,210,1
2,b2,4,3|5|6|7,58.2093,210,1
2,b2,4,3|5|6|8,60.1041,210,1
2,b2,4,3|5|6|9,60.0055,210,1
2,b2,4,3|5|7|8,61.2986,210,1
2,b2,4,3|5|7|9,59.7997,210,1
2,b2,4,3|5|8|9,60.1746,210,1
2,b2,4,3|6|7|8,61.8572,210,1
2,b2,4,3|6|7|9,59.5869,210,1
2,b2,4,3|6|8|9,60.9945,210,1
2,b2,4,3|7|8|9,58.5056,210,1
2,b2,4,4|5|6|7,49.1592,210,1
2,b2,4,4|5|6|8,52.5508,210,1
2,b2,4,4|5|6|9,52.6798,210,1
2,b2,4,4|5|7|8,50.6998,210,1
2,b2,4,4|5|7|9,51.3289,210,1
2,b2,4,4|5|8|9,53.8357,210,1
2,b2,4,4|6|7|8,51.7281,210,1
2,b2,4,4|6|7|9,53.5704,210,1
2,b2,4,4|6|8|9,56.2670,210,1
2,b2,4,4|7|8|9,54.6954,210,1
2,b2,4,5|6|7|8,53.5859,210,1
2,b2,4,5|6|7|9,49.6001,210,1
2,b2,4,5|6|8|9,53.9234,210,1
2,b2,4,5|7|8|9,50.7804,210,1
2,b2,4,6|7|8|9,45.5041,210,1
2,b2,5,0|1|2|3|4,21.3228,252,1
2,b2,5,0|1|2|3|5,24.5807,252,1
2,b2,5,0|1|2|3|6,29.0542,252,1
2,b2,5,0|1|2|3|7,28.9000,252,1
2,b2,5,0|1|2|3|8,30.7347,252,1
2,b2,5,0|1|2|3|9,32.7561,252,1
2,b2,5,0|1|2|4|5,37.3975,252,1
2,b2,5,0|1|2|4|6,38.7898,252,1
2,b2,5,0|1|2|4|7,37.7300,252,1
2,b2,5,0|1|2|4|8,40.3667,252,1
2,b2,5,0|1|2|4|9,41.2294,252,1
2,b2,5,0|1|2|5|6,36.9518,252,1
2,b2,5,0|1|2|5|7,37.8645,252,1
2,b2,5,0|1|2|5|8,37.4543,252,1
2,b2,5,0|1|2|5|9,36.6395,252,1
2,b2,5,0|1|2|6|7,38.3531,252,1
2,b2,5,0|1|2|6|8,36.9133,252,1
2,b2,5,0|1|2|6|9,39.2854,252,1
2,b2,5,0|1|2|7|8,39.6344,252,1
2,b2,5,0|1|2|7|9,40.6987,252,1
2,b2,5,0|1|2|8|9,39.2417,252,1
2,b2,5,0|1|3|4|5,32.5765,252,1
2,b2,5,0|1|3|4|6,36.9335,252,1
2,b2,5,0|1|3|4|7,35.7306,252,1
2,b2,5,0|1|3|4|8,41.2791,252,1
2,b2,5,0|1|3|4|9,40.6665,252,1
2,b2,5,0|1|3|5|6,37.4118,252,1
2,b2,5,0|1|3|5|7,36.2045,252,1
2,b2,5,0|1|3|5|8,38.5456,252,1
2,b2,5,0|1|3|5|9,38.4448,252,1
2,b2,5,0|1|3|6|7,37.2468,252,1
2,b2,5,0|1|3|6|8,37.9579,252,1
2,b2,5,0|1|3|6|9,41.5948,252,1
2,b2,5,0|1|3|7|8,39.4939,252,1
2,b2,5,0|1|3|7|9,38.7136,252,1
2,b2,5,0|1|3|8|9,40.4650,252,1
2,b2,5,0|1|4|5|6,36.1273,252,1
2,b2,5,0|1|4|5|7,33.4479,252,1
2,b2,5,0|1|4|5|8,36.0511,252,1
2,b2,5,0|1|4|5|9,39.2435,252,1
2,b2,5,0|1|4|6|7,34.2569,252,1
2,b2,5,0|1|4|6|8,37.9499,252,1
2,b2,5,0|1|4|6|9,40.7885,252,1
2,b2,5,0|1|4|7|8,36.2754,252,1
2,b2,5,0|1|4|7|9,39.2873,252,1
2,b2,5,0|1|4|8|9,41.4456,252,1
2,b2,5,0|1|5|6|7,29.7929,252,1
2,b2,5,0|1|5|6|8,30.6762,252,1
2,b2,5,0|1|5|6|9,32.2904,252,1
2,b2,5,0|1|5|7|8,29.6831,252,1
2,b2,5,0|1|5|7|9,32.5529,252,1
2,b2,5,0|1|5|8|9,31.7178,252,1
2,b2,5,0|1|6|7|8,31.8004,252,1
2,b2,5,0|1|6|7|9,34.2108,252,1
2,b2,5,0|1|6|8|9,33.0244,252,1
2,b2,5,0|1|7|8|9,35.1824,252,1
2,b2,5,0|2|3|4|5,35.1968,252,1
2,b2,5,0|2|3|4|6,42.6328,252,1
2,b2,5,0|2|3|4|7,41.7559,252,1
2,b2,5,0|2|3|4|8,47.0623,252,1
2,b2,5,0|2|3|4|9,45.7465,252,1
2,b2,5,0|2|3|5|6,49.8936,252,1
2,b2,5,0|2|3|5|7,50.4959,252,1
2,b2,5,0|2|3|5|8,54.7006,252,1
2,b2,5,0|2|3|5|9,52.8848,252,1
2,b2,5,0|2|3|6|7,51.0927,252,1
2,b2,5,0|2|3|6|8,51.7843,252,1
2,b2,5,0|2|3|6|9,53.2309,252,1
2,b2,5,0|2|3|7|8,53.3926,252,1
2,b2,5,0|2|3|7|9,54.1626,252,1
2,b2,5,0|2|3|8|9,53.5761,252,1
2,b2,5,0|2|4|5|6,46.6295,252,1
2,b2,5,0|2|4|5|7,45.8760,252,1
2,b2,5,0|2|4|5|8,54.5256,252,1
2,b2,5,0|2|4|5|9,53.0697,252,1
2,b2,5,0|2|4|6|7,48.5569,252,1
2,b2,5,0|2|4|6|8,54.9193,252,1
2,b2,5,0|2|4|6|9,54.4613,252,1
2,b2,5,0|2|4|7|8,53.2491,252,1
2,b2,5,0|2|4|7|9,49.6754,252,1
2,b2,5,0|2|4|8|9,52.9047,252,1
2,b2,5,0|2|5|6|7,53.4227,252,1
2,b2,5,0|2|5|6|8,56.0509,252,1
2,b2,5,0|2|5|6|9,57.1185,252,1
2,b2,5,0|2|5|7|8,57.7131,252,1
2,b2,5,0|2|5|7|9,53.2498,252,1
2,b2,5,0|2|5|8|9,53.3915,252,1
2,b2,5,0|2|6|7|8,55.9309,252,1
2,b2,5,0|2|6|7|9,55.2523,252,1
2,b2,5,0|2|6|8|9,54.9619,252,1
2,b2,5,0|2|7|8|9,51.8237,252,1
2,b2,5,0|3|4|5|6,42.2348,252,1
2,b2,5,0|3|4|5|7,38.7778,252,1
2,b2,5,0|3|4|5|8,50.7633,252,1
2,b2,5,0|3|4|5|9,46.9334,252,1
2,b2,5,0|3|4|6|7,42.8439,252,1
2,b2,5,0|3|4|6|8,47.5069,252,1
2,b2,5,0|3|4|6|9,48.4262,252,1
2,b2,5,0|3|4|7|8,51.5478,252,1
2,b2,5,0|3|4|7|9,47.4771,252,1
2,b2,5,0|3|4|8|9,52.8448,252,1
2,b2,5,0|3|5|6|7,49.4583,252,1
2,b2,5,0|3|5|6|8,55.2245,252,1
2,b2,5,0|3|5|6|9,56.2821,252,1
2,b2,5,0|3|5|7|8,60.3441,252,1
2,b2,5,0|3|5|7|9,56.2500,252,1
2,b2,5,0|3|5|8|9,55.9439,252,1
2,b2,5,0|3|6|7|8,54.5758,252,1
2,b2,5,0|3|6|7|9,53.8066,252,1
2,b2,5,0|3|6|8|9,58.4479,252,1
2,b2,5,0|3|7|8|9,55.1677,252,1
2,b2,5,0|4|5|6|7,40.9808,252,1
2,b2,5,0|4|5|6|8,49.3122,252,1
2,b2,5,0|4|5|6|9,50.9527,252,1
2,b2,5,0|4|5|7|8,47.8337,252,1
2,b2,5,0|4|5|7|9,41.7234,252,1
2,b2,5,0|4|5|8|9,48.8838,252,1
2,b2,5,0|4|6|7|8,46.4948,252,1
2,b2,5,0|4|6|7|9,46.5358,252,1
2,b2,5,0|4|6|8|9,51.8270,252,1
2,b2,5,0|4|7|8|9,47.3724,252,1
2,b2,5,0|5|6|7|8,50.1753,252,1
2,b2,5,0|5|6|7|9,49.0006,252,1
2,b2,5,0|5|6|8|9,50.9355,252,1
2,b2,5,0|5|7|8|9,45.2970,252,1
2,b2,5,0|6|7|8|9,43.8009,252,1
2,b2,5,1|2|3|4|5,28.8064,252,1
2,b2,5,1|2|3|4|6,34.4558,252,1
2,b2,5,1|2|3|4|7,32.9066,252,1
2,b2,5,1|2|3|4|8,35.4921,252,1
2,b2,5,1|2|3|4|9,36.0061,252,1
2,b2,5,1|2|3|5|6,40.5435,252,1
2,b2,5,1|2|3|5|7,37.1809,252,1
2,b2,5,1|2|3|5|8,39.5166,252,1
2,b2,5,1|2|3|5|9,41.1876,252,1
2,b2,5,1|2|3|6|7,40.2330,252,1
2,b2,5,1|2|3|6|8,41.9572,252,1
2,b2,5,1|2|3|6|9,43.9948,252,1
2,b2,5,1|2|3|7|8,39.8448,252,1
2,b2,5,1|2|3|7|9,41.0466,252,1
2,b2,5,1|2|3|8|9,43.8370,252,1
2,b2,5,1|2|4|5|6,45.7204,252,1
2,b2,5,1|2|4|5|7,42.9895,252,1
2,b2,5,1|2|4|5|8,46.1873,252,1
2,b2,5,1|2|4|5|9,47.2972,252,1
2,b2,5,1|2|4|6|7,47.1198,252,1
2,b2,5,1|2|4|6|8,49.9876,252,1
2,b2,5,1|2|4|6|9,51.7171,252,1
2,b2,5,1|2|4|7|8,47.5346,252,1
2,b2,5,1|2|4|7|9,50.0717,252,1
2,b2,5,1|2|4|8|9,50.8119,252,1
2,b2,5,1|2|5|6|7,49.7226,252,1
2,b2,5,1|2|5|6|8,49.1960,252,1
2,b2,5,1|2|5|6|9,51.4385,252,1
2,b2,5,1|2|5|7|8,48.9901,252,1
2,b2,5,1|2|5|7|9,48.1553,252,1
2,b2,5,1|2|5|8|9,49.8646,252,1
2,b2,5,1|2|6|7|8,51.0167,252,1
2,b2,5,1|2|6|7|9,51.5731,252,1
2,b2,5,1|2|6|8|9,50.9304,252,1
2,b2,5,1|2|7|8|9,47.2801,252,1
2,b2,5,1|3|4|5|6,43.1571,252,1
2,b2,5,1|3|4|5|7,41.1023,252,1
2,b2,5,1|3|4|5|8,46.0459,252,1
2,b2,5,1|3|4|5|9,48.0587,252,1
2,b2,5,1|3|4|6|7,45.2180,252,1
2,b2,5,1|3|4|6|8,48.3239,252,1
2,b2,5,1|3|4|6|9,50.9596,252,1
2,b2,5,1|3|4|7|8,46.7228,252,1
2,b2,5,1|3|4|7|9,49.2427,252,1
2,b2,5,1|3|4|8|9,51.4143,252,1
2,b2,5,1|3|5|6|7,48.7270,252,1
2,b2,5,1|3|5|6|8,52.4575,252,1
2,b2,5,1|3|5|6|9,54.0479,252,1
2,b2,5,1|3|5|7|8,49.5985,252,1
2,b2,5,1|3|5|7|9,48.6307,252,1
2,b2,5,1|3|5|8|9,49.5386,252,1
2,b2,5,1|3|6|7|8,52.0591,252,1
2,b2,5,1|3|6|7|9,54.9942,252,1
2,b2,5,1|3|6|8|9,54.0254,252,1
2,b2,5,1|3|7|8|9,49.9191,252,1
2,b2,5,1|4|5|6|7,38.9302,252,1
2,b2,5,1|4|5|6|8,42.2728,252,1
2,b2,5,1|4|5|6|9,45.2874,252,1
2,b2,5,1|4|5|7|8,41.9860,252,1
2,b2,5,1|4|5|7|9,44.2004,252,1
2,b2,5,1|4|5|8|9,47.1286,252,1
2,b2,5,1|4|6|7|8,40.1981,252,1
2,b2,5,1|4|6|7|9,45.0018,252,1
2,b2,5,1|4|6|8|9,47.0178,252,1
2,b2,5,1|4|7|8|9,45.9513,252,1
2,b2,5,1|5|6|7|8,45.7148,252,1
2,b2,5,1|5|6|7|9,45.7473,252,1
2,b2,5,1|5|6|8|9,46.2439,252,1
2,b2,5,1|5|7|8|9,44.2344,252,1
2,b2,5,1|6|7|8|9,42.5907,252,1
2,b2,5,2|3|4|5|6,33.3342,252,1
2,b2,5,2|3|4|5|7,29.6203,252,1
2,b2,5,2|3|4|5|8,38.7607,252,1
2,b2,5,2|3|4|5|9,36.1643,252,1
2,b2,5,2|3|4|6|7,42.8537,252,1
2,b2,5,2|3|4|6|8,45.6027,252,1
2,b2,5,2|3|4|6|9,44.4199,252,1
2,b2,5,2|3|4|7|8,41.2195,252,1
2,b2,5,2|3|4|7|9,40.2153,252,1
2,b2,5,2|3|4|8|9,43.4591,252,1
2,b2,5,2|3|5|6|7,45.7755,252,1
2,b2,5,2|3|5|6|8,51.1511,252,1
2,b2,5,2|3|5|6|9,50.7519,252,1
2,b2,5,2|3|5|7|8,50.0492,252,1
2,b2,5,2|3|5|7|9,49.5526,252,1
2,b2,5,2|3|5|8|9,50.0650,252,1
2,b2,5,2|3|6|7|8,51.3008,252,1
2,b2,5,2|3|6|7|9,49.5346,252,1
2,b2,5,2|3|6|8|9,50.9987,252,1
2,b2,5,2|3|7|8|9,49.6627,252,1
2,b2,5,2|4|5|6|7,41.6762,252,1
2,b2,5,2|4|5|6|8,47.3981,252,1
2,b2,5,2|4|5|6|9,46.3915,252,1
2,b2,5,2|4|5|7|8,45.8456,252,1
2,b2,5,2|4|5|7|9,44.4105,252,1
2,b2,5,2|4|5|8|9,47.8025,252,1
2,b2,5,2|4|6|7|8,49.8998,252,1
2,b2,5,2|4|6|7|9,49.2233,252,1
2,b2,5,2|4|6|8|9,51.3408,252,1
2,b2,5,2|4|7|8|9,49.4981,252,1
2,b2,5,2|5|6|7|8,49.4000,252,1
2,b2,5,2|5|6|7|9,42.4785,252,1
2,b2,5,2|5|6|8|9,48.5878,252,1
2,b2,5,2|5|7|8|9,46.1229,252,1
2,b2,5,2|6|7|8|9,41.7250,252,1
2,b2,5,3|4|5|6|7,35.1801,252,1
2,b2,5,3|4|5|6|8,41.6823,252,1
2,b2,5,3|4|5|6|9,40.9638,252,1
2,b2,5,3|4|5|7|8,40.3736,252,1
2,b2,5,3|4|5|7|9,38.7120,252,1
2,b2,5,3|4|5|8|9,45.8321,252,1
2,b2,5,3|4|6|7|8,45.0937,252,1
2,b2,5,3|4|6|7|9,42.9034,252,1
2,b2,5,3|4|6|8|9,48.6418,252,1
2,b2,5,3|4|7|8|9,47.7496,252,1
2,b2,5,3|5|6|7|8,47.6505,252,1
2,b2,5,3|5|6|7|9,41.7896,252,1
2,b2,5,3|5|6|8|9,48.3752,252,1
2,b2,5,3|5|7|8|9,44.9918,252,1
2,b2,5,3|6|7|8|9,41.8217,252,1
2,b2,5,4|5|6|7|8,41.2039,252,1
2,b2,5,4|5|6|7|9,39.4441,252,1
2,b2,5,4|5|6|8|9,41.9566,252,1
2,b2,5,4|5|7|8|9,39.3744,252,1
2,b2,5,4|6|7|8|9,38.8224,252,1
2,b2,5,5|6|7|8|9,37.1974,252,1
2,b2,6,0|1|2|3|4|5,13.0709,210,1
2,b2,6,0|1|2|3|4|6,20.2159,210,1
2,b2,6,0|1|2|3|4|7,19.0860,210,1
2,b2,6,0|1|2|3|4|8,22.7626,210,1
2,b2,6,0|1|2|3|4|9,25.3470,210,1
2,b2,6,0|1|2|3|5|6,21.6048,210,1
2,b2,6,0|1|2|3|5|7,18.3142,210,1
2,b2,6,0|1|2|3|5|8,23.3137,210,1
2,b2,6,0|1|2|3|5|9,28.6310,210,1
2,b2,6,0|1|2|3|6|7,22.6525,210,1
2,b2,6,0|1|2|3|6|8,26.1702,210,1
2,b2,6,0|1|2|3|6|9,29.9241,210,1
2,b2,6,0|1|2|3|7|8,24.5490,210,1
2,b2,6,0|1|2|3|7|9,29.4198,210,1
2,b2,6,0|1|2|3|8|9,32.7225,210,1
2,b2,6,0|1|2|4|5|6,33.8628,210,1
2,b2,6,0|1|2|4|5|7,27.7242,210,1
2,b2,6,0|1|2|4|5|8,32.9738,210,1
2,b2,6,0|1|2|4|5|9,34.2903,210,1
2,b2,6,0|1|2|4|6|7,31.8081,210,1
2,b2,6,0|1|2|4|6|8,34.0178,210,1
2,b2,6,0|1|2|4|6|9,37.9447,210,1
2,b2,6,0|1|2|4|7|8,34.2194,210,1
2,b2,6,0|1|2|4|7|9,35.6306,210,1
2,b2,6,0|1|2|4|8|9,35.6789,210,1
2,b2,6,0|1|2|5|6|7,26.2264,210,1
2,b2,6,0|1|2|5|6|8,28.4697,210,1
2,b2,6,0|1|2|5|6|9,28.9011,210,1
2,b2,6,0|1|2|5|7|8,28.2681,210,1
2,b2,6,0|1|2|5|7|9,28.1580,210,1
2,b2,6,0|1|2|5|8|9,27.9812,210,1
2,b2,6,0|1|2|6|7|8,28.0191,210,1
2,b2,6,0|1|2|6|7|9,29.5245,210,1
2,b2,6,0|1|2|6|8|9,29.7916,210,1
2,b2,6,0|1|2|7|8|9,32.1649,210,1
2,b2,6,0|1|3|4|5|6,31.3835,210,1
2,b2,6,0|1|3|4|5|7,24.9573,210,1
2,b2,6,0|1|3|4|5|8,30.5885,210,1
2,b2,6,0|1|3|4|5|9,34.1005,210,1
2,b2,6,0|1|3|4|6|7,33.3422,210,1
2,b2,6,0|1|3|4|6|8,37.1222,210,1
2,b2,6,0|1|3|4|6|9,41.4066,210,1
2,b2,6,0|1|3|4|7|8,34.6198,210,1
2,b2,6,0|1|3|4|7|9,37.1268,210,1
2,b2,6,0|1|3|4|8|9,42.0658,210,1
2,b2,6,0|1|3|5|6|7,25.7314,210,1
2,b2,6,0|1|3|5|6|8,28.3718,210,1
2,b2,6,0|1|3|5|6|9,32.5548,210,1
2,b2,6,0|1|3|5|7|8,28.0480,210,1
2,b2,6,0|1|3|5|7|9,27.9090,210,1
2,b2,6,0|1|3|5|8|9,29.8338,210,1
2,b2,6,0|1|3|6|7|8,26.2721,210,1
2,b2,6,0|1|3|6|7|9,31.8165,210,1
2,b2,6,0|1|3|6|8|9,32.1757,210,1
2,b2,6,0|1|3|7|8|9,30.5537,210,1
2,b2,6,0|1|4|5|6|7,23.3019,210,1
2,b2,6,0|1|4|5|6|8,25.0084,210,1
2,b2,6,0|1|4|5|6|9,30.0806,210,1
2,b2,6,0|1|4|5|7|8,21.8505,210,1
2,b2,6,0|1|4|5|7|9,28.5082,210,1
2,b2,6,0|1|4|5|8|9,31.2123,210,1
2,b2,6,0|1|4|6|7|8,24.1584,210,1
2,b2,6,0|1|4|6|7|9,30.1748,210,1
2,b2,6,0|1|4|6|8|9,31.3641,210,1
2,b2,6,0|1|4|7|8|9,32.2407,210,1
2,b2,6,0|1|5|6|7|8,20.6754,210,1
2,b2,6,0|1|5|6|7|9,24.8784,210,1
2,b2,6,0|1|5|6|8|9,23.6426,210,1
2,b2,6,0|1|5|7|8|9,25.8208,210,1
2,b2,6,0|1|6|7|8|9,18.8271,210,1
2,b2,6,0|2|3|4|5|6,30.7202,210,1
2,b2,6,0|2|3|4|5|7,29.4884,210,1
2,b2,6,0|2|3|4|5|8,36.5389,210,1
2,b2,6,0|2|3|4|5|9,34.4716,210,1
2,b2,6,0|2|3|4|6|7,33.5124,210,1
2,b2,6,0|2|3|4|6|8,37.5893,210,1
2,b2,6,0|2|3|4|6|9,36.2157,210,1
2,b2,6,0|2|3|4|7|8,41.0330,210,1
2,b2,6,0|2|3|4|7|9,43.0529,210,1
2,b2,6,0|2|3|4|8|9,43.3737,210,1
2,b2,6,0|2|3|5|6|7,40.1644,210,1
2,b2,6,0|2|3|5|6|8,46.7429,210,1
2,b2,6,0|2|3|5|6|9,46.5742,210,1
2,b2,6,0|2|3|5|7|8,49.1312,210,1
2,b2,6,0|2|3|5|7|9,47.2706,210,1
2,b2,6,0|2|3|5|8|9,47.1642,210,1
2,b2,6,0|2|3|6|7|8,45.7141,210,1
2,b2,6,0|2|3|6|7|9,44.1947,210,1
2,b2,6,0|2|3|6|8|9,46.8886,210,1
2,b2,6,0|2|3|7|8|9,44.5467,210,1
2,b2,6,0|2|4|5|6|7,34.7001,210,1
2,b2,6,0|2|4|5|6|8,45.1602,210,1
2,b2,6,0|2|4|5|6|9,45.4094,210,1
2,b2,6,0|2|4|5|7|8,45.4507,210,1
2,b2,6,0|2|4|5|7|9,39.4226,210,1
2,b2,6,0|2|4|5|8|9,44.3348,210,1
2,b2,6,0|2|4|6|7|8,43.1934,210,1
2,b2,6,0|2|4|6|7|9,39.1692,210,1
2,b2,6,0|2|4|6|8|9,45.1002,210,1
2,b2,6,0|2|4|7|8|9,43.0234,210,1
2,b2,6,0|2|5|6|7|8,47.8086,210,1
2,b2,6,0|2|5|6|7|9,45.9276,210,1
2,b2,6,0|2|5|6|8|9,45.6579,210,1
2,b2,6,0|2|5|7|8|9,42.4209,210,1
2,b2,6,0|2|6|7|8|9,40.0052,210,1
2,b2,6,0|3|4|5|6|7,32.9792,210,1
2,b2,6,0|3|4|5|6|8,38.4219,210,1
2,b2,6,0|3|4|5|6|9,38.4631,210,1
2,b2,6,0|3|4|5|7|8,39.1720,210,1
2,b2,6,0|3|4|5|7|9,35.9660,210,1
2,b2,6,0|3|4|5|8|9,42.9861,210,1
2,b2,6,0|3|4|6|7|8,37.6765,210,1
2,b2,6,0|3|4|6|7|9,38.9730,210,1
2,b2,6,0|3|4|6|8|9,41.8227,210,1
2,b2,6,0|3|4|7|8|9,42.8263,210,1
2,b2,6,0|3|5|6|7|8,45.0992,210,1
2,b2,6,0|3|5|6|7|9,44.4637,210,1
2,b2,6,0|3|5|6|8|9,48.6136,210,1
2,b2,6,0|3|5|7|8|9,40.3265,210,1
2,b2,6,0|3|6|7|8|9,41.6895,210,1
2,b2,6,0|4|5|6|7|8,34.7264,210,1
2,b2,6,0|4|5|6|7|9,34.6772,210,1
2,b2,6,0|4|5|6|8|9,38.3015,210,1
2,b2,6,0|4|5|7|8|9,32.2812,210,1
2,b2,6,0|4|6|7|8|9,38.4314,210,1
2,b2,6,0|5|6|7|8|9,35.8563,210,1
2,b2,6,1|2|3|4|5|6,21.4018,210,1
2,b2,6,1|2|3|4|5|7,21.6343,210,1
2,b2,6,1|2|3|4|5|8,24.6074,210,1
2,b2,6,1|2|3|4|5|9,27.3082,210,1
2,b2,6,1|2|3|4|6|7,26.4436,210,1
2,b2,6,1|2|3|4|6|8,30.6803,210,1
2,b2,6,1|2|3|4|6|9,35.0379,210,1
2,b2,6,1|2|3|4|7|8,28.6223,210,1
2,b2,6,1|2|3|4|7|9,32.0966,210,1
2,b2,6,1|2|3|4|8|9,36.0390,210,1
2,b2,6,1|2|3|5|6|7,30.0119,210,1
2,b2,6,1|2|3|5|6|8,36.2692,210,1
2,b2,6,1|2|3|5|6|9,38.4541,210,1
2,b2,6,1|2|3|5|7|8,31.7633,210,1
2,b2,6,1|2|3|5|7|9,31.9010,210,1
2,b2,6,1|2|3|5|8|9,35.1377,210,1
2,b2,6,1|2|3|6|7|8,35.8983,210,1
2,b2,6,1|2|3|6|7|9,38.1739,210,1
2,b2,6,1|2|3|6|8|9,42.0571,210,1
2,b2,6,1|2|3|7|8|9,34.9242,210,1
2,b2,6,1|2|4|5|6|7,31.8707,210,1
2,b2,6,1|2|4|5|6|8,36.8722,210,1
2,b2,6,1|2|4|5|6|9,39.3800,210,1
2,b2,6,1|2|4|5|7|8,37.3775,210,1
2,b2,6,1|2|4|5|7|9,40.4999,210,1
2,b2,6,1|2|4|5|8|9,43.8939,210,1
2,b2,6,1|2|4|6|7|8,37.0125,210,1
2,b2,6,1|2|4|6|7|9,41.5264,210,1
2,b2,6,1|2|4|6|8|9,43.3606,210,1
2,b2,6,1|2|4|7|8|9,43.3635,210,1
2,b2,6,1|2|5|6|7|8,41.3548,210,1
2,b2,6,1|2|5|6|7|9,41.8769,210,1
2,b2,6,1|2|5|6|8|9,43.6801,210,1
2,b2,6,1|2|5|7|8|9,39.6405,210,1
2,b2,6,1|2|6|7|8|9,38.6331,210,1
2,b2,6,1|3|4|5|6|7,32.8880,210,1
2,b2,6,1|3|4|5|6|8,36.0683,210,1
2,b2,6,1|3|4|5|6|9,40.6989,210,1
2,b2,6,1|3|4|5|7|8,35.9479,210,1
2,b2,6,1|3|4|5|7|9,39.5045,210,1
2,b2,6,1|3|4|5|8|9,45.5214,210,1
2,b2,6,1|3|4|6|7|8,37.6818,210,1
2,b2,6,1|3|4|6|7|9,41.9353,210,1
2,b2,6,1|3|4|6|8|9,44.5879,210,1
2,b2,6,1|3|4|7|8|9,45.4792,210,1
2,b2,6,1|3|5|6|7|8,43.5298,210,1
2,b2,6,1|3|5|6|7|9,43.7792,210,1
2,b2,6,1|3|5|6|8|9,44.4018,210,1
2,b2,6,1|3|5|7|8|9,42.4690,210,1
2,b2,6,1|3|6|7|8|9,41.8363,210,1
2,b2,6,1|4|5|6|7|8,29.9791,210,1
2,b2,6,1|4|5|6|7|9,36.5720,210,1
2,b2,6,1|4|5|6|8|9,34.4640,210,1
2,b2,6,1|4|5|7|8|9,34.7305,210,1
2,b2,6,1|4|6|7|8|9,35.2528,210,1
2,b2,6,1|5|6|7|8|9,30.1429,210,1
2,b2,6,2|3|4|5|6|7,23.2303,210,1
2,b2,6,2|3|4|5|6|8,27.5721,210,1
2,b2,6,2|3|4|5|6|9,25.0117,210,1
2,b2,6,2|3|4|5|7|8,27.0138,210,1
2,b2,6,2|3|4|5|7|9,26.4886,210,1
2,b2,6,2|3|4|5|8|9,32.7242,210,1
2,b2,6,2|3|4|6|7|8,32.5885,210,1
2,b2,6,2|3|4|6|7|9,30.8249,210,1
2,b2,6,2|3|4|6|8|9,36.0987,210,1
2,b2,6,2|3|4|7|8|9,34.3425,210,1
2,b2,6,2|3|5|6|7|8,34.8993,210,1
2,b2,6,2|3|5|6|7|9,31.4359,210,1
2,b2,6,2|3|5|6|8|9,38.6370,210,1
2,b2,6,2|3|5|7|8|9,38.9937,210,1
2,b2,6,2|3|6|7|8|9,32.4566,210,1
2,b2,6,2|4|5|6|7|8,33.3085,210,1
2,b2,6,2|4|5|6|7|9,30.7726,210,1
2,b2,6,2|4|5|6|8|9,35.7919,210,1
2,b2,6,2|4|5|7|8|9,30.6475,210,1
2,b2,6,2|4|6|7|8|9,36.5400,210,1
2,b2,6,2|5|6|7|8|9,32.0468,210,1
2,b2,6,3|4|5|6|7|8,28.6350,210,1
2,b2,6,3|4|5|6|7|9,26.9564,210,1
2,b2,6,3|4|5|6|8|9,29.8121,210,1
2,b2,6,3|4|5|7|8|9,27.1067,210,1
2,b2,6,3|4|6|7|8|9,30.2653,210,1
2,b2,6,3|5|6|7|8|9,31.5680,210,1
2,b2,6,4|5|6|7|8|9,29.3770,210,1
2,b3,0,,73.6722,1,1
2,b3,1,0,16.9543,10,1
2,b3,1,1,23.2726,10,1
2,b3,1,2,13.4243,10,1
2,b3,1,3,19.0380,10,1
2,b3,1,4,9.8989,10,1
2,b3,1,5,3.1317,10,1
2,b3,1,6,35.5652,10,1
2,b3,1,7,9.6469,10,1
2,b3,1,8,70.7029,10,1
2,b3,1,9,17.8333,10,1
2,b3,2,0|1,5.7149,45,1
2,b3,2,0|2,11.6477,45,1
2,b3,2,0|3,13.4065,45,1
2,b3,2,0|4,7.1690,45,1
2,b3,2,0|5,1.7788,45,1
2,b3,2,0|6,14.1497,45,1
2,b3,2,0|7,5.8910,45,1
2,b3,2,0|8,17.0284,45,1
2,b3,2,0|9,3.6395,45,1
2,b3,2,1|2,5.4188,45,1
2,b3,2,1|3,11.1313,45,1
2,b3,2,1|4,9.4413,45,1
2,b3,2,1|5,1.7788,45,1
2,b3,2,1|6,13.6480,45,1
2,b3,2,1|7,2.9467,45,1
2,b3,2,1|8,22.9121,45,1
2,b3,2,1|9,8.4760,45,1
2,b3,2,2|3,6.8236,45,1
2,b3,2,2|4,6.1538,45,1
2,b3,2,2|5,1.7799,45,1
2,b3,2,2|6,11.8009,45,1
2,b3,2,2|7,4.4453,45,1
2,b3,2,2|8,12.8764,45,1
2,b3,2,2|9,4.9844,45,1
2,b3,2,3|4,12.1216,45,1
2,b3,2,3|5,1.7794,45,1
2,b3,2,3|6,11.1523,45,1
2,b3,2,3|7,5.7215,45,1
2,b3,2,3|8,17.6853,45,1
2,b3,2,3|9,3.3394,45,1
2,b3,2,4|5,1.7973,45,1
2,b3,2,4|6,8.7421,45,1
2,b3,2,4|7,5.1468,45,1
2,b3,2,4|8,9.5628,45,1
2,b3,2,4|9,2.2963,45,1
2,b3,2,5|6,2.8866,45,1
2,b3,2,5|7,3.2229,45,1
2,b3,2,5|8,3.2736,45,1
2,b3,2,5|9,3.0690,45,1
2,b3,2,6|7,5.7359,45,1
2,b3,2,6|8,35.4304,45,1
2,b3,2,6|9,13.3200,45,1
2,b3,2,7|8,9.5533,45,1
2,b3,2,7|9,9.0072,45,1
2,b3,2,8|9,8.7066,45,1
2,b3,3,0|1|2,3.6927,120,1
2,b3,3,0|1|3,3.9708,120,1
2,b3,3,0|1|4,5.1244,120,1
2,b3,3,0|1|5,6.5054,120,1
2,b3,3,0|1|6,8.6205,120,1
2,b3,3,0|1|7,2.4633,120,1
2,b3,3,0|1|8,5.9746,120,1
2,b3,3,0|1|9,4.6296,120,1
2,b3,3,0|2|3,9.6048,120,1
2,b3,3,0|2|4,5.2027,120,1
2,b3,3,0|2|5,1.7788,120,1
2,b3,3,0|2|6,7.7710,120,1
2,b3,3,0|2|7,1.7948,120,1
2,b3,3,0|2|8,11.6728,120,1
2,b3,3,0|2|9,3.2668,120,1
2,b3,3,0|3|4,9.4501,120,1
2,b3,3,0|3|5,1.7788,120,1
2,b3,3,0|3|6,13.3156,120,1
2,b3,3,0|3|7,2.0871,120,1
2,b3,3,0|3|8,13.1948,120,1
2,b3,3,0|3|9,3.9527,120,1
2,b3,3,0|4|5,1.7788,120,1
2,b3,3,0|4|6,6.9813,120,1
2,b3,3,0|4|7,3.3504,120,1
2,b3,3,0|4|8,6.8117,120,1
2,b3,3,0|4|9,1.7258,120,1
2,b3,3,0|5|6,1.7788,120,1
2,b3,3,0|5|7,1.7788,120,1
2,b3,3,0|5|8,1.7788,120,1
2,b3,3,0|5|9,1.7788,120,1
2,b3,3,0|6|7,3.7120,120,1
2,b3,3,0|6|8,13.6367,120,1
2,b3,3,0|6|9,5.5481,120,1
2,b3,3,0|7|8,5.6793,120,1
2,b3,3,0|7|9,5.1524,120,1
2,b3,3,0|8|9,2.6097,120,1
2,b3,3,1|2|3,3.6152,120,1
2,b3,3,1|2|4,5.4889,120,1
2,b3,3,1|2|5,2.2265,120,1
2,b3,3,1|2|6,3.4448,120,1
2,b3,3,1|2|7,3.7849,120,1
2,b3,3,1|2|8,5.4092,120,1
2,b3,3,1|2|9,1.5152,120,1
2,b3,3,1|3|4,11.2873,120,1
2,b3,3,1|3|5,1.7788,120,1
2,b3,3,1|3|6,11.1139,120,1
2,b3,3,1|3|7,3.8899,120,1
2,b3,3,1|3|8,11.0473,120,1
2,b3,3,1|3|9,3.8388,120,1
2,b3,3,1|4|5,1.7788,120,1
2,b3,3,1|4|6,8.9458,120,1
2,b3,3,1|4|7,3.1844,120,1
2,b3,3,1|4|8,8.8148,120,1
2,b3,3,1|4|9,1.8383,120,1
2,b3,3,1|5|6,1.7788,120,1
2,b3,3,1|5|7,1.7788,120,1
2,b3,3,1|5|8,1.7788,120,1
2,b3,3,1|5|9,1.7788,120,1
2,b3,3,1|6|7,3.6492,120,1
2,b3,3,1|6|8,13.8208,120,1
2,b3,3,1|6|9,3.8037,120,1
2,b3,3,1|7|8,2.1842,120,1
2,b3,3,1|7|9,2.7880,120,1
2,b3,3,1|8|9,2.3194,120,1
2,b3,3,2|3|4,3.0194,120,1
2,b3,3,2|3|5,2.1906,120,1
2,b3,3,2|3|6,7.9508,120,1
2,b3,3,2|3|7,3.2307,120,1
2,b3,3,2|3|8,6.8828,120,1
2,b3,3,2|3|9,4.5867,120,1
2,b3,3,2|4|5,1.7788,120,1
2,b3,3,2|4|6,9.4300,120,1
2,b3,3,2|4|7,2.8366,120,1
2,b3,3,2|4|8,6.1301,120,1
2,b3,3,2|4|9,8.0358,120,1
2,b3,3,2|5|6,1.7847,120,1
2,b3,3,2|5|7,1.7788,120,1
2,b3,3,2|5|8,1.7799,120,1
2,b3,3,2|5|9,1.8821,120,1
2,b3,3,2|6|7,3.5371,120,1
2,b3,3,2|6|8,11.3482,120,1
2,b3,3,2|6|9,3.7104,120,1
2,b3,3,2|7|8,4.1674,120,1
2,b3,3,2|7|9,3.7025,120,1
2,b3,3,2|8|9,4.5416,120,1
2,b3,3,3|4|5,1.7799,120,1
2,b3,3,3|4|6,8.3197,120,1
2,b3,3,3|4|7,4.2313,120,1
2,b3,3,3|4|8,13.0383,120,1
2,b3,3,3|4|9,2.0786,120,1
2,b3,3,3|5|6,1.7799,120,1
2,b3,3,3|5|7,1.7799,120,1
2,b3,3,3|5|8,1.7978,120,1
2,b3,3,3|5|9,1.7836,120,1
2,b3,3,3|6|7,4.5754,120,1
2,b3,3,3|6|8,10.3795,120,1
2,b3,3,3|6|9,2.6236,120,1
2,b3,3,3|7|8,5.4189,120,1
2,b3,3,3|7|9,2.8329,120,1
2,b3,3,3|8|9,1.5647,120,1
2,b3,3,4|5|6,2.0157,120,1
2,b3,3,4|5|7,1.9450,120,1
2,b3,3,4|5|8,1.7973,120,1
2,b3,3,4|5|9,1.7973,120,1
2,b3,3,4|6|7,4.7535,120,1
2,b3,3,4|6|8,9.3940,120,1
2,b3,3,4|6|9,1.4813,120,1
2,b3,3,4|7|8,4.8639,120,1
2,b3,3,4|7|9,7.4357,120,1
2,b3,3,4|8|9,0.6663,120,1
2,b3,3,5|6|7,2.1266,120,1
2,b3,3,5|6|8,2.9837,120,1
2,b3,3,5|6|9,2.7905,120,1
2,b3,3,5|7|8,2.9590,120,1
2,b3,3,5|7|9,3.5258,120,1
2,b3,3,5|8|9,2.7816,120,1
2,b3,3,6|7|8,3.9483,120,1
2,b3,3,6|7|9,6.1319,120,1
2,b3,3,6|8|9,9.4862,120,1
2,b3,3,7|8|9,0.6524,120,1
2,b3,4,0|1|2|3,0.8711,210,1
2,b3,4,0|1|2|4,2.3794,210,1
2,b3,4,0|1|2|5,1.8276,210,1
2,b3,4,0|1|2|6,1.7101,210,1
2,b3,4,0|1|2|7,1.9502,210,1
2,b3,4,0|1|2|8,3.5539,210,1
2,b3,4,0|1|2|9,0.7163,210,1
2,b3,4,0|1|3|4,5.1179,210,1
2,b3,4,0|1|3|5,2.2647,210,1
2,b3,4,0|1|3|6,4.3208,210,1
2,b3,4,0|1|3|7,2.5224,210,1
2,b3,4,0|1|3|8,3.5306,210,1
2,b3,4,0|1|3|9,3.9242,210,1
2,b3,4,0|1|4|5,1.9395,210,1
2,b3,4,0|1|4|6,5.1870,210,1
2,b3,4,0|1|4|7,3.4423,210,1
2,b3,4,0|1|4|8,4.5803,210,1
2,b3,4,0|1|4|9,1.9349,210,1
2,b3,4,0|1|5|6,6.3530,210,1
2,b3,4,0|1|5|7,4.7743,210,1
2,b3,4,0|1|5|8,6.4778,210,1
2,b3,4,0|1|5|9,6.4568,210,1
2,b3,4,0|1|6|7,4.0875,210,1
2,b3,4,0|1|6|8,8.3932,210,1
2,b3,4,0|1|6|9,4.3146,210,1
2,b3,4,0|1|7|8,2.3787,210,1
2,b3,4,0|1|7|9,4.3117,210,1
2,b3,4,0|1|8|9,3.1941,210,1
2,b3,4,0|2|3|4,2.3094,210,1
2,b3,4,0|2|3|5,1.8192,210,1
2,b3,4,0|2|3|6,4.2479,210,1
2,b3,4,0|2|3|7,1.9609,210,1
2,b3,4,0|2|3|8,9.5861,210,1
2,b3,4,0|2|3|9,3.2754,210,1
2,b3,4,0|2|4|5,1.7788,210,1
2,b3,4,0|2|4|6,7.4648,210,1
2,b3,4,0|2|4|7,2.0698,210,1
2,b3,4,0|2|4|8,4.9573,210,1
2,b3,4,0|2|4|9,8.4799,210,1
2,b3,4,0|2|5|6,1.7788,210,1
2,b3,4,0|2|5|7,1.7788,210,1
2,b3,4,0|2|5|8,1.7788,210,1
2,b3,4,0|2|5|9,1.7820,210,1
2,b3,4,0|2|6|7,1.7911,210,1
2,b3,4,0|2|6|8,8.2387,210,1
2,b3,4,0|2|6|9,1.1651,210,1
2,b3,4,0|2|7|8,1.7927,210,1
2,b3,4,0|2|7|9,1.7911,210,1
2,b3,4,0|2|8|9,2.2113,210,1
2,b3,4,0|3|4|5,1.7788,210,1
2,b3,4,0|3|4|6,6.8497,210,1
2,b3,4,0|3|4|7,3.9654,210,1
2,b3,4,0|3|4|8,10.0615,210,1
2,b3,4,0|3|4|9,1.3158,210,1
2,b3,4,0|3|5|6,1.7788,210,1
2,b3,4,0|3|5|7,1.7788,210,1
2,b3,4,0|3|5|8,1.7788,210,1
2,b3,4,0|3|5|9,1.7788,210,1
2,b3,4,0|3|6|7,2.4196,210,1
2,b3,4,0|3|6|8,12.3064,210,1
2,b3,4,0|3|6|9,3.3113,210,1
2,b3,4,0|3|7|8,2.3396,210,1
2,b3,4,0|3|7|9,1.8571,210,1
2,b3,4,0|3|8|9,0.9601,210,1
2,b3,4,0|4|5|6,1.8874,210,1
2,b3,4,0|4|5|7,1.7788,210,1
2,b3,4,0|4|5|8,1.7788,210,1
2,b3,4,0|4|5|9,1.7788,210,1
2,b3,4,0|4|6|7,8.5887,210,1
2,b3,4,0|4|6|8,7.7281,210,1
2,b3,4,0|4|6|9,0.9363,210,1
2,b3,4,0|4|7|8,3.2462,210,1
2,b3,4,0|4|7|9,3.6901,210,1
2,b3,4,0|4|8|9,0.7015,210,1
2,b3,4,0|5|6|7,1.8479,210,1
2,b3,4,0|5|6|8,1.7788,210,1
2,b3,4,0|5|6|9,1.7788,210,1
2,b3,4,0|5|7|8,1.7788,210,1
2,b3,4,0|5|7|9,1.7788,210,1
2,b3,4,0|5|8|9,1.7788,210,1
2,b3,4,0|6|7|8,2.9958,210,1
2,b3,4,0|6|7|9,4.0991,210,1
2,b3,4,0|6|8|9,2.4520,210,1
2,b3,4,0|7|8|9,0.6536,210,1
2,b3,4,1|2|3|4,1.8497,210,1
2,b3,4,1|2|3|5,2.2087,210,1
2,b3,4,1|2|3|6,5.1194,210,1
2,b3,4,1|2|3|7,4.3975,210,1
2,b3,4,1|2|3|8,3.6333,210,1
2,b3,4,1|2|3|9,1.5264,210,1
2,b3,4,1|2|4|5,2.4124,210,1
2,b3,4,1|2|4|6,11.7665,210,1
2,b3,4,1|2|4|7,3.5758,210,1
2,b3,4,1|2|4|8,5.0891,210,1
2,b3,4,1|2|4|9,6.9143,210,1
2,b3,4,1|2|5|6,2.4820,210,1
2,b3,4,1|2|5|7,1.7820,210,1
2,b3,4,1|2|5|8,2.2714,210,1
2,b3,4,1|2|5|9,3.4303,210,1
2,b3,4,1|2|6|7,3.5689,210,1
2,b3,4,1|2|6|8,3.2349,210,1
2,b3,4,1|2|6|9,0.4571,210,1
2,b3,4,1|2|7|8,3.9132,210,1
2,b3,4,1|2|7|9,2.3089,210,1
2,b3,4,1|2|8|9,1.4415,210,1
2,b3,4,1|3|4|5,1.7794,210,1
2,b3,4,1|3|4|6,9.5651,210,1
2,b3,4,1|3|4|7,1.1995,210,1
2,b3,4,1|3|4|8,11.4683,210,1
2,b3,4,1|3|4|9,1.5949,210,1
2,b3,4,1|3|5|6,1.7799,210,1
2,b3,4,1|3|5|7,1.7794,210,1
2,b3,4,1|3|5|8,1.7788,210,1
2,b3,4,1|3|5|9,1.7799,210,1
2,b3,4,1|3|6|7,2.8539,210,1
2,b3,4,1|3|6|8,10.1424,210,1
2,b3,4,1|3|6|9,3.0128,210,1
2,b3,4,1|3|7|8,4.0366,210,1
2,b3,4,1|3|7|9,2.6346,210,1
2,b3,4,1|3|8|9,1.2628,210,1
2,b3,4,1|4|5|6,1.7788,210,1
2,b3,4,1|4|5|7,1.7788,210,1
2,b3,4,1|4|5|8,1.7788,210,1
2,b3,4,1|4|5|9,1.7788,210,1
2,b3,4,1|4|6|7,3.5548,210,1
2,b3,4,1|4|6|8,9.3634,210,1
2,b3,4,1|4|6|9,1.2730,210,1
2,b3,4,1|4|7|8,3.0154,210,1
2,b3,4,1|4|7|9,4.5441,210,1
2,b3,4,1|4|8|9,0.7223,210,1
2,b3,4,1|5|6|7,1.7794,210,1
2,b3,4,1|5|6|8,1.7788,210,1
2,b3,4,1|5|6|9,1.7788,210,1
2,b3,4,1|5|7|8,1.7788,210,1
2,b3,4,1|5|7|9,1.7788,210,1
2,b3,4,1|5|8|9,1.7788,210,1
2,b3,4,1|6|7|8,2.9344,210,1
2,b3,4,1|6|7|9,2.6341,210,1
2,b3,4,1|6|8|9,2.1811,210,1
2,b3,4,1|7|8|9,0.6509,210,1
2,b3,4,2|3|4|5,1.1051,210,1
2,b3,4,2|3|4|6,2.6222,210,1
2,b3,4,2|3|4|7,10.0404,210,1
2,b3,4,2|3|4|8,2.9944,210,1
2,b3,4,2|3|4|9,2.6334,210,1
2,b3,4,2|3|5|6,2.4884,210,1
2,b3,4,2|3|5|7,1.7794,210,1
2,b3,4,2|3|5|8,2.2890,210,1
2,b3,4,2|3|5|9,1.2089,210,1
2,b3,4,2|3|6|7,2.8550,210,1
2,b3,4,2|3|6|8,7.9922,210,1
2,b3,4,2|3|6|9,1.8415,210,1
2,b3,4,2|3|7|8,3.1857,210,1
2,b3,4,2|3|7|9,2.9926,210,1
2,b3,4,2|3|8|9,2.1343,210,1
2,b3,4,2|4|5|6,1.7788,210,1
2,b3,4,2|4|5|7,1.7788,210,1
2,b3,4,2|4|5|8,1.7788,210,1
2,b3,4,2|4|5|9,1.7862,210,1
2,b3,4,2|4|6|7,7.1965,210,1
2,b3,4,2|4|6|8,8.5997,210,1
2,b3,4,2|4|6|9,4.3933,210,1
2,b3,4,2|4|7|8,2.8418,210,1
2,b3,4,2|4|7|9,5.0728,210,1
2,b3,4,2|4|8|9,1.3256,210,1
2,b3,4,2|5|6|7,1.7799,210,1
2,b3,4,2|5|6|8,1.7847,210,1
2,b3,4,2|5|6|9,2.8124,210,1
2,b3,4,2|5|7|8,1.7788,210,1
2,b3,4,2|5|7|9,1.7788,210,1
2,b3,4,2|5|8|9,1.9440,210,1
2,b3,4,2|6|7|8,1.8742,210,1
2,b3,4,2|6|7|9,3.5203,210,1
2,b3,4,2|6|8|9,3.8298,210,1
2,b3,4,2|7|8|9,0.7948,210,1
2,b3,4,3|4|5|6,1.7788,210,1
2,b3,4,3|4|5|7,1.7788,210,1
2,b3,4,3|4|5|8,1.7799,210,1
2,b3,4,3|4|5|9,1.7820,210,1
2,b3,4,3|4|6|7,6.1190,210,1
2,b3,4,3|4|6|8,9.6118,210,1
2,b3,4,3|4|6|9,1.4298,210,1
2,b3,4,3|4|7|8,4.6875,210,1
2,b3,4,3|4|7|9,2.9560,210,1
2,b3,4,3|4|8|9,0.7643,210,1
2,b3,4,3|5|6|7,2.0644,210,1
2,b3,4,3|5|6|8,1.7799,210,1
2,b3,4,3|5|6|9,1.7857,210,1
2,b3,4,3|5|7|8,1.7804,210,1
2,b3,4,3|5|7|9,1.7788,210,1
2,b3,4,3|5|8|9,1.7799,210,1
2,b3,4,3|6|7|8,2.9079,210,1
2,b3,4,3|6|7|9,2.6858,210,1
2,b3,4,3|6|8|9,1.5116,210,1
2,b3,4,3|7|8|9,0.6509,210,1
2,b3,4,4|5|6|7,6.1247,210,1
2,b3,4,4|5|6|8,1.8508,210,1
2,b3,4,4|5|6|9,0.9694,210,1
2,b3,4,4|5|7|8,1.8710,210,1
2,b3,4,4|5|7|9,2.1464,210,1
2,b3,4,4|5|8|9,3.5269,210,1
2,b3,4,4|6|7|8,6.6997,210,1
2,b3,4,4|6|7|9,5.7029,210,1
2,b3,4,4|6|8|9,0.6649,210,1
2,b3,4,4|7|8|9,0.6509,210,1
2,b3,4,5|6|7|8,2.1472,210,1
2,b3,4,5|6|7|9,2.0859,210,1
2,b3,4,5|6|8|9,2.4576,210,1
2,b3,4,5|7|8|9,1.8496,210,1
2,b3,4,6|7|8|9,0.6509,210,1
2,b3,5,0|1|2|3|4,1.7871,252,1
2,b3,5,0|1|2|3|5,2.2738,252,1
2,b3,5,0|1|2|3|6,1.0446,252,1
2,b3,5,0|1|2|3|7,2.0426,252,1
2,b3,5,0|1|2|3|8,0.8672,252,1
2,b3,5,0|1|2|3|9,0.5625,252,1
2,b3,5,0|1|2|4|5,2.0925,252,1
2,b3,5,0|1|2|4|6,2.9477,252,1
2,b3,5,0|1|2|4|7,1.7841,252,1
2,b3,5,0|1|2|4|8,2.4186,252,1
2,b3,5,0|1|2|4|9,1.3884,252,1
2,b3,5,0|1|2|5|6,1.9019,252,1
2,b3,5,0|1|2|5|7,1.7788,252,1
2,b3,5,0|1|2|5|8,1.8383,252,1
2,b3,5,0|1|2|5|9,1.9759,252,1
2,b3,5,0|1|2|6|7,1.8646,252,1
2,b3,5,0|1|2|6|8,2.0410,252,1
2,b3,5,0|1|2|6|9,0.4558,252,1
2,b3,5,0|1|2|7|8,1.9276,252,1
2,b3,5,0|1|2|7|9,2.8334,252,1
2,b3,5,0|1|2|8|9,1.0636,252,1
2,b3,5,0|1|3|4|5,2.1800,252,1
2,b3,5,0|1|3|4|6,5.2419,252,1
2,b3,5,0|1|3|4|7,2.0585,252,1
2,b3,5,0|1|3|4|8,4.2027,252,1
2,b3,5,0|1|3|4|9,1.9691,252,1
2,b3,5,0|1|3|5|6,2.2686,252,1
2,b3,5,0|1|3|5|7,2.0558,252,1
2,b3,5,0|1|3|5|8,2.2709,252,1
2,b3,5,0|1|3|5|9,2.3263,252,1
2,b3,5,0|1|3|6|7,3.6096,252,1
2,b3,5,0|1|3|6|8,4.0479,252,1
2,b3,5,0|1|3|6|9,2.4407,252,1
2,b3,5,0|1|3|7|8,2.2901,252,1
2,b3,5,0|1|3|7|9,3.7884,252,1
2,b3,5,0|1|3|8|9,2.0922,252,1
2,b3,5,0|1|4|5|6,2.4706,252,1
2,b3,5,0|1|4|5|7,1.8894,252,1
2,b3,5,0|1|4|5|8,1.9560,252,1
2,b3,5,0|1|4|5|9,1.9523,252,1
2,b3,5,0|1|4|6|7,3.2638,252,1
2,b3,5,0|1|4|6|8,5.2246,252,1
2,b3,5,0|1|4|6|9,1.9330,252,1
2,b3,5,0|1|4|7|8,3.4068,252,1
2,b3,5,0|1|4|7|9,4.9678,252,1
2,b3,5,0|1|4|8|9,1.7201,252,1
2,b3,5,0|1|5|6|7,1.9000,252,1
2,b3,5,0|1|5|6|8,6.4579,252,1
2,b3,5,0|1|5|6|9,6.4097,252,1
2,b3,5,0|1|5|7|8,3.6984,252,1
2,b3,5,0|1|5|7|9,5.4266,252,1
2,b3,5,0|1|5|8|9,6.3903,252,1
2,b3,5,0|1|6|7|8,4.4357,252,1
2,b3,5,0|1|6|7|9,4.5819,252,1
2,b3,5,0|1|6|8|9,3.7739,252,1
2,b3,5,0|1|7|8|9,0.6509,252,1
2,b3,5,0|2|3|4|5,1.3251,252,1
2,b3,5,0|2|3|4|6,2.4464,252,1
2,b3,5,0|2|3|4|7,6.9841,252,1
2,b3,5,0|2|3|4|8,2.3062,252,1
2,b3,5,0|2|3|4|9,2.5378,252,1
2,b3,5,0|2|3|5|6,2.2937,252,1
2,b3,5,0|2|3|5|7,1.7788,252,1
2,b3,5,0|2|3|5|8,1.8200,252,1
2,b3,5,0|2|3|5|9,2.2377,252,1
2,b3,5,0|2|3|6|7,1.7975,252,1
2,b3,5,0|2|3|6|8,4.8105,252,1
2,b3,5,0|2|3|6|9,1.6280,252,1
2,b3,5,0|2|3|7|8,1.8434,252,1
2,b3,5,0|2|3|7|9,1.8116,252,1
2,b3,5,0|2|3|8|9,1.4521,252,1
2,b3,5,0|2|4|5|6,1.7788,252,1
2,b3,5,0|2|4|5|7,1.7788,252,1
2,b3,5,0|2|4|5|8,1.7788,252,1
2,b3,5,0|2|4|5|9,1.7788,252,1
2,b3,5,0|2|4|6|7,3.3436,252,1
2,b3,5,0|2|4|6|8,6.4002,252,1
2,b3,5,0|2|4|6|9,4.3459,252,1
2,b3,5,0|2|4|7|8,1.9265,252,1
2,b3,5,0|2|4|7|9,1.8205,252,1
2,b3,5,0|2|4|8|9,0.8929,252,1
2,b3,5,0|2|5|6|7,1.7788,252,1
2,b3,5,0|2|5|6|8,1.7788,252,1
2,b3,5,0|2|5|6|9,1.8478,252,1
2,b3,5,0|2|5|7|8,1.7788,252,1
2,b3,5,0|2|5|7|9,1.7788,252,1
2,b3,5,0|2|5|8|9,1.7836,252,1
2,b3,5,0|2|6|7|8,1.7889,252,1
2,b3,5,0|2|6|7|9,1.7900,252,1
2,b3,5,0|2|6|8|9,1.7656,252,1
2,b3,5,0|2|7|8|9,0.7980,252,1
2,b3,5,0|3|4|5|6,1.7788,252,1
2,b3,5,0|3|4|5|7,1.7788,252,1
2,b3,5,0|3|4|5|8,1.7788,252,1
2,b3,5,0|3|4|5|9,1.7788,252,1
2,b3,5,0|3|4|6|7,2.0464,252,1
2,b3,5,0|3|4|6|8,7.7643,252,1
2,b3,5,0|3|4|6|9,0.9658,252,1
2,b3,5,0|3|4|7|8,3.4367,252,1
2,b3,5,0|3|4|7|9,2.1769,252,1
2,b3,5,0|3|4|8|9,0.7622,252,1
2,b3,5,0|3|5|6|7,1.7889,252,1
2,b3,5,0|3|5|6|8,1.7788,252,1
2,b3,5,0|3|5|6|9,1.7794,252,1
2,b3,5,0|3|5|7|8,1.7788,252,1
2,b3,5,0|3|5|7|9,1.7788,252,1
2,b3,5,0|3|5|8|9,1.7788,252,1
2,b3,5,0|3|6|7|8,1.8117,252,1
2,b3,5,0|3|6|7|9,1.8514,252,1
2,b3,5,0|3|6|8|9,0.8944,252,1
2,b3,5,0|3|7|8|9,0.6509,252,1
2,b3,5,0|4|5|6|7,1.7788,252,1
2,b3,5,0|4|5|6|8,1.8913,252,1
2,b3,5,0|4|5|6|9,1.0066,252,1
2,b3,5,0|4|5|7|8,1.7788,252,1
2,b3,5,0|4|5|7|9,1.7788,252,1
2,b3,5,0|4|5|8|9,3.1752,252,1
2,b3,5,0|4|6|7|8,5.3569,252,1
2,b3,5,0|4|6|7|9,3.2892,252,1
2,b3,5,0|4|6|8|9,0.6922,252,1
2,b3,5,0|4|7|8|9,0.6509,252,1
2,b3,5,0|5|6|7|8,1.8834,252,1
2,b3,5,0|5|6|7|9,1.8138,252,1
2,b3,5,0|5|6|8|9,1.7788,252,1
2,b3,5,0|5|7|8|9,1.7809,252,1
2,b3,5,0|6|7|8|9,0.6509,252,1
2,b3,5,1|2|3|4|5,0.4558,252,1
2,b3,5,1|2|3|4|6,1.7868,252,1
2,b3,5,1|2|3|4|7,3.2098,252,1
2,b3,5,1|2|3|4|8,1.8380,252,1
2,b3,5,1|2|3|4|9,1.6572,252,1
2,b3,5,1|2|3|5|6,0.7129,252,1
2,b3,5,1|2|3|5|7,2.4056,252,1
2,b3,5,1|2|3|5|8,1.8663,252,1
2,b3,5,1|2|3|5|9,0.4558,252,1
2,b3,5,1|2|3|6|7,3.9956,252,1
2,b3,5,1|2|3|6|8,5.5369,252,1
2,b3,5,1|2|3|6|9,1.0768,252,1
2,b3,5,1|2|3|7|8,4.7574,252,1
2,b3,5,1|2|3|7|9,4.2225,252,1
2,b3,5,1|2|3|8|9,1.5825,252,1
2,b3,5,1|2|4|5|6,2.6327,252,1
2,b3,5,1|2|4|5|7,2.7546,252,1
2,b3,5,1|2|4|5|8,2.4417,252,1
2,b3,5,1|2|4|5|9,3.0434,252,1
2,b3,5,1|2|4|6|7,2.7054,252,1
2,b3,5,1|2|4|6|8,11.5605,252,1
2,b3,5,1|2|4|6|9,3.7902,252,1
2,b3,5,1|2|4|7|8,3.6699,252,1
2,b3,5,1|2|4|7|9,2.5416,252,1
2,b3,5,1|2|4|8|9,1.2709,252,1
2,b3,5,1|2|5|6|7,1.7788,252,1
2,b3,5,1|2|5|6|8,2.5350,252,1
2,b3,5,1|2|5|6|9,0.6805,252,1
2,b3,5,1|2|5|7|8,1.7809,252,1
2,b3,5,1|2|5|7|9,1.8548,252,1
2,b3,5,1|2|5|8|9,3.5902,252,1
2,b3,5,1|2|6|7|8,3.1345,252,1
2,b3,5,1|2|6|7|9,2.1705,252,1
2,b3,5,1|2|6|8|9,1.4884,252,1
2,b3,5,1|2|7|8|9,0.9755,252,1
2,b3,5,1|3|4|5|6,1.7788,252,1
2,b3,5,1|3|4|5|7,1.7788,252,1
2,b3,5,1|3|4|5|8,1.7794,252,1
2,b3,5,1|3|4|5|9,1.7799,252,1
2,b3,5,1|3|4|6|7,3.6318,252,1
2,b3,5,1|3|4|6|8,9.6812,252,1
2,b3,5,1|3|4|6|9,1.2386,252,1
2,b3,5,1|3|4|7|8,1.4650,252,1
2,b3,5,1|3|4|7|9,2.4897,252,1
2,b3,5,1|3|4|8|9,0.7860,252,1
2,b3,5,1|3|5|6|7,1.7836,252,1
2,b3,5,1|3|5|6|8,1.7799,252,1
2,b3,5,1|3|5|6|9,1.7820,252,1
2,b3,5,1|3|5|7|8,1.7804,252,1
2,b3,5,1|3|5|7|9,1.7788,252,1
2,b3,5,1|3|5|8|9,1.7794,252,1
2,b3,5,1|3|6|7|8,2.1964,252,1
2,b3,5,1|3|6|7|9,2.0561,252,1
2,b3,5,1|3|6|8|9,1.0250,252,1
2,b3,5,1|3|7|8|9,0.6509,252,1
2,b3,5,1|4|5|6|7,3.4821,252,1
2,b3,5,1|4|5|6|8,1.7788,252,1
2,b3,5,1|4|5|6|9,1.0422,252,1
2,b3,5,1|4|5|7|8,1.7788,252,1
2,b3,5,1|4|5|7|9,1.7788,252,1
2,b3,5,1|4|5|8|9,2.8334,252,1
2,b3,5,1|4|6|7|8,2.7704,252,1
2,b3,5,1|4|6|7|9,4.6589,252,1
2,b3,5,1|4|6|8|9,0.7065,252,1
2,b3,5,1|4|7|8|9,0.6509,252,1
2,b3,5,1|5|6|7|8,1.7794,252,1
2,b3,5,1|5|6|7|9,1.7788,252,1
2,b3,5,1|5|6|8|9,1.7788,252,1
2,b3,5,1|5|7|8|9,1.7788,252,1
2,b3,5,1|6|7|8|9,0.6509,252,1
2,b3,5,2|3|4|5|6,1.1022,252,1
2,b3,5,2|3|4|5|7,2.6699,252,1
2,b3,5,2|3|4|5|8,1.1161,252,1
2,b3,5,2|3|4|5|9,0.4558,252,1
2,b3,5,2|3|4|6|7,3.2100,252,1
2,b3,5,2|3|4|6|8,2.5785,252,1
2,b3,5,2|3|4|6|9,1.8745,252,1
2,b3,5,2|3|4|7|8,10.1348,252,1
2,b3,5,2|3|4|7|9,7.8713,252,1
2,b3,5,2|3|4|8|9,1.5176,252,1
2,b3,5,2|3|5|6|7,1.7809,252,1
2,b3,5,2|3|5|6|8,2.3926,252,1
2,b3,5,2|3|5|6|9,0.4599,252,1
2,b3,5,2|3|5|7|8,1.7794,252,1
2,b3,5,2|3|5|7|9,1.7794,252,1
2,b3,5,2|3|5|8|9,2.5751,252,1
2,b3,5,2|3|6|7|8,2.4876,252,1
2,b3,5,2|3|6|7|9,2.5979,252,1
2,b3,5,2|3|6|8|9,1.9261,252,1
2,b3,5,2|3|7|8|9,0.7218,252,1
2,b3,5,2|4|5|6|7,6.2075,252,1
2,b3,5,2|4|5|6|8,1.7788,252,1
2,b3,5,2|4|5|6|9,3.5849,252,1
2,b3,5,2|4|5|7|8,1.7788,252,1
2,b3,5,2|4|5|7|9,1.7788,252,1
2,b3,5,2|4|5|8|9,1.9016,252,1
2,b3,5,2|4|6|7|8,3.9349,252,1
2,b3,5,2|4|6|7|9,4.6872,252,1
2,b3,5,2|4|6|8|9,0.8399,252,1
2,b3,5,2|4|7|8|9,0.6509,252,1
2,b3,5,2|5|6|7|8,1.7799,252,1
2,b3,5,2|5|6|7|9,1.7788,252,1
2,b3,5,2|5|6|8|9,2.7027,252,1
2,b3,5,2|5|7|8|9,1.7943,252,1
2,b3,5,2|6|7|8|9,0.6509,252,1
2,b3,5,3|4|5|6|7,2.0260,252,1
2,b3,5,3|4|5|6|8,1.7788,252,1
2,b3,5,3|4|5|6|9,1.7799,252,1
2,b3,5,3|4|5|7|8,1.7788,252,1
2,b3,5,3|4|5|7|9,1.7788,252,1
2,b3,5,3|4|5|8|9,1.7799,252,1
2,b3,5,3|4|6|7|8,3.6764,252,1
2,b3,5,3|4|6|7|9,3.0660,252,1
2,b3,5,3|4|6|8|9,0.7643,252,1
2,b3,5,3|4|7|8|9,0.6509,252,1
2,b3,5,3|5|6|7|8,2.1289,252,1
2,b3,5,3|5|6|7|9,1.9565,252,1
2,b3,5,3|5|6|8|9,1.7815,252,1
2,b3,5,3|5|7|8|9,1.7788,252,1
2,b3,5,3|6|7|8|9,0.6509,252,1
2,b3,5,4|5|6|7|8,5.8835,252,1
2,b3,5,4|5|6|7|9,2.8449,252,1
2,b3,5,4|5|6|8|9,0.7754,252,1
2,b3,5,4|5|7|8|9,0.8482,252,1
2,b3,5,4|6|7|8|9,0.6509,252,1
2,b3,5,5|6|7|8|9,0.6509,252,1
2,b3,6,0|1|2|3|4|5,1.7788,210,1
2,b3,6,0|1|2|3|4|6,1.7847,210,1
2,b3,6,0|1|2|3|4|7,1.7788,210,1
2,b3,6,0|1|2|3|4|8,1.7767,210,1
2,b3,6,0|1|2|3|4|9,1.2613,210,1
2,b3,6,0|1|2|3|5|6,2.5476,210,1
2,b3,6,0|1|2|3|5|7,2.1050,210,1
2,b3,6,0|1|2|3|5|8,2.3019,210,1
2,b3,6,0|1|2|3|5|9,2.5080,210,1
2,b3,6,0|1|2|3|6|7,1.8935,210,1
2,b3,6,0|1|2|3|6|8,1.0178,210,1
2,b3,6,0|1|2|3|6|9,0.7154,210,1
2,b3,6,0|1|2|3|7|8,1.9850,210,1
2,b3,6,0|1|2|3|7|9,2.0531,210,1
2,b3,6,0|1|2|3|8|9,1.0309,210,1
2,b3,6,0|1|2|4|5|6,2.1395,210,1
2,b3,6,0|1|2|4|5|7,1.7809,210,1
2,b3,6,0|1|2|4|5|8,2.1028,210,1
2,b3,6,0|1|2|4|5|9,2.1824,210,1
2,b3,6,0|1|2|4|6|7,1.7794,210,1
2,b3,6,0|1|2|4|6|8,2.9753,210,1
2,b3,6,0|1|2|4|6|9,2.6819,210,1
2,b3,6,0|1|2|4|7|8,1.7804,210,1
2,b3,6,0|1|2|4|7|9,1.8089,210,1
2,b3,6,0|1|2|4|8|9,0.9842,210,1
2,b3,6,0|1|2|5|6|7,1.7788,210,1
2,b3,6,0|1|2|5|6|8,1.9147,210,1
2,b3,6,0|1|2|5|6|9,2.2645,210,1
2,b3,6,0|1|2|5|7|8,1.7788,210,1
2,b3,6,0|1|2|5|7|9,1.7836,210,1
2,b3,6,0|1|2|5|8|9,2.0151,210,1
2,b3,6,0|1|2|6|7|8,1.8056,210,1
2,b3,6,0|1|2|6|7|9,2.1354,210,1
2,b3,6,0|1|2|6|8|9,1.3791,210,1
2,b3,6,0|1|2|7|8|9,1.4143,210,1
2,b3,6,0|1|3|4|5|6,2.1768,210,1
2,b3,6,0|1|3|4|5|7,1.8040,210,1
2,b3,6,0|1|3|4|5|8,2.1908,210,1
2,b3,6,0|1|3|4|5|9,2.2021,210,1
2,b3,6,0|1|3|4|6|7,2.2150,210,1
2,b3,6,0|1|3|4|6|8,5.3609,210,1
2,b3,6,0|1|3|4|6|9,1.9219,210,1
2,b3,6,0|1|3|4|7|8,1.9723,210,1
2,b3,6,0|1|3|4|7|9,4.1095,210,1
2,b3,6,0|1|3|4|8|9,1.9132,210,1
2,b3,6,0|1|3|5|6|7,2.2783,210,1
2,b3,6,0|1|3|5|6|8,2.2936,210,1
2,b3,6,0|1|3|5|6|9,2.4917,210,1
2,b3,6,0|1|3|5|7|8,1.7809,210,1
2,b3,6,0|1|3|5|7|9,1.9452,210,1
2,b3,6,0|1|3|5|8|9,2.2841,210,1
2,b3,6,0|1|3|6|7|8,3.2103,210,1
2,b3,6,0|1|3|6|7|9,3.5767,210,1
2,b3,6,0|1|3|6|8|9,2.0534,210,1
2,b3,6,0|1|3|7|8|9,0.6552,210,1
2,b3,6,0|1|4|5|6|7,1.8157,210,1
2,b3,6,0|1|4|5|6|8,2.4835,210,1
2,b3,6,0|1|4|5|6|9,1.9177,210,1
2,b3,6,0|1|4|5|7|8,1.7788,210,1
2,b3,6,0|1|4|5|7|9,1.9078,210,1
2,b3,6,0|1|4|5|8|9,1.9501,210,1
2,b3,6,0|1|4|6|7|8,3.0799,210,1
2,b3,6,0|1|4|6|7|9,6.1311,210,1
2,b3,6,0|1|4|6|8|9,1.6412,210,1
2,b3,6,0|1|4|7|8|9,0.6509,210,1
2,b3,6,0|1|5|6|7|8,1.7959,210,1
2,b3,6,0|1|5|6|7|9,2.0791,210,1
2,b3,6,0|1|5|6|8|9,6.2807,210,1
2,b3,6,0|1|5|7|8|9,1.7788,210,1
2,b3,6,0|1|6|7|8|9,0.6509,210,1
2,b3,6,0|2|3|4|5|6,1.3135,210,1
2,b3,6,0|2|3|4|5|7,2.2284,210,1
2,b3,6,0|2|3|4|5|8,1.3032,210,1
2,b3,6,0|2|3|4|5|9,0.9864,210,1
2,b3,6,0|2|3|4|6|7,1.7927,210,1
2,b3,6,0|2|3|4|6|8,2.4473,210,1
2,b3,6,0|2|3|4|6|9,1.8917,210,1
2,b3,6,0|2|3|4|7|8,7.4296,210,1
2,b3,6,0|2|3|4|7|9,5.6231,210,1
2,b3,6,0|2|3|4|8|9,1.1162,210,1
2,b3,6,0|2|3|5|6|7,1.7799,210,1
2,b3,6,0|2|3|5|6|8,2.2689,210,1
2,b3,6,0|2|3|5|6|9,0.9719,210,1
2,b3,6,0|2|3|5|7|8,1.7788,210,1
2,b3,6,0|2|3|5|7|9,1.7788,210,1
2,b3,6,0|2|3|5|8|9,2.7306,210,1
2,b3,6,0|2|3|6|7|8,1.7889,210,1
2,b3,6,0|2|3|6|7|9,1.7894,210,1
2,b3,6,0|2|3|6|8|9,1.1608,210,1
2,b3,6,0|2|3|7|8|9,0.7533,210,1
2,b3,6,0|2|4|5|6|7,2.1195,210,1
2,b3,6,0|2|4|5|6|8,1.7788,210,1
2,b3,6,0|2|4|5|6|9,3.2098,210,1
2,b3,6,0|2|4|5|7|8,1.7788,210,1
2,b3,6,0|2|4|5|7|9,1.7788,210,1
2,b3,6,0|2|4|5|8|9,1.7788,210,1
2,b3,6,0|2|4|6|7|8,2.2559,210,1
2,b3,6,0|2|4|6|7|9,1.7879,210,1
2,b3,6,0|2|4|6|8|9,0.8593,210,1
2,b3,6,0|2|4|7|8|9,0.6509,210,1
2,b3,6,0|2|5|6|7|8,1.7788,210,1
2,b3,6,0|2|5|6|7|9,1.7788,210,1
2,b3,6,0|2|5|6|8|9,1.8819,210,1
2,b3,6,0|2|5|7|8|9,1.7788,210,1
2,b3,6,0|2|6|7|8|9,0.6509,210,1
2,b3,6,0|3|4|5|6|7,1.7804,210,1
2,b3,6,0|3|4|5|6|8,1.7788,210,1
2,b3,6,0|3|4|5|6|9,1.7788,210,1
2,b3,6,0|3|4|5|7|8,1.7788,210,1
2,b3,6,0|3|4|5|7|9,1.7788,210,1
2,b3,6,0|3|4|5|8|9,1.7788,210,1
2,b3,6,0|3|4|6|7|8,1.7927,210,1
2,b3,6,0|3|4|6|7|9,1.9224,210,1
2,b3,6,0|3|4|6|8|9,0.7590,210,1
2,b3,6,0|3|4|7|8|9,0.6509,210,1
2,b3,6,0|3|5|6|7|8,1.7997,210,1
2,b3,6,0|3|5|6|7|9,1.7794,210,1
2,b3,6,0|3|5|6|8|9,1.7788,210,1
2,b3,6,0|3|5|7|8|9,1.7788,210,1
2,b3,6,0|3|6|7|8|9,0.6509,210,1
2,b3,6,0|4|5|6|7|8,1.7794,210,1
2,b3,6,0|4|5|6|7|9,1.7794,210,1
2,b3,6,0|4|5|6|8|9,0.8235,210,1
2,b3,6,0|4|5|7|8|9,1.5771,210,1
2,b3,6,0|4|6|7|8|9,0.6509,210,1
2,b3,6,0|5|6|7|8|9,0.6509,210,1
2,b3,6,1|2|3|4|5|6,0.4558,210,1
2,b3,6,1|2|3|4|5|7,1.1374,210,1
2,b3,6,1|2|3|4|5|8,0.4558,210,1
2,b3,6,1|2|3|4|5|9,0.4558,210,1
2,b3,6,1|2|3|4|6|7,3.1199,210,1
2,b3,6,1|2|3|4|6|8,1.7717,210,1
2,b3,6,1|2|3|4|6|9,1.6686,210,1
2,b3,6,1|2|3|4|7|8,3.1755,210,1
2,b3,6,1|2|3|4|7|9,2.9097,210,1
2,b3,6,1|2|3|4|8|9,1.7520,210,1
2,b3,6,1|2|3|5|6|7,2.0384,210,1
2,b3,6,1|2|3|5|6|8,0.6956,210,1
2,b3,6,1|2|3|5|6|9,0.4558,210,1
2,b3,6,1|2|3|5|7|8,2.4076,210,1
2,b3,6,1|2|3|5|7|9,2.5300,210,1
2,b3,6,1|2|3|5|8|9,0.7497,210,1
2,b3,6,1|2|3|6|7|8,3.2982,210,1
2,b3,6,1|2|3|6|7|9,3.0354,210,1
2,b3,6,1|2|3|6|8|9,1.3314,210,1
2,b3,6,1|2|3|7|8|9,0.9956,210,1
2,b3,6,1|2|4|5|6|7,6.7824,210,1
2,b3,6,1|2|4|5|6|8,2.6374,210,1
2,b3,6,1|2|4|5|6|9,1.1433,210,1
2,b3,6,1|2|4|5|7|8,2.7368,210,1
2,b3,6,1|2|4|5|7|9,2.1978,210,1
2,b3,6,1|2|4|5|8|9,3.3629,210,1
2,b3,6,1|2|4|6|7|8,5.4549,210,1
2,b3,6,1|2|4|6|7|9,2.9811,210,1
2,b3,6,1|2|4|6|8|9,1.4133,210,1
2,b3,6,1|2|4|7|8|9,0.7562,210,1
2,b3,6,1|2|5|6|7|8,1.7788,210,1
2,b3,6,1|2|5|6|7|9,1.7788,210,1
2,b3,6,1|2|5|6|8|9,1.3371,210,1
2,b3,6,1|2|5|7|8|9,2.1526,210,1
2,b3,6,1|2|6|7|8|9,0.6550,210,1
2,b3,6,1|3|4|5|6|7,1.7799,210,1
2,b3,6,1|3|4|5|6|8,1.7788,210,1
2,b3,6,1|3|4|5|6|9,1.7794,210,1
2,b3,6,1|3|4|5|7|8,1.7788,210,1
2,b3,6,1|3|4|5|7|9,1.7788,210,1
2,b3,6,1|3|4|5|8|9,1.7799,210,1
2,b3,6,1|3|4|6|7|8,2.9575,210,1
2,b3,6,1|3|4|6|7|9,2.0840,210,1
2,b3,6,1|3|4|6|8|9,0.7834,210,1
2,b3,6,1|3|4|7|8|9,0.6509,210,1
2,b3,6,1|3|5|6|7|8,1.7841,210,1
2,b3,6,1|3|5|6|7|9,1.7788,210,1
2,b3,6,1|3|5|6|8|9,1.7799,210,1
2,b3,6,1|3|5|7|8|9,1.7788,210,1
2,b3,6,1|3|6|7|8|9,0.6509,210,1
2,b3,6,1|4|5|6|7|8,4.5041,210,1
2,b3,6,1|4|5|6|7|9,2.4602,210,1
2,b3,6,1|4|5|6|8|9,0.8212,210,1
2,b3,6,1|4|5|7|8|9,1.5370,210,1
2,b3,6,1|4|6|7|8|9,0.6509,210,1
2,b3,6,1|5|6|7|8|9,0.6509,210,1
2,b3,6,2|3|4|5|6|7,2.1705,210,1
2,b3,6,2|3|4|5|6|8,1.1120,210,1
2,b3,6,2|3|4|5|6|9,0.7752,210,1
2,b3,6,2|3|4|5|7|8,2.9230,210,1
2,b3,6,2|3|4|5|7|9,3.1744,210,1
2,b3,6,2|3|4|5|8|9,0.7858,210,1
2,b3,6,2|3|4|6|7|8,2.6984,210,1
2,b3,6,2|3|4|6|7|9,2.8286,210,1
2,b3,6,2|3|4|6|8|9,1.6879,210,1
2,b3,6,2|3|4|7|8|9,0.7076,210,1
2,b3,6,2|3|5|6|7|8,1.7815,210,1
2,b3,6,2|3|5|6|7|9,1.7788,210,1
2,b3,6,2|3|5|6|8|9,1.3978,210,1
2,b3,6,2|3|5|7|8|9,1.7788,210,1
2,b3,6,2|3|6|7|8|9,0.6509,210,1
2,b3,6,2|4|5|6|7|8,6.2075,210,1
2,b3,6,2|4|5|6|7|9,2.4602,210,1
2,b3,6,2|4|5|6|8|9,1.0071,210,1
2,b3,6,2|4|5|7|8|9,1.8646,210,1
2,b3,6,2|4|6|7|8|9,0.6509,210,1
2,b3,6,2|5|6|7|8|9,0.6509,210,1
2,b3,6,3|4|5|6|7|8,2.1028,210,1
2,b3,6,3|4|5|6|7|9,1.8810,210,1
2,b3,6,3|4|5|6|8|9,1.1003,210,1
2,b3,6,3|4|5|7|8|9,1.7794,210,1
2,b3,6,3|4|6|7|8|9,0.6509,210,1
2,b3,6,3|5|6|7|8|9,0.6509,210,1
2,b3,6,4|5|6|7|8|9,0.6509,210,1
2,b4,0,,65.3475,1,1
2,b4,1,0,63.7377,10,1
2,b4,1,1,60.6407,10,1
2,b4,1,2,63.5307,10,1
2,b4,1,3,65.5247,10,1
2,b4,1,4,65.3068,10,1
2,b4,1,5,65.7742,10,1
2,b4,1,6,65.6967,10,1
2,b4,1,7,64.8047,10,1
2,b4,1,8,63.8721,10,1
2,b4,1,9,66.1224,10,1
2,b4,2,0|1,52.9586,45,1
2,b4,2,0|2,61.7586,45,1
2,b4,2,0|3,62.5936,45,1
2,b4,2,0|4,62.7115,45,1
2,b4,2,0|5,63.6073,45,1
2,b4,2,0|6,64.0563,45,1
2,b4,2,0|7,63.2582,45,1
2,b4,2,0|8,62.2006,45,1
2,b4,2,0|9,64.0853,45,1
2,b4,2,1|2,58.7597,45,1
2,b4,2,1|3,59.2175,45,1
2,b4,2,1|4,59.0895,45,1
2,b4,2,1|5,59.1777,45,1
2,b4,2,1|6,59.0968,45,1
2,b4,2,1|7,58.2244,45,1
2,b4,2,1|8,59.2114,45,1
2,b4,2,1|9,60.0528,45,1
2,b4,2,2|3,54.6724,45,1
2,b4,2,2|4,62.2379,45,1
2,b4,2,2|5,63.6319,45,1
2,b4,2,2|6,63.1796,45,1
2,b4,2,2|7,63.2539,45,1
2,b4,2,2|8,61.9982,45,1
2,b4,2,2|9,63.7975,45,1
2,b4,2,3|4,62.9126,45,1
2,b4,2,3|5,65.6554,45,1
2,b4,2,3|6,65.3683,45,1
2,b4,2,3|7,65.1575,45,1
2,b4,2,3|8,64.2670,45,1
2,b4,2,3|9,65.8749,45,1
2,b4,2,4|5,65.7844,45,1
2,b4,2,4|6,64.0696,45,1
2,b4,2,4|7,64.1059,45,1
2,b4,2,4|8,63.4985,45,1
2,b4,2,4|9,65.1664,45,1
2,b4,2,5|6,65.7404,45,1
2,b4,2,5|7,64.8687,45,1
2,b4,2,5|8,64.3714,45,1
2,b4,2,5|9,65.4445,45,1
2,b4,2,6|7,65.1117,45,1
2,b4,2,6|8,63.7869,45,1
2,b4,2,6|9,65.9146,45,1
2,b4,2,7|8,63.1317,45,1
2,b4,2,7|9,64.6365,45,1
2,b4,2,8|9,62.6491,45,1
2,b4,3,0|1|2,50.2222,120,1
2,b4,3,0|1|3,51.0515,120,1
2,b4,3,0|1|4,52.7746,120,1
2,b4,3,0|1|5,52.2660,120,1
2,b4,3,0|1|6,51.0219,120,1
2,b4,3,0|1|7,50.1740,120,1
2,b4,3,0|1|8,52.1354,120,1
2,b4,3,0|1|9,51.8917,120,1
2,b4,3,0|2|3,53.3671,120,1
2,b4,3,0|2|4,60.7206,120,1
2,b4,3,0|2|5,62.0133,120,1
2,b4,3,0|2|6,61.8392,120,1
2,b4,3,0|2|7,61.3692,120,1
2,b4,3,0|2|8,60.9919,120,1
2,b4,3,0|2|9,62.0006,120,1
2,b4,3,0|3|4,61.7842,120,1
2,b4,3,0|3|5,63.3683,120,1
2,b4,3,0|3|6,63.3811,120,1
2,b4,3,0|3|7,62.8186,120,1
2,b4,3,0|3|8,62.1296,120,1
2,b4,3,0|3|9,63.6976,120,1
2,b4,3,0|4|5,63.1319,120,1
2,b4,3,0|4|6,62.4834,120,1
2,b4,3,0|4|7,62.6708,120,1
2,b4,3,0|4|8,61.9570,120,1
2,b4,3,0|4|9,63.2095,120,1
2,b4,3,0|5|6,64.3928,120,1
2,b4,3,0|5|7,63.7627,120,1
2,b4,3,0|5|8,63.2201,120,1
2,b4,3,0|5|9,64.3679,120,1
2,b4,3,0|6|7,63.7121,120,1
2,b4,3,0|6|8,62.4474,120,1
2,b4,3,0|6|9,65.1319,120,1
2,b4,3,0|7|8,62.0023,120,1
2,b4,3,0|7|9,63.6576,120,1
2,b4,3,0|8|9,62.5327,120,1
2,b4,3,1|2|3,49.5164,120,1
2,b4,3,1|2|4,56.1856,120,1
2,b4,3,1|2|5,58.4727,120,1
2,b4,3,1|2|6,57.8763,120,1
2,b4,3,1|2|7,56.3994,120,1
2,b4,3,1|2|8,58.0175,120,1
2,b4,3,1|2|9,58.2572,120,1
2,b4,3,1|3|4,56.2413,120,1
2,b4,3,1|3|5,58.3104,120,1
2,b4,3,1|3|6,57.9584,120,1
2,b4,3,1|3|7,57.2855,120,1
2,b4,3,1|3|8,57.3810,120,1
2,b4,3,1|3|9,59.0913,120,1
2,b4,3,1|4|5,58.6805,120,1
2,b4,3,1|4|6,57.9696,120,1
2,b4,3,1|4|7,56.7594,120,1
2,b4,3,1|4|8,58.4292,120,1
2,b4,3,1|4|9,59.2099,120,1
2,b4,3,1|5|6,57.8134,120,1
2,b4,3,1|5|7,56.7571,120,1
2,b4,3,1|5|8,57.9418,120,1
2,b4,3,1|5|9,58.8547,120,1
2,b4,3,1|6|7,56.9823,120,1
2,b4,3,1|6|8,57.3097,120,1
2,b4,3,1|6|9,58.6154,120,1
2,b4,3,1|7|8,56.0115,120,1
2,b4,3,1|7|9,57.1029,120,1
2,b4,3,1|8|9,57.8098,120,1
2,b4,3,2|3|4,49.9270,120,1
2,b4,3,2|3|5,55.5372,120,1
2,b4,3,2|3|6,55.1360,120,1
2,b4,3,2|3|7,54.3355,120,1
2,b4,3,2|3|8,53.7295,120,1
2,b4,3,2|3|9,54.0365,120,1
2,b4,3,2|4|5,62.3776,120,1
2,b4,3,2|4|6,61.3487,120,1
2,b4,3,2|4|7,61.5741,120,1
2,b4,3,2|4|8,61.4706,120,1
2,b4,3,2|4|9,62.5151,120,1
2,b4,3,2|5|6,62.9717,120,1
2,b4,3,2|5|7,62.8446,120,1
2,b4,3,2|5|8,62.1123,120,1
2,b4,3,2|5|9,63.3974,120,1
2,b4,3,2|6|7,62.9834,120,1
2,b4,3,2|6|8,61.0675,120,1
2,b4,3,2|6|9,63.0424,120,1
2,b4,3,2|7|8,61.3567,120,1
2,b4,3,2|7|9,62.9899,120,1
2,b4,3,2|8|9,60.4860,120,1
2,b4,3,3|4|5,63.0675,120,1
2,b4,3,3|4|6,61.9475,120,1
2,b4,3,3|4|7,62.5550,120,1
2,b4,3,3|4|8,61.6314,120,1
2,b4,3,3|4|9,63.5023,120,1
2,b4,3,3|5|6,65.3701,120,1
2,b4,3,3|5|7,65.6309,120,1
2,b4,3,3|5|8,64.8986,120,1
2,b4,3,3|5|9,65.9937,120,1
2,b4,3,3|6|7,64.8275,120,1
2,b4,3,3|6|8,62.8539,120,1
2,b4,3,3|6|9,65.7013,120,1
2,b4,3,3|7|8,62.9062,120,1
2,b4,3,3|7|9,64.8049,120,1
2,b4,3,3|8|9,62.4274,120,1
2,b4,3,4|5|6,63.6175,120,1
2,b4,3,4|5|7,63.9616,120,1
2,b4,3,4|5|8,63.5270,120,1
2,b4,3,4|5|9,65.3591,120,1
2,b4,3,4|6|7,63.6845,120,1
2,b4,3,4|6|8,62.5223,120,1
2,b4,3,4|6|9,64.2103,120,1
2,b4,3,4|7|8,62.7487,120,1
2,b4,3,4|7|9,63.7415,120,1
2,b4,3,4|8|9,61.0724,120,1
2,b4,3,5|6|7,64.9996,120,1
2,b4,3,5|6|8,64.0490,120,1
2,b4,3,5|6|9,66.1911,120,1
2,b4,3,5|7|8,63.2840,120,1
2,b4,3,5|7|9,64.7021,120,1
2,b4,3,5|8|9,62.5915,120,1
2,b4,3,6|7|8,63.1914,120,1
2,b4,3,6|7|9,64.9347,120,1
2,b4,3,6|8|9,61.8407,120,1
2,b4,3,7|8|9,60.9662,120,1
2,b4,4,0|1|2|3,40.9915,210,1
2,b4,4,0|1|2|4,50.0441,210,1
2,b4,4,0|1|2|5,49.1283,210,1
2,b4,4,0|1|2|6,48.4649,210,1
2,b4,4,0|1|2|7,47.4749,210,1
2,b4,4,0|1|2|8,49.6421,210,1
2,b4,4,0|1|2|9,50.0101,210,1
2,b4,4,0|1|3|4,51.9510,210,1
2,b4,4,0|1|3|5,50.8338,210,1
2,b4,4,0|1|3|6,48.6625,210,1
2,b4,4,0|1|3|7,48.5158,210,1
2,b4,4,0|1|3|8,49.9094,210,1
2,b4,4,0|1|3|9,49.9736,210,1
2,b4,4,0|1|4|5,51.2383,210,1
2,b4,4,0|1|4|6,49.4698,210,1
2,b4,4,0|1|4|7,49.1846,210,1
2,b4,4,0|1|4|8,50.4678,210,1
2,b4,4,0|1|4|9,51.8123,210,1
2,b4,4,0|1|5|6,49.6581,210,1
2,b4,4,0|1|5|7,47.9170,210,1
2,b4,4,0|1|5|8,50.0442,210,1
2,b4,4,0|1|5|9,49.3033,210,1
2,b4,4,0|1|6|7,46.3205,210,1
2,b4,4,0|1|6|8,49.4096,210,1
2,b4,4,0|1|6|9,51.5351,210,1
2,b4,4,0|1|7|8,47.5400,210,1
2,b4,4,0|1|7|9,48.8922,210,1
2,b4,4,0|1|8|9,49.0589,210,1
2,b4,4,0|2|3|4,48.5411,210,1
2,b4,4,0|2|3|5,53.7674,210,1
2,b4,4,0|2|3|6,53.4201,210,1
2,b4,4,0|2|3|7,53.4282,210,1
2,b4,4,0|2|3|8,52.7657,210,1
2,b4,4,0|2|3|9,53.6368,210,1
2,b4,4,0|2|4|5,61.1078,210,1
2,b4,4,0|2|4|6,60.3028,210,1
2,b4,4,0|2|4|7,60.4689,210,1
2,b4,4,0|2|4|8,59.9964,210,1
2,b4,4,0|2|4|9,60.7663,210,1
2,b4,4,0|2|5|6,61.8821,210,1
2,b4,4,0|2|5|7,62.1053,210,1
2,b4,4,0|2|5|8,61.0116,210,1
2,b4,4,0|2|5|9,62.7318,210,1
2,b4,4,0|2|6|7,61.4110,210,1
2,b4,4,0|2|6|8,60.4549,210,1
2,b4,4,0|2|6|9,62.5821,210,1
2,b4,4,0|2|7|8,60.3546,210,1
2,b4,4,0|2|7|9,62.2867,210,1
2,b4,4,0|2|8|9,59.7061,210,1
2,b4,4,0|3|4|5,62.2237,210,1
2,b4,4,0|3|4|6,60.5398,210,1
2,b4,4,0|3|4|7,61.3188,210,1
2,b4,4,0|3|4|8,60.6317,210,1
2,b4,4,0|3|4|9,62.2467,210,1
2,b4,4,0|3|5|6,63.1215,210,1
2,b4,4,0|3|5|7,62.9350,210,1
2,b4,4,0|3|5|8,62.0148,210,1
2,b4,4,0|3|5|9,64.2286,210,1
2,b4,4,0|3|6|7,63.8024,210,1
2,b4,4,0|3|6|8,62.2274,210,1
2,b4,4,0|3|6|9,63.2958,210,1
2,b4,4,0|3|7|8,61.3032,210,1
2,b4,4,0|3|7|9,63.7563,210,1
2,b4,4,0|3|8|9,61.8486,210,1
2,b4,4,0|4|5|6,62.6142,210,1
2,b4,4,0|4|5|7,62.6258,210,1
2,b4,4,0|4|5|8,61.8140,210,1
2,b4,4,0|4|5|9,63.1534,210,1
2,b4,4,0|4|6|7,61.7061,210,1
2,b4,4,0|4|6|8,61.1209,210,1
2,b4,4,0|4|6|9,62.9556,210,1
2,b4,4,0|4|7|8,61.4113,210,1
2,b4,4,0|4|7|9,62.3144,210,1
2,b4,4,0|4|8|9,60.6833,210,1
2,b4,4,0|5|6|7,64.3403,210,1
2,b4,4,0|5|6|8,63.0349,210,1
2,b4,4,0|5|6|9,65.3312,210,1
2,b4,4,0|5|7|8,62.5846,210,1
2,b4,4,0|5|7|9,63.2906,210,1
2,b4,4,0|5|8|9,62.1145,210,1
2,b4,4,0|6|7|8,62.3272,210,1
2,b4,4,0|6|7|9,64.4358,210,1
2,b4,4,0|6|8|9,61.5376,210,1
2,b4,4,0|7|8|9,60.7364,210,1
2,b4,4,1|2|3|4,42.9251,210,1
2,b4,4,1|2|3|5,48.7872,210,1
2,b4,4,1|2|3|6,49.5273,210,1
2,b4,4,1|2|3|7,48.8377,210,1
2,b4,4,1|2|3|8,49.6575,210,1
2,b4,4,1|2|3|9,49.2684,210,1
2,b4,4,1|2|4|5,56.1313,210,1
2,b4,4,1|2|4|6,55.1971,210,1
2,b4,4,1|2|4|7,54.2105,210,1
2,b4,4,1|2|4|8,55.9810,210,1
2,b4,4,1|2|4|9,56.3270,210,1
2,b4,4,1|2|5|6,57.2599,210,1
2,b4,4,1|2|5|7,54.7856,210,1
2,b4,4,1|2|5|8,56.7061,210,1
2,b4,4,1|2|5|9,57.4415,210,1
2,b4,4,1|2|6|7,56.0302,210,1
2,b4,4,1|2|6|8,55.7017,210,1
2,b4,4,1|2|6|9,57.3848,210,1
2,b4,4,1|2|7|8,55.5323,210,1
2,b4,4,1|2|7|9,55.7288,210,1
2,b4,4,1|2|8|9,55.7519,210,1
2,b4,4,1|3|4|5,55.3687,210,1
2,b4,4,1|3|4|6,55.2219,210,1
2,b4,4,1|3|4|7,54.8264,210,1
2,b4,4,1|3|4|8,55.3431,210,1
2,b4,4,1|3|4|9,57.1118,210,1
2,b4,4,1|3|5|6,57.3396,210,1
2,b4,4,1|3|5|7,56.7245,210,1
2,b4,4,1|3|5|8,57.1398,210,1
2,b4,4,1|3|5|9,58.0312,210,1
2,b4,4,1|3|6|7,55.3978,210,1
2,b4,4,1|3|6|8,56.3534,210,1
2,b4,4,1|3|6|9,57.3634,210,1
2,b4,4,1|3|7|8,55.9627,210,1
2,b4,4,1|3|7|9,56.8628,210,1
2,b4,4,1|3|8|9,56.6536,210,1
2,b4,4,1|4|5|6,56.7805,210,1
2,b4,4,1|4|5|7,55.8362,210,1
2,b4,4,1|4|5|8,57.0296,210,1
2,b4,4,1|4|5|9,58.3200,210,1
2,b4,4,1|4|6|7,54.7926,210,1
2,b4,4,1|4|6|8,55.5408,210,1
2,b4,4,1|4|6|9,57.5771,210,1
2,b4,4,1|4|7|8,55.3920,210,1
2,b4,4,1|4|7|9,56.5569,210,1
2,b4,4,1|4|8|9,56.2812,210,1
2,b4,4,1|5|6|7,54.8903,210,1
2,b4,4,1|5|6|8,56.5558,210,1
2,b4,4,1|5|6|9,57.5714,210,1
2,b4,4,1|5|7|8,55.1307,210,1
2,b4,4,1|5|7|9,55.3745,210,1
2,b4,4,1|5|8|9,56.4101,210,1
2,b4,4,1|6|7|8,54.4821,210,1
2,b4,4,1|6|7|9,55.6846,210,1
2,b4,4,1|6|8|9,55.0849,210,1
2,b4,4,1|7|8|9,53.7611,210,1
2,b4,4,2|3|4|5,49.6610,210,1
2,b4,4,2|3|4|6,49.0932,210,1
2,b4,4,2|3|4|7,47.8614,210,1
2,b4,4,2|3|4|8,48.4245,210,1
2,b4,4,2|3|4|9,49.6486,210,1
2,b4,4,2|3|5|6,54.6818,210,1
2,b4,4,2|3|5|7,55.2167,210,1
2,b4,4,2|3|5|8,54.9539,210,1
2,b4,4,2|3|5|9,55.2892,210,1
2,b4,4,2|3|6|7,55.1665,210,1
2,b4,4,2|3|6|8,54.9550,210,1
2,b4,4,2|3|6|9,54.6968,210,1
2,b4,4,2|3|7|8,52.7739,210,1
2,b4,4,2|3|7|9,54.6866,210,1
2,b4,4,2|3|8|9,51.6868,210,1
2,b4,4,2|4|5|6,61.0643,210,1
2,b4,4,2|4|5|7,62.0478,210,1
2,b4,4,2|4|5|8,61.3167,210,1
2,b4,4,2|4|5|9,62.6937,210,1
2,b4,4,2|4|6|7,60.5264,210,1
2,b4,4,2|4|6|8,60.5229,210,1
2,b4,4,2|4|6|9,61.4063,210,1
2,b4,4,2|4|7|8,60.5693,210,1
2,b4,4,2|4|7|9,61.7451,210,1
2,b4,4,2|4|8|9,58.3581,210,1
2,b4,4,2|5|6|7,62.4848,210,1
2,b4,4,2|5|6|8,61.0866,210,1
2,b4,4,2|5|6|9,62.6607,210,1
2,b4,4,2|5|7|8,60.9704,210,1
2,b4,4,2|5|7|9,62.6670,210,1
2,b4,4,2|5|8|9,60.4571,210,1
2,b4,4,2|6|7|8,60.1518,210,1
2,b4,4,2|6|7|9,62.3498,210,1
2,b4,4,2|6|8|9,58.5990,210,1
2,b4,4,2|7|8|9,58.6385,210,1
2,b4,4,3|4|5|6,62.2585,210,1
2,b4,4,3|4|5|7,62.8652,210,1
2,b4,4,3|4|5|8,61.7497,210,1
2,b4,4,3|4|5|9,63.6024,210,1
2,b4,4,3|4|6|7,62.1116,210,1
2,b4,4,3|4|6|8,61.0725,210,1
2,b4,4,3|4|6|9,63.0863,210,1
2,b4,4,3|4|7|8,61.3828,210,1
2,b4,4,3|4|7|9,63.0122,210,1
2,b4,4,3|4|8|9,59.8286,210,1
2,b4,4,3|5|6|7,64.6961,210,1
2,b4,4,3|5|6|8,63.4806,210,1
2,b4,4,3|5|6|9,65.9574,210,1
2,b4,4,3|5|7|8,63.5407,210,1
2,b4,4,3|5|7|9,64.7354,210,1
2,b4,4,3|5|8|9,63.0681,210,1
2,b4,4,3|6|7|8,62.0834,210,1
2,b4,4,3|6|7|9,64.4769,210,1
2,b4,4,3|6|8|9,61.2081,210,1
2,b4,4,3|7|8|9,60.6742,210,1
2,b4,4,4|5|6|7,62.0423,210,1
2,b4,4,4|5|6|8,61.5629,210,1
2,b4,4,4|5|6|9,63.6552,210,1
2,b4,4,4|5|7|8,62.5702,210,1
2,b4,4,4|5|7|9,63.0527,210,1
2,b4,4,4|5|8|9,60.4728,210,1
2,b4,4,4|6|7|8,60.6979,210,1
2,b4,4,4|6|7|9,62.9846,210,1
2,b4,4,4|6|8|9,59.3248,210,1
2,b4,4,4|7|8|9,59.3571,210,1
2,b4,4,5|6|7|8,62.1275,210,1
2,b4,4,5|6|7|9,64.6955,210,1
2,b4,4,5|6|8|9,62.1448,210,1
2,b4,4,5|7|8|9,60.4753,210,1
2,b4,4,6|7|8|9,59.7999,210,1
2,b4,5,0|1|2|3|4,32.9802,252,1
2,b4,5,0|1|2|3|5,38.6224,252,1
2,b4,5,0|1|2|3|6,39.1690,252,1
2,b4,5,0|1|2|3|7,39.0977,252,1
2,b4,5,0|1|2|3|8,40.8951,252,1
2,b4,5,0|1|2|3|9,41.5457,252,1
2,b4,5,0|1|2|4|5,49.2679,252,1
2,b4,5,0|1|2|4|6,46.5355,252,1
2,b4,5,0|1|2|4|7,46.7316,252,1
2,b4,5,0|1|2|4|8,49.2243,252,1
2,b4,5,0|1|2|4|9,50.4096,252,1
2,b4,5,0|1|2|5|6,47.1299,252,1
2,b4,5,0|1|2|5|7,46.1485,252,1
2,b4,5,0|1|2|5|8,48.0954,252,1
2,b4,5,0|1|2|5|9,46.8122,252,1
2,b4,5,0|1|2|6|7,44.5053,252,1
2,b4,5,0|1|2|6|8,48.0291,252,1
2,b4,5,0|1|2|6|9,49.6032,252,1
2,b4,5,0|1|2|7|8,46.0969,252,1
2,b4,5,0|1|2|7|9,47.9539,252,1
2,b4,5,0|1|2|8|9,47.6427,252,1
2,b4,5,0|1|3|4|5,51.0671,252,1
2,b4,5,0|1|3|4|6,49.0999,252,1
2,b4,5,0|1|3|4|7,47.3933,252,1
2,b4,5,0|1|3|4|8,50.6878,252,1
2,b4,5,0|1|3|4|9,51.9588,252,1
2,b4,5,0|1|3|5|6,49.3771,252,1
2,b4,5,0|1|3|5|7,48.0395,252,1
2,b4,5,0|1|3|5|8,48.4130,252,1
2,b4,5,0|1|3|5|9,49.9055,252,1
2,b4,5,0|1|3|6|7,45.4902,252,1
2,b4,5,0|1|3|6|8,47.5654,252,1
2,b4,5,0|1|3|6|9,50.1458,252,1
2,b4,5,0|1|3|7|8,46.1267,252,1
2,b4,5,0|1|3|7|9,48.9593,252,1
2,b4,5,0|1|3|8|9,47.5409,252,1
2,b4,5,0|1|4|5|6,47.5683,252,1
2,b4,5,0|1|4|5|7,46.8628,252,1
2,b4,5,0|1|4|5|8,49.1271,252,1
2,b4,5,0|1|4|5|9,50.7954,252,1
2,b4,5,0|1|4|6|7,44.8360,252,1
2,b4,5,0|1|4|6|8,47.0876,252,1
2,b4,5,0|1|4|6|9,49.8161,252,1
2,b4,5,0|1|4|7|8,47.7403,252,1
2,b4,5,0|1|4|7|9,49.2508,252,1
2,b4,5,0|1|4|8|9,48.7608,252,1
2,b4,5,0|1|5|6|7,45.3956,252,1
2,b4,5,0|1|5|6|8,46.4475,252,1
2,b4,5,0|1|5|6|9,49.1671,252,1
2,b4,5,0|1|5|7|8,44.7239,252,1
2,b4,5,0|1|5|7|9,45.7769,252,1
2,b4,5,0|1|5|8|9,47.8601,252,1
2,b4,5,0|1|6|7|8,43.6940,252,1
2,b4,5,0|1|6|7|9,47.0885,252,1
2,b4,5,0|1|6|8|9,47.0731,252,1
2,b4,5,0|1|7|8|9,43.1784,252,1
2,b4,5,0|2|3|4|5,48.2500,252,1
2,b4,5,0|2|3|4|6,47.8014,252,1
2,b4,5,0|2|3|4|7,46.7096,252,1
2,b4,5,0|2|3|4|8,48.6164,252,1
2,b4,5,0|2|3|4|9,48.5901,252,1
2,b4,5,0|2|3|5|6,52.3955,252,1
2,b4,5,0|2|3|5|7,53.0871,252,1
2,b4,5,0|2|3|5|8,52.1128,252,1
2,b4,5,0|2|3|5|9,52.7732,252,1
2,b4,5,0|2|3|6|7,53.3340,252,1
2,b4,5,0|2|3|6|8,52.2025,252,1
2,b4,5,0|2|3|6|9,53.6051,252,1
2,b4,5,0|2|3|7|8,51.4672,252,1
2,b4,5,0|2|3|7|9,53.4537,252,1
2,b4,5,0|2|3|8|9,51.1306,252,1
2,b4,5,0|2|4|5|6,60.3592,252,1
2,b4,5,0|2|4|5|7,60.7061,252,1
2,b4,5,0|2|4|5|8,60.4189,252,1
2,b4,5,0|2|4|5|9,61.3321,252,1
2,b4,5,0|2|4|6|7,59.6667,252,1
2,b4,5,0|2|4|6|8,58.5561,252,1
2,b4,5,0|2|4|6|9,60.8195,252,1
2,b4,5,0|2|4|7|8,58.9925,252,1
2,b4,5,0|2|4|7|9,60.7206,252,1
2,b4,5,0|2|4|8|9,57.8587,252,1
2,b4,5,0|2|5|6|7,62.4887,252,1
2,b4,5,0|2|5|6|8,59.9842,252,1
2,b4,5,0|2|5|6|9,62.5521,252,1
2,b4,5,0|2|5|7|8,59.5779,252,1
2,b4,5,0|2|5|7|9,61.7545,252,1
2,b4,5,0|2|5|8|9,60.3931,252,1
2,b4,5,0|2|6|7|8,58.9564,252,1
2,b4,5,0|2|6|7|9,62.5750,252,1
2,b4,5,0|2|6|8|9,59.4431,252,1
2,b4,5,0|2|7|8|9,58.3235,252,1
2,b4,5,0|3|4|5|6,60.2555,252,1
2,b4,5,0|3|4|5|7,61.6571,252,1
2,b4,5,0|3|4|5|8,60.0116,252,1
2,b4,5,0|3|4|5|9,62.5016,252,1
2,b4,5,0|3|4|6|7,60.7430,252,1
2,b4,5,0|3|4|6|8,59.6365,252,1
2,b4,5,0|3|4|6|9,61.2294,252,1
2,b4,5,0|3|4|7|8,59.6643,252,1
2,b4,5,0|3|4|7|9,61.3277,252,1
2,b4,5,0|3|4|8|9,58.4662,252,1
2,b4,5,0|3|5|6|7,62.7666,252,1
2,b4,5,0|3|5|6|8,61.6979,252,1
2,b4,5,0|3|5|6|9,64.1365,252,1
2,b4,5,0|3|5|7|8,61.6744,252,1
2,b4,5,0|3|5|7|9,63.7164,252,1
2,b4,5,0|3|5|8|9,62.4881,252,1
2,b4,5,0|3|6|7|8,61.5530,252,1
2,b4,5,0|3|6|7|9,64.1883,252,1
2,b4,5,0|3|6|8|9,60.5087,252,1
2,b4,5,0|3|7|8|9,60.4725,252,1
2,b4,5,0|4|5|6|7,60.2884,252,1
2,b4,5,0|4|5|6|8,59.8756,252,1
2,b4,5,0|4|5|6|9,62.3223,252,1
2,b4,5,0|4|5|7|8,59.9916,252,1
2,b4,5,0|4|5|7|9,62.1326,252,1
2,b4,5,0|4|5|8|9,60.0388,252,1
2,b4,5,0|4|6|7|8,58.9579,252,1
2,b4,5,0|4|6|7|9,62.0788,252,1
2,b4,5,0|4|6|8|9,58.4627,252,1
2,b4,5,0|4|7|8|9,58.4959,252,1
2,b4,5,0|5|6|7|8,61.0198,252,1
2,b4,5,0|5|6|7|9,63.8200,252,1
2,b4,5,0|5|6|8|9,61.1802,252,1
2,b4,5,0|5|7|8|9,60.8048,252,1
2,b4,5,0|6|7|8|9,58.5715,252,1
2,b4,5,1|2|3|4|5,40.9679,252,1
2,b4,5,1|2|3|4|6,43.0232,252,1
2,b4,5,1|2|3|4|7,41.1137,252,1
2,b4,5,1|2|3|4|8,41.9448,252,1
2,b4,5,1|2|3|4|9,43.4414,252,1
2,b4,5,1|2|3|5|6,48.0020,252,1
2,b4,5,1|2|3|5|7,47.3859,252,1
2,b4,5,1|2|3|5|8,48.0240,252,1
2,b4,5,1|2|3|5|9,48.3773,252,1
2,b4,5,1|2|3|6|7,48.3150,252,1
2,b4,5,1|2|3|6|8,49.7634,252,1
2,b4,5,1|2|3|6|9,49.7730,252,1
2,b4,5,1|2|3|7|8,48.2503,252,1
2,b4,5,1|2|3|7|9,47.6291,252,1
2,b4,5,1|2|3|8|9,48.2726,252,1
2,b4,5,1|2|4|5|6,54.2041,252,1
2,b4,5,1|2|4|5|7,53.2732,252,1
2,b4,5,1|2|4|5|8,54.9496,252,1
2,b4,5,1|2|4|5|9,56.1501,252,1
2,b4,5,1|2|4|6|7,52.7533,252,1
2,b4,5,1|2|4|6|8,53.9973,252,1
2,b4,5,1|2|4|6|9,55.5097,252,1
2,b4,5,1|2|4|7|8,53.8186,252,1
2,b4,5,1|2|4|7|9,54.1999,252,1
2,b4,5,1|2|4|8|9,54.4418,252,1
2,b4,5,1|2|5|6|7,53.7623,252,1
2,b4,5,1|2|5|6|8,55.2702,252,1
2,b4,5,1|2|5|6|9,56.2195,252,1
2,b4,5,1|2|5|7|8,54.5904,252,1
2,b4,5,1|2|5|7|9,54.6890,252,1
2,b4,5,1|2|5|8|9,55.6963,252,1
2,b4,5,1|2|6|7|8,54.3094,252,1
2,b4,5,1|2|6|7|9,54.8147,252,1
2,b4,5,1|2|6|8|9,53.9535,252,1
2,b4,5,1|2|7|8|9,52.2183,252,1
2,b4,5,1|3|4|5|6,53.7543,252,1
2,b4,5,1|3|4|5|7,53.0880,252,1
2,b4,5,1|3|4|5|8,54.5654,252,1
2,b4,5,1|3|4|5|9,55.7817,252,1
2,b4,5,1|3|4|6|7,52.7314,252,1
2,b4,5,1|3|4|6|8,53.5971,252,1
2,b4,5,1|3|4|6|9,55.1997,252,1
2,b4,5,1|3|4|7|8,53.0876,252,1
2,b4,5,1|3|4|7|9,54.9896,252,1
2,b4,5,1|3|4|8|9,54.0782,252,1
2,b4,5,1|3|5|6|7,54.6869,252,1
2,b4,5,1|3|5|6|8,55.1261,252,1
2,b4,5,1|3|5|6|9,56.5222,252,1
2,b4,5,1|3|5|7|8,54.2235,252,1
2,b4,5,1|3|5|7|9,55.7031,252,1
2,b4,5,1|3|5|8|9,54.8401,252,1
2,b4,5,1|3|6|7|8,54.2668,252,1
2,b4,5,1|3|6|7|9,55.2619,252,1
2,b4,5,1|3|6|8|9,54.2093,252,1
2,b4,5,1|3|7|8|9,52.6442,252,1
2,b4,5,1|4|5|6|7,52.5462,252,1
2,b4,5,1|4|5|6|8,53.8456,252,1
2,b4,5,1|4|5|6|9,56.2656,252,1
2,b4,5,1|4|5|7|8,54.1496,252,1
2,b4,5,1|4|5|7|9,54.6965,252,1
2,b4,5,1|4|5|8|9,55.3638,252,1
2,b4,5,1|4|6|7|8,52.9971,252,1
2,b4,5,1|4|6|7|9,54.0566,252,1
2,b4,5,1|4|6|8|9,52.9538,252,1
2,b4,5,1|4|7|8|9,52.9210,252,1
2,b4,5,1|5|6|7|8,53.6872,252,1
2,b4,5,1|5|6|7|9,54.1925,252,1
2,b4,5,1|5|6|8|9,53.7673,252,1
2,b4,5,1|5|7|8|9,51.8804,252,1
2,b4,5,1|6|7|8|9,51.2898,252,1
2,b4,5,2|3|4|5|6,47.5379,252,1
2,b4,5,2|3|4|5|7,47.8257,252,1
2,b4,5,2|3|4|5|8,49.0359,252,1
2,b4,5,2|3|4|5|9,50.1713,252,1
2,b4,5,2|3|4|6|7,47.0459,252,1
2,b4,5,2|3|4|6|8,48.5558,252,1
2,b4,5,2|3|4|6|9,48.5761,252,1
2,b4,5,2|3|4|7|8,46.2491,252,1
2,b4,5,2|3|4|7|9,47.9173,252,1
2,b4,5,2|3|4|8|9,46.3094,252,1
2,b4,5,2|3|5|6|7,54.2672,252,1
2,b4,5,2|3|5|6|8,54.7122,252,1
2,b4,5,2|3|5|6|9,55.1387,252,1
2,b4,5,2|3|5|7|8,53.7205,252,1
2,b4,5,2|3|5|7|9,54.3780,252,1
2,b4,5,2|3|5|8|9,52.7824,252,1
2,b4,5,2|3|6|7|8,53.2437,252,1
2,b4,5,2|3|6|7|9,55.0455,252,1
2,b4,5,2|3|6|8|9,52.6391,252,1
2,b4,5,2|3|7|8|9,50.4131,252,1
2,b4,5,2|4|5|6|7,58.3542,252,1
2,b4,5,2|4|5|6|8,59.3449,252,1
2,b4,5,2|4|5|6|9,60.6364,252,1
2,b4,5,2|4|5|7|8,60.1061,252,1
2,b4,5,2|4|5|7|9,61.2935,252,1
2,b4,5,2|4|5|8|9,58.2056,252,1
2,b4,5,2|4|6|7|8,58.3145,252,1
2,b4,5,2|4|6|7|9,60.6707,252,1
2,b4,5,2|4|6|8|9,56.9815,252,1
2,b4,5,2|4|7|8|9,56.7788,252,1
2,b4,5,2|5|6|7|8,59.0881,252,1
2,b4,5,2|5|6|7|9,61.0383,252,1
2,b4,5,2|5|6|8|9,58.8689,252,1
2,b4,5,2|5|7|8|9,57.9349,252,1
2,b4,5,2|6|7|8|9,56.7537,252,1
2,b4,5,3|4|5|6|7,60.7473,252,1
2,b4,5,3|4|5|6|8,60.4274,252,1
2,b4,5,3|4|5|6|9,62.6484,252,1
2,b4,5,3|4|5|7|8,61.0359,252,1
2,b4,5,3|4|5|7|9,62.2898,252,1
2,b4,5,3|4|5|8|9,59.3899,252,1
2,b4,5,3|4|6|7|8,60.4127,252,1
2,b4,5,3|4|6|7|9,62.2506,252,1
2,b4,5,3|4|6|8|9,58.2670,252,1
2,b4,5,3|4|7|8|9,58.0931,252,1
2,b4,5,3|5|6|7|8,61.4974,252,1
2,b4,5,3|5|6|7|9,64.3276,252,1
2,b4,5,3|5|6|8|9,62.0570,252,1
2,b4,5,3|5|7|8|9,61.1985,252,1
2,b4,5,3|6|7|8|9,59.6652,252,1
2,b4,5,4|5|6|7|8,57.7163,252,1
2,b4,5,4|5|6|7|9,61.7623,252,1
2,b4,5,4|5|6|8|9,57.8225,252,1
2,b4,5,4|5|7|8|9,56.8377,252,1
2,b4,5,4|6|7|8|9,56.1844,252,1
2,b4,5,5|6|7|8|9,58.8000,252,1
2,b4,6,0|1|2|3|4|5,30.5786,210,1
2,b4,6,0|1|2|3|4|6,31.2669,210,1
2,b4,6,0|1|2|3|4|7,28.9212,210,1
2,b4,6,0|1|2|3|4|8,32.1742,210,1
2,b4,6,0|1|2|3|4|9,33.1067,210,1
2,b4,6,0|1|2|3|5|6,38.4264,210,1
2,b4,6,0|1|2|3|5|7,36.8216,210,1
2,b4,6,0|1|2|3|5|8,39.2379,210,1
2,b4,6,0|1|2|3|5|9,38.1695,210,1
2,b4,6,0|1|2|3|6|7,36.6194,210,1
2,b4,6,0|1|2|3|6|8,38.8646,210,1
2,b4,6,0|1|2|3|6|9,39.5306,210,1
2,b4,6,0|1|2|3|7|8,39.2119,210,1
2,b4,6,0|1|2|3|7|9,39.8858,210,1
2,b4,6,0|1|2|3|8|9,38.9142,210,1
2,b4,6,0|1|2|4|5|6,45.0278,210,1
2,b4,6,0|1|2|4|5|7,45.2843,210,1
2,b4,6,0|1|2|4|5|8,48.1835,210,1
2,b4,6,0|1|2|4|5|9,48.1693,210,1
2,b4,6,0|1|2|4|6|7,42.9750,210,1
2,b4,6,0|1|2|4|6|8,46.3055,210,1
2,b4,6,0|1|2|4|6|9,47.7100,210,1
2,b4,6,0|1|2|4|7|8,46.4073,210,1
2,b4,6,0|1|2|4|7|9,46.6875,210,1
2,b4,6,0|1|2|4|8|9,47.3944,210,1
2,b4,6,0|1|2|5|6|7,42.5977,210,1
2,b4,6,0|1|2|5|6|8,45.3396,210,1
2,b4,6,0|1|2|5|6|9,47.4348,210,1
2,b4,6,0|1|2|5|7|8,44.4533,210,1
2,b4,6,0|1|2|5|7|9,44.1606,210,1
2,b4,6,0|1|2|5|8|9,46.3015,210,1
2,b4,6,0|1|2|6|7|8,42.7537,210,1
2,b4,6,0|1|2|6|7|9,44.9087,210,1
2,b4,6,0|1|2|6|8|9,45.9261,210,1
2,b4,6,0|1|2|7|8|9,41.7830,210,1
2,b4,6,0|1|3|4|5|6,46.9293,210,1
2,b4,6,0|1|3|4|5|7,46.0658,210,1
2,b4,6,0|1|3|4|5|8,48.5131,210,1
2,b4,6,0|1|3|4|5|9,52.1410,210,1
2,b4,6,0|1|3|4|6|7,44.4763,210,1
2,b4,6,0|1|3|4|6|8,45.9223,210,1
2,b4,6,0|1|3|4|6|9,49.5415,210,1
2,b4,6,0|1|3|4|7|8,45.2070,210,1
2,b4,6,0|1|3|4|7|9,46.8178,210,1
2,b4,6,0|1|3|4|8|9,47.2885,210,1
2,b4,6,0|1|3|5|6|7,44.3844,210,1
2,b4,6,0|1|3|5|6|8,44.4745,210,1
2,b4,6,0|1|3|5|6|9,47.4443,210,1
2,b4,6,0|1|3|5|7|8,43.8797,210,1
2,b4,6,0|1|3|5|7|9,45.5554,210,1
2,b4,6,0|1|3|5|8|9,46.5311,210,1
2,b4,6,0|1|3|6|7|8,42.3330,210,1
2,b4,6,0|1|3|6|7|9,46.4835,210,1
2,b4,6,0|1|3|6|8|9,45.0391,210,1
2,b4,6,0|1|3|7|8|9,41.5248,210,1
2,b4,6,0|1|4|5|6|7,42.3298,210,1
2,b4,6,0|1|4|5|6|8,42.0501,210,1
2,b4,6,0|1|4|5|6|9,47.5061,210,1
2,b4,6,0|1|4|5|7|8,42.6647,210,1
2,b4,6,0|1|4|5|7|9,45.2870,210,1
2,b4,6,0|1|4|5|8|9,46.4891,210,1
2,b4,6,0|1|4|6|7|8,41.2298,210,1
2,b4,6,0|1|4|6|7|9,45.6521,210,1
2,b4,6,0|1|4|6|8|9,44.4728,210,1
2,b4,6,0|1|4|7|8|9,41.9567,210,1
2,b4,6,0|1|5|6|7|8,40.0580,210,1
2,b4,6,0|1|5|6|7|9,44.6576,210,1
2,b4,6,0|1|5|6|8|9,42.1507,210,1
2,b4,6,0|1|5|7|8|9,37.9297,210,1
2,b4,6,0|1|6|7|8|9,37.7942,210,1
2,b4,6,0|2|3|4|5|6,46.6100,210,1
2,b4,6,0|2|3|4|5|7,47.3802,210,1
2,b4,6,0|2|3|4|5|8,48.2262,210,1
2,b4,6,0|2|3|4|5|9,48.0912,210,1
2,b4,6,0|2|3|4|6|7,46.5482,210,1
2,b4,6,0|2|3|4|6|8,48.0993,210,1
2,b4,6,0|2|3|4|6|9,48.1323,210,1
2,b4,6,0|2|3|4|7|8,46.2443,210,1
2,b4,6,0|2|3|4|7|9,47.1140,210,1
2,b4,6,0|2|3|4|8|9,45.7520,210,1
2,b4,6,0|2|3|5|6|7,53.2776,210,1
2,b4,6,0|2|3|5|6|8,52.3473,210,1
2,b4,6,0|2|3|5|6|9,53.6675,210,1
2,b4,6,0|2|3|5|7|8,51.5961,210,1
2,b4,6,0|2|3|5|7|9,52.9601,210,1
2,b4,6,0|2|3|5|8|9,51.4869,210,1
2,b4,6,0|2|3|6|7|8,50.8778,210,1
2,b4,6,0|2|3|6|7|9,54.5042,210,1
2,b4,6,0|2|3|6|8|9,51.1226,210,1
2,b4,6,0|2|3|7|8|9,49.6397,210,1
2,b4,6,0|2|4|5|6|7,57.6384,210,1
2,b4,6,0|2|4|5|6|8,57.0320,210,1
2,b4,6,0|2|4|5|6|9,60.5781,210,1
2,b4,6,0|2|4|5|7|8,58.0935,210,1
2,b4,6,0|2|4|5|7|9,60.7448,210,1
2,b4,6,0|2|4|5|8|9,58.2774,210,1
2,b4,6,0|2|4|6|7|8,56.4699,210,1
2,b4,6,0|2|4|6|7|9,60.3874,210,1
2,b4,6,0|2|4|6|8|9,57.0350,210,1
2,b4,6,0|2|4|7|8|9,56.7893,210,1
2,b4,6,0|2|5|6|7|8,58.4117,210,1
2,b4,6,0|2|5|6|7|9,61.6447,210,1
2,b4,6,0|2|5|6|8|9,59.0509,210,1
2,b4,6,0|2|5|7|8|9,57.3350,210,1
2,b4,6,0|2|6|7|8|9,55.9637,210,1
2,b4,6,0|3|4|5|6|7,58.1711,210,1
2,b4,6,0|3|4|5|6|8,56.9564,210,1
2,b4,6,0|3|4|5|6|9,60.2491,210,1
2,b4,6,0|3|4|5|7|8,58.8991,210,1
2,b4,6,0|3|4|5|7|9,60.8714,210,1
2,b4,6,0|3|4|5|8|9,57.9728,210,1
2,b4,6,0|3|4|6|7|8,58.6361,210,1
2,b4,6,0|3|4|6|7|9,61.3547,210,1
2,b4,6,0|3|4|6|8|9,56.5027,210,1
2,b4,6,0|3|4|7|8|9,58.4038,210,1
2,b4,6,0|3|5|6|7|8,61.2770,210,1
2,b4,6,0|3|5|6|7|9,64.9382,210,1
2,b4,6,0|3|5|6|8|9,61.6405,210,1
2,b4,6,0|3|5|7|8|9,61.1304,210,1
2,b4,6,0|3|6|7|8|9,58.3829,210,1
2,b4,6,0|4|5|6|7|8,56.5903,210,1
2,b4,6,0|4|5|6|7|9,59.6231,210,1
2,b4,6,0|4|5|6|8|9,56.6042,210,1
2,b4,6,0|4|5|7|8|9,58.0476,210,1
2,b4,6,0|4|6|7|8|9,56.0857,210,1
2,b4,6,0|5|6|7|8|9,56.2036,210,1
2,b4,6,1|2|3|4|5|6,39.5035,210,1
2,b4,6,1|2|3|4|5|7,38.1984,210,1
2,b4,6,1|2|3|4|5|8,39.3347,210,1
2,b4,6,1|2|3|4|5|9,41.2555,210,1
2,b4,6,1|2|3|4|6|7,40.1468,210,1
2,b4,6,1|2|3|4|6|8,42.1508,210,1
2,b4,6,1|2|3|4|6|9,43.3322,210,1
2,b4,6,1|2|3|4|7|8,40.6830,210,1
2,b4,6,1|2|3|4|7|9,41.7730,210,1
2,b4,6,1|2|3|4|8|9,40.3061,210,1
2,b4,6,1|2|3|5|6|7,46.5969,210,1
2,b4,6,1|2|3|5|6|8,47.9487,210,1
2,b4,6,1|2|3|5|6|9,47.6050,210,1
2,b4,6,1|2|3|5|7|8,46.2618,210,1
2,b4,6,1|2|3|5|7|9,47.0013,210,1
2,b4,6,1|2|3|5|8|9,47.0781,210,1
2,b4,6,1|2|3|6|7|8,47.5878,210,1
2,b4,6,1|2|3|6|7|9,48.5570,210,1
2,b4,6,1|2|3|6|8|9,47.8414,210,1
2,b4,6,1|2|3|7|8|9,45.2334,210,1
2,b4,6,1|2|4|5|6|7,49.9054,210,1
2,b4,6,1|2|4|5|6|8,52.4910,210,1
2,b4,6,1|2|4|5|6|9,54.8309,210,1
2,b4,6,1|2|4|5|7|8,52.6209,210,1
2,b4,6,1|2|4|5|7|9,53.2468,210,1
2,b4,6,1|2|4|5|8|9,53.3573,210,1
2,b4,6,1|2|4|6|7|8,50.9922,210,1
2,b4,6,1|2|4|6|7|9,52.4064,210,1
2,b4,6,1|2|4|6|8|9,52.1694,210,1
2,b4,6,1|2|4|7|8|9,51.8404,210,1
2,b4,6,1|2|5|6|7|8,51.6999,210,1
2,b4,6,1|2|5|6|7|9,52.6012,210,1
2,b4,6,1|2|5|6|8|9,52.0819,210,1
2,b4,6,1|2|5|7|8|9,50.6176,210,1
2,b4,6,1|2|6|7|8|9,50.4004,210,1
2,b4,6,1|3|4|5|6|7,49.6050,210,1
2,b4,6,1|3|4|5|6|8,51.4257,210,1
2,b4,6,1|3|4|5|6|9,53.7208,210,1
2,b4,6,1|3|4|5|7|8,52.3751,210,1
2,b4,6,1|3|4|5|7|9,52.9806,210,1
2,b4,6,1|3|4|5|8|9,53.0598,210,1
2,b4,6,1|3|4|6|7|8,51.3857,210,1
2,b4,6,1|3|4|6|7|9,53.0570,210,1
2,b4,6,1|3|4|6|8|9,51.9757,210,1
2,b4,6,1|3|4|7|8|9,51.3204,210,1
2,b4,6,1|3|5|6|7|8,51.8635,210,1
2,b4,6,1|3|5|6|7|9,53.3879,210,1
2,b4,6,1|3|5|6|8|9,52.5318,210,1
2,b4,6,1|3|5|7|8|9,50.4737,210,1
2,b4,6,1|3|6|7|8|9,50.0585,210,1
2,b4,6,1|4|5|6|7|8,48.5341,210,1
2,b4,6,1|4|5|6|7|9,51.8042,210,1
2,b4,6,1|4|5|6|8|9,50.5853,210,1
2,b4,6,1|4|5|7|8|9,50.3305,210,1
2,b4,6,1|4|6|7|8|9,48.4495,210,1
2,b4,6,1|5|6|7|8|9,46.5018,210,1
2,b4,6,2|3|4|5|6|7,44.7681,210,1
2,b4,6,2|3|4|5|6|8,46.7559,210,1
2,b4,6,2|3|4|5|6|9,47.1357,210,1
2,b4,6,2|3|4|5|7|8,46.6150,210,1
2,b4,6,2|3|4|5|7|9,47.7080,210,1
2,b4,6,2|3|4|5|8|9,46.8682,210,1
2,b4,6,2|3|4|6|7|8,46.2357,210,1
2,b4,6,2|3|4|6|7|9,47.0273,210,1
2,b4,6,2|3|4|6|8|9,44.3302,210,1
2,b4,6,2|3|4|7|8|9,44.1081,210,1
2,b4,6,2|3|5|6|7|8,52.3757,210,1
2,b4,6,2|3|5|6|7|9,54.3236,210,1
2,b4,6,2|3|5|6|8|9,52.0590,210,1
2,b4,6,2|3|5|7|8|9,50.2979,210,1
2,b4,6,2|3|6|7|8|9,49.6929,210,1
2,b4,6,2|4|5|6|7|8,55.8326,210,1
2,b4,6,2|4|5|6|7|9,58.3566,210,1
2,b4,6,2|4|5|6|8|9,55.6538,210,1
2,b4,6,2|4|5|7|8|9,55.5228,210,1
2,b4,6,2|4|6|7|8|9,54.2004,210,1
2,b4,6,2|5|6|7|8|9,56.4174,210,1
2,b4,6,3|4|5|6|7|8,56.4714,210,1
2,b4,6,3|4|5|6|7|9,58.8260,210,1
2,b4,6,3|4|5|6|8|9,56.2097,210,1
2,b4,6,3|4|5|7|8|9,56.3451,210,1
2,b4,6,3|4|6|7|8|9,56.1188,210,1
2,b4,6,3|5|6|7|8|9,58.3912,210,1
2,b4,6,4|5|6|7|8|9,52.4976,210,1
2,b6,0,,72.1008,1,1
2,b6,1,0,68.0607,10,1
2,b6,1,1,29.9998,10,1
2,b6,1,2,54.1656,10,1
2,b6,1,3,63.0098,10,1
2,b6,1,4,63.2554,10,1
2,b6,1,5,71.1061,10,1
2,b6,1,6,65.4434,10,1
2,b6,1,7,71.7328,10,1
2,b6,1,8,69.5725,10,1
2,b6,1,9,71.4144,10,1
2,b6,2,0|1,26.4784,45,1
2,b6,2,0|2,54.4091,45,1
2,b6,2,0|3,60.6283,45,1
2,b6,2,0|4,60.8173,45,1
2,b6,2,0|5,66.3783,45,1
2,b6,2,0|6,56.5412,45,1
2,b6,2,0|7,67.4698,45,1
2,b6,2,0|8,66.2261,45,1
2,b6,2,0|9,66.7830,45,1
2,b6,2,1|2,27.2219,45,1
2,b6,2,1|3,28.2843,45,1
2,b6,2,1|4,29.4835,45,1
2,b6,2,1|5,29.1229,45,1
2,b6,2,1|6,26.6030,45,1
2,b6,2,1|7,30.1768,45,1
2,b6,2,1|8,27.5167,45,1
2,b6,2,1|9,30.8314,45,1
2,b6,2,2|3,25.0278,45,1
2,b6,2,2|4,44.2406,45,1
2,b6,2,2|5,56.3329,45,1
2,b6,2,2|6,49.3345,45,1
2,b6,2,2|7,56.8096,45,1
2,b6,2,2|8,53.5465,45,1
2,b6,2,2|9,57.6148,45,1
2,b6,2,3|4,47.5981,45,1
2,b6,2,3|5,64.8189,45,1
2,b6,2,3|6,55.8159,45,1
2,b6,2,3|7,65.5346,45,1
2,b6,2,3|8,60.7268,45,1
2,b6,2,3|9,66.1922,45,1
2,b6,2,4|5,63.2819,45,1
2,b6,2,4|6,54.0163,45,1
2,b6,2,4|7,63.8839,45,1
2,b6,2,4|8,61.2200,45,1
2,b6,2,4|9,64.5710,45,1
2,b6,2,5|6,61.4160,45,1
2,b6,2,5|7,69.3995,45,1
2,b6,2,5|8,68.1301,45,1
2,b6,2,5|9,69.0027,45,1
2,b6,2,6|7,64.1563,45,1
2,b6,2,6|8,57.8648,45,1
2,b6,2,6|9,62.7880,45,1
2,b6,2,7|8,67.3778,45,1
2,b6,2,7|9,67.8790,45,1
2,b6,2,8|9,63.8210,45,1
2,b6,3,0|1|2,21.6657,120,1
2,b6,3,0|1|3,21.8567,120,1
2,b6,3,0|1|4,25.7722,120,1
2,b6,3,0|1|5,25.0042,120,1
2,b6,3,0|1|6,20.6318,120,1
2,b6,3,0|1|7,25.9396,120,1
2,b6,3,0|1|8,22.8755,120,1
2,b6,3,0|1|9,26.3215,120,1
2,b6,3,0|2|3,23.7956,120,1
2,b6,3,0|2|4,42.9144,120,1
2,b6,3,0|2|5,56.5294,120,1
2,b6,3,0|2|6,43.4088,120,1
2,b6,3,0|2|7,56.1548,120,1
2,b6,3,0|2|8,54.6572,120,1
2,b6,3,0|2|9,57.3057,120,1
2,b6,3,0|3|4,42.7812,120,1
2,b6,3,0|3|5,60.2429,120,1
2,b6,3,0|3|6,50.1147,120,1
2,b6,3,0|3|7,62.0985,120,1
2,b6,3,0|3|8,59.2390,120,1
2,b6,3,0|3|9,63.6399,120,1
2,b6,3,0|4|5,60.6258,120,1
2,b6,3,0|4|6,48.1935,120,1
2,b6,3,0|4|7,60.9335,120,1
2,b6,3,0|4|8,58.8643,120,1
2,b6,3,0|4|9,61.9946,120,1
2,b6,3,0|5|6,52.0120,120,1
2,b6,3,0|5|7,63.8370,120,1
2,b6,3,0|5|8,64.5345,120,1
2,b6,3,0|5|9,64.6227,120,1
2,b6,3,0|6|7,54.1193,120,1
2,b6,3,0|6|8,48.8976,120,1
2,b6,3,0|6|9,53.2625,120,1
2,b6,3,0|7|8,62.9949,120,1
2,b6,3,0|7|9,63.4891,120,1
2,b6,3,0|8|9,61.1199,120,1
2,b6,3,1|2|3,16.7638,120,1
2,b6,3,1|2|4,25.6527,120,1
2,b6,3,1|2|5,26.4875,120,1
2,b6,3,1|2|6,23.1785,120,1
2,b6,3,1|2|7,28.8107,120,1
2,b6,3,1|2|8,24.7511,120,1
2,b6,3,1|2|9,28.2643,120,1
2,b6,3,1|3|4,24.8671,120,1
2,b6,3,1|3|5,25.6450,120,1
2,b6,3,1|3|6,28.8288,120,1
2,b6,3,1|3|7,29.6514,120,1
2,b6,3,1|3|8,27.1257,120,1
2,b6,3,1|3|9,29.2333,120,1
2,b6,3,1|4|5,28.3942,120,1
2,b6,3,1|4|6,24.4732,120,1
2,b6,3,1|4|7,29.6224,120,1
2,b6,3,1|4|8,28.1565,120,1
2,b6,3,1|4|9,30.4423,120,1
2,b6,3,1|5|6,24.7005,120,1
2,b6,3,1|5|7,28.3597,120,1
2,b6,3,1|5|8,24.7292,120,1
2,b6,3,1|5|9,29.1642,120,1
2,b6,3,1|6|7,26.3334,120,1
2,b6,3,1|6|8,22.5747,120,1
2,b6,3,1|6|9,25.5505,120,1
2,b6,3,1|7|8,26.2705,120,1
2,b6,3,1|7|9,29.3917,120,1
2,b6,3,1|8|9,23.0137,120,1
2,b6,3,2|3|4,13.6300,120,1
2,b6,3,2|3|5,24.9619,120,1
2,b6,3,2|3|6,23.5079,120,1
2,b6,3,2|3|7,26.5619,120,1
2,b6,3,2|3|8,25.9728,120,1
2,b6,3,2|3|9,26.7727,120,1
2,b6,3,2|4|5,46.6362,120,1
2,b6,3,2|4|6,40.2751,120,1
2,b6,3,2|4|7,46.2268,120,1
2,b6,3,2|4|8,45.7565,120,1
2,b6,3,2|4|9,48.6615,120,1
2,b6,3,2|5|6,50.1720,120,1
2,b6,3,2|5|7,59.0183,120,1
2,b6,3,2|5|8,56.2886,120,1
2,b6,3,2|5|9,59.1518,120,1
2,b6,3,2|6|7,51.2769,120,1
2,b6,3,2|6|8,45.6218,120,1
2,b6,3,2|6|9,51.3399,120,1
2,b6,3,2|7|8,55.3952,120,1
2,b6,3,2|7|9,58.5201,120,1
2,b6,3,2|8|9,54.8819,120,1
2,b6,3,3|4|5,47.5989,120,1
2,b6,3,3|4|6,41.4093,120,1
2,b6,3,3|4|7,50.5027,120,1
2,b6,3,3|4|8,48.9488,120,1
2,b6,3,3|4|9,49.7554,120,1
2,b6,3,3|5|6,54.7303,120,1
2,b6,3,3|5|7,65.4484,120,1
2,b6,3,3|5|8,61.6372,120,1
2,b6,3,3|5|9,66.5528,120,1
2,b6,3,3|6|7,57.7700,120,1
2,b6,3,3|6|8,50.0245,120,1
2,b6,3,3|6|9,57.1223,120,1
2,b6,3,3|7|8,61.3848,120,1
2,b6,3,3|7|9,66.3579,120,1
2,b6,3,3|8|9,60.6035,120,1
2,b6,3,4|5|6,51.5523,120,1
2,b6,3,4|5|7,62.3790,120,1
2,b6,3,4|5|8,60.6933,120,1
2,b6,3,4|5|9,62.4615,120,1
2,b6,3,4|6|7,54.3535,120,1
2,b6,3,4|6|8,48.3762,120,1
2,b6,3,4|6|9,55.2314,120,1
2,b6,3,4|7|8,58.8571,120,1
2,b6,3,4|7|9,61.8588,120,1
2,b6,3,4|8|9,56.8222,120,1
2,b6,3,5|6|7,58.7634,120,1
2,b6,3,5|6|8,53.8252,120,1
2,b6,3,5|6|9,59.0943,120,1
2,b6,3,5|7|8,65.4846,120,1
2,b6,3,5|7|9,65.4823,120,1
2,b6,3,5|8|9,62.6474,120,1
2,b6,3,6|7|8,55.4651,120,1
2,b6,3,6|7|9,59.2856,120,1
2,b6,3,6|8|9,50.6302,120,1
2,b6,3,7|8|9,56.4605,120,1
2,b6,4,0|1|2|3,10.9295,210,1
2,b6,4,0|1|2|4,21.1152,210,1
2,b6,4,0|1|2|5,20.8341,210,1
2,b6,4,0|1|2|6,16.3178,210,1
2,b6,4,0|1|2|7,22.4265,210,1
2,b6,4,0|1|2|8,19.9760,210,1
2,b6,4,0|1|2|9,21.2908,210,1
2,b6,4,0|1|3|4,20.9344,210,1
2,b6,4,0|1|3|5,19.1427,210,1
2,b6,4,0|1|3|6,19.5486,210,1
2,b6,4,0|1|3|7,22.3748,210,1
2,b6,4,0|1|3|8,20.4732,210,1
2,b6,4,0|1|3|9,22.4682,210,1
2,b6,4,0|1|4|5,24.9579,210,1
2,b6,4,0|1|4|6,21.1341,210,1
2,b6,4,0|1|4|7,25.3778,210,1
2,b6,4,0|1|4|8,22.7659,210,1
2,b6,4,0|1|4|9,26.5406,210,1
2,b6,4,0|1|5|6,18.7999,210,1
2,b6,4,0|1|5|7,22.9892,210,1
2,b6,4,0|1|5|8,19.6067,210,1
2,b6,4,0|1|5|9,24.5413,210,1
2,b6,4,0|1|6|7,20.0984,210,1
2,b6,4,0|1|6|8,16.5920,210,1
2,b6,4,0|1|6|9,20.9471,210,1
2,b6,4,0|1|7|8,20.3609,210,1
2,b6,4,0|1|7|9,24.4459,210,1
2,b6,4,0|1|8|9,17.9809,210,1
2,b6,4,0|2|3|4,12.5746,210,1
2,b6,4,0|2|3|5,23.1049,210,1
2,b6,4,0|2|3|6,17.8919,210,1
2,b6,4,0|2|3|7,24.9856,210,1
2,b6,4,0|2|3|8,23.7862,210,1
2,b6,4,0|2|3|9,25.9712,210,1
2,b6,4,0|2|4|5,45.1784,210,1
2,b6,4,0|2|4|6,34.9467,210,1
2,b6,4,0|2|4|7,45.3264,210,1
2,b6,4,0|2|4|8,45.1169,210,1
2,b6,4,0|2|4|9,47.0227,210,1
2,b6,4,0|2|5|6,43.8650,210,1
2,b6,4,0|2|5|7,57.0270,210,1
2,b6,4,0|2|5|8,56.6240,210,1
2,b6,4,0|2|5|9,58.4213,210,1
2,b6,4,0|2|6|7,44.6373,210,1
2,b6,4,0|2|6|8,41.0639,210,1
2,b6,4,0|2|6|9,45.9395,210,1
2,b6,4,0|2|7|8,56.0670,210,1
2,b6,4,0|2|7|9,57.4773,210,1
2,b6,4,0|2|8|9,53.8363,210,1
2,b6,4,0|3|4|5,43.5085,210,1
2,b6,4,0|3|4|6,35.3653,210,1
2,b6,4,0|3|4|7,45.4727,210,1
2,b6,4,0|3|4|8,43.9224,210,1
2,b6,4,0|3|4|9,45.2499,210,1
2,b6,4,0|3|5|6,46.2578,210,1
2,b6,4,0|3|5|7,60.5545,210,1
2,b6,4,0|3|5|8,59.7755,210,1
2,b6,4,0|3|5|9,62.5377,210,1
2,b6,4,0|3|6|7,50.9626,210,1
2,b6,4,0|3|6|8,44.6413,210,1
2,b6,4,0|3|6|9,51.1073,210,1
2,b6,4,0|3|7|8,58.1199,210,1
2,b6,4,0|3|7|9,63.2403,210,1
2,b6,4,0|3|8|9,57.1362,210,1
2,b6,4,0|4|5|6,45.8541,210,1
2,b6,4,0|4|5|7,58.0911,210,1
2,b6,4,0|4|5|8,58.0260,210,1
2,b6,4,0|4|5|9,59.2979,210,1
2,b6,4,0|4|6|7,47.1691,210,1
2,b6,4,0|4|6|8,40.4529,210,1
2,b6,4,0|4|6|9,47.9732,210,1
2,b6,4,0|4|7|8,56.6805,210,1
2,b6,4,0|4|7|9,58.0703,210,1
2,b6,4,0|4|8|9,53.8868,210,1
2,b6,4,0|5|6|7,48.9817,210,1
2,b6,4,0|5|6|8,44.4701,210,1
2,b6,4,0|5|6|9,49.5396,210,1
2,b6,4,0|5|7|8,58.9310,210,1
2,b6,4,0|5|7|9,58.4832,210,1
2,b6,4,0|5|8|9,57.7974,210,1
2,b6,4,0|6|7|8,44.6565,210,1
2,b6,4,0|6|7|9,49.6500,210,1
2,b6,4,0|6|8|9,41.7678,210,1
2,b6,4,0|7|8|9,51.8290,210,1
2,b6,4,1|2|3|4,7.4985,210,1
2,b6,4,1|2|3|5,15.5612,210,1
2,b6,4,1|2|3|6,18.1028,210,1
2,b6,4,1|2|3|7,16.8058,210,1
2,b6,4,1|2|3|8,15.1577,210,1
2,b6,4,1|2|3|9,17.7138,210,1
2,b6,4,1|2|4|5,24.1101,210,1
2,b6,4,1|2|4|6,21.1863,210,1
2,b6,4,1|2|4|7,25.1224,210,1
2,b6,4,1|2|4|8,26.8081,210,1
2,b6,4,1|2|4|9,26.0558,210,1
2,b6,4,1|2|5|6,21.2865,210,1
2,b6,4,1|2|5|7,26.3963,210,1
2,b6,4,1|2|5|8,22.7912,210,1
2,b6,4,1|2|5|9,26.7275,210,1
2,b6,4,1|2|6|7,23.1472,210,1
2,b6,4,1|2|6|8,20.0724,210,1
2,b6,4,1|2|6|9,22.9926,210,1
2,b6,4,1|2|7|8,25.1215,210,1
2,b6,4,1|2|7|9,28.6062,210,1
2,b6,4,1|2|8|9,20.6730,210,1
2,b6,4,1|3|4|5,22.7678,210,1
2,b6,4,1|3|4|6,25.2942,210,1
2,b6,4,1|3|4|7,25.7088,210,1
2,b6,4,1|3|4|8,24.1718,210,1
2,b6,4,1|3|4|9,26.7322,210,1
2,b6,4,1|3|5|6,26.4534,210,1
2,b6,4,1|3|5|7,26.5308,210,1
2,b6,4,1|3|5|8,25.6589,210,1
2,b6,4,1|3|5|9,27.6505,210,1
2,b6,4,1|3|6|7,29.3548,210,1
2,b6,4,1|3|6|8,26.3322,210,1
2,b6,4,1|3|6|9,28.6817,210,1
2,b6,4,1|3|7|8,26.9133,210,1
2,b6,4,1|3|7|9,29.2523,210,1
2,b6,4,1|3|8|9,24.6321,210,1
2,b6,4,1|4|5|6,23.0191,210,1
2,b6,4,1|4|5|7,28.1387,210,1
2,b6,4,1|4|5|8,26.6801,210,1
2,b6,4,1|4|5|9,30.1660,210,1
2,b6,4,1|4|6|7,24.0487,210,1
2,b6,4,1|4|6|8,22.2104,210,1
2,b6,4,1|4|6|9,24.9562,210,1
2,b6,4,1|4|7|8,26.8301,210,1
2,b6,4,1|4|7|9,29.7120,210,1
2,b6,4,1|4|8|9,24.5282,210,1
2,b6,4,1|5|6|7,22.3744,210,1
2,b6,4,1|5|6|8,19.8790,210,1
2,b6,4,1|5|6|9,24.4788,210,1
2,b6,4,1|5|7|8,22.7354,210,1
2,b6,4,1|5|7|9,26.4563,210,1
2,b6,4,1|5|8|9,20.9912,210,1
2,b6,4,1|6|7|8,22.2215,210,1
2,b6,4,1|6|7|9,23.9658,210,1
2,b6,4,1|6|8|9,18.8578,210,1
2,b6,4,1|7|8|9,19.5919,210,1
2,b6,4,2|3|4|5,12.8952,210,1
2,b6,4,2|3|4|6,11.4122,210,1
2,b6,4,2|3|4|7,13.5977,210,1
2,b6,4,2|3|4|8,14.1594,210,1
2,b6,4,2|3|4|9,14.3255,210,1
2,b6,4,2|3|5|6,23.2356,210,1
2,b6,4,2|3|5|7,26.1909,210,1
2,b6,4,2|3|5|8,26.7673,210,1
2,b6,4,2|3|5|9,28.0268,210,1
2,b6,4,2|3|6|7,24.9620,210,1
2,b6,4,2|3|6|8,23.5122,210,1
2,b6,4,2|3|6|9,24.4762,210,1
2,b6,4,2|3|7|8,28.7813,210,1
2,b6,4,2|3|7|9,29.7434,210,1
2,b6,4,2|3|8|9,26.7747,210,1
2,b6,4,2|4|5|6,40.2991,210,1
2,b6,4,2|4|5|7,48.6360,210,1
2,b6,4,2|4|5|8,48.0236,210,1
2,b6,4,2|4|5|9,51.0699,210,1
2,b6,4,2|4|6|7,41.9069,210,1
2,b6,4,2|4|6|8,39.1672,210,1
2,b6,4,2|4|6|9,43.5454,210,1
2,b6,4,2|4|7|8,48.7022,210,1
2,b6,4,2|4|7|9,51.1324,210,1
2,b6,4,2|4|8|9,47.9866,210,1
2,b6,4,2|5|6|7,50.8486,210,1
2,b6,4,2|5|6|8,45.2519,210,1
2,b6,4,2|5|6|9,51.7894,210,1
2,b6,4,2|5|7|8,58.3915,210,1
2,b6,4,2|5|7|9,58.9655,210,1
2,b6,4,2|5|8|9,57.1714,210,1
2,b6,4,2|6|7|8,45.9190,210,1
2,b6,4,2|6|7|9,51.5602,210,1
2,b6,4,2|6|8|9,43.9459,210,1
2,b6,4,2|7|8|9,50.3808,210,1
2,b6,4,3|4|5|6,41.9977,210,1
2,b6,4,3|4|5|7,50.8007,210,1
2,b6,4,3|4|5|8,48.2806,210,1
2,b6,4,3|4|5|9,49.7851,210,1
2,b6,4,3|4|6|7,42.7732,210,1
2,b6,4,3|4|6|8,40.5718,210,1
2,b6,4,3|4|6|9,42.5241,210,1
2,b6,4,3|4|7|8,49.6526,210,1
2,b6,4,3|4|7|9,51.4854,210,1
2,b6,4,3|4|8|9,49.3039,210,1
2,b6,4,3|5|6|7,54.3841,210,1
2,b6,4,3|5|6|8,48.0010,210,1
2,b6,4,3|5|6|9,55.2273,210,1
2,b6,4,3|5|7|8,60.2029,210,1
2,b6,4,3|5|7|9,63.0970,210,1
2,b6,4,3|5|8|9,59.0318,210,1
2,b6,4,3|6|7|8,49.3649,210,1
2,b6,4,3|6|7|9,57.5084,210,1
2,b6,4,3|6|8|9,46.4807,210,1
2,b6,4,3|7|8|9,52.8386,210,1
2,b6,4,4|5|6|7,49.8609,210,1
2,b6,4,4|5|6|8,45.5459,210,1
2,b6,4,4|5|6|9,51.5845,210,1
2,b6,4,4|5|7|8,57.3913,210,1
2,b6,4,4|5|7|9,58.2911,210,1
2,b6,4,4|5|8|9,55.4740,210,1
2,b6,4,4|6|7|8,45.4190,210,1
2,b6,4,4|6|7|9,51.3295,210,1
2,b6,4,4|6|8|9,43.1219,210,1
2,b6,4,4|7|8|9,49.8434,210,1
2,b6,4,5|6|7|8,46.6364,210,1
2,b6,4,5|6|7|9,53.4780,210,1
2,b6,4,5|6|8|9,44.5932,210,1
2,b6,4,5|7|8|9,54.0441,210,1
2,b6,4,6|7|8|9,42.5481,210,1
2,b6,5,0|1|2|3|4,5.7730,252,1
2,b6,5,0|1|2|3|5,10.6556,252,1
2,b6,5,0|1|2|3|6,9.4420,252,1
2,b6,5,0|1|2|3|7,11.1550,252,1
2,b6,5,0|1|2|3|8,9.2368,252,1
2,b6,5,0|1|2|3|9,11.1177,252,1
2,b6,5,0|1|2|4|5,20.0828,252,1
2,b6,5,0|1|2|4|6,15.5342,252,1
2,b6,5,0|1|2|4|7,21.2731,252,1
2,b6,5,0|1|2|4|8,20.4333,252,1
2,b6,5,0|1|2|4|9,21.9122,252,1
2,b6,5,0|1|2|5|6,13.4714,252,1
2,b6,5,0|1|2|5|7,19.5582,252,1
2,b6,5,0|1|2|5|8,17.7583,252,1
2,b6,5,0|1|2|5|9,19.8053,252,1
2,b6,5,0|1|2|6|7,15.8657,252,1
2,b6,5,0|1|2|6|8,14.3215,252,1
2,b6,5,0|1|2|6|9,15.5739,252,1
2,b6,5,0|1|2|7|8,19.5907,252,1
2,b6,5,0|1|2|7|9,20.5473,252,1
2,b6,5,0|1|2|8|9,16.3302,252,1
2,b6,5,0|1|3|4|5,18.9856,252,1
2,b6,5,0|1|3|4|6,19.3211,252,1
2,b6,5,0|1|3|4|7,21.1432,252,1
2,b6,5,0|1|3|4|8,19.2561,252,1
2,b6,5,0|1|3|4|9,21.0256,252,1
2,b6,5,0|1|3|5|6,16.4262,252,1
2,b6,5,0|1|3|5|7,19.8340,252,1
2,b6,5,0|1|3|5|8,17.7046,252,1
2,b6,5,0|1|3|5|9,19.9472,252,1
2,b6,5,0|1|3|6|7,19.1667,252,1
2,b6,5,0|1|3|6|8,17.7417,252,1
2,b6,5,0|1|3|6|9,19.4187,252,1
2,b6,5,0|1|3|7|8,19.9912,252,1
2,b6,5,0|1|3|7|9,22.2818,252,1
2,b6,5,0|1|3|8|9,16.8521,252,1
2,b6,5,0|1|4|5|6,18.5143,252,1
2,b6,5,0|1|4|5|7,22.3981,252,1
2,b6,5,0|1|4|5|8,19.3576,252,1
2,b6,5,0|1|4|5|9,26.5321,252,1
2,b6,5,0|1|4|6|7,20.3964,252,1
2,b6,5,0|1|4|6|8,16.6635,252,1
2,b6,5,0|1|4|6|9,20.8147,252,1
2,b6,5,0|1|4|7|8,20.6336,252,1
2,b6,5,0|1|4|7|9,25.7991,252,1
2,b6,5,0|1|4|8|9,19.3502,252,1
2,b6,5,0|1|5|6|7,13.6279,252,1
2,b6,5,0|1|5|6|8,12.9289,252,1
2,b6,5,0|1|5|6|9,16.4142,252,1
2,b6,5,0|1|5|7|8,15.8988,252,1
2,b6,5,0|1|5|7|9,19.4518,252,1
2,b6,5,0|1|5|8|9,15.0094,252,1
2,b6,5,0|1|6|7|8,15.3366,252,1
2,b6,5,0|1|6|7|9,17.7524,252,1
2,b6,5,0|1|6|8|9,14.6209,252,1
2,b6,5,0|1|7|8|9,15.5257,252,1
2,b6,5,0|2|3|4|5,11.2436,252,1
2,b6,5,0|2|3|4|6,10.3273,252,1
2,b6,5,0|2|3|4|7,12.6382,252,1
2,b6,5,0|2|3|4|8,12.3860,252,1
2,b6,5,0|2|3|4|9,13.2127,252,1
2,b6,5,0|2|3|5|6,16.9521,252,1
2,b6,5,0|2|3|5|7,23.5650,252,1
2,b6,5,0|2|3|5|8,24.2183,252,1
2,b6,5,0|2|3|5|9,25.2094,252,1
2,b6,5,0|2|3|6|7,19.6566,252,1
2,b6,5,0|2|3|6|8,17.7312,252,1
2,b6,5,0|2|3|6|9,19.7331,252,1
2,b6,5,0|2|3|7|8,25.9432,252,1
2,b6,5,0|2|3|7|9,27.9092,252,1
2,b6,5,0|2|3|8|9,26.2337,252,1
2,b6,5,0|2|4|5|6,35.7275,252,1
2,b6,5,0|2|4|5|7,47.7446,252,1
2,b6,5,0|2|4|5|8,47.5363,252,1
2,b6,5,0|2|4|5|9,50.6548,252,1
2,b6,5,0|2|4|6|7,36.6795,252,1
2,b6,5,0|2|4|6|8,33.4456,252,1
2,b6,5,0|2|4|6|9,38.8496,252,1
2,b6,5,0|2|4|7|8,47.2820,252,1
2,b6,5,0|2|4|7|9,49.5254,252,1
2,b6,5,0|2|4|8|9,47.6073,252,1
2,b6,5,0|2|5|6|7,43.9879,252,1
2,b6,5,0|2|5|6|8,39.1254,252,1
2,b6,5,0|2|5|6|9,46.2136,252,1
2,b6,5,0|2|5|7|8,55.5549,252,1
2,b6,5,0|2|5|7|9,55.6224,252,1
2,b6,5,0|2|5|8|9,55.8781,252,1
2,b6,5,0|2|6|7|8,39.2843,252,1
2,b6,5,0|2|6|7|9,46.1143,252,1
2,b6,5,0|2|6|8|9,39.7252,252,1
2,b6,5,0|2|7|8|9,47.6347,252,1
2,b6,5,0|3|4|5|6,34.7424,252,1
2,b6,5,0|3|4|5|7,44.5462,252,1
2,b6,5,0|3|4|5|8,43.4537,252,1
2,b6,5,0|3|4|5|9,46.1071,252,1
2,b6,5,0|3|4|6|7,35.5774,252,1
2,b6,5,0|3|4|6|8,34.1744,252,1
2,b6,5,0|3|4|6|9,36.4464,252,1
2,b6,5,0|3|4|7|8,44.8681,252,1
2,b6,5,0|3|4|7|9,47.8389,252,1
2,b6,5,0|3|4|8|9,46.1714,252,1
2,b6,5,0|3|5|6|7,45.2901,252,1
2,b6,5,0|3|5|6|8,41.7677,252,1
2,b6,5,0|3|5|6|9,48.0572,252,1
2,b6,5,0|3|5|7|8,56.6980,252,1
2,b6,5,0|3|5|7|9,58.6101,252,1
2,b6,5,0|3|5|8|9,57.3061,252,1
2,b6,5,0|3|6|7|8,42.5691,252,1
2,b6,5,0|3|6|7|9,50.2321,252,1
2,b6,5,0|3|6|8|9,39.4458,252,1
2,b6,5,0|3|7|8|9,50.1083,252,1
2,b6,5,0|4|5|6|7,42.2883,252,1
2,b6,5,0|4|5|6|8,38.3420,252,1
2,b6,5,0|4|5|6|9,44.6074,252,1
2,b6,5,0|4|5|7|8,52.1545,252,1
2,b6,5,0|4|5|7|9,54.4034,252,1
2,b6,5,0|4|5|8|9,52.7650,252,1
2,b6,5,0|4|6|7|8,37.1833,252,1
2,b6,5,0|4|6|7|9,44.7363,252,1
2,b6,5,0|4|6|8|9,35.4080,252,1
2,b6,5,0|4|7|8|9,46.1498,252,1
2,b6,5,0|5|6|7|8,34.6346,252,1
2,b6,5,0|5|6|7|9,43.4247,252,1
2,b6,5,0|5|6|8|9,31.9945,252,1
2,b6,5,0|5|7|8|9,45.3302,252,1
2,b6,5,0|6|7|8|9,30.6719,252,1
2,b6,5,1|2|3|4|5,7.4353,252,1
2,b6,5,1|2|3|4|6,9.2555,252,1
2,b6,5,1|2|3|4|7,8.1427,252,1
2,b6,5,1|2|3|4|8,9.1634,252,1
2,b6,5,1|2|3|4|9,8.5317,252,1
2,b6,5,1|2|3|5|6,18.7026,252,1
2,b6,5,1|2|3|5|7,16.4397,252,1
2,b6,5,1|2|3|5|8,15.6363,252,1
2,b6,5,1|2|3|5|9,18.5448,252,1
2,b6,5,1|2|3|6|7,19.0019,252,1
2,b6,5,1|2|3|6|8,16.4741,252,1
2,b6,5,1|2|3|6|9,18.8486,252,1
2,b6,5,1|2|3|7|8,16.2774,252,1
2,b6,5,1|2|3|7|9,18.2270,252,1
2,b6,5,1|2|3|8|9,14.2058,252,1
2,b6,5,1|2|4|5|6,19.3379,252,1
2,b6,5,1|2|4|5|7,24.8349,252,1
2,b6,5,1|2|4|5|8,23.8414,252,1
2,b6,5,1|2|4|5|9,25.5615,252,1
2,b6,5,1|2|4|6|7,22.0492,252,1
2,b6,5,1|2|4|6|8,20.8162,252,1
2,b6,5,1|2|4|6|9,21.0203,252,1
2,b6,5,1|2|4|7|8,26.1880,252,1
2,b6,5,1|2|4|7|9,26.3874,252,1
2,b6,5,1|2|4|8|9,22.5134,252,1
2,b6,5,1|2|5|6|7,20.2805,252,1
2,b6,5,1|2|5|6|8,17.4687,252,1
2,b6,5,1|2|5|6|9,20.9834,252,1
2,b6,5,1|2|5|7|8,21.8692,252,1
2,b6,5,1|2|5|7|9,24.2541,252,1
2,b6,5,1|2|5|8|9,19.1274,252,1
2,b6,5,1|2|6|7|8,19.7071,252,1
2,b6,5,1|2|6|7|9,21.6657,252,1
2,b6,5,1|2|6|8|9,17.7686,252,1
2,b6,5,1|2|7|8|9,20.1474,252,1
2,b6,5,1|3|4|5|6,22.8526,252,1
2,b6,5,1|3|4|5|7,22.6353,252,1
2,b6,5,1|3|4|5|8,22.5274,252,1
2,b6,5,1|3|4|5|9,24.9620,252,1
2,b6,5,1|3|4|6|7,24.1492,252,1
2,b6,5,1|3|4|6|8,23.7819,252,1
2,b6,5,1|3|4|6|9,25.5035,252,1
2,b6,5,1|3|4|7|8,24.1668,252,1
2,b6,5,1|3|4|7|9,26.7777,252,1
2,b6,5,1|3|4|8|9,22.2271,252,1
2,b6,5,1|3|5|6|7,24.8765,252,1
2,b6,5,1|3|5|6|8,24.5529,252,1
2,b6,5,1|3|5|6|9,26.3998,252,1
2,b6,5,1|3|5|7|8,25.6578,252,1
2,b6,5,1|3|5|7|9,26.6307,252,1
2,b6,5,1|3|5|8|9,22.9474,252,1
2,b6,5,1|3|6|7|8,27.0295,252,1
2,b6,5,1|3|6|7|9,27.6054,252,1
2,b6,5,1|3|6|8|9,22.7397,252,1
2,b6,5,1|3|7|8|9,22.7787,252,1
2,b6,5,1|4|5|6|7,21.1554,252,1
2,b6,5,1|4|5|6|8,19.9202,252,1
2,b6,5,1|4|5|6|9,22.5502,252,1
2,b6,5,1|4|5|7|8,24.5169,252,1
2,b6,5,1|4|5|7|9,28.8598,252,1
2,b6,5,1|4|5|8|9,22.9794,252,1
2,b6,5,1|4|6|7|8,21.4065,252,1
2,b6,5,1|4|6|7|9,23.3932,252,1
2,b6,5,1|4|6|8|9,18.2500,252,1
2,b6,5,1|4|7|8|9,21.0432,252,1
2,b6,5,1|5|6|7|8,17.4409,252,1
2,b6,5,1|5|6|7|9,21.5449,252,1
2,b6,5,1|5|6|8|9,16.0222,252,1
2,b6,5,1|5|7|8|9,17.5251,252,1
2,b6,5,1|6|7|8|9,16.0669,252,1
2,b6,5,2|3|4|5|6,9.7858,252,1
2,b6,5,2|3|4|5|7,12.1835,252,1
2,b6,5,2|3|4|5|8,13.1766,252,1
2,b6,5,2|3|4|5|9,13.4629,252,1
2,b6,5,2|3|4|6|7,11.2865,252,1
2,b6,5,2|3|4|6|8,12.0257,252,1
2,b6,5,2|3|4|6|9,12.2592,252,1
2,b6,5,2|3|4|7|8,14.2096,252,1
2,b6,5,2|3|4|7|9,15.0657,252,1
2,b6,5,2|3|4|8|9,14.5121,252,1
2,b6,5,2|3|5|6|7,23.2619,252,1
2,b6,5,2|3|5|6|8,22.8766,252,1
2,b6,5,2|3|5|6|9,24.1709,252,1
2,b6,5,2|3|5|7|8,28.1095,252,1
2,b6,5,2|3|5|7|9,29.3740,252,1
2,b6,5,2|3|5|8|9,28.0521,252,1
2,b6,5,2|3|6|7|8,24.3988,252,1
2,b6,5,2|3|6|7|9,26.4185,252,1
2,b6,5,2|3|6|8|9,22.5239,252,1
2,b6,5,2|3|7|8|9,28.6033,252,1
2,b6,5,2|4|5|6|7,43.1755,252,1
2,b6,5,2|4|5|6|8,38.5891,252,1
2,b6,5,2|4|5|6|9,45.9615,252,1
2,b6,5,2|4|5|7|8,49.2047,252,1
2,b6,5,2|4|5|7|9,52.3108,252,1
2,b6,5,2|4|5|8|9,50.6428,252,1
2,b6,5,2|4|6|7|8,40.2039,252,1
2,b6,5,2|4|6|7|9,46.7550,252,1
2,b6,5,2|4|6|8|9,40.9840,252,1
2,b6,5,2|4|7|8|9,45.8958,252,1
2,b6,5,2|5|6|7|8,41.5163,252,1
2,b6,5,2|5|6|7|9,49.9960,252,1
2,b6,5,2|5|6|8|9,40.5634,252,1
2,b6,5,2|5|7|8|9,50.0545,252,1
2,b6,5,2|6|7|8|9,38.5330,252,1
2,b6,5,3|4|5|6|7,40.0539,252,1
2,b6,5,3|4|5|6|8,38.5944,252,1
2,b6,5,3|4|5|6|9,42.3558,252,1
2,b6,5,3|4|5|7|8,47.5566,252,1
2,b6,5,3|4|5|7|9,49.9030,252,1
2,b6,5,3|4|5|8|9,48.4278,252,1
2,b6,5,3|4|6|7|8,39.3307,252,1
2,b6,5,3|4|6|7|9,43.0429,252,1
2,b6,5,3|4|6|8|9,38.5347,252,1
2,b6,5,3|4|7|8|9,43.7152,252,1
2,b6,5,3|5|6|7|8,45.3576,252,1
2,b6,5,3|5|6|7|9,51.0439,252,1
2,b6,5,3|5|6|8|9,41.1587,252,1
2,b6,5,3|5|7|8|9,49.4668,252,1
2,b6,5,3|6|7|8|9,39.0190,252,1
2,b6,5,4|5|6|7|8,41.6503,252,1
2,b6,5,4|5|6|7|9,48.0086,252,1
2,b6,5,4|5|6|8|9,38.8543,252,1
2,b6,5,4|5|7|8|9,47.9174,252,1
2,b6,5,4|6|7|8|9,36.5562,252,1
2,b6,5,5|6|7|8|9,31.5366,252,1
2,b6,6,0|1|2|3|4|5,5.6216,210,1
2,b6,6,0|1|2|3|4|6,4.6178,210,1
2,b6,6,0|1|2|3|4|7,5.7445,210,1
2,b6,6,0|1|2|3|4|8,5.5112,210,1
2,b6,6,0|1|2|3|4|9,5.6767,210,1
2,b6,6,0|1|2|3|5|6,9.7654,210,1
2,b6,6,0|1|2|3|5|7,11.2567,210,1
2,b6,6,0|1|2|3|5|8,9.3783,210,1
2,b6,6,0|1|2|3|5|9,11.2895,210,1
2,b6,6,0|1|2|3|6|7,10.3942,210,1
2,b6,6,0|1|2|3|6|8,9.2190,210,1
2,b6,6,0|1|2|3|6|9,9.5410,210,1
2,b6,6,0|1|2|3|7|8,9.8966,210,1
2,b6,6,0|1|2|3|7|9,11.5620,210,1
2,b6,6,0|1|2|3|8|9,7.7837,210,1
2,b6,6,0|1|2|4|5|6,13.1973,210,1
2,b6,6,0|1|2|4|5|7,18.9136,210,1
2,b6,6,0|1|2|4|5|8,16.9758,210,1
2,b6,6,0|1|2|4|5|9,20.2593,210,1
2,b6,6,0|1|2|4|6|7,16.2949,210,1
2,b6,6,0|1|2|4|6|8,14.5729,210,1
2,b6,6,0|1|2|4|6|9,16.7295,210,1
2,b6,6,0|1|2|4|7|8,19.6659,210,1
2,b6,6,0|1|2|4|7|9,20.3542,210,1
2,b6,6,0|1|2|4|8|9,18.3345,210,1
2,b6,6,0|1|2|5|6|7,13.2757,210,1
2,b6,6,0|1|2|5|6|8,11.2103,210,1
2,b6,6,0|1|2|5|6|9,15.5265,210,1
2,b6,6,0|1|2|5|7|8,15.0440,210,1
2,b6,6,0|1|2|5|7|9,16.7638,210,1
2,b6,6,0|1|2|5|8|9,13.2737,210,1
2,b6,6,0|1|2|6|7|8,14.5797,210,1
2,b6,6,0|1|2|6|7|9,15.8993,210,1
2,b6,6,0|1|2|6|8|9,13.2175,210,1
2,b6,6,0|1|2|7|8|9,13.9496,210,1
2,b6,6,0|1|3|4|5|6,16.9262,210,1
2,b6,6,0|1|3|4|5|7,18.4647,210,1
2,b6,6,0|1|3|4|5|8,17.5646,210,1
2,b6,6,0|1|3|4|5|9,19.8895,210,1
2,b6,6,0|1|3|4|6|7,18.1609,210,1
2,b6,6,0|1|3|4|6|8,16.2141,210,1
2,b6,6,0|1|3|4|6|9,18.7613,210,1
2,b6,6,0|1|3|4|7|8,18.5807,210,1
2,b6,6,0|1|3|4|7|9,21.2625,210,1
2,b6,6,0|1|3|4|8|9,16.0923,210,1
2,b6,6,0|1|3|5|6|7,15.0586,210,1
2,b6,6,0|1|3|5|6|8,14.2727,210,1
2,b6,6,0|1|3|5|6|9,16.1857,210,1
2,b6,6,0|1|3|5|7|8,17.4450,210,1
2,b6,6,0|1|3|5|7|9,19.8550,210,1
2,b6,6,0|1|3|5|8|9,15.6425,210,1
2,b6,6,0|1|3|6|7|8,16.3032,210,1
2,b6,6,0|1|3|6|7|9,17.7493,210,1
2,b6,6,0|1|3|6|8|9,13.8852,210,1
2,b6,6,0|1|3|7|8|9,14.8936,210,1
2,b6,6,0|1|4|5|6|7,12.4067,210,1
2,b6,6,0|1|4|5|6|8,13.0734,210,1
2,b6,6,0|1|4|5|6|9,14.8141,210,1
2,b6,6,0|1|4|5|7|8,16.3075,210,1
2,b6,6,0|1|4|5|7|9,21.1692,210,1
2,b6,6,0|1|4|5|8|9,16.1624,210,1
2,b6,6,0|1|4|6|7|8,15.7206,210,1
2,b6,6,0|1|4|6|7|9,18.1469,210,1
2,b6,6,0|1|4|6|8|9,14.9592,210,1
2,b6,6,0|1|4|7|8|9,15.2366,210,1
2,b6,6,0|1|5|6|7|8,9.4665,210,1
2,b6,6,0|1|5|6|7|9,9.7324,210,1
2,b6,6,0|1|5|6|8|9,8.6818,210,1
2,b6,6,0|1|5|7|8|9,9.4494,210,1
2,b6,6,0|1|6|7|8|9,12.2413,210,1
2,b6,6,0|2|3|4|5|6,8.4516,210,1
2,b6,6,0|2|3|4|5|7,10.9423,210,1
2,b6,6,0|2|3|4|5|8,11.1198,210,1
2,b6,6,0|2|3|4|5|9,11.5528,210,1
2,b6,6,0|2|3|4|6|7,10.4382,210,1
2,b6,6,0|2|3|4|6|8,10.4279,210,1
2,b6,6,0|2|3|4|6|9,11.1816,210,1
2,b6,6,0|2|3|4|7|8,12.2660,210,1
2,b6,6,0|2|3|4|7|9,13.2079,210,1
2,b6,6,0|2|3|4|8|9,12.3076,210,1
2,b6,6,0|2|3|5|6|7,17.5750,210,1
2,b6,6,0|2|3|5|6|8,17.4726,210,1
2,b6,6,0|2|3|5|6|9,19.2339,210,1
2,b6,6,0|2|3|5|7|8,24.7921,210,1
2,b6,6,0|2|3|5|7|9,25.3333,210,1
2,b6,6,0|2|3|5|8|9,25.8467,210,1
2,b6,6,0|2|3|6|7|8,18.8753,210,1
2,b6,6,0|2|3|6|7|9,20.6980,210,1
2,b6,6,0|2|3|6|8|9,18.0081,210,1
2,b6,6,0|2|3|7|8|9,26.5761,210,1
2,b6,6,0|2|4|5|6|7,37.1447,210,1
2,b6,6,0|2|4|5|6|8,34.2777,210,1
2,b6,6,0|2|4|5|6|9,40.8624,210,1
2,b6,6,0|2|4|5|7|8,48.3818,210,1
2,b6,6,0|2|4|5|7|9,49.6945,210,1
2,b6,6,0|2|4|5|8|9,49.9184,210,1
2,b6,6,0|2|4|6|7|8,33.9910,210,1
2,b6,6,0|2|4|6|7|9,40.9494,210,1
2,b6,6,0|2|4|6|8|9,35.5708,210,1
2,b6,6,0|2|4|7|8|9,44.5366,210,1
2,b6,6,0|2|5|6|7|8,34.8392,210,1
2,b6,6,0|2|5|6|7|9,42.6286,210,1
2,b6,6,0|2|5|6|8|9,33.4108,210,1
2,b6,6,0|2|5|7|8|9,42.2273,210,1
2,b6,6,0|2|6|7|8|9,31.7074,210,1
2,b6,6,0|3|4|5|6|7,33.8106,210,1
2,b6,6,0|3|4|5|6|8,32.7101,210,1
2,b6,6,0|3|4|5|6|9,35.6966,210,1
2,b6,6,0|3|4|5|7|8,41.2525,210,1
2,b6,6,0|3|4|5|7|9,45.2555,210,1
2,b6,6,0|3|4|5|8|9,43.4344,210,1
2,b6,6,0|3|4|6|7|8,32.4490,210,1
2,b6,6,0|3|4|6|7|9,36.4864,210,1
2,b6,6,0|3|4|6|8|9,33.4686,210,1
2,b6,6,0|3|4|7|8|9,40.6852,210,1
2,b6,6,0|3|5|6|7|8,35.7596,210,1
2,b6,6,0|3|5|6|7|9,43.7933,210,1
2,b6,6,0|3|5|6|8|9,34.0843,210,1
2,b6,6,0|3|5|7|8|9,45.4168,210,1
2,b6,6,0|3|6|7|8|9,30.0299,210,1
2,b6,6,0|4|5|6|7|8,31.4663,210,1
2,b6,6,0|4|5|6|7|9,41.2428,210,1
2,b6,6,0|4|5|6|8|9,31.6921,210,1
2,b6,6,0|4|5|7|8|9,42.0604,210,1
2,b6,6,0|4|6|7|8|9,28.3104,210,1
2,b6,6,0|5|6|7|8|9,21.4451,210,1
2,b6,6,1|2|3|4|5|6,7.9161,210,1
2,b6,6,1|2|3|4|5|7,7.8985,210,1
2,b6,6,1|2|3|4|5|8,7.9330,210,1
2,b6,6,1|2|3|4|5|9,9.0602,210,1
2,b6,6,1|2|3|4|6|7,10.8209,210,1
2,b6,6,1|2|3|4|6|8,10.4732,210,1
2,b6,6,1|2|3|4|6|9,11.0575,210,1
2,b6,6,1|2|3|4|7|8,8.8430,210,1
2,b6,6,1|2|3|4|7|9,8.8664,210,1
2,b6,6,1|2|3|4|8|9,9.7508,210,1
2,b6,6,1|2|3|5|6|7,18.4430,210,1
2,b6,6,1|2|3|5|6|8,18.2037,210,1
2,b6,6,1|2|3|5|6|9,19.8993,210,1
2,b6,6,1|2|3|5|7|8,16.9654,210,1
2,b6,6,1|2|3|5|7|9,17.9827,210,1
2,b6,6,1|2|3|5|8|9,15.3308,210,1
2,b6,6,1|2|3|6|7|8,17.5099,210,1
2,b6,6,1|2|3|6|7|9,18.6441,210,1
2,b6,6,1|2|3|6|8|9,15.2686,210,1
2,b6,6,1|2|3|7|8|9,13.9744,210,1
2,b6,6,1|2|4|5|6|7,18.4102,210,1
2,b6,6,1|2|4|5|6|8,17.6134,210,1
2,b6,6,1|2|4|5|6|9,19.6234,210,1
2,b6,6,1|2|4|5|7|8,22.0481,210,1
2,b6,6,1|2|4|5|7|9,24.3819,210,1
2,b6,6,1|2|4|5|8|9,22.0950,210,1
2,b6,6,1|2|4|6|7|8,20.5149,210,1
2,b6,6,1|2|4|6|7|9,20.4992,210,1
2,b6,6,1|2|4|6|8|9,16.4449,210,1
2,b6,6,1|2|4|7|8|9,21.0229,210,1
2,b6,6,1|2|5|6|7|8,16.9070,210,1
2,b6,6,1|2|5|6|7|9,18.5614,210,1
2,b6,6,1|2|5|6|8|9,16.3323,210,1
2,b6,6,1|2|5|7|8|9,15.9028,210,1
2,b6,6,1|2|6|7|8|9,15.2739,210,1
2,b6,6,1|3|4|5|6|7,20.6797,210,1
2,b6,6,1|3|4|5|6|8,21.5356,210,1
2,b6,6,1|3|4|5|6|9,23.1654,210,1
2,b6,6,1|3|4|5|7|8,22.6846,210,1
2,b6,6,1|3|4|5|7|9,24.9465,210,1
2,b6,6,1|3|4|5|8|9,21.4333,210,1
2,b6,6,1|3|4|6|7|8,22.5466,210,1
2,b6,6,1|3|4|6|7|9,23.3951,210,1
2,b6,6,1|3|4|6|8|9,19.0740,210,1
2,b6,6,1|3|4|7|8|9,20.2994,210,1
2,b6,6,1|3|5|6|7|8,21.3813,210,1
2,b6,6,1|3|5|6|7|9,23.8804,210,1
2,b6,6,1|3|5|6|8|9,21.0466,210,1
2,b6,6,1|3|5|7|8|9,20.3446,210,1
2,b6,6,1|3|6|7|8|9,20.8864,210,1
2,b6,6,1|4|5|6|7|8,16.2936,210,1
2,b6,6,1|4|5|6|7|9,18.8698,210,1
2,b6,6,1|4|5|6|8|9,16.9019,210,1
2,b6,6,1|4|5|7|8|9,17.6894,210,1
2,b6,6,1|4|6|7|8|9,15.8972,210,1
2,b6,6,1|5|6|7|8|9,10.2228,210,1
2,b6,6,2|3|4|5|6|7,9.5586,210,1
2,b6,6,2|3|4|5|6|8,9.9868,210,1
2,b6,6,2|3|4|5|6|9,10.2451,210,1
2,b6,6,2|3|4|5|7|8,12.3772,210,1
2,b6,6,2|3|4|5|7|9,13.3922,210,1
2,b6,6,2|3|4|5|8|9,14.3915,210,1
2,b6,6,2|3|4|6|7|8,12.2875,210,1
2,b6,6,2|3|4|6|7|9,12.5764,210,1
2,b6,6,2|3|4|6|8|9,12.6918,210,1
2,b6,6,2|3|4|7|8|9,16.1737,210,1
2,b6,6,2|3|5|6|7|8,23.1027,210,1
2,b6,6,2|3|5|6|7|9,23.4840,210,1
2,b6,6,2|3|5|6|8|9,20.9807,210,1
2,b6,6,2|3|5|7|8|9,27.0573,210,1
2,b6,6,2|3|6|7|8|9,20.3710,210,1
2,b6,6,2|4|5|6|7|8,35.2738,210,1
2,b6,6,2|4|5|6|7|9,45.9892,210,1
2,b6,6,2|4|5|6|8|9,36.0774,210,1
2,b6,6,2|4|5|7|8|9,42.8857,210,1
2,b6,6,2|4|6|7|8|9,35.9754,210,1
2,b6,6,2|5|6|7|8|9,31.4202,210,1
2,b6,6,3|4|5|6|7|8,34.5413,210,1
2,b6,6,3|4|5|6|7|9,39.6018,210,1
2,b6,6,3|4|5|6|8|9,35.6845,210,1
2,b6,6,3|4|5|7|8|9,40.9547,210,1
2,b6,6,3|4|6|7|8|9,32.8821,210,1
2,b6,6,3|5|6|7|8|9,31.1783,210,1
2,b6,6,4|5|6|7|8|9,27.8774,210,1
2,proposed,0,,73.8967,1,1
2,proposed,1,0,70.0164,10,1
2,proposed,1,1,63.9945,10,1
2,proposed,1,2,71.0652,10,1
2,proposed,1,3,69.9529,10,1
2,proposed,1,4,75.2148,10,1
2,proposed,1,5,73.2183,10,1
2,proposed,1,6,72.3163,10,1
2,proposed,1,7,71.3406,10,1
2,proposed,1,8,73.1009,10,1
2,proposed,1,9,74.8198,10,1
2,proposed,2,0|1,46.3179,45,1
2,proposed,2,0|2,65.9866,45,1
2,proposed,2,0|3,62.5493,45,1
2,proposed,2,0|4,70.2281,45,1
2,proposed,2,0|5,69.2323,45,1
2,proposed,2,0|6,69.3684,45,1
2,proposed,2,0|7,67.0337,45,1
2,proposed,2,0|8,67.9658,45,1
2,proposed,2,0|9,68.9197,45,1
2,proposed,2,1|2,61.1138,45,1
2,proposed,2,1|3,61.0713,45,1
2,proposed,2,1|4,60.6083,45,1
2,proposed,2,1|5,62.8511,45,1
2,proposed,2,1|6,63.4719,45,1
2,proposed,2,1|7,61.4793,45,1
2,proposed,2,1|8,61.9684,45,1
2,proposed,2,1|9,62.7799,45,1
2,proposed,2,2|3,56.4321,45,1
2,proposed,2,2|4,70.3623,45,1
2,proposed,2,2|5,69.4355,45,1
2,proposed,2,2|6,70.6717,45,1
2,proposed,2,2|7,67.9843,45,1
2,proposed,2,2|8,69.6931,45,1
2,proposed,2,2|9,71.3921,45,1
2,proposed,2,3|4,70.0565,45,1
2,proposed,2,3|5,70.6685,45,1
2,proposed,2,3|6,68.3085,45,1
2,proposed,2,3|7,66.5385,45,1
2,proposed,2,3|8,69.8146,45,1
2,proposed,2,3|9,68.6684,45,1
2,proposed,2,4|5,73.5831,45,1
2,proposed,2,4|6,74.1063,45,1
2,proposed,2,4|7,73.4217,45,1
2,proposed,2,4|8,73.4393,45,1
2,proposed,2,4|9,75.0171,45,1
2,proposed,2,5|6,69.9989,45,1
2,proposed,2,5|7,70.6858,45,1
2,proposed,2,5|8,71.0960,45,1
2,proposed,2,5|9,73.4205,45,1
2,proposed,2,6|7,70.4751,45,1
2,proposed,2,6|8,71.6421,45,1
2,proposed,2,6|9,72.8212,45,1
2,proposed,2,7|8,70.0114,45,1
2,proposed,2,7|9,73.1270,45,1
2,proposed,2,8|9,70.7773,45,1
2,proposed,3,0|1|2,46.0310,120,1
2,proposed,3,0|1|3,40.5053,120,1
2,proposed,3,0|1|4,44.0950,120,1
2,proposed,3,0|1|5,43.5920,120,1
2,proposed,3,0|1|6,45.7685,120,1
2,proposed,3,0|1|7,44.3544,120,1
2,proposed,3,0|1|8,43.4571,120,1
2,proposed,3,0|1|9,40.0267,120,1
2,proposed,3,0|2|3,52.9158,120,1
2,proposed,3,0|2|4,66.1198,120,1
2,proposed,3,0|2|5,66.4692,120,1
2,proposed,3,0|2|6,65.3943,120,1
2,proposed,3,0|2|7,63.4368,120,1
2,proposed,3,0|2|8,64.6926,120,1
2,proposed,3,0|2|9,65.8788,120,1
2,proposed,3,0|3|4,63.4374,120,1
2,proposed,3,0|3|5,62.5897,120,1
2,proposed,3,0|3|6,62.2155,120,1
2,proposed,3,0|3|7,59.8308,120,1
2,proposed,3,0|3|8,60.9040,120,1
2,proposed,3,0|3|9,63.0055,120,1
2,proposed,3,0|4|5,68.3695,120,1
2,proposed,3,0|4|6,69.2234,120,1
2,proposed,3,0|4|7,66.5914,120,1
2,proposed,3,0|4|8,67.9773,120,1
2,proposed,3,0|4|9,70.5663,120,1
2,proposed,3,0|5|6,65.6790,120,1
2,proposed,3,0|5|7,65.7958,120,1
2,proposed,3,0|5|8,68.1953,120,1
2,proposed,3,0|5|9,68.3918,120,1
2,proposed,3,0|6|7,65.5316,120,1
2,proposed,3,0|6|8,67.9527,120,1
2,proposed,3,0|6|9,69.5356,120,1
2,proposed,3,0|7|8,62.6387,120,1
2,proposed,3,0|7|9,67.5571,120,1
2,proposed,3,0|8|9,64.3198,120,1
2,proposed,3,1|2|3,42.8860,120,1
2,proposed,3,1|2|4,56.6887,120,1
2,proposed,3,1|2|5,58.6502,120,1
2,proposed,3,1|2|6,60.6211,120,1
2,proposed,3,1|2|7,58.2509,120,1
2,proposed,3,1|2|8,60.8937,120,1
2,proposed,3,1|2|9,59.9764,120,1
2,proposed,3,1|3|4,56.6864,120,1
2,proposed,3,1|3|5,60.6338,120,1
2,proposed,3,1|3|6,60.7599,120,1
2,proposed,3,1|3|7,59.2471,120,1
2,proposed,3,1|3|8,60.4556,120,1
2,proposed,3,1|3|9,59.5375,120,1
2,proposed,3,1|4|5,58.8010,120,1
2,proposed,3,1|4|6,58.9943,120,1
2,proposed,3,1|4|7,58.0515,120,1
2,proposed,3,1|4|8,59.4698,120,1
2,proposed,3,1|4|9,59.9836,120,1
2,proposed,3,1|5|6,59.5871,120,1
2,proposed,3,1|5|7,57.2134,120,1
2,proposed,3,1|5|8,61.6231,120,1
2,proposed,3,1|5|9,62.2941,120,1
2,proposed,3,1|6|7,59.5487,120,1
2,proposed,3,1|6|8,60.3379,120,1
2,proposed,3,1|6|9,61.6867,120,1
2,proposed,3,1|7|8,58.3605,120,1
2,proposed,3,1|7|9,60.1382,120,1
2,proposed,3,1|8|9,59.5853,120,1
2,proposed,3,2|3|4,49.5564,120,1
2,proposed,3,2|3|5,56.9543,120,1
2,proposed,3,2|3|6,55.5868,120,1
2,proposed,3,2|3|7,53.7570,120,1
2,proposed,3,2|3|8,55.9505,120,1
2,proposed,3,2|3|9,54.1995,120,1
2,proposed,3,2|4|5,68.4212,120,1
2,proposed,3,2|4|6,69.2195,120,1
2,proposed,3,2|4|7,67.3826,120,1
2,proposed,3,2|4|8,69.3386,120,1
2,proposed,3,2|4|9,70.3581,120,1
2,proposed,3,2|5|6,67.6148,120,1
2,proposed,3,2|5|7,66.3738,120,1
2,proposed,3,2|5|8,69.4177,120,1
2,proposed,3,2|5|9,71.1854,120,1
2,proposed,3,2|6|7,66.9279,120,1
2,proposed,3,2|6|8,68.7758,120,1
2,proposed,3,2|6|9,70.9110,120,1
2,proposed,3,2|7|8,65.7922,120,1
2,proposed,3,2|7|9,70.0755,120,1
2,proposed,3,2|8|9,69.3990,120,1
2,proposed,3,3|4|5,64.7971,120,1
2,proposed,3,3|4|6,68.9697,120,1
2,proposed,3,3|4|7,67.1478,120,1
2,proposed,3,3|4|8,70.3069,120,1
2,proposed,3,3|4|9,69.0496,120,1
2,proposed,3,3|5|6,67.0381,120,1
2,proposed,3,3|5|7,68.2912,120,1
2,proposed,3,3|5|8,70.6169,120,1
2,proposed,3,3|5|9,68.6888,120,1
2,proposed,3,3|6|7,65.6017,120,1
2,proposed,3,3|6|8,68.7303,120,1
2,proposed,3,3|6|9,67.8661,120,1
2,proposed,3,3|7|8,65.0186,120,1
2,proposed,3,3|7|9,66.9428,120,1
2,proposed,3,3|8|9,66.1081,120,1
2,proposed,3,4|5|6,66.4458,120,1
2,proposed,3,4|5|7,69.1989,120,1
2,proposed,3,4|5|8,71.8224,120,1
2,proposed,3,4|5|9,73.7012,120,1
2,proposed,3,4|6|7,70.9393,120,1
2,proposed,3,4|6|8,72.6524,120,1
2,proposed,3,4|6|9,72.8514,120,1
2,proposed,3,4|7|8,68.8974,120,1
2,proposed,3,4|7|9,72.6610,120,1
2,proposed,3,4|8|9,68.3092,120,1
2,proposed,3,5|6|7,61.8774,120,1
2,proposed,3,5|6|8,68.6287,120,1
2,proposed,3,5|6|9,70.5025,120,1
2,proposed,3,5|7|8,67.4781,120,1
2,proposed,3,5|7|9,72.4166,120,1
2,proposed,3,5|8|9,69.9694,120,1
2,proposed,3,6|7|8,66.8525,120,1
2,proposed,3,6|7|9,71.2092,120,1
2,proposed,3,6|8|9,69.0573,120,1
2,proposed,3,7|8|9,57.8512,120,1
2,proposed,4,0|1|2|3,31.4727,210,1
2,proposed,4,0|1|2|4,42.9933,210,1
2,proposed,4,0|1|2|5,43.3813,210,1
2,proposed,4,0|1|2|6,45.1565,210,1
2,proposed,4,0|1|2|7,43.9044,210,1
2,proposed,4,0|1|2|8,43.7587,210,1
2,proposed,4,0|1|2|9,40.6677,210,1
2,proposed,4,0|1|3|4,36.0907,210,1
2,proposed,4,0|1|3|5,38.1799,210,1
2,proposed,4,0|1|3|6,39.3510,210,1
2,proposed,4,0|1|3|7,39.2415,210,1
2,proposed,4,0|1|3|8,38.5728,210,1
2,proposed,4,0|1|3|9,37.2690,210,1
2,proposed,4,0|1|4|5,41.2675,210,1
2,proposed,4,0|1|4|6,42.4675,210,1
2,proposed,4,0|1|4|7,42.6127,210,1
2,proposed,4,0|1|4|8,41.8258,210,1
2,proposed,4,0|1|4|9,39.2063,210,1
2,proposed,4,0|1|5|6,40.9502,210,1
2,proposed,4,0|1|5|7,41.0314,210,1
2,proposed,4,0|1|5|8,41.4062,210,1
2,proposed,4,0|1|5|9,38.7464,210,1
2,proposed,4,0|1|6|7,42.2243,210,1
2,proposed,4,0|1|6|8,42.2771,210,1
2,proposed,4,0|1|6|9,39.5726,210,1
2,proposed,4,0|1|7|8,39.4706,210,1
2,proposed,4,0|1|7|9,39.4646,210,1
2,proposed,4,0|1|8|9,27.5255,210,1
2,proposed,4,0|2|3|4,45.0457,210,1
2,proposed,4,0|2|3|5,53.8221,210,1
2,proposed,4,0|2|3|6,51.3404,210,1
2,proposed,4,0|2|3|7,50.5456,210,1
2,proposed,4,0|2|3|8,52.1180,210,1
2,proposed,4,0|2|3|9,51.2899,210,1
2,proposed,4,0|2|4|5,64.1418,210,1
2,proposed,4,0|2|4|6,64.9299,210,1
2,proposed,4,0|2|4|7,63.2506,210,1
2,proposed,4,0|2|4|8,64.1492,210,1
2,proposed,4,0|2|4|9,66.7034,210,1
2,proposed,4,0|2|5|6,62.9333,210,1
2,proposed,4,0|2|5|7,61.6641,210,1
2,proposed,4,0|2|5|8,65.2884,210,1
2,proposed,4,0|2|5|9,65.5511,210,1
2,proposed,4,0|2|6|7,60.0040,210,1
2,proposed,4,0|2|6|8,64.2281,210,1
2,proposed,4,0|2|6|9,66.1308,210,1
2,proposed,4,0|2|7|8,59.2231,210,1
2,proposed,4,0|2|7|9,64.2448,210,1
2,proposed,4,0|2|8|9,61.4364,210,1
2,proposed,4,0|3|4|5,56.9388,210,1
2,proposed,4,0|3|4|6,60.6720,210,1
2,proposed,4,0|3|4|7,60.9084,210,1
2,proposed,4,0|3|4|8,61.9641,210,1
2,proposed,4,0|3|4|9,62.2747,210,1
2,proposed,4,0|3|5|6,59.1965,210,1
2,proposed,4,0|3|5|7,60.7770,210,1
2,proposed,4,0|3|5|8,62.3537,210,1
2,proposed,4,0|3|5|9,61.2358,210,1
2,proposed,4,0|3|6|7,58.0886,210,1
2,proposed,4,0|3|6|8,59.6375,210,1
2,proposed,4,0|3|6|9,62.6022,210,1
2,proposed,4,0|3|7|8,55.0590,210,1
2,proposed,4,0|3|7|9,62.7597,210,1
2,proposed,4,0|3|8|9,58.7435,210,1
2,proposed,4,0|4|5|6,60.5493,210,1
2,proposed,4,0|4|5|7,64.5321,210,1
2,proposed,4,0|4|5|8,66.2954,210,1
2,proposed,4,0|4|5|9,68.2846,210,1
2,proposed,4,0|4|6|7,63.9824,210,1
2,proposed,4,0|4|6|8,67.6808,210,1
2,proposed,4,0|4|6|9,68.9824,210,1
2,proposed,4,0|4|7|8,59.8363,210,1
2,proposed,4,0|4|7|9,66.6989,210,1
2,proposed,4,0|4|8|9,61.8441,210,1
2,proposed,4,0|5|6|7,58.1342,210,1
2,proposed,4,0|5|6|8,65.3386,210,1
2,proposed,4,0|5|6|9,66.4222,210,1
2,proposed,4,0|5|7|8,59.7744,210,1
2,proposed,4,0|5|7|9,64.6887,210,1
2,proposed,4,0|5|8|9,65.7512,210,1
2,proposed,4,0|6|7|8,56.7032,210,1
2,proposed,4,0|6|7|9,66.2119,210,1
2,proposed,4,0|6|8|9,64.4276,210,1
2,proposed,4,0|7|8|9,44.9549,210,1
2,proposed,4,1|2|3|4,27.5224,210,1
2,proposed,4,1|2|3|5,42.3571,210,1
2,proposed,4,1|2|3|6,43.3430,210,1
2,proposed,4,1|2|3|7,40.0482,210,1
2,proposed,4,1|2|3|8,42.1914,210,1
2,proposed,4,1|2|3|9,42.4814,210,1
2,proposed,4,1|2|4|5,53.7478,210,1
2,proposed,4,1|2|4|6,56.3090,210,1
2,proposed,4,1|2|4|7,53.9064,210,1
2,proposed,4,1|2|4|8,57.4933,210,1
2,proposed,4,1|2|4|9,55.1473,210,1
2,proposed,4,1|2|5|6,55.9750,210,1
2,proposed,4,1|2|5|7,53.7814,210,1
2,proposed,4,1|2|5|8,58.7911,210,1
2,proposed,4,1|2|5|9,58.1222,210,1
2,proposed,4,1|2|6|7,57.0100,210,1
2,proposed,4,1|2|6|8,58.9985,210,1
2,proposed,4,1|2|6|9,59.1716,210,1
2,proposed,4,1|2|7|8,57.1860,210,1
2,proposed,4,1|2|7|9,58.2734,210,1
2,proposed,4,1|2|8|9,56.0883,210,1
2,proposed,4,1|3|4|5,55.0097,210,1
2,proposed,4,1|3|4|6,56.1069,210,1
2,proposed,4,1|3|4|7,55.2376,210,1
2,proposed,4,1|3|4|8,56.4252,210,1
2,proposed,4,1|3|4|9,55.3562,210,1
2,proposed,4,1|3|5|6,58.4574,210,1
2,proposed,4,1|3|5|7,55.4374,210,1
2,proposed,4,1|3|5|8,60.2652,210,1
2,proposed,4,1|3|5|9,59.1651,210,1
2,proposed,4,1|3|6|7,57.3273,210,1
2,proposed,4,1|3|6|8,59.7168,210,1
2,proposed,4,1|3|6|9,58.9623,210,1
2,proposed,4,1|3|7|8,56.1226,210,1
2,proposed,4,1|3|7|9,57.8071,210,1
2,proposed,4,1|3|8|9,56.5571,210,1
2,proposed,4,1|4|5|6,53.4850,210,1
2,proposed,4,1|4|5|7,53.4236,210,1
2,proposed,4,1|4|5|8,56.0175,210,1
2,proposed,4,1|4|5|9,57.5125,210,1
2,proposed,4,1|4|6|7,56.1943,210,1
2,proposed,4,1|4|6|8,57.0229,210,1
2,proposed,4,1|4|6|9,57.8963,210,1
2,proposed,4,1|4|7|8,54.9674,210,1
2,proposed,4,1|4|7|9,57.4429,210,1
2,proposed,4,1|4|8|9,55.3879,210,1
2,proposed,4,1|5|6|7,53.2787,210,1
2,proposed,4,1|5|6|8,57.9221,210,1
2,proposed,4,1|5|6|9,58.9939,210,1
2,proposed,4,1|5|7|8,52.6577,210,1
2,proposed,4,1|5|7|9,56.2895,210,1
2,proposed,4,1|5|8|9,56.1661,210,1
2,proposed,4,1|6|7|8,53.3179,210,1
2,proposed,4,1|6|7|9,57.9083,210,1
2,proposed,4,1|6|8|9,57.1352,210,1
2,proposed,4,1|7|8|9,49.4615,210,1
2,proposed,4,2|3|4|5,39.9365,210,1
2,proposed,4,2|3|4|6,51.4706,210,1
2,proposed,4,2|3|4|7,46.9876,210,1
2,proposed,4,2|3|4|8,48.8257,210,1
2,proposed,4,2|3|4|9,47.7497,210,1
2,proposed,4,2|3|5|6,55.6270,210,1
2,proposed,4,2|3|5|7,53.3557,210,1
2,proposed,4,2|3|5|8,56.9474,210,1
2,proposed,4,2|3|5|9,55.2144,210,1
2,proposed,4,2|3|6|7,52.1741,210,1
2,proposed,4,2|3|6|8,55.6777,210,1
2,proposed,4,2|3|6|9,52.7378,210,1
2,proposed,4,2|3|7|8,50.5910,210,1
2,proposed,4,2|3|7|9,52.2540,210,1
2,proposed,4,2|3|8|9,52.3233,210,1
2,proposed,4,2|4|5|6,63.2721,210,1
2,proposed,4,2|4|5|7,64.9740,210,1
2,proposed,4,2|4|5|8,67.3191,210,1
2,proposed,4,2|4|5|9,68.5602,210,1
2,proposed,4,2|4|6|7,66.3581,210,1
2,proposed,4,2|4|6|8,69.2089,210,1
2,proposed,4,2|4|6|9,70.1243,210,1
2,proposed,4,2|4|7|8,63.4143,210,1
2,proposed,4,2|4|7|9,67.2142,210,1
2,proposed,4,2|4|8|9,65.4881,210,1
2,proposed,4,2|5|6|7,56.0228,210,1
2,proposed,4,2|5|6|8,66.3167,210,1
2,proposed,4,2|5|6|9,66.6933,210,1
2,proposed,4,2|5|7|8,63.1186,210,1
2,proposed,4,2|5|7|9,67.9624,210,1
2,proposed,4,2|5|8|9,66.9816,210,1
2,proposed,4,2|6|7|8,63.1643,210,1
2,proposed,4,2|6|7|9,68.1008,210,1
2,proposed,4,2|6|8|9,66.1070,210,1
2,proposed,4,2|7|8|9,54.5607,210,1
2,proposed,4,3|4|5|6,52.0626,210,1
2,proposed,4,3|4|5|7,62.5807,210,1
2,proposed,4,3|4|5|8,66.4134,210,1
2,proposed,4,3|4|5|9,63.7628,210,1
2,proposed,4,3|4|6|7,65.1896,210,1
2,proposed,4,3|4|6|8,70.1669,210,1
2,proposed,4,3|4|6|9,67.0805,210,1
2,proposed,4,3|4|7|8,65.5967,210,1
2,proposed,4,3|4|7|9,66.3600,210,1
2,proposed,4,3|4|8|9,62.2882,210,1
2,proposed,4,3|5|6|7,58.9851,210,1
2,proposed,4,3|5|6|8,66.2415,210,1
2,proposed,4,3|5|6|9,64.2617,210,1
2,proposed,4,3|5|7|8,67.1384,210,1
2,proposed,4,3|5|7|9,67.1737,210,1
2,proposed,4,3|5|8|9,65.8973,210,1
2,proposed,4,3|6|7|8,63.1472,210,1
2,proposed,4,3|6|7|9,66.1165,210,1
2,proposed,4,3|6|8|9,64.7252,210,1
2,proposed,4,3|7|8|9,56.8858,210,1
2,proposed,4,4|5|6|7,55.5209,210,1
2,proposed,4,4|5|6|8,66.4981,210,1
2,proposed,4,4|5|6|9,66.2910,210,1
2,proposed,4,4|5|7|8,65.2852,210,1
2,proposed,4,4|5|7|9,69.8584,210,1
2,proposed,4,4|5|8|9,66.1700,210,1
2,proposed,4,4|6|7|8,63.3941,210,1
2,proposed,4,4|6|7|9,69.1274,210,1
2,proposed,4,4|6|8|9,66.9817,210,1
2,proposed,4,4|7|8|9,51.1388,210,1
2,proposed,4,5|6|7|8,54.2743,210,1
2,proposed,4,5|6|7|9,63.4102,210,1
2,proposed,4,5|6|8|9,64.5603,210,1
2,proposed,4,5|7|8|9,55.4419,210,1
2,proposed,4,6|7|8|9,47.2672,210,1
2,proposed,5,0|1|2|3|4,20.3402,252,1
2,proposed,5,0|1|2|3|5,30.2650,252,1
2,proposed,5,0|1|2|3|6,31.3277,252,1
2,proposed,5,0|1|2|3|7,30.3339,252,1
2,proposed,5,0|1|2|3|8,29.1536,252,1
2,proposed,5,0|1|2|3|9,31.0871,252,1
2,proposed,5,0|1|2|4|5,40.8821,252,1
2,proposed,5,0|1|2|4|6,41.1833,252,1
2,proposed,5,0|1|2|4|7,42.2907,252,1
2,proposed,5,0|1|2|4|8,41.1199,252,1
2,proposed,5,0|1|2|4|9,39.9732,252,1
2,proposed,5,0|1|2|5|6,40.9847,252,1
2,proposed,5,0|1|2|5|7,40.2539,252,1
2,proposed,5,0|1|2|5|8,41.6892,252,1
2,proposed,5,0|1|2|5|9,39.4014,252,1
2,proposed,5,0|1|2|6|7,43.4558,252,1
2,proposed,5,0|1|2|6|8,43.1457,252,1
2,proposed,5,0|1|2|6|9,39.9087,252,1
2,proposed,5,0|1|2|7|8,39.5536,252,1
2,proposed,5,0|1|2|7|9,39.7865,252,1
2,proposed,5,0|1|2|8|9,28.1923,252,1
2,proposed,5,0|1|3|4|5,35.7644,252,1
2,proposed,5,0|1|3|4|6,38.8030,252,1
2,proposed,5,0|1|3|4|7,35.5932,252,1
2,proposed,5,0|1|3|4|8,33.8072,252,1
2,proposed,5,0|1|3|4|9,33.0385,252,1
2,proposed,5,0|1|3|5|6,34.1998,252,1
2,proposed,5,0|1|3|5|7,36.1989,252,1
2,proposed,5,0|1|3|5|8,36.1888,252,1
2,proposed,5,0|1|3|5|9,35.9429,252,1
2,proposed,5,0|1|3|6|7,36.9597,252,1
2,proposed,5,0|1|3|6|8,39.7351,252,1
2,proposed,5,0|1|3|6|9,35.5274,252,1
2,proposed,5,0|1|3|7|8,33.7300,252,1
2,proposed,5,0|1|3|7|9,36.2836,252,1
2,proposed,5,0|1|3|8|9,25.0789,252,1
2,proposed,5,0|1|4|5|6,38.8498,252,1
2,proposed,5,0|1|4|5|7,38.3837,252,1
2,proposed,5,0|1|4|5|8,38.9961,252,1
2,proposed,5,0|1|4|5|9,37.3188,252,1
2,proposed,5,0|1|4|6|7,40.8752,252,1
2,proposed,5,0|1|4|6|8,38.8188,252,1
2,proposed,5,0|1|4|6|9,39.3889,252,1
2,proposed,5,0|1|4|7|8,38.1414,252,1
2,proposed,5,0|1|4|7|9,38.7416,252,1
2,proposed,5,0|1|4|8|9,28.7019,252,1
2,proposed,5,0|1|5|6|7,34.9405,252,1
2,proposed,5,0|1|5|6|8,38.3127,252,1
2,proposed,5,0|1|5|6|9,34.7832,252,1
2,proposed,5,0|1|5|7|8,37.4413,252,1
2,proposed,5,0|1|5|7|9,36.1074,252,1
2,proposed,5,0|1|5|8|9,29.2326,252,1
2,proposed,5,0|1|6|7|8,35.7558,252,1
2,proposed,5,0|1|6|7|9,36.4108,252,1
2,proposed,5,0|1|6|8|9,25.0927,252,1
2,proposed,5,0|1|7|8|9,25.0719,252,1
2,proposed,5,0|2|3|4|5,33.0229,252,1
2,proposed,5,0|2|3|4|6,47.0035,252,1
2,proposed,5,0|2|3|4|7,42.1460,252,1
2,proposed,5,0|2|3|4|8,43.2341,252,1
2,proposed,5,0|2|3|4|9,41.6132,252,1
2,proposed,5,0|2|3|5|6,49.6460,252,1
2,proposed,5,0|2|3|5|7,50.6320,252,1
2,proposed,5,0|2|3|5|8,51.5932,252,1
2,proposed,5,0|2|3|5|9,52.0402,252,1
2,proposed,5,0|2|3|6|7,48.3599,252,1
2,proposed,5,0|2|3|6|8,48.2362,252,1
2,proposed,5,0|2|3|6|9,49.5078,252,1
2,proposed,5,0|2|3|7|8,46.2680,252,1
2,proposed,5,0|2|3|7|9,48.7253,252,1
2,proposed,5,0|2|3|8|9,46.5887,252,1
2,proposed,5,0|2|4|5|6,57.2456,252,1
2,proposed,5,0|2|4|5|7,59.5575,252,1
2,proposed,5,0|2|4|5|8,62.9681,252,1
2,proposed,5,0|2|4|5|9,64.4310,252,1
2,proposed,5,0|2|4|6|7,59.7804,252,1
2,proposed,5,0|2|4|6|8,64.7137,252,1
2,proposed,5,0|2|4|6|9,65.6145,252,1
2,proposed,5,0|2|4|7|8,54.2495,252,1
2,proposed,5,0|2|4|7|9,63.8862,252,1
2,proposed,5,0|2|4|8|9,59.4438,252,1
2,proposed,5,0|2|5|6|7,51.8682,252,1
2,proposed,5,0|2|5|6|8,60.6495,252,1
2,proposed,5,0|2|5|6|9,62.9242,252,1
2,proposed,5,0|2|5|7|8,55.8355,252,1
2,proposed,5,0|2|5|7|9,61.1927,252,1
2,proposed,5,0|2|5|8|9,60.6780,252,1
2,proposed,5,0|2|6|7|8,52.1979,252,1
2,proposed,5,0|2|6|7|9,63.8731,252,1
2,proposed,5,0|2|6|8|9,60.1379,252,1
2,proposed,5,0|2|7|8|9,38.4256,252,1
2,proposed,5,0|3|4|5|6,42.1105,252,1
2,proposed,5,0|3|4|5|7,55.8142,252,1
2,proposed,5,0|3|4|5|8,58.4475,252,1
2,proposed,5,0|3|4|5|9,55.5699,252,1
2,proposed,5,0|3|4|6|7,56.8190,252,1
2,proposed,5,0|3|4|6|8,60.0672,252,1
2,proposed,5,0|3|4|6|9,61.4442,252,1
2,proposed,5,0|3|4|7|8,54.5536,252,1
2,proposed,5,0|3|4|7|9,60.5232,252,1
2,proposed,5,0|3|4|8|9,55.2155,252,1
2,proposed,5,0|3|5|6|7,51.7776,252,1
2,proposed,5,0|3|5|6|8,59.1830,252,1
2,proposed,5,0|3|5|6|9,57.3497,252,1
2,proposed,5,0|3|5|7|8,53.7368,252,1
2,proposed,5,0|3|5|7|9,61.2350,252,1
2,proposed,5,0|3|5|8|9,56.1155,252,1
2,proposed,5,0|3|6|7|8,50.1150,252,1
2,proposed,5,0|3|6|7|9,60.2949,252,1
2,proposed,5,0|3|6|8|9,55.5726,252,1
2,proposed,5,0|3|7|8|9,42.5967,252,1
2,proposed,5,0|4|5|6|7,48.9171,252,1
2,proposed,5,0|4|5|6|8,59.9682,252,1
2,proposed,5,0|4|5|6|9,59.8281,252,1
2,proposed,5,0|4|5|7|8,58.0564,252,1
2,proposed,5,0|4|5|7|9,65.1133,252,1
2,proposed,5,0|4|5|8|9,62.2093,252,1
2,proposed,5,0|4|6|7|8,51.8862,252,1
2,proposed,5,0|4|6|7|9,63.7013,252,1
2,proposed,5,0|4|6|8|9,61.8110,252,1
2,proposed,5,0|4|7|8|9,34.7625,252,1
2,proposed,5,0|5|6|7|8,48.2577,252,1
2,proposed,5,0|5|6|7|9,57.6997,252,1
2,proposed,5,0|5|6|8|9,58.4521,252,1
2,proposed,5,0|5|7|8|9,45.1381,252,1
2,proposed,5,0|6|7|8|9,36.5010,252,1
2,proposed,5,1|2|3|4|5,19.9275,252,1
2,proposed,5,1|2|3|4|6,26.5440,252,1
2,proposed,5,1|2|3|4|7,26.6301,252,1
2,proposed,5,1|2|3|4|8,26.2114,252,1
2,proposed,5,1|2|3|4|9,26.8727,252,1
2,proposed,5,1|2|3|5|6,39.8819,252,1
2,proposed,5,1|2|3|5|7,37.0630,252,1
2,proposed,5,1|2|3|5|8,40.8628,252,1
2,proposed,5,1|2|3|5|9,41.2766,252,1
2,proposed,5,1|2|3|6|7,39.9163,252,1
2,proposed,5,1|2|3|6|8,42.9134,252,1
2,proposed,5,1|2|3|6|9,43.1187,252,1
2,proposed,5,1|2|3|7|8,39.1369,252,1
2,proposed,5,1|2|3|7|9,39.6865,252,1
2,proposed,5,1|2|3|8|9,39.7446,252,1
2,proposed,5,1|2|4|5|6,51.5870,252,1
2,proposed,5,1|2|4|5|7,49.1983,252,1
2,proposed,5,1|2|4|5|8,54.2185,252,1
2,proposed,5,1|2|4|5|9,53.2030,252,1
2,proposed,5,1|2|4|6|7,53.1655,252,1
2,proposed,5,1|2|4|6|8,56.2557,252,1
2,proposed,5,1|2|4|6|9,55.1286,252,1
2,proposed,5,1|2|4|7|8,52.9103,252,1
2,proposed,5,1|2|4|7|9,53.0113,252,1
2,proposed,5,1|2|4|8|9,52.4565,252,1
2,proposed,5,1|2|5|6|7,50.1085,252,1
2,proposed,5,1|2|5|6|8,55.2152,252,1
2,proposed,5,1|2|5|6|9,54.3517,252,1
2,proposed,5,1|2|5|7|8,50.4618,252,1
2,proposed,5,1|2|5|7|9,52.1792,252,1
2,proposed,5,1|2|5|8|9,53.6709,252,1
2,proposed,5,1|2|6|7|8,53.3789,252,1
2,proposed,5,1|2|6|7|9,54.8835,252,1
2,proposed,5,1|2|6|8|9,54.9458,252,1
2,proposed,5,1|2|7|8|9,49.0630,252,1
2,proposed,5,1|3|4|5|6,44.7486,252,1
2,proposed,5,1|3|4|5|7,49.4288,252,1
2,proposed,5,1|3|4|5|8,52.9235,252,1
2,proposed,5,1|3|4|5|9,53.6200,252,1
2,proposed,5,1|3|4|6|7,53.9140,252,1
2,proposed,5,1|3|4|6|8,55.2586,252,1
2,proposed,5,1|3|4|6|9,54.5688,252,1
2,proposed,5,1|3|4|7|8,50.3741,252,1
2,proposed,5,1|3|4|7|9,54.4540,252,1
2,proposed,5,1|3|4|8|9,49.6567,252,1
2,proposed,5,1|3|5|6|7,51.5129,252,1
2,proposed,5,1|3|5|6|8,58.1149,252,1
2,proposed,5,1|3|5|6|9,56.8967,252,1
2,proposed,5,1|3|5|7|8,51.3204,252,1
2,proposed,5,1|3|5|7|9,54.4896,252,1
2,proposed,5,1|3|5|8|9,55.9556,252,1
2,proposed,5,1|3|6|7|8,51.3668,252,1
2,proposed,5,1|3|6|7|9,55.6194,252,1
2,proposed,5,1|3|6|8|9,54.3147,252,1
2,proposed,5,1|3|7|8|9,46.7838,252,1
2,proposed,5,1|4|5|6|7,47.5761,252,1
2,proposed,5,1|4|5|6|8,51.9193,252,1
2,proposed,5,1|4|5|6|9,49.2481,252,1
2,proposed,5,1|4|5|7|8,49.5387,252,1
2,proposed,5,1|4|5|7|9,52.5054,252,1
2,proposed,5,1|4|5|8|9,51.1421,252,1
2,proposed,5,1|4|6|7|8,49.3009,252,1
2,proposed,5,1|4|6|7|9,53.6931,252,1
2,proposed,5,1|4|6|8|9,51.1604,252,1
2,proposed,5,1|4|7|8|9,45.3935,252,1
2,proposed,5,1|5|6|7|8,45.2681,252,1
2,proposed,5,1|5|6|7|9,52.0132,252,1
2,proposed,5,1|5|6|8|9,53.0485,252,1
2,proposed,5,1|5|7|8|9,42.0539,252,1
2,proposed,5,1|6|7|8|9,41.0860,252,1
2,proposed,5,2|3|4|5|6,35.2124,252,1
2,proposed,5,2|3|4|5|7,37.6609,252,1
2,proposed,5,2|3|4|5|8,37.0313,252,1
2,proposed,5,2|3|4|5|9,38.8636,252,1
2,proposed,5,2|3|4|6|7,46.0909,252,1
2,proposed,5,2|3|4|6|8,48.5976,252,1
2,proposed,5,2|3|4|6|9,49.6247,252,1
2,proposed,5,2|3|4|7|8,44.8975,252,1
2,proposed,5,2|3|4|7|9,45.1637,252,1
2,proposed,5,2|3|4|8|9,40.6670,252,1
2,proposed,5,2|3|5|6|7,46.7916,252,1
2,proposed,5,2|3|5|6|8,54.9159,252,1
2,proposed,5,2|3|5|6|9,53.2814,252,1
2,proposed,5,2|3|5|7|8,50.5749,252,1
2,proposed,5,2|3|5|7|9,52.8471,252,1
2,proposed,5,2|3|5|8|9,49.8264,252,1
2,proposed,5,2|3|6|7|8,48.6983,252,1
2,proposed,5,2|3|6|7|9,50.8632,252,1
2,proposed,5,2|3|6|8|9,50.2397,252,1
2,proposed,5,2|3|7|8|9,45.1560,252,1
2,proposed,5,2|4|5|6|7,52.0237,252,1
2,proposed,5,2|4|5|6|8,63.8600,252,1
2,proposed,5,2|4|5|6|9,62.7131,252,1
2,proposed,5,2|4|5|7|8,60.3697,252,1
2,proposed,5,2|4|5|7|9,64.8948,252,1
2,proposed,5,2|4|5|8|9,62.2683,252,1
2,proposed,5,2|4|6|7|8,61.4576,252,1
2,proposed,5,2|4|6|7|9,65.9248,252,1
2,proposed,5,2|4|6|8|9,65.1685,252,1
2,proposed,5,2|4|7|8|9,46.9923,252,1
2,proposed,5,2|5|6|7|8,49.5326,252,1
2,proposed,5,2|5|6|7|9,56.9702,252,1
2,proposed,5,2|5|6|8|9,59.9898,252,1
2,proposed,5,2|5|7|8|9,54.9083,252,1
2,proposed,5,2|6|7|8|9,44.5056,252,1
2,proposed,5,3|4|5|6|7,39.4826,252,1
2,proposed,5,3|4|5|6|8,56.9988,252,1
2,proposed,5,3|4|5|6|9,50.7728,252,1
2,proposed,5,3|4|5|7|8,60.9176,252,1
2,proposed,5,3|4|5|7|9,61.8142,252,1
2,proposed,5,3|4|5|8|9,58.1197,252,1
2,proposed,5,3|4|6|7|8,60.3728,252,1
2,proposed,5,3|4|6|7|9,64.8456,252,1
2,proposed,5,3|4|6|8|9,63.3075,252,1
2,proposed,5,3|4|7|8|9,48.1975,252,1
2,proposed,5,3|5|6|7|8,52.8443,252,1
2,proposed,5,3|5|6|7|9,58.5051,252,1
2,proposed,5,3|5|6|8|9,59.0776,252,1
2,proposed,5,3|5|7|8|9,54.5528,252,1
2,proposed,5,3|6|7|8|9,44.4209,252,1
2,proposed,5,4|5|6|7|8,47.9257,252,1
2,proposed,5,4|5|6|7|9,55.6179,252,1
2,proposed,5,4|5|6|8|9,58.5141,252,1
2,proposed,5,4|5|7|8|9,51.7255,252,1
2,proposed,5,4|6|7|8|9,44.5199,252,1
2,proposed,5,5|6|7|8|9,31.7398,252,1
2,proposed,6,0|1|2|3|4|5,15.7849,210,1
2,proposed,6,0|1|2|3|4|6,18.8618,210,1
2,proposed,6,0|1|2|3|4|7,19.8859,210,1
2,proposed,6,0|1|2|3|4|8,18.4653,210,1
2,proposed,6,0|1|2|3|4|9,19.6640,210,1
2,proposed,6,0|1|2|3|5|6,27.5147,210,1
2,proposed,6,0|1|2|3|5|7,28.7456,210,1
2,proposed,6,0|1|2|3|5|8,27.2385,210,1
2,proposed,6,0|1|2|3|5|9,29.2925,210,1
2,proposed,6,0|1|2|3|6|7,29.5785,210,1
2,proposed,6,0|1|2|3|6|8,27.8202,210,1
2,proposed,6,0|1|2|3|6|9,30.5327,210,1
2,proposed,6,0|1|2|3|7|8,27.4993,210,1
2,proposed,6,0|1|2|3|7|9,30.6704,210,1
2,proposed,6,0|1|2|3|8|9,20.4981,210,1
2,proposed,6,0|1|2|4|5|6,37.9116,210,1
2,proposed,6,0|1|2|4|5|7,37.6718,210,1
2,proposed,6,0|1|2|4|5|8,39.6737,210,1
2,proposed,6,0|1|2|4|5|9,37.3851,210,1
2,proposed,6,0|1|2|4|6|7,40.2494,210,1
2,proposed,6,0|1|2|4|6|8,36.9660,210,1
2,proposed,6,0|1|2|4|6|9,40.2615,210,1
2,proposed,6,0|1|2|4|7|8,37.2105,210,1
2,proposed,6,0|1|2|4|7|9,39.0373,210,1
2,proposed,6,0|1|2|4|8|9,31.1587,210,1
2,proposed,6,0|1|2|5|6|7,35.0429,210,1
2,proposed,6,0|1|2|5|6|8,39.1897,210,1
2,proposed,6,0|1|2|5|6|9,36.4181,210,1
2,proposed,6,0|1|2|5|7|8,37.6888,210,1
2,proposed,6,0|1|2|5|7|9,36.7286,210,1
2,proposed,6,0|1|2|5|8|9,28.5897,210,1
2,proposed,6,0|1|2|6|7|8,35.7865,210,1
2,proposed,6,0|1|2|6|7|9,37.9927,210,1
2,proposed,6,0|1|2|6|8|9,25.5394,210,1
2,proposed,6,0|1|2|7|8|9,25.1017,210,1
2,proposed,6,0|1|3|4|5|6,28.2672,210,1
2,proposed,6,0|1|3|4|5|7,33.3508,210,1
2,proposed,6,0|1|3|4|5|8,31.8529,210,1
2,proposed,6,0|1|3|4|5|9,33.1345,210,1
2,proposed,6,0|1|3|4|6|7,36.1378,210,1
2,proposed,6,0|1|3|4|6|8,36.5353,210,1
2,proposed,6,0|1|3|4|6|9,32.0619,210,1
2,proposed,6,0|1|3|4|7|8,32.5318,210,1
2,proposed,6,0|1|3|4|7|9,32.7651,210,1
2,proposed,6,0|1|3|4|8|9,23.1610,210,1
2,proposed,6,0|1|3|5|6|7,30.2218,210,1
2,proposed,6,0|1|3|5|6|8,35.6291,210,1
2,proposed,6,0|1|3|5|6|9,31.4925,210,1
2,proposed,6,0|1|3|5|7|8,31.2209,210,1
2,proposed,6,0|1|3|5|7|9,34.4453,210,1
2,proposed,6,0|1|3|5|8|9,24.9431,210,1
2,proposed,6,0|1|3|6|7|8,29.8534,210,1
2,proposed,6,0|1|3|6|7|9,33.0479,210,1
2,proposed,6,0|1|3|6|8|9,20.4164,210,1
2,proposed,6,0|1|3|7|8|9,23.9564,210,1
2,proposed,6,0|1|4|5|6|7,31.9027,210,1
2,proposed,6,0|1|4|5|6|8,32.7055,210,1
2,proposed,6,0|1|4|5|6|9,33.4091,210,1
2,proposed,6,0|1|4|5|7|8,34.0334,210,1
2,proposed,6,0|1|4|5|7|9,35.5627,210,1
2,proposed,6,0|1|4|5|8|9,29.5228,210,1
2,proposed,6,0|1|4|6|7|8,31.6572,210,1
2,proposed,6,0|1|4|6|7|9,36.9865,210,1
2,proposed,6,0|1|4|6|8|9,24.9718,210,1
2,proposed,6,0|1|4|7|8|9,24.0613,210,1
2,proposed,6,0|1|5|6|7|8,28.9901,210,1
2,proposed,6,0|1|5|6|7|9,30.4560,210,1
2,proposed,6,0|1|5|6|8|9,23.8090,210,1
2,proposed,6,0|1|5|7|8|9,24.1076,210,1
2,proposed,6,0|1|6|7|8|9,20.0241,210,1
2,proposed,6,0|2|3|4|5|6,30.0566,210,1
2,proposed,6,0|2|3|4|5|7,30.4187,210,1
2,proposed,6,0|2|3|4|5|8,31.1176,210,1
2,proposed,6,0|2|3|4|5|9,31.4441,210,1
2,proposed,6,0|2|3|4|6|7,41.9540,210,1
2,proposed,6,0|2|3|4|6|8,43.3736,210,1
2,proposed,6,0|2|3|4|6|9,44.7013,210,1
2,proposed,6,0|2|3|4|7|8,38.6852,210,1
2,proposed,6,0|2|3|4|7|9,40.5468,210,1
2,proposed,6,0|2|3|4|8|9,34.5981,210,1
2,proposed,6,0|2|3|5|6|7,42.0428,210,1
2,proposed,6,0|2|3|5|6|8,48.6272,210,1
2,proposed,6,0|2|3|5|6|9,47.0640,210,1
2,proposed,6,0|2|3|5|7|8,45.2008,210,1
2,proposed,6,0|2|3|5|7|9,49.4163,210,1
2,proposed,6,0|2|3|5|8|9,46.4190,210,1
2,proposed,6,0|2|3|6|7|8,39.3439,210,1
2,proposed,6,0|2|3|6|7|9,46.9325,210,1
2,proposed,6,0|2|3|6|8|9,45.0990,210,1
2,proposed,6,0|2|3|7|8|9,30.4201,210,1
2,proposed,6,0|2|4|5|6|7,46.4961,210,1
2,proposed,6,0|2|4|5|6|8,57.5257,210,1
2,proposed,6,0|2|4|5|6|9,57.1164,210,1
2,proposed,6,0|2|4|5|7|8,53.2708,210,1
2,proposed,6,0|2|4|5|7|9,59.2694,210,1
2,proposed,6,0|2|4|5|8|9,59.3007,210,1
2,proposed,6,0|2|4|6|7|8,50.0542,210,1
2,proposed,6,0|2|4|6|7|9,62.0611,210,1
2,proposed,6,0|2|4|6|8|9,59.4876,210,1
2,proposed,6,0|2|4|7|8|9,30.4885,210,1
2,proposed,6,0|2|5|6|7|8,43.3071,210,1
2,proposed,6,0|2|5|6|7|9,51.3987,210,1
2,proposed,6,0|2|5|6|8|9,54.7436,210,1
2,proposed,6,0|2|5|7|8|9,42.4895,210,1
2,proposed,6,0|2|6|7|8|9,33.2652,210,1
2,proposed,6,0|3|4|5|6|7,31.1505,210,1
2,proposed,6,0|3|4|5|6|8,44.1059,210,1
2,proposed,6,0|3|4|5|6|9,39.2560,210,1
2,proposed,6,0|3|4|5|7|8,52.3192,210,1
2,proposed,6,0|3|4|5|7|9,54.5918,210,1
2,proposed,6,0|3|4|5|8|9,49.8711,210,1
2,proposed,6,0|3|4|6|7|8,47.6966,210,1
2,proposed,6,0|3|4|6|7|9,58.2950,210,1
2,proposed,6,0|3|4|6|8|9,55.3040,210,1
2,proposed,6,0|3|4|7|8|9,31.4708,210,1
2,proposed,6,0|3|5|6|7|8,43.3171,210,1
2,proposed,6,0|3|5|6|7|9,52.1329,210,1
2,proposed,6,0|3|5|6|8|9,52.2554,210,1
2,proposed,6,0|3|5|7|8|9,43.0872,210,1
2,proposed,6,0|3|6|7|8|9,34.0442,210,1
2,proposed,6,0|4|5|6|7|8,41.3916,210,1
2,proposed,6,0|4|5|6|7|9,47.4290,210,1
2,proposed,6,0|4|5|6|8|9,53.2942,210,1
2,proposed,6,0|4|5|7|8|9,40.4232,210,1
2,proposed,6,0|4|6|7|8|9,31.3212,210,1
2,proposed,6,0|5|6|7|8|9,27.8909,210,1
2,proposed,6,1|2|3|4|5|6,17.3428,210,1
2,proposed,6,1|2|3|4|5|7,17.5351,210,1
2,proposed,6,1|2|3|4|5|8,19.3437,210,1
2,proposed,6,1|2|3|4|5|9,19.3976,210,1
2,proposed,6,1|2|3|4|6|7,25.4412,210,1
2,proposed,6,1|2|3|4|6|8,25.8100,210,1
2,proposed,6,1|2|3|4|6|9,25.3241,210,1
2,proposed,6,1|2|3|4|7|8,24.5882,210,1
2,proposed,6,1|2|3|4|7|9,25.7590,210,1
2,proposed,6,1|2|3|4|8|9,25.8244,210,1
2,proposed,6,1|2|3|5|6|7,33.6729,210,1
2,proposed,6,1|2|3|5|6|8,39.1160,210,1
2,proposed,6,1|2|3|5|6|9,37.8593,210,1
2,proposed,6,1|2|3|5|7|8,33.8078,210,1
2,proposed,6,1|2|3|5|7|9,35.7441,210,1
2,proposed,6,1|2|3|5|8|9,36.9313,210,1
2,proposed,6,1|2|3|6|7|8,36.2733,210,1
2,proposed,6,1|2|3|6|7|9,39.7611,210,1
2,proposed,6,1|2|3|6|8|9,38.7123,210,1
2,proposed,6,1|2|3|7|8|9,33.3534,210,1
2,proposed,6,1|2|4|5|6|7,45.1596,210,1
2,proposed,6,1|2|4|5|6|8,50.1095,210,1
2,proposed,6,1|2|4|5|6|9,47.6896,210,1
2,proposed,6,1|2|4|5|7|8,47.2180,210,1
2,proposed,6,1|2|4|5|7|9,48.5321,210,1
2,proposed,6,1|2|4|5|8|9,48.4905,210,1
2,proposed,6,1|2|4|6|7|8,50.3762,210,1
2,proposed,6,1|2|4|6|7|9,52.7842,210,1
2,proposed,6,1|2|4|6|8|9,52.3946,210,1
2,proposed,6,1|2|4|7|8|9,39.8716,210,1
2,proposed,6,1|2|5|6|7|8,43.5335,210,1
2,proposed,6,1|2|5|6|7|9,47.4435,210,1
2,proposed,6,1|2|5|6|8|9,50.9677,210,1
2,proposed,6,1|2|5|7|8|9,42.0987,210,1
2,proposed,6,1|2|6|7|8|9,40.8314,210,1
2,proposed,6,1|3|4|5|6|7,35.1512,210,1
2,proposed,6,1|3|4|5|6|8,46.4202,210,1
2,proposed,6,1|3|4|5|6|9,41.6869,210,1
2,proposed,6,1|3|4|5|7|8,45.3973,210,1
2,proposed,6,1|3|4|5|7|9,48.0014,210,1
2,proposed,6,1|3|4|5|8|9,45.8040,210,1
2,proposed,6,1|3|4|6|7|8,47.8683,210,1
2,proposed,6,1|3|4|6|7|9,52.3328,210,1
2,proposed,6,1|3|4|6|8|9,47.0018,210,1
2,proposed,6,1|3|4|7|8|9,44.0743,210,1
2,proposed,6,1|3|5|6|7|8,44.6580,210,1
2,proposed,6,1|3|5|6|7|9,49.1395,210,1
2,proposed,6,1|3|5|6|8|9,52.2163,210,1
2,proposed,6,1|3|5|7|8|9,42.0568,210,1
2,proposed,6,1|3|6|7|8|9,37.1031,210,1
2,proposed,6,1|4|5|6|7|8,39.5743,210,1
2,proposed,6,1|4|5|6|7|9,43.5379,210,1
2,proposed,6,1|4|5|6|8|9,42.8714,210,1
2,proposed,6,1|4|5|7|8|9,38.6187,210,1
2,proposed,6,1|4|6|7|8|9,36.3681,210,1
2,proposed,6,1|5|6|7|8|9,26.1990,210,1
2,proposed,6,2|3|4|5|6|7,30.9476,210,1
2,proposed,6,2|3|4|5|6|8,33.6278,210,1
2,proposed,6,2|3|4|5|6|9,34.4781,210,1
2,proposed,6,2|3|4|5|7|8,35.2089,210,1
2,proposed,6,2|3|4|5|7|9,37.3132,210,1
2,proposed,6,2|3|4|5|8|9,29.9295,210,1
2,proposed,6,2|3|4|6|7|8,42.9999,210,1
2,proposed,6,2|3|4|6|7|9,44.5780,210,1
2,proposed,6,2|3|4|6|8|9,40.1042,210,1
2,proposed,6,2|3|4|7|8|9,29.3367,210,1
2,proposed,6,2|3|5|6|7|8,39.1791,210,1
2,proposed,6,2|3|5|6|7|9,46.1669,210,1
2,proposed,6,2|3|5|6|8|9,44.7029,210,1
2,proposed,6,2|3|5|7|8|9,40.6481,210,1
2,proposed,6,2|3|6|7|8|9,39.5058,210,1
2,proposed,6,2|4|5|6|7|8,45.6860,210,1
2,proposed,6,2|4|5|6|7|9,51.4646,210,1
2,proposed,6,2|4|5|6|8|9,54.6824,210,1
2,proposed,6,2|4|5|7|8|9,49.2574,210,1
2,proposed,6,2|4|6|7|8|9,42.9260,210,1
2,proposed,6,2|5|6|7|8|9,30.3904,210,1
2,proposed,6,3|4|5|6|7|8,35.6583,210,1
2,proposed,6,3|4|5|6|7|9,39.3106,210,1
2,proposed,6,3|4|5|6|8|9,48.0154,210,1
2,proposed,6,3|4|5|7|8|9,42.4431,210,1
2,proposed,6,3|4|6|7|8|9,45.3188,210,1
2,proposed,6,3|5|6|7|8|9,29.9399,210,1
2,proposed,6,4|5|6|7|8|9,27.2898,210,1
3,b1,0,,75.4413,1,1
3,b1,1,0,33.4575,10,1
3,b1,1,1,23.2833,10,1
3,b1,1,2,38.9226,10,1
3,b1,1,3,54.8245,10,1
3,b1,1,4,42.4917,10,1
3,b1,1,5,44.1551,10,1
3,b1,1,6,26.9298,10,1
3,b1,1,7,55.2404,10,1
3,b1,1,8,29.5023,10,1
3,b1,1,9,36.2826,10,1
3,b1,2,0|1,21.1216,45,1
3,b1,2,0|2,19.8565,45,1
3,b1,2,0|3,25.8724,45,1
3,b1,2,0|4,23.2616,45,1
3,b1,2,0|5,23.6416,45,1
3,b1,2,0|6,23.3472,45,1
3,b1,2,0|7,33.5199,45,1
3,b1,2,0|8,24.0599,45,1
3,b1,2,0|9,26.3907,45,1
3,b1,2,1|2,17.6429,45,1
3,b1,2,1|3,25.0359,45,1
3,b1,2,1|4,17.3208,45,1
3,b1,2,1|5,16.5185,45,1
3,b1,2,1|6,11.0229,45,1
3,b1,2,1|7,15.9716,45,1
3,b1,2,1|8,18.7366,45,1
3,b1,2,1|9,15.6672,45,1
3,b1,2,2|3,29.0217,45,1
3,b1,2,2|4,26.4563,45,1
3,b1,2,2|5,25.8904,45,1
3,b1,2,2|6,18.8440,45,1
3,b1,2,2|7,33.3012,45,1
3,b1,2,2|8,23.3818,45,1
3,b1,2,2|9,27.1842,45,1
3,b1,2,3|4,28.0081,45,1
3,b1,2,3|5,30.8045,45,1
3,b1,2,3|6,20.1969,45,1
3,b1,2,3|7,42.0859,45,1
3,b1,2,3|8,25.9036,45,1
3,b1,2,3|9,28.0164,45,1
3,b1,2,4|5,24.5091,45,1
3,b1,2,4|6,18.9797,45,1
3,b1,2,4|7,35.9387,45,1
3,b1,2,4|8,25.7372,45,1
3,b1,2,4|9,32.1823,45,1
3,b1,2,5|6,24.0427,45,1
3,b1,2,5|7,48.5857,45,1
3,b1,2,5|8,22.3830,45,1
3,b1,2,5|9,36.5043,45,1
3,b1,2,6|7,22.8151,45,1
3,b1,2,6|8,18.4388,45,1
3,b1,2,6|9,24.4240,45,1
3,b1,2,7|8,26.4836,45,1
3,b1,2,7|9,27.0920,45,1
3,b1,2,8|9,17.4540,45,1
3,b1,3,0|1|2,11.3422,120,1
3,b1,3,0|1|3,15.7584,120,1
3,b1,3,0|1|4,17.8727,120,1
3,b1,3,0|1|5,17.4546,120,1
3,b1,3,0|1|6,12.4288,120,1
3,b1,3,0|1|7,15.7942,120,1
3,b1,3,0|1|8,15.5385,120,1
3,b1,3,0|1|9,15.5265,120,1
3,b1,3,0|2|3,13.2460,120,1
3,b1,3,0|2|4,13.3325,120,1
3,b1,3,0|2|5,11.4381,120,1
3,b1,3,0|2|6,14.3663,120,1
3,b1,3,0|2|7,24.7705,120,1
3,b1,3,0|2|8,15.9942,120,1
3,b1,3,0|2|9,19.5244,120,1
3,b1,3,0|3|4,15.8755,120,1
3,b1,3,0|3|5,21.3369,120,1
3,b1,3,0|3|6,17.2089,120,1
3,b1,3,0|3|7,26.5437,120,1
3,b1,3,0|3|8,20.1174,120,1
3,b1,3,0|3|9,18.9430,120,1
3,b1,3,0|4|5,16.8708,120,1
3,b1,3,0|4|6,16.2419,120,1
3,b1,3,0|4|7,23.6161,120,1
3,b1,3,0|4|8,22.9635,120,1
3,b1,3,0|4|9,21.7255,120,1
3,b1,3,0|5|6,12.6202,120,1
3,b1,3,0|5|7,22.9368,120,1
3,b1,3,0|5|8,16.3627,120,1
3,b1,3,0|5|9,16.8851,120,1
3,b1,3,0|6|7,16.9875,120,1
3,b1,3,0|6|8,16.4339,120,1
3,b1,3,0|6|9,25.1573,120,1
3,b1,3,0|7|8,19.7331,120,1
3,b1,3,0|7|9,25.3038,120,1
3,b1,3,0|8|9,11.7792,120,1
3,b1,3,1|2|3,11.4118,120,1
3,b1,3,1|2|4,14.8763,120,1
3,b1,3,1|2|5,17.7426,120,1
3,b1,3,1|2|6,8.2674,120,1
3,b1,3,1|2|7,16.0240,120,1
3,b1,3,1|2|8,10.4839,120,1
3,b1,3,1|2|9,10.0173,120,1
3,b1,3,1|3|4,12.1788,120,1
3,b1,3,1|3|5,14.8040,120,1
3,b1,3,1|3|6,8.8885,120,1
3,b1,3,1|3|7,21.2353,120,1
3,b1,3,1|3|8,19.2374,120,1
3,b1,3,1|3|9,14.4055,120,1
3,b1,3,1|4|5,12.9850,120,1
3,b1,3,1|4|6,11.2810,120,1
3,b1,3,1|4|7,13.3352,120,1
3,b1,3,1|4|8,10.5288,120,1
3,b1,3,1|4|9,12.6606,120,1
3,b1,3,1|5|6,10.7968,120,1
3,b1,3,1|5|7,14.6883,120,1
3,b1,3,1|5|8,17.2317,120,1
3,b1,3,1|5|9,17.2312,120,1
3,b1,3,1|6|7,9.3863,120,1
3,b1,3,1|6|8,16.0089,120,1
3,b1,3,1|6|9,15.9511,120,1
3,b1,3,1|7|8,16.5195,120,1
3,b1,3,1|7|9,13.7064,120,1
3,b1,3,1|8|9,11.5727,120,1
3,b1,3,2|3|4,14.2545,120,1
3,b1,3,2|3|5,14.2127,120,1
3,b1,3,2|3|6,10.4362,120,1
3,b1,3,2|3|7,22.9561,120,1
3,b1,3,2|3|8,13.5960,120,1
3,b1,3,2|3|9,14.9022,120,1
3,b1,3,2|4|5,18.1904,120,1
3,b1,3,2|4|6,17.4554,120,1
3,b1,3,2|4|7,23.4878,120,1
3,b1,3,2|4|8,22.5675,120,1
3,b1,3,2|4|9,27.5057,120,1
3,b1,3,2|5|6,20.4806,120,1
3,b1,3,2|5|7,31.1923,120,1
3,b1,3,2|5|8,22.9674,120,1
3,b1,3,2|5|9,26.7356,120,1
3,b1,3,2|6|7,16.1057,120,1
3,b1,3,2|6|8,17.1340,120,1
3,b1,3,2|6|9,22.7664,120,1
3,b1,3,2|7|8,21.4362,120,1
3,b1,3,2|7|9,21.9111,120,1
3,b1,3,2|8|9,15.7986,120,1
3,b1,3,3|4|5,17.8620,120,1
3,b1,3,3|4|6,12.9334,120,1
3,b1,3,3|4|7,21.7179,120,1
3,b1,3,3|4|8,20.2077,120,1
3,b1,3,3|4|9,20.9669,120,1
3,b1,3,3|5|6,20.5537,120,1
3,b1,3,3|5|7,26.0116,120,1
3,b1,3,3|5|8,23.0029,120,1
3,b1,3,3|5|9,27.6694,120,1
3,b1,3,3|6|7,19.7547,120,1
3,b1,3,3|6|8,11.5207,120,1
3,b1,3,3|6|9,14.7768,120,1
3,b1,3,3|7|8,17.1794,120,1
3,b1,3,3|7|9,21.7331,120,1
3,b1,3,3|8|9,14.8965,120,1
3,b1,3,4|5|6,18.6277,120,1
3,b1,3,4|5|7,25.2009,120,1
3,b1,3,4|5|8,17.7226,120,1
3,b1,3,4|5|9,25.3759,120,1
3,b1,3,4|6|7,15.2961,120,1
3,b1,3,4|6|8,13.7723,120,1
3,b1,3,4|6|9,18.0592,120,1
3,b1,3,4|7|8,20.1066,120,1
3,b1,3,4|7|9,27.7847,120,1
3,b1,3,4|8|9,11.9042,120,1
3,b1,3,5|6|7,18.9823,120,1
3,b1,3,5|6|8,16.8121,120,1
3,b1,3,5|6|9,19.7168,120,1
3,b1,3,5|7|8,21.5000,120,1
3,b1,3,5|7|9,29.5808,120,1
3,b1,3,5|8|9,12.5294,120,1
3,b1,3,6|7|8,18.0191,120,1
3,b1,3,6|7|9,17.8481,120,1
3,b1,3,6|8|9,14.4103,120,1
3,b1,3,7|8|9,16.5652,120,1
3,b1,4,0|1|2|3,8.6084,210,1
3,b1,4,0|1|2|4,11.0469,210,1
3,b1,4,0|1|2|5,9.5278,210,1
3,b1,4,0|1|2|6,9.5064,210,1
3,b1,4,0|1|2|7,10.0239,210,1
3,b1,4,0|1|2|8,11.2060,210,1
3,b1,4,0|1|2|9,11.7470,210,1
3,b1,4,0|1|3|4,11.0388,210,1
3,b1,4,0|1|3|5,8.5047,210,1
3,b1,4,0|1|3|6,13.3071,210,1
3,b1,4,0|1|3|7,16.0297,210,1
3,b1,4,0|1|3|8,15.9184,210,1
3,b1,4,0|1|3|9,12.5606,210,1
3,b1,4,0|1|4|5,15.7592,210,1
3,b1,4,0|1|4|6,12.6374,210,1
3,b1,4,0|1|4|7,16.3443,210,1
3,b1,4,0|1|4|8,16.5758,210,1
3,b1,4,0|1|4|9,12.3067,210,1
3,b1,4,0|1|5|6,9.7824,210,1
3,b1,4,0|1|5|7,16.9739,210,1
3,b1,4,0|1|5|8,14.7274,210,1
3,b1,4,0|1|5|9,14.9977,210,1
3,b1,4,0|1|6|7,10.8159,210,1
3,b1,4,0|1|6|8,16.8272,210,1
3,b1,4,0|1|6|9,17.0159,210,1
3,b1,4,0|1|7|8,14.4780,210,1
3,b1,4,0|1|7|9,13.5025,210,1
3,b1,4,0|1|8|9,11.3714,210,1
3,b1,4,0|2|3|4,6.9760,210,1
3,b1,4,0|2|3|5,8.7838,210,1
3,b1,4,0|2|3|6,10.0739,210,1
3,b1,4,0|2|3|7,16.0619,210,1
3,b1,4,0|2|3|8,15.9143,210,1
3,b1,4,0|2|3|9,13.2567,210,1
3,b1,4,0|2|4|5,8.7801,210,1
3,b1,4,0|2|4|6,13.4806,210,1
3,b1,4,0|2|4|7,14.0173,210,1
3,b1,4,0|2|4|8,20.8448,210,1
3,b1,4,0|2|4|9,20.5204,210,1
3,b1,4,0|2|5|6,6.2436,210,1
3,b1,4,0|2|5|7,12.9465,210,1
3,b1,4,0|2|5|8,10.9552,210,1
3,b1,4,0|2|5|9,14.4896,210,1
3,b1,4,0|2|6|7,11.6292,210,1
3,b1,4,0|2|6|8,15.8574,210,1
3,b1,4,0|2|6|9,16.6927,210,1
3,b1,4,0|2|7|8,15.4446,210,1
3,b1,4,0|2|7|9,21.2247,210,1
3,b1,4,0|2|8|9,14.1461,210,1
3,b1,4,0|3|4|5,13.9305,210,1
3,b1,4,0|3|4|6,10.5031,210,1
3,b1,4,0|3|4|7,14.3339,210,1
3,b1,4,0|3|4|8,15.7254,210,1
3,b1,4,0|3|4|9,17.0646,210,1
3,b1,4,0|3|5|6,10.2894,210,1
3,b1,4,0|3|5|7,19.9064,210,1
3,b1,4,0|3|5|8,17.1412,210,1
3,b1,4,0|3|5|9,18.3177,210,1
3,b1,4,0|3|6|7,13.8590,210,1
3,b1,4,0|3|6|8,12.5528,210,1
3,b1,4,0|3|6|9,15.1925,210,1
3,b1,4,0|3|7|8,19.4617,210,1
3,b1,4,0|3|7|9,17.5891,210,1
3,b1,4,0|3|8|9,10.9187,210,1
3,b1,4,0|4|5|6,11.0727,210,1
3,b1,4,0|4|5|7,16.5931,210,1
3,b1,4,0|4|5|8,16.4005,210,1
3,b1,4,0|4|5|9,17.7642,210,1
3,b1,4,0|4|6|7,12.0741,210,1
3,b1,4,0|4|6|8,13.2657,210,1
3,b1,4,0|4|6|9,18.4291,210,1
3,b1,4,0|4|7|8,23.5336,210,1
3,b1,4,0|4|7|9,24.0102,210,1
3,b1,4,0|4|8|9,8.8876,210,1
3,b1,4,0|5|6|7,8.9707,210,1
3,b1,4,0|5|6|8,13.1757,210,1
3,b1,4,0|5|6|9,12.5683,210,1
3,b1,4,0|5|7|8,15.2594,210,1
3,b1,4,0|5|7|9,18.6233,210,1
3,b1,4,0|5|8|9,7.0876,210,1
3,b1,4,0|6|7|8,12.8874,210,1
3,b1,4,0|6|7|9,13.8961,210,1
3,b1,4,0|6|8|9,8.5626,210,1
3,b1,4,0|7|8|9,10.4486,210,1
3,b1,4,1|2|3|4,4.8449,210,1
3,b1,4,1|2|3|5,11.9058,210,1
3,b1,4,1|2|3|6,5.0731,210,1
3,b1,4,1|2|3|7,9.8215,210,1
3,b1,4,1|2|3|8,5.3560,210,1
3,b1,4,1|2|3|9,4.7902,210,1
3,b1,4,1|2|4|5,10.3831,210,1
3,b1,4,1|2|4|6,8.2877,210,1
3,b1,4,1|2|4|7,12.3908,210,1
3,b1,4,1|2|4|8,11.0625,210,1
3,b1,4,1|2|4|9,11.9556,210,1
3,b1,4,1|2|5|6,7.7346,210,1
3,b1,4,1|2|5|7,19.3990,210,1
3,b1,4,1|2|5|8,10.7885,210,1
3,b1,4,1|2|5|9,11.5953,210,1
3,b1,4,1|2|6|7,5.6244,210,1
3,b1,4,1|2|6|8,9.3429,210,1
3,b1,4,1|2|6|9,11.5867,210,1
3,b1,4,1|2|7|8,11.0941,210,1
3,b1,4,1|2|7|9,9.6084,210,1
3,b1,4,1|2|8|9,10.4125,210,1
3,b1,4,1|3|4|5,4.9002,210,1
3,b1,4,1|3|4|6,5.3175,210,1
3,b1,4,1|3|4|7,10.7954,210,1
3,b1,4,1|3|4|8,9.2931,210,1
3,b1,4,1|3|4|9,12.2096,210,1
3,b1,4,1|3|5|6,6.6814,210,1
3,b1,4,1|3|5|7,14.4939,210,1
3,b1,4,1|3|5|8,18.6953,210,1
3,b1,4,1|3|5|9,15.2887,210,1
3,b1,4,1|3|6|7,6.2994,210,1
3,b1,4,1|3|6|8,9.1512,210,1
3,b1,4,1|3|6|9,10.6991,210,1
3,b1,4,1|3|7|8,12.8675,210,1
3,b1,4,1|3|7|9,12.1484,210,1
3,b1,4,1|3|8|9,9.7469,210,1
3,b1,4,1|4|5|6,8.2869,210,1
3,b1,4,1|4|5|7,12.3869,210,1
3,b1,4,1|4|5|8,13.1994,210,1
3,b1,4,1|4|5|9,13.4397,210,1
3,b1,4,1|4|6|7,9.2180,210,1
3,b1,4,1|4|6|8,10.5065,210,1
3,b1,4,1|4|6|9,12.0845,210,1
3,b1,4,1|4|7|8,10.3444,210,1
3,b1,4,1|4|7|9,9.5533,210,1
3,b1,4,1|4|8|9,5.6333,210,1
3,b1,4,1|5|6|7,10.2657,210,1
3,b1,4,1|5|6|8,14.1090,210,1
3,b1,4,1|5|6|9,13.9316,210,1
3,b1,4,1|5|7|8,14.1523,210,1
3,b1,4,1|5|7|9,12.7853,210,1
3,b1,4,1|5|8|9,8.7586,210,1
3,b1,4,1|6|7|8,15.5368,210,1
3,b1,4,1|6|7|9,14.4210,210,1
3,b1,4,1|6|8|9,8.2905,210,1
3,b1,4,1|7|8|9,8.7073,210,1
3,b1,4,2|3|4|5,8.1566,210,1
3,b1,4,2|3|4|6,9.7757,210,1
3,b1,4,2|3|4|7,11.7969,210,1
3,b1,4,2|3|4|8,10.1230,210,1
3,b1,4,2|3|4|9,10.2673,210,1
3,b1,4,2|3|5|6,14.2371,210,1
3,b1,4,2|3|5|7,15.7516,210,1
3,b1,4,2|3|5|8,15.2114,210,1
3,b1,4,2|3|5|9,16.8269,210,1
3,b1,4,2|3|6|7,12.4580,210,1
3,b1,4,2|3|6|8,9.7159,210,1
3,b1,4,2|3|6|9,10.9359,210,1
3,b1,4,2|3|7|8,11.3113,210,1
3,b1,4,2|3|7|9,12.5522,210,1
3,b1,4,2|3|8|9,7.3703,210,1
3,b1,4,2|4|5|6,16.7436,210,1
3,b1,4,2|4|5|7,16.2758,210,1
3,b1,4,2|4|5|8,19.0668,210,1
3,b1,4,2|4|5|9,21.4254,210,1
3,b1,4,2|4|6|7,12.3962,210,1
3,b1,4,2|4|6|8,16.5285,210,1
3,b1,4,2|4|6|9,18.8980,210,1
3,b1,4,2|4|7|8,19.0706,210,1
3,b1,4,2|4|7|9,25.5379,210,1
3,b1,4,2|4|8|9,17.0296,210,1
3,b1,4,2|5|6|7,16.5033,210,1
3,b1,4,2|5|6|8,18.6302,210,1
3,b1,4,2|5|6|9,18.3217,210,1
3,b1,4,2|5|7|8,21.8383,210,1
3,b1,4,2|5|7|9,21.9694,210,1
3,b1,4,2|5|8|9,13.4330,210,1
3,b1,4,2|6|7|8,17.5015,210,1
3,b1,4,2|6|7|9,19.3645,210,1
3,b1,4,2|6|8|9,13.7597,210,1
3,b1,4,2|7|8|9,12.2290,210,1
3,b1,4,3|4|5|6,9.0171,210,1
3,b1,4,3|4|5|7,13.8349,210,1
3,b1,4,3|4|5|8,15.1262,210,1
3,b1,4,3|4|5|9,17.2400,210,1
3,b1,4,3|4|6|7,9.9253,210,1
3,b1,4,3|4|6|8,6.8267,210,1
3,b1,4,3|4|6|9,9.9014,210,1
3,b1,4,3|4|7|8,8.4118,210,1
3,b1,4,3|4|7|9,16.1932,210,1
3,b1,4,3|4|8|9,8.2885,210,1
3,b1,4,3|5|6|7,16.5396,210,1
3,b1,4,3|5|6|8,13.6437,210,1
3,b1,4,3|5|6|9,15.2279,210,1
3,b1,4,3|5|7|8,17.6154,210,1
3,b1,4,3|5|7|9,25.3754,210,1
3,b1,4,3|5|8|9,11.5251,210,1
3,b1,4,3|6|7|8,13.6215,210,1
3,b1,4,3|6|7|9,13.0706,210,1
3,b1,4,3|6|8|9,12.6726,210,1
3,b1,4,3|7|8|9,12.4499,210,1
3,b1,4,4|5|6|7,11.4070,210,1
3,b1,4,4|5|6|8,11.9396,210,1
3,b1,4,4|5|6|9,15.8078,210,1
3,b1,4,4|5|7|8,16.8481,210,1
3,b1,4,4|5|7|9,22.0600,210,1
3,b1,4,4|5|8|9,7.2159,210,1
3,b1,4,4|6|7|8,12.0936,210,1
3,b1,4,4|6|7|9,15.6518,210,1
3,b1,4,4|6|8|9,6.6347,210,1
3,b1,4,4|7|8|9,10.5235,210,1
3,b1,4,5|6|7|8,14.7692,210,1
3,b1,4,5|6|7|9,15.0641,210,1
3,b1,4,5|6|8|9,10.8834,210,1
3,b1,4,5|7|8|9,11.7525,210,1
3,b1,4,6|7|8|9,12.4199,210,1
3,b1,5,0|1|2|3|4,2.4195,252,1
3,b1,5,0|1|2|3|5,3.4904,252,1
3,b1,5,0|1|2|3|6,5.9767,252,1
3,b1,5,0|1|2|3|7,9.2569,252,1
3,b1,5,0|1|2|3|8,7.9566,252,1
3,b1,5,0|1|2|3|9,5.4801,252,1
3,b1,5,0|1|2|4|5,10.1100,252,1
3,b1,5,0|1|2|4|6,11.6171,252,1
3,b1,5,0|1|2|4|7,10.7028,252,1
3,b1,5,0|1|2|4|8,12.4994,252,1
3,b1,5,0|1|2|4|9,14.0096,252,1
3,b1,5,0|1|2|5|6,6.2653,252,1
3,b1,5,0|1|2|5|7,9.1264,252,1
3,b1,5,0|1|2|5|8,11.7403,252,1
3,b1,5,0|1|2|5|9,11.6324,252,1
3,b1,5,0|1|2|6|7,6.0220,252,1
3,b1,5,0|1|2|6|8,10.9343,252,1
3,b1,5,0|1|2|6|9,12.5896,252,1
3,b1,5,0|1|2|7|8,10.2560,252,1
3,b1,5,0|1|2|7|9,11.1254,252,1
3,b1,5,0|1|2|8|9,10.5295,252,1
3,b1,5,0|1|3|4|5,6.4732,252,1
3,b1,5,0|1|3|4|6,10.2787,252,1
3,b1,5,0|1|3|4|7,11.7980,252,1
3,b1,5,0|1|3|4|8,14.1805,252,1
3,b1,5,0|1|3|4|9,14.4199,252,1
3,b1,5,0|1|3|5|6,7.6491,252,1
3,b1,5,0|1|3|5|7,10.6570,252,1
3,b1,5,0|1|3|5|8,15.6003,252,1
3,b1,5,0|1|3|5|9,12.5049,252,1
3,b1,5,0|1|3|6|7,8.7833,252,1
3,b1,5,0|1|3|6|8,19.2068,252,1
3,b1,5,0|1|3|6|9,22.1075,252,1
3,b1,5,0|1|3|7|8,13.0477,252,1
3,b1,5,0|1|3|7|9,10.2249,252,1
3,b1,5,0|1|3|8|9,11.0865,252,1
3,b1,5,0|1|4|5|6,9.2752,252,1
3,b1,5,0|1|4|5|7,15.3779,252,1
3,b1,5,0|1|4|5|8,13.0037,252,1
3,b1,5,0|1|4|5|9,10.7034,252,1
3,b1,5,0|1|4|6|7,10.0663,252,1
3,b1,5,0|1|4|6|8,13.9238,252,1
3,b1,5,0|1|4|6|9,15.3872,252,1
3,b1,5,0|1|4|7|8,15.6403,252,1
3,b1,5,0|1|4|7|9,11.3967,252,1
3,b1,5,0|1|4|8|9,7.8683,252,1
3,b1,5,0|1|5|6|7,9.7663,252,1
3,b1,5,0|1|5|6|8,14.2606,252,1
3,b1,5,0|1|5|6|9,16.2313,252,1
3,b1,5,0|1|5|7|8,14.6554,252,1
3,b1,5,0|1|5|7|9,14.2704,252,1
3,b1,5,0|1|5|8|9,9.6560,252,1
3,b1,5,0|1|6|7|8,11.3219,252,1
3,b1,5,0|1|6|7|9,12.8892,252,1
3,b1,5,0|1|6|8|9,8.9188,252,1
3,b1,5,0|1|7|8|9,9.4209,252,1
3,b1,5,0|2|3|4|5,4.8303,252,1
3,b1,5,0|2|3|4|6,9.5221,252,1
3,b1,5,0|2|3|4|7,7.1833,252,1
3,b1,5,0|2|3|4|8,11.2361,252,1
3,b1,5,0|2|3|4|9,11.5949,252,1
3,b1,5,0|2|3|5|6,6.5910,252,1
3,b1,5,0|2|3|5|7,7.8724,252,1
3,b1,5,0|2|3|5|8,10.4373,252,1
3,b1,5,0|2|3|5|9,8.5628,252,1
3,b1,5,0|2|3|6|7,7.3584,252,1
3,b1,5,0|2|3|6|8,12.1547,252,1
3,b1,5,0|2|3|6|9,12.3977,252,1
3,b1,5,0|2|3|7|8,15.7595,252,1
3,b1,5,0|2|3|7|9,16.8601,252,1
3,b1,5,0|2|3|8|9,9.2927,252,1
3,b1,5,0|2|4|5|6,3.9878,252,1
3,b1,5,0|2|4|5|7,7.1636,252,1
3,b1,5,0|2|4|5|8,13.8687,252,1
3,b1,5,0|2|4|5|9,15.8314,252,1
3,b1,5,0|2|4|6|7,9.1380,252,1
3,b1,5,0|2|4|6|8,15.4676,252,1
3,b1,5,0|2|4|6|9,14.7040,252,1
3,b1,5,0|2|4|7|8,22.2058,252,1
3,b1,5,0|2|4|7|9,19.2786,252,1
3,b1,5,0|2|4|8|9,11.3226,252,1
3,b1,5,0|2|5|6|7,6.4680,252,1
3,b1,5,0|2|5|6|8,14.0113,252,1
3,b1,5,0|2|5|6|9,11.8454,252,1
3,b1,5,0|2|5|7|8,10.1220,252,1
3,b1,5,0|2|5|7|9,16.8524,252,1
3,b1,5,0|2|5|8|9,9.7868,252,1
3,b1,5,0|2|6|7|8,11.5672,252,1
3,b1,5,0|2|6|7|9,11.2915,252,1
3,b1,5,0|2|6|8|9,14.9214,252,1
3,b1,5,0|2|7|8|9,12.5503,252,1
3,b1,5,0|3|4|5|6,4.5163,252,1
3,b1,5,0|3|4|5|7,11.8002,252,1
3,b1,5,0|3|4|5|8,14.0199,252,1
3,b1,5,0|3|4|5|9,15.6045,252,1
3,b1,5,0|3|4|6|7,8.1535,252,1
3,b1,5,0|3|4|6|8,8.9870,252,1
3,b1,5,0|3|4|6|9,10.4970,252,1
3,b1,5,0|3|4|7|8,14.9755,252,1
3,b1,5,0|3|4|7|9,16.6473,252,1
3,b1,5,0|3|4|8|9,4.5677,252,1
3,b1,5,0|3|5|6|7,8.7232,252,1
3,b1,5,0|3|5|6|8,12.7687,252,1
3,b1,5,0|3|5|6|9,11.3258,252,1
3,b1,5,0|3|5|7|8,15.0374,252,1
3,b1,5,0|3|5|7|9,17.6763,252,1
3,b1,5,0|3|5|8|9,9.2036,252,1
3,b1,5,0|3|6|7|8,9.4385,252,1
3,b1,5,0|3|6|7|9,10.4256,252,1
3,b1,5,0|3|6|8|9,8.1790,252,1
3,b1,5,0|3|7|8|9,8.9781,252,1
3,b1,5,0|4|5|6|7,9.5694,252,1
3,b1,5,0|4|5|6|8,11.1981,252,1
3,b1,5,0|4|5|6|9,12.3613,252,1
3,b1,5,0|4|5|7|8,16.5237,252,1
3,b1,5,0|4|5|7|9,17.8886,252,1
3,b1,5,0|4|5|8|9,4.9357,252,1
3,b1,5,0|4|6|7|8,10.1186,252,1
3,b1,5,0|4|6|7|9,11.0677,252,1
3,b1,5,0|4|6|8|9,6.3487,252,1
3,b1,5,0|4|7|8|9,7.3570,252,1
3,b1,5,0|5|6|7|8,12.9995,252,1
3,b1,5,0|5|6|7|9,10.9592,252,1
3,b1,5,0|5|6|8|9,6.1117,252,1
3,b1,5,0|5|7|8|9,6.3282,252,1
3,b1,5,0|6|7|8|9,8.6026,252,1
3,b1,5,1|2|3|4|5,2.5079,252,1
3,b1,5,1|2|3|4|6,2.2679,252,1
3,b1,5,1|2|3|4|7,5.8525,252,1
3,b1,5,1|2|3|4|8,4.1084,252,1
3,b1,5,1|2|3|4|9,4.5536,252,1
3,b1,5,1|2|3|5|6,3.5916,252,1
3,b1,5,1|2|3|5|7,14.3684,252,1
3,b1,5,1|2|3|5|8,7.5059,252,1
3,b1,5,1|2|3|5|9,5.3220,252,1
3,b1,5,1|2|3|6|7,4.0136,252,1
3,b1,5,1|2|3|6|8,5.5626,252,1
3,b1,5,1|2|3|6|9,9.1139,252,1
3,b1,5,1|2|3|7|8,4.9110,252,1
3,b1,5,1|2|3|7|9,4.1617,252,1
3,b1,5,1|2|3|8|9,5.0628,252,1
3,b1,5,1|2|4|5|6,5.0620,252,1
3,b1,5,1|2|4|5|7,10.9146,252,1
3,b1,5,1|2|4|5|8,12.2142,252,1
3,b1,5,1|2|4|5|9,11.6584,252,1
3,b1,5,1|2|4|6|7,6.7111,252,1
3,b1,5,1|2|4|6|8,9.5451,252,1
3,b1,5,1|2|4|6|9,9.6293,252,1
3,b1,5,1|2|4|7|8,11.5374,252,1
3,b1,5,1|2|4|7|9,10.8378,252,1
3,b1,5,1|2|4|8|9,8.0516,252,1
3,b1,5,1|2|5|6|7,5.8175,252,1
3,b1,5,1|2|5|6|8,8.8601,252,1
3,b1,5,1|2|5|6|9,11.3531,252,1
3,b1,5,1|2|5|7|8,11.4039,252,1
3,b1,5,1|2|5|7|9,10.9304,252,1
3,b1,5,1|2|5|8|9,8.7397,252,1
3,b1,5,1|2|6|7|8,6.7458,252,1
3,b1,5,1|2|6|7|9,7.2740,252,1
3,b1,5,1|2|6|8|9,7.1189,252,1
3,b1,5,1|2|7|8|9,7.4458,252,1
3,b1,5,1|3|4|5|6,3.8714,252,1
3,b1,5,1|3|4|5|7,5.0013,252,1
3,b1,5,1|3|4|5|8,10.0355,252,1
3,b1,5,1|3|4|5|9,9.6722,252,1
3,b1,5,1|3|4|6|7,3.6547,252,1
3,b1,5,1|3|4|6|8,5.7206,252,1
3,b1,5,1|3|4|6|9,7.0812,252,1
3,b1,5,1|3|4|7|8,5.2297,252,1
3,b1,5,1|3|4|7|9,7.9063,252,1
3,b1,5,1|3|4|8|9,3.3359,252,1
3,b1,5,1|3|5|6|7,4.6355,252,1
3,b1,5,1|3|5|6|8,9.2724,252,1
3,b1,5,1|3|5|6|9,10.8928,252,1
3,b1,5,1|3|5|7|8,13.0937,252,1
3,b1,5,1|3|5|7|9,12.7265,252,1
3,b1,5,1|3|5|8|9,9.8800,252,1
3,b1,5,1|3|6|7|8,6.3843,252,1
3,b1,5,1|3|6|7|9,5.9801,252,1
3,b1,5,1|3|6|8|9,5.8383,252,1
3,b1,5,1|3|7|8|9,8.1566,252,1
3,b1,5,1|4|5|6|7,7.7576,252,1
3,b1,5,1|4|5|6|8,7.4672,252,1
3,b1,5,1|4|5|6|9,8.5974,252,1
3,b1,5,1|4|5|7|8,9.5362,252,1
3,b1,5,1|4|5|7|9,10.9374,252,1
3,b1,5,1|4|5|8|9,4.0396,252,1
3,b1,5,1|4|6|7|8,9.2326,252,1
3,b1,5,1|4|6|7|9,9.3424,252,1
3,b1,5,1|4|6|8|9,5.8228,252,1
3,b1,5,1|4|7|8|9,4.3739,252,1
3,b1,5,1|5|6|7|8,12.2562,252,1
3,b1,5,1|5|6|7|9,11.4149,252,1
3,b1,5,1|5|6|8|9,7.2987,252,1
3,b1,5,1|5|7|8|9,6.7361,252,1
3,b1,5,1|6|7|8|9,5.9542,252,1
3,b1,5,2|3|4|5|6,7.9485,252,1
3,b1,5,2|3|4|5|7,5.9818,252,1
3,b1,5,2|3|4|5|8,11.5242,252,1
3,b1,5,2|3|4|5|9,10.1474,252,1
3,b1,5,2|3|4|6|7,7.6855,252,1
3,b1,5,2|3|4|6|8,6.9046,252,1
3,b1,5,2|3|4|6|9,7.1631,252,1
3,b1,5,2|3|4|7|8,7.5106,252,1
3,b1,5,2|3|4|7|9,8.5082,252,1
3,b1,5,2|3|4|8|9,5.6051,252,1
3,b1,5,2|3|5|6|7,10.6338,252,1
3,b1,5,2|3|5|6|8,8.5340,252,1
3,b1,5,2|3|5|6|9,10.6826,252,1
3,b1,5,2|3|5|7|8,13.8325,252,1
3,b1,5,2|3|5|7|9,15.1543,252,1
3,b1,5,2|3|5|8|9,7.1445,252,1
3,b1,5,2|3|6|7|8,9.3404,252,1
3,b1,5,2|3|6|7|9,12.9863,252,1
3,b1,5,2|3|6|8|9,6.5518,252,1
3,b1,5,2|3|7|8|9,7.1377,252,1
3,b1,5,2|4|5|6|7,10.5880,252,1
3,b1,5,2|4|5|6|8,12.8143,252,1
3,b1,5,2|4|5|6|9,13.5900,252,1
3,b1,5,2|4|5|7|8,19.8561,252,1
3,b1,5,2|4|5|7|9,18.6971,252,1
3,b1,5,2|4|5|8|9,9.8351,252,1
3,b1,5,2|4|6|7|8,10.8547,252,1
3,b1,5,2|4|6|7|9,15.5572,252,1
3,b1,5,2|4|6|8|9,10.7190,252,1
3,b1,5,2|4|7|8|9,12.1945,252,1
3,b1,5,2|5|6|7|8,16.3400,252,1
3,b1,5,2|5|6|7|9,16.0714,252,1
3,b1,5,2|5|6|8|9,10.5719,252,1
3,b1,5,2|5|7|8|9,11.2819,252,1
3,b1,5,2|6|7|8|9,11.5527,252,1
3,b1,5,3|4|5|6|7,6.3275,252,1
3,b1,5,3|4|5|6|8,8.2030,252,1
3,b1,5,3|4|5|6|9,9.0374,252,1
3,b1,5,3|4|5|7|8,12.4690,252,1
3,b1,5,3|4|5|7|9,15.4475,252,1
3,b1,5,3|4|5|8|9,4.9405,252,1
3,b1,5,3|4|6|7|8,5.2000,252,1
3,b1,5,3|4|6|7|9,6.5917,252,1
3,b1,5,3|4|6|8|9,3.4953,252,1
3,b1,5,3|4|7|8|9,4.5922,252,1
3,b1,5,3|5|6|7|8,11.2450,252,1
3,b1,5,3|5|6|7|9,11.6070,252,1
3,b1,5,3|5|6|8|9,9.2695,252,1
3,b1,5,3|5|7|8|9,12.4470,252,1
3,b1,5,3|6|7|8|9,9.1845,252,1
3,b1,5,4|5|6|7|8,8.7478,252,1
3,b1,5,4|5|6|7|9,10.3425,252,1
3,b1,5,4|5|6|8|9,4.3709,252,1
3,b1,5,4|5|7|8|9,6.4954,252,1
3,b1,5,4|6|7|8|9,6.5850,252,1
3,b1,5,5|6|7|8|9,8.6770,252,1
3,b1,6,0|1|2|3|4|5,2.3619,210,1
3,b1,6,0|1|2|3|4|6,2.8161,210,1
3,b1,6,0|1|2|3|4|7,2.7419,210,1
3,b1,6,0|1|2|3|4|8,5.9670,210,1
3,b1,6,0|1|2|3|4|9,3.5386,210,1
3,b1,6,0|1|2|3|5|6,3.5591,210,1
3,b1,6,0|1|2|3|5|7,4.9073,210,1
3,b1,6,0|1|2|3|5|8,7.0909,210,1
3,b1,6,0|1|2|3|5|9,4.2026,210,1
3,b1,6,0|1|2|3|6|7,4.7310,210,1
3,b1,6,0|1|2|3|6|8,11.7518,210,1
3,b1,6,0|1|2|3|6|9,9.5704,210,1
3,b1,6,0|1|2|3|7|8,6.6134,210,1
3,b1,6,0|1|2|3|7|9,4.4850,210,1
3,b1,6,0|1|2|3|8|9,6.1029,210,1
3,b1,6,0|1|2|4|5|6,5.5846,210,1
3,b1,6,0|1|2|4|5|7,10.0330,210,1
3,b1,6,0|1|2|4|5|8,13.0459,210,1
3,b1,6,0|1|2|4|5|9,10.8151,210,1
3,b1,6,0|1|2|4|6|7,7.3853,210,1
3,b1,6,0|1|2|4|6|8,11.3914,210,1
3,b1,6,0|1|2|4|6|9,11.8169,210,1
3,b1,6,0|1|2|4|7|8,13.8329,210,1
3,b1,6,0|1|2|4|7|9,13.3791,210,1
3,b1,6,0|1|2|4|8|9,9.9758,210,1
3,b1,6,0|1|2|5|6|7,5.4002,210,1
3,b1,6,0|1|2|5|6|8,8.6538,210,1
3,b1,6,0|1|2|5|6|9,10.4094,210,1
3,b1,6,0|1|2|5|7|8,10.7399,210,1
3,b1,6,0|1|2|5|7|9,10.4924,210,1
3,b1,6,0|1|2|5|8|9,10.4643,210,1
3,b1,6,0|1|2|6|7|8,8.3011,210,1
3,b1,6,0|1|2|6|7|9,10.3903,210,1
3,b1,6,0|1|2|6|8|9,7.7356,210,1
3,b1,6,0|1|2|7|8|9,8.4052,210,1
3,b1,6,0|1|3|4|5|6,6.6489,210,1
3,b1,6,0|1|3|4|5|7,7.2766,210,1
3,b1,6,0|1|3|4|5|8,10.4806,210,1
3,b1,6,0|1|3|4|5|9,11.6564,210,1
3,b1,6,0|1|3|4|6|7,5.4743,210,1
3,b1,6,0|1|3|4|6|8,11.3911,210,1
3,b1,6,0|1|3|4|6|9,14.7848,210,1
3,b1,6,0|1|3|4|7|8,10.2551,210,1
3,b1,6,0|1|3|4|7|9,12.7937,210,1
3,b1,6,0|1|3|4|8|9,6.3641,210,1
3,b1,6,0|1|3|5|6|7,5.1098,210,1
3,b1,6,0|1|3|5|6|8,12.0042,210,1
3,b1,6,0|1|3|5|6|9,16.1463,210,1
3,b1,6,0|1|3|5|7|8,13.3332,210,1
3,b1,6,0|1|3|5|7|9,11.3421,210,1
3,b1,6,0|1|3|5|8|9,8.0152,210,1
3,b1,6,0|1|3|6|7|8,6.0821,210,1
3,b1,6,0|1|3|6|7|9,16.7295,210,1
3,b1,6,0|1|3|6|8|9,10.1333,210,1
3,b1,6,0|1|3|7|8|9,9.0141,210,1
3,b1,6,0|1|4|5|6|7,9.1319,210,1
3,b1,6,0|1|4|5|6|8,10.3099,210,1
3,b1,6,0|1|4|5|6|9,12.3703,210,1
3,b1,6,0|1|4|5|7|8,13.5710,210,1
3,b1,6,0|1|4|5|7|9,11.7556,210,1
3,b1,6,0|1|4|5|8|9,7.6573,210,1
3,b1,6,0|1|4|6|7|8,10.8103,210,1
3,b1,6,0|1|4|6|7|9,10.7966,210,1
3,b1,6,0|1|4|6|8|9,9.0051,210,1
3,b1,6,0|1|4|7|8|9,5.9989,210,1
3,b1,6,0|1|5|6|7|8,10.9433,210,1
3,b1,6,0|1|5|6|7|9,11.1243,210,1
3,b1,6,0|1|5|6|8|9,7.2140,210,1
3,b1,6,0|1|5|7|8|9,9.4920,210,1
3,b1,6,0|1|6|7|8|9,5.4954,210,1
3,b1,6,0|2|3|4|5|6,4.3636,210,1
3,b1,6,0|2|3|4|5|7,4.4266,210,1
3,b1,6,0|2|3|4|5|8,9.9819,210,1
3,b1,6,0|2|3|4|5|9,8.0304,210,1
3,b1,6,0|2|3|4|6|7,6.9914,210,1
3,b1,6,0|2|3|4|6|8,7.8743,210,1
3,b1,6,0|2|3|4|6|9,9.4365,210,1
3,b1,6,0|2|3|4|7|8,13.2850,210,1
3,b1,6,0|2|3|4|7|9,15.4125,210,1
3,b1,6,0|2|3|4|8|9,4.5452,210,1
3,b1,6,0|2|3|5|6|7,5.0588,210,1
3,b1,6,0|2|3|5|6|8,11.0056,210,1
3,b1,6,0|2|3|5|6|9,11.2417,210,1
3,b1,6,0|2|3|5|7|8,10.3994,210,1
3,b1,6,0|2|3|5|7|9,9.2206,210,1
3,b1,6,0|2|3|5|8|9,6.2426,210,1
3,b1,6,0|2|3|6|7|8,10.3925,210,1
3,b1,6,0|2|3|6|7|9,9.9877,210,1
3,b1,6,0|2|3|6|8|9,6.6450,210,1
3,b1,6,0|2|3|7|8|9,6.1117,210,1
3,b1,6,0|2|4|5|6|7,4.1249,210,1
3,b1,6,0|2|4|5|6|8,10.8020,210,1
3,b1,6,0|2|4|5|6|9,9.5258,210,1
3,b1,6,0|2|4|5|7|8,12.0906,210,1
3,b1,6,0|2|4|5|7|9,14.1268,210,1
3,b1,6,0|2|4|5|8|9,6.5019,210,1
3,b1,6,0|2|4|6|7|8,9.5255,210,1
3,b1,6,0|2|4|6|7|9,9.6946,210,1
3,b1,6,0|2|4|6|8|9,10.0768,210,1
3,b1,6,0|2|4|7|8|9,8.6447,210,1
3,b1,6,0|2|5|6|7|8,12.5298,210,1
3,b1,6,0|2|5|6|7|9,10.3472,210,1
3,b1,6,0|2|5|6|8|9,10.0410,210,1
3,b1,6,0|2|5|7|8|9,8.3149,210,1
3,b1,6,0|2|6|7|8|9,12.9861,210,1
3,b1,6,0|3|4|5|6|7,3.6728,210,1
3,b1,6,0|3|4|5|6|8,8.2001,210,1
3,b1,6,0|3|4|5|6|9,8.0543,210,1
3,b1,6,0|3|4|5|7|8,12.3850,210,1
3,b1,6,0|3|4|5|7|9,14.4029,210,1
3,b1,6,0|3|4|5|8|9,3.0986,210,1
3,b1,6,0|3|4|6|7|8,6.4044,210,1
3,b1,6,0|3|4|6|7|9,6.6169,210,1
3,b1,6,0|3|4|6|8|9,3.9076,210,1
3,b1,6,0|3|4|7|8|9,3.4284,210,1
3,b1,6,0|3|5|6|7|8,10.5616,210,1
3,b1,6,0|3|5|6|7|9,10.2132,210,1
3,b1,6,0|3|5|6|8|9,7.4079,210,1
3,b1,6,0|3|5|7|8|9,8.0314,210,1
3,b1,6,0|3|6|7|8|9,6.4459,210,1
3,b1,6,0|4|5|6|7|8,10.0563,210,1
3,b1,6,0|4|5|6|7|9,10.5094,210,1
3,b1,6,0|4|5|6|8|9,5.5080,210,1
3,b1,6,0|4|5|7|8|9,3.6575,210,1
3,b1,6,0|4|6|7|8|9,6.5798,210,1
3,b1,6,0|5|6|7|8|9,6.3779,210,1
3,b1,6,1|2|3|4|5|6,1.2818,210,1
3,b1,6,1|2|3|4|5|7,2.7975,210,1
3,b1,6,1|2|3|4|5|8,6.2907,210,1
3,b1,6,1|2|3|4|5|9,5.0725,210,1
3,b1,6,1|2|3|4|6|7,2.3325,210,1
3,b1,6,1|2|3|4|6|8,3.8716,210,1
3,b1,6,1|2|3|4|6|9,5.7858,210,1
3,b1,6,1|2|3|4|7|8,3.9830,210,1
3,b1,6,1|2|3|4|7|9,4.0013,210,1
3,b1,6,1|2|3|4|8|9,1.8422,210,1
3,b1,6,1|2|3|5|6|7,2.1539,210,1
3,b1,6,1|2|3|5|6|8,5.6595,210,1
3,b1,6,1|2|3|5|6|9,9.9858,210,1
3,b1,6,1|2|3|5|7|8,5.2053,210,1
3,b1,6,1|2|3|5|7|9,4.5492,210,1
3,b1,6,1|2|3|5|8|9,5.1675,210,1
3,b1,6,1|2|3|6|7|8,4.8324,210,1
3,b1,6,1|2|3|6|7|9,4.8515,210,1
3,b1,6,1|2|3|6|8|9,5.3830,210,1
3,b1,6,1|2|3|7|8|9,4.0635,210,1
3,b1,6,1|2|4|5|6|7,4.4772,210,1
3,b1,6,1|2|4|5|6|8,5.5205,210,1
3,b1,6,1|2|4|5|6|9,4.9617,210,1
3,b1,6,1|2|4|5|7|8,11.9417,210,1
3,b1,6,1|2|4|5|7|9,11.4563,210,1
3,b1,6,1|2|4|5|8|9,3.7021,210,1
3,b1,6,1|2|4|6|7|8,7.7091,210,1
3,b1,6,1|2|4|6|7|9,8.1141,210,1
3,b1,6,1|2|4|6|8|9,8.8010,210,1
3,b1,6,1|2|4|7|8|9,6.8807,210,1
3,b1,6,1|2|5|6|7|8,7.1544,210,1
3,b1,6,1|2|5|6|7|9,7.0830,210,1
3,b1,6,1|2|5|6|8|9,8.0655,210,1
3,b1,6,1|2|5|7|8|9,6.8137,210,1
3,b1,6,1|2|6|7|8|9,5.2088,210,1
3,b1,6,1|3|4|5|6|7,2.7127,210,1
3,b1,6,1|3|4|5|6|8,4.2450,210,1
3,b1,6,1|3|4|5|6|9,6.7154,210,1
3,b1,6,1|3|4|5|7|8,4.8242,210,1
3,b1,6,1|3|4|5|7|9,8.1737,210,1
3,b1,6,1|3|4|5|8|9,3.9106,210,1
3,b1,6,1|3|4|6|7|8,3.6552,210,1
3,b1,6,1|3|4|6|7|9,4.1857,210,1
3,b1,6,1|3|4|6|8|9,4.1372,210,1
3,b1,6,1|3|4|7|8|9,2.6605,210,1
3,b1,6,1|3|5|6|7|8,5.5505,210,1
3,b1,6,1|3|5|6|7|9,4.8842,210,1
3,b1,6,1|3|5|6|8|9,6.0592,210,1
3,b1,6,1|3|5|7|8|9,8.5924,210,1
3,b1,6,1|3|6|7|8|9,3.7063,210,1
3,b1,6,1|4|5|6|7|8,6.4607,210,1
3,b1,6,1|4|5|6|7|9,5.9047,210,1
3,b1,6,1|4|5|6|8|9,3.4557,210,1
3,b1,6,1|4|5|7|8|9,3.5002,210,1
3,b1,6,1|4|6|7|8|9,2.0295,210,1
3,b1,6,1|5|6|7|8|9,4.5119,210,1
3,b1,6,2|3|4|5|6|7,4.4311,210,1
3,b1,6,2|3|4|5|6|8,4.3671,210,1
3,b1,6,2|3|4|5|6|9,6.2872,210,1
3,b1,6,2|3|4|5|7|8,8.9175,210,1
3,b1,6,2|3|4|5|7|9,7.4606,210,1
3,b1,6,2|3|4|5|8|9,5.2033,210,1
3,b1,6,2|3|4|6|7|8,4.3437,210,1
3,b1,6,2|3|4|6|7|9,7.2092,210,1
3,b1,6,2|3|4|6|8|9,3.2247,210,1
3,b1,6,2|3|4|7|8|9,4.8054,210,1
3,b1,6,2|3|5|6|7|8,5.3609,210,1
3,b1,6,2|3|5|6|7|9,6.5396,210,1
3,b1,6,2|3|5|6|8|9,6.8267,210,1
3,b1,6,2|3|5|7|8|9,8.1410,210,1
3,b1,6,2|3|6|7|8|9,7.6275,210,1
3,b1,6,2|4|5|6|7|8,8.8516,210,1
3,b1,6,2|4|5|6|7|9,11.7748,210,1
3,b1,6,2|4|5|6|8|9,3.5205,210,1
3,b1,6,2|4|5|7|8|9,8.0244,210,1
3,b1,6,2|4|6|7|8|9,8.6825,210,1
3,b1,6,2|5|6|7|8|9,9.2529,210,1
3,b1,6,3|4|5|6|7|8,3.8466,210,1
3,b1,6,3|4|5|6|7|9,4.3985,210,1
3,b1,6,3|4|5|6|8|9,4.1224,210,1
3,b1,6,3|4|5|7|8|9,6.3483,210,1
3,b1,6,3|4|6|7|8|9,1.4190,210,1
3,b1,6,3|5|6|7|8|9,7.2026,210,1
3,b1,6,4|5|6|7|8|9,4.0565,210,1
3,b2,0,,68.3546,1,1
3,b2,1,0,64.6095,10,1
3,b2,1,1,60.7703,10,1
3,b2,1,2,67.7899,10,1
3,b2,1,3,66.5990,10,1
3,b2,1,4,65.4159,10,1
3,b2,1,5,67.7834,10,1
3,b2,1,6,67.3863,10,1
3,b2,1,7,67.0871,10,1
3,b2,1,8,67.2030,10,1
3,b2,1,9,68.3214,10,1
3,b2,2,0|1,50.4970,45,1
3,b2,2,0|2,63.3806,45,1
3,b2,2,0|3,61.8639,45,1
3,b2,2,0|4,59.8793,45,1
3,b2,2,0|5,63.7179,45,1
3,b2,2,0|6,64.0180,45,1
3,b2,2,0|7,62.7548,45,1
3,b2,2,0|8,63.5648,45,1
3,b2,2,0|9,63.0526,45,1
3,b2,2,1|2,57.7776,45,1
3,b2,2,1|3,58.7963,45,1
3,b2,2,1|4,54.8463,45,1
3,b2,2,1|5,59.2285,45,1
3,b2,2,1|6,60.0162,45,1
3,b2,2,1|7,60.1089,45,1
3,b2,2,1|8,60.3056,45,1
3,b2,2,1|9,60.6214,45,1
3,b2,2,2|3,59.7812,45,1
3,b2,2,2|4,61.4624,45,1
3,b2,2,2|5,65.0016,45,1
3,b2,2,2|6,67.8714,45,1
3,b2,2,2|7,67.0568,45,1
3,b2,2,2|8,66.4369,45,1
3,b2,2,2|9,65.8266,45,1
3,b2,2,3|4,60.7737,45,1
3,b2,2,3|5,66.6729,45,1
3,b2,2,3|6,66.1457,45,1
3,b2,2,3|7,67.0881,45,1
3,b2,2,3|8,67.3189,45,1
3,b2,2,3|9,65.0788,45,1
3,b2,2,4|5,61.5078,45,1
3,b2,2,4|6,65.4746,45,1
3,b2,2,4|7,64.8019,45,1
3,b2,2,4|8,66.4928,45,1
3,b2,2,4|9,65.0742,45,1
3,b2,2,5|6,65.9994,45,1
3,b2,2,5|7,65.1386,45,1
3,b2,2,5|8,65.3299,45,1
3,b2,2,5|9,66.7189,45,1
3,b2,2,6|7,67.6315,45,1
3,b2,2,6|8,68.2013,45,1
3,b2,2,6|9,68.7308,45,1
3,b2,2,7|8,66.5076,45,1
3,b2,2,7|9,65.7970,45,1
3,b2,2,8|9,67.1917,45,1
3,b2,3,0|1|2,46.1093,120,1
3,b2,3,0|1|3,45.9762,120,1
3,b2,3,0|1|4,42.8712,120,1
3,b2,3,0|1|5,44.6601,120,1
3,b2,3,0|1|6,47.0742,120,1
3,b2,3,0|1|7,45.9653,120,1
3,b2,3,0|1|8,47.3617,120,1
3,b2,3,0|1|9,47.5180,120,1
3,b2,3,0|2|3,49.9903,120,1
3,b2,3,0|2|4,55.4108,120,1
3,b2,3,0|2|5,60.8536,120,1
3,b2,3,0|2|6,63.1357,120,1
3,b2,3,0|2|7,61.9114,120,1
3,b2,3,0|2|8,62.3256,120,1
3,b2,3,0|2|9,62.7168,120,1
3,b2,3,0|3|4,53.8223,120,1
3,b2,3,0|3|5,61.1885,120,1
3,b2,3,0|3|6,61.4736,120,1
3,b2,3,0|3|7,60.7435,120,1
3,b2,3,0|3|8,60.7836,120,1
3,b2,3,0|3|9,60.2489,120,1
3,b2,3,0|4|5,55.5326,120,1
3,b2,3,0|4|6,58.5346,120,1
3,b2,3,0|4|7,58.1323,120,1
3,b2,3,0|4|8,60.8194,120,1
3,b2,3,0|4|9,59.9001,120,1
3,b2,3,0|5|6,60.3132,120,1
3,b2,3,0|5|7,60.0259,120,1
3,b2,3,0|5|8,61.3069,120,1
3,b2,3,0|5|9,61.6103,120,1
3,b2,3,0|6|7,60.9648,120,1
3,b2,3,0|6|8,63.8762,120,1
3,b2,3,0|6|9,61.7021,120,1
3,b2,3,0|7|8,61.1618,120,1
3,b2,3,0|7|9,59.4238,120,1
3,b2,3,0|8|9,58.9936,120,1
3,b2,3,1|2|3,43.6152,120,1
3,b2,3,1|2|4,54.1340,120,1
3,b2,3,1|2|5,56.2879,120,1
3,b2,3,1|2|6,58.0622,120,1
3,b2,3,1|2|7,56.7083,120,1
3,b2,3,1|2|8,56.8864,120,1
3,b2,3,1|2|9,56.3699,120,1
3,b2,3,1|3|4,53.7974,120,1
3,b2,3,1|3|5,59.2849,120,1
3,b2,3,1|3|6,58.8391,120,1
3,b2,3,1|3|7,57.7591,120,1
3,b2,3,1|3|8,58.2010,120,1
3,b2,3,1|3|9,57.8241,120,1
3,b2,3,1|4|5,51.0720,120,1
3,b2,3,1|4|6,51.2515,120,1
3,b2,3,1|4|7,51.2285,120,1
3,b2,3,1|4|8,54.7014,120,1
3,b2,3,1|4|9,53.3944,120,1
3,b2,3,1|5|6,55.6385,120,1
3,b2,3,1|5|7,55.8380,120,1
3,b2,3,1|5|8,56.2913,120,1
3,b2,3,1|5|9,56.5732,120,1
3,b2,3,1|6|7,55.4867,120,1
3,b2,3,1|6|8,59.1099,120,1
3,b2,3,1|6|9,57.4300,120,1
3,b2,3,1|7|8,55.9563,120,1
3,b2,3,1|7|9,52.9217,120,1
3,b2,3,1|8|9,54.2338,120,1
3,b2,3,2|3|4,48.3992,120,1
3,b2,3,2|3|5,55.5647,120,1
3,b2,3,2|3|6,59.1375,120,1
3,b2,3,2|3|7,58.5716,120,1
3,b2,3,2|3|8,57.8932,120,1
3,b2,3,2|3|9,57.7056,120,1
3,b2,3,2|4|5,55.9548,120,1
3,b2,3,2|4|6,60.6919,120,1
3,b2,3,2|4|7,60.7054,120,1
3,b2,3,2|4|8,62.3313,120,1
3,b2,3,2|4|9,61.3687,120,1
3,b2,3,2|5|6,64.1395,120,1
3,b2,3,2|5|7,61.9559,120,1
3,b2,3,2|5|8,62.6118,120,1
3,b2,3,2|5|9,63.9294,120,1
3,b2,3,2|6|7,65.2738,120,1
3,b2,3,2|6|8,66.1950,120,1
3,b2,3,2|6|9,66.3656,120,1
3,b2,3,2|7|8,63.4219,120,1
3,b2,3,2|7|9,62.0989,120,1
3,b2,3,2|8|9,62.2801,120,1
3,b2,3,3|4|5,55.2266,120,1
3,b2,3,3|4|6,59.9398,120,1
3,b2,3,3|4|7,58.8381,120,1
3,b2,3,3|4|8,59.9178,120,1
3,b2,3,3|4|9,57.8314,120,1
3,b2,3,3|5|6,64.2528,120,1
3,b2,3,3|5|7,64.9037,120,1
3,b2,3,3|5|8,65.0234,120,1
3,b2,3,3|5|9,64.3525,120,1
3,b2,3,3|6|7,66.2289,120,1
3,b2,3,3|6|8,66.9280,120,1
3,b2,3,3|6|9,63.7817,120,1
3,b2,3,3|7|8,64.5559,120,1
3,b2,3,3|7|9,62.9703,120,1
3,b2,3,3|8|9,62.9392,120,1
3,b2,3,4|5|6,56.5427,120,1
3,b2,3,4|5|7,57.0581,120,1
3,b2,3,4|5|8,58.9150,120,1
3,b2,3,4|5|9,59.7841,120,1
3,b2,3,4|6|7,60.0256,120,1
3,b2,3,4|6|8,62.8140,120,1
3,b2,3,4|6|9,62.9213,120,1
3,b2,3,4|7|8,61.6358,120,1
3,b2,3,4|7|9,61.5472,120,1
3,b2,3,4|8|9,62.2950,120,1
3,b2,3,5|6|7,60.2338,120,1
3,b2,3,5|6|8,62.5287,120,1
3,b2,3,5|6|9,64.1881,120,1
3,b2,3,5|7|8,60.6434,120,1
3,b2,3,5|7|9,61.8162,120,1
3,b2,3,5|8|9,62.2069,120,1
3,b2,3,6|7|8,63.8683,120,1
3,b2,3,6|7|9,62.9612,120,1
3,b2,3,6|8|9,64.3533,120,1
3,b2,3,7|8|9,58.4395,120,1
3,b2,4,0|1|2|3,26.2216,210,1
3,b2,4,0|1|2|4,38.9735,210,1
3,b2,4,0|1|2|5,42.3070,210,1
3,b2,4,0|1|2|6,43.5725,210,1
3,b2,4,0|1|2|7,43.8995,210,1
3,b2,4,0|1|2|8,45.7634,210,1
3,b2,4,0|1|2|9,44.7170,210,1
3,b2,4,0|1|3|4,39.7749,210,1
3,b2,4,0|1|3|5,41.7019,210,1
3,b2,4,0|1|3|6,43.9583,210,1
3,b2,4,0|1|3|7,42.9241,210,1
3,b2,4,0|1|3|8,45.2329,210,1
3,b2,4,0|1|3|9,43.9298,210,1
3,b2,4,0|1|4|5,34.6406,210,1
3,b2,4,0|1|4|6,35.3212,210,1
3,b2,4,0|1|4|7,37.6242,210,1
3,b2,4,0|1|4|8,42.3954,210,1
3,b2,4,0|1|4|9,41.7166,210,1
3,b2,4,0|1|5|6,36.8970,210,1
3,b2,4,0|1|5|7,40.8410,210,1
3,b2,4,0|1|5|8,42.4779,210,1
3,b2,4,0|1|5|9,40.5431,210,1
3,b2,4,0|1|6|7,35.9517,210,1
3,b2,4,0|1|6|8,42.3835,210,1
3,b2,4,0|1|6|9,40.7947,210,1
3,b2,4,0|1|7|8,41.4434,210,1
3,b2,4,0|1|7|9,39.1359,210,1
3,b2,4,0|1|8|9,39.7929,210,1
3,b2,4,0|2|3|4,42.0005,210,1
3,b2,4,0|2|3|5,48.9933,210,1
3,b2,4,0|2|3|6,51.1754,210,1
3,b2,4,0|2|3|7,49.0199,210,1
3,b2,4,0|2|3|8,51.1609,210,1
3,b2,4,0|2|3|9,50.0375,210,1
3,b2,4,0|2|4|5,50.3423,210,1
3,b2,4,0|2|4|6,54.6454,210,1
3,b2,4,0|2|4|7,52.4019,210,1
3,b2,4,0|2|4|8,56.1903,210,1
3,b2,4,0|2|4|9,54.9185,210,1
3,b2,4,0|2|5|6,60.1180,210,1
3,b2,4,0|2|5|7,57.9039,210,1
3,b2,4,0|2|5|8,59.4918,210,1
3,b2,4,0|2|5|9,60.4748,210,1
3,b2,4,0|2|6|7,60.4117,210,1
3,b2,4,0|2|6|8,63.1954,210,1
3,b2,4,0|2|6|9,64.1865,210,1
3,b2,4,0|2|7|8,59.6918,210,1
3,b2,4,0|2|7|9,58.6636,210,1
3,b2,4,0|2|8|9,58.5127,210,1
3,b2,4,0|3|4|5,46.3505,210,1
3,b2,4,0|3|4|6,52.9775,210,1
3,b2,4,0|3|4|7,49.4949,210,1
3,b2,4,0|3|4|8,52.7447,210,1
3,b2,4,0|3|4|9,51.2027,210,1
3,b2,4,0|3|5|6,59.3700,210,1
3,b2,4,0|3|5|7,57.5935,210,1
3,b2,4,0|3|5|8,59.4314,210,1
3,b2,4,0|3|5|9,58.7380,210,1
3,b2,4,0|3|6|7,59.7955,210,1
3,b2,4,0|3|6|8,61.7669,210,1
3,b2,4,0|3|6|9,59.3566,210,1
3,b2,4,0|3|7|8,58.9910,210,1
3,b2,4,0|3|7|9,57.3428,210,1
3,b2,4,0|3|8|9,57.9491,210,1
3,b2,4,0|4|5|6,48.5600,210,1
3,b2,4,0|4|5|7,49.7680,210,1
3,b2,4,0|4|5|8,54.9498,210,1
3,b2,4,0|4|5|9,55.3390,210,1
3,b2,4,0|4|6|7,53.2828,210,1
3,b2,4,0|4|6|8,59.6693,210,1
3,b2,4,0|4|6|9,60.2847,210,1
3,b2,4,0|4|7|8,56.3638,210,1
3,b2,4,0|4|7|9,55.4078,210,1
3,b2,4,0|4|8|9,57.1232,210,1
3,b2,4,0|5|6|7,53.5321,210,1
3,b2,4,0|5|6|8,57.1014,210,1
3,b2,4,0|5|6|9,57.3419,210,1
3,b2,4,0|5|7|8,55.5599,210,1
3,b2,4,0|5|7|9,52.6983,210,1
3,b2,4,0|5|8|9,54.3697,210,1
3,b2,4,0|6|7|8,56.8930,210,1
3,b2,4,0|6|7|9,56.8117,210,1
3,b2,4,0|6|8|9,56.6028,210,1
3,b2,4,0|7|8|9,51.1085,210,1
3,b2,4,1|2|3|4,37.2432,210,1
3,b2,4,1|2|3|5,39.4482,210,1
3,b2,4,1|2|3|6,41.2288,210,1
3,b2,4,1|2|3|7,39.4210,210,1
3,b2,4,1|2|3|8,43.7322,210,1
3,b2,4,1|2|3|9,41.7138,210,1
3,b2,4,1|2|4|5,46.7886,210,1
3,b2,4,1|2|4|6,48.7694,210,1
3,b2,4,1|2|4|7,49.2137,210,1
3,b2,4,1|2|4|8,53.4676,210,1
3,b2,4,1|2|4|9,52.1458,210,1
3,b2,4,1|2|5|6,53.8526,210,1
3,b2,4,1|2|5|7,50.1635,210,1
3,b2,4,1|2|5|8,51.7386,210,1
3,b2,4,1|2|5|9,52.3298,210,1
3,b2,4,1|2|6|7,53.1032,210,1
3,b2,4,1|2|6|8,56.1094,210,1
3,b2,4,1|2|6|9,55.3155,210,1
3,b2,4,1|2|7|8,53.0734,210,1
3,b2,4,1|2|7|9,50.5225,210,1
3,b2,4,1|2|8|9,50.0333,210,1
3,b2,4,1|3|4|5,50.3127,210,1
3,b2,4,1|3|4|6,52.2476,210,1
3,b2,4,1|3|4|7,51.0649,210,1
3,b2,4,1|3|4|8,53.7779,210,1
3,b2,4,1|3|4|9,51.5045,210,1
3,b2,4,1|3|5|6,57.2481,210,1
3,b2,4,1|3|5|7,54.3164,210,1
3,b2,4,1|3|5|8,56.9308,210,1
3,b2,4,1|3|5|9,55.6467,210,1
3,b2,4,1|3|6|7,54.7204,210,1
3,b2,4,1|3|6|8,57.7239,210,1
3,b2,4,1|3|6|9,53.9971,210,1
3,b2,4,1|3|7|8,54.3651,210,1
3,b2,4,1|3|7|9,50.1375,210,1
3,b2,4,1|3|8|9,52.3600,210,1
3,b2,4,1|4|5|6,43.2017,210,1
3,b2,4,1|4|5|7,42.3343,210,1
3,b2,4,1|4|5|8,48.0935,210,1
3,b2,4,1|4|5|9,48.3416,210,1
3,b2,4,1|4|6|7,41.7132,210,1
3,b2,4,1|4|6|8,49.5326,210,1
3,b2,4,1|4|6|9,48.6560,210,1
3,b2,4,1|4|7|8,51.4867,210,1
3,b2,4,1|4|7|9,49.0238,210,1
3,b2,4,1|4|8|9,51.2289,210,1
3,b2,4,1|5|6|7,46.5170,210,1
3,b2,4,1|5|6|8,51.5648,210,1
3,b2,4,1|5|6|9,51.7183,210,1
3,b2,4,1|5|7|8,50.0281,210,1
3,b2,4,1|5|7|9,47.7953,210,1
3,b2,4,1|5|8|9,48.3822,210,1
3,b2,4,1|6|7|8,50.6107,210,1
3,b2,4,1|6|7|9,48.7594,210,1
3,b2,4,1|6|8|9,50.5001,210,1
3,b2,4,1|7|8|9,43.2086,210,1
3,b2,4,2|3|4|5,38.3577,210,1
3,b2,4,2|3|4|6,46.6216,210,1
3,b2,4,2|3|4|7,45.1672,210,1
3,b2,4,2|3|4|8,48.2860,210,1
3,b2,4,2|3|4|9,46.3600,210,1
3,b2,4,2|3|5|6,53.9810,210,1
3,b2,4,2|3|5|7,52.7186,210,1
3,b2,4,2|3|5|8,54.8677,210,1
3,b2,4,2|3|5|9,54.7372,210,1
3,b2,4,2|3|6|7,56.2374,210,1
3,b2,4,2|3|6|8,58.2913,210,1
3,b2,4,2|3|6|9,56.6076,210,1
3,b2,4,2|3|7|8,54.8119,210,1
3,b2,4,2|3|7|9,53.8059,210,1
3,b2,4,2|3|8|9,54.2074,210,1
3,b2,4,2|4|5|6,48.4849,210,1
3,b2,4,2|4|5|7,51.4711,210,1
3,b2,4,2|4|5|8,53.1977,210,1
3,b2,4,2|4|5|9,53.7748,210,1
3,b2,4,2|4|6|7,55.4168,210,1
3,b2,4,2|4|6|8,59.8061,210,1
3,b2,4,2|4|6|9,59.2382,210,1
3,b2,4,2|4|7|8,56.9301,210,1
3,b2,4,2|4|7|9,59.2111,210,1
3,b2,4,2|4|8|9,59.8110,210,1
3,b2,4,2|5|6|7,56.9398,210,1
3,b2,4,2|5|6|8,60.7122,210,1
3,b2,4,2|5|6|9,61.9746,210,1
3,b2,4,2|5|7|8,56.2850,210,1
3,b2,4,2|5|7|9,56.9288,210,1
3,b2,4,2|5|8|9,57.4586,210,1
3,b2,4,2|6|7|8,60.4950,210,1
3,b2,4,2|6|7|9,60.8287,210,1
3,b2,4,2|6|8|9,60.4521,210,1
3,b2,4,2|7|8|9,53.9957,210,1
3,b2,4,3|4|5|6,44.7534,210,1
3,b2,4,3|4|5|7,48.6224,210,1
3,b2,4,3|4|5|8,52.0461,210,1
3,b2,4,3|4|5|9,51.3673,210,1
3,b2,4,3|4|6|7,51.3417,210,1
3,b2,4,3|4|6|8,56.8150,210,1
3,b2,4,3|4|6|9,55.7158,210,1
3,b2,4,3|4|7|8,54.5891,210,1
3,b2,4,3|4|7|9,54.6934,210,1
3,b2,4,3|4|8|9,54.9652,210,1
3,b2,4,3|5|6|7,58.3057,210,1
3,b2,4,3|5|6|8,61.5145,210,1
3,b2,4,3|5|6|9,60.1817,210,1
3,b2,4,3|5|7|8,60.5276,210,1
3,b2,4,3|5|7|9,58.9664,210,1
3,b2,4,3|5|8|9,59.1920,210,1
3,b2,4,3|6|7|8,60.5898,210,1
3,b2,4,3|6|7|9,59.5150,210,1
3,b2,4,3|6|8|9,58.9497,210,1
3,b2,4,3|7|8|9,54.9752,210,1
3,b2,4,4|5|6|7,40.3235,210,1
3,b2,4,4|5|6|8,47.1750,210,1
3,b2,4,4|5|6|9,48.3403,210,1
3,b2,4,4|5|7|8,47.7749,210,1
3,b2,4,4|5|7|9,49.4074,210,1
3,b2,4,4|5|8|9,51.1749,210,1
3,b2,4,4|6|7|8,48.8879,210,1
3,b2,4,4|6|7|9,51.2176,210,1
3,b2,4,4|6|8|9,55.4650,210,1
3,b2,4,4|7|8|9,50.4488,210,1
3,b2,4,5|6|7|8,47.5018,210,1
3,b2,4,5|6|7|9,50.7257,210,1
3,b2,4,5|6|8|9,51.2201,210,1
3,b2,4,5|7|8|9,41.6720,210,1
3,b2,4,6|7|8|9,47.5293,210,1
3,b2,5,0|1|2|3|4,21.1231,252,1
3,b2,5,0|1|2|3|5,23.4955,252,1
3,b2,5,0|1|2|3|6,26.0047,252,1
3,b2,5,0|1|2|3|7,24.4179,252,1
3,b2,5,0|1|2|3|8,27.9622,252,1
3,b2,5,0|1|2|3|9,26.3543,252,1
3,b2,5,0|1|2|4|5,29.8929,252,1
3,b2,5,0|1|2|4|6,32.3001,252,1
3,b2,5,0|1|2|4|7,34.7812,252,1
3,b2,5,0|1|2|4|8,39.9550,252,1
3,b2,5,0|1|2|4|9,37.1722,252,1
3,b2,5,0|1|2|5|6,37.5414,252,1
3,b2,5,0|1|2|5|7,39.6117,252,1
3,b2,5,0|1|2|5|8,39.5931,252,1
3,b2,5,0|1|2|5|9,37.5198,252,1
3,b2,5,0|1|2|6|7,34.7334,252,1
3,b2,5,0|1|2|6|8,39.5051,252,1
3,b2,5,0|1|2|6|9,36.5766,252,1
3,b2,5,0|1|2|7|8,41.0847,252,1
3,b2,5,0|1|2|7|9,36.8463,252,1
3,b2,5,0|1|2|8|9,37.4398,252,1
3,b2,5,0|1|3|4|5,32.3498,252,1
3,b2,5,0|1|3|4|6,36.0551,252,1
3,b2,5,0|1|3|4|7,36.7499,252,1
3,b2,5,0|1|3|4|8,39.8082,252,1
3,b2,5,0|1|3|4|9,38.5941,252,1
3,b2,5,0|1|3|5|6,34.6624,252,1
3,b2,5,0|1|3|5|7,38.8663,252,1
3,b2,5,0|1|3|5|8,41.6595,252,1
3,b2,5,0|1|3|5|9,37.8434,252,1
3,b2,5,0|1|3|6|7,34.4557,252,1
3,b2,5,0|1|3|6|8,37.8198,252,1
3,b2,5,0|1|3|6|9,35.2549,252,1
3,b2,5,0|1|3|7|8,38.2177,252,1
3,b2,5,0|1|3|7|9,35.8637,252,1
3,b2,5,0|1|3|8|9,37.2572,252,1
3,b2,5,0|1|4|5|6,26.7407,252,1
3,b2,5,0|1|4|5|7,28.2097,252,1
3,b2,5,0|1|4|5|8,35.2480,252,1
3,b2,5,0|1|4|5|9,35.1414,252,1
3,b2,5,0|1|4|6|7,24.7667,252,1
3,b2,5,0|1|4|6|8,33.5867,252,1
3,b2,5,0|1|4|6|9,34.0442,252,1
3,b2,5,0|1|4|7|8,37.3553,252,1
3,b2,5,0|1|4|7|9,33.5815,252,1
3,b2,5,0|1|4|8|9,36.6629,252,1
3,b2,5,0|1|5|6|7,27.6886,252,1
3,b2,5,0|1|5|6|8,31.1242,252,1
3,b2,5,0|1|5|6|9,31.3831,252,1
3,b2,5,0|1|5|7|8,35.0689,252,1
3,b2,5,0|1|5|7|9,29.7539,252,1
3,b2,5,0|1|5|8|9,31.4087,252,1
3,b2,5,0|1|6|7|8,28.9883,252,1
3,b2,5,0|1|6|7|9,30.5565,252,1
3,b2,5,0|1|6|8|9,30.4072,252,1
3,b2,5,0|1|7|8|9,26.5077,252,1
3,b2,5,0|2|3|4|5,31.2242,252,1
3,b2,5,0|2|3|4|6,40.0670,252,1
3,b2,5,0|2|3|4|7,37.5887,252,1
3,b2,5,0|2|3|4|8,41.2937,252,1
3,b2,5,0|2|3|4|9,39.9156,252,1
3,b2,5,0|2|3|5|6,47.3670,252,1
3,b2,5,0|2|3|5|7,43.2913,252,1
3,b2,5,0|2|3|5|8,49.8165,252,1
3,b2,5,0|2|3|5|9,49.5710,252,1
3,b2,5,0|2|3|6|7,47.8314,252,1
3,b2,5,0|2|3|6|8,52.7617,252,1
3,b2,5,0|2|3|6|9,52.9767,252,1
3,b2,5,0|2|3|7|8,49.2934,252,1
3,b2,5,0|2|3|7|9,48.4251,252,1
3,b2,5,0|2|3|8|9,48.7497,252,1
3,b2,5,0|2|4|5|6,42.3547,252,1
3,b2,5,0|2|4|5|7,42.5992,252,1
3,b2,5,0|2|4|5|8,48.9600,252,1
3,b2,5,0|2|4|5|9,50.3310,252,1
3,b2,5,0|2|4|6|7,49.4231,252,1
3,b2,5,0|2|4|6|8,55.9036,252,1
3,b2,5,0|2|4|6|9,58.1691,252,1
3,b2,5,0|2|4|7|8,52.2573,252,1
3,b2,5,0|2|4|7|9,54.2113,252,1
3,b2,5,0|2|4|8|9,57.6285,252,1
3,b2,5,0|2|5|6|7,52.5822,252,1
3,b2,5,0|2|5|6|8,57.1656,252,1
3,b2,5,0|2|5|6|9,60.6613,252,1
3,b2,5,0|2|5|7|8,52.3441,252,1
3,b2,5,0|2|5|7|9,53.4493,252,1
3,b2,5,0|2|5|8|9,54.6051,252,1
3,b2,5,0|2|6|7|8,56.7897,252,1
3,b2,5,0|2|6|7|9,57.9089,252,1
3,b2,5,0|2|6|8|9,57.0655,252,1
3,b2,5,0|2|7|8|9,49.7673,252,1
3,b2,5,0|3|4|5|6,38.0042,252,1
3,b2,5,0|3|4|5|7,39.9341,252,1
3,b2,5,0|3|4|5|8,45.6782,252,1
3,b2,5,0|3|4|5|9,45.1118,252,1
3,b2,5,0|3|4|6|7,45.4436,252,1
3,b2,5,0|3|4|6|8,53.1665,252,1
3,b2,5,0|3|4|6|9,52.3909,252,1
3,b2,5,0|3|4|7|8,48.5370,252,1
3,b2,5,0|3|4|7|9,48.0820,252,1
3,b2,5,0|3|4|8|9,51.3875,252,1
3,b2,5,0|3|5|6|7,51.2703,252,1
3,b2,5,0|3|5|6|8,55.2046,252,1
3,b2,5,0|3|5|6|9,56.0084,252,1
3,b2,5,0|3|5|7|8,52.8427,252,1
3,b2,5,0|3|5|7|9,51.8054,252,1
3,b2,5,0|3|5|8|9,52.9409,252,1
3,b2,5,0|3|6|7|8,55.8342,252,1
3,b2,5,0|3|6|7|9,55.3093,252,1
3,b2,5,0|3|6|8|9,54.7829,252,1
3,b2,5,0|3|7|8|9,50.0121,252,1
3,b2,5,0|4|5|6|7,37.6914,252,1
3,b2,5,0|4|5|6|8,46.6916,252,1
3,b2,5,0|4|5|6|9,49.3158,252,1
3,b2,5,0|4|5|7|8,46.5253,252,1
3,b2,5,0|4|5|7|9,45.6189,252,1
3,b2,5,0|4|5|8|9,49.0111,252,1
3,b2,5,0|4|6|7|8,51.4069,252,1
3,b2,5,0|4|6|7|9,51.2743,252,1
3,b2,5,0|4|6|8|9,55.3131,252,1
3,b2,5,0|4|7|8|9,45.5888,252,1
3,b2,5,0|5|6|7|8,46.9570,252,1
3,b2,5,0|5|6|7|9,45.8385,252,1
3,b2,5,0|5|6|8|9,44.1579,252,1
3,b2,5,0|5|7|8|9,34.9988,252,1
3,b2,5,0|6|7|8|9,39.8946,252,1
3,b2,5,1|2|3|4|5,23.6464,252,1
3,b2,5,1|2|3|4|6,34.6990,252,1
3,b2,5,1|2|3|4|7,30.9068,252,1
3,b2,5,1|2|3|4|8,38.4942,252,1
3,b2,5,1|2|3|4|9,35.1171,252,1
3,b2,5,1|2|3|5|6,36.2809,252,1
3,b2,5,1|2|3|5|7,33.1814,252,1
3,b2,5,1|2|3|5|8,39.2543,252,1
3,b2,5,1|2|3|5|9,36.8123,252,1
3,b2,5,1|2|3|6|7,35.7342,252,1
3,b2,5,1|2|3|6|8,40.4825,252,1
3,b2,5,1|2|3|6|9,39.1427,252,1
3,b2,5,1|2|3|7|8,37.3863,252,1
3,b2,5,1|2|3|7|9,34.6445,252,1
3,b2,5,1|2|3|8|9,39.0459,252,1
3,b2,5,1|2|4|5|6,39.2213,252,1
3,b2,5,1|2|4|5|7,37.7985,252,1
3,b2,5,1|2|4|5|8,43.3805,252,1
3,b2,5,1|2|4|5|9,45.5347,252,1
3,b2,5,1|2|4|6|7,39.2547,252,1
3,b2,5,1|2|4|6|8,46.1651,252,1
3,b2,5,1|2|4|6|9,48.3299,252,1
3,b2,5,1|2|4|7|8,49.8127,252,1
3,b2,5,1|2|4|7|9,48.6272,252,1
3,b2,5,1|2|4|8|9,51.0277,252,1
3,b2,5,1|2|5|6|7,43.8563,252,1
3,b2,5,1|2|5|6|8,48.8447,252,1
3,b2,5,1|2|5|6|9,51.4993,252,1
3,b2,5,1|2|5|7|8,45.5665,252,1
3,b2,5,1|2|5|7|9,43.2960,252,1
3,b2,5,1|2|5|8|9,43.6382,252,1
3,b2,5,1|2|6|7|8,49.0070,252,1
3,b2,5,1|2|6|7|9,48.5652,252,1
3,b2,5,1|2|6|8|9,48.2926,252,1
3,b2,5,1|2|7|8|9,41.7421,252,1
3,b2,5,1|3|4|5|6,38.5808,252,1
3,b2,5,1|3|4|5|7,39.9208,252,1
3,b2,5,1|3|4|5|8,48.0794,252,1
3,b2,5,1|3|4|5|9,46.8142,252,1
3,b2,5,1|3|4|6|7,40.7166,252,1
3,b2,5,1|3|4|6|8,50.5756,252,1
3,b2,5,1|3|4|6|9,48.7443,252,1
3,b2,5,1|3|4|7|8,49.5099,252,1
3,b2,5,1|3|4|7|9,46.8478,252,1
3,b2,5,1|3|4|8|9,48.4778,252,1
3,b2,5,1|3|5|6|7,46.1574,252,1
3,b2,5,1|3|5|6|8,50.9336,252,1
3,b2,5,1|3|5|6|9,51.7170,252,1
3,b2,5,1|3|5|7|8,49.2505,252,1
3,b2,5,1|3|5|7|9,45.1377,252,1
3,b2,5,1|3|5|8|9,45.2096,252,1
3,b2,5,1|3|6|7|8,50.2401,252,1
3,b2,5,1|3|6|7|9,46.1686,252,1
3,b2,5,1|3|6|8|9,48.1521,252,1
3,b2,5,1|3|7|8|9,40.2392,252,1
3,b2,5,1|4|5|6|7,32.4187,252,1
3,b2,5,1|4|5|6|8,38.8282,252,1
3,b2,5,1|4|5|6|9,39.7792,252,1
3,b2,5,1|4|5|7|8,37.7709,252,1
3,b2,5,1|4|5|7|9,37.3682,252,1
3,b2,5,1|4|5|8|9,41.9377,252,1
3,b2,5,1|4|6|7|8,40.3785,252,1
3,b2,5,1|4|6|7|9,39.9636,252,1
3,b2,5,1|4|6|8|9,47.3684,252,1
3,b2,5,1|4|7|8|9,42.9893,252,1
3,b2,5,1|5|6|7|8,38.1086,252,1
3,b2,5,1|5|6|7|9,40.6781,252,1
3,b2,5,1|5|6|8|9,41.1037,252,1
3,b2,5,1|5|7|8|9,35.3890,252,1
3,b2,5,1|6|7|8|9,35.8922,252,1
3,b2,5,2|3|4|5|6,28.7222,252,1
3,b2,5,2|3|4|5|7,29.6147,252,1
3,b2,5,2|3|4|5|8,33.4493,252,1
3,b2,5,2|3|4|5|9,34.8039,252,1
3,b2,5,2|3|4|6|7,34.6659,252,1
3,b2,5,2|3|4|6|8,42.2559,252,1
3,b2,5,2|3|4|6|9,41.8702,252,1
3,b2,5,2|3|4|7|8,39.9256,252,1
3,b2,5,2|3|4|7|9,40.8307,252,1
3,b2,5,2|3|4|8|9,42.6204,252,1
3,b2,5,2|3|5|6|7,45.4251,252,1
3,b2,5,2|3|5|6|8,49.2244,252,1
3,b2,5,2|3|5|6|9,50.2039,252,1
3,b2,5,2|3|5|7|8,49.6320,252,1
3,b2,5,2|3|5|7|9,47.5114,252,1
3,b2,5,2|3|5|8|9,48.7468,252,1
3,b2,5,2|3|6|7|8,50.1402,252,1
3,b2,5,2|3|6|7|9,50.4455,252,1
3,b2,5,2|3|6|8|9,50.6250,252,1
3,b2,5,2|3|7|8|9,45.3128,252,1
3,b2,5,2|4|5|6|7,31.8776,252,1
3,b2,5,2|4|5|6|8,37.6551,252,1
3,b2,5,2|4|5|6|9,42.2039,252,1
3,b2,5,2|4|5|7|8,39.7516,252,1
3,b2,5,2|4|5|7|9,44.2186,252,1
3,b2,5,2|4|5|8|9,47.0614,252,1
3,b2,5,2|4|6|7|8,45.3343,252,1
3,b2,5,2|4|6|7|9,49.9301,252,1
3,b2,5,2|4|6|8|9,53.1805,252,1
3,b2,5,2|4|7|8|9,47.1174,252,1
3,b2,5,2|5|6|7|8,43.3868,252,1
3,b2,5,2|5|6|7|9,47.7385,252,1
3,b2,5,2|5|6|8|9,48.4869,252,1
3,b2,5,2|5|7|8|9,37.1053,252,1
3,b2,5,2|6|7|8|9,45.3033,252,1
3,b2,5,3|4|5|6|7,33.6501,252,1
3,b2,5,3|4|5|6|8,37.4749,252,1
3,b2,5,3|4|5|6|9,37.4258,252,1
3,b2,5,3|4|5|7|8,37.3081,252,1
3,b2,5,3|4|5|7|9,41.2843,252,1
3,b2,5,3|4|5|8|9,43.2308,252,1
3,b2,5,3|4|6|7|8,42.3279,252,1
3,b2,5,3|4|6|7|9,44.6286,252,1
3,b2,5,3|4|6|8|9,47.2856,252,1
3,b2,5,3|4|7|8|9,43.0475,252,1
3,b2,5,3|5|6|7|8,44.0721,252,1
3,b2,5,3|5|6|7|9,48.3098,252,1
3,b2,5,3|5|6|8|9,45.2769,252,1
3,b2,5,3|5|7|8|9,40.0582,252,1
3,b2,5,3|6|7|8|9,46.0971,252,1
3,b2,5,4|5|6|7|8,33.6674,252,1
3,b2,5,4|5|6|7|9,34.9448,252,1
3,b2,5,4|5|6|8|9,36.4185,252,1
3,b2,5,4|5|7|8|9,34.2088,252,1
3,b2,5,4|6|7|8|9,35.9117,252,1
3,b2,5,5|6|7|8|9,30.5502,252,1
3,b2,6,0|1|2|3|4|5,10.1367,210,1
3,b2,6,0|1|2|3|4|6,18.4961,210,1
3,b2,6,0|1|2|3|4|7,16.5369,210,1
3,b2,6,0|1|2|3|4|8,21.8122,210,1
3,b2,6,0|1|2|3|4|9,20.7434,210,1
3,b2,6,0|1|2|3|5|6,20.8028,210,1
3,b2,6,0|1|2|3|5|7,21.3769,210,1
3,b2,6,0|1|2|3|5|8,27.0163,210,1
3,b2,6,0|1|2|3|5|9,23.9644,210,1
3,b2,6,0|1|2|3|6|7,21.5430,210,1
3,b2,6,0|1|2|3|6|8,24.9491,210,1
3,b2,6,0|1|2|3|6|9,24.9359,210,1
3,b2,6,0|1|2|3|7|8,23.4754,210,1
3,b2,6,0|1|2|3|7|9,22.7905,210,1
3,b2,6,0|1|2|3|8|9,25.1922,210,1
3,b2,6,0|1|2|4|5|6,26.5841,210,1
3,b2,6,0|1|2|4|5|7,23.3977,210,1
3,b2,6,0|1|2|4|5|8,31.8803,210,1
3,b2,6,0|1|2|4|5|9,32.2164,210,1
3,b2,6,0|1|2|4|6|7,22.7598,210,1
3,b2,6,0|1|2|4|6|8,31.2688,210,1
3,b2,6,0|1|2|4|6|9,32.6668,210,1
3,b2,6,0|1|2|4|7|8,35.7457,210,1
3,b2,6,0|1|2|4|7|9,31.1242,210,1
3,b2,6,0|1|2|4|8|9,34.3045,210,1
3,b2,6,0|1|2|5|6|7,25.4592,210,1
3,b2,6,0|1|2|5|6|8,29.5182,210,1
3,b2,6,0|1|2|5|6|9,28.2296,210,1
3,b2,6,0|1|2|5|7|8,32.5859,210,1
3,b2,6,0|1|2|5|7|9,25.2539,210,1
3,b2,6,0|1|2|5|8|9,27.4778,210,1
3,b2,6,0|1|2|6|7|8,26.8980,210,1
3,b2,6,0|1|2|6|7|9,28.7501,210,1
3,b2,6,0|1|2|6|8|9,28.7901,210,1
3,b2,6,0|1|2|7|8|9,25.7236,210,1
3,b2,6,0|1|3|4|5|6,27.5545,210,1
3,b2,6,0|1|3|4|5|7,28.5331,210,1
3,b2,6,0|1|3|4|5|8,36.0495,210,1
3,b2,6,0|1|3|4|5|9,33.3606,210,1
3,b2,6,0|1|3|4|6|7,25.7722,210,1
3,b2,6,0|1|3|4|6|8,34.6539,210,1
3,b2,6,0|1|3|4|6|9,35.0174,210,1
3,b2,6,0|1|3|4|7|8,35.7329,210,1
3,b2,6,0|1|3|4|7|9,32.3387,210,1
3,b2,6,0|1|3|4|8|9,34.9639,210,1
3,b2,6,0|1|3|5|6|7,27.3768,210,1
3,b2,6,0|1|3|5|6|8,28.9073,210,1
3,b2,6,0|1|3|5|6|9,30.3296,210,1
3,b2,6,0|1|3|5|7|8,33.8586,210,1
3,b2,6,0|1|3|5|7|9,26.8634,210,1
3,b2,6,0|1|3|5|8|9,27.8474,210,1
3,b2,6,0|1|3|6|7|8,29.7374,210,1
3,b2,6,0|1|3|6|7|9,28.7831,210,1
3,b2,6,0|1|3|6|8|9,29.8862,210,1
3,b2,6,0|1|3|7|8|9,24.4427,210,1
3,b2,6,0|1|4|5|6|7,18.3956,210,1
3,b2,6,0|1|4|5|6|8,22.7928,210,1
3,b2,6,0|1|4|5|6|9,22.1883,210,1
3,b2,6,0|1|4|5|7|8,26.9556,210,1
3,b2,6,0|1|4|5|7|9,25.0341,210,1
3,b2,6,0|1|4|5|8|9,28.2212,210,1
3,b2,6,0|1|4|6|7|8,19.1565,210,1
3,b2,6,0|1|4|6|7|9,23.3318,210,1
3,b2,6,0|1|4|6|8|9,27.6381,210,1
3,b2,6,0|1|4|7|8|9,23.7453,210,1
3,b2,6,0|1|5|6|7|8,16.8360,210,1
3,b2,6,0|1|5|6|7|9,23.3367,210,1
3,b2,6,0|1|5|6|8|9,23.0614,210,1
3,b2,6,0|1|5|7|8|9,18.8516,210,1
3,b2,6,0|1|6|7|8|9,16.8920,210,1
3,b2,6,0|2|3|4|5|6,25.6860,210,1
3,b2,6,0|2|3|4|5|7,25.5314,210,1
3,b2,6,0|2|3|4|5|8,31.7001,210,1
3,b2,6,0|2|3|4|5|9,30.2022,210,1
3,b2,6,0|2|3|4|6|7,31.6150,210,1
3,b2,6,0|2|3|4|6|8,39.4873,210,1
3,b2,6,0|2|3|4|6|9,41.3225,210,1
3,b2,6,0|2|3|4|7|8,36.5275,210,1
3,b2,6,0|2|3|4|7|9,37.7526,210,1
3,b2,6,0|2|3|4|8|9,40.8864,210,1
3,b2,6,0|2|3|5|6|7,35.2643,210,1
3,b2,6,0|2|3|5|6|8,46.3942,210,1
3,b2,6,0|2|3|5|6|9,49.2198,210,1
3,b2,6,0|2|3|5|7|8,43.3184,210,1
3,b2,6,0|2|3|5|7|9,45.1884,210,1
3,b2,6,0|2|3|5|8|9,45.1704,210,1
3,b2,6,0|2|3|6|7|8,46.4055,210,1
3,b2,6,0|2|3|6|7|9,48.6951,210,1
3,b2,6,0|2|3|6|8|9,48.2357,210,1
3,b2,6,0|2|3|7|8|9,42.4508,210,1
3,b2,6,0|2|4|5|6|7,31.2633,210,1
3,b2,6,0|2|4|5|6|8,40.2144,210,1
3,b2,6,0|2|4|5|6|9,46.5169,210,1
3,b2,6,0|2|4|5|7|8,39.7889,210,1
3,b2,6,0|2|4|5|7|9,42.9261,210,1
3,b2,6,0|2|4|5|8|9,46.8929,210,1
3,b2,6,0|2|4|6|7|8,48.2657,210,1
3,b2,6,0|2|4|6|7|9,52.0415,210,1
3,b2,6,0|2|4|6|8|9,55.0388,210,1
3,b2,6,0|2|4|7|8|9,46.7692,210,1
3,b2,6,0|2|5|6|7|8,44.6397,210,1
3,b2,6,0|2|5|6|7|9,47.8584,210,1
3,b2,6,0|2|5|6|8|9,48.3596,210,1
3,b2,6,0|2|5|7|8|9,30.3207,210,1
3,b2,6,0|2|6|7|8|9,39.4812,210,1
3,b2,6,0|3|4|5|6|7,31.5637,210,1
3,b2,6,0|3|4|5|6|8,38.4118,210,1
3,b2,6,0|3|4|5|6|9,38.1037,210,1
3,b2,6,0|3|4|5|7|8,36.1789,210,1
3,b2,6,0|3|4|5|7|9,36.7630,210,1
3,b2,6,0|3|4|5|8|9,41.6959,210,1
3,b2,6,0|3|4|6|7|8,43.1625,210,1
3,b2,6,0|3|4|6|7|9,45.8817,210,1
3,b2,6,0|3|4|6|8|9,48.8693,210,1
3,b2,6,0|3|4|7|8|9,42.0755,210,1
3,b2,6,0|3|5|6|7|8,40.6840,210,1
3,b2,6,0|3|5|6|7|9,42.8250,210,1
3,b2,6,0|3|5|6|8|9,41.9269,210,1
3,b2,6,0|3|5|7|8|9,28.4863,210,1
3,b2,6,0|3|6|7|8|9,39.6567,210,1
3,b2,6,0|4|5|6|7|8,34.1681,210,1
3,b2,6,0|4|5|6|7|9,32.9995,210,1
3,b2,6,0|4|5|6|8|9,37.7178,210,1
3,b2,6,0|4|5|7|8|9,30.2599,210,1
3,b2,6,0|4|6|7|8|9,32.7429,210,1
3,b2,6,0|5|6|7|8|9,23.4978,210,1
3,b2,6,1|2|3|4|5|6,15.9175,210,1
3,b2,6,1|2|3|4|5|7,17.4870,210,1
3,b2,6,1|2|3|4|5|8,24.1725,210,1
3,b2,6,1|2|3|4|5|9,27.2055,210,1
3,b2,6,1|2|3|4|6|7,20.1094,210,1
3,b2,6,1|2|3|4|6|8,32.8605,210,1
3,b2,6,1|2|3|4|6|9,33.5907,210,1
3,b2,6,1|2|3|4|7|8,29.9077,210,1
3,b2,6,1|2|3|4|7|9,28.1313,210,1
3,b2,6,1|2|3|4|8|9,34.9567,210,1
3,b2,6,1|2|3|5|6|7,26.7689,210,1
3,b2,6,1|2|3|5|6|8,33.0744,210,1
3,b2,6,1|2|3|5|6|9,35.8261,210,1
3,b2,6,1|2|3|5|7|8,29.6160,210,1
3,b2,6,1|2|3|5|7|9,28.1548,210,1
3,b2,6,1|2|3|5|8|9,30.9911,210,1
3,b2,6,1|2|3|6|7|8,32.6568,210,1
3,b2,6,1|2|3|6|7|9,33.2193,210,1
3,b2,6,1|2|3|6|8|9,35.7387,210,1
3,b2,6,1|2|3|7|8|9,27.6415,210,1
3,b2,6,1|2|4|5|6|7,30.0207,210,1
3,b2,6,1|2|4|5|6|8,32.6788,210,1
3,b2,6,1|2|4|5|6|9,38.7961,210,1
3,b2,6,1|2|4|5|7|8,33.1293,210,1
3,b2,6,1|2|4|5|7|9,35.9184,210,1
3,b2,6,1|2|4|5|8|9,40.7395,210,1
3,b2,6,1|2|4|6|7|8,35.5213,210,1
3,b2,6,1|2|4|6|7|9,44.1146,210,1
3,b2,6,1|2|4|6|8|9,50.2240,210,1
3,b2,6,1|2|4|7|8|9,42.9100,210,1
3,b2,6,1|2|5|6|7|8,35.4174,210,1
3,b2,6,1|2|5|6|7|9,40.4181,210,1
3,b2,6,1|2|5|6|8|9,41.6612,210,1
3,b2,6,1|2|5|7|8|9,30.5946,210,1
3,b2,6,1|2|6|7|8|9,34.3148,210,1
3,b2,6,1|3|4|5|6|7,27.3271,210,1
3,b2,6,1|3|4|5|6|8,33.1497,210,1
3,b2,6,1|3|4|5|6|9,37.4446,210,1
3,b2,6,1|3|4|5|7|8,34.1176,210,1
3,b2,6,1|3|4|5|7|9,36.4836,210,1
3,b2,6,1|3|4|5|8|9,41.7483,210,1
3,b2,6,1|3|4|6|7|8,34.4919,210,1
3,b2,6,1|3|4|6|7|9,38.2407,210,1
3,b2,6,1|3|4|6|8|9,44.0468,210,1
3,b2,6,1|3|4|7|8|9,38.6477,210,1
3,b2,6,1|3|5|6|7|8,36.6393,210,1
3,b2,6,1|3|5|6|7|9,40.3437,210,1
3,b2,6,1|3|5|6|8|9,40.1929,210,1
3,b2,6,1|3|5|7|8|9,30.4515,210,1
3,b2,6,1|3|6|7|8|9,35.4534,210,1
3,b2,6,1|4|5|6|7|8,27.2279,210,1
3,b2,6,1|4|5|6|7|9,27.2591,210,1
3,b2,6,1|4|5|6|8|9,32.9941,210,1
3,b2,6,1|4|5|7|8|9,26.9129,210,1
3,b2,6,1|4|6|7|8|9,33.5761,210,1
3,b2,6,1|5|6|7|8|9,24.5615,210,1
3,b2,6,2|3|4|5|6|7,19.0210,210,1
3,b2,6,2|3|4|5|6|8,23.5783,210,1
3,b2,6,2|3|4|5|6|9,23.6550,210,1
3,b2,6,2|3|4|5|7|8,23.9088,210,1
3,b2,6,2|3|4|5|7|9,25.7540,210,1
3,b2,6,2|3|4|5|8|9,28.4610,210,1
3,b2,6,2|3|4|6|7|8,25.3448,210,1
3,b2,6,2|3|4|6|7|9,31.2809,210,1
3,b2,6,2|3|4|6|8|9,35.3683,210,1
3,b2,6,2|3|4|7|8|9,31.8313,210,1
3,b2,6,2|3|5|6|7|8,29.7593,210,1
3,b2,6,2|3|5|6|7|9,39.6038,210,1
3,b2,6,2|3|5|6|8|9,38.4057,210,1
3,b2,6,2|3|5|7|8|9,32.6079,210,1
3,b2,6,2|3|6|7|8|9,37.9241,210,1
3,b2,6,2|4|5|6|7|8,24.5819,210,1
3,b2,6,2|4|5|6|7|9,29.1843,210,1
3,b2,6,2|4|5|6|8|9,30.4787,210,1
3,b2,6,2|4|5|7|8|9,26.9870,210,1
3,b2,6,2|4|6|7|8|9,30.0972,210,1
3,b2,6,2|5|6|7|8|9,26.2961,210,1
3,b2,6,3|4|5|6|7|8,27.4796,210,1
3,b2,6,3|4|5|6|7|9,29.2815,210,1
3,b2,6,3|4|5|6|8|9,29.5768,210,1
3,b2,6,3|4|5|7|8|9,26.3546,210,1
3,b2,6,3|4|6|7|8|9,27.8201,210,1
3,b2,6,3|5|6|7|8|9,26.3322,210,1
3,b2,6,4|5|6|7|8|9,22.8706,210,1
3,b3,0,,75.4413,1,1
3,b3,1,0,17.3229,10,1
3,b3,1,1,26.1365,10,1
3,b3,1,2,8.4890,10,1
3,b3,1,3,11.1398,10,1
3,b3,1,4,3.2441,10,1
3,b3,1,5,1.8529,10,1
3,b3,1,6,33.5046,10,1
3,b3,1,7,5.1098,10,1
3,b3,1,8,72.6135,10,1
3,b3,1,9,23.4402,10,1
3,b3,2,0|1,5.8061,45,1
3,b3,2,0|2,11.2519,45,1
3,b3,2,0|3,10.4472,45,1
3,b3,2,0|4,4.6737,45,1
3,b3,2,0|5,2.6114,45,1
3,b3,2,0|6,16.2333,45,1
3,b3,2,0|7,4.2323,45,1
3,b3,2,0|8,17.1584,45,1
3,b3,2,0|9,9.8118,45,1
3,b3,2,1|2,3.9283,45,1
3,b3,2,1|3,6.8772,45,1
3,b3,2,1|4,3.7650,45,1
3,b3,2,1|5,0.5643,45,1
3,b3,2,1|6,17.5269,45,1
3,b3,2,1|7,3.9328,45,1
3,b3,2,1|8,25.3361,45,1
3,b3,2,1|9,11.4217,45,1
3,b3,2,2|3,3.2126,45,1
3,b3,2,2|4,9.1353,45,1
3,b3,2,2|5,0.4214,45,1
3,b3,2,2|6,8.5587,45,1
3,b3,2,2|7,3.9281,45,1
3,b3,2,2|8,8.5425,45,1
3,b3,2,2|9,9.3906,45,1
3,b3,2,3|4,5.7517,45,1
3,b3,2,3|5,0.4224,45,1
3,b3,2,3|6,5.7140,45,1
3,b3,2,3|7,1.9369,45,1
3,b3,2,3|8,9.5908,45,1
3,b3,2,3|9,6.1003,45,1
3,b3,2,4|5,2.3481,45,1
3,b3,2,4|6,1.8145,45,1
3,b3,2,4|7,2.9709,45,1
3,b3,2,4|8,3.8262,45,1
3,b3,2,4|9,0.6709,45,1
3,b3,2,5|6,2.7937,45,1
3,b3,2,5|7,2.1880,45,1
3,b3,2,5|8,1.6537,45,1
3,b3,2,5|9,0.7752,45,1
3,b3,2,6|7,3.1283,45,1
3,b3,2,6|8,33.4614,45,1
3,b3,2,6|9,16.1156,45,1
3,b3,2,7|8,4.5452,45,1
3,b3,2,7|9,10.4229,45,1
3,b3,2,8|9,10.1125,45,1
3,b3,3,0|1|2,4.1964,120,1
3,b3,3,0|1|3,4.2339,120,1
3,b3,3,0|1|4,5.0087,120,1
3,b3,3,0|1|5,2.2221,120,1
3,b3,3,0|1|6,7.9401,120,1
3,b3,3,0|1|7,2.8307,120,1
3,b3,3,0|1|8,5.6413,120,1
3,b3,3,0|1|9,7.1828,120,1
3,b3,3,0|2|3,2.1979,120,1
3,b3,3,0|2|4,9.1712,120,1
3,b3,3,0|2|5,0.4214,120,1
3,b3,3,0|2|6,8.0036,120,1
3,b3,3,0|2|7,1.9045,120,1
3,b3,3,0|2|8,11.5235,120,1
3,b3,3,0|2|9,7.6860,120,1
3,b3,3,0|3|4,5.7459,120,1
3,b3,3,0|3|5,0.4455,120,1
3,b3,3,0|3|6,6.0911,120,1
3,b3,3,0|3|7,1.5347,120,1
3,b3,3,0|3|8,10.1735,120,1
3,b3,3,0|3|9,8.0860,120,1
3,b3,3,0|4|5,2.3265,120,1
3,b3,3,0|4|6,2.3864,120,1
3,b3,3,0|4|7,3.4310,120,1
3,b3,3,0|4|8,4.9596,120,1
3,b3,3,0|4|9,0.9568,120,1
3,b3,3,0|5|6,2.3889,120,1
3,b3,3,0|5|7,2.0520,120,1
3,b3,3,0|5|8,2.6931,120,1
3,b3,3,0|5|9,2.9167,120,1
3,b3,3,0|6|7,2.3429,120,1
3,b3,3,0|6|8,17.2136,120,1
3,b3,3,0|6|9,5.5399,120,1
3,b3,3,0|7|8,4.2715,120,1
3,b3,3,0|7|9,4.9989,120,1
3,b3,3,0|8|9,2.1852,120,1
3,b3,3,1|2|3,2.8335,120,1
3,b3,3,1|2|4,11.2755,120,1
3,b3,3,1|2|5,0.4214,120,1
3,b3,3,1|2|6,2.6191,120,1
3,b3,3,1|2|7,4.1727,120,1
3,b3,3,1|2|8,3.9162,120,1
3,b3,3,1|2|9,5.2161,120,1
3,b3,3,1|3|4,5.7547,120,1
3,b3,3,1|3|5,0.4262,120,1
3,b3,3,1|3|6,5.6287,120,1
3,b3,3,1|3|7,1.6249,120,1
3,b3,3,1|3|8,6.1054,120,1
3,b3,3,1|3|9,6.4855,120,1
3,b3,3,1|4|5,2.0843,120,1
3,b3,3,1|4|6,1.8145,120,1
3,b3,3,1|4|7,5.5228,120,1
3,b3,3,1|4|8,3.8471,120,1
3,b3,3,1|4|9,0.6709,120,1
3,b3,3,1|5|6,0.4978,120,1
3,b3,3,1|5|7,1.8357,120,1
3,b3,3,1|5|8,0.5661,120,1
3,b3,3,1|5|9,0.4922,120,1
3,b3,3,1|6|7,2.0416,120,1
3,b3,3,1|6|8,18.3167,120,1
3,b3,3,1|6|9,7.0402,120,1
3,b3,3,1|7|8,3.8981,120,1
3,b3,3,1|7|9,4.9412,120,1
3,b3,3,1|8|9,1.9318,120,1
3,b3,3,2|3|4,2.5135,120,1
3,b3,3,2|3|5,0.4214,120,1
3,b3,3,2|3|6,1.5867,120,1
3,b3,3,2|3|7,2.1091,120,1
3,b3,3,2|3|8,3.2296,120,1
3,b3,3,2|3|9,4.7855,120,1
3,b3,3,2|4|5,1.0990,120,1
3,b3,3,2|4|6,6.2469,120,1
3,b3,3,2|4|7,2.9921,120,1
3,b3,3,2|4|8,10.3857,120,1
3,b3,3,2|4|9,2.1172,120,1
3,b3,3,2|5|6,0.4214,120,1
3,b3,3,2|5|7,3.2782,120,1
3,b3,3,2|5|8,0.4214,120,1
3,b3,3,2|5|9,0.4214,120,1
3,b3,3,2|6|7,3.1940,120,1
3,b3,3,2|6|8,8.4242,120,1
3,b3,3,2|6|9,8.3926,120,1
3,b3,3,2|7|8,3.2096,120,1
3,b3,3,2|7|9,4.2951,120,1
3,b3,3,2|8|9,4.0401,120,1
3,b3,3,3|4|5,0.4224,120,1
3,b3,3,3|4|6,4.6416,120,1
3,b3,3,3|4|7,2.2645,120,1
3,b3,3,3|4|8,5.6961,120,1
3,b3,3,3|4|9,1.8627,120,1
3,b3,3,3|5|6,0.4218,120,1
3,b3,3,3|5|7,2.3800,120,1
3,b3,3,3|5|8,0.4224,120,1
3,b3,3,3|5|9,0.4223,120,1
3,b3,3,3|6|7,1.5983,120,1
3,b3,3,3|6|8,4.3475,120,1
3,b3,3,3|6|9,5.0898,120,1
3,b3,3,3|7|8,1.9128,120,1
3,b3,3,3|7|9,1.9601,120,1
3,b3,3,3|8|9,2.2091,120,1
3,b3,3,4|5|6,0.9568,120,1
3,b3,3,4|5|7,2.3754,120,1
3,b3,3,4|5|8,2.3399,120,1
3,b3,3,4|5|9,0.7864,120,1
3,b3,3,4|6|7,2.4288,120,1
3,b3,3,4|6|8,2.1004,120,1
3,b3,3,4|6|9,0.6709,120,1
3,b3,3,4|7|8,3.1821,120,1
3,b3,3,4|7|9,3.5117,120,1
3,b3,3,4|8|9,0.6709,120,1
3,b3,3,5|6|7,2.0756,120,1
3,b3,3,5|6|8,2.4784,120,1
3,b3,3,5|6|9,1.1141,120,1
3,b3,3,5|7|8,2.1589,120,1
3,b3,3,5|7|9,2.3296,120,1
3,b3,3,5|8|9,2.8216,120,1
3,b3,3,6|7|8,2.9675,120,1
3,b3,3,6|7|9,6.1691,120,1
3,b3,3,6|8|9,10.2180,120,1
3,b3,3,7|8|9,1.0145,120,1
3,b3,4,0|1|2|3,0.6663,210,1
3,b3,4,0|1|2|4,2.2339,210,1
3,b3,4,0|1|2|5,0.4214,210,1
3,b3,4,0|1|2|6,2.4956,210,1
3,b3,4,0|1|2|7,2.5429,210,1
3,b3,4,0|1|2|8,4.5626,210,1
3,b3,4,0|1|2|9,3.0663,210,1
3,b3,4,0|1|3|4,3.1606,210,1
3,b3,4,0|1|3|5,0.8429,210,1
3,b3,4,0|1|3|6,2.0852,210,1
3,b3,4,0|1|3|7,1.6584,210,1
3,b3,4,0|1|3|8,4.3540,210,1
3,b3,4,0|1|3|9,4.1715,210,1
3,b3,4,0|1|4|5,6.7374,210,1
3,b3,4,0|1|4|6,2.2064,210,1
3,b3,4,0|1|4|7,6.2037,210,1
3,b3,4,0|1|4|8,5.0547,210,1
3,b3,4,0|1|4|9,0.7182,210,1
3,b3,4,0|1|5|6,2.1297,210,1
3,b3,4,0|1|5|7,2.0710,210,1
3,b3,4,0|1|5|8,2.2120,210,1
3,b3,4,0|1|5|9,2.0945,210,1
3,b3,4,0|1|6|7,3.3515,210,1
3,b3,4,0|1|6|8,7.4373,210,1
3,b3,4,0|1|6|9,4.8018,210,1
3,b3,4,0|1|7|8,2.9608,210,1
3,b3,4,0|1|7|9,3.2191,210,1
3,b3,4,0|1|8|9,2.7672,210,1
3,b3,4,0|2|3|4,3.0164,210,1
3,b3,4,0|2|3|5,0.4214,210,1
3,b3,4,0|2|3|6,1.7242,210,1
3,b3,4,0|2|3|7,1.7253,210,1
3,b3,4,0|2|3|8,2.4813,210,1
3,b3,4,0|2|3|9,5.9866,210,1
3,b3,4,0|2|4|5,2.2792,210,1
3,b3,4,0|2|4|6,7.6078,210,1
3,b3,4,0|2|4|7,3.4977,210,1
3,b3,4,0|2|4|8,9.7147,210,1
3,b3,4,0|2|4|9,4.1164,210,1
3,b3,4,0|2|5|6,0.4214,210,1
3,b3,4,0|2|5|7,3.2577,210,1
3,b3,4,0|2|5|8,0.4214,210,1
3,b3,4,0|2|5|9,0.4214,210,1
3,b3,4,0|2|6|7,2.3836,210,1
3,b3,4,0|2|6|8,8.2008,210,1
3,b3,4,0|2|6|9,7.4918,210,1
3,b3,4,0|2|7|8,1.7503,210,1
3,b3,4,0|2|7|9,3.4066,210,1
3,b3,4,0|2|8|9,3.2283,210,1
3,b3,4,0|3|4|5,0.4359,210,1
3,b3,4,0|3|4|6,4.2403,210,1
3,b3,4,0|3|4|7,1.9363,210,1
3,b3,4,0|3|4|8,5.8392,210,1
3,b3,4,0|3|4|9,0.9568,210,1
3,b3,4,0|3|5|6,0.4230,210,1
3,b3,4,0|3|5|7,2.2504,210,1
3,b3,4,0|3|5|8,0.4420,210,1
3,b3,4,0|3|5|9,0.4313,210,1
3,b3,4,0|3|6|7,1.2969,210,1
3,b3,4,0|3|6|8,5.2736,210,1
3,b3,4,0|3|6|9,5.6961,210,1
3,b3,4,0|3|7|8,1.5095,210,1
3,b3,4,0|3|7|9,1.5572,210,1
3,b3,4,0|3|8|9,1.9288,210,1
3,b3,4,0|4|5|6,0.9574,210,1
3,b3,4,0|4|5|7,2.0792,210,1
3,b3,4,0|4|5|8,2.3101,210,1
3,b3,4,0|4|5|9,1.0608,210,1
3,b3,4,0|4|6|7,2.9987,210,1
3,b3,4,0|4|6|8,2.9582,210,1
3,b3,4,0|4|6|9,0.9568,210,1
3,b3,4,0|4|7|8,3.3878,210,1
3,b3,4,0|4|7|9,7.0199,210,1
3,b3,4,0|4|8|9,0.6709,210,1
3,b3,4,0|5|6|7,2.0464,210,1
3,b3,4,0|5|6|8,2.4501,210,1
3,b3,4,0|5|6|9,2.8694,210,1
3,b3,4,0|5|7|8,2.0346,210,1
3,b3,4,0|5|7|9,2.1923,210,1
3,b3,4,0|5|8|9,4.5838,210,1
3,b3,4,0|6|7|8,1.2371,210,1
3,b3,4,0|6|7|9,5.9091,210,1
3,b3,4,0|6|8|9,2.1193,210,1
3,b3,4,0|7|8|9,0.9593,210,1
3,b3,4,1|2|3|4,1.0338,210,1
3,b3,4,1|2|3|5,0.4214,210,1
3,b3,4,1|2|3|6,1.5712,210,1
3,b3,4,1|2|3|7,1.8620,210,1
3,b3,4,1|2|3|8,3.1585,210,1
3,b3,4,1|2|3|9,1.5588,210,1
3,b3,4,1|2|4|5,0.4746,210,1
3,b3,4,1|2|4|6,10.8439,210,1
3,b3,4,1|2|4|7,3.3954,210,1
3,b3,4,1|2|4|8,12.2505,210,1
3,b3,4,1|2|4|9,3.1943,210,1
3,b3,4,1|2|5|6,0.4214,210,1
3,b3,4,1|2|5|7,0.8569,210,1
3,b3,4,1|2|5|8,0.4214,210,1
3,b3,4,1|2|5|9,0.4214,210,1
3,b3,4,1|2|6|7,2.4889,210,1
3,b3,4,1|2|6|8,2.6437,210,1
3,b3,4,1|2|6|9,3.9719,210,1
3,b3,4,1|2|7|8,4.0060,210,1
3,b3,4,1|2|7|9,2.5041,210,1
3,b3,4,1|2|8|9,1.8487,210,1
3,b3,4,1|3|4|5,0.4292,210,1
3,b3,4,1|3|4|6,5.2543,210,1
3,b3,4,1|3|4|7,2.0894,210,1
3,b3,4,1|3|4|8,5.8172,210,1
3,b3,4,1|3|4|9,2.3234,210,1
3,b3,4,1|3|5|6,0.4225,210,1
3,b3,4,1|3|5|7,1.8874,210,1
3,b3,4,1|3|5|8,0.4251,210,1
3,b3,4,1|3|5|9,0.4233,210,1
3,b3,4,1|3|6|7,1.3038,210,1
3,b3,4,1|3|6|8,4.7618,210,1
3,b3,4,1|3|6|9,5.0883,210,1
3,b3,4,1|3|7|8,1.5861,210,1
3,b3,4,1|3|7|9,1.6133,210,1
3,b3,4,1|3|8|9,2.1451,210,1
3,b3,4,1|4|5|6,0.9572,210,1
3,b3,4,1|4|5|7,1.7584,210,1
3,b3,4,1|4|5|8,2.0720,210,1
3,b3,4,1|4|5|9,2.5690,210,1
3,b3,4,1|4|6|7,2.9411,210,1
3,b3,4,1|4|6|8,2.4389,210,1
3,b3,4,1|4|6|9,0.6709,210,1
3,b3,4,1|4|7|8,4.9451,210,1
3,b3,4,1|4|7|9,4.8824,210,1
3,b3,4,1|4|8|9,0.6709,210,1
3,b3,4,1|5|6|7,1.7527,210,1
3,b3,4,1|5|6|8,0.4968,210,1
3,b3,4,1|5|6|9,0.4776,210,1
3,b3,4,1|5|7|8,1.8368,210,1
3,b3,4,1|5|7|9,1.8915,210,1
3,b3,4,1|5|8|9,0.8557,210,1
3,b3,4,1|6|7|8,1.0500,210,1
3,b3,4,1|6|7|9,6.4091,210,1
3,b3,4,1|6|8|9,2.0901,210,1
3,b3,4,1|7|8|9,0.8526,210,1
3,b3,4,2|3|4|5,0.4214,210,1
3,b3,4,2|3|4|6,3.1767,210,1
3,b3,4,2|3|4|7,3.3468,210,1
3,b3,4,2|3|4|8,2.1965,210,1
3,b3,4,2|3|4|9,3.1780,210,1
3,b3,4,2|3|5|6,0.4214,210,1
3,b3,4,2|3|5|7,3.3184,210,1
3,b3,4,2|3|5|8,0.4214,210,1
3,b3,4,2|3|5|9,0.4214,210,1
3,b3,4,2|3|6|7,1.8444,210,1
3,b3,4,2|3|6|8,1.6295,210,1
3,b3,4,2|3|6|9,3.5846,210,1
3,b3,4,2|3|7|8,2.0938,210,1
3,b3,4,2|3|7|9,2.1530,210,1
3,b3,4,2|3|8|9,2.4626,210,1
3,b3,4,2|4|5|6,2.9017,210,1
3,b3,4,2|4|5|7,2.1034,210,1
3,b3,4,2|4|5|8,1.0413,210,1
3,b3,4,2|4|5|9,0.7543,210,1
3,b3,4,2|4|6|7,3.2875,210,1
3,b3,4,2|4|6|8,6.5911,210,1
3,b3,4,2|4|6|9,1.5318,210,1
3,b3,4,2|4|7|8,2.8377,210,1
3,b3,4,2|4|7|9,2.9375,210,1
3,b3,4,2|4|8|9,0.6713,210,1
3,b3,4,2|5|6|7,2.3316,210,1
3,b3,4,2|5|6|8,0.4214,210,1
3,b3,4,2|5|6|9,0.4214,210,1
3,b3,4,2|5|7|8,2.8348,210,1
3,b3,4,2|5|7|9,2.3985,210,1
3,b3,4,2|5|8|9,0.4214,210,1
3,b3,4,2|6|7|8,3.2036,210,1
3,b3,4,2|6|7|9,2.4343,210,1
3,b3,4,2|6|8|9,3.5832,210,1
3,b3,4,2|7|8|9,1.1712,210,1
3,b3,4,3|4|5|6,3.9073,210,1
3,b3,4,3|4|5|7,2.2727,210,1
3,b3,4,3|4|5|8,0.4224,210,1
3,b3,4,3|4|5|9,0.4219,210,1
3,b3,4,3|4|6|7,3.3912,210,1
3,b3,4,3|4|6|8,4.8285,210,1
3,b3,4,3|4|6|9,1.2995,210,1
3,b3,4,3|4|7|8,2.1778,210,1
3,b3,4,3|4|7|9,4.2238,210,1
3,b3,4,3|4|8|9,0.6711,210,1
3,b3,4,3|5|6|7,2.1503,210,1
3,b3,4,3|5|6|8,0.4218,210,1
3,b3,4,3|5|6|9,0.4216,210,1
3,b3,4,3|5|7|8,2.3489,210,1
3,b3,4,3|5|7|9,2.5475,210,1
3,b3,4,3|5|8|9,3.0374,210,1
3,b3,4,3|6|7|8,1.3680,210,1
3,b3,4,3|6|7|9,2.2322,210,1
3,b3,4,3|6|8|9,2.1600,210,1
3,b3,4,3|7|8|9,0.7479,210,1
3,b3,4,4|5|6|7,2.6165,210,1
3,b3,4,4|5|6|8,0.9568,210,1
3,b3,4,4|5|6|9,0.6709,210,1
3,b3,4,4|5|7|8,2.1957,210,1
3,b3,4,4|5|7|9,2.1056,210,1
3,b3,4,4|5|8|9,0.6709,210,1
3,b3,4,4|6|7|8,2.1353,210,1
3,b3,4,4|6|7|9,1.4089,210,1
3,b3,4,4|6|8|9,0.6709,210,1
3,b3,4,4|7|8|9,0.6709,210,1
3,b3,4,5|6|7|8,2.0542,210,1
3,b3,4,5|6|7|9,2.0770,210,1
3,b3,4,5|6|8|9,1.9964,210,1
3,b3,4,5|7|8|9,0.6952,210,1
3,b3,4,6|7|8|9,0.7551,210,1
3,b3,5,0|1|2|3|4,1.0303,252,1
3,b3,5,0|1|2|3|5,0.4214,252,1
3,b3,5,0|1|2|3|6,0.4244,252,1
3,b3,5,0|1|2|3|7,0.7153,252,1
3,b3,5,0|1|2|3|8,0.8545,252,1
3,b3,5,0|1|2|3|9,1.0087,252,1
3,b3,5,0|1|2|4|5,0.4214,252,1
3,b3,5,0|1|2|4|6,1.0657,252,1
3,b3,5,0|1|2|4|7,2.0810,252,1
3,b3,5,0|1|2|4|8,2.6565,252,1
3,b3,5,0|1|2|4|9,0.9042,252,1
3,b3,5,0|1|2|5|6,0.4214,252,1
3,b3,5,0|1|2|5|7,0.8134,252,1
3,b3,5,0|1|2|5|8,0.4214,252,1
3,b3,5,0|1|2|5|9,0.4214,252,1
3,b3,5,0|1|2|6|7,2.0518,252,1
3,b3,5,0|1|2|6|8,2.5570,252,1
3,b3,5,0|1|2|6|9,3.2409,252,1
3,b3,5,0|1|2|7|8,2.4585,252,1
3,b3,5,0|1|2|7|9,2.9023,252,1
3,b3,5,0|1|2|8|9,3.1031,252,1
3,b3,5,0|1|3|4|5,1.1714,252,1
3,b3,5,0|1|3|4|6,2.1842,252,1
3,b3,5,0|1|3|4|7,2.0795,252,1
3,b3,5,0|1|3|4|8,3.2431,252,1
3,b3,5,0|1|3|4|9,1.9671,252,1
3,b3,5,0|1|3|5|6,0.6902,252,1
3,b3,5,0|1|3|5|7,2.1093,252,1
3,b3,5,0|1|3|5|8,0.8331,252,1
3,b3,5,0|1|3|5|9,0.8318,252,1
3,b3,5,0|1|3|6|7,1.4813,252,1
3,b3,5,0|1|3|6|8,1.7956,252,1
3,b3,5,0|1|3|6|9,1.9264,252,1
3,b3,5,0|1|3|7|8,1.6171,252,1
3,b3,5,0|1|3|7|9,1.6053,252,1
3,b3,5,0|1|3|8|9,1.9487,252,1
3,b3,5,0|1|4|5|6,0.8787,252,1
3,b3,5,0|1|4|5|7,3.2207,252,1
3,b3,5,0|1|4|5|8,6.7718,252,1
3,b3,5,0|1|4|5|9,6.4118,252,1
3,b3,5,0|1|4|6|7,7.7871,252,1
3,b3,5,0|1|4|6|8,2.5567,252,1
3,b3,5,0|1|4|6|9,0.7178,252,1
3,b3,5,0|1|4|7|8,6.1931,252,1
3,b3,5,0|1|4|7|9,8.5874,252,1
3,b3,5,0|1|4|8|9,0.6709,252,1
3,b3,5,0|1|5|6|7,1.7532,252,1
3,b3,5,0|1|5|6|8,2.1913,252,1
3,b3,5,0|1|5|6|9,2.1682,252,1
3,b3,5,0|1|5|7|8,1.7986,252,1
3,b3,5,0|1|5|7|9,1.8505,252,1
3,b3,5,0|1|5|8|9,2.1728,252,1
3,b3,5,0|1|6|7|8,2.6768,252,1
3,b3,5,0|1|6|7|9,5.0515,252,1
3,b3,5,0|1|6|8|9,2.9958,252,1
3,b3,5,0|1|7|8|9,0.7543,252,1
3,b3,5,0|2|3|4|5,0.4214,252,1
3,b3,5,0|2|3|4|6,3.4025,252,1
3,b3,5,0|2|3|4|7,2.2471,252,1
3,b3,5,0|2|3|4|8,2.8211,252,1
3,b3,5,0|2|3|4|9,3.2875,252,1
3,b3,5,0|2|3|5|6,0.4214,252,1
3,b3,5,0|2|3|5|7,3.1979,252,1
3,b3,5,0|2|3|5|8,0.4214,252,1
3,b3,5,0|2|3|5|9,0.4214,252,1
3,b3,5,0|2|3|6|7,1.5307,252,1
3,b3,5,0|2|3|6|8,1.7043,252,1
3,b3,5,0|2|3|6|9,4.0760,252,1
3,b3,5,0|2|3|7|8,1.7005,252,1
3,b3,5,0|2|3|7|9,1.7431,252,1
3,b3,5,0|2|3|8|9,2.0590,252,1
3,b3,5,0|2|4|5|6,1.8925,252,1
3,b3,5,0|2|4|5|7,2.0930,252,1
3,b3,5,0|2|4|5|8,2.2631,252,1
3,b3,5,0|2|4|5|9,0.4850,252,1
3,b3,5,0|2|4|6|7,4.1980,252,1
3,b3,5,0|2|4|6|8,7.8813,252,1
3,b3,5,0|2|4|6|9,1.2461,252,1
3,b3,5,0|2|4|7|8,3.2834,252,1
3,b3,5,0|2|4|7|9,3.7120,252,1
3,b3,5,0|2|4|8|9,0.6727,252,1
3,b3,5,0|2|5|6|7,2.2636,252,1
3,b3,5,0|2|5|6|8,0.4214,252,1
3,b3,5,0|2|5|6|9,0.4214,252,1
3,b3,5,0|2|5|7|8,3.0880,252,1
3,b3,5,0|2|5|7|9,2.5820,252,1
3,b3,5,0|2|5|8|9,0.4218,252,1
3,b3,5,0|2|6|7|8,2.4573,252,1
3,b3,5,0|2|6|7|9,1.9477,252,1
3,b3,5,0|2|6|8|9,2.9940,252,1
3,b3,5,0|2|7|8|9,1.0450,252,1
3,b3,5,0|3|4|5|6,2.8859,252,1
3,b3,5,0|3|4|5|7,2.1869,252,1
3,b3,5,0|3|4|5|8,0.4328,252,1
3,b3,5,0|3|4|5|9,0.4351,252,1
3,b3,5,0|3|4|6|7,3.0777,252,1
3,b3,5,0|3|4|6|8,4.8243,252,1
3,b3,5,0|3|4|6|9,0.9568,252,1
3,b3,5,0|3|4|7|8,1.9417,252,1
3,b3,5,0|3|4|7|9,4.6490,252,1
3,b3,5,0|3|4|8|9,0.6709,252,1
3,b3,5,0|3|5|6|7,2.0850,252,1
3,b3,5,0|3|5|6|8,0.4229,252,1
3,b3,5,0|3|5|6|9,0.4236,252,1
3,b3,5,0|3|5|7|8,2.2177,252,1
3,b3,5,0|3|5|7|9,2.3333,252,1
3,b3,5,0|3|5|8|9,2.7416,252,1
3,b3,5,0|3|6|7|8,0.9138,252,1
3,b3,5,0|3|6|7|9,1.6205,252,1
3,b3,5,0|3|6|8|9,1.8184,252,1
3,b3,5,0|3|7|8|9,0.7256,252,1
3,b3,5,0|4|5|6|7,2.1612,252,1
3,b3,5,0|4|5|6|8,0.9576,252,1
3,b3,5,0|4|5|6|9,0.6709,252,1
3,b3,5,0|4|5|7|8,2.0749,252,1
3,b3,5,0|4|5|7|9,2.1123,252,1
3,b3,5,0|4|5|8|9,0.6717,252,1
3,b3,5,0|4|6|7|8,3.2524,252,1
3,b3,5,0|4|6|7|9,3.0440,252,1
3,b3,5,0|4|6|8|9,0.6709,252,1
3,b3,5,0|4|7|8|9,0.6709,252,1
3,b3,5,0|5|6|7|8,2.0325,252,1
3,b3,5,0|5|6|7|9,2.0436,252,1
3,b3,5,0|5|6|8|9,2.9620,252,1
3,b3,5,0|5|7|8|9,0.6076,252,1
3,b3,5,0|6|7|8|9,0.7511,252,1
3,b3,5,1|2|3|4|5,0.4214,252,1
3,b3,5,1|2|3|4|6,0.9120,252,1
3,b3,5,1|2|3|4|7,3.4661,252,1
3,b3,5,1|2|3|4|8,0.9700,252,1
3,b3,5,1|2|3|4|9,3.1017,252,1
3,b3,5,1|2|3|5|6,0.4214,252,1
3,b3,5,1|2|3|5|7,0.7792,252,1
3,b3,5,1|2|3|5|8,0.4214,252,1
3,b3,5,1|2|3|5|9,0.4214,252,1
3,b3,5,1|2|3|6|7,2.1310,252,1
3,b3,5,1|2|3|6|8,1.6422,252,1
3,b3,5,1|2|3|6|9,1.4786,252,1
3,b3,5,1|2|3|7|8,1.7918,252,1
3,b3,5,1|2|3|7|9,4.3535,252,1
3,b3,5,1|2|3|8|9,2.8577,252,1
3,b3,5,1|2|4|5|6,2.1645,252,1
3,b3,5,1|2|4|5|7,2.6000,252,1
3,b3,5,1|2|4|5|8,0.4916,252,1
3,b3,5,1|2|4|5|9,0.9944,252,1
3,b3,5,1|2|4|6|7,2.6303,252,1
3,b3,5,1|2|4|6|8,10.4261,252,1
3,b3,5,1|2|4|6|9,1.8919,252,1
3,b3,5,1|2|4|7|8,3.2255,252,1
3,b3,5,1|2|4|7|9,3.7989,252,1
3,b3,5,1|2|4|8|9,0.8437,252,1
3,b3,5,1|2|5|6|7,2.8667,252,1
3,b3,5,1|2|5|6|8,0.4214,252,1
3,b3,5,1|2|5|6|9,0.4214,252,1
3,b3,5,1|2|5|7|8,0.7773,252,1
3,b3,5,1|2|5|7|9,0.7137,252,1
3,b3,5,1|2|5|8|9,0.4214,252,1
3,b3,5,1|2|6|7|8,2.3437,252,1
3,b3,5,1|2|6|7|9,2.1739,252,1
3,b3,5,1|2|6|8|9,1.6800,252,1
3,b3,5,1|2|7|8|9,0.9214,252,1
3,b3,5,1|3|4|5|6,5.1402,252,1
3,b3,5,1|3|4|5|7,1.8556,252,1
3,b3,5,1|3|4|5|8,0.4278,252,1
3,b3,5,1|3|4|5|9,0.4245,252,1
3,b3,5,1|3|4|6|7,1.9468,252,1
3,b3,5,1|3|4|6|8,5.2649,252,1
3,b3,5,1|3|4|6|9,0.9522,252,1
3,b3,5,1|3|4|7|8,2.0858,252,1
3,b3,5,1|3|4|7|9,2.7781,252,1
3,b3,5,1|3|4|8|9,0.6709,252,1
3,b3,5,1|3|5|6|7,1.7532,252,1
3,b3,5,1|3|5|6|8,0.4224,252,1
3,b3,5,1|3|5|6|9,0.4223,252,1
3,b3,5,1|3|5|7|8,1.8637,252,1
3,b3,5,1|3|5|7|9,2.0173,252,1
3,b3,5,1|3|5|8|9,1.6207,252,1
3,b3,5,1|3|6|7|8,1.0171,252,1
3,b3,5,1|3|6|7|9,1.3049,252,1
3,b3,5,1|3|6|8|9,2.0990,252,1
3,b3,5,1|3|7|8|9,0.6750,252,1
3,b3,5,1|4|5|6|7,2.0493,252,1
3,b3,5,1|4|5|6|8,1.2481,252,1
3,b3,5,1|4|5|6|9,0.6709,252,1
3,b3,5,1|4|5|7|8,1.7537,252,1
3,b3,5,1|4|5|7|9,1.8172,252,1
3,b3,5,1|4|5|8|9,0.6781,252,1
3,b3,5,1|4|6|7|8,2.9840,252,1
3,b3,5,1|4|6|7|9,2.3995,252,1
3,b3,5,1|4|6|8|9,0.6709,252,1
3,b3,5,1|4|7|8|9,0.6709,252,1
3,b3,5,1|5|6|7|8,1.7532,252,1
3,b3,5,1|5|6|7|9,1.7527,252,1
3,b3,5,1|5|6|8|9,1.3787,252,1
3,b3,5,1|5|7|8|9,1.1880,252,1
3,b3,5,1|6|7|8|9,0.6750,252,1
3,b3,5,2|3|4|5|6,0.4214,252,1
3,b3,5,2|3|4|5|7,1.0468,252,1
3,b3,5,2|3|4|5|8,0.4214,252,1
3,b3,5,2|3|4|5|9,0.4214,252,1
3,b3,5,2|3|4|6|7,2.0211,252,1
3,b3,5,2|3|4|6|8,2.7803,252,1
3,b3,5,2|3|4|6|9,2.6038,252,1
3,b3,5,2|3|4|7|8,4.4888,252,1
3,b3,5,2|3|4|7|9,7.5035,252,1
3,b3,5,2|3|4|8|9,2.2078,252,1
3,b3,5,2|3|5|6|7,2.6594,252,1
3,b3,5,2|3|5|6|8,0.4214,252,1
3,b3,5,2|3|5|6|9,0.4214,252,1
3,b3,5,2|3|5|7|8,2.0282,252,1
3,b3,5,2|3|5|7|9,1.3848,252,1
3,b3,5,2|3|5|8|9,0.4214,252,1
3,b3,5,2|3|6|7|8,1.5728,252,1
3,b3,5,2|3|6|7|9,1.8838,252,1
3,b3,5,2|3|6|8|9,2.2502,252,1
3,b3,5,2|3|7|8|9,1.7759,252,1
3,b3,5,2|4|5|6|7,4.0380,252,1
3,b3,5,2|4|5|6|8,3.7737,252,1
3,b3,5,2|4|5|6|9,1.0464,252,1
3,b3,5,2|4|5|7|8,2.1034,252,1
3,b3,5,2|4|5|7|9,2.2027,252,1
3,b3,5,2|4|5|8|9,1.1144,252,1
3,b3,5,2|4|6|7|8,4.3244,252,1
3,b3,5,2|4|6|7|9,4.3561,252,1
3,b3,5,2|4|6|8|9,0.6709,252,1
3,b3,5,2|4|7|8|9,0.6711,252,1
3,b3,5,2|5|6|7|8,1.9779,252,1
3,b3,5,2|5|6|7|9,2.8715,252,1
3,b3,5,2|5|6|8|9,0.4214,252,1
3,b3,5,2|5|7|8|9,3.2970,252,1
3,b3,5,2|6|7|8|9,0.8291,252,1
3,b3,5,3|4|5|6|7,2.1454,252,1
3,b3,5,3|4|5|6|8,4.2044,252,1
3,b3,5,3|4|5|6|9,1.3002,252,1
3,b3,5,3|4|5|7|8,2.2677,252,1
3,b3,5,3|4|5|7|9,2.3867,252,1
3,b3,5,3|4|5|8|9,1.3309,252,1
3,b3,5,3|4|6|7|8,3.3310,252,1
3,b3,5,3|4|6|7|9,3.6167,252,1
3,b3,5,3|4|6|8|9,0.6709,252,1
3,b3,5,3|4|7|8|9,0.6709,252,1
3,b3,5,3|5|6|7|8,2.1649,252,1
3,b3,5,3|5|6|7|9,2.1004,252,1
3,b3,5,3|5|6|8|9,1.8903,252,1
3,b3,5,3|5|7|8|9,1.0918,252,1
3,b3,5,3|6|7|8|9,0.6709,252,1
3,b3,5,4|5|6|7|8,4.0079,252,1
3,b3,5,4|5|6|7|9,2.4596,252,1
3,b3,5,4|5|6|8|9,0.6709,252,1
3,b3,5,4|5|7|8|9,0.6713,252,1
3,b3,5,4|6|7|8|9,0.6709,252,1
3,b3,5,5|6|7|8|9,0.8354,252,1
3,b3,6,0|1|2|3|4|5,0.4218,210,1
3,b3,6,0|1|2|3|4|6,0.9929,210,1
3,b3,6,0|1|2|3|4|7,0.8212,210,1
3,b3,6,0|1|2|3|4|8,1.0357,210,1
3,b3,6,0|1|2|3|4|9,0.9227,210,1
3,b3,6,0|1|2|3|5|6,0.4214,210,1
3,b3,6,0|1|2|3|5|7,0.7142,210,1
3,b3,6,0|1|2|3|5|8,0.4214,210,1
3,b3,6,0|1|2|3|5|9,0.4214,210,1
3,b3,6,0|1|2|3|6|7,0.6387,210,1
3,b3,6,0|1|2|3|6|8,0.4304,210,1
3,b3,6,0|1|2|3|6|9,0.4219,210,1
3,b3,6,0|1|2|3|7|8,0.6438,210,1
3,b3,6,0|1|2|3|7|9,0.8938,210,1
3,b3,6,0|1|2|3|8|9,1.1485,210,1
3,b3,6,0|1|2|4|5|6,1.4547,210,1
3,b3,6,0|1|2|4|5|7,2.6582,210,1
3,b3,6,0|1|2|4|5|8,0.4214,210,1
3,b3,6,0|1|2|4|5|9,0.4596,210,1
3,b3,6,0|1|2|4|6|7,1.9965,210,1
3,b3,6,0|1|2|4|6|8,1.4291,210,1
3,b3,6,0|1|2|4|6|9,0.7836,210,1
3,b3,6,0|1|2|4|7|8,2.0656,210,1
3,b3,6,0|1|2|4|7|9,2.0436,210,1
3,b3,6,0|1|2|4|8|9,0.6910,210,1
3,b3,6,0|1|2|5|6|7,3.1338,210,1
3,b3,6,0|1|2|5|6|8,0.4214,210,1
3,b3,6,0|1|2|5|6|9,0.4214,210,1
3,b3,6,0|1|2|5|7|8,0.6998,210,1
3,b3,6,0|1|2|5|7|9,0.6956,210,1
3,b3,6,0|1|2|5|8|9,0.4098,210,1
3,b3,6,0|1|2|6|7|8,1.8837,210,1
3,b3,6,0|1|2|6|7|9,2.0325,210,1
3,b3,6,0|1|2|6|8|9,2.2727,210,1
3,b3,6,0|1|2|7|8|9,0.4718,210,1
3,b3,6,0|1|3|4|5|6,3.4459,210,1
3,b3,6,0|1|3|4|5|7,2.1258,210,1
3,b3,6,0|1|3|4|5|8,1.1820,210,1
3,b3,6,0|1|3|4|5|9,1.0314,210,1
3,b3,6,0|1|3|4|6|7,1.7315,210,1
3,b3,6,0|1|3|4|6|8,2.0655,210,1
3,b3,6,0|1|3|4|6|9,1.9583,210,1
3,b3,6,0|1|3|4|7|8,2.0305,210,1
3,b3,6,0|1|3|4|7|9,1.7759,210,1
3,b3,6,0|1|3|4|8|9,1.8155,210,1
3,b3,6,0|1|3|5|6|7,1.7589,210,1
3,b3,6,0|1|3|5|6|8,0.7059,210,1
3,b3,6,0|1|3|5|6|9,0.7122,210,1
3,b3,6,0|1|3|5|7|8,2.0916,210,1
3,b3,6,0|1|3|5|7|9,2.2035,210,1
3,b3,6,0|1|3|5|8|9,1.4049,210,1
3,b3,6,0|1|3|6|7|8,1.3050,210,1
3,b3,6,0|1|3|6|7|9,1.4435,210,1
3,b3,6,0|1|3|6|8|9,1.9706,210,1
3,b3,6,0|1|3|7|8|9,0.9185,210,1
3,b3,6,0|1|4|5|6|7,2.9795,210,1
3,b3,6,0|1|4|5|6|8,1.2367,210,1
3,b3,6,0|1|4|5|6|9,0.6719,210,1
3,b3,6,0|1|4|5|7|8,2.6397,210,1
3,b3,6,0|1|4|5|7|9,2.4585,210,1
3,b3,6,0|1|4|5|8|9,1.0160,210,1
3,b3,6,0|1|4|6|7|8,7.4750,210,1
3,b3,6,0|1|4|6|7|9,7.6212,210,1
3,b3,6,0|1|4|6|8|9,0.6709,210,1
3,b3,6,0|1|4|7|8|9,0.6709,210,1
3,b3,6,0|1|5|6|7|8,1.7532,210,1
3,b3,6,0|1|5|6|7|9,1.7527,210,1
3,b3,6,0|1|5|6|8|9,2.0863,210,1
3,b3,6,0|1|5|7|8|9,1.8157,210,1
3,b3,6,0|1|6|7|8|9,0.6709,210,1
3,b3,6,0|2|3|4|5|6,0.4214,210,1
3,b3,6,0|2|3|4|5|7,1.1013,210,1
3,b3,6,0|2|3|4|5|8,0.4214,210,1
3,b3,6,0|2|3|4|5|9,0.4214,210,1
3,b3,6,0|2|3|4|6|7,2.0528,210,1
3,b3,6,0|2|3|4|6|8,3.2171,210,1
3,b3,6,0|2|3|4|6|9,2.9198,210,1
3,b3,6,0|2|3|4|7|8,3.3968,210,1
3,b3,6,0|2|3|4|7|9,6.6678,210,1
3,b3,6,0|2|3|4|8|9,1.6339,210,1
3,b3,6,0|2|3|5|6|7,2.6582,210,1
3,b3,6,0|2|3|5|6|8,0.4214,210,1
3,b3,6,0|2|3|5|6|9,0.4214,210,1
3,b3,6,0|2|3|5|7|8,2.9524,210,1
3,b3,6,0|2|3|5|7|9,1.5120,210,1
3,b3,6,0|2|3|5|8|9,0.4214,210,1
3,b3,6,0|2|3|6|7|8,1.3026,210,1
3,b3,6,0|2|3|6|7|9,1.5751,210,1
3,b3,6,0|2|3|6|8|9,1.8805,210,1
3,b3,6,0|2|3|7|8|9,1.6940,210,1
3,b3,6,0|2|4|5|6|7,2.0835,210,1
3,b3,6,0|2|4|5|6|8,2.2771,210,1
3,b3,6,0|2|4|5|6|9,1.0150,210,1
3,b3,6,0|2|4|5|7|8,2.1004,210,1
3,b3,6,0|2|4|5|7|9,2.2051,210,1
3,b3,6,0|2|4|5|8|9,0.9383,210,1
3,b3,6,0|2|4|6|7|8,5.0855,210,1
3,b3,6,0|2|4|6|7|9,6.0223,210,1
3,b3,6,0|2|4|6|8|9,0.6713,210,1
3,b3,6,0|2|4|7|8|9,0.6711,210,1
3,b3,6,0|2|5|6|7|8,1.8993,210,1
3,b3,6,0|2|5|6|7|9,2.5701,210,1
3,b3,6,0|2|5|6|8|9,0.4233,210,1
3,b3,6,0|2|5|7|8|9,2.9019,210,1
3,b3,6,0|2|6|7|8|9,0.8054,210,1
3,b3,6,0|3|4|5|6|7,2.1108,210,1
3,b3,6,0|3|4|5|6|8,2.5278,210,1
3,b3,6,0|3|4|5|6|9,1.2676,210,1
3,b3,6,0|3|4|5|7|8,2.1901,210,1
3,b3,6,0|3|4|5|7|9,2.2885,210,1
3,b3,6,0|3|4|5|8|9,1.1057,210,1
3,b3,6,0|3|4|6|7|8,3.1070,210,1
3,b3,6,0|3|4|6|7|9,3.1722,210,1
3,b3,6,0|3|4|6|8|9,0.6709,210,1
3,b3,6,0|3|4|7|8|9,0.6709,210,1
3,b3,6,0|3|5|6|7|8,2.0916,210,1
3,b3,6,0|3|5|6|7|9,2.0242,210,1
3,b3,6,0|3|5|6|8|9,1.8064,210,1
3,b3,6,0|3|5|7|8|9,1.1225,210,1
3,b3,6,0|3|6|7|8|9,0.6709,210,1
3,b3,6,0|4|5|6|7|8,2.3685,210,1
3,b3,6,0|4|5|6|7|9,2.4079,210,1
3,b3,6,0|4|5|6|8|9,0.6709,210,1
3,b3,6,0|4|5|7|8|9,0.6723,210,1
3,b3,6,0|4|6|7|8|9,0.6709,210,1
3,b3,6,0|5|6|7|8|9,0.8201,210,1
3,b3,6,1|2|3|4|5|6,0.4214,210,1
3,b3,6,1|2|3|4|5|7,0.4214,210,1
3,b3,6,1|2|3|4|5|8,0.4214,210,1
3,b3,6,1|2|3|4|5|9,0.4214,210,1
3,b3,6,1|2|3|4|6|7,3.2999,210,1
3,b3,6,1|2|3|4|6|8,0.8368,210,1
3,b3,6,1|2|3|4|6|9,2.8171,210,1
3,b3,6,1|2|3|4|7|8,4.2426,210,1
3,b3,6,1|2|3|4|7|9,4.9411,210,1
3,b3,6,1|2|3|4|8|9,2.2222,210,1
3,b3,6,1|2|3|5|6|7,3.0847,210,1
3,b3,6,1|2|3|5|6|8,0.4214,210,1
3,b3,6,1|2|3|5|6|9,0.4214,210,1
3,b3,6,1|2|3|5|7|8,0.6452,210,1
3,b3,6,1|2|3|5|7|9,0.5770,210,1
3,b3,6,1|2|3|5|8|9,0.4214,210,1
3,b3,6,1|2|3|6|7|8,1.5141,210,1
3,b3,6,1|2|3|6|7|9,4.2822,210,1
3,b3,6,1|2|3|6|8|9,2.0350,210,1
3,b3,6,1|2|3|7|8|9,1.2913,210,1
3,b3,6,1|2|4|5|6|7,4.8213,210,1
3,b3,6,1|2|4|5|6|8,2.5620,210,1
3,b3,6,1|2|4|5|6|9,1.1030,210,1
3,b3,6,1|2|4|5|7|8,2.6022,210,1
3,b3,6,1|2|4|5|7|9,2.6729,210,1
3,b3,6,1|2|4|5|8|9,1.1412,210,1
3,b3,6,1|2|4|6|7|8,2.3136,210,1
3,b3,6,1|2|4|6|7|9,2.1738,210,1
3,b3,6,1|2|4|6|8|9,0.8009,210,1
3,b3,6,1|2|4|7|8|9,0.6754,210,1
3,b3,6,1|2|5|6|7|8,2.6410,210,1
3,b3,6,1|2|5|6|7|9,2.7301,210,1
3,b3,6,1|2|5|6|8|9,0.4220,210,1
3,b3,6,1|2|5|7|8|9,1.0866,210,1
3,b3,6,1|2|6|7|8|9,0.9492,210,1
3,b3,6,1|3|4|5|6|7,1.7527,210,1
3,b3,6,1|3|4|5|6|8,4.8825,210,1
3,b3,6,1|3|4|5|6|9,1.6055,210,1
3,b3,6,1|3|4|5|7|8,1.8267,210,1
3,b3,6,1|3|4|5|7|9,1.9825,210,1
3,b3,6,1|3|4|5|8|9,1.4887,210,1
3,b3,6,1|3|4|6|7|8,1.7455,210,1
3,b3,6,1|3|4|6|7|9,3.3402,210,1
3,b3,6,1|3|4|6|8|9,0.6709,210,1
3,b3,6,1|3|4|7|8|9,0.6709,210,1
3,b3,6,1|3|5|6|7|8,1.7537,210,1
3,b3,6,1|3|5|6|7|9,1.7527,210,1
3,b3,6,1|3|5|6|8|9,1.8412,210,1
3,b3,6,1|3|5|7|8|9,1.8397,210,1
3,b3,6,1|3|6|7|8|9,0.6709,210,1
3,b3,6,1|4|5|6|7|8,3.4701,210,1
3,b3,6,1|4|5|6|7|9,2.1063,210,1
3,b3,6,1|4|5|6|8|9,0.6709,210,1
3,b3,6,1|4|5|7|8|9,0.6717,210,1
3,b3,6,1|4|6|7|8|9,0.6709,210,1
3,b3,6,1|5|6|7|8|9,0.7072,210,1
3,b3,6,2|3|4|5|6|7,1.2852,210,1
3,b3,6,2|3|4|5|6|8,0.4214,210,1
3,b3,6,2|3|4|5|6|9,0.4214,210,1
3,b3,6,2|3|4|5|7|8,0.8020,210,1
3,b3,6,2|3|4|5|7|9,0.5235,210,1
3,b3,6,2|3|4|5|8|9,0.4214,210,1
3,b3,6,2|3|4|6|7|8,2.0222,210,1
3,b3,6,2|3|4|6|7|9,2.4030,210,1
3,b3,6,2|3|4|6|8|9,2.2480,210,1
3,b3,6,2|3|4|7|8|9,0.7725,210,1
3,b3,6,2|3|5|6|7|8,2.0857,210,1
3,b3,6,2|3|5|6|7|9,2.8690,210,1
3,b3,6,2|3|5|6|8|9,0.4218,210,1
3,b3,6,2|3|5|7|8|9,2.1796,210,1
3,b3,6,2|3|6|7|8|9,0.7424,210,1
3,b3,6,2|4|5|6|7|8,5.5844,210,1
3,b3,6,2|4|5|6|7|9,4.4747,210,1
3,b3,6,2|4|5|6|8|9,0.6739,210,1
3,b3,6,2|4|5|7|8|9,0.7176,210,1
3,b3,6,2|4|6|7|8|9,0.6709,210,1
3,b3,6,2|5|6|7|8|9,1.0717,210,1
3,b3,6,3|4|5|6|7|8,2.2019,210,1
3,b3,6,3|4|5|6|7|9,2.1243,210,1
3,b3,6,3|4|5|6|8|9,0.8425,210,1
3,b3,6,3|4|5|7|8|9,1.0563,210,1
3,b3,6,3|4|6|7|8|9,0.6709,210,1
3,b3,6,3|5|6|7|8|9,0.6709,210,1
3,b3,6,4|5|6|7|8|9,0.6709,210,1
3,b4,0,,66.4337,1,1
3,b4,1,0,64.2600,10,1
3,b4,1,1,59.9847,10,1
3,b4,1,2,64.1086,10,1
3,b4,1,3,65.4093,10,1
3,b4,1,4,65.4980,10,1
3,b4,1,5,66.0991,10,1
3,b4,1,6,65.2262,10,1
3,b4,1,7,65.8967,10,1
3,b4,1,8,63.9419,10,1
3,b4,1,9,66.4744,10,1
3,b4,2,0|1,51.4935,45,1
3,b4,2,0|2,63.2917,45,1
3,b4,2,0|3,64.3999,45,1
3,b4,2,0|4,64.7129,45,1
3,b4,2,0|5,64.4313,45,1
3,b4,2,0|6,63.7104,45,1
3,b4,2,0|7,64.0276,45,1
3,b4,2,0|8,62.1832,45,1
3,b4,2,0|9,64.5788,45,1
3,b4,2,1|2,57.1222,45,1
3,b4,2,1|3,58.4952,45,1
3,b4,2,1|4,57.6918,45,1
3,b4,2,1|5,59.4261,45,1
3,b4,2,1|6,58.9555,45,1
3,b4,2,1|7,58.6380,45,1
3,b4,2,1|8,57.8882,45,1
3,b4,2,1|9,61.0004,45,1
3,b4,2,2|3,59.8860,45,1
3,b4,2,2|4,63.0835,45,1
3,b4,2,2|5,63.7560,45,1
3,b4,2,2|6,63.3835,45,1
3,b4,2,2|7,63.5998,45,1
3,b4,2,2|8,62.1964,45,1
3,b4,2,2|9,64.2874,45,1
3,b4,2,3|4,63.8107,45,1
3,b4,2,3|5,65.3978,45,1
3,b4,2,3|6,64.9259,45,1
3,b4,2,3|7,66.1785,45,1
3,b4,2,3|8,63.4375,45,1
3,b4,2,3|9,65.8608,45,1
3,b4,2,4|5,65.2900,45,1
3,b4,2,4|6,64.5680,45,1
3,b4,2,4|7,64.8849,45,1
3,b4,2,4|8,63.5676,45,1
3,b4,2,4|9,66.0243,45,1
3,b4,2,5|6,65.2197,45,1
3,b4,2,5|7,65.4537,45,1
3,b4,2,5|8,63.6011,45,1
3,b4,2,5|9,66.1906,45,1
3,b4,2,6|7,64.8349,45,1
3,b4,2,6|8,62.4149,45,1
3,b4,2,6|9,65.5055,45,1
3,b4,2,7|8,62.1659,45,1
3,b4,2,7|9,65.7383,45,1
3,b4,2,8|9,62.4786,45,1
3,b4,3,0|1|2,48.2811,120,1
3,b4,3,0|1|3,50.4417,120,1
3,b4,3,0|1|4,49.8121,120,1
3,b4,3,0|1|5,50.3965,120,1
3,b4,3,0|1|6,49.4667,120,1
3,b4,3,0|1|7,50.4210,120,1
3,b4,3,0|1|8,49.3451,120,1
3,b4,3,0|1|9,51.7676,120,1
3,b4,3,0|2|3,56.6065,120,1
3,b4,3,0|2|4,62.1288,120,1
3,b4,3,0|2|5,63.1769,120,1
3,b4,3,0|2|6,63.2925,120,1
3,b4,3,0|2|7,62.8561,120,1
3,b4,3,0|2|8,61.5494,120,1
3,b4,3,0|2|9,63.2000,120,1
3,b4,3,0|3|4,62.2312,120,1
3,b4,3,0|3|5,63.0834,120,1
3,b4,3,0|3|6,63.5743,120,1
3,b4,3,0|3|7,63.7609,120,1
3,b4,3,0|3|8,62.2141,120,1
3,b4,3,0|3|9,64.8160,120,1
3,b4,3,0|4|5,63.6520,120,1
3,b4,3,0|4|6,64.0192,120,1
3,b4,3,0|4|7,64.2177,120,1
3,b4,3,0|4|8,61.9556,120,1
3,b4,3,0|4|9,64.9177,120,1
3,b4,3,0|5|6,63.8022,120,1
3,b4,3,0|5|7,63.7579,120,1
3,b4,3,0|5|8,62.3421,120,1
3,b4,3,0|5|9,64.6638,120,1
3,b4,3,0|6|7,63.9333,120,1
3,b4,3,0|6|8,61.3542,120,1
3,b4,3,0|6|9,63.1793,120,1
3,b4,3,0|7|8,60.9694,120,1
3,b4,3,0|7|9,64.8060,120,1
3,b4,3,0|8|9,61.0438,120,1
3,b4,3,1|2|3,49.5134,120,1
3,b4,3,1|2|4,55.6746,120,1
3,b4,3,1|2|5,56.8809,120,1
3,b4,3,1|2|6,56.4717,120,1
3,b4,3,1|2|7,56.6866,120,1
3,b4,3,1|2|8,55.8400,120,1
3,b4,3,1|2|9,58.4298,120,1
3,b4,3,1|3|4,55.9523,120,1
3,b4,3,1|3|5,57.7617,120,1
3,b4,3,1|3|6,57.0920,120,1
3,b4,3,1|3|7,58.0939,120,1
3,b4,3,1|3|8,56.9694,120,1
3,b4,3,1|3|9,60.7156,120,1
3,b4,3,1|4|5,56.4262,120,1
3,b4,3,1|4|6,55.4738,120,1
3,b4,3,1|4|7,57.0622,120,1
3,b4,3,1|4|8,55.5933,120,1
3,b4,3,1|4|9,59.5112,120,1
3,b4,3,1|5|6,57.8644,120,1
3,b4,3,1|5|7,58.4492,120,1
3,b4,3,1|5|8,58.0047,120,1
3,b4,3,1|5|9,60.6491,120,1
3,b4,3,1|6|7,57.3986,120,1
3,b4,3,1|6|8,56.8469,120,1
3,b4,3,1|6|9,59.3515,120,1
3,b4,3,1|7|8,56.2373,120,1
3,b4,3,1|7|9,59.2692,120,1
3,b4,3,1|8|9,56.9808,120,1
3,b4,3,2|3|4,56.0273,120,1
3,b4,3,2|3|5,59.8557,120,1
3,b4,3,2|3|6,58.4628,120,1
3,b4,3,2|3|7,59.8029,120,1
3,b4,3,2|3|8,57.6859,120,1
3,b4,3,2|3|9,60.5781,120,1
3,b4,3,2|4|5,62.6315,120,1
3,b4,3,2|4|6,62.3550,120,1
3,b4,3,2|4|7,63.0537,120,1
3,b4,3,2|4|8,61.1030,120,1
3,b4,3,2|4|9,63.6336,120,1
3,b4,3,2|5|6,62.8972,120,1
3,b4,3,2|5|7,63.7583,120,1
3,b4,3,2|5|8,62.4396,120,1
3,b4,3,2|5|9,64.7627,120,1
3,b4,3,2|6|7,63.3526,120,1
3,b4,3,2|6|8,61.0019,120,1
3,b4,3,2|6|9,63.5127,120,1
3,b4,3,2|7|8,61.1563,120,1
3,b4,3,2|7|9,64.5307,120,1
3,b4,3,2|8|9,60.8109,120,1
3,b4,3,3|4|5,62.7315,120,1
3,b4,3,3|4|6,62.7699,120,1
3,b4,3,3|4|7,63.8288,120,1
3,b4,3,3|4|8,61.8408,120,1
3,b4,3,3|4|9,65.0385,120,1
3,b4,3,3|5|6,64.5140,120,1
3,b4,3,3|5|7,65.7593,120,1
3,b4,3,3|5|8,63.1955,120,1
3,b4,3,3|5|9,65.9931,120,1
3,b4,3,3|6|7,64.7161,120,1
3,b4,3,3|6|8,62.3474,120,1
3,b4,3,3|6|9,65.5224,120,1
3,b4,3,3|7|8,61.8822,120,1
3,b4,3,3|7|9,65.6122,120,1
3,b4,3,3|8|9,61.9356,120,1
3,b4,3,4|5|6,64.0707,120,1
3,b4,3,4|5|7,64.9578,120,1
3,b4,3,4|5|8,62.5681,120,1
3,b4,3,4|5|9,65.7327,120,1
3,b4,3,4|6|7,64.3319,120,1
3,b4,3,4|6|8,62.5322,120,1
3,b4,3,4|6|9,65.1800,120,1
3,b4,3,4|7|8,61.7780,120,1
3,b4,3,4|7|9,65.1681,120,1
3,b4,3,4|8|9,61.1781,120,1
3,b4,3,5|6|7,64.4331,120,1
3,b4,3,5|6|8,61.9133,120,1
3,b4,3,5|6|9,64.4857,120,1
3,b4,3,5|7|8,61.9334,120,1
3,b4,3,5|7|9,65.7848,120,1
3,b4,3,5|8|9,61.6113,120,1
3,b4,3,6|7|8,58.7799,120,1
3,b4,3,6|7|9,65.3436,120,1
3,b4,3,6|8|9,60.1685,120,1
3,b4,3,7|8|9,59.3827,120,1
3,b4,4,0|1|2|3,39.6606,210,1
3,b4,4,0|1|2|4,46.9701,210,1
3,b4,4,0|1|2|5,47.4227,210,1
3,b4,4,0|1|2|6,46.8627,210,1
3,b4,4,0|1|2|7,47.7915,210,1
3,b4,4,0|1|2|8,47.1271,210,1
3,b4,4,0|1|2|9,49.0586,210,1
3,b4,4,0|1|3|4,47.8777,210,1
3,b4,4,0|1|3|5,48.6562,210,1
3,b4,4,0|1|3|6,48.2749,210,1
3,b4,4,0|1|3|7,48.9306,210,1
3,b4,4,0|1|3|8,47.6535,210,1
3,b4,4,0|1|3|9,51.6800,210,1
3,b4,4,0|1|4|5,47.9212,210,1
3,b4,4,0|1|4|6,47.9195,210,1
3,b4,4,0|1|4|7,48.5345,210,1
3,b4,4,0|1|4|8,47.4959,210,1
3,b4,4,0|1|4|9,50.7857,210,1
3,b4,4,0|1|5|6,48.6679,210,1
3,b4,4,0|1|5|7,49.2640,210,1
3,b4,4,0|1|5|8,48.5636,210,1
3,b4,4,0|1|5|9,51.9249,210,1
3,b4,4,0|1|6|7,48.4842,210,1
3,b4,4,0|1|6|8,46.4743,210,1
3,b4,4,0|1|6|9,49.9435,210,1
3,b4,4,0|1|7|8,47.5729,210,1
3,b4,4,0|1|7|9,50.7584,210,1
3,b4,4,0|1|8|9,47.6902,210,1
3,b4,4,0|2|3|4,53.1429,210,1
3,b4,4,0|2|3|5,56.5123,210,1
3,b4,4,0|2|3|6,56.2380,210,1
3,b4,4,0|2|3|7,56.9875,210,1
3,b4,4,0|2|3|8,55.0255,210,1
3,b4,4,0|2|3|9,57.0962,210,1
3,b4,4,0|2|4|5,61.0689,210,1
3,b4,4,0|2|4|6,62.0730,210,1
3,b4,4,0|2|4|7,62.8368,210,1
3,b4,4,0|2|4|8,60.8841,210,1
3,b4,4,0|2|4|9,63.3138,210,1
3,b4,4,0|2|5|6,62.5533,210,1
3,b4,4,0|2|5|7,62.5609,210,1
3,b4,4,0|2|5|8,61.1247,210,1
3,b4,4,0|2|5|9,63.1232,210,1
3,b4,4,0|2|6|7,62.6122,210,1
3,b4,4,0|2|6|8,60.3074,210,1
3,b4,4,0|2|6|9,61.7593,210,1
3,b4,4,0|2|7|8,60.3453,210,1
3,b4,4,0|2|7|9,62.7257,210,1
3,b4,4,0|2|8|9,59.9474,210,1
3,b4,4,0|3|4|5,59.4582,210,1
3,b4,4,0|3|4|6,61.8507,210,1
3,b4,4,0|3|4|7,61.8837,210,1
3,b4,4,0|3|4|8,60.8998,210,1
3,b4,4,0|3|4|9,63.5590,210,1
3,b4,4,0|3|5|6,62.5504,210,1
3,b4,4,0|3|5|7,62.4771,210,1
3,b4,4,0|3|5|8,60.8736,210,1
3,b4,4,0|3|5|9,64.0982,210,1
3,b4,4,0|3|6|7,63.4053,210,1
3,b4,4,0|3|6|8,60.6326,210,1
3,b4,4,0|3|6|9,64.1348,210,1
3,b4,4,0|3|7|8,60.9863,210,1
3,b4,4,0|3|7|9,64.3298,210,1
3,b4,4,0|3|8|9,60.6054,210,1
3,b4,4,0|4|5|6,63.2318,210,1
3,b4,4,0|4|5|7,63.2278,210,1
3,b4,4,0|4|5|8,61.4523,210,1
3,b4,4,0|4|5|9,64.8876,210,1
3,b4,4,0|4|6|7,64.2277,210,1
3,b4,4,0|4|6|8,61.0849,210,1
3,b4,4,0|4|6|9,65.0284,210,1
3,b4,4,0|4|7|8,61.8480,210,1
3,b4,4,0|4|7|9,65.2416,210,1
3,b4,4,0|4|8|9,61.0340,210,1
3,b4,4,0|5|6|7,63.6447,210,1
3,b4,4,0|5|6|8,60.1525,210,1
3,b4,4,0|5|6|9,62.8113,210,1
3,b4,4,0|5|7|8,61.6032,210,1
3,b4,4,0|5|7|9,63.7134,210,1
3,b4,4,0|5|8|9,60.4522,210,1
3,b4,4,0|6|7|8,58.1102,210,1
3,b4,4,0|6|7|9,63.0458,210,1
3,b4,4,0|6|8|9,57.7448,210,1
3,b4,4,0|7|8|9,59.2347,210,1
3,b4,4,1|2|3|4,42.0684,210,1
3,b4,4,1|2|3|5,48.2003,210,1
3,b4,4,1|2|3|6,47.8402,210,1
3,b4,4,1|2|3|7,48.7491,210,1
3,b4,4,1|2|3|8,46.3487,210,1
3,b4,4,1|2|3|9,49.7479,210,1
3,b4,4,1|2|4|5,54.2888,210,1
3,b4,4,1|2|4|6,54.2079,210,1
3,b4,4,1|2|4|7,54.0958,210,1
3,b4,4,1|2|4|8,53.5990,210,1
3,b4,4,1|2|4|9,56.4457,210,1
3,b4,4,1|2|5|6,55.2323,210,1
3,b4,4,1|2|5|7,55.5992,210,1
3,b4,4,1|2|5|8,55.2635,210,1
3,b4,4,1|2|5|9,57.9105,210,1
3,b4,4,1|2|6|7,55.5536,210,1
3,b4,4,1|2|6|8,54.3284,210,1
3,b4,4,1|2|6|9,57.0075,210,1
3,b4,4,1|2|7|8,54.9641,210,1
3,b4,4,1|2|7|9,57.6416,210,1
3,b4,4,1|2|8|9,54.8806,210,1
3,b4,4,1|3|4|5,52.8510,210,1
3,b4,4,1|3|4|6,54.2779,210,1
3,b4,4,1|3|4|7,55.0958,210,1
3,b4,4,1|3|4|8,53.8914,210,1
3,b4,4,1|3|4|9,57.5432,210,1
3,b4,4,1|3|5|6,56.5071,210,1
3,b4,4,1|3|5|7,56.6749,210,1
3,b4,4,1|3|5|8,56.6550,210,1
3,b4,4,1|3|5|9,59.1908,210,1
3,b4,4,1|3|6|7,56.2004,210,1
3,b4,4,1|3|6|8,55.6764,210,1
3,b4,4,1|3|6|9,58.8362,210,1
3,b4,4,1|3|7|8,55.5794,210,1
3,b4,4,1|3|7|9,59.4120,210,1
3,b4,4,1|3|8|9,56.6576,210,1
3,b4,4,1|4|5|6,53.7610,210,1
3,b4,4,1|4|5|7,54.8894,210,1
3,b4,4,1|4|5|8,54.2375,210,1
3,b4,4,1|4|5|9,58.3210,210,1
3,b4,4,1|4|6|7,54.5122,210,1
3,b4,4,1|4|6|8,53.7843,210,1
3,b4,4,1|4|6|9,58.0476,210,1
3,b4,4,1|4|7|8,54.8159,210,1
3,b4,4,1|4|7|9,58.4084,210,1
3,b4,4,1|4|8|9,54.6484,210,1
3,b4,4,1|5|6|7,55.9588,210,1
3,b4,4,1|5|6|8,55.0763,210,1
3,b4,4,1|5|6|9,58.8835,210,1
3,b4,4,1|5|7|8,56.0423,210,1
3,b4,4,1|5|7|9,59.1263,210,1
3,b4,4,1|5|8|9,56.7162,210,1
3,b4,4,1|6|7|8,52.4739,210,1
3,b4,4,1|6|7|9,57.7141,210,1
3,b4,4,1|6|8|9,54.9400,210,1
3,b4,4,1|7|8|9,52.7086,210,1
3,b4,4,2|3|4|5,55.5705,210,1
3,b4,4,2|3|4|6,55.9816,210,1
3,b4,4,2|3|4|7,56.4761,210,1
3,b4,4,2|3|4|8,52.8515,210,1
3,b4,4,2|3|4|9,56.8158,210,1
3,b4,4,2|3|5|6,58.8377,210,1
3,b4,4,2|3|5|7,59.4527,210,1
3,b4,4,2|3|5|8,57.4509,210,1
3,b4,4,2|3|5|9,60.8828,210,1
3,b4,4,2|3|6|7,58.2612,210,1
3,b4,4,2|3|6|8,56.3986,210,1
3,b4,4,2|3|6|9,59.7333,210,1
3,b4,4,2|3|7|8,55.9952,210,1
3,b4,4,2|3|7|9,60.4266,210,1
3,b4,4,2|3|8|9,56.6727,210,1
3,b4,4,2|4|5|6,62.5545,210,1
3,b4,4,2|4|5|7,62.7547,210,1
3,b4,4,2|4|5|8,60.9522,210,1
3,b4,4,2|4|5|9,63.3462,210,1
3,b4,4,2|4|6|7,61.7644,210,1
3,b4,4,2|4|6|8,59.8871,210,1
3,b4,4,2|4|6|9,63.4895,210,1
3,b4,4,2|4|7|8,59.9790,210,1
3,b4,4,2|4|7|9,63.5940,210,1
3,b4,4,2|4|8|9,59.9259,210,1
3,b4,4,2|5|6|7,62.9007,210,1
3,b4,4,2|5|6|8,60.2971,210,1
3,b4,4,2|5|6|9,63.6800,210,1
3,b4,4,2|5|7|8,60.8191,210,1
3,b4,4,2|5|7|9,64.4355,210,1
3,b4,4,2|5|8|9,61.0836,210,1
3,b4,4,2|6|7|8,57.5577,210,1
3,b4,4,2|6|7|9,63.2184,210,1
3,b4,4,2|6|8|9,58.9886,210,1
3,b4,4,2|7|8|9,58.3606,210,1
3,b4,4,3|4|5|6,60.7071,210,1
3,b4,4,3|4|5|7,62.4498,210,1
3,b4,4,3|4|5|8,60.5591,210,1
3,b4,4,3|4|5|9,63.7698,210,1
3,b4,4,3|4|6|7,62.5656,210,1
3,b4,4,3|4|6|8,60.3257,210,1
3,b4,4,3|4|6|9,64.2261,210,1
3,b4,4,3|4|7|8,60.6239,210,1
3,b4,4,3|4|7|9,64.8386,210,1
3,b4,4,3|4|8|9,60.7120,210,1
3,b4,4,3|5|6|7,64.1038,210,1
3,b4,4,3|5|6|8,61.7741,210,1
3,b4,4,3|5|6|9,65.1282,210,1
3,b4,4,3|5|7|8,61.9370,210,1
3,b4,4,3|5|7|9,65.3595,210,1
3,b4,4,3|5|8|9,61.9422,210,1
3,b4,4,3|6|7|8,57.8515,210,1
3,b4,4,3|6|7|9,65.0784,210,1
3,b4,4,3|6|8|9,60.4626,210,1
3,b4,4,3|7|8|9,59.3739,210,1
3,b4,4,4|5|6|7,62.7649,210,1
3,b4,4,4|5|6|8,59.9527,210,1
3,b4,4,4|5|6|9,64.2722,210,1
3,b4,4,4|5|7|8,61.3939,210,1
3,b4,4,4|5|7|9,65.2389,210,1
3,b4,4,4|5|8|9,60.9758,210,1
3,b4,4,4|6|7|8,57.8123,210,1
3,b4,4,4|6|7|9,65.0953,210,1
3,b4,4,4|6|8|9,59.7963,210,1
3,b4,4,4|7|8|9,58.4493,210,1
3,b4,4,5|6|7|8,57.2570,210,1
3,b4,4,5|6|7|9,63.3216,210,1
3,b4,4,5|6|8|9,58.2349,210,1
3,b4,4,5|7|8|9,58.9873,210,1
3,b4,4,6|7|8|9,54.9908,210,1
3,b4,5,0|1|2|3|4,33.9715,252,1
3,b4,5,0|1|2|3|5,38.1473,252,1
3,b4,5,0|1|2|3|6,38.1719,252,1
3,b4,5,0|1|2|3|7,38.2015,252,1
3,b4,5,0|1|2|3|8,36.6160,252,1
3,b4,5,0|1|2|3|9,40.0644,252,1
3,b4,5,0|1|2|4|5,45.6849,252,1
3,b4,5,0|1|2|4|6,44.9835,252,1
3,b4,5,0|1|2|4|7,45.6649,252,1
3,b4,5,0|1|2|4|8,44.5489,252,1
3,b4,5,0|1|2|4|9,46.9389,252,1
3,b4,5,0|1|2|5|6,45.6052,252,1
3,b4,5,0|1|2|5|7,46.4742,252,1
3,b4,5,0|1|2|5|8,46.1622,252,1
3,b4,5,0|1|2|5|9,49.0337,252,1
3,b4,5,0|1|2|6|7,46.3757,252,1
3,b4,5,0|1|2|6|8,45.3235,252,1
3,b4,5,0|1|2|6|9,47.7885,252,1
3,b4,5,0|1|2|7|8,46.3985,252,1
3,b4,5,0|1|2|7|9,48.8936,252,1
3,b4,5,0|1|2|8|9,46.1992,252,1
3,b4,5,0|1|3|4|5,44.7868,252,1
3,b4,5,0|1|3|4|6,46.0584,252,1
3,b4,5,0|1|3|4|7,46.0328,252,1
3,b4,5,0|1|3|4|8,44.6942,252,1
3,b4,5,0|1|3|4|9,50.6827,252,1
3,b4,5,0|1|3|5|6,47.5225,252,1
3,b4,5,0|1|3|5|7,46.8213,252,1
3,b4,5,0|1|3|5|8,46.1883,252,1
3,b4,5,0|1|3|5|9,50.4707,252,1
3,b4,5,0|1|3|6|7,47.5832,252,1
3,b4,5,0|1|3|6|8,45.0657,252,1
3,b4,5,0|1|3|6|9,48.7041,252,1
3,b4,5,0|1|3|7|8,46.1673,252,1
3,b4,5,0|1|3|7|9,50.2655,252,1
3,b4,5,0|1|3|8|9,46.9147,252,1
3,b4,5,0|1|4|5|6,45.7471,252,1
3,b4,5,0|1|4|5|7,46.8346,252,1
3,b4,5,0|1|4|5|8,46.2496,252,1
3,b4,5,0|1|4|5|9,50.2386,252,1
3,b4,5,0|1|4|6|7,46.3763,252,1
3,b4,5,0|1|4|6|8,45.1413,252,1
3,b4,5,0|1|4|6|9,49.4777,252,1
3,b4,5,0|1|4|7|8,46.3953,252,1
3,b4,5,0|1|4|7|9,49.2377,252,1
3,b4,5,0|1|4|8|9,45.6661,252,1
3,b4,5,0|1|5|6|7,46.7604,252,1
3,b4,5,0|1|5|6|8,44.6145,252,1
3,b4,5,0|1|5|6|9,49.3357,252,1
3,b4,5,0|1|5|7|8,46.2218,252,1
3,b4,5,0|1|5|7|9,49.2677,252,1
3,b4,5,0|1|5|8|9,47.5079,252,1
3,b4,5,0|1|6|7|8,43.8722,252,1
3,b4,5,0|1|6|7|9,48.1559,252,1
3,b4,5,0|1|6|8|9,45.1381,252,1
3,b4,5,0|1|7|8|9,43.8200,252,1
3,b4,5,0|2|3|4|5,49.8974,252,1
3,b4,5,0|2|3|4|6,51.4274,252,1
3,b4,5,0|2|3|4|7,52.6342,252,1
3,b4,5,0|2|3|4|8,50.0230,252,1
3,b4,5,0|2|3|4|9,53.0637,252,1
3,b4,5,0|2|3|5|6,55.8133,252,1
3,b4,5,0|2|3|5|7,56.4102,252,1
3,b4,5,0|2|3|5|8,54.4684,252,1
3,b4,5,0|2|3|5|9,56.5830,252,1
3,b4,5,0|2|3|6|7,55.7240,252,1
3,b4,5,0|2|3|6|8,54.1573,252,1
3,b4,5,0|2|3|6|9,55.6430,252,1
3,b4,5,0|2|3|7|8,53.7558,252,1
3,b4,5,0|2|3|7|9,57.6370,252,1
3,b4,5,0|2|3|8|9,53.4469,252,1
3,b4,5,0|2|4|5|6,61.4688,252,1
3,b4,5,0|2|4|5|7,62.0438,252,1
3,b4,5,0|2|4|5|8,59.9719,252,1
3,b4,5,0|2|4|5|9,62.5843,252,1
3,b4,5,0|2|4|6|7,62.0231,252,1
3,b4,5,0|2|4|6|8,59.7203,252,1
3,b4,5,0|2|4|6|9,63.2795,252,1
3,b4,5,0|2|4|7|8,59.8941,252,1
3,b4,5,0|2|4|7|9,62.4943,252,1
3,b4,5,0|2|4|8|9,59.1442,252,1
3,b4,5,0|2|5|6|7,62.8260,252,1
3,b4,5,0|2|5|6|8,59.8635,252,1
3,b4,5,0|2|5|6|9,61.0033,252,1
3,b4,5,0|2|5|7|8,60.7661,252,1
3,b4,5,0|2|5|7|9,62.9936,252,1
3,b4,5,0|2|5|8|9,60.3820,252,1
3,b4,5,0|2|6|7|8,56.5297,252,1
3,b4,5,0|2|6|7|9,61.2040,252,1
3,b4,5,0|2|6|8|9,57.5687,252,1
3,b4,5,0|2|7|8|9,57.9725,252,1
3,b4,5,0|3|4|5|6,58.6663,252,1
3,b4,5,0|3|4|5|7,59.6681,252,1
3,b4,5,0|3|4|5|8,58.3452,252,1
3,b4,5,0|3|4|5|9,61.8077,252,1
3,b4,5,0|3|4|6|7,61.1561,252,1
3,b4,5,0|3|4|6|8,59.0577,252,1
3,b4,5,0|3|4|6|9,63.1864,252,1
3,b4,5,0|3|4|7|8,59.4284,252,1
3,b4,5,0|3|4|7|9,63.7627,252,1
3,b4,5,0|3|4|8|9,59.4517,252,1
3,b4,5,0|3|5|6|7,62.8367,252,1
3,b4,5,0|3|5|6|8,59.1059,252,1
3,b4,5,0|3|5|6|9,63.0751,252,1
3,b4,5,0|3|5|7|8,60.7166,252,1
3,b4,5,0|3|5|7|9,64.2998,252,1
3,b4,5,0|3|5|8|9,60.2206,252,1
3,b4,5,0|3|6|7|8,57.2710,252,1
3,b4,5,0|3|6|7|9,64.3029,252,1
3,b4,5,0|3|6|8|9,59.6310,252,1
3,b4,5,0|3|7|8|9,59.4818,252,1
3,b4,5,0|4|5|6|7,62.0304,252,1
3,b4,5,0|4|5|6|8,58.5692,252,1
3,b4,5,0|4|5|6|9,62.9049,252,1
3,b4,5,0|4|5|7|8,60.7988,252,1
3,b4,5,0|4|5|7|9,64.1975,252,1
3,b4,5,0|4|5|8|9,60.8962,252,1
3,b4,5,0|4|6|7|8,57.5918,252,1
3,b4,5,0|4|6|7|9,64.3473,252,1
3,b4,5,0|4|6|8|9,59.1071,252,1
3,b4,5,0|4|7|8|9,58.7958,252,1
3,b4,5,0|5|6|7|8,55.6086,252,1
3,b4,5,0|5|6|7|9,61.6455,252,1
3,b4,5,0|5|6|8|9,57.4749,252,1
3,b4,5,0|5|7|8|9,58.4550,252,1
3,b4,5,0|6|7|8|9,54.0573,252,1
3,b4,5,1|2|3|4|5,39.6046,252,1
3,b4,5,1|2|3|4|6,39.6628,252,1
3,b4,5,1|2|3|4|7,41.4742,252,1
3,b4,5,1|2|3|4|8,40.1212,252,1
3,b4,5,1|2|3|4|9,42.8248,252,1
3,b4,5,1|2|3|5|6,46.1703,252,1
3,b4,5,1|2|3|5|7,47.3611,252,1
3,b4,5,1|2|3|5|8,45.9794,252,1
3,b4,5,1|2|3|5|9,48.1111,252,1
3,b4,5,1|2|3|6|7,46.8046,252,1
3,b4,5,1|2|3|6|8,45.1098,252,1
3,b4,5,1|2|3|6|9,48.6526,252,1
3,b4,5,1|2|3|7|8,44.8821,252,1
3,b4,5,1|2|3|7|9,49.0943,252,1
3,b4,5,1|2|3|8|9,47.0489,252,1
3,b4,5,1|2|4|5|6,52.1846,252,1
3,b4,5,1|2|4|5|7,52.3475,252,1
3,b4,5,1|2|4|5|8,52.4722,252,1
3,b4,5,1|2|4|5|9,54.4134,252,1
3,b4,5,1|2|4|6|7,52.5316,252,1
3,b4,5,1|2|4|6|8,51.5350,252,1
3,b4,5,1|2|4|6|9,55.2970,252,1
3,b4,5,1|2|4|7|8,52.2146,252,1
3,b4,5,1|2|4|7|9,54.7943,252,1
3,b4,5,1|2|4|8|9,51.7353,252,1
3,b4,5,1|2|5|6|7,53.2366,252,1
3,b4,5,1|2|5|6|8,53.2889,252,1
3,b4,5,1|2|5|6|9,56.4782,252,1
3,b4,5,1|2|5|7|8,54.0597,252,1
3,b4,5,1|2|5|7|9,56.4535,252,1
3,b4,5,1|2|5|8|9,53.9339,252,1
3,b4,5,1|2|6|7|8,50.4292,252,1
3,b4,5,1|2|6|7|9,56.1508,252,1
3,b4,5,1|2|6|8|9,53.2012,252,1
3,b4,5,1|2|7|8|9,51.4887,252,1
3,b4,5,1|3|4|5|6,49.6303,252,1
3,b4,5,1|3|4|5|7,51.4558,252,1
3,b4,5,1|3|4|5|8,52.1680,252,1
3,b4,5,1|3|4|5|9,54.3312,252,1
3,b4,5,1|3|4|6|7,52.2833,252,1
3,b4,5,1|3|4|6|8,52.4960,252,1
3,b4,5,1|3|4|6|9,55.9845,252,1
3,b4,5,1|3|4|7|8,52.4652,252,1
3,b4,5,1|3|4|7|9,55.7864,252,1
3,b4,5,1|3|4|8|9,52.6074,252,1
3,b4,5,1|3|5|6|7,54.3337,252,1
3,b4,5,1|3|5|6|8,53.6845,252,1
3,b4,5,1|3|5|6|9,57.6064,252,1
3,b4,5,1|3|5|7|8,54.4894,252,1
3,b4,5,1|3|5|7|9,57.5471,252,1
3,b4,5,1|3|5|8|9,54.5649,252,1
3,b4,5,1|3|6|7|8,51.2310,252,1
3,b4,5,1|3|6|7|9,57.7414,252,1
3,b4,5,1|3|6|8|9,53.9028,252,1
3,b4,5,1|3|7|8|9,52.8479,252,1
3,b4,5,1|4|5|6|7,51.2631,252,1
3,b4,5,1|4|5|6|8,51.0163,252,1
3,b4,5,1|4|5|6|9,56.6674,252,1
3,b4,5,1|4|5|7|8,53.1611,252,1
3,b4,5,1|4|5|7|9,56.5665,252,1
3,b4,5,1|4|5|8|9,53.7863,252,1
3,b4,5,1|4|6|7|8,49.5452,252,1
3,b4,5,1|4|6|7|9,56.5948,252,1
3,b4,5,1|4|6|8|9,52.6478,252,1
3,b4,5,1|4|7|8|9,50.8172,252,1
3,b4,5,1|5|6|7|8,49.4959,252,1
3,b4,5,1|5|6|7|9,55.1839,252,1
3,b4,5,1|5|6|8|9,53.2602,252,1
3,b4,5,1|5|7|8|9,49.5708,252,1
3,b4,5,1|6|7|8|9,48.7727,252,1
3,b4,5,2|3|4|5|6,53.9988,252,1
3,b4,5,2|3|4|5|7,53.7320,252,1
3,b4,5,2|3|4|5|8,51.5726,252,1
3,b4,5,2|3|4|5|9,56.3959,252,1
3,b4,5,2|3|4|6|7,55.5409,252,1
3,b4,5,2|3|4|6|8,52.6684,252,1
3,b4,5,2|3|4|6|9,55.1902,252,1
3,b4,5,2|3|4|7|8,52.1315,252,1
3,b4,5,2|3|4|7|9,57.2411,252,1
3,b4,5,2|3|4|8|9,51.8165,252,1
3,b4,5,2|3|5|6|7,57.9277,252,1
3,b4,5,2|3|5|6|8,54.5347,252,1
3,b4,5,2|3|5|6|9,59.0789,252,1
3,b4,5,2|3|5|7|8,56.6832,252,1
3,b4,5,2|3|5|7|9,59.7310,252,1
3,b4,5,2|3|5|8|9,56.7952,252,1
3,b4,5,2|3|6|7|8,52.2919,252,1
3,b4,5,2|3|6|7|9,58.8340,252,1
3,b4,5,2|3|6|8|9,55.3097,252,1
3,b4,5,2|3|7|8|9,54.7034,252,1
3,b4,5,2|4|5|6|7,60.9262,252,1
3,b4,5,2|4|5|6|8,58.5498,252,1
3,b4,5,2|4|5|6|9,63.1364,252,1
3,b4,5,2|4|5|7|8,59.4629,252,1
3,b4,5,2|4|5|7|9,63.0616,252,1
3,b4,5,2|4|5|8|9,59.6316,252,1
3,b4,5,2|4|6|7|8,55.2080,252,1
3,b4,5,2|4|6|7|9,62.7115,252,1
3,b4,5,2|4|6|8|9,58.4679,252,1
3,b4,5,2|4|7|8|9,56.8011,252,1
3,b4,5,2|5|6|7|8,55.6837,252,1
3,b4,5,2|5|6|7|9,62.1283,252,1
3,b4,5,2|5|6|8|9,58.0303,252,1
3,b4,5,2|5|7|8|9,58.2525,252,1
3,b4,5,2|6|7|8|9,53.7650,252,1
3,b4,5,3|4|5|6|7,59.3713,252,1
3,b4,5,3|4|5|6|8,57.1100,252,1
3,b4,5,3|4|5|6|9,63.0678,252,1
3,b4,5,3|4|5|7|8,59.0659,252,1
3,b4,5,3|4|5|7|9,63.1791,252,1
3,b4,5,3|4|5|8|9,59.3642,252,1
3,b4,5,3|4|6|7|8,56.0994,252,1
3,b4,5,3|4|6|7|9,63.9151,252,1
3,b4,5,3|4|6|8|9,59.9159,252,1
3,b4,5,3|4|7|8|9,57.4151,252,1
3,b4,5,3|5|6|7|8,55.8171,252,1
3,b4,5,3|5|6|7|9,64.6247,252,1
3,b4,5,3|5|6|8|9,59.6154,252,1
3,b4,5,3|5|7|8|9,59.0270,252,1
3,b4,5,3|6|7|8|9,55.3959,252,1
3,b4,5,4|5|6|7|8,54.3478,252,1
3,b4,5,4|5|6|7|9,62.3585,252,1
3,b4,5,4|5|6|8|9,56.8868,252,1
3,b4,5,4|5|7|8|9,57.7109,252,1
3,b4,5,4|6|7|8|9,54.1577,252,1
3,b4,5,5|6|7|8|9,49.6950,252,1
3,b4,6,0|1|2|3|4|5,32.1018,210,1
3,b4,6,0|1|2|3|4|6,32.5750,210,1
3,b4,6,0|1|2|3|4|7,33.7343,210,1
3,b4,6,0|1|2|3|4|8,30.9688,210,1
3,b4,6,0|1|2|3|4|9,35.8950,210,1
3,b4,6,0|1|2|3|5|6,36.2231,210,1
3,b4,6,0|1|2|3|5|7,36.9837,210,1
3,b4,6,0|1|2|3|5|8,35.6202,210,1
3,b4,6,0|1|2|3|5|9,39.5309,210,1
3,b4,6,0|1|2|3|6|7,36.9254,210,1
3,b4,6,0|1|2|3|6|8,35.0021,210,1
3,b4,6,0|1|2|3|6|9,38.8318,210,1
3,b4,6,0|1|2|3|7|8,35.0529,210,1
3,b4,6,0|1|2|3|7|9,38.5210,210,1
3,b4,6,0|1|2|3|8|9,37.3819,210,1
3,b4,6,0|1|2|4|5|6,43.2516,210,1
3,b4,6,0|1|2|4|5|7,43.5617,210,1
3,b4,6,0|1|2|4|5|8,43.7506,210,1
3,b4,6,0|1|2|4|5|9,45.5374,210,1
3,b4,6,0|1|2|4|6|7,43.4354,210,1
3,b4,6,0|1|2|4|6|8,43.7088,210,1
3,b4,6,0|1|2|4|6|9,46.1086,210,1
3,b4,6,0|1|2|4|7|8,43.7459,210,1
3,b4,6,0|1|2|4|7|9,46.2941,210,1
3,b4,6,0|1|2|4|8|9,42.9006,210,1
3,b4,6,0|1|2|5|6|7,44.2157,210,1
3,b4,6,0|1|2|5|6|8,43.2741,210,1
3,b4,6,0|1|2|5|6|9,46.6610,210,1
3,b4,6,0|1|2|5|7|8,45.1608,210,1
3,b4,6,0|1|2|5|7|9,47.7581,210,1
3,b4,6,0|1|2|5|8|9,45.9753,210,1
3,b4,6,0|1|2|6|7|8,42.3759,210,1
3,b4,6,0|1|2|6|7|9,46.6674,210,1
3,b4,6,0|1|2|6|8|9,44.4107,210,1
3,b4,6,0|1|2|7|8|9,43.1531,210,1
3,b4,6,0|1|3|4|5|6,40.8059,210,1
3,b4,6,0|1|3|4|5|7,42.0611,210,1
3,b4,6,0|1|3|4|5|8,42.3724,210,1
3,b4,6,0|1|3|4|5|9,47.0696,210,1
3,b4,6,0|1|3|4|6|7,43.5069,210,1
3,b4,6,0|1|3|4|6|8,42.0039,210,1
3,b4,6,0|1|3|4|6|9,48.9473,210,1
3,b4,6,0|1|3|4|7|8,43.1064,210,1
3,b4,6,0|1|3|4|7|9,49.2251,210,1
3,b4,6,0|1|3|4|8|9,44.4714,210,1
3,b4,6,0|1|3|5|6|7,45.4404,210,1
3,b4,6,0|1|3|5|6|8,43.6832,210,1
3,b4,6,0|1|3|5|6|9,48.5198,210,1
3,b4,6,0|1|3|5|7|8,44.2556,210,1
3,b4,6,0|1|3|5|7|9,48.2146,210,1
3,b4,6,0|1|3|5|8|9,46.4577,210,1
3,b4,6,0|1|3|6|7|8,42.1953,210,1
3,b4,6,0|1|3|6|7|9,47.4780,210,1
3,b4,6,0|1|3|6|8|9,44.0145,210,1
3,b4,6,0|1|3|7|8|9,43.6525,210,1
3,b4,6,0|1|4|5|6|7,43.5253,210,1
3,b4,6,0|1|4|5|6|8,41.2934,210,1
3,b4,6,0|1|4|5|6|9,48.2629,210,1
3,b4,6,0|1|4|5|7|8,44.9744,210,1
3,b4,6,0|1|4|5|7|9,48.5442,210,1
3,b4,6,0|1|4|5|8|9,44.7804,210,1
3,b4,6,0|1|4|6|7|8,41.8309,210,1
3,b4,6,0|1|4|6|7|9,48.1827,210,1
3,b4,6,0|1|4|6|8|9,43.7910,210,1
3,b4,6,0|1|4|7|8|9,43.5196,210,1
3,b4,6,0|1|5|6|7|8,40.6306,210,1
3,b4,6,0|1|5|6|7|9,46.1882,210,1
3,b4,6,0|1|5|6|8|9,44.2392,210,1
3,b4,6,0|1|5|7|8|9,40.7932,210,1
3,b4,6,0|1|6|7|8|9,39.1657,210,1
3,b4,6,0|2|3|4|5|6,47.6418,210,1
3,b4,6,0|2|3|4|5|7,48.7946,210,1
3,b4,6,0|2|3|4|5|8,46.6972,210,1
3,b4,6,0|2|3|4|5|9,49.5733,210,1
3,b4,6,0|2|3|4|6|7,51.3108,210,1
3,b4,6,0|2|3|4|6|8,49.1320,210,1
3,b4,6,0|2|3|4|6|9,51.5048,210,1
3,b4,6,0|2|3|4|7|8,48.3346,210,1
3,b4,6,0|2|3|4|7|9,52.8810,210,1
3,b4,6,0|2|3|4|8|9,48.3362,210,1
3,b4,6,0|2|3|5|6|7,55.1076,210,1
3,b4,6,0|2|3|5|6|8,53.1985,210,1
3,b4,6,0|2|3|5|6|9,55.1357,210,1
3,b4,6,0|2|3|5|7|8,53.5979,210,1
3,b4,6,0|2|3|5|7|9,56.9617,210,1
3,b4,6,0|2|3|5|8|9,53.4431,210,1
3,b4,6,0|2|3|6|7|8,50.3595,210,1
3,b4,6,0|2|3|6|7|9,55.0130,210,1
3,b4,6,0|2|3|6|8|9,52.0359,210,1
3,b4,6,0|2|3|7|8|9,52.7464,210,1
3,b4,6,0|2|4|5|6|7,60.6021,210,1
3,b4,6,0|2|4|5|6|8,58.7572,210,1
3,b4,6,0|2|4|5|6|9,62.2941,210,1
3,b4,6,0|2|4|5|7|8,59.5260,210,1
3,b4,6,0|2|4|5|7|9,61.7303,210,1
3,b4,6,0|2|4|5|8|9,58.9200,210,1
3,b4,6,0|2|4|6|7|8,56.3679,210,1
3,b4,6,0|2|4|6|7|9,61.7748,210,1
3,b4,6,0|2|4|6|8|9,58.1387,210,1
3,b4,6,0|2|4|7|8|9,56.5006,210,1
3,b4,6,0|2|5|6|7|8,55.0390,210,1
3,b4,6,0|2|5|6|7|9,60.4910,210,1
3,b4,6,0|2|5|6|8|9,56.6929,210,1
3,b4,6,0|2|5|7|8|9,57.7004,210,1
3,b4,6,0|2|6|7|8|9,53.0649,210,1
3,b4,6,0|3|4|5|6|7,56.8657,210,1
3,b4,6,0|3|4|5|6|8,53.6031,210,1
3,b4,6,0|3|4|5|6|9,62.0364,210,1
3,b4,6,0|3|4|5|7|8,57.4868,210,1
3,b4,6,0|3|4|5|7|9,62.6482,210,1
3,b4,6,0|3|4|5|8|9,58.6804,210,1
3,b4,6,0|3|4|6|7|8,54.4008,210,1
3,b4,6,0|3|4|6|7|9,63.2634,210,1
3,b4,6,0|3|4|6|8|9,59.4084,210,1
3,b4,6,0|3|4|7|8|9,57.6055,210,1
3,b4,6,0|3|5|6|7|8,54.5015,210,1
3,b4,6,0|3|5|6|7|9,62.2091,210,1
3,b4,6,0|3|5|6|8|9,58.9570,210,1
3,b4,6,0|3|5|7|8|9,58.6862,210,1
3,b4,6,0|3|6|7|8|9,55.5168,210,1
3,b4,6,0|4|5|6|7|8,52.9424,210,1
3,b4,6,0|4|5|6|7|9,61.5534,210,1
3,b4,6,0|4|5|6|8|9,56.1280,210,1
3,b4,6,0|4|5|7|8|9,56.7921,210,1
3,b4,6,0|4|6|7|8|9,53.0637,210,1
3,b4,6,0|5|6|7|8|9,47.1818,210,1
3,b4,6,1|2|3|4|5|6,36.2710,210,1
3,b4,6,1|2|3|4|5|7,38.8374,210,1
3,b4,6,1|2|3|4|5|8,38.6220,210,1
3,b4,6,1|2|3|4|5|9,40.0437,210,1
3,b4,6,1|2|3|4|6|7,39.5008,210,1
3,b4,6,1|2|3|4|6|8,39.1192,210,1
3,b4,6,1|2|3|4|6|9,41.0022,210,1
3,b4,6,1|2|3|4|7|8,38.3166,210,1
3,b4,6,1|2|3|4|7|9,42.2614,210,1
3,b4,6,1|2|3|4|8|9,40.0694,210,1
3,b4,6,1|2|3|5|6|7,43.8588,210,1
3,b4,6,1|2|3|5|6|8,44.0002,210,1
3,b4,6,1|2|3|5|6|9,47.5367,210,1
3,b4,6,1|2|3|5|7|8,43.5518,210,1
3,b4,6,1|2|3|5|7|9,47.5453,210,1
3,b4,6,1|2|3|5|8|9,45.2268,210,1
3,b4,6,1|2|3|6|7|8,41.4878,210,1
3,b4,6,1|2|3|6|7|9,47.4933,210,1
3,b4,6,1|2|3|6|8|9,45.5942,210,1
3,b4,6,1|2|3|7|8|9,44.2122,210,1
3,b4,6,1|2|4|5|6|7,49.8544,210,1
3,b4,6,1|2|4|5|6|8,49.8251,210,1
3,b4,6,1|2|4|5|6|9,53.5155,210,1
3,b4,6,1|2|4|5|7|8,50.7370,210,1
3,b4,6,1|2|4|5|7|9,52.4419,210,1
3,b4,6,1|2|4|5|8|9,49.8623,210,1
3,b4,6,1|2|4|6|7|8,47.1506,210,1
3,b4,6,1|2|4|6|7|9,53.5449,210,1
3,b4,6,1|2|4|6|8|9,50.6163,210,1
3,b4,6,1|2|4|7|8|9,47.9406,210,1
3,b4,6,1|2|5|6|7|8,47.6916,210,1
3,b4,6,1|2|5|6|7|9,53.5391,210,1
3,b4,6,1|2|5|6|8|9,50.6986,210,1
3,b4,6,1|2|5|7|8|9,48.1317,210,1
3,b4,6,1|2|6|7|8|9,46.2039,210,1
3,b4,6,1|3|4|5|6|7,46.9241,210,1
3,b4,6,1|3|4|5|6|8,47.2149,210,1
3,b4,6,1|3|4|5|6|9,53.1849,210,1
3,b4,6,1|3|4|5|7|8,50.0618,210,1
3,b4,6,1|3|4|5|7|9,52.9560,210,1
3,b4,6,1|3|4|5|8|9,50.2330,210,1
3,b4,6,1|3|4|6|7|8,47.4442,210,1
3,b4,6,1|3|4|6|7|9,54.1627,210,1
3,b4,6,1|3|4|6|8|9,51.7844,210,1
3,b4,6,1|3|4|7|8|9,48.5469,210,1
3,b4,6,1|3|5|6|7|8,47.9871,210,1
3,b4,6,1|3|5|6|7|9,54.9559,210,1
3,b4,6,1|3|5|6|8|9,52.6410,210,1
3,b4,6,1|3|5|7|8|9,49.3219,210,1
3,b4,6,1|3|6|7|8|9,49.0553,210,1
3,b4,6,1|4|5|6|7|8,43.9673,210,1
3,b4,6,1|4|5|6|7|9,53.3426,210,1
3,b4,6,1|4|5|6|8|9,49.3268,210,1
3,b4,6,1|4|5|7|8|9,47.5253,210,1
3,b4,6,1|4|6|7|8|9,46.6095,210,1
3,b4,6,1|5|6|7|8|9,42.6512,210,1
3,b4,6,2|3|4|5|6|7,52.4262,210,1
3,b4,6,2|3|4|5|6|8,49.9196,210,1
3,b4,6,2|3|4|5|6|9,54.1747,210,1
3,b4,6,2|3|4|5|7|8,48.9973,210,1
3,b4,6,2|3|4|5|7|9,54.4923,210,1
3,b4,6,2|3|4|5|8|9,51.1514,210,1
3,b4,6,2|3|4|6|7|8,47.9328,210,1
3,b4,6,2|3|4|6|7|9,55.3432,210,1
3,b4,6,2|3|4|6|8|9,50.1490,210,1
3,b4,6,2|3|4|7|8|9,48.1856,210,1
3,b4,6,2|3|5|6|7|8,50.2845,210,1
3,b4,6,2|3|5|6|7|9,57.7852,210,1
3,b4,6,2|3|5|6|8|9,53.3853,210,1
3,b4,6,2|3|5|7|8|9,54.8725,210,1
3,b4,6,2|3|6|7|8|9,51.7200,210,1
3,b4,6,2|4|5|6|7|8,53.0851,210,1
3,b4,6,2|4|5|6|7|9,61.4417,210,1
3,b4,6,2|4|5|6|8|9,56.9082,210,1
3,b4,6,2|4|5|7|8|9,55.6104,210,1
3,b4,6,2|4|6|7|8|9,52.3924,210,1
3,b4,6,2|5|6|7|8|9,48.8182,210,1
3,b4,6,3|4|5|6|7|8,50.9474,210,1
3,b4,6,3|4|5|6|7|9,62.0637,210,1
3,b4,6,3|4|5|6|8|9,56.0460,210,1
3,b4,6,3|4|5|7|8|9,55.3172,210,1
3,b4,6,3|4|6|7|8|9,54.1136,210,1
3,b4,6,3|5|6|7|8|9,51.2460,210,1
3,b4,6,4|5|6|7|8|9,47.4417,210,1
3,b6,0,,69.3396,1,1
3,b6,1,0,63.6485,10,1
3,b6,1,1,21.1866,10,1
3,b6,1,2,56.5509,10,1
3,b6,1,3,57.1792,10,1
3,b6,1,4,60.6251,10,1
3,b6,1,5,68.1216,10,1
3,b6,1,6,62.1113,10,1
3,b6,1,7,68.2241,10,1
3,b6,1,8,67.6169,10,1
3,b6,1,9,68.9932,10,1
3,b6,2,0|1,20.9440,45,1
3,b6,2,0|2,50.3567,45,1
3,b6,2,0|3,50.3355,45,1
3,b6,2,0|4,55.8828,45,1
3,b6,2,0|5,60.9624,45,1
3,b6,2,0|6,56.7002,45,1
3,b6,2,0|7,65.2669,45,1
3,b6,2,0|8,62.2940,45,1
3,b6,2,0|9,63.3510,45,1
3,b6,2,1|2,20.9815,45,1
3,b6,2,1|3,19.1595,45,1
3,b6,2,1|4,23.7646,45,1
3,b6,2,1|5,21.1708,45,1
3,b6,2,1|6,20.8584,45,1
3,b6,2,1|7,22.5014,45,1
3,b6,2,1|8,20.6884,45,1
3,b6,2,1|9,21.3240,45,1
3,b6,2,2|3,27.6436,45,1
3,b6,2,2|4,52.2077,45,1
3,b6,2,2|5,59.1366,45,1
3,b6,2,2|6,54.2878,45,1
3,b6,2,2|7,58.0090,45,1
3,b6,2,2|8,56.7451,45,1
3,b6,2,2|9,59.7536,45,1
3,b6,2,3|4,49.8267,45,1
3,b6,2,3|5,57.1851,45,1
3,b6,2,3|6,53.8749,45,1
3,b6,2,3|7,60.4099,45,1
3,b6,2,3|8,57.8226,45,1
3,b6,2,3|9,60.0015,45,1
3,b6,2,4|5,57.1669,45,1
3,b6,2,4|6,52.9126,45,1
3,b6,2,4|7,59.0708,45,1
3,b6,2,4|8,57.1126,45,1
3,b6,2,4|9,61.3614,45,1
3,b6,2,5|6,57.5103,45,1
3,b6,2,5|7,62.7087,45,1
3,b6,2,5|8,62.4980,45,1
3,b6,2,5|9,64.3714,45,1
3,b6,2,6|7,60.3349,45,1
3,b6,2,6|8,61.1531,45,1
3,b6,2,6|9,62.2911,45,1
3,b6,2,7|8,61.5745,45,1
3,b6,2,7|9,65.9514,45,1
3,b6,2,8|9,63.2109,45,1
3,b6,3,0|1|2,19.8346,120,1
3,b6,3,0|1|3,16.3065,120,1
3,b6,3,0|1|4,22.1258,120,1
3,b6,3,0|1|5,19.5064,120,1
3,b6,3,0|1|6,19.5903,120,1
3,b6,3,0|1|7,20.9484,120,1
3,b6,3,0|1|8,19.1604,120,1
3,b6,3,0|1|9,19.8839,120,1
3,b6,3,0|2|3,24.9400,120,1
3,b6,3,0|2|4,48.9405,120,1
3,b6,3,0|2|5,51.8531,120,1
3,b6,3,0|2|6,47.4600,120,1
3,b6,3,0|2|7,54.5794,120,1
3,b6,3,0|2|8,51.1688,120,1
3,b6,3,0|2|9,53.1480,120,1
3,b6,3,0|3|4,42.7902,120,1
3,b6,3,0|3|5,51.5985,120,1
3,b6,3,0|3|6,44.3239,120,1
3,b6,3,0|3|7,53.8228,120,1
3,b6,3,0|3|8,50.9104,120,1
3,b6,3,0|3|9,53.4435,120,1
3,b6,3,0|4|5,50.7674,120,1
3,b6,3,0|4|6,46.5740,120,1
3,b6,3,0|4|7,55.7450,120,1
3,b6,3,0|4|8,53.7440,120,1
3,b6,3,0|4|9,56.5614,120,1
3,b6,3,0|5|6,49.4403,120,1
3,b6,3,0|5|7,56.8926,120,1
3,b6,3,0|5|8,54.5690,120,1
3,b6,3,0|5|9,55.6072,120,1
3,b6,3,0|6|7,57.9621,120,1
3,b6,3,0|6|8,57.1981,120,1
3,b6,3,0|6|9,57.6861,120,1
3,b6,3,0|7|8,59.2135,120,1
3,b6,3,0|7|9,62.7204,120,1
3,b6,3,0|8|9,58.0968,120,1
3,b6,3,1|2|3,15.2780,120,1
3,b6,3,1|2|4,20.7420,120,1
3,b6,3,1|2|5,19.2255,120,1
3,b6,3,1|2|6,21.3832,120,1
3,b6,3,1|2|7,22.2668,120,1
3,b6,3,1|2|8,20.8342,120,1
3,b6,3,1|2|9,20.8910,120,1
3,b6,3,1|3|4,19.8765,120,1
3,b6,3,1|3|5,18.5506,120,1
3,b6,3,1|3|6,19.4339,120,1
3,b6,3,1|3|7,19.8576,120,1
3,b6,3,1|3|8,18.9373,120,1
3,b6,3,1|3|9,19.3370,120,1
3,b6,3,1|4|5,18.1287,120,1
3,b6,3,1|4|6,19.3207,120,1
3,b6,3,1|4|7,23.7477,120,1
3,b6,3,1|4|8,19.7887,120,1
3,b6,3,1|4|9,24.1458,120,1
3,b6,3,1|5|6,19.1547,120,1
3,b6,3,1|5|7,19.9863,120,1
3,b6,3,1|5|8,18.9947,120,1
3,b6,3,1|5|9,19.2251,120,1
3,b6,3,1|6|7,21.7405,120,1
3,b6,3,1|6|8,19.8246,120,1
3,b6,3,1|6|9,20.0797,120,1
3,b6,3,1|7|8,21.7184,120,1
3,b6,3,1|7|9,21.6088,120,1
3,b6,3,1|8|9,19.1872,120,1
3,b6,3,2|3|4,23.0259,120,1
3,b6,3,2|3|5,24.8933,120,1
3,b6,3,2|3|6,26.5574,120,1
3,b6,3,2|3|7,27.5975,120,1
3,b6,3,2|3|8,26.8348,120,1
3,b6,3,2|3|9,27.4082,120,1
3,b6,3,2|4|5,53.8603,120,1
3,b6,3,2|4|6,48.4118,120,1
3,b6,3,2|4|7,53.9444,120,1
3,b6,3,2|4|8,53.1552,120,1
3,b6,3,2|4|9,54.5093,120,1
3,b6,3,2|5|6,53.0973,120,1
3,b6,3,2|5|7,57.8879,120,1
3,b6,3,2|5|8,55.5282,120,1
3,b6,3,2|5|9,59.3776,120,1
3,b6,3,2|6|7,55.9743,120,1
3,b6,3,2|6|8,54.6943,120,1
3,b6,3,2|6|9,56.9431,120,1
3,b6,3,2|7|8,54.6407,120,1
3,b6,3,2|7|9,59.9669,120,1
3,b6,3,2|8|9,56.1257,120,1
3,b6,3,3|4|5,46.7042,120,1
3,b6,3,3|4|6,46.7741,120,1
3,b6,3,3|4|7,50.0133,120,1
3,b6,3,3|4|8,47.9117,120,1
3,b6,3,3|4|9,53.9002,120,1
3,b6,3,3|5|6,54.2490,120,1
3,b6,3,3|5|7,57.8898,120,1
3,b6,3,3|5|8,57.4348,120,1
3,b6,3,3|5|9,60.5404,120,1
3,b6,3,3|6|7,55.0261,120,1
3,b6,3,3|6|8,54.6192,120,1
3,b6,3,3|6|9,56.7311,120,1
3,b6,3,3|7|8,56.1042,120,1
3,b6,3,3|7|9,60.2528,120,1
3,b6,3,3|8|9,58.4120,120,1
3,b6,3,4|5|6,46.6843,120,1
3,b6,3,4|5|7,52.0008,120,1
3,b6,3,4|5|8,50.7102,120,1
3,b6,3,4|5|9,53.6638,120,1
3,b6,3,4|6|7,51.4795,120,1
3,b6,3,4|6|8,49.9196,120,1
3,b6,3,4|6|9,53.8148,120,1
3,b6,3,4|7|8,53.3134,120,1
3,b6,3,4|7|9,58.5245,120,1
3,b6,3,4|8|9,55.6065,120,1
3,b6,3,5|6|7,51.7502,120,1
3,b6,3,5|6|8,52.4630,120,1
3,b6,3,5|6|9,52.4612,120,1
3,b6,3,5|7|8,52.3775,120,1
3,b6,3,5|7|9,55.3813,120,1
3,b6,3,5|8|9,53.1018,120,1
3,b6,3,6|7|8,52.8693,120,1
3,b6,3,6|7|9,58.4543,120,1
3,b6,3,6|8|9,57.8100,120,1
3,b6,3,7|8|9,55.1189,120,1
3,b6,4,0|1|2|3,9.7878,210,1
3,b6,4,0|1|2|4,21.6498,210,1
3,b6,4,0|1|2|5,18.1489,210,1
3,b6,4,0|1|2|6,19.3523,210,1
3,b6,4,0|1|2|7,20.4643,210,1
3,b6,4,0|1|2|8,19.1133,210,1
3,b6,4,0|1|2|9,20.3524,210,1
3,b6,4,0|1|3|4,18.4320,210,1
3,b6,4,0|1|3|5,16.3662,210,1
3,b6,4,0|1|3|6,16.8961,210,1
3,b6,4,0|1|3|7,17.5147,210,1
3,b6,4,0|1|3|8,17.1652,210,1
3,b6,4,0|1|3|9,17.8330,210,1
3,b6,4,0|1|4|5,15.0534,210,1
3,b6,4,0|1|4|6,18.8939,210,1
3,b6,4,0|1|4|7,21.9516,210,1
3,b6,4,0|1|4|8,17.6666,210,1
3,b6,4,0|1|4|9,20.3444,210,1
3,b6,4,0|1|5|6,16.2148,210,1
3,b6,4,0|1|5|7,17.9926,210,1
3,b6,4,0|1|5|8,16.5389,210,1
3,b6,4,0|1|5|9,17.2516,210,1
3,b6,4,0|1|6|7,19.3206,210,1
3,b6,4,0|1|6|8,18.4107,210,1
3,b6,4,0|1|6|9,18.4950,210,1
3,b6,4,0|1|7|8,18.9786,210,1
3,b6,4,0|1|7|9,19.4955,210,1
3,b6,4,0|1|8|9,15.9579,210,1
3,b6,4,0|2|3|4,19.6529,210,1
3,b6,4,0|2|3|5,24.5825,210,1
3,b6,4,0|2|3|6,23.8164,210,1
3,b6,4,0|2|3|7,25.8949,210,1
3,b6,4,0|2|3|8,25.0791,210,1
3,b6,4,0|2|3|9,25.4009,210,1
3,b6,4,0|2|4|5,48.4418,210,1
3,b6,4,0|2|4|6,42.1790,210,1
3,b6,4,0|2|4|7,50.0915,210,1
3,b6,4,0|2|4|8,48.0697,210,1
3,b6,4,0|2|4|9,51.0653,210,1
3,b6,4,0|2|5|6,45.6806,210,1
3,b6,4,0|2|5|7,53.1589,210,1
3,b6,4,0|2|5|8,50.6540,210,1
3,b6,4,0|2|5|9,51.8984,210,1
3,b6,4,0|2|6|7,50.5184,210,1
3,b6,4,0|2|6|8,49.4644,210,1
3,b6,4,0|2|6|9,51.1360,210,1
3,b6,4,0|2|7|8,53.2635,210,1
3,b6,4,0|2|7|9,56.5662,210,1
3,b6,4,0|2|8|9,51.4815,210,1
3,b6,4,0|3|4|5,41.0088,210,1
3,b6,4,0|3|4|6,34.9534,210,1
3,b6,4,0|3|4|7,44.7240,210,1
3,b6,4,0|3|4|8,42.7077,210,1
3,b6,4,0|3|4|9,47.3806,210,1
3,b6,4,0|3|5|6,44.3288,210,1
3,b6,4,0|3|5|7,52.8232,210,1
3,b6,4,0|3|5|8,51.8379,210,1
3,b6,4,0|3|5|9,53.9405,210,1
3,b6,4,0|3|6|7,48.1130,210,1
3,b6,4,0|3|6|8,45.2032,210,1
3,b6,4,0|3|6|9,47.8778,210,1
3,b6,4,0|3|7|8,50.9138,210,1
3,b6,4,0|3|7|9,54.2217,210,1
3,b6,4,0|3|8|9,53.2976,210,1
3,b6,4,0|4|5|6,38.7718,210,1
3,b6,4,0|4|5|7,47.0226,210,1
3,b6,4,0|4|5|8,45.0573,210,1
3,b6,4,0|4|5|9,46.8778,210,1
3,b6,4,0|4|6|7,47.5174,210,1
3,b6,4,0|4|6|8,44.9253,210,1
3,b6,4,0|4|6|9,48.4721,210,1
3,b6,4,0|4|7|8,51.9128,210,1
3,b6,4,0|4|7|9,56.0312,210,1
3,b6,4,0|4|8|9,52.0128,210,1
3,b6,4,0|5|6|7,43.8030,210,1
3,b6,4,0|5|6|8,44.2157,210,1
3,b6,4,0|5|6|9,44.1475,210,1
3,b6,4,0|5|7|8,44.3043,210,1
3,b6,4,0|5|7|9,47.0577,210,1
3,b6,4,0|5|8|9,46.0425,210,1
3,b6,4,0|6|7|8,51.1737,210,1
3,b6,4,0|6|7|9,56.4025,210,1
3,b6,4,0|6|8|9,51.7420,210,1
3,b6,4,0|7|8|9,50.3316,210,1
3,b6,4,1|2|3|4,13.0959,210,1
3,b6,4,1|2|3|5,14.9921,210,1
3,b6,4,1|2|3|6,15.8789,210,1
3,b6,4,1|2|3|7,15.6416,210,1
3,b6,4,1|2|3|8,15.5763,210,1
3,b6,4,1|2|3|9,15.2740,210,1
3,b6,4,1|2|4|5,19.3648,210,1
3,b6,4,1|2|4|6,18.2328,210,1
3,b6,4,1|2|4|7,22.0622,210,1
3,b6,4,1|2|4|8,19.8840,210,1
3,b6,4,1|2|4|9,22.2183,210,1
3,b6,4,1|2|5|6,18.4820,210,1
3,b6,4,1|2|5|7,20.2191,210,1
3,b6,4,1|2|5|8,18.8839,210,1
3,b6,4,1|2|5|9,19.6397,210,1
3,b6,4,1|2|6|7,21.5935,210,1
3,b6,4,1|2|6|8,20.5943,210,1
3,b6,4,1|2|6|9,21.7416,210,1
3,b6,4,1|2|7|8,22.2212,210,1
3,b6,4,1|2|7|9,21.1469,210,1
3,b6,4,1|2|8|9,19.3039,210,1
3,b6,4,1|3|4|5,17.2355,210,1
3,b6,4,1|3|4|6,19.4075,210,1
3,b6,4,1|3|4|7,20.9560,210,1
3,b6,4,1|3|4|8,18.5908,210,1
3,b6,4,1|3|4|9,20.9567,210,1
3,b6,4,1|3|5|6,17.8444,210,1
3,b6,4,1|3|5|7,19.0397,210,1
3,b6,4,1|3|5|8,17.9512,210,1
3,b6,4,1|3|5|9,18.7602,210,1
3,b6,4,1|3|6|7,20.3720,210,1
3,b6,4,1|3|6|8,19.4613,210,1
3,b6,4,1|3|6|9,19.2208,210,1
3,b6,4,1|3|7|8,19.1183,210,1
3,b6,4,1|3|7|9,19.5114,210,1
3,b6,4,1|3|8|9,18.7772,210,1
3,b6,4,1|4|5|6,14.9091,210,1
3,b6,4,1|4|5|7,17.8060,210,1
3,b6,4,1|4|5|8,14.9548,210,1
3,b6,4,1|4|5|9,16.5062,210,1
3,b6,4,1|4|6|7,20.7441,210,1
3,b6,4,1|4|6|8,19.3215,210,1
3,b6,4,1|4|6|9,20.7431,210,1
3,b6,4,1|4|7|8,19.8400,210,1
3,b6,4,1|4|7|9,24.0793,210,1
3,b6,4,1|4|8|9,16.8042,210,1
3,b6,4,1|5|6|7,18.1042,210,1
3,b6,4,1|5|6|8,16.5997,210,1
3,b6,4,1|5|6|9,16.7818,210,1
3,b6,4,1|5|7|8,17.8150,210,1
3,b6,4,1|5|7|9,17.3098,210,1
3,b6,4,1|5|8|9,15.7211,210,1
3,b6,4,1|6|7|8,21.4773,210,1
3,b6,4,1|6|7|9,21.2806,210,1
3,b6,4,1|6|8|9,18.4379,210,1
3,b6,4,1|7|8|9,19.0841,210,1
3,b6,4,2|3|4|5,20.9299,210,1
3,b6,4,2|3|4|6,22.0061,210,1
3,b6,4,2|3|4|7,22.4017,210,1
3,b6,4,2|3|4|8,22.1468,210,1
3,b6,4,2|3|4|9,22.0607,210,1
3,b6,4,2|3|5|6,23.5681,210,1
3,b6,4,2|3|5|7,27.2307,210,1
3,b6,4,2|3|5|8,23.7930,210,1
3,b6,4,2|3|5|9,26.3946,210,1
3,b6,4,2|3|6|7,26.9239,210,1
3,b6,4,2|3|6|8,24.3043,210,1
3,b6,4,2|3|6|9,26.4678,210,1
3,b6,4,2|3|7|8,25.9079,210,1
3,b6,4,2|3|7|9,28.0586,210,1
3,b6,4,2|3|8|9,25.5559,210,1
3,b6,4,2|4|5|6,46.7411,210,1
3,b6,4,2|4|5|7,52.7624,210,1
3,b6,4,2|4|5|8,49.2623,210,1
3,b6,4,2|4|5|9,54.0289,210,1
3,b6,4,2|4|6|7,48.8661,210,1
3,b6,4,2|4|6|8,48.7859,210,1
3,b6,4,2|4|6|9,50.1983,210,1
3,b6,4,2|4|7|8,49.4832,210,1
3,b6,4,2|4|7|9,54.4371,210,1
3,b6,4,2|4|8|9,53.3291,210,1
3,b6,4,2|5|6|7,50.0347,210,1
3,b6,4,2|5|6|8,49.1562,210,1
3,b6,4,2|5|6|9,51.6578,210,1
3,b6,4,2|5|7|8,49.3753,210,1
3,b6,4,2|5|7|9,54.6445,210,1
3,b6,4,2|5|8|9,50.3475,210,1
3,b6,4,2|6|7|8,49.5620,210,1
3,b6,4,2|6|7|9,56.0968,210,1
3,b6,4,2|6|8|9,52.6716,210,1
3,b6,4,2|7|8|9,49.9710,210,1
3,b6,4,3|4|5|6,43.1523,210,1
3,b6,4,3|4|5|7,45.1520,210,1
3,b6,4,3|4|5|8,42.7202,210,1
3,b6,4,3|4|5|9,49.8025,210,1
3,b6,4,3|4|6|7,46.6890,210,1
3,b6,4,3|4|6|8,46.1628,210,1
3,b6,4,3|4|6|9,49.8026,210,1
3,b6,4,3|4|7|8,44.1847,210,1
3,b6,4,3|4|7|9,51.7971,210,1
3,b6,4,3|4|8|9,47.9962,210,1
3,b6,4,3|5|6|7,50.3464,210,1
3,b6,4,3|5|6|8,49.2536,210,1
3,b6,4,3|5|6|9,54.0361,210,1
3,b6,4,3|5|7|8,48.2504,210,1
3,b6,4,3|5|7|9,54.9156,210,1
3,b6,4,3|5|8|9,53.3748,210,1
3,b6,4,3|6|7|8,49.4339,210,1
3,b6,4,3|6|7|9,56.4078,210,1
3,b6,4,3|6|8|9,54.7843,210,1
3,b6,4,3|7|8|9,50.4380,210,1
3,b6,4,4|5|6|7,40.7990,210,1
3,b6,4,4|5|6|8,40.7637,210,1
3,b6,4,4|5|6|9,42.6550,210,1
3,b6,4,4|5|7|8,42.9244,210,1
3,b6,4,4|5|7|9,46.0080,210,1
3,b6,4,4|5|8|9,44.9433,210,1
3,b6,4,4|6|7|8,45.2106,210,1
3,b6,4,4|6|7|9,50.5460,210,1
3,b6,4,4|6|8|9,49.6183,210,1
3,b6,4,4|7|8|9,49.0338,210,1
3,b6,4,5|6|7|8,40.0793,210,1
3,b6,4,5|6|7|9,44.0003,210,1
3,b6,4,5|6|8|9,43.6861,210,1
3,b6,4,5|7|8|9,42.9718,210,1
3,b6,4,6|7|8|9,47.8272,210,1
3,b6,5,0|1|2|3|4,6.7756,252,1
3,b6,5,0|1|2|3|5,9.5282,252,1
3,b6,5,0|1|2|3|6,9.7861,252,1
3,b6,5,0|1|2|3|7,10.0124,252,1
3,b6,5,0|1|2|3|8,10.1161,252,1
3,b6,5,0|1|2|3|9,10.3171,252,1
3,b6,5,0|1|2|4|5,16.1079,252,1
3,b6,5,0|1|2|4|6,16.6626,252,1
3,b6,5,0|1|2|4|7,21.6642,252,1
3,b6,5,0|1|2|4|8,17.3550,252,1
3,b6,5,0|1|2|4|9,20.1887,252,1
3,b6,5,0|1|2|5|6,16.4691,252,1
3,b6,5,0|1|2|5|7,18.6153,252,1
3,b6,5,0|1|2|5|8,16.7023,252,1
3,b6,5,0|1|2|5|9,17.7207,252,1
3,b6,5,0|1|2|6|7,20.5255,252,1
3,b6,5,0|1|2|6|8,17.7313,252,1
3,b6,5,0|1|2|6|9,19.0740,252,1
3,b6,5,0|1|2|7|8,19.4433,252,1
3,b6,5,0|1|2|7|9,19.6386,252,1
3,b6,5,0|1|2|8|9,17.5675,252,1
3,b6,5,0|1|3|4|5,17.5732,252,1
3,b6,5,0|1|3|4|6,14.6431,252,1
3,b6,5,0|1|3|4|7,20.9558,252,1
3,b6,5,0|1|3|4|8,17.6709,252,1
3,b6,5,0|1|3|4|9,20.6016,252,1
3,b6,5,0|1|3|5|6,16.8822,252,1
3,b6,5,0|1|3|5|7,16.8283,252,1
3,b6,5,0|1|3|5|8,17.3207,252,1
3,b6,5,0|1|3|5|9,16.9470,252,1
3,b6,5,0|1|3|6|7,18.2215,252,1
3,b6,5,0|1|3|6|8,18.0697,252,1
3,b6,5,0|1|3|6|9,18.1369,252,1
3,b6,5,0|1|3|7|8,17.8773,252,1
3,b6,5,0|1|3|7|9,18.1882,252,1
3,b6,5,0|1|3|8|9,17.7357,252,1
3,b6,5,0|1|4|5|6,11.1328,252,1
3,b6,5,0|1|4|5|7,14.5532,252,1
3,b6,5,0|1|4|5|8,13.1310,252,1
3,b6,5,0|1|4|5|9,13.4487,252,1
3,b6,5,0|1|4|6|7,19.0831,252,1
3,b6,5,0|1|4|6|8,16.2361,252,1
3,b6,5,0|1|4|6|9,18.9728,252,1
3,b6,5,0|1|4|7|8,17.5492,252,1
3,b6,5,0|1|4|7|9,18.8191,252,1
3,b6,5,0|1|4|8|9,14.2226,252,1
3,b6,5,0|1|5|6|7,14.3861,252,1
3,b6,5,0|1|5|6|8,12.8278,252,1
3,b6,5,0|1|5|6|9,13.2188,252,1
3,b6,5,0|1|5|7|8,14.5629,252,1
3,b6,5,0|1|5|7|9,14.1542,252,1
3,b6,5,0|1|5|8|9,12.5394,252,1
3,b6,5,0|1|6|7|8,17.8291,252,1
3,b6,5,0|1|6|7|9,18.4702,252,1
3,b6,5,0|1|6|8|9,15.0742,252,1
3,b6,5,0|1|7|8|9,15.0443,252,1
3,b6,5,0|2|3|4|5,16.7761,252,1
3,b6,5,0|2|3|4|6,15.1344,252,1
3,b6,5,0|2|3|4|7,20.0945,252,1
3,b6,5,0|2|3|4|8,18.6359,252,1
3,b6,5,0|2|3|4|9,20.1859,252,1
3,b6,5,0|2|3|5|6,22.2672,252,1
3,b6,5,0|2|3|5|7,26.1897,252,1
3,b6,5,0|2|3|5|8,23.4150,252,1
3,b6,5,0|2|3|5|9,25.5936,252,1
3,b6,5,0|2|3|6|7,25.2179,252,1
3,b6,5,0|2|3|6|8,23.4236,252,1
3,b6,5,0|2|3|6|9,23.7508,252,1
3,b6,5,0|2|3|7|8,24.9472,252,1
3,b6,5,0|2|3|7|9,25.6335,252,1
3,b6,5,0|2|3|8|9,24.0089,252,1
3,b6,5,0|2|4|5|6,39.5004,252,1
3,b6,5,0|2|4|5|7,47.5510,252,1
3,b6,5,0|2|4|5|8,43.6731,252,1
3,b6,5,0|2|4|5|9,48.4278,252,1
3,b6,5,0|2|4|6|7,44.0540,252,1
3,b6,5,0|2|4|6|8,42.6871,252,1
3,b6,5,0|2|4|6|9,45.4283,252,1
3,b6,5,0|2|4|7|8,48.3911,252,1
3,b6,5,0|2|4|7|9,52.2838,252,1
3,b6,5,0|2|4|8|9,50.4631,252,1
3,b6,5,0|2|5|6|7,43.8106,252,1
3,b6,5,0|2|5|6|8,44.8486,252,1
3,b6,5,0|2|5|6|9,43.7106,252,1
3,b6,5,0|2|5|7|8,42.8790,252,1
3,b6,5,0|2|5|7|9,46.8617,252,1
3,b6,5,0|2|5|8|9,44.5045,252,1
3,b6,5,0|2|6|7|8,46.5346,252,1
3,b6,5,0|2|6|7|9,51.3030,252,1
3,b6,5,0|2|6|8|9,49.9674,252,1
3,b6,5,0|2|7|8|9,46.4752,252,1
3,b6,5,0|3|4|5|6,32.4949,252,1
3,b6,5,0|3|4|5|7,41.4280,252,1
3,b6,5,0|3|4|5|8,39.3590,252,1
3,b6,5,0|3|4|5|9,44.0930,252,1
3,b6,5,0|3|4|6|7,37.4999,252,1
3,b6,5,0|3|4|6|8,35.6906,252,1
3,b6,5,0|3|4|6|9,38.5454,252,1
3,b6,5,0|3|4|7|8,40.8243,252,1
3,b6,5,0|3|4|7|9,48.4712,252,1
3,b6,5,0|3|4|8|9,42.0899,252,1
3,b6,5,0|3|5|6|7,42.4572,252,1
3,b6,5,0|3|5|6|8,42.0640,252,1
3,b6,5,0|3|5|6|9,43.7249,252,1
3,b6,5,0|3|5|7|8,42.5236,252,1
3,b6,5,0|3|5|7|9,48.6399,252,1
3,b6,5,0|3|5|8|9,47.0172,252,1
3,b6,5,0|3|6|7|8,41.9926,252,1
3,b6,5,0|3|6|7|9,50.2282,252,1
3,b6,5,0|3|6|8|9,45.3169,252,1
3,b6,5,0|3|7|8|9,45.1375,252,1
3,b6,5,0|4|5|6|7,35.5395,252,1
3,b6,5,0|4|5|6|8,34.3543,252,1
3,b6,5,0|4|5|6|9,35.3229,252,1
3,b6,5,0|4|5|7|8,36.3938,252,1
3,b6,5,0|4|5|7|9,39.8788,252,1
3,b6,5,0|4|5|8|9,39.3614,252,1
3,b6,5,0|4|6|7|8,41.5623,252,1
3,b6,5,0|4|6|7|9,47.5102,252,1
3,b6,5,0|4|6|8|9,45.1764,252,1
3,b6,5,0|4|7|8|9,46.5951,252,1
3,b6,5,0|5|6|7|8,29.6686,252,1
3,b6,5,0|5|6|7|9,33.0716,252,1
3,b6,5,0|5|6|8|9,32.2202,252,1
3,b6,5,0|5|7|8|9,31.1287,252,1
3,b6,5,0|6|7|8|9,41.6848,252,1
3,b6,5,1|2|3|4|5,10.9240,252,1
3,b6,5,1|2|3|4|6,13.4209,252,1
3,b6,5,1|2|3|4|7,13.8455,252,1
3,b6,5,1|2|3|4|8,11.9382,252,1
3,b6,5,1|2|3|4|9,12.9860,252,1
3,b6,5,1|2|3|5|6,15.4667,252,1
3,b6,5,1|2|3|5|7,15.3724,252,1
3,b6,5,1|2|3|5|8,14.6333,252,1
3,b6,5,1|2|3|5|9,15.3674,252,1
3,b6,5,1|2|3|6|7,16.1048,252,1
3,b6,5,1|2|3|6|8,16.3271,252,1
3,b6,5,1|2|3|6|9,16.1120,252,1
3,b6,5,1|2|3|7|8,16.3671,252,1
3,b6,5,1|2|3|7|9,16.0607,252,1
3,b6,5,1|2|3|8|9,15.2232,252,1
3,b6,5,1|2|4|5|6,16.0263,252,1
3,b6,5,1|2|4|5|7,17.8321,252,1
3,b6,5,1|2|4|5|8,15.5175,252,1
3,b6,5,1|2|4|5|9,17.8520,252,1
3,b6,5,1|2|4|6|7,19.3544,252,1
3,b6,5,1|2|4|6|8,17.0461,252,1
3,b6,5,1|2|4|6|9,18.0137,252,1
3,b6,5,1|2|4|7|8,19.4809,252,1
3,b6,5,1|2|4|7|9,21.8067,252,1
3,b6,5,1|2|4|8|9,16.4320,252,1
3,b6,5,1|2|5|6|7,18.2655,252,1
3,b6,5,1|2|5|6|8,16.9279,252,1
3,b6,5,1|2|5|6|9,17.7046,252,1
3,b6,5,1|2|5|7|8,18.5199,252,1
3,b6,5,1|2|5|7|9,17.9819,252,1
3,b6,5,1|2|5|8|9,15.8831,252,1
3,b6,5,1|2|6|7|8,21.9865,252,1
3,b6,5,1|2|6|7|9,21.8315,252,1
3,b6,5,1|2|6|8|9,18.9765,252,1
3,b6,5,1|2|7|8|9,19.2986,252,1
3,b6,5,1|3|4|5|6,17.2229,252,1
3,b6,5,1|3|4|5|7,17.9859,252,1
3,b6,5,1|3|4|5|8,15.9022,252,1
3,b6,5,1|3|4|5|9,18.2754,252,1
3,b6,5,1|3|4|6|7,20.4584,252,1
3,b6,5,1|3|4|6|8,17.7685,252,1
3,b6,5,1|3|4|6|9,20.1332,252,1
3,b6,5,1|3|4|7|8,19.6871,252,1
3,b6,5,1|3|4|7|9,21.9437,252,1
3,b6,5,1|3|4|8|9,17.6210,252,1
3,b6,5,1|3|5|6|7,18.2339,252,1
3,b6,5,1|3|5|6|8,16.7908,252,1
3,b6,5,1|3|5|6|9,18.1114,252,1
3,b6,5,1|3|5|7|8,18.5165,252,1
3,b6,5,1|3|5|7|9,19.1149,252,1
3,b6,5,1|3|5|8|9,17.6734,252,1
3,b6,5,1|3|6|7|8,19.2030,252,1
3,b6,5,1|3|6|7|9,19.7520,252,1
3,b6,5,1|3|6|8|9,18.4149,252,1
3,b6,5,1|3|7|8|9,19.6172,252,1
3,b6,5,1|4|5|6|7,14.4351,252,1
3,b6,5,1|4|5|6|8,12.8267,252,1
3,b6,5,1|4|5|6|9,13.4430,252,1
3,b6,5,1|4|5|7|8,14.8811,252,1
3,b6,5,1|4|5|7|9,15.2053,252,1
3,b6,5,1|4|5|8|9,13.0131,252,1
3,b6,5,1|4|6|7|8,19.4288,252,1
3,b6,5,1|4|6|7|9,21.4566,252,1
3,b6,5,1|4|6|8|9,17.5151,252,1
3,b6,5,1|4|7|8|9,16.0434,252,1
3,b6,5,1|5|6|7|8,15.2370,252,1
3,b6,5,1|5|6|7|9,14.7502,252,1
3,b6,5,1|5|6|8|9,13.3111,252,1
3,b6,5,1|5|7|8|9,13.6136,252,1
3,b6,5,1|6|7|8|9,18.3921,252,1
3,b6,5,2|3|4|5|6,19.4919,252,1
3,b6,5,2|3|4|5|7,20.7575,252,1
3,b6,5,2|3|4|5|8,17.8185,252,1
3,b6,5,2|3|4|5|9,19.3318,252,1
3,b6,5,2|3|4|6|7,21.7405,252,1
3,b6,5,2|3|4|6|8,19.9822,252,1
3,b6,5,2|3|4|6|9,20.2672,252,1
3,b6,5,2|3|4|7|8,20.1868,252,1
3,b6,5,2|3|4|7|9,21.2515,252,1
3,b6,5,2|3|4|8|9,20.2041,252,1
3,b6,5,2|3|5|6|7,23.5687,252,1
3,b6,5,2|3|5|6|8,21.6912,252,1
3,b6,5,2|3|5|6|9,24.9720,252,1
3,b6,5,2|3|5|7|8,23.6604,252,1
3,b6,5,2|3|5|7|9,26.1072,252,1
3,b6,5,2|3|5|8|9,22.9961,252,1
3,b6,5,2|3|6|7|8,23.0183,252,1
3,b6,5,2|3|6|7|9,25.8771,252,1
3,b6,5,2|3|6|8|9,22.2460,252,1
3,b6,5,2|3|7|8|9,22.1700,252,1
3,b6,5,2|4|5|6|7,42.6769,252,1
3,b6,5,2|4|5|6|8,40.8066,252,1
3,b6,5,2|4|5|6|9,46.2163,252,1
3,b6,5,2|4|5|7|8,41.7303,252,1
3,b6,5,2|4|5|7|9,48.4051,252,1
3,b6,5,2|4|5|8|9,44.6403,252,1
3,b6,5,2|4|6|7|8,43.5988,252,1
3,b6,5,2|4|6|7|9,48.2869,252,1
3,b6,5,2|4|6|8|9,46.4395,252,1
3,b6,5,2|4|7|8|9,45.4550,252,1
3,b6,5,2|5|6|7|8,37.9813,252,1
3,b6,5,2|5|6|7|9,43.6436,252,1
3,b6,5,2|5|6|8|9,42.6149,252,1
3,b6,5,2|5|7|8|9,41.6624,252,1
3,b6,5,2|6|7|8|9,45.1419,252,1
3,b6,5,3|4|5|6|7,39.1965,252,1
3,b6,5,3|4|5|6|8,37.5263,252,1
3,b6,5,3|4|5|6|9,44.5062,252,1
3,b6,5,3|4|5|7|8,34.2802,252,1
3,b6,5,3|4|5|7|9,43.3753,252,1
3,b6,5,3|4|5|8|9,39.8687,252,1
3,b6,5,3|4|6|7|8,40.2667,252,1
3,b6,5,3|4|6|7|9,47.2498,252,1
3,b6,5,3|4|6|8|9,44.0773,252,1
3,b6,5,3|4|7|8|9,40.3258,252,1
3,b6,5,3|5|6|7|8,38.3251,252,1
3,b6,5,3|5|6|7|9,45.1893,252,1
3,b6,5,3|5|6|8|9,45.6535,252,1
3,b6,5,3|5|7|8|9,41.0946,252,1
3,b6,5,3|6|7|8|9,45.3225,252,1
3,b6,5,4|5|6|7|8,30.8079,252,1
3,b6,5,4|5|6|7|9,35.4948,252,1
3,b6,5,4|5|6|8|9,34.1427,252,1
3,b6,5,4|5|7|8|9,32.7772,252,1
3,b6,5,4|6|7|8|9,37.9898,252,1
3,b6,5,5|6|7|8|9,28.4175,252,1
3,b6,6,0|1|2|3|4|5,4.6300,210,1
3,b6,6,0|1|2|3|4|6,6.2293,210,1
3,b6,6,0|1|2|3|4|7,7.4395,210,1
3,b6,6,0|1|2|3|4|8,4.9319,210,1
3,b6,6,0|1|2|3|4|9,7.5232,210,1
3,b6,6,0|1|2|3|5|6,9.9037,210,1
3,b6,6,0|1|2|3|5|7,9.8071,210,1
3,b6,6,0|1|2|3|5|8,9.4213,210,1
3,b6,6,0|1|2|3|5|9,9.7335,210,1
3,b6,6,0|1|2|3|6|7,9.8027,210,1
3,b6,6,0|1|2|3|6|8,10.3986,210,1
3,b6,6,0|1|2|3|6|9,10.6255,210,1
3,b6,6,0|1|2|3|7|8,10.5852,210,1
3,b6,6,0|1|2|3|7|9,10.6842,210,1
3,b6,6,0|1|2|3|8|9,10.1644,210,1
3,b6,6,0|1|2|4|5|6,11.7067,210,1
3,b6,6,0|1|2|4|5|7,14.5394,210,1
3,b6,6,0|1|2|4|5|8,12.9664,210,1
3,b6,6,0|1|2|4|5|9,14.2386,210,1
3,b6,6,0|1|2|4|6|7,17.5024,210,1
3,b6,6,0|1|2|4|6|8,14.7605,210,1
3,b6,6,0|1|2|4|6|9,17.4658,210,1
3,b6,6,0|1|2|4|7|8,16.9241,210,1
3,b6,6,0|1|2|4|7|9,19.6933,210,1
3,b6,6,0|1|2|4|8|9,13.6051,210,1
3,b6,6,0|1|2|5|6|7,15.5819,210,1
3,b6,6,0|1|2|5|6|8,13.6164,210,1
3,b6,6,0|1|2|5|6|9,14.3338,210,1
3,b6,6,0|1|2|5|7|8,15.9885,210,1
3,b6,6,0|1|2|5|7|9,15.9624,210,1
3,b6,6,0|1|2|5|8|9,13.6393,210,1
3,b6,6,0|1|2|6|7|8,18.0144,210,1
3,b6,6,0|1|2|6|7|9,19.0849,210,1
3,b6,6,0|1|2|6|8|9,16.9841,210,1
3,b6,6,0|1|2|7|8|9,16.4291,210,1
3,b6,6,0|1|3|4|5|6,12.8871,210,1
3,b6,6,0|1|3|4|5|7,17.9182,210,1
3,b6,6,0|1|3|4|5|8,14.2745,210,1
3,b6,6,0|1|3|4|5|9,18.2846,210,1
3,b6,6,0|1|3|4|6|7,16.2173,210,1
3,b6,6,0|1|3|4|6|8,13.3017,210,1
3,b6,6,0|1|3|4|6|9,14.6637,210,1
3,b6,6,0|1|3|4|7|8,18.0566,210,1
3,b6,6,0|1|3|4|7|9,22.9024,210,1
3,b6,6,0|1|3|4|8|9,15.1468,210,1
3,b6,6,0|1|3|5|6|7,16.1978,210,1
3,b6,6,0|1|3|5|6|8,15.3146,210,1
3,b6,6,0|1|3|5|6|9,16.3936,210,1
3,b6,6,0|1|3|5|7|8,17.6166,210,1
3,b6,6,0|1|3|5|7|9,17.2235,210,1
3,b6,6,0|1|3|5|8|9,16.8667,210,1
3,b6,6,0|1|3|6|7|8,17.6618,210,1
3,b6,6,0|1|3|6|7|9,17.6891,210,1
3,b6,6,0|1|3|6|8|9,17.2680,210,1
3,b6,6,0|1|3|7|8|9,16.7820,210,1
3,b6,6,0|1|4|5|6|7,10.8596,210,1
3,b6,6,0|1|4|5|6|8,10.3822,210,1
3,b6,6,0|1|4|5|6|9,10.8468,210,1
3,b6,6,0|1|4|5|7|8,12.1814,210,1
3,b6,6,0|1|4|5|7|9,12.2603,210,1
3,b6,6,0|1|4|5|8|9,11.1598,210,1
3,b6,6,0|1|4|6|7|8,15.3550,210,1
3,b6,6,0|1|4|6|7|9,17.7415,210,1
3,b6,6,0|1|4|6|8|9,14.0923,210,1
3,b6,6,0|1|4|7|8|9,12.7047,210,1
3,b6,6,0|1|5|6|7|8,10.3455,210,1
3,b6,6,0|1|5|6|7|9,12.0520,210,1
3,b6,6,0|1|5|6|8|9,9.7751,210,1
3,b6,6,0|1|5|7|8|9,10.0440,210,1
3,b6,6,0|1|6|7|8|9,11.7932,210,1
3,b6,6,0|2|3|4|5|6,12.5062,210,1
3,b6,6,0|2|3|4|5|7,16.7625,210,1
3,b6,6,0|2|3|4|5|8,14.0868,210,1
3,b6,6,0|2|3|4|5|9,15.3476,210,1
3,b6,6,0|2|3|4|6|7,15.5461,210,1
3,b6,6,0|2|3|4|6|8,13.9904,210,1
3,b6,6,0|2|3|4|6|9,14.9704,210,1
3,b6,6,0|2|3|4|7|8,17.1821,210,1
3,b6,6,0|2|3|4|7|9,19.5598,210,1
3,b6,6,0|2|3|4|8|9,16.3317,210,1
3,b6,6,0|2|3|5|6|7,24.0419,210,1
3,b6,6,0|2|3|5|6|8,21.8887,210,1
3,b6,6,0|2|3|5|6|9,24.8763,210,1
3,b6,6,0|2|3|5|7|8,23.3609,210,1
3,b6,6,0|2|3|5|7|9,25.4277,210,1
3,b6,6,0|2|3|5|8|9,23.5443,210,1
3,b6,6,0|2|3|6|7|8,22.8999,210,1
3,b6,6,0|2|3|6|7|9,25.6118,210,1
3,b6,6,0|2|3|6|8|9,22.6644,210,1
3,b6,6,0|2|3|7|8|9,22.0947,210,1
3,b6,6,0|2|4|5|6|7,35.9155,210,1
3,b6,6,0|2|4|5|6|8,34.9220,210,1
3,b6,6,0|2|4|5|6|9,37.6533,210,1
3,b6,6,0|2|4|5|7|8,37.6871,210,1
3,b6,6,0|2|4|5|7|9,42.6829,210,1
3,b6,6,0|2|4|5|8|9,39.5412,210,1
3,b6,6,0|2|4|6|7|8,39.7107,210,1
3,b6,6,0|2|4|6|7|9,43.6804,210,1
3,b6,6,0|2|4|6|8|9,43.4379,210,1
3,b6,6,0|2|4|7|8|9,45.2273,210,1
3,b6,6,0|2|5|6|7|8,32.4468,210,1
3,b6,6,0|2|5|6|7|9,35.2442,210,1
3,b6,6,0|2|5|6|8|9,35.1025,210,1
3,b6,6,0|2|5|7|8|9,34.4884,210,1
3,b6,6,0|2|6|7|8|9,40.0650,210,1
3,b6,6,0|3|4|5|6|7,33.0806,210,1
3,b6,6,0|3|4|5|6|8,30.3836,210,1
3,b6,6,0|3|4|5|6|9,34.4971,210,1
3,b6,6,0|3|4|5|7|8,30.5963,210,1
3,b6,6,0|3|4|5|7|9,39.2052,210,1
3,b6,6,0|3|4|5|8|9,36.6223,210,1
3,b6,6,0|3|4|6|7|8,34.3863,210,1
3,b6,6,0|3|4|6|7|9,41.1269,210,1
3,b6,6,0|3|4|6|8|9,36.7128,210,1
3,b6,6,0|3|4|7|8|9,37.6860,210,1
3,b6,6,0|3|5|6|7|8,30.8580,210,1
3,b6,6,0|3|5|6|7|9,35.3232,210,1
3,b6,6,0|3|5|6|8|9,35.2687,210,1
3,b6,6,0|3|5|7|8|9,36.0302,210,1
3,b6,6,0|3|6|7|8|9,37.3773,210,1
3,b6,6,0|4|5|6|7|8,21.7666,210,1
3,b6,6,0|4|5|6|7|9,27.5435,210,1
3,b6,6,0|4|5|6|8|9,27.8690,210,1
3,b6,6,0|4|5|7|8|9,24.5725,210,1
3,b6,6,0|4|6|7|8|9,34.3159,210,1
3,b6,6,0|5|6|7|8|9,13.0922,210,1
3,b6,6,1|2|3|4|5|6,9.9428,210,1
3,b6,6,1|2|3|4|5|7,12.1505,210,1
3,b6,6,1|2|3|4|5|8,10.2946,210,1
3,b6,6,1|2|3|4|5|9,10.5734,210,1
3,b6,6,1|2|3|4|6|7,14.2861,210,1
3,b6,6,1|2|3|4|6|8,11.9337,210,1
3,b6,6,1|2|3|4|6|9,13.5398,210,1
3,b6,6,1|2|3|4|7|8,12.9248,210,1
3,b6,6,1|2|3|4|7|9,14.5230,210,1
3,b6,6,1|2|3|4|8|9,11.2463,210,1
3,b6,6,1|2|3|5|6|7,16.1187,210,1
3,b6,6,1|2|3|5|6|8,15.4124,210,1
3,b6,6,1|2|3|5|6|9,16.6015,210,1
3,b6,6,1|2|3|5|7|8,15.2081,210,1
3,b6,6,1|2|3|5|7|9,15.9808,210,1
3,b6,6,1|2|3|5|8|9,14.1913,210,1
3,b6,6,1|2|3|6|7|8,16.7178,210,1
3,b6,6,1|2|3|6|7|9,16.1987,210,1
3,b6,6,1|2|3|6|8|9,15.6750,210,1
3,b6,6,1|2|3|7|8|9,16.7475,210,1
3,b6,6,1|2|4|5|6|7,14.9054,210,1
3,b6,6,1|2|4|5|6|8,13.5704,210,1
3,b6,6,1|2|4|5|6|9,14.4167,210,1
3,b6,6,1|2|4|5|7|8,14.7071,210,1
3,b6,6,1|2|4|5|7|9,15.1966,210,1
3,b6,6,1|2|4|5|8|9,12.1759,210,1
3,b6,6,1|2|4|6|7|8,18.4855,210,1
3,b6,6,1|2|4|6|7|9,19.9648,210,1
3,b6,6,1|2|4|6|8|9,16.2039,210,1
3,b6,6,1|2|4|7|8|9,15.7852,210,1
3,b6,6,1|2|5|6|7|8,16.1461,210,1
3,b6,6,1|2|5|6|7|9,15.5308,210,1
3,b6,6,1|2|5|6|8|9,14.8676,210,1
3,b6,6,1|2|5|7|8|9,14.4442,210,1
3,b6,6,1|2|6|7|8|9,20.2540,210,1
3,b6,6,1|3|4|5|6|7,17.6364,210,1
3,b6,6,1|3|4|5|6|8,15.8626,210,1
3,b6,6,1|3|4|5|6|9,17.1176,210,1
3,b6,6,1|3|4|5|7|8,16.5763,210,1
3,b6,6,1|3|4|5|7|9,19.8616,210,1
3,b6,6,1|3|4|5|8|9,15.2776,210,1
3,b6,6,1|3|4|6|7|8,19.3991,210,1
3,b6,6,1|3|4|6|7|9,21.7514,210,1
3,b6,6,1|3|4|6|8|9,16.8496,210,1
3,b6,6,1|3|4|7|8|9,18.0206,210,1
3,b6,6,1|3|5|6|7|8,15.4619,210,1
3,b6,6,1|3|5|6|7|9,16.8400,210,1
3,b6,6,1|3|5|6|8|9,15.5111,210,1
3,b6,6,1|3|5|7|8|9,16.4324,210,1
3,b6,6,1|3|6|7|8|9,18.5389,210,1
3,b6,6,1|4|5|6|7|8,12.5200,210,1
3,b6,6,1|4|5|6|7|9,13.1584,210,1
3,b6,6,1|4|5|6|8|9,10.9483,210,1
3,b6,6,1|4|5|7|8|9,10.6101,210,1
3,b6,6,1|4|6|7|8|9,17.3423,210,1
3,b6,6,1|5|6|7|8|9,10.5597,210,1
3,b6,6,2|3|4|5|6|7,16.9785,210,1
3,b6,6,2|3|4|5|6|8,15.5174,210,1
3,b6,6,2|3|4|5|6|9,16.3690,210,1
3,b6,6,2|3|4|5|7|8,14.2905,210,1
3,b6,6,2|3|4|5|7|9,16.4412,210,1
3,b6,6,2|3|4|5|8|9,14.7342,210,1
3,b6,6,2|3|4|6|7|8,17.4327,210,1
3,b6,6,2|3|4|6|7|9,18.8015,210,1
3,b6,6,2|3|4|6|8|9,16.8101,210,1
3,b6,6,2|3|4|7|8|9,17.4713,210,1
3,b6,6,2|3|5|6|7|8,20.7482,210,1
3,b6,6,2|3|5|6|7|9,23.7635,210,1
3,b6,6,2|3|5|6|8|9,21.7575,210,1
3,b6,6,2|3|5|7|8|9,19.7048,210,1
3,b6,6,2|3|6|7|8|9,20.7544,210,1
3,b6,6,2|4|5|6|7|8,31.0958,210,1
3,b6,6,2|4|5|6|7|9,37.1829,210,1
3,b6,6,2|4|5|6|8|9,34.9348,210,1
3,b6,6,2|4|5|7|8|9,34.4184,210,1
3,b6,6,2|4|6|7|8|9,39.0537,210,1
3,b6,6,2|5|6|7|8|9,26.8413,210,1
3,b6,6,3|4|5|6|7|8,27.1275,210,1
3,b6,6,3|4|5|6|7|9,35.3266,210,1
3,b6,6,3|4|5|6|8|9,34.5198,210,1
3,b6,6,3|4|5|7|8|9,28.5482,210,1
3,b6,6,3|4|6|7|8|9,36.8666,210,1
3,b6,6,3|5|6|7|8|9,28.6566,210,1
3,b6,6,4|5|6|7|8|9,19.5864,210,1
3,proposed,0,,71.9199,1,1
3,proposed,1,0,68.7494,10,1
3,proposed,1,1,62.2906,10,1
3,proposed,1,2,69.6731,10,1
3,proposed,1,3,68.4255,10,1
3,proposed,1,4,70.5484,10,1
3,proposed,1,5,69.6366,10,1
3,proposed,1,6,67.3573,10,1
3,proposed,1,7,69.2094,10,1
3,proposed,1,8,71.2817,10,1
3,proposed,1,9,72.9162,10,1
3,proposed,2,0|1,49.5911,45,1
3,proposed,2,0|2,66.1048,45,1
3,proposed,2,0|3,64.7656,45,1
3,proposed,2,0|4,69.0727,45,1
3,proposed,2,0|5,65.0176,45,1
3,proposed,2,0|6,64.0530,45,1
3,proposed,2,0|7,65.9530,45,1
3,proposed,2,0|8,68.0256,45,1
3,proposed,2,0|9,68.8533,45,1
3,proposed,2,1|2,59.7644,45,1
3,proposed,2,1|3,61.6018,45,1
3,proposed,2,1|4,61.1377,45,1
3,proposed,2,1|5,60.9134,45,1
3,proposed,2,1|6,58.9281,45,1
3,proposed,2,1|7,62.8202,45,1
3,proposed,2,1|8,61.4458,45,1
3,proposed,2,1|9,62.8848,45,1
3,proposed,2,2|3,60.9475,45,1
3,proposed,2,2|4,69.5180,45,1
3,proposed,2,2|5,66.6618,45,1
3,proposed,2,2|6,64.5165,45,1
3,proposed,2,2|7,68.6567,45,1
3,proposed,2,2|8,70.2564,45,1
3,proposed,2,2|9,70.8391,45,1
3,proposed,2,3|4,64.8737,45,1
3,proposed,2,3|5,67.6517,45,1
3,proposed,2,3|6,66.0492,45,1
3,proposed,2,3|7,67.1959,45,1
3,proposed,2,3|8,68.1894,45,1
3,proposed,2,3|9,69.3438,45,1
3,proposed,2,4|5,68.2891,45,1
3,proposed,2,4|6,66.9684,45,1
3,proposed,2,4|7,69.2322,45,1
3,proposed,2,4|8,70.3236,45,1
3,proposed,2,4|9,72.4662,45,1
3,proposed,2,5|6,60.5192,45,1
3,proposed,2,5|7,67.2399,45,1
3,proposed,2,5|8,70.0878,45,1
3,proposed,2,5|9,70.9752,45,1
3,proposed,2,6|7,64.8706,45,1
3,proposed,2,6|8,66.5946,45,1
3,proposed,2,6|9,67.0960,45,1
3,proposed,2,7|8,67.8537,45,1
3,proposed,2,7|9,69.8673,45,1
3,proposed,2,8|9,69.0427,45,1
3,proposed,3,0|1|2,47.7312,120,1
3,proposed,3,0|1|3,47.7047,120,1
3,proposed,3,0|1|4,49.0274,120,1
3,proposed,3,0|1|5,46.6522,120,1
3,proposed,3,0|1|6,45.9907,120,1
3,proposed,3,0|1|7,47.0710,120,1
3,proposed,3,0|1|8,49.0768,120,1
3,proposed,3,0|1|9,50.0502,120,1
3,proposed,3,0|2|3,54.6528,120,1
3,proposed,3,0|2|4,65.2722,120,1
3,proposed,3,0|2|5,64.0265,120,1
3,proposed,3,0|2|6,62.1591,120,1
3,proposed,3,0|2|7,65.2253,120,1
3,proposed,3,0|2|8,66.1645,120,1
3,proposed,3,0|2|9,67.5943,120,1
3,proposed,3,0|3|4,62.0272,120,1
3,proposed,3,0|3|5,63.7239,120,1
3,proposed,3,0|3|6,62.8108,120,1
3,proposed,3,0|3|7,64.4511,120,1
3,proposed,3,0|3|8,64.9440,120,1
3,proposed,3,0|3|9,65.2112,120,1
3,proposed,3,0|4|5,65.8771,120,1
3,proposed,3,0|4|6,63.4335,120,1
3,proposed,3,0|4|7,66.4879,120,1
3,proposed,3,0|4|8,66.9649,120,1
3,proposed,3,0|4|9,68.7434,120,1
3,proposed,3,0|5|6,57.4178,120,1
3,proposed,3,0|5|7,62.7191,120,1
3,proposed,3,0|5|8,65.7049,120,1
3,proposed,3,0|5|9,66.3278,120,1
3,proposed,3,0|6|7,61.8487,120,1
3,proposed,3,0|6|8,62.8810,120,1
3,proposed,3,0|6|9,64.1149,120,1
3,proposed,3,0|7|8,63.7406,120,1
3,proposed,3,0|7|9,67.2971,120,1
3,proposed,3,0|8|9,65.7005,120,1
3,proposed,3,1|2|3,50.3521,120,1
3,proposed,3,1|2|4,57.6157,120,1
3,proposed,3,1|2|5,57.1342,120,1
3,proposed,3,1|2|6,55.3682,120,1
3,proposed,3,1|2|7,58.5732,120,1
3,proposed,3,1|2|8,57.7535,120,1
3,proposed,3,1|2|9,59.6513,120,1
3,proposed,3,1|3|4,58.9887,120,1
3,proposed,3,1|3|5,60.4576,120,1
3,proposed,3,1|3|6,58.4913,120,1
3,proposed,3,1|3|7,60.2214,120,1
3,proposed,3,1|3|8,59.8959,120,1
3,proposed,3,1|3|9,60.8987,120,1
3,proposed,3,1|4|5,57.9251,120,1
3,proposed,3,1|4|6,57.2734,120,1
3,proposed,3,1|4|7,60.8004,120,1
3,proposed,3,1|4|8,58.2195,120,1
3,proposed,3,1|4|9,60.6156,120,1
3,proposed,3,1|5|6,53.2090,120,1
3,proposed,3,1|5|7,59.0905,120,1
3,proposed,3,1|5|8,59.9448,120,1
3,proposed,3,1|5|9,61.9741,120,1
3,proposed,3,1|6|7,57.1852,120,1
3,proposed,3,1|6|8,58.3218,120,1
3,proposed,3,1|6|9,58.9685,120,1
3,proposed,3,1|7|8,57.8135,120,1
3,proposed,3,1|7|9,62.0418,120,1
3,proposed,3,1|8|9,59.2626,120,1
3,proposed,3,2|3|4,50.1203,120,1
3,proposed,3,2|3|5,58.4765,120,1
3,proposed,3,2|3|6,57.7791,120,1
3,proposed,3,2|3|7,60.8491,120,1
3,proposed,3,2|3|8,60.7586,120,1
3,proposed,3,2|3|9,60.9535,120,1
3,proposed,3,2|4|5,66.5415,120,1
3,proposed,3,2|4|6,64.2043,120,1
3,proposed,3,2|4|7,69.1731,120,1
3,proposed,3,2|4|8,69.0395,120,1
3,proposed,3,2|4|9,69.8524,120,1
3,proposed,3,2|5|6,58.0478,120,1
3,proposed,3,2|5|7,64.8848,120,1
3,proposed,3,2|5|8,68.3341,120,1
3,proposed,3,2|5|9,68.3391,120,1
3,proposed,3,2|6|7,63.0286,120,1
3,proposed,3,2|6|8,64.5211,120,1
3,proposed,3,2|6|9,64.4184,120,1
3,proposed,3,2|7|8,67.1723,120,1
3,proposed,3,2|7|9,69.1474,120,1
3,proposed,3,2|8|9,67.0311,120,1
3,proposed,3,3|4|5,63.4625,120,1
3,proposed,3,3|4|6,62.7961,120,1
3,proposed,3,3|4|7,64.8214,120,1
3,proposed,3,3|4|8,63.1855,120,1
3,proposed,3,3|4|9,65.0197,120,1
3,proposed,3,3|5|6,59.2037,120,1
3,proposed,3,3|5|7,67.4546,120,1
3,proposed,3,3|5|8,69.1648,120,1
3,proposed,3,3|5|9,68.3471,120,1
3,proposed,3,3|6|7,65.1851,120,1
3,proposed,3,3|6|8,66.1036,120,1
3,proposed,3,3|6|9,65.4683,120,1
3,proposed,3,3|7|8,65.4562,120,1
3,proposed,3,3|7|9,66.5177,120,1
3,proposed,3,3|8|9,68.2359,120,1
3,proposed,3,4|5|6,57.6567,120,1
3,proposed,3,4|5|7,67.3632,120,1
3,proposed,3,4|5|8,68.1078,120,1
3,proposed,3,4|5|9,69.8722,120,1
3,proposed,3,4|6|7,64.2028,120,1
3,proposed,3,4|6|8,65.2021,120,1
3,proposed,3,4|6|9,67.5010,120,1
3,proposed,3,4|7|8,67.3490,120,1
3,proposed,3,4|7|9,70.0205,120,1
3,proposed,3,4|8|9,65.4960,120,1
3,proposed,3,5|6|7,55.7877,120,1
3,proposed,3,5|6|8,60.2572,120,1
3,proposed,3,5|6|9,60.1410,120,1
3,proposed,3,5|7|8,66.7822,120,1
3,proposed,3,5|7|9,68.8431,120,1
3,proposed,3,5|8|9,68.8065,120,1
3,proposed,3,6|7|8,60.3856,120,1
3,proposed,3,6|7|9,63.4951,120,1
3,proposed,3,6|8|9,64.9667,120,1
3,proposed,3,7|8|9,54.1217,120,1
3,proposed,4,0|1|2|3,38.7530,210,1
3,proposed,4,0|1|2|4,46.9190,210,1
3,proposed,4,0|1|2|5,44.9740,210,1
3,proposed,4,0|1|2|6,43.9808,210,1
3,proposed,4,0|1|2|7,44.8922,210,1
3,proposed,4,0|1|2|8,47.1223,210,1
3,proposed,4,0|1|2|9,48.4945,210,1
3,proposed,4,0|1|3|4,47.2659,210,1
3,proposed,4,0|1|3|5,44.7641,210,1
3,proposed,4,0|1|3|6,43.5276,210,1
3,proposed,4,0|1|3|7,45.8288,210,1
3,proposed,4,0|1|3|8,47.7961,210,1
3,proposed,4,0|1|3|9,48.7502,210,1
3,proposed,4,0|1|4|5,45.5880,210,1
3,proposed,4,0|1|4|6,44.1972,210,1
3,proposed,4,0|1|4|7,45.7547,210,1
3,proposed,4,0|1|4|8,48.2783,210,1
3,proposed,4,0|1|4|9,44.4963,210,1
3,proposed,4,0|1|5|6,40.6183,210,1
3,proposed,4,0|1|5|7,42.0683,210,1
3,proposed,4,0|1|5|8,45.6247,210,1
3,proposed,4,0|1|5|9,46.9783,210,1
3,proposed,4,0|1|6|7,43.5165,210,1
3,proposed,4,0|1|6|8,45.5432,210,1
3,proposed,4,0|1|6|9,46.4825,210,1
3,proposed,4,0|1|7|8,46.0142,210,1
3,proposed,4,0|1|7|9,46.8798,210,1
3,proposed,4,0|1|8|9,47.7797,210,1
3,proposed,4,0|2|3|4,42.2897,210,1
3,proposed,4,0|2|3|5,51.4808,210,1
3,proposed,4,0|2|3|6,50.8206,210,1
3,proposed,4,0|2|3|7,53.6763,210,1
3,proposed,4,0|2|3|8,51.7211,210,1
3,proposed,4,0|2|3|9,52.4698,210,1
3,proposed,4,0|2|4|5,62.2431,210,1
3,proposed,4,0|2|4|6,60.9657,210,1
3,proposed,4,0|2|4|7,65.7503,210,1
3,proposed,4,0|2|4|8,64.5474,210,1
3,proposed,4,0|2|4|9,66.1849,210,1
3,proposed,4,0|2|5|6,54.8892,210,1
3,proposed,4,0|2|5|7,61.4436,210,1
3,proposed,4,0|2|5|8,64.5328,210,1
3,proposed,4,0|2|5|9,65.4090,210,1
3,proposed,4,0|2|6|7,60.0635,210,1
3,proposed,4,0|2|6|8,61.7598,210,1
3,proposed,4,0|2|6|9,62.4806,210,1
3,proposed,4,0|2|7|8,63.0614,210,1
3,proposed,4,0|2|7|9,65.8626,210,1
3,proposed,4,0|2|8|9,63.5604,210,1
3,proposed,4,0|3|4|5,61.6651,210,1
3,proposed,4,0|3|4|6,59.5517,210,1
3,proposed,4,0|3|4|7,62.9388,210,1
3,proposed,4,0|3|4|8,60.1945,210,1
3,proposed,4,0|3|4|9,61.0630,210,1
3,proposed,4,0|3|5|6,57.0445,210,1
3,proposed,4,0|3|5|7,62.9774,210,1
3,proposed,4,0|3|5|8,65.1643,210,1
3,proposed,4,0|3|5|9,65.2922,210,1
3,proposed,4,0|3|6|7,61.3157,210,1
3,proposed,4,0|3|6|8,62.4382,210,1
3,proposed,4,0|3|6|9,62.3425,210,1
3,proposed,4,0|3|7|8,62.0860,210,1
3,proposed,4,0|3|7|9,63.9070,210,1
3,proposed,4,0|3|8|9,63.3136,210,1
3,proposed,4,0|4|5|6,52.4634,210,1
3,proposed,4,0|4|5|7,61.4122,210,1
3,proposed,4,0|4|5|8,65.6581,210,1
3,proposed,4,0|4|5|9,65.8180,210,1
3,proposed,4,0|4|6|7,61.6974,210,1
3,proposed,4,0|4|6|8,61.9630,210,1
3,proposed,4,0|4|6|9,61.7065,210,1
3,proposed,4,0|4|7|8,63.4962,210,1
3,proposed,4,0|4|7|9,65.9007,210,1
3,proposed,4,0|4|8|9,61.6912,210,1
3,proposed,4,0|5|6|7,53.2418,210,1
3,proposed,4,0|5|6|8,55.4737,210,1
3,proposed,4,0|5|6|9,57.1282,210,1
3,proposed,4,0|5|7|8,59.8837,210,1
3,proposed,4,0|5|7|9,63.7584,210,1
3,proposed,4,0|5|8|9,62.5509,210,1
3,proposed,4,0|6|7|8,57.9793,210,1
3,proposed,4,0|6|7|9,61.9041,210,1
3,proposed,4,0|6|8|9,61.4011,210,1
3,proposed,4,0|7|8|9,49.7928,210,1
3,proposed,4,1|2|3|4,38.8429,210,1
3,proposed,4,1|2|3|5,48.7043,210,1
3,proposed,4,1|2|3|6,47.0117,210,1
3,proposed,4,1|2|3|7,47.5582,210,1
3,proposed,4,1|2|3|8,48.7348,210,1
3,proposed,4,1|2|3|9,50.1125,210,1
3,proposed,4,1|2|4|5,52.4409,210,1
3,proposed,4,1|2|4|6,53.9304,210,1
3,proposed,4,1|2|4|7,57.4642,210,1
3,proposed,4,1|2|4|8,55.4744,210,1
3,proposed,4,1|2|4|9,56.7546,210,1
3,proposed,4,1|2|5|6,48.8192,210,1
3,proposed,4,1|2|5|7,54.8864,210,1
3,proposed,4,1|2|5|8,55.7528,210,1
3,proposed,4,1|2|5|9,57.3527,210,1
3,proposed,4,1|2|6|7,54.8988,210,1
3,proposed,4,1|2|6|8,54.8060,210,1
3,proposed,4,1|2|6|9,55.4093,210,1
3,proposed,4,1|2|7|8,55.3631,210,1
3,proposed,4,1|2|7|9,58.7706,210,1
3,proposed,4,1|2|8|9,54.9038,210,1
3,proposed,4,1|3|4|5,55.0789,210,1
3,proposed,4,1|3|4|6,55.7961,210,1
3,proposed,4,1|3|4|7,59.2138,210,1
3,proposed,4,1|3|4|8,54.9565,210,1
3,proposed,4,1|3|4|9,58.2561,210,1
3,proposed,4,1|3|5|6,50.8399,210,1
3,proposed,4,1|3|5|7,57.5692,210,1
3,proposed,4,1|3|5|8,57.4828,210,1
3,proposed,4,1|3|5|9,59.8484,210,1
3,proposed,4,1|3|6|7,56.3297,210,1
3,proposed,4,1|3|6|8,56.9921,210,1
3,proposed,4,1|3|6|9,58.4372,210,1
3,proposed,4,1|3|7|8,55.5925,210,1
3,proposed,4,1|3|7|9,59.7616,210,1
3,proposed,4,1|3|8|9,57.3625,210,1
3,proposed,4,1|4|5|6,41.7936,210,1
3,proposed,4,1|4|5|7,56.1277,210,1
3,proposed,4,1|4|5|8,56.3371,210,1
3,proposed,4,1|4|5|9,57.7803,210,1
3,proposed,4,1|4|6|7,54.0473,210,1
3,proposed,4,1|4|6|8,56.4218,210,1
3,proposed,4,1|4|6|9,56.4393,210,1
3,proposed,4,1|4|7|8,55.4884,210,1
3,proposed,4,1|4|7|9,59.2191,210,1
3,proposed,4,1|4|8|9,55.1749,210,1
3,proposed,4,1|5|6|7,47.3454,210,1
3,proposed,4,1|5|6|8,51.4691,210,1
3,proposed,4,1|5|6|9,52.6289,210,1
3,proposed,4,1|5|7|8,53.9886,210,1
3,proposed,4,1|5|7|9,58.2420,210,1
3,proposed,4,1|5|8|9,56.7122,210,1
3,proposed,4,1|6|7|8,52.7620,210,1
3,proposed,4,1|6|7|9,57.2810,210,1
3,proposed,4,1|6|8|9,56.8918,210,1
3,proposed,4,1|7|8|9,48.3393,210,1
3,proposed,4,2|3|4|5,41.9697,210,1
3,proposed,4,2|3|4|6,46.7028,210,1
3,proposed,4,2|3|4|7,50.1163,210,1
3,proposed,4,2|3|4|8,49.0331,210,1
3,proposed,4,2|3|4|9,49.0195,210,1
3,proposed,4,2|3|5|6,49.4319,210,1
3,proposed,4,2|3|5|7,58.2825,210,1
3,proposed,4,2|3|5|8,58.5272,210,1
3,proposed,4,2|3|5|9,59.1805,210,1
3,proposed,4,2|3|6|7,58.1455,210,1
3,proposed,4,2|3|6|8,57.3982,210,1
3,proposed,4,2|3|6|9,57.0839,210,1
3,proposed,4,2|3|7|8,58.5625,210,1
3,proposed,4,2|3|7|9,58.4671,210,1
3,proposed,4,2|3|8|9,56.1512,210,1
3,proposed,4,2|4|5|6,50.2177,210,1
3,proposed,4,2|4|5|7,66.0501,210,1
3,proposed,4,2|4|5|8,66.4087,210,1
3,proposed,4,2|4|5|9,67.0889,210,1
3,proposed,4,2|4|6|7,63.0658,210,1
3,proposed,4,2|4|6|8,63.3946,210,1
3,proposed,4,2|4|6|9,64.8683,210,1
3,proposed,4,2|4|7|8,66.6681,210,1
3,proposed,4,2|4|7|9,68.2009,210,1
3,proposed,4,2|4|8|9,61.4196,210,1
3,proposed,4,2|5|6|7,52.9701,210,1
3,proposed,4,2|5|6|8,57.6149,210,1
3,proposed,4,2|5|6|9,57.7411,210,1
3,proposed,4,2|5|7|8,65.0209,210,1
3,proposed,4,2|5|7|9,67.4896,210,1
3,proposed,4,2|5|8|9,67.2313,210,1
3,proposed,4,2|6|7|8,60.1135,210,1
3,proposed,4,2|6|7|9,64.2253,210,1
3,proposed,4,2|6|8|9,63.9658,210,1
3,proposed,4,2|7|8|9,52.8241,210,1
3,proposed,4,3|4|5|6,53.5951,210,1
3,proposed,4,3|4|5|7,64.0933,210,1
3,proposed,4,3|4|5|8,63.7197,210,1
3,proposed,4,3|4|5|9,63.9989,210,1
3,proposed,4,3|4|6|7,63.0306,210,1
3,proposed,4,3|4|6|8,60.8637,210,1
3,proposed,4,3|4|6|9,62.1234,210,1
3,proposed,4,3|4|7|8,61.3370,210,1
3,proposed,4,3|4|7|9,63.8610,210,1
3,proposed,4,3|4|8|9,61.2156,210,1
3,proposed,4,3|5|6|7,55.6457,210,1
3,proposed,4,3|5|6|8,58.5485,210,1
3,proposed,4,3|5|6|9,60.0155,210,1
3,proposed,4,3|5|7|8,65.8394,210,1
3,proposed,4,3|5|7|9,68.4865,210,1
3,proposed,4,3|5|8|9,68.3134,210,1
3,proposed,4,3|6|7|8,61.3601,210,1
3,proposed,4,3|6|7|9,63.7041,210,1
3,proposed,4,3|6|8|9,65.1591,210,1
3,proposed,4,3|7|8|9,53.8405,210,1
3,proposed,4,4|5|6|7,46.5852,210,1
3,proposed,4,4|5|6|8,55.8000,210,1
3,proposed,4,4|5|6|9,57.8185,210,1
3,proposed,4,4|5|7|8,64.9127,210,1
3,proposed,4,4|5|7|9,67.3976,210,1
3,proposed,4,4|5|8|9,64.4121,210,1
3,proposed,4,4|6|7|8,59.3847,210,1
3,proposed,4,4|6|7|9,63.1493,210,1
3,proposed,4,4|6|8|9,63.9434,210,1
3,proposed,4,4|7|8|9,50.5287,210,1
3,proposed,4,5|6|7|8,48.9408,210,1
3,proposed,4,5|6|7|9,53.6871,210,1
3,proposed,4,5|6|8|9,57.2714,210,1
3,proposed,4,5|7|8|9,48.5548,210,1
3,proposed,4,6|7|8|9,46.4281,210,1
3,proposed,5,0|1|2|3|4,32.0358,252,1
3,proposed,5,0|1|2|3|5,37.4415,252,1
3,proposed,5,0|1|2|3|6,37.9527,252,1
3,proposed,5,0|1|2|3|7,36.0490,252,1
3,proposed,5,0|1|2|3|8,35.3639,252,1
3,proposed,5,0|1|2|3|9,34.9692,252,1
3,proposed,5,0|1|2|4|5,42.8542,252,1
3,proposed,5,0|1|2|4|6,42.7909,252,1
3,proposed,5,0|1|2|4|7,45.4008,252,1
3,proposed,5,0|1|2|4|8,44.9796,252,1
3,proposed,5,0|1|2|4|9,42.4859,252,1
3,proposed,5,0|1|2|5|6,37.8695,252,1
3,proposed,5,0|1|2|5|7,41.0042,252,1
3,proposed,5,0|1|2|5|8,44.8833,252,1
3,proposed,5,0|1|2|5|9,45.3774,252,1
3,proposed,5,0|1|2|6|7,41.7298,252,1
3,proposed,5,0|1|2|6|8,43.5494,252,1
3,proposed,5,0|1|2|6|9,43.1627,252,1
3,proposed,5,0|1|2|7|8,44.2215,252,1
3,proposed,5,0|1|2|7|9,43.4290,252,1
3,proposed,5,0|1|2|8|9,44.3329,252,1
3,proposed,5,0|1|3|4|5,44.0358,252,1
3,proposed,5,0|1|3|4|6,43.4024,252,1
3,proposed,5,0|1|3|4|7,46.2272,252,1
3,proposed,5,0|1|3|4|8,42.9897,252,1
3,proposed,5,0|1|3|4|9,42.7961,252,1
3,proposed,5,0|1|3|5|6,36.3767,252,1
3,proposed,5,0|1|3|5|7,41.6782,252,1
3,proposed,5,0|1|3|5|8,44.4811,252,1
3,proposed,5,0|1|3|5|9,45.8761,252,1
3,proposed,5,0|1|3|6|7,41.0286,252,1
3,proposed,5,0|1|3|6|8,42.1600,252,1
3,proposed,5,0|1|3|6|9,44.2947,252,1
3,proposed,5,0|1|3|7|8,42.8913,252,1
3,proposed,5,0|1|3|7|9,46.1680,252,1
3,proposed,5,0|1|3|8|9,46.7331,252,1
3,proposed,5,0|1|4|5|6,29.9229,252,1
3,proposed,5,0|1|4|5|7,40.3486,252,1
3,proposed,5,0|1|4|5|8,45.2416,252,1
3,proposed,5,0|1|4|5|9,40.2584,252,1
3,proposed,5,0|1|4|6|7,39.7536,252,1
3,proposed,5,0|1|4|6|8,43.4579,252,1
3,proposed,5,0|1|4|6|9,41.0810,252,1
3,proposed,5,0|1|4|7|8,43.8952,252,1
3,proposed,5,0|1|4|7|9,35.7992,252,1
3,proposed,5,0|1|4|8|9,40.4217,252,1
3,proposed,5,0|1|5|6|7,34.1841,252,1
3,proposed,5,0|1|5|6|8,38.4472,252,1
3,proposed,5,0|1|5|6|9,39.4959,252,1
3,proposed,5,0|1|5|7|8,39.3929,252,1
3,proposed,5,0|1|5|7|9,38.6574,252,1
3,proposed,5,0|1|5|8|9,45.2981,252,1
3,proposed,5,0|1|6|7|8,39.9950,252,1
3,proposed,5,0|1|6|7|9,41.8397,252,1
3,proposed,5,0|1|6|8|9,44.2934,252,1
3,proposed,5,0|1|7|8|9,33.8072,252,1
3,proposed,5,0|2|3|4|5,30.8544,252,1
3,proposed,5,0|2|3|4|6,40.6528,252,1
3,proposed,5,0|2|3|4|7,43.3270,252,1
3,proposed,5,0|2|3|4|8,41.9479,252,1
3,proposed,5,0|2|3|4|9,39.1356,252,1
3,proposed,5,0|2|3|5|6,44.8929,252,1
3,proposed,5,0|2|3|5|7,51.5236,252,1
3,proposed,5,0|2|3|5|8,50.2732,252,1
3,proposed,5,0|2|3|5|9,49.4112,252,1
3,proposed,5,0|2|3|6|7,51.3525,252,1
3,proposed,5,0|2|3|6|8,49.7988,252,1
3,proposed,5,0|2|3|6|9,49.3858,252,1
3,proposed,5,0|2|3|7|8,51.5940,252,1
3,proposed,5,0|2|3|7|9,49.8833,252,1
3,proposed,5,0|2|3|8|9,45.6370,252,1
3,proposed,5,0|2|4|5|6,47.7870,252,1
3,proposed,5,0|2|4|5|7,61.2571,252,1
3,proposed,5,0|2|4|5|8,63.1338,252,1
3,proposed,5,0|2|4|5|9,61.3786,252,1
3,proposed,5,0|2|4|6|7,61.0030,252,1
3,proposed,5,0|2|4|6|8,61.3130,252,1
3,proposed,5,0|2|4|6|9,60.6667,252,1
3,proposed,5,0|2|4|7|8,62.3003,252,1
3,proposed,5,0|2|4|7|9,63.3199,252,1
3,proposed,5,0|2|4|8|9,57.4478,252,1
3,proposed,5,0|2|5|6|7,50.1575,252,1
3,proposed,5,0|2|5|6|8,54.7728,252,1
3,proposed,5,0|2|5|6|9,55.3938,252,1
3,proposed,5,0|2|5|7|8,59.8324,252,1
3,proposed,5,0|2|5|7|9,62.7754,252,1
3,proposed,5,0|2|5|8|9,62.2777,252,1
3,proposed,5,0|2|6|7|8,56.7598,252,1
3,proposed,5,0|2|6|7|9,59.3029,252,1
3,proposed,5,0|2|6|8|9,59.5314,252,1
3,proposed,5,0|2|7|8|9,49.7399,252,1
3,proposed,5,0|3|4|5|6,48.6400,252,1
3,proposed,5,0|3|4|5|7,62.5297,252,1
3,proposed,5,0|3|4|5|8,62.4848,252,1
3,proposed,5,0|3|4|5|9,61.8547,252,1
3,proposed,5,0|3|4|6|7,59.7632,252,1
3,proposed,5,0|3|4|6|8,57.8205,252,1
3,proposed,5,0|3|4|6|9,59.4133,252,1
3,proposed,5,0|3|4|7|8,58.8140,252,1
3,proposed,5,0|3|4|7|9,60.8473,252,1
3,proposed,5,0|3|4|8|9,55.7101,252,1
3,proposed,5,0|3|5|6|7,51.6822,252,1
3,proposed,5,0|3|5|6|8,55.5888,252,1
3,proposed,5,0|3|5|6|9,58.0034,252,1
3,proposed,5,0|3|5|7|8,62.1831,252,1
3,proposed,5,0|3|5|7|9,63.6160,252,1
3,proposed,5,0|3|5|8|9,63.3544,252,1
3,proposed,5,0|3|6|7|8,57.1231,252,1
3,proposed,5,0|3|6|7|9,61.4823,252,1
3,proposed,5,0|3|6|8|9,59.3482,252,1
3,proposed,5,0|3|7|8|9,46.8457,252,1
3,proposed,5,0|4|5|6|7,43.3914,252,1
3,proposed,5,0|4|5|6|8,52.0141,252,1
3,proposed,5,0|4|5|6|9,48.9768,252,1
3,proposed,5,0|4|5|7|8,57.4646,252,1
3,proposed,5,0|4|5|7|9,58.3842,252,1
3,proposed,5,0|4|5|8|9,62.1779,252,1
3,proposed,5,0|4|6|7|8,57.4491,252,1
3,proposed,5,0|4|6|7|9,58.4503,252,1
3,proposed,5,0|4|6|8|9,58.9035,252,1
3,proposed,5,0|4|7|8|9,45.0720,252,1
3,proposed,5,0|5|6|7|8,43.8553,252,1
3,proposed,5,0|5|6|7|9,49.0754,252,1
3,proposed,5,0|5|6|8|9,53.3141,252,1
3,proposed,5,0|5|7|8|9,38.8254,252,1
3,proposed,5,0|6|7|8|9,42.6874,252,1
3,proposed,5,1|2|3|4|5,30.3239,252,1
3,proposed,5,1|2|3|4|6,38.3229,252,1
3,proposed,5,1|2|3|4|7,35.3362,252,1
3,proposed,5,1|2|3|4|8,38.5235,252,1
3,proposed,5,1|2|3|4|9,38.8696,252,1
3,proposed,5,1|2|3|5|6,38.9428,252,1
3,proposed,5,1|2|3|5|7,44.8605,252,1
3,proposed,5,1|2|3|5|8,48.2953,252,1
3,proposed,5,1|2|3|5|9,49.2113,252,1
3,proposed,5,1|2|3|6|7,43.1701,252,1
3,proposed,5,1|2|3|6|8,45.3908,252,1
3,proposed,5,1|2|3|6|9,46.9335,252,1
3,proposed,5,1|2|3|7|8,43.6898,252,1
3,proposed,5,1|2|3|7|9,44.9230,252,1
3,proposed,5,1|2|3|8|9,42.0235,252,1
3,proposed,5,1|2|4|5|6,40.7137,252,1
3,proposed,5,1|2|4|5|7,51.1417,252,1
3,proposed,5,1|2|4|5|8,50.8394,252,1
3,proposed,5,1|2|4|5|9,52.3256,252,1
3,proposed,5,1|2|4|6|7,53.6920,252,1
3,proposed,5,1|2|4|6|8,52.8826,252,1
3,proposed,5,1|2|4|6|9,53.1871,252,1
3,proposed,5,1|2|4|7|8,53.9001,252,1
3,proposed,5,1|2|4|7|9,54.9990,252,1
3,proposed,5,1|2|4|8|9,48.1509,252,1
3,proposed,5,1|2|5|6|7,42.0090,252,1
3,proposed,5,1|2|5|6|8,48.4735,252,1
3,proposed,5,1|2|5|6|9,48.8183,252,1
3,proposed,5,1|2|5|7|8,51.9781,252,1
3,proposed,5,1|2|5|7|9,53.6646,252,1
3,proposed,5,1|2|5|8|9,52.3062,252,1
3,proposed,5,1|2|6|7|8,51.1510,252,1
3,proposed,5,1|2|6|7|9,54.2895,252,1
3,proposed,5,1|2|6|8|9,52.6281,252,1
3,proposed,5,1|2|7|8|9,44.8944,252,1
3,proposed,5,1|3|4|5|6,39.3034,252,1
3,proposed,5,1|3|4|5|7,52.7342,252,1
3,proposed,5,1|3|4|5|8,51.8316,252,1
3,proposed,5,1|3|4|5|9,54.7137,252,1
3,proposed,5,1|3|4|6|7,54.8532,252,1
3,proposed,5,1|3|4|6|8,53.2739,252,1
3,proposed,5,1|3|4|6|9,54.8111,252,1
3,proposed,5,1|3|4|7|8,52.8172,252,1
3,proposed,5,1|3|4|7|9,58.3104,252,1
3,proposed,5,1|3|4|8|9,52.5067,252,1
3,proposed,5,1|3|5|6|7,45.4532,252,1
3,proposed,5,1|3|5|6|8,48.8818,252,1
3,proposed,5,1|3|5|6|9,51.0007,252,1
3,proposed,5,1|3|5|7|8,52.8317,252,1
3,proposed,5,1|3|5|7|9,56.0375,252,1
3,proposed,5,1|3|5|8|9,55.3685,252,1
3,proposed,5,1|3|6|7|8,49.9989,252,1
3,proposed,5,1|3|6|7|9,55.8627,252,1
3,proposed,5,1|3|6|8|9,56.2041,252,1
3,proposed,5,1|3|7|8|9,48.4033,252,1
3,proposed,5,1|4|5|6|7,36.8182,252,1
3,proposed,5,1|4|5|6|8,41.4420,252,1
3,proposed,5,1|4|5|6|9,42.5289,252,1
3,proposed,5,1|4|5|7|8,50.0049,252,1
3,proposed,5,1|4|5|7|9,54.9138,252,1
3,proposed,5,1|4|5|8|9,53.3458,252,1
3,proposed,5,1|4|6|7|8,50.7359,252,1
3,proposed,5,1|4|6|7|9,49.9747,252,1
3,proposed,5,1|4|6|8|9,52.6997,252,1
3,proposed,5,1|4|7|8|9,42.4649,252,1
3,proposed,5,1|5|6|7|8,40.6262,252,1
3,proposed,5,1|5|6|7|9,44.9495,252,1
3,proposed,5,1|5|6|8|9,49.3050,252,1
3,proposed,5,1|5|7|8|9,43.1820,252,1
3,proposed,5,1|6|7|8|9,38.8823,252,1
3,proposed,5,2|3|4|5|6,30.9060,252,1
3,proposed,5,2|3|4|5|7,39.7870,252,1
3,proposed,5,2|3|4|5|8,40.2932,252,1
3,proposed,5,2|3|4|5|9,40.9119,252,1
3,proposed,5,2|3|4|6|7,47.2420,252,1
3,proposed,5,2|3|4|6|8,45.7227,252,1
3,proposed,5,2|3|4|6|9,44.8090,252,1
3,proposed,5,2|3|4|7|8,49.3136,252,1
3,proposed,5,2|3|4|7|9,47.7453,252,1
3,proposed,5,2|3|4|8|9,41.7782,252,1
3,proposed,5,2|3|5|6|7,45.1271,252,1
3,proposed,5,2|3|5|6|8,48.1571,252,1
3,proposed,5,2|3|5|6|9,49.0575,252,1
3,proposed,5,2|3|5|7|8,56.6475,252,1
3,proposed,5,2|3|5|7|9,57.5802,252,1
3,proposed,5,2|3|5|8|9,55.0958,252,1
3,proposed,5,2|3|6|7|8,54.3615,252,1
3,proposed,5,2|3|6|7|9,56.3696,252,1
3,proposed,5,2|3|6|8|9,52.8910,252,1
3,proposed,5,2|3|7|8|9,40.1208,252,1
3,proposed,5,2|4|5|6|7,43.9717,252,1
3,proposed,5,2|4|5|6|8,50.8378,252,1
3,proposed,5,2|4|5|6|9,51.1560,252,1
3,proposed,5,2|4|5|7|8,64.0578,252,1
3,proposed,5,2|4|5|7|9,66.4070,252,1
3,proposed,5,2|4|5|8|9,62.5347,252,1
3,proposed,5,2|4|6|7|8,59.1424,252,1
3,proposed,5,2|4|6|7|9,64.2275,252,1
3,proposed,5,2|4|6|8|9,61.3482,252,1
3,proposed,5,2|4|7|8|9,47.8865,252,1
3,proposed,5,2|5|6|7|8,48.4852,252,1
3,proposed,5,2|5|6|7|9,50.6923,252,1
3,proposed,5,2|5|6|8|9,54.7549,252,1
3,proposed,5,2|5|7|8|9,49.1415,252,1
3,proposed,5,2|6|7|8|9,44.0166,252,1
3,proposed,5,3|4|5|6|7,45.0663,252,1
3,proposed,5,3|4|5|6|8,52.7462,252,1
3,proposed,5,3|4|5|6|9,54.7587,252,1
3,proposed,5,3|4|5|7|8,63.0630,252,1
3,proposed,5,3|4|5|7|9,64.6453,252,1
3,proposed,5,3|4|5|8|9,63.8403,252,1
3,proposed,5,3|4|6|7|8,58.1836,252,1
3,proposed,5,3|4|6|7|9,60.8442,252,1
3,proposed,5,3|4|6|8|9,60.0251,252,1
3,proposed,5,3|4|7|8|9,48.7796,252,1
3,proposed,5,3|5|6|7|8,49.5866,252,1
3,proposed,5,3|5|6|7|9,54.6091,252,1
3,proposed,5,3|5|6|8|9,56.6474,252,1
3,proposed,5,3|5|7|8|9,50.3643,252,1
3,proposed,5,3|6|7|8|9,46.6089,252,1
3,proposed,5,4|5|6|7|8,39.3797,252,1
3,proposed,5,4|5|6|7|9,41.5525,252,1
3,proposed,5,4|5|6|8|9,52.2827,252,1
3,proposed,5,4|5|7|8|9,42.9518,252,1
3,proposed,5,4|6|7|8|9,43.8290,252,1
3,proposed,5,5|6|7|8|9,27.6055,252,1
3,proposed,6,0|1|2|3|4|5,23.8424,210,1
3,proposed,6,0|1|2|3|4|6,30.6986,210,1
3,proposed,6,0|1|2|3|4|7,30.1590,210,1
3,proposed,6,0|1|2|3|4|8,31.8557,210,1
3,proposed,6,0|1|2|3|4|9,26.2487,210,1
3,proposed,6,0|1|2|3|5|6,30.1570,210,1
3,proposed,6,0|1|2|3|5|7,31.8944,210,1
3,proposed,6,0|1|2|3|5|8,34.7647,210,1
3,proposed,6,0|1|2|3|5|9,34.2213,210,1
3,proposed,6,0|1|2|3|6|7,33.1482,210,1
3,proposed,6,0|1|2|3|6|8,36.6887,210,1
3,proposed,6,0|1|2|3|6|9,33.4986,210,1
3,proposed,6,0|1|2|3|7|8,34.3304,210,1
3,proposed,6,0|1|2|3|7|9,30.1928,210,1
3,proposed,6,0|1|2|3|8|9,30.3349,210,1
3,proposed,6,0|1|2|4|5|6,29.8064,210,1
3,proposed,6,0|1|2|4|5|7,40.3983,210,1
3,proposed,6,0|1|2|4|5|8,41.2016,210,1
3,proposed,6,0|1|2|4|5|9,40.2274,210,1
3,proposed,6,0|1|2|4|6|7,40.8090,210,1
3,proposed,6,0|1|2|4|6|8,41.0640,210,1
3,proposed,6,0|1|2|4|6|9,38.7643,210,1
3,proposed,6,0|1|2|4|7|8,43.5141,210,1
3,proposed,6,0|1|2|4|7|9,37.4372,210,1
3,proposed,6,0|1|2|4|8|9,32.8122,210,1
3,proposed,6,0|1|2|5|6|7,32.1332,210,1
3,proposed,6,0|1|2|5|6|8,36.5586,210,1
3,proposed,6,0|1|2|5|6|9,35.4896,210,1
3,proposed,6,0|1|2|5|7|8,37.9785,210,1
3,proposed,6,0|1|2|5|7|9,36.4240,210,1
3,proposed,6,0|1|2|5|8|9,42.5536,210,1
3,proposed,6,0|1|2|6|7|8,40.0163,210,1
3,proposed,6,0|1|2|6|7|9,38.9771,210,1
3,proposed,6,0|1|2|6|8|9,41.7982,210,1
3,proposed,6,0|1|2|7|8|9,27.3057,210,1
3,proposed,6,0|1|3|4|5|6,29.4289,210,1
3,proposed,6,0|1|3|4|5|7,43.0414,210,1
3,proposed,6,0|1|3|4|5|8,40.7166,210,1
3,proposed,6,0|1|3|4|5|9,39.6128,210,1
3,proposed,6,0|1|3|4|6|7,40.6328,210,1
3,proposed,6,0|1|3|4|6|8,41.6674,210,1
3,proposed,6,0|1|3|4|6|9,39.0685,210,1
3,proposed,6,0|1|3|4|7|8,40.0849,210,1
3,proposed,6,0|1|3|4|7|9,35.5712,210,1
3,proposed,6,0|1|3|4|8|9,40.5156,210,1
3,proposed,6,0|1|3|5|6|7,29.7970,210,1
3,proposed,6,0|1|3|5|6|8,32.9651,210,1
3,proposed,6,0|1|3|5|6|9,36.1930,210,1
3,proposed,6,0|1|3|5|7|8,37.3033,210,1
3,proposed,6,0|1|3|5|7|9,40.3166,210,1
3,proposed,6,0|1|3|5|8|9,44.4439,210,1
3,proposed,6,0|1|3|6|7|8,34.8768,210,1
3,proposed,6,0|1|3|6|7|9,40.2087,210,1
3,proposed,6,0|1|3|6|8|9,40.8661,210,1
3,proposed,6,0|1|3|7|8|9,31.4308,210,1
3,proposed,6,0|1|4|5|6|7,25.5523,210,1
3,proposed,6,0|1|4|5|6|8,30.6179,210,1
3,proposed,6,0|1|4|5|6|9,29.5395,210,1
3,proposed,6,0|1|4|5|7|8,38.3803,210,1
3,proposed,6,0|1|4|5|7|9,32.4337,210,1
3,proposed,6,0|1|4|5|8|9,42.2006,210,1
3,proposed,6,0|1|4|6|7|8,37.9523,210,1
3,proposed,6,0|1|4|6|7|9,32.3150,210,1
3,proposed,6,0|1|4|6|8|9,41.1024,210,1
3,proposed,6,0|1|4|7|8|9,27.1061,210,1
3,proposed,6,0|1|5|6|7|8,26.4071,210,1
3,proposed,6,0|1|5|6|7|9,28.9248,210,1
3,proposed,6,0|1|5|6|8|9,36.3908,210,1
3,proposed,6,0|1|5|7|8|9,25.6757,210,1
3,proposed,6,0|1|6|7|8|9,26.6772,210,1
3,proposed,6,0|2|3|4|5|6,26.2988,210,1
3,proposed,6,0|2|3|4|5|7,30.7471,210,1
3,proposed,6,0|2|3|4|5|8,30.9296,210,1
3,proposed,6,0|2|3|4|5|9,31.3674,210,1
3,proposed,6,0|2|3|4|6|7,41.4825,210,1
3,proposed,6,0|2|3|4|6|8,40.1239,210,1
3,proposed,6,0|2|3|4|6|9,35.6542,210,1
3,proposed,6,0|2|3|4|7|8,41.5271,210,1
3,proposed,6,0|2|3|4|7|9,38.3040,210,1
3,proposed,6,0|2|3|4|8|9,34.1412,210,1
3,proposed,6,0|2|3|5|6|7,39.4282,210,1
3,proposed,6,0|2|3|5|6|8,42.8224,210,1
3,proposed,6,0|2|3|5|6|9,44.9267,210,1
3,proposed,6,0|2|3|5|7|8,49.1935,210,1
3,proposed,6,0|2|3|5|7|9,47.2700,210,1
3,proposed,6,0|2|3|5|8|9,43.5412,210,1
3,proposed,6,0|2|3|6|7|8,47.8775,210,1
3,proposed,6,0|2|3|6|7|9,48.1030,210,1
3,proposed,6,0|2|3|6|8|9,44.4171,210,1
3,proposed,6,0|2|3|7|8|9,36.4003,210,1
3,proposed,6,0|2|4|5|6|7,43.1711,210,1
3,proposed,6,0|2|4|5|6|8,47.3264,210,1
3,proposed,6,0|2|4|5|6|9,48.5346,210,1
3,proposed,6,0|2|4|5|7|8,59.1920,210,1
3,proposed,6,0|2|4|5|7|9,59.2680,210,1
3,proposed,6,0|2|4|5|8|9,56.3304,210,1
3,proposed,6,0|2|4|6|7|8,56.8642,210,1
3,proposed,6,0|2|4|6|7|9,58.1187,210,1
3,proposed,6,0|2|4|6|8|9,56.6726,210,1
3,proposed,6,0|2|4|7|8|9,42.7405,210,1
3,proposed,6,0|2|5|6|7|8,42.6439,210,1
3,proposed,6,0|2|5|6|7|9,44.7143,210,1
3,proposed,6,0|2|5|6|8|9,51.1256,210,1
3,proposed,6,0|2|5|7|8|9,38.8999,210,1
3,proposed,6,0|2|6|7|8|9,40.2741,210,1
3,proposed,6,0|3|4|5|6|7,43.8925,210,1
3,proposed,6,0|3|4|5|6|8,49.5626,210,1
3,proposed,6,0|3|4|5|6|9,48.3867,210,1
3,proposed,6,0|3|4|5|7|8,57.5686,210,1
3,proposed,6,0|3|4|5|7|9,58.6906,210,1
3,proposed,6,0|3|4|5|8|9,56.9348,210,1
3,proposed,6,0|3|4|6|7|8,54.5516,210,1
3,proposed,6,0|3|4|6|7|9,58.0629,210,1
3,proposed,6,0|3|4|6|8|9,55.1751,210,1
3,proposed,6,0|3|4|7|8|9,43.9295,210,1
3,proposed,6,0|3|5|6|7|8,43.5160,210,1
3,proposed,6,0|3|5|6|7|9,49.7948,210,1
3,proposed,6,0|3|5|6|8|9,49.8559,210,1
3,proposed,6,0|3|5|7|8|9,36.2989,210,1
3,proposed,6,0|3|6|7|8|9,37.8065,210,1
3,proposed,6,0|4|5|6|7|8,33.4824,210,1
3,proposed,6,0|4|5|6|7|9,35.6370,210,1
3,proposed,6,0|4|5|6|8|9,46.4352,210,1
3,proposed,6,0|4|5|7|8|9,33.3873,210,1
3,proposed,6,0|4|6|7|8|9,39.9787,210,1
3,proposed,6,0|5|6|7|8|9,26.2527,210,1
3,proposed,6,1|2|3|4|5|6,22.1303,210,1
3,proposed,6,1|2|3|4|5|7,26.0210,210,1
3,proposed,6,1|2|3|4|5|8,29.7903,210,1
3,proposed,6,1|2|3|4|5|9,30.1497,210,1
3,proposed,6,1|2|3|4|6|7,34.9973,210,1
3,proposed,6,1|2|3|4|6|8,36.5199,210,1
3,proposed,6,1|2|3|4|6|9,38.4581,210,1
3,proposed,6,1|2|3|4|7|8,32.6688,210,1
3,proposed,6,1|2|3|4|7|9,32.8636,210,1
3,proposed,6,1|2|3|4|8|9,36.5762,210,1
3,proposed,6,1|2|3|5|6|7,32.4982,210,1
3,proposed,6,1|2|3|5|6|8,39.2550,210,1
3,proposed,6,1|2|3|5|6|9,38.6463,210,1
3,proposed,6,1|2|3|5|7|8,43.6133,210,1
3,proposed,6,1|2|3|5|7|9,46.1354,210,1
3,proposed,6,1|2|3|5|8|9,43.2709,210,1
3,proposed,6,1|2|3|6|7|8,39.3282,210,1
3,proposed,6,1|2|3|6|7|9,41.7781,210,1
3,proposed,6,1|2|3|6|8|9,42.6202,210,1
3,proposed,6,1|2|3|7|8|9,32.8879,210,1
3,proposed,6,1|2|4|5|6|7,35.4678,210,1
3,proposed,6,1|2|4|5|6|8,39.8547,210,1
3,proposed,6,1|2|4|5|6|9,40.1959,210,1
3,proposed,6,1|2|4|5|7|8,47.8832,210,1
3,proposed,6,1|2|4|5|7|9,49.3206,210,1
3,proposed,6,1|2|4|5|8|9,45.7680,210,1
3,proposed,6,1|2|4|6|7|8,50.6389,210,1
3,proposed,6,1|2|4|6|7|9,50.3543,210,1
3,proposed,6,1|2|4|6|8|9,47.5320,210,1
3,proposed,6,1|2|4|7|8|9,38.1895,210,1
3,proposed,6,1|2|5|6|7|8,37.2056,210,1
3,proposed,6,1|2|5|6|7|9,38.8722,210,1
3,proposed,6,1|2|5|6|8|9,45.3272,210,1
3,proposed,6,1|2|5|7|8|9,39.8327,210,1
3,proposed,6,1|2|6|7|8|9,35.6110,210,1
3,proposed,6,1|3|4|5|6|7,36.0338,210,1
3,proposed,6,1|3|4|5|6|8,38.0627,210,1
3,proposed,6,1|3|4|5|6|9,39.2845,210,1
3,proposed,6,1|3|4|5|7|8,46.4154,210,1
3,proposed,6,1|3|4|5|7|9,52.8573,210,1
3,proposed,6,1|3|4|5|8|9,50.1753,210,1
3,proposed,6,1|3|4|6|7|8,49.1486,210,1
3,proposed,6,1|3|4|6|7|9,51.9664,210,1
3,proposed,6,1|3|4|6|8|9,50.8881,210,1
3,proposed,6,1|3|4|7|8|9,41.4390,210,1
3,proposed,6,1|3|5|6|7|8,37.6965,210,1
3,proposed,6,1|3|5|6|7|9,42.9696,210,1
3,proposed,6,1|3|5|6|8|9,46.0466,210,1
3,proposed,6,1|3|5|7|8|9,41.8431,210,1
3,proposed,6,1|3|6|7|8|9,40.4836,210,1
3,proposed,6,1|4|5|6|7|8,31.1835,210,1
3,proposed,6,1|4|5|6|7|9,31.9474,210,1
3,proposed,6,1|4|5|6|8|9,38.7988,210,1
3,proposed,6,1|4|5|7|8|9,35.8195,210,1
3,proposed,6,1|4|6|7|8|9,30.2948,210,1
3,proposed,6,1|5|6|7|8|9,25.0544,210,1
3,proposed,6,2|3|4|5|6|7,26.4644,210,1
3,proposed,6,2|3|4|5|6|8,28.7334,210,1
3,proposed,6,2|3|4|5|6|9,29.9310,210,1
3,proposed,6,2|3|4|5|7|8,39.3195,210,1
3,proposed,6,2|3|4|5|7|9,39.0030,210,1
3,proposed,6,2|3|4|5|8|9,35.9918,210,1
3,proposed,6,2|3|4|6|7|8,44.9799,210,1
3,proposed,6,2|3|4|6|7|9,44.6523,210,1
3,proposed,6,2|3|4|6|8|9,37.9395,210,1
3,proposed,6,2|3|4|7|8|9,31.1024,210,1
3,proposed,6,2|3|5|6|7|8,40.6908,210,1
3,proposed,6,2|3|5|6|7|9,44.1079,210,1
3,proposed,6,2|3|5|6|8|9,43.6493,210,1
3,proposed,6,2|3|5|7|8|9,39.3051,210,1
3,proposed,6,2|3|6|7|8|9,30.9852,210,1
3,proposed,6,2|4|5|6|7|8,40.5024,210,1
3,proposed,6,2|4|5|6|7|9,40.7889,210,1
3,proposed,6,2|4|5|6|8|9,45.6359,210,1
3,proposed,6,2|4|5|7|8|9,42.3356,210,1
3,proposed,6,2|4|6|7|8|9,42.1817,210,1
3,proposed,6,2|5|6|7|8|9,27.6930,210,1
3,proposed,6,3|4|5|6|7|8,34.1536,210,1
3,proposed,6,3|4|5|6|7|9,40.4892,210,1
3,proposed,6,3|4|5|6|8|9,47.3550,210,1
3,proposed,6,3|4|5|7|8|9,41.9728,210,1
3,proposed,6,3|4|6|7|8|9,42.9207,210,1
3,proposed,6,3|5|6|7|8|9,23.7871,210,1
3,proposed,6,4|5|6|7|8|9,19.8891,210,1
4,b1,0,,71.7141,1,1
4,b1,1,0,28.8077,10,1
4,b1,1,1,22.9973,10,1
4,b1,1,2,37.8999,10,1
4,b1,1,3,47.0554,10,1
4,b1,1,4,37.7450,10,1
4,b1,1,5,40.6961,10,1
4,b1,1,6,24.5905,10,1
4,b1,1,7,49.8663,10,1
4,b1,1,8,24.4913,10,1
4,b1,1,9,32.2987,10,1
4,b1,2,0|1,17.5553,45,1
4,b1,2,0|2,15.1030,45,1
4,b1,2,0|3,18.3233,45,1
4,b1,2,0|4,21.3259,45,1
4,b1,2,0|5,21.1430,45,1
4,b1,2,0|6,19.3531,45,1
4,b1,2,0|7,31.6782,45,1
4,b1,2,0|8,19.2389,45,1
4,b1,2,0|9,23.0557,45,1
4,b1,2,1|2,16.9823,45,1
4,b1,2,1|3,17.1806,45,1
4,b1,2,1|4,18.2621,45,1
4,b1,2,1|5,18.6785,45,1
4,b1,2,1|6,13.8031,45,1
4,b1,2,1|7,17.6253,45,1
4,b1,2,1|8,18.6064,45,1
4,b1,2,1|9,18.9168,45,1
4,b1,2,2|3,31.8185,45,1
4,b1,2,2|4,23.1491,45,1
4,b1,2,2|5,20.4035,45,1
4,b1,2,2|6,18.5948,45,1
4,b1,2,2|7,29.7027,45,1
4,b1,2,2|8,19.1370,45,1
4,b1,2,2|9,23.4340,45,1
4,b1,2,3|4,22.4679,45,1
4,b1,2,3|5,25.8356,45,1
4,b1,2,3|6,20.6442,45,1
4,b1,2,3|7,36.7132,45,1
4,b1,2,3|8,23.6320,45,1
4,b1,2,3|9,29.6668,45,1
4,b1,2,4|5,23.9021,45,1
4,b1,2,4|6,18.0247,45,1
4,b1,2,4|7,36.2870,45,1
4,b1,2,4|8,26.4629,45,1
4,b1,2,4|9,28.5157,45,1
4,b1,2,5|6,26.8767,45,1
4,b1,2,5|7,49.1020,45,1
4,b1,2,5|8,22.1777,45,1
4,b1,2,5|9,31.2755,45,1
4,b1,2,6|7,20.6009,45,1
4,b1,2,6|8,19.2707,45,1
4,b1,2,6|9,26.7414,45,1
4,b1,2,7|8,23.8922,45,1
4,b1,2,7|9,29.1463,45,1
4,b1,2,8|9,19.2699,45,1
4,b1,3,0|1|2,11.0382,120,1
4,b1,3,0|1|3,8.5157,120,1
4,b1,3,0|1|4,15.7878,120,1
4,b1,3,0|1|5,12.0078,120,1
4,b1,3,0|1|6,13.6760,120,1
4,b1,3,0|1|7,16.5247,120,1
4,b1,3,0|1|8,16.2499,120,1
4,b1,3,0|1|9,15.6854,120,1
4,b1,3,0|2|3,9.8236,120,1
4,b1,3,0|2|4,10.1018,120,1
4,b1,3,0|2|5,9.6353,120,1
4,b1,3,0|2|6,13.7256,120,1
4,b1,3,0|2|7,21.2648,120,1
4,b1,3,0|2|8,16.6886,120,1
4,b1,3,0|2|9,18.7695,120,1
4,b1,3,0|3|4,13.6821,120,1
4,b1,3,0|3|5,11.6735,120,1
4,b1,3,0|3|6,13.7328,120,1
4,b1,3,0|3|7,25.8299,120,1
4,b1,3,0|3|8,18.6383,120,1
4,b1,3,0|3|9,17.5764,120,1
4,b1,3,0|4|5,15.7791,120,1
4,b1,3,0|4|6,12.8090,120,1
4,b1,3,0|4|7,23.7013,120,1
4,b1,3,0|4|8,19.2773,120,1
4,b1,3,0|4|9,21.8228,120,1
4,b1,3,0|5|6,14.4281,120,1
4,b1,3,0|5|7,24.2041,120,1
4,b1,3,0|5|8,13.2771,120,1
4,b1,3,0|5|9,18.8701,120,1
4,b1,3,0|6|7,16.6600,120,1
4,b1,3,0|6|8,13.2047,120,1
4,b1,3,0|6|9,15.2151,120,1
4,b1,3,0|7|8,18.1632,120,1
4,b1,3,0|7|9,23.4152,120,1
4,b1,3,0|8|9,12.2485,120,1
4,b1,3,1|2|3,14.2112,120,1
4,b1,3,1|2|4,14.5639,120,1
4,b1,3,1|2|5,14.2285,120,1
4,b1,3,1|2|6,10.3737,120,1
4,b1,3,1|2|7,13.5695,120,1
4,b1,3,1|2|8,12.3615,120,1
4,b1,3,1|2|9,12.7588,120,1
4,b1,3,1|3|4,8.4797,120,1
4,b1,3,1|3|5,12.6234,120,1
4,b1,3,1|3|6,14.4703,120,1
4,b1,3,1|3|7,14.0587,120,1
4,b1,3,1|3|8,13.6401,120,1
4,b1,3,1|3|9,14.7217,120,1
4,b1,3,1|4|5,10.9233,120,1
4,b1,3,1|4|6,13.9855,120,1
4,b1,3,1|4|7,16.7416,120,1
4,b1,3,1|4|8,10.1737,120,1
4,b1,3,1|4|9,11.1029,120,1
4,b1,3,1|5|6,14.2904,120,1
4,b1,3,1|5|7,17.8392,120,1
4,b1,3,1|5|8,18.6973,120,1
4,b1,3,1|5|9,16.5981,120,1
4,b1,3,1|6|7,10.8418,120,1
4,b1,3,1|6|8,15.6446,120,1
4,b1,3,1|6|9,18.2741,120,1
4,b1,3,1|7|8,16.4605,120,1
4,b1,3,1|7|9,16.2364,120,1
4,b1,3,1|8|9,14.5089,120,1
4,b1,3,2|3|4,15.7227,120,1
4,b1,3,2|3|5,15.0828,120,1
4,b1,3,2|3|6,14.4401,120,1
4,b1,3,2|3|7,22.6609,120,1
4,b1,3,2|3|8,17.5525,120,1
4,b1,3,2|3|9,20.2742,120,1
4,b1,3,2|4|5,15.1237,120,1
4,b1,3,2|4|6,17.1620,120,1
4,b1,3,2|4|7,20.0636,120,1
4,b1,3,2|4|8,21.4440,120,1
4,b1,3,2|4|9,25.5396,120,1
4,b1,3,2|5|6,20.4417,120,1
4,b1,3,2|5|7,32.5643,120,1
4,b1,3,2|5|8,20.2290,120,1
4,b1,3,2|5|9,25.2656,120,1
4,b1,3,2|6|7,14.8679,120,1
4,b1,3,2|6|8,15.6276,120,1
4,b1,3,2|6|9,18.9007,120,1
4,b1,3,2|7|8,18.5545,120,1
4,b1,3,2|7|9,19.7308,120,1
4,b1,3,2|8|9,16.9937,120,1
4,b1,3,3|4|5,15.7972,120,1
4,b1,3,3|4|6,13.8902,120,1
4,b1,3,3|4|7,17.5678,120,1
4,b1,3,3|4|8,18.4030,120,1
4,b1,3,3|4|9,21.9593,120,1
4,b1,3,3|5|6,21.6115,120,1
4,b1,3,3|5|7,24.4567,120,1
4,b1,3,3|5|8,18.9909,120,1
4,b1,3,3|5|9,26.5724,120,1
4,b1,3,3|6|7,17.8439,120,1
4,b1,3,3|6|8,15.8051,120,1
4,b1,3,3|6|9,19.0121,120,1
4,b1,3,3|7|8,16.7708,120,1
4,b1,3,3|7|9,23.3614,120,1
4,b1,3,3|8|9,17.6590,120,1
4,b1,3,4|5|6,19.2141,120,1
4,b1,3,4|5|7,23.8306,120,1
4,b1,3,4|5|8,14.3826,120,1
4,b1,3,4|5|9,21.8916,120,1
4,b1,3,4|6|7,15.5406,120,1
4,b1,3,4|6|8,14.8350,120,1
4,b1,3,4|6|9,17.2039,120,1
4,b1,3,4|7|8,20.5471,120,1
4,b1,3,4|7|9,26.0178,120,1
4,b1,3,4|8|9,11.0606,120,1
4,b1,3,5|6|7,21.0622,120,1
4,b1,3,5|6|8,19.5551,120,1
4,b1,3,5|6|9,22.0316,120,1
4,b1,3,5|7|8,26.5094,120,1
4,b1,3,5|7|9,29.4842,120,1
4,b1,3,5|8|9,14.4674,120,1
4,b1,3,6|7|8,15.8375,120,1
4,b1,3,6|7|9,20.2924,120,1
4,b1,3,6|8|9,16.5930,120,1
4,b1,3,7|8|9,20.0559,120,1
4,b1,4,0|1|2|3,5.8947,210,1
4,b1,4,0|1|2|4,11.1384,210,1
4,b1,4,0|1|2|5,8.8698,210,1
4,b1,4,0|1|2|6,10.2608,210,1
4,b1,4,0|1|2|7,10.5919,210,1
4,b1,4,0|1|2|8,12.3648,210,1
4,b1,4,0|1|2|9,12.5324,210,1
4,b1,4,0|1|3|4,6.2068,210,1
4,b1,4,0|1|3|5,6.2672,210,1
4,b1,4,0|1|3|6,10.3989,210,1
4,b1,4,0|1|3|7,12.9458,210,1
4,b1,4,0|1|3|8,15.3627,210,1
4,b1,4,0|1|3|9,13.0882,210,1
4,b1,4,0|1|4|5,10.2349,210,1
4,b1,4,0|1|4|6,12.8749,210,1
4,b1,4,0|1|4|7,15.6886,210,1
4,b1,4,0|1|4|8,16.8315,210,1
4,b1,4,0|1|4|9,13.3750,210,1
4,b1,4,0|1|5|6,14.1062,210,1
4,b1,4,0|1|5|7,14.8028,210,1
4,b1,4,0|1|5|8,15.6245,210,1
4,b1,4,0|1|5|9,15.1380,210,1
4,b1,4,0|1|6|7,12.1442,210,1
4,b1,4,0|1|6|8,16.7392,210,1
4,b1,4,0|1|6|9,20.0775,210,1
4,b1,4,0|1|7|8,14.1987,210,1
4,b1,4,0|1|7|9,14.6015,210,1
4,b1,4,0|1|8|9,13.8683,210,1
4,b1,4,0|2|3|4,5.8373,210,1
4,b1,4,0|2|3|5,7.5536,210,1
4,b1,4,0|2|3|6,9.7578,210,1
4,b1,4,0|2|3|7,13.2733,210,1
4,b1,4,0|2|3|8,15.0999,210,1
4,b1,4,0|2|3|9,15.1738,210,1
4,b1,4,0|2|4|5,7.3499,210,1
4,b1,4,0|2|4|6,10.9152,210,1
4,b1,4,0|2|4|7,14.6508,210,1
4,b1,4,0|2|4|8,17.5056,210,1
4,b1,4,0|2|4|9,17.1872,210,1
4,b1,4,0|2|5|6,6.1607,210,1
4,b1,4,0|2|5|7,9.7032,210,1
4,b1,4,0|2|5|8,9.9202,210,1
4,b1,4,0|2|5|9,12.7551,210,1
4,b1,4,0|2|6|7,10.3129,210,1
4,b1,4,0|2|6|8,11.9742,210,1
4,b1,4,0|2|6|9,14.5967,210,1
4,b1,4,0|2|7|8,17.0098,210,1
4,b1,4,0|2|7|9,21.2700,210,1
4,b1,4,0|2|8|9,9.7353,210,1
4,b1,4,0|3|4|5,10.8322,210,1
4,b1,4,0|3|4|6,8.1686,210,1
4,b1,4,0|3|4|7,12.6263,210,1
4,b1,4,0|3|4|8,15.1180,210,1
4,b1,4,0|3|4|9,17.7820,210,1
4,b1,4,0|3|5|6,8.5013,210,1
4,b1,4,0|3|5|7,14.2979,210,1
4,b1,4,0|3|5|8,12.1898,210,1
4,b1,4,0|3|5|9,13.9772,210,1
4,b1,4,0|3|6|7,11.8695,210,1
4,b1,4,0|3|6|8,9.9591,210,1
4,b1,4,0|3|6|9,10.6145,210,1
4,b1,4,0|3|7|8,18.3479,210,1
4,b1,4,0|3|7|9,16.5905,210,1
4,b1,4,0|3|8|9,10.2060,210,1
4,b1,4,0|4|5|6,8.3754,210,1
4,b1,4,0|4|5|7,15.4850,210,1
4,b1,4,0|4|5|8,12.4509,210,1
4,b1,4,0|4|5|9,18.2438,210,1
4,b1,4,0|4|6|7,11.5952,210,1
4,b1,4,0|4|6|8,9.2045,210,1
4,b1,4,0|4|6|9,12.8447,210,1
4,b1,4,0|4|7|8,22.2351,210,1
4,b1,4,0|4|7|9,23.7578,210,1
4,b1,4,0|4|8|9,8.2246,210,1
4,b1,4,0|5|6|7,12.1152,210,1
4,b1,4,0|5|6|8,11.5848,210,1
4,b1,4,0|5|6|9,11.1503,210,1
4,b1,4,0|5|7|8,15.3736,210,1
4,b1,4,0|5|7|9,20.2368,210,1
4,b1,4,0|5|8|9,7.1399,210,1
4,b1,4,0|6|7|8,9.8430,210,1
4,b1,4,0|6|7|9,11.9586,210,1
4,b1,4,0|6|8|9,9.1567,210,1
4,b1,4,0|7|8|9,12.4397,210,1
4,b1,4,1|2|3|4,6.3118,210,1
4,b1,4,1|2|3|5,10.7070,210,1
4,b1,4,1|2|3|6,10.5148,210,1
4,b1,4,1|2|3|7,12.3222,210,1
4,b1,4,1|2|3|8,8.3324,210,1
4,b1,4,1|2|3|9,8.0497,210,1
4,b1,4,1|2|4|5,13.0740,210,1
4,b1,4,1|2|4|6,10.2968,210,1
4,b1,4,1|2|4|7,13.2232,210,1
4,b1,4,1|2|4|8,12.4529,210,1
4,b1,4,1|2|4|9,12.6586,210,1
4,b1,4,1|2|5|6,11.2888,210,1
4,b1,4,1|2|5|7,15.1058,210,1
4,b1,4,1|2|5|8,13.3052,210,1
4,b1,4,1|2|5|9,14.0136,210,1
4,b1,4,1|2|6|7,7.3212,210,1
4,b1,4,1|2|6|8,10.5431,210,1
4,b1,4,1|2|6|9,11.8686,210,1
4,b1,4,1|2|7|8,11.2430,210,1
4,b1,4,1|2|7|9,12.2053,210,1
4,b1,4,1|2|8|9,11.2812,210,1
4,b1,4,1|3|4|5,4.3732,210,1
4,b1,4,1|3|4|6,7.8044,210,1
4,b1,4,1|3|4|7,7.2312,210,1
4,b1,4,1|3|4|8,5.5672,210,1
4,b1,4,1|3|4|9,8.4083,210,1
4,b1,4,1|3|5|6,13.6181,210,1
4,b1,4,1|3|5|7,12.6545,210,1
4,b1,4,1|3|5|8,13.4932,210,1
4,b1,4,1|3|5|9,11.4728,210,1
4,b1,4,1|3|6|7,11.3941,210,1
4,b1,4,1|3|6|8,14.7817,210,1
4,b1,4,1|3|6|9,16.2919,210,1
4,b1,4,1|3|7|8,13.3855,210,1
4,b1,4,1|3|7|9,13.8868,210,1
4,b1,4,1|3|8|9,11.6244,210,1
4,b1,4,1|4|5|6,10.5936,210,1
4,b1,4,1|4|5|7,10.8538,210,1
4,b1,4,1|4|5|8,9.7489,210,1
4,b1,4,1|4|5|9,7.4444,210,1
4,b1,4,1|4|6|7,11.8516,210,1
4,b1,4,1|4|6|8,9.4974,210,1
4,b1,4,1|4|6|9,10.3611,210,1
4,b1,4,1|4|7|8,8.2295,210,1
4,b1,4,1|4|7|9,6.6366,210,1
4,b1,4,1|4|8|9,4.6887,210,1
4,b1,4,1|5|6|7,11.8528,210,1
4,b1,4,1|5|6|8,15.5189,210,1
4,b1,4,1|5|6|9,15.2119,210,1
4,b1,4,1|5|7|8,15.8723,210,1
4,b1,4,1|5|7|9,12.7749,210,1
4,b1,4,1|5|8|9,9.4153,210,1
4,b1,4,1|6|7|8,14.0387,210,1
4,b1,4,1|6|7|9,13.9589,210,1
4,b1,4,1|6|8|9,7.2078,210,1
4,b1,4,1|7|8|9,12.9737,210,1
4,b1,4,2|3|4|5,10.0945,210,1
4,b1,4,2|3|4|6,13.5519,210,1
4,b1,4,2|3|4|7,14.3975,210,1
4,b1,4,2|3|4|8,12.6102,210,1
4,b1,4,2|3|4|9,14.0628,210,1
4,b1,4,2|3|5|6,15.6761,210,1
4,b1,4,2|3|5|7,19.2652,210,1
4,b1,4,2|3|5|8,17.4385,210,1
4,b1,4,2|3|5|9,21.0507,210,1
4,b1,4,2|3|6|7,11.6568,210,1
4,b1,4,2|3|6|8,13.2360,210,1
4,b1,4,2|3|6|9,13.7919,210,1
4,b1,4,2|3|7|8,13.2944,210,1
4,b1,4,2|3|7|9,15.3962,210,1
4,b1,4,2|3|8|9,11.9950,210,1
4,b1,4,2|4|5|6,17.7391,210,1
4,b1,4,2|4|5|7,14.4370,210,1
4,b1,4,2|4|5|8,17.2068,210,1
4,b1,4,2|4|5|9,18.5983,210,1
4,b1,4,2|4|6|7,13.6820,210,1
4,b1,4,2|4|6|8,16.3747,210,1
4,b1,4,2|4|6|9,15.8406,210,1
4,b1,4,2|4|7|8,18.0817,210,1
4,b1,4,2|4|7|9,25.3304,210,1
4,b1,4,2|4|8|9,11.7209,210,1
4,b1,4,2|5|6|7,18.5289,210,1
4,b1,4,2|5|6|8,17.2164,210,1
4,b1,4,2|5|6|9,21.6134,210,1
4,b1,4,2|5|7|8,21.6259,210,1
4,b1,4,2|5|7|9,25.1844,210,1
4,b1,4,2|5|8|9,16.5412,210,1
4,b1,4,2|6|7|8,13.6137,210,1
4,b1,4,2|6|7|9,15.3015,210,1
4,b1,4,2|6|8|9,15.1213,210,1
4,b1,4,2|7|8|9,17.9032,210,1
4,b1,4,3|4|5|6,10.3657,210,1
4,b1,4,3|4|5|7,10.7312,210,1
4,b1,4,3|4|5|8,11.1982,210,1
4,b1,4,3|4|5|9,19.7614,210,1
4,b1,4,3|4|6|7,10.7414,210,1
4,b1,4,3|4|6|8,9.7106,210,1
4,b1,4,3|4|6|9,12.6022,210,1
4,b1,4,3|4|7|8,11.8019,210,1
4,b1,4,3|4|7|9,19.7924,210,1
4,b1,4,3|4|8|9,10.9631,210,1
4,b1,4,3|5|6|7,17.5556,210,1
4,b1,4,3|5|6|8,15.9101,210,1
4,b1,4,3|5|6|9,18.5636,210,1
4,b1,4,3|5|7|8,17.8366,210,1
4,b1,4,3|5|7|9,24.6231,210,1
4,b1,4,3|5|8|9,14.1154,210,1
4,b1,4,3|6|7|8,13.1942,210,1
4,b1,4,3|6|7|9,16.3839,210,1
4,b1,4,3|6|8|9,15.7177,210,1
4,b1,4,3|7|8|9,15.2739,210,1
4,b1,4,4|5|6|7,14.5488,210,1
4,b1,4,4|5|6|8,11.4677,210,1
4,b1,4,4|5|6|9,14.4601,210,1
4,b1,4,4|5|7|8,17.0176,210,1
4,b1,4,4|5|7|9,21.0079,210,1
4,b1,4,4|5|8|9,7.2709,210,1
4,b1,4,4|6|7|8,13.6054,210,1
4,b1,4,4|6|7|9,13.7678,210,1
4,b1,4,4|6|8|9,4.5849,210,1
4,b1,4,4|7|8|9,10.0529,210,1
4,b1,4,5|6|7|8,16.7547,210,1
4,b1,4,5|6|7|9,18.8514,210,1
4,b1,4,5|6|8|9,10.2887,210,1
4,b1,4,5|7|8|9,14.9106,210,1
4,b1,4,6|7|8|9,14.9498,210,1
4,b1,5,0|1|2|3|4,2.5731,252,1
4,b1,5,0|1|2|3|5,3.5011,252,1
4,b1,5,0|1|2|3|6,5.7053,252,1
4,b1,5,0|1|2|3|7,6.1542,252,1
4,b1,5,0|1|2|3|8,8.6288,252,1
4,b1,5,0|1|2|3|9,6.1417,252,1
4,b1,5,0|1|2|4|5,10.3460,252,1
4,b1,5,0|1|2|4|6,11.1595,252,1
4,b1,5,0|1|2|4|7,10.7091,252,1
4,b1,5,0|1|2|4|8,13.4239,252,1
4,b1,5,0|1|2|4|9,14.0771,252,1
4,b1,5,0|1|2|5|6,7.3607,252,1
4,b1,5,0|1|2|5|7,9.2631,252,1
4,b1,5,0|1|2|5|8,11.7503,252,1
4,b1,5,0|1|2|5|9,11.5254,252,1
4,b1,5,0|1|2|6|7,7.9431,252,1
4,b1,5,0|1|2|6|8,10.5191,252,1
4,b1,5,0|1|2|6|9,12.6403,252,1
4,b1,5,0|1|2|7|8,11.6447,252,1
4,b1,5,0|1|2|7|9,11.7255,252,1
4,b1,5,0|1|2|8|9,10.3347,252,1
4,b1,5,0|1|3|4|5,5.0566,252,1
4,b1,5,0|1|3|4|6,7.0442,252,1
4,b1,5,0|1|3|4|7,9.2749,252,1
4,b1,5,0|1|3|4|8,14.6421,252,1
4,b1,5,0|1|3|4|9,16.1091,252,1
4,b1,5,0|1|3|5|6,9.7521,252,1
4,b1,5,0|1|3|5|7,5.8210,252,1
4,b1,5,0|1|3|5|8,11.5144,252,1
4,b1,5,0|1|3|5|9,8.7933,252,1
4,b1,5,0|1|3|6|7,8.3545,252,1
4,b1,5,0|1|3|6|8,14.1423,252,1
4,b1,5,0|1|3|6|9,18.4736,252,1
4,b1,5,0|1|3|7|8,11.9831,252,1
4,b1,5,0|1|3|7|9,11.4016,252,1
4,b1,5,0|1|3|8|9,12.3412,252,1
4,b1,5,0|1|4|5|6,8.2330,252,1
4,b1,5,0|1|4|5|7,11.6802,252,1
4,b1,5,0|1|4|5|8,10.5610,252,1
4,b1,5,0|1|4|5|9,9.4973,252,1
4,b1,5,0|1|4|6|7,10.2119,252,1
4,b1,5,0|1|4|6|8,11.5443,252,1
4,b1,5,0|1|4|6|9,13.7764,252,1
4,b1,5,0|1|4|7|8,15.8407,252,1
4,b1,5,0|1|4|7|9,11.0783,252,1
4,b1,5,0|1|4|8|9,6.9496,252,1
4,b1,5,0|1|5|6|7,11.2826,252,1
4,b1,5,0|1|5|6|8,14.4731,252,1
4,b1,5,0|1|5|6|9,16.6473,252,1
4,b1,5,0|1|5|7|8,15.5613,252,1
4,b1,5,0|1|5|7|9,14.3910,252,1
4,b1,5,0|1|5|8|9,10.7028,252,1
4,b1,5,0|1|6|7|8,13.1922,252,1
4,b1,5,0|1|6|7|9,15.5814,252,1
4,b1,5,0|1|6|8|9,8.4867,252,1
4,b1,5,0|1|7|8|9,11.6966,252,1
4,b1,5,0|2|3|4|5,4.8122,252,1
4,b1,5,0|2|3|4|6,7.9843,252,1
4,b1,5,0|2|3|4|7,6.3422,252,1
4,b1,5,0|2|3|4|8,12.2179,252,1
4,b1,5,0|2|3|4|9,12.3821,252,1
4,b1,5,0|2|3|5|6,7.5946,252,1
4,b1,5,0|2|3|5|7,6.3489,252,1
4,b1,5,0|2|3|5|8,10.2680,252,1
4,b1,5,0|2|3|5|9,8.1833,252,1
4,b1,5,0|2|3|6|7,7.4272,252,1
4,b1,5,0|2|3|6|8,11.5020,252,1
4,b1,5,0|2|3|6|9,12.6721,252,1
4,b1,5,0|2|3|7|8,15.8592,252,1
4,b1,5,0|2|3|7|9,16.0031,252,1
4,b1,5,0|2|3|8|9,10.6062,252,1
4,b1,5,0|2|4|5|6,2.9893,252,1
4,b1,5,0|2|4|5|7,6.2103,252,1
4,b1,5,0|2|4|5|8,11.9657,252,1
4,b1,5,0|2|4|5|9,11.0547,252,1
4,b1,5,0|2|4|6|7,9.2030,252,1
4,b1,5,0|2|4|6|8,8.7739,252,1
4,b1,5,0|2|4|6|9,10.8995,252,1
4,b1,5,0|2|4|7|8,24.1746,252,1
4,b1,5,0|2|4|7|9,16.1832,252,1
4,b1,5,0|2|4|8|9,9.1916,252,1
4,b1,5,0|2|5|6|7,8.4354,252,1
4,b1,5,0|2|5|6|8,11.3418,252,1
4,b1,5,0|2|5|6|9,10.2364,252,1
4,b1,5,0|2|5|7|8,11.6313,252,1
4,b1,5,0|2|5|7|9,15.7626,252,1
4,b1,5,0|2|5|8|9,9.8518,252,1
4,b1,5,0|2|6|7|8,9.8276,252,1
4,b1,5,0|2|6|7|9,10.3533,252,1
4,b1,5,0|2|6|8|9,10.1688,252,1
4,b1,5,0|2|7|8|9,9.7972,252,1
4,b1,5,0|3|4|5|6,4.9083,252,1
4,b1,5,0|3|4|5|7,9.6043,252,1
4,b1,5,0|3|4|5|8,10.0324,252,1
4,b1,5,0|3|4|5|9,15.1007,252,1
4,b1,5,0|3|4|6|7,8.1609,252,1
4,b1,5,0|3|4|6|8,5.4161,252,1
4,b1,5,0|3|4|6|9,6.8158,252,1
4,b1,5,0|3|4|7|8,16.9291,252,1
4,b1,5,0|3|4|7|9,15.8238,252,1
4,b1,5,0|3|4|8|9,6.0270,252,1
4,b1,5,0|3|5|6|7,7.7816,252,1
4,b1,5,0|3|5|6|8,10.2352,252,1
4,b1,5,0|3|5|6|9,8.3524,252,1
4,b1,5,0|3|5|7|8,13.6750,252,1
4,b1,5,0|3|5|7|9,13.5257,252,1
4,b1,5,0|3|5|8|9,8.4207,252,1
4,b1,5,0|3|6|7|8,7.6225,252,1
4,b1,5,0|3|6|7|9,7.9961,252,1
4,b1,5,0|3|6|8|9,8.1825,252,1
4,b1,5,0|3|7|8|9,9.9438,252,1
4,b1,5,0|4|5|6|7,7.4748,252,1
4,b1,5,0|4|5|6|8,10.1547,252,1
4,b1,5,0|4|5|6|9,8.8335,252,1
4,b1,5,0|4|5|7|8,15.1800,252,1
4,b1,5,0|4|5|7|9,17.5347,252,1
4,b1,5,0|4|5|8|9,3.3044,252,1
4,b1,5,0|4|6|7|8,8.2019,252,1
4,b1,5,0|4|6|7|9,11.4952,252,1
4,b1,5,0|4|6|8|9,5.0181,252,1
4,b1,5,0|4|7|8|9,6.7319,252,1
4,b1,5,0|5|6|7|8,11.3192,252,1
4,b1,5,0|5|6|7|9,9.9253,252,1
4,b1,5,0|5|6|8|9,5.6667,252,1
4,b1,5,0|5|7|8|9,7.3472,252,1
4,b1,5,0|6|7|8|9,8.8617,252,1
4,b1,5,1|2|3|4|5,3.5161,252,1
4,b1,5,1|2|3|4|6,4.8132,252,1
4,b1,5,1|2|3|4|7,5.6573,252,1
4,b1,5,1|2|3|4|8,4.7750,252,1
4,b1,5,1|2|3|4|9,4.4325,252,1
4,b1,5,1|2|3|5|6,11.4097,252,1
4,b1,5,1|2|3|5|7,10.5001,252,1
4,b1,5,1|2|3|5|8,9.6662,252,1
4,b1,5,1|2|3|5|9,8.6225,252,1
4,b1,5,1|2|3|6|7,8.4995,252,1
4,b1,5,1|2|3|6|8,9.7421,252,1
4,b1,5,1|2|3|6|9,12.2443,252,1
4,b1,5,1|2|3|7|8,8.0777,252,1
4,b1,5,1|2|3|7|9,8.1058,252,1
4,b1,5,1|2|3|8|9,7.5410,252,1
4,b1,5,1|2|4|5|6,10.8164,252,1
4,b1,5,1|2|4|5|7,11.7209,252,1
4,b1,5,1|2|4|5|8,10.0052,252,1
4,b1,5,1|2|4|5|9,7.5123,252,1
4,b1,5,1|2|4|6|7,6.0275,252,1
4,b1,5,1|2|4|6|8,9.0831,252,1
4,b1,5,1|2|4|6|9,9.7673,252,1
4,b1,5,1|2|4|7|8,10.4468,252,1
4,b1,5,1|2|4|7|9,10.6928,252,1
4,b1,5,1|2|4|8|9,6.3422,252,1
4,b1,5,1|2|5|6|7,6.3771,252,1
4,b1,5,1|2|5|6|8,9.5306,252,1
4,b1,5,1|2|5|6|9,11.8335,252,1
4,b1,5,1|2|5|7|8,11.5451,252,1
4,b1,5,1|2|5|7|9,12.5721,252,1
4,b1,5,1|2|5|8|9,7.9775,252,1
4,b1,5,1|2|6|7|8,8.0331,252,1
4,b1,5,1|2|6|7|9,7.8088,252,1
4,b1,5,1|2|6|8|9,7.1917,252,1
4,b1,5,1|2|7|8|9,8.7015,252,1
4,b1,5,1|3|4|5|6,4.9026,252,1
4,b1,5,1|3|4|5|7,5.1146,252,1
4,b1,5,1|3|4|5|8,5.9651,252,1
4,b1,5,1|3|4|5|9,5.1593,252,1
4,b1,5,1|3|4|6|7,3.7344,252,1
4,b1,5,1|3|4|6|8,5.9087,252,1
4,b1,5,1|3|4|6|9,8.3372,252,1
4,b1,5,1|3|4|7|8,3.8646,252,1
4,b1,5,1|3|4|7|9,8.7381,252,1
4,b1,5,1|3|4|8|9,2.9784,252,1
4,b1,5,1|3|5|6|7,9.0266,252,1
4,b1,5,1|3|5|6|8,14.6284,252,1
4,b1,5,1|3|5|6|9,16.3081,252,1
4,b1,5,1|3|5|7|8,10.8552,252,1
4,b1,5,1|3|5|7|9,10.4616,252,1
4,b1,5,1|3|5|8|9,10.7767,252,1
4,b1,5,1|3|6|7|8,12.0013,252,1
4,b1,5,1|3|6|7|9,10.9814,252,1
4,b1,5,1|3|6|8|9,11.7651,252,1
4,b1,5,1|3|7|8|9,11.1950,252,1
4,b1,5,1|4|5|6|7,6.9147,252,1
4,b1,5,1|4|5|6|8,6.8117,252,1
4,b1,5,1|4|5|6|9,9.4296,252,1
4,b1,5,1|4|5|7|8,6.7361,252,1
4,b1,5,1|4|5|7|9,6.6946,252,1
4,b1,5,1|4|5|8|9,3.2819,252,1
4,b1,5,1|4|6|7|8,6.3334,252,1
4,b1,5,1|4|6|7|9,4.5808,252,1
4,b1,5,1|4|6|8|9,5.1067,252,1
4,b1,5,1|4|7|8|9,4.1816,252,1
4,b1,5,1|5|6|7|8,12.7543,252,1
4,b1,5,1|5|6|7|9,9.3240,252,1
4,b1,5,1|5|6|8|9,4.7900,252,1
4,b1,5,1|5|7|8|9,7.0555,252,1
4,b1,5,1|6|7|8|9,5.0988,252,1
4,b1,5,2|3|4|5|6,10.3378,252,1
4,b1,5,2|3|4|5|7,9.2094,252,1
4,b1,5,2|3|4|5|8,11.2192,252,1
4,b1,5,2|3|4|5|9,14.5601,252,1
4,b1,5,2|3|4|6|7,9.8641,252,1
4,b1,5,2|3|4|6|8,7.0099,252,1
4,b1,5,2|3|4|6|9,8.9445,252,1
4,b1,5,2|3|4|7|8,9.0287,252,1
4,b1,5,2|3|4|7|9,12.7678,252,1
4,b1,5,2|3|4|8|9,8.0474,252,1
4,b1,5,2|3|5|6|7,10.6789,252,1
4,b1,5,2|3|5|6|8,12.7254,252,1
4,b1,5,2|3|5|6|9,17.5243,252,1
4,b1,5,2|3|5|7|8,14.9785,252,1
4,b1,5,2|3|5|7|9,15.3341,252,1
4,b1,5,2|3|5|8|9,9.3423,252,1
4,b1,5,2|3|6|7|8,13.6823,252,1
4,b1,5,2|3|6|7|9,13.9887,252,1
4,b1,5,2|3|6|8|9,11.6187,252,1
4,b1,5,2|3|7|8|9,11.3394,252,1
4,b1,5,2|4|5|6|7,13.0137,252,1
4,b1,5,2|4|5|6|8,12.3246,252,1
4,b1,5,2|4|5|6|9,19.0270,252,1
4,b1,5,2|4|5|7|8,15.1303,252,1
4,b1,5,2|4|5|7|9,18.1464,252,1
4,b1,5,2|4|5|8|9,6.3802,252,1
4,b1,5,2|4|6|7|8,13.2577,252,1
4,b1,5,2|4|6|7|9,16.1279,252,1
4,b1,5,2|4|6|8|9,7.2123,252,1
4,b1,5,2|4|7|8|9,8.8134,252,1
4,b1,5,2|5|6|7|8,14.8189,252,1
4,b1,5,2|5|6|7|9,17.1138,252,1
4,b1,5,2|5|6|8|9,13.8083,252,1
4,b1,5,2|5|7|8|9,16.6397,252,1
4,b1,5,2|6|7|8|9,14.1323,252,1
4,b1,5,3|4|5|6|7,9.2148,252,1
4,b1,5,3|4|5|6|8,7.8470,252,1
4,b1,5,3|4|5|6|9,11.4897,252,1
4,b1,5,3|4|5|7|8,10.4824,252,1
4,b1,5,3|4|5|7|9,15.2091,252,1
4,b1,5,3|4|5|8|9,7.8307,252,1
4,b1,5,3|4|6|7|8,8.3179,252,1
4,b1,5,3|4|6|7|9,11.1975,252,1
4,b1,5,3|4|6|8|9,4.1190,252,1
4,b1,5,3|4|7|8|9,8.5730,252,1
4,b1,5,3|5|6|7|8,12.0207,252,1
4,b1,5,3|5|6|7|9,11.1128,252,1
4,b1,5,3|5|6|8|9,9.7814,252,1
4,b1,5,3|5|7|8|9,13.8534,252,1
4,b1,5,3|6|7|8|9,12.5764,252,1
4,b1,5,4|5|6|7|8,8.1468,252,1
4,b1,5,4|5|6|7|9,9.6528,252,1
4,b1,5,4|5|6|8|9,4.8026,252,1
4,b1,5,4|5|7|8|9,9.7737,252,1
4,b1,5,4|6|7|8|9,4.8127,252,1
4,b1,5,5|6|7|8|9,11.2853,252,1
4,b1,6,0|1|2|3|4|5,2.9317,210,1
4,b1,6,0|1|2|3|4|6,3.1199,210,1
4,b1,6,0|1|2|3|4|7,3.0467,210,1
4,b1,6,0|1|2|3|4|8,4.5461,210,1
4,b1,6,0|1|2|3|4|9,4.8018,210,1
4,b1,6,0|1|2|3|5|6,4.7427,210,1
4,b1,6,0|1|2|3|5|7,4.3348,210,1
4,b1,6,0|1|2|3|5|8,6.2852,210,1
4,b1,6,0|1|2|3|5|9,4.6055,210,1
4,b1,6,0|1|2|3|6|7,5.0979,210,1
4,b1,6,0|1|2|3|6|8,8.5243,210,1
4,b1,6,0|1|2|3|6|9,9.5050,210,1
4,b1,6,0|1|2|3|7|8,6.0459,210,1
4,b1,6,0|1|2|3|7|9,5.5497,210,1
4,b1,6,0|1|2|3|8|9,8.7524,210,1
4,b1,6,0|1|2|4|5|6,3.9603,210,1
4,b1,6,0|1|2|4|5|7,10.4195,210,1
4,b1,6,0|1|2|4|5|8,11.8265,210,1
4,b1,6,0|1|2|4|5|9,8.9137,210,1
4,b1,6,0|1|2|4|6|7,7.3031,210,1
4,b1,6,0|1|2|4|6|8,9.6719,210,1
4,b1,6,0|1|2|4|6|9,10.6263,210,1
4,b1,6,0|1|2|4|7|8,13.5916,210,1
4,b1,6,0|1|2|4|7|9,15.1297,210,1
4,b1,6,0|1|2|4|8|9,8.1348,210,1
4,b1,6,0|1|2|5|6|7,6.0039,210,1
4,b1,6,0|1|2|5|6|8,7.0878,210,1
4,b1,6,0|1|2|5|6|9,9.2278,210,1
4,b1,6,0|1|2|5|7|8,12.5255,210,1
4,b1,6,0|1|2|5|7|9,12.6502,210,1
4,b1,6,0|1|2|5|8|9,11.1748,210,1
4,b1,6,0|1|2|6|7|8,9.3534,210,1
4,b1,6,0|1|2|6|7|9,10.7135,210,1
4,b1,6,0|1|2|6|8|9,8.5285,210,1
4,b1,6,0|1|2|7|8|9,7.9219,210,1
4,b1,6,0|1|3|4|5|6,5.5026,210,1
4,b1,6,0|1|3|4|5|7,4.0517,210,1
4,b1,6,0|1|3|4|5|8,9.0892,210,1
4,b1,6,0|1|3|4|5|9,8.7205,210,1
4,b1,6,0|1|3|4|6|7,4.8246,210,1
4,b1,6,0|1|3|4|6|8,11.3512,210,1
4,b1,6,0|1|3|4|6|9,15.7955,210,1
4,b1,6,0|1|3|4|7|8,11.8428,210,1
4,b1,6,0|1|3|4|7|9,12.4232,210,1
4,b1,6,0|1|3|4|8|9,6.6579,210,1
4,b1,6,0|1|3|5|6|7,5.2447,210,1
4,b1,6,0|1|3|5|6|8,10.8783,210,1
4,b1,6,0|1|3|5|6|9,8.5369,210,1
4,b1,6,0|1|3|5|7|8,10.5100,210,1
4,b1,6,0|1|3|5|7|9,8.7747,210,1
4,b1,6,0|1|3|5|8|9,9.1233,210,1
4,b1,6,0|1|3|6|7|8,8.4113,210,1
4,b1,6,0|1|3|6|7|9,15.1363,210,1
4,b1,6,0|1|3|6|8|9,10.4577,210,1
4,b1,6,0|1|3|7|8|9,9.3622,210,1
4,b1,6,0|1|4|5|6|7,7.6829,210,1
4,b1,6,0|1|4|5|6|8,8.2365,210,1
4,b1,6,0|1|4|5|6|9,10.1522,210,1
4,b1,6,0|1|4|5|7|8,10.5357,210,1
4,b1,6,0|1|4|5|7|9,9.6579,210,1
4,b1,6,0|1|4|5|8|9,7.3187,210,1
4,b1,6,0|1|4|6|7|8,8.2157,210,1
4,b1,6,0|1|4|6|7|9,8.3349,210,1
4,b1,6,0|1|4|6|8|9,7.9706,210,1
4,b1,6,0|1|4|7|8|9,4.9788,210,1
4,b1,6,0|1|5|6|7|8,12.1371,210,1
4,b1,6,0|1|5|6|7|9,11.6184,210,1
4,b1,6,0|1|5|6|8|9,6.7420,210,1
4,b1,6,0|1|5|7|8|9,9.4115,210,1
4,b1,6,0|1|6|7|8|9,5.7333,210,1
4,b1,6,0|2|3|4|5|6,2.5293,210,1
4,b1,6,0|2|3|4|5|7,3.7635,210,1
4,b1,6,0|2|3|4|5|8,8.8868,210,1
4,b1,6,0|2|3|4|5|9,6.8786,210,1
4,b1,6,0|2|3|4|6|7,5.6018,210,1
4,b1,6,0|2|3|4|6|8,5.4925,210,1
4,b1,6,0|2|3|4|6|9,6.4577,210,1
4,b1,6,0|2|3|4|7|8,12.7192,210,1
4,b1,6,0|2|3|4|7|9,12.7074,210,1
4,b1,6,0|2|3|4|8|9,6.7279,210,1
4,b1,6,0|2|3|5|6|7,5.8414,210,1
4,b1,6,0|2|3|5|6|8,11.0256,210,1
4,b1,6,0|2|3|5|6|9,10.0115,210,1
4,b1,6,0|2|3|5|7|8,10.2880,210,1
4,b1,6,0|2|3|5|7|9,11.4553,210,1
4,b1,6,0|2|3|5|8|9,6.6199,210,1
4,b1,6,0|2|3|6|7|8,9.0668,210,1
4,b1,6,0|2|3|6|7|9,8.8537,210,1
4,b1,6,0|2|3|6|8|9,8.0810,210,1
4,b1,6,0|2|3|7|8|9,10.2589,210,1
4,b1,6,0|2|4|5|6|7,5.0265,210,1
4,b1,6,0|2|4|5|6|8,9.1111,210,1
4,b1,6,0|2|4|5|6|9,6.6969,210,1
4,b1,6,0|2|4|5|7|8,9.3969,210,1
4,b1,6,0|2|4|5|7|9,13.8008,210,1
4,b1,6,0|2|4|5|8|9,5.4605,210,1
4,b1,6,0|2|4|6|7|8,9.2495,210,1
4,b1,6,0|2|4|6|7|9,9.2146,210,1
4,b1,6,0|2|4|6|8|9,6.9940,210,1
4,b1,6,0|2|4|7|8|9,8.2486,210,1
4,b1,6,0|2|5|6|7|8,9.9298,210,1
4,b1,6,0|2|5|6|7|9,10.0546,210,1
4,b1,6,0|2|5|6|8|9,9.4643,210,1
4,b1,6,0|2|5|7|8|9,10.1122,210,1
4,b1,6,0|2|6|7|8|9,8.8253,210,1
4,b1,6,0|3|4|5|6|7,3.0707,210,1
4,b1,6,0|3|4|5|6|8,7.5610,210,1
4,b1,6,0|3|4|5|6|9,6.7403,210,1
4,b1,6,0|3|4|5|7|8,11.2468,210,1
4,b1,6,0|3|4|5|7|9,14.2316,210,1
4,b1,6,0|3|4|5|8|9,3.1282,210,1
4,b1,6,0|3|4|6|7|8,5.1754,210,1
4,b1,6,0|3|4|6|7|9,6.5451,210,1
4,b1,6,0|3|4|6|8|9,5.8868,210,1
4,b1,6,0|3|4|7|8|9,5.7118,210,1
4,b1,6,0|3|5|6|7|8,8.0518,210,1
4,b1,6,0|3|5|6|7|9,7.5965,210,1
4,b1,6,0|3|5|6|8|9,7.7528,210,1
4,b1,6,0|3|5|7|8|9,8.8714,210,1
4,b1,6,0|3|6|7|8|9,6.9788,210,1
4,b1,6,0|4|5|6|7|8,8.7806,210,1
4,b1,6,0|4|5|6|7|9,9.2188,210,1
4,b1,6,0|4|5|6|8|9,4.1281,210,1
4,b1,6,0|4|5|7|8|9,3.3510,210,1
4,b1,6,0|4|6|7|8|9,4.6837,210,1
4,b1,6,0|5|6|7|8|9,6.9014,210,1
4,b1,6,1|2|3|4|5|6,3.5771,210,1
4,b1,6,1|2|3|4|5|7,4.1389,210,1
4,b1,6,1|2|3|4|5|8,5.0412,210,1
4,b1,6,1|2|3|4|5|9,4.8391,210,1
4,b1,6,1|2|3|4|6|7,2.7731,210,1
4,b1,6,1|2|3|4|6|8,4.9675,210,1
4,b1,6,1|2|3|4|6|9,7.4662,210,1
4,b1,6,1|2|3|4|7|8,3.6715,210,1
4,b1,6,1|2|3|4|7|9,4.1592,210,1
4,b1,6,1|2|3|4|8|9,2.0739,210,1
4,b1,6,1|2|3|5|6|7,7.8990,210,1
4,b1,6,1|2|3|5|6|8,10.7014,210,1
4,b1,6,1|2|3|5|6|9,12.4819,210,1
4,b1,6,1|2|3|5|7|8,8.8443,210,1
4,b1,6,1|2|3|5|7|9,8.1546,210,1
4,b1,6,1|2|3|5|8|9,6.4492,210,1
4,b1,6,1|2|3|6|7|8,9.0283,210,1
4,b1,6,1|2|3|6|7|9,8.3547,210,1
4,b1,6,1|2|3|6|8|9,7.4182,210,1
4,b1,6,1|2|3|7|8|9,7.1665,210,1
4,b1,6,1|2|4|5|6|7,5.2522,210,1
4,b1,6,1|2|4|5|6|8,5.1586,210,1
4,b1,6,1|2|4|5|6|9,6.5358,210,1
4,b1,6,1|2|4|5|7|8,7.4814,210,1
4,b1,6,1|2|4|5|7|9,6.4142,210,1
4,b1,6,1|2|4|5|8|9,2.6421,210,1
4,b1,6,1|2|4|6|7|8,6.4622,210,1
4,b1,6,1|2|4|6|7|9,3.7461,210,1
4,b1,6,1|2|4|6|8|9,4.1373,210,1
4,b1,6,1|2|4|7|8|9,4.4911,210,1
4,b1,6,1|2|5|6|7|8,7.6358,210,1
4,b1,6,1|2|5|6|7|9,7.8021,210,1
4,b1,6,1|2|5|6|8|9,6.6954,210,1
4,b1,6,1|2|5|7|8|9,7.0188,210,1
4,b1,6,1|2|6|7|8|9,4.5219,210,1
4,b1,6,1|3|4|5|6|7,2.8923,210,1
4,b1,6,1|3|4|5|6|8,5.6703,210,1
4,b1,6,1|3|4|5|6|9,5.7343,210,1
4,b1,6,1|3|4|5|7|8,3.4017,210,1
4,b1,6,1|3|4|5|7|9,4.9872,210,1
4,b1,6,1|3|4|5|8|9,3.2712,210,1
4,b1,6,1|3|4|6|7|8,3.6523,210,1
4,b1,6,1|3|4|6|7|9,2.6789,210,1
4,b1,6,1|3|4|6|8|9,3.6362,210,1
4,b1,6,1|3|4|7|8|9,2.7505,210,1
4,b1,6,1|3|5|6|7|8,10.1332,210,1
4,b1,6,1|3|5|6|7|9,9.0158,210,1
4,b1,6,1|3|5|6|8|9,10.7878,210,1
4,b1,6,1|3|5|7|8|9,8.8436,210,1
4,b1,6,1|3|6|7|8|9,8.5951,210,1
4,b1,6,1|4|5|6|7|8,4.9530,210,1
4,b1,6,1|4|5|6|7|9,5.1390,210,1
4,b1,6,1|4|5|6|8|9,3.2911,210,1
4,b1,6,1|4|5|7|8|9,2.9691,210,1
4,b1,6,1|4|6|7|8|9,2.1960,210,1
4,b1,6,1|5|6|7|8|9,3.4149,210,1
4,b1,6,2|3|4|5|6|7,8.2229,210,1
4,b1,6,2|3|4|5|6|8,6.4367,210,1
4,b1,6,2|3|4|5|6|9,11.0100,210,1
4,b1,6,2|3|4|5|7|8,8.4166,210,1
4,b1,6,2|3|4|5|7|9,10.8728,210,1
4,b1,6,2|3|4|5|8|9,7.5797,210,1
4,b1,6,2|3|4|6|7|8,9.3931,210,1
4,b1,6,2|3|4|6|7|9,10.1473,210,1
4,b1,6,2|3|4|6|8|9,4.1056,210,1
4,b1,6,2|3|4|7|8|9,7.9357,210,1
4,b1,6,2|3|5|6|7|8,8.7134,210,1
4,b1,6,2|3|5|6|7|9,8.8995,210,1
4,b1,6,2|3|5|6|8|9,9.1661,210,1
4,b1,6,2|3|5|7|8|9,9.1631,210,1
4,b1,6,2|3|6|7|8|9,10.9101,210,1
4,b1,6,2|4|5|6|7|8,8.7662,210,1
4,b1,6,2|4|5|6|7|9,11.1416,210,1
4,b1,6,2|4|5|6|8|9,4.3617,210,1
4,b1,6,2|4|5|7|8|9,6.2138,210,1
4,b1,6,2|4|6|7|8|9,5.1808,210,1
4,b1,6,2|5|6|7|8|9,11.6914,210,1
4,b1,6,3|4|5|6|7|8,4.1423,210,1
4,b1,6,3|4|5|6|7|9,6.8918,210,1
4,b1,6,3|4|5|6|8|9,4.7181,210,1
4,b1,6,3|4|5|7|8|9,9.7465,210,1
4,b1,6,3|4|6|7|8|9,4.3362,210,1
4,b1,6,3|5|6|7|8|9,8.2150,210,1
4,b1,6,4|5|6|7|8|9,3.6530,210,1
4,b2,0,,63.1691,1,1
4,b2,1,0,58.6434,10,1
4,b2,1,1,55.2584,10,1
4,b2,1,2,62.3352,10,1
4,b2,1,3,63.6611,10,1
4,b2,1,4,59.7086,10,1
4,b2,1,5,65.6868,10,1
4,b2,1,6,62.2063,10,1
4,b2,1,7,62.3986,10,1
4,b2,1,8,64.2548,10,1
4,b2,1,9,63.2898,10,1
4,b2,2,0|1,45.4985,45,1
4,b2,2,0|2,58.7256,45,1
4,b2,2,0|3,58.2024,45,1
4,b2,2,0|4,54.0645,45,1
4,b2,2,0|5,60.3193,45,1
4,b2,2,0|6,57.2706,45,1
4,b2,2,0|7,57.9584,45,1
4,b2,2,0|8,60.4131,45,1
4,b2,2,0|9,58.5908,45,1
4,b2,2,1|2,52.4975,45,1
4,b2,2,1|3,56.5203,45,1
4,b2,2,1|4,49.3616,45,1
4,b2,2,1|5,58.0695,45,1
4,b2,2,1|6,55.3720,45,1
4,b2,2,1|7,54.3747,45,1
4,b2,2,1|8,57.1997,45,1
4,b2,2,1|9,55.9467,45,1
4,b2,2,2|3,55.0148,45,1
4,b2,2,2|4,58.9354,45,1
4,b2,2,2|5,64.6216,45,1
4,b2,2,2|6,61.0956,45,1
4,b2,2,2|7,60.9237,45,1
4,b2,2,2|8,63.5229,45,1
4,b2,2,2|9,61.2748,45,1
4,b2,2,3|4,58.5062,45,1
4,b2,2,3|5,65.4374,45,1
4,b2,2,3|6,61.4935,45,1
4,b2,2,3|7,62.2670,45,1
4,b2,2,3|8,64.7578,45,1
4,b2,2,3|9,61.9582,45,1
4,b2,2,4|5,60.2083,45,1
4,b2,2,4|6,58.8995,45,1
4,b2,2,4|7,57.3390,45,1
4,b2,2,4|8,61.1847,45,1
4,b2,2,4|9,58.1507,45,1
4,b2,2,5|6,63.3102,45,1
4,b2,2,5|7,63.1695,45,1
4,b2,2,5|8,65.7017,45,1
4,b2,2,5|9,64.3629,45,1
4,b2,2,6|7,60.8690,45,1
4,b2,2,6|8,64.7804,45,1
4,b2,2,6|9,63.6217,45,1
4,b2,2,7|8,61.7045,45,1
4,b2,2,7|9,60.7128,45,1
4,b2,2,8|9,62.7047,45,1
4,b2,3,0|1|2,42.6559,120,1
4,b2,3,0|1|3,42.3670,120,1
4,b2,3,0|1|4,37.4953,120,1
4,b2,3,0|1|5,45.0209,120,1
4,b2,3,0|1|6,43.5717,120,1
4,b2,3,0|1|7,45.3739,120,1
4,b2,3,0|1|8,47.9340,120,1
4,b2,3,0|1|9,45.8627,120,1
4,b2,3,0|2|3,49.0960,120,1
4,b2,3,0|2|4,52.0774,120,1
4,b2,3,0|2|5,59.7452,120,1
4,b2,3,0|2|6,54.9758,120,1
4,b2,3,0|2|7,54.8147,120,1
4,b2,3,0|2|8,58.8785,120,1
4,b2,3,0|2|9,56.3923,120,1
4,b2,3,0|3|4,51.3088,120,1
4,b2,3,0|3|5,61.7033,120,1
4,b2,3,0|3|6,55.6794,120,1
4,b2,3,0|3|7,56.9822,120,1
4,b2,3,0|3|8,59.4319,120,1
4,b2,3,0|3|9,56.8908,120,1
4,b2,3,0|4|5,53.0965,120,1
4,b2,3,0|4|6,52.7025,120,1
4,b2,3,0|4|7,51.5494,120,1
4,b2,3,0|4|8,54.2353,120,1
4,b2,3,0|4|9,53.6790,120,1
4,b2,3,0|5|6,57.5340,120,1
4,b2,3,0|5|7,56.6706,120,1
4,b2,3,0|5|8,59.7494,120,1
4,b2,3,0|5|9,57.5514,120,1
4,b2,3,0|6|7,55.1566,120,1
4,b2,3,0|6|8,59.5201,120,1
4,b2,3,0|6|9,58.3310,120,1
4,b2,3,0|7|8,55.7981,120,1
4,b2,3,0|7|9,54.6683,120,1
4,b2,3,0|8|9,58.0229,120,1
4,b2,3,1|2|3,43.2794,120,1
4,b2,3,1|2|4,46.0448,120,1
4,b2,3,1|2|5,53.0828,120,1
4,b2,3,1|2|6,52.0081,120,1
4,b2,3,1|2|7,49.2099,120,1
4,b2,3,1|2|8,53.3446,120,1
4,b2,3,1|2|9,51.2603,120,1
4,b2,3,1|3|4,48.8841,120,1
4,b2,3,1|3|5,59.1328,120,1
4,b2,3,1|3|6,56.8893,120,1
4,b2,3,1|3|7,55.0552,120,1
4,b2,3,1|3|8,58.3459,120,1
4,b2,3,1|3|9,55.9105,120,1
4,b2,3,1|4|5,48.5723,120,1
4,b2,3,1|4|6,46.0017,120,1
4,b2,3,1|4|7,48.0536,120,1
4,b2,3,1|4|8,52.3143,120,1
4,b2,3,1|4|9,50.9580,120,1
4,b2,3,1|5|6,56.4699,120,1
4,b2,3,1|5|7,53.7466,120,1
4,b2,3,1|5|8,56.3383,120,1
4,b2,3,1|5|9,56.5250,120,1
4,b2,3,1|6|7,54.0870,120,1
4,b2,3,1|6|8,56.9676,120,1
4,b2,3,1|6|9,56.2777,120,1
4,b2,3,1|7|8,53.5339,120,1
4,b2,3,1|7|9,51.4940,120,1
4,b2,3,1|8|9,55.3634,120,1
4,b2,3,2|3|4,46.2062,120,1
4,b2,3,2|3|5,55.8304,120,1
4,b2,3,2|3|6,54.5034,120,1
4,b2,3,2|3|7,53.4670,120,1
4,b2,3,2|3|8,55.7743,120,1
4,b2,3,2|3|9,55.1812,120,1
4,b2,3,2|4|5,57.2280,120,1
4,b2,3,2|4|6,57.1684,120,1
4,b2,3,2|4|7,56.1429,120,1
4,b2,3,2|4|8,59.3292,120,1
4,b2,3,2|4|9,57.2535,120,1
4,b2,3,2|5|6,62.0749,120,1
4,b2,3,2|5|7,60.4565,120,1
4,b2,3,2|5|8,63.5791,120,1
4,b2,3,2|5|9,63.2440,120,1
4,b2,3,2|6|7,59.5258,120,1
4,b2,3,2|6|8,63.5568,120,1
4,b2,3,2|6|9,63.2375,120,1
4,b2,3,2|7|8,59.9728,120,1
4,b2,3,2|7|9,58.7004,120,1
4,b2,3,2|8|9,60.5018,120,1
4,b2,3,3|4|5,53.7835,120,1
4,b2,3,3|4|6,54.9764,120,1
4,b2,3,3|4|7,56.1676,120,1
4,b2,3,3|4|8,59.3175,120,1
4,b2,3,3|4|9,56.3671,120,1
4,b2,3,3|5|6,62.0719,120,1
4,b2,3,3|5|7,61.3273,120,1
4,b2,3,3|5|8,64.5904,120,1
4,b2,3,3|5|9,63.2691,120,1
4,b2,3,3|6|7,59.3519,120,1
4,b2,3,3|6|8,62.8724,120,1
4,b2,3,3|6|9,61.6129,120,1
4,b2,3,3|7|8,61.5198,120,1
4,b2,3,3|7|9,59.4048,120,1
4,b2,3,3|8|9,62.5071,120,1
4,b2,3,4|5|6,53.7919,120,1
4,b2,3,4|5|7,55.1803,120,1
4,b2,3,4|5|8,58.5629,120,1
4,b2,3,4|5|9,57.3451,120,1
4,b2,3,4|6|7,54.3181,120,1
4,b2,3,4|6|8,57.2604,120,1
4,b2,3,4|6|9,57.4728,120,1
4,b2,3,4|7|8,55.4589,120,1
4,b2,3,4|7|9,54.9282,120,1
4,b2,3,4|8|9,56.4862,120,1
4,b2,3,5|6|7,58.6900,120,1
4,b2,3,5|6|8,62.1597,120,1
4,b2,3,5|6|9,63.0521,120,1
4,b2,3,5|7|8,60.5562,120,1
4,b2,3,5|7|9,58.5706,120,1
4,b2,3,5|8|9,60.9399,120,1
4,b2,3,6|7|8,58.9550,120,1
4,b2,3,6|7|9,59.5415,120,1
4,b2,3,6|8|9,62.0101,120,1
4,b2,3,7|8|9,55.3904,120,1
4,b2,4,0|1|2|3,23.3286,210,1
4,b2,4,0|1|2|4,34.1042,210,1
4,b2,4,0|1|2|5,39.9294,210,1
4,b2,4,0|1|2|6,40.4103,210,1
4,b2,4,0|1|2|7,38.8387,210,1
4,b2,4,0|1|2|8,44.4565,210,1
4,b2,4,0|1|2|9,40.7724,210,1
4,b2,4,0|1|3|4,37.1715,210,1
4,b2,4,0|1|3|5,41.0570,210,1
4,b2,4,0|1|3|6,41.0154,210,1
4,b2,4,0|1|3|7,39.8867,210,1
4,b2,4,0|1|3|8,44.8894,210,1
4,b2,4,0|1|3|9,40.9427,210,1
4,b2,4,0|1|4|5,35.9085,210,1
4,b2,4,0|1|4|6,31.8942,210,1
4,b2,4,0|1|4|7,36.9925,210,1
4,b2,4,0|1|4|8,39.7985,210,1
4,b2,4,0|1|4|9,40.7851,210,1
4,b2,4,0|1|5|6,41.5201,210,1
4,b2,4,0|1|5|7,41.0322,210,1
4,b2,4,0|1|5|8,42.7165,210,1
4,b2,4,0|1|5|9,45.3571,210,1
4,b2,4,0|1|6|7,42.0617,210,1
4,b2,4,0|1|6|8,44.1338,210,1
4,b2,4,0|1|6|9,46.3210,210,1
4,b2,4,0|1|7|8,41.5488,210,1
4,b2,4,0|1|7|9,43.5260,210,1
4,b2,4,0|1|8|9,45.2764,210,1
4,b2,4,0|2|3|4,39.2474,210,1
4,b2,4,0|2|3|5,48.1533,210,1
4,b2,4,0|2|3|6,46.8980,210,1
4,b2,4,0|2|3|7,48.3633,210,1
4,b2,4,0|2|3|8,50.5694,210,1
4,b2,4,0|2|3|9,50.1005,210,1
4,b2,4,0|2|4|5,48.5152,210,1
4,b2,4,0|2|4|6,47.9313,210,1
4,b2,4,0|2|4|7,48.8684,210,1
4,b2,4,0|2|4|8,51.5960,210,1
4,b2,4,0|2|4|9,50.2481,210,1
4,b2,4,0|2|5|6,56.1557,210,1
4,b2,4,0|2|5|7,54.3734,210,1
4,b2,4,0|2|5|8,58.2695,210,1
4,b2,4,0|2|5|9,57.4446,210,1
4,b2,4,0|2|6|7,52.2707,210,1
4,b2,4,0|2|6|8,57.2023,210,1
4,b2,4,0|2|6|9,57.1910,210,1
4,b2,4,0|2|7|8,52.0647,210,1
4,b2,4,0|2|7|9,52.5147,210,1
4,b2,4,0|2|8|9,56.3565,210,1
4,b2,4,0|3|4|5,42.9262,210,1
4,b2,4,0|3|4|6,47.1313,210,1
4,b2,4,0|3|4|7,48.2616,210,1
4,b2,4,0|3|4|8,53.1715,210,1
4,b2,4,0|3|4|9,50.4768,210,1
4,b2,4,0|3|5|6,56.8280,210,1
4,b2,4,0|3|5|7,58.1918,210,1
4,b2,4,0|3|5|8,61.2358,210,1
4,b2,4,0|3|5|9,58.9518,210,1
4,b2,4,0|3|6|7,53.9128,210,1
4,b2,4,0|3|6|8,57.8324,210,1
4,b2,4,0|3|6|9,57.7905,210,1
4,b2,4,0|3|7|8,56.0903,210,1
4,b2,4,0|3|7|9,54.5078,210,1
4,b2,4,0|3|8|9,57.7099,210,1
4,b2,4,0|4|5|6,46.1312,210,1
4,b2,4,0|4|5|7,44.7515,210,1
4,b2,4,0|4|5|8,51.6430,210,1
4,b2,4,0|4|5|9,52.5332,210,1
4,b2,4,0|4|6|7,47.9567,210,1
4,b2,4,0|4|6|8,53.1567,210,1
4,b2,4,0|4|6|9,54.1960,210,1
4,b2,4,0|4|7|8,48.4166,210,1
4,b2,4,0|4|7|9,50.2054,210,1
4,b2,4,0|4|8|9,51.3308,210,1
4,b2,4,0|5|6|7,52.9964,210,1
4,b2,4,0|5|6|8,59.5382,210,1
4,b2,4,0|5|6|9,58.2159,210,1
4,b2,4,0|5|7|8,52.0576,210,1
4,b2,4,0|5|7|9,51.4504,210,1
4,b2,4,0|5|8|9,56.0773,210,1
4,b2,4,0|6|7|8,53.1605,210,1
4,b2,4,0|6|7|9,55.1668,210,1
4,b2,4,0|6|8|9,59.6120,210,1
4,b2,4,0|7|8|9,48.6566,210,1
4,b2,4,1|2|3|4,37.1768,210,1
4,b2,4,1|2|3|5,39.8504,210,1
4,b2,4,1|2|3|6,41.2925,210,1
4,b2,4,1|2|3|7,38.3906,210,1
4,b2,4,1|2|3|8,43.5455,210,1
4,b2,4,1|2|3|9,44.2469,210,1
4,b2,4,1|2|4|5,45.6373,210,1
4,b2,4,1|2|4|6,43.4037,210,1
4,b2,4,1|2|4|7,44.7023,210,1
4,b2,4,1|2|4|8,47.8593,210,1
4,b2,4,1|2|4|9,47.0814,210,1
4,b2,4,1|2|5|6,51.8111,210,1
4,b2,4,1|2|5|7,46.9668,210,1
4,b2,4,1|2|5|8,51.0709,210,1
4,b2,4,1|2|5|9,50.6495,210,1
4,b2,4,1|2|6|7,49.4577,210,1
4,b2,4,1|2|6|8,53.5065,210,1
4,b2,4,1|2|6|9,52.0881,210,1
4,b2,4,1|2|7|8,46.9437,210,1
4,b2,4,1|2|7|9,45.9420,210,1
4,b2,4,1|2|8|9,49.7385,210,1
4,b2,4,1|3|4|5,46.8449,210,1
4,b2,4,1|3|4|6,43.8636,210,1
4,b2,4,1|3|4|7,48.7269,210,1
4,b2,4,1|3|4|8,51.7318,210,1
4,b2,4,1|3|4|9,50.0553,210,1
4,b2,4,1|3|5|6,57.3173,210,1
4,b2,4,1|3|5|7,54.1579,210,1
4,b2,4,1|3|5|8,57.8009,210,1
4,b2,4,1|3|5|9,57.1073,210,1
4,b2,4,1|3|6|7,54.4454,210,1
4,b2,4,1|3|6|8,57.7270,210,1
4,b2,4,1|3|6|9,56.8380,210,1
4,b2,4,1|3|7|8,53.1553,210,1
4,b2,4,1|3|7|9,52.2577,210,1
4,b2,4,1|3|8|9,55.0741,210,1
4,b2,4,1|4|5|6,42.2544,210,1
4,b2,4,1|4|5|7,41.8898,210,1
4,b2,4,1|4|5|8,47.9099,210,1
4,b2,4,1|4|5|9,50.0809,210,1
4,b2,4,1|4|6|7,42.2559,210,1
4,b2,4,1|4|6|8,46.6240,210,1
4,b2,4,1|4|6|9,48.5114,210,1
4,b2,4,1|4|7|8,47.5084,210,1
4,b2,4,1|4|7|9,47.7209,210,1
4,b2,4,1|4|8|9,50.2970,210,1
4,b2,4,1|5|6|7,50.9064,210,1
4,b2,4,1|5|6|8,53.2436,210,1
4,b2,4,1|5|6|9,56.7492,210,1
4,b2,4,1|5|7|8,48.7467,210,1
4,b2,4,1|5|7|9,48.3902,210,1
4,b2,4,1|5|8|9,50.7363,210,1
4,b2,4,1|6|7|8,51.4390,210,1
4,b2,4,1|6|7|9,50.0242,210,1
4,b2,4,1|6|8|9,52.1379,210,1
4,b2,4,1|7|8|9,44.2195,210,1
4,b2,4,2|3|4|5,35.4054,210,1
4,b2,4,2|3|4|6,43.5189,210,1
4,b2,4,2|3|4|7,43.5345,210,1
4,b2,4,2|3|4|8,45.6146,210,1
4,b2,4,2|3|4|9,44.4921,210,1
4,b2,4,2|3|5|6,52.1270,210,1
4,b2,4,2|3|5|7,52.8777,210,1
4,b2,4,2|3|5|8,55.3533,210,1
4,b2,4,2|3|5|9,54.9925,210,1
4,b2,4,2|3|6|7,50.9171,210,1
4,b2,4,2|3|6|8,53.3802,210,1
4,b2,4,2|3|6|9,54.3563,210,1
4,b2,4,2|3|7|8,52.7581,210,1
4,b2,4,2|3|7|9,53.0375,210,1
4,b2,4,2|3|8|9,54.5594,210,1
4,b2,4,2|4|5|6,47.5370,210,1
4,b2,4,2|4|5|7,51.1074,210,1
4,b2,4,2|4|5|8,54.7122,210,1
4,b2,4,2|4|5|9,55.1320,210,1
4,b2,4,2|4|6|7,51.0984,210,1
4,b2,4,2|4|6|8,55.7144,210,1
4,b2,4,2|4|6|9,55.5905,210,1
4,b2,4,2|4|7|8,52.3100,210,1
4,b2,4,2|4|7|9,51.7237,210,1
4,b2,4,2|4|8|9,53.9808,210,1
4,b2,4,2|5|6|7,56.5708,210,1
4,b2,4,2|5|6|8,60.4792,210,1
4,b2,4,2|5|6|9,61.1252,210,1
4,b2,4,2|5|7|8,57.1500,210,1
4,b2,4,2|5|7|9,55.9908,210,1
4,b2,4,2|5|8|9,59.2561,210,1
4,b2,4,2|6|7|8,57.3914,210,1
4,b2,4,2|6|7|9,57.9494,210,1
4,b2,4,2|6|8|9,60.3904,210,1
4,b2,4,2|7|8|9,52.2383,210,1
4,b2,4,3|4|5|6,42.5139,210,1
4,b2,4,3|4|5|7,48.6494,210,1
4,b2,4,3|4|5|8,53.4815,210,1
4,b2,4,3|4|5|9,52.0079,210,1
4,b2,4,3|4|6|7,48.4183,210,1
4,b2,4,3|4|6|8,51.9945,210,1
4,b2,4,3|4|6|9,51.0144,210,1
4,b2,4,3|4|7|8,53.2293,210,1
4,b2,4,3|4|7|9,52.7730,210,1
4,b2,4,3|4|8|9,55.0027,210,1
4,b2,4,3|5|6|7,56.5082,210,1
4,b2,4,3|5|6|8,59.5270,210,1
4,b2,4,3|5|6|9,59.8319,210,1
4,b2,4,3|5|7|8,57.8207,210,1
4,b2,4,3|5|7|9,56.9157,210,1
4,b2,4,3|5|8|9,60.4014,210,1
4,b2,4,3|6|7|8,57.0704,210,1
4,b2,4,3|6|7|9,57.0199,210,1
4,b2,4,3|6|8|9,60.7101,210,1
4,b2,4,3|7|8|9,54.1529,210,1
4,b2,4,4|5|6|7,40.3914,210,1
4,b2,4,4|5|6|8,44.3114,210,1
4,b2,4,4|5|6|9,49.1884,210,1
4,b2,4,4|5|7|8,47.4165,210,1
4,b2,4,4|5|7|9,47.8448,210,1
4,b2,4,4|5|8|9,52.3009,210,1
4,b2,4,4|6|7|8,42.4887,210,1
4,b2,4,4|6|7|9,46.9002,210,1
4,b2,4,4|6|8|9,49.9826,210,1
4,b2,4,4|7|8|9,42.6201,210,1
4,b2,4,5|6|7|8,47.0940,210,1
4,b2,4,5|6|7|9,50.0895,210,1
4,b2,4,5|6|8|9,52.7913,210,1
4,b2,4,5|7|8|9,46.0618,210,1
4,b2,4,6|7|8|9,45.5954,210,1
4,b2,5,0|1|2|3|4,18.9248,252,1
4,b2,5,0|1|2|3|5,18.0684,252,1
4,b2,5,0|1|2|3|6,23.5085,252,1
4,b2,5,0|1|2|3|7,18.7476,252,1
4,b2,5,0|1|2|3|8,24.2363,252,1
4,b2,5,0|1|2|3|9,23.3153,252,1
4,b2,5,0|1|2|4|5,27.8201,252,1
4,b2,5,0|1|2|4|6,26.8244,252,1
4,b2,5,0|1|2|4|7,28.7470,252,1
4,b2,5,0|1|2|4|8,33.7568,252,1
4,b2,5,0|1|2|4|9,34.7352,252,1
4,b2,5,0|1|2|5|6,31.8847,252,1
4,b2,5,0|1|2|5|7,31.6581,252,1
4,b2,5,0|1|2|5|8,35.6062,252,1
4,b2,5,0|1|2|5|9,39.2178,252,1
4,b2,5,0|1|2|6|7,33.5384,252,1
4,b2,5,0|1|2|6|8,38.8342,252,1
4,b2,5,0|1|2|6|9,40.9854,252,1
4,b2,5,0|1|2|7|8,35.6713,252,1
4,b2,5,0|1|2|7|9,39.2513,252,1
4,b2,5,0|1|2|8|9,41.2449,252,1
4,b2,5,0|1|3|4|5,30.4558,252,1
4,b2,5,0|1|3|4|6,30.4318,252,1
4,b2,5,0|1|3|4|7,35.8124,252,1
4,b2,5,0|1|3|4|8,38.5455,252,1
4,b2,5,0|1|3|4|9,35.1392,252,1
4,b2,5,0|1|3|5|6,33.3375,252,1
4,b2,5,0|1|3|5|7,34.6498,252,1
4,b2,5,0|1|3|5|8,40.2899,252,1
4,b2,5,0|1|3|5|9,43.7667,252,1
4,b2,5,0|1|3|6|7,34.8629,252,1
4,b2,5,0|1|3|6|8,39.1729,252,1
4,b2,5,0|1|3|6|9,41.9272,252,1
4,b2,5,0|1|3|7|8,37.8055,252,1
4,b2,5,0|1|3|7|9,40.7128,252,1
4,b2,5,0|1|3|8|9,42.5078,252,1
4,b2,5,0|1|4|5|6,30.1046,252,1
4,b2,5,0|1|4|5|7,30.6972,252,1
4,b2,5,0|1|4|5|8,34.1945,252,1
4,b2,5,0|1|4|5|9,37.9968,252,1
4,b2,5,0|1|4|6|7,28.6571,252,1
4,b2,5,0|1|4|6|8,30.9263,252,1
4,b2,5,0|1|4|6|9,37.5703,252,1
4,b2,5,0|1|4|7|8,33.5004,252,1
4,b2,5,0|1|4|7|9,36.9558,252,1
4,b2,5,0|1|4|8|9,40.6810,252,1
4,b2,5,0|1|5|6|7,30.4947,252,1
4,b2,5,0|1|5|6|8,31.7117,252,1
4,b2,5,0|1|5|6|9,42.9118,252,1
4,b2,5,0|1|5|7|8,31.7934,252,1
4,b2,5,0|1|5|7|9,37.8684,252,1
4,b2,5,0|1|5|8|9,39.1858,252,1
4,b2,5,0|1|6|7|8,32.0126,252,1
4,b2,5,0|1|6|7|9,36.7752,252,1
4,b2,5,0|1|6|8|9,35.7543,252,1
4,b2,5,0|1|7|8|9,35.5227,252,1
4,b2,5,0|2|3|4|5,27.1246,252,1
4,b2,5,0|2|3|4|6,35.2068,252,1
4,b2,5,0|2|3|4|7,36.6231,252,1
4,b2,5,0|2|3|4|8,40.9254,252,1
4,b2,5,0|2|3|4|9,39.4957,252,1
4,b2,5,0|2|3|5|6,41.5265,252,1
4,b2,5,0|2|3|5|7,45.3724,252,1
4,b2,5,0|2|3|5|8,50.0750,252,1
4,b2,5,0|2|3|5|9,52.9900,252,1
4,b2,5,0|2|3|6|7,42.9397,252,1
4,b2,5,0|2|3|6|8,46.4790,252,1
4,b2,5,0|2|3|6|9,48.3203,252,1
4,b2,5,0|2|3|7|8,47.3263,252,1
4,b2,5,0|2|3|7|9,49.1052,252,1
4,b2,5,0|2|3|8|9,50.8426,252,1
4,b2,5,0|2|4|5|6,38.1021,252,1
4,b2,5,0|2|4|5|7,39.6293,252,1
4,b2,5,0|2|4|5|8,48.1012,252,1
4,b2,5,0|2|4|5|9,49.6181,252,1
4,b2,5,0|2|4|6|7,43.3343,252,1
4,b2,5,0|2|4|6|8,48.6618,252,1
4,b2,5,0|2|4|6|9,50.5243,252,1
4,b2,5,0|2|4|7|8,46.9027,252,1
4,b2,5,0|2|4|7|9,47.8350,252,1
4,b2,5,0|2|4|8|9,48.5954,252,1
4,b2,5,0|2|5|6|7,49.0220,252,1
4,b2,5,0|2|5|6|8,55.6474,252,1
4,b2,5,0|2|5|6|9,57.8632,252,1
4,b2,5,0|2|5|7|8,48.2815,252,1
4,b2,5,0|2|5|7|9,49.6355,252,1
4,b2,5,0|2|5|8|9,53.9773,252,1
4,b2,5,0|2|6|7|8,50.5058,252,1
4,b2,5,0|2|6|7|9,53.3514,252,1
4,b2,5,0|2|6|8|9,56.8949,252,1
4,b2,5,0|2|7|8|9,46.5091,252,1
4,b2,5,0|3|4|5|6,37.5267,252,1
4,b2,5,0|3|4|5|7,34.2365,252,1
4,b2,5,0|3|4|5|8,42.6245,252,1
4,b2,5,0|3|4|5|9,41.8372,252,1
4,b2,5,0|3|4|6|7,39.8185,252,1
4,b2,5,0|3|4|6|8,48.0166,252,1
4,b2,5,0|3|4|6|9,47.1654,252,1
4,b2,5,0|3|4|7|8,46.4482,252,1
4,b2,5,0|3|4|7|9,48.3231,252,1
4,b2,5,0|3|4|8|9,50.5158,252,1
4,b2,5,0|3|5|6|7,48.3600,252,1
4,b2,5,0|3|5|6|8,54.7597,252,1
4,b2,5,0|3|5|6|9,58.8061,252,1
4,b2,5,0|3|5|7|8,52.7024,252,1
4,b2,5,0|3|5|7|9,51.3746,252,1
4,b2,5,0|3|5|8|9,56.0140,252,1
4,b2,5,0|3|6|7|8,52.6973,252,1
4,b2,5,0|3|6|7|9,53.4845,252,1
4,b2,5,0|3|6|8|9,57.0025,252,1
4,b2,5,0|3|7|8|9,48.1674,252,1
4,b2,5,0|4|5|6|7,33.8433,252,1
4,b2,5,0|4|5|6|8,42.8661,252,1
4,b2,5,0|4|5|6|9,47.4741,252,1
4,b2,5,0|4|5|7|8,39.8230,252,1
4,b2,5,0|4|5|7|9,42.5194,252,1
4,b2,5,0|4|5|8|9,49.0723,252,1
4,b2,5,0|4|6|7|8,41.3136,252,1
4,b2,5,0|4|6|7|9,45.5937,252,1
4,b2,5,0|4|6|8|9,49.5098,252,1
4,b2,5,0|4|7|8|9,39.2868,252,1
4,b2,5,0|5|6|7|8,44.0983,252,1
4,b2,5,0|5|6|7|9,46.3861,252,1
4,b2,5,0|5|6|8|9,50.2045,252,1
4,b2,5,0|5|7|8|9,38.0787,252,1
4,b2,5,0|6|7|8|9,40.5516,252,1
4,b2,5,1|2|3|4|5,21.8961,252,1
4,b2,5,1|2|3|4|6,31.3262,252,1
4,b2,5,1|2|3|4|7,31.1904,252,1
4,b2,5,1|2|3|4|8,36.9971,252,1
4,b2,5,1|2|3|4|9,38.7007,252,1
4,b2,5,1|2|3|5|6,35.8994,252,1
4,b2,5,1|2|3|5|7,32.2481,252,1
4,b2,5,1|2|3|5|8,38.4322,252,1
4,b2,5,1|2|3|5|9,39.2038,252,1
4,b2,5,1|2|3|6|7,36.1684,252,1
4,b2,5,1|2|3|6|8,40.9708,252,1
4,b2,5,1|2|3|6|9,41.5645,252,1
4,b2,5,1|2|3|7|8,34.9226,252,1
4,b2,5,1|2|3|7|9,37.3334,252,1
4,b2,5,1|2|3|8|9,41.4196,252,1
4,b2,5,1|2|4|5|6,37.9311,252,1
4,b2,5,1|2|4|5|7,37.4164,252,1
4,b2,5,1|2|4|5|8,42.6372,252,1
4,b2,5,1|2|4|5|9,47.0232,252,1
4,b2,5,1|2|4|6|7,38.3020,252,1
4,b2,5,1|2|4|6|8,41.4128,252,1
4,b2,5,1|2|4|6|9,44.1752,252,1
4,b2,5,1|2|4|7|8,41.3957,252,1
4,b2,5,1|2|4|7|9,42.1949,252,1
4,b2,5,1|2|4|8|9,45.3447,252,1
4,b2,5,1|2|5|6|7,44.5796,252,1
4,b2,5,1|2|5|6|8,47.1586,252,1
4,b2,5,1|2|5|6|9,51.3809,252,1
4,b2,5,1|2|5|7|8,41.5305,252,1
4,b2,5,1|2|5|7|9,43.2823,252,1
4,b2,5,1|2|5|8|9,45.8691,252,1
4,b2,5,1|2|6|7|8,47.5831,252,1
4,b2,5,1|2|6|7|9,46.4999,252,1
4,b2,5,1|2|6|8|9,48.6609,252,1
4,b2,5,1|2|7|8|9,40.3134,252,1
4,b2,5,1|3|4|5|6,39.5903,252,1
4,b2,5,1|3|4|5|7,40.8432,252,1
4,b2,5,1|3|4|5|8,48.7838,252,1
4,b2,5,1|3|4|5|9,50.4435,252,1
4,b2,5,1|3|4|6|7,39.6968,252,1
4,b2,5,1|3|4|6|8,43.6061,252,1
4,b2,5,1|3|4|6|9,45.0591,252,1
4,b2,5,1|3|4|7|8,48.4518,252,1
4,b2,5,1|3|4|7|9,47.8005,252,1
4,b2,5,1|3|4|8|9,48.8176,252,1
4,b2,5,1|3|5|6|7,48.3046,252,1
4,b2,5,1|3|5|6|8,52.3271,252,1
4,b2,5,1|3|5|6|9,55.9774,252,1
4,b2,5,1|3|5|7|8,48.8727,252,1
4,b2,5,1|3|5|7|9,48.6017,252,1
4,b2,5,1|3|5|8|9,51.0533,252,1
4,b2,5,1|3|6|7|8,50.6571,252,1
4,b2,5,1|3|6|7|9,49.7978,252,1
4,b2,5,1|3|6|8|9,51.6339,252,1
4,b2,5,1|3|7|8|9,44.6646,252,1
4,b2,5,1|4|5|6|7,34.4411,252,1
4,b2,5,1|4|5|6|8,40.0737,252,1
4,b2,5,1|4|5|6|9,42.9366,252,1
4,b2,5,1|4|5|7|8,36.9667,252,1
4,b2,5,1|4|5|7|9,40.9612,252,1
4,b2,5,1|4|5|8|9,45.0978,252,1
4,b2,5,1|4|6|7|8,37.6523,252,1
4,b2,5,1|4|6|7|9,41.6337,252,1
4,b2,5,1|4|6|8|9,43.9847,252,1
4,b2,5,1|4|7|8|9,39.9683,252,1
4,b2,5,1|5|6|7|8,42.4717,252,1
4,b2,5,1|5|6|7|9,43.0735,252,1
4,b2,5,1|5|6|8|9,43.9407,252,1
4,b2,5,1|5|7|8|9,38.4837,252,1
4,b2,5,1|6|7|8|9,38.3961,252,1
4,b2,5,2|3|4|5|6,26.9276,252,1
4,b2,5,2|3|4|5|7,31.4543,252,1
4,b2,5,2|3|4|5|8,34.6297,252,1
4,b2,5,2|3|4|5|9,32.6875,252,1
4,b2,5,2|3|4|6|7,34.1875,252,1
4,b2,5,2|3|4|6|8,38.2234,252,1
4,b2,5,2|3|4|6|9,39.5771,252,1
4,b2,5,2|3|4|7|8,39.8412,252,1
4,b2,5,2|3|4|7|9,40.3326,252,1
4,b2,5,2|3|4|8|9,42.9360,252,1
4,b2,5,2|3|5|6|7,44.3292,252,1
4,b2,5,2|3|5|6|8,47.2180,252,1
4,b2,5,2|3|5|6|9,49.2429,252,1
4,b2,5,2|3|5|7|8,48.5075,252,1
4,b2,5,2|3|5|7|9,49.5855,252,1
4,b2,5,2|3|5|8|9,51.8112,252,1
4,b2,5,2|3|6|7|8,46.3154,252,1
4,b2,5,2|3|6|7|9,48.0629,252,1
4,b2,5,2|3|6|8|9,50.4373,252,1
4,b2,5,2|3|7|8|9,46.5065,252,1
4,b2,5,2|4|5|6|7,34.6805,252,1
4,b2,5,2|4|5|6|8,38.3268,252,1
4,b2,5,2|4|5|6|9,44.2556,252,1
4,b2,5,2|4|5|7|8,43.5839,252,1
4,b2,5,2|4|5|7|9,46.0279,252,1
4,b2,5,2|4|5|8|9,50.5405,252,1
4,b2,5,2|4|6|7|8,40.7062,252,1
4,b2,5,2|4|6|7|9,46.5905,252,1
4,b2,5,2|4|6|8|9,49.0480,252,1
4,b2,5,2|4|7|8|9,42.0561,252,1
4,b2,5,2|5|6|7|8,45.5398,252,1
4,b2,5,2|5|6|7|9,48.1509,252,1
4,b2,5,2|5|6|8|9,50.9431,252,1
4,b2,5,2|5|7|8|9,44.5330,252,1
4,b2,5,2|6|7|8|9,44.5378,252,1
4,b2,5,3|4|5|6|7,32.2147,252,1
4,b2,5,3|4|5|6|8,35.9081,252,1
4,b2,5,3|4|5|6|9,37.7103,252,1
4,b2,5,3|4|5|7|8,39.6514,252,1
4,b2,5,3|4|5|7|9,43.1143,252,1
4,b2,5,3|4|5|8|9,47.5134,252,1
4,b2,5,3|4|6|7|8,37.3029,252,1
4,b2,5,3|4|6|7|9,41.8833,252,1
4,b2,5,3|4|6|8|9,46.7576,252,1
4,b2,5,3|4|7|8|9,42.3645,252,1
4,b2,5,3|5|6|7|8,41.4973,252,1
4,b2,5,3|5|6|7|9,42.4010,252,1
4,b2,5,3|5|6|8|9,46.0029,252,1
4,b2,5,3|5|7|8|9,42.4199,252,1
4,b2,5,3|6|7|8|9,40.9332,252,1
4,b2,5,4|5|6|7|8,31.4791,252,1
4,b2,5,4|5|6|7|9,34.2842,252,1
4,b2,5,4|5|6|8|9,37.5220,252,1
4,b2,5,4|5|7|8|9,35.7837,252,1
4,b2,5,4|6|7|8|9,34.7028,252,1
4,b2,5,5|6|7|8|9,33.9549,252,1
4,b2,6,0|1|2|3|4|5,8.7975,210,1
4,b2,6,0|1|2|3|4|6,16.7095,210,1
4,b2,6,0|1|2|3|4|7,13.5790,210,1
4,b2,6,0|1|2|3|4|8,17.1338,210,1
4,b2,6,0|1|2|3|4|9,17.1369,210,1
4,b2,6,0|1|2|3|5|6,17.5315,210,1
4,b2,6,0|1|2|3|5|7,11.8037,210,1
4,b2,6,0|1|2|3|5|8,16.8389,210,1
4,b2,6,0|1|2|3|5|9,17.8575,210,1
4,b2,6,0|1|2|3|6|7,18.4643,210,1
4,b2,6,0|1|2|3|6|8,22.7856,210,1
4,b2,6,0|1|2|3|6|9,24.8129,210,1
4,b2,6,0|1|2|3|7|8,17.7240,210,1
4,b2,6,0|1|2|3|7|9,21.4346,210,1
4,b2,6,0|1|2|3|8|9,23.8235,210,1
4,b2,6,0|1|2|4|5|6,21.5819,210,1
4,b2,6,0|1|2|4|5|7,22.2418,210,1
4,b2,6,0|1|2|4|5|8,25.9365,210,1
4,b2,6,0|1|2|4|5|9,32.6725,210,1
4,b2,6,0|1|2|4|6|7,20.2683,210,1
4,b2,6,0|1|2|4|6|8,24.5697,210,1
4,b2,6,0|1|2|4|6|9,30.2335,210,1
4,b2,6,0|1|2|4|7|8,24.8720,210,1
4,b2,6,0|1|2|4|7|9,30.3037,210,1
4,b2,6,0|1|2|4|8|9,34.6973,210,1
4,b2,6,0|1|2|5|6|7,18.9814,210,1
4,b2,6,0|1|2|5|6|8,20.8897,210,1
4,b2,6,0|1|2|5|6|9,35.2267,210,1
4,b2,6,0|1|2|5|7|8,26.9589,210,1
4,b2,6,0|1|2|5|7|9,31.7107,210,1
4,b2,6,0|1|2|5|8|9,33.1310,210,1
4,b2,6,0|1|2|6|7|8,24.7823,210,1
4,b2,6,0|1|2|6|7|9,31.5737,210,1
4,b2,6,0|1|2|6|8|9,30.6470,210,1
4,b2,6,0|1|2|7|8|9,32.8636,210,1
4,b2,6,0|1|3|4|5|6,27.1312,210,1
4,b2,6,0|1|3|4|5|7,23.6479,210,1
4,b2,6,0|1|3|4|5|8,30.1598,210,1
4,b2,6,0|1|3|4|5|9,31.6843,210,1
4,b2,6,0|1|3|4|6|7,27.5692,210,1
4,b2,6,0|1|3|4|6|8,30.6635,210,1
4,b2,6,0|1|3|4|6|9,35.2049,210,1
4,b2,6,0|1|3|4|7|8,31.7631,210,1
4,b2,6,0|1|3|4|7|9,36.2596,210,1
4,b2,6,0|1|3|4|8|9,38.0026,210,1
4,b2,6,0|1|3|5|6|7,23.0324,210,1
4,b2,6,0|1|3|5|6|8,25.2407,210,1
4,b2,6,0|1|3|5|6|9,34.7463,210,1
4,b2,6,0|1|3|5|7|8,28.0879,210,1
4,b2,6,0|1|3|5|7|9,36.7118,210,1
4,b2,6,0|1|3|5|8|9,38.0662,210,1
4,b2,6,0|1|3|6|7|8,26.8132,210,1
4,b2,6,0|1|3|6|7|9,31.9060,210,1
4,b2,6,0|1|3|6|8|9,31.0566,210,1
4,b2,6,0|1|3|7|8|9,34.3118,210,1
4,b2,6,0|1|4|5|6|7,24.3417,210,1
4,b2,6,0|1|4|5|6|8,24.0051,210,1
4,b2,6,0|1|4|5|6|9,33.6955,210,1
4,b2,6,0|1|4|5|7|8,25.2643,210,1
4,b2,6,0|1|4|5|7|9,29.3279,210,1
4,b2,6,0|1|4|5|8|9,32.0782,210,1
4,b2,6,0|1|4|6|7|8,23.7455,210,1
4,b2,6,0|1|4|6|7|9,30.2335,210,1
4,b2,6,0|1|4|6|8|9,31.5649,210,1
4,b2,6,0|1|4|7|8|9,28.9373,210,1
4,b2,6,0|1|5|6|7|8,16.4395,210,1
4,b2,6,0|1|5|6|7|9,24.8253,210,1
4,b2,6,0|1|5|6|8|9,25.1017,210,1
4,b2,6,0|1|5|7|8|9,21.2309,210,1
4,b2,6,0|1|6|7|8|9,16.5597,210,1
4,b2,6,0|2|3|4|5|6,23.1091,210,1
4,b2,6,0|2|3|4|5|7,20.0478,210,1
4,b2,6,0|2|3|4|5|8,28.2845,210,1
4,b2,6,0|2|3|4|5|9,28.7677,210,1
4,b2,6,0|2|3|4|6|7,30.0802,210,1
4,b2,6,0|2|3|4|6|8,34.9103,210,1
4,b2,6,0|2|3|4|6|9,34.1791,210,1
4,b2,6,0|2|3|4|7|8,36.0156,210,1
4,b2,6,0|2|3|4|7|9,39.1897,210,1
4,b2,6,0|2|3|4|8|9,41.9731,210,1
4,b2,6,0|2|3|5|6|7,36.0403,210,1
4,b2,6,0|2|3|5|6|8,40.0182,210,1
4,b2,6,0|2|3|5|6|9,45.3712,210,1
4,b2,6,0|2|3|5|7|8,43.7023,210,1
4,b2,6,0|2|3|5|7|9,49.5010,210,1
4,b2,6,0|2|3|5|8|9,50.7997,210,1
4,b2,6,0|2|3|6|7|8,40.7644,210,1
4,b2,6,0|2|3|6|7|9,42.8605,210,1
4,b2,6,0|2|3|6|8|9,45.3779,210,1
4,b2,6,0|2|3|7|8|9,42.9749,210,1
4,b2,6,0|2|4|5|6|7,29.0151,210,1
4,b2,6,0|2|4|5|6|8,37.9971,210,1
4,b2,6,0|2|4|5|6|9,41.5510,210,1
4,b2,6,0|2|4|5|7|8,37.6715,210,1
4,b2,6,0|2|4|5|7|9,43.4226,210,1
4,b2,6,0|2|4|5|8|9,47.2047,210,1
4,b2,6,0|2|4|6|7|8,40.0006,210,1
4,b2,6,0|2|4|6|7|9,43.9625,210,1
4,b2,6,0|2|4|6|8|9,49.6040,210,1
4,b2,6,0|2|4|7|8|9,41.1746,210,1
4,b2,6,0|2|5|6|7|8,42.1618,210,1
4,b2,6,0|2|5|6|7|9,43.4831,210,1
4,b2,6,0|2|5|6|8|9,48.1086,210,1
4,b2,6,0|2|5|7|8|9,34.8842,210,1
4,b2,6,0|2|6|7|8|9,37.4788,210,1
4,b2,6,0|3|4|5|6|7,29.5816,210,1
4,b2,6,0|3|4|5|6|8,36.0435,210,1
4,b2,6,0|3|4|5|6|9,35.2075,210,1
4,b2,6,0|3|4|5|7|8,32.6096,210,1
4,b2,6,0|3|4|5|7|9,35.3741,210,1
4,b2,6,0|3|4|5|8|9,41.2332,210,1
4,b2,6,0|3|4|6|7|8,36.5017,210,1
4,b2,6,0|3|4|6|7|9,39.5192,210,1
4,b2,6,0|3|4|6|8|9,46.1201,210,1
4,b2,6,0|3|4|7|8|9,39.8940,210,1
4,b2,6,0|3|5|6|7|8,38.5841,210,1
4,b2,6,0|3|5|6|7|9,40.0319,210,1
4,b2,6,0|3|5|6|8|9,42.7808,210,1
4,b2,6,0|3|5|7|8|9,36.3164,210,1
4,b2,6,0|3|6|7|8|9,37.0355,210,1
4,b2,6,0|4|5|6|7|8,30.5451,210,1
4,b2,6,0|4|5|6|7|9,30.7631,210,1
4,b2,6,0|4|5|6|8|9,37.6068,210,1
4,b2,6,0|4|5|7|8|9,29.5359,210,1
4,b2,6,0|4|6|7|8|9,33.6833,210,1
4,b2,6,0|5|6|7|8|9,29.2946,210,1
4,b2,6,1|2|3|4|5|6,18.1780,210,1
4,b2,6,1|2|3|4|5|7,13.4627,210,1
4,b2,6,1|2|3|4|5|8,20.7245,210,1
4,b2,6,1|2|3|4|5|9,25.8664,210,1
4,b2,6,1|2|3|4|6|7,24.0671,210,1
4,b2,6,1|2|3|4|6|8,28.2804,210,1
4,b2,6,1|2|3|4|6|9,31.3453,210,1
4,b2,6,1|2|3|4|7|8,27.9593,210,1
4,b2,6,1|2|3|4|7|9,31.4755,210,1
4,b2,6,1|2|3|4|8|9,35.1816,210,1
4,b2,6,1|2|3|5|6|7,27.3779,210,1
4,b2,6,1|2|3|5|6|8,33.2380,210,1
4,b2,6,1|2|3|5|6|9,36.6961,210,1
4,b2,6,1|2|3|5|7|8,27.1352,210,1
4,b2,6,1|2|3|5|7|9,30.2574,210,1
4,b2,6,1|2|3|5|8|9,34.6427,210,1
4,b2,6,1|2|3|6|7|8,33.0501,210,1
4,b2,6,1|2|3|6|7|9,34.5088,210,1
4,b2,6,1|2|3|6|8|9,38.2056,210,1
4,b2,6,1|2|3|7|8|9,32.1078,210,1
4,b2,6,1|2|4|5|6|7,27.5703,210,1
4,b2,6,1|2|4|5|6|8,32.4946,210,1
4,b2,6,1|2|4|5|6|9,38.1408,210,1
4,b2,6,1|2|4|5|7|8,30.0036,210,1
4,b2,6,1|2|4|5|7|9,37.1929,210,1
4,b2,6,1|2|4|5|8|9,42.2453,210,1
4,b2,6,1|2|4|6|7|8,31.9336,210,1
4,b2,6,1|2|4|6|7|9,39.1864,210,1
4,b2,6,1|2|4|6|8|9,39.6004,210,1
4,b2,6,1|2|4|7|8|9,36.0870,210,1
4,b2,6,1|2|5|6|7|8,37.0957,210,1
4,b2,6,1|2|5|6|7|9,41.3887,210,1
4,b2,6,1|2|5|6|8|9,41.9105,210,1
4,b2,6,1|2|5|7|8|9,34.8844,210,1
4,b2,6,1|2|6|7|8|9,35.9822,210,1
4,b2,6,1|3|4|5|6|7,28.5761,210,1
4,b2,6,1|3|4|5|6|8,34.6187,210,1
4,b2,6,1|3|4|5|6|9,37.5452,210,1
4,b2,6,1|3|4|5|7|8,35.8685,210,1
4,b2,6,1|3|4|5|7|9,43.1987,210,1
4,b2,6,1|3|4|5|8|9,45.0593,210,1
4,b2,6,1|3|4|6|7|8,36.5492,210,1
4,b2,6,1|3|4|6|7|9,39.9746,210,1
4,b2,6,1|3|4|6|8|9,41.7629,210,1
4,b2,6,1|3|4|7|8|9,41.2613,210,1
4,b2,6,1|3|5|6|7|8,38.6643,210,1
4,b2,6,1|3|5|6|7|9,44.0889,210,1
4,b2,6,1|3|5|6|8|9,44.3339,210,1
4,b2,6,1|3|5|7|8|9,39.0660,210,1
4,b2,6,1|3|6|7|8|9,37.3310,210,1
4,b2,6,1|4|5|6|7|8,28.1191,210,1
4,b2,6,1|4|5|6|7|9,30.1137,210,1
4,b2,6,1|4|5|6|8|9,33.1125,210,1
4,b2,6,1|4|5|7|8|9,32.1092,210,1
4,b2,6,1|4|6|7|8|9,30.4905,210,1
4,b2,6,1|5|6|7|8|9,22.1926,210,1
4,b2,6,2|3|4|5|6|7,18.5887,210,1
4,b2,6,2|3|4|5|6|8,20.7080,210,1
4,b2,6,2|3|4|5|6|9,21.7450,210,1
4,b2,6,2|3|4|5|7|8,23.9133,210,1
4,b2,6,2|3|4|5|7|9,26.6951,210,1
4,b2,6,2|3|4|5|8|9,29.8469,210,1
4,b2,6,2|3|4|6|7|8,25.2319,210,1
4,b2,6,2|3|4|6|7|9,29.1248,210,1
4,b2,6,2|3|4|6|8|9,33.3560,210,1
4,b2,6,2|3|4|7|8|9,33.3549,210,1
4,b2,6,2|3|5|6|7|8,29.9024,210,1
4,b2,6,2|3|5|6|7|9,32.5270,210,1
4,b2,6,2|3|5|6|8|9,37.2721,210,1
4,b2,6,2|3|5|7|8|9,37.0964,210,1
4,b2,6,2|3|6|7|8|9,32.9884,210,1
4,b2,6,2|4|5|6|7|8,27.8022,210,1
4,b2,6,2|4|5|6|7|9,31.5172,210,1
4,b2,6,2|4|5|6|8|9,34.3994,210,1
4,b2,6,2|4|5|7|8|9,30.7124,210,1
4,b2,6,2|4|6|7|8|9,31.3330,210,1
4,b2,6,2|5|6|7|8|9,28.6972,210,1
4,b2,6,3|4|5|6|7|8,26.1656,210,1
4,b2,6,3|4|5|6|7|9,27.9240,210,1
4,b2,6,3|4|5|6|8|9,30.5036,210,1
4,b2,6,3|4|5|7|8|9,31.2979,210,1
4,b2,6,3|4|6|7|8|9,31.2550,210,1
4,b2,6,3|5|6|7|8|9,26.9970,210,1
4,b2,6,4|5|6|7|8|9,23.6184,210,1
4,b3,0,,71.7141,1,1
4,b3,1,0,19.2389,10,1
4,b3,1,1,20.0218,10,1
4,b3,1,2,10.4628,10,1
4,b3,1,3,3.8898,10,1
4,b3,1,4,5.7248,10,1
4,b3,1,5,5.9350,10,1
4,b3,1,6,33.4091,10,1
4,b3,1,7,4.6745,10,1
4,b3,1,8,67.8828,10,1
4,b3,1,9,19.3918,10,1
4,b3,2,0|1,6.7176,45,1
4,b3,2,0|2,6.4450,45,1
4,b3,2,0|3,4.9561,45,1
4,b3,2,0|4,5.7093,45,1
4,b3,2,0|5,0.6118,45,1
4,b3,2,0|6,11.9351,45,1
4,b3,2,0|7,2.9777,45,1
4,b3,2,0|8,19.8710,45,1
4,b3,2,0|9,5.8144,45,1
4,b3,2,1|2,4.1533,45,1
4,b3,2,1|3,5.1025,45,1
4,b3,2,1|4,5.0828,45,1
4,b3,2,1|5,2.8651,45,1
4,b3,2,1|6,12.1305,45,1
4,b3,2,1|7,1.4649,45,1
4,b3,2,1|8,19.6668,45,1
4,b3,2,1|9,9.3223,45,1
4,b3,2,2|3,2.4561,45,1
4,b3,2,2|4,8.4628,45,1
4,b3,2,2|5,1.5073,45,1
4,b3,2,2|6,6.6284,45,1
4,b3,2,2|7,4.2432,45,1
4,b3,2,2|8,10.4254,45,1
4,b3,2,2|9,7.9172,45,1
4,b3,2,3|4,2.0185,45,1
4,b3,2,3|5,4.4432,45,1
4,b3,2,3|6,2.0350,45,1
4,b3,2,3|7,3.3057,45,1
4,b3,2,3|8,3.2709,45,1
4,b3,2,3|9,2.0519,45,1
4,b3,2,4|5,2.5962,45,1
4,b3,2,4|6,3.9910,45,1
4,b3,2,4|7,2.3470,45,1
4,b3,2,4|8,5.9893,45,1
4,b3,2,4|9,0.7507,45,1
4,b3,2,5|6,7.2423,45,1
4,b3,2,5|7,8.3681,45,1
4,b3,2,5|8,6.0763,45,1
4,b3,2,5|9,4.9654,45,1
4,b3,2,6|7,1.3281,45,1
4,b3,2,6|8,32.1048,45,1
4,b3,2,6|9,15.0922,45,1
4,b3,2,7|8,3.2214,45,1
4,b3,2,7|9,13.5286,45,1
4,b3,2,8|9,8.5720,45,1
4,b3,3,0|1|2,0.5924,120,1
4,b3,3,0|1|3,2.3410,120,1
4,b3,3,0|1|4,5.2932,120,1
4,b3,3,0|1|5,5.5699,120,1
4,b3,3,0|1|6,4.5360,120,1
4,b3,3,0|1|7,5.0862,120,1
4,b3,3,0|1|8,6.8117,120,1
4,b3,3,0|1|9,5.0710,120,1
4,b3,3,0|2|3,2.2013,120,1
4,b3,3,0|2|4,8.9328,120,1
4,b3,3,0|2|5,0.8587,120,1
4,b3,3,0|2|6,3.7660,120,1
4,b3,3,0|2|7,0.9341,120,1
4,b3,3,0|2|8,6.5967,120,1
4,b3,3,0|2|9,5.6087,120,1
4,b3,3,0|3|4,0.9464,120,1
4,b3,3,0|3|5,4.4115,120,1
4,b3,3,0|3|6,2.3982,120,1
4,b3,3,0|3|7,2.5965,120,1
4,b3,3,0|3|8,4.4565,120,1
4,b3,3,0|3|9,2.0957,120,1
4,b3,3,0|4|5,1.7456,120,1
4,b3,3,0|4|6,3.7330,120,1
4,b3,3,0|4|7,3.5023,120,1
4,b3,3,0|4|8,5.8075,120,1
4,b3,3,0|4|9,1.1591,120,1
4,b3,3,0|5|6,0.5188,120,1
4,b3,3,0|5|7,2.4643,120,1
4,b3,3,0|5|8,0.5850,120,1
4,b3,3,0|5|9,1.0513,120,1
4,b3,3,0|6|7,1.7158,120,1
4,b3,3,0|6|8,11.2576,120,1
4,b3,3,0|6|9,4.8998,120,1
4,b3,3,0|7|8,2.8011,120,1
4,b3,3,0|7|9,4.3553,120,1
4,b3,3,0|8|9,1.8517,120,1
4,b3,3,1|2|3,3.3781,120,1
4,b3,3,1|2|4,8.5467,120,1
4,b3,3,1|2|5,1.5073,120,1
4,b3,3,1|2|6,2.4185,120,1
4,b3,3,1|2|7,2.2677,120,1
4,b3,3,1|2|8,3.9862,120,1
4,b3,3,1|2|9,3.8035,120,1
4,b3,3,1|3|4,2.0628,120,1
4,b3,3,1|3|5,4.3694,120,1
4,b3,3,1|3|6,1.8830,120,1
4,b3,3,1|3|7,2.1560,120,1
4,b3,3,1|3|8,5.1518,120,1
4,b3,3,1|3|9,1.9830,120,1
4,b3,3,1|4|5,2.3308,120,1
4,b3,3,1|4|6,3.7755,120,1
4,b3,3,1|4|7,2.1961,120,1
4,b3,3,1|4|8,5.1676,120,1
4,b3,3,1|4|9,0.6974,120,1
4,b3,3,1|5|6,1.9573,120,1
4,b3,3,1|5|7,3.6000,120,1
4,b3,3,1|5|8,2.9759,120,1
4,b3,3,1|5|9,2.8039,120,1
4,b3,3,1|6|7,0.7049,120,1
4,b3,3,1|6|8,11.2986,120,1
4,b3,3,1|6|9,7.7414,120,1
4,b3,3,1|7|8,1.2289,120,1
4,b3,3,1|7|9,6.2073,120,1
4,b3,3,1|8|9,2.2426,120,1
4,b3,3,2|3|4,3.0937,120,1
4,b3,3,2|3|5,1.0742,120,1
4,b3,3,2|3|6,2.4575,120,1
4,b3,3,2|3|7,3.8139,120,1
4,b3,3,2|3|8,2.4626,120,1
4,b3,3,2|3|9,2.9088,120,1
4,b3,3,2|4|5,6.8437,120,1
4,b3,3,2|4|6,3.5671,120,1
4,b3,3,2|4|7,3.0015,120,1
4,b3,3,2|4|8,9.5713,120,1
4,b3,3,2|4|9,1.6374,120,1
4,b3,3,2|5|6,0.8576,120,1
4,b3,3,2|5|7,5.9433,120,1
4,b3,3,2|5|8,1.5073,120,1
4,b3,3,2|5|9,0.4245,120,1
4,b3,3,2|6|7,3.9455,120,1
4,b3,3,2|6|8,6.7189,120,1
4,b3,3,2|6|9,5.7439,120,1
4,b3,3,2|7|8,4.3168,120,1
4,b3,3,2|7|9,5.9869,120,1
4,b3,3,2|8|9,1.6092,120,1
4,b3,3,3|4|5,4.7388,120,1
4,b3,3,3|4|6,2.0036,120,1
4,b3,3,3|4|7,5.3962,120,1
4,b3,3,3|4|8,2.0011,120,1
4,b3,3,3|4|9,1.2145,120,1
4,b3,3,3|5|6,3.8264,120,1
4,b3,3,3|5|7,10.9321,120,1
4,b3,3,3|5|8,4.4371,120,1
4,b3,3,3|5|9,2.1292,120,1
4,b3,3,3|6|7,5.3806,120,1
4,b3,3,3|6|8,1.8647,120,1
4,b3,3,3|6|9,2.0265,120,1
4,b3,3,3|7|8,3.9479,120,1
4,b3,3,3|7|9,5.4385,120,1
4,b3,3,3|8|9,2.3225,120,1
4,b3,3,4|5|6,1.0329,120,1
4,b3,3,4|5|7,5.1402,120,1
4,b3,3,4|5|8,3.4568,120,1
4,b3,3,4|5|9,1.6141,120,1
4,b3,3,4|6|7,3.3065,120,1
4,b3,3,4|6|8,4.3313,120,1
4,b3,3,4|6|9,0.7042,120,1
4,b3,3,4|7|8,2.1550,120,1
4,b3,3,4|7|9,2.4124,120,1
4,b3,3,4|8|9,0.8392,120,1
4,b3,3,5|6|7,6.9967,120,1
4,b3,3,5|6|8,8.0322,120,1
4,b3,3,5|6|9,3.2314,120,1
4,b3,3,5|7|8,9.9975,120,1
4,b3,3,5|7|9,9.6125,120,1
4,b3,3,5|8|9,0.6464,120,1
4,b3,3,6|7|8,1.0459,120,1
4,b3,3,6|7|9,8.4762,120,1
4,b3,3,6|8|9,8.3056,120,1
4,b3,3,7|8|9,0.4222,120,1
4,b3,4,0|1|2|3,0.9038,210,1
4,b3,4,0|1|2|4,1.4399,210,1
4,b3,4,0|1|2|5,0.4245,210,1
4,b3,4,0|1|2|6,0.4248,210,1
4,b3,4,0|1|2|7,1.1780,210,1
4,b3,4,0|1|2|8,0.5880,210,1
4,b3,4,0|1|2|9,0.8317,210,1
4,b3,4,0|1|3|4,1.9521,210,1
4,b3,4,0|1|3|5,1.2458,210,1
4,b3,4,0|1|3|6,0.5681,210,1
4,b3,4,0|1|3|7,2.0190,210,1
4,b3,4,0|1|3|8,1.7337,210,1
4,b3,4,0|1|3|9,2.1890,210,1
4,b3,4,0|1|4|5,7.0352,210,1
4,b3,4,0|1|4|6,2.7976,210,1
4,b3,4,0|1|4|7,2.8601,210,1
4,b3,4,0|1|4|8,5.2703,210,1
4,b3,4,0|1|4|9,2.1401,210,1
4,b3,4,0|1|5|6,4.7358,210,1
4,b3,4,0|1|5|7,6.8670,210,1
4,b3,4,0|1|5|8,5.3500,210,1
4,b3,4,0|1|5|9,4.8128,210,1
4,b3,4,0|1|6|7,6.3086,210,1
4,b3,4,0|1|6|8,4.4060,210,1
4,b3,4,0|1|6|9,3.1230,210,1
4,b3,4,0|1|7|8,5.5336,210,1
4,b3,4,0|1|7|9,7.1999,210,1
4,b3,4,0|1|8|9,4.0185,210,1
4,b3,4,0|2|3|4,2.7577,210,1
4,b3,4,0|2|3|5,0.8576,210,1
4,b3,4,0|2|3|6,2.5774,210,1
4,b3,4,0|2|3|7,3.0841,210,1
4,b3,4,0|2|3|8,2.1971,210,1
4,b3,4,0|2|3|9,2.8575,210,1
4,b3,4,0|2|4|5,5.9974,210,1
4,b3,4,0|2|4|6,4.7698,210,1
4,b3,4,0|2|4|7,2.6931,210,1
4,b3,4,0|2|4|8,9.0795,210,1
4,b3,4,0|2|4|9,2.2506,210,1
4,b3,4,0|2|5|6,1.0744,210,1
4,b3,4,0|2|5|7,5.1553,210,1
4,b3,4,0|2|5|8,0.8587,210,1
4,b3,4,0|2|5|9,0.4245,210,1
4,b3,4,0|2|6|7,0.9205,210,1
4,b3,4,0|2|6|8,3.6294,210,1
4,b3,4,0|2|6|9,3.0514,210,1
4,b3,4,0|2|7|8,0.9243,210,1
4,b3,4,0|2|7|9,2.3721,210,1
4,b3,4,0|2|8|9,0.5660,210,1
4,b3,4,0|3|4|5,4.8540,210,1
4,b3,4,0|3|4|6,0.8207,210,1
4,b3,4,0|3|4|7,4.1742,210,1
4,b3,4,0|3|4|8,1.0970,210,1
4,b3,4,0|3|4|9,0.6951,210,1
4,b3,4,0|3|5|6,3.9667,210,1
4,b3,4,0|3|5|7,11.3034,210,1
4,b3,4,0|3|5|8,4.4058,210,1
4,b3,4,0|3|5|9,2.4289,210,1
4,b3,4,0|3|6|7,3.6605,210,1
4,b3,4,0|3|6|8,2.2796,210,1
4,b3,4,0|3|6|9,2.0809,210,1
4,b3,4,0|3|7|8,2.8199,210,1
4,b3,4,0|3|7|9,4.2656,210,1
4,b3,4,0|3|8|9,2.0082,210,1
4,b3,4,0|4|5|6,1.0794,210,1
4,b3,4,0|4|5|7,1.6780,210,1
4,b3,4,0|4|5|8,1.7383,210,1
4,b3,4,0|4|5|9,1.4912,210,1
4,b3,4,0|4|6|7,3.1897,210,1
4,b3,4,0|4|6|8,3.7336,210,1
4,b3,4,0|4|6|9,0.7063,210,1
4,b3,4,0|4|7|8,3.0959,210,1
4,b3,4,0|4|7|9,2.4612,210,1
4,b3,4,0|4|8|9,1.2474,210,1
4,b3,4,0|5|6|7,3.8661,210,1
4,b3,4,0|5|6|8,0.5140,210,1
4,b3,4,0|5|6|9,1.0433,210,1
4,b3,4,0|5|7|8,2.3574,210,1
4,b3,4,0|5|7|9,2.3640,210,1
4,b3,4,0|5|8|9,0.1906,210,1
4,b3,4,0|6|7|8,0.8560,210,1
4,b3,4,0|6|7|9,5.0213,210,1
4,b3,4,0|6|8|9,1.9276,210,1
4,b3,4,0|7|8|9,0.4138,210,1
4,b3,4,1|2|3|4,1.7489,210,1
4,b3,4,1|2|3|5,0.4245,210,1
4,b3,4,1|2|3|6,2.2723,210,1
4,b3,4,1|2|3|7,7.2126,210,1
4,b3,4,1|2|3|8,3.4655,210,1
4,b3,4,1|2|3|9,1.4950,210,1
4,b3,4,1|2|4|5,6.6449,210,1
4,b3,4,1|2|4|6,4.9329,210,1
4,b3,4,1|2|4|7,2.1940,210,1
4,b3,4,1|2|4|8,9.1148,210,1
4,b3,4,1|2|4|9,1.8530,210,1
4,b3,4,1|2|5|6,1.2907,210,1
4,b3,4,1|2|5|7,5.0886,210,1
4,b3,4,1|2|5|8,1.5073,210,1
4,b3,4,1|2|5|9,0.4245,210,1
4,b3,4,1|2|6|7,2.1684,210,1
4,b3,4,1|2|6|8,2.4185,210,1
4,b3,4,1|2|6|9,1.3696,210,1
4,b3,4,1|2|7|8,2.5797,210,1
4,b3,4,1|2|7|9,2.7390,210,1
4,b3,4,1|2|8|9,0.2753,210,1
4,b3,4,1|3|4|5,4.9755,210,1
4,b3,4,1|3|4|6,2.1614,210,1
4,b3,4,1|3|4|7,3.6552,210,1
4,b3,4,1|3|4|8,1.9919,210,1
4,b3,4,1|3|4|9,1.1439,210,1
4,b3,4,1|3|5|6,3.9363,210,1
4,b3,4,1|3|5|7,9.7754,210,1
4,b3,4,1|3|5|8,4.3694,210,1
4,b3,4,1|3|5|9,2.7217,210,1
4,b3,4,1|3|6|7,1.7523,210,1
4,b3,4,1|3|6|8,1.7628,210,1
4,b3,4,1|3|6|9,1.9853,210,1
4,b3,4,1|3|7|8,2.1524,210,1
4,b3,4,1|3|7|9,4.1747,210,1
4,b3,4,1|3|8|9,1.9430,210,1
4,b3,4,1|4|5|6,0.6949,210,1
4,b3,4,1|4|5|7,4.4982,210,1
4,b3,4,1|4|5|8,2.5462,210,1
4,b3,4,1|4|5|9,1.4813,210,1
4,b3,4,1|4|6|7,2.2487,210,1
4,b3,4,1|4|6|8,3.8199,210,1
4,b3,4,1|4|6|9,0.6957,210,1
4,b3,4,1|4|7|8,2.2343,210,1
4,b3,4,1|4|7|9,2.7709,210,1
4,b3,4,1|4|8|9,0.6962,210,1
4,b3,4,1|5|6|7,2.5928,210,1
4,b3,4,1|5|6|8,2.2005,210,1
4,b3,4,1|5|6|9,0.7572,210,1
4,b3,4,1|5|7|8,4.6342,210,1
4,b3,4,1|5|7|9,7.8913,210,1
4,b3,4,1|5|8|9,1.2859,210,1
4,b3,4,1|6|7|8,0.6575,210,1
4,b3,4,1|6|7|9,4.8964,210,1
4,b3,4,1|6|8|9,2.2900,210,1
4,b3,4,1|7|8|9,0.7176,210,1
4,b3,4,2|3|4|5,0.4245,210,1
4,b3,4,2|3|4|6,2.7961,210,1
4,b3,4,2|3|4|7,7.3491,210,1
4,b3,4,2|3|4|8,3.1475,210,1
4,b3,4,2|3|4|9,2.2951,210,1
4,b3,4,2|3|5|6,0.6875,210,1
4,b3,4,2|3|5|7,4.3439,210,1
4,b3,4,2|3|5|8,1.0742,210,1
4,b3,4,2|3|5|9,0.4245,210,1
4,b3,4,2|3|6|7,4.0196,210,1
4,b3,4,2|3|6|8,2.4595,210,1
4,b3,4,2|3|6|9,2.9145,210,1
4,b3,4,2|3|7|8,4.8403,210,1
4,b3,4,2|3|7|9,7.1592,210,1
4,b3,4,2|3|8|9,2.4803,210,1
4,b3,4,2|4|5|6,1.4941,210,1
4,b3,4,2|4|5|7,7.1039,210,1
4,b3,4,2|4|5|8,6.7754,210,1
4,b3,4,2|4|5|9,4.9222,210,1
4,b3,4,2|4|6|7,3.0548,210,1
4,b3,4,2|4|6|8,4.1994,210,1
4,b3,4,2|4|6|9,0.7171,210,1
4,b3,4,2|4|7|8,3.5268,210,1
4,b3,4,2|4|7|9,5.4149,210,1
4,b3,4,2|4|8|9,0.7724,210,1
4,b3,4,2|5|6|7,2.4961,210,1
4,b3,4,2|5|6|8,0.8576,210,1
4,b3,4,2|5|6|9,0.4245,210,1
4,b3,4,2|5|7|8,6.7609,210,1
4,b3,4,2|5|7|9,4.5396,210,1
4,b3,4,2|5|8|9,0.4266,210,1
4,b3,4,2|6|7|8,1.7358,210,1
4,b3,4,2|6|7|9,6.8062,210,1
4,b3,4,2|6|8|9,0.4524,210,1
4,b3,4,2|7|8|9,0.2478,210,1
4,b3,4,3|4|5|6,3.5189,210,1
4,b3,4,3|4|5|7,6.7838,210,1
4,b3,4,3|4|5|8,4.6624,210,1
4,b3,4,3|4|5|9,0.9154,210,1
4,b3,4,3|4|6|7,2.4837,210,1
4,b3,4,3|4|6|8,2.0046,210,1
4,b3,4,3|4|6|9,1.1689,210,1
4,b3,4,3|4|7|8,6.6769,210,1
4,b3,4,3|4|7|9,5.1883,210,1
4,b3,4,3|4|8|9,0.6980,210,1
4,b3,4,3|5|6|7,3.6139,210,1
4,b3,4,3|5|6|8,4.0336,210,1
4,b3,4,3|5|6|9,0.8845,210,1
4,b3,4,3|5|7|8,8.3247,210,1
4,b3,4,3|5|7|9,5.7985,210,1
4,b3,4,3|5|8|9,0.1909,210,1
4,b3,4,3|6|7|8,4.6562,210,1
4,b3,4,3|6|7|9,5.2482,210,1
4,b3,4,3|6|8|9,2.0470,210,1
4,b3,4,3|7|8|9,0.8948,210,1
4,b3,4,4|5|6|7,6.7659,210,1
4,b3,4,4|5|6|8,1.2566,210,1
4,b3,4,4|5|6|9,0.7605,210,1
4,b3,4,4|5|7|8,6.0178,210,1
4,b3,4,4|5|7|9,6.3293,210,1
4,b3,4,4|5|8|9,0.4581,210,1
4,b3,4,4|6|7|8,1.9706,210,1
4,b3,4,4|6|7|9,2.3616,210,1
4,b3,4,4|6|8|9,0.7201,210,1
4,b3,4,4|7|8|9,0.8145,210,1
4,b3,4,5|6|7|8,4.3953,210,1
4,b3,4,5|6|7|9,10.1201,210,1
4,b3,4,5|6|8|9,0.3276,210,1
4,b3,4,5|7|8|9,0.1905,210,1
4,b3,4,6|7|8|9,0.1910,210,1
4,b3,5,0|1|2|3|4,1.2412,252,1
4,b3,5,0|1|2|3|5,0.4245,252,1
4,b3,5,0|1|2|3|6,0.4527,252,1
4,b3,5,0|1|2|3|7,1.3822,252,1
4,b3,5,0|1|2|3|8,0.9437,252,1
4,b3,5,0|1|2|3|9,1.4253,252,1
4,b3,5,0|1|2|4|5,0.6970,252,1
4,b3,5,0|1|2|4|6,1.3887,252,1
4,b3,5,0|1|2|4|7,2.0231,252,1
4,b3,5,0|1|2|4|8,1.4407,252,1
4,b3,5,0|1|2|4|9,0.7574,252,1
4,b3,5,0|1|2|5|6,0.4245,252,1
4,b3,5,0|1|2|5|7,0.4245,252,1
4,b3,5,0|1|2|5|8,0.4245,252,1
4,b3,5,0|1|2|5|9,0.4249,252,1
4,b3,5,0|1|2|6|7,1.3001,252,1
4,b3,5,0|1|2|6|8,0.4246,252,1
4,b3,5,0|1|2|6|9,0.8947,252,1
4,b3,5,0|1|2|7|8,1.1209,252,1
4,b3,5,0|1|2|7|9,3.4697,252,1
4,b3,5,0|1|2|8|9,0.2600,252,1
4,b3,5,0|1|3|4|5,1.6452,252,1
4,b3,5,0|1|3|4|6,1.9435,252,1
4,b3,5,0|1|3|4|7,2.3813,252,1
4,b3,5,0|1|3|4|8,1.9429,252,1
4,b3,5,0|1|3|4|9,1.9827,252,1
4,b3,5,0|1|3|5|6,1.3572,252,1
4,b3,5,0|1|3|5|7,5.9035,252,1
4,b3,5,0|1|3|5|8,1.2339,252,1
4,b3,5,0|1|3|5|9,2.0967,252,1
4,b3,5,0|1|3|6|7,1.6023,252,1
4,b3,5,0|1|3|6|8,0.6019,252,1
4,b3,5,0|1|3|6|9,1.9729,252,1
4,b3,5,0|1|3|7|8,1.9989,252,1
4,b3,5,0|1|3|7|9,6.2133,252,1
4,b3,5,0|1|3|8|9,2.0696,252,1
4,b3,5,0|1|4|5|6,5.2493,252,1
4,b3,5,0|1|4|5|7,2.8274,252,1
4,b3,5,0|1|4|5|8,7.1193,252,1
4,b3,5,0|1|4|5|9,8.2630,252,1
4,b3,5,0|1|4|6|7,3.4058,252,1
4,b3,5,0|1|4|6|8,3.2743,252,1
4,b3,5,0|1|4|6|9,2.0136,252,1
4,b3,5,0|1|4|7|8,3.1686,252,1
4,b3,5,0|1|4|7|9,4.5069,252,1
4,b3,5,0|1|4|8|9,1.8832,252,1
4,b3,5,0|1|5|6|7,3.9480,252,1
4,b3,5,0|1|5|6|8,4.6713,252,1
4,b3,5,0|1|5|6|9,4.8351,252,1
4,b3,5,0|1|5|7|8,6.9710,252,1
4,b3,5,0|1|5|7|9,6.7751,252,1
4,b3,5,0|1|5|8|9,4.8384,252,1
4,b3,5,0|1|6|7|8,4.2630,252,1
4,b3,5,0|1|6|7|9,6.7624,252,1
4,b3,5,0|1|6|8|9,3.6430,252,1
4,b3,5,0|1|7|8|9,6.4360,252,1
4,b3,5,0|2|3|4|5,0.4245,252,1
4,b3,5,0|2|3|4|6,2.8204,252,1
4,b3,5,0|2|3|4|7,7.0028,252,1
4,b3,5,0|2|3|4|8,2.9934,252,1
4,b3,5,0|2|3|4|9,2.4375,252,1
4,b3,5,0|2|3|5|6,0.4245,252,1
4,b3,5,0|2|3|5|7,5.4071,252,1
4,b3,5,0|2|3|5|8,0.8576,252,1
4,b3,5,0|2|3|5|9,0.4246,252,1
4,b3,5,0|2|3|6|7,3.3219,252,1
4,b3,5,0|2|3|6|8,2.5743,252,1
4,b3,5,0|2|3|6|9,3.0916,252,1
4,b3,5,0|2|3|7|8,3.3954,252,1
4,b3,5,0|2|3|7|9,4.8311,252,1
4,b3,5,0|2|3|8|9,2.3819,252,1
4,b3,5,0|2|4|5|6,1.6057,252,1
4,b3,5,0|2|4|5|7,6.8224,252,1
4,b3,5,0|2|4|5|8,6.1798,252,1
4,b3,5,0|2|4|5|9,1.5056,252,1
4,b3,5,0|2|4|6|7,2.1404,252,1
4,b3,5,0|2|4|6|8,5.0385,252,1
4,b3,5,0|2|4|6|9,0.7107,252,1
4,b3,5,0|2|4|7|8,2.4596,252,1
4,b3,5,0|2|4|7|9,2.2137,252,1
4,b3,5,0|2|4|8|9,1.2672,252,1
4,b3,5,0|2|5|6|7,2.6813,252,1
4,b3,5,0|2|5|6|8,1.0744,252,1
4,b3,5,0|2|5|6|9,0.4245,252,1
4,b3,5,0|2|5|7|8,5.8060,252,1
4,b3,5,0|2|5|7|9,4.1072,252,1
4,b3,5,0|2|5|8|9,0.4139,252,1
4,b3,5,0|2|6|7|8,0.8983,252,1
4,b3,5,0|2|6|7|9,3.4831,252,1
4,b3,5,0|2|6|8|9,0.2899,252,1
4,b3,5,0|2|7|8|9,0.2561,252,1
4,b3,5,0|3|4|5|6,4.2611,252,1
4,b3,5,0|3|4|5|7,6.3553,252,1
4,b3,5,0|3|4|5|8,4.7946,252,1
4,b3,5,0|3|4|5|9,1.5519,252,1
4,b3,5,0|3|4|6|7,1.9748,252,1
4,b3,5,0|3|4|6|8,0.9066,252,1
4,b3,5,0|3|4|6|9,0.6949,252,1
4,b3,5,0|3|4|7|8,3.8101,252,1
4,b3,5,0|3|4|7|9,3.7134,252,1
4,b3,5,0|3|4|8|9,0.6949,252,1
4,b3,5,0|3|5|6|7,5.0222,252,1
4,b3,5,0|3|5|6|8,3.9622,252,1
4,b3,5,0|3|5|6|9,0.8362,252,1
4,b3,5,0|3|5|7|8,11.5482,252,1
4,b3,5,0|3|5|7|9,5.9166,252,1
4,b3,5,0|3|5|8|9,0.1908,252,1
4,b3,5,0|3|6|7|8,3.2886,252,1
4,b3,5,0|3|6|7|9,4.0087,252,1
4,b3,5,0|3|6|8|9,2.1337,252,1
4,b3,5,0|3|7|8|9,1.0705,252,1
4,b3,5,0|4|5|6|7,4.7171,252,1
4,b3,5,0|4|5|6|8,1.1054,252,1
4,b3,5,0|4|5|6|9,0.7666,252,1
4,b3,5,0|4|5|7|8,4.0643,252,1
4,b3,5,0|4|5|7|9,4.8227,252,1
4,b3,5,0|4|5|8|9,0.3329,252,1
4,b3,5,0|4|6|7|8,2.3521,252,1
4,b3,5,0|4|6|7|9,2.3948,252,1
4,b3,5,0|4|6|8|9,0.9809,252,1
4,b3,5,0|4|7|8|9,0.7918,252,1
4,b3,5,0|5|6|7|8,1.6978,252,1
4,b3,5,0|5|6|7|9,4.2328,252,1
4,b3,5,0|5|6|8|9,0.1912,252,1
4,b3,5,0|5|7|8|9,0.1904,252,1
4,b3,5,0|6|7|8|9,0.2228,252,1
4,b3,5,1|2|3|4|5,0.4245,252,1
4,b3,5,1|2|3|4|6,2.8155,252,1
4,b3,5,1|2|3|4|7,3.9295,252,1
4,b3,5,1|2|3|4|8,1.6123,252,1
4,b3,5,1|2|3|4|9,2.7865,252,1
4,b3,5,1|2|3|5|6,0.4245,252,1
4,b3,5,1|2|3|5|7,4.3318,252,1
4,b3,5,1|2|3|5|8,0.4245,252,1
4,b3,5,1|2|3|5|9,0.4245,252,1
4,b3,5,1|2|3|6|7,5.5384,252,1
4,b3,5,1|2|3|6|8,2.2683,252,1
4,b3,5,1|2|3|6|9,1.5422,252,1
4,b3,5,1|2|3|7|8,7.0068,252,1
4,b3,5,1|2|3|7|9,8.2587,252,1
4,b3,5,1|2|3|8|9,1.4355,252,1
4,b3,5,1|2|4|5|6,1.1688,252,1
4,b3,5,1|2|4|5|7,6.3075,252,1
4,b3,5,1|2|4|5|8,6.8307,252,1
4,b3,5,1|2|4|5|9,4.0084,252,1
4,b3,5,1|2|4|6|7,1.0360,252,1
4,b3,5,1|2|4|6|8,4.9863,252,1
4,b3,5,1|2|4|6|9,1.2154,252,1
4,b3,5,1|2|4|7|8,3.9336,252,1
4,b3,5,1|2|4|7|9,5.7800,252,1
4,b3,5,1|2|4|8|9,1.1847,252,1
4,b3,5,1|2|5|6|7,2.8433,252,1
4,b3,5,1|2|5|6|8,1.2907,252,1
4,b3,5,1|2|5|6|9,0.4245,252,1
4,b3,5,1|2|5|7|8,5.4803,252,1
4,b3,5,1|2|5|7|9,4.3228,252,1
4,b3,5,1|2|5|8|9,0.3420,252,1
4,b3,5,1|2|6|7|8,1.8479,252,1
4,b3,5,1|2|6|7|9,3.2087,252,1
4,b3,5,1|2|6|8|9,0.2865,252,1
4,b3,5,1|2|7|8|9,0.2603,252,1
4,b3,5,1|3|4|5|6,3.3577,252,1
4,b3,5,1|3|4|5|7,5.4862,252,1
4,b3,5,1|3|4|5|8,5.0125,252,1
4,b3,5,1|3|4|5|9,1.3998,252,1
4,b3,5,1|3|4|6|7,1.9920,252,1
4,b3,5,1|3|4|6|8,2.0417,252,1
4,b3,5,1|3|4|6|9,1.1472,252,1
4,b3,5,1|3|4|7|8,3.5737,252,1
4,b3,5,1|3|4|7|9,3.7628,252,1
4,b3,5,1|3|4|8|9,0.6949,252,1
4,b3,5,1|3|5|6|7,7.1253,252,1
4,b3,5,1|3|5|6|8,4.1528,252,1
4,b3,5,1|3|5|6|9,1.2433,252,1
4,b3,5,1|3|5|7|8,10.8944,252,1
4,b3,5,1|3|5|7|9,6.4158,252,1
4,b3,5,1|3|5|8|9,0.2415,252,1
4,b3,5,1|3|6|7|8,1.3602,252,1
4,b3,5,1|3|6|7|9,4.6859,252,1
4,b3,5,1|3|6|8|9,1.8612,252,1
4,b3,5,1|3|7|8|9,0.7205,252,1
4,b3,5,1|4|5|6|7,6.4497,252,1
4,b3,5,1|4|5|6|8,0.9116,252,1
4,b3,5,1|4|5|6|9,0.6949,252,1
4,b3,5,1|4|5|7|8,5.7989,252,1
4,b3,5,1|4|5|7|9,6.2328,252,1
4,b3,5,1|4|5|8|9,0.7476,252,1
4,b3,5,1|4|6|7|8,2.3252,252,1
4,b3,5,1|4|6|7|9,3.2682,252,1
4,b3,5,1|4|6|8|9,0.6949,252,1
4,b3,5,1|4|7|8|9,0.7004,252,1
4,b3,5,1|5|6|7|8,2.9257,252,1
4,b3,5,1|5|6|7|9,5.7943,252,1
4,b3,5,1|5|6|8|9,0.4371,252,1
4,b3,5,1|5|7|8|9,0.1906,252,1
4,b3,5,1|6|7|8|9,0.3053,252,1
4,b3,5,2|3|4|5|6,0.4245,252,1
4,b3,5,2|3|4|5|7,1.2907,252,1
4,b3,5,2|3|4|5|8,0.4245,252,1
4,b3,5,2|3|4|5|9,0.4245,252,1
4,b3,5,2|3|4|6|7,3.0812,252,1
4,b3,5,2|3|4|6|8,2.7657,252,1
4,b3,5,2|3|4|6|9,2.2363,252,1
4,b3,5,2|3|4|7|8,5.0226,252,1
4,b3,5,2|3|4|7|9,10.6588,252,1
4,b3,5,2|3|4|8|9,1.3906,252,1
4,b3,5,2|3|5|6|7,3.7777,252,1
4,b3,5,2|3|5|6|8,0.6875,252,1
4,b3,5,2|3|5|6|9,0.4710,252,1
4,b3,5,2|3|5|7|8,3.9010,252,1
4,b3,5,2|3|5|7|9,4.1068,252,1
4,b3,5,2|3|5|8|9,0.3132,252,1
4,b3,5,2|3|6|7|8,2.9915,252,1
4,b3,5,2|3|6|7|9,6.6083,252,1
4,b3,5,2|3|6|8|9,2.3423,252,1
4,b3,5,2|3|7|8|9,1.0345,252,1
4,b3,5,2|4|5|6|7,6.3361,252,1
4,b3,5,2|4|5|6|8,1.5040,252,1
4,b3,5,2|4|5|6|9,0.7723,252,1
4,b3,5,2|4|5|7|8,7.0926,252,1
4,b3,5,2|4|5|7|9,7.4081,252,1
4,b3,5,2|4|5|8|9,0.2138,252,1
4,b3,5,2|4|6|7|8,2.2832,252,1
4,b3,5,2|4|6|7|9,5.0194,252,1
4,b3,5,2|4|6|8|9,0.7164,252,1
4,b3,5,2|4|7|8|9,1.1006,252,1
4,b3,5,2|5|6|7|8,2.1962,252,1
4,b3,5,2|5|6|7|9,6.2324,252,1
4,b3,5,2|5|6|8|9,0.4648,252,1
4,b3,5,2|5|7|8|9,0.3394,252,1
4,b3,5,2|6|7|8|9,0.1907,252,1
4,b3,5,3|4|5|6|7,1.3012,252,1
4,b3,5,3|4|5|6|8,4.6120,252,1
4,b3,5,3|4|5|6|9,1.0149,252,1
4,b3,5,3|4|5|7|8,4.5725,252,1
4,b3,5,3|4|5|7|9,5.5154,252,1
4,b3,5,3|4|5|8|9,0.1916,252,1
4,b3,5,3|4|6|7|8,1.8261,252,1
4,b3,5,3|4|6|7|9,5.6707,252,1
4,b3,5,3|4|6|8|9,0.6959,252,1
4,b3,5,3|4|7|8|9,0.6949,252,1
4,b3,5,3|5|6|7|8,5.5958,252,1
4,b3,5,3|5|6|7|9,6.7836,252,1
4,b3,5,3|5|6|8|9,0.2110,252,1
4,b3,5,3|5|7|8|9,0.1911,252,1
4,b3,5,3|6|7|8|9,1.0274,252,1
4,b3,5,4|5|6|7|8,7.1525,252,1
4,b3,5,4|5|6|7|9,6.3437,252,1
4,b3,5,4|5|6|8|9,0.7676,252,1
4,b3,5,4|5|7|8|9,1.0410,252,1
4,b3,5,4|6|7|8|9,1.0734,252,1
4,b3,5,5|6|7|8|9,0.1899,252,1
4,b3,6,0|1|2|3|4|5,0.4703,210,1
4,b3,6,0|1|2|3|4|6,1.5095,210,1
4,b3,6,0|1|2|3|4|7,1.7913,210,1
4,b3,6,0|1|2|3|4|8,1.3143,210,1
4,b3,6,0|1|2|3|4|9,1.0906,210,1
4,b3,6,0|1|2|3|5|6,0.4245,210,1
4,b3,6,0|1|2|3|5|7,0.4245,210,1
4,b3,6,0|1|2|3|5|8,0.4245,210,1
4,b3,6,0|1|2|3|5|9,1.0619,210,1
4,b3,6,0|1|2|3|6|7,1.6111,210,1
4,b3,6,0|1|2|3|6|8,0.4588,210,1
4,b3,6,0|1|2|3|6|9,0.6581,210,1
4,b3,6,0|1|2|3|7|8,1.4154,210,1
4,b3,6,0|1|2|3|7|9,3.0975,210,1
4,b3,6,0|1|2|3|8|9,0.2820,210,1
4,b3,6,0|1|2|4|5|6,1.7075,210,1
4,b3,6,0|1|2|4|5|7,2.8689,210,1
4,b3,6,0|1|2|4|5|8,0.7509,210,1
4,b3,6,0|1|2|4|5|9,0.2866,210,1
4,b3,6,0|1|2|4|6|7,2.0618,210,1
4,b3,6,0|1|2|4|6|8,1.3204,210,1
4,b3,6,0|1|2|4|6|9,0.7141,210,1
4,b3,6,0|1|2|4|7|8,1.9737,210,1
4,b3,6,0|1|2|4|7|9,3.0628,210,1
4,b3,6,0|1|2|4|8|9,0.2519,210,1
4,b3,6,0|1|2|5|6|7,0.4245,210,1
4,b3,6,0|1|2|5|6|8,0.4245,210,1
4,b3,6,0|1|2|5|6|9,0.4245,210,1
4,b3,6,0|1|2|5|7|8,0.4245,210,1
4,b3,6,0|1|2|5|7|9,0.4245,210,1
4,b3,6,0|1|2|5|8|9,0.2744,210,1
4,b3,6,0|1|2|6|7|8,1.2367,210,1
4,b3,6,0|1|2|6|7|9,2.3373,210,1
4,b3,6,0|1|2|6|8|9,0.2689,210,1
4,b3,6,0|1|2|7|8|9,0.2546,210,1
4,b3,6,0|1|3|4|5|6,2.4745,210,1
4,b3,6,0|1|3|4|5|7,1.3588,210,1
4,b3,6,0|1|3|4|5|8,1.6922,210,1
4,b3,6,0|1|3|4|5|9,2.2532,210,1
4,b3,6,0|1|3|4|6|7,1.9619,210,1
4,b3,6,0|1|3|4|6|8,1.9237,210,1
4,b3,6,0|1|3|4|6|9,1.9849,210,1
4,b3,6,0|1|3|4|7|8,2.3621,210,1
4,b3,6,0|1|3|4|7|9,5.4055,210,1
4,b3,6,0|1|3|4|8|9,1.8929,210,1
4,b3,6,0|1|3|5|6|7,3.1430,210,1
4,b3,6,0|1|3|5|6|8,1.3652,210,1
4,b3,6,0|1|3|5|6|9,2.2742,210,1
4,b3,6,0|1|3|5|7|8,4.1985,210,1
4,b3,6,0|1|3|5|7|9,2.0270,210,1
4,b3,6,0|1|3|5|8|9,0.9483,210,1
4,b3,6,0|1|3|6|7|8,1.4144,210,1
4,b3,6,0|1|3|6|7|9,5.7221,210,1
4,b3,6,0|1|3|6|8|9,2.0373,210,1
4,b3,6,0|1|3|7|8|9,1.0625,210,1
4,b3,6,0|1|4|5|6|7,2.8105,210,1
4,b3,6,0|1|4|5|6|8,5.1587,210,1
4,b3,6,0|1|4|5|6|9,5.4939,210,1
4,b3,6,0|1|4|5|7|8,2.6486,210,1
4,b3,6,0|1|4|5|7|9,3.1502,210,1
4,b3,6,0|1|4|5|8|9,6.1171,210,1
4,b3,6,0|1|4|6|7|8,1.5000,210,1
4,b3,6,0|1|4|6|7|9,5.2369,210,1
4,b3,6,0|1|4|6|8|9,1.8481,210,1
4,b3,6,0|1|4|7|8|9,0.8461,210,1
4,b3,6,0|1|5|6|7|8,2.6491,210,1
4,b3,6,0|1|5|6|7|9,6.2580,210,1
4,b3,6,0|1|5|6|8|9,5.0696,210,1
4,b3,6,0|1|5|7|8|9,5.5565,210,1
4,b3,6,0|1|6|7|8|9,0.2589,210,1
4,b3,6,0|2|3|4|5|6,0.4245,210,1
4,b3,6,0|2|3|4|5|7,1.0742,210,1
4,b3,6,0|2|3|4|5|8,0.4245,210,1
4,b3,6,0|2|3|4|5|9,0.4246,210,1
4,b3,6,0|2|3|4|6|7,2.3600,210,1
4,b3,6,0|2|3|4|6|8,2.7049,210,1
4,b3,6,0|2|3|4|6|9,1.9290,210,1
4,b3,6,0|2|3|4|7|8,7.8031,210,1
4,b3,6,0|2|3|4|7|9,8.4930,210,1
4,b3,6,0|2|3|4|8|9,1.3377,210,1
4,b3,6,0|2|3|5|6|7,5.1125,210,1
4,b3,6,0|2|3|5|6|8,0.6410,210,1
4,b3,6,0|2|3|5|6|9,0.4245,210,1
4,b3,6,0|2|3|5|7|8,4.7567,210,1
4,b3,6,0|2|3|5|7|9,4.5395,210,1
4,b3,6,0|2|3|5|8|9,0.3030,210,1
4,b3,6,0|2|3|6|7|8,2.3859,210,1
4,b3,6,0|2|3|6|7|9,5.5174,210,1
4,b3,6,0|2|3|6|8|9,2.1497,210,1
4,b3,6,0|2|3|7|8|9,0.9444,210,1
4,b3,6,0|2|4|5|6|7,7.3960,210,1
4,b3,6,0|2|4|5|6|8,1.6100,210,1
4,b3,6,0|2|4|5|6|9,0.8554,210,1
4,b3,6,0|2|4|5|7|8,7.0723,210,1
4,b3,6,0|2|4|5|7|9,6.9483,210,1
4,b3,6,0|2|4|5|8|9,0.1953,210,1
4,b3,6,0|2|4|6|7|8,1.0525,210,1
4,b3,6,0|2|4|6|7|9,3.9632,210,1
4,b3,6,0|2|4|6|8|9,0.7545,210,1
4,b3,6,0|2|4|7|8|9,1.1482,210,1
4,b3,6,0|2|5|6|7|8,2.2694,210,1
4,b3,6,0|2|5|6|7|9,5.9034,210,1
4,b3,6,0|2|5|6|8|9,0.4690,210,1
4,b3,6,0|2|5|7|8|9,0.4769,210,1
4,b3,6,0|2|6|7|8|9,0.1907,210,1
4,b3,6,0|3|4|5|6|7,2.9747,210,1
4,b3,6,0|3|4|5|6|8,4.3222,210,1
4,b3,6,0|3|4|5|6|9,1.1700,210,1
4,b3,6,0|3|4|5|7|8,6.8111,210,1
4,b3,6,0|3|4|5|7|9,5.8910,210,1
4,b3,6,0|3|4|5|8|9,0.1912,210,1
4,b3,6,0|3|4|6|7|8,1.8880,210,1
4,b3,6,0|3|4|6|7|9,3.7359,210,1
4,b3,6,0|3|4|6|8|9,0.6949,210,1
4,b3,6,0|3|4|7|8|9,0.6949,210,1
4,b3,6,0|3|5|6|7|8,4.3754,210,1
4,b3,6,0|3|5|6|7|9,8.5052,210,1
4,b3,6,0|3|5|6|8|9,0.1912,210,1
4,b3,6,0|3|5|7|8|9,0.1908,210,1
4,b3,6,0|3|6|7|8|9,0.8959,210,1
4,b3,6,0|4|5|6|7|8,6.8860,210,1
4,b3,6,0|4|5|6|7|9,4.5669,210,1
4,b3,6,0|4|5|6|8|9,0.8380,210,1
4,b3,6,0|4|5|7|8|9,0.7098,210,1
4,b3,6,0|4|6|7|8|9,1.0134,210,1
4,b3,6,0|5|6|7|8|9,0.1897,210,1
4,b3,6,1|2|3|4|5|6,0.4245,210,1
4,b3,6,1|2|3|4|5|7,0.4245,210,1
4,b3,6,1|2|3|4|5|8,0.4245,210,1
4,b3,6,1|2|3|4|5|9,0.4245,210,1
4,b3,6,1|2|3|4|6|7,5.6826,210,1
4,b3,6,1|2|3|4|6|8,2.6311,210,1
4,b3,6,1|2|3|4|6|9,2.9298,210,1
4,b3,6,1|2|3|4|7|8,4.7487,210,1
4,b3,6,1|2|3|4|7|9,2.4169,210,1
4,b3,6,1|2|3|4|8|9,2.2870,210,1
4,b3,6,1|2|3|5|6|7,3.7972,210,1
4,b3,6,1|2|3|5|6|8,0.4245,210,1
4,b3,6,1|2|3|5|6|9,0.4253,210,1
4,b3,6,1|2|3|5|7|8,3.8898,210,1
4,b3,6,1|2|3|5|7|9,1.7255,210,1
4,b3,6,1|2|3|5|8|9,0.2792,210,1
4,b3,6,1|2|3|6|7|8,4.0647,210,1
4,b3,6,1|2|3|6|7|9,5.9734,210,1
4,b3,6,1|2|3|6|8|9,1.6793,210,1
4,b3,6,1|2|3|7|8|9,0.5404,210,1
4,b3,6,1|2|4|5|6|7,4.8338,210,1
4,b3,6,1|2|4|5|6|8,1.2478,210,1
4,b3,6,1|2|4|5|6|9,1.1064,210,1
4,b3,6,1|2|4|5|7|8,6.2963,210,1
4,b3,6,1|2|4|5|7|9,7.7485,210,1
4,b3,6,1|2|4|5|8|9,0.2916,210,1
4,b3,6,1|2|4|6|7|8,0.8820,210,1
4,b3,6,1|2|4|6|7|9,2.3744,210,1
4,b3,6,1|2|4|6|8|9,1.4051,210,1
4,b3,6,1|2|4|7|8|9,1.0894,210,1
4,b3,6,1|2|5|6|7|8,2.5931,210,1
4,b3,6,1|2|5|6|7|9,5.4876,210,1
4,b3,6,1|2|5|6|8|9,0.3508,210,1
4,b3,6,1|2|5|7|8|9,0.3118,210,1
4,b3,6,1|2|6|7|8|9,0.1904,210,1
4,b3,6,1|3|4|5|6|7,1.7808,210,1
4,b3,6,1|3|4|5|6|8,4.0903,210,1
4,b3,6,1|3|4|5|6|9,0.8925,210,1
4,b3,6,1|3|4|5|7|8,6.3656,210,1
4,b3,6,1|3|4|5|7|9,5.8740,210,1
4,b3,6,1|3|4|5|8|9,0.2195,210,1
4,b3,6,1|3|4|6|7|8,1.4963,210,1
4,b3,6,1|3|4|6|7|9,2.7075,210,1
4,b3,6,1|3|4|6|8|9,0.6949,210,1
4,b3,6,1|3|4|7|8|9,0.6949,210,1
4,b3,6,1|3|5|6|7|8,3.9645,210,1
4,b3,6,1|3|5|6|7|9,4.7269,210,1
4,b3,6,1|3|5|6|8|9,0.4472,210,1
4,b3,6,1|3|5|7|8|9,0.2123,210,1
4,b3,6,1|3|6|7|8|9,0.8764,210,1
4,b3,6,1|4|5|6|7|8,7.1525,210,1
4,b3,6,1|4|5|6|7|9,6.1315,210,1
4,b3,6,1|4|5|6|8|9,0.6949,210,1
4,b3,6,1|4|5|7|8|9,0.8455,210,1
4,b3,6,1|4|6|7|8|9,1.2141,210,1
4,b3,6,1|5|6|7|8|9,0.1901,210,1
4,b3,6,2|3|4|5|6|7,0.9442,210,1
4,b3,6,2|3|4|5|6|8,0.4245,210,1
4,b3,6,2|3|4|5|6|9,0.9377,210,1
4,b3,6,2|3|4|5|7|8,1.0742,210,1
4,b3,6,2|3|4|5|7|9,0.6414,210,1
4,b3,6,2|3|4|5|8|9,0.3623,210,1
4,b3,6,2|3|4|6|7|8,2.4924,210,1
4,b3,6,2|3|4|6|7|9,7.5034,210,1
4,b3,6,2|3|4|6|8|9,1.4012,210,1
4,b3,6,2|3|4|7|8|9,0.8083,210,1
4,b3,6,2|3|5|6|7|8,3.4308,210,1
4,b3,6,2|3|5|6|7|9,5.3252,210,1
4,b3,6,2|3|5|6|8|9,0.3209,210,1
4,b3,6,2|3|5|7|8|9,0.1901,210,1
4,b3,6,2|3|6|7|8|9,0.4316,210,1
4,b3,6,2|4|5|6|7|8,4.8516,210,1
4,b3,6,2|4|5|6|7|9,8.3338,210,1
4,b3,6,2|4|5|6|8|9,0.7669,210,1
4,b3,6,2|4|5|7|8|9,0.3339,210,1
4,b3,6,2|4|6|7|8|9,1.1464,210,1
4,b3,6,2|5|6|7|8|9,0.1896,210,1
4,b3,6,3|4|5|6|7|8,1.4347,210,1
4,b3,6,3|4|5|6|7|9,2.8539,210,1
4,b3,6,3|4|5|6|8|9,0.9547,210,1
4,b3,6,3|4|5|7|8|9,0.1977,210,1
4,b3,6,3|4|6|7|8|9,0.7007,210,1
4,b3,6,3|5|6|7|8|9,0.1904,210,1
4,b3,6,4|5|6|7|8|9,1.0531,210,1
4,b4,0,,62.7886,1,1
4,b4,1,0,61.9454,10,1
4,b4,1,1,60.2061,10,1
4,b4,1,2,61.3080,10,1
4,b4,1,3,61.0279,10,1
4,b4,1,4,62.4652,10,1
4,b4,1,5,62.6651,10,1
4,b4,1,6,61.3450,10,1
4,b4,1,7,62.8714,10,1
4,b4,1,8,61.9959,10,1
4,b4,1,9,63.4405,10,1
4,b4,2,0|1,49.4461,45,1
4,b4,2,0|2,60.1410,45,1
4,b4,2,0|3,60.5582,45,1
4,b4,2,0|4,61.3678,45,1
4,b4,2,0|5,61.4448,45,1
4,b4,2,0|6,60.4202,45,1
4,b4,2,0|7,61.3817,45,1
4,b4,2,0|8,61.1244,45,1
4,b4,2,0|9,62.1462,45,1
4,b4,2,1|2,58.1917,45,1
4,b4,2,1|3,57.5419,45,1
4,b4,2,1|4,58.1568,45,1
4,b4,2,1|5,59.8360,45,1
4,b4,2,1|6,58.5713,45,1
4,b4,2,1|7,59.6347,45,1
4,b4,2,1|8,58.9986,45,1
4,b4,2,1|9,60.7413,45,1
4,b4,2,2|3,54.0326,45,1
4,b4,2,2|4,60.1316,45,1
4,b4,2,2|5,61.1416,45,1
4,b4,2,2|6,60.9795,45,1
4,b4,2,2|7,60.7780,45,1
4,b4,2,2|8,60.3119,45,1
4,b4,2,2|9,61.7815,45,1
4,b4,2,3|4,59.5629,45,1
4,b4,2,3|5,61.0433,45,1
4,b4,2,3|6,60.5843,45,1
4,b4,2,3|7,60.6822,45,1
4,b4,2,3|8,60.3730,45,1
4,b4,2,3|9,61.8485,45,1
4,b4,2,4|5,62.0395,45,1
4,b4,2,4|6,61.5064,45,1
4,b4,2,4|7,62.0929,45,1
4,b4,2,4|8,61.4234,45,1
4,b4,2,4|9,62.9030,45,1
4,b4,2,5|6,60.6865,45,1
4,b4,2,5|7,61.8940,45,1
4,b4,2,5|8,61.8035,45,1
4,b4,2,5|9,63.6655,45,1
4,b4,2,6|7,61.6722,45,1
4,b4,2,6|8,61.0693,45,1
4,b4,2,6|9,62.2587,45,1
4,b4,2,7|8,60.0020,45,1
4,b4,2,7|9,63.0949,45,1
4,b4,2,8|9,62.7769,45,1
4,b4,3,0|1|2,48.7021,120,1
4,b4,3,0|1|3,46.8672,120,1
4,b4,3,0|1|4,47.9600,120,1
4,b4,3,0|1|5,48.9922,120,1
4,b4,3,0|1|6,47.7073,120,1
4,b4,3,0|1|7,48.9643,120,1
4,b4,3,0|1|8,47.9231,120,1
4,b4,3,0|1|9,49.6402,120,1
4,b4,3,0|2|3,52.5957,120,1
4,b4,3,0|2|4,59.0223,120,1
4,b4,3,0|2|5,59.7862,120,1
4,b4,3,0|2|6,60.2060,120,1
4,b4,3,0|2|7,59.4425,120,1
4,b4,3,0|2|8,59.4528,120,1
4,b4,3,0|2|9,60.7386,120,1
4,b4,3,0|3|4,58.7340,120,1
4,b4,3,0|3|5,60.1299,120,1
4,b4,3,0|3|6,59.6106,120,1
4,b4,3,0|3|7,59.8000,120,1
4,b4,3,0|3|8,59.7192,120,1
4,b4,3,0|3|9,60.7046,120,1
4,b4,3,0|4|5,60.7026,120,1
4,b4,3,0|4|6,60.0743,120,1
4,b4,3,0|4|7,60.5858,120,1
4,b4,3,0|4|8,60.6357,120,1
4,b4,3,0|4|9,61.4331,120,1
4,b4,3,0|5|6,59.0394,120,1
4,b4,3,0|5|7,60.7197,120,1
4,b4,3,0|5|8,60.4609,120,1
4,b4,3,0|5|9,62.1339,120,1
4,b4,3,0|6|7,60.1389,120,1
4,b4,3,0|6|8,59.5222,120,1
4,b4,3,0|6|9,61.1731,120,1
4,b4,3,0|7|8,59.0455,120,1
4,b4,3,0|7|9,62.2635,120,1
4,b4,3,0|8|9,60.9316,120,1
4,b4,3,1|2|3,49.0605,120,1
4,b4,3,1|2|4,56.8105,120,1
4,b4,3,1|2|5,58.3463,120,1
4,b4,3,1|2|6,57.6115,120,1
4,b4,3,1|2|7,57.1620,120,1
4,b4,3,1|2|8,57.0589,120,1
4,b4,3,1|2|9,59.0066,120,1
4,b4,3,1|3|4,53.8682,120,1
4,b4,3,1|3|5,56.8859,120,1
4,b4,3,1|3|6,55.9091,120,1
4,b4,3,1|3|7,56.8713,120,1
4,b4,3,1|3|8,57.5287,120,1
4,b4,3,1|3|9,58.1640,120,1
4,b4,3,1|4|5,57.2661,120,1
4,b4,3,1|4|6,55.7917,120,1
4,b4,3,1|4|7,57.1670,120,1
4,b4,3,1|4|8,57.5064,120,1
4,b4,3,1|4|9,59.5630,120,1
4,b4,3,1|5|6,56.4966,120,1
4,b4,3,1|5|7,59.4278,120,1
4,b4,3,1|5|8,58.5708,120,1
4,b4,3,1|5|9,61.0706,120,1
4,b4,3,1|6|7,57.4990,120,1
4,b4,3,1|6|8,57.1480,120,1
4,b4,3,1|6|9,59.5328,120,1
4,b4,3,1|7|8,57.8073,120,1
4,b4,3,1|7|9,60.3374,120,1
4,b4,3,1|8|9,59.7396,120,1
4,b4,3,2|3|4,50.1508,120,1
4,b4,3,2|3|5,53.9644,120,1
4,b4,3,2|3|6,54.5048,120,1
4,b4,3,2|3|7,53.9023,120,1
4,b4,3,2|3|8,53.5908,120,1
4,b4,3,2|3|9,54.9831,120,1
4,b4,3,2|4|5,59.2508,120,1
4,b4,3,2|4|6,59.4929,120,1
4,b4,3,2|4|7,59.3101,120,1
4,b4,3,2|4|8,58.6216,120,1
4,b4,3,2|4|9,60.5027,120,1
4,b4,3,2|5|6,59.2920,120,1
4,b4,3,2|5|7,60.4773,120,1
4,b4,3,2|5|8,60.6785,120,1
4,b4,3,2|5|9,61.9545,120,1
4,b4,3,2|6|7,59.6616,120,1
4,b4,3,2|6|8,59.9159,120,1
4,b4,3,2|6|9,60.9858,120,1
4,b4,3,2|7|8,57.9883,120,1
4,b4,3,2|7|9,61.5077,120,1
4,b4,3,2|8|9,60.8127,120,1
4,b4,3,3|4|5,58.1638,120,1
4,b4,3,3|4|6,59.0735,120,1
4,b4,3,3|4|7,58.7383,120,1
4,b4,3,3|4|8,58.9947,120,1
4,b4,3,3|4|9,60.6445,120,1
4,b4,3,3|5|6,59.3580,120,1
4,b4,3,3|5|7,60.6031,120,1
4,b4,3,3|5|8,60.2556,120,1
4,b4,3,3|5|9,61.1683,120,1
4,b4,3,3|6|7,60.3015,120,1
4,b4,3,3|6|8,59.9803,120,1
4,b4,3,3|6|9,61.1876,120,1
4,b4,3,3|7|8,58.3648,120,1
4,b4,3,3|7|9,61.5049,120,1
4,b4,3,3|8|9,61.6213,120,1
4,b4,3,4|5|6,59.3014,120,1
4,b4,3,4|5|7,61.6934,120,1
4,b4,3,4|5|8,60.6326,120,1
4,b4,3,4|5|9,62.0700,120,1
4,b4,3,4|6|7,60.1034,120,1
4,b4,3,4|6|8,59.8832,120,1
4,b4,3,4|6|9,61.7206,120,1
4,b4,3,4|7|8,58.8166,120,1
4,b4,3,4|7|9,62.7278,120,1
4,b4,3,4|8|9,60.7986,120,1
4,b4,3,5|6|7,59.5187,120,1
4,b4,3,5|6|8,59.6859,120,1
4,b4,3,5|6|9,60.9223,120,1
4,b4,3,5|7|8,59.8941,120,1
4,b4,3,5|7|9,63.1008,120,1
4,b4,3,5|8|9,62.4983,120,1
4,b4,3,6|7|8,58.3920,120,1
4,b4,3,6|7|9,62.1060,120,1
4,b4,3,6|8|9,61.6970,120,1
4,b4,3,7|8|9,59.1924,120,1
4,b4,4,0|1|2|3,37.9974,210,1
4,b4,4,0|1|2|4,46.6379,210,1
4,b4,4,0|1|2|5,47.2055,210,1
4,b4,4,0|1|2|6,47.1754,210,1
4,b4,4,0|1|2|7,47.7975,210,1
4,b4,4,0|1|2|8,46.1645,210,1
4,b4,4,0|1|2|9,48.1441,210,1
4,b4,4,0|1|3|4,45.7418,210,1
4,b4,4,0|1|3|5,46.7999,210,1
4,b4,4,0|1|3|6,45.8346,210,1
4,b4,4,0|1|3|7,46.5844,210,1
4,b4,4,0|1|3|8,46.5233,210,1
4,b4,4,0|1|3|9,47.8016,210,1
4,b4,4,0|1|4|5,46.4462,210,1
4,b4,4,0|1|4|6,45.0475,210,1
4,b4,4,0|1|4|7,46.9568,210,1
4,b4,4,0|1|4|8,45.6518,210,1
4,b4,4,0|1|4|9,48.4997,210,1
4,b4,4,0|1|5|6,45.4889,210,1
4,b4,4,0|1|5|7,48.4903,210,1
4,b4,4,0|1|5|8,47.5406,210,1
4,b4,4,0|1|5|9,49.1201,210,1
4,b4,4,0|1|6|7,48.3057,210,1
4,b4,4,0|1|6|8,45.6404,210,1
4,b4,4,0|1|6|9,48.3139,210,1
4,b4,4,0|1|7|8,46.8717,210,1
4,b4,4,0|1|7|9,49.0804,210,1
4,b4,4,0|1|8|9,47.8217,210,1
4,b4,4,0|2|3|4,47.5569,210,1
4,b4,4,0|2|3|5,52.5620,210,1
4,b4,4,0|2|3|6,52.9014,210,1
4,b4,4,0|2|3|7,52.6357,210,1
4,b4,4,0|2|3|8,52.3833,210,1
4,b4,4,0|2|3|9,53.5921,210,1
4,b4,4,0|2|4|5,58.2299,210,1
4,b4,4,0|2|4|6,58.7599,210,1
4,b4,4,0|2|4|7,58.1055,210,1
4,b4,4,0|2|4|8,58.1052,210,1
4,b4,4,0|2|4|9,58.8427,210,1
4,b4,4,0|2|5|6,59.0644,210,1
4,b4,4,0|2|5|7,59.6124,210,1
4,b4,4,0|2|5|8,59.0720,210,1
4,b4,4,0|2|5|9,61.1310,210,1
4,b4,4,0|2|6|7,58.9778,210,1
4,b4,4,0|2|6|8,59.0791,210,1
4,b4,4,0|2|6|9,60.2059,210,1
4,b4,4,0|2|7|8,57.3569,210,1
4,b4,4,0|2|7|9,60.9641,210,1
4,b4,4,0|2|8|9,59.9213,210,1
4,b4,4,0|3|4|5,57.6880,210,1
4,b4,4,0|3|4|6,58.0884,210,1
4,b4,4,0|3|4|7,58.4870,210,1
4,b4,4,0|3|4|8,58.4416,210,1
4,b4,4,0|3|4|9,59.7224,210,1
4,b4,4,0|3|5|6,58.1480,210,1
4,b4,4,0|3|5|7,59.8999,210,1
4,b4,4,0|3|5|8,59.8954,210,1
4,b4,4,0|3|5|9,60.7933,210,1
4,b4,4,0|3|6|7,58.9581,210,1
4,b4,4,0|3|6|8,58.4596,210,1
4,b4,4,0|3|6|9,60.0119,210,1
4,b4,4,0|3|7|8,57.4167,210,1
4,b4,4,0|3|7|9,60.4555,210,1
4,b4,4,0|3|8|9,59.9842,210,1
4,b4,4,0|4|5|6,57.7088,210,1
4,b4,4,0|4|5|7,59.7735,210,1
4,b4,4,0|4|5|8,59.6339,210,1
4,b4,4,0|4|5|9,60.6371,210,1
4,b4,4,0|4|6|7,59.3843,210,1
4,b4,4,0|4|6|8,58.6603,210,1
4,b4,4,0|4|6|9,59.7853,210,1
4,b4,4,0|4|7|8,58.0991,210,1
4,b4,4,0|4|7|9,60.8332,210,1
4,b4,4,0|4|8|9,59.4856,210,1
4,b4,4,0|5|6|7,58.5358,210,1
4,b4,4,0|5|6|8,58.2552,210,1
4,b4,4,0|5|6|9,59.3788,210,1
4,b4,4,0|5|7|8,58.1842,210,1
4,b4,4,0|5|7|9,61.1899,210,1
4,b4,4,0|5|8|9,60.6623,210,1
4,b4,4,0|6|7|8,56.7023,210,1
4,b4,4,0|6|7|9,60.8689,210,1
4,b4,4,0|6|8|9,59.7922,210,1
4,b4,4,0|7|8|9,57.7133,210,1
4,b4,4,1|2|3|4,44.3842,210,1
4,b4,4,1|2|3|5,48.3086,210,1
4,b4,4,1|2|3|6,48.1048,210,1
4,b4,4,1|2|3|7,47.3100,210,1
4,b4,4,1|2|3|8,48.1719,210,1
4,b4,4,1|2|3|9,48.6746,210,1
4,b4,4,1|2|4|5,55.6564,210,1
4,b4,4,1|2|4|6,54.6897,210,1
4,b4,4,1|2|4|7,54.3789,210,1
4,b4,4,1|2|4|8,55.3851,210,1
4,b4,4,1|2|4|9,57.8248,210,1
4,b4,4,1|2|5|6,55.8193,210,1
4,b4,4,1|2|5|7,56.4142,210,1
4,b4,4,1|2|5|8,56.8793,210,1
4,b4,4,1|2|5|9,58.6819,210,1
4,b4,4,1|2|6|7,55.9813,210,1
4,b4,4,1|2|6|8,55.8397,210,1
4,b4,4,1|2|6|9,58.4685,210,1
4,b4,4,1|2|7|8,55.0675,210,1
4,b4,4,1|2|7|9,58.3370,210,1
4,b4,4,1|2|8|9,57.5157,210,1
4,b4,4,1|3|4|5,52.4644,210,1
4,b4,4,1|3|4|6,52.7144,210,1
4,b4,4,1|3|4|7,53.5183,210,1
4,b4,4,1|3|4|8,54.2332,210,1
4,b4,4,1|3|4|9,55.2701,210,1
4,b4,4,1|3|5|6,54.6306,210,1
4,b4,4,1|3|5|7,56.6837,210,1
4,b4,4,1|3|5|8,56.6730,210,1
4,b4,4,1|3|5|9,58.0549,210,1
4,b4,4,1|3|6|7,55.5454,210,1
4,b4,4,1|3|6|8,56.0423,210,1
4,b4,4,1|3|6|9,57.4487,210,1
4,b4,4,1|3|7|8,55.8380,210,1
4,b4,4,1|3|7|9,58.3765,210,1
4,b4,4,1|3|8|9,57.5659,210,1
4,b4,4,1|4|5|6,52.1674,210,1
4,b4,4,1|4|5|7,55.4773,210,1
4,b4,4,1|4|5|8,57.0756,210,1
4,b4,4,1|4|5|9,58.3759,210,1
4,b4,4,1|4|6|7,54.3616,210,1
4,b4,4,1|4|6|8,53.8540,210,1
4,b4,4,1|4|6|9,56.5469,210,1
4,b4,4,1|4|7|8,55.8745,210,1
4,b4,4,1|4|7|9,58.4677,210,1
4,b4,4,1|4|8|9,57.2696,210,1
4,b4,4,1|5|6|7,54.9727,210,1
4,b4,4,1|5|6|8,55.0745,210,1
4,b4,4,1|5|6|9,57.7737,210,1
4,b4,4,1|5|7|8,56.8387,210,1
4,b4,4,1|5|7|9,59.7465,210,1
4,b4,4,1|5|8|9,59.4745,210,1
4,b4,4,1|6|7|8,54.8082,210,1
4,b4,4,1|6|7|9,58.5809,210,1
4,b4,4,1|6|8|9,57.6283,210,1
4,b4,4,1|7|8|9,56.0774,210,1
4,b4,4,2|3|4|5,48.9438,210,1
4,b4,4,2|3|4|6,49.7200,210,1
4,b4,4,2|3|4|7,50.0105,210,1
4,b4,4,2|3|4|8,49.4222,210,1
4,b4,4,2|3|4|9,50.8703,210,1
4,b4,4,2|3|5|6,52.5675,210,1
4,b4,4,2|3|5|7,53.3139,210,1
4,b4,4,2|3|5|8,53.7921,210,1
4,b4,4,2|3|5|9,54.5535,210,1
4,b4,4,2|3|6|7,53.5518,210,1
4,b4,4,2|3|6|8,53.6324,210,1
4,b4,4,2|3|6|9,55.3437,210,1
4,b4,4,2|3|7|8,51.3533,210,1
4,b4,4,2|3|7|9,54.5814,210,1
4,b4,4,2|3|8|9,54.1453,210,1
4,b4,4,2|4|5|6,56.4040,210,1
4,b4,4,2|4|5|7,57.9779,210,1
4,b4,4,2|4|5|8,58.1182,210,1
4,b4,4,2|4|5|9,60.2010,210,1
4,b4,4,2|4|6|7,58.1378,210,1
4,b4,4,2|4|6|8,58.3861,210,1
4,b4,4,2|4|6|9,59.5403,210,1
4,b4,4,2|4|7|8,55.8299,210,1
4,b4,4,2|4|7|9,60.1100,210,1
4,b4,4,2|4|8|9,58.5370,210,1
4,b4,4,2|5|6|7,57.8070,210,1
4,b4,4,2|5|6|8,57.6095,210,1
4,b4,4,2|5|6|9,59.5789,210,1
4,b4,4,2|5|7|8,57.7419,210,1
4,b4,4,2|5|7|9,61.3256,210,1
4,b4,4,2|5|8|9,60.6913,210,1
4,b4,4,2|6|7|8,55.8547,210,1
4,b4,4,2|6|7|9,60.0201,210,1
4,b4,4,2|6|8|9,59.2228,210,1
4,b4,4,2|7|8|9,56.9991,210,1
4,b4,4,3|4|5|6,56.2775,210,1
4,b4,4,3|4|5|7,57.6528,210,1
4,b4,4,3|4|5|8,58.1217,210,1
4,b4,4,3|4|5|9,60.2066,210,1
4,b4,4,3|4|6|7,59.1426,210,1
4,b4,4,3|4|6|8,58.4190,210,1
4,b4,4,3|4|6|9,60.0896,210,1
4,b4,4,3|4|7|8,56.8977,210,1
4,b4,4,3|4|7|9,60.5400,210,1
4,b4,4,3|4|8|9,59.6553,210,1
4,b4,4,3|5|6|7,57.6966,210,1
4,b4,4,3|5|6|8,58.3079,210,1
4,b4,4,3|5|6|9,59.2169,210,1
4,b4,4,3|5|7|8,58.4583,210,1
4,b4,4,3|5|7|9,61.0384,210,1
4,b4,4,3|5|8|9,60.9757,210,1
4,b4,4,3|6|7|8,57.3094,210,1
4,b4,4,3|6|7|9,60.6172,210,1
4,b4,4,3|6|8|9,60.3056,210,1
4,b4,4,3|7|8|9,57.2124,210,1
4,b4,4,4|5|6|7,58.0959,210,1
4,b4,4,4|5|6|8,58.1880,210,1
4,b4,4,4|5|6|9,59.9777,210,1
4,b4,4,4|5|7|8,58.9425,210,1
4,b4,4,4|5|7|9,62.3031,210,1
4,b4,4,4|5|8|9,60.7902,210,1
4,b4,4,4|6|7|8,56.1883,210,1
4,b4,4,4|6|7|9,61.3118,210,1
4,b4,4,4|6|8|9,60.1076,210,1
4,b4,4,4|7|8|9,58.0768,210,1
4,b4,4,5|6|7|8,54.9344,210,1
4,b4,4,5|6|7|9,59.4789,210,1
4,b4,4,5|6|8|9,58.7096,210,1
4,b4,4,5|7|8|9,58.3131,210,1
4,b4,4,6|7|8|9,56.0910,210,1
4,b4,5,0|1|2|3|4,30.2457,252,1
4,b4,5,0|1|2|3|5,37.5473,252,1
4,b4,5,0|1|2|3|6,37.7243,252,1
4,b4,5,0|1|2|3|7,37.6260,252,1
4,b4,5,0|1|2|3|8,37.4871,252,1
4,b4,5,0|1|2|3|9,38.7861,252,1
4,b4,5,0|1|2|4|5,44.4386,252,1
4,b4,5,0|1|2|4|6,45.0346,252,1
4,b4,5,0|1|2|4|7,45.0888,252,1
4,b4,5,0|1|2|4|8,44.1856,252,1
4,b4,5,0|1|2|4|9,47.2651,252,1
4,b4,5,0|1|2|5|6,45.2468,252,1
4,b4,5,0|1|2|5|7,46.7902,252,1
4,b4,5,0|1|2|5|8,45.5578,252,1
4,b4,5,0|1|2|5|9,48.7629,252,1
4,b4,5,0|1|2|6|7,47.7659,252,1
4,b4,5,0|1|2|6|8,45.7999,252,1
4,b4,5,0|1|2|6|9,47.3627,252,1
4,b4,5,0|1|2|7|8,45.9474,252,1
4,b4,5,0|1|2|7|9,48.5780,252,1
4,b4,5,0|1|2|8|9,46.7952,252,1
4,b4,5,0|1|3|4|5,44.3204,252,1
4,b4,5,0|1|3|4|6,43.7052,252,1
4,b4,5,0|1|3|4|7,45.2245,252,1
4,b4,5,0|1|3|4|8,42.3393,252,1
4,b4,5,0|1|3|4|9,44.9798,252,1
4,b4,5,0|1|3|5|6,43.4408,252,1
4,b4,5,0|1|3|5|7,46.3265,252,1
4,b4,5,0|1|3|5|8,45.8885,252,1
4,b4,5,0|1|3|5|9,47.3854,252,1
4,b4,5,0|1|3|6|7,47.5003,252,1
4,b4,5,0|1|3|6|8,45.2783,252,1
4,b4,5,0|1|3|6|9,47.0310,252,1
4,b4,5,0|1|3|7|8,44.4174,252,1
4,b4,5,0|1|3|7|9,46.6912,252,1
4,b4,5,0|1|3|8|9,45.8316,252,1
4,b4,5,0|1|4|5|6,41.7443,252,1
4,b4,5,0|1|4|5|7,44.8406,252,1
4,b4,5,0|1|4|5|8,44.1460,252,1
4,b4,5,0|1|4|5|9,47.9903,252,1
4,b4,5,0|1|4|6|7,44.6290,252,1
4,b4,5,0|1|4|6|8,42.1673,252,1
4,b4,5,0|1|4|6|9,46.2469,252,1
4,b4,5,0|1|4|7|8,43.9245,252,1
4,b4,5,0|1|4|7|9,48.3044,252,1
4,b4,5,0|1|4|8|9,45.9456,252,1
4,b4,5,0|1|5|6|7,44.0001,252,1
4,b4,5,0|1|5|6|8,43.2961,252,1
4,b4,5,0|1|5|6|9,45.8096,252,1
4,b4,5,0|1|5|7|8,45.0933,252,1
4,b4,5,0|1|5|7|9,47.8871,252,1
4,b4,5,0|1|5|8|9,46.7067,252,1
4,b4,5,0|1|6|7|8,46.1048,252,1
4,b4,5,0|1|6|7|9,48.5953,252,1
4,b4,5,0|1|6|8|9,46.1015,252,1
4,b4,5,0|1|7|8|9,43.2236,252,1
4,b4,5,0|2|3|4|5,46.7178,252,1
4,b4,5,0|2|3|4|6,47.0673,252,1
4,b4,5,0|2|3|4|7,47.5014,252,1
4,b4,5,0|2|3|4|8,46.4990,252,1
4,b4,5,0|2|3|4|9,47.3266,252,1
4,b4,5,0|2|3|5|6,51.5626,252,1
4,b4,5,0|2|3|5|7,52.4966,252,1
4,b4,5,0|2|3|5|8,52.6195,252,1
4,b4,5,0|2|3|5|9,53.6110,252,1
4,b4,5,0|2|3|6|7,52.2431,252,1
4,b4,5,0|2|3|6|8,52.0721,252,1
4,b4,5,0|2|3|6|9,53.0446,252,1
4,b4,5,0|2|3|7|8,49.3305,252,1
4,b4,5,0|2|3|7|9,53.6828,252,1
4,b4,5,0|2|3|8|9,52.5931,252,1
4,b4,5,0|2|4|5|6,56.0154,252,1
4,b4,5,0|2|4|5|7,57.3800,252,1
4,b4,5,0|2|4|5|8,57.4083,252,1
4,b4,5,0|2|4|5|9,58.8294,252,1
4,b4,5,0|2|4|6|7,57.3805,252,1
4,b4,5,0|2|4|6|8,57.3697,252,1
4,b4,5,0|2|4|6|9,59.2841,252,1
4,b4,5,0|2|4|7|8,55.6670,252,1
4,b4,5,0|2|4|7|9,59.0822,252,1
4,b4,5,0|2|4|8|9,58.1673,252,1
4,b4,5,0|2|5|6|7,57.8338,252,1
4,b4,5,0|2|5|6|8,57.5401,252,1
4,b4,5,0|2|5|6|9,59.1774,252,1
4,b4,5,0|2|5|7|8,57.3016,252,1
4,b4,5,0|2|5|7|9,61.0899,252,1
4,b4,5,0|2|5|8|9,60.0363,252,1
4,b4,5,0|2|6|7|8,55.4470,252,1
4,b4,5,0|2|6|7|9,60.0698,252,1
4,b4,5,0|2|6|8|9,58.7871,252,1
4,b4,5,0|2|7|8|9,56.7566,252,1
4,b4,5,0|3|4|5|6,54.4199,252,1
4,b4,5,0|3|4|5|7,56.8254,252,1
4,b4,5,0|3|4|5|8,57.8740,252,1
4,b4,5,0|3|4|5|9,59.0022,252,1
4,b4,5,0|3|4|6|7,57.6145,252,1
4,b4,5,0|3|4|6|8,58.0133,252,1
4,b4,5,0|3|4|6|9,59.2831,252,1
4,b4,5,0|3|4|7|8,56.6592,252,1
4,b4,5,0|3|4|7|9,59.5833,252,1
4,b4,5,0|3|4|8|9,58.8401,252,1
4,b4,5,0|3|5|6|7,56.4904,252,1
4,b4,5,0|3|5|6|8,57.5972,252,1
4,b4,5,0|3|5|6|9,58.6605,252,1
4,b4,5,0|3|5|7|8,57.4307,252,1
4,b4,5,0|3|5|7|9,60.5446,252,1
4,b4,5,0|3|5|8|9,60.2906,252,1
4,b4,5,0|3|6|7|8,56.6201,252,1
4,b4,5,0|3|6|7|9,59.9945,252,1
4,b4,5,0|3|6|8|9,59.0893,252,1
4,b4,5,0|3|7|8|9,56.4822,252,1
4,b4,5,0|4|5|6|7,56.4499,252,1
4,b4,5,0|4|5|6|8,56.7578,252,1
4,b4,5,0|4|5|6|9,58.0250,252,1
4,b4,5,0|4|5|7|8,56.8317,252,1
4,b4,5,0|4|5|7|9,59.8455,252,1
4,b4,5,0|4|5|8|9,58.4807,252,1
4,b4,5,0|4|6|7|8,55.8966,252,1
4,b4,5,0|4|6|7|9,59.7568,252,1
4,b4,5,0|4|6|8|9,58.7521,252,1
4,b4,5,0|4|7|8|9,56.2349,252,1
4,b4,5,0|5|6|7|8,53.6807,252,1
4,b4,5,0|5|6|7|9,57.3871,252,1
4,b4,5,0|5|6|8|9,57.1046,252,1
4,b4,5,0|5|7|8|9,55.7244,252,1
4,b4,5,0|6|7|8|9,54.1244,252,1
4,b4,5,1|2|3|4|5,41.9524,252,1
4,b4,5,1|2|3|4|6,42.9213,252,1
4,b4,5,1|2|3|4|7,41.1292,252,1
4,b4,5,1|2|3|4|8,43.3412,252,1
4,b4,5,1|2|3|4|9,44.7412,252,1
4,b4,5,1|2|3|5|6,46.6108,252,1
4,b4,5,1|2|3|5|7,46.8940,252,1
4,b4,5,1|2|3|5|8,48.1506,252,1
4,b4,5,1|2|3|5|9,49.2676,252,1
4,b4,5,1|2|3|6|7,47.4889,252,1
4,b4,5,1|2|3|6|8,47.6056,252,1
4,b4,5,1|2|3|6|9,49.0148,252,1
4,b4,5,1|2|3|7|8,44.9942,252,1
4,b4,5,1|2|3|7|9,48.8226,252,1
4,b4,5,1|2|3|8|9,48.1805,252,1
4,b4,5,1|2|4|5|6,52.6857,252,1
4,b4,5,1|2|4|5|7,53.1616,252,1
4,b4,5,1|2|4|5|8,54.4886,252,1
4,b4,5,1|2|4|5|9,56.8976,252,1
4,b4,5,1|2|4|6|7,52.5206,252,1
4,b4,5,1|2|4|6|8,52.8237,252,1
4,b4,5,1|2|4|6|9,56.1032,252,1
4,b4,5,1|2|4|7|8,52.9962,252,1
4,b4,5,1|2|4|7|9,56.0276,252,1
4,b4,5,1|2|4|8|9,55.8126,252,1
4,b4,5,1|2|5|6|7,54.2555,252,1
4,b4,5,1|2|5|6|8,54.5777,252,1
4,b4,5,1|2|5|6|9,57.0227,252,1
4,b4,5,1|2|5|7|8,54.3572,252,1
4,b4,5,1|2|5|7|9,57.4558,252,1
4,b4,5,1|2|5|8|9,57.4905,252,1
4,b4,5,1|2|6|7|8,52.0998,252,1
4,b4,5,1|2|6|7|9,56.2660,252,1
4,b4,5,1|2|6|8|9,56.1521,252,1
4,b4,5,1|2|7|8|9,53.0120,252,1
4,b4,5,1|3|4|5|6,48.3399,252,1
4,b4,5,1|3|4|5|7,52.0386,252,1
4,b4,5,1|3|4|5|8,52.5932,252,1
4,b4,5,1|3|4|5|9,53.9047,252,1
4,b4,5,1|3|4|6|7,50.9369,252,1
4,b4,5,1|3|4|6|8,52.7227,252,1
4,b4,5,1|3|4|6|9,53.7499,252,1
4,b4,5,1|3|4|7|8,52.3191,252,1
4,b4,5,1|3|4|7|9,55.1367,252,1
4,b4,5,1|3|4|8|9,54.2425,252,1
4,b4,5,1|3|5|6|7,52.7266,252,1
4,b4,5,1|3|5|6|8,54.0237,252,1
4,b4,5,1|3|5|6|9,55.3009,252,1
4,b4,5,1|3|5|7|8,54.7680,252,1
4,b4,5,1|3|5|7|9,57.8746,252,1
4,b4,5,1|3|5|8|9,57.3932,252,1
4,b4,5,1|3|6|7|8,53.9713,252,1
4,b4,5,1|3|6|7|9,56.9568,252,1
4,b4,5,1|3|6|8|9,56.9778,252,1
4,b4,5,1|3|7|8|9,53.5550,252,1
4,b4,5,1|4|5|6|7,49.5034,252,1
4,b4,5,1|4|5|6|8,50.0674,252,1
4,b4,5,1|4|5|6|9,53.4002,252,1
4,b4,5,1|4|5|7|8,53.6566,252,1
4,b4,5,1|4|5|7|9,57.2365,252,1
4,b4,5,1|4|5|8|9,56.8891,252,1
4,b4,5,1|4|6|7|8,50.5030,252,1
4,b4,5,1|4|6|7|9,55.7666,252,1
4,b4,5,1|4|6|8|9,54.5555,252,1
4,b4,5,1|4|7|8|9,52.9682,252,1
4,b4,5,1|5|6|7|8,50.6052,252,1
4,b4,5,1|5|6|7|9,55.1165,252,1
4,b4,5,1|5|6|8|9,55.4627,252,1
4,b4,5,1|5|7|8|9,54.6374,252,1
4,b4,5,1|6|7|8|9,52.3035,252,1
4,b4,5,2|3|4|5|6,45.3692,252,1
4,b4,5,2|3|4|5|7,48.6021,252,1
4,b4,5,2|3|4|5|8,47.5719,252,1
4,b4,5,2|3|4|5|9,49.2399,252,1
4,b4,5,2|3|4|6|7,48.6598,252,1
4,b4,5,2|3|4|6|8,48.3891,252,1
4,b4,5,2|3|4|6|9,50.9895,252,1
4,b4,5,2|3|4|7|8,47.1329,252,1
4,b4,5,2|3|4|7|9,50.8984,252,1
4,b4,5,2|3|4|8|9,49.7850,252,1
4,b4,5,2|3|5|6|7,50.3343,252,1
4,b4,5,2|3|5|6|8,50.6167,252,1
4,b4,5,2|3|5|6|9,52.6891,252,1
4,b4,5,2|3|5|7|8,51.6534,252,1
4,b4,5,2|3|5|7|9,54.0811,252,1
4,b4,5,2|3|5|8|9,54.2761,252,1
4,b4,5,2|3|6|7|8,49.5079,252,1
4,b4,5,2|3|6|7|9,54.0722,252,1
4,b4,5,2|3|6|8|9,52.8034,252,1
4,b4,5,2|3|7|8|9,49.4808,252,1
4,b4,5,2|4|5|6|7,55.2700,252,1
4,b4,5,2|4|5|6|8,55.0385,252,1
4,b4,5,2|4|5|6|9,57.1099,252,1
4,b4,5,2|4|5|7|8,55.7827,252,1
4,b4,5,2|4|5|7|9,59.6322,252,1
4,b4,5,2|4|5|8|9,58.0166,252,1
4,b4,5,2|4|6|7|8,53.4666,252,1
4,b4,5,2|4|6|7|9,58.3684,252,1
4,b4,5,2|4|6|8|9,56.5986,252,1
4,b4,5,2|4|7|8|9,53.7695,252,1
4,b4,5,2|5|6|7|8,53.1702,252,1
4,b4,5,2|5|6|7|9,57.8407,252,1
4,b4,5,2|5|6|8|9,56.9619,252,1
4,b4,5,2|5|7|8|9,55.9846,252,1
4,b4,5,2|6|7|8|9,53.2872,252,1
4,b4,5,3|4|5|6|7,54.2171,252,1
4,b4,5,3|4|5|6|8,56.1393,252,1
4,b4,5,3|4|5|6|9,57.9146,252,1
4,b4,5,3|4|5|7|8,56.2636,252,1
4,b4,5,3|4|5|7|9,59.1369,252,1
4,b4,5,3|4|5|8|9,59.8437,252,1
4,b4,5,3|4|6|7|8,55.0751,252,1
4,b4,5,3|4|6|7|9,59.8906,252,1
4,b4,5,3|4|6|8|9,59.1892,252,1
4,b4,5,3|4|7|8|9,56.2428,252,1
4,b4,5,3|5|6|7|8,53.2191,252,1
4,b4,5,3|5|6|7|9,58.0862,252,1
4,b4,5,3|5|6|8|9,57.8780,252,1
4,b4,5,3|5|7|8|9,56.6062,252,1
4,b4,5,3|6|7|8|9,54.9883,252,1
4,b4,5,4|5|6|7|8,51.6483,252,1
4,b4,5,4|5|6|7|9,57.6825,252,1
4,b4,5,4|5|6|8|9,56.0174,252,1
4,b4,5,4|5|7|8|9,56.4783,252,1
4,b4,5,4|6|7|8|9,53.7122,252,1
4,b4,5,5|6|7|8|9,48.0089,252,1
4,b4,6,0|1|2|3|4|5,26.8766,210,1
4,b4,6,0|1|2|3|4|6,30.6969,210,1
4,b4,6,0|1|2|3|4|7,30.3969,210,1
4,b4,6,0|1|2|3|4|8,29.2450,210,1
4,b4,6,0|1|2|3|4|9,30.4992,210,1
4,b4,6,0|1|2|3|5|6,36.3583,210,1
4,b4,6,0|1|2|3|5|7,36.9960,210,1
4,b4,6,0|1|2|3|5|8,37.3423,210,1
4,b4,6,0|1|2|3|5|9,38.9383,210,1
4,b4,6,0|1|2|3|6|7,38.3404,210,1
4,b4,6,0|1|2|3|6|8,36.7866,210,1
4,b4,6,0|1|2|3|6|9,37.8413,210,1
4,b4,6,0|1|2|3|7|8,35.9368,210,1
4,b4,6,0|1|2|3|7|9,37.6753,210,1
4,b4,6,0|1|2|3|8|9,38.1503,210,1
4,b4,6,0|1|2|4|5|6,41.9093,210,1
4,b4,6,0|1|2|4|5|7,43.3067,210,1
4,b4,6,0|1|2|4|5|8,42.2833,210,1
4,b4,6,0|1|2|4|5|9,45.7783,210,1
4,b4,6,0|1|2|4|6|7,43.6683,210,1
4,b4,6,0|1|2|4|6|8,41.4821,210,1
4,b4,6,0|1|2|4|6|9,44.9766,210,1
4,b4,6,0|1|2|4|7|8,43.9476,210,1
4,b4,6,0|1|2|4|7|9,46.6529,210,1
4,b4,6,0|1|2|4|8|9,44.1347,210,1
4,b4,6,0|1|2|5|6|7,45.1741,210,1
4,b4,6,0|1|2|5|6|8,42.8383,210,1
4,b4,6,0|1|2|5|6|9,45.4875,210,1
4,b4,6,0|1|2|5|7|8,44.7601,210,1
4,b4,6,0|1|2|5|7|9,47.3131,210,1
4,b4,6,0|1|2|5|8|9,46.8187,210,1
4,b4,6,0|1|2|6|7|8,44.9845,210,1
4,b4,6,0|1|2|6|7|9,47.3532,210,1
4,b4,6,0|1|2|6|8|9,44.5699,210,1
4,b4,6,0|1|2|7|8|9,41.8377,210,1
4,b4,6,0|1|3|4|5|6,38.0778,210,1
4,b4,6,0|1|3|4|5|7,41.6451,210,1
4,b4,6,0|1|3|4|5|8,41.2706,210,1
4,b4,6,0|1|3|4|5|9,45.0688,210,1
4,b4,6,0|1|3|4|6|7,42.4966,210,1
4,b4,6,0|1|3|4|6|8,39.6875,210,1
4,b4,6,0|1|3|4|6|9,44.2981,210,1
4,b4,6,0|1|3|4|7|8,42.8267,210,1
4,b4,6,0|1|3|4|7|9,45.6154,210,1
4,b4,6,0|1|3|4|8|9,42.5702,210,1
4,b4,6,0|1|3|5|6|7,42.5827,210,1
4,b4,6,0|1|3|5|6|8,42.2975,210,1
4,b4,6,0|1|3|5|6|9,44.7695,210,1
4,b4,6,0|1|3|5|7|8,41.7291,210,1
4,b4,6,0|1|3|5|7|9,44.9963,210,1
4,b4,6,0|1|3|5|8|9,45.2899,210,1
4,b4,6,0|1|3|6|7|8,46.5755,210,1
4,b4,6,0|1|3|6|7|9,48.1749,210,1
4,b4,6,0|1|3|6|8|9,45.3128,210,1
4,b4,6,0|1|3|7|8|9,39.7806,210,1
4,b4,6,0|1|4|5|6|7,38.4979,210,1
4,b4,6,0|1|4|5|6|8,37.0282,210,1
4,b4,6,0|1|4|5|6|9,42.5901,210,1
4,b4,6,0|1|4|5|7|8,40.4140,210,1
4,b4,6,0|1|4|5|7|9,44.8575,210,1
4,b4,6,0|1|4|5|8|9,43.6656,210,1
4,b4,6,0|1|4|6|7|8,40.2231,210,1
4,b4,6,0|1|4|6|7|9,45.2702,210,1
4,b4,6,0|1|4|6|8|9,41.7872,210,1
4,b4,6,0|1|4|7|8|9,40.5691,210,1
4,b4,6,0|1|5|6|7|8,39.9492,210,1
4,b4,6,0|1|5|6|7|9,43.6594,210,1
4,b4,6,0|1|5|6|8|9,41.8388,210,1
4,b4,6,0|1|5|7|8|9,40.2998,210,1
4,b4,6,0|1|6|7|8|9,42.7731,210,1
4,b4,6,0|2|3|4|5|6,43.0085,210,1
4,b4,6,0|2|3|4|5|7,46.4440,210,1
4,b4,6,0|2|3|4|5|8,45.9482,210,1
4,b4,6,0|2|3|4|5|9,47.3571,210,1
4,b4,6,0|2|3|4|6|7,46.7510,210,1
4,b4,6,0|2|3|4|6|8,44.9643,210,1
4,b4,6,0|2|3|4|6|9,46.8208,210,1
4,b4,6,0|2|3|4|7|8,44.5553,210,1
4,b4,6,0|2|3|4|7|9,47.5105,210,1
4,b4,6,0|2|3|4|8|9,46.8102,210,1
4,b4,6,0|2|3|5|6|7,50.4394,210,1
4,b4,6,0|2|3|5|6|8,50.8434,210,1
4,b4,6,0|2|3|5|6|9,51.7989,210,1
4,b4,6,0|2|3|5|7|8,50.2177,210,1
4,b4,6,0|2|3|5|7|9,53.7084,210,1
4,b4,6,0|2|3|5|8|9,52.4416,210,1
4,b4,6,0|2|3|6|7|8,48.6648,210,1
4,b4,6,0|2|3|6|7|9,52.8968,210,1
4,b4,6,0|2|3|6|8|9,52.1968,210,1
4,b4,6,0|2|3|7|8|9,48.3875,210,1
4,b4,6,0|2|4|5|6|7,54.3828,210,1
4,b4,6,0|2|4|5|6|8,54.5599,210,1
4,b4,6,0|2|4|5|6|9,57.1658,210,1
4,b4,6,0|2|4|5|7|8,55.2776,210,1
4,b4,6,0|2|4|5|7|9,58.0710,210,1
4,b4,6,0|2|4|5|8|9,57.8940,210,1
4,b4,6,0|2|4|6|7|8,53.5325,210,1
4,b4,6,0|2|4|6|7|9,58.7639,210,1
4,b4,6,0|2|4|6|8|9,57.2150,210,1
4,b4,6,0|2|4|7|8|9,54.0192,210,1
4,b4,6,0|2|5|6|7|8,53.3213,210,1
4,b4,6,0|2|5|6|7|9,57.3979,210,1
4,b4,6,0|2|5|6|8|9,56.9161,210,1
4,b4,6,0|2|5|7|8|9,56.1337,210,1
4,b4,6,0|2|6|7|8|9,52.9750,210,1
4,b4,6,0|3|4|5|6|7,53.5509,210,1
4,b4,6,0|3|4|5|6|8,55.1012,210,1
4,b4,6,0|3|4|5|6|9,56.1339,210,1
4,b4,6,0|3|4|5|7|8,55.9663,210,1
4,b4,6,0|3|4|5|7|9,58.1635,210,1
4,b4,6,0|3|4|5|8|9,58.2785,210,1
4,b4,6,0|3|4|6|7|8,55.6687,210,1
4,b4,6,0|3|4|6|7|9,58.2632,210,1
4,b4,6,0|3|4|6|8|9,58.3069,210,1
4,b4,6,0|3|4|7|8|9,54.7803,210,1
4,b4,6,0|3|5|6|7|8,52.8647,210,1
4,b4,6,0|3|5|6|7|9,56.9084,210,1
4,b4,6,0|3|5|6|8|9,57.0309,210,1
4,b4,6,0|3|5|7|8|9,56.3013,210,1
4,b4,6,0|3|6|7|8|9,54.3580,210,1
4,b4,6,0|4|5|6|7|8,50.6095,210,1
4,b4,6,0|4|5|6|7|9,54.8789,210,1
4,b4,6,0|4|5|6|8|9,54.5979,210,1
4,b4,6,0|4|5|7|8|9,54.3909,210,1
4,b4,6,0|4|6|7|8|9,51.9497,210,1
4,b4,6,0|5|6|7|8|9,47.7253,210,1
4,b4,6,1|2|3|4|5|6,36.5384,210,1
4,b4,6,1|2|3|4|5|7,39.4941,210,1
4,b4,6,1|2|3|4|5|8,41.1249,210,1
4,b4,6,1|2|3|4|5|9,42.5527,210,1
4,b4,6,1|2|3|4|6|7,39.8735,210,1
4,b4,6,1|2|3|4|6|8,41.5813,210,1
4,b4,6,1|2|3|4|6|9,43.7779,210,1
4,b4,6,1|2|3|4|7|8,38.0108,210,1
4,b4,6,1|2|3|4|7|9,42.3833,210,1
4,b4,6,1|2|3|4|8|9,42.5883,210,1
4,b4,6,1|2|3|5|6|7,46.2957,210,1
4,b4,6,1|2|3|5|6|8,46.9526,210,1
4,b4,6,1|2|3|5|6|9,48.0223,210,1
4,b4,6,1|2|3|5|7|8,45.3556,210,1
4,b4,6,1|2|3|5|7|9,49.1315,210,1
4,b4,6,1|2|3|5|8|9,48.1980,210,1
4,b4,6,1|2|3|6|7|8,44.2185,210,1
4,b4,6,1|2|3|6|7|9,48.9124,210,1
4,b4,6,1|2|3|6|8|9,47.7311,210,1
4,b4,6,1|2|3|7|8|9,43.4517,210,1
4,b4,6,1|2|4|5|6|7,49.9010,210,1
4,b4,6,1|2|4|5|6|8,50.3973,210,1
4,b4,6,1|2|4|5|6|9,53.7773,210,1
4,b4,6,1|2|4|5|7|8,51.9717,210,1
4,b4,6,1|2|4|5|7|9,55.0570,210,1
4,b4,6,1|2|4|5|8|9,54.9527,210,1
4,b4,6,1|2|4|6|7|8,48.8749,210,1
4,b4,6,1|2|4|6|7|9,53.8727,210,1
4,b4,6,1|2|4|6|8|9,53.2718,210,1
4,b4,6,1|2|4|7|8|9,50.5552,210,1
4,b4,6,1|2|5|6|7|8,49.4762,210,1
4,b4,6,1|2|5|6|7|9,53.4377,210,1
4,b4,6,1|2|5|6|8|9,54.6721,210,1
4,b4,6,1|2|5|7|8|9,52.1261,210,1
4,b4,6,1|2|6|7|8|9,49.4795,210,1
4,b4,6,1|3|4|5|6|7,45.9150,210,1
4,b4,6,1|3|4|5|6|8,47.1542,210,1
4,b4,6,1|3|4|5|6|9,48.9847,210,1
4,b4,6,1|3|4|5|7|8,50.3303,210,1
4,b4,6,1|3|4|5|7|9,52.9801,210,1
4,b4,6,1|3|4|5|8|9,52.5336,210,1
4,b4,6,1|3|4|6|7|8,49.1122,210,1
4,b4,6,1|3|4|6|7|9,53.1433,210,1
4,b4,6,1|3|4|6|8|9,53.4887,210,1
4,b4,6,1|3|4|7|8|9,51.3132,210,1
4,b4,6,1|3|5|6|7|8,48.6974,210,1
4,b4,6,1|3|5|6|7|9,54.6089,210,1
4,b4,6,1|3|5|6|8|9,55.6882,210,1
4,b4,6,1|3|5|7|8|9,52.5840,210,1
4,b4,6,1|3|6|7|8|9,51.5214,210,1
4,b4,6,1|4|5|6|7|8,42.8638,210,1
4,b4,6,1|4|5|6|7|9,49.7552,210,1
4,b4,6,1|4|5|6|8|9,49.4219,210,1
4,b4,6,1|4|5|7|8|9,51.5439,210,1
4,b4,6,1|4|6|7|8|9,48.5720,210,1
4,b4,6,1|5|6|7|8|9,46.2741,210,1
4,b4,6,2|3|4|5|6|7,43.6076,210,1
4,b4,6,2|3|4|5|6|8,43.9208,210,1
4,b4,6,2|3|4|5|6|9,45.2176,210,1
4,b4,6,2|3|4|5|7|8,45.3222,210,1
4,b4,6,2|3|4|5|7|9,49.1627,210,1
4,b4,6,2|3|4|5|8|9,48.1685,210,1
4,b4,6,2|3|4|6|7|8,44.8975,210,1
4,b4,6,2|3|4|6|7|9,49.6431,210,1
4,b4,6,2|3|4|6|8|9,49.3527,210,1
4,b4,6,2|3|4|7|8|9,45.4967,210,1
4,b4,6,2|3|5|6|7|8,45.3938,210,1
4,b4,6,2|3|5|6|7|9,50.5277,210,1
4,b4,6,2|3|5|6|8|9,49.6999,210,1
4,b4,6,2|3|5|7|8|9,49.6694,210,1
4,b4,6,2|3|6|7|8|9,45.6461,210,1
4,b4,6,2|4|5|6|7|8,50.1721,210,1
4,b4,6,2|4|5|6|7|9,54.8265,210,1
4,b4,6,2|4|5|6|8|9,54.2998,210,1
4,b4,6,2|4|5|7|8|9,53.6286,210,1
4,b4,6,2|4|6|7|8|9,50.0123,210,1
4,b4,6,2|5|6|7|8|9,47.9293,210,1
4,b4,6,3|4|5|6|7|8,50.1341,210,1
4,b4,6,3|4|5|6|7|9,55.4555,210,1
4,b4,6,3|4|5|6|8|9,56.2088,210,1
4,b4,6,3|4|5|7|8|9,54.5891,210,1
4,b4,6,3|4|6|7|8|9,53.9679,210,1
4,b4,6,3|5|6|7|8|9,48.3489,210,1
4,b4,6,4|5|6|7|8|9,44.8786,210,1
4,b6,0,,66.5653,1,1
4,b6,1,0,64.3709,10,1
4,b6,1,1,24.2217,10,1
4,b6,1,2,55.6369,10,1
4,b6,1,3,62.3209,10,1
4,b6,1,4,56.9236,10,1
4,b6,1,5,63.4814,10,1
4,b6,1,6,55.7405,10,1
4,b6,1,7,64.5954,10,1
4,b6,1,8,59.6039,10,1
4,b6,1,9,65.7002,10,1
4,b6,2,0|1,21.8513,45,1
4,b6,2,0|2,53.8539,45,1
4,b6,2,0|3,62.1354,45,1
4,b6,2,0|4,55.1928,45,1
4,b6,2,0|5,59.8205,45,1
4,b6,2,0|6,51.0336,45,1
4,b6,2,0|7,61.3699,45,1
4,b6,2,0|8,56.9008,45,1
4,b6,2,0|9,61.9433,45,1
4,b6,2,1|2,21.9189,45,1
4,b6,2,1|3,24.9709,45,1
4,b6,2,1|4,16.6971,45,1
4,b6,2,1|5,21.5775,45,1
4,b6,2,1|6,21.7251,45,1
4,b6,2,1|7,24.3136,45,1
4,b6,2,1|8,23.3577,45,1
4,b6,2,1|9,23.8057,45,1
4,b6,2,2|3,29.9481,45,1
4,b6,2,2|4,47.7881,45,1
4,b6,2,2|5,54.4844,45,1
4,b6,2,2|6,46.6193,45,1
4,b6,2,2|7,55.8625,45,1
4,b6,2,2|8,51.7435,45,1
4,b6,2,2|9,56.5323,45,1
4,b6,2,3|4,50.9321,45,1
4,b6,2,3|5,59.3150,45,1
4,b6,2,3|6,53.9884,45,1
4,b6,2,3|7,62.0122,45,1
4,b6,2,3|8,55.9621,45,1
4,b6,2,3|9,61.8586,45,1
4,b6,2,4|5,51.5930,45,1
4,b6,2,4|6,48.6820,45,1
4,b6,2,4|7,56.4499,45,1
4,b6,2,4|8,53.3676,45,1
4,b6,2,4|9,56.7148,45,1
4,b6,2,5|6,49.0161,45,1
4,b6,2,5|7,60.1190,45,1
4,b6,2,5|8,58.2537,45,1
4,b6,2,5|9,62.5226,45,1
4,b6,2,6|7,53.9983,45,1
4,b6,2,6|8,52.8509,45,1
4,b6,2,6|9,54.6218,45,1
4,b6,2,7|8,50.2190,45,1
4,b6,2,7|9,61.6207,45,1
4,b6,2,8|9,58.0034,45,1
4,b6,3,0|1|2,21.3853,120,1
4,b6,3,0|1|3,21.9773,120,1
4,b6,3,0|1|4,16.8903,120,1
4,b6,3,0|1|5,19.5205,120,1
4,b6,3,0|1|6,18.9932,120,1
4,b6,3,0|1|7,22.8285,120,1
4,b6,3,0|1|8,22.9438,120,1
4,b6,3,0|1|9,22.1096,120,1
4,b6,3,0|2|3,28.4573,120,1
4,b6,3,0|2|4,47.2677,120,1
4,b6,3,0|2|5,52.0778,120,1
4,b6,3,0|2|6,44.5674,120,1
4,b6,3,0|2|7,54.7659,120,1
4,b6,3,0|2|8,50.0630,120,1
4,b6,3,0|2|9,54.0004,120,1
4,b6,3,0|3|4,50.2589,120,1
4,b6,3,0|3|5,58.4665,120,1
4,b6,3,0|3|6,50.9934,120,1
4,b6,3,0|3|7,60.4823,120,1
4,b6,3,0|3|8,55.5128,120,1
4,b6,3,0|3|9,61.3912,120,1
4,b6,3,0|4|5,49.9596,120,1
4,b6,3,0|4|6,45.1166,120,1
4,b6,3,0|4|7,53.2910,120,1
4,b6,3,0|4|8,51.0037,120,1
4,b6,3,0|4|9,54.7994,120,1
4,b6,3,0|5|6,44.4365,120,1
4,b6,3,0|5|7,56.4463,120,1
4,b6,3,0|5|8,53.2716,120,1
4,b6,3,0|5|9,55.9894,120,1
4,b6,3,0|6|7,50.4884,120,1
4,b6,3,0|6|8,47.1715,120,1
4,b6,3,0|6|9,49.9253,120,1
4,b6,3,0|7|8,47.7864,120,1
4,b6,3,0|7|9,57.3884,120,1
4,b6,3,0|8|9,52.9835,120,1
4,b6,3,1|2|3,16.6546,120,1
4,b6,3,1|2|4,15.2609,120,1
4,b6,3,1|2|5,20.6785,120,1
4,b6,3,1|2|6,20.7836,120,1
4,b6,3,1|2|7,22.6960,120,1
4,b6,3,1|2|8,22.5849,120,1
4,b6,3,1|2|9,23.8139,120,1
4,b6,3,1|3|4,16.3346,120,1
4,b6,3,1|3|5,21.8959,120,1
4,b6,3,1|3|6,22.0658,120,1
4,b6,3,1|3|7,24.0667,120,1
4,b6,3,1|3|8,23.5618,120,1
4,b6,3,1|3|9,25.0854,120,1
4,b6,3,1|4|5,15.0730,120,1
4,b6,3,1|4|6,15.5507,120,1
4,b6,3,1|4|7,17.0660,120,1
4,b6,3,1|4|8,16.9497,120,1
4,b6,3,1|4|9,16.4850,120,1
4,b6,3,1|5|6,17.2678,120,1
4,b6,3,1|5|7,20.9423,120,1
4,b6,3,1|5|8,21.4190,120,1
4,b6,3,1|5|9,20.9400,120,1
4,b6,3,1|6|7,21.6325,120,1
4,b6,3,1|6|8,20.9166,120,1
4,b6,3,1|6|9,20.2872,120,1
4,b6,3,1|7|8,22.5822,120,1
4,b6,3,1|7|9,23.4472,120,1
4,b6,3,1|8|9,23.0005,120,1
4,b6,3,2|3|4,21.9658,120,1
4,b6,3,2|3|5,28.6697,120,1
4,b6,3,2|3|6,24.6933,120,1
4,b6,3,2|3|7,30.0259,120,1
4,b6,3,2|3|8,27.4479,120,1
4,b6,3,2|3|9,30.2723,120,1
4,b6,3,2|4|5,44.3775,120,1
4,b6,3,2|4|6,41.4570,120,1
4,b6,3,2|4|7,48.2588,120,1
4,b6,3,2|4|8,45.7770,120,1
4,b6,3,2|4|9,48.9376,120,1
4,b6,3,2|5|6,42.7083,120,1
4,b6,3,2|5|7,54.3716,120,1
4,b6,3,2|5|8,51.8455,120,1
4,b6,3,2|5|9,55.3188,120,1
4,b6,3,2|6|7,48.2909,120,1
4,b6,3,2|6|8,45.0319,120,1
4,b6,3,2|6|9,46.2805,120,1
4,b6,3,2|7|8,44.9637,120,1
4,b6,3,2|7|9,54.9812,120,1
4,b6,3,2|8|9,51.0300,120,1
4,b6,3,3|4|5,46.7658,120,1
4,b6,3,3|4|6,44.9193,120,1
4,b6,3,3|4|7,51.1661,120,1
4,b6,3,3|4|8,48.4722,120,1
4,b6,3,3|4|9,51.6347,120,1
4,b6,3,3|5|6,47.7849,120,1
4,b6,3,3|5|7,58.3310,120,1
4,b6,3,3|5|8,54.3555,120,1
4,b6,3,3|5|9,59.4243,120,1
4,b6,3,3|6|7,53.2281,120,1
4,b6,3,3|6|8,49.8242,120,1
4,b6,3,3|6|9,54.2657,120,1
4,b6,3,3|7|8,48.0537,120,1
4,b6,3,3|7|9,60.3482,120,1
4,b6,3,3|8|9,55.8549,120,1
4,b6,3,4|5|6,42.8975,120,1
4,b6,3,4|5|7,50.3387,120,1
4,b6,3,4|5|8,49.8415,120,1
4,b6,3,4|5|9,52.5614,120,1
4,b6,3,4|6|7,48.2863,120,1
4,b6,3,4|6|8,46.4096,120,1
4,b6,3,4|6|9,48.2853,120,1
4,b6,3,4|7|8,46.9686,120,1
4,b6,3,4|7|9,54.3476,120,1
4,b6,3,4|8|9,51.7961,120,1
4,b6,3,5|6|7,46.4137,120,1
4,b6,3,5|6|8,46.1744,120,1
4,b6,3,5|6|9,47.4327,120,1
4,b6,3,5|7|8,44.9868,120,1
4,b6,3,5|7|9,54.7518,120,1
4,b6,3,5|8|9,52.5048,120,1
4,b6,3,6|7|8,44.3144,120,1
4,b6,3,6|7|9,51.4413,120,1
4,b6,3,6|8|9,49.0325,120,1
4,b6,3,7|8|9,45.0180,120,1
4,b6,4,0|1|2|3,11.6137,210,1
4,b6,4,0|1|2|4,15.7671,210,1
4,b6,4,0|1|2|5,20.3370,210,1
4,b6,4,0|1|2|6,17.7594,210,1
4,b6,4,0|1|2|7,22.4471,210,1
4,b6,4,0|1|2|8,21.9219,210,1
4,b6,4,0|1|2|9,22.9361,210,1
4,b6,4,0|1|3|4,16.1326,210,1
4,b6,4,0|1|3|5,18.8174,210,1
4,b6,4,0|1|3|6,18.8633,210,1
4,b6,4,0|1|3|7,21.8025,210,1
4,b6,4,0|1|3|8,21.4213,210,1
4,b6,4,0|1|3|9,22.2099,210,1
4,b6,4,0|1|4|5,15.0457,210,1
4,b6,4,0|1|4|6,14.6567,210,1
4,b6,4,0|1|4|7,17.7385,210,1
4,b6,4,0|1|4|8,18.6058,210,1
4,b6,4,0|1|4|9,18.2138,210,1
4,b6,4,0|1|5|6,15.0086,210,1
4,b6,4,0|1|5|7,19.0787,210,1
4,b6,4,0|1|5|8,19.5556,210,1
4,b6,4,0|1|5|9,19.3548,210,1
4,b6,4,0|1|6|7,18.7244,210,1
4,b6,4,0|1|6|8,18.3592,210,1
4,b6,4,0|1|6|9,18.8389,210,1
4,b6,4,0|1|7|8,22.8675,210,1
4,b6,4,0|1|7|9,22.9200,210,1
4,b6,4,0|1|8|9,22.2216,210,1
4,b6,4,0|2|3|4,19.2339,210,1
4,b6,4,0|2|3|5,25.7565,210,1
4,b6,4,0|2|3|6,22.0845,210,1
4,b6,4,0|2|3|7,28.7621,210,1
4,b6,4,0|2|3|8,26.0562,210,1
4,b6,4,0|2|3|9,27.0588,210,1
4,b6,4,0|2|4|5,44.0110,210,1
4,b6,4,0|2|4|6,38.4352,210,1
4,b6,4,0|2|4|7,46.7929,210,1
4,b6,4,0|2|4|8,45.2487,210,1
4,b6,4,0|2|4|9,48.0872,210,1
4,b6,4,0|2|5|6,37.5460,210,1
4,b6,4,0|2|5|7,52.3224,210,1
4,b6,4,0|2|5|8,47.9481,210,1
4,b6,4,0|2|5|9,51.2651,210,1
4,b6,4,0|2|6|7,44.7318,210,1
4,b6,4,0|2|6|8,40.7445,210,1
4,b6,4,0|2|6|9,42.0815,210,1
4,b6,4,0|2|7|8,43.2986,210,1
4,b6,4,0|2|7|9,51.9985,210,1
4,b6,4,0|2|8|9,47.3151,210,1
4,b6,4,0|3|4|5,45.6334,210,1
4,b6,4,0|3|4|6,39.9416,210,1
4,b6,4,0|3|4|7,50.2933,210,1
4,b6,4,0|3|4|8,48.2722,210,1
4,b6,4,0|3|4|9,50.8683,210,1
4,b6,4,0|3|5|6,44.0541,210,1
4,b6,4,0|3|5|7,55.4309,210,1
4,b6,4,0|3|5|8,52.7606,210,1
4,b6,4,0|3|5|9,56.9853,210,1
4,b6,4,0|3|6|7,50.7224,210,1
4,b6,4,0|3|6|8,46.9807,210,1
4,b6,4,0|3|6|9,51.2667,210,1
4,b6,4,0|3|7|8,47.6556,210,1
4,b6,4,0|3|7|9,57.4961,210,1
4,b6,4,0|3|8|9,53.7172,210,1
4,b6,4,0|4|5|6,39.0743,210,1
4,b6,4,0|4|5|7,47.5451,210,1
4,b6,4,0|4|5|8,47.1994,210,1
4,b6,4,0|4|5|9,48.4993,210,1
4,b6,4,0|4|6|7,44.2369,210,1
4,b6,4,0|4|6|8,42.1487,210,1
4,b6,4,0|4|6|9,45.3393,210,1
4,b6,4,0|4|7|8,41.9874,210,1
4,b6,4,0|4|7|9,50.1806,210,1
4,b6,4,0|4|8|9,48.4820,210,1
4,b6,4,0|5|6|7,41.7600,210,1
4,b6,4,0|5|6|8,39.6150,210,1
4,b6,4,0|5|6|9,41.6431,210,1
4,b6,4,0|5|7|8,40.3130,210,1
4,b6,4,0|5|7|9,48.5507,210,1
4,b6,4,0|5|8|9,46.7810,210,1
4,b6,4,0|6|7|8,39.6714,210,1
4,b6,4,0|6|7|9,45.5601,210,1
4,b6,4,0|6|8|9,42.2742,210,1
4,b6,4,0|7|8|9,39.1904,210,1
4,b6,4,1|2|3|4,15.3568,210,1
4,b6,4,1|2|3|5,13.8584,210,1
4,b6,4,1|2|3|6,15.0807,210,1
4,b6,4,1|2|3|7,16.6446,210,1
4,b6,4,1|2|3|8,16.4327,210,1
4,b6,4,1|2|3|9,16.7140,210,1
4,b6,4,1|2|4|5,14.2614,210,1
4,b6,4,1|2|4|6,13.5985,210,1
4,b6,4,1|2|4|7,15.1425,210,1
4,b6,4,1|2|4|8,15.8270,210,1
4,b6,4,1|2|4|9,14.4553,210,1
4,b6,4,1|2|5|6,17.7043,210,1
4,b6,4,1|2|5|7,20.4720,210,1
4,b6,4,1|2|5|8,20.7255,210,1
4,b6,4,1|2|5|9,22.2240,210,1
4,b6,4,1|2|6|7,21.0333,210,1
4,b6,4,1|2|6|8,20.9108,210,1
4,b6,4,1|2|6|9,21.2770,210,1
4,b6,4,1|2|7|8,22.1133,210,1
4,b6,4,1|2|7|9,23.7393,210,1
4,b6,4,1|2|8|9,24.2845,210,1
4,b6,4,1|3|4|5,14.3616,210,1
4,b6,4,1|3|4|6,15.1756,210,1
4,b6,4,1|3|4|7,16.8732,210,1
4,b6,4,1|3|4|8,16.4298,210,1
4,b6,4,1|3|4|9,16.7610,210,1
4,b6,4,1|3|5|6,17.4845,210,1
4,b6,4,1|3|5|7,21.1031,210,1
4,b6,4,1|3|5|8,20.8031,210,1
4,b6,4,1|3|5|9,20.6053,210,1
4,b6,4,1|3|6|7,21.5251,210,1
4,b6,4,1|3|6|8,20.9425,210,1
4,b6,4,1|3|6|9,20.7785,210,1
4,b6,4,1|3|7|8,21.3778,210,1
4,b6,4,1|3|7|9,24.2210,210,1
4,b6,4,1|3|8|9,22.8819,210,1
4,b6,4,1|4|5|6,13.6204,210,1
4,b6,4,1|4|5|7,15.3613,210,1
4,b6,4,1|4|5|8,15.5768,210,1
4,b6,4,1|4|5|9,15.6193,210,1
4,b6,4,1|4|6|7,15.7914,210,1
4,b6,4,1|4|6|8,16.0425,210,1
4,b6,4,1|4|6|9,15.0239,210,1
4,b6,4,1|4|7|8,16.4367,210,1
4,b6,4,1|4|7|9,16.5052,210,1
4,b6,4,1|4|8|9,17.5396,210,1
4,b6,4,1|5|6|7,16.9272,210,1
4,b6,4,1|5|6|8,16.7885,210,1
4,b6,4,1|5|6|9,16.4759,210,1
4,b6,4,1|5|7|8,19.9282,210,1
4,b6,4,1|5|7|9,19.9824,210,1
4,b6,4,1|5|8|9,20.6310,210,1
4,b6,4,1|6|7|8,19.9280,210,1
4,b6,4,1|6|7|9,20.0387,210,1
4,b6,4,1|6|8|9,19.7690,210,1
4,b6,4,1|7|8|9,20.8931,210,1
4,b6,4,2|3|4|5,18.8036,210,1
4,b6,4,2|3|4|6,17.4023,210,1
4,b6,4,2|3|4|7,22.4293,210,1
4,b6,4,2|3|4|8,19.9272,210,1
4,b6,4,2|3|4|9,20.1725,210,1
4,b6,4,2|3|5|6,23.0482,210,1
4,b6,4,2|3|5|7,29.7675,210,1
4,b6,4,2|3|5|8,28.4910,210,1
4,b6,4,2|3|5|9,29.3824,210,1
4,b6,4,2|3|6|7,25.0488,210,1
4,b6,4,2|3|6|8,23.0697,210,1
4,b6,4,2|3|6|9,24.5394,210,1
4,b6,4,2|3|7|8,24.8577,210,1
4,b6,4,2|3|7|9,30.9457,210,1
4,b6,4,2|3|8|9,28.1759,210,1
4,b6,4,2|4|5|6,37.1157,210,1
4,b6,4,2|4|5|7,44.1983,210,1
4,b6,4,2|4|5|8,43.8930,210,1
4,b6,4,2|4|5|9,45.6841,210,1
4,b6,4,2|4|6|7,41.4006,210,1
4,b6,4,2|4|6|8,40.7351,210,1
4,b6,4,2|4|6|9,42.1090,210,1
4,b6,4,2|4|7|8,42.0963,210,1
4,b6,4,2|4|7|9,47.9706,210,1
4,b6,4,2|4|8|9,45.1540,210,1
4,b6,4,2|5|6|7,41.2967,210,1
4,b6,4,2|5|6|8,41.1173,210,1
4,b6,4,2|5|6|9,41.9244,210,1
4,b6,4,2|5|7|8,43.6618,210,1
4,b6,4,2|5|7|9,52.0248,210,1
4,b6,4,2|5|8|9,48.2091,210,1
4,b6,4,2|6|7|8,40.0670,210,1
4,b6,4,2|6|7|9,45.7246,210,1
4,b6,4,2|6|8|9,43.0668,210,1
4,b6,4,2|7|8|9,41.8835,210,1
4,b6,4,3|4|5|6,38.6882,210,1
4,b6,4,3|4|5|7,46.9936,210,1
4,b6,4,3|4|5|8,45.7715,210,1
4,b6,4,3|4|5|9,47.6762,210,1
4,b6,4,3|4|6|7,45.0134,210,1
4,b6,4,3|4|6|8,42.7148,210,1
4,b6,4,3|4|6|9,46.4822,210,1
4,b6,4,3|4|7|8,42.8679,210,1
4,b6,4,3|4|7|9,50.9707,210,1
4,b6,4,3|4|8|9,47.8018,210,1
4,b6,4,3|5|6|7,44.0307,210,1
4,b6,4,3|5|6|8,43.8423,210,1
4,b6,4,3|5|6|9,46.3438,210,1
4,b6,4,3|5|7|8,42.8777,210,1
4,b6,4,3|5|7|9,54.1008,210,1
4,b6,4,3|5|8|9,51.4142,210,1
4,b6,4,3|6|7|8,42.4075,210,1
4,b6,4,3|6|7|9,51.4051,210,1
4,b6,4,3|6|8|9,48.4190,210,1
4,b6,4,3|7|8|9,44.5621,210,1
4,b6,4,4|5|6|7,39.6593,210,1
4,b6,4,4|5|6|8,40.3222,210,1
4,b6,4,4|5|6|9,41.9356,210,1
4,b6,4,4|5|7|8,42.2505,210,1
4,b6,4,4|5|7|9,46.1034,210,1
4,b6,4,4|5|8|9,46.7330,210,1
4,b6,4,4|6|7|8,41.2830,210,1
4,b6,4,4|6|7|9,45.2086,210,1
4,b6,4,4|6|8|9,45.0579,210,1
4,b6,4,4|7|8|9,41.9601,210,1
4,b6,4,5|6|7|8,37.7778,210,1
4,b6,4,5|6|7|9,41.8863,210,1
4,b6,4,5|6|8|9,42.3590,210,1
4,b6,4,5|7|8|9,39.2106,210,1
4,b6,4,6|7|8|9,38.6715,210,1
4,b6,5,0|1|2|3|4,11.9269,252,1
4,b6,5,0|1|2|3|5,9.1377,252,1
4,b6,5,0|1|2|3|6,9.5815,252,1
4,b6,5,0|1|2|3|7,12.1020,252,1
4,b6,5,0|1|2|3|8,11.5197,252,1
4,b6,5,0|1|2|3|9,11.9297,252,1
4,b6,5,0|1|2|4|5,14.1070,252,1
4,b6,5,0|1|2|4|6,13.1803,252,1
4,b6,5,0|1|2|4|7,15.2545,252,1
4,b6,5,0|1|2|4|8,15.9144,252,1
4,b6,5,0|1|2|4|9,15.4389,252,1
4,b6,5,0|1|2|5|6,14.3316,252,1
4,b6,5,0|1|2|5|7,20.0294,252,1
4,b6,5,0|1|2|5|8,19.3858,252,1
4,b6,5,0|1|2|5|9,21.0068,252,1
4,b6,5,0|1|2|6|7,17.4605,252,1
4,b6,5,0|1|2|6|8,17.1516,252,1
4,b6,5,0|1|2|6|9,18.5821,252,1
4,b6,5,0|1|2|7|8,20.7000,252,1
4,b6,5,0|1|2|7|9,22.3080,252,1
4,b6,5,0|1|2|8|9,22.2631,252,1
4,b6,5,0|1|3|4|5,14.3125,252,1
4,b6,5,0|1|3|4|6,14.6496,252,1
4,b6,5,0|1|3|4|7,15.9265,252,1
4,b6,5,0|1|3|4|8,16.9823,252,1
4,b6,5,0|1|3|4|9,15.6467,252,1
4,b6,5,0|1|3|5|6,15.1863,252,1
4,b6,5,0|1|3|5|7,18.0029,252,1
4,b6,5,0|1|3|5|8,18.5011,252,1
4,b6,5,0|1|3|5|9,18.3366,252,1
4,b6,5,0|1|3|6|7,18.7550,252,1
4,b6,5,0|1|3|6|8,18.5904,252,1
4,b6,5,0|1|3|6|9,18.2043,252,1
4,b6,5,0|1|3|7|8,20.0704,252,1
4,b6,5,0|1|3|7|9,21.3718,252,1
4,b6,5,0|1|3|8|9,20.6170,252,1
4,b6,5,0|1|4|5|6,13.0859,252,1
4,b6,5,0|1|4|5|7,15.6573,252,1
4,b6,5,0|1|4|5|8,16.2597,252,1
4,b6,5,0|1|4|5|9,16.5436,252,1
4,b6,5,0|1|4|6|7,14.8665,252,1
4,b6,5,0|1|4|6|8,15.2217,252,1
4,b6,5,0|1|4|6|9,14.7003,252,1
4,b6,5,0|1|4|7|8,19.2288,252,1
4,b6,5,0|1|4|7|9,17.7366,252,1
4,b6,5,0|1|4|8|9,19.8016,252,1
4,b6,5,0|1|5|6|7,14.2274,252,1
4,b6,5,0|1|5|6|8,13.9504,252,1
4,b6,5,0|1|5|6|9,13.8991,252,1
4,b6,5,0|1|5|7|8,18.7768,252,1
4,b6,5,0|1|5|7|9,17.8224,252,1
4,b6,5,0|1|5|8|9,18.4002,252,1
4,b6,5,0|1|6|7|8,18.2540,252,1
4,b6,5,0|1|6|7|9,18.6286,252,1
4,b6,5,0|1|6|8|9,18.6424,252,1
4,b6,5,0|1|7|8|9,17.5507,252,1
4,b6,5,0|2|3|4|5,18.4242,252,1
4,b6,5,0|2|3|4|6,14.0249,252,1
4,b6,5,0|2|3|4|7,19.9327,252,1
4,b6,5,0|2|3|4|8,17.1707,252,1
4,b6,5,0|2|3|4|9,18.4488,252,1
4,b6,5,0|2|3|5|6,19.4239,252,1
4,b6,5,0|2|3|5|7,25.5131,252,1
4,b6,5,0|2|3|5|8,24.8679,252,1
4,b6,5,0|2|3|5|9,25.1669,252,1
4,b6,5,0|2|3|6|7,22.4820,252,1
4,b6,5,0|2|3|6|8,18.9947,252,1
4,b6,5,0|2|3|6|9,21.4455,252,1
4,b6,5,0|2|3|7|8,23.5263,252,1
4,b6,5,0|2|3|7|9,26.9395,252,1
4,b6,5,0|2|3|8|9,24.5549,252,1
4,b6,5,0|2|4|5|6,34.4571,252,1
4,b6,5,0|2|4|5|7,41.5186,252,1
4,b6,5,0|2|4|5|8,42.4643,252,1
4,b6,5,0|2|4|5|9,43.8573,252,1
4,b6,5,0|2|4|6|7,38.6390,252,1
4,b6,5,0|2|4|6|8,36.7701,252,1
4,b6,5,0|2|4|6|9,38.8448,252,1
4,b6,5,0|2|4|7|8,40.4576,252,1
4,b6,5,0|2|4|7|9,45.0865,252,1
4,b6,5,0|2|4|8|9,43.3249,252,1
4,b6,5,0|2|5|6|7,37.0944,252,1
4,b6,5,0|2|5|6|8,35.7610,252,1
4,b6,5,0|2|5|6|9,36.1073,252,1
4,b6,5,0|2|5|7|8,39.9419,252,1
4,b6,5,0|2|5|7|9,46.5792,252,1
4,b6,5,0|2|5|8|9,43.4979,252,1
4,b6,5,0|2|6|7|8,36.0428,252,1
4,b6,5,0|2|6|7|9,41.0387,252,1
4,b6,5,0|2|6|8|9,37.2214,252,1
4,b6,5,0|2|7|8|9,38.5632,252,1
4,b6,5,0|3|4|5|6,33.7369,252,1
4,b6,5,0|3|4|5|7,43.4417,252,1
4,b6,5,0|3|4|5|8,43.9478,252,1
4,b6,5,0|3|4|5|9,44.2786,252,1
4,b6,5,0|3|4|6|7,40.2522,252,1
4,b6,5,0|3|4|6|8,38.2166,252,1
4,b6,5,0|3|4|6|9,41.5737,252,1
4,b6,5,0|3|4|7|8,42.9156,252,1
4,b6,5,0|3|4|7|9,48.7304,252,1
4,b6,5,0|3|4|8|9,47.8286,252,1
4,b6,5,0|3|5|6|7,39.0586,252,1
4,b6,5,0|3|5|6|8,39.4978,252,1
4,b6,5,0|3|5|6|9,41.6048,252,1
4,b6,5,0|3|5|7|8,42.2281,252,1
4,b6,5,0|3|5|7|9,50.1941,252,1
4,b6,5,0|3|5|8|9,48.7954,252,1
4,b6,5,0|3|6|7|8,40.5796,252,1
4,b6,5,0|3|6|7|9,47.2430,252,1
4,b6,5,0|3|6|8|9,43.0781,252,1
4,b6,5,0|3|7|8|9,41.8358,252,1
4,b6,5,0|4|5|6|7,35.3026,252,1
4,b6,5,0|4|5|6|8,36.2626,252,1
4,b6,5,0|4|5|6|9,37.4935,252,1
4,b6,5,0|4|5|7|8,37.3639,252,1
4,b6,5,0|4|5|7|9,42.5343,252,1
4,b6,5,0|4|5|8|9,42.6804,252,1
4,b6,5,0|4|6|7|8,37.1338,252,1
4,b6,5,0|4|6|7|9,40.6856,252,1
4,b6,5,0|4|6|8|9,40.0447,252,1
4,b6,5,0|4|7|8|9,35.7877,252,1
4,b6,5,0|5|6|7|8,33.9271,252,1
4,b6,5,0|5|6|7|9,36.7619,252,1
4,b6,5,0|5|6|8|9,35.2601,252,1
4,b6,5,0|5|7|8|9,34.9402,252,1
4,b6,5,0|6|7|8|9,30.4587,252,1
4,b6,5,1|2|3|4|5,10.7257,252,1
4,b6,5,1|2|3|4|6,15.3837,252,1
4,b6,5,1|2|3|4|7,16.3683,252,1
4,b6,5,1|2|3|4|8,14.9540,252,1
4,b6,5,1|2|3|4|9,14.6396,252,1
4,b6,5,1|2|3|5|6,11.4845,252,1
4,b6,5,1|2|3|5|7,14.5792,252,1
4,b6,5,1|2|3|5|8,13.7306,252,1
4,b6,5,1|2|3|5|9,13.3754,252,1
4,b6,5,1|2|3|6|7,15.9719,252,1
4,b6,5,1|2|3|6|8,15.3116,252,1
4,b6,5,1|2|3|6|9,14.7534,252,1
4,b6,5,1|2|3|7|8,15.1000,252,1
4,b6,5,1|2|3|7|9,16.4944,252,1
4,b6,5,1|2|3|8|9,16.2507,252,1
4,b6,5,1|2|4|5|6,10.8430,252,1
4,b6,5,1|2|4|5|7,14.5675,252,1
4,b6,5,1|2|4|5|8,14.3465,252,1
4,b6,5,1|2|4|5|9,13.3921,252,1
4,b6,5,1|2|4|6|7,14.0359,252,1
4,b6,5,1|2|4|6|8,14.5888,252,1
4,b6,5,1|2|4|6|9,13.1230,252,1
4,b6,5,1|2|4|7|8,14.4144,252,1
4,b6,5,1|2|4|7|9,13.2391,252,1
4,b6,5,1|2|4|8|9,14.9011,252,1
4,b6,5,1|2|5|6|7,17.4467,252,1
4,b6,5,1|2|5|6|8,17.5112,252,1
4,b6,5,1|2|5|6|9,17.5942,252,1
4,b6,5,1|2|5|7|8,19.9246,252,1
4,b6,5,1|2|5|7|9,21.5840,252,1
4,b6,5,1|2|5|8|9,21.2171,252,1
4,b6,5,1|2|6|7|8,20.9603,252,1
4,b6,5,1|2|6|7|9,20.9750,252,1
4,b6,5,1|2|6|8|9,20.7348,252,1
4,b6,5,1|2|7|8|9,20.5491,252,1
4,b6,5,1|3|4|5|6,12.5149,252,1
4,b6,5,1|3|4|5|7,14.6485,252,1
4,b6,5,1|3|4|5|8,14.3131,252,1
4,b6,5,1|3|4|5|9,13.9258,252,1
4,b6,5,1|3|4|6|7,15.7694,252,1
4,b6,5,1|3|4|6|8,16.1531,252,1
4,b6,5,1|3|4|6|9,14.8410,252,1
4,b6,5,1|3|4|7|8,15.5499,252,1
4,b6,5,1|3|4|7|9,15.9466,252,1
4,b6,5,1|3|4|8|9,15.9882,252,1
4,b6,5,1|3|5|6|7,16.9010,252,1
4,b6,5,1|3|5|6|8,16.7975,252,1
4,b6,5,1|3|5|6|9,16.7516,252,1
4,b6,5,1|3|5|7|8,18.9213,252,1
4,b6,5,1|3|5|7|9,19.7038,252,1
4,b6,5,1|3|5|8|9,19.3587,252,1
4,b6,5,1|3|6|7|8,19.5872,252,1
4,b6,5,1|3|6|7|9,20.2812,252,1
4,b6,5,1|3|6|8|9,19.9648,252,1
4,b6,5,1|3|7|8|9,20.6024,252,1
4,b6,5,1|4|5|6|7,13.9165,252,1
4,b6,5,1|4|5|6|8,14.3156,252,1
4,b6,5,1|4|5|6|9,14.1958,252,1
4,b6,5,1|4|5|7|8,16.1185,252,1
4,b6,5,1|4|5|7|9,14.8210,252,1
4,b6,5,1|4|5|8|9,16.0573,252,1
4,b6,5,1|4|6|7|8,16.5384,252,1
4,b6,5,1|4|6|7|9,14.9002,252,1
4,b6,5,1|4|6|8|9,16.8446,252,1
4,b6,5,1|4|7|8|9,16.7632,252,1
4,b6,5,1|5|6|7|8,16.0589,252,1
4,b6,5,1|5|6|7|9,14.1478,252,1
4,b6,5,1|5|6|8|9,14.4224,252,1
4,b6,5,1|5|7|8|9,17.2446,252,1
4,b6,5,1|6|7|8|9,17.5413,252,1
4,b6,5,2|3|4|5|6,13.1510,252,1
4,b6,5,2|3|4|5|7,19.0033,252,1
4,b6,5,2|3|4|5|8,19.2138,252,1
4,b6,5,2|3|4|5|9,16.9326,252,1
4,b6,5,2|3|4|6|7,17.7225,252,1
4,b6,5,2|3|4|6|8,16.1927,252,1
4,b6,5,2|3|4|6|9,16.5916,252,1
4,b6,5,2|3|4|7|8,18.7235,252,1
4,b6,5,2|3|4|7|9,19.7883,252,1
4,b6,5,2|3|4|8|9,17.9950,252,1
4,b6,5,2|3|5|6|7,22.0435,252,1
4,b6,5,2|3|5|6|8,21.4022,252,1
4,b6,5,2|3|5|6|9,21.8932,252,1
4,b6,5,2|3|5|7|8,23.9865,252,1
4,b6,5,2|3|5|7|9,29.1050,252,1
4,b6,5,2|3|5|8|9,27.1373,252,1
4,b6,5,2|3|6|7|8,20.0181,252,1
4,b6,5,2|3|6|7|9,24.3539,252,1
4,b6,5,2|3|6|8|9,21.9983,252,1
4,b6,5,2|3|7|8|9,23.7732,252,1
4,b6,5,2|4|5|6|7,35.7795,252,1
4,b6,5,2|4|5|6|8,35.4590,252,1
4,b6,5,2|4|5|6|9,37.0674,252,1
4,b6,5,2|4|5|7|8,38.3478,252,1
4,b6,5,2|4|5|7|9,42.7146,252,1
4,b6,5,2|4|5|8|9,42.1801,252,1
4,b6,5,2|4|6|7|8,35.9784,252,1
4,b6,5,2|4|6|7|9,40.1812,252,1
4,b6,5,2|4|6|8|9,38.9415,252,1
4,b6,5,2|4|7|8|9,39.1271,252,1
4,b6,5,2|5|6|7|8,35.3597,252,1
4,b6,5,2|5|6|7|9,38.8197,252,1
4,b6,5,2|5|6|8|9,38.6766,252,1
4,b6,5,2|5|7|8|9,38.7364,252,1
4,b6,5,2|6|7|8|9,35.6080,252,1
4,b6,5,3|4|5|6|7,35.9686,252,1
4,b6,5,3|4|5|6|8,37.5479,252,1
4,b6,5,3|4|5|6|9,39.4275,252,1
4,b6,5,3|4|5|7|8,37.7358,252,1
4,b6,5,3|4|5|7|9,43.7760,252,1
4,b6,5,3|4|5|8|9,43.1998,252,1
4,b6,5,3|4|6|7|8,38.3285,252,1
4,b6,5,3|4|6|7|9,43.8612,252,1
4,b6,5,3|4|6|8|9,42.3240,252,1
4,b6,5,3|4|7|8|9,38.0086,252,1
4,b6,5,3|5|6|7|8,36.7540,252,1
4,b6,5,3|5|6|7|9,40.5672,252,1
4,b6,5,3|5|6|8|9,41.6604,252,1
4,b6,5,3|5|7|8|9,38.5424,252,1
4,b6,5,3|6|7|8|9,38.4045,252,1
4,b6,5,4|5|6|7|8,34.6122,252,1
4,b6,5,4|5|6|7|9,36.6116,252,1
4,b6,5,4|5|6|8|9,37.0506,252,1
4,b6,5,4|5|7|8|9,35.8536,252,1
4,b6,5,4|6|7|8|9,35.0022,252,1
4,b6,5,5|6|7|8|9,31.7270,252,1
4,b6,6,0|1|2|3|4|5,5.7563,210,1
4,b6,6,0|1|2|3|4|6,9.9573,210,1
4,b6,6,0|1|2|3|4|7,12.3497,210,1
4,b6,6,0|1|2|3|4|8,11.7119,210,1
4,b6,6,0|1|2|3|4|9,11.6808,210,1
4,b6,6,0|1|2|3|5|6,5.6741,210,1
4,b6,6,0|1|2|3|5|7,10.0489,210,1
4,b6,6,0|1|2|3|5|8,9.2667,210,1
4,b6,6,0|1|2|3|5|9,8.4603,210,1
4,b6,6,0|1|2|3|6|7,10.5246,210,1
4,b6,6,0|1|2|3|6|8,9.9726,210,1
4,b6,6,0|1|2|3|6|9,9.4257,210,1
4,b6,6,0|1|2|3|7|8,9.8038,210,1
4,b6,6,0|1|2|3|7|9,11.9921,210,1
4,b6,6,0|1|2|3|8|9,11.6196,210,1
4,b6,6,0|1|2|4|5|6,10.6879,210,1
4,b6,6,0|1|2|4|5|7,14.0677,210,1
4,b6,6,0|1|2|4|5|8,14.8829,210,1
4,b6,6,0|1|2|4|5|9,12.7390,210,1
4,b6,6,0|1|2|4|6|7,13.5854,210,1
4,b6,6,0|1|2|4|6|8,14.5225,210,1
4,b6,6,0|1|2|4|6|9,13.4224,210,1
4,b6,6,0|1|2|4|7|8,15.0274,210,1
4,b6,6,0|1|2|4|7|9,11.7429,210,1
4,b6,6,0|1|2|4|8|9,14.0146,210,1
4,b6,6,0|1|2|5|6|7,13.6571,210,1
4,b6,6,0|1|2|5|6|8,13.6214,210,1
4,b6,6,0|1|2|5|6|9,14.1040,210,1
4,b6,6,0|1|2|5|7|8,18.8561,210,1
4,b6,6,0|1|2|5|7|9,20.0441,210,1
4,b6,6,0|1|2|5|8|9,19.0168,210,1
4,b6,6,0|1|2|6|7|8,15.4673,210,1
4,b6,6,0|1|2|6|7|9,17.7734,210,1
4,b6,6,0|1|2|6|8|9,16.9746,210,1
4,b6,6,0|1|2|7|8|9,17.6609,210,1
4,b6,6,0|1|3|4|5|6,12.6647,210,1
4,b6,6,0|1|3|4|5|7,14.2582,210,1
4,b6,6,0|1|3|4|5|8,14.6220,210,1
4,b6,6,0|1|3|4|5|9,14.7593,210,1
4,b6,6,0|1|3|4|6|7,14.5421,210,1
4,b6,6,0|1|3|4|6|8,15.6078,210,1
4,b6,6,0|1|3|4|6|9,14.4532,210,1
4,b6,6,0|1|3|4|7|8,16.0240,210,1
4,b6,6,0|1|3|4|7|9,15.6660,210,1
4,b6,6,0|1|3|4|8|9,16.6763,210,1
4,b6,6,0|1|3|5|6|7,13.9594,210,1
4,b6,6,0|1|3|5|6|8,14.3576,210,1
4,b6,6,0|1|3|5|6|9,14.2313,210,1
4,b6,6,0|1|3|5|7|8,15.8510,210,1
4,b6,6,0|1|3|5|7|9,15.8638,210,1
4,b6,6,0|1|3|5|8|9,17.1214,210,1
4,b6,6,0|1|3|6|7|8,17.2165,210,1
4,b6,6,0|1|3|6|7|9,17.7781,210,1
4,b6,6,0|1|3|6|8|9,17.1975,210,1
4,b6,6,0|1|3|7|8|9,17.4039,210,1
4,b6,6,0|1|4|5|6|7,13.0840,210,1
4,b6,6,0|1|4|5|6|8,13.5607,210,1
4,b6,6,0|1|4|5|6|9,13.2804,210,1
4,b6,6,0|1|4|5|7|8,17.4495,210,1
4,b6,6,0|1|4|5|7|9,13.2675,210,1
4,b6,6,0|1|4|5|8|9,15.7206,210,1
4,b6,6,0|1|4|6|7|8,15.6498,210,1
4,b6,6,0|1|4|6|7|9,16.1866,210,1
4,b6,6,0|1|4|6|8|9,17.9817,210,1
4,b6,6,0|1|4|7|8|9,12.1085,210,1
4,b6,6,0|1|5|6|7|8,12.9438,210,1
4,b6,6,0|1|5|6|7|9,11.9082,210,1
4,b6,6,0|1|5|6|8|9,11.0373,210,1
4,b6,6,0|1|5|7|8|9,11.0377,210,1
4,b6,6,0|1|6|7|8|9,12.5316,210,1
4,b6,6,0|2|3|4|5|6,10.5648,210,1
4,b6,6,0|2|3|4|5|7,18.7726,210,1
4,b6,6,0|2|3|4|5|8,18.2479,210,1
4,b6,6,0|2|3|4|5|9,16.1810,210,1
4,b6,6,0|2|3|4|6|7,13.6364,210,1
4,b6,6,0|2|3|4|6|8,12.5452,210,1
4,b6,6,0|2|3|4|6|9,12.4117,210,1
4,b6,6,0|2|3|4|7|8,16.8018,210,1
4,b6,6,0|2|3|4|7|9,18.8063,210,1
4,b6,6,0|2|3|4|8|9,16.3146,210,1
4,b6,6,0|2|3|5|6|7,18.4363,210,1
4,b6,6,0|2|3|5|6|8,17.7624,210,1
4,b6,6,0|2|3|5|6|9,18.0998,210,1
4,b6,6,0|2|3|5|7|8,20.7160,210,1
4,b6,6,0|2|3|5|7|9,23.8676,210,1
4,b6,6,0|2|3|5|8|9,22.6126,210,1
4,b6,6,0|2|3|6|7|8,17.7334,210,1
4,b6,6,0|2|3|6|7|9,20.9907,210,1
4,b6,6,0|2|3|6|8|9,18.0751,210,1
4,b6,6,0|2|3|7|8|9,21.6181,210,1
4,b6,6,0|2|4|5|6|7,33.7292,210,1
4,b6,6,0|2|4|5|6|8,33.0277,210,1
4,b6,6,0|2|4|5|6|9,34.0824,210,1
4,b6,6,0|2|4|5|7|8,36.6945,210,1
4,b6,6,0|2|4|5|7|9,38.5420,210,1
4,b6,6,0|2|4|5|8|9,39.5904,210,1
4,b6,6,0|2|4|6|7|8,33.4076,210,1
4,b6,6,0|2|4|6|7|9,37.5822,210,1
4,b6,6,0|2|4|6|8|9,35.8103,210,1
4,b6,6,0|2|4|7|8|9,36.1667,210,1
4,b6,6,0|2|5|6|7|8,31.2238,210,1
4,b6,6,0|2|5|6|7|9,33.7923,210,1
4,b6,6,0|2|5|6|8|9,32.2733,210,1
4,b6,6,0|2|5|7|8|9,34.1523,210,1
4,b6,6,0|2|6|7|8|9,27.3509,210,1
4,b6,6,0|3|4|5|6|7,30.1539,210,1
4,b6,6,0|3|4|5|6|8,31.5042,210,1
4,b6,6,0|3|4|5|6|9,33.9210,210,1
4,b6,6,0|3|4|5|7|8,37.1037,210,1
4,b6,6,0|3|4|5|7|9,39.0018,210,1
4,b6,6,0|3|4|5|8|9,40.3076,210,1
4,b6,6,0|3|4|6|7|8,34.1036,210,1
4,b6,6,0|3|4|6|7|9,40.8572,210,1
4,b6,6,0|3|4|6|8|9,37.8443,210,1
4,b6,6,0|3|4|7|8|9,36.8718,210,1
4,b6,6,0|3|5|6|7|8,32.5640,210,1
4,b6,6,0|3|5|6|7|9,36.1269,210,1
4,b6,6,0|3|5|6|8|9,35.6738,210,1
4,b6,6,0|3|5|7|8|9,35.7207,210,1
4,b6,6,0|3|6|7|8|9,32.7315,210,1
4,b6,6,0|4|5|6|7|8,31.3630,210,1
4,b6,6,0|4|5|6|7|9,31.0564,210,1
4,b6,6,0|4|5|6|8|9,33.7861,210,1
4,b6,6,0|4|5|7|8|9,31.8720,210,1
4,b6,6,0|4|6|7|8|9,30.5442,210,1
4,b6,6,0|5|6|7|8|9,19.5852,210,1
4,b6,6,1|2|3|4|5|6,8.5561,210,1
4,b6,6,1|2|3|4|5|7,11.9452,210,1
4,b6,6,1|2|3|4|5|8,11.3073,210,1
4,b6,6,1|2|3|4|5|9,10.5748,210,1
4,b6,6,1|2|3|4|6|7,16.4702,210,1
4,b6,6,1|2|3|4|6|8,14.9700,210,1
4,b6,6,1|2|3|4|6|9,14.9402,210,1
4,b6,6,1|2|3|4|7|8,14.4431,210,1
4,b6,6,1|2|3|4|7|9,15.7281,210,1
4,b6,6,1|2|3|4|8|9,13.4412,210,1
4,b6,6,1|2|3|5|6|7,11.5264,210,1
4,b6,6,1|2|3|5|6|8,11.7432,210,1
4,b6,6,1|2|3|5|6|9,10.4123,210,1
4,b6,6,1|2|3|5|7|8,13.0674,210,1
4,b6,6,1|2|3|5|7|9,13.7501,210,1
4,b6,6,1|2|3|5|8|9,12.9781,210,1
4,b6,6,1|2|3|6|7|8,14.6254,210,1
4,b6,6,1|2|3|6|7|9,14.9767,210,1
4,b6,6,1|2|3|6|8|9,14.8618,210,1
4,b6,6,1|2|3|7|8|9,13.5943,210,1
4,b6,6,1|2|4|5|6|7,10.4990,210,1
4,b6,6,1|2|4|5|6|8,11.4496,210,1
4,b6,6,1|2|4|5|6|9,11.5506,210,1
4,b6,6,1|2|4|5|7|8,13.7157,210,1
4,b6,6,1|2|4|5|7|9,12.3424,210,1
4,b6,6,1|2|4|5|8|9,12.7276,210,1
4,b6,6,1|2|4|6|7|8,14.5609,210,1
4,b6,6,1|2|4|6|7|9,13.3631,210,1
4,b6,6,1|2|4|6|8|9,13.6657,210,1
4,b6,6,1|2|4|7|8|9,12.0307,210,1
4,b6,6,1|2|5|6|7|8,17.9062,210,1
4,b6,6,1|2|5|6|7|9,15.9985,210,1
4,b6,6,1|2|5|6|8|9,16.7770,210,1
4,b6,6,1|2|5|7|8|9,18.9001,210,1
4,b6,6,1|2|6|7|8|9,17.9906,210,1
4,b6,6,1|3|4|5|6|7,12.0235,210,1
4,b6,6,1|3|4|5|6|8,12.3932,210,1
4,b6,6,1|3|4|5|6|9,12.6541,210,1
4,b6,6,1|3|4|5|7|8,14.3363,210,1
4,b6,6,1|3|4|5|7|9,14.1361,210,1
4,b6,6,1|3|4|5|8|9,12.6667,210,1
4,b6,6,1|3|4|6|7|8,15.8260,210,1
4,b6,6,1|3|4|6|7|9,14.7898,210,1
4,b6,6,1|3|4|6|8|9,15.6481,210,1
4,b6,6,1|3|4|7|8|9,13.9443,210,1
4,b6,6,1|3|5|6|7|8,15.0666,210,1
4,b6,6,1|3|5|6|7|9,14.2624,210,1
4,b6,6,1|3|5|6|8|9,15.2345,210,1
4,b6,6,1|3|5|7|8|9,16.6795,210,1
4,b6,6,1|3|6|7|8|9,17.1018,210,1
4,b6,6,1|4|5|6|7|8,13.6448,210,1
4,b6,6,1|4|5|6|7|9,12.9362,210,1
4,b6,6,1|4|5|6|8|9,13.9085,210,1
4,b6,6,1|4|5|7|8|9,13.3489,210,1
4,b6,6,1|4|6|7|8|9,16.0083,210,1
4,b6,6,1|5|6|7|8|9,9.8254,210,1
4,b6,6,2|3|4|5|6|7,11.8259,210,1
4,b6,6,2|3|4|5|6|8,11.5664,210,1
4,b6,6,2|3|4|5|6|9,11.1373,210,1
4,b6,6,2|3|4|5|7|8,16.1903,210,1
4,b6,6,2|3|4|5|7|9,16.9504,210,1
4,b6,6,2|3|4|5|8|9,16.3294,210,1
4,b6,6,2|3|4|6|7|8,12.5559,210,1
4,b6,6,2|3|4|6|7|9,16.5800,210,1
4,b6,6,2|3|4|6|8|9,13.8352,210,1
4,b6,6,2|3|4|7|8|9,16.3123,210,1
4,b6,6,2|3|5|6|7|8,18.5387,210,1
4,b6,6,2|3|5|6|7|9,20.3188,210,1
4,b6,6,2|3|5|6|8|9,19.5468,210,1
4,b6,6,2|3|5|7|8|9,22.1564,210,1
4,b6,6,2|3|6|7|8|9,18.6591,210,1
4,b6,6,2|4|5|6|7|8,30.4452,210,1
4,b6,6,2|4|5|6|7|9,33.9376,210,1
4,b6,6,2|4|5|6|8|9,32.7430,210,1
4,b6,6,2|4|5|7|8|9,33.7981,210,1
4,b6,6,2|4|6|7|8|9,32.1305,210,1
4,b6,6,2|5|6|7|8|9,29.8531,210,1
4,b6,6,3|4|5|6|7|8,30.6929,210,1
4,b6,6,3|4|5|6|7|9,34.4744,210,1
4,b6,6,3|4|5|6|8|9,34.8285,210,1
4,b6,6,3|4|5|7|8|9,32.2958,210,1
4,b6,6,3|4|6|7|8|9,32.6534,210,1
4,b6,6,3|5|6|7|8|9,32.7672,210,1
4,b6,6,4|5|6|7|8|9,29.2936,210,1
4,proposed,0,,66.8252,1,1
4,proposed,1,0,63.7680,10,1
4,proposed,1,1,59.3800,10,1
4,proposed,1,2,66.1276,10,1
4,proposed,1,3,66.2755,10,1
4,proposed,1,4,65.3845,10,1
4,proposed,1,5,67.1795,10,1
4,proposed,1,6,66.3329,10,1
4,proposed,1,7,66.0074,10,1
4,proposed,1,8,66.0114,10,1
4,proposed,1,9,66.8255,10,1
4,proposed,2,0|1,45.5027,45,1
4,proposed,2,0|2,61.7610,45,1
4,proposed,2,0|3,62.2115,45,1
4,proposed,2,0|4,63.0977,45,1
4,proposed,2,0|5,63.5747,45,1
4,proposed,2,0|6,63.1996,45,1
4,proposed,2,0|7,62.4166,45,1
4,proposed,2,0|8,62.5760,45,1
4,proposed,2,0|9,63.4896,45,1
4,proposed,2,1|2,56.3025,45,1
4,proposed,2,1|3,58.6780,45,1
4,proposed,2,1|4,58.0829,45,1
4,proposed,2,1|5,59.1991,45,1
4,proposed,2,1|6,57.8345,45,1
4,proposed,2,1|7,58.9930,45,1
4,proposed,2,1|8,58.7800,45,1
4,proposed,2,1|9,58.7925,45,1
4,proposed,2,2|3,58.7183,45,1
4,proposed,2,2|4,63.1572,45,1
4,proposed,2,2|5,66.3679,45,1
4,proposed,2,2|6,65.4214,45,1
4,proposed,2,2|7,64.9770,45,1
4,proposed,2,2|8,65.0691,45,1
4,proposed,2,2|9,65.7122,45,1
4,proposed,2,3|4,59.0088,45,1
4,proposed,2,3|5,65.8457,45,1
4,proposed,2,3|6,65.0410,45,1
4,proposed,2,3|7,65.0858,45,1
4,proposed,2,3|8,65.4267,45,1
4,proposed,2,3|9,66.0527,45,1
4,proposed,2,4|5,65.1548,45,1
4,proposed,2,4|6,63.9868,45,1
4,proposed,2,4|7,63.8517,45,1
4,proposed,2,4|8,63.2580,45,1
4,proposed,2,4|9,65.0405,45,1
4,proposed,2,5|6,65.3693,45,1
4,proposed,2,5|7,66.6374,45,1
4,proposed,2,5|8,65.8879,45,1
4,proposed,2,5|9,67.4217,45,1
4,proposed,2,6|7,63.6658,45,1
4,proposed,2,6|8,65.4450,45,1
4,proposed,2,6|9,66.1156,45,1
4,proposed,2,7|8,64.2585,45,1
4,proposed,2,7|9,65.8620,45,1
4,proposed,2,8|9,60.2214,45,1
4,proposed,3,0|1|2,41.4643,120,1
4,proposed,3,0|1|3,44.2058,120,1
4,proposed,3,0|1|4,43.8227,120,1
4,proposed,3,0|1|5,44.9034,120,1
4,proposed,3,0|1|6,43.9249,120,1
4,proposed,3,0|1|7,43.5899,120,1
4,proposed,3,0|1|8,44.0890,120,1
4,proposed,3,0|1|9,44.3027,120,1
4,proposed,3,0|2|3,50.5396,120,1
4,proposed,3,0|2|4,59.0039,120,1
4,proposed,3,0|2|5,61.4843,120,1
4,proposed,3,0|2|6,60.2749,120,1
4,proposed,3,0|2|7,60.3978,120,1
4,proposed,3,0|2|8,60.7454,120,1
4,proposed,3,0|2|9,61.9768,120,1
4,proposed,3,0|3|4,55.2564,120,1
4,proposed,3,0|3|5,60.8221,120,1
4,proposed,3,0|3|6,60.5375,120,1
4,proposed,3,0|3|7,60.4777,120,1
4,proposed,3,0|3|8,60.2647,120,1
4,proposed,3,0|3|9,62.1582,120,1
4,proposed,3,0|4|5,62.9105,120,1
4,proposed,3,0|4|6,60.3837,120,1
4,proposed,3,0|4|7,61.4313,120,1
4,proposed,3,0|4|8,60.2196,120,1
4,proposed,3,0|4|9,62.5087,120,1
4,proposed,3,0|5|6,58.7177,120,1
4,proposed,3,0|5|7,62.8117,120,1
4,proposed,3,0|5|8,60.0027,120,1
4,proposed,3,0|5|9,63.0689,120,1
4,proposed,3,0|6|7,59.2073,120,1
4,proposed,3,0|6|8,60.1293,120,1
4,proposed,3,0|6|9,62.5975,120,1
4,proposed,3,0|7|8,59.5449,120,1
4,proposed,3,0|7|9,61.8719,120,1
4,proposed,3,0|8|9,58.9867,120,1
4,proposed,3,1|2|3,45.1573,120,1
4,proposed,3,1|2|4,53.1059,120,1
4,proposed,3,1|2|5,57.6185,120,1
4,proposed,3,1|2|6,55.3708,120,1
4,proposed,3,1|2|7,55.6338,120,1
4,proposed,3,1|2|8,56.4158,120,1
4,proposed,3,1|2|9,56.1319,120,1
4,proposed,3,1|3|4,51.8308,120,1
4,proposed,3,1|3|5,57.9375,120,1
4,proposed,3,1|3|6,56.9552,120,1
4,proposed,3,1|3|7,59.2524,120,1
4,proposed,3,1|3|8,58.3973,120,1
4,proposed,3,1|3|9,58.6870,120,1
4,proposed,3,1|4|5,56.0162,120,1
4,proposed,3,1|4|6,56.1527,120,1
4,proposed,3,1|4|7,57.1157,120,1
4,proposed,3,1|4|8,56.7413,120,1
4,proposed,3,1|4|9,57.7360,120,1
4,proposed,3,1|5|6,54.6458,120,1
4,proposed,3,1|5|7,58.7122,120,1
4,proposed,3,1|5|8,58.1672,120,1
4,proposed,3,1|5|9,58.8561,120,1
4,proposed,3,1|6|7,57.9116,120,1
4,proposed,3,1|6|8,56.5230,120,1
4,proposed,3,1|6|9,57.0883,120,1
4,proposed,3,1|7|8,57.6902,120,1
4,proposed,3,1|7|9,59.3650,120,1
4,proposed,3,1|8|9,53.2179,120,1
4,proposed,3,2|3|4,50.7908,120,1
4,proposed,3,2|3|5,58.4884,120,1
4,proposed,3,2|3|6,57.7912,120,1
4,proposed,3,2|3|7,59.0086,120,1
4,proposed,3,2|3|8,59.0281,120,1
4,proposed,3,2|3|9,59.2228,120,1
4,proposed,3,2|4|5,63.7777,120,1
4,proposed,3,2|4|6,61.8529,120,1
4,proposed,3,2|4|7,61.7439,120,1
4,proposed,3,2|4|8,61.0485,120,1
4,proposed,3,2|4|9,63.5844,120,1
4,proposed,3,2|5|6,63.6972,120,1
4,proposed,3,2|5|7,65.9482,120,1
4,proposed,3,2|5|8,65.8783,120,1
4,proposed,3,2|5|9,66.4485,120,1
4,proposed,3,2|6|7,62.5193,120,1
4,proposed,3,2|6|8,64.8285,120,1
4,proposed,3,2|6|9,65.1079,120,1
4,proposed,3,2|7|8,63.5626,120,1
4,proposed,3,2|7|9,65.1017,120,1
4,proposed,3,2|8|9,60.9533,120,1
4,proposed,3,3|4|5,56.9849,120,1
4,proposed,3,3|4|6,58.1288,120,1
4,proposed,3,3|4|7,57.4522,120,1
4,proposed,3,3|4|8,57.6248,120,1
4,proposed,3,3|4|9,58.7399,120,1
4,proposed,3,3|5|6,63.2143,120,1
4,proposed,3,3|5|7,65.8420,120,1
4,proposed,3,3|5|8,64.3745,120,1
4,proposed,3,3|5|9,66.6475,120,1
4,proposed,3,3|6|7,61.9745,120,1
4,proposed,3,3|6|8,64.2016,120,1
4,proposed,3,3|6|9,64.8946,120,1
4,proposed,3,3|7|8,63.2180,120,1
4,proposed,3,3|7|9,64.9455,120,1
4,proposed,3,3|8|9,59.7721,120,1
4,proposed,3,4|5|6,57.0291,120,1
4,proposed,3,4|5|7,64.2955,120,1
4,proposed,3,4|5|8,63.7986,120,1
4,proposed,3,4|5|9,64.2336,120,1
4,proposed,3,4|6|7,60.4355,120,1
4,proposed,3,4|6|8,62.0020,120,1
4,proposed,3,4|6|9,62.2215,120,1
4,proposed,3,4|7|8,60.9382,120,1
4,proposed,3,4|7|9,63.0538,120,1
4,proposed,3,4|8|9,57.0196,120,1
4,proposed,3,5|6|7,55.3330,120,1
4,proposed,3,5|6|8,61.7655,120,1
4,proposed,3,5|6|9,63.4111,120,1
4,proposed,3,5|7|8,64.3261,120,1
4,proposed,3,5|7|9,66.4416,120,1
4,proposed,3,5|8|9,59.2696,120,1
4,proposed,3,6|7|8,57.2437,120,1
4,proposed,3,6|7|9,62.3466,120,1
4,proposed,3,6|8|9,60.9812,120,1
4,proposed,3,7|8|9,53.7891,120,1
4,proposed,4,0|1|2|3,35.9240,210,1
4,proposed,4,0|1|2|4,36.5810,210,1
4,proposed,4,0|1|2|5,39.8122,210,1
4,proposed,4,0|1|2|6,39.9453,210,1
4,proposed,4,0|1|2|7,39.6342,210,1
4,proposed,4,0|1|2|8,40.1313,210,1
4,proposed,4,0|1|2|9,40.0495,210,1
4,proposed,4,0|1|3|4,37.2445,210,1
4,proposed,4,0|1|3|5,43.8207,210,1
4,proposed,4,0|1|3|6,42.3420,210,1
4,proposed,4,0|1|3|7,43.0757,210,1
4,proposed,4,0|1|3|8,42.4010,210,1
4,proposed,4,0|1|3|9,43.9411,210,1
4,proposed,4,0|1|4|5,43.0906,210,1
4,proposed,4,0|1|4|6,39.6366,210,1
4,proposed,4,0|1|4|7,43.1451,210,1
4,proposed,4,0|1|4|8,41.6364,210,1
4,proposed,4,0|1|4|9,42.0763,210,1
4,proposed,4,0|1|5|6,39.0540,210,1
4,proposed,4,0|1|5|7,41.9302,210,1
4,proposed,4,0|1|5|8,42.0275,210,1
4,proposed,4,0|1|5|9,42.0775,210,1
4,proposed,4,0|1|6|7,41.9025,210,1
4,proposed,4,0|1|6|8,42.3844,210,1
4,proposed,4,0|1|6|9,41.4697,210,1
4,proposed,4,0|1|7|8,42.2621,210,1
4,proposed,4,0|1|7|9,41.8473,210,1
4,proposed,4,0|1|8|9,37.8158,210,1
4,proposed,4,0|2|3|4,42.4847,210,1
4,proposed,4,0|2|3|5,49.4000,210,1
4,proposed,4,0|2|3|6,50.4658,210,1
4,proposed,4,0|2|3|7,50.5573,210,1
4,proposed,4,0|2|3|8,49.6756,210,1
4,proposed,4,0|2|3|9,50.8807,210,1
4,proposed,4,0|2|4|5,59.6886,210,1
4,proposed,4,0|2|4|6,56.4125,210,1
4,proposed,4,0|2|4|7,57.8898,210,1
4,proposed,4,0|2|4|8,57.1523,210,1
4,proposed,4,0|2|4|9,59.0494,210,1
4,proposed,4,0|2|5|6,57.2586,210,1
4,proposed,4,0|2|5|7,61.1453,210,1
4,proposed,4,0|2|5|8,58.9034,210,1
4,proposed,4,0|2|5|9,61.9266,210,1
4,proposed,4,0|2|6|7,56.9322,210,1
4,proposed,4,0|2|6|8,59.0858,210,1
4,proposed,4,0|2|6|9,59.8605,210,1
4,proposed,4,0|2|7|8,57.6723,210,1
4,proposed,4,0|2|7|9,60.2067,210,1
4,proposed,4,0|2|8|9,57.5732,210,1
4,proposed,4,0|3|4|5,54.3788,210,1
4,proposed,4,0|3|4|6,54.1289,210,1
4,proposed,4,0|3|4|7,53.8288,210,1
4,proposed,4,0|3|4|8,53.7146,210,1
4,proposed,4,0|3|4|9,54.9679,210,1
4,proposed,4,0|3|5|6,56.8801,210,1
4,proposed,4,0|3|5|7,60.3725,210,1
4,proposed,4,0|3|5|8,58.1054,210,1
4,proposed,4,0|3|5|9,61.4329,210,1
4,proposed,4,0|3|6|7,56.2771,210,1
4,proposed,4,0|3|6|8,58.1814,210,1
4,proposed,4,0|3|6|9,60.4718,210,1
4,proposed,4,0|3|7|8,57.2931,210,1
4,proposed,4,0|3|7|9,60.5209,210,1
4,proposed,4,0|3|8|9,56.2120,210,1
4,proposed,4,0|4|5|6,49.1091,210,1
4,proposed,4,0|4|5|7,62.0568,210,1
4,proposed,4,0|4|5|8,58.8977,210,1
4,proposed,4,0|4|5|9,62.9859,210,1
4,proposed,4,0|4|6|7,56.6083,210,1
4,proposed,4,0|4|6|8,56.6074,210,1
4,proposed,4,0|4|6|9,58.6309,210,1
4,proposed,4,0|4|7|8,57.2278,210,1
4,proposed,4,0|4|7|9,60.5913,210,1
4,proposed,4,0|4|8|9,56.1815,210,1
4,proposed,4,0|5|6|7,51.9454,210,1
4,proposed,4,0|5|6|8,53.5320,210,1
4,proposed,4,0|5|6|9,56.4566,210,1
4,proposed,4,0|5|7|8,55.8833,210,1
4,proposed,4,0|5|7|9,60.9513,210,1
4,proposed,4,0|5|8|9,55.9876,210,1
4,proposed,4,0|6|7|8,49.4279,210,1
4,proposed,4,0|6|7|9,56.0481,210,1
4,proposed,4,0|6|8|9,57.8092,210,1
4,proposed,4,0|7|8|9,49.4928,210,1
4,proposed,4,1|2|3|4,32.3643,210,1
4,proposed,4,1|2|3|5,45.8133,210,1
4,proposed,4,1|2|3|6,43.5973,210,1
4,proposed,4,1|2|3|7,43.6933,210,1
4,proposed,4,1|2|3|8,44.1337,210,1
4,proposed,4,1|2|3|9,45.0213,210,1
4,proposed,4,1|2|4|5,52.6623,210,1
4,proposed,4,1|2|4|6,52.1566,210,1
4,proposed,4,1|2|4|7,52.2879,210,1
4,proposed,4,1|2|4|8,51.6692,210,1
4,proposed,4,1|2|4|9,53.0952,210,1
4,proposed,4,1|2|5|6,53.9520,210,1
4,proposed,4,1|2|5|7,56.4531,210,1
4,proposed,4,1|2|5|8,56.4320,210,1
4,proposed,4,1|2|5|9,56.4153,210,1
4,proposed,4,1|2|6|7,54.9537,210,1
4,proposed,4,1|2|6|8,54.7421,210,1
4,proposed,4,1|2|6|9,54.7446,210,1
4,proposed,4,1|2|7|8,54.2843,210,1
4,proposed,4,1|2|7|9,55.4633,210,1
4,proposed,4,1|2|8|9,50.7885,210,1
4,proposed,4,1|3|4|5,47.9160,210,1
4,proposed,4,1|3|4|6,49.4400,210,1
4,proposed,4,1|3|4|7,52.0957,210,1
4,proposed,4,1|3|4|8,51.6478,210,1
4,proposed,4,1|3|4|9,50.8688,210,1
4,proposed,4,1|3|5|6,53.2439,210,1
4,proposed,4,1|3|5|7,58.1061,210,1
4,proposed,4,1|3|5|8,58.8036,210,1
4,proposed,4,1|3|5|9,57.7072,210,1
4,proposed,4,1|3|6|7,56.8586,210,1
4,proposed,4,1|3|6|8,56.3128,210,1
4,proposed,4,1|3|6|9,55.9480,210,1
4,proposed,4,1|3|7|8,57.6612,210,1
4,proposed,4,1|3|7|9,58.5212,210,1
4,proposed,4,1|3|8|9,53.2303,210,1
4,proposed,4,1|4|5|6,47.9179,210,1
4,proposed,4,1|4|5|7,54.6369,210,1
4,proposed,4,1|4|5|8,56.9087,210,1
4,proposed,4,1|4|5|9,55.1982,210,1
4,proposed,4,1|4|6|7,53.1992,210,1
4,proposed,4,1|4|6|8,53.2858,210,1
4,proposed,4,1|4|6|9,54.0083,210,1
4,proposed,4,1|4|7|8,54.3843,210,1
4,proposed,4,1|4|7|9,56.2223,210,1
4,proposed,4,1|4|8|9,49.8921,210,1
4,proposed,4,1|5|6|7,52.9933,210,1
4,proposed,4,1|5|6|8,53.7184,210,1
4,proposed,4,1|5|6|9,53.5734,210,1
4,proposed,4,1|5|7|8,56.6753,210,1
4,proposed,4,1|5|7|9,58.0439,210,1
4,proposed,4,1|5|8|9,50.5189,210,1
4,proposed,4,1|6|7|8,53.0575,210,1
4,proposed,4,1|6|7|9,56.6116,210,1
4,proposed,4,1|6|8|9,52.3130,210,1
4,proposed,4,1|7|8|9,47.2348,210,1
4,proposed,4,2|3|4|5,42.0583,210,1
4,proposed,4,2|3|4|6,49.7019,210,1
4,proposed,4,2|3|4|7,49.2463,210,1
4,proposed,4,2|3|4|8,49.7997,210,1
4,proposed,4,2|3|4|9,50.4037,210,1
4,proposed,4,2|3|5|6,53.9201,210,1
4,proposed,4,2|3|5|7,59.2705,210,1
4,proposed,4,2|3|5|8,58.3782,210,1
4,proposed,4,2|3|5|9,59.8503,210,1
4,proposed,4,2|3|6|7,55.9257,210,1
4,proposed,4,2|3|6|8,57.3243,210,1
4,proposed,4,2|3|6|9,58.1661,210,1
4,proposed,4,2|3|7|8,57.8587,210,1
4,proposed,4,2|3|7|9,59.6183,210,1
4,proposed,4,2|3|8|9,54.2540,210,1
4,proposed,4,2|4|5|6,55.2276,210,1
4,proposed,4,2|4|5|7,61.7846,210,1
4,proposed,4,2|4|5|8,62.8690,210,1
4,proposed,4,2|4|5|9,63.1000,210,1
4,proposed,4,2|4|6|7,58.4932,210,1
4,proposed,4,2|4|6|8,59.9016,210,1
4,proposed,4,2|4|6|9,60.5791,210,1
4,proposed,4,2|4|7|8,59.1910,210,1
4,proposed,4,2|4|7|9,61.2549,210,1
4,proposed,4,2|4|8|9,55.2584,210,1
4,proposed,4,2|5|6|7,54.9969,210,1
4,proposed,4,2|5|6|8,62.1470,210,1
4,proposed,4,2|5|6|9,62.0691,210,1
4,proposed,4,2|5|7|8,64.5589,210,1
4,proposed,4,2|5|7|9,66.0684,210,1
4,proposed,4,2|5|8|9,59.8311,210,1
4,proposed,4,2|6|7|8,56.9980,210,1
4,proposed,4,2|6|7|9,61.7673,210,1
4,proposed,4,2|6|8|9,61.0696,210,1
4,proposed,4,2|7|8|9,53.3224,210,1
4,proposed,4,3|4|5|6,44.4501,210,1
4,proposed,4,3|4|5|7,55.6895,210,1
4,proposed,4,3|4|5|8,55.7285,210,1
4,proposed,4,3|4|5|9,55.3755,210,1
4,proposed,4,3|4|6|7,56.3042,210,1
4,proposed,4,3|4|6|8,57.2945,210,1
4,proposed,4,3|4|6|9,57.4800,210,1
4,proposed,4,3|4|7|8,54.7989,210,1
4,proposed,4,3|4|7|9,56.6893,210,1
4,proposed,4,3|4|8|9,51.5302,210,1
4,proposed,4,3|5|6|7,54.2307,210,1
4,proposed,4,3|5|6|8,61.1613,210,1
4,proposed,4,3|5|6|9,62.2886,210,1
4,proposed,4,3|5|7|8,63.2212,210,1
4,proposed,4,3|5|7|9,65.9938,210,1
4,proposed,4,3|5|8|9,57.9731,210,1
4,proposed,4,3|6|7|8,55.8314,210,1
4,proposed,4,3|6|7|9,61.0841,210,1
4,proposed,4,3|6|8|9,59.8462,210,1
4,proposed,4,3|7|8|9,53.0234,210,1
4,proposed,4,4|5|6|7,46.7591,210,1
4,proposed,4,4|5|6|8,52.2571,210,1
4,proposed,4,4|5|6|9,53.5605,210,1
4,proposed,4,4|5|7|8,62.0614,210,1
4,proposed,4,4|5|7|9,62.0910,210,1
4,proposed,4,4|5|8|9,56.8277,210,1
4,proposed,4,4|6|7|8,54.9612,210,1
4,proposed,4,4|6|7|9,58.0458,210,1
4,proposed,4,4|6|8|9,56.3859,210,1
4,proposed,4,4|7|8|9,48.2226,210,1
4,proposed,4,5|6|7|8,47.3264,210,1
4,proposed,4,5|6|7|9,53.9214,210,1
4,proposed,4,5|6|8|9,55.5333,210,1
4,proposed,4,5|7|8|9,50.9537,210,1
4,proposed,4,6|7|8|9,47.0268,210,1
4,proposed,5,0|1|2|3|4,24.3751,252,1
4,proposed,5,0|1|2|3|5,35.3953,252,1
4,proposed,5,0|1|2|3|6,35.0218,252,1
4,proposed,5,0|1|2|3|7,33.0491,252,1
4,proposed,5,0|1|2|3|8,34.6621,252,1
4,proposed,5,0|1|2|3|9,35.3667,252,1
4,proposed,5,0|1|2|4|5,33.7099,252,1
4,proposed,5,0|1|2|4|6,34.1991,252,1
4,proposed,5,0|1|2|4|7,36.1420,252,1
4,proposed,5,0|1|2|4|8,35.7932,252,1
4,proposed,5,0|1|2|4|9,36.0033,252,1
4,proposed,5,0|1|2|5|6,35.1917,252,1
4,proposed,5,0|1|2|5|7,38.6467,252,1
4,proposed,5,0|1|2|5|8,39.2266,252,1
4,proposed,5,0|1|2|5|9,38.5029,252,1
4,proposed,5,0|1|2|6|7,38.6869,252,1
4,proposed,5,0|1|2|6|8,37.5850,252,1
4,proposed,5,0|1|2|6|9,37.2151,252,1
4,proposed,5,0|1|2|7|8,38.3537,252,1
4,proposed,5,0|1|2|7|9,38.3444,252,1
4,proposed,5,0|1|2|8|9,31.8592,252,1
4,proposed,5,0|1|3|4|5,33.3671,252,1
4,proposed,5,0|1|3|4|6,34.5874,252,1
4,proposed,5,0|1|3|4|7,37.6946,252,1
4,proposed,5,0|1|3|4|8,36.4956,252,1
4,proposed,5,0|1|3|4|9,36.3740,252,1
4,proposed,5,0|1|3|5|6,39.0438,252,1
4,proposed,5,0|1|3|5|7,42.3962,252,1
4,proposed,5,0|1|3|5|8,41.1879,252,1
4,proposed,5,0|1|3|5|9,42.9809,252,1
4,proposed,5,0|1|3|6|7,40.6568,252,1
4,proposed,5,0|1|3|6|8,40.7207,252,1
4,proposed,5,0|1|3|6|9,41.2397,252,1
4,proposed,5,0|1|3|7|8,41.5405,252,1
4,proposed,5,0|1|3|7|9,41.8448,252,1
4,proposed,5,0|1|3|8|9,37.6874,252,1
4,proposed,5,0|1|4|5|6,33.6154,252,1
4,proposed,5,0|1|4|5|7,40.5731,252,1
4,proposed,5,0|1|4|5|8,41.2449,252,1
4,proposed,5,0|1|4|5|9,40.6072,252,1
4,proposed,5,0|1|4|6|7,37.1690,252,1
4,proposed,5,0|1|4|6|8,38.3324,252,1
4,proposed,5,0|1|4|6|9,37.3127,252,1
4,proposed,5,0|1|4|7|8,40.3913,252,1
4,proposed,5,0|1|4|7|9,40.7056,252,1
4,proposed,5,0|1|4|8|9,33.9958,252,1
4,proposed,5,0|1|5|6|7,36.6789,252,1
4,proposed,5,0|1|5|6|8,35.6806,252,1
4,proposed,5,0|1|5|6|9,35.3966,252,1
4,proposed,5,0|1|5|7|8,39.0049,252,1
4,proposed,5,0|1|5|7|9,38.4611,252,1
4,proposed,5,0|1|5|8|9,33.0483,252,1
4,proposed,5,0|1|6|7|8,38.2081,252,1
4,proposed,5,0|1|6|7|9,38.3323,252,1
4,proposed,5,0|1|6|8|9,36.6055,252,1
4,proposed,5,0|1|7|8|9,29.6180,252,1
4,proposed,5,0|2|3|4|5,37.9600,252,1
4,proposed,5,0|2|3|4|6,42.8595,252,1
4,proposed,5,0|2|3|4|7,41.4112,252,1
4,proposed,5,0|2|3|4|8,41.8227,252,1
4,proposed,5,0|2|3|4|9,42.0353,252,1
4,proposed,5,0|2|3|5|6,48.2518,252,1
4,proposed,5,0|2|3|5|7,51.4287,252,1
4,proposed,5,0|2|3|5|8,46.1198,252,1
4,proposed,5,0|2|3|5|9,49.8886,252,1
4,proposed,5,0|2|3|6|7,46.9198,252,1
4,proposed,5,0|2|3|6|8,47.6512,252,1
4,proposed,5,0|2|3|6|9,49.6168,252,1
4,proposed,5,0|2|3|7|8,49.7346,252,1
4,proposed,5,0|2|3|7|9,51.5672,252,1
4,proposed,5,0|2|3|8|9,43.7673,252,1
4,proposed,5,0|2|4|5|6,50.2647,252,1
4,proposed,5,0|2|4|5|7,59.6883,252,1
4,proposed,5,0|2|4|5|8,56.2855,252,1
4,proposed,5,0|2|4|5|9,60.3428,252,1
4,proposed,5,0|2|4|6|7,52.5891,252,1
4,proposed,5,0|2|4|6|8,54.7327,252,1
4,proposed,5,0|2|4|6|9,55.1745,252,1
4,proposed,5,0|2|4|7|8,55.4073,252,1
4,proposed,5,0|2|4|7|9,57.5048,252,1
4,proposed,5,0|2|4|8|9,52.0410,252,1
4,proposed,5,0|2|5|6|7,52.2830,252,1
4,proposed,5,0|2|5|6|8,52.3025,252,1
4,proposed,5,0|2|5|6|9,55.8276,252,1
4,proposed,5,0|2|5|7|8,56.6097,252,1
4,proposed,5,0|2|5|7|9,60.8406,252,1
4,proposed,5,0|2|5|8|9,54.6655,252,1
4,proposed,5,0|2|6|7|8,48.3803,252,1
4,proposed,5,0|2|6|7|9,54.7223,252,1
4,proposed,5,0|2|6|8|9,56.8447,252,1
4,proposed,5,0|2|7|8|9,49.8770,252,1
4,proposed,5,0|3|4|5|6,39.9200,252,1
4,proposed,5,0|3|4|5|7,54.5301,252,1
4,proposed,5,0|3|4|5|8,51.7288,252,1
4,proposed,5,0|3|4|5|9,54.0220,252,1
4,proposed,5,0|3|4|6|7,50.3738,252,1
4,proposed,5,0|3|4|6|8,52.1506,252,1
4,proposed,5,0|3|4|6|9,52.4554,252,1
4,proposed,5,0|3|4|7|8,51.2392,252,1
4,proposed,5,0|3|4|7|9,52.4202,252,1
4,proposed,5,0|3|4|8|9,49.2350,252,1
4,proposed,5,0|3|5|6|7,49.0223,252,1
4,proposed,5,0|3|5|6|8,51.6855,252,1
4,proposed,5,0|3|5|6|9,55.6832,252,1
4,proposed,5,0|3|5|7|8,54.0034,252,1
4,proposed,5,0|3|5|7|9,60.2163,252,1
4,proposed,5,0|3|5|8|9,53.3442,252,1
4,proposed,5,0|3|6|7|8,47.1803,252,1
4,proposed,5,0|3|6|7|9,53.5172,252,1
4,proposed,5,0|3|6|8|9,55.5423,252,1
4,proposed,5,0|3|7|8|9,47.6543,252,1
4,proposed,5,0|4|5|6|7,42.2683,252,1
4,proposed,5,0|4|5|6|8,45.1577,252,1
4,proposed,5,0|4|5|6|9,45.3156,252,1
4,proposed,5,0|4|5|7|8,54.1201,252,1
4,proposed,5,0|4|5|7|9,59.2875,252,1
4,proposed,5,0|4|5|8|9,53.9407,252,1
4,proposed,5,0|4|6|7|8,49.2074,252,1
4,proposed,5,0|4|6|7|9,51.7916,252,1
4,proposed,5,0|4|6|8|9,52.9154,252,1
4,proposed,5,0|4|7|8|9,46.8403,252,1
4,proposed,5,0|5|6|7|8,39.9433,252,1
4,proposed,5,0|5|6|7|9,48.4693,252,1
4,proposed,5,0|5|6|8|9,48.8791,252,1
4,proposed,5,0|5|7|8|9,44.4888,252,1
4,proposed,5,0|6|7|8|9,42.0450,252,1
4,proposed,5,1|2|3|4|5,21.6229,252,1
4,proposed,5,1|2|3|4|6,32.7571,252,1
4,proposed,5,1|2|3|4|7,30.2995,252,1
4,proposed,5,1|2|3|4|8,31.8301,252,1
4,proposed,5,1|2|3|4|9,32.6775,252,1
4,proposed,5,1|2|3|5|6,42.9407,252,1
4,proposed,5,1|2|3|5|7,43.2240,252,1
4,proposed,5,1|2|3|5|8,45.0313,252,1
4,proposed,5,1|2|3|5|9,46.0872,252,1
4,proposed,5,1|2|3|6|7,43.0046,252,1
4,proposed,5,1|2|3|6|8,42.7237,252,1
4,proposed,5,1|2|3|6|9,42.8915,252,1
4,proposed,5,1|2|3|7|8,41.1177,252,1
4,proposed,5,1|2|3|7|9,42.7325,252,1
4,proposed,5,1|2|3|8|9,40.9152,252,1
4,proposed,5,1|2|4|5|6,47.3528,252,1
4,proposed,5,1|2|4|5|7,52.4215,252,1
4,proposed,5,1|2|4|5|8,53.0245,252,1
4,proposed,5,1|2|4|5|9,52.9081,252,1
4,proposed,5,1|2|4|6|7,50.9501,252,1
4,proposed,5,1|2|4|6|8,49.2692,252,1
4,proposed,5,1|2|4|6|9,50.6496,252,1
4,proposed,5,1|2|4|7|8,50.0548,252,1
4,proposed,5,1|2|4|7|9,52.0493,252,1
4,proposed,5,1|2|4|8|9,45.8034,252,1
4,proposed,5,1|2|5|6|7,49.3420,252,1
4,proposed,5,1|2|5|6|8,52.5759,252,1
4,proposed,5,1|2|5|6|9,52.3797,252,1
4,proposed,5,1|2|5|7|8,54.3075,252,1
4,proposed,5,1|2|5|7|9,54.8375,252,1
4,proposed,5,1|2|5|8|9,48.8613,252,1
4,proposed,5,1|2|6|7|8,50.3541,252,1
4,proposed,5,1|2|6|7|9,54.0222,252,1
4,proposed,5,1|2|6|8|9,51.3081,252,1
4,proposed,5,1|2|7|8|9,43.3882,252,1
4,proposed,5,1|3|4|5|6,36.1868,252,1
4,proposed,5,1|3|4|5|7,48.5816,252,1
4,proposed,5,1|3|4|5|8,50.1661,252,1
4,proposed,5,1|3|4|5|9,45.3942,252,1
4,proposed,5,1|3|4|6|7,49.0539,252,1
4,proposed,5,1|3|4|6|8,49.9676,252,1
4,proposed,5,1|3|4|6|9,47.4712,252,1
4,proposed,5,1|3|4|7|8,51.1394,252,1
4,proposed,5,1|3|4|7|9,51.5527,252,1
4,proposed,5,1|3|4|8|9,44.4527,252,1
4,proposed,5,1|3|5|6|7,50.7528,252,1
4,proposed,5,1|3|5|6|8,52.4938,252,1
4,proposed,5,1|3|5|6|9,52.6872,252,1
4,proposed,5,1|3|5|7|8,56.5196,252,1
4,proposed,5,1|3|5|7|9,57.3192,252,1
4,proposed,5,1|3|5|8|9,52.5775,252,1
4,proposed,5,1|3|6|7|8,51.8241,252,1
4,proposed,5,1|3|6|7|9,55.8264,252,1
4,proposed,5,1|3|6|8|9,53.4373,252,1
4,proposed,5,1|3|7|8|9,48.1012,252,1
4,proposed,5,1|4|5|6|7,40.1085,252,1
4,proposed,5,1|4|5|6|8,46.8814,252,1
4,proposed,5,1|4|5|6|9,44.5872,252,1
4,proposed,5,1|4|5|7|8,51.9907,252,1
4,proposed,5,1|4|5|7|9,51.8860,252,1
4,proposed,5,1|4|5|8|9,47.6016,252,1
4,proposed,5,1|4|6|7|8,49.2424,252,1
4,proposed,5,1|4|6|7|9,49.5761,252,1
4,proposed,5,1|4|6|8|9,48.3265,252,1
4,proposed,5,1|4|7|8|9,39.6727,252,1
4,proposed,5,1|5|6|7|8,45.2728,252,1
4,proposed,5,1|5|6|7|9,51.2296,252,1
4,proposed,5,1|5|6|8|9,46.3246,252,1
4,proposed,5,1|5|7|8|9,42.7481,252,1
4,proposed,5,1|6|7|8|9,38.0510,252,1
4,proposed,5,2|3|4|5|6,34.6125,252,1
4,proposed,5,2|3|4|5|7,40.6139,252,1
4,proposed,5,2|3|4|5|8,41.1771,252,1
4,proposed,5,2|3|4|5|9,42.6695,252,1
4,proposed,5,2|3|4|6|7,46.9704,252,1
4,proposed,5,2|3|4|6|8,48.2256,252,1
4,proposed,5,2|3|4|6|9,48.9521,252,1
4,proposed,5,2|3|4|7|8,46.2177,252,1
4,proposed,5,2|3|4|7|9,49.0351,252,1
4,proposed,5,2|3|4|8|9,43.8915,252,1
4,proposed,5,2|3|5|6|7,47.2435,252,1
4,proposed,5,2|3|5|6|8,55.0983,252,1
4,proposed,5,2|3|5|6|9,54.2353,252,1
4,proposed,5,2|3|5|7|8,56.6998,252,1
4,proposed,5,2|3|5|7|9,60.1069,252,1
4,proposed,5,2|3|5|8|9,52.8708,252,1
4,proposed,5,2|3|6|7|8,51.4726,252,1
4,proposed,5,2|3|6|7|9,54.3828,252,1
4,proposed,5,2|3|6|8|9,53.0751,252,1
4,proposed,5,2|3|7|8|9,44.5302,252,1
4,proposed,5,2|4|5|6|7,45.6949,252,1
4,proposed,5,2|4|5|6|8,53.7193,252,1
4,proposed,5,2|4|5|6|9,53.3002,252,1
4,proposed,5,2|4|5|7|8,60.1837,252,1
4,proposed,5,2|4|5|7|9,59.3925,252,1
4,proposed,5,2|4|5|8|9,55.4266,252,1
4,proposed,5,2|4|6|7|8,54.6967,252,1
4,proposed,5,2|4|6|7|9,55.9966,252,1
4,proposed,5,2|4|6|8|9,54.3265,252,1
4,proposed,5,2|4|7|8|9,48.1313,252,1
4,proposed,5,2|5|6|7|8,48.2106,252,1
4,proposed,5,2|5|6|7|9,53.3550,252,1
4,proposed,5,2|5|6|8|9,57.7835,252,1
4,proposed,5,2|5|7|8|9,49.9385,252,1
4,proposed,5,2|6|7|8|9,47.3918,252,1
4,proposed,5,3|4|5|6|7,37.8965,252,1
4,proposed,5,3|4|5|6|8,42.3917,252,1
4,proposed,5,3|4|5|6|9,43.2367,252,1
4,proposed,5,3|4|5|7|8,54.3879,252,1
4,proposed,5,3|4|5|7|9,53.1777,252,1
4,proposed,5,3|4|5|8|9,47.3943,252,1
4,proposed,5,3|4|6|7|8,53.4817,252,1
4,proposed,5,3|4|6|7|9,53.9374,252,1
4,proposed,5,3|4|6|8|9,53.1546,252,1
4,proposed,5,3|4|7|8|9,43.5706,252,1
4,proposed,5,3|5|6|7|8,46.0256,252,1
4,proposed,5,3|5|6|7|9,51.9873,252,1
4,proposed,5,3|5|6|8|9,54.8562,252,1
4,proposed,5,3|5|7|8|9,47.9427,252,1
4,proposed,5,3|6|7|8|9,45.9793,252,1
4,proposed,5,4|5|6|7|8,41.3901,252,1
4,proposed,5,4|5|6|7|9,42.3472,252,1
4,proposed,5,4|5|6|8|9,45.2239,252,1
4,proposed,5,4|5|7|8|9,45.0326,252,1
4,proposed,5,4|6|7|8|9,41.0531,252,1
4,proposed,5,5|6|7|8|9,25.1556,252,1
4,proposed,6,0|1|2|3|4|5,18.5360,210,1
4,proposed,6,0|1|2|3|4|6,24.5543,210,1
4,proposed,6,0|1|2|3|4|7,22.8875,210,1
4,proposed,6,0|1|2|3|4|8,23.9694,210,1
4,proposed,6,0|1|2|3|4|9,23.1696,210,1
4,proposed,6,0|1|2|3|5|6,30.8090,210,1
4,proposed,6,0|1|2|3|5|7,32.3310,210,1
4,proposed,6,0|1|2|3|5|8,33.9081,210,1
4,proposed,6,0|1|2|3|5|9,35.9738,210,1
4,proposed,6,0|1|2|3|6|7,32.8009,210,1
4,proposed,6,0|1|2|3|6|8,32.4601,210,1
4,proposed,6,0|1|2|3|6|9,32.9025,210,1
4,proposed,6,0|1|2|3|7|8,31.4176,210,1
4,proposed,6,0|1|2|3|7|9,32.2186,210,1
4,proposed,6,0|1|2|3|8|9,29.9519,210,1
4,proposed,6,0|1|2|4|5|6,30.5576,210,1
4,proposed,6,0|1|2|4|5|7,32.6309,210,1
4,proposed,6,0|1|2|4|5|8,32.8273,210,1
4,proposed,6,0|1|2|4|5|9,32.8720,210,1
4,proposed,6,0|1|2|4|6|7,32.9908,210,1
4,proposed,6,0|1|2|4|6|8,32.9870,210,1
4,proposed,6,0|1|2|4|6|9,32.5743,210,1
4,proposed,6,0|1|2|4|7|8,35.4776,210,1
4,proposed,6,0|1|2|4|7|9,35.6432,210,1
4,proposed,6,0|1|2|4|8|9,28.3416,210,1
4,proposed,6,0|1|2|5|6|7,33.9337,210,1
4,proposed,6,0|1|2|5|6|8,33.1815,210,1
4,proposed,6,0|1|2|5|6|9,32.8455,210,1
4,proposed,6,0|1|2|5|7|8,35.0707,210,1
4,proposed,6,0|1|2|5|7|9,36.9911,210,1
4,proposed,6,0|1|2|5|8|9,30.2314,210,1
4,proposed,6,0|1|2|6|7|8,35.2780,210,1
4,proposed,6,0|1|2|6|7|9,36.3511,210,1
4,proposed,6,0|1|2|6|8|9,30.0331,210,1
4,proposed,6,0|1|2|7|8|9,26.5207,210,1
4,proposed,6,0|1|3|4|5|6,23.1465,210,1
4,proposed,6,0|1|3|4|5|7,33.7853,210,1
4,proposed,6,0|1|3|4|5|8,32.3275,210,1
4,proposed,6,0|1|3|4|5|9,32.4669,210,1
4,proposed,6,0|1|3|4|6|7,33.7359,210,1
4,proposed,6,0|1|3|4|6|8,34.4830,210,1
4,proposed,6,0|1|3|4|6|9,33.4296,210,1
4,proposed,6,0|1|3|4|7|8,36.4479,210,1
4,proposed,6,0|1|3|4|7|9,37.8045,210,1
4,proposed,6,0|1|3|4|8|9,29.6091,210,1
4,proposed,6,0|1|3|5|6|7,36.5510,210,1
4,proposed,6,0|1|3|5|6|8,35.8637,210,1
4,proposed,6,0|1|3|5|6|9,37.2287,210,1
4,proposed,6,0|1|3|5|7|8,39.5908,210,1
4,proposed,6,0|1|3|5|7|9,41.0228,210,1
4,proposed,6,0|1|3|5|8|9,34.9545,210,1
4,proposed,6,0|1|3|6|7|8,36.5415,210,1
4,proposed,6,0|1|3|6|7|9,39.1008,210,1
4,proposed,6,0|1|3|6|8|9,37.0230,210,1
4,proposed,6,0|1|3|7|8|9,29.1306,210,1
4,proposed,6,0|1|4|5|6|7,31.1920,210,1
4,proposed,6,0|1|4|5|6|8,29.8849,210,1
4,proposed,6,0|1|4|5|6|9,29.2770,210,1
4,proposed,6,0|1|4|5|7|8,35.1326,210,1
4,proposed,6,0|1|4|5|7|9,32.9337,210,1
4,proposed,6,0|1|4|5|8|9,29.1084,210,1
4,proposed,6,0|1|4|6|7|8,35.7408,210,1
4,proposed,6,0|1|4|6|7|9,34.0435,210,1
4,proposed,6,0|1|4|6|8|9,30.5288,210,1
4,proposed,6,0|1|4|7|8|9,22.4361,210,1
4,proposed,6,0|1|5|6|7|8,28.9738,210,1
4,proposed,6,0|1|5|6|7|9,31.9406,210,1
4,proposed,6,0|1|5|6|8|9,26.1438,210,1
4,proposed,6,0|1|5|7|8|9,20.6696,210,1
4,proposed,6,0|1|6|7|8|9,21.8892,210,1
4,proposed,6,0|2|3|4|5|6,31.1601,210,1
4,proposed,6,0|2|3|4|5|7,36.0286,210,1
4,proposed,6,0|2|3|4|5|8,33.2792,210,1
4,proposed,6,0|2|3|4|5|9,38.7161,210,1
4,proposed,6,0|2|3|4|6|7,40.9277,210,1
4,proposed,6,0|2|3|4|6|8,41.6642,210,1
4,proposed,6,0|2|3|4|6|9,41.7421,210,1
4,proposed,6,0|2|3|4|7|8,40.2824,210,1
4,proposed,6,0|2|3|4|7|9,41.7995,210,1
4,proposed,6,0|2|3|4|8|9,36.1700,210,1
4,proposed,6,0|2|3|5|6|7,39.8175,210,1
4,proposed,6,0|2|3|5|6|8,42.9175,210,1
4,proposed,6,0|2|3|5|6|9,47.5362,210,1
4,proposed,6,0|2|3|5|7|8,44.3128,210,1
4,proposed,6,0|2|3|5|7|9,53.0406,210,1
4,proposed,6,0|2|3|5|8|9,39.1449,210,1
4,proposed,6,0|2|3|6|7|8,39.4051,210,1
4,proposed,6,0|2|3|6|7|9,44.7066,210,1
4,proposed,6,0|2|3|6|8|9,43.5282,210,1
4,proposed,6,0|2|3|7|8|9,39.6574,210,1
4,proposed,6,0|2|4|5|6|7,42.1730,210,1
4,proposed,6,0|2|4|5|6|8,44.0715,210,1
4,proposed,6,0|2|4|5|6|9,47.0403,210,1
4,proposed,6,0|2|4|5|7|8,53.1515,210,1
4,proposed,6,0|2|4|5|7|9,58.7473,210,1
4,proposed,6,0|2|4|5|8|9,49.5187,210,1
4,proposed,6,0|2|4|6|7|8,48.9368,210,1
4,proposed,6,0|2|4|6|7|9,50.4672,210,1
4,proposed,6,0|2|4|6|8|9,50.8651,210,1
4,proposed,6,0|2|4|7|8|9,45.3110,210,1
4,proposed,6,0|2|5|6|7|8,38.7579,210,1
4,proposed,6,0|2|5|6|7|9,50.0403,210,1
4,proposed,6,0|2|5|6|8|9,49.3624,210,1
4,proposed,6,0|2|5|7|8|9,46.4592,210,1
4,proposed,6,0|2|6|7|8|9,39.8002,210,1
4,proposed,6,0|3|4|5|6|7,32.7843,210,1
4,proposed,6,0|3|4|5|6|8,35.6769,210,1
4,proposed,6,0|3|4|5|6|9,38.8147,210,1
4,proposed,6,0|3|4|5|7|8,49.8734,210,1
4,proposed,6,0|3|4|5|7|9,52.6825,210,1
4,proposed,6,0|3|4|5|8|9,46.4786,210,1
4,proposed,6,0|3|4|6|7|8,47.0289,210,1
4,proposed,6,0|3|4|6|7|9,47.8259,210,1
4,proposed,6,0|3|4|6|8|9,49.2091,210,1
4,proposed,6,0|3|4|7|8|9,40.9889,210,1
4,proposed,6,0|3|5|6|7|8,36.4042,210,1
4,proposed,6,0|3|5|6|7|9,45.3725,210,1
4,proposed,6,0|3|5|6|8|9,46.4736,210,1
4,proposed,6,0|3|5|7|8|9,39.1803,210,1
4,proposed,6,0|3|6|7|8|9,39.0709,210,1
4,proposed,6,0|4|5|6|7|8,34.5600,210,1
4,proposed,6,0|4|5|6|7|9,38.2480,210,1
4,proposed,6,0|4|5|6|8|9,38.5939,210,1
4,proposed,6,0|4|5|7|8|9,38.4254,210,1
4,proposed,6,0|4|6|7|8|9,38.5652,210,1
4,proposed,6,0|5|6|7|8|9,12.6040,210,1
4,proposed,6,1|2|3|4|5|6,16.8747,210,1
4,proposed,6,1|2|3|4|5|7,21.1880,210,1
4,proposed,6,1|2|3|4|5|8,20.6651,210,1
4,proposed,6,1|2|3|4|5|9,21.6955,210,1
4,proposed,6,1|2|3|4|6|7,30.7215,210,1
4,proposed,6,1|2|3|4|6|8,31.0839,210,1
4,proposed,6,1|2|3|4|6|9,32.4818,210,1
4,proposed,6,1|2|3|4|7|8,28.9386,210,1
4,proposed,6,1|2|3|4|7|9,30.7942,210,1
4,proposed,6,1|2|3|4|8|9,26.9919,210,1
4,proposed,6,1|2|3|5|6|7,37.0596,210,1
4,proposed,6,1|2|3|5|6|8,43.4350,210,1
4,proposed,6,1|2|3|5|6|9,42.1024,210,1
4,proposed,6,1|2|3|5|7|8,40.7385,210,1
4,proposed,6,1|2|3|5|7|9,41.4814,210,1
4,proposed,6,1|2|3|5|8|9,40.2878,210,1
4,proposed,6,1|2|3|6|7|8,39.2543,210,1
4,proposed,6,1|2|3|6|7|9,42.5563,210,1
4,proposed,6,1|2|3|6|8|9,40.4111,210,1
4,proposed,6,1|2|3|7|8|9,34.1709,210,1
4,proposed,6,1|2|4|5|6|7,41.4726,210,1
4,proposed,6,1|2|4|5|6|8,46.6863,210,1
4,proposed,6,1|2|4|5|6|9,45.6124,210,1
4,proposed,6,1|2|4|5|7|8,49.0760,210,1
4,proposed,6,1|2|4|5|7|9,51.3783,210,1
4,proposed,6,1|2|4|5|8|9,44.5255,210,1
4,proposed,6,1|2|4|6|7|8,46.8652,210,1
4,proposed,6,1|2|4|6|7|9,46.9497,210,1
4,proposed,6,1|2|4|6|8|9,44.8066,210,1
4,proposed,6,1|2|4|7|8|9,37.2571,210,1
4,proposed,6,1|2|5|6|7|8,44.4262,210,1
4,proposed,6,1|2|5|6|7|9,48.5879,210,1
4,proposed,6,1|2|5|6|8|9,45.3203,210,1
4,proposed,6,1|2|5|7|8|9,37.3582,210,1
4,proposed,6,1|2|6|7|8|9,36.5213,210,1
4,proposed,6,1|3|4|5|6|7,33.8376,210,1
4,proposed,6,1|3|4|5|6|8,34.9911,210,1
4,proposed,6,1|3|4|5|6|9,34.6191,210,1
4,proposed,6,1|3|4|5|7|8,49.5034,210,1
4,proposed,6,1|3|4|5|7|9,46.0199,210,1
4,proposed,6,1|3|4|5|8|9,40.3859,210,1
4,proposed,6,1|3|4|6|7|8,46.8804,210,1
4,proposed,6,1|3|4|6|7|9,45.3335,210,1
4,proposed,6,1|3|4|6|8|9,45.3984,210,1
4,proposed,6,1|3|4|7|8|9,36.0358,210,1
4,proposed,6,1|3|5|6|7|8,45.2861,210,1
4,proposed,6,1|3|5|6|7|9,51.2936,210,1
4,proposed,6,1|3|5|6|8|9,48.8525,210,1
4,proposed,6,1|3|5|7|8|9,42.8213,210,1
4,proposed,6,1|3|6|7|8|9,38.6556,210,1
4,proposed,6,1|4|5|6|7|8,34.2126,210,1
4,proposed,6,1|4|5|6|7|9,39.5470,210,1
4,proposed,6,1|4|5|6|8|9,36.5131,210,1
4,proposed,6,1|4|5|7|8|9,37.6780,210,1
4,proposed,6,1|4|6|7|8|9,33.1219,210,1
4,proposed,6,1|5|6|7|8|9,19.3537,210,1
4,proposed,6,2|3|4|5|6|7,28.9512,210,1
4,proposed,6,2|3|4|5|6|8,33.8153,210,1
4,proposed,6,2|3|4|5|6|9,33.0672,210,1
4,proposed,6,2|3|4|5|7|8,38.7956,210,1
4,proposed,6,2|3|4|5|7|9,40.6236,210,1
4,proposed,6,2|3|4|5|8|9,34.4880,210,1
4,proposed,6,2|3|4|6|7|8,44.3967,210,1
4,proposed,6,2|3|4|6|7|9,46.0378,210,1
4,proposed,6,2|3|4|6|8|9,43.8740,210,1
4,proposed,6,2|3|4|7|8|9,34.1578,210,1
4,proposed,6,2|3|5|6|7|8,39.9905,210,1
4,proposed,6,2|3|5|6|7|9,46.1309,210,1
4,proposed,6,2|3|5|6|8|9,51.0993,210,1
4,proposed,6,2|3|5|7|8|9,39.5151,210,1
4,proposed,6,2|3|6|7|8|9,40.0958,210,1
4,proposed,6,2|4|5|6|7|8,37.9066,210,1
4,proposed,6,2|4|5|6|7|9,39.0460,210,1
4,proposed,6,2|4|5|6|8|9,45.8776,210,1
4,proposed,6,2|4|5|7|8|9,44.6018,210,1
4,proposed,6,2|4|6|7|8|9,41.0871,210,1
4,proposed,6,2|5|6|7|8|9,27.3703,210,1
4,proposed,6,3|4|5|6|7|8,30.3601,210,1
4,proposed,6,3|4|5|6|7|9,37.1702,210,1
4,proposed,6,3|4|5|6|8|9,36.9495,210,1
4,proposed,6,3|4|5|7|8|9,37.1258,210,1
4,proposed,6,3|4|6|7|8|9,36.8537,210,1
4,proposed,6,3|5|6|7|8|9,25.7826,210,1
4,proposed,6,4|5|6|7|8|9,23.3247,210,1
