kind,seed,missing_groups,miou
learnedPE_nodrop,0,0,94.39649374093264
learnedPE_nodrop,0,1,65.85946780414696
learnedPE_nodrop,0,1,47.57944475622292
learnedPE_nodrop,0,1,84.73003462653173
learnedPE_nodrop,0,1,83.70111245927117
learnedPE_nodrop,0,1,88.14273545078149
learnedPE_nodrop,0,1,93.76800073960135
learnedPE_nodrop,0,1,93.94495523026252
learnedPE_nodrop,0,1,88.50141554470936
learnedPE_nodrop,0,1,93.87064619528238
learnedPE_nodrop,0,1,88.66636553354617
learnedPE_nodrop,0,2,28.42144136709961
learnedPE_nodrop,0,2,64.49451121082976
learnedPE_nodrop,0,2,61.79961077286116
learnedPE_nodrop,0,2,63.42660691215198
learnedPE_nodrop,0,2,61.93772777700281
learnedPE_nodrop,0,2,66.35433396454553
learnedPE_nodrop,0,2,64.50224536843041
learnedPE_nodrop,0,2,67.12309499991385
learnedPE_nodrop,0,2,62.66007951372773
learnedPE_nodrop,0,2,40.4824632510462
learnedPE_nodrop,0,2,42.73576503003212
learnedPE_nodrop,0,2,53.826993853469006
learnedPE_nodrop,0,2,43.16796475497814
learnedPE_nodrop,0,2,46.56251420519922
learnedPE_nodrop,0,2,44.53183726375005
learnedPE_nodrop,0,2,47.22253316481704
learnedPE_nodrop,0,2,44.6124423495685
learnedPE_nodrop,0,2,65.12430865522781
learnedPE_nodrop,0,2,76.78287073012756
learnedPE_nodrop,0,2,81.47675053749632
learnedPE_nodrop,0,2,84.94135734831825
learnedPE_nodrop,0,2,79.93594584245578
learnedPE_nodrop,0,2,86.3240632632628
learnedPE_nodrop,0,2,81.95075054864793
learnedPE_nodrop,0,2,73.93058935956638
learnedPE_nodrop,0,2,79.40491852165295
learnedPE_nodrop,0,2,82.77034929524636
learnedPE_nodrop,0,2,76.9109426991223
learnedPE_nodrop,0,2,83.70295327076819
learnedPE_nodrop,0,2,81.12702957098494
learnedPE_nodrop,0,2,86.43944545423363
learnedPE_nodrop,0,2,87.17130972388192
learnedPE_nodrop,0,2,77.67310817419497
learnedPE_nodrop,0,2,87.36560241752582
learnedPE_nodrop,0,2,81.69136049967793
learnedPE_nodrop,0,2,93.51004769883804
learnedPE_nodrop,0,2,85.39147513764375
learnedPE_nodrop,0,2,93.86579578577316
learnedPE_nodrop,0,2,87.74294729741739
learnedPE_nodrop,0,2,85.791769802862
learnedPE_nodrop,0,2,91.28197606262715
learnedPE_nodrop,0,2,87.8152085985722
learnedPE_nodrop,0,2,83.83481606190495
learnedPE_nodrop,0,2,86.54823160847893
learnedPE_nodrop,0,2,83.47955175170087
learnedPE_nodrop,0,3,23.657261637003728
learnedPE_nodrop,0,3,25.187810805915866
learnedPE_nodrop,0,3,27.521730685845814
learnedPE_nodrop,0,3,27.243107476616935
learnedPE_nodrop,0,3,25.282797391059802
learnedPE_nodrop,0,3,28.594340182928136
learnedPE_nodrop,0,3,28.687855777791384
learnedPE_nodrop,0,3,28.58367702691852
learnedPE_nodrop,0,3,44.094859696465285
learnedPE_nodrop,0,3,51.32627017811422
learnedPE_nodrop,0,3,59.33599115769401
learnedPE_nodrop,0,3,62.91311766375335
learnedPE_nodrop,0,3,60.963126356799926
learnedPE_nodrop,0,3,63.487711001966986
learnedPE_nodrop,0,3,63.444521381470544
learnedPE_nodrop,0,3,48.257318931914725
learnedPE_nodrop,0,3,56.53426162300876
learnedPE_nodrop,0,3,61.46288895055607
learnedPE_nodrop,0,3,56.65332313277575
learnedPE_nodrop,0,3,62.282269208129584
learnedPE_nodrop,0,3,62.38689277433069
learnedPE_nodrop,0,3,59.283053571481936
learnedPE_nodrop,0,3,64.71963524347792
learnedPE_nodrop,0,3,56.39174090390993
learnedPE_nodrop,0,3,64.6731853024592
learnedPE_nodrop,0,3,60.71144569623126
learnedPE_nodrop,0,3,59.43687776223911
learnedPE_nodrop,0,3,55.940401775320005
learnedPE_nodrop,0,3,62.25463732052189
learnedPE_nodrop,0,3,58.60475977847423
learnedPE_nodrop,0,3,66.33289486905119
learnedPE_nodrop,0,3,66.41586789573152
learnedPE_nodrop,0,3,62.437783343646736
learnedPE_nodrop,0,3,64.38985481349351
learnedPE_nodrop,0,3,60.35815937695273
learnedPE_nodrop,0,3,60.96354509576458
learnedPE_nodrop,0,3,36.93930535436745
learnedPE_nodrop,0,3,43.169532416999616
learnedPE_nodrop,0,3,40.34082307646103
learnedPE_nodrop,0,3,40.050269882723555
learnedPE_nodrop,0,3,40.62918483136203
learnedPE_nodrop,0,3,39.829822959997834
learnedPE_nodrop,0,3,36.14598435142845
learnedPE_nodrop,0,3,44.68817645247567
learnedPE_nodrop,0,3,42.518053558985166
learnedPE_nodrop,0,3,43.24427135104602
learnedPE_nodrop,0,3,44.33871262169002
learnedPE_nodrop,0,3,43.79460584315641
learnedPE_nodrop,0,3,39.25622033065998
learnedPE_nodrop,0,3,48.522604095252696
learnedPE_nodrop,0,3,50.63441496767119
learnedPE_nodrop,0,3,50.52305730514919
learnedPE_nodrop,0,3,53.52018387246478
learnedPE_nodrop,0,3,47.14270036230294
learnedPE_nodrop,0,3,41.715025415653905
learnedPE_nodrop,0,3,38.67132157010977
learnedPE_nodrop,0,3,42.86963327888178
learnedPE_nodrop,0,3,39.952056189761194
learnedPE_nodrop,0,3,41.861224725411844
learnedPE_nodrop,0,3,44.41157210957072
learnedPE_nodrop,0,3,41.498773632370735
learnedPE_nodrop,0,3,42.903134450644245
learnedPE_nodrop,0,3,43.76743681661877
learnedPE_nodrop,0,3,42.331453963266235
learnedPE_nodrop,0,3,36.501982442071146
learnedPE_nodrop,0,3,58.675949273135245
learnedPE_nodrop,0,3,66.76050087675122
learnedPE_nodrop,0,3,61.731767213770624
learnedPE_nodrop,0,3,67.62708832959403
learnedPE_nodrop,0,3,64.34918015270297
learnedPE_nodrop,0,3,74.28997852470908
learnedPE_nodrop,0,3,76.57972827054672
learnedPE_nodrop,0,3,68.64287762184088
learnedPE_nodrop,0,3,77.0255180861554
learnedPE_nodrop,0,3,72.19587389310269
learnedPE_nodrop,0,3,82.07302082022521
learnedPE_nodrop,0,3,75.51981911611507
learnedPE_nodrop,0,3,83.63289411905556
learnedPE_nodrop,0,3,78.51549194447627
learnedPE_nodrop,0,3,78.81973693180994
learnedPE_nodrop,0,3,86.23226320075939
learnedPE_nodrop,0,3,81.69866666297546
learnedPE_nodrop,0,3,78.032659323123
learnedPE_nodrop,0,3,75.86088672649413
learnedPE_nodrop,0,3,78.35123165256614
learnedPE_nodrop,0,3,67.65869137018996
learnedPE_nodrop,0,3,72.95647852350866
learnedPE_nodrop,0,3,67.7052056474934
learnedPE_nodrop,0,3,73.5573307801338
learnedPE_nodrop,0,3,70.74245793645073
learnedPE_nodrop,0,3,77.79891691734944
learnedPE_nodrop,0,3,69.91106197307153
learnedPE_nodrop,0,3,79.67170393547163
learnedPE_nodrop,0,3,78.09666780165676
learnedPE_nodrop,0,3,75.14088845132885
learnedPE_nodrop,0,3,81.27452352016546
learnedPE_nodrop,0,3,79.93060995353972
learnedPE_nodrop,0,3,74.46779152811102
learnedPE_nodrop,0,3,77.08707120019068
learnedPE_nodrop,0,3,77.741258565997
learnedPE_nodrop,0,3,85.46286453856237
learnedPE_nodrop,0,3,75.78765304538744
learnedPE_nodrop,0,3,86.95766609084755
learnedPE_nodrop,0,3,80.34539811910072
learnedPE_nodrop,0,3,75.54632639614564
learnedPE_nodrop,0,3,85.10641659054755
learnedPE_nodrop,0,3,80.6934795914199
learnedPE_nodrop,0,3,74.48024530845518
learnedPE_nodrop,0,3,76.93114402255097
learnedPE_nodrop,0,3,76.55464364933027
learnedPE_nodrop,0,3,82.93571782970186
learnedPE_nodrop,0,3,90.74493162329918
learnedPE_nodrop,0,3,86.8846559391526
learnedPE_nodrop,0,3,81.8322814165072
learnedPE_nodrop,0,3,83.25279711836629
learnedPE_nodrop,0,3,82.90880852654877
learnedPE_nodrop,0,3,76.63102172471858
learnedPE_nodrop,0,3,83.15451621873787
learnedPE_nodrop,0,3,78.66350078587324
learnedPE_nodrop,0,3,75.77761354726343
learnedPE_nodrop,0,4,25.827589239664334
learnedPE_nodrop,0,4,24.039678729456742
learnedPE_nodrop,0,4,24.24910991375361
learnedPE_nodrop,0,4,22.31828048588214
learnedPE_nodrop,0,4,24.884299679510256
learnedPE_nodrop,0,4,22.893194071992635
learnedPE_nodrop,0,4,24.104325641855024
learnedPE_nodrop,0,4,22.249587586090747
learnedPE_nodrop,0,4,23.00673708723215
learnedPE_nodrop,0,4,23.048983879567846
learnedPE_nodrop,0,4,26.240462958881672
learnedPE_nodrop,0,4,25.3541604917623
learnedPE_nodrop,0,4,23.642607971666617
learnedPE_nodrop,0,4,26.750396232662403
learnedPE_nodrop,0,4,22.789943790876816
learnedPE_nodrop,0,4,27.0246471758518
learnedPE_nodrop,0,4,27.049836697633033
learnedPE_nodrop,0,4,26.577392518573618
learnedPE_nodrop,0,4,23.577511912384022
learnedPE_nodrop,0,4,23.994442013442054
learnedPE_nodrop,0,4,26.38054133150929
learnedPE_nodrop,0,4,26.4031572654877
learnedPE_nodrop,0,4,25.388969819763656
learnedPE_nodrop,0,4,25.005162113613117
learnedPE_nodrop,0,4,25.10276223871739
learnedPE_nodrop,0,4,29.062379405977612
learnedPE_nodrop,0,4,28.8259700894545
learnedPE_nodrop,0,4,27.333418269545966
learnedPE_nodrop,0,4,24.01132911644423
learnedPE_nodrop,0,4,36.60369987818414
learnedPE_nodrop,0,4,45.63220732889429
learnedPE_nodrop,0,4,42.30338684400994
learnedPE_nodrop,0,4,45.60975050388224
learnedPE_nodrop,0,4,43.855517914987196
learnedPE_nodrop,0,4,44.90217730672066
learnedPE_nodrop,0,4,55.07770430157185
learnedPE_nodrop,0,4,46.69389604539437
learnedPE_nodrop,0,4,52.57243862065158
learnedPE_nodrop,0,4,50.989280498540765
learnedPE_nodrop,0,4,56.49089585928121
learnedPE_nodrop,0,4,49.76413229934571
learnedPE_nodrop,0,4,58.16216673813022
learnedPE_nodrop,0,4,57.9026041481727
learnedPE_nodrop,0,4,60.8059690032397
learnedPE_nodrop,0,4,62.521324905253614
learnedPE_nodrop,0,4,61.45782199551386
learnedPE_nodrop,0,4,60.26100009999351
learnedPE_nodrop,0,4,57.27651005449266
learnedPE_nodrop,0,4,59.80307896192515
learnedPE_nodrop,0,4,41.325576731774774
learnedPE_nodrop,0,4,53.37989269393064
learnedPE_nodrop,0,4,44.68840448188611
learnedPE_nodrop,0,4,50.61282585093608
learnedPE_nodrop,0,4,47.46537685962317
learnedPE_nodrop,0,4,55.020193587593155
learnedPE_nodrop,0,4,47.646790635602244
learnedPE_nodrop,0,4,54.221061592100696
learnedPE_nodrop,0,4,56.64477668742289
learnedPE_nodrop,0,4,56.78305029345596
learnedPE_nodrop,0,4,61.12683665457925
learnedPE_nodrop,0,4,60.403451986472035
learnedPE_nodrop,0,4,54.689796292614915
learnedPE_nodrop,0,4,56.218606756046896
learnedPE_nodrop,0,4,60.08490198611366
learnedPE_nodrop,0,4,60.098633488865886
learnedPE_nodrop,0,4,49.86036315573818
learnedPE_nodrop,0,4,62.440412320237535
learnedPE_nodrop,0,4,57.86306822176284
learnedPE_nodrop,0,4,57.98051053399232
learnedPE_nodrop,0,4,64.00079844015592
learnedPE_nodrop,0,4,60.34647492493648
learnedPE_nodrop,0,4,55.77305060647257
learnedPE_nodrop,0,4,52.138474054730885
learnedPE_nodrop,0,4,58.27853026980593
learnedPE_nodrop,0,4,54.51804054132992
learnedPE_nodrop,0,4,57.69408327007465
learnedPE_nodrop,0,4,54.63560497215122
learnedPE_nodrop,0,4,56.629065449777706
learnedPE_nodrop,0,4,54.09523400475701
learnedPE_nodrop,0,4,55.554462610140575
learnedPE_nodrop,0,4,59.066291242804844
learnedPE_nodrop,0,4,61.543857002717694
learnedPE_nodrop,0,4,58.59814261990387
learnedPE_nodrop,0,4,55.00797986192107
learnedPE_nodrop,0,4,20.364469234596584
learnedPE_nodrop,0,4,33.72312537607164
learnedPE_nodrop,0,4,36.036718955433564
learnedPE_nodrop,0,4,38.37719345758153
learnedPE_nodrop,0,4,35.187353321673605
learnedPE_nodrop,0,4,34.54303544280938
learnedPE_nodrop,0,4,43.87484454520726
learnedPE_nodrop,0,4,41.89111521258304
learnedPE_nodrop,0,4,42.900662736822746
learnedPE_nodrop,0,4,40.93055185777128
learnedPE_nodrop,0,4,35.31805034065197
learnedPE_nodrop,0,4,38.805572408369336
learnedPE_nodrop,0,4,38.48544378299358
learnedPE_nodrop,0,4,38.894656542140915
learnedPE_nodrop,0,4,37.96950390498381
learnedPE_nodrop,0,4,40.66071579098555
learnedPE_nodrop,0,4,38.90090269303078
learnedPE_nodrop,0,4,36.05647394526492
learnedPE_nodrop,0,4,41.69120876176608
learnedPE_nodrop,0,4,37.24040454100768
learnedPE_nodrop,0,4,35.3175905878669
learnedPE_nodrop,0,4,42.810927971240304
learnedPE_nodrop,0,4,44.87208848134875
learnedPE_nodrop,0,4,44.619848120892215
learnedPE_nodrop,0,4,44.84810220936642
learnedPE_nodrop,0,4,38.372369231959105
learnedPE_nodrop,0,4,41.76995424860716
learnedPE_nodrop,0,4,40.14140186222609
learnedPE_nodrop,0,4,42.103127287742566
learnedPE_nodrop,0,4,40.192236124450034
learnedPE_nodrop,0,4,44.237276025715275
learnedPE_nodrop,0,4,44.607081236102886
learnedPE_nodrop,0,4,39.12952541344087
learnedPE_nodrop,0,4,44.47970622008962
learnedPE_nodrop,0,4,41.05261583346115
learnedPE_nodrop,0,4,39.54277082341327
learnedPE_nodrop,0,4,45.12584728550018
learnedPE_nodrop,0,4,41.822221472183486
learnedPE_nodrop,0,4,46.95271387960836
learnedPE_nodrop,0,4,43.84950866137738
learnedPE_nodrop,0,4,46.37779468149398
learnedPE_nodrop,0,4,48.98105072564797
learnedPE_nodrop,0,4,44.78160998726496
learnedPE_nodrop,0,4,49.14379345594255
learnedPE_nodrop,0,4,45.76239270943985
learnedPE_nodrop,0,4,47.59018455676222
learnedPE_nodrop,0,4,36.55883582834832
learnedPE_nodrop,0,4,41.079721875911105
learnedPE_nodrop,0,4,37.512405715748685
learnedPE_nodrop,0,4,37.52978089168516
learnedPE_nodrop,0,4,38.555881223556284
learnedPE_nodrop,0,4,38.46551288570919
learnedPE_nodrop,0,4,40.248025507740856
learnedPE_nodrop,0,4,39.82850464067701
learnedPE_nodrop,0,4,37.11034708125697
learnedPE_nodrop,0,4,41.17144514979426
learnedPE_nodrop,0,4,31.53277716890329
learnedPE_nodrop,0,4,36.00016173613968
learnedPE_nodrop,0,4,34.629069732725924
learnedPE_nodrop,0,4,37.58462220732264
learnedPE_nodrop,0,4,35.780502811249924
learnedPE_nodrop,0,4,59.16271858941151
learnedPE_nodrop,0,4,49.782203076179556
learnedPE_nodrop,0,4,60.80417966489718
learnedPE_nodrop,0,4,58.26775381434689
learnedPE_nodrop,0,4,61.80824660262238
learnedPE_nodrop,0,4,67.04649608036057
learnedPE_nodrop,0,4,65.02228923324755
learnedPE_nodrop,0,4,61.28344439946956
learnedPE_nodrop,0,4,61.00882593471262
learnedPE_nodrop,0,4,61.83045605212744
learnedPE_nodrop,0,4,74.29885072547775
learnedPE_nodrop,0,4,65.03874407702483
learnedPE_nodrop,0,4,75.3293222277716
learnedPE_nodrop,0,4,69.98176846956132
learnedPE_nodrop,0,4,67.27505239392464
learnedPE_nodrop,0,4,76.5040752985273
learnedPE_nodrop,0,4,70.96367999685562
learnedPE_nodrop,0,4,65.95686655011414
learnedPE_nodrop,0,4,66.02325474697088
learnedPE_nodrop,0,4,67.23490753759403
learnedPE_nodrop,0,4,74.49422532672493
learnedPE_nodrop,0,4,84.52254520205595
learnedPE_nodrop,0,4,79.45887616799854
learnedPE_nodrop,0,4,74.67469012903987
learnedPE_nodrop,0,4,72.95666543842232
learnedPE_nodrop,0,4,77.74808791957729
learnedPE_nodrop,0,4,74.87103509067235
learnedPE_nodrop,0,4,74.41953238004993
learnedPE_nodrop,0,4,75.47583962180033
learnedPE_nodrop,0,4,69.04019628867732
learnedPE_nodrop,0,4,64.07367052701899
learnedPE_nodrop,0,4,56.47822565813097
learnedPE_nodrop,0,4,67.53069941516934
learnedPE_nodrop,0,4,63.953969849146205
learnedPE_nodrop,0,4,65.49684129802755
learnedPE_nodrop,0,4,70.9056550062244
learnedPE_nodrop,0,4,69.49018593625549
learnedPE_nodrop,0,4,66.55520909527576
learnedPE_nodrop,0,4,67.43943183999964
learnedPE_nodrop,0,4,67.39396252542763
learnedPE_nodrop,0,4,66.91422493122113
learnedPE_nodrop,0,4,76.48093953836819
learnedPE_nodrop,0,4,76.77717864754658
learnedPE_nodrop,0,4,70.94946266197853
learnedPE_nodrop,0,4,72.89102911069041
learnedPE_nodrop,0,4,77.43576750202052
learnedPE_nodrop,0,4,70.20454885767997
learnedPE_nodrop,0,4,74.25340719235082
learnedPE_nodrop,0,4,71.31971630350445
learnedPE_nodrop,0,4,69.74533082153506
learnedPE_nodrop,0,4,72.63720017688922
learnedPE_nodrop,0,4,83.15958499167095
learnedPE_nodrop,0,4,78.60339211406757
learnedPE_nodrop,0,4,73.64495079968457
learnedPE_nodrop,0,4,74.87894881699071
learnedPE_nodrop,0,4,77.15229352433468
learnedPE_nodrop,0,4,68.59046901430287
learnedPE_nodrop,0,4,74.12629037952586
learnedPE_nodrop,0,4,71.55597145519924
learnedPE_nodrop,0,4,67.78037611050325
learnedPE_nodrop,0,4,73.9172716551552
learnedPE_nodrop,0,4,79.33274148919813
learnedPE_nodrop,0,4,78.05170229694245
learnedPE_nodrop,0,4,72.09709442414922
learnedPE_nodrop,0,4,60.393300430678345
learnedPE_nodrop,0,5,14.002969337324142
learnedPE_nodrop,0,5,21.797742017606826
learnedPE_nodrop,0,5,23.921416723199922
learnedPE_nodrop,0,5,32.23087376933164
learnedPE_nodrop,0,5,24.17930738356256
learnedPE_nodrop,0,5,22.92607557686662
learnedPE_nodrop,0,5,23.96774960149259
learnedPE_nodrop,0,5,24.02281408790466
learnedPE_nodrop,0,5,25.614768301429674
learnedPE_nodrop,0,5,22.444788460745002
learnedPE_nodrop,0,5,24.17676179160881
learnedPE_nodrop,0,5,21.644726864253606
learnedPE_nodrop,0,5,24.08140514246232
learnedPE_nodrop,0,5,21.597952604277808
learnedPE_nodrop,0,5,22.444279087792857
learnedPE_nodrop,0,5,22.501853533086656
learnedPE_nodrop,0,5,21.259797640494632
learnedPE_nodrop,0,5,22.700648740649658
learnedPE_nodrop,0,5,26.227295005802432
learnedPE_nodrop,0,5,25.503701000233487
learnedPE_nodrop,0,5,22.356407409056683
learnedPE_nodrop,0,5,20.45374206900073
learnedPE_nodrop,0,5,21.85935629554866
learnedPE_nodrop,0,5,18.96687768787598
learnedPE_nodrop,0,5,24.386936498591528
learnedPE_nodrop,0,5,18.583435382255175
learnedPE_nodrop,0,5,20.835789004114787
learnedPE_nodrop,0,5,21.478997144212325
learnedPE_nodrop,0,5,21.96792414834856
learnedPE_nodrop,0,5,20.64304592315179
learnedPE_nodrop,0,5,23.92579560556453
learnedPE_nodrop,0,5,22.818612649056192
learnedPE_nodrop,0,5,21.45262285466627
learnedPE_nodrop,0,5,27.187351323267407
learnedPE_nodrop,0,5,26.682460856703333
learnedPE_nodrop,0,5,22.652527610804853
learnedPE_nodrop,0,5,19.970022098526492
learnedPE_nodrop,0,5,24.08408039596847
learnedPE_nodrop,0,5,25.954233366854385
learnedPE_nodrop,0,5,25.449187905239164
learnedPE_nodrop,0,5,22.54381150300763
learnedPE_nodrop,0,5,21.718524835185047
learnedPE_nodrop,0,5,23.054079979561276
learnedPE_nodrop,0,5,26.606855398079375
learnedPE_nodrop,0,5,26.93218441494818
learnedPE_nodrop,0,5,25.298739650470797
learnedPE_nodrop,0,5,21.560663708247628
learnedPE_nodrop,0,5,20.54471131219048
learnedPE_nodrop,0,5,20.404628777842927
learnedPE_nodrop,0,5,25.41518602029374
learnedPE_nodrop,0,5,23.82795302400378
learnedPE_nodrop,0,5,22.697378225039582
learnedPE_nodrop,0,5,22.629021589337167
learnedPE_nodrop,0,5,25.072526552486234
learnedPE_nodrop,0,5,20.9087126493724
learnedPE_nodrop,0,5,27.21371062456928
learnedPE_nodrop,0,5,22.48115932082152
learnedPE_nodrop,0,5,30.214254868250816
learnedPE_nodrop,0,5,22.7004510061222
learnedPE_nodrop,0,5,23.738732140738332
learnedPE_nodrop,0,5,21.21964626276946
learnedPE_nodrop,0,5,35.07150092533846
learnedPE_nodrop,0,5,29.729039746846368
learnedPE_nodrop,0,5,37.69424411176225
learnedPE_nodrop,0,5,35.99672073186881
learnedPE_nodrop,0,5,42.505409562733064
learnedPE_nodrop,0,5,46.511450853608025
learnedPE_nodrop,0,5,44.042688301813484
learnedPE_nodrop,0,5,42.777481166786956
learnedPE_nodrop,0,5,40.5430994378012
learnedPE_nodrop,0,5,43.582135458543306
learnedPE_nodrop,0,5,50.480574176240424
learnedPE_nodrop,0,5,39.88140359990878
learnedPE_nodrop,0,5,49.753843713380206
learnedPE_nodrop,0,5,47.944211488929895
learnedPE_nodrop,0,5,51.59711523259044
learnedPE_nodrop,0,5,56.542151235119384
learnedPE_nodrop,0,5,53.08736064459269
learnedPE_nodrop,0,5,47.75809792549583
learnedPE_nodrop,0,5,43.59528160427588
learnedPE_nodrop,0,5,51.42092578369423
learnedPE_nodrop,0,5,49.89128286158358
learnedPE_nodrop,0,5,53.440106208390105
learnedPE_nodrop,0,5,52.17458471644275
learnedPE_nodrop,0,5,50.91615308497969
learnedPE_nodrop,0,5,47.23554893181315
learnedPE_nodrop,0,5,52.32442243890374
learnedPE_nodrop,0,5,56.70479825707553
learnedPE_nodrop,0,5,55.67737638087971
learnedPE_nodrop,0,5,56.22573924363202
learnedPE_nodrop,0,5,49.81138439975963
learnedPE_nodrop,0,5,42.36442590703381
learnedPE_nodrop,0,5,33.68169192643303
learnedPE_nodrop,0,5,44.22149283326551
learnedPE_nodrop,0,5,44.39616641385263
learnedPE_nodrop,0,5,49.27515787778077
learnedPE_nodrop,0,5,53.50472800052663
learnedPE_nodrop,0,5,50.31173447001962
learnedPE_nodrop,0,5,47.59738186257873
learnedPE_nodrop,0,5,44.36961603164666
learnedPE_nodrop,0,5,46.69271238762932
learnedPE_nodrop,0,5,47.49542605514413
learnedPE_nodrop,0,5,52.56218077024835
learnedPE_nodrop,0,5,52.86179592537019
learnedPE_nodrop,0,5,47.66556202362173
learnedPE_nodrop,0,5,48.593729550076446
learnedPE_nodrop,0,5,52.9231848814915
learnedPE_nodrop,0,5,51.0868459019968
learnedPE_nodrop,0,5,54.575188847664876
learnedPE_nodrop,0,5,54.57962161128918
learnedPE_nodrop,0,5,50.73236282969496
learnedPE_nodrop,0,5,49.85411208718332
learnedPE_nodrop,0,5,59.55081990980984
learnedPE_nodrop,0,5,54.15409755691436
learnedPE_nodrop,0,5,49.36092721289316
learnedPE_nodrop,0,5,46.80970985517649
learnedPE_nodrop,0,5,55.67232458962471
learnedPE_nodrop,0,5,51.66713108087866
learnedPE_nodrop,0,5,53.02311135648354
learnedPE_nodrop,0,5,54.35456420737557
learnedPE_nodrop,0,5,45.67394866705982
learnedPE_nodrop,0,5,47.409108485160026
learnedPE_nodrop,0,5,50.28077619908154
learnedPE_nodrop,0,5,52.723830510327964
learnedPE_nodrop,0,5,45.491081014500026
learnedPE_nodrop,0,5,40.53275332780077
learnedPE_nodrop,0,5,19.120667264740913
learnedPE_nodrop,0,5,20.968838122785595
learnedPE_nodrop,0,5,19.517389341024526
learnedPE_nodrop,0,5,18.868413075214583
learnedPE_nodrop,0,5,19.675925532355393
learnedPE_nodrop,0,5,34.08296264479927
learnedPE_nodrop,0,5,36.98943012451939
learnedPE_nodrop,0,5,33.00014326081303
learnedPE_nodrop,0,5,33.55302868031554
learnedPE_nodrop,0,5,36.289912981626074
learnedPE_nodrop,0,5,34.20032553207276
learnedPE_nodrop,0,5,31.38729570328249
learnedPE_nodrop,0,5,35.199553146396276
learnedPE_nodrop,0,5,33.6085084256291
learnedPE_nodrop,0,5,31.13468321451685
learnedPE_nodrop,0,5,42.55793612267812
learnedPE_nodrop,0,5,39.52270653273949
learnedPE_nodrop,0,5,42.4183118811415
learnedPE_nodrop,0,5,37.053506903035625
learnedPE_nodrop,0,5,41.85500318803075
learnedPE_nodrop,0,5,40.097327110829326
learnedPE_nodrop,0,5,35.32555542627222
learnedPE_nodrop,0,5,42.5177362498814
learnedPE_nodrop,0,5,37.99496651403563
learnedPE_nodrop,0,5,34.48462587844979
learnedPE_nodrop,0,5,38.402783017007565
learnedPE_nodrop,0,5,37.291441368054045
learnedPE_nodrop,0,5,37.0794977503061
learnedPE_nodrop,0,5,38.70790120784187
learnedPE_nodrop,0,5,37.9306044349694
learnedPE_nodrop,0,5,36.59226089084502
learnedPE_nodrop,0,5,40.538419640905865
learnedPE_nodrop,0,5,37.49143011436541
learnedPE_nodrop,0,5,33.72471329187401
learnedPE_nodrop,0,5,38.5437599114942
learnedPE_nodrop,0,5,42.48403274809633
learnedPE_nodrop,0,5,39.16960183484657
learnedPE_nodrop,0,5,43.61946701190439
learnedPE_nodrop,0,5,37.53061524881657
learnedPE_nodrop,0,5,42.75618024134643
learnedPE_nodrop,0,5,44.69813054594872
learnedPE_nodrop,0,5,36.17952340015298
learnedPE_nodrop,0,5,43.938484369621044
learnedPE_nodrop,0,5,42.85044140340199
learnedPE_nodrop,0,5,36.44239653693949
learnedPE_nodrop,0,5,39.02603574307874
learnedPE_nodrop,0,5,41.171434593451615
learnedPE_nodrop,0,5,36.77364275561195
learnedPE_nodrop,0,5,39.77485152966962
learnedPE_nodrop,0,5,40.13446184377361
learnedPE_nodrop,0,5,39.65417985934294
learnedPE_nodrop,0,5,43.20651432431595
learnedPE_nodrop,0,5,40.29072411912991
learnedPE_nodrop,0,5,35.13292913754377
learnedPE_nodrop,0,5,40.76541514794576
learnedPE_nodrop,0,5,37.64992619428444
learnedPE_nodrop,0,5,42.31911683098669
learnedPE_nodrop,0,5,40.87734640025711
learnedPE_nodrop,0,5,37.82020751185817
learnedPE_nodrop,0,5,39.893016484853554
learnedPE_nodrop,0,5,42.7044411724966
learnedPE_nodrop,0,5,40.22521197649667
learnedPE_nodrop,0,5,41.63687228692129
learnedPE_nodrop,0,5,40.70393599769873
learnedPE_nodrop,0,5,43.78076295193174
learnedPE_nodrop,0,5,33.1336622489344
learnedPE_nodrop,0,5,34.78271586988315
learnedPE_nodrop,0,5,33.19155754087001
learnedPE_nodrop,0,5,34.94916235389254
learnedPE_nodrop,0,5,23.79595223175211
learnedPE_nodrop,0,5,28.78049546099108
learnedPE_nodrop,0,5,24.610969254514814
learnedPE_nodrop,0,5,32.795346903968536
learnedPE_nodrop,0,5,27.5657891501004
learnedPE_nodrop,0,5,32.79629207819952
learnedPE_nodrop,0,5,38.51760617929384
learnedPE_nodrop,0,5,34.78026688375844
learnedPE_nodrop,0,5,38.55001242429912
learnedPE_nodrop,0,5,35.29159191944499
learnedPE_nodrop,0,5,35.30263772802048
learnedPE_nodrop,0,5,51.06780430836086
learnedPE_nodrop,0,5,59.86782610192686
learnedPE_nodrop,0,5,57.72064062312654
learnedPE_nodrop,0,5,53.152916364960724
learnedPE_nodrop,0,5,51.78907752557165
learnedPE_nodrop,0,5,58.898897022345466
learnedPE_nodrop,0,5,60.77006573416141
learnedPE_nodrop,0,5,61.27042862516535
learnedPE_nodrop,0,5,56.78486087446433
learnedPE_nodrop,0,5,56.12402592760154
learnedPE_nodrop,0,5,63.34435156824767
learnedPE_nodrop,0,5,74.99730518642315
learnedPE_nodrop,0,5,69.15511900773167
learnedPE_nodrop,0,5,64.36548021175321
learnedPE_nodrop,0,5,61.00727420364785
learnedPE_nodrop,0,5,69.60045355354315
learnedPE_nodrop,0,5,64.70749481232576
learnedPE_nodrop,0,5,65.55799931202876
learnedPE_nodrop,0,5,64.58858512141225
learnedPE_nodrop,0,5,59.6208884879744
learnedPE_nodrop,0,5,72.11193445366239
learnedPE_nodrop,0,5,72.65291065188704
learnedPE_nodrop,0,5,74.55878320477971
learnedPE_nodrop,0,5,70.06041128034819
learnedPE_nodrop,0,5,62.273681913373366
learnedPE_nodrop,0,5,51.360058535059075
learnedPE_nodrop,0,5,62.75494807318722
learnedPE_nodrop,0,5,60.22957047611026
learnedPE_nodrop,0,5,56.910108471924815
learnedPE_nodrop,0,5,53.3674002750554
learnedPE_nodrop,0,5,65.20223682494849
learnedPE_nodrop,0,5,62.10766044989802
learnedPE_nodrop,0,5,64.88025173143929
learnedPE_nodrop,0,5,63.202482536976234
learnedPE_nodrop,0,5,61.92024640791185
learnedPE_nodrop,0,5,64.6411917905266
learnedPE_nodrop,0,5,68.49366298952626
learnedPE_nodrop,0,5,67.77957511400881
learnedPE_nodrop,0,5,69.17180252619323
learnedPE_nodrop,0,5,56.0777070214442
learnedPE_nodrop,0,5,62.46926399786058
learnedPE_nodrop,0,5,67.42500208845026
learnedPE_nodrop,0,5,68.60310559351083
learnedPE_nodrop,0,5,64.87122730210648
learnedPE_nodrop,0,5,55.23054411568836
learnedPE_nodrop,0,5,40.93567935850615
learnedPE_nodrop,0,6,11.968712379867192
learnedPE_nodrop,0,6,9.60967315838489
learnedPE_nodrop,0,6,18.173482519219792
learnedPE_nodrop,0,6,14.839407250188325
learnedPE_nodrop,0,6,12.94519210073849
learnedPE_nodrop,0,6,18.000313796683006
learnedPE_nodrop,0,6,18.503410765615392
learnedPE_nodrop,0,6,18.464243228789645
learnedPE_nodrop,0,6,20.73715218803062
learnedPE_nodrop,0,6,29.64449044852444
learnedPE_nodrop,0,6,22.22219589202938
learnedPE_nodrop,0,6,19.28108494461774
learnedPE_nodrop,0,6,32.33721414962976
learnedPE_nodrop,0,6,26.56849122649343
learnedPE_nodrop,0,6,18.480728228986543
learnedPE_nodrop,0,6,22.08863965798621
learnedPE_nodrop,0,6,22.654488752367154
learnedPE_nodrop,0,6,22.69825191095756
learnedPE_nodrop,0,6,23.745004992191188
learnedPE_nodrop,0,6,22.603963923727857
learnedPE_nodrop,0,6,21.93010868271597
learnedPE_nodrop,0,6,23.53942249443303
learnedPE_nodrop,0,6,25.091388423301574
learnedPE_nodrop,0,6,25.919314879124055
learnedPE_nodrop,0,6,22.293340251081382
learnedPE_nodrop,0,6,20.93669662131374
learnedPE_nodrop,0,6,18.996127479393802
learnedPE_nodrop,0,6,18.40374213334482
learnedPE_nodrop,0,6,24.30643788848366
learnedPE_nodrop,0,6,22.103247103655185
learnedPE_nodrop,0,6,17.869485142672403
learnedPE_nodrop,0,6,21.551647440587736
learnedPE_nodrop,0,6,23.292815347901946
learnedPE_nodrop,0,6,19.78337608327873
learnedPE_nodrop,0,6,24.569183430270005
learnedPE_nodrop,0,6,18.87331730730642
learnedPE_nodrop,0,6,12.298343899642749
learnedPE_nodrop,0,6,22.149226445761755
learnedPE_nodrop,0,6,18.675987640914276
learnedPE_nodrop,0,6,18.066304685031486
learnedPE_nodrop,0,6,20.239363286894772
learnedPE_nodrop,0,6,17.23246485749184
learnedPE_nodrop,0,6,22.217481072052227
learnedPE_nodrop,0,6,21.043545564724926
learnedPE_nodrop,0,6,16.340594392832834
learnedPE_nodrop,0,6,20.490631933369105
learnedPE_nodrop,0,6,18.53371507896814
learnedPE_nodrop,0,6,17.72863040129334
learnedPE_nodrop,0,6,21.322350632867316
learnedPE_nodrop,0,6,21.07542815642494
learnedPE_nodrop,0,6,17.613990927522174
learnedPE_nodrop,0,6,22.614755955438646
learnedPE_nodrop,0,6,23.030558783563045
learnedPE_nodrop,0,6,18.6821887792441
learnedPE_nodrop,0,6,24.84606147777369
learnedPE_nodrop,0,6,18.143312885530914
learnedPE_nodrop,0,6,17.19634147658392
learnedPE_nodrop,0,6,18.725239441330793
learnedPE_nodrop,0,6,24.07910252789309
learnedPE_nodrop,0,6,24.738511624976272
learnedPE_nodrop,0,6,23.81810540590874
learnedPE_nodrop,0,6,19.340482856699683
learnedPE_nodrop,0,6,22.610629179378382
learnedPE_nodrop,0,6,20.225631319111457
learnedPE_nodrop,0,6,22.466064624546718
learnedPE_nodrop,0,6,20.570854875555987
learnedPE_nodrop,0,6,22.536295098069136
learnedPE_nodrop,0,6,16.071545236973854
learnedPE_nodrop,0,6,25.542523316333227
learnedPE_nodrop,0,6,15.54264570357641
learnedPE_nodrop,0,6,23.41008756340896
learnedPE_nodrop,0,6,13.93560874402191
learnedPE_nodrop,0,6,24.02679202497029
learnedPE_nodrop,0,6,23.23530963763327
learnedPE_nodrop,0,6,28.585065296649592
learnedPE_nodrop,0,6,29.776061474218324
learnedPE_nodrop,0,6,26.468345265920227
learnedPE_nodrop,0,6,24.493991968439445
learnedPE_nodrop,0,6,21.54847217788223
learnedPE_nodrop,0,6,21.60950730351197
learnedPE_nodrop,0,6,31.33999424308599
learnedPE_nodrop,0,6,37.527041955836424
learnedPE_nodrop,0,6,31.616156259435723
learnedPE_nodrop,0,6,33.24742942218736
learnedPE_nodrop,0,6,33.65513759159817
learnedPE_nodrop,0,6,33.33049803726267
learnedPE_nodrop,0,6,44.04801272584093
learnedPE_nodrop,0,6,39.05765735585801
learnedPE_nodrop,0,6,34.35488988703622
learnedPE_nodrop,0,6,38.08091272662253
learnedPE_nodrop,0,6,42.682827147441195
learnedPE_nodrop,0,6,54.7316585099668
learnedPE_nodrop,0,6,48.07104899803048
learnedPE_nodrop,0,6,40.27503427210881
learnedPE_nodrop,0,6,36.41424653660418
learnedPE_nodrop,0,6,50.15361209336599
learnedPE_nodrop,0,6,49.32485876696134
learnedPE_nodrop,0,6,46.54145738999368
learnedPE_nodrop,0,6,49.72442717361378
learnedPE_nodrop,0,6,39.51545431673888
learnedPE_nodrop,0,6,49.15661427997553
learnedPE_nodrop,0,6,46.2851794843563
learnedPE_nodrop,0,6,48.31757374997523
learnedPE_nodrop,0,6,41.85869151195739
learnedPE_nodrop,0,6,37.9816462412125
learnedPE_nodrop,0,6,35.33729309114368
learnedPE_nodrop,0,6,45.10452402101899
learnedPE_nodrop,0,6,43.34202438586825
learnedPE_nodrop,0,6,36.93781260611776
learnedPE_nodrop,0,6,36.176610403980966
learnedPE_nodrop,0,6,42.32778502270957
learnedPE_nodrop,0,6,46.56868664285477
learnedPE_nodrop,0,6,45.9783468518341
learnedPE_nodrop,0,6,44.55918360044255
learnedPE_nodrop,0,6,42.2441170651895
learnedPE_nodrop,0,6,43.89974525518609
learnedPE_nodrop,0,6,46.18253741644667
learnedPE_nodrop,0,6,47.9336720362037
learnedPE_nodrop,0,6,44.39005041209308
learnedPE_nodrop,0,6,37.68170151408528
learnedPE_nodrop,0,6,40.78828059972391
learnedPE_nodrop,0,6,43.34339093269441
learnedPE_nodrop,0,6,50.02159988034418
learnedPE_nodrop,0,6,40.95364258111815
learnedPE_nodrop,0,6,34.44344724923879
learnedPE_nodrop,0,6,21.023753896643445
learnedPE_nodrop,0,6,18.202832479699026
learnedPE_nodrop,0,6,15.410707416631825
learnedPE_nodrop,0,6,17.735303857440993
learnedPE_nodrop,0,6,16.4404269636532
learnedPE_nodrop,0,6,19.348267053615636
learnedPE_nodrop,0,6,18.80502119237117
learnedPE_nodrop,0,6,19.264263409582316
learnedPE_nodrop,0,6,18.799299090348583
learnedPE_nodrop,0,6,19.329129176431696
learnedPE_nodrop,0,6,18.202803654105036
learnedPE_nodrop,0,6,36.07028596974392
learnedPE_nodrop,0,6,32.25298065684165
learnedPE_nodrop,0,6,31.65018940415848
learnedPE_nodrop,0,6,33.4445512288949
learnedPE_nodrop,0,6,33.338368490964996
learnedPE_nodrop,0,6,32.144223363083526
learnedPE_nodrop,0,6,32.1778754979617
learnedPE_nodrop,0,6,29.731520852310805
learnedPE_nodrop,0,6,26.019024904150314
learnedPE_nodrop,0,6,28.250824836878053
learnedPE_nodrop,0,6,39.07276540236877
learnedPE_nodrop,0,6,39.00892634599673
learnedPE_nodrop,0,6,36.62549903390511
learnedPE_nodrop,0,6,39.02842310904314
learnedPE_nodrop,0,6,36.4488464818632
learnedPE_nodrop,0,6,35.785427591318246
learnedPE_nodrop,0,6,38.398615307321855
learnedPE_nodrop,0,6,36.183989108322194
learnedPE_nodrop,0,6,34.41778912141472
learnedPE_nodrop,0,6,36.808905934225955
learnedPE_nodrop,0,6,37.66058538189482
learnedPE_nodrop,0,6,37.23995698719988
learnedPE_nodrop,0,6,33.3130435045637
learnedPE_nodrop,0,6,37.63550243952606
learnedPE_nodrop,0,6,27.0048660664957
learnedPE_nodrop,0,6,39.72003827153341
learnedPE_nodrop,0,6,43.09079335066155
learnedPE_nodrop,0,6,34.35548199019426
learnedPE_nodrop,0,6,37.984268419407144
learnedPE_nodrop,0,6,38.36493461122695
learnedPE_nodrop,0,6,34.84469910600849
learnedPE_nodrop,0,6,40.49330767420789
learnedPE_nodrop,0,6,40.10212236401386
learnedPE_nodrop,0,6,31.75231262206951
learnedPE_nodrop,0,6,38.571212921036214
learnedPE_nodrop,0,6,35.82864414473504
learnedPE_nodrop,0,6,38.51947635117608
learnedPE_nodrop,0,6,33.764465615008874
learnedPE_nodrop,0,6,39.41315611143924
learnedPE_nodrop,0,6,24.8824391201317
learnedPE_nodrop,0,6,28.709342339979376
learnedPE_nodrop,0,6,30.677850968723234
learnedPE_nodrop,0,6,32.123260003725605
learnedPE_nodrop,0,6,33.156029843590126
learnedPE_nodrop,0,6,20.584505816492833
learnedPE_nodrop,0,6,14.646723496676511
learnedPE_nodrop,0,6,23.73668077589161
learnedPE_nodrop,0,6,30.41731510226784
learnedPE_nodrop,0,6,25.34858551535253
learnedPE_nodrop,0,6,27.2525012160454
learnedPE_nodrop,0,6,25.068720189970602
learnedPE_nodrop,0,6,27.700959983248353
learnedPE_nodrop,0,6,38.08825011864937
learnedPE_nodrop,0,6,32.25717968782445
learnedPE_nodrop,0,6,33.32925412323413
learnedPE_nodrop,0,6,36.96628953750349
learnedPE_nodrop,0,6,53.46319804952123
learnedPE_nodrop,0,6,50.93031901528142
learnedPE_nodrop,0,6,51.615376952958854
learnedPE_nodrop,0,6,54.11821522159909
learnedPE_nodrop,0,6,49.139405247541625
learnedPE_nodrop,0,6,61.27201787885621
learnedPE_nodrop,0,6,57.18270879607561
learnedPE_nodrop,0,6,66.50480092404499
learnedPE_nodrop,0,6,58.58218575734379
learnedPE_nodrop,0,6,54.389330403429106
learnedPE_nodrop,0,6,40.37393075016109
learnedPE_nodrop,0,6,44.76149110198824
learnedPE_nodrop,0,6,48.33908565519644
learnedPE_nodrop,0,6,56.16650986213718
learnedPE_nodrop,0,6,52.400490395780764
learnedPE_nodrop,0,6,49.47168133073183
learnedPE_nodrop,0,6,36.58664785734953
learnedPE_nodrop,0,6,27.322044984329146
wavePE_nodrop,0,0,94.81005772036785
wavePE_nodrop,0,1,82.8465517836617
wavePE_nodrop,0,1,60.97961262969004
wavePE_nodrop,0,1,64.57053493613743
wavePE_nodrop,0,1,75.4797188646831
wavePE_nodrop,0,1,79.84306735956925
wavePE_nodrop,0,1,76.14745380962401
wavePE_nodrop,0,1,92.16461507143454
wavePE_nodrop,0,1,90.64484203006492
wavePE_nodrop,0,1,93.99404299270245
wavePE_nodrop,0,1,94.38362291300867
wavePE_nodrop,0,2,43.61969794804569
wavePE_nodrop,0,2,57.32314386257291
wavePE_nodrop,0,2,62.041671123506426
wavePE_nodrop,0,2,71.36977252707027
wavePE_nodrop,0,2,50.88409847916303
wavePE_nodrop,0,2,81.13675674587932
wavePE_nodrop,0,2,69.4392099914065
wavePE_nodrop,0,2,82.59345121643658
wavePE_nodrop,0,2,82.88801736369464
wavePE_nodrop,0,2,34.31751993253055
wavePE_nodrop,0,2,53.70326273406616
wavePE_nodrop,0,2,50.18347418515698
wavePE_nodrop,0,2,46.00530382438572
wavePE_nodrop,0,2,57.152428647352416
wavePE_nodrop,0,2,59.27135385897997
wavePE_nodrop,0,2,56.93036683027584
wavePE_nodrop,0,2,60.28068570985741
wavePE_nodrop,0,2,44.87669134942639
wavePE_nodrop,0,2,51.30291681396082
wavePE_nodrop,0,2,45.000389991076354
wavePE_nodrop,0,2,63.40176420698431
wavePE_nodrop,0,2,61.1010328297442
wavePE_nodrop,0,2,64.23504646592406
wavePE_nodrop,0,2,64.2217453230884
wavePE_nodrop,0,2,62.97287822985768
wavePE_nodrop,0,2,57.958932968178814
wavePE_nodrop,0,2,75.73123981682511
wavePE_nodrop,0,2,75.36446454136629
wavePE_nodrop,0,2,73.38861692486903
wavePE_nodrop,0,2,74.08484920789165
wavePE_nodrop,0,2,69.52039688038083
wavePE_nodrop,0,2,77.62098049939836
wavePE_nodrop,0,2,68.19896690487273
wavePE_nodrop,0,2,79.38778605179054
wavePE_nodrop,0,2,80.72569470360804
wavePE_nodrop,0,2,73.32562549305568
wavePE_nodrop,0,2,67.53540520757686
wavePE_nodrop,0,2,72.21252102075701
wavePE_nodrop,0,2,70.99990117765118
wavePE_nodrop,0,2,89.00839356243266
wavePE_nodrop,0,2,86.10845123987987
wavePE_nodrop,0,2,91.6421081023851
wavePE_nodrop,0,2,90.34030785149358
wavePE_nodrop,0,2,91.023548244288
wavePE_nodrop,0,2,91.91937590089493
wavePE_nodrop,0,3,28.899570696874257
wavePE_nodrop,0,3,31.646088552325814
wavePE_nodrop,0,3,29.461872273932567
wavePE_nodrop,0,3,34.65323913386649
wavePE_nodrop,0,3,41.11429485310402
wavePE_nodrop,0,3,39.32537042006003
wavePE_nodrop,0,3,42.585196586949394
wavePE_nodrop,0,3,42.056462704989336
wavePE_nodrop,0,3,43.83086291847553
wavePE_nodrop,0,3,45.79681004044641
wavePE_nodrop,0,3,36.98771707915267
wavePE_nodrop,0,3,55.489626714076266
wavePE_nodrop,0,3,42.745734378395994
wavePE_nodrop,0,3,57.2045738493962
wavePE_nodrop,0,3,59.437660219227816
wavePE_nodrop,0,3,42.664668552430804
wavePE_nodrop,0,3,31.446380157128573
wavePE_nodrop,0,3,63.441383587403145
wavePE_nodrop,0,3,50.05544466769793
wavePE_nodrop,0,3,62.74352247434383
wavePE_nodrop,0,3,63.081944588481306
wavePE_nodrop,0,3,48.41303942012964
wavePE_nodrop,0,3,69.73210579347868
wavePE_nodrop,0,3,61.45476565650938
wavePE_nodrop,0,3,71.87439156956358
wavePE_nodrop,0,3,70.20410763530987
wavePE_nodrop,0,3,58.92579908370115
wavePE_nodrop,0,3,40.02925549241034
wavePE_nodrop,0,3,51.34876513231872
wavePE_nodrop,0,3,53.51842900881907
wavePE_nodrop,0,3,70.11373341877831
wavePE_nodrop,0,3,78.71090050479228
wavePE_nodrop,0,3,81.79370958036125
wavePE_nodrop,0,3,68.97084641150535
wavePE_nodrop,0,3,69.77161314177532
wavePE_nodrop,0,3,80.8264959975685
wavePE_nodrop,0,3,26.519527611792356
wavePE_nodrop,0,3,30.819941461828883
wavePE_nodrop,0,3,25.249803483786405
wavePE_nodrop,0,3,33.36656143416776
wavePE_nodrop,0,3,33.0723327390008
wavePE_nodrop,0,3,33.09913826427578
wavePE_nodrop,0,3,34.33024188370303
wavePE_nodrop,0,3,44.999059515116905
wavePE_nodrop,0,3,41.44328081214858
wavePE_nodrop,0,3,52.24144517708923
wavePE_nodrop,0,3,50.814124510274205
wavePE_nodrop,0,3,50.116999693440015
wavePE_nodrop,0,3,53.29119337484871
wavePE_nodrop,0,3,49.754003594728516
wavePE_nodrop,0,3,49.77697452690292
wavePE_nodrop,0,3,51.68928817240228
wavePE_nodrop,0,3,50.368869412266406
wavePE_nodrop,0,3,50.514773273535695
wavePE_nodrop,0,3,43.325899352309705
wavePE_nodrop,0,3,47.591686470518525
wavePE_nodrop,0,3,46.11707520856433
wavePE_nodrop,0,3,42.69202017780665
wavePE_nodrop,0,3,53.93004376852639
wavePE_nodrop,0,3,50.93307513755501
wavePE_nodrop,0,3,54.32388650102548
wavePE_nodrop,0,3,54.864601670461695
wavePE_nodrop,0,3,57.484416017998605
wavePE_nodrop,0,3,56.68546391083351
wavePE_nodrop,0,3,17.235101383733948
wavePE_nodrop,0,3,31.511147245004768
wavePE_nodrop,0,3,44.22043295329242
wavePE_nodrop,0,3,49.48841020021194
wavePE_nodrop,0,3,44.61841869792035
wavePE_nodrop,0,3,43.9640943036281
wavePE_nodrop,0,3,39.60938530169279
wavePE_nodrop,0,3,51.717484896873465
wavePE_nodrop,0,3,41.66147085081828
wavePE_nodrop,0,3,51.09104835932795
wavePE_nodrop,0,3,51.643311630980484
wavePE_nodrop,0,3,43.87020249168031
wavePE_nodrop,0,3,37.08926862365728
wavePE_nodrop,0,3,42.61016241891484
wavePE_nodrop,0,3,42.677837321315664
wavePE_nodrop,0,3,60.13604693920167
wavePE_nodrop,0,3,58.84758483572388
wavePE_nodrop,0,3,61.61049097855389
wavePE_nodrop,0,3,61.25496021248043
wavePE_nodrop,0,3,62.04050563963585
wavePE_nodrop,0,3,63.293375145869646
wavePE_nodrop,0,3,54.068866841651065
wavePE_nodrop,0,3,63.63798253866197
wavePE_nodrop,0,3,55.13788170244429
wavePE_nodrop,0,3,62.64949911417143
wavePE_nodrop,0,3,61.18440479478284
wavePE_nodrop,0,3,58.261577529132126
wavePE_nodrop,0,3,48.97447118804969
wavePE_nodrop,0,3,56.038605164428375
wavePE_nodrop,0,3,54.17268438962518
wavePE_nodrop,0,3,76.23903903483442
wavePE_nodrop,0,3,69.00654865116161
wavePE_nodrop,0,3,75.9809651840526
wavePE_nodrop,0,3,72.12233061884544
wavePE_nodrop,0,3,73.3784014573316
wavePE_nodrop,0,3,69.95170383545272
wavePE_nodrop,0,3,62.80227723292082
wavePE_nodrop,0,3,58.5135944336905
wavePE_nodrop,0,3,68.98627075492408
wavePE_nodrop,0,3,64.94444143750884
wavePE_nodrop,0,3,69.27898383739794
wavePE_nodrop,0,3,71.56528125160526
wavePE_nodrop,0,3,76.96409303422058
wavePE_nodrop,0,3,66.98710733844904
wavePE_nodrop,0,3,65.09686538609539
wavePE_nodrop,0,3,75.81791607584003
wavePE_nodrop,0,3,67.94079547564245
wavePE_nodrop,0,3,68.34466789581322
wavePE_nodrop,0,3,67.0173114219584
wavePE_nodrop,0,3,65.15745750704342
wavePE_nodrop,0,3,60.370086825955525
wavePE_nodrop,0,3,67.67045962123079
wavePE_nodrop,0,3,79.89147765593701
wavePE_nodrop,0,3,88.43914406737247
wavePE_nodrop,0,3,82.84026930172081
wavePE_nodrop,0,3,86.57817681224833
wavePE_nodrop,0,4,20.056591404695602
wavePE_nodrop,0,4,16.75802051214122
wavePE_nodrop,0,4,20.657376250982246
wavePE_nodrop,0,4,27.133112276918304
wavePE_nodrop,0,4,27.04589777684328
wavePE_nodrop,0,4,29.114746129569646
wavePE_nodrop,0,4,30.806002360126417
wavePE_nodrop,0,4,20.1509915441148
wavePE_nodrop,0,4,24.69065245598626
wavePE_nodrop,0,4,31.30429259281222
wavePE_nodrop,0,4,27.322530191712435
wavePE_nodrop,0,4,31.796889344803485
wavePE_nodrop,0,4,31.85083324460446
wavePE_nodrop,0,4,34.072511320642676
wavePE_nodrop,0,4,27.224179821308326
wavePE_nodrop,0,4,30.39792837710369
wavePE_nodrop,0,4,28.880217186743984
wavePE_nodrop,0,4,32.70858225497093
wavePE_nodrop,0,4,32.83058386843702
wavePE_nodrop,0,4,34.02640921387677
wavePE_nodrop,0,4,35.94278620778411
wavePE_nodrop,0,4,31.876250990518628
wavePE_nodrop,0,4,38.12059724602131
wavePE_nodrop,0,4,41.06918603215179
wavePE_nodrop,0,4,38.9116162993568
wavePE_nodrop,0,4,41.38777251891284
wavePE_nodrop,0,4,37.615779490526144
wavePE_nodrop,0,4,38.95260193687253
wavePE_nodrop,0,4,14.12140406479277
wavePE_nodrop,0,4,28.78657294399231
wavePE_nodrop,0,4,43.13150663674972
wavePE_nodrop,0,4,43.753365597621794
wavePE_nodrop,0,4,41.818696393474994
wavePE_nodrop,0,4,42.20295057585029
wavePE_nodrop,0,4,31.723728867478307
wavePE_nodrop,0,4,49.317448417628626
wavePE_nodrop,0,4,31.14609451811049
wavePE_nodrop,0,4,45.33659211552906
wavePE_nodrop,0,4,45.91554046206229
wavePE_nodrop,0,4,36.704112554868864
wavePE_nodrop,0,4,29.657052135243987
wavePE_nodrop,0,4,36.82954136659701
wavePE_nodrop,0,4,38.12034089420134
wavePE_nodrop,0,4,44.05104101301312
wavePE_nodrop,0,4,52.428380108853176
wavePE_nodrop,0,4,55.959541966254875
wavePE_nodrop,0,4,43.415157161756895
wavePE_nodrop,0,4,45.85138813230645
wavePE_nodrop,0,4,57.52628275449916
wavePE_nodrop,0,4,23.96946744924702
wavePE_nodrop,0,4,44.03246656001786
wavePE_nodrop,0,4,36.94237328655723
wavePE_nodrop,0,4,44.57066760596642
wavePE_nodrop,0,4,43.90958454354128
wavePE_nodrop,0,4,37.33722324642025
wavePE_nodrop,0,4,29.012579175759225
wavePE_nodrop,0,4,36.357417702492725
wavePE_nodrop,0,4,32.83199201979295
wavePE_nodrop,0,4,55.303810748691376
wavePE_nodrop,0,4,60.48119572577495
wavePE_nodrop,0,4,65.41181424731847
wavePE_nodrop,0,4,56.71394863397852
wavePE_nodrop,0,4,52.22273787692602
wavePE_nodrop,0,4,60.67713239391228
wavePE_nodrop,0,4,45.233566952562775
wavePE_nodrop,0,4,36.44580296056839
wavePE_nodrop,0,4,48.148379146655586
wavePE_nodrop,0,4,49.24120290430671
wavePE_nodrop,0,4,61.54877174984428
wavePE_nodrop,0,4,66.4694874928882
wavePE_nodrop,0,4,65.92839317070359
wavePE_nodrop,0,4,60.59974554182735
wavePE_nodrop,0,4,60.2235766609972
wavePE_nodrop,0,4,63.68389369646381
wavePE_nodrop,0,4,43.228907572153076
wavePE_nodrop,0,4,56.05573872803231
wavePE_nodrop,0,4,58.03004526353158
wavePE_nodrop,0,4,41.5783885536299
wavePE_nodrop,0,4,42.45166399979996
wavePE_nodrop,0,4,53.22392934928249
wavePE_nodrop,0,4,61.34354881235713
wavePE_nodrop,0,4,69.4861761384441
wavePE_nodrop,0,4,72.75102558035371
wavePE_nodrop,0,4,66.2349690820245
wavePE_nodrop,0,4,18.893306997014697
wavePE_nodrop,0,4,18.575797709373738
wavePE_nodrop,0,4,25.618234654252962
wavePE_nodrop,0,4,28.282895735963532
wavePE_nodrop,0,4,24.99328825689973
wavePE_nodrop,0,4,25.866961533311017
wavePE_nodrop,0,4,25.45349989892513
wavePE_nodrop,0,4,31.70470289485313
wavePE_nodrop,0,4,31.041265457806976
wavePE_nodrop,0,4,30.722429564288078
wavePE_nodrop,0,4,31.481050357861406
wavePE_nodrop,0,4,21.87443716056985
wavePE_nodrop,0,4,26.226930298174857
wavePE_nodrop,0,4,26.75641748058306
wavePE_nodrop,0,4,22.793507595343797
wavePE_nodrop,0,4,31.327013095868278
wavePE_nodrop,0,4,29.37586431936169
wavePE_nodrop,0,4,32.084702300201585
wavePE_nodrop,0,4,30.99183710856186
wavePE_nodrop,0,4,31.45752239164655
wavePE_nodrop,0,4,32.95266556122299
wavePE_nodrop,0,4,47.89143982692112
wavePE_nodrop,0,4,44.26167697673
wavePE_nodrop,0,4,42.53102046553502
wavePE_nodrop,0,4,45.1757692367596
wavePE_nodrop,0,4,44.83063766251407
wavePE_nodrop,0,4,43.559953624078084
wavePE_nodrop,0,4,40.7220557277965
wavePE_nodrop,0,4,38.613200134753534
wavePE_nodrop,0,4,35.782440576242955
wavePE_nodrop,0,4,48.67137669827593
wavePE_nodrop,0,4,45.180425039152084
wavePE_nodrop,0,4,51.31598221485984
wavePE_nodrop,0,4,46.16822775573741
wavePE_nodrop,0,4,49.114796478532774
wavePE_nodrop,0,4,51.38303721323578
wavePE_nodrop,0,4,47.12384951593312
wavePE_nodrop,0,4,51.93948776008388
wavePE_nodrop,0,4,47.41907053337731
wavePE_nodrop,0,4,43.67275492367886
wavePE_nodrop,0,4,51.93482152209796
wavePE_nodrop,0,4,44.677430502088235
wavePE_nodrop,0,4,49.621807188750225
wavePE_nodrop,0,4,49.3525576252424
wavePE_nodrop,0,4,50.057171137177484
wavePE_nodrop,0,4,51.43937176710196
wavePE_nodrop,0,4,41.803785309272214
wavePE_nodrop,0,4,39.45288959428264
wavePE_nodrop,0,4,38.84981285855814
wavePE_nodrop,0,4,46.88966136133235
wavePE_nodrop,0,4,44.27998817888497
wavePE_nodrop,0,4,42.38972565218578
wavePE_nodrop,0,4,47.38961695659699
wavePE_nodrop,0,4,50.45142356527181
wavePE_nodrop,0,4,47.933800331694115
wavePE_nodrop,0,4,53.40548085829744
wavePE_nodrop,0,4,15.140628728276063
wavePE_nodrop,0,4,16.378035565102696
wavePE_nodrop,0,4,15.038672189434173
wavePE_nodrop,0,4,19.975075098826334
wavePE_nodrop,0,4,18.903442527267035
wavePE_nodrop,0,4,30.66970854386356
wavePE_nodrop,0,4,30.420591053892558
wavePE_nodrop,0,4,31.806403087698747
wavePE_nodrop,0,4,29.500051051095035
wavePE_nodrop,0,4,47.17696743624551
wavePE_nodrop,0,4,42.404559816141024
wavePE_nodrop,0,4,43.41148241178032
wavePE_nodrop,0,4,49.82670315034648
wavePE_nodrop,0,4,48.92035787903182
wavePE_nodrop,0,4,41.05192558373047
wavePE_nodrop,0,4,38.21430471084487
wavePE_nodrop,0,4,28.567177529426687
wavePE_nodrop,0,4,38.822366007641236
wavePE_nodrop,0,4,36.131291589397115
wavePE_nodrop,0,4,42.950113658880156
wavePE_nodrop,0,4,48.21014626626786
wavePE_nodrop,0,4,51.29271833987228
wavePE_nodrop,0,4,41.2036947510672
wavePE_nodrop,0,4,41.78167982141618
wavePE_nodrop,0,4,46.12757612869553
wavePE_nodrop,0,4,37.548831073768405
wavePE_nodrop,0,4,40.92831633651072
wavePE_nodrop,0,4,38.11762035832162
wavePE_nodrop,0,4,39.418701850284585
wavePE_nodrop,0,4,34.54069632478457
wavePE_nodrop,0,4,40.48140782894778
wavePE_nodrop,0,4,55.94146022797503
wavePE_nodrop,0,4,58.960675066625036
wavePE_nodrop,0,4,55.859037031509764
wavePE_nodrop,0,4,62.212323377396295
wavePE_nodrop,0,4,50.70480058122164
wavePE_nodrop,0,4,43.91357041787287
wavePE_nodrop,0,4,52.52581528906348
wavePE_nodrop,0,4,48.52418116443225
wavePE_nodrop,0,4,55.97139273737894
wavePE_nodrop,0,4,58.472587362194794
wavePE_nodrop,0,4,62.03842380872586
wavePE_nodrop,0,4,52.293188678292715
wavePE_nodrop,0,4,53.1507037363775
wavePE_nodrop,0,4,55.90120020322822
wavePE_nodrop,0,4,48.86022389478291
wavePE_nodrop,0,4,51.11596110853167
wavePE_nodrop,0,4,54.27986351953626
wavePE_nodrop,0,4,45.78049912121145
wavePE_nodrop,0,4,44.736317621675916
wavePE_nodrop,0,4,50.47963327867508
wavePE_nodrop,0,4,61.08562219364313
wavePE_nodrop,0,4,73.99528595236598
wavePE_nodrop,0,4,63.999405103331206
wavePE_nodrop,0,4,66.99340345595208
wavePE_nodrop,0,4,50.28121419638922
wavePE_nodrop,0,4,53.93896611650884
wavePE_nodrop,0,4,52.99553030753936
wavePE_nodrop,0,4,60.78280076496095
wavePE_nodrop,0,4,52.955609975770166
wavePE_nodrop,0,4,61.212289306470694
wavePE_nodrop,0,4,59.96222528237818
wavePE_nodrop,0,4,65.64664663934917
wavePE_nodrop,0,4,69.16826506939542
wavePE_nodrop,0,4,57.03016524186445
wavePE_nodrop,0,4,57.50009332294326
wavePE_nodrop,0,4,56.551498952407655
wavePE_nodrop,0,4,52.999559638034256
wavePE_nodrop,0,4,58.30887868906576
wavePE_nodrop,0,4,64.64188137758335
wavePE_nodrop,0,5,5.470570294781607
wavePE_nodrop,0,5,15.085595720138912
wavePE_nodrop,0,5,18.85593488695474
wavePE_nodrop,0,5,21.14593689545065
wavePE_nodrop,0,5,19.36249065939665
wavePE_nodrop,0,5,20.279608270933924
wavePE_nodrop,0,5,16.9550595289254
wavePE_nodrop,0,5,17.26191489988086
wavePE_nodrop,0,5,17.13619453030628
wavePE_nodrop,0,5,17.93229313088636
wavePE_nodrop,0,5,16.443560617551427
wavePE_nodrop,0,5,16.44866310210748
wavePE_nodrop,0,5,20.566993603601
wavePE_nodrop,0,5,20.754721753229354
wavePE_nodrop,0,5,20.311767383772857
wavePE_nodrop,0,5,25.271819167537796
wavePE_nodrop,0,5,25.804071998783186
wavePE_nodrop,0,5,28.447620992037493
wavePE_nodrop,0,5,28.332184355358276
wavePE_nodrop,0,5,27.88521616145081
wavePE_nodrop,0,5,33.81087668530049
wavePE_nodrop,0,5,24.311806465786496
wavePE_nodrop,0,5,18.04112439045108
wavePE_nodrop,0,5,16.459837718776534
wavePE_nodrop,0,5,17.736406419509297
wavePE_nodrop,0,5,19.637103996022283
wavePE_nodrop,0,5,24.600180415876675
wavePE_nodrop,0,5,21.952628406881324
wavePE_nodrop,0,5,24.066488365587563
wavePE_nodrop,0,5,23.373193784072775
wavePE_nodrop,0,5,25.169753145657243
wavePE_nodrop,0,5,29.72247336322247
wavePE_nodrop,0,5,30.323337043703326
wavePE_nodrop,0,5,30.180804016153456
wavePE_nodrop,0,5,28.028420602958498
wavePE_nodrop,0,5,30.122857707613505
wavePE_nodrop,0,5,30.74530463427323
wavePE_nodrop,0,5,35.992892204105644
wavePE_nodrop,0,5,30.52308948790679
wavePE_nodrop,0,5,28.127489546372104
wavePE_nodrop,0,5,29.336635963188794
wavePE_nodrop,0,5,26.411165920795987
wavePE_nodrop,0,5,28.927776823335538
wavePE_nodrop,0,5,28.087487386570302
wavePE_nodrop,0,5,30.168782106069074
wavePE_nodrop,0,5,34.1685474016087
wavePE_nodrop,0,5,32.523814172382096
wavePE_nodrop,0,5,32.53471176433273
wavePE_nodrop,0,5,30.256181258067816
wavePE_nodrop,0,5,37.00122880247176
wavePE_nodrop,0,5,35.055224364159365
wavePE_nodrop,0,5,30.355818413281394
wavePE_nodrop,0,5,38.199764267836436
wavePE_nodrop,0,5,37.37003389833209
wavePE_nodrop,0,5,34.86802964494018
wavePE_nodrop,0,5,36.07962905974842
wavePE_nodrop,0,5,16.675168894627983
wavePE_nodrop,0,5,13.310866147801592
wavePE_nodrop,0,5,13.310629486524173
wavePE_nodrop,0,5,15.360357233561766
wavePE_nodrop,0,5,14.687721534722453
wavePE_nodrop,0,5,28.94434160716254
wavePE_nodrop,0,5,27.40221979714243
wavePE_nodrop,0,5,29.900997524581186
wavePE_nodrop,0,5,28.568842371117555
wavePE_nodrop,0,5,39.904287816797016
wavePE_nodrop,0,5,42.33388018535335
wavePE_nodrop,0,5,39.83025526895312
wavePE_nodrop,0,5,42.369513712775095
wavePE_nodrop,0,5,42.727777252145906
wavePE_nodrop,0,5,38.68458024846749
wavePE_nodrop,0,5,29.88707445157314
wavePE_nodrop,0,5,21.92692184030663
wavePE_nodrop,0,5,31.16879058201178
wavePE_nodrop,0,5,31.522254247172594
wavePE_nodrop,0,5,37.40672332549381
wavePE_nodrop,0,5,47.79439313898569
wavePE_nodrop,0,5,41.468190347888914
wavePE_nodrop,0,5,30.725961335351247
wavePE_nodrop,0,5,32.35332410458791
wavePE_nodrop,0,5,38.816079274099394
wavePE_nodrop,0,5,27.938373042944843
wavePE_nodrop,0,5,36.46178796019598
wavePE_nodrop,0,5,38.97304539398099
wavePE_nodrop,0,5,28.50143559196747
wavePE_nodrop,0,5,31.775754960460826
wavePE_nodrop,0,5,38.91680771743652
wavePE_nodrop,0,5,39.261033946321085
wavePE_nodrop,0,5,44.01449723346277
wavePE_nodrop,0,5,50.71638636079029
wavePE_nodrop,0,5,44.74338632073681
wavePE_nodrop,0,5,24.062387709090178
wavePE_nodrop,0,5,20.876033800695616
wavePE_nodrop,0,5,24.758044487856843
wavePE_nodrop,0,5,24.85757000444219
wavePE_nodrop,0,5,39.29781314463423
wavePE_nodrop,0,5,39.00107481395341
wavePE_nodrop,0,5,41.98097945961261
wavePE_nodrop,0,5,38.09204804121722
wavePE_nodrop,0,5,41.48887808330506
wavePE_nodrop,0,5,41.76494621344101
wavePE_nodrop,0,5,28.895158731814945
wavePE_nodrop,0,5,39.52484073875934
wavePE_nodrop,0,5,37.99780696442496
wavePE_nodrop,0,5,33.6138504825629
wavePE_nodrop,0,5,27.81175382977797
wavePE_nodrop,0,5,34.373510200272
wavePE_nodrop,0,5,54.73937015992914
wavePE_nodrop,0,5,55.313709815015976
wavePE_nodrop,0,5,55.91170957180355
wavePE_nodrop,0,5,57.251557481759505
wavePE_nodrop,0,5,30.812263812841362
wavePE_nodrop,0,5,45.03802219277047
wavePE_nodrop,0,5,42.53175322163314
wavePE_nodrop,0,5,37.99198104195818
wavePE_nodrop,0,5,39.905716857878495
wavePE_nodrop,0,5,49.371157048911215
wavePE_nodrop,0,5,52.604813516098716
wavePE_nodrop,0,5,57.990985468436854
wavePE_nodrop,0,5,56.646429093194975
wavePE_nodrop,0,5,50.88401076428143
wavePE_nodrop,0,5,39.29116422819495
wavePE_nodrop,0,5,40.9371513278165
wavePE_nodrop,0,5,50.69042769780631
wavePE_nodrop,0,5,43.145322530056355
wavePE_nodrop,0,5,41.34442564644638
wavePE_nodrop,0,5,11.850760182409791
wavePE_nodrop,0,5,13.891242261034364
wavePE_nodrop,0,5,17.394160376236133
wavePE_nodrop,0,5,20.969922234438897
wavePE_nodrop,0,5,19.805805468422697
wavePE_nodrop,0,5,19.283753349833116
wavePE_nodrop,0,5,22.39298402319736
wavePE_nodrop,0,5,18.926487405119676
wavePE_nodrop,0,5,16.915449561968057
wavePE_nodrop,0,5,26.34972191157359
wavePE_nodrop,0,5,24.194669605277134
wavePE_nodrop,0,5,24.940808497761047
wavePE_nodrop,0,5,27.594042544377967
wavePE_nodrop,0,5,27.289459975966057
wavePE_nodrop,0,5,24.623088817841687
wavePE_nodrop,0,5,24.219018118971764
wavePE_nodrop,0,5,30.017934825955805
wavePE_nodrop,0,5,23.799855582992897
wavePE_nodrop,0,5,24.84358491915626
wavePE_nodrop,0,5,30.766956598426553
wavePE_nodrop,0,5,30.635435020895464
wavePE_nodrop,0,5,31.930962245029825
wavePE_nodrop,0,5,31.925269711925843
wavePE_nodrop,0,5,30.039239144363773
wavePE_nodrop,0,5,31.82441663989447
wavePE_nodrop,0,5,20.62890685129906
wavePE_nodrop,0,5,19.73592904180276
wavePE_nodrop,0,5,19.147754203320797
wavePE_nodrop,0,5,27.70323724175293
wavePE_nodrop,0,5,24.458120175646332
wavePE_nodrop,0,5,24.102127452218298
wavePE_nodrop,0,5,26.701256114046213
wavePE_nodrop,0,5,27.191344835094377
wavePE_nodrop,0,5,26.525468462121992
wavePE_nodrop,0,5,32.545352892013334
wavePE_nodrop,0,5,44.21844179115292
wavePE_nodrop,0,5,50.275830953957026
wavePE_nodrop,0,5,48.736323349987444
wavePE_nodrop,0,5,39.949290303576525
wavePE_nodrop,0,5,45.807165697746115
wavePE_nodrop,0,5,41.4475484840802
wavePE_nodrop,0,5,44.664650533810146
wavePE_nodrop,0,5,36.77787243222883
wavePE_nodrop,0,5,38.59421590259544
wavePE_nodrop,0,5,42.45093661997351
wavePE_nodrop,0,5,39.764844243466754
wavePE_nodrop,0,5,37.11401172538575
wavePE_nodrop,0,5,35.993483544383444
wavePE_nodrop,0,5,37.9716254161559
wavePE_nodrop,0,5,32.37381597274209
wavePE_nodrop,0,5,34.625980578151
wavePE_nodrop,0,5,38.72877049930153
wavePE_nodrop,0,5,46.507665645393296
wavePE_nodrop,0,5,44.31293796499946
wavePE_nodrop,0,5,44.98920782686307
wavePE_nodrop,0,5,45.46736369230556
wavePE_nodrop,0,5,40.04807605911775
wavePE_nodrop,0,5,38.50890309809955
wavePE_nodrop,0,5,44.719593114864374
wavePE_nodrop,0,5,43.130122870098496
wavePE_nodrop,0,5,42.835962941524606
wavePE_nodrop,0,5,43.83415569650437
wavePE_nodrop,0,5,48.6618105837003
wavePE_nodrop,0,5,41.663415950788384
wavePE_nodrop,0,5,42.00002937564571
wavePE_nodrop,0,5,37.31478943893818
wavePE_nodrop,0,5,37.30311835592819
wavePE_nodrop,0,5,35.11577838537276
wavePE_nodrop,0,5,36.84437850214438
wavePE_nodrop,0,5,33.317784133228024
wavePE_nodrop,0,5,16.896359561664692
wavePE_nodrop,0,5,13.233168934396048
wavePE_nodrop,0,5,16.816719340421574
wavePE_nodrop,0,5,15.904235287044477
wavePE_nodrop,0,5,11.588373602533233
wavePE_nodrop,0,5,17.558902800134696
wavePE_nodrop,0,5,16.79697855219162
wavePE_nodrop,0,5,17.520061947122624
wavePE_nodrop,0,5,14.707691359622816
wavePE_nodrop,0,5,21.569502598732175
wavePE_nodrop,0,5,28.897479267817683
wavePE_nodrop,0,5,27.647094433866354
wavePE_nodrop,0,5,29.30798042537368
wavePE_nodrop,0,5,29.251439545358238
wavePE_nodrop,0,5,26.25366183736998
wavePE_nodrop,0,5,29.61441287064263
wavePE_nodrop,0,5,44.961371430046235
wavePE_nodrop,0,5,46.25082755083679
wavePE_nodrop,0,5,40.13185476813537
wavePE_nodrop,0,5,47.47605072484389
wavePE_nodrop,0,5,26.102195433097375
wavePE_nodrop,0,5,31.490756905688034
wavePE_nodrop,0,5,32.16498163324967
wavePE_nodrop,0,5,30.891519125848006
wavePE_nodrop,0,5,27.465491762739724
wavePE_nodrop,0,5,33.84781201591618
wavePE_nodrop,0,5,38.11383410258987
wavePE_nodrop,0,5,41.86450238682771
wavePE_nodrop,0,5,42.36725927125226
wavePE_nodrop,0,5,34.70722907495474
wavePE_nodrop,0,5,34.88846866336575
wavePE_nodrop,0,5,32.43469845748812
wavePE_nodrop,0,5,32.580936127780966
wavePE_nodrop,0,5,36.33210353138499
wavePE_nodrop,0,5,49.788650787557856
wavePE_nodrop,0,5,38.51540213598932
wavePE_nodrop,0,5,47.48637784177682
wavePE_nodrop,0,5,43.50751488685588
wavePE_nodrop,0,5,43.915560207808085
wavePE_nodrop,0,5,40.43209797181502
wavePE_nodrop,0,5,47.682263493099775
wavePE_nodrop,0,5,45.71808285147939
wavePE_nodrop,0,5,53.644859796004084
wavePE_nodrop,0,5,54.46114696081483
wavePE_nodrop,0,5,42.181161487508696
wavePE_nodrop,0,5,40.700765348137516
wavePE_nodrop,0,5,45.50900600571984
wavePE_nodrop,0,5,45.26336635005725
wavePE_nodrop,0,5,45.31904637888677
wavePE_nodrop,0,5,51.25034690983139
wavePE_nodrop,0,5,46.25524710946405
wavePE_nodrop,0,5,41.589634771157854
wavePE_nodrop,0,5,45.30336046385118
wavePE_nodrop,0,5,47.095556213084855
wavePE_nodrop,0,5,41.70983302517973
wavePE_nodrop,0,5,36.63042361684112
wavePE_nodrop,0,6,4.158250817109758
wavePE_nodrop,0,6,1.7341199124930502
wavePE_nodrop,0,6,3.643422079233284
wavePE_nodrop,0,6,3.6212149539228493
wavePE_nodrop,0,6,8.00444215837014
wavePE_nodrop,0,6,14.809674932981359
wavePE_nodrop,0,6,16.57285413318782
wavePE_nodrop,0,6,14.800998232569862
wavePE_nodrop,0,6,14.581294572485925
wavePE_nodrop,0,6,19.510491755322878
wavePE_nodrop,0,6,18.786248778108973
wavePE_nodrop,0,6,18.886901452502563
wavePE_nodrop,0,6,20.643043506875795
wavePE_nodrop,0,6,20.455693641318813
wavePE_nodrop,0,6,18.389151041051214
wavePE_nodrop,0,6,13.960542795047346
wavePE_nodrop,0,6,17.07650677360488
wavePE_nodrop,0,6,15.635614756149979
wavePE_nodrop,0,6,15.39381225930329
wavePE_nodrop,0,6,16.313447878659147
wavePE_nodrop,0,6,17.351387252304384
wavePE_nodrop,0,6,17.299424396061706
wavePE_nodrop,0,6,19.16563334770552
wavePE_nodrop,0,6,15.56878678294113
wavePE_nodrop,0,6,17.819374493052482
wavePE_nodrop,0,6,17.57410604393628
wavePE_nodrop,0,6,15.416703173076696
wavePE_nodrop,0,6,16.063275105117953
wavePE_nodrop,0,6,22.49396514786966
wavePE_nodrop,0,6,24.87090249153596
wavePE_nodrop,0,6,21.176472020690014
wavePE_nodrop,0,6,26.390291268254835
wavePE_nodrop,0,6,25.0564018793762
wavePE_nodrop,0,6,28.488273232649053
wavePE_nodrop,0,6,31.97201159318076
wavePE_nodrop,0,6,17.76576561378085
wavePE_nodrop,0,6,22.981468421744335
wavePE_nodrop,0,6,21.59233980709456
wavePE_nodrop,0,6,20.128057129298387
wavePE_nodrop,0,6,21.13605118325218
wavePE_nodrop,0,6,15.582008840411508
wavePE_nodrop,0,6,17.19535665859538
wavePE_nodrop,0,6,12.808834705102301
wavePE_nodrop,0,6,14.909558325169655
wavePE_nodrop,0,6,16.337990305657378
wavePE_nodrop,0,6,19.859305690487954
wavePE_nodrop,0,6,22.210062227237398
wavePE_nodrop,0,6,24.942483313668156
wavePE_nodrop,0,6,24.810441178486705
wavePE_nodrop,0,6,27.0378386125681
wavePE_nodrop,0,6,24.940483956646204
wavePE_nodrop,0,6,27.529844457707252
wavePE_nodrop,0,6,26.09747694472897
wavePE_nodrop,0,6,25.605059964443328
wavePE_nodrop,0,6,28.26927108038039
wavePE_nodrop,0,6,30.70951221435309
wavePE_nodrop,0,6,28.83794404153715
wavePE_nodrop,0,6,23.96386544949568
wavePE_nodrop,0,6,25.50591913072559
wavePE_nodrop,0,6,31.602566430233693
wavePE_nodrop,0,6,29.70812858123379
wavePE_nodrop,0,6,26.309022399072973
wavePE_nodrop,0,6,33.3803635197789
wavePE_nodrop,0,6,25.335484201111125
wavePE_nodrop,0,6,24.013185823949556
wavePE_nodrop,0,6,30.61105817364283
wavePE_nodrop,0,6,27.484702159412823
wavePE_nodrop,0,6,28.844542562963472
wavePE_nodrop,0,6,27.516895860534525
wavePE_nodrop,0,6,28.796217464736735
wavePE_nodrop,0,6,12.574362364225381
wavePE_nodrop,0,6,12.909619411296042
wavePE_nodrop,0,6,18.076064942336522
wavePE_nodrop,0,6,17.5107385027074
wavePE_nodrop,0,6,11.23302791934425
wavePE_nodrop,0,6,12.750673380448863
wavePE_nodrop,0,6,12.379470507670153
wavePE_nodrop,0,6,15.866727161913907
wavePE_nodrop,0,6,13.025680811229979
wavePE_nodrop,0,6,15.979263617112585
wavePE_nodrop,0,6,21.24692749874841
wavePE_nodrop,0,6,30.393290743057243
wavePE_nodrop,0,6,30.56885496687499
wavePE_nodrop,0,6,26.851719640233078
wavePE_nodrop,0,6,27.526737882502616
wavePE_nodrop,0,6,29.9538484104888
wavePE_nodrop,0,6,37.0082190796618
wavePE_nodrop,0,6,37.87979540816915
wavePE_nodrop,0,6,37.66641056629018
wavePE_nodrop,0,6,40.38955308132582
wavePE_nodrop,0,6,17.4669279739933
wavePE_nodrop,0,6,25.13397920000715
wavePE_nodrop,0,6,29.733635496438183
wavePE_nodrop,0,6,21.281507163313346
wavePE_nodrop,0,6,21.71582541545119
wavePE_nodrop,0,6,31.89502772340644
wavePE_nodrop,0,6,35.282463827405174
wavePE_nodrop,0,6,33.825372434099485
wavePE_nodrop,0,6,36.809545591071284
wavePE_nodrop,0,6,23.909718553226188
wavePE_nodrop,0,6,23.19910430546341
wavePE_nodrop,0,6,28.344201940312047
wavePE_nodrop,0,6,36.924652287486495
wavePE_nodrop,0,6,27.314549170681506
wavePE_nodrop,0,6,31.906764370461943
wavePE_nodrop,0,6,21.11902785005787
wavePE_nodrop,0,6,29.49930568511146
wavePE_nodrop,0,6,22.364641946868684
wavePE_nodrop,0,6,20.5656085151516
wavePE_nodrop,0,6,23.481395197719742
wavePE_nodrop,0,6,28.753005832097124
wavePE_nodrop,0,6,31.8254451343846
wavePE_nodrop,0,6,41.00961140383232
wavePE_nodrop,0,6,32.66176528233934
wavePE_nodrop,0,6,35.9139877379075
wavePE_nodrop,0,6,34.00727676586003
wavePE_nodrop,0,6,28.939474801710453
wavePE_nodrop,0,6,37.302986381366054
wavePE_nodrop,0,6,32.15182708590554
wavePE_nodrop,0,6,42.08145556176518
wavePE_nodrop,0,6,40.402125432149454
wavePE_nodrop,0,6,33.29127616913911
wavePE_nodrop,0,6,30.207410505343834
wavePE_nodrop,0,6,36.36050641880134
wavePE_nodrop,0,6,34.12953250381747
wavePE_nodrop,0,6,7.637602765843621
wavePE_nodrop,0,6,10.289399289673291
wavePE_nodrop,0,6,12.8039118944092
wavePE_nodrop,0,6,12.591823963793233
wavePE_nodrop,0,6,11.506706066513402
wavePE_nodrop,0,6,13.461075845834358
wavePE_nodrop,0,6,15.047732319535106
wavePE_nodrop,0,6,15.738448280801803
wavePE_nodrop,0,6,18.52142324137355
wavePE_nodrop,0,6,18.841183830467333
wavePE_nodrop,0,6,21.122146362812025
wavePE_nodrop,0,6,21.182690503600554
wavePE_nodrop,0,6,18.036344135177053
wavePE_nodrop,0,6,17.065749660951735
wavePE_nodrop,0,6,25.918252339056586
wavePE_nodrop,0,6,20.514840851439654
wavePE_nodrop,0,6,17.540992879803063
wavePE_nodrop,0,6,24.607403640859225
wavePE_nodrop,0,6,25.40051858612325
wavePE_nodrop,0,6,23.598001493639643
wavePE_nodrop,0,6,25.867649609674213
wavePE_nodrop,0,6,25.67637433847444
wavePE_nodrop,0,6,22.38560449061232
wavePE_nodrop,0,6,24.151166322142217
wavePE_nodrop,0,6,27.585683125079775
wavePE_nodrop,0,6,28.590947901216644
wavePE_nodrop,0,6,25.2288019821991
wavePE_nodrop,0,6,26.095213904498337
wavePE_nodrop,0,6,29.65708339327807
wavePE_nodrop,0,6,29.884517628255892
wavePE_nodrop,0,6,26.596971968237813
wavePE_nodrop,0,6,22.109758893052135
wavePE_nodrop,0,6,17.297433242673975
wavePE_nodrop,0,6,16.969520329250372
wavePE_nodrop,0,6,24.145980576997562
wavePE_nodrop,0,6,20.556573599397638
wavePE_nodrop,0,6,47.85121624826134
wavePE_nodrop,0,6,42.03523712633671
wavePE_nodrop,0,6,33.53359276635857
wavePE_nodrop,0,6,41.63422554524679
wavePE_nodrop,0,6,40.04086995716546
wavePE_nodrop,0,6,41.23081351555999
wavePE_nodrop,0,6,34.98755255450705
wavePE_nodrop,0,6,41.27576031265252
wavePE_nodrop,0,6,38.48049202834887
wavePE_nodrop,0,6,29.959319864738056
wavePE_nodrop,0,6,29.771958960308947
wavePE_nodrop,0,6,31.061855983807146
wavePE_nodrop,0,6,32.04936162976905
wavePE_nodrop,0,6,32.65585963151117
wavePE_nodrop,0,6,25.741697120792452
wavePE_nodrop,0,6,40.14313540498938
wavePE_nodrop,0,6,35.948578300063936
wavePE_nodrop,0,6,37.75745891379363
wavePE_nodrop,0,6,26.819527045815477
wavePE_nodrop,0,6,25.333286233603502
wavePE_nodrop,0,6,22.45993720832617
wavePE_nodrop,0,6,10.227465882589799
wavePE_nodrop,0,6,14.002523973622294
wavePE_nodrop,0,6,16.939915582892727
wavePE_nodrop,0,6,15.783757929228884
wavePE_nodrop,0,6,12.704411683568564
wavePE_nodrop,0,6,17.721953646069196
wavePE_nodrop,0,6,10.903747367707602
wavePE_nodrop,0,6,12.355163809651689
wavePE_nodrop,0,6,18.45036861521254
wavePE_nodrop,0,6,15.27187757612533
wavePE_nodrop,0,6,28.046154076719187
wavePE_nodrop,0,6,25.602213673452432
wavePE_nodrop,0,6,25.921970619707167
wavePE_nodrop,0,6,29.202373915519054
wavePE_nodrop,0,6,37.996252902992204
wavePE_nodrop,0,6,27.771023340349416
wavePE_nodrop,0,6,21.08405650561027
wavePE_nodrop,0,6,25.792335875022786
wavePE_nodrop,0,6,30.769855783413906
wavePE_nodrop,0,6,22.95883309055832
wavePE_nodrop,0,6,21.640069410317942
wavePE_nodrop,0,6,37.88488737039501
wavePE_nodrop,0,6,34.60363510911092
wavePE_nodrop,0,6,42.839169023567884
wavePE_nodrop,0,6,35.226488326213584
wavePE_nodrop,0,6,29.91577766146018
wavePE_nodrop,0,6,30.02317892891232
wavePE_nodrop,0,6,26.418110204543243
learnedPE_drop,0,0,94.76698684123545
learnedPE_drop,0,1,93.22057554367046
learnedPE_drop,0,1,94.06172408630616
learnedPE_drop,0,1,94.57504632384483
learnedPE_drop,0,1,94.27747199174664
learnedPE_drop,0,1,94.25219063115917
learnedPE_drop,0,1,94.50918820825878
learnedPE_drop,0,1,94.56206775275994
learnedPE_drop,0,1,94.22132978098807
learnedPE_drop,0,1,94.59530000831764
learnedPE_drop,0,1,94.90941974272577
learnedPE_drop,0,2,89.42027519817988
learnedPE_drop,0,2,92.77409981338077
learnedPE_drop,0,2,92.41662979926343
learnedPE_drop,0,2,92.80940495452285
learnedPE_drop,0,2,93.20686725640364
learnedPE_drop,0,2,93.04956399304862
learnedPE_drop,0,2,92.00248848708634
learnedPE_drop,0,2,93.19039069427255
learnedPE_drop,0,2,93.66994584525912
learnedPE_drop,0,2,93.3731326594543
learnedPE_drop,0,2,93.14625959390246
learnedPE_drop,0,2,93.19483318868114
learnedPE_drop,0,2,93.32291383049905
learnedPE_drop,0,2,93.58203071993132
learnedPE_drop,0,2,92.64025721234577
learnedPE_drop,0,2,93.92946354014995
learnedPE_drop,0,2,94.21077314166841
learnedPE_drop,0,2,92.1326794603746
learnedPE_drop,0,2,94.27507412655325
learnedPE_drop,0,2,94.09585545824358
learnedPE_drop,0,2,94.30503399220491
learnedPE_drop,0,2,93.92715714805873
learnedPE_drop,0,2,94.32591485167151
learnedPE_drop,0,2,94.4864401650756
learnedPE_drop,0,2,92.97035133135367
learnedPE_drop,0,2,93.77678281978042
learnedPE_drop,0,2,94.19940243616696
learnedPE_drop,0,2,93.52837696519572
learnedPE_drop,0,2,94.09534246598645
learnedPE_drop,0,2,94.44058453733952
learnedPE_drop,0,2,93.67448677615842
learnedPE_drop,0,2,93.97496668522619
learnedPE_drop,0,2,93.39686733693415
learnedPE_drop,0,2,93.93785379903308
learnedPE_drop,0,2,93.95913259906891
learnedPE_drop,0,2,94.24640235921989
learnedPE_drop,0,2,93.66934918687122
learnedPE_drop,0,2,94.40061104046238
learnedPE_drop,0,2,94.6318335996171
learnedPE_drop,0,2,93.98649080168897
learnedPE_drop,0,2,94.39191359917103
learnedPE_drop,0,2,94.70029692024775
learnedPE_drop,0,2,93.51704120277596
learnedPE_drop,0,2,92.97483642891672
learnedPE_drop,0,2,94.53506479845532
learnedPE_drop,0,3,86.93874675940367
learnedPE_drop,0,3,87.76687952224653
learnedPE_drop,0,3,88.35994726105643
learnedPE_drop,0,3,88.94623870443421
learnedPE_drop,0,3,87.74653857408934
learnedPE_drop,0,3,87.85699579908768
learnedPE_drop,0,3,89.21688151734661
learnedPE_drop,0,3,90.43566264564626
learnedPE_drop,0,3,88.84694255709431
learnedPE_drop,0,3,92.23829837465634
learnedPE_drop,0,3,92.48593798258942
learnedPE_drop,0,3,92.09690173790509
learnedPE_drop,0,3,91.47124785643715
learnedPE_drop,0,3,92.44104630930639
learnedPE_drop,0,3,92.9544536355725
learnedPE_drop,0,3,90.3854799503063
learnedPE_drop,0,3,91.89709794113382
learnedPE_drop,0,3,92.31621432936801
learnedPE_drop,0,3,91.20480339981349
learnedPE_drop,0,3,92.64105793135498
learnedPE_drop,0,3,93.10047862654336
learnedPE_drop,0,3,92.28968146255595
learnedPE_drop,0,3,91.86471318589923
learnedPE_drop,0,3,91.45834535349017
learnedPE_drop,0,3,92.04308466795096
learnedPE_drop,0,3,92.8784330150975
learnedPE_drop,0,3,92.65980540865742
learnedPE_drop,0,3,91.49552977283291
learnedPE_drop,0,3,93.12886776078211
learnedPE_drop,0,3,93.72836441624428
learnedPE_drop,0,3,91.93681390268294
learnedPE_drop,0,3,92.66973758052816
learnedPE_drop,0,3,93.56384295879985
learnedPE_drop,0,3,91.6755452710218
learnedPE_drop,0,3,90.12194337770738
learnedPE_drop,0,3,93.60119334896936
learnedPE_drop,0,3,82.93159527525144
learnedPE_drop,0,3,91.63137486108354
learnedPE_drop,0,3,91.88350642281928
learnedPE_drop,0,3,92.69461391129236
learnedPE_drop,0,3,91.62104168666106
learnedPE_drop,0,3,93.1380560153732
learnedPE_drop,0,3,93.37298589083825
learnedPE_drop,0,3,91.32194670393474
learnedPE_drop,0,3,92.44023773203097
learnedPE_drop,0,3,92.93184016900898
learnedPE_drop,0,3,91.4183457016374
learnedPE_drop,0,3,93.05442355232682
learnedPE_drop,0,3,93.38855425624442
learnedPE_drop,0,3,92.36751290522382
learnedPE_drop,0,3,92.88898261530885
learnedPE_drop,0,3,91.79208386302868
learnedPE_drop,0,3,92.95070880317243
learnedPE_drop,0,3,93.0078331225821
learnedPE_drop,0,3,92.75848576053653
learnedPE_drop,0,3,91.5657288985479
learnedPE_drop,0,3,93.27234379806964
learnedPE_drop,0,3,93.078982406019
learnedPE_drop,0,3,91.98966111529995
learnedPE_drop,0,3,92.96394107861703
learnedPE_drop,0,3,93.61268553995498
learnedPE_drop,0,3,92.2500020274993
learnedPE_drop,0,3,90.77886269787592
learnedPE_drop,0,3,93.62964345222377
learnedPE_drop,0,3,85.42984908505188
learnedPE_drop,0,3,91.10285932971674
learnedPE_drop,0,3,91.28991473677699
learnedPE_drop,0,3,91.29623934899705
learnedPE_drop,0,3,91.86679375040626
learnedPE_drop,0,3,92.32959054582712
learnedPE_drop,0,3,93.53103290081434
learnedPE_drop,0,3,93.9835178107417
learnedPE_drop,0,3,93.20326517693992
learnedPE_drop,0,3,93.99868052617511
learnedPE_drop,0,3,94.14371152107823
learnedPE_drop,0,3,93.86695983924088
learnedPE_drop,0,3,93.11619062238951
learnedPE_drop,0,3,93.84609336939285
learnedPE_drop,0,3,94.13558531690113
learnedPE_drop,0,3,93.77531273454119
learnedPE_drop,0,3,93.63263983091169
learnedPE_drop,0,3,94.2248877825145
learnedPE_drop,0,3,93.424411474642
learnedPE_drop,0,3,90.922089852892
learnedPE_drop,0,3,94.2668382770141
learnedPE_drop,0,3,91.50832801381918
learnedPE_drop,0,3,93.01078925636935
learnedPE_drop,0,3,91.06676968492505
learnedPE_drop,0,3,92.35952799128569
learnedPE_drop,0,3,92.75607347371925
learnedPE_drop,0,3,93.5594425855659
learnedPE_drop,0,3,92.86257298859411
learnedPE_drop,0,3,93.79413571473323
learnedPE_drop,0,3,93.79747769553816
learnedPE_drop,0,3,93.28302091266296
learnedPE_drop,0,3,93.50915573373055
learnedPE_drop,0,3,94.36888189592958
learnedPE_drop,0,3,92.95635403467895
learnedPE_drop,0,3,92.0452423398976
learnedPE_drop,0,3,93.86131505689148
learnedPE_drop,0,3,93.3062927147002
learnedPE_drop,0,3,92.8470296731561
learnedPE_drop,0,3,93.33034415203507
learnedPE_drop,0,3,93.10302619746919
learnedPE_drop,0,3,93.15789561832801
learnedPE_drop,0,3,93.14155277720329
learnedPE_drop,0,3,93.77056404862319
learnedPE_drop,0,3,92.67418719461718
learnedPE_drop,0,3,91.74131989454062
learnedPE_drop,0,3,93.33775352305594
learnedPE_drop,0,3,93.10480775587226
learnedPE_drop,0,3,93.63888706685296
learnedPE_drop,0,3,94.36804522274706
learnedPE_drop,0,3,93.1336408309265
learnedPE_drop,0,3,91.65177652917568
learnedPE_drop,0,3,94.48861195531705
learnedPE_drop,0,3,92.7126792164395
learnedPE_drop,0,3,92.62916231168208
learnedPE_drop,0,3,93.53303419378803
learnedPE_drop,0,3,91.07850242144352
learnedPE_drop,0,4,64.84231126485382
learnedPE_drop,0,4,83.24742150406126
learnedPE_drop,0,4,85.90905357672864
learnedPE_drop,0,4,85.49683732302704
learnedPE_drop,0,4,83.8675695008235
learnedPE_drop,0,4,86.42919227031595
learnedPE_drop,0,4,86.94354602574269
learnedPE_drop,0,4,84.48944778956428
learnedPE_drop,0,4,86.95754107439461
learnedPE_drop,0,4,86.10833850277781
learnedPE_drop,0,4,85.49570870412404
learnedPE_drop,0,4,87.57340492297212
learnedPE_drop,0,4,88.86052873226882
learnedPE_drop,0,4,86.75702886658367
learnedPE_drop,0,4,86.3910789287287
learnedPE_drop,0,4,86.23436678464746
learnedPE_drop,0,4,87.9608401257214
learnedPE_drop,0,4,88.79408186390805
learnedPE_drop,0,4,86.75106983090353
learnedPE_drop,0,4,85.0906923820806
learnedPE_drop,0,4,87.92047595730166
learnedPE_drop,0,4,89.90909138854806
learnedPE_drop,0,4,87.1214704816544
learnedPE_drop,0,4,87.13293014060991
learnedPE_drop,0,4,89.21120880970594
learnedPE_drop,0,4,86.96339986119672
learnedPE_drop,0,4,85.4637909242609
learnedPE_drop,0,4,89.1662876631421
learnedPE_drop,0,4,72.83513377932529
learnedPE_drop,0,4,86.96202168957008
learnedPE_drop,0,4,87.76932068545412
learnedPE_drop,0,4,85.94916771185524
learnedPE_drop,0,4,88.69729096369772
learnedPE_drop,0,4,88.96232435180575
learnedPE_drop,0,4,91.79369938974604
learnedPE_drop,0,4,91.43243041998824
learnedPE_drop,0,4,90.99398922779625
learnedPE_drop,0,4,91.40456236657371
learnedPE_drop,0,4,92.55509870206996
learnedPE_drop,0,4,91.72803109506027
learnedPE_drop,0,4,90.60423909331787
learnedPE_drop,0,4,92.21180829075033
learnedPE_drop,0,4,92.68915587354779
learnedPE_drop,0,4,91.32903398661693
learnedPE_drop,0,4,91.31958118412797
learnedPE_drop,0,4,92.47184233572877
learnedPE_drop,0,4,90.92400115670462
learnedPE_drop,0,4,86.7755264393105
learnedPE_drop,0,4,92.17008617424057
learnedPE_drop,0,4,88.43509534265553
learnedPE_drop,0,4,89.75607180210775
learnedPE_drop,0,4,88.4032799747068
learnedPE_drop,0,4,89.67699172998658
learnedPE_drop,0,4,91.32545862375927
learnedPE_drop,0,4,91.8883678139733
learnedPE_drop,0,4,90.43800162941666
learnedPE_drop,0,4,92.2507608040487
learnedPE_drop,0,4,92.50557611854384
learnedPE_drop,0,4,91.0385815815239
learnedPE_drop,0,4,92.02505649688217
learnedPE_drop,0,4,93.01561319930653
learnedPE_drop,0,4,91.2597310148947
learnedPE_drop,0,4,88.7467774655114
learnedPE_drop,0,4,92.69398147702177
learnedPE_drop,0,4,91.40233691615823
learnedPE_drop,0,4,89.72959929519588
learnedPE_drop,0,4,91.67318498470387
learnedPE_drop,0,4,92.13765040558495
learnedPE_drop,0,4,91.51871613735857
learnedPE_drop,0,4,90.65568510140147
learnedPE_drop,0,4,92.22279977963184
learnedPE_drop,0,4,90.9685379911672
learnedPE_drop,0,4,88.07787256131726
learnedPE_drop,0,4,91.55326274740656
learnedPE_drop,0,4,90.34115112682744
learnedPE_drop,0,4,92.09172063022258
learnedPE_drop,0,4,92.93299050902468
learnedPE_drop,0,4,90.28091918375706
learnedPE_drop,0,4,85.40579282524806
learnedPE_drop,0,4,93.35786335731535
learnedPE_drop,0,4,90.8980933382676
learnedPE_drop,0,4,90.79148844768135
learnedPE_drop,0,4,92.15281005321194
learnedPE_drop,0,4,88.35011720104526
learnedPE_drop,0,4,33.43583747644531
learnedPE_drop,0,4,78.2790989142744
learnedPE_drop,0,4,81.21117354484679
learnedPE_drop,0,4,80.733506438004
learnedPE_drop,0,4,82.97414041949625
learnedPE_drop,0,4,84.11029764762824
learnedPE_drop,0,4,89.83790882076302
learnedPE_drop,0,4,91.1287298472103
learnedPE_drop,0,4,89.75233998112367
learnedPE_drop,0,4,91.20151124878967
learnedPE_drop,0,4,91.75824198697343
learnedPE_drop,0,4,90.97872858435238
learnedPE_drop,0,4,89.98756056792975
learnedPE_drop,0,4,91.96733084296795
learnedPE_drop,0,4,91.65009196292169
learnedPE_drop,0,4,91.02327217168656
learnedPE_drop,0,4,91.03835844518588
learnedPE_drop,0,4,92.69533184292715
learnedPE_drop,0,4,91.40289050545884
learnedPE_drop,0,4,88.50340090817414
learnedPE_drop,0,4,92.41380174983578
learnedPE_drop,0,4,89.13126935648252
learnedPE_drop,0,4,91.06890323200116
learnedPE_drop,0,4,90.042845674044
learnedPE_drop,0,4,90.89926537814861
learnedPE_drop,0,4,91.33140710307856
learnedPE_drop,0,4,91.47453531721948
learnedPE_drop,0,4,90.24476107652492
learnedPE_drop,0,4,92.41531973557053
learnedPE_drop,0,4,92.17935064472978
learnedPE_drop,0,4,90.50214153522103
learnedPE_drop,0,4,91.93712379931695
learnedPE_drop,0,4,93.11182343393334
learnedPE_drop,0,4,90.91138769880125
learnedPE_drop,0,4,89.72392357583813
learnedPE_drop,0,4,93.0542568203094
learnedPE_drop,0,4,91.81140487712895
learnedPE_drop,0,4,90.2315687397626
learnedPE_drop,0,4,91.95086986898393
learnedPE_drop,0,4,91.89930639544441
learnedPE_drop,0,4,91.49377063701274
learnedPE_drop,0,4,92.25420414875865
learnedPE_drop,0,4,92.66701205894773
learnedPE_drop,0,4,91.151893611839
learnedPE_drop,0,4,89.30363897335853
learnedPE_drop,0,4,92.10759112025877
learnedPE_drop,0,4,90.29405489826297
learnedPE_drop,0,4,91.63646031268652
learnedPE_drop,0,4,92.53282920017108
learnedPE_drop,0,4,91.1645426045482
learnedPE_drop,0,4,86.63516024264078
learnedPE_drop,0,4,92.5485791560777
learnedPE_drop,0,4,90.49591721079643
learnedPE_drop,0,4,89.76088446219374
learnedPE_drop,0,4,86.36630349068952
learnedPE_drop,0,4,84.44945351322501
learnedPE_drop,0,4,78.88803217286353
learnedPE_drop,0,4,84.27445193825585
learnedPE_drop,0,4,81.06065721057374
learnedPE_drop,0,4,85.0241623807961
learnedPE_drop,0,4,85.75046808451565
learnedPE_drop,0,4,89.66203865859583
learnedPE_drop,0,4,89.32550004459354
learnedPE_drop,0,4,90.66308698026472
learnedPE_drop,0,4,91.71581993495262
learnedPE_drop,0,4,90.34280249539431
learnedPE_drop,0,4,88.85969489078506
learnedPE_drop,0,4,91.81621509058668
learnedPE_drop,0,4,90.84132929417515
learnedPE_drop,0,4,86.16176275858969
learnedPE_drop,0,4,90.87340622092279
learnedPE_drop,0,4,93.35056684304331
learnedPE_drop,0,4,92.51088357109892
learnedPE_drop,0,4,93.35762284659532
learnedPE_drop,0,4,93.15012950456511
learnedPE_drop,0,4,93.34917377506105
learnedPE_drop,0,4,92.80281511467395
learnedPE_drop,0,4,93.74101336738987
learnedPE_drop,0,4,92.60991644067764
learnedPE_drop,0,4,88.34492868520285
learnedPE_drop,0,4,93.02867529400693
learnedPE_drop,0,4,92.73880570456544
learnedPE_drop,0,4,93.04761858147523
learnedPE_drop,0,4,93.99175655352828
learnedPE_drop,0,4,92.54508581951528
learnedPE_drop,0,4,89.97510720640496
learnedPE_drop,0,4,93.91167277869825
learnedPE_drop,0,4,92.34450673323786
learnedPE_drop,0,4,92.11258505930573
learnedPE_drop,0,4,91.67858679091326
learnedPE_drop,0,4,89.59891501897907
learnedPE_drop,0,4,91.15136203982964
learnedPE_drop,0,4,90.00384767718712
learnedPE_drop,0,4,90.76364812197232
learnedPE_drop,0,4,91.18099227007647
learnedPE_drop,0,4,90.93610398882028
learnedPE_drop,0,4,91.66611489903238
learnedPE_drop,0,4,92.72383248782452
learnedPE_drop,0,4,90.34770837369837
learnedPE_drop,0,4,89.6102560784868
learnedPE_drop,0,4,92.02418785516822
learnedPE_drop,0,4,92.25840342699027
learnedPE_drop,0,4,92.76973214030428
learnedPE_drop,0,4,93.41111142416172
learnedPE_drop,0,4,92.07354034792854
learnedPE_drop,0,4,90.98838934144864
learnedPE_drop,0,4,93.32951630103254
learnedPE_drop,0,4,91.66865170216283
learnedPE_drop,0,4,92.33556220680832
learnedPE_drop,0,4,93.01132704444953
learnedPE_drop,0,4,89.81270233639822
learnedPE_drop,0,4,92.43839549325976
learnedPE_drop,0,4,92.36155607644488
learnedPE_drop,0,4,92.59451940729238
learnedPE_drop,0,4,92.36310727931145
learnedPE_drop,0,4,87.56026595617246
learnedPE_drop,0,4,92.34848058909965
learnedPE_drop,0,4,91.78257101025102
learnedPE_drop,0,4,91.76945876566678
learnedPE_drop,0,4,91.47005600204639
learnedPE_drop,0,4,89.93008012707806
learnedPE_drop,0,4,90.82340400786511
learnedPE_drop,0,4,91.78525064584187
learnedPE_drop,0,4,92.02357714859379
learnedPE_drop,0,4,88.66400176936762
learnedPE_drop,0,4,82.5361222888302
learnedPE_drop,0,5,17.417847248764918
learnedPE_drop,0,5,57.08581522794351
learnedPE_drop,0,5,62.222534452515276
learnedPE_drop,0,5,61.89913431960608
learnedPE_drop,0,5,63.8716459687039
learnedPE_drop,0,5,65.42759677782641
learnedPE_drop,0,5,75.54847452634384
learnedPE_drop,0,5,81.20978972604014
learnedPE_drop,0,5,80.5554421485189
learnedPE_drop,0,5,82.89461394988284
learnedPE_drop,0,5,84.10140728559765
learnedPE_drop,0,5,83.66363199298448
learnedPE_drop,0,5,81.98300837917587
learnedPE_drop,0,5,85.13341684386644
learnedPE_drop,0,5,86.63803309328324
learnedPE_drop,0,5,83.2782313261507
learnedPE_drop,0,5,83.20933756439264
learnedPE_drop,0,5,86.09517230492816
learnedPE_drop,0,5,83.27633685527466
learnedPE_drop,0,5,80.22039787838004
learnedPE_drop,0,5,85.63585654641828
learnedPE_drop,0,5,82.39706515612005
learnedPE_drop,0,5,81.31498361574606
learnedPE_drop,0,5,83.71548313440849
learnedPE_drop,0,5,83.80722136282196
learnedPE_drop,0,5,85.05033311023541
learnedPE_drop,0,5,83.71285599561222
learnedPE_drop,0,5,82.63323967294676
learnedPE_drop,0,5,86.77357089006
learnedPE_drop,0,5,88.15527082756664
learnedPE_drop,0,5,84.03721269361888
learnedPE_drop,0,5,84.46509411126561
learnedPE_drop,0,5,86.2530877337647
learnedPE_drop,0,5,85.119744325712
learnedPE_drop,0,5,82.37145284169598
learnedPE_drop,0,5,87.9517381087217
learnedPE_drop,0,5,85.06227932672469
learnedPE_drop,0,5,79.81195044249036
learnedPE_drop,0,5,86.12884643608275
learnedPE_drop,0,5,87.34312059634748
learnedPE_drop,0,5,84.46277067218804
learnedPE_drop,0,5,83.52810769522708
learnedPE_drop,0,5,86.21686938657433
learnedPE_drop,0,5,84.6642515543867
learnedPE_drop,0,5,81.5580024942776
learnedPE_drop,0,5,86.44270090134418
learnedPE_drop,0,5,80.59258956799414
learnedPE_drop,0,5,84.41723447184366
learnedPE_drop,0,5,87.13841549611908
learnedPE_drop,0,5,82.0164287896476
learnedPE_drop,0,5,70.29359442530702
learnedPE_drop,0,5,85.9462912214211
learnedPE_drop,0,5,83.71799530717989
learnedPE_drop,0,5,82.72857231551275
learnedPE_drop,0,5,78.44318097462242
learnedPE_drop,0,5,74.65561357808859
learnedPE_drop,0,5,67.05255539380116
learnedPE_drop,0,5,67.91687935994386
learnedPE_drop,0,5,65.89587529452349
learnedPE_drop,0,5,72.01156281689006
learnedPE_drop,0,5,75.86827653293591
learnedPE_drop,0,5,85.60699077537318
learnedPE_drop,0,5,80.44934792109876
learnedPE_drop,0,5,87.59993806835536
learnedPE_drop,0,5,87.75732937176693
learnedPE_drop,0,5,83.65508415810538
learnedPE_drop,0,5,85.15690722454258
learnedPE_drop,0,5,88.2663901096283
learnedPE_drop,0,5,85.72090756583948
learnedPE_drop,0,5,82.16664584629967
learnedPE_drop,0,5,87.06857755505399
learnedPE_drop,0,5,90.84522778657465
learnedPE_drop,0,5,89.32838203998813
learnedPE_drop,0,5,90.83463049315796
learnedPE_drop,0,5,91.87540510155094
learnedPE_drop,0,5,90.08941322327904
learnedPE_drop,0,5,89.05733217353725
learnedPE_drop,0,5,91.75151919929121
learnedPE_drop,0,5,89.5994096163483
learnedPE_drop,0,5,84.89225848444575
learnedPE_drop,0,5,90.71593359485209
learnedPE_drop,0,5,89.86127038523178
learnedPE_drop,0,5,90.93061268965991
learnedPE_drop,0,5,91.88194007931962
learnedPE_drop,0,5,89.92059404055934
learnedPE_drop,0,5,84.6998399187743
learnedPE_drop,0,5,91.98190676059362
learnedPE_drop,0,5,90.06481254972259
learnedPE_drop,0,5,88.96499948907162
learnedPE_drop,0,5,90.63870328257144
learnedPE_drop,0,5,86.0777092259739
learnedPE_drop,0,5,87.69286876194714
learnedPE_drop,0,5,85.74834265863328
learnedPE_drop,0,5,87.67623839025829
learnedPE_drop,0,5,88.08700481320724
learnedPE_drop,0,5,88.21857992764363
learnedPE_drop,0,5,87.54880558660486
learnedPE_drop,0,5,90.35175293171181
learnedPE_drop,0,5,87.38759302782265
learnedPE_drop,0,5,85.90842774059331
learnedPE_drop,0,5,89.0756878238814
learnedPE_drop,0,5,89.5265776926032
learnedPE_drop,0,5,91.11193467983712
learnedPE_drop,0,5,92.11126614662768
learnedPE_drop,0,5,89.71123060881084
learnedPE_drop,0,5,85.45722955894901
learnedPE_drop,0,5,92.03750896361655
learnedPE_drop,0,5,89.97344804733396
learnedPE_drop,0,5,89.76062275118942
learnedPE_drop,0,5,91.61412565390485
learnedPE_drop,0,5,87.34619401381613
learnedPE_drop,0,5,88.43698948467113
learnedPE_drop,0,5,90.4581108446882
learnedPE_drop,0,5,91.6209742340525
learnedPE_drop,0,5,88.77193771949533
learnedPE_drop,0,5,83.40574863474598
learnedPE_drop,0,5,90.33948635050375
learnedPE_drop,0,5,90.05267553270049
learnedPE_drop,0,5,89.39583146094806
learnedPE_drop,0,5,89.67068576421599
learnedPE_drop,0,5,86.286612262667
learnedPE_drop,0,5,85.42722813264925
learnedPE_drop,0,5,87.54868550450917
learnedPE_drop,0,5,89.0969431609249
learnedPE_drop,0,5,76.4527898420042
learnedPE_drop,0,5,78.92014462246193
learnedPE_drop,0,5,30.704904923728414
learnedPE_drop,0,5,34.17470433966684
learnedPE_drop,0,5,32.50259413845703
learnedPE_drop,0,5,35.22631259473905
learnedPE_drop,0,5,34.41686992236056
learnedPE_drop,0,5,77.19445831585345
learnedPE_drop,0,5,75.57470826326734
learnedPE_drop,0,5,78.32970234717433
learnedPE_drop,0,5,78.53691397224452
learnedPE_drop,0,5,78.78965904267724
learnedPE_drop,0,5,78.66802318871147
learnedPE_drop,0,5,82.84521165899967
learnedPE_drop,0,5,80.96526935034034
learnedPE_drop,0,5,78.77525276424895
learnedPE_drop,0,5,81.88074286808882
learnedPE_drop,0,5,89.25827938346518
learnedPE_drop,0,5,87.5734604307017
learnedPE_drop,0,5,89.48556941003665
learnedPE_drop,0,5,90.00579260584597
learnedPE_drop,0,5,88.97165165051607
learnedPE_drop,0,5,89.46716532698417
learnedPE_drop,0,5,91.49326221644779
learnedPE_drop,0,5,88.8649372736182
learnedPE_drop,0,5,85.45010452525355
learnedPE_drop,0,5,90.04275884146338
learnedPE_drop,0,5,88.33537222943865
learnedPE_drop,0,5,89.05668040755619
learnedPE_drop,0,5,90.87017574856368
learnedPE_drop,0,5,89.85331578496444
learnedPE_drop,0,5,84.63221918992404
learnedPE_drop,0,5,90.87640252990263
learnedPE_drop,0,5,88.75028320047232
learnedPE_drop,0,5,86.99484419849715
learnedPE_drop,0,5,84.52274987526802
learnedPE_drop,0,5,83.35380589515434
learnedPE_drop,0,5,88.23828286426014
learnedPE_drop,0,5,87.05345808708236
learnedPE_drop,0,5,88.56009601708288
learnedPE_drop,0,5,88.81512980172103
learnedPE_drop,0,5,89.08058624789602
learnedPE_drop,0,5,90.17149007981438
learnedPE_drop,0,5,90.7269074375198
learnedPE_drop,0,5,88.56900379967733
learnedPE_drop,0,5,88.23887152948404
learnedPE_drop,0,5,89.80552805859267
learnedPE_drop,0,5,88.7123132812467
learnedPE_drop,0,5,90.22428859957188
learnedPE_drop,0,5,91.80013642446187
learnedPE_drop,0,5,89.39762336303704
learnedPE_drop,0,5,86.34142680022914
learnedPE_drop,0,5,91.50076172086364
learnedPE_drop,0,5,88.8028688716213
learnedPE_drop,0,5,89.02776019016882
learnedPE_drop,0,5,85.57967196825528
learnedPE_drop,0,5,83.98479749430598
learnedPE_drop,0,5,88.75510620182384
learnedPE_drop,0,5,90.37980753419096
learnedPE_drop,0,5,91.31389378468032
learnedPE_drop,0,5,89.32642560673571
learnedPE_drop,0,5,83.8368318737921
learnedPE_drop,0,5,90.6382593025135
learnedPE_drop,0,5,89.25134982143786
learnedPE_drop,0,5,88.69618192738984
learnedPE_drop,0,5,82.73696460982022
learnedPE_drop,0,5,82.66079612106869
learnedPE_drop,0,5,86.26552058558883
learnedPE_drop,0,5,84.36882056212228
learnedPE_drop,0,5,83.84830013615114
learnedPE_drop,0,5,76.77241237159633
learnedPE_drop,0,5,67.8333346919973
learnedPE_drop,0,5,73.27694508289456
learnedPE_drop,0,5,72.01774052507926
learnedPE_drop,0,5,77.95171597222308
learnedPE_drop,0,5,80.02060999583206
learnedPE_drop,0,5,81.33861351591077
learnedPE_drop,0,5,81.67618527324314
learnedPE_drop,0,5,83.72369049262473
learnedPE_drop,0,5,80.84465305020876
learnedPE_drop,0,5,77.0772343027975
learnedPE_drop,0,5,82.54276904008839
learnedPE_drop,0,5,87.71213382796353
learnedPE_drop,0,5,87.34147391010283
learnedPE_drop,0,5,90.71707115449122
learnedPE_drop,0,5,88.60198649443667
learnedPE_drop,0,5,84.69748161737441
learnedPE_drop,0,5,90.34525398478216
learnedPE_drop,0,5,87.90685133682733
learnedPE_drop,0,5,86.39772059727107
learnedPE_drop,0,5,86.31535194795677
learnedPE_drop,0,5,84.09367412710505
learnedPE_drop,0,5,91.95145951963688
learnedPE_drop,0,5,91.53832748722348
learnedPE_drop,0,5,92.77902021970023
learnedPE_drop,0,5,92.18306573651962
learnedPE_drop,0,5,86.71353270899502
learnedPE_drop,0,5,92.28614830366939
learnedPE_drop,0,5,91.54569468934758
learnedPE_drop,0,5,89.30826194844475
learnedPE_drop,0,5,89.52732649436331
learnedPE_drop,0,5,86.28423418305098
learnedPE_drop,0,5,89.89971215520454
learnedPE_drop,0,5,91.39517688260715
learnedPE_drop,0,5,90.90001809610399
learnedPE_drop,0,5,87.62825236027834
learnedPE_drop,0,5,84.95056789618147
learnedPE_drop,0,5,89.4907971958199
learnedPE_drop,0,5,89.36727331901193
learnedPE_drop,0,5,90.5638846797838
learnedPE_drop,0,5,88.63935754755362
learnedPE_drop,0,5,85.31330201436025
learnedPE_drop,0,5,89.89112709735198
learnedPE_drop,0,5,88.7590367311452
learnedPE_drop,0,5,89.51753411255669
learnedPE_drop,0,5,90.23223176572003
learnedPE_drop,0,5,85.79420288197932
learnedPE_drop,0,5,89.57245101794193
learnedPE_drop,0,5,90.89200722264124
learnedPE_drop,0,5,91.38954901356362
learnedPE_drop,0,5,85.39217256035712
learnedPE_drop,0,5,77.10764319000802
learnedPE_drop,0,5,89.64331525055478
learnedPE_drop,0,5,88.22058465662423
learnedPE_drop,0,5,90.28526723733303
learnedPE_drop,0,5,86.24733903485297
learnedPE_drop,0,5,82.66034438512932
learnedPE_drop,0,5,62.07840656485095
learnedPE_drop,0,6,15.200975609755336
learnedPE_drop,0,6,17.44030864825941
learnedPE_drop,0,6,16.817370166615618
learnedPE_drop,0,6,16.830588558109927
learnedPE_drop,0,6,19.515888286988282
learnedPE_drop,0,6,50.55162765826935
learnedPE_drop,0,6,50.130403433232985
learnedPE_drop,0,6,53.697732941062796
learnedPE_drop,0,6,51.24567368941248
learnedPE_drop,0,6,56.72224755331017
learnedPE_drop,0,6,57.65071646738532
learnedPE_drop,0,6,63.203609057271535
learnedPE_drop,0,6,59.832273061828914
learnedPE_drop,0,6,58.88649620193303
learnedPE_drop,0,6,60.509875972025775
learnedPE_drop,0,6,74.93588840425238
learnedPE_drop,0,6,73.39405834625109
learnedPE_drop,0,6,74.35836199124728
learnedPE_drop,0,6,79.16452167227277
learnedPE_drop,0,6,79.25622271044375
learnedPE_drop,0,6,78.81612673584681
learnedPE_drop,0,6,82.61300292068739
learnedPE_drop,0,6,78.96509726978819
learnedPE_drop,0,6,75.67551314155561
learnedPE_drop,0,6,81.17824463931566
learnedPE_drop,0,6,78.12646520150699
learnedPE_drop,0,6,80.0196588249078
learnedPE_drop,0,6,83.5129161682997
learnedPE_drop,0,6,79.61481311839191
learnedPE_drop,0,6,69.02711644953996
learnedPE_drop,0,6,83.1858383456531
learnedPE_drop,0,6,78.16533532168947
learnedPE_drop,0,6,77.50071545723162
learnedPE_drop,0,6,73.29086549166044
learnedPE_drop,0,6,71.71547231799894
learnedPE_drop,0,6,77.57632825885177
learnedPE_drop,0,6,77.04187988748076
learnedPE_drop,0,6,81.56601798898399
learnedPE_drop,0,6,83.55378398832912
learnedPE_drop,0,6,80.40902938504296
learnedPE_drop,0,6,76.46478746441309
learnedPE_drop,0,6,81.22161799532952
learnedPE_drop,0,6,81.731534463831
learnedPE_drop,0,6,76.10099482197347
learnedPE_drop,0,6,82.44636810158671
learnedPE_drop,0,6,77.01461025445408
learnedPE_drop,0,6,81.76121169198957
learnedPE_drop,0,6,84.70281032872988
learnedPE_drop,0,6,80.80207945153892
learnedPE_drop,0,6,72.44848769376274
learnedPE_drop,0,6,85.70389493225903
learnedPE_drop,0,6,78.56114464547973
learnedPE_drop,0,6,76.23125044815481
learnedPE_drop,0,6,74.87734830820682
learnedPE_drop,0,6,71.94853006705367
learnedPE_drop,0,6,74.61863157609847
learnedPE_drop,0,6,81.7233893571537
learnedPE_drop,0,6,84.6910078642436
learnedPE_drop,0,6,77.2131063375765
learnedPE_drop,0,6,67.46129872183526
learnedPE_drop,0,6,82.94140715125758
learnedPE_drop,0,6,81.2242168218702
learnedPE_drop,0,6,79.18129400735387
learnedPE_drop,0,6,71.50188180723154
learnedPE_drop,0,6,72.6874455086333
learnedPE_drop,0,6,67.71002843888988
learnedPE_drop,0,6,63.10743772278753
learnedPE_drop,0,6,71.9575427720053
learnedPE_drop,0,6,53.95894392395332
learnedPE_drop,0,6,55.65168892608442
learnedPE_drop,0,6,59.08770301926731
learnedPE_drop,0,6,57.53940150493033
learnedPE_drop,0,6,64.205295359898
learnedPE_drop,0,6,72.54130138286365
learnedPE_drop,0,6,59.53349560964873
learnedPE_drop,0,6,63.156402137557976
learnedPE_drop,0,6,73.30808229823649
learnedPE_drop,0,6,62.32810195272638
learnedPE_drop,0,6,62.2362010557443
learnedPE_drop,0,6,73.54421633048237
learnedPE_drop,0,6,76.81697669518394
learnedPE_drop,0,6,83.91436550644735
learnedPE_drop,0,6,86.34829881244667
learnedPE_drop,0,6,81.2978716622593
learnedPE_drop,0,6,78.47400324466017
learnedPE_drop,0,6,86.57777933687632
learnedPE_drop,0,6,81.93499235236791
learnedPE_drop,0,6,82.0467984903872
learnedPE_drop,0,6,82.59397113302273
learnedPE_drop,0,6,78.63813253130706
learnedPE_drop,0,6,87.80706277897617
learnedPE_drop,0,6,88.2965447440628
learnedPE_drop,0,6,91.43593107968269
learnedPE_drop,0,6,88.58515867511782
learnedPE_drop,0,6,82.72133270359039
learnedPE_drop,0,6,90.22170910486511
learnedPE_drop,0,6,89.0950905442941
learnedPE_drop,0,6,86.69131514596829
learnedPE_drop,0,6,87.32916122236955
learnedPE_drop,0,6,81.6426213917808
learnedPE_drop,0,6,84.6408764996767
learnedPE_drop,0,6,87.12639553902288
learnedPE_drop,0,6,89.16920753690349
learnedPE_drop,0,6,77.14513982451423
learnedPE_drop,0,6,82.55949793231936
learnedPE_drop,0,6,84.63328218713943
learnedPE_drop,0,6,84.78249924798727
learnedPE_drop,0,6,87.59190488286147
learnedPE_drop,0,6,83.75963491292384
learnedPE_drop,0,6,77.18796306893378
learnedPE_drop,0,6,85.53877700077983
learnedPE_drop,0,6,85.8688755149514
learnedPE_drop,0,6,85.30988394764623
learnedPE_drop,0,6,86.84643964137425
learnedPE_drop,0,6,81.79453990892097
learnedPE_drop,0,6,82.71095293404326
learnedPE_drop,0,6,87.71538049206362
learnedPE_drop,0,6,89.08003868498567
learnedPE_drop,0,6,71.80362774526394
learnedPE_drop,0,6,72.26394721271308
learnedPE_drop,0,6,81.74940225617264
learnedPE_drop,0,6,80.87372336613494
learnedPE_drop,0,6,86.69549559095276
learnedPE_drop,0,6,73.3564548191354
learnedPE_drop,0,6,78.62212770458208
learnedPE_drop,0,6,30.74893217287015
learnedPE_drop,0,6,31.794174065863256
learnedPE_drop,0,6,28.726954199193948
learnedPE_drop,0,6,31.489733543367876
learnedPE_drop,0,6,30.51574703722073
learnedPE_drop,0,6,33.64423579856278
learnedPE_drop,0,6,33.43682532351645
learnedPE_drop,0,6,35.12837914026284
learnedPE_drop,0,6,33.92756866106308
learnedPE_drop,0,6,31.16094723249657
learnedPE_drop,0,6,36.36123871063903
learnedPE_drop,0,6,74.83555599088211
learnedPE_drop,0,6,75.36834894788012
learnedPE_drop,0,6,78.50364738103572
learnedPE_drop,0,6,74.77329587954227
learnedPE_drop,0,6,72.2176839026051
learnedPE_drop,0,6,75.36318197516312
learnedPE_drop,0,6,76.18340544056518
learnedPE_drop,0,6,78.95926031354601
learnedPE_drop,0,6,70.94430125217303
learnedPE_drop,0,6,75.37550317002611
learnedPE_drop,0,6,85.71537051528809
learnedPE_drop,0,6,87.07760137663749
learnedPE_drop,0,6,89.66199118480766
learnedPE_drop,0,6,86.38300754037054
learnedPE_drop,0,6,80.70966155146786
learnedPE_drop,0,6,87.88008335432174
learnedPE_drop,0,6,86.00185444071509
learnedPE_drop,0,6,85.15278642265257
learnedPE_drop,0,6,80.26815135588308
learnedPE_drop,0,6,78.71123312974447
learnedPE_drop,0,6,81.72630762801082
learnedPE_drop,0,6,82.70505891645146
learnedPE_drop,0,6,81.25642527801737
learnedPE_drop,0,6,77.91261659116556
learnedPE_drop,0,6,66.70036504779276
learnedPE_drop,0,6,85.89362284245396
learnedPE_drop,0,6,86.5586013713824
learnedPE_drop,0,6,87.90175194649208
learnedPE_drop,0,6,85.55226578354653
learnedPE_drop,0,6,81.96787115666552
learnedPE_drop,0,6,86.88119719453587
learnedPE_drop,0,6,85.18540299557613
learnedPE_drop,0,6,86.59698612974042
learnedPE_drop,0,6,80.9275082474804
learnedPE_drop,0,6,81.1833358021372
learnedPE_drop,0,6,84.0845504702579
learnedPE_drop,0,6,83.658091493748
learnedPE_drop,0,6,82.37238934004664
learnedPE_drop,0,6,69.78702807006454
learnedPE_drop,0,6,66.78169279329613
learnedPE_drop,0,6,84.23147533731051
learnedPE_drop,0,6,81.95398087037475
learnedPE_drop,0,6,80.25185272312359
learnedPE_drop,0,6,77.64917101662621
learnedPE_drop,0,6,65.20704535393676
learnedPE_drop,0,6,35.878704851786
learnedPE_drop,0,6,65.85091734835476
learnedPE_drop,0,6,69.92691012359487
learnedPE_drop,0,6,73.19670007619149
learnedPE_drop,0,6,68.79643422292152
learnedPE_drop,0,6,66.2465977482491
learnedPE_drop,0,6,74.90224299515876
learnedPE_drop,0,6,76.66310080490774
learnedPE_drop,0,6,78.10180317626931
learnedPE_drop,0,6,77.69278553881279
learnedPE_drop,0,6,70.89168408397755
learnedPE_drop,0,6,83.59815181860004
learnedPE_drop,0,6,82.88956444879473
learnedPE_drop,0,6,84.69356962839848
learnedPE_drop,0,6,75.69965689959861
learnedPE_drop,0,6,78.45987937571223
learnedPE_drop,0,6,86.27588779085455
learnedPE_drop,0,6,87.17873251460175
learnedPE_drop,0,6,88.31379815365345
learnedPE_drop,0,6,83.03731869659768
learnedPE_drop,0,6,83.78330723355796
learnedPE_drop,0,6,62.154006951742666
learnedPE_drop,0,6,86.02821083242563
learnedPE_drop,0,6,85.19003111280195
learnedPE_drop,0,6,87.16422529955736
learnedPE_drop,0,6,79.44471185402244
learnedPE_drop,0,6,72.56162760796828
learnedPE_drop,0,6,54.7977791097045
learnedPE_drop,0,6,62.67610482841456
wavePE_drop,0,0,94.2617317313144
wavePE_drop,0,1,93.10284422820693
wavePE_drop,0,1,92.39095929101013
wavePE_drop,0,1,94.05193748443484
wavePE_drop,0,1,93.21664009176561
wavePE_drop,0,1,92.83570440151962
wavePE_drop,0,1,94.34605106776195
wavePE_drop,0,1,94.11256752090304
wavePE_drop,0,1,94.19027025245506
wavePE_drop,0,1,94.18383872414412
wavePE_drop,0,1,94.02351833330094
wavePE_drop,0,2,89.53844306033723
wavePE_drop,0,2,92.82780055546156
wavePE_drop,0,2,91.66921162429111
wavePE_drop,0,2,90.8818787516799
wavePE_drop,0,2,92.68573192745744
wavePE_drop,0,2,92.96588980133637
wavePE_drop,0,2,92.21477977909224
wavePE_drop,0,2,93.07804065673454
wavePE_drop,0,2,92.79385904404917
wavePE_drop,0,2,92.07698554135406
wavePE_drop,0,2,91.39275300892437
wavePE_drop,0,2,90.53407237504763
wavePE_drop,0,2,91.85966875914214
wavePE_drop,0,2,92.47964422260347
wavePE_drop,0,2,92.5263550689704
wavePE_drop,0,2,91.77574358703696
wavePE_drop,0,2,91.80744083687206
wavePE_drop,0,2,92.9995027174945
wavePE_drop,0,2,93.07769044732159
wavePE_drop,0,2,94.1274488691801
wavePE_drop,0,2,94.06757876806302
wavePE_drop,0,2,93.37705690840232
wavePE_drop,0,2,93.97918303285793
wavePE_drop,0,2,93.48127294230224
wavePE_drop,0,2,91.14749527135018
wavePE_drop,0,2,93.85668338830087
wavePE_drop,0,2,93.11820453383929
wavePE_drop,0,2,92.86930813873681
wavePE_drop,0,2,93.37060562940225
wavePE_drop,0,2,93.01876196469256
wavePE_drop,0,2,92.24283310878867
wavePE_drop,0,2,93.45114795488621
wavePE_drop,0,2,92.81880224673141
wavePE_drop,0,2,92.71009742042877
wavePE_drop,0,2,92.24083688239529
wavePE_drop,0,2,93.94830576279121
wavePE_drop,0,2,93.502254575079
wavePE_drop,0,2,94.174759037284
wavePE_drop,0,2,94.095460431417
wavePE_drop,0,2,93.74508316827207
wavePE_drop,0,2,93.39950483753532
wavePE_drop,0,2,94.07791889218875
wavePE_drop,0,2,94.0624058337946
wavePE_drop,0,2,92.8498676536727
wavePE_drop,0,2,93.78879729310465
wavePE_drop,0,3,88.3078863203115
wavePE_drop,0,3,88.14861467713814
wavePE_drop,0,3,85.82279277633585
wavePE_drop,0,3,87.97817837873228
wavePE_drop,0,3,89.85365963563277
wavePE_drop,0,3,87.6156113671464
wavePE_drop,0,3,88.69228158410138
wavePE_drop,0,3,88.40773458519233
wavePE_drop,0,3,89.47170826484314
wavePE_drop,0,3,91.32914181693964
wavePE_drop,0,3,92.29115388629756
wavePE_drop,0,3,92.67610688900606
wavePE_drop,0,3,91.61743776265985
wavePE_drop,0,3,92.46155580260303
wavePE_drop,0,3,92.20737095484306
wavePE_drop,0,3,88.95430910801572
wavePE_drop,0,3,91.96941238682093
wavePE_drop,0,3,91.04753081056704
wavePE_drop,0,3,90.44254522245015
wavePE_drop,0,3,92.08246060605062
wavePE_drop,0,3,91.26518645924497
wavePE_drop,0,3,90.0420885624614
wavePE_drop,0,3,91.48518756514221
wavePE_drop,0,3,90.1447177210203
wavePE_drop,0,3,90.9567692704237
wavePE_drop,0,3,90.40691195515149
wavePE_drop,0,3,92.27596353249163
wavePE_drop,0,3,89.4769147242716
wavePE_drop,0,3,92.22229741100607
wavePE_drop,0,3,92.56724435209104
wavePE_drop,0,3,91.61701462703073
wavePE_drop,0,3,91.86740415712397
wavePE_drop,0,3,92.96831858706702
wavePE_drop,0,3,92.60933734895738
wavePE_drop,0,3,90.96448729442524
wavePE_drop,0,3,92.59784465708408
wavePE_drop,0,3,89.5356399600226
wavePE_drop,0,3,91.05430708773471
wavePE_drop,0,3,91.15571445988763
wavePE_drop,0,3,91.64964136352638
wavePE_drop,0,3,91.64563467208605
wavePE_drop,0,3,91.62122117646273
wavePE_drop,0,3,91.48636929947178
wavePE_drop,0,3,89.05543118173189
wavePE_drop,0,3,90.99598985112172
wavePE_drop,0,3,90.93727292245282
wavePE_drop,0,3,91.12819653544562
wavePE_drop,0,3,91.23665330488888
wavePE_drop,0,3,90.99309322703523
wavePE_drop,0,3,89.45635201677369
wavePE_drop,0,3,90.64659413802268
wavePE_drop,0,3,90.14139673309374
wavePE_drop,0,3,90.00284760148867
wavePE_drop,0,3,89.50512461679114
wavePE_drop,0,3,90.9374040532657
wavePE_drop,0,3,90.60289482574275
wavePE_drop,0,3,91.22657401051784
wavePE_drop,0,3,91.63653212553658
wavePE_drop,0,3,92.13158012263774
wavePE_drop,0,3,90.42487925101067
wavePE_drop,0,3,92.20847918113189
wavePE_drop,0,3,92.50753610593496
wavePE_drop,0,3,90.85105902462023
wavePE_drop,0,3,90.86611251060658
wavePE_drop,0,3,85.09182554408203
wavePE_drop,0,3,92.84974093886798
wavePE_drop,0,3,92.89143676363082
wavePE_drop,0,3,92.10403256940982
wavePE_drop,0,3,93.24819095169819
wavePE_drop,0,3,92.22549961495865
wavePE_drop,0,3,92.11098602279652
wavePE_drop,0,3,93.13229286420159
wavePE_drop,0,3,92.60176397225554
wavePE_drop,0,3,92.76317529775844
wavePE_drop,0,3,92.36470794318447
wavePE_drop,0,3,92.89991081308739
wavePE_drop,0,3,92.82999968989216
wavePE_drop,0,3,93.63761010776966
wavePE_drop,0,3,93.4366650919713
wavePE_drop,0,3,93.05877311974665
wavePE_drop,0,3,93.26071393788217
wavePE_drop,0,3,93.89475860134937
wavePE_drop,0,3,93.11851550335643
wavePE_drop,0,3,92.11388024910939
wavePE_drop,0,3,92.8204230136031
wavePE_drop,0,3,90.98945820761561
wavePE_drop,0,3,91.51265108350029
wavePE_drop,0,3,90.78453347514095
wavePE_drop,0,3,90.67103939172718
wavePE_drop,0,3,90.44027545529619
wavePE_drop,0,3,93.39030992819985
wavePE_drop,0,3,92.68550634988841
wavePE_drop,0,3,93.82916519917599
wavePE_drop,0,3,93.58706560345817
wavePE_drop,0,3,92.21853808474849
wavePE_drop,0,3,92.31806256363538
wavePE_drop,0,3,93.1076695516879
wavePE_drop,0,3,93.18264759067513
wavePE_drop,0,3,91.63300710419496
wavePE_drop,0,3,92.7558667407622
wavePE_drop,0,3,91.88267387984939
wavePE_drop,0,3,90.61258302673943
wavePE_drop,0,3,91.92986546379916
wavePE_drop,0,3,91.4102547313848
wavePE_drop,0,3,92.55556405548124
wavePE_drop,0,3,92.24375501103796
wavePE_drop,0,3,93.01400151965629
wavePE_drop,0,3,92.65824253122163
wavePE_drop,0,3,91.39287157906439
wavePE_drop,0,3,91.71736548717895
wavePE_drop,0,3,91.93269373738508
wavePE_drop,0,3,91.67253384607
wavePE_drop,0,3,93.49508541660643
wavePE_drop,0,3,91.65653523849599
wavePE_drop,0,3,91.91594949237867
wavePE_drop,0,3,93.14372841356473
wavePE_drop,0,3,92.82966823830266
wavePE_drop,0,3,92.21945199573811
wavePE_drop,0,3,91.9331439420418
wavePE_drop,0,3,90.39421957464488
wavePE_drop,0,4,75.95417826096377
wavePE_drop,0,4,84.55354578001405
wavePE_drop,0,4,85.32382887652537
wavePE_drop,0,4,88.53727700642911
wavePE_drop,0,4,86.280139843453
wavePE_drop,0,4,87.60730050249424
wavePE_drop,0,4,86.63580670864413
wavePE_drop,0,4,77.06171470861457
wavePE_drop,0,4,86.05046739262436
wavePE_drop,0,4,87.72832848438385
wavePE_drop,0,4,85.23102854405424
wavePE_drop,0,4,87.47087650862824
wavePE_drop,0,4,87.1235880979264
wavePE_drop,0,4,80.95396239646283
wavePE_drop,0,4,86.13872459702085
wavePE_drop,0,4,84.01743260629505
wavePE_drop,0,4,85.22985680761379
wavePE_drop,0,4,83.51296166218005
wavePE_drop,0,4,86.04196165889518
wavePE_drop,0,4,73.42258952124277
wavePE_drop,0,4,86.40413648862807
wavePE_drop,0,4,86.68393972700784
wavePE_drop,0,4,86.29246026917463
wavePE_drop,0,4,87.54469870000374
wavePE_drop,0,4,89.11599464515191
wavePE_drop,0,4,87.70214295008032
wavePE_drop,0,4,85.71657894601049
wavePE_drop,0,4,86.49501649232963
wavePE_drop,0,4,66.56526734607002
wavePE_drop,0,4,88.29281093257532
wavePE_drop,0,4,89.03271881485773
wavePE_drop,0,4,88.04606042555928
wavePE_drop,0,4,89.4936681879277
wavePE_drop,0,4,88.24310416299932
wavePE_drop,0,4,90.20102853936902
wavePE_drop,0,4,91.72245397331223
wavePE_drop,0,4,90.20457524726571
wavePE_drop,0,4,91.21590082339286
wavePE_drop,0,4,90.53508493704473
wavePE_drop,0,4,90.80069086925604
wavePE_drop,0,4,87.66814991491572
wavePE_drop,0,4,91.74565041673006
wavePE_drop,0,4,91.89256165935095
wavePE_drop,0,4,90.75800723435181
wavePE_drop,0,4,91.30332718397331
wavePE_drop,0,4,92.48904471160905
wavePE_drop,0,4,91.81548302185972
wavePE_drop,0,4,90.25678117298916
wavePE_drop,0,4,91.69697659278029
wavePE_drop,0,4,87.97114812400184
wavePE_drop,0,4,88.8460353539593
wavePE_drop,0,4,88.30846248222394
wavePE_drop,0,4,88.4274998403043
wavePE_drop,0,4,88.42396660869534
wavePE_drop,0,4,90.32541811510966
wavePE_drop,0,4,86.49129108596566
wavePE_drop,0,4,91.66754013729442
wavePE_drop,0,4,91.77294517438641
wavePE_drop,0,4,88.51927904971853
wavePE_drop,0,4,90.17532372267138
wavePE_drop,0,4,91.37084286437887
wavePE_drop,0,4,91.42140215088597
wavePE_drop,0,4,90.41726461124708
wavePE_drop,0,4,91.68507709635921
wavePE_drop,0,4,90.13449004585577
wavePE_drop,0,4,85.65053389677048
wavePE_drop,0,4,89.30131120678493
wavePE_drop,0,4,88.90186110930179
wavePE_drop,0,4,89.75875684790925
wavePE_drop,0,4,89.83001726882887
wavePE_drop,0,4,91.18477751625332
wavePE_drop,0,4,90.83056008388597
wavePE_drop,0,4,88.31990301862803
wavePE_drop,0,4,90.01498018062405
wavePE_drop,0,4,86.88662617291192
wavePE_drop,0,4,86.0686232492772
wavePE_drop,0,4,91.92241784543934
wavePE_drop,0,4,88.16341604682012
wavePE_drop,0,4,89.50072194526012
wavePE_drop,0,4,91.19250778675219
wavePE_drop,0,4,91.30869904520762
wavePE_drop,0,4,90.07002844584973
wavePE_drop,0,4,90.63430567324072
wavePE_drop,0,4,89.4690141545303
wavePE_drop,0,4,38.58651677372638
wavePE_drop,0,4,87.43529562772223
wavePE_drop,0,4,88.32730507294545
wavePE_drop,0,4,88.31859425081478
wavePE_drop,0,4,88.76882860054363
wavePE_drop,0,4,88.7202604873328
wavePE_drop,0,4,88.78979130227304
wavePE_drop,0,4,90.58478600961041
wavePE_drop,0,4,90.10515600685099
wavePE_drop,0,4,90.42719382282664
wavePE_drop,0,4,89.86343027842778
wavePE_drop,0,4,89.37998269853216
wavePE_drop,0,4,88.67471422797996
wavePE_drop,0,4,90.37508562611009
wavePE_drop,0,4,90.91345839667025
wavePE_drop,0,4,91.24001444403078
wavePE_drop,0,4,89.94185154290759
wavePE_drop,0,4,91.49975175479531
wavePE_drop,0,4,91.22366691866372
wavePE_drop,0,4,89.97225608747496
wavePE_drop,0,4,89.55908330663037
wavePE_drop,0,4,88.13948261286733
wavePE_drop,0,4,88.93548091054843
wavePE_drop,0,4,87.84976157565987
wavePE_drop,0,4,88.87100801178092
wavePE_drop,0,4,87.92094590666643
wavePE_drop,0,4,89.99789281489687
wavePE_drop,0,4,88.63675247100312
wavePE_drop,0,4,90.6953530331275
wavePE_drop,0,4,90.69330164722493
wavePE_drop,0,4,89.89077559655001
wavePE_drop,0,4,89.14792537497
wavePE_drop,0,4,91.12953006701835
wavePE_drop,0,4,91.17929525558164
wavePE_drop,0,4,89.51278656717791
wavePE_drop,0,4,90.37029510644385
wavePE_drop,0,4,87.73257541782185
wavePE_drop,0,4,84.4836637242794
wavePE_drop,0,4,88.73038304667573
wavePE_drop,0,4,88.16852289592165
wavePE_drop,0,4,89.66708283541344
wavePE_drop,0,4,88.65427164974531
wavePE_drop,0,4,89.88424407740547
wavePE_drop,0,4,90.25196135419426
wavePE_drop,0,4,87.29708534685773
wavePE_drop,0,4,87.88522300551612
wavePE_drop,0,4,88.96566820463212
wavePE_drop,0,4,84.17245541409676
wavePE_drop,0,4,91.150881065395
wavePE_drop,0,4,87.78567189399675
wavePE_drop,0,4,86.8949403165907
wavePE_drop,0,4,89.15235589053421
wavePE_drop,0,4,89.14519404278505
wavePE_drop,0,4,88.6709489400214
wavePE_drop,0,4,88.38717484111996
wavePE_drop,0,4,86.65685859942838
wavePE_drop,0,4,75.16427261028113
wavePE_drop,0,4,84.95648509501996
wavePE_drop,0,4,82.47310860575287
wavePE_drop,0,4,85.02411969375817
wavePE_drop,0,4,83.24025474851311
wavePE_drop,0,4,90.87692023932297
wavePE_drop,0,4,91.30322941519997
wavePE_drop,0,4,92.55472428000728
wavePE_drop,0,4,92.11383070952871
wavePE_drop,0,4,91.22831972861714
wavePE_drop,0,4,92.41333374320367
wavePE_drop,0,4,92.57544885553311
wavePE_drop,0,4,92.42139434942351
wavePE_drop,0,4,91.00728601918769
wavePE_drop,0,4,91.94328775886032
wavePE_drop,0,4,89.80608510513913
wavePE_drop,0,4,90.02698205766984
wavePE_drop,0,4,91.7622607249752
wavePE_drop,0,4,90.97964119408805
wavePE_drop,0,4,91.97067670219421
wavePE_drop,0,4,92.01081448316671
wavePE_drop,0,4,92.67131018658425
wavePE_drop,0,4,92.15558341547323
wavePE_drop,0,4,90.7767325764764
wavePE_drop,0,4,89.53564819154845
wavePE_drop,0,4,89.93397355750727
wavePE_drop,0,4,90.65834310825568
wavePE_drop,0,4,92.6786666227377
wavePE_drop,0,4,90.60227656717936
wavePE_drop,0,4,90.2766726466536
wavePE_drop,0,4,91.80974106381605
wavePE_drop,0,4,92.26202754836008
wavePE_drop,0,4,91.37149476477843
wavePE_drop,0,4,91.40688529294138
wavePE_drop,0,4,86.8941215062228
wavePE_drop,0,4,88.53605205875877
wavePE_drop,0,4,88.74049281477939
wavePE_drop,0,4,90.25921179526017
wavePE_drop,0,4,89.94816027877515
wavePE_drop,0,4,89.72618509841749
wavePE_drop,0,4,89.59160058554629
wavePE_drop,0,4,91.1218467051353
wavePE_drop,0,4,91.00471002118049
wavePE_drop,0,4,88.0162898273754
wavePE_drop,0,4,88.6100850419292
wavePE_drop,0,4,90.36277763747815
wavePE_drop,0,4,90.54132255874404
wavePE_drop,0,4,93.08764040444248
wavePE_drop,0,4,90.55216259553663
wavePE_drop,0,4,90.49024524241817
wavePE_drop,0,4,92.41156415547448
wavePE_drop,0,4,91.76400525157683
wavePE_drop,0,4,90.95187092682852
wavePE_drop,0,4,90.74553303084308
wavePE_drop,0,4,90.33135649089368
wavePE_drop,0,4,88.31404262023386
wavePE_drop,0,4,88.89296953608063
wavePE_drop,0,4,91.49772586670142
wavePE_drop,0,4,89.10617723741309
wavePE_drop,0,4,88.81620437568031
wavePE_drop,0,4,90.15235238097894
wavePE_drop,0,4,91.09033832791573
wavePE_drop,0,4,90.81374661625037
wavePE_drop,0,4,90.44610678083123
wavePE_drop,0,4,85.98783211838482
wavePE_drop,0,4,80.89336133408722
wavePE_drop,0,4,88.83348596179076
wavePE_drop,0,4,88.63889547438136
wavePE_drop,0,4,80.74975086266615
wavePE_drop,0,4,75.40549699097683
wavePE_drop,0,5,18.349448189748486
wavePE_drop,0,5,66.36760728393953
wavePE_drop,0,5,73.65556184555635
wavePE_drop,0,5,75.5135749044348
wavePE_drop,0,5,72.0956709682555
wavePE_drop,0,5,74.94433950542307
wavePE_drop,0,5,79.8861576327216
wavePE_drop,0,5,85.25159205869302
wavePE_drop,0,5,81.93041657034628
wavePE_drop,0,5,83.74926799864659
wavePE_drop,0,5,80.88611189041998
wavePE_drop,0,5,83.20296873281012
wavePE_drop,0,5,70.39620685146959
wavePE_drop,0,5,84.8307207583315
wavePE_drop,0,5,85.06894765175555
wavePE_drop,0,5,85.68899181185894
wavePE_drop,0,5,85.20211691687123
wavePE_drop,0,5,87.56218171115277
wavePE_drop,0,5,85.51883706209118
wavePE_drop,0,5,84.13321049949663
wavePE_drop,0,5,82.49657921384154
wavePE_drop,0,5,68.61452316822816
wavePE_drop,0,5,79.23076133787038
wavePE_drop,0,5,77.91692785927111
wavePE_drop,0,5,81.65717055506228
wavePE_drop,0,5,72.05989300116659
wavePE_drop,0,5,84.77681197295894
wavePE_drop,0,5,69.01192088052227
wavePE_drop,0,5,84.2668910193443
wavePE_drop,0,5,85.20947327318777
wavePE_drop,0,5,81.40303129049282
wavePE_drop,0,5,85.19851219068082
wavePE_drop,0,5,87.2631712184058
wavePE_drop,0,5,85.4476227771791
wavePE_drop,0,5,83.25746785981492
wavePE_drop,0,5,82.71957259877372
wavePE_drop,0,5,79.20226246158762
wavePE_drop,0,5,65.73718902453301
wavePE_drop,0,5,79.64661368412824
wavePE_drop,0,5,77.27541416900485
wavePE_drop,0,5,82.64617973888406
wavePE_drop,0,5,84.81362920521332
wavePE_drop,0,5,84.49871768745427
wavePE_drop,0,5,84.00580730844499
wavePE_drop,0,5,78.92652053334871
wavePE_drop,0,5,81.09878605843659
wavePE_drop,0,5,65.68141574955763
wavePE_drop,0,5,76.74494638162234
wavePE_drop,0,5,86.95374277492017
wavePE_drop,0,5,66.35274468240986
wavePE_drop,0,5,70.93294460539869
wavePE_drop,0,5,78.99703989618784
wavePE_drop,0,5,84.47876660083368
wavePE_drop,0,5,79.74589389080306
wavePE_drop,0,5,84.21440765629198
wavePE_drop,0,5,83.33818750813609
wavePE_drop,0,5,58.6743800122719
wavePE_drop,0,5,64.49636369586639
wavePE_drop,0,5,64.36943318415031
wavePE_drop,0,5,67.22150277672102
wavePE_drop,0,5,63.87304935466056
wavePE_drop,0,5,84.90818821236907
wavePE_drop,0,5,81.19759439220603
wavePE_drop,0,5,86.85525160449995
wavePE_drop,0,5,86.34028654589237
wavePE_drop,0,5,85.9950504610117
wavePE_drop,0,5,87.07056194323219
wavePE_drop,0,5,87.43402333463214
wavePE_drop,0,5,87.7799846363192
wavePE_drop,0,5,86.04092976982517
wavePE_drop,0,5,87.21524008690068
wavePE_drop,0,5,89.12290860300051
wavePE_drop,0,5,83.98400886383675
wavePE_drop,0,5,89.09600114815446
wavePE_drop,0,5,88.8911681711086
wavePE_drop,0,5,88.78754673887398
wavePE_drop,0,5,90.0489274384982
wavePE_drop,0,5,91.17202284271264
wavePE_drop,0,5,90.33555492675353
wavePE_drop,0,5,88.17296847489516
wavePE_drop,0,5,88.43636599575301
wavePE_drop,0,5,83.50520876489072
wavePE_drop,0,5,83.98363372401907
wavePE_drop,0,5,91.16545636191167
wavePE_drop,0,5,86.58007497964574
wavePE_drop,0,5,87.21579763489615
wavePE_drop,0,5,90.16073606200192
wavePE_drop,0,5,90.48346275661642
wavePE_drop,0,5,89.07600566352414
wavePE_drop,0,5,89.34007042302315
wavePE_drop,0,5,86.01761296230737
wavePE_drop,0,5,85.45876565186248
wavePE_drop,0,5,83.75821851774926
wavePE_drop,0,5,87.31081120724801
wavePE_drop,0,5,86.0235430346375
wavePE_drop,0,5,86.79794895306118
wavePE_drop,0,5,86.99121731569757
wavePE_drop,0,5,88.16821834824322
wavePE_drop,0,5,88.06813885342663
wavePE_drop,0,5,84.13361962523015
wavePE_drop,0,5,86.62349112952367
wavePE_drop,0,5,83.02006780666082
wavePE_drop,0,5,84.14138295037533
wavePE_drop,0,5,91.20652810559938
wavePE_drop,0,5,85.86274268129164
wavePE_drop,0,5,86.75851100345344
wavePE_drop,0,5,90.5493516976001
wavePE_drop,0,5,89.40706708681749
wavePE_drop,0,5,87.82918913257687
wavePE_drop,0,5,88.75181664212157
wavePE_drop,0,5,89.1408381174505
wavePE_drop,0,5,83.2777140310919
wavePE_drop,0,5,82.30230971170278
wavePE_drop,0,5,89.5079800665942
wavePE_drop,0,5,82.79046375050247
wavePE_drop,0,5,83.8499617642749
wavePE_drop,0,5,87.28731652965612
wavePE_drop,0,5,88.85455855720667
wavePE_drop,0,5,87.17829803676604
wavePE_drop,0,5,87.79345529243156
wavePE_drop,0,5,84.68656801078592
wavePE_drop,0,5,74.22806137411689
wavePE_drop,0,5,84.16836848594906
wavePE_drop,0,5,82.24241576737127
wavePE_drop,0,5,75.92362868716498
wavePE_drop,0,5,77.95524541084316
wavePE_drop,0,5,27.411270421339307
wavePE_drop,0,5,35.25467393040515
wavePE_drop,0,5,37.66186740167116
wavePE_drop,0,5,38.52555027468627
wavePE_drop,0,5,34.71755899193723
wavePE_drop,0,5,84.76755597584308
wavePE_drop,0,5,80.38637746960717
wavePE_drop,0,5,86.83904301911983
wavePE_drop,0,5,87.41619481896117
wavePE_drop,0,5,85.66340684209585
wavePE_drop,0,5,85.44038587024033
wavePE_drop,0,5,87.54325099780796
wavePE_drop,0,5,86.42490118908813
wavePE_drop,0,5,82.84728388485469
wavePE_drop,0,5,86.56081701124145
wavePE_drop,0,5,86.59096876433031
wavePE_drop,0,5,82.60196475528771
wavePE_drop,0,5,88.06513815143428
wavePE_drop,0,5,87.2625449071769
wavePE_drop,0,5,89.33487528507347
wavePE_drop,0,5,88.5075122649325
wavePE_drop,0,5,90.06637263866499
wavePE_drop,0,5,89.37741108613095
wavePE_drop,0,5,86.91573009657667
wavePE_drop,0,5,85.61573428204287
wavePE_drop,0,5,86.2957105769549
wavePE_drop,0,5,82.11494885507507
wavePE_drop,0,5,89.51543276253382
wavePE_drop,0,5,85.36264663065862
wavePE_drop,0,5,83.92727318514711
wavePE_drop,0,5,87.05929620942581
wavePE_drop,0,5,87.77681563268787
wavePE_drop,0,5,88.42698249575879
wavePE_drop,0,5,85.6750130783653
wavePE_drop,0,5,82.02305276129492
wavePE_drop,0,5,83.432784708682
wavePE_drop,0,5,81.49633907259111
wavePE_drop,0,5,87.61912283484769
wavePE_drop,0,5,86.3208449580107
wavePE_drop,0,5,87.0041374627303
wavePE_drop,0,5,86.8274867376988
wavePE_drop,0,5,88.29611681671761
wavePE_drop,0,5,88.19492852477029
wavePE_drop,0,5,86.01996382066018
wavePE_drop,0,5,86.91193385100524
wavePE_drop,0,5,86.18895373683624
wavePE_drop,0,5,84.22950584263987
wavePE_drop,0,5,90.2965674382924
wavePE_drop,0,5,83.52817623450154
wavePE_drop,0,5,85.05878252892774
wavePE_drop,0,5,89.11000096474037
wavePE_drop,0,5,87.55000787847148
wavePE_drop,0,5,85.69935034573064
wavePE_drop,0,5,87.91959688446008
wavePE_drop,0,5,86.76786588315846
wavePE_drop,0,5,79.4797507393159
wavePE_drop,0,5,79.97213908824244
wavePE_drop,0,5,87.72891739188928
wavePE_drop,0,5,81.60285682682579
wavePE_drop,0,5,79.35492012395304
wavePE_drop,0,5,84.84469173256768
wavePE_drop,0,5,86.5060100084183
wavePE_drop,0,5,85.40533423018599
wavePE_drop,0,5,84.89736965591523
wavePE_drop,0,5,80.46678623941513
wavePE_drop,0,5,70.70267034296035
wavePE_drop,0,5,82.37216816235197
wavePE_drop,0,5,78.2428023822906
wavePE_drop,0,5,64.28088405153856
wavePE_drop,0,5,69.89652980530015
wavePE_drop,0,5,71.23999371295523
wavePE_drop,0,5,71.65506003187565
wavePE_drop,0,5,74.42134703530137
wavePE_drop,0,5,74.35508107331029
wavePE_drop,0,5,81.58114686288533
wavePE_drop,0,5,78.8316402524394
wavePE_drop,0,5,82.75435809826106
wavePE_drop,0,5,81.92816479818066
wavePE_drop,0,5,73.13687906830633
wavePE_drop,0,5,81.39982226785524
wavePE_drop,0,5,86.93189465310947
wavePE_drop,0,5,88.55635471353132
wavePE_drop,0,5,91.13862495717312
wavePE_drop,0,5,87.7639781085068
wavePE_drop,0,5,87.28851875674599
wavePE_drop,0,5,89.404276041954
wavePE_drop,0,5,91.18166634631939
wavePE_drop,0,5,90.06580232971551
wavePE_drop,0,5,89.93383899861837
wavePE_drop,0,5,82.92905509024426
wavePE_drop,0,5,85.37714618860181
wavePE_drop,0,5,86.43775321729441
wavePE_drop,0,5,89.30772281018662
wavePE_drop,0,5,89.21178859837535
wavePE_drop,0,5,87.12289550587411
wavePE_drop,0,5,85.97388255022774
wavePE_drop,0,5,90.80022853432908
wavePE_drop,0,5,90.22059493650085
wavePE_drop,0,5,87.83796757996636
wavePE_drop,0,5,81.59360417749346
wavePE_drop,0,5,79.30664116106634
wavePE_drop,0,5,86.32559432472003
wavePE_drop,0,5,85.94946117601268
wavePE_drop,0,5,70.24955127110634
wavePE_drop,0,5,73.74978948124603
wavePE_drop,0,5,82.91972536849124
wavePE_drop,0,5,85.94779840595518
wavePE_drop,0,5,88.85364593718907
wavePE_drop,0,5,85.84225262619964
wavePE_drop,0,5,87.0111905852049
wavePE_drop,0,5,88.30784122295553
wavePE_drop,0,5,88.01959695544606
wavePE_drop,0,5,85.65804465805748
wavePE_drop,0,5,86.14667484292525
wavePE_drop,0,5,82.76063890383485
wavePE_drop,0,5,78.98971961955117
wavePE_drop,0,5,87.66265070884232
wavePE_drop,0,5,86.6994779014542
wavePE_drop,0,5,76.59284673084446
wavePE_drop,0,5,75.90434605886344
wavePE_drop,0,5,74.59653331739884
wavePE_drop,0,5,82.19299858543174
wavePE_drop,0,5,84.82705939357972
wavePE_drop,0,5,70.71589169540124
wavePE_drop,0,5,72.46273818423154
wavePE_drop,0,5,32.94057917713973
wavePE_drop,0,6,9.07196801539797
wavePE_drop,0,6,15.814667441173638
wavePE_drop,0,6,18.933788451407363
wavePE_drop,0,6,20.54593259828652
wavePE_drop,0,6,13.771466980853637
wavePE_drop,0,6,68.20341349717893
wavePE_drop,0,6,48.88726979434331
wavePE_drop,0,6,61.77223341887868
wavePE_drop,0,6,68.8491084070217
wavePE_drop,0,6,68.53594123712921
wavePE_drop,0,6,65.32465535722753
wavePE_drop,0,6,73.24918492724707
wavePE_drop,0,6,70.81710069162723
wavePE_drop,0,6,65.80955502514215
wavePE_drop,0,6,57.29420170710811
wavePE_drop,0,6,78.66812074273287
wavePE_drop,0,6,61.641342464651025
wavePE_drop,0,6,78.80416222088887
wavePE_drop,0,6,76.38874012574168
wavePE_drop,0,6,81.56690460782652
wavePE_drop,0,6,82.2904881427989
wavePE_drop,0,6,82.34856465877701
wavePE_drop,0,6,80.76555923361175
wavePE_drop,0,6,77.89367463986542
wavePE_drop,0,6,74.78225162934054
wavePE_drop,0,6,63.61626766409378
wavePE_drop,0,6,72.60013372199742
wavePE_drop,0,6,83.67212404210468
wavePE_drop,0,6,65.07467760961435
wavePE_drop,0,6,70.32712353151678
wavePE_drop,0,6,73.92786579567682
wavePE_drop,0,6,80.10498358308746
wavePE_drop,0,6,80.19546073954957
wavePE_drop,0,6,77.4703583117356
wavePE_drop,0,6,76.61691217883832
wavePE_drop,0,6,71.68287002158287
wavePE_drop,0,6,56.31701507569515
wavePE_drop,0,6,72.78878295948472
wavePE_drop,0,6,64.6525382936555
wavePE_drop,0,6,77.43414326779835
wavePE_drop,0,6,80.33997441113772
wavePE_drop,0,6,74.47050941062514
wavePE_drop,0,6,81.05462680060566
wavePE_drop,0,6,73.71686611145732
wavePE_drop,0,6,68.97947337116068
wavePE_drop,0,6,64.3710734762872
wavePE_drop,0,6,75.96802478149354
wavePE_drop,0,6,85.04768789801471
wavePE_drop,0,6,62.25940802151499
wavePE_drop,0,6,62.2529413495746
wavePE_drop,0,6,73.0135598918579
wavePE_drop,0,6,80.44960425361367
wavePE_drop,0,6,76.34684136102268
wavePE_drop,0,6,78.60119335563174
wavePE_drop,0,6,82.01931901329422
wavePE_drop,0,6,57.611768102777184
wavePE_drop,0,6,70.30638190968467
wavePE_drop,0,6,77.20628639690858
wavePE_drop,0,6,62.3247623016706
wavePE_drop,0,6,65.55069032011292
wavePE_drop,0,6,72.89323752243183
wavePE_drop,0,6,79.39380621783312
wavePE_drop,0,6,77.55539549367332
wavePE_drop,0,6,79.59022538983207
wavePE_drop,0,6,74.05179985608761
wavePE_drop,0,6,46.75875290279791
wavePE_drop,0,6,59.08944689137676
wavePE_drop,0,6,66.01387700192961
wavePE_drop,0,6,52.86927181844576
wavePE_drop,0,6,65.05795595021296
wavePE_drop,0,6,51.929582493143734
wavePE_drop,0,6,53.75641399965729
wavePE_drop,0,6,57.58654206358737
wavePE_drop,0,6,55.26126098483943
wavePE_drop,0,6,60.7842100345757
wavePE_drop,0,6,61.2143316295263
wavePE_drop,0,6,60.216389445372876
wavePE_drop,0,6,63.90834497193507
wavePE_drop,0,6,52.68199191056446
wavePE_drop,0,6,62.346488775120434
wavePE_drop,0,6,77.32909004848104
wavePE_drop,0,6,76.07935217188611
wavePE_drop,0,6,84.3256503395114
wavePE_drop,0,6,75.88992287551932
wavePE_drop,0,6,78.06609352317695
wavePE_drop,0,6,82.17564732077885
wavePE_drop,0,6,83.49108703833892
wavePE_drop,0,6,82.77428378732046
wavePE_drop,0,6,83.1786541827003
wavePE_drop,0,6,78.34294580802708
wavePE_drop,0,6,79.99475440643138
wavePE_drop,0,6,80.90100182095657
wavePE_drop,0,6,87.46584855259495
wavePE_drop,0,6,80.82643858845829
wavePE_drop,0,6,79.35048781960786
wavePE_drop,0,6,82.75508796807429
wavePE_drop,0,6,88.05631422550294
wavePE_drop,0,6,86.16554171858623
wavePE_drop,0,6,85.42722876997706
wavePE_drop,0,6,78.65377840784869
wavePE_drop,0,6,72.14960422876887
wavePE_drop,0,6,81.83622740595867
wavePE_drop,0,6,79.30419086362166
wavePE_drop,0,6,70.00645039978785
wavePE_drop,0,6,75.04812861436491
wavePE_drop,0,6,79.2223389190235
wavePE_drop,0,6,80.6314222750373
wavePE_drop,0,6,84.29678697259801
wavePE_drop,0,6,77.74356577006057
wavePE_drop,0,6,79.62411020703067
wavePE_drop,0,6,84.14935011153017
wavePE_drop,0,6,85.68622029151572
wavePE_drop,0,6,81.23286625721332
wavePE_drop,0,6,83.65193918780658
wavePE_drop,0,6,79.72505646021584
wavePE_drop,0,6,71.87154097168404
wavePE_drop,0,6,80.81058275739326
wavePE_drop,0,6,80.41226285521616
wavePE_drop,0,6,72.78445140467106
wavePE_drop,0,6,77.61818510783094
wavePE_drop,0,6,61.3865806782391
wavePE_drop,0,6,76.56405105424025
wavePE_drop,0,6,77.94965788742645
wavePE_drop,0,6,66.43626932285228
wavePE_drop,0,6,71.36188035226081
wavePE_drop,0,6,16.360306273903934
wavePE_drop,0,6,22.713203838567047
wavePE_drop,0,6,19.942506844911303
wavePE_drop,0,6,28.51823809965575
wavePE_drop,0,6,28.32179140518726
wavePE_drop,0,6,33.83342539364783
wavePE_drop,0,6,31.076456858121272
wavePE_drop,0,6,33.48421679503806
wavePE_drop,0,6,37.35872160596193
wavePE_drop,0,6,26.820908959103583
wavePE_drop,0,6,33.41650362014052
wavePE_drop,0,6,75.09974456561007
wavePE_drop,0,6,78.36346282224778
wavePE_drop,0,6,83.93915009212537
wavePE_drop,0,6,74.43666331296733
wavePE_drop,0,6,73.27484058126505
wavePE_drop,0,6,82.62902684540967
wavePE_drop,0,6,81.7285152960342
wavePE_drop,0,6,78.75400984299345
wavePE_drop,0,6,80.09747910177492
wavePE_drop,0,6,73.52337379609554
wavePE_drop,0,6,77.2604047785259
wavePE_drop,0,6,78.45264037919932
wavePE_drop,0,6,86.79430490157853
wavePE_drop,0,6,81.8314055916606
wavePE_drop,0,6,75.88338391412032
wavePE_drop,0,6,79.5160307284521
wavePE_drop,0,6,86.60347949649943
wavePE_drop,0,6,85.93093023821451
wavePE_drop,0,6,80.65944500878857
wavePE_drop,0,6,75.1036698455706
wavePE_drop,0,6,63.822712813046635
wavePE_drop,0,6,78.30812675797955
wavePE_drop,0,6,74.51133616778718
wavePE_drop,0,6,50.169872804698855
wavePE_drop,0,6,66.17604982458766
wavePE_drop,0,6,74.186602799573
wavePE_drop,0,6,77.76558765780159
wavePE_drop,0,6,83.91889030826304
wavePE_drop,0,6,77.6368532887915
wavePE_drop,0,6,76.74399939810019
wavePE_drop,0,6,83.78008099456189
wavePE_drop,0,6,83.89275185420345
wavePE_drop,0,6,81.75232012771237
wavePE_drop,0,6,83.7663200265017
wavePE_drop,0,6,76.88251621871979
wavePE_drop,0,6,69.88753007525003
wavePE_drop,0,6,78.86681109011047
wavePE_drop,0,6,78.74336883950318
wavePE_drop,0,6,62.78540018680822
wavePE_drop,0,6,70.35014106623787
wavePE_drop,0,6,64.68306565068345
wavePE_drop,0,6,69.20848281242328
wavePE_drop,0,6,73.2552319429818
wavePE_drop,0,6,55.58721325479905
wavePE_drop,0,6,67.42929031010785
wavePE_drop,0,6,15.8433114491687
wavePE_drop,0,6,62.104973305751834
wavePE_drop,0,6,64.49840327826605
wavePE_drop,0,6,68.06648961991975
wavePE_drop,0,6,65.40541695224307
wavePE_drop,0,6,63.72476719449389
wavePE_drop,0,6,71.30155919757712
wavePE_drop,0,6,76.49769425313575
wavePE_drop,0,6,72.39627905962041
wavePE_drop,0,6,64.91504625892303
wavePE_drop,0,6,61.86857560583828
wavePE_drop,0,6,70.2863940561298
wavePE_drop,0,6,83.78570287902853
wavePE_drop,0,6,84.39712348836308
wavePE_drop,0,6,61.63183486916309
wavePE_drop,0,6,70.89590348524109
wavePE_drop,0,6,76.2377934094971
wavePE_drop,0,6,78.28034885405751
wavePE_drop,0,6,78.87263174222447
wavePE_drop,0,6,63.587651890549154
wavePE_drop,0,6,71.29851987686808
wavePE_drop,0,6,28.233958533825387
wavePE_drop,0,6,69.75087743019974
wavePE_drop,0,6,76.68967074505272
wavePE_drop,0,6,81.4603227195924
wavePE_drop,0,6,67.49639490475067
wavePE_drop,0,6,71.30406570750519
wavePE_drop,0,6,32.52732152089196
wavePE_drop,0,6,28.668486873898846
learnedPE_nodrop,1,0,94.5771865300009
learnedPE_nodrop,1,1,71.67404865393463
learnedPE_nodrop,1,1,70.44741098113867
learnedPE_nodrop,1,1,76.17174507445363
learnedPE_nodrop,1,1,79.66851556592441
learnedPE_nodrop,1,1,91.10544552626858
learnedPE_nodrop,1,1,93.76521210748831
learnedPE_nodrop,1,1,92.21081648148434
learnedPE_nodrop,1,1,93.77485216354296
learnedPE_nodrop,1,1,94.17347607998805
learnedPE_nodrop,1,1,93.37641685577142
learnedPE_nodrop,1,2,33.62492419696853
learnedPE_nodrop,1,2,61.43426563278528
learnedPE_nodrop,1,2,50.52210048623964
learnedPE_nodrop,1,2,53.53081546749014
learnedPE_nodrop,1,2,61.97717400071296
learnedPE_nodrop,1,2,65.40082888188812
learnedPE_nodrop,1,2,67.54679138468927
learnedPE_nodrop,1,2,70.13904001678063
learnedPE_nodrop,1,2,70.32801123371853
learnedPE_nodrop,1,2,58.308714030443056
learnedPE_nodrop,1,2,63.04761693832345
learnedPE_nodrop,1,2,68.28536350988124
learnedPE_nodrop,1,2,61.01320659333257
learnedPE_nodrop,1,2,68.54444649860862
learnedPE_nodrop,1,2,65.78858223545653
learnedPE_nodrop,1,2,69.74701063336985
learnedPE_nodrop,1,2,69.00172390521053
learnedPE_nodrop,1,2,52.04260021385964
learnedPE_nodrop,1,2,76.09262978565555
learnedPE_nodrop,1,2,77.35509853614326
learnedPE_nodrop,1,2,74.32635537199963
learnedPE_nodrop,1,2,76.0103655329973
learnedPE_nodrop,1,2,76.23245084805781
learnedPE_nodrop,1,2,75.96712534602645
learnedPE_nodrop,1,2,54.92096964224697
learnedPE_nodrop,1,2,76.42299200190857
learnedPE_nodrop,1,2,77.69602914643593
learnedPE_nodrop,1,2,76.00242527793965
learnedPE_nodrop,1,2,79.15971946715472
learnedPE_nodrop,1,2,73.99910362243357
learnedPE_nodrop,1,2,90.24284708431772
learnedPE_nodrop,1,2,87.51466164195398
learnedPE_nodrop,1,2,91.1592542905713
learnedPE_nodrop,1,2,91.16257660991764
learnedPE_nodrop,1,2,90.62060831972238
learnedPE_nodrop,1,2,91.47299433625265
learnedPE_nodrop,1,2,88.17747909911257
learnedPE_nodrop,1,2,93.01859070513079
learnedPE_nodrop,1,2,92.49655414893043
learnedPE_nodrop,1,2,91.2711236532784
learnedPE_nodrop,1,2,91.7901182214489
learnedPE_nodrop,1,2,90.85543407835152
learnedPE_nodrop,1,2,92.22307414980807
learnedPE_nodrop,1,2,90.34322736652629
learnedPE_nodrop,1,2,90.09699894954852
learnedPE_nodrop,1,3,23.973841027722255
learnedPE_nodrop,1,3,25.415182831699706
learnedPE_nodrop,1,3,31.607513138361597
learnedPE_nodrop,1,3,27.458473653776323
learnedPE_nodrop,1,3,32.201826629587124
learnedPE_nodrop,1,3,28.476840675095104
learnedPE_nodrop,1,3,31.309788339533785
learnedPE_nodrop,1,3,35.722164904152606
learnedPE_nodrop,1,3,35.517374403994886
learnedPE_nodrop,1,3,45.23817499762309
learnedPE_nodrop,1,3,52.91869720531863
learnedPE_nodrop,1,3,57.464800273613356
learnedPE_nodrop,1,3,58.50062576202685
learnedPE_nodrop,1,3,61.78141648937265
learnedPE_nodrop,1,3,61.34546630111064
learnedPE_nodrop,1,3,34.89393205976923
learnedPE_nodrop,1,3,41.41945420634065
learnedPE_nodrop,1,3,49.75406108510122
learnedPE_nodrop,1,3,47.33987635724919
learnedPE_nodrop,1,3,51.69969475120286
learnedPE_nodrop,1,3,51.167740302729484
learnedPE_nodrop,1,3,49.58157375853044
learnedPE_nodrop,1,3,55.36800041019831
learnedPE_nodrop,1,3,56.145112349130976
learnedPE_nodrop,1,3,53.387140743851305
learnedPE_nodrop,1,3,57.89124891107775
learnedPE_nodrop,1,3,61.377724653527984
learnedPE_nodrop,1,3,50.864569623692525
learnedPE_nodrop,1,3,57.09778603015179
learnedPE_nodrop,1,3,60.1243692187693
learnedPE_nodrop,1,3,63.45118536081744
learnedPE_nodrop,1,3,64.75835988527241
learnedPE_nodrop,1,3,64.85995990941733
learnedPE_nodrop,1,3,65.81137354170481
learnedPE_nodrop,1,3,63.68059768831107
learnedPE_nodrop,1,3,65.22953226244567
learnedPE_nodrop,1,3,40.33495216945614
learnedPE_nodrop,1,3,61.328742868187305
learnedPE_nodrop,1,3,56.40070400981293
learnedPE_nodrop,1,3,56.6131625405062
learnedPE_nodrop,1,3,55.90156131980384
learnedPE_nodrop,1,3,57.69115655281809
learnedPE_nodrop,1,3,56.457653875415325
learnedPE_nodrop,1,3,45.466227569500894
learnedPE_nodrop,1,3,59.454072052961735
learnedPE_nodrop,1,3,62.0194769916079
learnedPE_nodrop,1,3,61.795137412117086
learnedPE_nodrop,1,3,62.6971660099566
learnedPE_nodrop,1,3,62.170421833159395
learnedPE_nodrop,1,3,63.006191547453525
learnedPE_nodrop,1,3,63.97547811647195
learnedPE_nodrop,1,3,67.37867346723274
learnedPE_nodrop,1,3,67.01268744216605
learnedPE_nodrop,1,3,68.78602132012136
learnedPE_nodrop,1,3,58.074463061799065
learnedPE_nodrop,1,3,47.96665189489803
learnedPE_nodrop,1,3,57.00223321298552
learnedPE_nodrop,1,3,56.72768601560511
learnedPE_nodrop,1,3,65.01087189657493
learnedPE_nodrop,1,3,62.14488951784494
learnedPE_nodrop,1,3,66.75353311349402
learnedPE_nodrop,1,3,61.35597834862093
learnedPE_nodrop,1,3,62.69210884261183
learnedPE_nodrop,1,3,62.854373633285235
learnedPE_nodrop,1,3,25.863497534043333
learnedPE_nodrop,1,3,49.63506237341673
learnedPE_nodrop,1,3,45.263987661429006
learnedPE_nodrop,1,3,46.4763614538056
learnedPE_nodrop,1,3,51.681938484526505
learnedPE_nodrop,1,3,51.34399395460577
learnedPE_nodrop,1,3,75.69284924910606
learnedPE_nodrop,1,3,73.0527123412481
learnedPE_nodrop,1,3,76.66268514306698
learnedPE_nodrop,1,3,76.38031538712603
learnedPE_nodrop,1,3,77.50594652117265
learnedPE_nodrop,1,3,75.84053736634463
learnedPE_nodrop,1,3,73.43000170500909
learnedPE_nodrop,1,3,77.95096633986572
learnedPE_nodrop,1,3,77.84241624420966
learnedPE_nodrop,1,3,74.84325833400591
learnedPE_nodrop,1,3,74.94053103708697
learnedPE_nodrop,1,3,74.23198720871848
learnedPE_nodrop,1,3,75.83163358150821
learnedPE_nodrop,1,3,75.27957069951454
learnedPE_nodrop,1,3,74.04233290411855
learnedPE_nodrop,1,3,54.173512086713416
learnedPE_nodrop,1,3,52.77284565011673
learnedPE_nodrop,1,3,55.135593021898565
learnedPE_nodrop,1,3,55.06676829672274
learnedPE_nodrop,1,3,55.778972896243026
learnedPE_nodrop,1,3,74.69296147245991
learnedPE_nodrop,1,3,66.34130366448281
learnedPE_nodrop,1,3,76.38464042597681
learnedPE_nodrop,1,3,68.50965435757695
learnedPE_nodrop,1,3,74.84462506343836
learnedPE_nodrop,1,3,77.07254746888441
learnedPE_nodrop,1,3,72.47644116384441
learnedPE_nodrop,1,3,74.88039260216313
learnedPE_nodrop,1,3,66.25192833625559
learnedPE_nodrop,1,3,69.4671945671983
learnedPE_nodrop,1,3,85.30989758218121
learnedPE_nodrop,1,3,87.54452221363786
learnedPE_nodrop,1,3,90.4758478977018
learnedPE_nodrop,1,3,87.92646177584527
learnedPE_nodrop,1,3,87.59957963072638
learnedPE_nodrop,1,3,86.79495622089617
learnedPE_nodrop,1,3,86.30700484547455
learnedPE_nodrop,1,3,90.35613809434209
learnedPE_nodrop,1,3,81.83352978248935
learnedPE_nodrop,1,3,87.447772900144
learnedPE_nodrop,1,3,83.04930235385497
learnedPE_nodrop,1,3,89.8807560286485
learnedPE_nodrop,1,3,89.44718387433464
learnedPE_nodrop,1,3,85.2444195804743
learnedPE_nodrop,1,3,73.02024084001602
learnedPE_nodrop,1,3,86.99553131048985
learnedPE_nodrop,1,3,88.88923097381497
learnedPE_nodrop,1,3,86.50181615309887
learnedPE_nodrop,1,3,86.66460538399663
learnedPE_nodrop,1,3,76.58393260884651
learnedPE_nodrop,1,4,19.500362490459345
learnedPE_nodrop,1,4,22.29643364930843
learnedPE_nodrop,1,4,21.789132883021995
learnedPE_nodrop,1,4,24.96994835362497
learnedPE_nodrop,1,4,22.48565784999769
learnedPE_nodrop,1,4,21.412904749292004
learnedPE_nodrop,1,4,25.122551122395308
learnedPE_nodrop,1,4,20.597786094203933
learnedPE_nodrop,1,4,19.614982203074
learnedPE_nodrop,1,4,30.186321981067167
learnedPE_nodrop,1,4,22.427251150323652
learnedPE_nodrop,1,4,22.59445896977597
learnedPE_nodrop,1,4,27.202623440333284
learnedPE_nodrop,1,4,26.07180008610396
learnedPE_nodrop,1,4,32.75407396520389
learnedPE_nodrop,1,4,26.778480592446414
learnedPE_nodrop,1,4,30.01235121181103
learnedPE_nodrop,1,4,31.712907788225465
learnedPE_nodrop,1,4,27.33632951724674
learnedPE_nodrop,1,4,25.38205642631881
learnedPE_nodrop,1,4,27.199090454118576
learnedPE_nodrop,1,4,28.586950343543588
learnedPE_nodrop,1,4,27.585842602335788
learnedPE_nodrop,1,4,29.33980132927144
learnedPE_nodrop,1,4,32.272757635926595
learnedPE_nodrop,1,4,24.11511552191158
learnedPE_nodrop,1,4,29.135949270237795
learnedPE_nodrop,1,4,31.761550216800753
learnedPE_nodrop,1,4,31.113216510144103
learnedPE_nodrop,1,4,25.286695590918196
learnedPE_nodrop,1,4,31.51880664182931
learnedPE_nodrop,1,4,32.76536797894261
learnedPE_nodrop,1,4,35.50173907405839
learnedPE_nodrop,1,4,38.36409283390786
learnedPE_nodrop,1,4,43.17714739939112
learnedPE_nodrop,1,4,51.187492816815094
learnedPE_nodrop,1,4,45.88485670579628
learnedPE_nodrop,1,4,43.79005093042884
learnedPE_nodrop,1,4,49.04640185513727
learnedPE_nodrop,1,4,56.13694889577966
learnedPE_nodrop,1,4,47.69936661804017
learnedPE_nodrop,1,4,50.63440432600381
learnedPE_nodrop,1,4,55.30623734004509
learnedPE_nodrop,1,4,57.75164112534888
learnedPE_nodrop,1,4,53.77007887109207
learnedPE_nodrop,1,4,56.455011918100425
learnedPE_nodrop,1,4,58.15062836800888
learnedPE_nodrop,1,4,57.92332130425274
learnedPE_nodrop,1,4,59.5203035699481
learnedPE_nodrop,1,4,30.802856219619297
learnedPE_nodrop,1,4,41.53058503108989
learnedPE_nodrop,1,4,36.70768516332102
learnedPE_nodrop,1,4,33.606052159602854
learnedPE_nodrop,1,4,35.770339193334344
learnedPE_nodrop,1,4,44.4913256361606
learnedPE_nodrop,1,4,30.194128249749276
learnedPE_nodrop,1,4,41.31868038308849
learnedPE_nodrop,1,4,42.802331294840954
learnedPE_nodrop,1,4,48.305103276205855
learnedPE_nodrop,1,4,48.74581038301039
learnedPE_nodrop,1,4,49.723204321977555
learnedPE_nodrop,1,4,46.67704233597492
learnedPE_nodrop,1,4,47.63401534579282
learnedPE_nodrop,1,4,50.9281278404208
learnedPE_nodrop,1,4,60.362893805412156
learnedPE_nodrop,1,4,46.6995933043395
learnedPE_nodrop,1,4,49.8216207236898
learnedPE_nodrop,1,4,53.49561830865455
learnedPE_nodrop,1,4,55.731255857749154
learnedPE_nodrop,1,4,54.59127319607893
learnedPE_nodrop,1,4,56.86026867307117
learnedPE_nodrop,1,4,55.87514207568146
learnedPE_nodrop,1,4,54.85839046898362
learnedPE_nodrop,1,4,58.127298009469854
learnedPE_nodrop,1,4,53.16014109233102
learnedPE_nodrop,1,4,58.68369835910801
learnedPE_nodrop,1,4,58.62392140174768
learnedPE_nodrop,1,4,48.05297842355539
learnedPE_nodrop,1,4,44.64006850975326
learnedPE_nodrop,1,4,51.18452990494588
learnedPE_nodrop,1,4,62.30137004042935
learnedPE_nodrop,1,4,62.74511861254653
learnedPE_nodrop,1,4,61.208231318735564
learnedPE_nodrop,1,4,52.612717254990024
learnedPE_nodrop,1,4,14.977506652478006
learnedPE_nodrop,1,4,39.15634189219696
learnedPE_nodrop,1,4,34.98084466534824
learnedPE_nodrop,1,4,38.348213571979805
learnedPE_nodrop,1,4,39.045122591854216
learnedPE_nodrop,1,4,39.27129284027794
learnedPE_nodrop,1,4,61.615081094167266
learnedPE_nodrop,1,4,58.328489980348074
learnedPE_nodrop,1,4,60.19065079439564
learnedPE_nodrop,1,4,60.25632992026666
learnedPE_nodrop,1,4,62.025743041563295
learnedPE_nodrop,1,4,55.10909345247514
learnedPE_nodrop,1,4,47.03716073128683
learnedPE_nodrop,1,4,56.30360674417288
learnedPE_nodrop,1,4,53.306132835885876
learnedPE_nodrop,1,4,54.87273917774047
learnedPE_nodrop,1,4,54.22478041394437
learnedPE_nodrop,1,4,54.341904922410365
learnedPE_nodrop,1,4,54.106633901933264
learnedPE_nodrop,1,4,53.57431408427622
learnedPE_nodrop,1,4,51.235178863339215
learnedPE_nodrop,1,4,44.436906934940545
learnedPE_nodrop,1,4,41.622474389298056
learnedPE_nodrop,1,4,46.00191381633816
learnedPE_nodrop,1,4,46.00304602896456
learnedPE_nodrop,1,4,44.322261919034965
learnedPE_nodrop,1,4,60.9183113004359
learnedPE_nodrop,1,4,47.524928729725566
learnedPE_nodrop,1,4,58.28016905849138
learnedPE_nodrop,1,4,57.187638795611484
learnedPE_nodrop,1,4,61.89020542352627
learnedPE_nodrop,1,4,61.730849495814375
learnedPE_nodrop,1,4,61.52681260652801
learnedPE_nodrop,1,4,59.76732337016586
learnedPE_nodrop,1,4,60.18845518971593
learnedPE_nodrop,1,4,55.83342575815251
learnedPE_nodrop,1,4,58.082074559424
learnedPE_nodrop,1,4,55.156017074701815
learnedPE_nodrop,1,4,59.844806576617216
learnedPE_nodrop,1,4,61.061705433055316
learnedPE_nodrop,1,4,63.70850775641655
learnedPE_nodrop,1,4,58.72433073198249
learnedPE_nodrop,1,4,64.23504573243305
learnedPE_nodrop,1,4,62.02399760539606
learnedPE_nodrop,1,4,63.246564009401595
learnedPE_nodrop,1,4,62.43474356400773
learnedPE_nodrop,1,4,46.76309587894541
learnedPE_nodrop,1,4,49.51590950565953
learnedPE_nodrop,1,4,53.25743331914834
learnedPE_nodrop,1,4,44.961010178864335
learnedPE_nodrop,1,4,42.777029540943474
learnedPE_nodrop,1,4,53.22365815232527
learnedPE_nodrop,1,4,49.15452547877764
learnedPE_nodrop,1,4,61.503450268431415
learnedPE_nodrop,1,4,50.23848977763783
learnedPE_nodrop,1,4,52.43688689968483
learnedPE_nodrop,1,4,25.33415682608025
learnedPE_nodrop,1,4,22.563371947683024
learnedPE_nodrop,1,4,26.5066501930158
learnedPE_nodrop,1,4,26.06793348374149
learnedPE_nodrop,1,4,25.343889007996452
learnedPE_nodrop,1,4,44.88921994720126
learnedPE_nodrop,1,4,41.84704422539621
learnedPE_nodrop,1,4,49.45016721704735
learnedPE_nodrop,1,4,49.0860946710265
learnedPE_nodrop,1,4,41.4328537955228
learnedPE_nodrop,1,4,45.165732372944724
learnedPE_nodrop,1,4,45.21575830673685
learnedPE_nodrop,1,4,45.93917673845306
learnedPE_nodrop,1,4,46.6246514988239
learnedPE_nodrop,1,4,49.82775754089197
learnedPE_nodrop,1,4,73.24641711603384
learnedPE_nodrop,1,4,74.51237318178624
learnedPE_nodrop,1,4,76.74449250210249
learnedPE_nodrop,1,4,77.4802630263136
learnedPE_nodrop,1,4,74.35016353141994
learnedPE_nodrop,1,4,72.43352872316349
learnedPE_nodrop,1,4,73.80518257933323
learnedPE_nodrop,1,4,76.48354951404866
learnedPE_nodrop,1,4,76.92309346341418
learnedPE_nodrop,1,4,76.02632101309604
learnedPE_nodrop,1,4,71.85964694302574
learnedPE_nodrop,1,4,76.18667446783569
learnedPE_nodrop,1,4,76.8678487365658
learnedPE_nodrop,1,4,73.02463627354567
learnedPE_nodrop,1,4,68.65043404350375
learnedPE_nodrop,1,4,74.69618306451834
learnedPE_nodrop,1,4,75.25306091474442
learnedPE_nodrop,1,4,74.00111210320196
learnedPE_nodrop,1,4,72.55463671024857
learnedPE_nodrop,1,4,67.23628634107762
learnedPE_nodrop,1,4,50.95592955485637
learnedPE_nodrop,1,4,52.53706337369193
learnedPE_nodrop,1,4,54.380399851451685
learnedPE_nodrop,1,4,54.55969595445871
learnedPE_nodrop,1,4,53.45086952293872
learnedPE_nodrop,1,4,51.22568688039642
learnedPE_nodrop,1,4,52.90424764973574
learnedPE_nodrop,1,4,54.35432507079197
learnedPE_nodrop,1,4,55.70498981194232
learnedPE_nodrop,1,4,54.81192131126268
learnedPE_nodrop,1,4,64.16165672318996
learnedPE_nodrop,1,4,73.9572958561088
learnedPE_nodrop,1,4,66.93669985766194
learnedPE_nodrop,1,4,65.57062488766383
learnedPE_nodrop,1,4,57.52312758347661
learnedPE_nodrop,1,4,62.59096599696606
learnedPE_nodrop,1,4,73.50592122573244
learnedPE_nodrop,1,4,65.46942753048673
learnedPE_nodrop,1,4,67.94476958810135
learnedPE_nodrop,1,4,57.73923372506159
learnedPE_nodrop,1,4,81.87407756787246
learnedPE_nodrop,1,4,84.19329147475652
learnedPE_nodrop,1,4,82.63577330382581
learnedPE_nodrop,1,4,86.63463683030857
learnedPE_nodrop,1,4,77.69267673025445
learnedPE_nodrop,1,4,85.3367458683218
learnedPE_nodrop,1,4,85.6168383732776
learnedPE_nodrop,1,4,77.63091401601068
learnedPE_nodrop,1,4,83.03273810513977
learnedPE_nodrop,1,4,72.0531025585897
learnedPE_nodrop,1,4,77.07179970591378
learnedPE_nodrop,1,4,66.53851454743007
learnedPE_nodrop,1,4,80.89288373016402
learnedPE_nodrop,1,4,54.14710637598781
learnedPE_nodrop,1,4,70.5137324288476
learnedPE_nodrop,1,5,6.324188185857209
learnedPE_nodrop,1,5,16.700110228413457
learnedPE_nodrop,1,5,18.827655050382933
learnedPE_nodrop,1,5,17.598862145100814
learnedPE_nodrop,1,5,18.260226937974245
learnedPE_nodrop,1,5,21.063650240481042
learnedPE_nodrop,1,5,22.37637652469524
learnedPE_nodrop,1,5,25.566258552614002
learnedPE_nodrop,1,5,19.718669992489772
learnedPE_nodrop,1,5,20.976463001890505
learnedPE_nodrop,1,5,26.56536646261194
learnedPE_nodrop,1,5,25.23485580258791
learnedPE_nodrop,1,5,16.940648752329842
learnedPE_nodrop,1,5,18.61297351238038
learnedPE_nodrop,1,5,21.986835395408917
learnedPE_nodrop,1,5,23.644064002680466
learnedPE_nodrop,1,5,20.60940405381847
learnedPE_nodrop,1,5,22.522205544470708
learnedPE_nodrop,1,5,17.391969508717686
learnedPE_nodrop,1,5,21.678789208183083
learnedPE_nodrop,1,5,21.16616947447535
learnedPE_nodrop,1,5,19.226457256086587
learnedPE_nodrop,1,5,18.97596993495874
learnedPE_nodrop,1,5,18.413690268287425
learnedPE_nodrop,1,5,16.064305911269116
learnedPE_nodrop,1,5,20.31110834184988
learnedPE_nodrop,1,5,24.991242509337045
learnedPE_nodrop,1,5,13.609984299256833
learnedPE_nodrop,1,5,17.246155975185097
learnedPE_nodrop,1,5,22.958763464657405
learnedPE_nodrop,1,5,27.28196758143784
learnedPE_nodrop,1,5,23.083134169347865
learnedPE_nodrop,1,5,26.062288021305267
learnedPE_nodrop,1,5,17.7594393708295
learnedPE_nodrop,1,5,23.576410884571157
learnedPE_nodrop,1,5,20.818927986151607
learnedPE_nodrop,1,5,29.78149103099134
learnedPE_nodrop,1,5,19.854306672206985
learnedPE_nodrop,1,5,24.894036507414963
learnedPE_nodrop,1,5,28.292921664967018
learnedPE_nodrop,1,5,27.928413698266297
learnedPE_nodrop,1,5,27.07515293562664
learnedPE_nodrop,1,5,30.398428869160355
learnedPE_nodrop,1,5,20.661294888709598
learnedPE_nodrop,1,5,27.822687171063233
learnedPE_nodrop,1,5,28.915621635033308
learnedPE_nodrop,1,5,23.61531677921784
learnedPE_nodrop,1,5,23.172546964107177
learnedPE_nodrop,1,5,24.97395768363586
learnedPE_nodrop,1,5,22.6723435845853
learnedPE_nodrop,1,5,26.23465011548224
learnedPE_nodrop,1,5,27.275893051297174
learnedPE_nodrop,1,5,23.350218528579713
learnedPE_nodrop,1,5,26.86545144618221
learnedPE_nodrop,1,5,28.62558183724192
learnedPE_nodrop,1,5,21.217819616265466
learnedPE_nodrop,1,5,22.186335872441628
learnedPE_nodrop,1,5,19.71674507059548
learnedPE_nodrop,1,5,29.87901194669089
learnedPE_nodrop,1,5,31.099713486215887
learnedPE_nodrop,1,5,29.224458332695065
learnedPE_nodrop,1,5,27.046607298794168
learnedPE_nodrop,1,5,21.20389336493606
learnedPE_nodrop,1,5,24.706497912135017
learnedPE_nodrop,1,5,29.706852363747103
learnedPE_nodrop,1,5,25.11376039194173
learnedPE_nodrop,1,5,33.37453489230388
learnedPE_nodrop,1,5,33.15545037187494
learnedPE_nodrop,1,5,33.26788516994493
learnedPE_nodrop,1,5,38.13842528137295
learnedPE_nodrop,1,5,37.68836847464193
learnedPE_nodrop,1,5,50.81126082513631
learnedPE_nodrop,1,5,40.215849020297114
learnedPE_nodrop,1,5,41.526450350764925
learnedPE_nodrop,1,5,49.53180500372154
learnedPE_nodrop,1,5,51.248075137742866
learnedPE_nodrop,1,5,49.12853502300247
learnedPE_nodrop,1,5,53.31861571430987
learnedPE_nodrop,1,5,41.76534222349421
learnedPE_nodrop,1,5,49.15528398351127
learnedPE_nodrop,1,5,48.37872151445089
learnedPE_nodrop,1,5,51.654756067917276
learnedPE_nodrop,1,5,49.103982993006454
learnedPE_nodrop,1,5,54.170087174390666
learnedPE_nodrop,1,5,44.2944399740247
learnedPE_nodrop,1,5,46.11095276238998
learnedPE_nodrop,1,5,46.16105711032621
learnedPE_nodrop,1,5,51.190525192486746
learnedPE_nodrop,1,5,56.01314127461605
learnedPE_nodrop,1,5,51.59172673258525
learnedPE_nodrop,1,5,45.837993270150776
learnedPE_nodrop,1,5,38.25254317568053
learnedPE_nodrop,1,5,27.936011222093228
learnedPE_nodrop,1,5,30.51265693910944
learnedPE_nodrop,1,5,32.38344436407061
learnedPE_nodrop,1,5,38.39056636872425
learnedPE_nodrop,1,5,37.49092274209046
learnedPE_nodrop,1,5,39.27910775036831
learnedPE_nodrop,1,5,33.196659436938155
learnedPE_nodrop,1,5,39.29637232246389
learnedPE_nodrop,1,5,35.56145707080921
learnedPE_nodrop,1,5,35.9907513274265
learnedPE_nodrop,1,5,43.64830789891656
learnedPE_nodrop,1,5,41.432626984936874
learnedPE_nodrop,1,5,29.925902366970057
learnedPE_nodrop,1,5,30.636880468188103
learnedPE_nodrop,1,5,36.44269029328533
learnedPE_nodrop,1,5,43.635495882515926
learnedPE_nodrop,1,5,47.41704836487312
learnedPE_nodrop,1,5,46.326359942326526
learnedPE_nodrop,1,5,40.45505573744433
learnedPE_nodrop,1,5,53.01888834658863
learnedPE_nodrop,1,5,59.78446238211183
learnedPE_nodrop,1,5,57.844548700815466
learnedPE_nodrop,1,5,48.366200611204505
learnedPE_nodrop,1,5,47.920824631684724
learnedPE_nodrop,1,5,53.455013670227025
learnedPE_nodrop,1,5,53.92661287975892
learnedPE_nodrop,1,5,52.5812034273034
learnedPE_nodrop,1,5,54.2696046152498
learnedPE_nodrop,1,5,50.872031205790734
learnedPE_nodrop,1,5,52.152022867159545
learnedPE_nodrop,1,5,45.16068337283766
learnedPE_nodrop,1,5,52.39200964449186
learnedPE_nodrop,1,5,24.588438761495958
learnedPE_nodrop,1,5,44.32015062266837
learnedPE_nodrop,1,5,16.74555610072879
learnedPE_nodrop,1,5,16.962472819843455
learnedPE_nodrop,1,5,17.32467413426562
learnedPE_nodrop,1,5,15.33293625830715
learnedPE_nodrop,1,5,14.105948844129593
learnedPE_nodrop,1,5,34.34054208711107
learnedPE_nodrop,1,5,29.974340403835193
learnedPE_nodrop,1,5,36.94934477823365
learnedPE_nodrop,1,5,35.432814253147015
learnedPE_nodrop,1,5,33.993709398223935
learnedPE_nodrop,1,5,33.51871114991083
learnedPE_nodrop,1,5,34.00080514334067
learnedPE_nodrop,1,5,36.600045173884595
learnedPE_nodrop,1,5,35.802662780926035
learnedPE_nodrop,1,5,36.47726044757679
learnedPE_nodrop,1,5,59.5770708774272
learnedPE_nodrop,1,5,55.749459790868826
learnedPE_nodrop,1,5,61.49380083981093
learnedPE_nodrop,1,5,60.47392812401555
learnedPE_nodrop,1,5,58.350372809749594
learnedPE_nodrop,1,5,55.14203849061343
learnedPE_nodrop,1,5,58.19269170005732
learnedPE_nodrop,1,5,58.914056398759705
learnedPE_nodrop,1,5,59.4576319114438
learnedPE_nodrop,1,5,58.90267256880557
learnedPE_nodrop,1,5,46.4625569732964
learnedPE_nodrop,1,5,49.94389135741346
learnedPE_nodrop,1,5,51.69194492528975
learnedPE_nodrop,1,5,43.11263477828845
learnedPE_nodrop,1,5,39.934184023137256
learnedPE_nodrop,1,5,47.76712420310745
learnedPE_nodrop,1,5,47.589907219868735
learnedPE_nodrop,1,5,51.643132963237036
learnedPE_nodrop,1,5,45.080963041926005
learnedPE_nodrop,1,5,44.86084336408857
learnedPE_nodrop,1,5,41.34044942849311
learnedPE_nodrop,1,5,39.70055775627151
learnedPE_nodrop,1,5,44.67564542023293
learnedPE_nodrop,1,5,41.77138520700466
learnedPE_nodrop,1,5,43.76035098164818
learnedPE_nodrop,1,5,39.88201220263909
learnedPE_nodrop,1,5,39.290378039003116
learnedPE_nodrop,1,5,44.8746822649867
learnedPE_nodrop,1,5,42.88624190227562
learnedPE_nodrop,1,5,41.02562801867764
learnedPE_nodrop,1,5,50.87438053788096
learnedPE_nodrop,1,5,56.686543586705184
learnedPE_nodrop,1,5,60.59542072199555
learnedPE_nodrop,1,5,42.75442136782457
learnedPE_nodrop,1,5,44.708953062490735
learnedPE_nodrop,1,5,50.637526241160494
learnedPE_nodrop,1,5,54.91338294901221
learnedPE_nodrop,1,5,62.08291933138589
learnedPE_nodrop,1,5,50.06411601885613
learnedPE_nodrop,1,5,47.1936129606377
learnedPE_nodrop,1,5,51.00818766980024
learnedPE_nodrop,1,5,48.87633573978512
learnedPE_nodrop,1,5,52.914306624810806
learnedPE_nodrop,1,5,49.20806825694024
learnedPE_nodrop,1,5,49.658671453321894
learnedPE_nodrop,1,5,53.814464397130465
learnedPE_nodrop,1,5,47.71362237771797
learnedPE_nodrop,1,5,58.86867675611528
learnedPE_nodrop,1,5,49.945551614913896
learnedPE_nodrop,1,5,47.417874462856155
learnedPE_nodrop,1,5,37.27561701384122
learnedPE_nodrop,1,5,36.41130640255935
learnedPE_nodrop,1,5,45.443615439948296
learnedPE_nodrop,1,5,32.47234274351272
learnedPE_nodrop,1,5,41.70751092651812
learnedPE_nodrop,1,5,22.64214638470515
learnedPE_nodrop,1,5,24.532024297323243
learnedPE_nodrop,1,5,25.003646120665735
learnedPE_nodrop,1,5,23.804852272399494
learnedPE_nodrop,1,5,24.567195746501465
learnedPE_nodrop,1,5,23.808971270516935
learnedPE_nodrop,1,5,22.11037814802342
learnedPE_nodrop,1,5,25.41628560346996
learnedPE_nodrop,1,5,26.18979592043399
learnedPE_nodrop,1,5,25.1982703285261
learnedPE_nodrop,1,5,37.615372981342766
learnedPE_nodrop,1,5,45.03993753897696
learnedPE_nodrop,1,5,44.86706405882242
learnedPE_nodrop,1,5,40.939100550913324
learnedPE_nodrop,1,5,42.10338744126945
learnedPE_nodrop,1,5,47.044449609163586
learnedPE_nodrop,1,5,41.08539059232873
learnedPE_nodrop,1,5,41.71557423424802
learnedPE_nodrop,1,5,44.270760829490094
learnedPE_nodrop,1,5,43.63438918462531
learnedPE_nodrop,1,5,71.9487350395547
learnedPE_nodrop,1,5,73.34024866931455
learnedPE_nodrop,1,5,74.8162518117811
learnedPE_nodrop,1,5,73.93100294895315
learnedPE_nodrop,1,5,71.48437753922927
learnedPE_nodrop,1,5,76.59563063524377
learnedPE_nodrop,1,5,73.82264886890736
learnedPE_nodrop,1,5,74.44357294052276
learnedPE_nodrop,1,5,72.13314832092085
learnedPE_nodrop,1,5,70.38908298684302
learnedPE_nodrop,1,5,69.1452395849994
learnedPE_nodrop,1,5,64.57891787255141
learnedPE_nodrop,1,5,72.14020025702477
learnedPE_nodrop,1,5,51.060900502114805
learnedPE_nodrop,1,5,64.30897922697115
learnedPE_nodrop,1,5,48.243831342472376
learnedPE_nodrop,1,5,51.296579874527005
learnedPE_nodrop,1,5,50.91596837259692
learnedPE_nodrop,1,5,52.51111763633263
learnedPE_nodrop,1,5,52.37867927872488
learnedPE_nodrop,1,5,54.2051242711903
learnedPE_nodrop,1,5,52.40547859417715
learnedPE_nodrop,1,5,53.428885024658314
learnedPE_nodrop,1,5,49.7388889879814
learnedPE_nodrop,1,5,54.378268837354284
learnedPE_nodrop,1,5,61.693789568940325
learnedPE_nodrop,1,5,54.89442239414104
learnedPE_nodrop,1,5,60.967903323535076
learnedPE_nodrop,1,5,47.904757511776
learnedPE_nodrop,1,5,57.473995180505874
learnedPE_nodrop,1,5,78.17771489322473
learnedPE_nodrop,1,5,70.13231884852307
learnedPE_nodrop,1,5,75.45436003693207
learnedPE_nodrop,1,5,56.590682027625675
learnedPE_nodrop,1,5,65.48186647851534
learnedPE_nodrop,1,5,36.529398439766595
learnedPE_nodrop,1,6,6.234463397959638
learnedPE_nodrop,1,6,9.859626948487396
learnedPE_nodrop,1,6,7.765725413410457
learnedPE_nodrop,1,6,6.6706286497204825
learnedPE_nodrop,1,6,5.659402568224204
learnedPE_nodrop,1,6,15.483470682647821
learnedPE_nodrop,1,6,12.717913806570436
learnedPE_nodrop,1,6,14.107147556738761
learnedPE_nodrop,1,6,21.267750043723318
learnedPE_nodrop,1,6,14.778875478398973
learnedPE_nodrop,1,6,17.43433635988998
learnedPE_nodrop,1,6,19.282028733585406
learnedPE_nodrop,1,6,15.183534126672832
learnedPE_nodrop,1,6,20.78060368871632
learnedPE_nodrop,1,6,16.767358454091294
learnedPE_nodrop,1,6,28.059816366659675
learnedPE_nodrop,1,6,18.00367331792424
learnedPE_nodrop,1,6,19.36371334946385
learnedPE_nodrop,1,6,26.199089130498145
learnedPE_nodrop,1,6,24.647123800767456
learnedPE_nodrop,1,6,22.54937603114615
learnedPE_nodrop,1,6,25.96800145597745
learnedPE_nodrop,1,6,15.572428103043196
learnedPE_nodrop,1,6,23.290239798969875
learnedPE_nodrop,1,6,21.430154262236584
learnedPE_nodrop,1,6,18.250490496238317
learnedPE_nodrop,1,6,17.11564951587084
learnedPE_nodrop,1,6,20.93284669073678
learnedPE_nodrop,1,6,14.719459999306887
learnedPE_nodrop,1,6,19.29035441023214
learnedPE_nodrop,1,6,19.002218060386824
learnedPE_nodrop,1,6,16.65819082820896
learnedPE_nodrop,1,6,20.525752042022223
learnedPE_nodrop,1,6,19.355489896237543
learnedPE_nodrop,1,6,12.264091419797104
learnedPE_nodrop,1,6,22.367817293754328
learnedPE_nodrop,1,6,13.27687217852854
learnedPE_nodrop,1,6,15.827901786263379
learnedPE_nodrop,1,6,18.464578486205223
learnedPE_nodrop,1,6,19.719855903321168
learnedPE_nodrop,1,6,14.620017891775799
learnedPE_nodrop,1,6,16.234854104083134
learnedPE_nodrop,1,6,13.513749779922485
learnedPE_nodrop,1,6,18.41124419610008
learnedPE_nodrop,1,6,13.5852653270437
learnedPE_nodrop,1,6,14.000667559244054
learnedPE_nodrop,1,6,17.30786187334771
learnedPE_nodrop,1,6,27.36010914052567
learnedPE_nodrop,1,6,11.824934280391739
learnedPE_nodrop,1,6,17.57792929270113
learnedPE_nodrop,1,6,20.31625298733124
learnedPE_nodrop,1,6,17.306680474057774
learnedPE_nodrop,1,6,24.91532178280564
learnedPE_nodrop,1,6,18.38044067028991
learnedPE_nodrop,1,6,16.019556966450367
learnedPE_nodrop,1,6,18.627191072193533
learnedPE_nodrop,1,6,22.597427565958917
learnedPE_nodrop,1,6,25.21408785895114
learnedPE_nodrop,1,6,18.981795288962317
learnedPE_nodrop,1,6,22.91716300780134
learnedPE_nodrop,1,6,27.24604376912665
learnedPE_nodrop,1,6,20.72754930422972
learnedPE_nodrop,1,6,25.78737132849922
learnedPE_nodrop,1,6,25.138191551310996
learnedPE_nodrop,1,6,22.51564035350442
learnedPE_nodrop,1,6,19.246972225907403
learnedPE_nodrop,1,6,23.258000018977036
learnedPE_nodrop,1,6,21.259416790639346
learnedPE_nodrop,1,6,15.077614338307498
learnedPE_nodrop,1,6,21.094923359940893
learnedPE_nodrop,1,6,20.69860567913664
learnedPE_nodrop,1,6,22.08889861814675
learnedPE_nodrop,1,6,22.432046833961437
learnedPE_nodrop,1,6,20.32385458429074
learnedPE_nodrop,1,6,20.169821643688678
learnedPE_nodrop,1,6,18.761858214196877
learnedPE_nodrop,1,6,19.40916620515759
learnedPE_nodrop,1,6,27.535293541888695
learnedPE_nodrop,1,6,29.311524490632472
learnedPE_nodrop,1,6,28.556089092702187
learnedPE_nodrop,1,6,19.54909893992314
learnedPE_nodrop,1,6,26.316325556293314
learnedPE_nodrop,1,6,30.573433354716766
learnedPE_nodrop,1,6,21.902132047764454
learnedPE_nodrop,1,6,27.47847052907818
learnedPE_nodrop,1,6,27.203723592719104
learnedPE_nodrop,1,6,30.80624525157391
learnedPE_nodrop,1,6,27.680070782121536
learnedPE_nodrop,1,6,33.854153382513786
learnedPE_nodrop,1,6,31.906511073054155
learnedPE_nodrop,1,6,47.44876406038701
learnedPE_nodrop,1,6,54.18492097510394
learnedPE_nodrop,1,6,47.23243225328627
learnedPE_nodrop,1,6,36.167295522347096
learnedPE_nodrop,1,6,38.77420379403952
learnedPE_nodrop,1,6,47.38894487352368
learnedPE_nodrop,1,6,46.22512830626791
learnedPE_nodrop,1,6,53.64311285316472
learnedPE_nodrop,1,6,51.52411136633054
learnedPE_nodrop,1,6,40.48548844202571
learnedPE_nodrop,1,6,45.17841443131336
learnedPE_nodrop,1,6,45.49708920798914
learnedPE_nodrop,1,6,46.62477026859568
learnedPE_nodrop,1,6,25.655622692759337
learnedPE_nodrop,1,6,36.61249261700395
learnedPE_nodrop,1,6,37.15715469366662
learnedPE_nodrop,1,6,40.60020486061049
learnedPE_nodrop,1,6,31.70292710669347
learnedPE_nodrop,1,6,28.383874190853962
learnedPE_nodrop,1,6,29.628685836790048
learnedPE_nodrop,1,6,28.90851836368451
learnedPE_nodrop,1,6,34.74442061059878
learnedPE_nodrop,1,6,38.236579397595435
learnedPE_nodrop,1,6,35.18526487324045
learnedPE_nodrop,1,6,36.91002873859618
learnedPE_nodrop,1,6,36.228571550183084
learnedPE_nodrop,1,6,31.693917019554757
learnedPE_nodrop,1,6,35.543941474621874
learnedPE_nodrop,1,6,19.817043597323362
learnedPE_nodrop,1,6,35.39385193300285
learnedPE_nodrop,1,6,50.63341949224536
learnedPE_nodrop,1,6,44.80580373911522
learnedPE_nodrop,1,6,56.846383304543366
learnedPE_nodrop,1,6,31.05099625223133
learnedPE_nodrop,1,6,45.35680055933749
learnedPE_nodrop,1,6,23.72732242666741
learnedPE_nodrop,1,6,13.99222975902385
learnedPE_nodrop,1,6,12.612830033603165
learnedPE_nodrop,1,6,17.01536583326248
learnedPE_nodrop,1,6,16.959082731943628
learnedPE_nodrop,1,6,18.896338970897727
learnedPE_nodrop,1,6,16.294967160936764
learnedPE_nodrop,1,6,16.58850769332077
learnedPE_nodrop,1,6,16.790354256862003
learnedPE_nodrop,1,6,15.681448345921265
learnedPE_nodrop,1,6,12.670989930245662
learnedPE_nodrop,1,6,26.679733765380796
learnedPE_nodrop,1,6,33.05097556718293
learnedPE_nodrop,1,6,32.55994678374567
learnedPE_nodrop,1,6,27.392541246211028
learnedPE_nodrop,1,6,26.407226272929453
learnedPE_nodrop,1,6,31.953179265337145
learnedPE_nodrop,1,6,30.861008408075808
learnedPE_nodrop,1,6,31.245664806877244
learnedPE_nodrop,1,6,30.995121533094522
learnedPE_nodrop,1,6,31.099398653936976
learnedPE_nodrop,1,6,54.38802613756146
learnedPE_nodrop,1,6,56.4097588681848
learnedPE_nodrop,1,6,57.887808189626824
learnedPE_nodrop,1,6,52.23758534165233
learnedPE_nodrop,1,6,50.11560269000217
learnedPE_nodrop,1,6,57.270819530154185
learnedPE_nodrop,1,6,53.41314023444495
learnedPE_nodrop,1,6,57.662234051854675
learnedPE_nodrop,1,6,49.51020209408659
learnedPE_nodrop,1,6,53.06433549242535
learnedPE_nodrop,1,6,35.52836105967287
learnedPE_nodrop,1,6,36.885532635460464
learnedPE_nodrop,1,6,37.94823562632074
learnedPE_nodrop,1,6,31.054289364572906
learnedPE_nodrop,1,6,34.99056524583512
learnedPE_nodrop,1,6,36.92448821248427
learnedPE_nodrop,1,6,38.41258425594462
learnedPE_nodrop,1,6,37.95040984512158
learnedPE_nodrop,1,6,37.06794111851336
learnedPE_nodrop,1,6,34.75021349502726
learnedPE_nodrop,1,6,38.158681202831126
learnedPE_nodrop,1,6,40.07797292279678
learnedPE_nodrop,1,6,40.482802048135284
learnedPE_nodrop,1,6,32.26099834974945
learnedPE_nodrop,1,6,34.191701182689805
learnedPE_nodrop,1,6,35.74532376083368
learnedPE_nodrop,1,6,43.51929701076784
learnedPE_nodrop,1,6,42.90134302380443
learnedPE_nodrop,1,6,30.92883711939801
learnedPE_nodrop,1,6,36.86206941539848
learnedPE_nodrop,1,6,36.42081300277024
learnedPE_nodrop,1,6,38.49134914795834
learnedPE_nodrop,1,6,41.303426610536484
learnedPE_nodrop,1,6,30.15738927667687
learnedPE_nodrop,1,6,37.14654073080213
learnedPE_nodrop,1,6,23.59250358736796
learnedPE_nodrop,1,6,22.77788298601272
learnedPE_nodrop,1,6,22.70834802849808
learnedPE_nodrop,1,6,22.34003269699196
learnedPE_nodrop,1,6,23.041779990671472
learnedPE_nodrop,1,6,24.61575130855931
learnedPE_nodrop,1,6,23.728992660529546
learnedPE_nodrop,1,6,26.17036798421804
learnedPE_nodrop,1,6,24.59384641298423
learnedPE_nodrop,1,6,24.011934893325247
learnedPE_nodrop,1,6,25.23105821409992
learnedPE_nodrop,1,6,36.15664075161863
learnedPE_nodrop,1,6,38.07471053902304
learnedPE_nodrop,1,6,42.84442536653712
learnedPE_nodrop,1,6,34.593718799550466
learnedPE_nodrop,1,6,39.0141514233392
learnedPE_nodrop,1,6,69.54462156859587
learnedPE_nodrop,1,6,68.0296865438325
learnedPE_nodrop,1,6,69.95507110156728
learnedPE_nodrop,1,6,52.03423249679907
learnedPE_nodrop,1,6,64.99998438724374
learnedPE_nodrop,1,6,36.61926699663448
learnedPE_nodrop,1,6,48.02414192372291
learnedPE_nodrop,1,6,46.65971671369927
learnedPE_nodrop,1,6,47.92266746410573
learnedPE_nodrop,1,6,47.53415329533455
learnedPE_nodrop,1,6,48.72078104852299
learnedPE_nodrop,1,6,32.36628341682365
learnedPE_nodrop,1,6,35.481629962412036
wavePE_nodrop,1,0,94.82363331645341
wavePE_nodrop,1,1,63.48163557685942
wavePE_nodrop,1,1,71.53198545268786
wavePE_nodrop,1,1,67.27641857817505
wavePE_nodrop,1,1,89.36322231796304
wavePE_nodrop,1,1,80.12699413841409
wavePE_nodrop,1,1,90.08346207963574
wavePE_nodrop,1,1,91.90968624000762
wavePE_nodrop,1,1,89.26248227868636
wavePE_nodrop,1,1,92.14717135384687
wavePE_nodrop,1,1,92.92216456728983
wavePE_nodrop,1,2,47.239366686147434
wavePE_nodrop,1,2,49.29111306632822
wavePE_nodrop,1,2,53.42808701757511
wavePE_nodrop,1,2,50.55805597322157
wavePE_nodrop,1,2,54.97515334746679
wavePE_nodrop,1,2,64.2754641789181
wavePE_nodrop,1,2,60.239621301119264
wavePE_nodrop,1,2,62.04808393692851
wavePE_nodrop,1,2,63.73318326781969
wavePE_nodrop,1,2,46.77526893590943
wavePE_nodrop,1,2,60.434105062634714
wavePE_nodrop,1,2,56.46975903157324
wavePE_nodrop,1,2,70.36026557092092
wavePE_nodrop,1,2,68.17644527496715
wavePE_nodrop,1,2,70.46989294279446
wavePE_nodrop,1,2,68.43755075487856
wavePE_nodrop,1,2,69.65591918541556
wavePE_nodrop,1,2,47.67272202216743
wavePE_nodrop,1,2,57.5741040590374
wavePE_nodrop,1,2,52.453075064913335
wavePE_nodrop,1,2,61.229838845135156
wavePE_nodrop,1,2,62.38900690727983
wavePE_nodrop,1,2,62.366607947931406
wavePE_nodrop,1,2,64.31656891311135
wavePE_nodrop,1,2,59.85153336130307
wavePE_nodrop,1,2,85.41046685844823
wavePE_nodrop,1,2,81.69704387019235
wavePE_nodrop,1,2,84.08516083510953
wavePE_nodrop,1,2,88.58778540129838
wavePE_nodrop,1,2,87.458735658549
wavePE_nodrop,1,2,76.53614653194694
wavePE_nodrop,1,2,76.15100557830779
wavePE_nodrop,1,2,77.0593205753991
wavePE_nodrop,1,2,77.83755665434337
wavePE_nodrop,1,2,72.47976394819533
wavePE_nodrop,1,2,85.77586415765232
wavePE_nodrop,1,2,77.50418722130287
wavePE_nodrop,1,2,85.43475132334382
wavePE_nodrop,1,2,85.7958193749121
wavePE_nodrop,1,2,88.1351104033415
wavePE_nodrop,1,2,89.29687387388783
wavePE_nodrop,1,2,87.66664341676467
wavePE_nodrop,1,2,86.46033264049076
wavePE_nodrop,1,2,85.72593829410383
wavePE_nodrop,1,2,81.96251737188194
wavePE_nodrop,1,3,29.567985018606425
wavePE_nodrop,1,3,39.84353217791552
wavePE_nodrop,1,3,34.93679361255694
wavePE_nodrop,1,3,37.457370785617165
wavePE_nodrop,1,3,51.9230787215031
wavePE_nodrop,1,3,42.975628121272024
wavePE_nodrop,1,3,44.10399588359342
wavePE_nodrop,1,3,43.13374446873913
wavePE_nodrop,1,3,39.23039468960861
wavePE_nodrop,1,3,40.67890876543932
wavePE_nodrop,1,3,38.235074795606394
wavePE_nodrop,1,3,40.34952200310507
wavePE_nodrop,1,3,45.78366554307121
wavePE_nodrop,1,3,44.20144529233747
wavePE_nodrop,1,3,48.289233151581875
wavePE_nodrop,1,3,31.409885496708107
wavePE_nodrop,1,3,43.184862759539136
wavePE_nodrop,1,3,56.542587082139306
wavePE_nodrop,1,3,49.64801300312295
wavePE_nodrop,1,3,52.21607137977951
wavePE_nodrop,1,3,51.64926943180457
wavePE_nodrop,1,3,47.72961520226487
wavePE_nodrop,1,3,52.1304457644844
wavePE_nodrop,1,3,47.411950310343244
wavePE_nodrop,1,3,50.63776473835328
wavePE_nodrop,1,3,50.84355472023772
wavePE_nodrop,1,3,51.353198732290316
wavePE_nodrop,1,3,39.09137602739084
wavePE_nodrop,1,3,49.83378348774312
wavePE_nodrop,1,3,50.8028439686941
wavePE_nodrop,1,3,63.72444408834331
wavePE_nodrop,1,3,63.26770346211718
wavePE_nodrop,1,3,59.90249902633744
wavePE_nodrop,1,3,53.46276786591977
wavePE_nodrop,1,3,54.63791468618767
wavePE_nodrop,1,3,61.108144642956475
wavePE_nodrop,1,3,21.24435435407578
wavePE_nodrop,1,3,39.00911033098862
wavePE_nodrop,1,3,35.52982220619192
wavePE_nodrop,1,3,43.56858784817322
wavePE_nodrop,1,3,49.974590715824554
wavePE_nodrop,1,3,43.315567570949234
wavePE_nodrop,1,3,47.20507364218557
wavePE_nodrop,1,3,43.276925019951875
wavePE_nodrop,1,3,57.682831056921046
wavePE_nodrop,1,3,58.845585164797455
wavePE_nodrop,1,3,58.43490223874153
wavePE_nodrop,1,3,59.21571936483172
wavePE_nodrop,1,3,60.17005876975845
wavePE_nodrop,1,3,56.350844946208966
wavePE_nodrop,1,3,56.31245536929016
wavePE_nodrop,1,3,56.78634342400735
wavePE_nodrop,1,3,54.58776675247097
wavePE_nodrop,1,3,54.34725824571589
wavePE_nodrop,1,3,62.34878118984757
wavePE_nodrop,1,3,62.10752427581103
wavePE_nodrop,1,3,65.16930268515824
wavePE_nodrop,1,3,68.00701672998673
wavePE_nodrop,1,3,66.685586282116
wavePE_nodrop,1,3,64.6484057488913
wavePE_nodrop,1,3,64.19365275369091
wavePE_nodrop,1,3,63.67533940065335
wavePE_nodrop,1,3,64.35829456383169
wavePE_nodrop,1,3,60.39561756157632
wavePE_nodrop,1,3,19.724591654127288
wavePE_nodrop,1,3,45.29892802807222
wavePE_nodrop,1,3,42.56642665652465
wavePE_nodrop,1,3,49.2074183765261
wavePE_nodrop,1,3,45.4437279947552
wavePE_nodrop,1,3,46.701244499792836
wavePE_nodrop,1,3,50.23910582359583
wavePE_nodrop,1,3,53.697931052132276
wavePE_nodrop,1,3,57.58662607610052
wavePE_nodrop,1,3,52.75796355983853
wavePE_nodrop,1,3,49.46696644764609
wavePE_nodrop,1,3,46.83528067380796
wavePE_nodrop,1,3,44.67212936066976
wavePE_nodrop,1,3,46.11487161503453
wavePE_nodrop,1,3,49.69280373302688
wavePE_nodrop,1,3,56.86177726251849
wavePE_nodrop,1,3,59.82633342184842
wavePE_nodrop,1,3,59.775379391088435
wavePE_nodrop,1,3,58.52178769789328
wavePE_nodrop,1,3,58.326446836552726
wavePE_nodrop,1,3,49.591292595576384
wavePE_nodrop,1,3,57.31926605769234
wavePE_nodrop,1,3,50.95537949504292
wavePE_nodrop,1,3,62.05100014979443
wavePE_nodrop,1,3,60.40281558902354
wavePE_nodrop,1,3,49.241994447450224
wavePE_nodrop,1,3,81.56531827203695
wavePE_nodrop,1,3,71.50556371081592
wavePE_nodrop,1,3,79.67566309526487
wavePE_nodrop,1,3,81.95924509969245
wavePE_nodrop,1,3,78.27144612937315
wavePE_nodrop,1,3,79.41439171489542
wavePE_nodrop,1,3,76.72657506966536
wavePE_nodrop,1,3,80.9455937092209
wavePE_nodrop,1,3,79.72004926082724
wavePE_nodrop,1,3,74.64715530195998
wavePE_nodrop,1,3,73.97708407838522
wavePE_nodrop,1,3,67.52452323509023
wavePE_nodrop,1,3,74.72531374202134
wavePE_nodrop,1,3,68.06912073245547
wavePE_nodrop,1,3,72.20287281861087
wavePE_nodrop,1,3,71.64526485956033
wavePE_nodrop,1,3,64.66471276330459
wavePE_nodrop,1,3,73.41747903624581
wavePE_nodrop,1,3,65.19813155310338
wavePE_nodrop,1,3,64.87370725765444
wavePE_nodrop,1,3,68.43177589501306
wavePE_nodrop,1,3,83.08002791346098
wavePE_nodrop,1,3,79.73011891252519
wavePE_nodrop,1,3,66.55868406186742
wavePE_nodrop,1,3,70.15105329510179
wavePE_nodrop,1,3,75.5737373932065
wavePE_nodrop,1,3,83.10704701470384
wavePE_nodrop,1,3,81.30943219130754
wavePE_nodrop,1,3,74.07800587560244
wavePE_nodrop,1,3,70.83708788343384
wavePE_nodrop,1,4,21.17223247893453
wavePE_nodrop,1,4,35.51618356405273
wavePE_nodrop,1,4,19.688507276791583
wavePE_nodrop,1,4,26.742852781253507
wavePE_nodrop,1,4,28.862701018412317
wavePE_nodrop,1,4,28.3024041234277
wavePE_nodrop,1,4,24.205702902256636
wavePE_nodrop,1,4,24.139787332322634
wavePE_nodrop,1,4,26.380598637421716
wavePE_nodrop,1,4,44.48707217691217
wavePE_nodrop,1,4,36.267425643398575
wavePE_nodrop,1,4,37.6901074717101
wavePE_nodrop,1,4,31.253522046806104
wavePE_nodrop,1,4,22.188163271695327
wavePE_nodrop,1,4,38.353672622199845
wavePE_nodrop,1,4,33.73409677810886
wavePE_nodrop,1,4,35.21837242099828
wavePE_nodrop,1,4,30.760999094988726
wavePE_nodrop,1,4,35.79124523007238
wavePE_nodrop,1,4,28.9473214722067
wavePE_nodrop,1,4,38.499215382478056
wavePE_nodrop,1,4,40.13564575874723
wavePE_nodrop,1,4,50.47021226989281
wavePE_nodrop,1,4,46.54395772355378
wavePE_nodrop,1,4,46.755300228139085
wavePE_nodrop,1,4,35.65038108995384
wavePE_nodrop,1,4,38.26870401228808
wavePE_nodrop,1,4,37.37291336810889
wavePE_nodrop,1,4,18.254727628296667
wavePE_nodrop,1,4,33.23512157961142
wavePE_nodrop,1,4,32.30072712296879
wavePE_nodrop,1,4,36.10355416481996
wavePE_nodrop,1,4,35.27526147464577
wavePE_nodrop,1,4,40.12825643492812
wavePE_nodrop,1,4,38.04543176158273
wavePE_nodrop,1,4,35.11996551302653
wavePE_nodrop,1,4,42.37585607505734
wavePE_nodrop,1,4,38.25468674516907
wavePE_nodrop,1,4,39.68018092576289
wavePE_nodrop,1,4,23.20657572731923
wavePE_nodrop,1,4,26.09711405509534
wavePE_nodrop,1,4,35.9024787816743
wavePE_nodrop,1,4,35.63101562126917
wavePE_nodrop,1,4,39.31727906752952
wavePE_nodrop,1,4,38.514138183648214
wavePE_nodrop,1,4,41.20124376032813
wavePE_nodrop,1,4,40.65218450424164
wavePE_nodrop,1,4,41.28810194561085
wavePE_nodrop,1,4,38.835809674980496
wavePE_nodrop,1,4,31.611367118265417
wavePE_nodrop,1,4,30.85597264413285
wavePE_nodrop,1,4,31.706089948892537
wavePE_nodrop,1,4,38.85544383818037
wavePE_nodrop,1,4,29.227511330939144
wavePE_nodrop,1,4,38.352994300320276
wavePE_nodrop,1,4,29.89150496943369
wavePE_nodrop,1,4,44.717785801310335
wavePE_nodrop,1,4,42.76933207584594
wavePE_nodrop,1,4,54.7950008202364
wavePE_nodrop,1,4,55.936449724726266
wavePE_nodrop,1,4,51.15778585336636
wavePE_nodrop,1,4,43.934455388496616
wavePE_nodrop,1,4,41.472748619979136
wavePE_nodrop,1,4,48.767876878431544
wavePE_nodrop,1,4,49.450014490065286
wavePE_nodrop,1,4,35.10753340140972
wavePE_nodrop,1,4,47.19403497965521
wavePE_nodrop,1,4,43.58697020360058
wavePE_nodrop,1,4,47.36774148054887
wavePE_nodrop,1,4,50.786390775969814
wavePE_nodrop,1,4,50.09908528199703
wavePE_nodrop,1,4,42.63161346860399
wavePE_nodrop,1,4,42.77504044925004
wavePE_nodrop,1,4,49.12229137350806
wavePE_nodrop,1,4,34.45110336060716
wavePE_nodrop,1,4,49.32442856067756
wavePE_nodrop,1,4,51.84290469022117
wavePE_nodrop,1,4,35.20826088596977
wavePE_nodrop,1,4,31.362879495272594
wavePE_nodrop,1,4,43.99017254048879
wavePE_nodrop,1,4,54.689000038180104
wavePE_nodrop,1,4,57.36771582432627
wavePE_nodrop,1,4,59.42462265163121
wavePE_nodrop,1,4,47.563512325785126
wavePE_nodrop,1,4,10.07339596621514
wavePE_nodrop,1,4,21.10147963688754
wavePE_nodrop,1,4,18.28423059432016
wavePE_nodrop,1,4,20.41237377607002
wavePE_nodrop,1,4,20.38186745627339
wavePE_nodrop,1,4,23.204692764845436
wavePE_nodrop,1,4,37.20892515021716
wavePE_nodrop,1,4,36.36139879264144
wavePE_nodrop,1,4,41.72442653168304
wavePE_nodrop,1,4,36.16887070903053
wavePE_nodrop,1,4,39.608460722178684
wavePE_nodrop,1,4,31.372862873629675
wavePE_nodrop,1,4,33.994275928049476
wavePE_nodrop,1,4,30.405608950221037
wavePE_nodrop,1,4,34.10254672087715
wavePE_nodrop,1,4,44.99024120963181
wavePE_nodrop,1,4,40.63459154892522
wavePE_nodrop,1,4,43.34757879692322
wavePE_nodrop,1,4,43.203368207918
wavePE_nodrop,1,4,45.045139025840555
wavePE_nodrop,1,4,35.72726282675715
wavePE_nodrop,1,4,39.99673023656148
wavePE_nodrop,1,4,39.01880857957499
wavePE_nodrop,1,4,41.33899991559347
wavePE_nodrop,1,4,41.72577567631633
wavePE_nodrop,1,4,42.58151298024736
wavePE_nodrop,1,4,53.68628602362515
wavePE_nodrop,1,4,51.260933352261496
wavePE_nodrop,1,4,56.25564856370404
wavePE_nodrop,1,4,59.61368825403408
wavePE_nodrop,1,4,54.42012962252527
wavePE_nodrop,1,4,55.889783200420176
wavePE_nodrop,1,4,54.44694361001625
wavePE_nodrop,1,4,55.30966715521254
wavePE_nodrop,1,4,57.158621180154825
wavePE_nodrop,1,4,56.61681362497184
wavePE_nodrop,1,4,51.74744466159387
wavePE_nodrop,1,4,50.1747216188528
wavePE_nodrop,1,4,53.95831781349172
wavePE_nodrop,1,4,54.437267621145224
wavePE_nodrop,1,4,55.74316625356472
wavePE_nodrop,1,4,52.766794214754256
wavePE_nodrop,1,4,51.577892995197686
wavePE_nodrop,1,4,53.01438631276223
wavePE_nodrop,1,4,50.31992831098039
wavePE_nodrop,1,4,47.71140831948571
wavePE_nodrop,1,4,46.533204761610506
wavePE_nodrop,1,4,56.86885693619104
wavePE_nodrop,1,4,57.69322762899193
wavePE_nodrop,1,4,45.65363063541645
wavePE_nodrop,1,4,56.12545488868352
wavePE_nodrop,1,4,58.506596575925784
wavePE_nodrop,1,4,58.60257752183564
wavePE_nodrop,1,4,63.17156037054487
wavePE_nodrop,1,4,52.77275309660738
wavePE_nodrop,1,4,56.417403573921135
wavePE_nodrop,1,4,17.839208429118663
wavePE_nodrop,1,4,16.556672640146086
wavePE_nodrop,1,4,22.56293023865325
wavePE_nodrop,1,4,21.4753414759151
wavePE_nodrop,1,4,22.09972372775146
wavePE_nodrop,1,4,37.658553969403656
wavePE_nodrop,1,4,39.98691880336336
wavePE_nodrop,1,4,38.72967307359524
wavePE_nodrop,1,4,46.696345345072395
wavePE_nodrop,1,4,46.93421801069203
wavePE_nodrop,1,4,43.35197605954034
wavePE_nodrop,1,4,44.583049477656324
wavePE_nodrop,1,4,45.80933427362963
wavePE_nodrop,1,4,47.14961817985846
wavePE_nodrop,1,4,34.27090005271901
wavePE_nodrop,1,4,42.628749997994575
wavePE_nodrop,1,4,44.93054611707799
wavePE_nodrop,1,4,43.277213665460735
wavePE_nodrop,1,4,40.93194093878939
wavePE_nodrop,1,4,53.88505970469406
wavePE_nodrop,1,4,49.80635405656775
wavePE_nodrop,1,4,46.29134426105822
wavePE_nodrop,1,4,52.59383009626997
wavePE_nodrop,1,4,44.044380664646134
wavePE_nodrop,1,4,39.268348805089175
wavePE_nodrop,1,4,40.21512184155629
wavePE_nodrop,1,4,48.188126580096494
wavePE_nodrop,1,4,45.4835723121582
wavePE_nodrop,1,4,33.09201424625434
wavePE_nodrop,1,4,38.23062906634833
wavePE_nodrop,1,4,38.27456302366691
wavePE_nodrop,1,4,54.87436354518085
wavePE_nodrop,1,4,54.13817266798697
wavePE_nodrop,1,4,48.1869140642456
wavePE_nodrop,1,4,40.19814714582011
wavePE_nodrop,1,4,55.22738523231987
wavePE_nodrop,1,4,53.2801586498776
wavePE_nodrop,1,4,61.09513837066747
wavePE_nodrop,1,4,51.79053544490366
wavePE_nodrop,1,4,53.95127631403975
wavePE_nodrop,1,4,53.73486136661019
wavePE_nodrop,1,4,40.94649970073198
wavePE_nodrop,1,4,58.61233637405915
wavePE_nodrop,1,4,44.974983813016856
wavePE_nodrop,1,4,44.11972712840395
wavePE_nodrop,1,4,59.35030974337601
wavePE_nodrop,1,4,79.00131738495276
wavePE_nodrop,1,4,77.84928725171461
wavePE_nodrop,1,4,60.067331969101126
wavePE_nodrop,1,4,65.86759656059456
wavePE_nodrop,1,4,71.74964181011802
wavePE_nodrop,1,4,71.19539594248232
wavePE_nodrop,1,4,68.82532724281656
wavePE_nodrop,1,4,61.98279577953314
wavePE_nodrop,1,4,64.4707474730219
wavePE_nodrop,1,4,60.88427594243271
wavePE_nodrop,1,4,72.63005979486357
wavePE_nodrop,1,4,64.78504144654787
wavePE_nodrop,1,4,57.29385332102779
wavePE_nodrop,1,4,55.39844271825307
wavePE_nodrop,1,4,63.053866241141755
wavePE_nodrop,1,4,66.0848920734178
wavePE_nodrop,1,4,57.80978562440314
wavePE_nodrop,1,4,53.84303090165277
wavePE_nodrop,1,4,56.23976478050885
wavePE_nodrop,1,4,41.29434518602794
wavePE_nodrop,1,4,56.27377201871961
wavePE_nodrop,1,4,65.79825676388565
wavePE_nodrop,1,4,52.45010022970046
wavePE_nodrop,1,4,59.99788392217369
wavePE_nodrop,1,5,3.7393201656101853
wavePE_nodrop,1,5,16.597451027726155
wavePE_nodrop,1,5,17.46835711965901
wavePE_nodrop,1,5,19.95785769209113
wavePE_nodrop,1,5,23.187226897788587
wavePE_nodrop,1,5,18.599158495191855
wavePE_nodrop,1,5,17.225006257509083
wavePE_nodrop,1,5,32.749264204719694
wavePE_nodrop,1,5,36.25763346373269
wavePE_nodrop,1,5,38.79273307377578
wavePE_nodrop,1,5,27.034214492743825
wavePE_nodrop,1,5,13.165917806763566
wavePE_nodrop,1,5,16.136726754598563
wavePE_nodrop,1,5,20.82671206433272
wavePE_nodrop,1,5,20.610298468044682
wavePE_nodrop,1,5,24.89855742179337
wavePE_nodrop,1,5,25.435320873309518
wavePE_nodrop,1,5,22.540621997103038
wavePE_nodrop,1,5,24.28345961892446
wavePE_nodrop,1,5,23.823808298291826
wavePE_nodrop,1,5,21.847206759986737
wavePE_nodrop,1,5,17.814406994744587
wavePE_nodrop,1,5,27.87112199350735
wavePE_nodrop,1,5,23.494478209019515
wavePE_nodrop,1,5,25.783801694841447
wavePE_nodrop,1,5,26.937142000922833
wavePE_nodrop,1,5,29.700892487689025
wavePE_nodrop,1,5,19.079054104358786
wavePE_nodrop,1,5,28.125713426293974
wavePE_nodrop,1,5,28.562680342885006
wavePE_nodrop,1,5,39.194549468651935
wavePE_nodrop,1,5,37.438451338173586
wavePE_nodrop,1,5,33.83394891197257
wavePE_nodrop,1,5,30.31649711382848
wavePE_nodrop,1,5,29.488526579128525
wavePE_nodrop,1,5,33.59111423217613
wavePE_nodrop,1,5,21.831815678207178
wavePE_nodrop,1,5,23.493755996075887
wavePE_nodrop,1,5,23.036943578000695
wavePE_nodrop,1,5,28.36870774633423
wavePE_nodrop,1,5,37.124627535167
wavePE_nodrop,1,5,34.27041870261158
wavePE_nodrop,1,5,31.875685100502714
wavePE_nodrop,1,5,33.2787291369955
wavePE_nodrop,1,5,24.396808413252934
wavePE_nodrop,1,5,28.426987074799886
wavePE_nodrop,1,5,28.456060814996537
wavePE_nodrop,1,5,37.2436262275523
wavePE_nodrop,1,5,32.3952950682521
wavePE_nodrop,1,5,25.778123885564856
wavePE_nodrop,1,5,21.495846573259037
wavePE_nodrop,1,5,40.12441340539395
wavePE_nodrop,1,5,41.82916592178782
wavePE_nodrop,1,5,45.62508836510604
wavePE_nodrop,1,5,35.12676472127343
wavePE_nodrop,1,5,31.62642950251496
wavePE_nodrop,1,5,20.26929823656331
wavePE_nodrop,1,5,16.17118196815447
wavePE_nodrop,1,5,21.26851877277601
wavePE_nodrop,1,5,19.185274679247126
wavePE_nodrop,1,5,17.721793511784256
wavePE_nodrop,1,5,20.486663032502463
wavePE_nodrop,1,5,26.069380397505327
wavePE_nodrop,1,5,33.96977850535639
wavePE_nodrop,1,5,34.898343184117095
wavePE_nodrop,1,5,29.712650741130464
wavePE_nodrop,1,5,32.87193490797707
wavePE_nodrop,1,5,33.62532587959131
wavePE_nodrop,1,5,32.75630712572218
wavePE_nodrop,1,5,37.54353709496487
wavePE_nodrop,1,5,29.630177508057237
wavePE_nodrop,1,5,32.02794874836658
wavePE_nodrop,1,5,31.267627799509345
wavePE_nodrop,1,5,36.009000299808406
wavePE_nodrop,1,5,32.144364276358104
wavePE_nodrop,1,5,38.484824296519406
wavePE_nodrop,1,5,34.31920750657488
wavePE_nodrop,1,5,37.16048635773008
wavePE_nodrop,1,5,36.56087587363456
wavePE_nodrop,1,5,37.297358069780394
wavePE_nodrop,1,5,33.782003077895915
wavePE_nodrop,1,5,18.404730825269215
wavePE_nodrop,1,5,22.07058508546284
wavePE_nodrop,1,5,26.920791993778437
wavePE_nodrop,1,5,25.242871518192334
wavePE_nodrop,1,5,20.045297717476572
wavePE_nodrop,1,5,28.258841636928267
wavePE_nodrop,1,5,34.54218687395334
wavePE_nodrop,1,5,34.0647527710837
wavePE_nodrop,1,5,38.303033014727085
wavePE_nodrop,1,5,27.613852635041503
wavePE_nodrop,1,5,28.484570716899427
wavePE_nodrop,1,5,27.837551576015418
wavePE_nodrop,1,5,38.77474520074979
wavePE_nodrop,1,5,30.11615477124169
wavePE_nodrop,1,5,33.29246933868232
wavePE_nodrop,1,5,40.421615234126165
wavePE_nodrop,1,5,28.488048915371245
wavePE_nodrop,1,5,32.52485732169828
wavePE_nodrop,1,5,23.91652222536949
wavePE_nodrop,1,5,34.489246655688696
wavePE_nodrop,1,5,29.160775504696712
wavePE_nodrop,1,5,43.281150987584844
wavePE_nodrop,1,5,38.233858277706375
wavePE_nodrop,1,5,27.228224169622596
wavePE_nodrop,1,5,23.016589197687257
wavePE_nodrop,1,5,36.537079649901905
wavePE_nodrop,1,5,45.00659657953292
wavePE_nodrop,1,5,41.515220325002275
wavePE_nodrop,1,5,47.14393827264106
wavePE_nodrop,1,5,35.86066744494855
wavePE_nodrop,1,5,33.19003680660039
wavePE_nodrop,1,5,49.6411226135679
wavePE_nodrop,1,5,42.99234480920526
wavePE_nodrop,1,5,29.207057878937515
wavePE_nodrop,1,5,30.184447819859027
wavePE_nodrop,1,5,35.91348520716526
wavePE_nodrop,1,5,42.10574158995811
wavePE_nodrop,1,5,41.61356861527368
wavePE_nodrop,1,5,46.268948831602565
wavePE_nodrop,1,5,39.60743878883081
wavePE_nodrop,1,5,23.108560109102957
wavePE_nodrop,1,5,26.08947387552196
wavePE_nodrop,1,5,42.786721088278576
wavePE_nodrop,1,5,34.05633331659307
wavePE_nodrop,1,5,34.33751484484536
wavePE_nodrop,1,5,6.503917218680676
wavePE_nodrop,1,5,9.305407983131776
wavePE_nodrop,1,5,11.592397386799394
wavePE_nodrop,1,5,10.404893277607135
wavePE_nodrop,1,5,11.20976521460572
wavePE_nodrop,1,5,17.515215053184402
wavePE_nodrop,1,5,16.350000997925477
wavePE_nodrop,1,5,16.76358000004683
wavePE_nodrop,1,5,21.7658104334713
wavePE_nodrop,1,5,17.522837296115362
wavePE_nodrop,1,5,17.311338562739955
wavePE_nodrop,1,5,19.899292257281893
wavePE_nodrop,1,5,19.28570949701222
wavePE_nodrop,1,5,21.301124177752488
wavePE_nodrop,1,5,20.66911352217042
wavePE_nodrop,1,5,32.501170693380246
wavePE_nodrop,1,5,35.81211423985889
wavePE_nodrop,1,5,35.68156615774218
wavePE_nodrop,1,5,38.153607550182286
wavePE_nodrop,1,5,38.407873403575174
wavePE_nodrop,1,5,31.32974187626525
wavePE_nodrop,1,5,37.92127133043831
wavePE_nodrop,1,5,36.531757788048346
wavePE_nodrop,1,5,37.05378540191671
wavePE_nodrop,1,5,29.138991376692076
wavePE_nodrop,1,5,28.177188272990172
wavePE_nodrop,1,5,30.917364124930895
wavePE_nodrop,1,5,31.595226938805933
wavePE_nodrop,1,5,19.405848779519317
wavePE_nodrop,1,5,32.98379460717739
wavePE_nodrop,1,5,23.905721532794168
wavePE_nodrop,1,5,37.52215659913014
wavePE_nodrop,1,5,41.91864020158742
wavePE_nodrop,1,5,31.380812685587067
wavePE_nodrop,1,5,34.22366169481689
wavePE_nodrop,1,5,36.125496538735206
wavePE_nodrop,1,5,35.24297779629445
wavePE_nodrop,1,5,39.07087928176347
wavePE_nodrop,1,5,43.960397821287444
wavePE_nodrop,1,5,37.09905577596694
wavePE_nodrop,1,5,34.94975095967333
wavePE_nodrop,1,5,32.06222076749297
wavePE_nodrop,1,5,41.1646827264746
wavePE_nodrop,1,5,36.446744241496425
wavePE_nodrop,1,5,39.16224991613486
wavePE_nodrop,1,5,36.6303759495511
wavePE_nodrop,1,5,50.618229271593016
wavePE_nodrop,1,5,50.115742477928606
wavePE_nodrop,1,5,41.14379112449239
wavePE_nodrop,1,5,47.12876580439561
wavePE_nodrop,1,5,55.875540546638156
wavePE_nodrop,1,5,47.47880831049388
wavePE_nodrop,1,5,49.89183596159456
wavePE_nodrop,1,5,47.17902500969379
wavePE_nodrop,1,5,50.44354177901245
wavePE_nodrop,1,5,42.10691335757647
wavePE_nodrop,1,5,50.90654784542246
wavePE_nodrop,1,5,48.05812935000239
wavePE_nodrop,1,5,37.8936974208556
wavePE_nodrop,1,5,41.499850850327434
wavePE_nodrop,1,5,49.1631599940809
wavePE_nodrop,1,5,48.616219732482115
wavePE_nodrop,1,5,47.93887894182497
wavePE_nodrop,1,5,40.30243636805354
wavePE_nodrop,1,5,44.983800502071944
wavePE_nodrop,1,5,28.774824827312628
wavePE_nodrop,1,5,37.27309463608551
wavePE_nodrop,1,5,46.16455211881087
wavePE_nodrop,1,5,49.962146316221265
wavePE_nodrop,1,5,43.96548753228701
wavePE_nodrop,1,5,14.099551389339899
wavePE_nodrop,1,5,16.95619373259977
wavePE_nodrop,1,5,18.390036103362146
wavePE_nodrop,1,5,19.605837563238676
wavePE_nodrop,1,5,17.56161670424049
wavePE_nodrop,1,5,17.008535421820813
wavePE_nodrop,1,5,18.91861346501942
wavePE_nodrop,1,5,24.454191714472156
wavePE_nodrop,1,5,25.782656424086326
wavePE_nodrop,1,5,24.456119313759803
wavePE_nodrop,1,5,30.596080245549295
wavePE_nodrop,1,5,38.254652396043284
wavePE_nodrop,1,5,41.38011162859921
wavePE_nodrop,1,5,30.562293239119597
wavePE_nodrop,1,5,36.24868789230117
wavePE_nodrop,1,5,34.0999278654902
wavePE_nodrop,1,5,45.66588625494301
wavePE_nodrop,1,5,47.73921704679147
wavePE_nodrop,1,5,33.77230296635595
wavePE_nodrop,1,5,28.08832249499963
wavePE_nodrop,1,5,36.13641615364314
wavePE_nodrop,1,5,42.48836699185144
wavePE_nodrop,1,5,36.20999401733083
wavePE_nodrop,1,5,35.08006288362743
wavePE_nodrop,1,5,34.42489538536798
wavePE_nodrop,1,5,31.88423049712963
wavePE_nodrop,1,5,49.75310063442438
wavePE_nodrop,1,5,44.09060730960594
wavePE_nodrop,1,5,37.295821150251605
wavePE_nodrop,1,5,34.20411414867719
wavePE_nodrop,1,5,27.617370236986293
wavePE_nodrop,1,5,32.74114573239894
wavePE_nodrop,1,5,39.97213867314812
wavePE_nodrop,1,5,19.6175717898972
wavePE_nodrop,1,5,40.1524532050772
wavePE_nodrop,1,5,48.40206121512624
wavePE_nodrop,1,5,62.94335805699552
wavePE_nodrop,1,5,48.01157674734165
wavePE_nodrop,1,5,45.27737599174884
wavePE_nodrop,1,5,44.369414023644985
wavePE_nodrop,1,5,48.88820461410046
wavePE_nodrop,1,5,50.63839801488119
wavePE_nodrop,1,5,35.83431818765314
wavePE_nodrop,1,5,37.89188375307009
wavePE_nodrop,1,5,38.72295890943107
wavePE_nodrop,1,5,43.64542999659963
wavePE_nodrop,1,5,51.7371169497171
wavePE_nodrop,1,5,67.43816662352513
wavePE_nodrop,1,5,51.519360338685935
wavePE_nodrop,1,5,47.34560647895177
wavePE_nodrop,1,5,38.73528871697544
wavePE_nodrop,1,5,47.71839252351998
wavePE_nodrop,1,5,55.32411349157195
wavePE_nodrop,1,5,43.592100680535836
wavePE_nodrop,1,5,43.06808520879239
wavePE_nodrop,1,5,23.801292648988998
wavePE_nodrop,1,6,4.249461810494623
wavePE_nodrop,1,6,3.1435218918836347
wavePE_nodrop,1,6,4.259220332587772
wavePE_nodrop,1,6,3.5941962757028567
wavePE_nodrop,1,6,2.5246220395205037
wavePE_nodrop,1,6,15.319572804042124
wavePE_nodrop,1,6,16.266547282067243
wavePE_nodrop,1,6,18.371112533879767
wavePE_nodrop,1,6,18.90610636359177
wavePE_nodrop,1,6,16.836581644315146
wavePE_nodrop,1,6,18.110242284338185
wavePE_nodrop,1,6,12.184391804057192
wavePE_nodrop,1,6,20.762440619997875
wavePE_nodrop,1,6,20.014109780842794
wavePE_nodrop,1,6,19.889319775143203
wavePE_nodrop,1,6,18.24245387407546
wavePE_nodrop,1,6,18.078735124506967
wavePE_nodrop,1,6,18.189611912383697
wavePE_nodrop,1,6,18.785585067760373
wavePE_nodrop,1,6,32.31896731288123
wavePE_nodrop,1,6,34.44887801682101
wavePE_nodrop,1,6,26.172357220040528
wavePE_nodrop,1,6,37.03918440620262
wavePE_nodrop,1,6,24.923181136862567
wavePE_nodrop,1,6,22.142327096632158
wavePE_nodrop,1,6,10.834923622681803
wavePE_nodrop,1,6,13.696867878357505
wavePE_nodrop,1,6,11.044693977208588
wavePE_nodrop,1,6,15.32397188677769
wavePE_nodrop,1,6,14.360506725560612
wavePE_nodrop,1,6,21.019802614897554
wavePE_nodrop,1,6,24.092977209395578
wavePE_nodrop,1,6,19.71673111118148
wavePE_nodrop,1,6,21.24142801022159
wavePE_nodrop,1,6,22.934593814302154
wavePE_nodrop,1,6,17.938345580400146
wavePE_nodrop,1,6,18.191905488609876
wavePE_nodrop,1,6,19.20671303593101
wavePE_nodrop,1,6,20.244040061581714
wavePE_nodrop,1,6,28.02345266554056
wavePE_nodrop,1,6,28.999499863777068
wavePE_nodrop,1,6,30.128197781462422
wavePE_nodrop,1,6,27.306643437633106
wavePE_nodrop,1,6,18.01773081562957
wavePE_nodrop,1,6,26.853658261199776
wavePE_nodrop,1,6,19.493829672958686
wavePE_nodrop,1,6,30.470381126471867
wavePE_nodrop,1,6,23.836054046104998
wavePE_nodrop,1,6,18.341792854631503
wavePE_nodrop,1,6,12.017288626365005
wavePE_nodrop,1,6,32.64410528575443
wavePE_nodrop,1,6,30.94025335649631
wavePE_nodrop,1,6,30.9448778657785
wavePE_nodrop,1,6,26.566344698445732
wavePE_nodrop,1,6,22.097593619560303
wavePE_nodrop,1,6,18.284802398975387
wavePE_nodrop,1,6,25.612097782681165
wavePE_nodrop,1,6,26.171272786675477
wavePE_nodrop,1,6,20.838743141145237
wavePE_nodrop,1,6,14.338971084247618
wavePE_nodrop,1,6,25.840841909136735
wavePE_nodrop,1,6,34.07680913734515
wavePE_nodrop,1,6,27.704895715045975
wavePE_nodrop,1,6,28.346356872139268
wavePE_nodrop,1,6,23.541723155870493
wavePE_nodrop,1,6,17.259409289624923
wavePE_nodrop,1,6,16.956474206305145
wavePE_nodrop,1,6,38.68751280295937
wavePE_nodrop,1,6,25.947379936733135
wavePE_nodrop,1,6,31.235989672955828
wavePE_nodrop,1,6,16.23075080209442
wavePE_nodrop,1,6,25.145193772355935
wavePE_nodrop,1,6,19.456306933585893
wavePE_nodrop,1,6,19.35999594871521
wavePE_nodrop,1,6,17.227612256759713
wavePE_nodrop,1,6,16.449917696682178
wavePE_nodrop,1,6,15.447975298022673
wavePE_nodrop,1,6,24.89899270474964
wavePE_nodrop,1,6,21.739121247495845
wavePE_nodrop,1,6,22.419672150390372
wavePE_nodrop,1,6,16.01895744932794
wavePE_nodrop,1,6,22.294836918922456
wavePE_nodrop,1,6,23.64871234124191
wavePE_nodrop,1,6,22.618286083882577
wavePE_nodrop,1,6,23.43318427231394
wavePE_nodrop,1,6,28.240967103220715
wavePE_nodrop,1,6,28.71136706179611
wavePE_nodrop,1,6,30.77037521010819
wavePE_nodrop,1,6,28.0749704785906
wavePE_nodrop,1,6,29.25966015342868
wavePE_nodrop,1,6,23.707442356530876
wavePE_nodrop,1,6,35.61574966836208
wavePE_nodrop,1,6,30.022928444883767
wavePE_nodrop,1,6,25.597303713893332
wavePE_nodrop,1,6,24.6434372495213
wavePE_nodrop,1,6,25.641139062406655
wavePE_nodrop,1,6,30.058707739991387
wavePE_nodrop,1,6,31.41711506896866
wavePE_nodrop,1,6,30.918077043748216
wavePE_nodrop,1,6,27.84500443100855
wavePE_nodrop,1,6,11.345119798183296
wavePE_nodrop,1,6,11.463745768592526
wavePE_nodrop,1,6,28.831193919486438
wavePE_nodrop,1,6,16.362173606878553
wavePE_nodrop,1,6,21.18704967755965
wavePE_nodrop,1,6,25.36618782872486
wavePE_nodrop,1,6,37.5361798853011
wavePE_nodrop,1,6,27.475938802496806
wavePE_nodrop,1,6,23.52258065896701
wavePE_nodrop,1,6,24.69033328060522
wavePE_nodrop,1,6,29.714091259406317
wavePE_nodrop,1,6,35.036382992774065
wavePE_nodrop,1,6,23.949832768551655
wavePE_nodrop,1,6,36.65275571809637
wavePE_nodrop,1,6,28.73175850656171
wavePE_nodrop,1,6,22.468414337785898
wavePE_nodrop,1,6,19.794275512330824
wavePE_nodrop,1,6,38.62738842371755
wavePE_nodrop,1,6,25.082108044550637
wavePE_nodrop,1,6,29.73652063331103
wavePE_nodrop,1,6,24.209909714243338
wavePE_nodrop,1,6,25.73111941397389
wavePE_nodrop,1,6,33.73533571332948
wavePE_nodrop,1,6,27.898916766165527
wavePE_nodrop,1,6,23.69775735013825
wavePE_nodrop,1,6,16.2719618722477
wavePE_nodrop,1,6,6.5564896475402215
wavePE_nodrop,1,6,6.363061094537367
wavePE_nodrop,1,6,6.048183585505065
wavePE_nodrop,1,6,6.325956925096123
wavePE_nodrop,1,6,10.801364652929845
wavePE_nodrop,1,6,6.8118484261280585
wavePE_nodrop,1,6,8.114300374537217
wavePE_nodrop,1,6,12.545020510569781
wavePE_nodrop,1,6,15.00819210322997
wavePE_nodrop,1,6,13.428541470011467
wavePE_nodrop,1,6,9.657283994227408
wavePE_nodrop,1,6,14.20263917975869
wavePE_nodrop,1,6,16.58253547988068
wavePE_nodrop,1,6,12.55616476990746
wavePE_nodrop,1,6,13.735559741601966
wavePE_nodrop,1,6,17.194701342681434
wavePE_nodrop,1,6,16.327507059876677
wavePE_nodrop,1,6,19.542346065132627
wavePE_nodrop,1,6,18.762960875668366
wavePE_nodrop,1,6,20.43487525331434
wavePE_nodrop,1,6,27.469879848935598
wavePE_nodrop,1,6,31.162290972074718
wavePE_nodrop,1,6,34.13143039017514
wavePE_nodrop,1,6,28.137349292433495
wavePE_nodrop,1,6,32.1510613946885
wavePE_nodrop,1,6,30.920929638490772
wavePE_nodrop,1,6,31.329756018615452
wavePE_nodrop,1,6,33.71473400342443
wavePE_nodrop,1,6,24.530947988027574
wavePE_nodrop,1,6,27.594197349552253
wavePE_nodrop,1,6,20.742115771267834
wavePE_nodrop,1,6,24.454061487343502
wavePE_nodrop,1,6,24.072687795621654
wavePE_nodrop,1,6,21.700360517315676
wavePE_nodrop,1,6,29.145276627613235
wavePE_nodrop,1,6,28.941419303594373
wavePE_nodrop,1,6,35.942911699426816
wavePE_nodrop,1,6,36.12369979938959
wavePE_nodrop,1,6,32.365133697106415
wavePE_nodrop,1,6,29.779486360678302
wavePE_nodrop,1,6,41.84627403496412
wavePE_nodrop,1,6,32.05823639911627
wavePE_nodrop,1,6,27.020344412137366
wavePE_nodrop,1,6,28.90241675358055
wavePE_nodrop,1,6,32.79813198336766
wavePE_nodrop,1,6,26.93398856380992
wavePE_nodrop,1,6,28.430355949401847
wavePE_nodrop,1,6,43.58828573592726
wavePE_nodrop,1,6,45.33156575627235
wavePE_nodrop,1,6,33.28950433000986
wavePE_nodrop,1,6,27.893114075600163
wavePE_nodrop,1,6,34.91529072490719
wavePE_nodrop,1,6,40.34572955647072
wavePE_nodrop,1,6,38.045781264163594
wavePE_nodrop,1,6,35.86658389514209
wavePE_nodrop,1,6,23.09360906671203
wavePE_nodrop,1,6,9.421467742127634
wavePE_nodrop,1,6,14.444734616678506
wavePE_nodrop,1,6,16.23934930253857
wavePE_nodrop,1,6,13.53050652125462
wavePE_nodrop,1,6,18.499404877349303
wavePE_nodrop,1,6,20.03215262233244
wavePE_nodrop,1,6,18.85840583319989
wavePE_nodrop,1,6,21.363453221737743
wavePE_nodrop,1,6,21.795767378719752
wavePE_nodrop,1,6,26.26845781747555
wavePE_nodrop,1,6,25.506550641543726
wavePE_nodrop,1,6,30.113171621585533
wavePE_nodrop,1,6,33.92742119606783
wavePE_nodrop,1,6,20.053443267209108
wavePE_nodrop,1,6,27.573470090887202
wavePE_nodrop,1,6,22.31522980551276
wavePE_nodrop,1,6,28.22667610075296
wavePE_nodrop,1,6,29.726046599609358
wavePE_nodrop,1,6,21.68826956995376
wavePE_nodrop,1,6,34.87778403161013
wavePE_nodrop,1,6,13.866670239332118
wavePE_nodrop,1,6,43.42136339357286
wavePE_nodrop,1,6,40.804126445276104
wavePE_nodrop,1,6,47.344267810195596
wavePE_nodrop,1,6,37.691241002247665
wavePE_nodrop,1,6,30.358764391466252
wavePE_nodrop,1,6,22.35204270016549
wavePE_nodrop,1,6,26.223131768810358
learnedPE_drop,1,0,95.23116867048427
learnedPE_drop,1,1,93.1934545119621
learnedPE_drop,1,1,94.2126326066846
learnedPE_drop,1,1,94.30855175707849
learnedPE_drop,1,1,94.14157971408386
learnedPE_drop,1,1,94.54335643313638
learnedPE_drop,1,1,94.88926005494935
learnedPE_drop,1,1,94.98935188885157
learnedPE_drop,1,1,94.80603492901429
learnedPE_drop,1,1,94.75034854836252
learnedPE_drop,1,1,95.15682289097049
learnedPE_drop,1,2,91.86852442511255
learnedPE_drop,1,2,92.62611945119481
learnedPE_drop,1,2,92.95404555083427
learnedPE_drop,1,2,92.94473659357357
learnedPE_drop,1,2,93.28729211790457
learnedPE_drop,1,2,92.38330999479317
learnedPE_drop,1,2,92.14527186587185
learnedPE_drop,1,2,92.71281784798319
learnedPE_drop,1,2,92.35478061552651
learnedPE_drop,1,2,92.89006873622775
learnedPE_drop,1,2,93.08093259793844
learnedPE_drop,1,2,93.53393028469705
learnedPE_drop,1,2,93.96811426820499
learnedPE_drop,1,2,93.31129378087385
learnedPE_drop,1,2,93.82835861138219
learnedPE_drop,1,2,94.14578114189898
learnedPE_drop,1,2,94.20581776396959
learnedPE_drop,1,2,92.14006417923697
learnedPE_drop,1,2,93.65788388581949
learnedPE_drop,1,2,93.78676251954644
learnedPE_drop,1,2,94.08577938004726
learnedPE_drop,1,2,94.1355495059594
learnedPE_drop,1,2,93.81884828283948
learnedPE_drop,1,2,94.06571489194634
learnedPE_drop,1,2,92.963173684298
learnedPE_drop,1,2,93.8140693937853
learnedPE_drop,1,2,93.91544285078004
learnedPE_drop,1,2,93.75337362925369
learnedPE_drop,1,2,93.6516491503118
learnedPE_drop,1,2,93.9825859220334
learnedPE_drop,1,2,94.15455960285341
learnedPE_drop,1,2,94.21595802153675
learnedPE_drop,1,2,94.24465915451978
learnedPE_drop,1,2,94.09344082615294
learnedPE_drop,1,2,94.45810621954313
learnedPE_drop,1,2,94.44574045579313
learnedPE_drop,1,2,94.16278929653124
learnedPE_drop,1,2,94.60673380071094
learnedPE_drop,1,2,94.98750983016441
learnedPE_drop,1,2,93.96645053436202
learnedPE_drop,1,2,94.32602136502047
learnedPE_drop,1,2,94.89821043490643
learnedPE_drop,1,2,93.80754660775202
learnedPE_drop,1,2,93.89825473978784
learnedPE_drop,1,2,93.56241387747025
learnedPE_drop,1,3,89.25133757902726
learnedPE_drop,1,3,89.87274801488661
learnedPE_drop,1,3,91.27287620879994
learnedPE_drop,1,3,88.39354139081325
learnedPE_drop,1,3,91.24481712538652
learnedPE_drop,1,3,89.48385455355685
learnedPE_drop,1,3,90.64026572942656
learnedPE_drop,1,3,91.50740701934204
learnedPE_drop,1,3,89.70940750923388
learnedPE_drop,1,3,92.52991801237684
learnedPE_drop,1,3,91.97889841749267
learnedPE_drop,1,3,91.87252491142823
learnedPE_drop,1,3,91.73562739965139
learnedPE_drop,1,3,91.72697251669068
learnedPE_drop,1,3,91.42973156055788
learnedPE_drop,1,3,91.46112272476965
learnedPE_drop,1,3,92.10771646348253
learnedPE_drop,1,3,92.65178099966975
learnedPE_drop,1,3,92.24722612597873
learnedPE_drop,1,3,92.39653949311204
learnedPE_drop,1,3,92.75718455737506
learnedPE_drop,1,3,92.73574937881904
learnedPE_drop,1,3,92.24491044961505
learnedPE_drop,1,3,92.45052153561825
learnedPE_drop,1,3,92.38919129793801
learnedPE_drop,1,3,92.14498156326043
learnedPE_drop,1,3,92.5920633624039
learnedPE_drop,1,3,90.1187722338889
learnedPE_drop,1,3,93.1946280004851
learnedPE_drop,1,3,93.20948929005714
learnedPE_drop,1,3,91.80249516689842
learnedPE_drop,1,3,91.02663147868968
learnedPE_drop,1,3,91.56973990728791
learnedPE_drop,1,3,91.43694994284024
learnedPE_drop,1,3,90.99648386729854
learnedPE_drop,1,3,90.28605953791259
learnedPE_drop,1,3,89.54783481876596
learnedPE_drop,1,3,92.0270641806828
learnedPE_drop,1,3,92.44203178627441
learnedPE_drop,1,3,92.6234596027012
learnedPE_drop,1,3,92.68035178100733
learnedPE_drop,1,3,92.59480875496283
learnedPE_drop,1,3,92.60977544014104
learnedPE_drop,1,3,91.80659550199117
learnedPE_drop,1,3,92.70451820142809
learnedPE_drop,1,3,92.30506996047663
learnedPE_drop,1,3,92.60352504733879
learnedPE_drop,1,3,92.72569068332434
learnedPE_drop,1,3,93.0158972277967
learnedPE_drop,1,3,93.01017682347391
learnedPE_drop,1,3,92.27275225581786
learnedPE_drop,1,3,92.92945760554707
learnedPE_drop,1,3,93.24384533650286
learnedPE_drop,1,3,93.3489666495432
learnedPE_drop,1,3,92.77477842325246
learnedPE_drop,1,3,92.46996642220684
learnedPE_drop,1,3,93.78636848639555
learnedPE_drop,1,3,93.78449451892173
learnedPE_drop,1,3,91.06997903038616
learnedPE_drop,1,3,92.55877202740939
learnedPE_drop,1,3,93.12776877569596
learnedPE_drop,1,3,92.85461235750148
learnedPE_drop,1,3,92.49453960298972
learnedPE_drop,1,3,92.64535118666882
learnedPE_drop,1,3,78.35312277812605
learnedPE_drop,1,3,91.64972591095561
learnedPE_drop,1,3,92.04415756673485
learnedPE_drop,1,3,91.3329851909313
learnedPE_drop,1,3,91.66586309107305
learnedPE_drop,1,3,91.37914245532703
learnedPE_drop,1,3,93.42551008806608
learnedPE_drop,1,3,93.51623062876439
learnedPE_drop,1,3,93.37374552561597
learnedPE_drop,1,3,93.6067208774705
learnedPE_drop,1,3,93.47702809687432
learnedPE_drop,1,3,93.64893352881599
learnedPE_drop,1,3,92.9072263776997
learnedPE_drop,1,3,93.15618530025559
learnedPE_drop,1,3,93.68524422710777
learnedPE_drop,1,3,93.62258455302756
learnedPE_drop,1,3,93.42887596618014
learnedPE_drop,1,3,93.98181851712886
learnedPE_drop,1,3,92.75574403786496
learnedPE_drop,1,3,93.37509944316982
learnedPE_drop,1,3,92.17883168136439
learnedPE_drop,1,3,92.53706446767927
learnedPE_drop,1,3,92.55150181064545
learnedPE_drop,1,3,92.7127825186201
learnedPE_drop,1,3,92.56766276983986
learnedPE_drop,1,3,92.7456478935287
learnedPE_drop,1,3,93.46570659622712
learnedPE_drop,1,3,93.2100856003566
learnedPE_drop,1,3,93.46111283142032
learnedPE_drop,1,3,93.64965258354596
learnedPE_drop,1,3,92.77980197679132
learnedPE_drop,1,3,92.87308225371176
learnedPE_drop,1,3,93.79926405113925
learnedPE_drop,1,3,92.19770560736997
learnedPE_drop,1,3,92.27005286170852
learnedPE_drop,1,3,92.21972181352783
learnedPE_drop,1,3,93.63023571871042
learnedPE_drop,1,3,93.65025848507149
learnedPE_drop,1,3,94.03423683660883
learnedPE_drop,1,3,94.28003697223527
learnedPE_drop,1,3,93.24041227513867
learnedPE_drop,1,3,93.4769807725467
learnedPE_drop,1,3,94.2762078380916
learnedPE_drop,1,3,93.34659918011721
learnedPE_drop,1,3,93.55286491939862
learnedPE_drop,1,3,92.50294591539276
learnedPE_drop,1,3,93.52723929412498
learnedPE_drop,1,3,93.70215842476581
learnedPE_drop,1,3,94.64655106044361
learnedPE_drop,1,3,92.67937925105822
learnedPE_drop,1,3,91.90958408963536
learnedPE_drop,1,3,93.47084381106959
learnedPE_drop,1,3,91.95903726256812
learnedPE_drop,1,3,93.64737158204474
learnedPE_drop,1,3,93.29059213055653
learnedPE_drop,1,3,91.33874241824319
learnedPE_drop,1,4,73.94353361531863
learnedPE_drop,1,4,88.73366519698685
learnedPE_drop,1,4,84.89820738108723
learnedPE_drop,1,4,88.49960034618319
learnedPE_drop,1,4,87.14031067032538
learnedPE_drop,1,4,87.54789576432545
learnedPE_drop,1,4,89.40840808573489
learnedPE_drop,1,4,81.38171983654637
learnedPE_drop,1,4,85.81784233897945
learnedPE_drop,1,4,89.62779240164585
learnedPE_drop,1,4,88.27559410852456
learnedPE_drop,1,4,88.61984647726618
learnedPE_drop,1,4,90.32411786539191
learnedPE_drop,1,4,86.51632429273637
learnedPE_drop,1,4,90.67434806424819
learnedPE_drop,1,4,89.44854218012632
learnedPE_drop,1,4,90.44736470745724
learnedPE_drop,1,4,90.46630664758177
learnedPE_drop,1,4,87.71162539982893
learnedPE_drop,1,4,76.71079661053417
learnedPE_drop,1,4,83.69481273636129
learnedPE_drop,1,4,89.40935277260124
learnedPE_drop,1,4,86.60152037930861
learnedPE_drop,1,4,88.82299553016581
learnedPE_drop,1,4,90.62161381305177
learnedPE_drop,1,4,86.87502025040044
learnedPE_drop,1,4,88.08581693504419
learnedPE_drop,1,4,88.51163362251296
learnedPE_drop,1,4,63.65515245451885
learnedPE_drop,1,4,89.72934542771016
learnedPE_drop,1,4,88.02931886999897
learnedPE_drop,1,4,88.18137012866116
learnedPE_drop,1,4,89.5029782377974
learnedPE_drop,1,4,88.96650532974239
learnedPE_drop,1,4,91.70604607115737
learnedPE_drop,1,4,91.58029651864898
learnedPE_drop,1,4,90.96371626142403
learnedPE_drop,1,4,91.76392154207005
learnedPE_drop,1,4,91.8537553962125
learnedPE_drop,1,4,90.52267531639626
learnedPE_drop,1,4,87.91468705379937
learnedPE_drop,1,4,91.62949264270917
learnedPE_drop,1,4,91.35625437096664
learnedPE_drop,1,4,90.63126632038998
learnedPE_drop,1,4,89.8665563002724
learnedPE_drop,1,4,90.13152385752858
learnedPE_drop,1,4,90.05943034708417
learnedPE_drop,1,4,90.31119053633428
learnedPE_drop,1,4,88.99533162773916
learnedPE_drop,1,4,90.45003501090503
learnedPE_drop,1,4,91.19458836876984
learnedPE_drop,1,4,90.44857286267754
learnedPE_drop,1,4,91.13899457271577
learnedPE_drop,1,4,91.35772384573997
learnedPE_drop,1,4,91.12887329340724
learnedPE_drop,1,4,88.87003114286807
learnedPE_drop,1,4,91.94163714662267
learnedPE_drop,1,4,92.2211091901187
learnedPE_drop,1,4,91.4123982751982
learnedPE_drop,1,4,90.96328238373712
learnedPE_drop,1,4,91.90653278780172
learnedPE_drop,1,4,90.83711092554879
learnedPE_drop,1,4,91.01099004664522
learnedPE_drop,1,4,90.80198462369675
learnedPE_drop,1,4,91.79234457786133
learnedPE_drop,1,4,88.97698494894263
learnedPE_drop,1,4,92.70421193648495
learnedPE_drop,1,4,92.67544303207107
learnedPE_drop,1,4,91.67930144021201
learnedPE_drop,1,4,90.91254723596819
learnedPE_drop,1,4,91.04310526740855
learnedPE_drop,1,4,91.6715283558892
learnedPE_drop,1,4,91.50230366179059
learnedPE_drop,1,4,89.58657310112588
learnedPE_drop,1,4,87.90693344852913
learnedPE_drop,1,4,89.7856687279465
learnedPE_drop,1,4,92.8927870556378
learnedPE_drop,1,4,88.32994481269677
learnedPE_drop,1,4,88.5746936749237
learnedPE_drop,1,4,92.25558996603789
learnedPE_drop,1,4,88.68571228991041
learnedPE_drop,1,4,91.08524021330476
learnedPE_drop,1,4,89.36463402035321
learnedPE_drop,1,4,88.49227877353492
learnedPE_drop,1,4,31.182117013722955
learnedPE_drop,1,4,88.4704364581735
learnedPE_drop,1,4,89.85484347844867
learnedPE_drop,1,4,88.73485457728114
learnedPE_drop,1,4,89.14115915498468
learnedPE_drop,1,4,89.55801807342404
learnedPE_drop,1,4,91.350151104581
learnedPE_drop,1,4,91.40629430135114
learnedPE_drop,1,4,91.5564928043833
learnedPE_drop,1,4,91.51797838940168
learnedPE_drop,1,4,91.67938624991085
learnedPE_drop,1,4,91.86743084173268
learnedPE_drop,1,4,90.01409169462175
learnedPE_drop,1,4,91.81764596351026
learnedPE_drop,1,4,92.12190846545008
learnedPE_drop,1,4,90.8117144257049
learnedPE_drop,1,4,91.61353730717457
learnedPE_drop,1,4,91.69457246703323
learnedPE_drop,1,4,91.28590681859632
learnedPE_drop,1,4,91.37319369052818
learnedPE_drop,1,4,90.94599855818896
learnedPE_drop,1,4,90.28466981315138
learnedPE_drop,1,4,91.0388977068459
learnedPE_drop,1,4,90.877992463283
learnedPE_drop,1,4,91.05091066719689
learnedPE_drop,1,4,90.9398103610983
learnedPE_drop,1,4,91.73829390561737
learnedPE_drop,1,4,91.11442692991976
learnedPE_drop,1,4,92.01332996754623
learnedPE_drop,1,4,92.02048179099012
learnedPE_drop,1,4,90.04510237761988
learnedPE_drop,1,4,91.4000734901084
learnedPE_drop,1,4,92.10401006327528
learnedPE_drop,1,4,91.22018798888945
learnedPE_drop,1,4,90.3508531697872
learnedPE_drop,1,4,91.2356720263318
learnedPE_drop,1,4,91.23741525802592
learnedPE_drop,1,4,91.48693957032998
learnedPE_drop,1,4,92.45462069875113
learnedPE_drop,1,4,92.55954726922371
learnedPE_drop,1,4,90.02478112699637
learnedPE_drop,1,4,91.3804592324333
learnedPE_drop,1,4,92.02442842237681
learnedPE_drop,1,4,91.73748904197112
learnedPE_drop,1,4,92.15410108335873
learnedPE_drop,1,4,91.27788249532254
learnedPE_drop,1,4,89.28857172306344
learnedPE_drop,1,4,91.66170230304334
learnedPE_drop,1,4,92.06431303977875
learnedPE_drop,1,4,91.02286384080627
learnedPE_drop,1,4,87.60194736683252
learnedPE_drop,1,4,92.11139500158538
learnedPE_drop,1,4,87.69576722190128
learnedPE_drop,1,4,89.69712442121696
learnedPE_drop,1,4,91.07062898569231
learnedPE_drop,1,4,89.69140112035797
learnedPE_drop,1,4,76.00447448163352
learnedPE_drop,1,4,77.61808453937734
learnedPE_drop,1,4,75.53436665946569
learnedPE_drop,1,4,80.34596926068211
learnedPE_drop,1,4,75.93962663441837
learnedPE_drop,1,4,91.00857298542388
learnedPE_drop,1,4,90.70031224263376
learnedPE_drop,1,4,91.05829496690177
learnedPE_drop,1,4,91.07463911138298
learnedPE_drop,1,4,91.05950648688518
learnedPE_drop,1,4,91.30077154099287
learnedPE_drop,1,4,91.2901650338373
learnedPE_drop,1,4,89.14962816141923
learnedPE_drop,1,4,90.12432535638699
learnedPE_drop,1,4,89.489082302363
learnedPE_drop,1,4,93.11666706519108
learnedPE_drop,1,4,92.58829398183919
learnedPE_drop,1,4,92.62329483071548
learnedPE_drop,1,4,93.4381583072953
learnedPE_drop,1,4,91.9996158599801
learnedPE_drop,1,4,92.71620892848928
learnedPE_drop,1,4,93.39764583507791
learnedPE_drop,1,4,91.60911877515838
learnedPE_drop,1,4,92.88001331651886
learnedPE_drop,1,4,91.35928855204591
learnedPE_drop,1,4,92.35402795409262
learnedPE_drop,1,4,92.32065710974531
learnedPE_drop,1,4,93.5839474150221
learnedPE_drop,1,4,89.40486781532775
learnedPE_drop,1,4,90.46431975287899
learnedPE_drop,1,4,91.30164910278806
learnedPE_drop,1,4,90.35680508651265
learnedPE_drop,1,4,93.00680423577074
learnedPE_drop,1,4,91.69944684393263
learnedPE_drop,1,4,90.1330419707741
learnedPE_drop,1,4,91.8680956974201
learnedPE_drop,1,4,91.10903016742627
learnedPE_drop,1,4,92.25119048707965
learnedPE_drop,1,4,91.96999001528563
learnedPE_drop,1,4,90.69912638610882
learnedPE_drop,1,4,91.52610751760635
learnedPE_drop,1,4,92.1004202654669
learnedPE_drop,1,4,91.58702009744937
learnedPE_drop,1,4,91.5563761986444
learnedPE_drop,1,4,90.7654498416216
learnedPE_drop,1,4,92.64935085837807
learnedPE_drop,1,4,92.40113273822583
learnedPE_drop,1,4,93.53737058027237
learnedPE_drop,1,4,91.37900410763504
learnedPE_drop,1,4,90.40881125168185
learnedPE_drop,1,4,91.84520099285072
learnedPE_drop,1,4,89.71840073644815
learnedPE_drop,1,4,91.86414564384438
learnedPE_drop,1,4,91.55105955610344
learnedPE_drop,1,4,89.09665282224117
learnedPE_drop,1,4,91.89452158928019
learnedPE_drop,1,4,92.7278002717156
learnedPE_drop,1,4,93.62308830293526
learnedPE_drop,1,4,92.27074047964896
learnedPE_drop,1,4,91.80465656090342
learnedPE_drop,1,4,92.70089169328506
learnedPE_drop,1,4,90.79407653806287
learnedPE_drop,1,4,92.8035819463924
learnedPE_drop,1,4,92.36128646422046
learnedPE_drop,1,4,91.2850958082556
learnedPE_drop,1,4,85.22143478115346
learnedPE_drop,1,4,91.38599189261569
learnedPE_drop,1,4,92.43537624215233
learnedPE_drop,1,4,82.08987078106354
learnedPE_drop,1,4,85.84865016856489
learnedPE_drop,1,5,18.607442831694105
learnedPE_drop,1,5,67.10776434381984
learnedPE_drop,1,5,73.26561043106847
learnedPE_drop,1,5,68.01842110779572
learnedPE_drop,1,5,72.16022572943697
learnedPE_drop,1,5,71.79735467526962
learnedPE_drop,1,5,83.74361281331394
learnedPE_drop,1,5,87.79409144718228
learnedPE_drop,1,5,84.88888236908737
learnedPE_drop,1,5,86.95820043521742
learnedPE_drop,1,5,89.43651845834674
learnedPE_drop,1,5,81.71724878929922
learnedPE_drop,1,5,73.21518924497124
learnedPE_drop,1,5,79.62240940018
learnedPE_drop,1,5,87.32309139506941
learnedPE_drop,1,5,82.25496091738765
learnedPE_drop,1,5,85.37126559881261
learnedPE_drop,1,5,87.60026790832171
learnedPE_drop,1,5,83.17258827916099
learnedPE_drop,1,5,86.46274874324989
learnedPE_drop,1,5,86.36617235441304
learnedPE_drop,1,5,73.2435417100872
learnedPE_drop,1,5,81.92442468281193
learnedPE_drop,1,5,81.9224515907937
learnedPE_drop,1,5,81.88791836809622
learnedPE_drop,1,5,78.68050416826557
learnedPE_drop,1,5,84.2636611743794
learnedPE_drop,1,5,74.65086676500576
learnedPE_drop,1,5,79.81819461581591
learnedPE_drop,1,5,87.50220483472647
learnedPE_drop,1,5,82.75898998625027
learnedPE_drop,1,5,87.24543478544653
learnedPE_drop,1,5,89.31836354735022
learnedPE_drop,1,5,85.98611712000496
learnedPE_drop,1,5,86.92211895976698
learnedPE_drop,1,5,87.76736403319774
learnedPE_drop,1,5,84.37439159142363
learnedPE_drop,1,5,74.67568221501017
learnedPE_drop,1,5,83.8746222726949
learnedPE_drop,1,5,86.63871279732224
learnedPE_drop,1,5,85.21800015863671
learnedPE_drop,1,5,88.75943884841875
learnedPE_drop,1,5,89.5310257531793
learnedPE_drop,1,5,87.39217145676733
learnedPE_drop,1,5,87.85299828059865
learnedPE_drop,1,5,86.85107359015119
learnedPE_drop,1,5,78.11032373233085
learnedPE_drop,1,5,80.36344192314753
learnedPE_drop,1,5,88.67498904716226
learnedPE_drop,1,5,69.16616629204083
learnedPE_drop,1,5,74.52697581912308
learnedPE_drop,1,5,81.87686721069383
learnedPE_drop,1,5,77.79658045247876
learnedPE_drop,1,5,86.48514095148707
learnedPE_drop,1,5,84.8352813670126
learnedPE_drop,1,5,83.31655466128147
learnedPE_drop,1,5,55.474661587649734
learnedPE_drop,1,5,60.26470121971008
learnedPE_drop,1,5,56.17587562739741
learnedPE_drop,1,5,63.560652088025016
learnedPE_drop,1,5,63.12881712153027
learnedPE_drop,1,5,86.49921333772
learnedPE_drop,1,5,85.48303250543829
learnedPE_drop,1,5,89.75528615054891
learnedPE_drop,1,5,89.33173459932185
learnedPE_drop,1,5,87.20085546622435
learnedPE_drop,1,5,86.56635404950161
learnedPE_drop,1,5,87.14457350430207
learnedPE_drop,1,5,86.64717900239208
learnedPE_drop,1,5,86.94950627503243
learnedPE_drop,1,5,87.79999740790512
learnedPE_drop,1,5,90.27193880008339
learnedPE_drop,1,5,88.08365382718637
learnedPE_drop,1,5,91.59412574329579
learnedPE_drop,1,5,92.09099890061567
learnedPE_drop,1,5,89.53065228774237
learnedPE_drop,1,5,89.7717448334419
learnedPE_drop,1,5,90.36615845972624
learnedPE_drop,1,5,89.13571390781904
learnedPE_drop,1,5,89.90727706889218
learnedPE_drop,1,5,88.97274576640571
learnedPE_drop,1,5,84.89204968682344
learnedPE_drop,1,5,85.87783696927028
learnedPE_drop,1,5,90.1948666249613
learnedPE_drop,1,5,85.01735084695108
learnedPE_drop,1,5,86.35665479507489
learnedPE_drop,1,5,89.9576833876224
learnedPE_drop,1,5,85.46674350718651
learnedPE_drop,1,5,89.08886704250224
learnedPE_drop,1,5,87.50004690808957
learnedPE_drop,1,5,86.36745268797902
learnedPE_drop,1,5,89.0897490968495
learnedPE_drop,1,5,83.37761648214894
learnedPE_drop,1,5,90.55908453494828
learnedPE_drop,1,5,90.80289086770709
learnedPE_drop,1,5,88.34041221577652
learnedPE_drop,1,5,89.63325318205233
learnedPE_drop,1,5,90.82657037078027
learnedPE_drop,1,5,89.2513016614726
learnedPE_drop,1,5,88.71281940769865
learnedPE_drop,1,5,89.53582256637596
learnedPE_drop,1,5,86.0365615668956
learnedPE_drop,1,5,86.41595537364132
learnedPE_drop,1,5,91.30930490474887
learnedPE_drop,1,5,86.46485810651457
learnedPE_drop,1,5,87.74321331953101
learnedPE_drop,1,5,91.53061591880902
learnedPE_drop,1,5,85.99183549192486
learnedPE_drop,1,5,90.10240960846448
learnedPE_drop,1,5,88.59547869784363
learnedPE_drop,1,5,86.90909463294287
learnedPE_drop,1,5,86.10306957598641
learnedPE_drop,1,5,88.77384354613956
learnedPE_drop,1,5,91.95932513533629
learnedPE_drop,1,5,84.75718215198627
learnedPE_drop,1,5,85.80712977619672
learnedPE_drop,1,5,91.58659070484921
learnedPE_drop,1,5,87.7168841810354
learnedPE_drop,1,5,90.56367334557642
learnedPE_drop,1,5,88.41799788200548
learnedPE_drop,1,5,88.29859248089453
learnedPE_drop,1,5,76.37402055311311
learnedPE_drop,1,5,85.30461204606922
learnedPE_drop,1,5,89.11402078755685
learnedPE_drop,1,5,74.6005280646613
learnedPE_drop,1,5,83.18419373652974
learnedPE_drop,1,5,30.23451862955373
learnedPE_drop,1,5,34.251425231113835
learnedPE_drop,1,5,30.036489288937872
learnedPE_drop,1,5,34.62480272577903
learnedPE_drop,1,5,28.876711043614467
learnedPE_drop,1,5,88.23056985217475
learnedPE_drop,1,5,85.07712013976911
learnedPE_drop,1,5,86.90919707854928
learnedPE_drop,1,5,88.2221514643678
learnedPE_drop,1,5,89.10293294765205
learnedPE_drop,1,5,88.58880867838813
learnedPE_drop,1,5,88.98122953952485
learnedPE_drop,1,5,87.81445154259914
learnedPE_drop,1,5,87.63658710836421
learnedPE_drop,1,5,86.99974156809222
learnedPE_drop,1,5,90.62932806069834
learnedPE_drop,1,5,89.08337767862933
learnedPE_drop,1,5,90.12131164451161
learnedPE_drop,1,5,90.96974738789775
learnedPE_drop,1,5,89.51315339007108
learnedPE_drop,1,5,90.48387623170242
learnedPE_drop,1,5,90.82481489437367
learnedPE_drop,1,5,89.76158504354581
learnedPE_drop,1,5,90.62541003679048
learnedPE_drop,1,5,89.36221913523786
learnedPE_drop,1,5,87.53212695452763
learnedPE_drop,1,5,90.12168513286613
learnedPE_drop,1,5,90.53996100022347
learnedPE_drop,1,5,85.9780344630113
learnedPE_drop,1,5,82.98110446121697
learnedPE_drop,1,5,89.55946338912773
learnedPE_drop,1,5,85.93484653407477
learnedPE_drop,1,5,88.98488343154598
learnedPE_drop,1,5,89.5474515759952
learnedPE_drop,1,5,87.03499975672999
learnedPE_drop,1,5,88.83385583356309
learnedPE_drop,1,5,86.61156958328556
learnedPE_drop,1,5,89.45693193496174
learnedPE_drop,1,5,89.28814894801643
learnedPE_drop,1,5,88.66681202631635
learnedPE_drop,1,5,89.65423968408813
learnedPE_drop,1,5,90.31007526503628
learnedPE_drop,1,5,88.41021581541217
learnedPE_drop,1,5,88.62160966489756
learnedPE_drop,1,5,88.89074811429121
learnedPE_drop,1,5,88.62489115481085
learnedPE_drop,1,5,90.37709714954423
learnedPE_drop,1,5,90.79891980229343
learnedPE_drop,1,5,88.69337011500262
learnedPE_drop,1,5,83.42370555145835
learnedPE_drop,1,5,89.98703064384857
learnedPE_drop,1,5,86.2308768522475
learnedPE_drop,1,5,88.44598367874418
learnedPE_drop,1,5,89.65357062464905
learnedPE_drop,1,5,87.64598123625527
learnedPE_drop,1,5,87.00559177979564
learnedPE_drop,1,5,90.00217711381015
learnedPE_drop,1,5,90.41731908092427
learnedPE_drop,1,5,89.74356376523885
learnedPE_drop,1,5,84.26686673530556
learnedPE_drop,1,5,90.58737718304229
learnedPE_drop,1,5,87.07783487454424
learnedPE_drop,1,5,88.9236213535767
learnedPE_drop,1,5,89.50727687072322
learnedPE_drop,1,5,89.18363806574673
learnedPE_drop,1,5,78.89360223641313
learnedPE_drop,1,5,83.40362493736748
learnedPE_drop,1,5,89.06672780571759
learnedPE_drop,1,5,69.57325654140699
learnedPE_drop,1,5,78.36930577669482
learnedPE_drop,1,5,74.18769013998862
learnedPE_drop,1,5,70.0153838395931
learnedPE_drop,1,5,78.37410549655388
learnedPE_drop,1,5,73.33247437371296
learnedPE_drop,1,5,74.22078364248583
learnedPE_drop,1,5,76.08698991059681
learnedPE_drop,1,5,73.72590663436202
learnedPE_drop,1,5,76.06767175749928
learnedPE_drop,1,5,69.90797104145807
learnedPE_drop,1,5,75.62560228120141
learnedPE_drop,1,5,88.97770817302396
learnedPE_drop,1,5,89.14906695546847
learnedPE_drop,1,5,90.51739152917048
learnedPE_drop,1,5,84.97135683446118
learnedPE_drop,1,5,88.86898410259832
learnedPE_drop,1,5,87.84280918477016
learnedPE_drop,1,5,87.49763917930463
learnedPE_drop,1,5,89.365650829984
learnedPE_drop,1,5,86.66720367071706
learnedPE_drop,1,5,85.25565097769032
learnedPE_drop,1,5,91.09768161341711
learnedPE_drop,1,5,91.56168467209966
learnedPE_drop,1,5,92.89244325500452
learnedPE_drop,1,5,89.00289799487177
learnedPE_drop,1,5,88.15315375900623
learnedPE_drop,1,5,90.79215436929886
learnedPE_drop,1,5,88.7244945119411
learnedPE_drop,1,5,91.38648251145977
learnedPE_drop,1,5,91.0885468413281
learnedPE_drop,1,5,89.16735806982705
learnedPE_drop,1,5,84.1543754499142
learnedPE_drop,1,5,89.36640775177503
learnedPE_drop,1,5,89.66629934431612
learnedPE_drop,1,5,79.59132274807229
learnedPE_drop,1,5,82.9320371004107
learnedPE_drop,1,5,88.1244216134819
learnedPE_drop,1,5,90.57466095750668
learnedPE_drop,1,5,91.27954821074862
learnedPE_drop,1,5,89.01578309404945
learnedPE_drop,1,5,85.97172878774987
learnedPE_drop,1,5,90.60928653372282
learnedPE_drop,1,5,86.84206134047443
learnedPE_drop,1,5,89.78378887705077
learnedPE_drop,1,5,89.12043907684955
learnedPE_drop,1,5,88.85911619800383
learnedPE_drop,1,5,85.42833836693751
learnedPE_drop,1,5,89.22455460188334
learnedPE_drop,1,5,90.20963016939734
learnedPE_drop,1,5,79.8328682815474
learnedPE_drop,1,5,84.93420210571378
learnedPE_drop,1,5,81.82308782730897
learnedPE_drop,1,5,88.77954161405674
learnedPE_drop,1,5,90.32726419494432
learnedPE_drop,1,5,81.44643609488672
learnedPE_drop,1,5,82.09607741612201
learnedPE_drop,1,5,49.684583469539135
learnedPE_drop,1,6,12.783128449314829
learnedPE_drop,1,6,21.800384698487925
learnedPE_drop,1,6,18.102059613398737
learnedPE_drop,1,6,19.43271074610267
learnedPE_drop,1,6,18.453599275961672
learnedPE_drop,1,6,65.7861225241378
learnedPE_drop,1,6,53.623276557172616
learnedPE_drop,1,6,60.92787176432191
learnedPE_drop,1,6,67.50975310635457
learnedPE_drop,1,6,69.98839626877617
learnedPE_drop,1,6,68.99395981880694
learnedPE_drop,1,6,68.06112870047951
learnedPE_drop,1,6,65.3204633305743
learnedPE_drop,1,6,71.60385122877928
learnedPE_drop,1,6,68.76026722021875
learnedPE_drop,1,6,80.30825792359315
learnedPE_drop,1,6,69.81460617068646
learnedPE_drop,1,6,79.62501176275234
learnedPE_drop,1,6,86.69891342440069
learnedPE_drop,1,6,79.64079673851998
learnedPE_drop,1,6,85.13419705868857
learnedPE_drop,1,6,87.24419811315023
learnedPE_drop,1,6,81.36556881818592
learnedPE_drop,1,6,85.08054299510401
learnedPE_drop,1,6,84.78129506790228
learnedPE_drop,1,6,70.80091334066749
learnedPE_drop,1,6,76.35929699849748
learnedPE_drop,1,6,85.87592706185299
learnedPE_drop,1,6,65.68896855140582
learnedPE_drop,1,6,64.98578458073095
learnedPE_drop,1,6,80.60349189010478
learnedPE_drop,1,6,71.22914319961453
learnedPE_drop,1,6,80.66360344387415
learnedPE_drop,1,6,80.34843789798938
learnedPE_drop,1,6,77.08495773076064
learnedPE_drop,1,6,74.73779525568372
learnedPE_drop,1,6,61.31476303032615
learnedPE_drop,1,6,72.29999510571884
learnedPE_drop,1,6,69.05044735262831
learnedPE_drop,1,6,77.06476000559708
learnedPE_drop,1,6,79.91974463729244
learnedPE_drop,1,6,81.24334915481613
learnedPE_drop,1,6,80.29891357151557
learnedPE_drop,1,6,80.98096128025192
learnedPE_drop,1,6,76.02256274432793
learnedPE_drop,1,6,75.8772408885091
learnedPE_drop,1,6,76.11651117473383
learnedPE_drop,1,6,87.1489451207518
learnedPE_drop,1,6,67.33632009809365
learnedPE_drop,1,6,71.42693093473731
learnedPE_drop,1,6,79.04477714233845
learnedPE_drop,1,6,74.44836066338036
learnedPE_drop,1,6,82.13926521093923
learnedPE_drop,1,6,85.51969244120245
learnedPE_drop,1,6,82.43070031692754
learnedPE_drop,1,6,70.13271347690298
learnedPE_drop,1,6,77.91065178518338
learnedPE_drop,1,6,81.68386995002659
learnedPE_drop,1,6,65.46800840147706
learnedPE_drop,1,6,72.54959529468154
learnedPE_drop,1,6,79.66258451040424
learnedPE_drop,1,6,79.55086343304914
learnedPE_drop,1,6,86.08787342345636
learnedPE_drop,1,6,82.28096523507396
learnedPE_drop,1,6,79.418187167389
learnedPE_drop,1,6,48.91264655181662
learnedPE_drop,1,6,70.09373895177795
learnedPE_drop,1,6,74.64560935304576
learnedPE_drop,1,6,42.88149380766655
learnedPE_drop,1,6,55.112670022161815
learnedPE_drop,1,6,53.880199957012834
learnedPE_drop,1,6,45.72372366589667
learnedPE_drop,1,6,54.70754394232982
learnedPE_drop,1,6,53.07023386030427
learnedPE_drop,1,6,52.091757449501586
learnedPE_drop,1,6,56.568494410623885
learnedPE_drop,1,6,57.758693612538345
learnedPE_drop,1,6,54.044828414314026
learnedPE_drop,1,6,50.240055490953075
learnedPE_drop,1,6,60.043719057916725
learnedPE_drop,1,6,81.60076244618037
learnedPE_drop,1,6,82.17901193149495
learnedPE_drop,1,6,86.45535482003986
learnedPE_drop,1,6,80.13509687807863
learnedPE_drop,1,6,82.84226473759733
learnedPE_drop,1,6,87.45218349782496
learnedPE_drop,1,6,82.4202602706412
learnedPE_drop,1,6,83.91451960214378
learnedPE_drop,1,6,81.34741983314895
learnedPE_drop,1,6,83.41016592493479
learnedPE_drop,1,6,83.96459873721653
learnedPE_drop,1,6,86.36655370922333
learnedPE_drop,1,6,90.38546991503715
learnedPE_drop,1,6,79.93732456019153
learnedPE_drop,1,6,83.30350277028117
learnedPE_drop,1,6,90.65313731715166
learnedPE_drop,1,6,83.98919660367581
learnedPE_drop,1,6,87.74066836820664
learnedPE_drop,1,6,87.4249881016164
learnedPE_drop,1,6,84.83493501930862
learnedPE_drop,1,6,72.91642686295255
learnedPE_drop,1,6,81.94751510377434
learnedPE_drop,1,6,86.07375342817615
learnedPE_drop,1,6,71.17610530280847
learnedPE_drop,1,6,78.40707481973016
learnedPE_drop,1,6,77.6147602232915
learnedPE_drop,1,6,83.64383416300012
learnedPE_drop,1,6,88.41726967604494
learnedPE_drop,1,6,78.04656522766851
learnedPE_drop,1,6,76.9771545980745
learnedPE_drop,1,6,89.6491597472737
learnedPE_drop,1,6,81.53391470473895
learnedPE_drop,1,6,85.6724590415417
learnedPE_drop,1,6,85.81810059514552
learnedPE_drop,1,6,84.16927763778477
learnedPE_drop,1,6,75.04752607959036
learnedPE_drop,1,6,83.58456759176774
learnedPE_drop,1,6,85.06171277278428
learnedPE_drop,1,6,73.6258962378402
learnedPE_drop,1,6,78.88160178742541
learnedPE_drop,1,6,71.97534882539945
learnedPE_drop,1,6,77.8980981503641
learnedPE_drop,1,6,83.86678693103478
learnedPE_drop,1,6,72.18088578014657
learnedPE_drop,1,6,80.57983954648445
learnedPE_drop,1,6,28.642941524284826
learnedPE_drop,1,6,29.15372597943831
learnedPE_drop,1,6,27.794183083466777
learnedPE_drop,1,6,30.866088285558774
learnedPE_drop,1,6,28.140752088461845
learnedPE_drop,1,6,32.14922751470341
learnedPE_drop,1,6,36.57273454392431
learnedPE_drop,1,6,31.492263926730597
learnedPE_drop,1,6,32.61362283807346
learnedPE_drop,1,6,26.66047028625463
learnedPE_drop,1,6,29.87494844752835
learnedPE_drop,1,6,83.82603772975845
learnedPE_drop,1,6,85.20107283048603
learnedPE_drop,1,6,86.60608299560808
learnedPE_drop,1,6,80.85763558799223
learnedPE_drop,1,6,81.89011931530057
learnedPE_drop,1,6,83.16338183211698
learnedPE_drop,1,6,84.10294558949114
learnedPE_drop,1,6,86.04997845999148
learnedPE_drop,1,6,82.5690560080691
learnedPE_drop,1,6,83.5852416600916
learnedPE_drop,1,6,85.9732966043115
learnedPE_drop,1,6,88.76061863600218
learnedPE_drop,1,6,89.62101817542016
learnedPE_drop,1,6,84.3604032406744
learnedPE_drop,1,6,80.64496094898817
learnedPE_drop,1,6,87.65302793524437
learnedPE_drop,1,6,84.16499693271166
learnedPE_drop,1,6,86.56916465559557
learnedPE_drop,1,6,87.84898971014785
learnedPE_drop,1,6,85.12120415303428
learnedPE_drop,1,6,75.99773216390192
learnedPE_drop,1,6,78.40830307022361
learnedPE_drop,1,6,86.08489616587217
learnedPE_drop,1,6,66.5148592947452
learnedPE_drop,1,6,73.98669030514495
learnedPE_drop,1,6,82.45241245117221
learnedPE_drop,1,6,87.5251180794468
learnedPE_drop,1,6,87.22838861375763
learnedPE_drop,1,6,81.88147867390867
learnedPE_drop,1,6,76.65446114775479
learnedPE_drop,1,6,87.06819954921792
learnedPE_drop,1,6,83.62903556216787
learnedPE_drop,1,6,86.69753933051571
learnedPE_drop,1,6,87.03506073234905
learnedPE_drop,1,6,85.81155386251628
learnedPE_drop,1,6,79.37035651411163
learnedPE_drop,1,6,79.68136869571252
learnedPE_drop,1,6,87.50317351334768
learnedPE_drop,1,6,64.42415352790746
learnedPE_drop,1,6,80.10637718823106
learnedPE_drop,1,6,77.02943541023399
learnedPE_drop,1,6,78.95989257431873
learnedPE_drop,1,6,86.47840609204287
learnedPE_drop,1,6,70.34851884911333
learnedPE_drop,1,6,74.16004862681807
learnedPE_drop,1,6,37.03400385331225
learnedPE_drop,1,6,67.61975835750084
learnedPE_drop,1,6,75.54614796734933
learnedPE_drop,1,6,70.81189627641994
learnedPE_drop,1,6,67.85320055433452
learnedPE_drop,1,6,61.1490771812085
learnedPE_drop,1,6,75.43244140440079
learnedPE_drop,1,6,69.70273288262143
learnedPE_drop,1,6,67.32053663372213
learnedPE_drop,1,6,69.25167999048631
learnedPE_drop,1,6,68.66905499266484
learnedPE_drop,1,6,81.02168544181062
learnedPE_drop,1,6,84.66606016338326
learnedPE_drop,1,6,84.6581701285279
learnedPE_drop,1,6,73.15897102328906
learnedPE_drop,1,6,76.75292991964213
learnedPE_drop,1,6,81.00502535673671
learnedPE_drop,1,6,86.3208231037855
learnedPE_drop,1,6,88.91711036220396
learnedPE_drop,1,6,77.90157721562065
learnedPE_drop,1,6,78.5821057258257
learnedPE_drop,1,6,49.464064994329014
learnedPE_drop,1,6,76.69541024105222
learnedPE_drop,1,6,80.19772928999906
learnedPE_drop,1,6,86.70263584594511
learnedPE_drop,1,6,74.82439495249731
learnedPE_drop,1,6,81.30247438423844
learnedPE_drop,1,6,50.88237771481445
learnedPE_drop,1,6,44.012175954607535
wavePE_drop,1,0,94.27984937920058
wavePE_drop,1,1,93.18146712326588
wavePE_drop,1,1,93.15420918417776
wavePE_drop,1,1,93.54178046249174
wavePE_drop,1,1,93.61039666554363
wavePE_drop,1,1,93.68593204076757
wavePE_drop,1,1,94.11383189307764
wavePE_drop,1,1,94.19543913789823
wavePE_drop,1,1,93.8881797065932
wavePE_drop,1,1,93.71689281469541
wavePE_drop,1,1,94.3306847301764
wavePE_drop,1,2,88.41288660902188
wavePE_drop,1,2,91.7210251401495
wavePE_drop,1,2,92.39723023087925
wavePE_drop,1,2,92.36560113696424
wavePE_drop,1,2,93.23346652189764
wavePE_drop,1,2,93.0691623472593
wavePE_drop,1,2,92.10526957402617
wavePE_drop,1,2,92.89534448092728
wavePE_drop,1,2,93.19805951775186
wavePE_drop,1,2,92.3211349489699
wavePE_drop,1,2,92.64813886305893
wavePE_drop,1,2,92.27710021745621
wavePE_drop,1,2,92.2383101208217
wavePE_drop,1,2,92.68267192104005
wavePE_drop,1,2,92.63798389267167
wavePE_drop,1,2,92.1875111556681
wavePE_drop,1,2,92.81047490975489
wavePE_drop,1,2,91.3707998773848
wavePE_drop,1,2,91.97889442461602
wavePE_drop,1,2,93.05962952142922
wavePE_drop,1,2,93.27611627484154
wavePE_drop,1,2,92.80823687075457
wavePE_drop,1,2,93.26230301703748
wavePE_drop,1,2,93.5684368971647
wavePE_drop,1,2,91.94997637797096
wavePE_drop,1,2,93.14690698320999
wavePE_drop,1,2,93.59152802495048
wavePE_drop,1,2,92.63684044293812
wavePE_drop,1,2,93.23591693720525
wavePE_drop,1,2,93.73589199244081
wavePE_drop,1,2,92.71107417784974
wavePE_drop,1,2,93.28162768964106
wavePE_drop,1,2,93.11103721121412
wavePE_drop,1,2,92.90447736930204
wavePE_drop,1,2,93.52833738424609
wavePE_drop,1,2,93.61408491905853
wavePE_drop,1,2,92.31773640548555
wavePE_drop,1,2,93.55440114707984
wavePE_drop,1,2,94.0094719045943
wavePE_drop,1,2,93.73276466894546
wavePE_drop,1,2,93.12647912322862
wavePE_drop,1,2,94.36470311535344
wavePE_drop,1,2,93.34168336753392
wavePE_drop,1,2,93.1948636058589
wavePE_drop,1,2,92.94060379361323
wavePE_drop,1,3,85.46074841046602
wavePE_drop,1,3,86.12164652128043
wavePE_drop,1,3,86.13871949262402
wavePE_drop,1,3,84.39423249982589
wavePE_drop,1,3,85.80690593122848
wavePE_drop,1,3,86.40657973121925
wavePE_drop,1,3,88.24508501034543
wavePE_drop,1,3,88.40716337249305
wavePE_drop,1,3,89.29239120570462
wavePE_drop,1,3,89.35967591277989
wavePE_drop,1,3,91.1754121026639
wavePE_drop,1,3,91.37654105029709
wavePE_drop,1,3,89.24803074592296
wavePE_drop,1,3,91.36625726274525
wavePE_drop,1,3,91.49261019506103
wavePE_drop,1,3,90.20462711153966
wavePE_drop,1,3,91.8634390393684
wavePE_drop,1,3,92.32400534081037
wavePE_drop,1,3,88.37929345782804
wavePE_drop,1,3,91.88693318139399
wavePE_drop,1,3,92.35986471581204
wavePE_drop,1,3,91.25301843464835
wavePE_drop,1,3,91.77787236526405
wavePE_drop,1,3,90.15904867864161
wavePE_drop,1,3,91.50225441909905
wavePE_drop,1,3,91.82787090467237
wavePE_drop,1,3,92.48665449944558
wavePE_drop,1,3,89.35784991096585
wavePE_drop,1,3,91.68357965331718
wavePE_drop,1,3,92.22123289387926
wavePE_drop,1,3,91.90332530300543
wavePE_drop,1,3,91.05252616242659
wavePE_drop,1,3,92.73808652043174
wavePE_drop,1,3,90.4748626657325
wavePE_drop,1,3,91.22697437197331
wavePE_drop,1,3,91.69877236335837
wavePE_drop,1,3,86.88825443051766
wavePE_drop,1,3,90.57870499031073
wavePE_drop,1,3,91.28655023899023
wavePE_drop,1,3,91.85410064982496
wavePE_drop,1,3,91.34938564298729
wavePE_drop,1,3,91.40444961354294
wavePE_drop,1,3,92.22201200592008
wavePE_drop,1,3,89.80146473396712
wavePE_drop,1,3,91.34474296272717
wavePE_drop,1,3,92.30139855427339
wavePE_drop,1,3,91.33397126904936
wavePE_drop,1,3,91.30021552726554
wavePE_drop,1,3,92.50960921460818
wavePE_drop,1,3,90.30193945798798
wavePE_drop,1,3,91.70326812980353
wavePE_drop,1,3,91.45970955815955
wavePE_drop,1,3,91.24119487953158
wavePE_drop,1,3,92.01013756198157
wavePE_drop,1,3,91.39363844447807
wavePE_drop,1,3,90.0167270666651
wavePE_drop,1,3,90.9911975596392
wavePE_drop,1,3,91.76679429232723
wavePE_drop,1,3,91.93689212949081
wavePE_drop,1,3,91.15587440882351
wavePE_drop,1,3,92.31132834291445
wavePE_drop,1,3,90.2418540910938
wavePE_drop,1,3,91.85063791540759
wavePE_drop,1,3,91.11711521342207
wavePE_drop,1,3,82.93243933480635
wavePE_drop,1,3,90.7237890311585
wavePE_drop,1,3,91.36744305704403
wavePE_drop,1,3,88.45187495383995
wavePE_drop,1,3,91.04170244790151
wavePE_drop,1,3,91.5669651102151
wavePE_drop,1,3,90.9674224097413
wavePE_drop,1,3,91.14618719867792
wavePE_drop,1,3,90.55652513125945
wavePE_drop,1,3,91.47860288914809
wavePE_drop,1,3,91.64723162791644
wavePE_drop,1,3,92.50722562595534
wavePE_drop,1,3,91.08965709768609
wavePE_drop,1,3,92.86226457464569
wavePE_drop,1,3,92.85342399661441
wavePE_drop,1,3,92.15031873697063
wavePE_drop,1,3,92.54982250153671
wavePE_drop,1,3,93.19768929699417
wavePE_drop,1,3,92.46901186334459
wavePE_drop,1,3,92.34923493965483
wavePE_drop,1,3,92.36620040255602
wavePE_drop,1,3,89.3066217346417
wavePE_drop,1,3,92.12855366971908
wavePE_drop,1,3,88.8088459682749
wavePE_drop,1,3,91.3660785528026
wavePE_drop,1,3,91.73920697865502
wavePE_drop,1,3,92.79516128817542
wavePE_drop,1,3,90.89505934435445
wavePE_drop,1,3,92.54324897864062
wavePE_drop,1,3,93.04937620519603
wavePE_drop,1,3,92.44559309281885
wavePE_drop,1,3,92.3756542410342
wavePE_drop,1,3,93.7758333637728
wavePE_drop,1,3,91.72187973427583
wavePE_drop,1,3,92.25267604897411
wavePE_drop,1,3,92.29217753542358
wavePE_drop,1,3,91.64478802814311
wavePE_drop,1,3,89.82507268411858
wavePE_drop,1,3,92.1693558806285
wavePE_drop,1,3,92.31074164182101
wavePE_drop,1,3,92.85606049606884
wavePE_drop,1,3,92.27706851901387
wavePE_drop,1,3,92.86651966239839
wavePE_drop,1,3,91.93645685746172
wavePE_drop,1,3,92.3136954073406
wavePE_drop,1,3,91.56167314643312
wavePE_drop,1,3,90.85091026359225
wavePE_drop,1,3,90.57171885198308
wavePE_drop,1,3,93.32465195007642
wavePE_drop,1,3,91.2401483237979
wavePE_drop,1,3,90.80190158226196
wavePE_drop,1,3,92.52197059634923
wavePE_drop,1,3,90.5285793079314
wavePE_drop,1,3,92.99864938542012
wavePE_drop,1,3,91.77112561353289
wavePE_drop,1,3,88.27474521717278
wavePE_drop,1,4,59.797048014873134
wavePE_drop,1,4,82.96569375726119
wavePE_drop,1,4,76.83447966594011
wavePE_drop,1,4,78.97169998077095
wavePE_drop,1,4,82.48388864820771
wavePE_drop,1,4,85.49304016252435
wavePE_drop,1,4,84.72643092392944
wavePE_drop,1,4,80.24230965237507
wavePE_drop,1,4,80.02298037555882
wavePE_drop,1,4,84.47613817242605
wavePE_drop,1,4,81.29548304918548
wavePE_drop,1,4,86.58239294155898
wavePE_drop,1,4,86.16714600504241
wavePE_drop,1,4,74.03398607504414
wavePE_drop,1,4,83.62817653612029
wavePE_drop,1,4,83.15153145684646
wavePE_drop,1,4,86.29391184093826
wavePE_drop,1,4,85.06682879056632
wavePE_drop,1,4,78.31751116073856
wavePE_drop,1,4,79.91997011911425
wavePE_drop,1,4,82.8772874052903
wavePE_drop,1,4,84.34655853461868
wavePE_drop,1,4,81.58602136086273
wavePE_drop,1,4,85.26784075429764
wavePE_drop,1,4,85.58472004648978
wavePE_drop,1,4,84.32879937061382
wavePE_drop,1,4,81.9971229466933
wavePE_drop,1,4,86.07474818972862
wavePE_drop,1,4,64.41510778393199
wavePE_drop,1,4,87.3335470865648
wavePE_drop,1,4,89.13773131826899
wavePE_drop,1,4,82.28848126012893
wavePE_drop,1,4,88.0106016155513
wavePE_drop,1,4,89.3842209310817
wavePE_drop,1,4,88.06491547165872
wavePE_drop,1,4,88.970337578431
wavePE_drop,1,4,85.90596682239229
wavePE_drop,1,4,88.44641645431987
wavePE_drop,1,4,88.66591579784574
wavePE_drop,1,4,88.9376155462504
wavePE_drop,1,4,85.67236660380063
wavePE_drop,1,4,89.9497685958829
wavePE_drop,1,4,91.06435509442122
wavePE_drop,1,4,88.67439008127616
wavePE_drop,1,4,89.44433752703151
wavePE_drop,1,4,90.85527459508992
wavePE_drop,1,4,88.14527067303426
wavePE_drop,1,4,88.88409524488283
wavePE_drop,1,4,90.22701636791281
wavePE_drop,1,4,86.90043554402796
wavePE_drop,1,4,90.39415886742263
wavePE_drop,1,4,83.8841734683827
wavePE_drop,1,4,88.54646315296864
wavePE_drop,1,4,88.293900793714
wavePE_drop,1,4,90.76550493915721
wavePE_drop,1,4,84.27792292489447
wavePE_drop,1,4,89.99553106053598
wavePE_drop,1,4,91.98819230033479
wavePE_drop,1,4,89.64630488410243
wavePE_drop,1,4,90.40084191418924
wavePE_drop,1,4,92.3267282718014
wavePE_drop,1,4,88.16743535278452
wavePE_drop,1,4,89.34087337564466
wavePE_drop,1,4,91.139518109638
wavePE_drop,1,4,89.46873322711475
wavePE_drop,1,4,84.25553378377613
wavePE_drop,1,4,88.2915010825795
wavePE_drop,1,4,90.17526331764405
wavePE_drop,1,4,90.4216751396045
wavePE_drop,1,4,89.4948420654182
wavePE_drop,1,4,90.5748747796624
wavePE_drop,1,4,89.25857780854204
wavePE_drop,1,4,89.33128535954017
wavePE_drop,1,4,89.99561047273033
wavePE_drop,1,4,89.54692875783219
wavePE_drop,1,4,86.46419971164066
wavePE_drop,1,4,91.69398120517593
wavePE_drop,1,4,88.53361017895396
wavePE_drop,1,4,87.78568725927876
wavePE_drop,1,4,90.39991152345652
wavePE_drop,1,4,86.57527112235715
wavePE_drop,1,4,89.32712380763672
wavePE_drop,1,4,89.02909075287846
wavePE_drop,1,4,80.84962343111877
wavePE_drop,1,4,38.24608622058741
wavePE_drop,1,4,85.48586676208254
wavePE_drop,1,4,86.45481451480563
wavePE_drop,1,4,84.00573043365715
wavePE_drop,1,4,85.71192210326022
wavePE_drop,1,4,87.06269911318549
wavePE_drop,1,4,89.37557765244853
wavePE_drop,1,4,89.92545207003268
wavePE_drop,1,4,88.37088187636964
wavePE_drop,1,4,89.43581748128096
wavePE_drop,1,4,90.31700219118053
wavePE_drop,1,4,89.80147778747005
wavePE_drop,1,4,88.91150193576122
wavePE_drop,1,4,89.98060246985105
wavePE_drop,1,4,90.75001395537348
wavePE_drop,1,4,90.26267272240305
wavePE_drop,1,4,90.3958726845996
wavePE_drop,1,4,91.10568870913941
wavePE_drop,1,4,89.09503791556216
wavePE_drop,1,4,90.51896891237502
wavePE_drop,1,4,90.8562432828509
wavePE_drop,1,4,86.05791531766414
wavePE_drop,1,4,89.95411917494951
wavePE_drop,1,4,88.22832140780719
wavePE_drop,1,4,88.85453931789016
wavePE_drop,1,4,89.91861335182305
wavePE_drop,1,4,90.80415512938765
wavePE_drop,1,4,87.01663016382417
wavePE_drop,1,4,89.48155258189904
wavePE_drop,1,4,91.33421064838868
wavePE_drop,1,4,91.13092181561167
wavePE_drop,1,4,89.93417830198275
wavePE_drop,1,4,92.16709520857123
wavePE_drop,1,4,88.858118795561
wavePE_drop,1,4,91.25844113368125
wavePE_drop,1,4,90.97016962155983
wavePE_drop,1,4,86.3961400912583
wavePE_drop,1,4,87.71903252317475
wavePE_drop,1,4,89.9005790373158
wavePE_drop,1,4,90.05785261451952
wavePE_drop,1,4,91.03525753712577
wavePE_drop,1,4,89.99936432591997
wavePE_drop,1,4,91.04660400226136
wavePE_drop,1,4,88.93655891295296
wavePE_drop,1,4,90.80907148407032
wavePE_drop,1,4,89.88820626933625
wavePE_drop,1,4,88.03206203246697
wavePE_drop,1,4,84.49925518630937
wavePE_drop,1,4,91.1690985366404
wavePE_drop,1,4,87.43242788042586
wavePE_drop,1,4,88.22931585899558
wavePE_drop,1,4,89.8863991783309
wavePE_drop,1,4,85.70015750416586
wavePE_drop,1,4,90.95205533602055
wavePE_drop,1,4,89.2728341992913
wavePE_drop,1,4,78.62425893051036
wavePE_drop,1,4,71.83889898943593
wavePE_drop,1,4,79.16563105089193
wavePE_drop,1,4,76.77893628411722
wavePE_drop,1,4,85.39445119181507
wavePE_drop,1,4,79.81516110637924
wavePE_drop,1,4,88.5022551702163
wavePE_drop,1,4,86.5161826609844
wavePE_drop,1,4,90.43578546253141
wavePE_drop,1,4,90.68016487087444
wavePE_drop,1,4,88.57223891977407
wavePE_drop,1,4,90.53965548353446
wavePE_drop,1,4,91.39369659638037
wavePE_drop,1,4,88.84601931438702
wavePE_drop,1,4,88.81779513454269
wavePE_drop,1,4,89.99349067068232
wavePE_drop,1,4,89.10542642290251
wavePE_drop,1,4,87.19978166129725
wavePE_drop,1,4,90.51399108919978
wavePE_drop,1,4,90.57523326424494
wavePE_drop,1,4,89.80857608720096
wavePE_drop,1,4,90.50002208581165
wavePE_drop,1,4,90.80159025323628
wavePE_drop,1,4,89.99776334925924
wavePE_drop,1,4,89.96303151956911
wavePE_drop,1,4,90.4262035982791
wavePE_drop,1,4,89.25460755738435
wavePE_drop,1,4,89.91404489285702
wavePE_drop,1,4,92.15987134757745
wavePE_drop,1,4,90.57859157891241
wavePE_drop,1,4,90.1232680997155
wavePE_drop,1,4,91.8191755196619
wavePE_drop,1,4,89.91399506244753
wavePE_drop,1,4,91.9818554363845
wavePE_drop,1,4,91.74001174595381
wavePE_drop,1,4,84.54293937690413
wavePE_drop,1,4,88.919140232106
wavePE_drop,1,4,84.22316460759065
wavePE_drop,1,4,89.11944435939081
wavePE_drop,1,4,89.40890504197878
wavePE_drop,1,4,89.24124329219943
wavePE_drop,1,4,90.540902064726
wavePE_drop,1,4,91.79575918861114
wavePE_drop,1,4,86.16480814318945
wavePE_drop,1,4,89.36583483727718
wavePE_drop,1,4,89.99922537797926
wavePE_drop,1,4,89.48334484793803
wavePE_drop,1,4,89.84196183042457
wavePE_drop,1,4,92.88003112354117
wavePE_drop,1,4,88.4951200256996
wavePE_drop,1,4,89.96439350919533
wavePE_drop,1,4,91.19505503283307
wavePE_drop,1,4,89.51980245279283
wavePE_drop,1,4,92.1087657687632
wavePE_drop,1,4,91.42262592202611
wavePE_drop,1,4,88.6455867208468
wavePE_drop,1,4,88.38703452406716
wavePE_drop,1,4,88.53467377692348
wavePE_drop,1,4,91.19247786166073
wavePE_drop,1,4,87.72305710049605
wavePE_drop,1,4,89.09110032321938
wavePE_drop,1,4,90.61007840494875
wavePE_drop,1,4,88.80252855268941
wavePE_drop,1,4,90.22953731792866
wavePE_drop,1,4,89.73858419053359
wavePE_drop,1,4,87.18078989929884
wavePE_drop,1,4,78.55898474283383
wavePE_drop,1,4,89.26312842527582
wavePE_drop,1,4,88.3307145021817
wavePE_drop,1,4,71.71137966516672
wavePE_drop,1,4,80.8274742936737
wavePE_drop,1,5,18.050138214945207
wavePE_drop,1,5,51.94275041885534
wavePE_drop,1,5,60.887916278281814
wavePE_drop,1,5,53.492243967244434
wavePE_drop,1,5,60.13280022109577
wavePE_drop,1,5,58.52177557067103
wavePE_drop,1,5,67.51058536838474
wavePE_drop,1,5,76.3637135702547
wavePE_drop,1,5,78.90780586853269
wavePE_drop,1,5,81.41190728579535
wavePE_drop,1,5,81.66431046869384
wavePE_drop,1,5,64.9917242221384
wavePE_drop,1,5,71.39387948496747
wavePE_drop,1,5,76.54010329530526
wavePE_drop,1,5,77.02207063732764
wavePE_drop,1,5,75.24766810252945
wavePE_drop,1,5,79.33542535702223
wavePE_drop,1,5,78.26744321403355
wavePE_drop,1,5,78.71152411978873
wavePE_drop,1,5,75.52097126349236
wavePE_drop,1,5,82.42134981001637
wavePE_drop,1,5,63.80307383628858
wavePE_drop,1,5,78.51739660801562
wavePE_drop,1,5,73.12353878566836
wavePE_drop,1,5,80.7298250610582
wavePE_drop,1,5,76.42415477369985
wavePE_drop,1,5,75.70194861835373
wavePE_drop,1,5,69.262953718495
wavePE_drop,1,5,79.58212839706238
wavePE_drop,1,5,81.41848398569816
wavePE_drop,1,5,76.52908952057935
wavePE_drop,1,5,83.07796885334369
wavePE_drop,1,5,84.08437735395576
wavePE_drop,1,5,79.51452756978148
wavePE_drop,1,5,79.52682613420043
wavePE_drop,1,5,84.8752565703797
wavePE_drop,1,5,63.96610547543815
wavePE_drop,1,5,69.66219566773196
wavePE_drop,1,5,75.70105520360411
wavePE_drop,1,5,74.90177274697764
wavePE_drop,1,5,75.88620457167062
wavePE_drop,1,5,83.14174721192039
wavePE_drop,1,5,81.93925357836109
wavePE_drop,1,5,80.43617626453248
wavePE_drop,1,5,74.29360515791097
wavePE_drop,1,5,83.51624582393418
wavePE_drop,1,5,70.43216893348644
wavePE_drop,1,5,72.84128539737418
wavePE_drop,1,5,78.2739707471223
wavePE_drop,1,5,73.88882858095327
wavePE_drop,1,5,72.41841543059057
wavePE_drop,1,5,81.53776830289698
wavePE_drop,1,5,75.82554514973316
wavePE_drop,1,5,78.06442133988625
wavePE_drop,1,5,83.60867930465258
wavePE_drop,1,5,61.357231503506156
wavePE_drop,1,5,44.89270029605941
wavePE_drop,1,5,58.018956503556105
wavePE_drop,1,5,60.69966770496181
wavePE_drop,1,5,69.78445138908289
wavePE_drop,1,5,59.06497142999332
wavePE_drop,1,5,85.31616564801936
wavePE_drop,1,5,76.33206988500432
wavePE_drop,1,5,85.33251212399695
wavePE_drop,1,5,87.50056212697746
wavePE_drop,1,5,83.25380336658321
wavePE_drop,1,5,86.61161037611384
wavePE_drop,1,5,88.36175429506459
wavePE_drop,1,5,82.1775968982394
wavePE_drop,1,5,84.11397676893964
wavePE_drop,1,5,86.93065882668888
wavePE_drop,1,5,84.5635205671605
wavePE_drop,1,5,80.12907481795244
wavePE_drop,1,5,85.84000208154714
wavePE_drop,1,5,87.32000914519435
wavePE_drop,1,5,86.0639280408992
wavePE_drop,1,5,86.7437506249761
wavePE_drop,1,5,87.85561549488493
wavePE_drop,1,5,84.54510343539447
wavePE_drop,1,5,86.3376861794932
wavePE_drop,1,5,86.27890180916768
wavePE_drop,1,5,81.92688925016532
wavePE_drop,1,5,84.9147800990519
wavePE_drop,1,5,88.51142383392336
wavePE_drop,1,5,84.56174238919043
wavePE_drop,1,5,83.63301084145871
wavePE_drop,1,5,88.31933185545027
wavePE_drop,1,5,85.06017782376405
wavePE_drop,1,5,87.84398870057899
wavePE_drop,1,5,88.52173928193321
wavePE_drop,1,5,80.06474695474233
wavePE_drop,1,5,85.55141048271666
wavePE_drop,1,5,75.89477163820997
wavePE_drop,1,5,83.81507721748049
wavePE_drop,1,5,84.95045120138452
wavePE_drop,1,5,85.55502189777162
wavePE_drop,1,5,87.53674432853359
wavePE_drop,1,5,88.95960543287413
wavePE_drop,1,5,80.4350125890119
wavePE_drop,1,5,79.31418324922188
wavePE_drop,1,5,85.85879826356553
wavePE_drop,1,5,82.34296106462719
wavePE_drop,1,5,85.91550254743814
wavePE_drop,1,5,91.2324970157935
wavePE_drop,1,5,84.17658447611397
wavePE_drop,1,5,82.2904944952347
wavePE_drop,1,5,89.04395722353617
wavePE_drop,1,5,85.27461782652574
wavePE_drop,1,5,88.57359719445382
wavePE_drop,1,5,89.65017367340229
wavePE_drop,1,5,82.47023008303377
wavePE_drop,1,5,82.91694250515961
wavePE_drop,1,5,82.88321769012073
wavePE_drop,1,5,88.96087478581833
wavePE_drop,1,5,82.15125507026112
wavePE_drop,1,5,83.96836432773001
wavePE_drop,1,5,87.06934790104289
wavePE_drop,1,5,84.14097274652899
wavePE_drop,1,5,86.72788645518979
wavePE_drop,1,5,87.06244492744081
wavePE_drop,1,5,78.24522227832777
wavePE_drop,1,5,68.81308652872416
wavePE_drop,1,5,85.39117216552062
wavePE_drop,1,5,83.9717687382708
wavePE_drop,1,5,64.05619950650735
wavePE_drop,1,5,77.39834734983467
wavePE_drop,1,5,28.584855259346302
wavePE_drop,1,5,32.734122241056085
wavePE_drop,1,5,38.094774085008076
wavePE_drop,1,5,37.977890589316765
wavePE_drop,1,5,36.29555497835998
wavePE_drop,1,5,81.44722790423472
wavePE_drop,1,5,80.11434272477237
wavePE_drop,1,5,84.48218549822502
wavePE_drop,1,5,85.53053439923328
wavePE_drop,1,5,81.7483248742497
wavePE_drop,1,5,83.61757714251401
wavePE_drop,1,5,86.33656701378212
wavePE_drop,1,5,80.78632218196105
wavePE_drop,1,5,83.42195696438681
wavePE_drop,1,5,84.48780827997366
wavePE_drop,1,5,82.20549992681397
wavePE_drop,1,5,86.3971483174227
wavePE_drop,1,5,88.65227024102667
wavePE_drop,1,5,89.25825269206229
wavePE_drop,1,5,87.81072781386138
wavePE_drop,1,5,87.41264384704519
wavePE_drop,1,5,89.12979118905888
wavePE_drop,1,5,85.97066289245568
wavePE_drop,1,5,87.81956545476346
wavePE_drop,1,5,88.3284021140893
wavePE_drop,1,5,84.51225384504134
wavePE_drop,1,5,82.90730633841515
wavePE_drop,1,5,89.05682674297523
wavePE_drop,1,5,85.00227495256996
wavePE_drop,1,5,87.09202256773058
wavePE_drop,1,5,88.84730042227767
wavePE_drop,1,5,84.07042134677984
wavePE_drop,1,5,88.71886078039654
wavePE_drop,1,5,88.46519309688367
wavePE_drop,1,5,77.6720865687362
wavePE_drop,1,5,82.9130555749303
wavePE_drop,1,5,82.04270514640932
wavePE_drop,1,5,85.44340592113412
wavePE_drop,1,5,86.32942574300168
wavePE_drop,1,5,87.61104533930863
wavePE_drop,1,5,86.95152936115265
wavePE_drop,1,5,89.37994986393662
wavePE_drop,1,5,82.41912698494113
wavePE_drop,1,5,87.2882788267153
wavePE_drop,1,5,87.28178724625515
wavePE_drop,1,5,85.36142521688394
wavePE_drop,1,5,83.86415127753715
wavePE_drop,1,5,90.2717819824238
wavePE_drop,1,5,85.54505952896241
wavePE_drop,1,5,86.38103749010354
wavePE_drop,1,5,88.34902939394635
wavePE_drop,1,5,83.96857991735412
wavePE_drop,1,5,90.35649898717931
wavePE_drop,1,5,88.78328779802652
wavePE_drop,1,5,80.85210120656998
wavePE_drop,1,5,81.55811137639479
wavePE_drop,1,5,80.01799303547178
wavePE_drop,1,5,86.42594345827546
wavePE_drop,1,5,85.16361955550128
wavePE_drop,1,5,86.1264831808668
wavePE_drop,1,5,88.16262188408732
wavePE_drop,1,5,84.0238987499343
wavePE_drop,1,5,87.8381503109842
wavePE_drop,1,5,87.91406252865492
wavePE_drop,1,5,78.86034956093629
wavePE_drop,1,5,73.09614897936598
wavePE_drop,1,5,84.34475689616224
wavePE_drop,1,5,81.12879996025136
wavePE_drop,1,5,66.48614563942603
wavePE_drop,1,5,72.32245836560271
wavePE_drop,1,5,66.92495229547532
wavePE_drop,1,5,64.99498512093695
wavePE_drop,1,5,73.87460605591568
wavePE_drop,1,5,69.62988603561381
wavePE_drop,1,5,73.11580528069697
wavePE_drop,1,5,81.66583348105341
wavePE_drop,1,5,76.34951154408942
wavePE_drop,1,5,76.40609138628196
wavePE_drop,1,5,69.50545273787998
wavePE_drop,1,5,78.5700144786888
wavePE_drop,1,5,80.78519266591002
wavePE_drop,1,5,86.82328060899277
wavePE_drop,1,5,88.8669972742121
wavePE_drop,1,5,85.67888947584746
wavePE_drop,1,5,85.53567797235964
wavePE_drop,1,5,87.97607892084454
wavePE_drop,1,5,86.1155599436717
wavePE_drop,1,5,88.75994386834279
wavePE_drop,1,5,88.98032917787911
wavePE_drop,1,5,85.23800557798586
wavePE_drop,1,5,83.77551634789808
wavePE_drop,1,5,86.53805297089541
wavePE_drop,1,5,88.76470999093715
wavePE_drop,1,5,84.98397574647686
wavePE_drop,1,5,86.9868465742884
wavePE_drop,1,5,89.17296207585808
wavePE_drop,1,5,86.32850211460985
wavePE_drop,1,5,88.59899394186542
wavePE_drop,1,5,89.26951886811679
wavePE_drop,1,5,84.59364501375693
wavePE_drop,1,5,77.56326376834622
wavePE_drop,1,5,88.46876153129186
wavePE_drop,1,5,88.71377033467851
wavePE_drop,1,5,70.80068273767641
wavePE_drop,1,5,78.56008319972034
wavePE_drop,1,5,80.77233513797346
wavePE_drop,1,5,86.21746878484234
wavePE_drop,1,5,88.64712425549595
wavePE_drop,1,5,81.43419036197915
wavePE_drop,1,5,84.82938012130997
wavePE_drop,1,5,87.71276893717761
wavePE_drop,1,5,84.79890340522745
wavePE_drop,1,5,87.44090037663581
wavePE_drop,1,5,89.44008696235247
wavePE_drop,1,5,78.5282519279513
wavePE_drop,1,5,76.68901711729497
wavePE_drop,1,5,88.02927441276418
wavePE_drop,1,5,86.87516034587541
wavePE_drop,1,5,74.07828441234116
wavePE_drop,1,5,84.33889376949367
wavePE_drop,1,5,76.42797670382859
wavePE_drop,1,5,86.72681433087092
wavePE_drop,1,5,84.89276793554706
wavePE_drop,1,5,72.40991627524488
wavePE_drop,1,5,78.21247493219943
wavePE_drop,1,5,24.965574472730545
wavePE_drop,1,6,11.96536089555815
wavePE_drop,1,6,16.568932399523895
wavePE_drop,1,6,18.924879955496937
wavePE_drop,1,6,20.315709009310208
wavePE_drop,1,6,13.828644093675157
wavePE_drop,1,6,43.65004582885178
wavePE_drop,1,6,46.18720707625201
wavePE_drop,1,6,51.535718323389524
wavePE_drop,1,6,53.50953396830251
wavePE_drop,1,6,53.500238912901146
wavePE_drop,1,6,57.987858693848324
wavePE_drop,1,6,59.54857567558025
wavePE_drop,1,6,50.9650287347452
wavePE_drop,1,6,44.809584875808085
wavePE_drop,1,6,57.25084944484298
wavePE_drop,1,6,54.47214806672611
wavePE_drop,1,6,63.722062827888934
wavePE_drop,1,6,70.59604740787435
wavePE_drop,1,6,67.73433502901463
wavePE_drop,1,6,72.4359957166046
wavePE_drop,1,6,75.53417223882394
wavePE_drop,1,6,74.39154632607637
wavePE_drop,1,6,74.35660011710003
wavePE_drop,1,6,66.73908360495696
wavePE_drop,1,6,78.09106877730555
wavePE_drop,1,6,57.9313325940092
wavePE_drop,1,6,60.36954987413685
wavePE_drop,1,6,65.5258217323175
wavePE_drop,1,6,70.97819729686815
wavePE_drop,1,6,62.752777134594105
wavePE_drop,1,6,75.48534819068313
wavePE_drop,1,6,66.67180106596007
wavePE_drop,1,6,68.2353868791509
wavePE_drop,1,6,78.63292189595307
wavePE_drop,1,6,52.587828891299935
wavePE_drop,1,6,56.41535766013883
wavePE_drop,1,6,57.114825591812334
wavePE_drop,1,6,65.54597345032629
wavePE_drop,1,6,62.85437501518185
wavePE_drop,1,6,68.24736201298671
wavePE_drop,1,6,78.16192703766161
wavePE_drop,1,6,72.02321577485202
wavePE_drop,1,6,69.31529148780767
wavePE_drop,1,6,63.65138214407891
wavePE_drop,1,6,77.04885642131605
wavePE_drop,1,6,61.19305541881618
wavePE_drop,1,6,71.57425795072886
wavePE_drop,1,6,77.06401381006467
wavePE_drop,1,6,65.75250869143538
wavePE_drop,1,6,64.19326593231406
wavePE_drop,1,6,79.11764556952092
wavePE_drop,1,6,72.54694318005248
wavePE_drop,1,6,73.91996371694279
wavePE_drop,1,6,83.79745931841272
wavePE_drop,1,6,62.692374586750674
wavePE_drop,1,6,52.849545331724634
wavePE_drop,1,6,59.99474174136192
wavePE_drop,1,6,63.83387658070202
wavePE_drop,1,6,65.10383537310588
wavePE_drop,1,6,59.16704346972656
wavePE_drop,1,6,74.73989239512812
wavePE_drop,1,6,71.01334332028746
wavePE_drop,1,6,64.98816809992118
wavePE_drop,1,6,81.54684803005408
wavePE_drop,1,6,57.079024291365265
wavePE_drop,1,6,49.57981719375268
wavePE_drop,1,6,66.73488151778078
wavePE_drop,1,6,68.74774010181818
wavePE_drop,1,6,43.060245889558345
wavePE_drop,1,6,50.585047532474306
wavePE_drop,1,6,42.52438610118019
wavePE_drop,1,6,32.5064471877677
wavePE_drop,1,6,52.652714427368416
wavePE_drop,1,6,42.968693933665556
wavePE_drop,1,6,56.44274277909207
wavePE_drop,1,6,60.979663714254606
wavePE_drop,1,6,54.721380370618846
wavePE_drop,1,6,67.05475384209485
wavePE_drop,1,6,54.66478778486221
wavePE_drop,1,6,57.01427483868684
wavePE_drop,1,6,73.31937890814831
wavePE_drop,1,6,82.65671208592794
wavePE_drop,1,6,85.74595392237771
wavePE_drop,1,6,78.23853415955779
wavePE_drop,1,6,75.8768430432541
wavePE_drop,1,6,82.8595691679757
wavePE_drop,1,6,80.0227026078505
wavePE_drop,1,6,82.70307934155178
wavePE_drop,1,6,85.10225546860404
wavePE_drop,1,6,82.55417731182042
wavePE_drop,1,6,75.11619851986286
wavePE_drop,1,6,79.39168752604408
wavePE_drop,1,6,84.12375569487388
wavePE_drop,1,6,76.2086249774476
wavePE_drop,1,6,78.71844279297315
wavePE_drop,1,6,84.0125159617299
wavePE_drop,1,6,81.3279468983773
wavePE_drop,1,6,84.62662324433875
wavePE_drop,1,6,85.02618769529822
wavePE_drop,1,6,77.42675769729746
wavePE_drop,1,6,67.45309558362521
wavePE_drop,1,6,80.07965586442788
wavePE_drop,1,6,83.36811584444179
wavePE_drop,1,6,55.580184514632556
wavePE_drop,1,6,71.50892976640336
wavePE_drop,1,6,74.7009679284618
wavePE_drop,1,6,79.66836444611542
wavePE_drop,1,6,86.04738281622342
wavePE_drop,1,6,70.12175551943717
wavePE_drop,1,6,71.21180377934571
wavePE_drop,1,6,81.63706394847404
wavePE_drop,1,6,80.34023340849423
wavePE_drop,1,6,77.66463856606545
wavePE_drop,1,6,85.62237319943804
wavePE_drop,1,6,69.56143415591224
wavePE_drop,1,6,71.50335768581604
wavePE_drop,1,6,85.1996128833989
wavePE_drop,1,6,82.27463336727816
wavePE_drop,1,6,66.70653753287121
wavePE_drop,1,6,80.15740013036226
wavePE_drop,1,6,70.23128684038716
wavePE_drop,1,6,81.23227033462564
wavePE_drop,1,6,74.52709031659501
wavePE_drop,1,6,52.91621848878445
wavePE_drop,1,6,74.25364462387428
wavePE_drop,1,6,24.500623188078173
wavePE_drop,1,6,24.04824243546123
wavePE_drop,1,6,26.554768852908484
wavePE_drop,1,6,29.926636879566658
wavePE_drop,1,6,26.679977745045846
wavePE_drop,1,6,35.01600189330251
wavePE_drop,1,6,33.30751139637612
wavePE_drop,1,6,28.476214882919916
wavePE_drop,1,6,35.90584306505551
wavePE_drop,1,6,36.62778383580781
wavePE_drop,1,6,34.74645991942194
wavePE_drop,1,6,68.4150876626889
wavePE_drop,1,6,75.77395188311498
wavePE_drop,1,6,81.73540770970136
wavePE_drop,1,6,78.18685348391642
wavePE_drop,1,6,78.18321809756208
wavePE_drop,1,6,81.4715369459655
wavePE_drop,1,6,73.75865568706558
wavePE_drop,1,6,82.25904293010507
wavePE_drop,1,6,82.88838020456151
wavePE_drop,1,6,72.6403894847564
wavePE_drop,1,6,74.24294286890736
wavePE_drop,1,6,76.26413499470218
wavePE_drop,1,6,82.00536514162091
wavePE_drop,1,6,83.49297414330363
wavePE_drop,1,6,84.86946324138161
wavePE_drop,1,6,86.71160769899646
wavePE_drop,1,6,80.15714714439082
wavePE_drop,1,6,83.87595246118771
wavePE_drop,1,6,86.23519739297532
wavePE_drop,1,6,75.56267019849798
wavePE_drop,1,6,69.87643606863405
wavePE_drop,1,6,80.58885920861513
wavePE_drop,1,6,78.76441959229237
wavePE_drop,1,6,67.2940307891654
wavePE_drop,1,6,69.48759958209689
wavePE_drop,1,6,74.09588460823923
wavePE_drop,1,6,77.15700036242082
wavePE_drop,1,6,82.57529188494286
wavePE_drop,1,6,78.19418560117288
wavePE_drop,1,6,80.07128628222468
wavePE_drop,1,6,83.56103578502523
wavePE_drop,1,6,80.91875196348155
wavePE_drop,1,6,84.193577871621
wavePE_drop,1,6,85.37627065742974
wavePE_drop,1,6,69.32199949963965
wavePE_drop,1,6,73.4807811075765
wavePE_drop,1,6,82.74886108678918
wavePE_drop,1,6,79.72765977977741
wavePE_drop,1,6,68.73766981938299
wavePE_drop,1,6,74.14416239467432
wavePE_drop,1,6,67.5146241445065
wavePE_drop,1,6,76.62777017234043
wavePE_drop,1,6,77.2471319651702
wavePE_drop,1,6,63.66428418514513
wavePE_drop,1,6,71.00965677725584
wavePE_drop,1,6,22.507585092515342
wavePE_drop,1,6,53.41241244369881
wavePE_drop,1,6,68.43298899203462
wavePE_drop,1,6,65.00040933683711
wavePE_drop,1,6,59.9176969690222
wavePE_drop,1,6,59.29084860748187
wavePE_drop,1,6,67.10427597255571
wavePE_drop,1,6,74.25631720751068
wavePE_drop,1,6,66.6440530739735
wavePE_drop,1,6,74.9720478228904
wavePE_drop,1,6,58.43327248266383
wavePE_drop,1,6,71.58019744430715
wavePE_drop,1,6,80.7472901566255
wavePE_drop,1,6,83.84352033229534
wavePE_drop,1,6,69.83898578441361
wavePE_drop,1,6,81.27234322414394
wavePE_drop,1,6,69.24517768917386
wavePE_drop,1,6,83.89939256907492
wavePE_drop,1,6,84.94802150208199
wavePE_drop,1,6,68.38182422301855
wavePE_drop,1,6,77.09381789436574
wavePE_drop,1,6,24.082847016036517
wavePE_drop,1,6,71.30319042386022
wavePE_drop,1,6,79.20489279880512
wavePE_drop,1,6,83.95916218200838
wavePE_drop,1,6,66.90163796018392
wavePE_drop,1,6,76.55575304866011
wavePE_drop,1,6,23.572980865916964
wavePE_drop,1,6,26.185298132296914
learnedPE_nodrop,2,0,94.04505477988634
learnedPE_nodrop,2,1,75.86693275185785
learnedPE_nodrop,2,1,45.275221442508176
learnedPE_nodrop,2,1,87.42188546359968
learnedPE_nodrop,2,1,81.14630954366642
learnedPE_nodrop,2,1,71.29477198772523
learnedPE_nodrop,2,1,92.93348475522849
learnedPE_nodrop,2,1,87.52985594259954
learnedPE_nodrop,2,1,87.4541701534251
learnedPE_nodrop,2,1,94.11683646467446
learnedPE_nodrop,2,1,94.51949456186965
learnedPE_nodrop,2,2,33.16262921581073
learnedPE_nodrop,2,2,72.20993802517228
learnedPE_nodrop,2,2,66.93690340921117
learnedPE_nodrop,2,2,51.74969092688777
learnedPE_nodrop,2,2,72.9943140380267
learnedPE_nodrop,2,2,66.82547104565546
learnedPE_nodrop,2,2,75.70068192182264
learnedPE_nodrop,2,2,75.65894343157811
learnedPE_nodrop,2,2,75.6450878993884
learnedPE_nodrop,2,2,37.69446326092124
learnedPE_nodrop,2,2,39.32927648004309
learnedPE_nodrop,2,2,45.56795038232349
learnedPE_nodrop,2,2,40.3238016730884
learnedPE_nodrop,2,2,43.3036512877273
learnedPE_nodrop,2,2,44.32835515643218
learnedPE_nodrop,2,2,45.23236139707322
learnedPE_nodrop,2,2,42.73275588048231
learnedPE_nodrop,2,2,47.389977389612106
learnedPE_nodrop,2,2,57.23113754930594
learnedPE_nodrop,2,2,87.71776256324999
learnedPE_nodrop,2,2,84.74394934856868
learnedPE_nodrop,2,2,82.64670724606738
learnedPE_nodrop,2,2,89.12182620662549
learnedPE_nodrop,2,2,89.28367227483176
learnedPE_nodrop,2,2,48.722466119194586
learnedPE_nodrop,2,2,82.06919033600266
learnedPE_nodrop,2,2,74.99049900409386
learnedPE_nodrop,2,2,78.92943969713819
learnedPE_nodrop,2,2,81.88229668742298
learnedPE_nodrop,2,2,83.1847257215678
learnedPE_nodrop,2,2,69.76877496311909
learnedPE_nodrop,2,2,65.53648520187953
learnedPE_nodrop,2,2,67.5223733082176
learnedPE_nodrop,2,2,72.46155820432311
learnedPE_nodrop,2,2,72.02984839938105
learnedPE_nodrop,2,2,87.31869187061042
learnedPE_nodrop,2,2,88.55799145705525
learnedPE_nodrop,2,2,93.08676907819277
learnedPE_nodrop,2,2,93.54773453599704
learnedPE_nodrop,2,2,80.53726905527733
learnedPE_nodrop,2,2,86.02693733662122
learnedPE_nodrop,2,2,87.95435361119897
learnedPE_nodrop,2,2,84.84712168738042
learnedPE_nodrop,2,2,87.6596686982964
learnedPE_nodrop,2,2,94.02112934295765
learnedPE_nodrop,2,3,28.76095424877682
learnedPE_nodrop,2,3,22.532285922910216
learnedPE_nodrop,2,3,35.40409854910836
learnedPE_nodrop,2,3,27.23400811170486
learnedPE_nodrop,2,3,32.391865187853035
learnedPE_nodrop,2,3,27.866989871181747
learnedPE_nodrop,2,3,33.433431287282076
learnedPE_nodrop,2,3,29.050511352092308
learnedPE_nodrop,2,3,31.791802876597085
learnedPE_nodrop,2,3,44.24054405748237
learnedPE_nodrop,2,3,70.15291109206746
learnedPE_nodrop,2,3,67.12663084171231
learnedPE_nodrop,2,3,70.28976197264227
learnedPE_nodrop,2,3,72.22059588185519
learnedPE_nodrop,2,3,72.5039974379819
learnedPE_nodrop,2,3,42.14008976772033
learnedPE_nodrop,2,3,65.13923322079822
learnedPE_nodrop,2,3,58.48833416410935
learnedPE_nodrop,2,3,67.36666946995541
learnedPE_nodrop,2,3,65.85455208398349
learnedPE_nodrop,2,3,66.4221565791663
learnedPE_nodrop,2,3,51.8572287653573
learnedPE_nodrop,2,3,52.684441922735445
learnedPE_nodrop,2,3,52.07701138521076
learnedPE_nodrop,2,3,56.09275725156757
learnedPE_nodrop,2,3,52.82265950164396
learnedPE_nodrop,2,3,62.24534307248006
learnedPE_nodrop,2,3,65.87796638062046
learnedPE_nodrop,2,3,70.91764038783758
learnedPE_nodrop,2,3,72.26451413130073
learnedPE_nodrop,2,3,67.3839553295876
learnedPE_nodrop,2,3,65.0063613517231
learnedPE_nodrop,2,3,64.41232431696203
learnedPE_nodrop,2,3,75.66973179658669
learnedPE_nodrop,2,3,75.51457055186432
learnedPE_nodrop,2,3,74.39748864433531
learnedPE_nodrop,2,3,28.114955252283647
learnedPE_nodrop,2,3,40.876880588716595
learnedPE_nodrop,2,3,35.122860475776754
learnedPE_nodrop,2,3,36.61597836386413
learnedPE_nodrop,2,3,36.462029979919194
learnedPE_nodrop,2,3,39.17268206672012
learnedPE_nodrop,2,3,36.958910539106974
learnedPE_nodrop,2,3,37.32663384006175
learnedPE_nodrop,2,3,35.48865749643318
learnedPE_nodrop,2,3,39.9258449865694
learnedPE_nodrop,2,3,36.35499815269152
learnedPE_nodrop,2,3,38.95145723244006
learnedPE_nodrop,2,3,37.40060201149645
learnedPE_nodrop,2,3,42.81781967010802
learnedPE_nodrop,2,3,41.1019220051974
learnedPE_nodrop,2,3,44.01468352655994
learnedPE_nodrop,2,3,47.91751176213528
learnedPE_nodrop,2,3,46.75206571381454
learnedPE_nodrop,2,3,38.16141222136608
learnedPE_nodrop,2,3,33.62632230133159
learnedPE_nodrop,2,3,40.392625688770735
learnedPE_nodrop,2,3,37.22865189899386
learnedPE_nodrop,2,3,42.6496327394117
learnedPE_nodrop,2,3,40.946105349473974
learnedPE_nodrop,2,3,39.918316486913014
learnedPE_nodrop,2,3,43.84384772532899
learnedPE_nodrop,2,3,42.3127290881981
learnedPE_nodrop,2,3,40.040766430227514
learnedPE_nodrop,2,3,13.729140040074169
learnedPE_nodrop,2,3,48.22479900046192
learnedPE_nodrop,2,3,49.50237133190573
learnedPE_nodrop,2,3,45.3632635536275
learnedPE_nodrop,2,3,47.252483648672325
learnedPE_nodrop,2,3,46.400096925350724
learnedPE_nodrop,2,3,54.576472020586664
learnedPE_nodrop,2,3,57.682083883078164
learnedPE_nodrop,2,3,56.76752940018179
learnedPE_nodrop,2,3,59.242835843268814
learnedPE_nodrop,2,3,57.8474903695807
learnedPE_nodrop,2,3,85.51068052743611
learnedPE_nodrop,2,3,77.14553794382215
learnedPE_nodrop,2,3,89.0834581297016
learnedPE_nodrop,2,3,89.76464441287986
learnedPE_nodrop,2,3,77.84865170120997
learnedPE_nodrop,2,3,82.8593477710416
learnedPE_nodrop,2,3,85.88048277284916
learnedPE_nodrop,2,3,79.64370877244133
learnedPE_nodrop,2,3,80.38649663523702
learnedPE_nodrop,2,3,88.26988520275394
learnedPE_nodrop,2,3,49.834117343278905
learnedPE_nodrop,2,3,46.26679001353349
learnedPE_nodrop,2,3,48.09858031234882
learnedPE_nodrop,2,3,50.01067992886541
learnedPE_nodrop,2,3,48.17590821698297
learnedPE_nodrop,2,3,76.40205983057315
learnedPE_nodrop,2,3,76.41360789942885
learnedPE_nodrop,2,3,83.3606222445428
learnedPE_nodrop,2,3,84.43347883050467
learnedPE_nodrop,2,3,70.84652386624145
learnedPE_nodrop,2,3,73.46948648033973
learnedPE_nodrop,2,3,77.76510046482133
learnedPE_nodrop,2,3,75.28201164907196
learnedPE_nodrop,2,3,77.26941599080499
learnedPE_nodrop,2,3,83.0811763257812
learnedPE_nodrop,2,3,64.72826864283066
learnedPE_nodrop,2,3,65.82628524822525
learnedPE_nodrop,2,3,70.55872129118153
learnedPE_nodrop,2,3,70.34239827591185
learnedPE_nodrop,2,3,61.34899455539971
learnedPE_nodrop,2,3,64.67289825748269
learnedPE_nodrop,2,3,65.99835093453362
learnedPE_nodrop,2,3,65.06666440496296
learnedPE_nodrop,2,3,66.89450642687865
learnedPE_nodrop,2,3,73.10323700748054
learnedPE_nodrop,2,3,82.57986157760456
learnedPE_nodrop,2,3,85.99209503033498
learnedPE_nodrop,2,3,87.99819437746793
learnedPE_nodrop,2,3,84.4416514115971
learnedPE_nodrop,2,3,87.38731913237537
learnedPE_nodrop,2,3,93.29786250373543
learnedPE_nodrop,2,3,72.01732253480418
learnedPE_nodrop,2,3,79.69431916656127
learnedPE_nodrop,2,3,84.9497754763182
learnedPE_nodrop,2,3,76.38719436043704
learnedPE_nodrop,2,4,16.42231752965229
learnedPE_nodrop,2,4,29.178303094445752
learnedPE_nodrop,2,4,26.577533627745105
learnedPE_nodrop,2,4,30.658983239039138
learnedPE_nodrop,2,4,22.08949657928516
learnedPE_nodrop,2,4,29.739671570039437
learnedPE_nodrop,2,4,25.485959577222957
learnedPE_nodrop,2,4,30.20592710869166
learnedPE_nodrop,2,4,20.405173691678584
learnedPE_nodrop,2,4,23.290817282995786
learnedPE_nodrop,2,4,20.84541712068492
learnedPE_nodrop,2,4,23.81334176971574
learnedPE_nodrop,2,4,20.761940080312797
learnedPE_nodrop,2,4,29.120728617913805
learnedPE_nodrop,2,4,30.305872628782925
learnedPE_nodrop,2,4,30.536140346617703
learnedPE_nodrop,2,4,38.09166898986608
learnedPE_nodrop,2,4,34.341581128301556
learnedPE_nodrop,2,4,26.9609580454497
learnedPE_nodrop,2,4,19.07470137106329
learnedPE_nodrop,2,4,25.97390140989544
learnedPE_nodrop,2,4,23.73571548612569
learnedPE_nodrop,2,4,26.654101412797477
learnedPE_nodrop,2,4,31.76604996794235
learnedPE_nodrop,2,4,29.398575508510806
learnedPE_nodrop,2,4,27.32671184979669
learnedPE_nodrop,2,4,22.874970667979124
learnedPE_nodrop,2,4,26.270241522516645
learnedPE_nodrop,2,4,8.567686421404426
learnedPE_nodrop,2,4,30.978811766328985
learnedPE_nodrop,2,4,28.203379271906957
learnedPE_nodrop,2,4,31.456815083738764
learnedPE_nodrop,2,4,28.578962883547376
learnedPE_nodrop,2,4,30.99263207771289
learnedPE_nodrop,2,4,41.25772200477571
learnedPE_nodrop,2,4,45.20367545456674
learnedPE_nodrop,2,4,43.06645768768287
learnedPE_nodrop,2,4,47.283434348983924
learnedPE_nodrop,2,4,45.546233324102396
learnedPE_nodrop,2,4,60.37049954549373
learnedPE_nodrop,2,4,59.50503455103486
learnedPE_nodrop,2,4,68.66457782526287
learnedPE_nodrop,2,4,70.77947343324938
learnedPE_nodrop,2,4,63.62801226327453
learnedPE_nodrop,2,4,62.54455570658797
learnedPE_nodrop,2,4,64.74022758195396
learnedPE_nodrop,2,4,70.73507566881345
learnedPE_nodrop,2,4,69.58305215005693
learnedPE_nodrop,2,4,69.25593827155775
learnedPE_nodrop,2,4,41.13966880882402
learnedPE_nodrop,2,4,39.74947330096149
learnedPE_nodrop,2,4,40.49330270820637
learnedPE_nodrop,2,4,43.749279487216306
learnedPE_nodrop,2,4,43.74965086140231
learnedPE_nodrop,2,4,54.53890813960837
learnedPE_nodrop,2,4,58.50300264954223
learnedPE_nodrop,2,4,62.69780475170235
learnedPE_nodrop,2,4,66.12476343850508
learnedPE_nodrop,2,4,58.13547076968035
learnedPE_nodrop,2,4,55.14022329602836
learnedPE_nodrop,2,4,56.69327899557195
learnedPE_nodrop,2,4,67.4213450629494
learnedPE_nodrop,2,4,67.18855989057683
learnedPE_nodrop,2,4,59.32277639892845
learnedPE_nodrop,2,4,52.018516608512414
learnedPE_nodrop,2,4,51.493853667487976
learnedPE_nodrop,2,4,53.692801303023764
learnedPE_nodrop,2,4,51.64894672293258
learnedPE_nodrop,2,4,51.51644381241817
learnedPE_nodrop,2,4,55.32590587820741
learnedPE_nodrop,2,4,54.28415422211135
learnedPE_nodrop,2,4,53.794874481213405
learnedPE_nodrop,2,4,52.100847297658234
learnedPE_nodrop,2,4,56.924685615069514
learnedPE_nodrop,2,4,58.883925323961016
learnedPE_nodrop,2,4,60.84534418748642
learnedPE_nodrop,2,4,61.677600583654915
learnedPE_nodrop,2,4,64.56338609192898
learnedPE_nodrop,2,4,68.05325994842335
learnedPE_nodrop,2,4,68.80653811941062
learnedPE_nodrop,2,4,61.84318403701907
learnedPE_nodrop,2,4,68.06155784073033
learnedPE_nodrop,2,4,58.86424351835624
learnedPE_nodrop,2,4,72.13232236396195
learnedPE_nodrop,2,4,11.77902327142898
learnedPE_nodrop,2,4,27.430096800981353
learnedPE_nodrop,2,4,25.858717665159013
learnedPE_nodrop,2,4,27.91391943745739
learnedPE_nodrop,2,4,24.69741564276778
learnedPE_nodrop,2,4,22.828645597019197
learnedPE_nodrop,2,4,38.92045548593498
learnedPE_nodrop,2,4,36.35359151084697
learnedPE_nodrop,2,4,39.87470192216347
learnedPE_nodrop,2,4,42.44025957683052
learnedPE_nodrop,2,4,42.23232332382932
learnedPE_nodrop,2,4,35.37399260938149
learnedPE_nodrop,2,4,28.076360879189576
learnedPE_nodrop,2,4,37.278087768992876
learnedPE_nodrop,2,4,36.11587471963089
learnedPE_nodrop,2,4,35.87801994330172
learnedPE_nodrop,2,4,39.33494945150785
learnedPE_nodrop,2,4,38.82217710348746
learnedPE_nodrop,2,4,35.39379624920846
learnedPE_nodrop,2,4,33.8482915847278
learnedPE_nodrop,2,4,36.77945222056951
learnedPE_nodrop,2,4,35.37018920804418
learnedPE_nodrop,2,4,35.55048528110249
learnedPE_nodrop,2,4,35.865923038679746
learnedPE_nodrop,2,4,39.93159921978251
learnedPE_nodrop,2,4,39.65713847892178
learnedPE_nodrop,2,4,34.6446523859218
learnedPE_nodrop,2,4,25.133063898977483
learnedPE_nodrop,2,4,35.305874656872085
learnedPE_nodrop,2,4,33.352562425519125
learnedPE_nodrop,2,4,37.15998690014972
learnedPE_nodrop,2,4,38.3162667217272
learnedPE_nodrop,2,4,37.59612109296074
learnedPE_nodrop,2,4,35.980132056511614
learnedPE_nodrop,2,4,34.14200160709275
learnedPE_nodrop,2,4,36.075062100955826
learnedPE_nodrop,2,4,39.293557870191385
learnedPE_nodrop,2,4,39.22600112114693
learnedPE_nodrop,2,4,44.65794848298727
learnedPE_nodrop,2,4,43.215795371101045
learnedPE_nodrop,2,4,40.18818917141839
learnedPE_nodrop,2,4,41.13405126313565
learnedPE_nodrop,2,4,42.97913130968924
learnedPE_nodrop,2,4,45.70336005644722
learnedPE_nodrop,2,4,43.51997520700947
learnedPE_nodrop,2,4,46.45609348759162
learnedPE_nodrop,2,4,29.358311754670254
learnedPE_nodrop,2,4,34.59748093501691
learnedPE_nodrop,2,4,31.419762074763046
learnedPE_nodrop,2,4,36.15761222598364
learnedPE_nodrop,2,4,32.50760722761357
learnedPE_nodrop,2,4,34.6793494851853
learnedPE_nodrop,2,4,37.701228486739296
learnedPE_nodrop,2,4,39.10050221936089
learnedPE_nodrop,2,4,37.15962696885893
learnedPE_nodrop,2,4,30.542737815739642
learnedPE_nodrop,2,4,13.483425614773484
learnedPE_nodrop,2,4,14.324284690239578
learnedPE_nodrop,2,4,14.240528039325865
learnedPE_nodrop,2,4,14.556275657148074
learnedPE_nodrop,2,4,13.983191590401992
learnedPE_nodrop,2,4,50.35389450094341
learnedPE_nodrop,2,4,43.800319860643846
learnedPE_nodrop,2,4,48.23304866409963
learnedPE_nodrop,2,4,48.350480988089565
learnedPE_nodrop,2,4,48.61225118956038
learnedPE_nodrop,2,4,45.26802529432336
learnedPE_nodrop,2,4,47.16436197813263
learnedPE_nodrop,2,4,46.155630380624594
learnedPE_nodrop,2,4,44.71757035698716
learnedPE_nodrop,2,4,42.79679408354853
learnedPE_nodrop,2,4,54.77266593619841
learnedPE_nodrop,2,4,52.11899206451751
learnedPE_nodrop,2,4,55.73432753743977
learnedPE_nodrop,2,4,55.63454163147864
learnedPE_nodrop,2,4,57.160872736008926
learnedPE_nodrop,2,4,55.31731523544386
learnedPE_nodrop,2,4,57.49933998667971
learnedPE_nodrop,2,4,57.02465088409103
learnedPE_nodrop,2,4,55.57740392740003
learnedPE_nodrop,2,4,60.14660024295284
learnedPE_nodrop,2,4,72.73904539708063
learnedPE_nodrop,2,4,83.8988535401288
learnedPE_nodrop,2,4,86.9301807133366
learnedPE_nodrop,2,4,73.44865886328776
learnedPE_nodrop,2,4,75.38982347249573
learnedPE_nodrop,2,4,88.12670181630521
learnedPE_nodrop,2,4,69.40417413725963
learnedPE_nodrop,2,4,76.16003328383879
learnedPE_nodrop,2,4,79.50448931247918
learnedPE_nodrop,2,4,74.65335364272698
learnedPE_nodrop,2,4,47.80815476151277
learnedPE_nodrop,2,4,50.451560230652746
learnedPE_nodrop,2,4,52.55883278201169
learnedPE_nodrop,2,4,49.74620659115127
learnedPE_nodrop,2,4,47.353505970816016
learnedPE_nodrop,2,4,47.23040674751875
learnedPE_nodrop,2,4,45.619250908238676
learnedPE_nodrop,2,4,49.44748635734361
learnedPE_nodrop,2,4,47.19278675204842
learnedPE_nodrop,2,4,49.6845657073824
learnedPE_nodrop,2,4,68.61337783709517
learnedPE_nodrop,2,4,75.10460424029614
learnedPE_nodrop,2,4,79.34390812791973
learnedPE_nodrop,2,4,73.51950365715058
learnedPE_nodrop,2,4,73.55805013418232
learnedPE_nodrop,2,4,85.17858589805498
learnedPE_nodrop,2,4,61.99057406469126
learnedPE_nodrop,2,4,68.62180889119072
learnedPE_nodrop,2,4,73.79318553299026
learnedPE_nodrop,2,4,64.89628152865603
learnedPE_nodrop,2,4,61.264937083071324
learnedPE_nodrop,2,4,63.47070803586086
learnedPE_nodrop,2,4,64.9455906317581
learnedPE_nodrop,2,4,64.24143814673296
learnedPE_nodrop,2,4,67.7295901211614
learnedPE_nodrop,2,4,70.58292005232218
learnedPE_nodrop,2,4,55.90732738176418
learnedPE_nodrop,2,4,60.24461202084741
learnedPE_nodrop,2,4,64.28931712695686
learnedPE_nodrop,2,4,59.04555157411794
learnedPE_nodrop,2,4,63.90074749966412
learnedPE_nodrop,2,4,78.86508542525704
learnedPE_nodrop,2,4,85.20688504163813
learnedPE_nodrop,2,4,68.1836808241608
learnedPE_nodrop,2,4,54.38314964309961
learnedPE_nodrop,2,5,9.476852697231845
learnedPE_nodrop,2,5,17.52149165198246
learnedPE_nodrop,2,5,17.965501378425632
learnedPE_nodrop,2,5,14.869339540951627
learnedPE_nodrop,2,5,16.397746413907896
learnedPE_nodrop,2,5,14.512960033307909
learnedPE_nodrop,2,5,25.31943608070229
learnedPE_nodrop,2,5,24.88819220668584
learnedPE_nodrop,2,5,26.062137143828636
learnedPE_nodrop,2,5,32.34340159998703
learnedPE_nodrop,2,5,29.873287142842198
learnedPE_nodrop,2,5,26.37547812494667
learnedPE_nodrop,2,5,17.24383436720273
learnedPE_nodrop,2,5,26.404630870970465
learnedPE_nodrop,2,5,22.947966911567182
learnedPE_nodrop,2,5,22.771903489762675
learnedPE_nodrop,2,5,31.429245926220723
learnedPE_nodrop,2,5,27.591945669575008
learnedPE_nodrop,2,5,21.947817700919714
learnedPE_nodrop,2,5,19.618446148241603
learnedPE_nodrop,2,5,22.20310466645234
learnedPE_nodrop,2,5,26.230669063616475
learnedPE_nodrop,2,5,26.01836044602055
learnedPE_nodrop,2,5,27.013440961524914
learnedPE_nodrop,2,5,33.29682635199007
learnedPE_nodrop,2,5,31.849030460799288
learnedPE_nodrop,2,5,20.91877987074387
learnedPE_nodrop,2,5,12.40478219845381
learnedPE_nodrop,2,5,20.50819359868685
learnedPE_nodrop,2,5,18.118020811969902
learnedPE_nodrop,2,5,23.32853898629712
learnedPE_nodrop,2,5,24.50066535013109
learnedPE_nodrop,2,5,20.927574536981624
learnedPE_nodrop,2,5,21.35225411088563
learnedPE_nodrop,2,5,14.99484988505233
learnedPE_nodrop,2,5,18.728424460023515
learnedPE_nodrop,2,5,24.307097732185632
learnedPE_nodrop,2,5,25.810048345062203
learnedPE_nodrop,2,5,29.459966594505726
learnedPE_nodrop,2,5,28.405265372889993
learnedPE_nodrop,2,5,24.980403569551562
learnedPE_nodrop,2,5,30.622053463653536
learnedPE_nodrop,2,5,31.023984542671855
learnedPE_nodrop,2,5,34.00416983638602
learnedPE_nodrop,2,5,30.32847947209467
learnedPE_nodrop,2,5,33.503165136572164
learnedPE_nodrop,2,5,17.289618198601797
learnedPE_nodrop,2,5,21.512834817510086
learnedPE_nodrop,2,5,21.800017706073625
learnedPE_nodrop,2,5,18.365494060984727
learnedPE_nodrop,2,5,17.87751450732517
learnedPE_nodrop,2,5,23.429777279146474
learnedPE_nodrop,2,5,21.714486593737302
learnedPE_nodrop,2,5,20.97630316039568
learnedPE_nodrop,2,5,24.947460294504467
learnedPE_nodrop,2,5,17.192786613633665
learnedPE_nodrop,2,5,8.5754221680458
learnedPE_nodrop,2,5,8.374041785300271
learnedPE_nodrop,2,5,8.37517122068168
learnedPE_nodrop,2,5,8.291253483113882
learnedPE_nodrop,2,5,8.457990429012872
learnedPE_nodrop,2,5,27.52658079362511
learnedPE_nodrop,2,5,25.128821018565155
learnedPE_nodrop,2,5,27.730192415773462
learnedPE_nodrop,2,5,31.960812667420523
learnedPE_nodrop,2,5,28.12313549681365
learnedPE_nodrop,2,5,24.055217527832486
learnedPE_nodrop,2,5,26.141831911311424
learnedPE_nodrop,2,5,27.66212437326828
learnedPE_nodrop,2,5,29.953375349731417
learnedPE_nodrop,2,5,23.20144949237088
learnedPE_nodrop,2,5,40.14283023727135
learnedPE_nodrop,2,5,37.3315182641266
learnedPE_nodrop,2,5,41.52923276058088
learnedPE_nodrop,2,5,41.004274761918836
learnedPE_nodrop,2,5,45.03548465536525
learnedPE_nodrop,2,5,47.02300731841066
learnedPE_nodrop,2,5,45.981421492512354
learnedPE_nodrop,2,5,43.92349886125334
learnedPE_nodrop,2,5,42.72482540050713
learnedPE_nodrop,2,5,47.35330025855015
learnedPE_nodrop,2,5,52.30291915973964
learnedPE_nodrop,2,5,56.667114573023866
learnedPE_nodrop,2,5,58.511452281808914
learnedPE_nodrop,2,5,56.373281079916616
learnedPE_nodrop,2,5,60.48264039574974
learnedPE_nodrop,2,5,62.50189745610213
learnedPE_nodrop,2,5,56.699787227807164
learnedPE_nodrop,2,5,61.58852193840947
learnedPE_nodrop,2,5,54.921389681070174
learnedPE_nodrop,2,5,66.15856977852836
learnedPE_nodrop,2,5,37.45244060789516
learnedPE_nodrop,2,5,40.24880427205508
learnedPE_nodrop,2,5,41.968958016115124
learnedPE_nodrop,2,5,43.15969074889537
learnedPE_nodrop,2,5,36.39407977503073
learnedPE_nodrop,2,5,39.64925579907872
learnedPE_nodrop,2,5,41.33051392396667
learnedPE_nodrop,2,5,39.81618586588246
learnedPE_nodrop,2,5,40.287264053087824
learnedPE_nodrop,2,5,47.546737837667685
learnedPE_nodrop,2,5,50.018139360467686
learnedPE_nodrop,2,5,52.60102035409611
learnedPE_nodrop,2,5,54.24801473411659
learnedPE_nodrop,2,5,57.5796640718528
learnedPE_nodrop,2,5,59.7732565925051
learnedPE_nodrop,2,5,56.06357592401594
learnedPE_nodrop,2,5,53.307321234074514
learnedPE_nodrop,2,5,57.31117471077294
learnedPE_nodrop,2,5,44.159954794410474
learnedPE_nodrop,2,5,58.488191080846995
learnedPE_nodrop,2,5,49.30950603840697
learnedPE_nodrop,2,5,50.04924075197895
learnedPE_nodrop,2,5,52.4783006480499
learnedPE_nodrop,2,5,53.40957329878574
learnedPE_nodrop,2,5,52.06903219876128
learnedPE_nodrop,2,5,53.42767567692028
learnedPE_nodrop,2,5,48.975212563202184
learnedPE_nodrop,2,5,51.1235065079468
learnedPE_nodrop,2,5,49.74948817811534
learnedPE_nodrop,2,5,53.106214277113416
learnedPE_nodrop,2,5,44.795214751944656
learnedPE_nodrop,2,5,57.97235212877716
learnedPE_nodrop,2,5,51.81829698306487
learnedPE_nodrop,2,5,57.71484970561169
learnedPE_nodrop,2,5,45.552857177371294
learnedPE_nodrop,2,5,12.589086552692535
learnedPE_nodrop,2,5,15.207229495398561
learnedPE_nodrop,2,5,11.436428458687608
learnedPE_nodrop,2,5,11.324125899048628
learnedPE_nodrop,2,5,11.013045667072861
learnedPE_nodrop,2,5,24.545261447949134
learnedPE_nodrop,2,5,18.306261005055067
learnedPE_nodrop,2,5,25.090553850122284
learnedPE_nodrop,2,5,23.7347332697616
learnedPE_nodrop,2,5,26.486943649065182
learnedPE_nodrop,2,5,23.202918452631305
learnedPE_nodrop,2,5,21.640063242707306
learnedPE_nodrop,2,5,25.238771113213133
learnedPE_nodrop,2,5,22.637397660002616
learnedPE_nodrop,2,5,20.7537139295408
learnedPE_nodrop,2,5,35.74802305189417
learnedPE_nodrop,2,5,35.92060465582384
learnedPE_nodrop,2,5,40.60653306865923
learnedPE_nodrop,2,5,40.06927196156748
learnedPE_nodrop,2,5,35.975688094897016
learnedPE_nodrop,2,5,36.25074339870227
learnedPE_nodrop,2,5,38.76300758863056
learnedPE_nodrop,2,5,40.077126363604194
learnedPE_nodrop,2,5,40.12431632135554
learnedPE_nodrop,2,5,41.32180010562352
learnedPE_nodrop,2,5,23.574052488479126
learnedPE_nodrop,2,5,33.579718563406146
learnedPE_nodrop,2,5,31.7465157771333
learnedPE_nodrop,2,5,27.362683408282372
learnedPE_nodrop,2,5,24.331194804241512
learnedPE_nodrop,2,5,32.38113257085142
learnedPE_nodrop,2,5,32.30729092526495
learnedPE_nodrop,2,5,33.94361961508113
learnedPE_nodrop,2,5,33.59653696906274
learnedPE_nodrop,2,5,29.639714538158657
learnedPE_nodrop,2,5,32.48499838915356
learnedPE_nodrop,2,5,32.23917201981744
learnedPE_nodrop,2,5,38.7363848575724
learnedPE_nodrop,2,5,37.4038396928049
learnedPE_nodrop,2,5,33.82331415485725
learnedPE_nodrop,2,5,36.181252337567166
learnedPE_nodrop,2,5,38.57368036898405
learnedPE_nodrop,2,5,36.109933521089374
learnedPE_nodrop,2,5,35.397047901230685
learnedPE_nodrop,2,5,39.79702314524311
learnedPE_nodrop,2,5,23.47854965073946
learnedPE_nodrop,2,5,31.15066499130128
learnedPE_nodrop,2,5,30.23255190896561
learnedPE_nodrop,2,5,26.18824161863805
learnedPE_nodrop,2,5,26.429409613397514
learnedPE_nodrop,2,5,32.15664197067234
learnedPE_nodrop,2,5,32.87943544025678
learnedPE_nodrop,2,5,34.593035715276585
learnedPE_nodrop,2,5,33.13529729142463
learnedPE_nodrop,2,5,28.470548117902073
learnedPE_nodrop,2,5,35.28011948238233
learnedPE_nodrop,2,5,38.44031551806466
learnedPE_nodrop,2,5,39.33057437739453
learnedPE_nodrop,2,5,41.516115098018126
learnedPE_nodrop,2,5,37.74250849601556
learnedPE_nodrop,2,5,44.781275252047706
learnedPE_nodrop,2,5,38.599262251176555
learnedPE_nodrop,2,5,41.42399720772788
learnedPE_nodrop,2,5,39.92385007158792
learnedPE_nodrop,2,5,38.9633394742542
learnedPE_nodrop,2,5,27.242444460501602
learnedPE_nodrop,2,5,29.019401581107353
learnedPE_nodrop,2,5,31.39953716228081
learnedPE_nodrop,2,5,20.60538833963539
learnedPE_nodrop,2,5,22.60952226470167
learnedPE_nodrop,2,5,13.754591375614329
learnedPE_nodrop,2,5,14.735797942068562
learnedPE_nodrop,2,5,14.965427135019507
learnedPE_nodrop,2,5,14.208248404263198
learnedPE_nodrop,2,5,14.7170197220038
learnedPE_nodrop,2,5,14.688335899924237
learnedPE_nodrop,2,5,14.66481766897441
learnedPE_nodrop,2,5,15.141753925160959
learnedPE_nodrop,2,5,14.671391927665992
learnedPE_nodrop,2,5,14.657080793434446
learnedPE_nodrop,2,5,46.636133253641574
learnedPE_nodrop,2,5,48.3094128041622
learnedPE_nodrop,2,5,49.92435305067738
learnedPE_nodrop,2,5,44.664752016047046
learnedPE_nodrop,2,5,43.36397390413601
learnedPE_nodrop,2,5,46.324778188003386
learnedPE_nodrop,2,5,44.31192435923648
learnedPE_nodrop,2,5,48.364011985688435
learnedPE_nodrop,2,5,38.47631535501232
learnedPE_nodrop,2,5,43.62633383012401
learnedPE_nodrop,2,5,51.92010019749623
learnedPE_nodrop,2,5,54.00081145934651
learnedPE_nodrop,2,5,55.912557292251776
learnedPE_nodrop,2,5,50.568370478285644
learnedPE_nodrop,2,5,50.92282010232345
learnedPE_nodrop,2,5,57.2361797537617
learnedPE_nodrop,2,5,51.470978424669724
learnedPE_nodrop,2,5,54.64605764189675
learnedPE_nodrop,2,5,54.392021369782796
learnedPE_nodrop,2,5,52.58528521241922
learnedPE_nodrop,2,5,63.2159699110991
learnedPE_nodrop,2,5,71.20449007277904
learnedPE_nodrop,2,5,80.4071937475554
learnedPE_nodrop,2,5,63.00570286956489
learnedPE_nodrop,2,5,52.157491058501634
learnedPE_nodrop,2,5,47.26674281993459
learnedPE_nodrop,2,5,47.8854764121555
learnedPE_nodrop,2,5,47.91113594842857
learnedPE_nodrop,2,5,51.49152677680354
learnedPE_nodrop,2,5,50.575767312173205
learnedPE_nodrop,2,5,52.24820924456826
learnedPE_nodrop,2,5,46.168746257283644
learnedPE_nodrop,2,5,46.11035457668996
learnedPE_nodrop,2,5,47.33189803465785
learnedPE_nodrop,2,5,47.82515754995687
learnedPE_nodrop,2,5,61.731732498737934
learnedPE_nodrop,2,5,65.66789685858198
learnedPE_nodrop,2,5,75.63375066429592
learnedPE_nodrop,2,5,64.35905122856313
learnedPE_nodrop,2,5,47.29401892938179
learnedPE_nodrop,2,5,52.74858527254861
learnedPE_nodrop,2,5,61.73954377173665
learnedPE_nodrop,2,5,63.50390549969618
learnedPE_nodrop,2,5,55.67124753372542
learnedPE_nodrop,2,5,46.03223053288423
learnedPE_nodrop,2,5,36.67451437096104
learnedPE_nodrop,2,6,13.956320313818793
learnedPE_nodrop,2,6,7.35971703598477
learnedPE_nodrop,2,6,10.486234338030734
learnedPE_nodrop,2,6,7.991449615709131
learnedPE_nodrop,2,6,8.066659685885098
learnedPE_nodrop,2,6,19.1387552581118
learnedPE_nodrop,2,6,8.930001995207896
learnedPE_nodrop,2,6,13.406583301572592
learnedPE_nodrop,2,6,8.702117741991096
learnedPE_nodrop,2,6,19.36518728126904
learnedPE_nodrop,2,6,17.505277758506075
learnedPE_nodrop,2,6,16.292118091483914
learnedPE_nodrop,2,6,16.911151539437224
learnedPE_nodrop,2,6,10.577325784258289
learnedPE_nodrop,2,6,11.267330121841713
learnedPE_nodrop,2,6,22.488377823234952
learnedPE_nodrop,2,6,22.239016051113403
learnedPE_nodrop,2,6,26.07213275053551
learnedPE_nodrop,2,6,24.60561371940778
learnedPE_nodrop,2,6,21.756674728729923
learnedPE_nodrop,2,6,30.70906475576208
learnedPE_nodrop,2,6,27.583143898823103
learnedPE_nodrop,2,6,27.761614326977245
learnedPE_nodrop,2,6,26.44387227878251
learnedPE_nodrop,2,6,30.79079065225663
learnedPE_nodrop,2,6,17.183223283704834
learnedPE_nodrop,2,6,22.153108222940013
learnedPE_nodrop,2,6,20.908908134419686
learnedPE_nodrop,2,6,17.204034637912585
learnedPE_nodrop,2,6,17.5449022128811
learnedPE_nodrop,2,6,21.430134791510625
learnedPE_nodrop,2,6,21.247570017763604
learnedPE_nodrop,2,6,20.084632706005205
learnedPE_nodrop,2,6,17.782050826963697
learnedPE_nodrop,2,6,14.480122301096804
learnedPE_nodrop,2,6,23.887123490872714
learnedPE_nodrop,2,6,23.789756199165137
learnedPE_nodrop,2,6,27.69938977965043
learnedPE_nodrop,2,6,27.77630130249754
learnedPE_nodrop,2,6,23.243946819490287
learnedPE_nodrop,2,6,28.186871208440955
learnedPE_nodrop,2,6,29.159561975816473
learnedPE_nodrop,2,6,30.206037335039316
learnedPE_nodrop,2,6,28.442931868785625
learnedPE_nodrop,2,6,30.051842776163816
learnedPE_nodrop,2,6,14.543120348818606
learnedPE_nodrop,2,6,21.448290983429885
learnedPE_nodrop,2,6,20.584117586076353
learnedPE_nodrop,2,6,12.132362685722455
learnedPE_nodrop,2,6,11.978561003502048
learnedPE_nodrop,2,6,17.056627837027726
learnedPE_nodrop,2,6,23.067672497951214
learnedPE_nodrop,2,6,20.859136784703313
learnedPE_nodrop,2,6,17.875244792934957
learnedPE_nodrop,2,6,12.00071507454514
learnedPE_nodrop,2,6,18.855319152950287
learnedPE_nodrop,2,6,22.24938573972941
learnedPE_nodrop,2,6,22.328009921914468
learnedPE_nodrop,2,6,27.17997141971931
learnedPE_nodrop,2,6,23.573873694958127
learnedPE_nodrop,2,6,27.789909424854507
learnedPE_nodrop,2,6,26.099027475829324
learnedPE_nodrop,2,6,23.84662930538103
learnedPE_nodrop,2,6,27.021344695925603
learnedPE_nodrop,2,6,30.193752400696727
learnedPE_nodrop,2,6,13.495818933061615
learnedPE_nodrop,2,6,12.796790293551034
learnedPE_nodrop,2,6,20.972698466694023
learnedPE_nodrop,2,6,12.549791247520863
learnedPE_nodrop,2,6,13.71865537625257
learnedPE_nodrop,2,6,8.636159423020398
learnedPE_nodrop,2,6,8.699460564125483
learnedPE_nodrop,2,6,8.985272848535576
learnedPE_nodrop,2,6,8.49785829090386
learnedPE_nodrop,2,6,8.228731029924836
learnedPE_nodrop,2,6,7.632509904993317
learnedPE_nodrop,2,6,7.771259318977661
learnedPE_nodrop,2,6,8.276139233128088
learnedPE_nodrop,2,6,8.194572047709233
learnedPE_nodrop,2,6,6.33338622877971
learnedPE_nodrop,2,6,24.234246306782286
learnedPE_nodrop,2,6,25.48014714006417
learnedPE_nodrop,2,6,26.4302408046734
learnedPE_nodrop,2,6,25.77580095759303
learnedPE_nodrop,2,6,25.55054054946442
learnedPE_nodrop,2,6,21.093593956062115
learnedPE_nodrop,2,6,27.062537940817094
learnedPE_nodrop,2,6,26.903177973680712
learnedPE_nodrop,2,6,19.79496261657851
learnedPE_nodrop,2,6,19.246438001525004
learnedPE_nodrop,2,6,37.60970436604309
learnedPE_nodrop,2,6,40.786984338471925
learnedPE_nodrop,2,6,40.59036592738436
learnedPE_nodrop,2,6,36.06334777463842
learnedPE_nodrop,2,6,37.229176321021406
learnedPE_nodrop,2,6,40.26681795113396
learnedPE_nodrop,2,6,44.898440845384506
learnedPE_nodrop,2,6,44.444475593193374
learnedPE_nodrop,2,6,44.19654854993122
learnedPE_nodrop,2,6,45.32654618146099
learnedPE_nodrop,2,6,38.53899298558162
learnedPE_nodrop,2,6,50.75829803400169
learnedPE_nodrop,2,6,44.155953342393225
learnedPE_nodrop,2,6,50.59335436857491
learnedPE_nodrop,2,6,39.758530364483605
learnedPE_nodrop,2,6,37.58332015356793
learnedPE_nodrop,2,6,39.15654766765476
learnedPE_nodrop,2,6,39.168545553083966
learnedPE_nodrop,2,6,38.418192431999444
learnedPE_nodrop,2,6,40.483797211081
learnedPE_nodrop,2,6,44.067748204897825
learnedPE_nodrop,2,6,35.309661026743264
learnedPE_nodrop,2,6,35.83802297128459
learnedPE_nodrop,2,6,38.21508638466974
learnedPE_nodrop,2,6,39.113568491362685
learnedPE_nodrop,2,6,43.681683917014844
learnedPE_nodrop,2,6,48.64624211975917
learnedPE_nodrop,2,6,39.73814036684223
learnedPE_nodrop,2,6,50.78986768969127
learnedPE_nodrop,2,6,35.433912248957945
learnedPE_nodrop,2,6,37.09836920891381
learnedPE_nodrop,2,6,47.36721618058676
learnedPE_nodrop,2,6,48.013211452441375
learnedPE_nodrop,2,6,49.486049056285566
learnedPE_nodrop,2,6,37.553794797666626
learnedPE_nodrop,2,6,29.20104020667107
learnedPE_nodrop,2,6,13.55494178780163
learnedPE_nodrop,2,6,12.24034145525003
learnedPE_nodrop,2,6,13.311880129993073
learnedPE_nodrop,2,6,11.989743085902159
learnedPE_nodrop,2,6,15.08980333135484
learnedPE_nodrop,2,6,15.281714590646867
learnedPE_nodrop,2,6,15.018960894302158
learnedPE_nodrop,2,6,11.62188457630445
learnedPE_nodrop,2,6,10.940325939524866
learnedPE_nodrop,2,6,10.260338779979252
learnedPE_nodrop,2,6,16.86829334835938
learnedPE_nodrop,2,6,24.73968824895773
learnedPE_nodrop,2,6,24.6735531362414
learnedPE_nodrop,2,6,19.03148494636618
learnedPE_nodrop,2,6,19.68692251397613
learnedPE_nodrop,2,6,21.617499511666818
learnedPE_nodrop,2,6,25.46301471866041
learnedPE_nodrop,2,6,26.08015710586491
learnedPE_nodrop,2,6,22.908165622281697
learnedPE_nodrop,2,6,19.989620266073537
learnedPE_nodrop,2,6,33.40968258374583
learnedPE_nodrop,2,6,37.12084297543019
learnedPE_nodrop,2,6,37.44386063748181
learnedPE_nodrop,2,6,37.37274538699462
learnedPE_nodrop,2,6,36.65436015839808
learnedPE_nodrop,2,6,40.556238961272996
learnedPE_nodrop,2,6,33.17528539693315
learnedPE_nodrop,2,6,35.65266990118569
learnedPE_nodrop,2,6,35.072215182689696
learnedPE_nodrop,2,6,37.71675521335711
learnedPE_nodrop,2,6,22.355131454910616
learnedPE_nodrop,2,6,22.254139833612122
learnedPE_nodrop,2,6,31.99562551109083
learnedPE_nodrop,2,6,17.821897582884304
learnedPE_nodrop,2,6,20.386959687825062
learnedPE_nodrop,2,6,28.062847331702777
learnedPE_nodrop,2,6,31.848257813080288
learnedPE_nodrop,2,6,33.74749878623036
learnedPE_nodrop,2,6,34.35337625098295
learnedPE_nodrop,2,6,33.48528999388597
learnedPE_nodrop,2,6,40.01877396021867
learnedPE_nodrop,2,6,32.35179289390258
learnedPE_nodrop,2,6,34.41812696193537
learnedPE_nodrop,2,6,34.87705902981782
learnedPE_nodrop,2,6,29.06162014638657
learnedPE_nodrop,2,6,19.811640070729
learnedPE_nodrop,2,6,22.006433489947025
learnedPE_nodrop,2,6,29.309044833780828
learnedPE_nodrop,2,6,16.67380267094047
learnedPE_nodrop,2,6,20.394613408641362
learnedPE_nodrop,2,6,30.04015043267906
learnedPE_nodrop,2,6,31.98360636828231
learnedPE_nodrop,2,6,33.67918847119687
learnedPE_nodrop,2,6,32.9143712393366
learnedPE_nodrop,2,6,23.228144450655034
learnedPE_nodrop,2,6,13.45621346863678
learnedPE_nodrop,2,6,14.535672968839158
learnedPE_nodrop,2,6,14.719875864514298
learnedPE_nodrop,2,6,14.397760350943045
learnedPE_nodrop,2,6,16.470817586555597
learnedPE_nodrop,2,6,16.182477640641242
learnedPE_nodrop,2,6,16.587561123789822
learnedPE_nodrop,2,6,15.263873656013342
learnedPE_nodrop,2,6,15.348207902482608
learnedPE_nodrop,2,6,14.581312550873454
learnedPE_nodrop,2,6,15.25938576251464
learnedPE_nodrop,2,6,43.25761009192887
learnedPE_nodrop,2,6,45.3054458111891
learnedPE_nodrop,2,6,44.628055707037966
learnedPE_nodrop,2,6,41.07761326629827
learnedPE_nodrop,2,6,35.60175806578002
learnedPE_nodrop,2,6,46.292681647154154
learnedPE_nodrop,2,6,49.475320352523966
learnedPE_nodrop,2,6,53.46849267388585
learnedPE_nodrop,2,6,46.918798155756825
learnedPE_nodrop,2,6,40.13513478402025
learnedPE_nodrop,2,6,35.0025610801574
learnedPE_nodrop,2,6,43.73049360928157
learnedPE_nodrop,2,6,45.69332383756467
learnedPE_nodrop,2,6,47.666199520612594
learnedPE_nodrop,2,6,48.86109540873526
learnedPE_nodrop,2,6,41.606113857054154
learnedPE_nodrop,2,6,35.53347219126412
learnedPE_nodrop,2,6,36.26924656154356
wavePE_nodrop,2,0,94.27154183934152
wavePE_nodrop,2,1,53.70300381470845
wavePE_nodrop,2,1,39.86873936940258
wavePE_nodrop,2,1,84.27714134902212
wavePE_nodrop,2,1,89.2556540386943
wavePE_nodrop,2,1,88.67684414663617
wavePE_nodrop,2,1,91.85336630701408
wavePE_nodrop,2,1,92.99041315377212
wavePE_nodrop,2,1,84.3998885191505
wavePE_nodrop,2,1,93.68899713196616
wavePE_nodrop,2,1,76.82528825370316
wavePE_nodrop,2,2,20.710703565262662
wavePE_nodrop,2,2,56.627292588459966
wavePE_nodrop,2,2,51.5278333571876
wavePE_nodrop,2,2,48.52537468642628
wavePE_nodrop,2,2,54.492402029135675
wavePE_nodrop,2,2,54.31024346269424
wavePE_nodrop,2,2,47.53227353209669
wavePE_nodrop,2,2,54.672335339879986
wavePE_nodrop,2,2,45.60606633541049
wavePE_nodrop,2,2,37.15736047470827
wavePE_nodrop,2,2,37.68819913664607
wavePE_nodrop,2,2,42.8910493901288
wavePE_nodrop,2,2,38.9425131942945
wavePE_nodrop,2,2,42.47609135028982
wavePE_nodrop,2,2,35.60917334685062
wavePE_nodrop,2,2,42.56494773924142
wavePE_nodrop,2,2,32.06456783580109
wavePE_nodrop,2,2,56.11043599686263
wavePE_nodrop,2,2,80.79083242082285
wavePE_nodrop,2,2,81.03083959364128
wavePE_nodrop,2,2,80.202025710005
wavePE_nodrop,2,2,77.8271241520261
wavePE_nodrop,2,2,83.51087363821092
wavePE_nodrop,2,2,71.43894899566789
wavePE_nodrop,2,2,70.72569950866352
wavePE_nodrop,2,2,88.63188474240208
wavePE_nodrop,2,2,87.8199121681406
wavePE_nodrop,2,2,81.59382716335134
wavePE_nodrop,2,2,89.20645465915904
wavePE_nodrop,2,2,67.87392543026114
wavePE_nodrop,2,2,79.9280186406542
wavePE_nodrop,2,2,85.86967556363842
wavePE_nodrop,2,2,75.7024156629192
wavePE_nodrop,2,2,85.29575503728523
wavePE_nodrop,2,2,64.24482663633577
wavePE_nodrop,2,2,87.7899259452753
wavePE_nodrop,2,2,78.69191070218878
wavePE_nodrop,2,2,89.13398342157681
wavePE_nodrop,2,2,74.57683170480638
wavePE_nodrop,2,2,81.41249870290024
wavePE_nodrop,2,2,91.66268206987311
wavePE_nodrop,2,2,78.78416714421495
wavePE_nodrop,2,2,82.62037793724215
wavePE_nodrop,2,2,65.2668631843643
wavePE_nodrop,2,2,73.57260060679216
wavePE_nodrop,2,3,14.937369730123335
wavePE_nodrop,2,3,19.568382399760974
wavePE_nodrop,2,3,19.13016477415898
wavePE_nodrop,2,3,19.594419817953412
wavePE_nodrop,2,3,19.145899948144326
wavePE_nodrop,2,3,17.904634465020845
wavePE_nodrop,2,3,21.320599836339575
wavePE_nodrop,2,3,15.17597788412583
wavePE_nodrop,2,3,40.16006106522679
wavePE_nodrop,2,3,52.37247008017558
wavePE_nodrop,2,3,58.276185788870905
wavePE_nodrop,2,3,57.08250108187588
wavePE_nodrop,2,3,48.81657895041
wavePE_nodrop,2,3,57.905077619475854
wavePE_nodrop,2,3,44.74820563260265
wavePE_nodrop,2,3,40.5650208574036
wavePE_nodrop,2,3,52.04987382596755
wavePE_nodrop,2,3,51.119449543867205
wavePE_nodrop,2,3,41.748945175519445
wavePE_nodrop,2,3,50.65155659077585
wavePE_nodrop,2,3,44.86710406664215
wavePE_nodrop,2,3,41.3006968946202
wavePE_nodrop,2,3,45.4857073167946
wavePE_nodrop,2,3,46.2458714419045
wavePE_nodrop,2,3,45.07526195202468
wavePE_nodrop,2,3,40.872931412818865
wavePE_nodrop,2,3,50.71473968674795
wavePE_nodrop,2,3,42.77356667643686
wavePE_nodrop,2,3,52.09667928070893
wavePE_nodrop,2,3,46.124379801248274
wavePE_nodrop,2,3,47.55911796645885
wavePE_nodrop,2,3,55.95021067009007
wavePE_nodrop,2,3,45.992520131937894
wavePE_nodrop,2,3,47.76089004724685
wavePE_nodrop,2,3,35.327450415072846
wavePE_nodrop,2,3,40.08282202540408
wavePE_nodrop,2,3,25.626164229689557
wavePE_nodrop,2,3,39.60127911494638
wavePE_nodrop,2,3,37.10741044644779
wavePE_nodrop,2,3,39.48694449485161
wavePE_nodrop,2,3,34.35304182071161
wavePE_nodrop,2,3,38.65880019048086
wavePE_nodrop,2,3,30.641469974635026
wavePE_nodrop,2,3,21.9896974394841
wavePE_nodrop,2,3,37.339475131021146
wavePE_nodrop,2,3,39.69089074121877
wavePE_nodrop,2,3,33.06184621120453
wavePE_nodrop,2,3,39.57004489143364
wavePE_nodrop,2,3,28.78999895524953
wavePE_nodrop,2,3,41.74033747084771
wavePE_nodrop,2,3,47.863399406564625
wavePE_nodrop,2,3,38.26672226031506
wavePE_nodrop,2,3,47.81647467905653
wavePE_nodrop,2,3,26.80366481082807
wavePE_nodrop,2,3,38.538450317171936
wavePE_nodrop,2,3,35.51508525198043
wavePE_nodrop,2,3,38.312819238387775
wavePE_nodrop,2,3,28.534489210682608
wavePE_nodrop,2,3,38.39033951091961
wavePE_nodrop,2,3,49.51206702955587
wavePE_nodrop,2,3,33.948955868618484
wavePE_nodrop,2,3,39.78925774916291
wavePE_nodrop,2,3,23.743834043014772
wavePE_nodrop,2,3,29.35910366544492
wavePE_nodrop,2,3,24.988583795902947
wavePE_nodrop,2,3,52.514874166485335
wavePE_nodrop,2,3,57.0168752853342
wavePE_nodrop,2,3,54.70905765474128
wavePE_nodrop,2,3,55.916310786701295
wavePE_nodrop,2,3,51.689237332582906
wavePE_nodrop,2,3,70.33128084456347
wavePE_nodrop,2,3,76.48311375018196
wavePE_nodrop,2,3,67.70625920324078
wavePE_nodrop,2,3,77.83165667189517
wavePE_nodrop,2,3,68.30599374570345
wavePE_nodrop,2,3,75.17372730606641
wavePE_nodrop,2,3,72.41530019019734
wavePE_nodrop,2,3,79.2509986498891
wavePE_nodrop,2,3,68.65384945757246
wavePE_nodrop,2,3,73.91843596661253
wavePE_nodrop,2,3,78.1472814905918
wavePE_nodrop,2,3,72.33599445448374
wavePE_nodrop,2,3,76.70637664493513
wavePE_nodrop,2,3,58.78580581851853
wavePE_nodrop,2,3,66.515550328931
wavePE_nodrop,2,3,59.805421655801894
wavePE_nodrop,2,3,70.40475839901188
wavePE_nodrop,2,3,53.55015234522402
wavePE_nodrop,2,3,70.97641702529887
wavePE_nodrop,2,3,44.63187760700447
wavePE_nodrop,2,3,86.67156101619682
wavePE_nodrop,2,3,77.62724032104967
wavePE_nodrop,2,3,88.24476949258974
wavePE_nodrop,2,3,65.03972818969373
wavePE_nodrop,2,3,78.38388649095656
wavePE_nodrop,2,3,87.03454009673311
wavePE_nodrop,2,3,68.1642652513209
wavePE_nodrop,2,3,79.87698036749619
wavePE_nodrop,2,3,60.26160325585113
wavePE_nodrop,2,3,64.66538991359717
wavePE_nodrop,2,3,75.83125133943463
wavePE_nodrop,2,3,67.55078810890002
wavePE_nodrop,2,3,76.18300721102034
wavePE_nodrop,2,3,61.06593223298875
wavePE_nodrop,2,3,73.97639640723818
wavePE_nodrop,2,3,82.33787978031735
wavePE_nodrop,2,3,65.88105757460514
wavePE_nodrop,2,3,72.99477435677235
wavePE_nodrop,2,3,56.69028197138777
wavePE_nodrop,2,3,58.74229812842319
wavePE_nodrop,2,3,73.54421966654073
wavePE_nodrop,2,3,81.7214100097023
wavePE_nodrop,2,3,72.42889431211135
wavePE_nodrop,2,3,74.48459668439222
wavePE_nodrop,2,3,60.158126366740774
wavePE_nodrop,2,3,66.06582833844874
wavePE_nodrop,2,3,78.39330570803155
wavePE_nodrop,2,3,65.49000615461932
wavePE_nodrop,2,3,76.17940220905881
wavePE_nodrop,2,3,59.83513094500298
wavePE_nodrop,2,4,8.595546490506546
wavePE_nodrop,2,4,12.328280769658818
wavePE_nodrop,2,4,15.5655802504719
wavePE_nodrop,2,4,14.443476092917813
wavePE_nodrop,2,4,17.54261162082754
wavePE_nodrop,2,4,17.06153330054036
wavePE_nodrop,2,4,11.353729249907603
wavePE_nodrop,2,4,9.146792306928909
wavePE_nodrop,2,4,16.271669345865323
wavePE_nodrop,2,4,19.58668222854407
wavePE_nodrop,2,4,12.309603010054158
wavePE_nodrop,2,4,18.11793541095421
wavePE_nodrop,2,4,13.736290294221282
wavePE_nodrop,2,4,19.464734268652965
wavePE_nodrop,2,4,21.040067870627297
wavePE_nodrop,2,4,12.769454897523646
wavePE_nodrop,2,4,18.81150626363826
wavePE_nodrop,2,4,14.418093077136215
wavePE_nodrop,2,4,18.173645021185656
wavePE_nodrop,2,4,16.281263060316157
wavePE_nodrop,2,4,18.264242335579894
wavePE_nodrop,2,4,17.042292328401064
wavePE_nodrop,2,4,17.77895510472479
wavePE_nodrop,2,4,16.9242689505307
wavePE_nodrop,2,4,14.661039258277725
wavePE_nodrop,2,4,18.479971781141966
wavePE_nodrop,2,4,10.495184868314848
wavePE_nodrop,2,4,15.944795632985814
wavePE_nodrop,2,4,16.33869202614965
wavePE_nodrop,2,4,44.51696102615151
wavePE_nodrop,2,4,39.384614780287905
wavePE_nodrop,2,4,37.41229552166603
wavePE_nodrop,2,4,38.74384160188256
wavePE_nodrop,2,4,34.53732040096228
wavePE_nodrop,2,4,45.83220857852627
wavePE_nodrop,2,4,51.51762813186929
wavePE_nodrop,2,4,47.70444098662391
wavePE_nodrop,2,4,53.26931359638832
wavePE_nodrop,2,4,40.92293223954311
wavePE_nodrop,2,4,53.338431283620125
wavePE_nodrop,2,4,42.597640898394786
wavePE_nodrop,2,4,58.00639422373129
wavePE_nodrop,2,4,44.38413037911179
wavePE_nodrop,2,4,56.36605346865324
wavePE_nodrop,2,4,57.00757798787392
wavePE_nodrop,2,4,48.61450488884228
wavePE_nodrop,2,4,48.84835676471436
wavePE_nodrop,2,4,32.680174708916546
wavePE_nodrop,2,4,39.6812896154386
wavePE_nodrop,2,4,33.35298168932169
wavePE_nodrop,2,4,39.887154824315765
wavePE_nodrop,2,4,34.05033118804289
wavePE_nodrop,2,4,40.57611788887619
wavePE_nodrop,2,4,30.845698905287055
wavePE_nodrop,2,4,45.13899721378229
wavePE_nodrop,2,4,37.26636484398227
wavePE_nodrop,2,4,51.644984014697506
wavePE_nodrop,2,4,42.62203147581697
wavePE_nodrop,2,4,47.84643510161409
wavePE_nodrop,2,4,50.842831168784066
wavePE_nodrop,2,4,45.84461408386466
wavePE_nodrop,2,4,43.094584239808334
wavePE_nodrop,2,4,27.54895394409568
wavePE_nodrop,2,4,41.5143030411966
wavePE_nodrop,2,4,37.70621862452638
wavePE_nodrop,2,4,39.04990370100738
wavePE_nodrop,2,4,37.6981232533598
wavePE_nodrop,2,4,40.357413045732336
wavePE_nodrop,2,4,44.646739426547605
wavePE_nodrop,2,4,40.26635447769797
wavePE_nodrop,2,4,40.48297813678706
wavePE_nodrop,2,4,45.29049724016726
wavePE_nodrop,2,4,33.25800497398003
wavePE_nodrop,2,4,36.00280976297764
wavePE_nodrop,2,4,46.438297004498075
wavePE_nodrop,2,4,46.80186499776654
wavePE_nodrop,2,4,42.803478949814476
wavePE_nodrop,2,4,40.68818441019899
wavePE_nodrop,2,4,27.422049778631198
wavePE_nodrop,2,4,38.414311150670436
wavePE_nodrop,2,4,49.81474749541223
wavePE_nodrop,2,4,40.472122900792904
wavePE_nodrop,2,4,44.00238570928055
wavePE_nodrop,2,4,31.49192571589614
wavePE_nodrop,2,4,14.305259234131626
wavePE_nodrop,2,4,25.64301623585622
wavePE_nodrop,2,4,27.274754457134986
wavePE_nodrop,2,4,24.607262498793126
wavePE_nodrop,2,4,25.073156323813627
wavePE_nodrop,2,4,22.359862603021135
wavePE_nodrop,2,4,41.40846128047908
wavePE_nodrop,2,4,43.064109576420115
wavePE_nodrop,2,4,38.45695654649916
wavePE_nodrop,2,4,43.121923325379264
wavePE_nodrop,2,4,26.03431396840186
wavePE_nodrop,2,4,39.21249902019228
wavePE_nodrop,2,4,34.34596796645511
wavePE_nodrop,2,4,38.32961809001654
wavePE_nodrop,2,4,30.28337473739176
wavePE_nodrop,2,4,38.44464322863191
wavePE_nodrop,2,4,48.50777202729283
wavePE_nodrop,2,4,37.29237324928722
wavePE_nodrop,2,4,37.02271713826827
wavePE_nodrop,2,4,22.46466288250279
wavePE_nodrop,2,4,28.1493135882944
wavePE_nodrop,2,4,22.510678247745002
wavePE_nodrop,2,4,22.072625944708506
wavePE_nodrop,2,4,18.948533476925263
wavePE_nodrop,2,4,23.965158008929897
wavePE_nodrop,2,4,16.269501767542806
wavePE_nodrop,2,4,38.62390849238057
wavePE_nodrop,2,4,32.5707876815658
wavePE_nodrop,2,4,34.930089391457756
wavePE_nodrop,2,4,26.827632899871073
wavePE_nodrop,2,4,34.6054067077976
wavePE_nodrop,2,4,43.31140650256966
wavePE_nodrop,2,4,29.21137100791641
wavePE_nodrop,2,4,36.25544211792081
wavePE_nodrop,2,4,22.649658455321184
wavePE_nodrop,2,4,24.89643887402077
wavePE_nodrop,2,4,42.29091158848291
wavePE_nodrop,2,4,36.42712021706331
wavePE_nodrop,2,4,42.826355519836945
wavePE_nodrop,2,4,26.75780183159765
wavePE_nodrop,2,4,41.975171655356405
wavePE_nodrop,2,4,53.57586172680391
wavePE_nodrop,2,4,29.37853194392279
wavePE_nodrop,2,4,42.99252435027885
wavePE_nodrop,2,4,21.836104085318286
wavePE_nodrop,2,4,24.22533869768556
wavePE_nodrop,2,4,36.49624065633516
wavePE_nodrop,2,4,37.42523919761611
wavePE_nodrop,2,4,28.756546281597245
wavePE_nodrop,2,4,39.52810834997413
wavePE_nodrop,2,4,23.296014829834068
wavePE_nodrop,2,4,24.62390810020175
wavePE_nodrop,2,4,45.20843356726954
wavePE_nodrop,2,4,26.39742482379003
wavePE_nodrop,2,4,36.57906218071655
wavePE_nodrop,2,4,24.499293773196328
wavePE_nodrop,2,4,21.69096334664562
wavePE_nodrop,2,4,21.06846665152196
wavePE_nodrop,2,4,19.362262146904374
wavePE_nodrop,2,4,25.23624710186309
wavePE_nodrop,2,4,24.883194159612316
wavePE_nodrop,2,4,50.69585733819552
wavePE_nodrop,2,4,48.89903851238455
wavePE_nodrop,2,4,52.48893230210088
wavePE_nodrop,2,4,48.36659466769442
wavePE_nodrop,2,4,53.93034878577336
wavePE_nodrop,2,4,56.05364873143937
wavePE_nodrop,2,4,54.72898105303465
wavePE_nodrop,2,4,54.968607246051214
wavePE_nodrop,2,4,46.61020491425396
wavePE_nodrop,2,4,49.249873967794606
wavePE_nodrop,2,4,65.48450855233246
wavePE_nodrop,2,4,62.90345435407281
wavePE_nodrop,2,4,66.62206426349897
wavePE_nodrop,2,4,64.96927243896326
wavePE_nodrop,2,4,64.63911774879712
wavePE_nodrop,2,4,72.77711958435181
wavePE_nodrop,2,4,68.18475170346302
wavePE_nodrop,2,4,64.36836049745239
wavePE_nodrop,2,4,54.81627642052806
wavePE_nodrop,2,4,61.496056378276506
wavePE_nodrop,2,4,62.0763145794329
wavePE_nodrop,2,4,70.94515832861397
wavePE_nodrop,2,4,62.63806462015129
wavePE_nodrop,2,4,67.85714536504153
wavePE_nodrop,2,4,52.542237490718556
wavePE_nodrop,2,4,61.579170320814846
wavePE_nodrop,2,4,67.75334058975969
wavePE_nodrop,2,4,58.80624788006239
wavePE_nodrop,2,4,68.40431310588455
wavePE_nodrop,2,4,50.20338371412373
wavePE_nodrop,2,4,60.379495495182425
wavePE_nodrop,2,4,44.9159153666011
wavePE_nodrop,2,4,60.807299853589434
wavePE_nodrop,2,4,39.70191612113363
wavePE_nodrop,2,4,57.94508450882543
wavePE_nodrop,2,4,68.09314179845548
wavePE_nodrop,2,4,50.63471433320104
wavePE_nodrop,2,4,55.351382607063606
wavePE_nodrop,2,4,38.36718211404284
wavePE_nodrop,2,4,45.49258111349101
wavePE_nodrop,2,4,71.84609704713505
wavePE_nodrop,2,4,81.29409042637667
wavePE_nodrop,2,4,66.06728497004343
wavePE_nodrop,2,4,73.6101192047224
wavePE_nodrop,2,4,58.585035102014274
wavePE_nodrop,2,4,59.86267152555358
wavePE_nodrop,2,4,75.01138411992426
wavePE_nodrop,2,4,59.52651157437665
wavePE_nodrop,2,4,65.84269472443516
wavePE_nodrop,2,4,57.41413492602043
wavePE_nodrop,2,4,62.15931909263559
wavePE_nodrop,2,4,70.90226532187334
wavePE_nodrop,2,4,63.09176921470648
wavePE_nodrop,2,4,64.60064357622866
wavePE_nodrop,2,4,53.793569630198924
wavePE_nodrop,2,4,55.74012403782361
wavePE_nodrop,2,4,70.57746158734382
wavePE_nodrop,2,4,58.65768284779238
wavePE_nodrop,2,4,61.787004879557074
wavePE_nodrop,2,4,49.076644611521345
wavePE_nodrop,2,4,62.99282929346962
wavePE_nodrop,2,4,55.34724124937609
wavePE_nodrop,2,4,64.32530954444702
wavePE_nodrop,2,4,49.16940336843398
wavePE_nodrop,2,4,48.95558975095176
wavePE_nodrop,2,5,7.9211632745484515
wavePE_nodrop,2,5,7.023843560515014
wavePE_nodrop,2,5,8.67039671852555
wavePE_nodrop,2,5,11.407092878018013
wavePE_nodrop,2,5,7.948216652646792
wavePE_nodrop,2,5,5.66205011504635
wavePE_nodrop,2,5,13.006471230606198
wavePE_nodrop,2,5,12.735467064760432
wavePE_nodrop,2,5,10.525797982502624
wavePE_nodrop,2,5,12.035982430155348
wavePE_nodrop,2,5,8.337623877010971
wavePE_nodrop,2,5,16.372257405576324
wavePE_nodrop,2,5,16.26561918072729
wavePE_nodrop,2,5,15.648195752201163
wavePE_nodrop,2,5,12.867761570742777
wavePE_nodrop,2,5,16.792130558443304
wavePE_nodrop,2,5,12.825995441573426
wavePE_nodrop,2,5,11.046517595726495
wavePE_nodrop,2,5,19.32001271363206
wavePE_nodrop,2,5,8.576852415554168
wavePE_nodrop,2,5,12.539056529595518
wavePE_nodrop,2,5,7.5889478274635715
wavePE_nodrop,2,5,18.504119832299168
wavePE_nodrop,2,5,10.278693350360479
wavePE_nodrop,2,5,10.892579096347667
wavePE_nodrop,2,5,5.307427671224296
wavePE_nodrop,2,5,19.21359898239666
wavePE_nodrop,2,5,12.640731311285048
wavePE_nodrop,2,5,15.973544315736548
wavePE_nodrop,2,5,16.0370080742456
wavePE_nodrop,2,5,18.564157460760956
wavePE_nodrop,2,5,16.66004791425946
wavePE_nodrop,2,5,13.173827031134783
wavePE_nodrop,2,5,11.767543647006471
wavePE_nodrop,2,5,9.236935165829546
wavePE_nodrop,2,5,14.072111117113367
wavePE_nodrop,2,5,23.78698344885131
wavePE_nodrop,2,5,6.755015823235157
wavePE_nodrop,2,5,17.759198600373125
wavePE_nodrop,2,5,13.755236241795712
wavePE_nodrop,2,5,17.767673308923392
wavePE_nodrop,2,5,17.38952773673873
wavePE_nodrop,2,5,15.726853340695564
wavePE_nodrop,2,5,12.345446458482831
wavePE_nodrop,2,5,5.56015482577112
wavePE_nodrop,2,5,11.749786162015305
wavePE_nodrop,2,5,15.19371349278518
wavePE_nodrop,2,5,15.779507760090949
wavePE_nodrop,2,5,14.414505008997407
wavePE_nodrop,2,5,13.992692186509093
wavePE_nodrop,2,5,7.127584377575672
wavePE_nodrop,2,5,15.193435056816487
wavePE_nodrop,2,5,20.663031903295437
wavePE_nodrop,2,5,9.83100986450893
wavePE_nodrop,2,5,14.38433945012455
wavePE_nodrop,2,5,3.8752315443694383
wavePE_nodrop,2,5,15.180601644861802
wavePE_nodrop,2,5,14.091510416719075
wavePE_nodrop,2,5,19.073141420130035
wavePE_nodrop,2,5,15.443261133506994
wavePE_nodrop,2,5,13.733257456877574
wavePE_nodrop,2,5,37.312255046253014
wavePE_nodrop,2,5,37.7720396578772
wavePE_nodrop,2,5,42.29499915696413
wavePE_nodrop,2,5,33.51514371321399
wavePE_nodrop,2,5,38.69970140914513
wavePE_nodrop,2,5,36.844977107799096
wavePE_nodrop,2,5,36.20791874472172
wavePE_nodrop,2,5,39.54015225746802
wavePE_nodrop,2,5,25.94375430794016
wavePE_nodrop,2,5,30.777252353840957
wavePE_nodrop,2,5,45.90977516140016
wavePE_nodrop,2,5,39.94828783371097
wavePE_nodrop,2,5,45.10425439094839
wavePE_nodrop,2,5,39.90627423909741
wavePE_nodrop,2,5,51.138982811177456
wavePE_nodrop,2,5,50.11052139815697
wavePE_nodrop,2,5,39.14207994529123
wavePE_nodrop,2,5,45.158565800311585
wavePE_nodrop,2,5,32.40729795304155
wavePE_nodrop,2,5,37.3212981351803
wavePE_nodrop,2,5,50.029718936145315
wavePE_nodrop,2,5,48.90970837532449
wavePE_nodrop,2,5,39.95304119054053
wavePE_nodrop,2,5,40.49278319253154
wavePE_nodrop,2,5,26.980115384299214
wavePE_nodrop,2,5,37.12799361425972
wavePE_nodrop,2,5,55.082167826077765
wavePE_nodrop,2,5,41.98857448181494
wavePE_nodrop,2,5,40.032356479680686
wavePE_nodrop,2,5,30.444960152236938
wavePE_nodrop,2,5,36.43980648409295
wavePE_nodrop,2,5,24.896299699594422
wavePE_nodrop,2,5,34.82180594280489
wavePE_nodrop,2,5,22.624550346261678
wavePE_nodrop,2,5,39.28840590470731
wavePE_nodrop,2,5,33.23432508202725
wavePE_nodrop,2,5,34.94822632116082
wavePE_nodrop,2,5,33.8387643149724
wavePE_nodrop,2,5,19.332903874923076
wavePE_nodrop,2,5,30.104083682328024
wavePE_nodrop,2,5,39.32316262601321
wavePE_nodrop,2,5,46.85614831455346
wavePE_nodrop,2,5,44.92341425072971
wavePE_nodrop,2,5,38.33517897906156
wavePE_nodrop,2,5,20.84194462172797
wavePE_nodrop,2,5,38.27229508598836
wavePE_nodrop,2,5,48.911053305368135
wavePE_nodrop,2,5,38.35467150730177
wavePE_nodrop,2,5,44.512837739111525
wavePE_nodrop,2,5,23.387469982288895
wavePE_nodrop,2,5,34.51817636422907
wavePE_nodrop,2,5,33.69202461067563
wavePE_nodrop,2,5,37.63395831575842
wavePE_nodrop,2,5,36.127230294981985
wavePE_nodrop,2,5,26.5215869271063
wavePE_nodrop,2,5,30.227133606642564
wavePE_nodrop,2,5,40.960574871948275
wavePE_nodrop,2,5,35.78024010560125
wavePE_nodrop,2,5,34.33601557521783
wavePE_nodrop,2,5,27.965258477598205
wavePE_nodrop,2,5,44.993138023682064
wavePE_nodrop,2,5,39.49311838532266
wavePE_nodrop,2,5,39.218988515566785
wavePE_nodrop,2,5,24.581513281657045
wavePE_nodrop,2,5,34.0089371654673
wavePE_nodrop,2,5,15.366585740685471
wavePE_nodrop,2,5,16.152476384386166
wavePE_nodrop,2,5,16.53855405288921
wavePE_nodrop,2,5,14.205638728487932
wavePE_nodrop,2,5,15.268287707303433
wavePE_nodrop,2,5,27.65339981774221
wavePE_nodrop,2,5,23.523239979214246
wavePE_nodrop,2,5,23.780371599245363
wavePE_nodrop,2,5,20.476521662002344
wavePE_nodrop,2,5,26.59501166663813
wavePE_nodrop,2,5,29.383185524247025
wavePE_nodrop,2,5,24.435478729533166
wavePE_nodrop,2,5,25.70384373988287
wavePE_nodrop,2,5,21.175067145558007
wavePE_nodrop,2,5,21.534682852087112
wavePE_nodrop,2,5,44.430913054424146
wavePE_nodrop,2,5,38.28948553020614
wavePE_nodrop,2,5,42.235796355513926
wavePE_nodrop,2,5,29.422718902165762
wavePE_nodrop,2,5,39.38137702571829
wavePE_nodrop,2,5,44.372420354052224
wavePE_nodrop,2,5,34.04067223409115
wavePE_nodrop,2,5,40.29429434464118
wavePE_nodrop,2,5,23.409951090478586
wavePE_nodrop,2,5,27.12354013604924
wavePE_nodrop,2,5,35.97650072288211
wavePE_nodrop,2,5,43.89527579476402
wavePE_nodrop,2,5,32.684054793212184
wavePE_nodrop,2,5,38.48497751249781
wavePE_nodrop,2,5,22.00562861036667
wavePE_nodrop,2,5,24.187773954400146
wavePE_nodrop,2,5,43.549175253675
wavePE_nodrop,2,5,27.208987344014957
wavePE_nodrop,2,5,40.66941491703356
wavePE_nodrop,2,5,24.611155374635107
wavePE_nodrop,2,5,22.130862580076432
wavePE_nodrop,2,5,18.66265824271412
wavePE_nodrop,2,5,22.617447109423424
wavePE_nodrop,2,5,18.07007820267555
wavePE_nodrop,2,5,19.946247729124316
wavePE_nodrop,2,5,25.349361869700086
wavePE_nodrop,2,5,16.99811499322102
wavePE_nodrop,2,5,22.034210353814785
wavePE_nodrop,2,5,15.47371039797764
wavePE_nodrop,2,5,16.436815131893198
wavePE_nodrop,2,5,35.428197145421066
wavePE_nodrop,2,5,35.93062237997224
wavePE_nodrop,2,5,27.502940001171506
wavePE_nodrop,2,5,34.82748126117038
wavePE_nodrop,2,5,22.89200061846673
wavePE_nodrop,2,5,25.173097150563883
wavePE_nodrop,2,5,39.43042616631143
wavePE_nodrop,2,5,23.94019123226292
wavePE_nodrop,2,5,29.22769576711216
wavePE_nodrop,2,5,26.455963194150932
wavePE_nodrop,2,5,34.02173984795405
wavePE_nodrop,2,5,41.66547751102836
wavePE_nodrop,2,5,27.730704525045603
wavePE_nodrop,2,5,40.00490341879021
wavePE_nodrop,2,5,23.491206144152688
wavePE_nodrop,2,5,18.075609392470724
wavePE_nodrop,2,5,47.359713253686614
wavePE_nodrop,2,5,22.016659822594242
wavePE_nodrop,2,5,30.456645949321537
wavePE_nodrop,2,5,22.113103586863925
wavePE_nodrop,2,5,35.394061473818105
wavePE_nodrop,2,5,20.808411955452602
wavePE_nodrop,2,5,26.787471958301534
wavePE_nodrop,2,5,22.979221136280497
wavePE_nodrop,2,5,26.679088110875686
wavePE_nodrop,2,5,19.79869394881852
wavePE_nodrop,2,5,21.199200423789797
wavePE_nodrop,2,5,22.61810102423878
wavePE_nodrop,2,5,22.38879123361403
wavePE_nodrop,2,5,18.128623275681687
wavePE_nodrop,2,5,19.519656895172044
wavePE_nodrop,2,5,22.882094023613263
wavePE_nodrop,2,5,18.913937946945715
wavePE_nodrop,2,5,18.0124866181012
wavePE_nodrop,2,5,24.274518393563024
wavePE_nodrop,2,5,46.31687888648521
wavePE_nodrop,2,5,49.537132518359805
wavePE_nodrop,2,5,46.55587923433252
wavePE_nodrop,2,5,48.400225922795755
wavePE_nodrop,2,5,42.56378143087889
wavePE_nodrop,2,5,42.59894627499664
wavePE_nodrop,2,5,53.79505184627056
wavePE_nodrop,2,5,48.08102841514847
wavePE_nodrop,2,5,53.08989910600841
wavePE_nodrop,2,5,35.0969976757976
wavePE_nodrop,2,5,57.177254154714504
wavePE_nodrop,2,5,60.49507456051179
wavePE_nodrop,2,5,61.81105106697065
wavePE_nodrop,2,5,60.058205245832255
wavePE_nodrop,2,5,51.34199879602676
wavePE_nodrop,2,5,57.72149177001285
wavePE_nodrop,2,5,59.969197928168306
wavePE_nodrop,2,5,49.595019055354285
wavePE_nodrop,2,5,63.77643923658667
wavePE_nodrop,2,5,41.22132257435554
wavePE_nodrop,2,5,49.73170142528105
wavePE_nodrop,2,5,45.706318499153774
wavePE_nodrop,2,5,57.88725931352205
wavePE_nodrop,2,5,39.6868133446319
wavePE_nodrop,2,5,43.53383364438116
wavePE_nodrop,2,5,47.48283361311888
wavePE_nodrop,2,5,57.23625798951257
wavePE_nodrop,2,5,44.82736783937516
wavePE_nodrop,2,5,44.30310511296847
wavePE_nodrop,2,5,33.445243399604344
wavePE_nodrop,2,5,41.22005466979265
wavePE_nodrop,2,5,54.620420863591214
wavePE_nodrop,2,5,41.09670593154593
wavePE_nodrop,2,5,49.177297771679065
wavePE_nodrop,2,5,40.54847195519834
wavePE_nodrop,2,5,61.035922809237654
wavePE_nodrop,2,5,53.66686216006769
wavePE_nodrop,2,5,61.21724210800775
wavePE_nodrop,2,5,48.50575228108066
wavePE_nodrop,2,5,46.97689696530889
wavePE_nodrop,2,5,58.042470671648076
wavePE_nodrop,2,5,50.617621041327276
wavePE_nodrop,2,5,57.12682998617854
wavePE_nodrop,2,5,44.53080661990535
wavePE_nodrop,2,5,38.75006711481166
wavePE_nodrop,2,5,25.40786966282067
wavePE_nodrop,2,6,8.417303121675909
wavePE_nodrop,2,6,9.714943215012056
wavePE_nodrop,2,6,10.734245789314297
wavePE_nodrop,2,6,6.348566989958057
wavePE_nodrop,2,6,5.8838608582468614
wavePE_nodrop,2,6,8.08254194729372
wavePE_nodrop,2,6,7.209990326004363
wavePE_nodrop,2,6,6.7963625122184155
wavePE_nodrop,2,6,4.333347961140493
wavePE_nodrop,2,6,11.638241096910518
wavePE_nodrop,2,6,7.621865527519297
wavePE_nodrop,2,6,5.182082999315712
wavePE_nodrop,2,6,9.944620451500894
wavePE_nodrop,2,6,8.032929237371263
wavePE_nodrop,2,6,5.684641864407176
wavePE_nodrop,2,6,13.997592378704166
wavePE_nodrop,2,6,10.028740536553274
wavePE_nodrop,2,6,11.580000410391074
wavePE_nodrop,2,6,9.798504068762842
wavePE_nodrop,2,6,14.899793288884613
wavePE_nodrop,2,6,9.38165378521449
wavePE_nodrop,2,6,11.934268474049038
wavePE_nodrop,2,6,9.915828814978353
wavePE_nodrop,2,6,4.045328807105887
wavePE_nodrop,2,6,4.986578084437148
wavePE_nodrop,2,6,13.43152830275952
wavePE_nodrop,2,6,12.733036763376951
wavePE_nodrop,2,6,12.738080118301525
wavePE_nodrop,2,6,16.538328225177217
wavePE_nodrop,2,6,9.149964410195203
wavePE_nodrop,2,6,14.380012474854203
wavePE_nodrop,2,6,19.9630176027826
wavePE_nodrop,2,6,8.161934503474832
wavePE_nodrop,2,6,12.479460825430428
wavePE_nodrop,2,6,5.055057789745461
wavePE_nodrop,2,6,16.445905140687994
wavePE_nodrop,2,6,9.131064113124603
wavePE_nodrop,2,6,9.222578330143966
wavePE_nodrop,2,6,3.7594960380142255
wavePE_nodrop,2,6,15.728541612289193
wavePE_nodrop,2,6,17.829406784818453
wavePE_nodrop,2,6,8.589746191295136
wavePE_nodrop,2,6,9.343626651087641
wavePE_nodrop,2,6,4.262715012502316
wavePE_nodrop,2,6,7.286240022443079
wavePE_nodrop,2,6,16.760172081706614
wavePE_nodrop,2,6,13.020802426822994
wavePE_nodrop,2,6,13.728618510045271
wavePE_nodrop,2,6,12.445711190368968
wavePE_nodrop,2,6,9.253834465956295
wavePE_nodrop,2,6,12.557824691528797
wavePE_nodrop,2,6,17.94532819471786
wavePE_nodrop,2,6,9.840670488045019
wavePE_nodrop,2,6,13.306732972238194
wavePE_nodrop,2,6,4.96847055201262
wavePE_nodrop,2,6,13.578707875245573
wavePE_nodrop,2,6,19.00059892410793
wavePE_nodrop,2,6,16.531561397591602
wavePE_nodrop,2,6,5.595998188760102
wavePE_nodrop,2,6,6.407108349028567
wavePE_nodrop,2,6,7.9071982949273725
wavePE_nodrop,2,6,20.533578860856416
wavePE_nodrop,2,6,9.545610516410875
wavePE_nodrop,2,6,15.109296755524667
wavePE_nodrop,2,6,1.9569268074573418
wavePE_nodrop,2,6,13.279291533193827
wavePE_nodrop,2,6,9.115851603906826
wavePE_nodrop,2,6,12.28262999726996
wavePE_nodrop,2,6,1.6134302149063966
wavePE_nodrop,2,6,10.39862863109198
wavePE_nodrop,2,6,14.660453789541124
wavePE_nodrop,2,6,20.27018239952643
wavePE_nodrop,2,6,14.149385034465393
wavePE_nodrop,2,6,9.222885363976976
wavePE_nodrop,2,6,19.67227263897151
wavePE_nodrop,2,6,13.435904994921383
wavePE_nodrop,2,6,10.009493847950496
wavePE_nodrop,2,6,17.847732669754617
wavePE_nodrop,2,6,8.118556840544155
wavePE_nodrop,2,6,11.853519867756422
wavePE_nodrop,2,6,32.64226967088624
wavePE_nodrop,2,6,37.62215980109764
wavePE_nodrop,2,6,30.72211968823644
wavePE_nodrop,2,6,35.35384132456183
wavePE_nodrop,2,6,23.83623233336313
wavePE_nodrop,2,6,27.007387911289605
wavePE_nodrop,2,6,38.44392690311573
wavePE_nodrop,2,6,31.31321102917716
wavePE_nodrop,2,6,29.395525136792433
wavePE_nodrop,2,6,25.726654640226627
wavePE_nodrop,2,6,43.75611870869369
wavePE_nodrop,2,6,39.485822932469326
wavePE_nodrop,2,6,34.438169528194535
wavePE_nodrop,2,6,36.511951716771904
wavePE_nodrop,2,6,22.73559861594986
wavePE_nodrop,2,6,30.871809329627943
wavePE_nodrop,2,6,45.598195606459065
wavePE_nodrop,2,6,35.54618767170534
wavePE_nodrop,2,6,32.987896861989455
wavePE_nodrop,2,6,29.871227155832457
wavePE_nodrop,2,6,39.941246145927565
wavePE_nodrop,2,6,39.86987616163999
wavePE_nodrop,2,6,32.28674988596181
wavePE_nodrop,2,6,21.626186863109698
wavePE_nodrop,2,6,32.53772673986747
wavePE_nodrop,2,6,29.497592098966564
wavePE_nodrop,2,6,29.69713273153831
wavePE_nodrop,2,6,30.58410562645929
wavePE_nodrop,2,6,26.388846818824423
wavePE_nodrop,2,6,11.610804641134889
wavePE_nodrop,2,6,23.942012933950842
wavePE_nodrop,2,6,33.07944375971519
wavePE_nodrop,2,6,31.74454547016109
wavePE_nodrop,2,6,28.708780860198825
wavePE_nodrop,2,6,20.68992922379373
wavePE_nodrop,2,6,40.76462951816479
wavePE_nodrop,2,6,33.838691510886704
wavePE_nodrop,2,6,37.907988580283174
wavePE_nodrop,2,6,19.884423363968324
wavePE_nodrop,2,6,32.55289469238542
wavePE_nodrop,2,6,29.893303326629283
wavePE_nodrop,2,6,30.14837509540135
wavePE_nodrop,2,6,28.514683437288202
wavePE_nodrop,2,6,18.89855698670344
wavePE_nodrop,2,6,26.23456906283278
wavePE_nodrop,2,6,16.6814321124406
wavePE_nodrop,2,6,20.19821599269374
wavePE_nodrop,2,6,16.868306480849824
wavePE_nodrop,2,6,14.29719141037781
wavePE_nodrop,2,6,16.565419357650175
wavePE_nodrop,2,6,19.286987923039028
wavePE_nodrop,2,6,15.592603410932837
wavePE_nodrop,2,6,16.89853198322025
wavePE_nodrop,2,6,16.085493243048976
wavePE_nodrop,2,6,15.67954277132882
wavePE_nodrop,2,6,14.176384459808164
wavePE_nodrop,2,6,23.636056653255405
wavePE_nodrop,2,6,24.31029919446258
wavePE_nodrop,2,6,23.27922833168725
wavePE_nodrop,2,6,24.372973596934393
wavePE_nodrop,2,6,17.388026293333475
wavePE_nodrop,2,6,19.28867288457281
wavePE_nodrop,2,6,26.800490474403905
wavePE_nodrop,2,6,25.534902120924595
wavePE_nodrop,2,6,25.645469391656263
wavePE_nodrop,2,6,21.46561208442665
wavePE_nodrop,2,6,38.98226368412615
wavePE_nodrop,2,6,46.03792710560627
wavePE_nodrop,2,6,35.19959828272231
wavePE_nodrop,2,6,38.69281764465309
wavePE_nodrop,2,6,25.552450920454323
wavePE_nodrop,2,6,27.42735824999734
wavePE_nodrop,2,6,39.42573003815942
wavePE_nodrop,2,6,29.979801947341635
wavePE_nodrop,2,6,33.649077550021914
wavePE_nodrop,2,6,25.177977365233517
wavePE_nodrop,2,6,37.029670999338215
wavePE_nodrop,2,6,20.744736425876397
wavePE_nodrop,2,6,29.99862632932012
wavePE_nodrop,2,6,25.53040221381745
wavePE_nodrop,2,6,28.054892994283325
wavePE_nodrop,2,6,17.098110241603486
wavePE_nodrop,2,6,22.864651355275978
wavePE_nodrop,2,6,18.030669494634797
wavePE_nodrop,2,6,19.500411613252023
wavePE_nodrop,2,6,17.69004783550753
wavePE_nodrop,2,6,17.761332309966864
wavePE_nodrop,2,6,24.57320847182138
wavePE_nodrop,2,6,16.25679157430293
wavePE_nodrop,2,6,18.757117427220468
wavePE_nodrop,2,6,18.098262198897434
wavePE_nodrop,2,6,35.0032829048585
wavePE_nodrop,2,6,22.309320872114572
wavePE_nodrop,2,6,27.505141118638633
wavePE_nodrop,2,6,26.52355114342491
wavePE_nodrop,2,6,25.45861352846218
wavePE_nodrop,2,6,32.17180276746335
wavePE_nodrop,2,6,19.982276678906135
wavePE_nodrop,2,6,21.865986782579785
wavePE_nodrop,2,6,22.301356736414167
wavePE_nodrop,2,6,24.270607783498292
wavePE_nodrop,2,6,5.529539654599312
wavePE_nodrop,2,6,19.322523023355885
wavePE_nodrop,2,6,18.509330779930064
wavePE_nodrop,2,6,20.875428051107114
wavePE_nodrop,2,6,21.02804666715783
wavePE_nodrop,2,6,18.266914226113318
wavePE_nodrop,2,6,21.803940010564848
wavePE_nodrop,2,6,17.184040374025848
wavePE_nodrop,2,6,14.904077302756475
wavePE_nodrop,2,6,22.108582367980965
wavePE_nodrop,2,6,16.524820752319087
wavePE_nodrop,2,6,40.88682443429846
wavePE_nodrop,2,6,43.33392537075792
wavePE_nodrop,2,6,42.90646328654218
wavePE_nodrop,2,6,30.85082794530688
wavePE_nodrop,2,6,34.94868886478206
wavePE_nodrop,2,6,46.44694163792119
wavePE_nodrop,2,6,43.532963829744844
wavePE_nodrop,2,6,56.094373502401076
wavePE_nodrop,2,6,34.596503825072254
wavePE_nodrop,2,6,31.14697246268764
wavePE_nodrop,2,6,20.884445196966812
wavePE_nodrop,2,6,42.24565236043685
wavePE_nodrop,2,6,34.031684551956175
wavePE_nodrop,2,6,42.73683702359852
wavePE_nodrop,2,6,39.028896869926896
wavePE_nodrop,2,6,34.305405042569525
wavePE_nodrop,2,6,25.875067258806993
wavePE_nodrop,2,6,19.99785551073188
learnedPE_drop,2,0,93.79599788799881
learnedPE_drop,2,1,92.9576200074076
learnedPE_drop,2,1,92.21683368109025
learnedPE_drop,2,1,93.7366651982866
learnedPE_drop,2,1,93.37408105556149
learnedPE_drop,2,1,93.03746543490814
learnedPE_drop,2,1,93.11104308126845
learnedPE_drop,2,1,93.88091860400743
learnedPE_drop,2,1,94.16513650938947
learnedPE_drop,2,1,93.46937988846705
learnedPE_drop,2,1,93.46530551386832
learnedPE_drop,2,2,89.93640654561925
learnedPE_drop,2,2,92.61502772528829
learnedPE_drop,2,2,92.28551630430631
learnedPE_drop,2,2,92.08235059390508
learnedPE_drop,2,2,91.81539933596106
learnedPE_drop,2,2,92.9564694990299
learnedPE_drop,2,2,92.99220177612011
learnedPE_drop,2,2,92.76105776426009
learnedPE_drop,2,2,92.00207921246808
learnedPE_drop,2,2,91.44268883883748
learnedPE_drop,2,2,90.97392129560924
learnedPE_drop,2,2,91.77564007070038
learnedPE_drop,2,2,90.9901695518863
learnedPE_drop,2,2,92.29238581561542
learnedPE_drop,2,2,92.31927395747775
learnedPE_drop,2,2,91.80068891698187
learnedPE_drop,2,2,91.7251623432659
learnedPE_drop,2,2,91.3129731245342
learnedPE_drop,2,2,92.7390451935527
learnedPE_drop,2,2,93.07121666354473
learnedPE_drop,2,2,93.77363213069758
learnedPE_drop,2,2,93.78622673415123
learnedPE_drop,2,2,93.33536071486041
learnedPE_drop,2,2,93.31699111256206
learnedPE_drop,2,2,90.7441694759834
learnedPE_drop,2,2,91.7694648833876
learnedPE_drop,2,2,93.30817965010621
learnedPE_drop,2,2,93.45485844180246
learnedPE_drop,2,2,92.8604449477294
learnedPE_drop,2,2,93.01417995034453
learnedPE_drop,2,2,92.03533708013876
learnedPE_drop,2,2,92.70580737425642
learnedPE_drop,2,2,93.09599033959759
learnedPE_drop,2,2,92.60540051167693
learnedPE_drop,2,2,92.38098997981265
learnedPE_drop,2,2,93.0406356892047
learnedPE_drop,2,2,92.13432110667262
learnedPE_drop,2,2,93.3062992406184
learnedPE_drop,2,2,93.1059567096967
learnedPE_drop,2,2,94.06861060794236
learnedPE_drop,2,2,92.9830583910604
learnedPE_drop,2,2,93.49463291700376
learnedPE_drop,2,2,93.72242181005669
learnedPE_drop,2,2,93.36660060729233
learnedPE_drop,2,2,92.46535799195786
learnedPE_drop,2,3,88.63940001711654
learnedPE_drop,2,3,88.25460365930688
learnedPE_drop,2,3,88.11500443147555
learnedPE_drop,2,3,87.24819143580851
learnedPE_drop,2,3,89.75195880986034
learnedPE_drop,2,3,89.65036762363223
learnedPE_drop,2,3,89.05952833233664
learnedPE_drop,2,3,87.73035854057477
learnedPE_drop,2,3,89.209672209982
learnedPE_drop,2,3,91.6392397757756
learnedPE_drop,2,3,91.3784365491925
learnedPE_drop,2,3,92.6954114126904
learnedPE_drop,2,3,92.26328766358229
learnedPE_drop,2,3,92.45372378358253
learnedPE_drop,2,3,91.16829972278626
learnedPE_drop,2,3,89.24496646662581
learnedPE_drop,2,3,90.70876634908794
learnedPE_drop,2,3,92.09652787967278
learnedPE_drop,2,3,91.9090314580139
learnedPE_drop,2,3,91.92489052853662
learnedPE_drop,2,3,91.26557755405949
learnedPE_drop,2,3,91.08622685289642
learnedPE_drop,2,3,92.02617854824094
learnedPE_drop,2,3,91.96331379793226
learnedPE_drop,2,3,91.905406594141
learnedPE_drop,2,3,90.66504398546876
learnedPE_drop,2,3,91.88341884082443
learnedPE_drop,2,3,89.1509311399012
learnedPE_drop,2,3,91.77510423544784
learnedPE_drop,2,3,91.05582443423783
learnedPE_drop,2,3,93.01450339944822
learnedPE_drop,2,3,91.63703414323872
learnedPE_drop,2,3,92.19579289256615
learnedPE_drop,2,3,93.0918910667811
learnedPE_drop,2,3,91.91105099734332
learnedPE_drop,2,3,90.83492105356945
learnedPE_drop,2,3,85.0754028246982
learnedPE_drop,2,3,90.54730210037508
learnedPE_drop,2,3,90.33795667463184
learnedPE_drop,2,3,91.11952084252093
learnedPE_drop,2,3,91.0251870615488
learnedPE_drop,2,3,90.39088040658852
learnedPE_drop,2,3,90.79982773159792
learnedPE_drop,2,3,89.47860525343458
learnedPE_drop,2,3,88.45090644845524
learnedPE_drop,2,3,91.19658895329425
learnedPE_drop,2,3,91.03481746432492
learnedPE_drop,2,3,90.55452788544525
learnedPE_drop,2,3,90.4631239918253
learnedPE_drop,2,3,90.74323962542867
learnedPE_drop,2,3,91.80499532702441
learnedPE_drop,2,3,91.87260123377636
learnedPE_drop,2,3,91.1806091174266
learnedPE_drop,2,3,91.48915282181507
learnedPE_drop,2,3,90.4348381603409
learnedPE_drop,2,3,89.11182039143043
learnedPE_drop,2,3,90.71515654078262
learnedPE_drop,2,3,90.9016745259398
learnedPE_drop,2,3,91.8462352496974
learnedPE_drop,2,3,91.05907242139696
learnedPE_drop,2,3,91.53951061278364
learnedPE_drop,2,3,91.58246749445853
learnedPE_drop,2,3,91.27924009345814
learnedPE_drop,2,3,91.00899288582119
learnedPE_drop,2,3,82.83671463263661
learnedPE_drop,2,3,88.98785629771558
learnedPE_drop,2,3,90.82394078333857
learnedPE_drop,2,3,91.42364425652747
learnedPE_drop,2,3,90.01242274837658
learnedPE_drop,2,3,90.77651864138168
learnedPE_drop,2,3,91.50222101263982
learnedPE_drop,2,3,92.69510933721693
learnedPE_drop,2,3,92.7255827688246
learnedPE_drop,2,3,92.18918439858763
learnedPE_drop,2,3,91.96770539889752
learnedPE_drop,2,3,92.85505853132759
learnedPE_drop,2,3,91.70618182127109
learnedPE_drop,2,3,93.13715435063729
learnedPE_drop,2,3,92.77410349544797
learnedPE_drop,2,3,93.72306418439513
learnedPE_drop,2,3,92.51364249067959
learnedPE_drop,2,3,93.23659787202733
learnedPE_drop,2,3,93.29441660889476
learnedPE_drop,2,3,92.87557508494703
learnedPE_drop,2,3,91.40361390370649
learnedPE_drop,2,3,89.16606819404896
learnedPE_drop,2,3,90.91666026733445
learnedPE_drop,2,3,91.04274612972945
learnedPE_drop,2,3,90.06134770992686
learnedPE_drop,2,3,89.51070390864176
learnedPE_drop,2,3,91.4698643650164
learnedPE_drop,2,3,90.74747428203
learnedPE_drop,2,3,92.04990330319123
learnedPE_drop,2,3,91.74797768613861
learnedPE_drop,2,3,93.66518302121298
learnedPE_drop,2,3,92.2011070059652
learnedPE_drop,2,3,92.86394301795923
learnedPE_drop,2,3,93.47986876281529
learnedPE_drop,2,3,92.71799007280781
learnedPE_drop,2,3,91.47643774595011
learnedPE_drop,2,3,92.00429855828122
learnedPE_drop,2,3,90.06421179312417
learnedPE_drop,2,3,92.28095252422865
learnedPE_drop,2,3,91.68784515828922
learnedPE_drop,2,3,92.82314116536008
learnedPE_drop,2,3,91.58071890792094
learnedPE_drop,2,3,92.26980385987916
learnedPE_drop,2,3,93.03189388180235
learnedPE_drop,2,3,92.16689796064932
learnedPE_drop,2,3,91.12909071145016
learnedPE_drop,2,3,91.53985819870796
learnedPE_drop,2,3,92.44794887702268
learnedPE_drop,2,3,92.87861746310244
learnedPE_drop,2,3,91.8568559914115
learnedPE_drop,2,3,91.20433000282564
learnedPE_drop,2,3,92.15025304305853
learnedPE_drop,2,3,92.73791202585912
learnedPE_drop,2,3,93.09411049989069
learnedPE_drop,2,3,88.72852115179283
learnedPE_drop,2,3,92.01440351430665
learnedPE_drop,2,4,75.65056865477014
learnedPE_drop,2,4,85.26092070298078
learnedPE_drop,2,4,87.27562903998025
learnedPE_drop,2,4,88.2712419466539
learnedPE_drop,2,4,88.17119174044976
learnedPE_drop,2,4,87.77481944124801
learnedPE_drop,2,4,86.23248246173425
learnedPE_drop,2,4,77.79561408216989
learnedPE_drop,2,4,85.71578960828444
learnedPE_drop,2,4,87.46569369197998
learnedPE_drop,2,4,87.74907619775047
learnedPE_drop,2,4,86.7206450209489
learnedPE_drop,2,4,86.55222646115291
learnedPE_drop,2,4,81.16719656380602
learnedPE_drop,2,4,87.03098453846468
learnedPE_drop,2,4,87.76759659524406
learnedPE_drop,2,4,86.97235711444296
learnedPE_drop,2,4,82.43384622514711
learnedPE_drop,2,4,83.73969068244196
learnedPE_drop,2,4,83.14332434455042
learnedPE_drop,2,4,85.59944501406562
learnedPE_drop,2,4,84.1936127319316
learnedPE_drop,2,4,89.38159694035312
learnedPE_drop,2,4,86.80922283353165
learnedPE_drop,2,4,87.39710694133029
learnedPE_drop,2,4,88.93107640675937
learnedPE_drop,2,4,86.49225892416383
learnedPE_drop,2,4,85.38158530586423
learnedPE_drop,2,4,63.024571715752074
learnedPE_drop,2,4,86.03004507085794
learnedPE_drop,2,4,88.80355079564855
learnedPE_drop,2,4,87.97254220807406
learnedPE_drop,2,4,87.26400819813365
learnedPE_drop,2,4,86.62967234874574
learnedPE_drop,2,4,90.13050063063571
learnedPE_drop,2,4,91.18819305539895
learnedPE_drop,2,4,90.91527924906502
learnedPE_drop,2,4,91.35606002844172
learnedPE_drop,2,4,89.7475672477974
learnedPE_drop,2,4,91.28173289610623
learnedPE_drop,2,4,87.81585024096418
learnedPE_drop,2,4,91.49035002061754
learnedPE_drop,2,4,90.20084976464994
learnedPE_drop,2,4,92.22473604379681
learnedPE_drop,2,4,90.85197769776423
learnedPE_drop,2,4,91.35146363983557
learnedPE_drop,2,4,92.1472384120488
learnedPE_drop,2,4,90.76993735582262
learnedPE_drop,2,4,88.83715195184965
learnedPE_drop,2,4,87.5212167078454
learnedPE_drop,2,4,89.5080601055111
learnedPE_drop,2,4,88.99311711080959
learnedPE_drop,2,4,88.66564445041418
learnedPE_drop,2,4,87.32033562128905
learnedPE_drop,2,4,90.33624855881075
learnedPE_drop,2,4,87.64524404833881
learnedPE_drop,2,4,90.6675663566723
learnedPE_drop,2,4,90.35952877944268
learnedPE_drop,2,4,91.88083425779504
learnedPE_drop,2,4,90.42370309925931
learnedPE_drop,2,4,91.45606313151458
learnedPE_drop,2,4,91.98536876894046
learnedPE_drop,2,4,91.07054837993736
learnedPE_drop,2,4,89.39902907633784
learnedPE_drop,2,4,91.04431037805439
learnedPE_drop,2,4,87.37541847703612
learnedPE_drop,2,4,91.14687830665942
learnedPE_drop,2,4,89.83849852137
learnedPE_drop,2,4,91.93820913777368
learnedPE_drop,2,4,90.45286342991037
learnedPE_drop,2,4,90.56403681641805
learnedPE_drop,2,4,92.12079585113631
learnedPE_drop,2,4,90.12394895373602
learnedPE_drop,2,4,89.70233102850214
learnedPE_drop,2,4,88.87269103837627
learnedPE_drop,2,4,90.74329512985257
learnedPE_drop,2,4,91.28203530461238
learnedPE_drop,2,4,89.4943161611159
learnedPE_drop,2,4,85.30283812956463
learnedPE_drop,2,4,90.2652519874056
learnedPE_drop,2,4,91.51106951757855
learnedPE_drop,2,4,91.45868426817307
learnedPE_drop,2,4,86.98295839417338
learnedPE_drop,2,4,89.99419821207802
learnedPE_drop,2,4,40.6669572526598
learnedPE_drop,2,4,81.15419564886909
learnedPE_drop,2,4,82.32367224369699
learnedPE_drop,2,4,84.23577801444542
learnedPE_drop,2,4,83.07616660367366
learnedPE_drop,2,4,83.4361879654748
learnedPE_drop,2,4,88.92683284026499
learnedPE_drop,2,4,90.46492133634956
learnedPE_drop,2,4,90.31950987800795
learnedPE_drop,2,4,89.6536887069516
learnedPE_drop,2,4,90.026904386211
learnedPE_drop,2,4,88.56791183727722
learnedPE_drop,2,4,87.06095669234521
learnedPE_drop,2,4,89.31214799729138
learnedPE_drop,2,4,89.3643054766799
learnedPE_drop,2,4,90.0750033755574
learnedPE_drop,2,4,89.91681834103134
learnedPE_drop,2,4,90.19595138608513
learnedPE_drop,2,4,90.15000833824959
learnedPE_drop,2,4,89.81337440608294
learnedPE_drop,2,4,88.69840359107062
learnedPE_drop,2,4,86.83910800895269
learnedPE_drop,2,4,89.77753826832415
learnedPE_drop,2,4,89.35026378215733
learnedPE_drop,2,4,89.07605749455394
learnedPE_drop,2,4,88.43763298173877
learnedPE_drop,2,4,87.29427439546083
learnedPE_drop,2,4,86.04341125929918
learnedPE_drop,2,4,88.03311295003289
learnedPE_drop,2,4,88.1516726536153
learnedPE_drop,2,4,90.8137765187399
learnedPE_drop,2,4,89.82838687376935
learnedPE_drop,2,4,90.2465062238943
learnedPE_drop,2,4,90.76231094007083
learnedPE_drop,2,4,90.07207473620467
learnedPE_drop,2,4,89.4494674354018
learnedPE_drop,2,4,89.82518286173038
learnedPE_drop,2,4,86.91415892538413
learnedPE_drop,2,4,90.42381817747656
learnedPE_drop,2,4,90.38524776418978
learnedPE_drop,2,4,91.48778009042078
learnedPE_drop,2,4,90.5410145717071
learnedPE_drop,2,4,91.21872427869751
learnedPE_drop,2,4,91.48604376396034
learnedPE_drop,2,4,90.39568337942153
learnedPE_drop,2,4,90.31488802085295
learnedPE_drop,2,4,86.50744122106641
learnedPE_drop,2,4,88.6057351432321
learnedPE_drop,2,4,89.9535256484663
learnedPE_drop,2,4,88.04427325729138
learnedPE_drop,2,4,87.12542285325904
learnedPE_drop,2,4,90.37010886061847
learnedPE_drop,2,4,90.15848272248613
learnedPE_drop,2,4,90.13900999109839
learnedPE_drop,2,4,88.264469149101
learnedPE_drop,2,4,89.2374364070318
learnedPE_drop,2,4,77.8439370118782
learnedPE_drop,2,4,79.49293745560301
learnedPE_drop,2,4,82.79956218443829
learnedPE_drop,2,4,81.8237468814276
learnedPE_drop,2,4,81.72720613152131
learnedPE_drop,2,4,88.40864702777829
learnedPE_drop,2,4,87.39197078343285
learnedPE_drop,2,4,89.0458249167047
learnedPE_drop,2,4,88.89859359530521
learnedPE_drop,2,4,90.26336093417609
learnedPE_drop,2,4,88.09363602219553
learnedPE_drop,2,4,89.78562226875036
learnedPE_drop,2,4,90.2117753490806
learnedPE_drop,2,4,89.97695672763165
learnedPE_drop,2,4,86.96809434186375
learnedPE_drop,2,4,90.84919873464796
learnedPE_drop,2,4,90.01706037478263
learnedPE_drop,2,4,91.42288618332056
learnedPE_drop,2,4,90.77678079051562
learnedPE_drop,2,4,92.22328046536096
learnedPE_drop,2,4,90.73670298020177
learnedPE_drop,2,4,91.9107833278675
learnedPE_drop,2,4,92.33128134785457
learnedPE_drop,2,4,91.44742928091331
learnedPE_drop,2,4,89.87624635076457
learnedPE_drop,2,4,90.90829934661296
learnedPE_drop,2,4,91.97092835180331
learnedPE_drop,2,4,92.2467816586846
learnedPE_drop,2,4,91.17277981624936
learnedPE_drop,2,4,90.7049372439574
learnedPE_drop,2,4,91.32338544473238
learnedPE_drop,2,4,92.09398236297487
learnedPE_drop,2,4,92.62723862833923
learnedPE_drop,2,4,87.70539213649057
learnedPE_drop,2,4,89.89576051899977
learnedPE_drop,2,4,89.46455990361372
learnedPE_drop,2,4,87.04686897474971
learnedPE_drop,2,4,89.39408538011737
learnedPE_drop,2,4,88.10407618127589
learnedPE_drop,2,4,90.8323496489911
learnedPE_drop,2,4,89.17718503603002
learnedPE_drop,2,4,89.82784702986375
learnedPE_drop,2,4,90.7773160947529
learnedPE_drop,2,4,89.72737861453265
learnedPE_drop,2,4,88.20186316873009
learnedPE_drop,2,4,90.59476003581786
learnedPE_drop,2,4,91.44475834635615
learnedPE_drop,2,4,91.45394729702818
learnedPE_drop,2,4,91.1233792730166
learnedPE_drop,2,4,89.73205693354855
learnedPE_drop,2,4,90.96180159758548
learnedPE_drop,2,4,92.0693666647971
learnedPE_drop,2,4,92.84181250102635
learnedPE_drop,2,4,87.72771679194722
learnedPE_drop,2,4,91.04179510164452
learnedPE_drop,2,4,89.65628226914367
learnedPE_drop,2,4,91.12798229348088
learnedPE_drop,2,4,91.46057728057025
learnedPE_drop,2,4,90.57989673330901
learnedPE_drop,2,4,87.65164567212592
learnedPE_drop,2,4,90.67462847399939
learnedPE_drop,2,4,91.25822520530463
learnedPE_drop,2,4,91.95592983245209
learnedPE_drop,2,4,85.4298418858073
learnedPE_drop,2,4,91.24556454524124
learnedPE_drop,2,4,87.60070955971426
learnedPE_drop,2,4,89.75975437342973
learnedPE_drop,2,4,86.7432169253189
learnedPE_drop,2,4,86.75014882281336
learnedPE_drop,2,4,86.48073501300424
learnedPE_drop,2,5,15.278413511559707
learnedPE_drop,2,5,66.33714365086367
learnedPE_drop,2,5,72.44087844880598
learnedPE_drop,2,5,74.79736101477552
learnedPE_drop,2,5,73.22898172307798
learnedPE_drop,2,5,71.24811723450205
learnedPE_drop,2,5,78.80563334700112
learnedPE_drop,2,5,84.86882393623638
learnedPE_drop,2,5,85.65708641121144
learnedPE_drop,2,5,84.93249616661365
learnedPE_drop,2,5,81.84941133577955
learnedPE_drop,2,5,84.52643114149406
learnedPE_drop,2,5,82.14993247344637
learnedPE_drop,2,5,86.10251359250272
learnedPE_drop,2,5,84.6193613838396
learnedPE_drop,2,5,86.92542514115513
learnedPE_drop,2,5,84.93485287346554
learnedPE_drop,2,5,85.89898219372994
learnedPE_drop,2,5,86.7971551889887
learnedPE_drop,2,5,84.74284236081175
learnedPE_drop,2,5,82.47195644512281
learnedPE_drop,2,5,69.36316605639409
learnedPE_drop,2,5,76.05308819396784
learnedPE_drop,2,5,79.76095668866928
learnedPE_drop,2,5,78.16545180739088
learnedPE_drop,2,5,70.47294408325632
learnedPE_drop,2,5,80.63393873584683
learnedPE_drop,2,5,80.07840791403108
learnedPE_drop,2,5,83.24826725218679
learnedPE_drop,2,5,82.36915279334191
learnedPE_drop,2,5,86.5917646671005
learnedPE_drop,2,5,83.10807680905195
learnedPE_drop,2,5,85.07282132097541
learnedPE_drop,2,5,85.26961474800594
learnedPE_drop,2,5,85.41544851771171
learnedPE_drop,2,5,78.79079566105449
learnedPE_drop,2,5,79.85882592833515
learnedPE_drop,2,5,76.48854143028169
learnedPE_drop,2,5,80.20866679912618
learnedPE_drop,2,5,78.4296416507201
learnedPE_drop,2,5,86.8465804549637
learnedPE_drop,2,5,84.05578897005276
learnedPE_drop,2,5,81.09965467381606
learnedPE_drop,2,5,86.63332631585286
learnedPE_drop,2,5,81.40147626814056
learnedPE_drop,2,5,78.46799553812306
learnedPE_drop,2,5,78.2048339631455
learnedPE_drop,2,5,79.27251532023008
learnedPE_drop,2,5,80.68116844776574
learnedPE_drop,2,5,81.18180757704192
learnedPE_drop,2,5,72.11211620770092
learnedPE_drop,2,5,81.31367139565307
learnedPE_drop,2,5,85.64514860011997
learnedPE_drop,2,5,86.31091592106664
learnedPE_drop,2,5,79.36613837556256
learnedPE_drop,2,5,80.84974779427397
learnedPE_drop,2,5,66.9529427610474
learnedPE_drop,2,5,57.85211302445957
learnedPE_drop,2,5,64.26949746560736
learnedPE_drop,2,5,61.160228765425884
learnedPE_drop,2,5,56.698297524725284
learnedPE_drop,2,5,83.73761406127397
learnedPE_drop,2,5,79.36811336408869
learnedPE_drop,2,5,85.90243620738693
learnedPE_drop,2,5,84.13545821240722
learnedPE_drop,2,5,86.99881464311962
learnedPE_drop,2,5,84.79505535849768
learnedPE_drop,2,5,85.97787298093532
learnedPE_drop,2,5,86.4070308508337
learnedPE_drop,2,5,85.2295995054165
learnedPE_drop,2,5,81.26640384204576
learnedPE_drop,2,5,88.84069618650274
learnedPE_drop,2,5,85.09012990516813
learnedPE_drop,2,5,90.35757125733625
learnedPE_drop,2,5,88.74003730401563
learnedPE_drop,2,5,90.91134826332765
learnedPE_drop,2,5,89.63325436140619
learnedPE_drop,2,5,89.62980181268703
learnedPE_drop,2,5,91.00175032763373
learnedPE_drop,2,5,88.23473740179948
learnedPE_drop,2,5,87.04906911977108
learnedPE_drop,2,5,86.88056330438164
learnedPE_drop,2,5,89.80629823827422
learnedPE_drop,2,5,90.26399895106265
learnedPE_drop,2,5,86.90886769479012
learnedPE_drop,2,5,84.585499779595
learnedPE_drop,2,5,88.20567556226196
learnedPE_drop,2,5,90.14430137661842
learnedPE_drop,2,5,89.65174141958829
learnedPE_drop,2,5,84.9183166077178
learnedPE_drop,2,5,85.08413260515464
learnedPE_drop,2,5,86.83583448143452
learnedPE_drop,2,5,82.87696169152134
learnedPE_drop,2,5,87.74802695297672
learnedPE_drop,2,5,86.33269797421626
learnedPE_drop,2,5,89.31073053676785
learnedPE_drop,2,5,86.46294777598943
learnedPE_drop,2,5,87.3125555783047
learnedPE_drop,2,5,89.03990055166162
learnedPE_drop,2,5,86.6077720873515
learnedPE_drop,2,5,85.42130390311992
learnedPE_drop,2,5,86.63609819239451
learnedPE_drop,2,5,88.83865976717743
learnedPE_drop,2,5,90.23558787972688
learnedPE_drop,2,5,88.16573765880479
learnedPE_drop,2,5,83.36507252150965
learnedPE_drop,2,5,89.04354100937535
learnedPE_drop,2,5,90.07055209251249
learnedPE_drop,2,5,90.62283397177015
learnedPE_drop,2,5,85.66507165804683
learnedPE_drop,2,5,88.07520401552871
learnedPE_drop,2,5,86.4989037683944
learnedPE_drop,2,5,89.59564870098066
learnedPE_drop,2,5,89.45146138441523
learnedPE_drop,2,5,87.47889561653903
learnedPE_drop,2,5,81.53614541750518
learnedPE_drop,2,5,88.89337899534688
learnedPE_drop,2,5,89.59635342750938
learnedPE_drop,2,5,88.6962878925215
learnedPE_drop,2,5,82.68100534804148
learnedPE_drop,2,5,88.65302821468416
learnedPE_drop,2,5,76.84516920924268
learnedPE_drop,2,5,82.8878501740086
learnedPE_drop,2,5,84.23791035961361
learnedPE_drop,2,5,80.78801951309596
learnedPE_drop,2,5,82.95506601630439
learnedPE_drop,2,5,32.331972745094895
learnedPE_drop,2,5,40.5792688748569
learnedPE_drop,2,5,43.98425174520067
learnedPE_drop,2,5,39.17249161175103
learnedPE_drop,2,5,35.083255444965175
learnedPE_drop,2,5,78.9854016114815
learnedPE_drop,2,5,74.21292793611939
learnedPE_drop,2,5,80.19868875378064
learnedPE_drop,2,5,81.03589842882532
learnedPE_drop,2,5,80.7841637693287
learnedPE_drop,2,5,80.42790062905495
learnedPE_drop,2,5,80.61775643910025
learnedPE_drop,2,5,81.77174226925082
learnedPE_drop,2,5,81.58049305034703
learnedPE_drop,2,5,79.36695589217993
learnedPE_drop,2,5,86.3332228256073
learnedPE_drop,2,5,85.33520300160917
learnedPE_drop,2,5,87.93520295140638
learnedPE_drop,2,5,88.85002394639201
learnedPE_drop,2,5,89.63181789965549
learnedPE_drop,2,5,88.60299207617494
learnedPE_drop,2,5,90.03815735450176
learnedPE_drop,2,5,89.40241846870369
learnedPE_drop,2,5,89.14784491072815
learnedPE_drop,2,5,87.92124642490808
learnedPE_drop,2,5,83.20253132508488
learnedPE_drop,2,5,86.1868324470464
learnedPE_drop,2,5,87.83493718256128
learnedPE_drop,2,5,85.42282439583191
learnedPE_drop,2,5,86.14783561137718
learnedPE_drop,2,5,87.7423035189749
learnedPE_drop,2,5,88.11986898549418
learnedPE_drop,2,5,89.1269508226219
learnedPE_drop,2,5,85.62837160231919
learnedPE_drop,2,5,86.75040724628383
learnedPE_drop,2,5,84.75505985882211
learnedPE_drop,2,5,81.95799366361518
learnedPE_drop,2,5,86.68493779176632
learnedPE_drop,2,5,85.97273498861492
learnedPE_drop,2,5,89.4576739064558
learnedPE_drop,2,5,88.18561973541269
learnedPE_drop,2,5,88.63515895825151
learnedPE_drop,2,5,89.33019429445392
learnedPE_drop,2,5,88.34510052053757
learnedPE_drop,2,5,87.24850736208299
learnedPE_drop,2,5,83.34154906130667
learnedPE_drop,2,5,85.24204162817182
learnedPE_drop,2,5,87.06361393421844
learnedPE_drop,2,5,86.14057919712816
learnedPE_drop,2,5,84.09445783118518
learnedPE_drop,2,5,87.20028587670863
learnedPE_drop,2,5,89.31527435956068
learnedPE_drop,2,5,89.04925001815847
learnedPE_drop,2,5,87.01107131040877
learnedPE_drop,2,5,88.2009381835572
learnedPE_drop,2,5,83.21309722204899
learnedPE_drop,2,5,88.14703204028291
learnedPE_drop,2,5,88.9374456493963
learnedPE_drop,2,5,87.26903259556373
learnedPE_drop,2,5,84.55945786505916
learnedPE_drop,2,5,89.35381839448603
learnedPE_drop,2,5,89.85823900531898
learnedPE_drop,2,5,89.82438163251157
learnedPE_drop,2,5,86.86285119183304
learnedPE_drop,2,5,88.55789101406427
learnedPE_drop,2,5,78.02465134288987
learnedPE_drop,2,5,80.43875107848586
learnedPE_drop,2,5,84.77207297072098
learnedPE_drop,2,5,76.3576996062423
learnedPE_drop,2,5,81.53021716619382
learnedPE_drop,2,5,72.5708960237675
learnedPE_drop,2,5,72.24370535001229
learnedPE_drop,2,5,78.97437567391592
learnedPE_drop,2,5,78.43725978393539
learnedPE_drop,2,5,78.64094235311437
learnedPE_drop,2,5,74.74885104385824
learnedPE_drop,2,5,77.4076092423038
learnedPE_drop,2,5,80.59859457042357
learnedPE_drop,2,5,78.99643948993702
learnedPE_drop,2,5,78.69757380973567
learnedPE_drop,2,5,85.94808894506949
learnedPE_drop,2,5,87.02917560987119
learnedPE_drop,2,5,88.5284183954806
learnedPE_drop,2,5,87.37103409019745
learnedPE_drop,2,5,86.62335205051161
learnedPE_drop,2,5,86.58996945712664
learnedPE_drop,2,5,88.07213246656731
learnedPE_drop,2,5,88.80766707881942
learnedPE_drop,2,5,81.78884887934319
learnedPE_drop,2,5,80.24973109033776
learnedPE_drop,2,5,88.8263473712793
learnedPE_drop,2,5,90.46141335358632
learnedPE_drop,2,5,90.16132627007202
learnedPE_drop,2,5,89.36616227679488
learnedPE_drop,2,5,87.55558920752107
learnedPE_drop,2,5,88.7953034820093
learnedPE_drop,2,5,90.3192674837037
learnedPE_drop,2,5,91.15068295392129
learnedPE_drop,2,5,84.25922306521163
learnedPE_drop,2,5,88.03393923156881
learnedPE_drop,2,5,85.50786701788428
learnedPE_drop,2,5,88.78210627160284
learnedPE_drop,2,5,85.75780445250979
learnedPE_drop,2,5,82.8202620932449
learnedPE_drop,2,5,83.56470344675321
learnedPE_drop,2,5,86.24369126956259
learnedPE_drop,2,5,88.52123480885128
learnedPE_drop,2,5,88.14217739179064
learnedPE_drop,2,5,87.3631685132889
learnedPE_drop,2,5,83.6355678235576
learnedPE_drop,2,5,87.66666351427673
learnedPE_drop,2,5,88.72023522931225
learnedPE_drop,2,5,90.03992932657282
learnedPE_drop,2,5,82.35100628958149
learnedPE_drop,2,5,87.49159214783865
learnedPE_drop,2,5,87.29305496275141
learnedPE_drop,2,5,88.94735994567323
learnedPE_drop,2,5,85.91994731604808
learnedPE_drop,2,5,84.46237051681278
learnedPE_drop,2,5,84.63847811593982
learnedPE_drop,2,5,81.61864773904249
learnedPE_drop,2,5,87.09431080759079
learnedPE_drop,2,5,82.2754735627128
learnedPE_drop,2,5,83.69831713562188
learnedPE_drop,2,5,82.5275157863089
learnedPE_drop,2,5,42.66151884716286
learnedPE_drop,2,6,16.974580500926077
learnedPE_drop,2,6,14.874218792112487
learnedPE_drop,2,6,23.27996070912623
learnedPE_drop,2,6,15.722253556992705
learnedPE_drop,2,6,10.629152812339477
learnedPE_drop,2,6,64.50712345037431
learnedPE_drop,2,6,56.222877353992764
learnedPE_drop,2,6,67.08373566464078
learnedPE_drop,2,6,62.329330026589766
learnedPE_drop,2,6,69.96549135937184
learnedPE_drop,2,6,67.17570594336586
learnedPE_drop,2,6,68.7826529477261
learnedPE_drop,2,6,70.1821508428041
learnedPE_drop,2,6,67.27311244333876
learnedPE_drop,2,6,62.09010110906301
learnedPE_drop,2,6,75.43748037343586
learnedPE_drop,2,6,74.82653162474077
learnedPE_drop,2,6,79.72476942159261
learnedPE_drop,2,6,76.4075539367482
learnedPE_drop,2,6,84.85254468711695
learnedPE_drop,2,6,82.78393642279414
learnedPE_drop,2,6,81.70229301284813
learnedPE_drop,2,6,84.07558859640301
learnedPE_drop,2,6,81.6721273321129
learnedPE_drop,2,6,77.25250362344363
learnedPE_drop,2,6,74.49334650967623
learnedPE_drop,2,6,78.0032405163038
learnedPE_drop,2,6,81.6681165051165
learnedPE_drop,2,6,79.46929928608502
learnedPE_drop,2,6,73.59948569886609
learnedPE_drop,2,6,80.35370172813396
learnedPE_drop,2,6,82.70750767391047
learnedPE_drop,2,6,83.60517519473817
learnedPE_drop,2,6,75.47463291288565
learnedPE_drop,2,6,72.67755862264494
learnedPE_drop,2,6,62.70768609750104
learnedPE_drop,2,6,65.60417579358374
learnedPE_drop,2,6,69.60031700127246
learnedPE_drop,2,6,65.88868645693708
learnedPE_drop,2,6,77.167926215326
learnedPE_drop,2,6,71.98046477648286
learnedPE_drop,2,6,69.93978243535655
learnedPE_drop,2,6,77.59586347107374
learnedPE_drop,2,6,73.5546612873466
learnedPE_drop,2,6,66.70698189865489
learnedPE_drop,2,6,69.30934871504022
learnedPE_drop,2,6,73.40672824104793
learnedPE_drop,2,6,75.1897843410773
learnedPE_drop,2,6,76.47678179095603
learnedPE_drop,2,6,73.24808893702723
learnedPE_drop,2,6,73.70520902602814
learnedPE_drop,2,6,79.28796837778232
learnedPE_drop,2,6,84.36109293403358
learnedPE_drop,2,6,67.97733536882127
learnedPE_drop,2,6,70.988011967378
learnedPE_drop,2,6,72.43096175255472
learnedPE_drop,2,6,77.0406203084871
learnedPE_drop,2,6,77.12351171584115
learnedPE_drop,2,6,74.2923215071963
learnedPE_drop,2,6,64.34384445767276
learnedPE_drop,2,6,76.78040591500763
learnedPE_drop,2,6,81.05351666915153
learnedPE_drop,2,6,79.5711339192642
learnedPE_drop,2,6,74.81071956975474
learnedPE_drop,2,6,75.0781845313663
learnedPE_drop,2,6,62.05910968020286
learnedPE_drop,2,6,60.546958872681685
learnedPE_drop,2,6,68.66054910081715
learnedPE_drop,2,6,57.88871166271281
learnedPE_drop,2,6,66.98192156002914
learnedPE_drop,2,6,57.82834270273472
learnedPE_drop,2,6,54.736400861244704
learnedPE_drop,2,6,60.86753925862608
learnedPE_drop,2,6,56.79839601811274
learnedPE_drop,2,6,59.89276965068129
learnedPE_drop,2,6,53.750461940013764
learnedPE_drop,2,6,51.076422976301906
learnedPE_drop,2,6,65.39002762549659
learnedPE_drop,2,6,56.60653679477207
learnedPE_drop,2,6,51.47957897415023
learnedPE_drop,2,6,76.47197438690544
learnedPE_drop,2,6,80.69234661214453
learnedPE_drop,2,6,82.1491900073476
learnedPE_drop,2,6,79.31122709365872
learnedPE_drop,2,6,76.38821767053197
learnedPE_drop,2,6,81.76963692512153
learnedPE_drop,2,6,83.20368482874018
learnedPE_drop,2,6,84.22083321900708
learnedPE_drop,2,6,74.64208719124626
learnedPE_drop,2,6,71.43286498219625
learnedPE_drop,2,6,83.71511270272124
learnedPE_drop,2,6,87.72977246017362
learnedPE_drop,2,6,87.16426539318427
learnedPE_drop,2,6,84.62823722433117
learnedPE_drop,2,6,79.80717115937523
learnedPE_drop,2,6,84.48886598070067
learnedPE_drop,2,6,88.00535896502777
learnedPE_drop,2,6,86.5168943625581
learnedPE_drop,2,6,81.86104738831592
learnedPE_drop,2,6,84.4065811799718
learnedPE_drop,2,6,74.01314508353877
learnedPE_drop,2,6,81.99591981643883
learnedPE_drop,2,6,82.89613108266897
learnedPE_drop,2,6,78.33296817629571
learnedPE_drop,2,6,79.03110936547677
learnedPE_drop,2,6,80.61185954007529
learnedPE_drop,2,6,85.15101018661775
learnedPE_drop,2,6,85.77025279326529
learnedPE_drop,2,6,82.9518845377599
learnedPE_drop,2,6,76.78887425181635
learnedPE_drop,2,6,85.22380286900535
learnedPE_drop,2,6,84.72935458292116
learnedPE_drop,2,6,85.67844669221331
learnedPE_drop,2,6,78.3497728590785
learnedPE_drop,2,6,82.22552571608863
learnedPE_drop,2,6,77.0303160827513
learnedPE_drop,2,6,81.59982541629323
learnedPE_drop,2,6,83.17911538260859
learnedPE_drop,2,6,76.10977055427487
learnedPE_drop,2,6,80.14470246320589
learnedPE_drop,2,6,73.09762633956927
learnedPE_drop,2,6,78.85510604787484
learnedPE_drop,2,6,79.28589347936882
learnedPE_drop,2,6,74.11771236263111
learnedPE_drop,2,6,74.08403724431003
learnedPE_drop,2,6,23.548739548077446
learnedPE_drop,2,6,32.0625713129299
learnedPE_drop,2,6,30.27823077195769
learnedPE_drop,2,6,32.17203153472627
learnedPE_drop,2,6,29.268160532171585
learnedPE_drop,2,6,43.21125372937311
learnedPE_drop,2,6,33.91335165144756
learnedPE_drop,2,6,34.73192126102938
learnedPE_drop,2,6,42.9486323415128
learnedPE_drop,2,6,36.939867582757635
learnedPE_drop,2,6,33.01507041338662
learnedPE_drop,2,6,72.23178540000839
learnedPE_drop,2,6,75.40945860560349
learnedPE_drop,2,6,77.66911676329968
learnedPE_drop,2,6,70.42610495951337
learnedPE_drop,2,6,73.36017828653806
learnedPE_drop,2,6,78.43065137133172
learnedPE_drop,2,6,78.16242363911078
learnedPE_drop,2,6,78.6951784998351
learnedPE_drop,2,6,72.81051595827026
learnedPE_drop,2,6,70.70211838842894
learnedPE_drop,2,6,79.03544452374692
learnedPE_drop,2,6,85.02864482211345
learnedPE_drop,2,6,86.11886113662312
learnedPE_drop,2,6,84.64244884842091
learnedPE_drop,2,6,83.03073670158719
learnedPE_drop,2,6,86.38838456906322
learnedPE_drop,2,6,87.51666806177361
learnedPE_drop,2,6,88.19946632967735
learnedPE_drop,2,6,83.79827919918253
learnedPE_drop,2,6,85.29017501269567
learnedPE_drop,2,6,74.67094471154131
learnedPE_drop,2,6,80.07010844693187
learnedPE_drop,2,6,81.10556648927216
learnedPE_drop,2,6,74.14016611100219
learnedPE_drop,2,6,78.69543145291172
learnedPE_drop,2,6,74.35556122989749
learnedPE_drop,2,6,83.89405808076167
learnedPE_drop,2,6,84.81291734039145
learnedPE_drop,2,6,82.07614814534307
learnedPE_drop,2,6,79.35293583969111
learnedPE_drop,2,6,85.44830304822167
learnedPE_drop,2,6,86.30381207838545
learnedPE_drop,2,6,88.37297970290253
learnedPE_drop,2,6,84.17181783699021
learnedPE_drop,2,6,84.86797109583206
learnedPE_drop,2,6,76.53509819595688
learnedPE_drop,2,6,79.28505238847687
learnedPE_drop,2,6,82.4038420938639
learnedPE_drop,2,6,74.19265322960547
learnedPE_drop,2,6,78.5157882659913
learnedPE_drop,2,6,74.03295631691309
learnedPE_drop,2,6,77.64597086800175
learnedPE_drop,2,6,83.70234583898701
learnedPE_drop,2,6,72.92408585292281
learnedPE_drop,2,6,80.78083269309539
learnedPE_drop,2,6,31.043736318065612
learnedPE_drop,2,6,66.01468495326989
learnedPE_drop,2,6,70.45930061726648
learnedPE_drop,2,6,72.93588605761623
learnedPE_drop,2,6,72.036812764531
learnedPE_drop,2,6,67.86138714762428
learnedPE_drop,2,6,77.1673554325166
learnedPE_drop,2,6,71.07862127802152
learnedPE_drop,2,6,75.13615832445821
learnedPE_drop,2,6,70.24344143259808
learnedPE_drop,2,6,69.0049390092047
learnedPE_drop,2,6,81.58499862182293
learnedPE_drop,2,6,84.0099380982357
learnedPE_drop,2,6,80.44220149762664
learnedPE_drop,2,6,75.52004097916193
learnedPE_drop,2,6,70.63660285179961
learnedPE_drop,2,6,78.83488987992676
learnedPE_drop,2,6,85.44678389785501
learnedPE_drop,2,6,80.79169737343392
learnedPE_drop,2,6,80.32193384360741
learnedPE_drop,2,6,79.5153216852729
learnedPE_drop,2,6,42.589637944247706
learnedPE_drop,2,6,77.51143830547093
learnedPE_drop,2,6,82.53723164090252
learnedPE_drop,2,6,79.915177121116
learnedPE_drop,2,6,75.88479598362922
learnedPE_drop,2,6,76.19411813640579
learnedPE_drop,2,6,34.45135824390375
learnedPE_drop,2,6,36.910872990374635
wavePE_drop,2,0,94.49124590335211
wavePE_drop,2,1,92.9856319105167
wavePE_drop,2,1,93.91513866656722
wavePE_drop,2,1,93.66904717979685
wavePE_drop,2,1,93.99829815061773
wavePE_drop,2,1,93.92644711668055
wavePE_drop,2,1,94.3706591850327
wavePE_drop,2,1,94.34970390178228
wavePE_drop,2,1,93.66384949524446
wavePE_drop,2,1,94.00129038375115
wavePE_drop,2,1,94.143298199843
wavePE_drop,2,2,89.1874782549189
wavePE_drop,2,2,91.81303983687346
wavePE_drop,2,2,92.08055320046175
wavePE_drop,2,2,92.2755221423385
wavePE_drop,2,2,91.35124545204052
wavePE_drop,2,2,92.61396641442361
wavePE_drop,2,2,91.95741820979339
wavePE_drop,2,2,91.98592505680739
wavePE_drop,2,2,91.90594509670848
wavePE_drop,2,2,92.6258963541262
wavePE_drop,2,2,93.67791000830775
wavePE_drop,2,2,93.0049852712742
wavePE_drop,2,2,93.24959745993047
wavePE_drop,2,2,93.12611697516292
wavePE_drop,2,2,92.96305668388237
wavePE_drop,2,2,93.11781244495273
wavePE_drop,2,2,93.45825040184383
wavePE_drop,2,2,91.80668073992572
wavePE_drop,2,2,92.90617204335044
wavePE_drop,2,2,93.40295796451258
wavePE_drop,2,2,93.65511178416416
wavePE_drop,2,2,92.37231456078439
wavePE_drop,2,2,92.86116325941319
wavePE_drop,2,2,93.503450531494
wavePE_drop,2,2,92.50978315695401
wavePE_drop,2,2,93.70598591499338
wavePE_drop,2,2,93.70273541494973
wavePE_drop,2,2,92.94177006772527
wavePE_drop,2,2,93.32520563775115
wavePE_drop,2,2,93.74334287823241
wavePE_drop,2,2,93.64286221253649
wavePE_drop,2,2,93.40953197987392
wavePE_drop,2,2,93.01676993044836
wavePE_drop,2,2,93.39695981025547
wavePE_drop,2,2,94.00552557750355
wavePE_drop,2,2,93.93233885892924
wavePE_drop,2,2,91.85470769643227
wavePE_drop,2,2,93.8432162888196
wavePE_drop,2,2,93.96332200102245
wavePE_drop,2,2,93.28525097756926
wavePE_drop,2,2,93.26555360710454
wavePE_drop,2,2,94.02335110733081
wavePE_drop,2,2,92.68564720801739
wavePE_drop,2,2,92.17007452622946
wavePE_drop,2,2,91.49278286247915
wavePE_drop,2,3,86.74461250895207
wavePE_drop,2,3,88.58141428993763
wavePE_drop,2,3,86.41859604662443
wavePE_drop,2,3,84.88633355476794
wavePE_drop,2,3,88.57018610941073
wavePE_drop,2,3,89.0176133622347
wavePE_drop,2,3,88.14930621969607
wavePE_drop,2,3,88.87234439475289
wavePE_drop,2,3,88.51370436639816
wavePE_drop,2,3,90.35328548467089
wavePE_drop,2,3,90.04719849799369
wavePE_drop,2,3,91.74511318519774
wavePE_drop,2,3,90.60754566584596
wavePE_drop,2,3,90.71864871375948
wavePE_drop,2,3,90.96981942507938
wavePE_drop,2,3,90.02791104654118
wavePE_drop,2,3,89.7168933947784
wavePE_drop,2,3,92.26214563580729
wavePE_drop,2,3,90.72245761532835
wavePE_drop,2,3,91.04883842797182
wavePE_drop,2,3,91.25146241648675
wavePE_drop,2,3,91.02009411020397
wavePE_drop,2,3,92.2414971658781
wavePE_drop,2,3,90.59375084668993
wavePE_drop,2,3,91.34041062764538
wavePE_drop,2,3,91.33450990117508
wavePE_drop,2,3,91.82010790992294
wavePE_drop,2,3,87.11298873847883
wavePE_drop,2,3,91.16078772283838
wavePE_drop,2,3,91.0564771549813
wavePE_drop,2,3,91.96906999142183
wavePE_drop,2,3,91.68688943835114
wavePE_drop,2,3,92.10755198224403
wavePE_drop,2,3,91.06157217673456
wavePE_drop,2,3,86.50706346647304
wavePE_drop,2,3,89.86544419912421
wavePE_drop,2,3,89.8339289156333
wavePE_drop,2,3,92.11830566318953
wavePE_drop,2,3,91.03138630580264
wavePE_drop,2,3,91.54294442765438
wavePE_drop,2,3,91.9098124708065
wavePE_drop,2,3,91.7645991046727
wavePE_drop,2,3,92.27344152232877
wavePE_drop,2,3,91.39261013304014
wavePE_drop,2,3,92.71592882432572
wavePE_drop,2,3,93.11325549988607
wavePE_drop,2,3,92.59474832894682
wavePE_drop,2,3,92.89491032965962
wavePE_drop,2,3,93.19117633261914
wavePE_drop,2,3,92.6591911037918
wavePE_drop,2,3,92.35165778290619
wavePE_drop,2,3,92.35355470027147
wavePE_drop,2,3,92.96814866004127
wavePE_drop,2,3,93.14646485669729
wavePE_drop,2,3,91.78240124579429
wavePE_drop,2,3,90.41512483816973
wavePE_drop,2,3,92.8319667530541
wavePE_drop,2,3,92.4420431187961
wavePE_drop,2,3,92.00354594813153
wavePE_drop,2,3,91.5088068950191
wavePE_drop,2,3,91.97250071364488
wavePE_drop,2,3,91.72156645915501
wavePE_drop,2,3,91.5863992705688
wavePE_drop,2,3,90.78490569547257
wavePE_drop,2,3,90.1902511062838
wavePE_drop,2,3,91.07754310781544
wavePE_drop,2,3,91.26362769782901
wavePE_drop,2,3,89.45165922123228
wavePE_drop,2,3,90.57383840880335
wavePE_drop,2,3,91.66422685112974
wavePE_drop,2,3,92.49335686803434
wavePE_drop,2,3,92.56313409792075
wavePE_drop,2,3,90.78706620206286
wavePE_drop,2,3,91.63999813115238
wavePE_drop,2,3,92.53933805166726
wavePE_drop,2,3,92.12462000516848
wavePE_drop,2,3,89.41431722515061
wavePE_drop,2,3,92.26916615709237
wavePE_drop,2,3,92.89545349070568
wavePE_drop,2,3,92.11491597433577
wavePE_drop,2,3,92.28329848391068
wavePE_drop,2,3,93.35879201052035
wavePE_drop,2,3,90.07576054876124
wavePE_drop,2,3,90.8974773556183
wavePE_drop,2,3,90.38746150745287
wavePE_drop,2,3,91.83475486737139
wavePE_drop,2,3,92.54297178950598
wavePE_drop,2,3,91.06429047243496
wavePE_drop,2,3,90.5361795661901
wavePE_drop,2,3,92.0075022136332
wavePE_drop,2,3,93.3611509081733
wavePE_drop,2,3,90.97188003110807
wavePE_drop,2,3,93.13325469529322
wavePE_drop,2,3,93.4674256368904
wavePE_drop,2,3,92.45856653711576
wavePE_drop,2,3,92.45545837298124
wavePE_drop,2,3,93.60955291401648
wavePE_drop,2,3,91.85557677928536
wavePE_drop,2,3,91.34400388804045
wavePE_drop,2,3,90.92184276174856
wavePE_drop,2,3,92.99453878031183
wavePE_drop,2,3,90.15815650403347
wavePE_drop,2,3,92.74029818716258
wavePE_drop,2,3,93.37861812511565
wavePE_drop,2,3,92.63877844968384
wavePE_drop,2,3,92.33522813286386
wavePE_drop,2,3,93.41230862274885
wavePE_drop,2,3,90.79004460668688
wavePE_drop,2,3,91.51594964998085
wavePE_drop,2,3,90.47703663444207
wavePE_drop,2,3,91.56096739979242
wavePE_drop,2,3,93.23776992572479
wavePE_drop,2,3,93.43133194078783
wavePE_drop,2,3,89.71940918194579
wavePE_drop,2,3,90.02282576576759
wavePE_drop,2,3,91.64147629206751
wavePE_drop,2,3,90.65199571810015
wavePE_drop,2,3,92.28548780810175
wavePE_drop,2,3,91.43918931824537
wavePE_drop,2,3,83.7455159358052
wavePE_drop,2,4,74.43163304310814
wavePE_drop,2,4,83.89521943847778
wavePE_drop,2,4,80.613870864697
wavePE_drop,2,4,86.592845280244
wavePE_drop,2,4,85.06019131757321
wavePE_drop,2,4,85.80583645438577
wavePE_drop,2,4,85.83236804374272
wavePE_drop,2,4,77.44768295765579
wavePE_drop,2,4,83.97583532048776
wavePE_drop,2,4,87.86786967134535
wavePE_drop,2,4,87.89393306217087
wavePE_drop,2,4,86.24567050464493
wavePE_drop,2,4,87.45508478644443
wavePE_drop,2,4,83.23919861168072
wavePE_drop,2,4,86.7328697664518
wavePE_drop,2,4,87.162172281227
wavePE_drop,2,4,86.05063596139495
wavePE_drop,2,4,86.80606354126961
wavePE_drop,2,4,83.86951166155015
wavePE_drop,2,4,75.6841988786578
wavePE_drop,2,4,85.46690546448568
wavePE_drop,2,4,84.71596086008194
wavePE_drop,2,4,86.89213086724334
wavePE_drop,2,4,86.59890086338595
wavePE_drop,2,4,86.14272699385992
wavePE_drop,2,4,85.58177956657858
wavePE_drop,2,4,80.73736418841733
wavePE_drop,2,4,81.30556518954008
wavePE_drop,2,4,75.50362039859684
wavePE_drop,2,4,86.56036937138163
wavePE_drop,2,4,86.85894020516407
wavePE_drop,2,4,86.47163928313064
wavePE_drop,2,4,86.80223300362012
wavePE_drop,2,4,88.41859226502964
wavePE_drop,2,4,89.16799739246576
wavePE_drop,2,4,90.89973888820715
wavePE_drop,2,4,87.11537457395646
wavePE_drop,2,4,88.32997473763677
wavePE_drop,2,4,88.52922614129992
wavePE_drop,2,4,90.00076827920205
wavePE_drop,2,4,84.50051500750801
wavePE_drop,2,4,89.31605213601719
wavePE_drop,2,4,89.73013055875883
wavePE_drop,2,4,90.4858375208731
wavePE_drop,2,4,90.29906831670675
wavePE_drop,2,4,91.15707279277821
wavePE_drop,2,4,86.98821617801147
wavePE_drop,2,4,83.67524004228687
wavePE_drop,2,4,88.37708098443284
wavePE_drop,2,4,87.01032212346425
wavePE_drop,2,4,90.31940871673444
wavePE_drop,2,4,84.24311437505189
wavePE_drop,2,4,87.60953435146168
wavePE_drop,2,4,89.24513388092576
wavePE_drop,2,4,90.18938496739479
wavePE_drop,2,4,84.3373869472732
wavePE_drop,2,4,89.62456148741535
wavePE_drop,2,4,89.8853430183117
wavePE_drop,2,4,90.89346184840072
wavePE_drop,2,4,90.47619984610277
wavePE_drop,2,4,91.55292470060068
wavePE_drop,2,4,88.9284204422789
wavePE_drop,2,4,84.72926637106167
wavePE_drop,2,4,88.65876938721937
wavePE_drop,2,4,91.24380897784835
wavePE_drop,2,4,84.9631635076264
wavePE_drop,2,4,90.09788781597283
wavePE_drop,2,4,90.21890150591526
wavePE_drop,2,4,90.05482917014831
wavePE_drop,2,4,90.41002887484954
wavePE_drop,2,4,91.7069229781621
wavePE_drop,2,4,88.34757521278608
wavePE_drop,2,4,84.74414647866708
wavePE_drop,2,4,88.64449229670608
wavePE_drop,2,4,87.31314479522653
wavePE_drop,2,4,90.89692426111571
wavePE_drop,2,4,91.1446810541277
wavePE_drop,2,4,84.28815647136815
wavePE_drop,2,4,81.79572616872714
wavePE_drop,2,4,89.44248773864545
wavePE_drop,2,4,87.4316064192576
wavePE_drop,2,4,87.60769068416549
wavePE_drop,2,4,89.26939157352906
wavePE_drop,2,4,75.81099000392094
wavePE_drop,2,4,31.21168209918609
wavePE_drop,2,4,84.74594936106689
wavePE_drop,2,4,88.50892373683456
wavePE_drop,2,4,88.98469270646976
wavePE_drop,2,4,87.74423141022615
wavePE_drop,2,4,89.82328673274151
wavePE_drop,2,4,91.21669943978614
wavePE_drop,2,4,91.2390984466297
wavePE_drop,2,4,91.48151295231038
wavePE_drop,2,4,91.74335647046072
wavePE_drop,2,4,91.95419013789022
wavePE_drop,2,4,88.04151759313294
wavePE_drop,2,4,87.90171641862098
wavePE_drop,2,4,90.37110448123367
wavePE_drop,2,4,90.36397659908124
wavePE_drop,2,4,90.54624318558197
wavePE_drop,2,4,90.09856951703597
wavePE_drop,2,4,89.98625645713798
wavePE_drop,2,4,90.06517013481327
wavePE_drop,2,4,89.9827824717636
wavePE_drop,2,4,89.26600738263993
wavePE_drop,2,4,90.33394312737596
wavePE_drop,2,4,90.98141734907567
wavePE_drop,2,4,89.96349894616462
wavePE_drop,2,4,89.7285760123168
wavePE_drop,2,4,90.51312343062001
wavePE_drop,2,4,92.00255829532512
wavePE_drop,2,4,88.88698344541707
wavePE_drop,2,4,92.38234216562833
wavePE_drop,2,4,92.13879268154065
wavePE_drop,2,4,91.83456901743085
wavePE_drop,2,4,91.56804021373897
wavePE_drop,2,4,92.33547632416634
wavePE_drop,2,4,91.28859107139813
wavePE_drop,2,4,91.02485439190308
wavePE_drop,2,4,89.89426751014497
wavePE_drop,2,4,91.2331896424588
wavePE_drop,2,4,89.61266410598961
wavePE_drop,2,4,92.21385586521343
wavePE_drop,2,4,91.9836187040198
wavePE_drop,2,4,91.48615007139179
wavePE_drop,2,4,91.35852629067386
wavePE_drop,2,4,92.08428811343819
wavePE_drop,2,4,90.8969966093139
wavePE_drop,2,4,91.09806753973713
wavePE_drop,2,4,90.57101989058346
wavePE_drop,2,4,88.34382402113907
wavePE_drop,2,4,90.64196099838288
wavePE_drop,2,4,90.08344071853315
wavePE_drop,2,4,87.82824233970273
wavePE_drop,2,4,86.25620212208081
wavePE_drop,2,4,89.35124428600788
wavePE_drop,2,4,88.83219098126264
wavePE_drop,2,4,88.52981469172866
wavePE_drop,2,4,84.19388077485823
wavePE_drop,2,4,83.78658498903853
wavePE_drop,2,4,79.3057685873939
wavePE_drop,2,4,90.31679309680698
wavePE_drop,2,4,85.80484591381278
wavePE_drop,2,4,88.20188527913999
wavePE_drop,2,4,84.15135344498364
wavePE_drop,2,4,89.21160809576895
wavePE_drop,2,4,84.82403311135415
wavePE_drop,2,4,89.92643727545226
wavePE_drop,2,4,91.27771671519405
wavePE_drop,2,4,88.60842167797315
wavePE_drop,2,4,89.32960930365729
wavePE_drop,2,4,90.66949700224653
wavePE_drop,2,4,86.58515299254823
wavePE_drop,2,4,85.4537946344136
wavePE_drop,2,4,89.22309367343595
wavePE_drop,2,4,91.20020011196286
wavePE_drop,2,4,87.11751332551773
wavePE_drop,2,4,90.76007970005162
wavePE_drop,2,4,91.95681444007347
wavePE_drop,2,4,90.15302245143386
wavePE_drop,2,4,90.45662458067399
wavePE_drop,2,4,92.32407053697771
wavePE_drop,2,4,86.26737648755791
wavePE_drop,2,4,86.73996917570634
wavePE_drop,2,4,88.02037189349869
wavePE_drop,2,4,87.34333560197358
wavePE_drop,2,4,90.35681473779145
wavePE_drop,2,4,91.40033583909289
wavePE_drop,2,4,86.18733125955605
wavePE_drop,2,4,87.44250533152056
wavePE_drop,2,4,89.23716468274658
wavePE_drop,2,4,87.88851769760541
wavePE_drop,2,4,91.08222286667032
wavePE_drop,2,4,89.74819067379217
wavePE_drop,2,4,79.65683693396772
wavePE_drop,2,4,91.36831214593437
wavePE_drop,2,4,88.15949802809028
wavePE_drop,2,4,90.41364629903428
wavePE_drop,2,4,90.77868930428423
wavePE_drop,2,4,90.90972974538592
wavePE_drop,2,4,89.07611489501932
wavePE_drop,2,4,91.96706377298615
wavePE_drop,2,4,86.3594603272187
wavePE_drop,2,4,85.60732428779656
wavePE_drop,2,4,88.25025523346214
wavePE_drop,2,4,90.63695097856552
wavePE_drop,2,4,92.56862426208038
wavePE_drop,2,4,93.05280398872588
wavePE_drop,2,4,88.8027604638944
wavePE_drop,2,4,88.1539455183008
wavePE_drop,2,4,91.15597232860218
wavePE_drop,2,4,89.425921078217
wavePE_drop,2,4,91.51072824620614
wavePE_drop,2,4,90.64739299549916
wavePE_drop,2,4,82.01287961116273
wavePE_drop,2,4,88.75493695548298
wavePE_drop,2,4,91.2527394996204
wavePE_drop,2,4,92.57118330697276
wavePE_drop,2,4,87.21058290039791
wavePE_drop,2,4,87.48287242951227
wavePE_drop,2,4,90.37949171878228
wavePE_drop,2,4,87.86739959840543
wavePE_drop,2,4,89.19699091459286
wavePE_drop,2,4,88.1081009138989
wavePE_drop,2,4,81.23118223130541
wavePE_drop,2,4,86.34869619003815
wavePE_drop,2,4,88.89794006808216
wavePE_drop,2,4,90.65813110155034
wavePE_drop,2,4,74.6879860072466
wavePE_drop,2,4,72.82586648855074
wavePE_drop,2,5,13.258880604135015
wavePE_drop,2,5,60.22302871064817
wavePE_drop,2,5,69.81528097007781
wavePE_drop,2,5,67.10885194641956
wavePE_drop,2,5,73.524809701749
wavePE_drop,2,5,73.6349698066302
wavePE_drop,2,5,80.46593660444249
wavePE_drop,2,5,84.61593359949003
wavePE_drop,2,5,82.32484682784562
wavePE_drop,2,5,81.12378420546706
wavePE_drop,2,5,83.61391807846294
wavePE_drop,2,5,78.82753776149909
wavePE_drop,2,5,68.86658820124416
wavePE_drop,2,5,80.74922093290522
wavePE_drop,2,5,79.91608790722535
wavePE_drop,2,5,81.94502290530646
wavePE_drop,2,5,83.53756554718925
wavePE_drop,2,5,83.25917856229148
wavePE_drop,2,5,79.01977724411438
wavePE_drop,2,5,73.53305452264381
wavePE_drop,2,5,75.20981685427958
wavePE_drop,2,5,75.47668369555606
wavePE_drop,2,5,78.515251656085
wavePE_drop,2,5,70.1080886670422
wavePE_drop,2,5,74.1074488113128
wavePE_drop,2,5,73.29601457048894
wavePE_drop,2,5,81.6579213502884
wavePE_drop,2,5,72.83765643927691
wavePE_drop,2,5,82.39036002670706
wavePE_drop,2,5,83.08504032435253
wavePE_drop,2,5,87.25954465934333
wavePE_drop,2,5,83.10104234478221
wavePE_drop,2,5,85.47858379262365
wavePE_drop,2,5,83.76538953007453
wavePE_drop,2,5,80.26717934704173
wavePE_drop,2,5,77.67695623100104
wavePE_drop,2,5,74.72220380361055
wavePE_drop,2,5,73.32750846420899
wavePE_drop,2,5,83.1183589125347
wavePE_drop,2,5,82.88872486302877
wavePE_drop,2,5,86.6890147459396
wavePE_drop,2,5,86.94340390886308
wavePE_drop,2,5,86.60698573474279
wavePE_drop,2,5,81.36155218708193
wavePE_drop,2,5,75.07334640183558
wavePE_drop,2,5,77.32912953769227
wavePE_drop,2,5,64.04333298003037
wavePE_drop,2,5,81.63444884887187
wavePE_drop,2,5,80.79748240526459
wavePE_drop,2,5,70.96229400562126
wavePE_drop,2,5,65.93639787509179
wavePE_drop,2,5,77.07498912991974
wavePE_drop,2,5,72.52613600320123
wavePE_drop,2,5,76.21202140819645
wavePE_drop,2,5,67.83023710978507
wavePE_drop,2,5,52.40528271232314
wavePE_drop,2,5,60.64458939297873
wavePE_drop,2,5,71.41822156545972
wavePE_drop,2,5,69.30893441300101
wavePE_drop,2,5,71.00502059166975
wavePE_drop,2,5,71.38916933418824
wavePE_drop,2,5,83.35499906578593
wavePE_drop,2,5,77.87505860647464
wavePE_drop,2,5,84.91580221818884
wavePE_drop,2,5,86.59514052459217
wavePE_drop,2,5,83.48919247915961
wavePE_drop,2,5,83.60303714264379
wavePE_drop,2,5,86.26007169916036
wavePE_drop,2,5,79.2298499671934
wavePE_drop,2,5,79.49630963482753
wavePE_drop,2,5,83.57626081060533
wavePE_drop,2,5,89.06684686205263
wavePE_drop,2,5,81.08514595260499
wavePE_drop,2,5,87.6992880726448
wavePE_drop,2,5,88.0825881329513
wavePE_drop,2,5,86.81252650154792
wavePE_drop,2,5,87.57184032939381
wavePE_drop,2,5,89.82413191087079
wavePE_drop,2,5,81.35126077870567
wavePE_drop,2,5,78.99391991368636
wavePE_drop,2,5,82.37953791506153
wavePE_drop,2,5,84.23948905871771
wavePE_drop,2,5,88.39748072027108
wavePE_drop,2,5,89.95087021392872
wavePE_drop,2,5,81.00893036507553
wavePE_drop,2,5,79.52667153225383
wavePE_drop,2,5,87.63553315236923
wavePE_drop,2,5,82.76669359836698
wavePE_drop,2,5,85.50041013677627
wavePE_drop,2,5,87.82650569686882
wavePE_drop,2,5,71.98380738707455
wavePE_drop,2,5,86.800333017927
wavePE_drop,2,5,77.38808006752647
wavePE_drop,2,5,85.62223589242673
wavePE_drop,2,5,86.49361193966091
wavePE_drop,2,5,84.76879377925007
wavePE_drop,2,5,85.94505753388472
wavePE_drop,2,5,89.23893694701886
wavePE_drop,2,5,78.76461946061671
wavePE_drop,2,5,74.77146582191428
wavePE_drop,2,5,85.69809959876757
wavePE_drop,2,5,83.73679461180092
wavePE_drop,2,5,88.92678907990907
wavePE_drop,2,5,90.00664292013252
wavePE_drop,2,5,80.12346402387736
wavePE_drop,2,5,76.22812419615305
wavePE_drop,2,5,88.26671733769798
wavePE_drop,2,5,84.50239773521191
wavePE_drop,2,5,85.8230299883465
wavePE_drop,2,5,88.3893034393604
wavePE_drop,2,5,74.51009274500701
wavePE_drop,2,5,84.20401572052228
wavePE_drop,2,5,88.84313580528091
wavePE_drop,2,5,90.49849049504881
wavePE_drop,2,5,81.53200952641038
wavePE_drop,2,5,79.5549189300906
wavePE_drop,2,5,88.68602614394467
wavePE_drop,2,5,83.07608453577889
wavePE_drop,2,5,83.98413926724304
wavePE_drop,2,5,87.8124516782584
wavePE_drop,2,5,73.34324437311514
wavePE_drop,2,5,80.80629913680902
wavePE_drop,2,5,82.00977405497993
wavePE_drop,2,5,86.98246664265872
wavePE_drop,2,5,53.75380920533879
wavePE_drop,2,5,62.98296730620581
wavePE_drop,2,5,27.058378001437276
wavePE_drop,2,5,32.23904978433754
wavePE_drop,2,5,27.998805633871214
wavePE_drop,2,5,31.534298796854777
wavePE_drop,2,5,29.983578639852375
wavePE_drop,2,5,80.68301325015929
wavePE_drop,2,5,76.8920785058039
wavePE_drop,2,5,83.73967985315973
wavePE_drop,2,5,84.68778226741001
wavePE_drop,2,5,87.21598400282271
wavePE_drop,2,5,85.2908813428146
wavePE_drop,2,5,88.41129707169438
wavePE_drop,2,5,85.03858138233673
wavePE_drop,2,5,87.2785300560952
wavePE_drop,2,5,85.15403297510562
wavePE_drop,2,5,88.25761321389427
wavePE_drop,2,5,87.27522730821443
wavePE_drop,2,5,90.19654212984645
wavePE_drop,2,5,90.15152104714095
wavePE_drop,2,5,90.50855554416239
wavePE_drop,2,5,89.77966717514474
wavePE_drop,2,5,91.05297915500432
wavePE_drop,2,5,88.83366104000616
wavePE_drop,2,5,89.00722590912338
wavePE_drop,2,5,89.12052623604025
wavePE_drop,2,5,83.79683811224005
wavePE_drop,2,5,85.03983199882654
wavePE_drop,2,5,85.49659813036212
wavePE_drop,2,5,83.94669202193982
wavePE_drop,2,5,83.60318870746661
wavePE_drop,2,5,84.92403347681237
wavePE_drop,2,5,85.54074190115482
wavePE_drop,2,5,84.96495237308828
wavePE_drop,2,5,79.4727576775065
wavePE_drop,2,5,78.35648271110132
wavePE_drop,2,5,89.46990483215085
wavePE_drop,2,5,86.71546002134794
wavePE_drop,2,5,89.14240967800902
wavePE_drop,2,5,88.34508602830466
wavePE_drop,2,5,89.21163628884314
wavePE_drop,2,5,88.37807658763823
wavePE_drop,2,5,90.11308471279982
wavePE_drop,2,5,86.28676909992357
wavePE_drop,2,5,86.05617943178922
wavePE_drop,2,5,87.86537449361
wavePE_drop,2,5,87.21235868142865
wavePE_drop,2,5,90.65395501413485
wavePE_drop,2,5,90.45440612182477
wavePE_drop,2,5,85.82287246671896
wavePE_drop,2,5,82.97624229739779
wavePE_drop,2,5,88.2323373189264
wavePE_drop,2,5,88.35747523979475
wavePE_drop,2,5,88.74615488730917
wavePE_drop,2,5,82.65746416200611
wavePE_drop,2,5,81.1680408121143
wavePE_drop,2,5,86.41462361807714
wavePE_drop,2,5,88.75977225418325
wavePE_drop,2,5,89.23699340268453
wavePE_drop,2,5,86.45465345912265
wavePE_drop,2,5,85.4733387127657
wavePE_drop,2,5,88.85781385358115
wavePE_drop,2,5,87.37096006397384
wavePE_drop,2,5,87.4479818290178
wavePE_drop,2,5,82.42910012635988
wavePE_drop,2,5,79.4071835937608
wavePE_drop,2,5,78.76362808395815
wavePE_drop,2,5,81.53257081846499
wavePE_drop,2,5,80.35481259237798
wavePE_drop,2,5,67.4245368373008
wavePE_drop,2,5,65.51953700629629
wavePE_drop,2,5,74.92127164579313
wavePE_drop,2,5,77.56595343776318
wavePE_drop,2,5,76.67986961914482
wavePE_drop,2,5,71.8629315497572
wavePE_drop,2,5,85.04991568062536
wavePE_drop,2,5,87.16298945239517
wavePE_drop,2,5,84.34338394673017
wavePE_drop,2,5,76.35923320467933
wavePE_drop,2,5,72.12848966711552
wavePE_drop,2,5,73.51598768161156
wavePE_drop,2,5,80.12057021998824
wavePE_drop,2,5,86.67389760013009
wavePE_drop,2,5,88.15793538999061
wavePE_drop,2,5,82.0279291298318
wavePE_drop,2,5,81.42726135653974
wavePE_drop,2,5,87.26258554088977
wavePE_drop,2,5,82.75566917896413
wavePE_drop,2,5,83.2211039334906
wavePE_drop,2,5,86.57922302231594
wavePE_drop,2,5,72.90130886562183
wavePE_drop,2,5,84.66528625903523
wavePE_drop,2,5,87.93031225422648
wavePE_drop,2,5,90.83476739803903
wavePE_drop,2,5,83.67381782484635
wavePE_drop,2,5,83.89198227110084
wavePE_drop,2,5,86.4661013843978
wavePE_drop,2,5,83.48828486987377
wavePE_drop,2,5,83.34840751776069
wavePE_drop,2,5,85.67268023911878
wavePE_drop,2,5,75.52940533974764
wavePE_drop,2,5,78.5524394001901
wavePE_drop,2,5,83.41043758933623
wavePE_drop,2,5,86.48848966603244
wavePE_drop,2,5,66.30684030666364
wavePE_drop,2,5,71.79300266665217
wavePE_drop,2,5,86.34809783703894
wavePE_drop,2,5,88.68423536690817
wavePE_drop,2,5,90.44395910397256
wavePE_drop,2,5,84.0518234236056
wavePE_drop,2,5,83.83174586672497
wavePE_drop,2,5,88.35756644174327
wavePE_drop,2,5,82.65900046912948
wavePE_drop,2,5,85.6632472171842
wavePE_drop,2,5,84.43298534273991
wavePE_drop,2,5,75.47371741419538
wavePE_drop,2,5,86.01397152225555
wavePE_drop,2,5,87.11270877646714
wavePE_drop,2,5,90.14878254551475
wavePE_drop,2,5,70.5184921510921
wavePE_drop,2,5,70.72043687092618
wavePE_drop,2,5,81.15989035658589
wavePE_drop,2,5,82.43590778151221
wavePE_drop,2,5,86.55192484590796
wavePE_drop,2,5,70.36401532014771
wavePE_drop,2,5,64.6258117171147
wavePE_drop,2,5,36.46270491864657
wavePE_drop,2,6,8.190716237432667
wavePE_drop,2,6,13.414278069325633
wavePE_drop,2,6,13.673642556316334
wavePE_drop,2,6,12.180663210053384
wavePE_drop,2,6,12.518230370867963
wavePE_drop,2,6,54.76719811182661
wavePE_drop,2,6,44.41157194637817
wavePE_drop,2,6,62.38176213145442
wavePE_drop,2,6,61.25394447303195
wavePE_drop,2,6,60.76721995770951
wavePE_drop,2,6,65.81312651036406
wavePE_drop,2,6,67.50429245328866
wavePE_drop,2,6,66.12754892379552
wavePE_drop,2,6,60.39149013581924
wavePE_drop,2,6,65.46259657832773
wavePE_drop,2,6,75.04257633416002
wavePE_drop,2,6,68.86416905678074
wavePE_drop,2,6,79.26772457867737
wavePE_drop,2,6,80.1102567251113
wavePE_drop,2,6,83.64717682547219
wavePE_drop,2,6,81.91229237041796
wavePE_drop,2,6,83.95164870702783
wavePE_drop,2,6,71.73482973466696
wavePE_drop,2,6,72.79209052147111
wavePE_drop,2,6,70.40361719709868
wavePE_drop,2,6,60.037258501044086
wavePE_drop,2,6,75.69113799142285
wavePE_drop,2,6,74.65257949940558
wavePE_drop,2,6,65.4442505889297
wavePE_drop,2,6,60.675271654989
wavePE_drop,2,6,70.18785553769514
wavePE_drop,2,6,66.49137500054103
wavePE_drop,2,6,69.83910149646569
wavePE_drop,2,6,61.64138882989263
wavePE_drop,2,6,53.64080772854168
wavePE_drop,2,6,63.91302232056183
wavePE_drop,2,6,60.94607506375769
wavePE_drop,2,6,71.14331989724238
wavePE_drop,2,6,72.63713010239692
wavePE_drop,2,6,71.23227004224752
wavePE_drop,2,6,73.67520060100887
wavePE_drop,2,6,73.94627107074936
wavePE_drop,2,6,63.68853730887856
wavePE_drop,2,6,56.48392603389725
wavePE_drop,2,6,65.71593139910472
wavePE_drop,2,6,63.54741302929631
wavePE_drop,2,6,80.54624420752448
wavePE_drop,2,6,76.34593053031928
wavePE_drop,2,6,69.99775245171145
wavePE_drop,2,6,55.333932540813535
wavePE_drop,2,6,72.53270013689963
wavePE_drop,2,6,71.93873802496913
wavePE_drop,2,6,78.509561880279
wavePE_drop,2,6,68.83574420476356
wavePE_drop,2,6,52.23054371224367
wavePE_drop,2,6,55.13682322431562
wavePE_drop,2,6,71.40491491018753
wavePE_drop,2,6,72.17600005839155
wavePE_drop,2,6,67.81933197781838
wavePE_drop,2,6,63.885891246041915
wavePE_drop,2,6,78.72978227179992
wavePE_drop,2,6,70.91833113178811
wavePE_drop,2,6,72.34667575581803
wavePE_drop,2,6,70.08970352874559
wavePE_drop,2,6,51.159728163014506
wavePE_drop,2,6,42.02271495836089
wavePE_drop,2,6,50.9919537692104
wavePE_drop,2,6,57.47445306072693
wavePE_drop,2,6,43.2881074937409
wavePE_drop,2,6,27.991924791500256
wavePE_drop,2,6,56.536794038991815
wavePE_drop,2,6,53.12831860886682
wavePE_drop,2,6,57.369783911208415
wavePE_drop,2,6,54.917203431769856
wavePE_drop,2,6,64.97167487683309
wavePE_drop,2,6,64.20169165866699
wavePE_drop,2,6,65.77836655558424
wavePE_drop,2,6,58.00500139980124
wavePE_drop,2,6,61.17104866171178
wavePE_drop,2,6,60.96812401650828
wavePE_drop,2,6,73.56851456157406
wavePE_drop,2,6,81.29978675239438
wavePE_drop,2,6,82.72260737681422
wavePE_drop,2,6,70.30146703590026
wavePE_drop,2,6,69.87031491608049
wavePE_drop,2,6,81.97935580317916
wavePE_drop,2,6,71.56734457825775
wavePE_drop,2,6,78.5579704225521
wavePE_drop,2,6,79.33808396406856
wavePE_drop,2,6,62.95624299116503
wavePE_drop,2,6,79.87946836984541
wavePE_drop,2,6,85.71453974569347
wavePE_drop,2,6,87.95791200002465
wavePE_drop,2,6,77.14614550416296
wavePE_drop,2,6,75.48778543441564
wavePE_drop,2,6,83.64943012533816
wavePE_drop,2,6,76.5540890289988
wavePE_drop,2,6,79.18515667441376
wavePE_drop,2,6,81.65369145584378
wavePE_drop,2,6,69.22093966951152
wavePE_drop,2,6,74.72275890419084
wavePE_drop,2,6,79.28757933541132
wavePE_drop,2,6,85.14862360682626
wavePE_drop,2,6,51.704525190073305
wavePE_drop,2,6,63.7084853841418
wavePE_drop,2,6,78.03845216289785
wavePE_drop,2,6,83.80828963949524
wavePE_drop,2,6,86.12755017806974
wavePE_drop,2,6,71.57085118762134
wavePE_drop,2,6,68.94956602060961
wavePE_drop,2,6,85.55174780883301
wavePE_drop,2,6,74.8133571326781
wavePE_drop,2,6,75.87450461619387
wavePE_drop,2,6,82.45687475598156
wavePE_drop,2,6,68.37557267088569
wavePE_drop,2,6,76.12575751977735
wavePE_drop,2,6,77.5731157560827
wavePE_drop,2,6,85.72661599284255
wavePE_drop,2,6,53.21419393679187
wavePE_drop,2,6,60.03499620979616
wavePE_drop,2,6,72.80368517452638
wavePE_drop,2,6,77.08064878355574
wavePE_drop,2,6,86.28593035695916
wavePE_drop,2,6,55.39985102871624
wavePE_drop,2,6,58.410461530959935
wavePE_drop,2,6,27.40884666206707
wavePE_drop,2,6,26.336696181326545
wavePE_drop,2,6,26.27669242668921
wavePE_drop,2,6,25.542964966892146
wavePE_drop,2,6,27.973979283636474
wavePE_drop,2,6,29.77390687649053
wavePE_drop,2,6,31.920417191474947
wavePE_drop,2,6,31.843983400455254
wavePE_drop,2,6,28.839171113630446
wavePE_drop,2,6,28.015831661044665
wavePE_drop,2,6,31.389320733015342
wavePE_drop,2,6,71.0029702440802
wavePE_drop,2,6,76.91427699981412
wavePE_drop,2,6,79.77037547557832
wavePE_drop,2,6,70.76878678610552
wavePE_drop,2,6,68.8819645492724
wavePE_drop,2,6,77.32442758165121
wavePE_drop,2,6,78.9644481046637
wavePE_drop,2,6,81.27814783648836
wavePE_drop,2,6,75.03336517517411
wavePE_drop,2,6,68.80857259189752
wavePE_drop,2,6,82.51962204086692
wavePE_drop,2,6,84.73032375488859
wavePE_drop,2,6,86.52243995019258
wavePE_drop,2,6,83.45969089960106
wavePE_drop,2,6,82.50995736076865
wavePE_drop,2,6,86.07087443258271
wavePE_drop,2,6,84.58541791646488
wavePE_drop,2,6,84.40326615739598
wavePE_drop,2,6,79.99891297590742
wavePE_drop,2,6,77.95603633543573
wavePE_drop,2,6,69.86051427685857
wavePE_drop,2,6,74.6606018044661
wavePE_drop,2,6,69.8915995732706
wavePE_drop,2,6,62.485913821555414
wavePE_drop,2,6,59.82140931238587
wavePE_drop,2,6,84.59106361629418
wavePE_drop,2,6,85.79373949895182
wavePE_drop,2,6,87.09521520887364
wavePE_drop,2,6,80.89684031423322
wavePE_drop,2,6,81.3465980522195
wavePE_drop,2,6,84.47614408091233
wavePE_drop,2,6,81.7130396097454
wavePE_drop,2,6,84.58543429497
wavePE_drop,2,6,79.68782922607494
wavePE_drop,2,6,73.05040805082216
wavePE_drop,2,6,80.1564496622494
wavePE_drop,2,6,78.34112017010798
wavePE_drop,2,6,79.46618457163905
wavePE_drop,2,6,61.1852806466989
wavePE_drop,2,6,65.60144916868653
wavePE_drop,2,6,73.13311421565571
wavePE_drop,2,6,76.22977252361738
wavePE_drop,2,6,74.13923859315028
wavePE_drop,2,6,66.102122260144
wavePE_drop,2,6,61.0659264080557
wavePE_drop,2,6,27.817800073107573
wavePE_drop,2,6,73.51328011821481
wavePE_drop,2,6,69.39864692048837
wavePE_drop,2,6,68.25443741142603
wavePE_drop,2,6,67.99961346258604
wavePE_drop,2,6,65.39383163482863
wavePE_drop,2,6,64.09726435709963
wavePE_drop,2,6,70.13063302228625
wavePE_drop,2,6,70.8749918506823
wavePE_drop,2,6,67.39575700462738
wavePE_drop,2,6,64.07043364179168
wavePE_drop,2,6,72.39469658120392
wavePE_drop,2,6,74.19072175904535
wavePE_drop,2,6,80.32207470012251
wavePE_drop,2,6,58.362410227507254
wavePE_drop,2,6,63.069888538570495
wavePE_drop,2,6,75.49365107027712
wavePE_drop,2,6,78.0460112644786
wavePE_drop,2,6,80.61409153236778
wavePE_drop,2,6,62.47760808318314
wavePE_drop,2,6,63.05240943408471
wavePE_drop,2,6,31.44162763559758
wavePE_drop,2,6,76.86239019545054
wavePE_drop,2,6,79.19585874516154
wavePE_drop,2,6,82.31360512790289
wavePE_drop,2,6,66.76651798357845
wavePE_drop,2,6,57.914731006649546
wavePE_drop,2,6,33.46705914138531
wavePE_drop,2,6,35.619342057914835
learnedPE_nodrop,3,0,94.48193753545263
learnedPE_nodrop,3,1,87.98286410733479
learnedPE_nodrop,3,1,61.20775007999348
learnedPE_nodrop,3,1,84.50577401412363
learnedPE_nodrop,3,1,89.72337146356887
learnedPE_nodrop,3,1,77.26237687625341
learnedPE_nodrop,3,1,92.94187971018458
learnedPE_nodrop,3,1,92.90603072341129
learnedPE_nodrop,3,1,86.66526046083685
learnedPE_nodrop,3,1,92.625353426178
learnedPE_nodrop,3,1,93.67111443667204
learnedPE_nodrop,3,2,32.60002497717681
learnedPE_nodrop,3,2,73.3403930501822
learnedPE_nodrop,3,2,71.36777979104669
learnedPE_nodrop,3,2,69.28562205720297
learnedPE_nodrop,3,2,78.67498397302504
learnedPE_nodrop,3,2,86.17178258608473
learnedPE_nodrop,3,2,80.58041227124642
learnedPE_nodrop,3,2,81.2931142861457
learnedPE_nodrop,3,2,86.35821010438016
learnedPE_nodrop,3,2,57.93663696566256
learnedPE_nodrop,3,2,51.06639151996105
learnedPE_nodrop,3,2,50.330835802721744
learnedPE_nodrop,3,2,51.36614953560312
learnedPE_nodrop,3,2,58.78399532010354
learnedPE_nodrop,3,2,57.2392390948057
learnedPE_nodrop,3,2,64.27629282821243
learnedPE_nodrop,3,2,60.08196954932428
learnedPE_nodrop,3,2,61.862147914790455
learnedPE_nodrop,3,2,70.54993514603186
learnedPE_nodrop,3,2,82.62808554888991
learnedPE_nodrop,3,2,80.26923599745774
learnedPE_nodrop,3,2,77.57324423786464
learnedPE_nodrop,3,2,78.12793763564522
learnedPE_nodrop,3,2,80.71757329305585
learnedPE_nodrop,3,2,66.75540900181565
learnedPE_nodrop,3,2,88.4917417060679
learnedPE_nodrop,3,2,90.45041466541525
learnedPE_nodrop,3,2,80.06593708927454
learnedPE_nodrop,3,2,83.55892721292066
learnedPE_nodrop,3,2,88.24034213948629
learnedPE_nodrop,3,2,76.14829784556409
learnedPE_nodrop,3,2,73.33129637234042
learnedPE_nodrop,3,2,71.05959872548769
learnedPE_nodrop,3,2,76.2832527706359
learnedPE_nodrop,3,2,76.83061998941899
learnedPE_nodrop,3,2,83.19105389045139
learnedPE_nodrop,3,2,84.19450914332536
learnedPE_nodrop,3,2,91.51134488833601
learnedPE_nodrop,3,2,91.978744575175
learnedPE_nodrop,3,2,85.54771147316855
learnedPE_nodrop,3,2,90.21082031166362
learnedPE_nodrop,3,2,92.23980814175954
learnedPE_nodrop,3,2,76.36562415499051
learnedPE_nodrop,3,2,85.94302723696717
learnedPE_nodrop,3,2,84.75415701277922
learnedPE_nodrop,3,3,31.632680791196893
learnedPE_nodrop,3,3,36.700840031153675
learnedPE_nodrop,3,3,27.944665695433052
learnedPE_nodrop,3,3,28.050047721167292
learnedPE_nodrop,3,3,29.951761555602424
learnedPE_nodrop,3,3,27.75473444204985
learnedPE_nodrop,3,3,34.80941812462243
learnedPE_nodrop,3,3,29.241382263992044
learnedPE_nodrop,3,3,52.24323253968336
learnedPE_nodrop,3,3,55.60731410692071
learnedPE_nodrop,3,3,67.39043988404683
learnedPE_nodrop,3,3,67.65392733187143
learnedPE_nodrop,3,3,66.19702889441639
learnedPE_nodrop,3,3,68.10465672091463
learnedPE_nodrop,3,3,72.19028009716054
learnedPE_nodrop,3,3,50.43418069847336
learnedPE_nodrop,3,3,68.65297519051686
learnedPE_nodrop,3,3,75.44036190319358
learnedPE_nodrop,3,3,71.34105819406057
learnedPE_nodrop,3,3,62.89204848841059
learnedPE_nodrop,3,3,68.10190468828092
learnedPE_nodrop,3,3,64.33792549888197
learnedPE_nodrop,3,3,67.02404334601195
learnedPE_nodrop,3,3,63.12768314501037
learnedPE_nodrop,3,3,63.28712178658667
learnedPE_nodrop,3,3,68.87080286434725
learnedPE_nodrop,3,3,68.55065635391054
learnedPE_nodrop,3,3,59.7668549365021
learnedPE_nodrop,3,3,73.1113755005393
learnedPE_nodrop,3,3,75.18882724123715
learnedPE_nodrop,3,3,78.51953464683248
learnedPE_nodrop,3,3,76.54055829838298
learnedPE_nodrop,3,3,85.23332000556681
learnedPE_nodrop,3,3,63.04847496953103
learnedPE_nodrop,3,3,78.69638804362481
learnedPE_nodrop,3,3,66.05014599605383
learnedPE_nodrop,3,3,33.2779979848012
learnedPE_nodrop,3,3,40.9116071810799
learnedPE_nodrop,3,3,47.84412454493831
learnedPE_nodrop,3,3,58.155332149860584
learnedPE_nodrop,3,3,52.65139065060627
learnedPE_nodrop,3,3,57.14087459555817
learnedPE_nodrop,3,3,50.8632402684283
learnedPE_nodrop,3,3,34.839744693692474
learnedPE_nodrop,3,3,39.047747966855525
learnedPE_nodrop,3,3,45.07374173386637
learnedPE_nodrop,3,3,42.5354328566224
learnedPE_nodrop,3,3,50.90387547355048
learnedPE_nodrop,3,3,47.94329627364785
learnedPE_nodrop,3,3,37.221068165487026
learnedPE_nodrop,3,3,49.75548310842718
learnedPE_nodrop,3,3,46.451027575388146
learnedPE_nodrop,3,3,53.46584558347087
learnedPE_nodrop,3,3,48.381459930703784
learnedPE_nodrop,3,3,48.420789903505515
learnedPE_nodrop,3,3,44.2845713369004
learnedPE_nodrop,3,3,56.09414369858945
learnedPE_nodrop,3,3,45.23446968204563
learnedPE_nodrop,3,3,57.245052100151305
learnedPE_nodrop,3,3,60.10893711384555
learnedPE_nodrop,3,3,58.71697202327339
learnedPE_nodrop,3,3,56.208743919967915
learnedPE_nodrop,3,3,55.30508082807237
learnedPE_nodrop,3,3,56.00719251604455
learnedPE_nodrop,3,3,28.527907917411177
learnedPE_nodrop,3,3,54.84255051179385
learnedPE_nodrop,3,3,62.464896116384175
learnedPE_nodrop,3,3,59.150348266718986
learnedPE_nodrop,3,3,53.43707162428625
learnedPE_nodrop,3,3,57.51489047969832
learnedPE_nodrop,3,3,68.8042886496527
learnedPE_nodrop,3,3,67.20913852415747
learnedPE_nodrop,3,3,68.10360258522256
learnedPE_nodrop,3,3,69.84326348586623
learnedPE_nodrop,3,3,68.02705444661294
learnedPE_nodrop,3,3,71.24357054572792
learnedPE_nodrop,3,3,73.10216993545556
learnedPE_nodrop,3,3,77.9053711063346
learnedPE_nodrop,3,3,78.69300900049106
learnedPE_nodrop,3,3,72.98955184379872
learnedPE_nodrop,3,3,71.46162970087808
learnedPE_nodrop,3,3,75.03362675609442
learnedPE_nodrop,3,3,65.16227607230196
learnedPE_nodrop,3,3,76.17657611521058
learnedPE_nodrop,3,3,67.8587420229007
learnedPE_nodrop,3,3,67.29715866143897
learnedPE_nodrop,3,3,67.54576386641898
learnedPE_nodrop,3,3,58.67766853583027
learnedPE_nodrop,3,3,62.83714725141141
learnedPE_nodrop,3,3,62.49499499334732
learnedPE_nodrop,3,3,87.60506690106189
learnedPE_nodrop,3,3,76.66079900684943
learnedPE_nodrop,3,3,82.12975838217045
learnedPE_nodrop,3,3,86.96660508859229
learnedPE_nodrop,3,3,79.58730644714194
learnedPE_nodrop,3,3,82.72798786291263
learnedPE_nodrop,3,3,89.64518410435124
learnedPE_nodrop,3,3,68.71231322088019
learnedPE_nodrop,3,3,79.56364803653571
learnedPE_nodrop,3,3,73.96355014168887
learnedPE_nodrop,3,3,63.86562520982044
learnedPE_nodrop,3,3,68.92381988405232
learnedPE_nodrop,3,3,71.45599870187968
learnedPE_nodrop,3,3,76.1581845266504
learnedPE_nodrop,3,3,68.05347829369317
learnedPE_nodrop,3,3,72.1191214145862
learnedPE_nodrop,3,3,72.21646313348454
learnedPE_nodrop,3,3,67.51871203432091
learnedPE_nodrop,3,3,70.10191879590322
learnedPE_nodrop,3,3,66.5875402794104
learnedPE_nodrop,3,3,72.09536604107979
learnedPE_nodrop,3,3,75.92782346355943
learnedPE_nodrop,3,3,80.09005988914859
learnedPE_nodrop,3,3,74.37769585146954
learnedPE_nodrop,3,3,82.91285221875118
learnedPE_nodrop,3,3,85.69377852715793
learnedPE_nodrop,3,3,73.36913054521118
learnedPE_nodrop,3,3,84.17247178337117
learnedPE_nodrop,3,3,80.95273385101187
learnedPE_nodrop,3,3,62.687462891896
learnedPE_nodrop,3,4,21.208962009607855
learnedPE_nodrop,3,4,28.619906658052898
learnedPE_nodrop,3,4,27.22599259967366
learnedPE_nodrop,3,4,33.4745633623967
learnedPE_nodrop,3,4,26.73276849660473
learnedPE_nodrop,3,4,31.007616882790373
learnedPE_nodrop,3,4,25.533523278507403
learnedPE_nodrop,3,4,25.35643964746828
learnedPE_nodrop,3,4,27.325330816628966
learnedPE_nodrop,3,4,33.75339185255094
learnedPE_nodrop,3,4,30.77637568835339
learnedPE_nodrop,3,4,37.41168472633529
learnedPE_nodrop,3,4,26.863850305022137
learnedPE_nodrop,3,4,24.71392953685539
learnedPE_nodrop,3,4,27.163665660165414
learnedPE_nodrop,3,4,23.760736152946645
learnedPE_nodrop,3,4,30.178209632227038
learnedPE_nodrop,3,4,20.75164904247281
learnedPE_nodrop,3,4,27.274796226703224
learnedPE_nodrop,3,4,21.914675557501702
learnedPE_nodrop,3,4,29.886673897923416
learnedPE_nodrop,3,4,25.038910769050183
learnedPE_nodrop,3,4,29.048545438796786
learnedPE_nodrop,3,4,27.443843984064742
learnedPE_nodrop,3,4,30.845987673384805
learnedPE_nodrop,3,4,29.35327524373831
learnedPE_nodrop,3,4,24.236609079853437
learnedPE_nodrop,3,4,29.073661674898872
learnedPE_nodrop,3,4,25.415169358971973
learnedPE_nodrop,3,4,47.66066601670681
learnedPE_nodrop,3,4,51.327646257348356
learnedPE_nodrop,3,4,47.16185398711888
learnedPE_nodrop,3,4,44.449094268346826
learnedPE_nodrop,3,4,47.749814077002036
learnedPE_nodrop,3,4,52.68238924490627
learnedPE_nodrop,3,4,55.0325984969242
learnedPE_nodrop,3,4,54.57065898307325
learnedPE_nodrop,3,4,57.75819522929534
learnedPE_nodrop,3,4,55.55020426639983
learnedPE_nodrop,3,4,55.382813300626154
learnedPE_nodrop,3,4,50.94404144998613
learnedPE_nodrop,3,4,61.237623946332235
learnedPE_nodrop,3,4,63.69897455261451
learnedPE_nodrop,3,4,61.80956778262876
learnedPE_nodrop,3,4,59.51015788806595
learnedPE_nodrop,3,4,67.11830187555982
learnedPE_nodrop,3,4,52.003477055826096
learnedPE_nodrop,3,4,64.63841511951924
learnedPE_nodrop,3,4,58.584784352894225
learnedPE_nodrop,3,4,51.01528025028998
learnedPE_nodrop,3,4,50.678435338827164
learnedPE_nodrop,3,4,48.143192063449334
learnedPE_nodrop,3,4,43.753731705857156
learnedPE_nodrop,3,4,46.90085002585002
learnedPE_nodrop,3,4,67.58929606338934
learnedPE_nodrop,3,4,57.525909089749014
learnedPE_nodrop,3,4,60.215335538056046
learnedPE_nodrop,3,4,65.91550450654458
learnedPE_nodrop,3,4,74.8304395011415
learnedPE_nodrop,3,4,64.7625754478404
learnedPE_nodrop,3,4,73.48049342413657
learnedPE_nodrop,3,4,55.41358516667776
learnedPE_nodrop,3,4,68.01913464045182
learnedPE_nodrop,3,4,53.36848874104643
learnedPE_nodrop,3,4,52.37151921974672
learnedPE_nodrop,3,4,58.30069019028936
learnedPE_nodrop,3,4,51.970435797219174
learnedPE_nodrop,3,4,62.91048153012414
learnedPE_nodrop,3,4,63.04136000360435
learnedPE_nodrop,3,4,63.23866155642802
learnedPE_nodrop,3,4,65.8663882649211
learnedPE_nodrop,3,4,56.203146470836614
learnedPE_nodrop,3,4,61.73397441723958
learnedPE_nodrop,3,4,47.35792941488514
learnedPE_nodrop,3,4,49.02050221394029
learnedPE_nodrop,3,4,61.7629520185836
learnedPE_nodrop,3,4,63.83622656338348
learnedPE_nodrop,3,4,51.78565870679641
learnedPE_nodrop,3,4,52.77693255275254
learnedPE_nodrop,3,4,60.25710847290551
learnedPE_nodrop,3,4,58.67501710872705
learnedPE_nodrop,3,4,75.51808688992722
learnedPE_nodrop,3,4,60.32618740550243
learnedPE_nodrop,3,4,42.15365973550639
learnedPE_nodrop,3,4,19.792579923217463
learnedPE_nodrop,3,4,23.8100770851549
learnedPE_nodrop,3,4,36.21814408217094
learnedPE_nodrop,3,4,32.566004414140295
learnedPE_nodrop,3,4,30.876819468020443
learnedPE_nodrop,3,4,32.474482950963846
learnedPE_nodrop,3,4,37.419412927525606
learnedPE_nodrop,3,4,45.313423754138704
learnedPE_nodrop,3,4,40.221520836224514
learnedPE_nodrop,3,4,39.95101823408642
learnedPE_nodrop,3,4,40.0164697421883
learnedPE_nodrop,3,4,49.72985094487332
learnedPE_nodrop,3,4,41.27380722547655
learnedPE_nodrop,3,4,48.45269745406493
learnedPE_nodrop,3,4,39.006043858186686
learnedPE_nodrop,3,4,54.34570315802667
learnedPE_nodrop,3,4,56.294566659245994
learnedPE_nodrop,3,4,56.24140267745579
learnedPE_nodrop,3,4,50.988630405420174
learnedPE_nodrop,3,4,50.726843092116326
learnedPE_nodrop,3,4,45.16663978041231
learnedPE_nodrop,3,4,31.209817159315346
learnedPE_nodrop,3,4,31.487138988107787
learnedPE_nodrop,3,4,29.45667456541366
learnedPE_nodrop,3,4,35.16371295577425
learnedPE_nodrop,3,4,32.26077760800825
learnedPE_nodrop,3,4,34.90375995964673
learnedPE_nodrop,3,4,31.694301428981024
learnedPE_nodrop,3,4,41.893230212717064
learnedPE_nodrop,3,4,34.54468481091384
learnedPE_nodrop,3,4,41.504234105890866
learnedPE_nodrop,3,4,47.81811219362708
learnedPE_nodrop,3,4,45.847460811156566
learnedPE_nodrop,3,4,41.65398975218599
learnedPE_nodrop,3,4,41.73653445793989
learnedPE_nodrop,3,4,43.13660159994781
learnedPE_nodrop,3,4,37.05573329002418
learnedPE_nodrop,3,4,32.82002563207173
learnedPE_nodrop,3,4,41.90114102191719
learnedPE_nodrop,3,4,35.07374297395132
learnedPE_nodrop,3,4,48.04136975181154
learnedPE_nodrop,3,4,50.115182617359366
learnedPE_nodrop,3,4,46.20569785842676
learnedPE_nodrop,3,4,47.67298776665633
learnedPE_nodrop,3,4,45.97091558716105
learnedPE_nodrop,3,4,39.511118869277844
learnedPE_nodrop,3,4,47.54578528112219
learnedPE_nodrop,3,4,49.15289217436065
learnedPE_nodrop,3,4,46.058682094433685
learnedPE_nodrop,3,4,46.71743425339614
learnedPE_nodrop,3,4,35.83014177518897
learnedPE_nodrop,3,4,41.47121748776697
learnedPE_nodrop,3,4,53.63937493338662
learnedPE_nodrop,3,4,56.49002416381303
learnedPE_nodrop,3,4,54.78175177785031
learnedPE_nodrop,3,4,40.77588957697909
learnedPE_nodrop,3,4,31.361573516318252
learnedPE_nodrop,3,4,30.685427709527314
learnedPE_nodrop,3,4,28.562442862768776
learnedPE_nodrop,3,4,27.53216637887121
learnedPE_nodrop,3,4,29.243315685176846
learnedPE_nodrop,3,4,54.5280088578892
learnedPE_nodrop,3,4,47.73412464806923
learnedPE_nodrop,3,4,48.961627839868946
learnedPE_nodrop,3,4,51.811423634607976
learnedPE_nodrop,3,4,58.32298701993859
learnedPE_nodrop,3,4,53.40594356710023
learnedPE_nodrop,3,4,56.84091145576129
learnedPE_nodrop,3,4,46.88180905539756
learnedPE_nodrop,3,4,58.20958210089897
learnedPE_nodrop,3,4,42.124444171812506
learnedPE_nodrop,3,4,57.97509372159124
learnedPE_nodrop,3,4,67.24435575980897
learnedPE_nodrop,3,4,67.87719331841762
learnedPE_nodrop,3,4,66.69637676467187
learnedPE_nodrop,3,4,65.36064250901032
learnedPE_nodrop,3,4,66.46427611421836
learnedPE_nodrop,3,4,64.09377269038639
learnedPE_nodrop,3,4,64.57014223138357
learnedPE_nodrop,3,4,66.49074178552513
learnedPE_nodrop,3,4,59.75127259901133
learnedPE_nodrop,3,4,61.329801405675454
learnedPE_nodrop,3,4,65.19397079092357
learnedPE_nodrop,3,4,66.09666965273792
learnedPE_nodrop,3,4,63.594590670286735
learnedPE_nodrop,3,4,70.8587176079925
learnedPE_nodrop,3,4,69.73082582041437
learnedPE_nodrop,3,4,58.72321007913763
learnedPE_nodrop,3,4,70.1605459680549
learnedPE_nodrop,3,4,62.322498576583406
learnedPE_nodrop,3,4,50.57207110918912
learnedPE_nodrop,3,4,66.13950447338487
learnedPE_nodrop,3,4,58.675086120887364
learnedPE_nodrop,3,4,60.28483925794893
learnedPE_nodrop,3,4,64.57046834994867
learnedPE_nodrop,3,4,57.96600598343515
learnedPE_nodrop,3,4,63.13609816177663
learnedPE_nodrop,3,4,63.570107311394416
learnedPE_nodrop,3,4,57.06740033166595
learnedPE_nodrop,3,4,56.10663133090681
learnedPE_nodrop,3,4,56.61710942408767
learnedPE_nodrop,3,4,71.89996021963931
learnedPE_nodrop,3,4,77.83979117130102
learnedPE_nodrop,3,4,85.00242316255189
learnedPE_nodrop,3,4,67.31988085744929
learnedPE_nodrop,3,4,75.88844975988651
learnedPE_nodrop,3,4,75.67951639625193
learnedPE_nodrop,3,4,66.97346315905267
learnedPE_nodrop,3,4,79.60025879970256
learnedPE_nodrop,3,4,74.52138026725467
learnedPE_nodrop,3,4,55.18083788410919
learnedPE_nodrop,3,4,54.10027855186685
learnedPE_nodrop,3,4,57.300677612649494
learnedPE_nodrop,3,4,61.7734814509318
learnedPE_nodrop,3,4,62.194951246962724
learnedPE_nodrop,3,4,67.32807163493231
learnedPE_nodrop,3,4,64.97871300170432
learnedPE_nodrop,3,4,66.38329682189774
learnedPE_nodrop,3,4,66.51575735006452
learnedPE_nodrop,3,4,62.57886237677914
learnedPE_nodrop,3,4,60.56866116521883
learnedPE_nodrop,3,4,60.91567094490278
learnedPE_nodrop,3,4,66.91191098973943
learnedPE_nodrop,3,4,67.6027567598406
learnedPE_nodrop,3,4,57.212462034003096
learnedPE_nodrop,3,4,57.632444543719494
learnedPE_nodrop,3,5,10.034776845963906
learnedPE_nodrop,3,5,12.336229319513855
learnedPE_nodrop,3,5,23.75706073934851
learnedPE_nodrop,3,5,19.009000453249406
learnedPE_nodrop,3,5,15.568032398778536
learnedPE_nodrop,3,5,13.78184221478229
learnedPE_nodrop,3,5,21.484353208180696
learnedPE_nodrop,3,5,29.92816325130057
learnedPE_nodrop,3,5,26.25560682532549
learnedPE_nodrop,3,5,28.5176721519989
learnedPE_nodrop,3,5,20.160834614766912
learnedPE_nodrop,3,5,29.125322118473523
learnedPE_nodrop,3,5,20.77774364531429
learnedPE_nodrop,3,5,27.67028429577144
learnedPE_nodrop,3,5,24.116261846709566
learnedPE_nodrop,3,5,29.58605655600034
learnedPE_nodrop,3,5,31.45322349672599
learnedPE_nodrop,3,5,31.867821694146915
learnedPE_nodrop,3,5,24.89964793901492
learnedPE_nodrop,3,5,25.57945605409354
learnedPE_nodrop,3,5,22.52325870183946
learnedPE_nodrop,3,5,21.048832927061934
learnedPE_nodrop,3,5,22.629892724882417
learnedPE_nodrop,3,5,20.2261437326166
learnedPE_nodrop,3,5,25.43678358402257
learnedPE_nodrop,3,5,20.646963319905925
learnedPE_nodrop,3,5,25.70388805307382
learnedPE_nodrop,3,5,22.168520863319063
learnedPE_nodrop,3,5,28.895055756562954
learnedPE_nodrop,3,5,22.121170278197905
learnedPE_nodrop,3,5,29.72384533825279
learnedPE_nodrop,3,5,32.97873180723943
learnedPE_nodrop,3,5,31.933583932407373
learnedPE_nodrop,3,5,30.656987848043926
learnedPE_nodrop,3,5,26.054023442683448
learnedPE_nodrop,3,5,24.987525913404205
learnedPE_nodrop,3,5,22.137599935006406
learnedPE_nodrop,3,5,20.459346854866155
learnedPE_nodrop,3,5,26.253651432696817
learnedPE_nodrop,3,5,18.95628833788828
learnedPE_nodrop,3,5,24.62960929491464
learnedPE_nodrop,3,5,25.773867855954474
learnedPE_nodrop,3,5,19.659382558680054
learnedPE_nodrop,3,5,28.003035653291054
learnedPE_nodrop,3,5,15.547324677595114
learnedPE_nodrop,3,5,16.425477082903665
learnedPE_nodrop,3,5,23.63177374083379
learnedPE_nodrop,3,5,26.637085980322745
learnedPE_nodrop,3,5,25.399896172605242
learnedPE_nodrop,3,5,20.936404536802574
learnedPE_nodrop,3,5,18.12449430957635
learnedPE_nodrop,3,5,21.559511476228458
learnedPE_nodrop,3,5,24.92754242825624
learnedPE_nodrop,3,5,31.590641125630615
learnedPE_nodrop,3,5,26.188147259908156
learnedPE_nodrop,3,5,11.314477981606437
learnedPE_nodrop,3,5,26.407215593734307
learnedPE_nodrop,3,5,28.239949944334043
learnedPE_nodrop,3,5,21.804252090726965
learnedPE_nodrop,3,5,21.587942311195473
learnedPE_nodrop,3,5,25.73167068240497
learnedPE_nodrop,3,5,48.17021497088507
learnedPE_nodrop,3,5,35.812688707697035
learnedPE_nodrop,3,5,40.00342060674889
learnedPE_nodrop,3,5,43.69253054641362
learnedPE_nodrop,3,5,46.338023106882446
learnedPE_nodrop,3,5,43.80878609006895
learnedPE_nodrop,3,5,48.60118319479103
learnedPE_nodrop,3,5,34.569934057697274
learnedPE_nodrop,3,5,46.990979868104255
learnedPE_nodrop,3,5,32.447169940534565
learnedPE_nodrop,3,5,42.17208839879092
learnedPE_nodrop,3,5,49.74695060509951
learnedPE_nodrop,3,5,53.44777602159188
learnedPE_nodrop,3,5,51.12850824178092
learnedPE_nodrop,3,5,56.65562177537158
learnedPE_nodrop,3,5,58.458435126821364
learnedPE_nodrop,3,5,53.70141821456376
learnedPE_nodrop,3,5,53.57237727935211
learnedPE_nodrop,3,5,55.560778094060524
learnedPE_nodrop,3,5,47.34981361321384
learnedPE_nodrop,3,5,40.711520644165525
learnedPE_nodrop,3,5,48.92598217060823
learnedPE_nodrop,3,5,54.227335223523454
learnedPE_nodrop,3,5,42.521007226710495
learnedPE_nodrop,3,5,46.93372669339231
learnedPE_nodrop,3,5,51.292403601760796
learnedPE_nodrop,3,5,46.22958731504845
learnedPE_nodrop,3,5,61.31241557601926
learnedPE_nodrop,3,5,50.88639776200286
learnedPE_nodrop,3,5,35.30833874796401
learnedPE_nodrop,3,5,48.28971702277677
learnedPE_nodrop,3,5,51.14149420524839
learnedPE_nodrop,3,5,36.6196206099575
learnedPE_nodrop,3,5,47.11307552386147
learnedPE_nodrop,3,5,49.443721472723816
learnedPE_nodrop,3,5,46.044553325915736
learnedPE_nodrop,3,5,47.191337270624274
learnedPE_nodrop,3,5,44.5565013962258
learnedPE_nodrop,3,5,45.409421304312566
learnedPE_nodrop,3,5,38.777294977726584
learnedPE_nodrop,3,5,51.49830774309038
learnedPE_nodrop,3,5,56.950176605124206
learnedPE_nodrop,3,5,67.39203111269855
learnedPE_nodrop,3,5,47.146653713907185
learnedPE_nodrop,3,5,54.49270887289968
learnedPE_nodrop,3,5,52.999147352992914
learnedPE_nodrop,3,5,55.56197885886193
learnedPE_nodrop,3,5,72.44438046349306
learnedPE_nodrop,3,5,52.534732273960486
learnedPE_nodrop,3,5,36.84623963747254
learnedPE_nodrop,3,5,44.98132198671429
learnedPE_nodrop,3,5,42.90844331009025
learnedPE_nodrop,3,5,48.802686670934634
learnedPE_nodrop,3,5,43.14815338345874
learnedPE_nodrop,3,5,55.47256966834935
learnedPE_nodrop,3,5,43.09775521225413
learnedPE_nodrop,3,5,56.84616857826188
learnedPE_nodrop,3,5,60.85919616301494
learnedPE_nodrop,3,5,47.47035278067183
learnedPE_nodrop,3,5,44.675828317981406
learnedPE_nodrop,3,5,44.06780482643858
learnedPE_nodrop,3,5,41.959747282185305
learnedPE_nodrop,3,5,53.54877920485972
learnedPE_nodrop,3,5,33.202581454616116
learnedPE_nodrop,3,5,31.80443622557737
learnedPE_nodrop,3,5,17.653101490074718
learnedPE_nodrop,3,5,19.635828883079423
learnedPE_nodrop,3,5,19.010245576854253
learnedPE_nodrop,3,5,18.274256545191108
learnedPE_nodrop,3,5,19.698041066474946
learnedPE_nodrop,3,5,22.86607505261456
learnedPE_nodrop,3,5,21.963219794458187
learnedPE_nodrop,3,5,23.873858388198148
learnedPE_nodrop,3,5,22.126576428587253
learnedPE_nodrop,3,5,33.9622574014185
learnedPE_nodrop,3,5,31.308852589264234
learnedPE_nodrop,3,5,37.50885707536512
learnedPE_nodrop,3,5,27.86170086318408
learnedPE_nodrop,3,5,31.63666406023899
learnedPE_nodrop,3,5,22.56102625038952
learnedPE_nodrop,3,5,36.89682033390975
learnedPE_nodrop,3,5,35.38978372602812
learnedPE_nodrop,3,5,37.192003835429624
learnedPE_nodrop,3,5,35.92636162560776
learnedPE_nodrop,3,5,47.20312797812715
learnedPE_nodrop,3,5,43.40951529995527
learnedPE_nodrop,3,5,43.19162746601018
learnedPE_nodrop,3,5,39.946803075934646
learnedPE_nodrop,3,5,40.20793887430193
learnedPE_nodrop,3,5,32.94395970982815
learnedPE_nodrop,3,5,43.68919123065995
learnedPE_nodrop,3,5,47.264366424379865
learnedPE_nodrop,3,5,45.035782085101175
learnedPE_nodrop,3,5,40.5242225061027
learnedPE_nodrop,3,5,37.41802425773252
learnedPE_nodrop,3,5,35.36547814756388
learnedPE_nodrop,3,5,50.23784962271608
learnedPE_nodrop,3,5,50.20352334168571
learnedPE_nodrop,3,5,42.40889860439767
learnedPE_nodrop,3,5,35.91753690812477
learnedPE_nodrop,3,5,27.32832932409036
learnedPE_nodrop,3,5,26.273489515654504
learnedPE_nodrop,3,5,30.406570272421874
learnedPE_nodrop,3,5,29.956338868099312
learnedPE_nodrop,3,5,28.39812368090131
learnedPE_nodrop,3,5,33.19604391523904
learnedPE_nodrop,3,5,31.694390873278834
learnedPE_nodrop,3,5,34.00604482278611
learnedPE_nodrop,3,5,29.755885960254265
learnedPE_nodrop,3,5,29.395021928545155
learnedPE_nodrop,3,5,35.9897478965355
learnedPE_nodrop,3,5,37.01529534552236
learnedPE_nodrop,3,5,33.00220525216189
learnedPE_nodrop,3,5,33.90602161297082
learnedPE_nodrop,3,5,27.82020641527312
learnedPE_nodrop,3,5,34.63768970807609
learnedPE_nodrop,3,5,41.38768052738423
learnedPE_nodrop,3,5,40.786913412049486
learnedPE_nodrop,3,5,42.46430513731245
learnedPE_nodrop,3,5,28.338471125299826
learnedPE_nodrop,3,5,35.239849470702445
learnedPE_nodrop,3,5,38.75467120138339
learnedPE_nodrop,3,5,34.343695466550486
learnedPE_nodrop,3,5,35.15982781771109
learnedPE_nodrop,3,5,31.51057307862383
learnedPE_nodrop,3,5,32.239922336442625
learnedPE_nodrop,3,5,48.43942513033482
learnedPE_nodrop,3,5,45.785261043104775
learnedPE_nodrop,3,5,40.88000945475174
learnedPE_nodrop,3,5,36.499524098614025
learnedPE_nodrop,3,5,46.4531357323469
learnedPE_nodrop,3,5,40.680817794716184
learnedPE_nodrop,3,5,40.523645826848174
learnedPE_nodrop,3,5,26.97858259727078
learnedPE_nodrop,3,5,40.86471938318712
learnedPE_nodrop,3,5,32.6191971551821
learnedPE_nodrop,3,5,29.721295879724092
learnedPE_nodrop,3,5,27.970193559029475
learnedPE_nodrop,3,5,31.525262121176056
learnedPE_nodrop,3,5,29.74415865563379
learnedPE_nodrop,3,5,28.41192410887726
learnedPE_nodrop,3,5,30.663739254392425
learnedPE_nodrop,3,5,26.410296146602256
learnedPE_nodrop,3,5,28.87926772988444
learnedPE_nodrop,3,5,24.312997088823323
learnedPE_nodrop,3,5,48.7545378180234
learnedPE_nodrop,3,5,48.33621036831997
learnedPE_nodrop,3,5,50.70006922321956
learnedPE_nodrop,3,5,44.61262009916764
learnedPE_nodrop,3,5,46.45932265947936
learnedPE_nodrop,3,5,40.78002999127088
learnedPE_nodrop,3,5,45.730858772792146
learnedPE_nodrop,3,5,57.6810440040112
learnedPE_nodrop,3,5,42.17078433942253
learnedPE_nodrop,3,5,37.63083750874359
learnedPE_nodrop,3,5,53.19959023922027
learnedPE_nodrop,3,5,56.16234913756153
learnedPE_nodrop,3,5,52.652375443402434
learnedPE_nodrop,3,5,61.510238727411604
learnedPE_nodrop,3,5,64.96731023103028
learnedPE_nodrop,3,5,59.31728624442575
learnedPE_nodrop,3,5,62.828305207931656
learnedPE_nodrop,3,5,63.52983681982857
learnedPE_nodrop,3,5,54.52677718858515
learnedPE_nodrop,3,5,57.62440224160957
learnedPE_nodrop,3,5,52.65366990053162
learnedPE_nodrop,3,5,58.41389163011128
learnedPE_nodrop,3,5,57.661719294105026
learnedPE_nodrop,3,5,46.92688205732368
learnedPE_nodrop,3,5,45.12885891921775
learnedPE_nodrop,3,5,53.17630119832384
learnedPE_nodrop,3,5,57.462519757608824
learnedPE_nodrop,3,5,62.57820258482726
learnedPE_nodrop,3,5,53.26768026031002
learnedPE_nodrop,3,5,55.92655524569095
learnedPE_nodrop,3,5,53.7636837667856
learnedPE_nodrop,3,5,55.967033390264696
learnedPE_nodrop,3,5,54.78425582806149
learnedPE_nodrop,3,5,57.85534240296607
learnedPE_nodrop,3,5,50.166396106204836
learnedPE_nodrop,3,5,58.6884316583584
learnedPE_nodrop,3,5,64.02243309634372
learnedPE_nodrop,3,5,68.64201066272327
learnedPE_nodrop,3,5,49.38056180213983
learnedPE_nodrop,3,5,52.29408002677904
learnedPE_nodrop,3,5,46.38895528408417
learnedPE_nodrop,3,5,46.84765299278569
learnedPE_nodrop,3,5,49.56232635131138
learnedPE_nodrop,3,5,46.79961186608906
learnedPE_nodrop,3,5,55.88532295624311
learnedPE_nodrop,3,5,24.924280062242303
learnedPE_nodrop,3,6,4.50350976708748
learnedPE_nodrop,3,6,14.051634158400677
learnedPE_nodrop,3,6,12.433470529884168
learnedPE_nodrop,3,6,9.412428637127764
learnedPE_nodrop,3,6,9.197693244504993
learnedPE_nodrop,3,6,17.289706908994063
learnedPE_nodrop,3,6,8.558746936182665
learnedPE_nodrop,3,6,12.01435487446968
learnedPE_nodrop,3,6,10.533897453503718
learnedPE_nodrop,3,6,21.116355005853222
learnedPE_nodrop,3,6,16.008593209724776
learnedPE_nodrop,3,6,19.23125068033615
learnedPE_nodrop,3,6,14.426415551331463
learnedPE_nodrop,3,6,12.626771230775665
learnedPE_nodrop,3,6,8.273542284497793
learnedPE_nodrop,3,6,24.691010488075932
learnedPE_nodrop,3,6,20.00893640808249
learnedPE_nodrop,3,6,21.46758706828961
learnedPE_nodrop,3,6,16.484227184573573
learnedPE_nodrop,3,6,32.33133315699224
learnedPE_nodrop,3,6,27.416091939061893
learnedPE_nodrop,3,6,20.718866280871712
learnedPE_nodrop,3,6,28.10185485060218
learnedPE_nodrop,3,6,19.972813985248248
learnedPE_nodrop,3,6,16.78982222291078
learnedPE_nodrop,3,6,23.141084426805847
learnedPE_nodrop,3,6,28.014557113553884
learnedPE_nodrop,3,6,28.832658149403144
learnedPE_nodrop,3,6,20.625951019559402
learnedPE_nodrop,3,6,19.81743508497265
learnedPE_nodrop,3,6,24.560764776048803
learnedPE_nodrop,3,6,27.26401867455855
learnedPE_nodrop,3,6,28.08529319744727
learnedPE_nodrop,3,6,27.283677387477702
learnedPE_nodrop,3,6,14.091886005686655
learnedPE_nodrop,3,6,20.373542834046663
learnedPE_nodrop,3,6,16.141438439004023
learnedPE_nodrop,3,6,22.85163354134177
learnedPE_nodrop,3,6,17.00514424588718
learnedPE_nodrop,3,6,22.944088097315955
learnedPE_nodrop,3,6,22.05996683003727
learnedPE_nodrop,3,6,16.945988564962082
learnedPE_nodrop,3,6,23.929522968824795
learnedPE_nodrop,3,6,17.10115129262547
learnedPE_nodrop,3,6,15.238392293715114
learnedPE_nodrop,3,6,20.868840977806496
learnedPE_nodrop,3,6,29.960314984786017
learnedPE_nodrop,3,6,22.89778219100395
learnedPE_nodrop,3,6,21.53806472435238
learnedPE_nodrop,3,6,13.214047472952323
learnedPE_nodrop,3,6,21.58874694157071
learnedPE_nodrop,3,6,27.76293693456782
learnedPE_nodrop,3,6,29.945632842277643
learnedPE_nodrop,3,6,25.58394923433149
learnedPE_nodrop,3,6,7.397747345279754
learnedPE_nodrop,3,6,19.86522434413076
learnedPE_nodrop,3,6,21.995151739968215
learnedPE_nodrop,3,6,17.102244647473203
learnedPE_nodrop,3,6,22.122786723607128
learnedPE_nodrop,3,6,12.22593406772041
learnedPE_nodrop,3,6,17.898695367015915
learnedPE_nodrop,3,6,23.562048330776246
learnedPE_nodrop,3,6,18.44305271518223
learnedPE_nodrop,3,6,20.444866983827424
learnedPE_nodrop,3,6,16.89076460932689
learnedPE_nodrop,3,6,19.104533234228978
learnedPE_nodrop,3,6,16.642783344628427
learnedPE_nodrop,3,6,18.62302442922534
learnedPE_nodrop,3,6,6.0045448093025655
learnedPE_nodrop,3,6,12.040119524634717
learnedPE_nodrop,3,6,31.856676651165174
learnedPE_nodrop,3,6,23.62569346025453
learnedPE_nodrop,3,6,21.431358115562823
learnedPE_nodrop,3,6,27.313316256949804
learnedPE_nodrop,3,6,22.68998860849241
learnedPE_nodrop,3,6,23.296110726504132
learnedPE_nodrop,3,6,26.62523308781342
learnedPE_nodrop,3,6,16.14960215746944
learnedPE_nodrop,3,6,22.368328872825394
learnedPE_nodrop,3,6,18.92599786357076
learnedPE_nodrop,3,6,33.896787482358484
learnedPE_nodrop,3,6,37.99421597727707
learnedPE_nodrop,3,6,45.65985090980673
learnedPE_nodrop,3,6,27.34302350650536
learnedPE_nodrop,3,6,34.46486108950191
learnedPE_nodrop,3,6,31.475498633437347
learnedPE_nodrop,3,6,34.66186698032943
learnedPE_nodrop,3,6,47.73876265465308
learnedPE_nodrop,3,6,36.024041848702765
learnedPE_nodrop,3,6,20.976219585785394
learnedPE_nodrop,3,6,36.22992615251666
learnedPE_nodrop,3,6,42.468644427223786
learnedPE_nodrop,3,6,38.35674742887687
learnedPE_nodrop,3,6,43.503037490794036
learnedPE_nodrop,3,6,46.32933923012997
learnedPE_nodrop,3,6,46.0109449578596
learnedPE_nodrop,3,6,54.05636285236986
learnedPE_nodrop,3,6,54.22189943882032
learnedPE_nodrop,3,6,42.29519344865088
learnedPE_nodrop,3,6,37.54624635546216
learnedPE_nodrop,3,6,36.32770810806313
learnedPE_nodrop,3,6,35.398392791467394
learnedPE_nodrop,3,6,43.68734198093713
learnedPE_nodrop,3,6,28.274354273789186
learnedPE_nodrop,3,6,22.922378015102996
learnedPE_nodrop,3,6,45.832877804649044
learnedPE_nodrop,3,6,34.29124036096945
learnedPE_nodrop,3,6,44.8281943398107
learnedPE_nodrop,3,6,36.69950616609904
learnedPE_nodrop,3,6,48.465941380379896
learnedPE_nodrop,3,6,31.027297992526904
learnedPE_nodrop,3,6,46.9193306211157
learnedPE_nodrop,3,6,46.01398493299714
learnedPE_nodrop,3,6,40.18570322290761
learnedPE_nodrop,3,6,38.140622426341395
learnedPE_nodrop,3,6,44.61047934124338
learnedPE_nodrop,3,6,45.082144938597004
learnedPE_nodrop,3,6,51.45802769630423
learnedPE_nodrop,3,6,29.92517118334651
learnedPE_nodrop,3,6,32.44199431628015
learnedPE_nodrop,3,6,31.211371945945483
learnedPE_nodrop,3,6,38.90244961229911
learnedPE_nodrop,3,6,34.702601551503754
learnedPE_nodrop,3,6,30.10249070953343
learnedPE_nodrop,3,6,33.209005400282564
learnedPE_nodrop,3,6,18.888845408435373
learnedPE_nodrop,3,6,16.565962147135394
learnedPE_nodrop,3,6,16.8081944541667
learnedPE_nodrop,3,6,16.20974972692005
learnedPE_nodrop,3,6,18.51241554910363
learnedPE_nodrop,3,6,18.767945463623747
learnedPE_nodrop,3,6,18.574906711942386
learnedPE_nodrop,3,6,20.069271071086646
learnedPE_nodrop,3,6,18.27969617043797
learnedPE_nodrop,3,6,18.87491651386045
learnedPE_nodrop,3,6,17.727753757572014
learnedPE_nodrop,3,6,21.2659954031401
learnedPE_nodrop,3,6,21.93172314201949
learnedPE_nodrop,3,6,21.81477610776397
learnedPE_nodrop,3,6,21.11822173330117
learnedPE_nodrop,3,6,21.631128091262315
learnedPE_nodrop,3,6,21.57220874222949
learnedPE_nodrop,3,6,27.941386459936545
learnedPE_nodrop,3,6,32.38550017640956
learnedPE_nodrop,3,6,23.596876414806506
learnedPE_nodrop,3,6,16.21523443017184
learnedPE_nodrop,3,6,37.325887489984055
learnedPE_nodrop,3,6,36.65948845150643
learnedPE_nodrop,3,6,33.875029636570694
learnedPE_nodrop,3,6,35.712663448521475
learnedPE_nodrop,3,6,33.79131663455554
learnedPE_nodrop,3,6,32.46209306814586
learnedPE_nodrop,3,6,43.49076085965557
learnedPE_nodrop,3,6,46.38346280367897
learnedPE_nodrop,3,6,35.40881666295267
learnedPE_nodrop,3,6,30.768855633533644
learnedPE_nodrop,3,6,43.259785220417704
learnedPE_nodrop,3,6,38.24432168752219
learnedPE_nodrop,3,6,32.89574484540093
learnedPE_nodrop,3,6,25.681209149380706
learnedPE_nodrop,3,6,33.725301864210586
learnedPE_nodrop,3,6,24.16907483904175
learnedPE_nodrop,3,6,26.829500855501543
learnedPE_nodrop,3,6,26.978156708506468
learnedPE_nodrop,3,6,25.86251642889713
learnedPE_nodrop,3,6,25.417580542746265
learnedPE_nodrop,3,6,25.03334426801334
learnedPE_nodrop,3,6,33.34564272468904
learnedPE_nodrop,3,6,29.46256004748574
learnedPE_nodrop,3,6,31.48843586411098
learnedPE_nodrop,3,6,27.029804570108514
learnedPE_nodrop,3,6,40.85862681149132
learnedPE_nodrop,3,6,33.30906223929184
learnedPE_nodrop,3,6,29.446884711658512
learnedPE_nodrop,3,6,20.593262975345677
learnedPE_nodrop,3,6,30.840925545436665
learnedPE_nodrop,3,6,35.69295495447591
learnedPE_nodrop,3,6,31.038019356963815
learnedPE_nodrop,3,6,29.356201590510235
learnedPE_nodrop,3,6,26.867785853720356
learnedPE_nodrop,3,6,38.54256456673448
learnedPE_nodrop,3,6,15.621252555077197
learnedPE_nodrop,3,6,30.88652836514451
learnedPE_nodrop,3,6,31.559287767312107
learnedPE_nodrop,3,6,30.809604197859606
learnedPE_nodrop,3,6,24.99796730212576
learnedPE_nodrop,3,6,29.340538506614266
learnedPE_nodrop,3,6,24.925476399541292
learnedPE_nodrop,3,6,25.9695703215501
learnedPE_nodrop,3,6,28.794785564357174
learnedPE_nodrop,3,6,23.66531155292715
learnedPE_nodrop,3,6,23.98166125679815
learnedPE_nodrop,3,6,43.84160957865766
learnedPE_nodrop,3,6,45.15734906578797
learnedPE_nodrop,3,6,41.73815254070018
learnedPE_nodrop,3,6,30.253239813852524
learnedPE_nodrop,3,6,36.71710756179253
learnedPE_nodrop,3,6,45.00088600174408
learnedPE_nodrop,3,6,46.41856562830026
learnedPE_nodrop,3,6,45.321938501793824
learnedPE_nodrop,3,6,49.067827313177936
learnedPE_nodrop,3,6,51.87439997517222
learnedPE_nodrop,3,6,21.111494484002684
learnedPE_nodrop,3,6,43.581339258085436
learnedPE_nodrop,3,6,43.03742712490554
learnedPE_nodrop,3,6,46.34058084983986
learnedPE_nodrop,3,6,39.447492036198696
learnedPE_nodrop,3,6,44.532692511503555
learnedPE_nodrop,3,6,24.53629804180559
learnedPE_nodrop,3,6,15.65642006888885
wavePE_nodrop,3,0,94.06318065912058
wavePE_nodrop,3,1,79.50773543952346
wavePE_nodrop,3,1,75.29944380361331
wavePE_nodrop,3,1,76.02232322875956
wavePE_nodrop,3,1,81.12806759458122
wavePE_nodrop,3,1,80.45400238491239
wavePE_nodrop,3,1,86.18297824681065
wavePE_nodrop,3,1,89.99633787117871
wavePE_nodrop,3,1,84.04335272574575
wavePE_nodrop,3,1,83.10257008038778
wavePE_nodrop,3,1,90.59915294255391
wavePE_nodrop,3,2,62.131586354371834
wavePE_nodrop,3,2,70.79224692057821
wavePE_nodrop,3,2,65.17886592006542
wavePE_nodrop,3,2,66.23344879248351
wavePE_nodrop,3,2,69.11928009318856
wavePE_nodrop,3,2,76.2651953238567
wavePE_nodrop,3,2,62.2489552731301
wavePE_nodrop,3,2,64.26003486789814
wavePE_nodrop,3,2,70.3138695382029
wavePE_nodrop,3,2,52.13550341323864
wavePE_nodrop,3,2,69.24599248113894
wavePE_nodrop,3,2,70.64461228801552
wavePE_nodrop,3,2,58.04595840322968
wavePE_nodrop,3,2,70.50796220172919
wavePE_nodrop,3,2,71.87038671897706
wavePE_nodrop,3,2,66.26108414518926
wavePE_nodrop,3,2,73.74451750749374
wavePE_nodrop,3,2,57.53331088068131
wavePE_nodrop,3,2,65.89330288515956
wavePE_nodrop,3,2,63.86211373395428
wavePE_nodrop,3,2,70.25178980872757
wavePE_nodrop,3,2,73.80532571400725
wavePE_nodrop,3,2,72.7304244366952
wavePE_nodrop,3,2,70.4486462779985
wavePE_nodrop,3,2,50.64982276818666
wavePE_nodrop,3,2,73.05905322464623
wavePE_nodrop,3,2,78.35863821611335
wavePE_nodrop,3,2,70.89216114338222
wavePE_nodrop,3,2,69.39541907562712
wavePE_nodrop,3,2,71.77147714703575
wavePE_nodrop,3,2,78.29094332478668
wavePE_nodrop,3,2,77.0609172536757
wavePE_nodrop,3,2,70.77219683750667
wavePE_nodrop,3,2,68.50561648237094
wavePE_nodrop,3,2,73.79898717869402
wavePE_nodrop,3,2,79.01354941314354
wavePE_nodrop,3,2,74.92054867742803
wavePE_nodrop,3,2,82.65234119653655
wavePE_nodrop,3,2,84.2104846030862
wavePE_nodrop,3,2,86.38384548007312
wavePE_nodrop,3,2,84.2505753438265
wavePE_nodrop,3,2,87.22806219030639
wavePE_nodrop,3,2,76.38496811751561
wavePE_nodrop,3,2,77.48119049134175
wavePE_nodrop,3,2,74.9534048480619
wavePE_nodrop,3,3,39.50739290882306
wavePE_nodrop,3,3,52.03463094586033
wavePE_nodrop,3,3,56.23942802010544
wavePE_nodrop,3,3,46.10275621240176
wavePE_nodrop,3,3,51.5875008898297
wavePE_nodrop,3,3,44.13550623234387
wavePE_nodrop,3,3,47.89923553311255
wavePE_nodrop,3,3,58.430100887029134
wavePE_nodrop,3,3,51.398257007608585
wavePE_nodrop,3,3,60.814437838082604
wavePE_nodrop,3,3,56.81890618720694
wavePE_nodrop,3,3,64.9753380900496
wavePE_nodrop,3,3,58.89120284515823
wavePE_nodrop,3,3,63.97334648656783
wavePE_nodrop,3,3,68.6639385044536
wavePE_nodrop,3,3,46.38302385277249
wavePE_nodrop,3,3,62.10584582587509
wavePE_nodrop,3,3,65.10956478696014
wavePE_nodrop,3,3,53.18951928457456
wavePE_nodrop,3,3,52.83293555079318
wavePE_nodrop,3,3,56.29844742980541
wavePE_nodrop,3,3,60.51463310453218
wavePE_nodrop,3,3,63.33281293611668
wavePE_nodrop,3,3,48.80214660923832
wavePE_nodrop,3,3,50.821924983350264
wavePE_nodrop,3,3,51.54449076347931
wavePE_nodrop,3,3,52.63799195877456
wavePE_nodrop,3,3,50.20963411284855
wavePE_nodrop,3,3,60.539215754235734
wavePE_nodrop,3,3,66.72643427991433
wavePE_nodrop,3,3,64.37917935751184
wavePE_nodrop,3,3,63.51051192555464
wavePE_nodrop,3,3,70.53618823146077
wavePE_nodrop,3,3,54.58881778686381
wavePE_nodrop,3,3,58.391011159145776
wavePE_nodrop,3,3,57.488400032446464
wavePE_nodrop,3,3,35.13624428395381
wavePE_nodrop,3,3,48.62349938931257
wavePE_nodrop,3,3,39.26508222933261
wavePE_nodrop,3,3,44.836362318384374
wavePE_nodrop,3,3,53.70191102954508
wavePE_nodrop,3,3,47.62828578606723
wavePE_nodrop,3,3,44.96013859098532
wavePE_nodrop,3,3,50.16814720441916
wavePE_nodrop,3,3,56.072151673154295
wavePE_nodrop,3,3,65.290021347362
wavePE_nodrop,3,3,64.42200970078532
wavePE_nodrop,3,3,60.282920588936825
wavePE_nodrop,3,3,62.21146567949919
wavePE_nodrop,3,3,49.91971567316521
wavePE_nodrop,3,3,62.33713452934019
wavePE_nodrop,3,3,64.06407367907912
wavePE_nodrop,3,3,53.87396732688822
wavePE_nodrop,3,3,69.19922436235495
wavePE_nodrop,3,3,43.408950219797035
wavePE_nodrop,3,3,52.76773418730689
wavePE_nodrop,3,3,65.67344522780252
wavePE_nodrop,3,3,51.27456982730701
wavePE_nodrop,3,3,71.04213140566131
wavePE_nodrop,3,3,67.94702299613911
wavePE_nodrop,3,3,68.82939867219197
wavePE_nodrop,3,3,53.927175273904204
wavePE_nodrop,3,3,68.908681175713
wavePE_nodrop,3,3,61.86749520626182
wavePE_nodrop,3,3,15.865625546387008
wavePE_nodrop,3,3,42.67342139084027
wavePE_nodrop,3,3,55.60092279020079
wavePE_nodrop,3,3,56.43420462799133
wavePE_nodrop,3,3,57.62859244095342
wavePE_nodrop,3,3,53.07865830783245
wavePE_nodrop,3,3,57.5410002439673
wavePE_nodrop,3,3,60.30533017345425
wavePE_nodrop,3,3,63.469856689870554
wavePE_nodrop,3,3,63.249906080617414
wavePE_nodrop,3,3,59.35458662989339
wavePE_nodrop,3,3,54.013074734029345
wavePE_nodrop,3,3,68.37199094062244
wavePE_nodrop,3,3,61.808879892027726
wavePE_nodrop,3,3,63.15700912609841
wavePE_nodrop,3,3,72.36068353851715
wavePE_nodrop,3,3,72.63228429519988
wavePE_nodrop,3,3,65.54648676066185
wavePE_nodrop,3,3,63.43861500033056
wavePE_nodrop,3,3,65.6423065357926
wavePE_nodrop,3,3,63.397347618638086
wavePE_nodrop,3,3,50.62439006374313
wavePE_nodrop,3,3,49.23269305026842
wavePE_nodrop,3,3,43.93115992534122
wavePE_nodrop,3,3,42.464736972260184
wavePE_nodrop,3,3,46.635754452160626
wavePE_nodrop,3,3,67.03205614110492
wavePE_nodrop,3,3,61.83999525258712
wavePE_nodrop,3,3,67.31361303827681
wavePE_nodrop,3,3,69.15362148889479
wavePE_nodrop,3,3,72.539465161346
wavePE_nodrop,3,3,72.00283946522607
wavePE_nodrop,3,3,70.4764757557834
wavePE_nodrop,3,3,61.17643863721851
wavePE_nodrop,3,3,60.004363657123584
wavePE_nodrop,3,3,58.57104399464716
wavePE_nodrop,3,3,72.87894632461125
wavePE_nodrop,3,3,66.68286398861343
wavePE_nodrop,3,3,70.04207351788972
wavePE_nodrop,3,3,73.90494561445696
wavePE_nodrop,3,3,74.13164434668099
wavePE_nodrop,3,3,69.68275141883883
wavePE_nodrop,3,3,72.52693356451681
wavePE_nodrop,3,3,60.11882351014424
wavePE_nodrop,3,3,58.781900007076274
wavePE_nodrop,3,3,56.30314986419718
wavePE_nodrop,3,3,78.01038499470596
wavePE_nodrop,3,3,67.46861087346161
wavePE_nodrop,3,3,79.77070559697754
wavePE_nodrop,3,3,69.82896068627258
wavePE_nodrop,3,3,72.67400061725513
wavePE_nodrop,3,3,80.87643403803871
wavePE_nodrop,3,3,74.69373823064409
wavePE_nodrop,3,3,80.3487110048703
wavePE_nodrop,3,3,75.57118807877588
wavePE_nodrop,3,3,59.134363660403096
wavePE_nodrop,3,4,17.577392975311252
wavePE_nodrop,3,4,34.74859369345936
wavePE_nodrop,3,4,36.47782353994919
wavePE_nodrop,3,4,31.71868924692341
wavePE_nodrop,3,4,36.94603277740926
wavePE_nodrop,3,4,32.0300357059031
wavePE_nodrop,3,4,42.938484372994274
wavePE_nodrop,3,4,46.343266747327085
wavePE_nodrop,3,4,32.182274027262295
wavePE_nodrop,3,4,48.639565896180486
wavePE_nodrop,3,4,39.391524693869734
wavePE_nodrop,3,4,37.55287676202719
wavePE_nodrop,3,4,48.209115980170054
wavePE_nodrop,3,4,28.592943211557703
wavePE_nodrop,3,4,47.75072483854315
wavePE_nodrop,3,4,41.50411369840795
wavePE_nodrop,3,4,38.36982900605341
wavePE_nodrop,3,4,50.0358382690008
wavePE_nodrop,3,4,33.94289032283416
wavePE_nodrop,3,4,37.55402208198967
wavePE_nodrop,3,4,60.0392581837935
wavePE_nodrop,3,4,40.96511440813338
wavePE_nodrop,3,4,51.5538495561524
wavePE_nodrop,3,4,54.30807340197003
wavePE_nodrop,3,4,47.80792361453623
wavePE_nodrop,3,4,41.03874179729638
wavePE_nodrop,3,4,44.13528634893639
wavePE_nodrop,3,4,43.69710810837968
wavePE_nodrop,3,4,22.194341357072496
wavePE_nodrop,3,4,42.83109864400373
wavePE_nodrop,3,4,49.506932964148106
wavePE_nodrop,3,4,49.828729905536825
wavePE_nodrop,3,4,50.24898565485396
wavePE_nodrop,3,4,48.24920128733163
wavePE_nodrop,3,4,46.34917111001183
wavePE_nodrop,3,4,55.73124921176908
wavePE_nodrop,3,4,52.4379305848558
wavePE_nodrop,3,4,56.65936501093134
wavePE_nodrop,3,4,55.36905152300851
wavePE_nodrop,3,4,43.97306870216745
wavePE_nodrop,3,4,49.71595168650669
wavePE_nodrop,3,4,54.241631253904046
wavePE_nodrop,3,4,55.40603879438781
wavePE_nodrop,3,4,62.762026718015505
wavePE_nodrop,3,4,63.372499956259155
wavePE_nodrop,3,4,65.97276973233537
wavePE_nodrop,3,4,50.8452522022663
wavePE_nodrop,3,4,57.16139317979169
wavePE_nodrop,3,4,55.753009885743644
wavePE_nodrop,3,4,44.7893142139706
wavePE_nodrop,3,4,44.009762785099646
wavePE_nodrop,3,4,34.51978039789771
wavePE_nodrop,3,4,37.627143165759705
wavePE_nodrop,3,4,38.22651065896609
wavePE_nodrop,3,4,48.49415981814384
wavePE_nodrop,3,4,42.251652958029226
wavePE_nodrop,3,4,48.63437360995972
wavePE_nodrop,3,4,60.81596536373042
wavePE_nodrop,3,4,55.74834989781564
wavePE_nodrop,3,4,54.82996850149233
wavePE_nodrop,3,4,56.968109096879395
wavePE_nodrop,3,4,46.6974672287235
wavePE_nodrop,3,4,48.51184333944318
wavePE_nodrop,3,4,49.28916298313755
wavePE_nodrop,3,4,44.58486653787354
wavePE_nodrop,3,4,34.34415200635299
wavePE_nodrop,3,4,46.55603880830437
wavePE_nodrop,3,4,53.214812752319204
wavePE_nodrop,3,4,50.307539543105506
wavePE_nodrop,3,4,49.93987191316387
wavePE_nodrop,3,4,52.420776661888205
wavePE_nodrop,3,4,38.07987763369446
wavePE_nodrop,3,4,40.64426455903764
wavePE_nodrop,3,4,43.98577521209669
wavePE_nodrop,3,4,53.353016840383304
wavePE_nodrop,3,4,51.03833791801239
wavePE_nodrop,3,4,57.26607296244053
wavePE_nodrop,3,4,50.152521990870724
wavePE_nodrop,3,4,49.72240459511505
wavePE_nodrop,3,4,60.654725387803786
wavePE_nodrop,3,4,54.7286425869304
wavePE_nodrop,3,4,60.87682955589051
wavePE_nodrop,3,4,53.292998996609974
wavePE_nodrop,3,4,41.41696341289999
wavePE_nodrop,3,4,13.872661369740818
wavePE_nodrop,3,4,14.737385300588135
wavePE_nodrop,3,4,30.881394856704176
wavePE_nodrop,3,4,31.73409538038631
wavePE_nodrop,3,4,33.21181114502254
wavePE_nodrop,3,4,26.408983279910004
wavePE_nodrop,3,4,33.12261459295678
wavePE_nodrop,3,4,39.56028318253675
wavePE_nodrop,3,4,48.01913262079594
wavePE_nodrop,3,4,41.414455492449605
wavePE_nodrop,3,4,43.45489251167033
wavePE_nodrop,3,4,31.51663364157678
wavePE_nodrop,3,4,37.610068853807824
wavePE_nodrop,3,4,45.392187383914965
wavePE_nodrop,3,4,29.691658439569142
wavePE_nodrop,3,4,48.912397520289645
wavePE_nodrop,3,4,43.724897372227154
wavePE_nodrop,3,4,36.59471610625564
wavePE_nodrop,3,4,39.5636448241527
wavePE_nodrop,3,4,44.91373379995856
wavePE_nodrop,3,4,39.43159987506599
wavePE_nodrop,3,4,39.196827005183266
wavePE_nodrop,3,4,44.30430644354686
wavePE_nodrop,3,4,44.39767075485977
wavePE_nodrop,3,4,35.518516551599085
wavePE_nodrop,3,4,46.60776608058128
wavePE_nodrop,3,4,43.17364111813425
wavePE_nodrop,3,4,48.638568498949674
wavePE_nodrop,3,4,61.11203083580191
wavePE_nodrop,3,4,49.438424018688124
wavePE_nodrop,3,4,63.18240576311352
wavePE_nodrop,3,4,63.47692401384612
wavePE_nodrop,3,4,62.103104481451844
wavePE_nodrop,3,4,42.464665222633634
wavePE_nodrop,3,4,52.79645523513587
wavePE_nodrop,3,4,45.96118529402001
wavePE_nodrop,3,4,33.97277453463104
wavePE_nodrop,3,4,41.900850069750774
wavePE_nodrop,3,4,55.86243620153386
wavePE_nodrop,3,4,45.97107922197009
wavePE_nodrop,3,4,63.11982625793908
wavePE_nodrop,3,4,54.17829140141565
wavePE_nodrop,3,4,62.422309294414035
wavePE_nodrop,3,4,41.5787124468346
wavePE_nodrop,3,4,59.59149215675963
wavePE_nodrop,3,4,51.22939549155677
wavePE_nodrop,3,4,38.563717907831396
wavePE_nodrop,3,4,52.65255902841333
wavePE_nodrop,3,4,37.93057871739386
wavePE_nodrop,3,4,47.43980029251591
wavePE_nodrop,3,4,45.54529341641992
wavePE_nodrop,3,4,56.04254459337659
wavePE_nodrop,3,4,58.616975765985124
wavePE_nodrop,3,4,67.31401017681137
wavePE_nodrop,3,4,63.799428866380396
wavePE_nodrop,3,4,38.78543881665845
wavePE_nodrop,3,4,15.037207195964926
wavePE_nodrop,3,4,16.73242907194962
wavePE_nodrop,3,4,16.3183791247399
wavePE_nodrop,3,4,13.69402009985014
wavePE_nodrop,3,4,15.650260174648793
wavePE_nodrop,3,4,41.84556102613396
wavePE_nodrop,3,4,41.881305511752146
wavePE_nodrop,3,4,39.64547359569271
wavePE_nodrop,3,4,37.777632004534425
wavePE_nodrop,3,4,53.90947379957358
wavePE_nodrop,3,4,58.79003384693142
wavePE_nodrop,3,4,50.678320603325034
wavePE_nodrop,3,4,54.7326445377693
wavePE_nodrop,3,4,47.154196949512446
wavePE_nodrop,3,4,49.97358040404161
wavePE_nodrop,3,4,51.07332348358322
wavePE_nodrop,3,4,62.846964109650614
wavePE_nodrop,3,4,54.92065705347061
wavePE_nodrop,3,4,53.87892438544695
wavePE_nodrop,3,4,62.125277013946544
wavePE_nodrop,3,4,62.7851510785528
wavePE_nodrop,3,4,55.182707525608734
wavePE_nodrop,3,4,56.76760988478136
wavePE_nodrop,3,4,54.27442111369951
wavePE_nodrop,3,4,52.29228271935028
wavePE_nodrop,3,4,57.32584510873886
wavePE_nodrop,3,4,52.42483078385946
wavePE_nodrop,3,4,53.461802692580186
wavePE_nodrop,3,4,51.31001605690479
wavePE_nodrop,3,4,60.42177471154411
wavePE_nodrop,3,4,59.76501833479051
wavePE_nodrop,3,4,62.9141382585769
wavePE_nodrop,3,4,64.75931141391665
wavePE_nodrop,3,4,61.22917115597293
wavePE_nodrop,3,4,51.0892097508394
wavePE_nodrop,3,4,48.87520820661323
wavePE_nodrop,3,4,38.56244891851793
wavePE_nodrop,3,4,41.497232462675505
wavePE_nodrop,3,4,46.86458430392968
wavePE_nodrop,3,4,45.25945126274679
wavePE_nodrop,3,4,45.8091051930302
wavePE_nodrop,3,4,45.8553148552298
wavePE_nodrop,3,4,38.21394407976269
wavePE_nodrop,3,4,39.86012820494453
wavePE_nodrop,3,4,37.67746908884624
wavePE_nodrop,3,4,61.78581643943106
wavePE_nodrop,3,4,58.019179054888085
wavePE_nodrop,3,4,66.02518881004006
wavePE_nodrop,3,4,56.49654193932507
wavePE_nodrop,3,4,58.00501833182496
wavePE_nodrop,3,4,64.25739210795669
wavePE_nodrop,3,4,60.9828950618888
wavePE_nodrop,3,4,62.617343185691745
wavePE_nodrop,3,4,59.00386156681849
wavePE_nodrop,3,4,45.73263360299
wavePE_nodrop,3,4,73.31592445522413
wavePE_nodrop,3,4,56.69242672500605
wavePE_nodrop,3,4,68.8305194199575
wavePE_nodrop,3,4,61.58347490242342
wavePE_nodrop,3,4,59.244357114332914
wavePE_nodrop,3,4,62.65587170942288
wavePE_nodrop,3,4,59.357316324251656
wavePE_nodrop,3,4,63.34168549640153
wavePE_nodrop,3,4,58.35219303420851
wavePE_nodrop,3,4,43.64600004883708
wavePE_nodrop,3,4,65.70250715056747
wavePE_nodrop,3,4,76.00207010989017
wavePE_nodrop,3,4,66.02137921514264
wavePE_nodrop,3,4,53.390060885237745
wavePE_nodrop,3,4,54.998946150843175
wavePE_nodrop,3,5,12.709585249135834
wavePE_nodrop,3,5,9.303852095367176
wavePE_nodrop,3,5,16.248093188023244
wavePE_nodrop,3,5,20.685957318585213
wavePE_nodrop,3,5,18.945605559059928
wavePE_nodrop,3,5,17.41607108839342
wavePE_nodrop,3,5,24.67860534016111
wavePE_nodrop,3,5,26.821669643174527
wavePE_nodrop,3,5,28.151001277558507
wavePE_nodrop,3,5,23.85872663088918
wavePE_nodrop,3,5,34.50990263339618
wavePE_nodrop,3,5,29.05243334607154
wavePE_nodrop,3,5,38.21803955726338
wavePE_nodrop,3,5,42.15545084643681
wavePE_nodrop,3,5,32.428318936559954
wavePE_nodrop,3,5,31.362726681225023
wavePE_nodrop,3,5,33.88168479764768
wavePE_nodrop,3,5,31.665232535738625
wavePE_nodrop,3,5,32.21125042077455
wavePE_nodrop,3,5,35.95072119818249
wavePE_nodrop,3,5,32.76019727665498
wavePE_nodrop,3,5,21.955568553771663
wavePE_nodrop,3,5,34.85238726272579
wavePE_nodrop,3,5,31.7124903392768
wavePE_nodrop,3,5,30.193780169026745
wavePE_nodrop,3,5,43.9763787592554
wavePE_nodrop,3,5,23.49480156123398
wavePE_nodrop,3,5,24.76543834650533
wavePE_nodrop,3,5,37.00720158045314
wavePE_nodrop,3,5,28.728419739190603
wavePE_nodrop,3,5,47.57648290150275
wavePE_nodrop,3,5,48.00974110394056
wavePE_nodrop,3,5,45.82520187820816
wavePE_nodrop,3,5,34.737306548883346
wavePE_nodrop,3,5,39.03990844933271
wavePE_nodrop,3,5,32.254379673531375
wavePE_nodrop,3,5,20.996551091395236
wavePE_nodrop,3,5,25.181322794701842
wavePE_nodrop,3,5,34.02623454769441
wavePE_nodrop,3,5,29.482981753072714
wavePE_nodrop,3,5,41.88049567769352
wavePE_nodrop,3,5,38.482406223553575
wavePE_nodrop,3,5,43.5834351783694
wavePE_nodrop,3,5,33.33619691712306
wavePE_nodrop,3,5,37.68538837910367
wavePE_nodrop,3,5,33.44998336506272
wavePE_nodrop,3,5,30.83558025861386
wavePE_nodrop,3,5,40.327921080160436
wavePE_nodrop,3,5,28.860046202445528
wavePE_nodrop,3,5,41.146363578834624
wavePE_nodrop,3,5,27.551064515476924
wavePE_nodrop,3,5,45.432111839575875
wavePE_nodrop,3,5,40.58450358139437
wavePE_nodrop,3,5,42.93144083707695
wavePE_nodrop,3,5,44.70976174581473
wavePE_nodrop,3,5,28.493230240058104
wavePE_nodrop,3,5,17.514960154917418
wavePE_nodrop,3,5,23.1589988061421
wavePE_nodrop,3,5,17.63626130310054
wavePE_nodrop,3,5,19.00411236450251
wavePE_nodrop,3,5,22.80599185920859
wavePE_nodrop,3,5,37.29031460772568
wavePE_nodrop,3,5,39.162398442555876
wavePE_nodrop,3,5,39.3696535608504
wavePE_nodrop,3,5,40.82363825806015
wavePE_nodrop,3,5,46.820084622770736
wavePE_nodrop,3,5,49.44629758437546
wavePE_nodrop,3,5,43.92285491018305
wavePE_nodrop,3,5,48.169922354948284
wavePE_nodrop,3,5,46.94800922708539
wavePE_nodrop,3,5,45.176349288653924
wavePE_nodrop,3,5,35.73669607892728
wavePE_nodrop,3,5,40.617529413651376
wavePE_nodrop,3,5,48.06118305940764
wavePE_nodrop,3,5,46.90398568187255
wavePE_nodrop,3,5,52.18277856291065
wavePE_nodrop,3,5,56.88842743941791
wavePE_nodrop,3,5,52.61361006574295
wavePE_nodrop,3,5,45.97220552869567
wavePE_nodrop,3,5,45.88483714606786
wavePE_nodrop,3,5,46.545101174248735
wavePE_nodrop,3,5,44.427217951811016
wavePE_nodrop,3,5,44.58564324849276
wavePE_nodrop,3,5,48.8156377915892
wavePE_nodrop,3,5,40.405723902907255
wavePE_nodrop,3,5,50.735279831481805
wavePE_nodrop,3,5,54.24569094990894
wavePE_nodrop,3,5,51.74548151512304
wavePE_nodrop,3,5,59.31928485517612
wavePE_nodrop,3,5,51.101529509007506
wavePE_nodrop,3,5,40.037790340318814
wavePE_nodrop,3,5,31.02535734216614
wavePE_nodrop,3,5,26.889328376111333
wavePE_nodrop,3,5,32.24516359726085
wavePE_nodrop,3,5,42.99578778577481
wavePE_nodrop,3,5,36.42854872548109
wavePE_nodrop,3,5,41.567233607329804
wavePE_nodrop,3,5,36.168871234942316
wavePE_nodrop,3,5,31.422383933182353
wavePE_nodrop,3,5,28.646044258530324
wavePE_nodrop,3,5,32.7860311862914
wavePE_nodrop,3,5,43.51627549713347
wavePE_nodrop,3,5,40.57938206293061
wavePE_nodrop,3,5,49.60153604804866
wavePE_nodrop,3,5,39.246059693773084
wavePE_nodrop,3,5,48.941714526257016
wavePE_nodrop,3,5,51.44290342559661
wavePE_nodrop,3,5,46.044411852778325
wavePE_nodrop,3,5,48.6900596751586
wavePE_nodrop,3,5,44.041949610417895
wavePE_nodrop,3,5,35.919602580668545
wavePE_nodrop,3,5,38.99389798686489
wavePE_nodrop,3,5,33.76360146965543
wavePE_nodrop,3,5,41.1496938412114
wavePE_nodrop,3,5,33.58144518843218
wavePE_nodrop,3,5,32.427601345991604
wavePE_nodrop,3,5,44.68107088708127
wavePE_nodrop,3,5,38.164576103792335
wavePE_nodrop,3,5,41.910736442241515
wavePE_nodrop,3,5,43.77773820205573
wavePE_nodrop,3,5,31.04388565636081
wavePE_nodrop,3,5,40.42802871310487
wavePE_nodrop,3,5,52.397471201657964
wavePE_nodrop,3,5,50.01843237254025
wavePE_nodrop,3,5,36.50643589136737
wavePE_nodrop,3,5,34.8787491524049
wavePE_nodrop,3,5,5.9108730618838505
wavePE_nodrop,3,5,13.756489374722818
wavePE_nodrop,3,5,12.618844156867512
wavePE_nodrop,3,5,10.197094116231925
wavePE_nodrop,3,5,14.08792282682735
wavePE_nodrop,3,5,13.385682135158675
wavePE_nodrop,3,5,16.39466966638802
wavePE_nodrop,3,5,22.628147746872635
wavePE_nodrop,3,5,14.92267858590504
wavePE_nodrop,3,5,27.55038489857309
wavePE_nodrop,3,5,31.895868881249022
wavePE_nodrop,3,5,23.782010689757094
wavePE_nodrop,3,5,27.9443221352558
wavePE_nodrop,3,5,25.526941265468416
wavePE_nodrop,3,5,22.418075038741634
wavePE_nodrop,3,5,27.774536127017058
wavePE_nodrop,3,5,30.746618902444734
wavePE_nodrop,3,5,40.55182176326344
wavePE_nodrop,3,5,30.68767407232802
wavePE_nodrop,3,5,43.92402225210069
wavePE_nodrop,3,5,39.73291465156012
wavePE_nodrop,3,5,33.3078753977723
wavePE_nodrop,3,5,37.100638118181465
wavePE_nodrop,3,5,41.29795586872503
wavePE_nodrop,3,5,35.691586637058016
wavePE_nodrop,3,5,25.677075081625
wavePE_nodrop,3,5,34.69972257684165
wavePE_nodrop,3,5,21.999380249566272
wavePE_nodrop,3,5,37.92760595279384
wavePE_nodrop,3,5,29.873857397488223
wavePE_nodrop,3,5,32.96853224855661
wavePE_nodrop,3,5,44.09258716247513
wavePE_nodrop,3,5,39.0505729264657
wavePE_nodrop,3,5,35.746195506344336
wavePE_nodrop,3,5,24.04407225445154
wavePE_nodrop,3,5,31.313757775592787
wavePE_nodrop,3,5,29.29915685622823
wavePE_nodrop,3,5,42.14212096296709
wavePE_nodrop,3,5,36.95398640759579
wavePE_nodrop,3,5,45.507572784630156
wavePE_nodrop,3,5,39.064297142455096
wavePE_nodrop,3,5,41.79370837265003
wavePE_nodrop,3,5,27.860535973722712
wavePE_nodrop,3,5,37.538099286910686
wavePE_nodrop,3,5,30.01402637834556
wavePE_nodrop,3,5,38.78047538932204
wavePE_nodrop,3,5,50.419140876890744
wavePE_nodrop,3,5,38.25631225497645
wavePE_nodrop,3,5,37.50323797101993
wavePE_nodrop,3,5,37.40085774829183
wavePE_nodrop,3,5,52.099167302614624
wavePE_nodrop,3,5,48.95800462074106
wavePE_nodrop,3,5,57.21073334355155
wavePE_nodrop,3,5,53.57675128929829
wavePE_nodrop,3,5,22.99243221656415
wavePE_nodrop,3,5,32.72672515654899
wavePE_nodrop,3,5,41.59938569117286
wavePE_nodrop,3,5,29.75811508435221
wavePE_nodrop,3,5,37.92434091758297
wavePE_nodrop,3,5,37.64062087593707
wavePE_nodrop,3,5,52.44077281420915
wavePE_nodrop,3,5,46.01852189662369
wavePE_nodrop,3,5,61.127307936183506
wavePE_nodrop,3,5,52.724549921770446
wavePE_nodrop,3,5,31.442514746938826
wavePE_nodrop,3,5,49.772755681502304
wavePE_nodrop,3,5,30.40771129685596
wavePE_nodrop,3,5,43.404076461375126
wavePE_nodrop,3,5,35.362379954770006
wavePE_nodrop,3,5,36.98176781761321
wavePE_nodrop,3,5,13.38630700984502
wavePE_nodrop,3,5,16.327861385810603
wavePE_nodrop,3,5,15.451862288181905
wavePE_nodrop,3,5,13.34930404834207
wavePE_nodrop,3,5,17.540036220405586
wavePE_nodrop,3,5,14.72280844386448
wavePE_nodrop,3,5,16.97095196733556
wavePE_nodrop,3,5,12.643331835046093
wavePE_nodrop,3,5,16.166428797198396
wavePE_nodrop,3,5,13.31499472979399
wavePE_nodrop,3,5,41.084119462078085
wavePE_nodrop,3,5,37.484602456894244
wavePE_nodrop,3,5,36.96908796993297
wavePE_nodrop,3,5,40.97380829386206
wavePE_nodrop,3,5,38.351533395751105
wavePE_nodrop,3,5,41.34334835123703
wavePE_nodrop,3,5,55.12970795889968
wavePE_nodrop,3,5,44.39428907708146
wavePE_nodrop,3,5,49.44308700097715
wavePE_nodrop,3,5,41.10706039007182
wavePE_nodrop,3,5,55.04618574499672
wavePE_nodrop,3,5,45.68122227328899
wavePE_nodrop,3,5,48.205465572032516
wavePE_nodrop,3,5,47.09234276034627
wavePE_nodrop,3,5,56.71860176329589
wavePE_nodrop,3,5,48.40427511526006
wavePE_nodrop,3,5,54.6070143310869
wavePE_nodrop,3,5,54.12579358597562
wavePE_nodrop,3,5,52.35164567266397
wavePE_nodrop,3,5,42.695140480569435
wavePE_nodrop,3,5,54.16412743061076
wavePE_nodrop,3,5,53.36788883790769
wavePE_nodrop,3,5,53.13083869628363
wavePE_nodrop,3,5,38.24564196766948
wavePE_nodrop,3,5,42.556051759799495
wavePE_nodrop,3,5,45.915761113699865
wavePE_nodrop,3,5,41.43139444280283
wavePE_nodrop,3,5,46.70351466220129
wavePE_nodrop,3,5,39.86429636934844
wavePE_nodrop,3,5,35.93112187729021
wavePE_nodrop,3,5,37.38046339446116
wavePE_nodrop,3,5,38.13150373610522
wavePE_nodrop,3,5,38.05926649652842
wavePE_nodrop,3,5,37.41840794215878
wavePE_nodrop,3,5,33.062883018404015
wavePE_nodrop,3,5,54.83795480738911
wavePE_nodrop,3,5,63.504179969223074
wavePE_nodrop,3,5,55.934594942767
wavePE_nodrop,3,5,35.533309677126695
wavePE_nodrop,3,5,41.79261564004464
wavePE_nodrop,3,5,53.42866941106195
wavePE_nodrop,3,5,67.39166731431641
wavePE_nodrop,3,5,53.38619422503359
wavePE_nodrop,3,5,46.709642400975135
wavePE_nodrop,3,5,38.55002442801925
wavePE_nodrop,3,5,31.42462390397261
wavePE_nodrop,3,6,4.352320009338719
wavePE_nodrop,3,6,12.15931941940539
wavePE_nodrop,3,6,6.589243964081846
wavePE_nodrop,3,6,10.179166278505825
wavePE_nodrop,3,6,13.054006078375222
wavePE_nodrop,3,6,9.759276847720258
wavePE_nodrop,3,6,9.87439387557293
wavePE_nodrop,3,6,16.09545282939549
wavePE_nodrop,3,6,9.966291997581443
wavePE_nodrop,3,6,16.56732171457848
wavePE_nodrop,3,6,19.00300455410434
wavePE_nodrop,3,6,15.129184035617097
wavePE_nodrop,3,6,16.283105863041367
wavePE_nodrop,3,6,17.758773815374752
wavePE_nodrop,3,6,13.603517461833203
wavePE_nodrop,3,6,21.19569503554395
wavePE_nodrop,3,6,18.68339623096638
wavePE_nodrop,3,6,28.424906112820768
wavePE_nodrop,3,6,20.07558015253114
wavePE_nodrop,3,6,26.72826139932066
wavePE_nodrop,3,6,22.234756195298505
wavePE_nodrop,3,6,26.177132438023104
wavePE_nodrop,3,6,26.031976171677485
wavePE_nodrop,3,6,27.152347785726576
wavePE_nodrop,3,6,22.11012966291896
wavePE_nodrop,3,6,25.6477417051461
wavePE_nodrop,3,6,34.56133399096815
wavePE_nodrop,3,6,22.972647701676156
wavePE_nodrop,3,6,38.71166659345311
wavePE_nodrop,3,6,26.46779464120379
wavePE_nodrop,3,6,31.20429729557647
wavePE_nodrop,3,6,34.68925532381985
wavePE_nodrop,3,6,32.21977790599102
wavePE_nodrop,3,6,28.44611379603108
wavePE_nodrop,3,6,17.15021863039515
wavePE_nodrop,3,6,15.23943045320415
wavePE_nodrop,3,6,15.415204124803111
wavePE_nodrop,3,6,22.372886746186648
wavePE_nodrop,3,6,24.27869493801837
wavePE_nodrop,3,6,33.65501571998529
wavePE_nodrop,3,6,32.402465841972784
wavePE_nodrop,3,6,36.818979354587306
wavePE_nodrop,3,6,27.001187541734346
wavePE_nodrop,3,6,30.889599812850467
wavePE_nodrop,3,6,27.64487288840395
wavePE_nodrop,3,6,26.409681444859096
wavePE_nodrop,3,6,30.125708463875668
wavePE_nodrop,3,6,19.987162587743267
wavePE_nodrop,3,6,29.747630141239256
wavePE_nodrop,3,6,22.154833039877065
wavePE_nodrop,3,6,33.59959496574704
wavePE_nodrop,3,6,38.6769716840305
wavePE_nodrop,3,6,43.24025942941089
wavePE_nodrop,3,6,43.17462744574788
wavePE_nodrop,3,6,24.52543074257499
wavePE_nodrop,3,6,17.23865650408423
wavePE_nodrop,3,6,24.629151913769498
wavePE_nodrop,3,6,21.52817802231053
wavePE_nodrop,3,6,23.875132462369365
wavePE_nodrop,3,6,21.84283294700365
wavePE_nodrop,3,6,32.12150981128301
wavePE_nodrop,3,6,35.46829868567096
wavePE_nodrop,3,6,40.3593423625112
wavePE_nodrop,3,6,33.19563945706186
wavePE_nodrop,3,6,24.531074634017056
wavePE_nodrop,3,6,38.97062162708359
wavePE_nodrop,3,6,23.644357747745246
wavePE_nodrop,3,6,30.58488960046825
wavePE_nodrop,3,6,28.07727647344192
wavePE_nodrop,3,6,19.465738248455196
wavePE_nodrop,3,6,13.23844295191346
wavePE_nodrop,3,6,18.214800918758147
wavePE_nodrop,3,6,17.654011302707104
wavePE_nodrop,3,6,16.802749898589948
wavePE_nodrop,3,6,20.873308179749614
wavePE_nodrop,3,6,18.725215022275464
wavePE_nodrop,3,6,24.069207258347095
wavePE_nodrop,3,6,17.242894083549324
wavePE_nodrop,3,6,18.72470880179082
wavePE_nodrop,3,6,18.050983101665118
wavePE_nodrop,3,6,38.33453799555155
wavePE_nodrop,3,6,37.72745166249087
wavePE_nodrop,3,6,35.149550204076654
wavePE_nodrop,3,6,44.97613035832805
wavePE_nodrop,3,6,36.659558551374225
wavePE_nodrop,3,6,39.47496426099658
wavePE_nodrop,3,6,46.6680534690369
wavePE_nodrop,3,6,42.09498979161872
wavePE_nodrop,3,6,36.45568798600396
wavePE_nodrop,3,6,36.6838263509052
wavePE_nodrop,3,6,37.1966940199324
wavePE_nodrop,3,6,31.912127152359528
wavePE_nodrop,3,6,38.572691361940784
wavePE_nodrop,3,6,32.57854587384929
wavePE_nodrop,3,6,43.23156433158243
wavePE_nodrop,3,6,40.880993461753405
wavePE_nodrop,3,6,44.09762758586046
wavePE_nodrop,3,6,47.53611626477975
wavePE_nodrop,3,6,45.033929944134535
wavePE_nodrop,3,6,34.139779805482796
wavePE_nodrop,3,6,40.64842510367265
wavePE_nodrop,3,6,51.91402699558352
wavePE_nodrop,3,6,42.00633253561698
wavePE_nodrop,3,6,31.237370446961364
wavePE_nodrop,3,6,35.283574244344216
wavePE_nodrop,3,6,28.182812913397143
wavePE_nodrop,3,6,28.811713644333626
wavePE_nodrop,3,6,29.85527367807743
wavePE_nodrop,3,6,29.57448109083173
wavePE_nodrop,3,6,21.53844173412096
wavePE_nodrop,3,6,35.94441660648688
wavePE_nodrop,3,6,32.86857283067991
wavePE_nodrop,3,6,30.147107070769195
wavePE_nodrop,3,6,31.521356586085602
wavePE_nodrop,3,6,26.36352810884442
wavePE_nodrop,3,6,30.8857660609968
wavePE_nodrop,3,6,50.22133019623038
wavePE_nodrop,3,6,36.76655803338299
wavePE_nodrop,3,6,25.423853483544168
wavePE_nodrop,3,6,28.261172390754012
wavePE_nodrop,3,6,22.47137042392991
wavePE_nodrop,3,6,33.29564442341875
wavePE_nodrop,3,6,37.02408336377415
wavePE_nodrop,3,6,29.541349877599092
wavePE_nodrop,3,6,26.188229877002904
wavePE_nodrop,3,6,16.267475730683266
wavePE_nodrop,3,6,5.188640912957107
wavePE_nodrop,3,6,5.1187486235384645
wavePE_nodrop,3,6,7.429208551199583
wavePE_nodrop,3,6,4.204501260114977
wavePE_nodrop,3,6,14.695340215821737
wavePE_nodrop,3,6,11.121748935981966
wavePE_nodrop,3,6,14.89304032741068
wavePE_nodrop,3,6,9.49426783694525
wavePE_nodrop,3,6,13.309026619187977
wavePE_nodrop,3,6,10.212260071148263
wavePE_nodrop,3,6,11.998313540808878
wavePE_nodrop,3,6,16.446926065074063
wavePE_nodrop,3,6,13.730709849255124
wavePE_nodrop,3,6,24.357918202467634
wavePE_nodrop,3,6,15.03554477001718
wavePE_nodrop,3,6,20.933305649577633
wavePE_nodrop,3,6,27.719916144752354
wavePE_nodrop,3,6,21.733489658710877
wavePE_nodrop,3,6,20.840076430526207
wavePE_nodrop,3,6,17.503477090786447
wavePE_nodrop,3,6,22.333827711310864
wavePE_nodrop,3,6,31.00966608137532
wavePE_nodrop,3,6,24.612237754890547
wavePE_nodrop,3,6,33.395423358951575
wavePE_nodrop,3,6,28.950114356258737
wavePE_nodrop,3,6,36.483855623531504
wavePE_nodrop,3,6,39.076699442580605
wavePE_nodrop,3,6,36.59758167934601
wavePE_nodrop,3,6,31.747813592596074
wavePE_nodrop,3,6,30.111158641475065
wavePE_nodrop,3,6,30.50889665992348
wavePE_nodrop,3,6,16.73611963594786
wavePE_nodrop,3,6,22.975306051196583
wavePE_nodrop,3,6,25.754529978663193
wavePE_nodrop,3,6,18.179022691324477
wavePE_nodrop,3,6,29.12176709229415
wavePE_nodrop,3,6,35.72806866554363
wavePE_nodrop,3,6,28.485705123960408
wavePE_nodrop,3,6,23.497720804467658
wavePE_nodrop,3,6,23.9861480233721
wavePE_nodrop,3,6,38.719704273731146
wavePE_nodrop,3,6,30.249454278664285
wavePE_nodrop,3,6,40.79482749373067
wavePE_nodrop,3,6,33.91134993165264
wavePE_nodrop,3,6,19.773033966494243
wavePE_nodrop,3,6,39.60661108437205
wavePE_nodrop,3,6,29.543367901690708
wavePE_nodrop,3,6,44.15186619067434
wavePE_nodrop,3,6,25.260148438442847
wavePE_nodrop,3,6,22.36571950548028
wavePE_nodrop,3,6,42.399925679716446
wavePE_nodrop,3,6,30.529534652289158
wavePE_nodrop,3,6,36.060564806066964
wavePE_nodrop,3,6,31.75884054108826
wavePE_nodrop,3,6,29.755376622797147
wavePE_nodrop,3,6,25.165798154400726
wavePE_nodrop,3,6,15.82668079823923
wavePE_nodrop,3,6,14.846085729688705
wavePE_nodrop,3,6,12.965685034825208
wavePE_nodrop,3,6,18.65864425606418
wavePE_nodrop,3,6,14.41854189540095
wavePE_nodrop,3,6,14.203332333653442
wavePE_nodrop,3,6,12.768862323823967
wavePE_nodrop,3,6,17.779144906764145
wavePE_nodrop,3,6,14.207350444133441
wavePE_nodrop,3,6,12.58169029038604
wavePE_nodrop,3,6,35.73359600101994
wavePE_nodrop,3,6,37.134342216333444
wavePE_nodrop,3,6,38.57886935045892
wavePE_nodrop,3,6,26.520974649659824
wavePE_nodrop,3,6,32.40295256179915
wavePE_nodrop,3,6,44.954243392941784
wavePE_nodrop,3,6,51.71547743802554
wavePE_nodrop,3,6,42.371488702001216
wavePE_nodrop,3,6,35.61649960342528
wavePE_nodrop,3,6,35.80434480908446
wavePE_nodrop,3,6,27.474343882460524
wavePE_nodrop,3,6,35.0754757191432
wavePE_nodrop,3,6,45.561045890786595
wavePE_nodrop,3,6,34.40894995938839
wavePE_nodrop,3,6,32.69098081925056
wavePE_nodrop,3,6,30.14780740139148
wavePE_nodrop,3,6,25.33314168843837
wavePE_nodrop,3,6,29.33926617849407
learnedPE_drop,3,0,93.08623079048121
learnedPE_drop,3,1,91.87173162848102
learnedPE_drop,3,1,90.15764311500392
learnedPE_drop,3,1,92.07401352461576
learnedPE_drop,3,1,92.44862204656022
learnedPE_drop,3,1,92.74545170419863
learnedPE_drop,3,1,93.18477093106108
learnedPE_drop,3,1,92.49247722826178
learnedPE_drop,3,1,92.88549231994476
learnedPE_drop,3,1,93.05073657218134
learnedPE_drop,3,1,92.84303913897561
learnedPE_drop,3,2,79.57691284674391
learnedPE_drop,3,2,91.15219326895999
learnedPE_drop,3,2,91.77434376053347
learnedPE_drop,3,2,91.17138293599771
learnedPE_drop,3,2,91.8988269570086
learnedPE_drop,3,2,91.15811785445125
learnedPE_drop,3,2,91.81074113583368
learnedPE_drop,3,2,92.33089828694585
learnedPE_drop,3,2,91.87867501489512
learnedPE_drop,3,2,89.39405934983581
learnedPE_drop,3,2,89.09478109186139
learnedPE_drop,3,2,89.8780849417452
learnedPE_drop,3,2,89.74331606966814
learnedPE_drop,3,2,89.90938647018577
learnedPE_drop,3,2,89.83554910496908
learnedPE_drop,3,2,90.3477132905583
learnedPE_drop,3,2,89.84827197084202
learnedPE_drop,3,2,89.96935815685777
learnedPE_drop,3,2,92.10439645144923
learnedPE_drop,3,2,92.26654622683425
learnedPE_drop,3,2,91.50009069516726
learnedPE_drop,3,2,91.95763416314892
learnedPE_drop,3,2,92.25645247140113
learnedPE_drop,3,2,92.11750208929497
learnedPE_drop,3,2,91.86394692542245
learnedPE_drop,3,2,92.79268280932999
learnedPE_drop,3,2,91.94123476324827
learnedPE_drop,3,2,92.11582856817009
learnedPE_drop,3,2,92.49413355704101
learnedPE_drop,3,2,92.18420724416173
learnedPE_drop,3,2,93.06857958695893
learnedPE_drop,3,2,91.98205171918408
learnedPE_drop,3,2,92.47718179758644
learnedPE_drop,3,2,92.5880572859151
learnedPE_drop,3,2,92.5978165186281
learnedPE_drop,3,2,91.91999462022912
learnedPE_drop,3,2,92.40919613639976
learnedPE_drop,3,2,93.33607569582325
learnedPE_drop,3,2,93.09604060755024
learnedPE_drop,3,2,92.2521909874323
learnedPE_drop,3,2,91.9742883223883
learnedPE_drop,3,2,92.56189581015022
learnedPE_drop,3,2,92.73772880737864
learnedPE_drop,3,2,92.12333232531755
learnedPE_drop,3,2,92.37282693830902
learnedPE_drop,3,3,76.5802249744467
learnedPE_drop,3,3,78.47589308778336
learnedPE_drop,3,3,77.49557982542126
learnedPE_drop,3,3,76.06510718529024
learnedPE_drop,3,3,77.16072343931071
learnedPE_drop,3,3,77.45884321109888
learnedPE_drop,3,3,79.89727993023243
learnedPE_drop,3,3,76.72457986335223
learnedPE_drop,3,3,86.81841548061712
learnedPE_drop,3,3,90.85071337727196
learnedPE_drop,3,3,91.23622383291777
learnedPE_drop,3,3,90.21451897425636
learnedPE_drop,3,3,91.19609974624375
learnedPE_drop,3,3,92.19344179410656
learnedPE_drop,3,3,90.70867643565612
learnedPE_drop,3,3,90.34605801219145
learnedPE_drop,3,3,91.95142011883063
learnedPE_drop,3,3,90.87897926262998
learnedPE_drop,3,3,91.65528058749992
learnedPE_drop,3,3,92.27127376662283
learnedPE_drop,3,3,91.51046734194675
learnedPE_drop,3,3,90.9931201368515
learnedPE_drop,3,3,89.76121484111626
learnedPE_drop,3,3,91.07910775966717
learnedPE_drop,3,3,91.52340566705975
learnedPE_drop,3,3,91.26559153129355
learnedPE_drop,3,3,90.46966773149214
learnedPE_drop,3,3,90.32226872928364
learnedPE_drop,3,3,92.63880710198643
learnedPE_drop,3,3,92.18891443078576
learnedPE_drop,3,3,90.75152914742105
learnedPE_drop,3,3,90.85513554985147
learnedPE_drop,3,3,91.44289978702588
learnedPE_drop,3,3,92.74762528577915
learnedPE_drop,3,3,90.85351875187058
learnedPE_drop,3,3,91.43719725371378
learnedPE_drop,3,3,81.70480678867081
learnedPE_drop,3,3,89.50403707890588
learnedPE_drop,3,3,88.77148360243179
learnedPE_drop,3,3,87.37311231527835
learnedPE_drop,3,3,89.0495032853335
learnedPE_drop,3,3,89.2266883625044
learnedPE_drop,3,3,88.85740393698093
learnedPE_drop,3,3,88.2847681511747
learnedPE_drop,3,3,88.44630719694986
learnedPE_drop,3,3,88.30892322435753
learnedPE_drop,3,3,88.47603839334526
learnedPE_drop,3,3,89.25357965261884
learnedPE_drop,3,3,88.62922494754523
learnedPE_drop,3,3,89.89372882285075
learnedPE_drop,3,3,89.5705133407133
learnedPE_drop,3,3,89.57439833614843
learnedPE_drop,3,3,89.87413334339823
learnedPE_drop,3,3,89.86433912987756
learnedPE_drop,3,3,86.22046916682929
learnedPE_drop,3,3,87.37790551208494
learnedPE_drop,3,3,90.60655624231877
learnedPE_drop,3,3,89.70956168063123
learnedPE_drop,3,3,89.62206340896697
learnedPE_drop,3,3,89.48090941599844
learnedPE_drop,3,3,89.88372606570411
learnedPE_drop,3,3,90.17653045053049
learnedPE_drop,3,3,87.70536961674755
learnedPE_drop,3,3,88.84716916047383
learnedPE_drop,3,3,85.71142153935298
learnedPE_drop,3,3,90.57690859637019
learnedPE_drop,3,3,88.88946219943313
learnedPE_drop,3,3,89.29239765472306
learnedPE_drop,3,3,89.34051989731545
learnedPE_drop,3,3,89.01158050206193
learnedPE_drop,3,3,92.2070225519252
learnedPE_drop,3,3,91.06590119890153
learnedPE_drop,3,3,91.75275270072014
learnedPE_drop,3,3,91.92957455306507
learnedPE_drop,3,3,91.80204168992876
learnedPE_drop,3,3,91.33691154705501
learnedPE_drop,3,3,91.88326006169709
learnedPE_drop,3,3,92.5505923622832
learnedPE_drop,3,3,92.28555069919143
learnedPE_drop,3,3,91.1709254838523
learnedPE_drop,3,3,90.68488529840786
learnedPE_drop,3,3,91.5751850914819
learnedPE_drop,3,3,92.17310012896671
learnedPE_drop,3,3,91.36417513019335
learnedPE_drop,3,3,91.44282383964789
learnedPE_drop,3,3,91.99108515861735
learnedPE_drop,3,3,91.35282683833799
learnedPE_drop,3,3,91.6760553104669
learnedPE_drop,3,3,91.67207852283325
learnedPE_drop,3,3,91.79912850936829
learnedPE_drop,3,3,91.92490569318015
learnedPE_drop,3,3,91.71036323086203
learnedPE_drop,3,3,92.99938161380553
learnedPE_drop,3,3,92.85493803664204
learnedPE_drop,3,3,91.51721275222192
learnedPE_drop,3,3,91.05067091995895
learnedPE_drop,3,3,91.89833343696796
learnedPE_drop,3,3,92.02834136868827
learnedPE_drop,3,3,91.24352104802885
learnedPE_drop,3,3,90.94981814075192
learnedPE_drop,3,3,91.87525277266045
learnedPE_drop,3,3,91.7357890992088
learnedPE_drop,3,3,92.95920462476789
learnedPE_drop,3,3,93.14767490708441
learnedPE_drop,3,3,91.72251336365609
learnedPE_drop,3,3,91.21516522733396
learnedPE_drop,3,3,92.2655304382391
learnedPE_drop,3,3,92.16289744086076
learnedPE_drop,3,3,91.4038561419351
learnedPE_drop,3,3,91.56813332845476
learnedPE_drop,3,3,90.51007349139634
learnedPE_drop,3,3,92.03469138889027
learnedPE_drop,3,3,92.23197974662615
learnedPE_drop,3,3,91.90888135490903
learnedPE_drop,3,3,90.8299746385666
learnedPE_drop,3,3,92.57211617581098
learnedPE_drop,3,3,89.32214015966734
learnedPE_drop,3,3,91.25907027235064
learnedPE_drop,3,3,90.18326072351518
learnedPE_drop,3,3,89.57814905188064
learnedPE_drop,3,4,67.48177646506768
learnedPE_drop,3,4,73.37912549327066
learnedPE_drop,3,4,72.86906870822183
learnedPE_drop,3,4,71.26193815975277
learnedPE_drop,3,4,74.2935502906423
learnedPE_drop,3,4,76.4902891649386
learnedPE_drop,3,4,76.04908622111022
learnedPE_drop,3,4,69.81400133505072
learnedPE_drop,3,4,74.58812679098325
learnedPE_drop,3,4,74.21028791783492
learnedPE_drop,3,4,75.98734710681599
learnedPE_drop,3,4,78.68370931089981
learnedPE_drop,3,4,75.71914390898287
learnedPE_drop,3,4,70.860314436136
learnedPE_drop,3,4,73.17840130622787
learnedPE_drop,3,4,75.49148824249856
learnedPE_drop,3,4,78.09607053392006
learnedPE_drop,3,4,75.4524150692065
learnedPE_drop,3,4,69.53312729870443
learnedPE_drop,3,4,56.43226313012345
learnedPE_drop,3,4,76.9079986826554
learnedPE_drop,3,4,74.5426399321522
learnedPE_drop,3,4,76.33771539833502
learnedPE_drop,3,4,74.9890039037061
learnedPE_drop,3,4,76.76775172444098
learnedPE_drop,3,4,79.11257587477071
learnedPE_drop,3,4,71.51425959393096
learnedPE_drop,3,4,75.39921972653867
learnedPE_drop,3,4,70.56563069399814
learnedPE_drop,3,4,87.48710123165384
learnedPE_drop,3,4,86.2513342665667
learnedPE_drop,3,4,86.65890666243473
learnedPE_drop,3,4,88.36847740058049
learnedPE_drop,3,4,86.47868871704121
learnedPE_drop,3,4,90.66084685925881
learnedPE_drop,3,4,88.48005936419811
learnedPE_drop,3,4,90.43843409555049
learnedPE_drop,3,4,91.45507186951201
learnedPE_drop,3,4,89.83727102557482
learnedPE_drop,3,4,89.39687656364718
learnedPE_drop,3,4,89.9088566777346
learnedPE_drop,3,4,92.16460270694107
learnedPE_drop,3,4,90.76705366285643
learnedPE_drop,3,4,89.5451613601418
learnedPE_drop,3,4,90.57237697446735
learnedPE_drop,3,4,89.70386515858446
learnedPE_drop,3,4,92.34762656546003
learnedPE_drop,3,4,89.12625494061143
learnedPE_drop,3,4,90.34057551517137
learnedPE_drop,3,4,89.23378503917485
learnedPE_drop,3,4,88.62786314359217
learnedPE_drop,3,4,90.5902452656258
learnedPE_drop,3,4,91.02507999525233
learnedPE_drop,3,4,90.61248785770508
learnedPE_drop,3,4,90.6900385822618
learnedPE_drop,3,4,89.34844267617923
learnedPE_drop,3,4,92.86572930051308
learnedPE_drop,3,4,92.34439464174118
learnedPE_drop,3,4,90.53756927210597
learnedPE_drop,3,4,90.31800023439797
learnedPE_drop,3,4,90.7906581822185
learnedPE_drop,3,4,92.56507715763928
learnedPE_drop,3,4,89.42922252852193
learnedPE_drop,3,4,90.19441156042723
learnedPE_drop,3,4,88.60391453705827
learnedPE_drop,3,4,88.30391078292308
learnedPE_drop,3,4,91.66503099436343
learnedPE_drop,3,4,91.05934353224907
learnedPE_drop,3,4,89.38654193230235
learnedPE_drop,3,4,89.2187651098123
learnedPE_drop,3,4,90.4207254693951
learnedPE_drop,3,4,91.93355967133195
learnedPE_drop,3,4,90.2348330783573
learnedPE_drop,3,4,90.59260635802879
learnedPE_drop,3,4,87.31680607027421
learnedPE_drop,3,4,90.14798772450554
learnedPE_drop,3,4,90.53987001727153
learnedPE_drop,3,4,90.32744030625534
learnedPE_drop,3,4,89.00424351299122
learnedPE_drop,3,4,91.5140807022035
learnedPE_drop,3,4,89.15794962413675
learnedPE_drop,3,4,88.18465267803252
learnedPE_drop,3,4,86.86947284792595
learnedPE_drop,3,4,87.84951710946909
learnedPE_drop,3,4,33.630065372106664
learnedPE_drop,3,4,79.87814300045721
learnedPE_drop,3,4,77.7706980516316
learnedPE_drop,3,4,79.51323049916111
learnedPE_drop,3,4,81.37324618442841
learnedPE_drop,3,4,81.10142475488165
learnedPE_drop,3,4,89.06717112062135
learnedPE_drop,3,4,86.71800422090331
learnedPE_drop,3,4,89.02531153373222
learnedPE_drop,3,4,88.80384683100746
learnedPE_drop,3,4,88.85656604641025
learnedPE_drop,3,4,82.03408704633517
learnedPE_drop,3,4,86.30134577585564
learnedPE_drop,3,4,88.69327323286198
learnedPE_drop,3,4,87.533552884638
learnedPE_drop,3,4,87.27343459867893
learnedPE_drop,3,4,87.03694681197662
learnedPE_drop,3,4,87.33121253687985
learnedPE_drop,3,4,88.78029177725605
learnedPE_drop,3,4,85.56601227886746
learnedPE_drop,3,4,86.89109805807416
learnedPE_drop,3,4,87.61552225600155
learnedPE_drop,3,4,87.13654137305785
learnedPE_drop,3,4,87.71681922743146
learnedPE_drop,3,4,88.19415606846373
learnedPE_drop,3,4,88.08647895772464
learnedPE_drop,3,4,86.22268037935035
learnedPE_drop,3,4,85.3360449943515
learnedPE_drop,3,4,89.31424766189866
learnedPE_drop,3,4,88.25865258376359
learnedPE_drop,3,4,87.9844274787961
learnedPE_drop,3,4,88.3562945609047
learnedPE_drop,3,4,88.14431871206361
learnedPE_drop,3,4,89.2524693156521
learnedPE_drop,3,4,85.9372203296449
learnedPE_drop,3,4,87.9073246641077
learnedPE_drop,3,4,86.64862627798777
learnedPE_drop,3,4,87.08214981523597
learnedPE_drop,3,4,90.33320559195927
learnedPE_drop,3,4,89.73272488989255
learnedPE_drop,3,4,88.53945258377858
learnedPE_drop,3,4,88.83772698919994
learnedPE_drop,3,4,89.51729865499051
learnedPE_drop,3,4,89.39596484702787
learnedPE_drop,3,4,87.96122822582926
learnedPE_drop,3,4,88.66708917736906
learnedPE_drop,3,4,82.63276578219177
learnedPE_drop,3,4,84.37106286885867
learnedPE_drop,3,4,85.51634962285958
learnedPE_drop,3,4,87.19662142915658
learnedPE_drop,3,4,84.38160662079636
learnedPE_drop,3,4,88.90159729762782
learnedPE_drop,3,4,87.26836896117196
learnedPE_drop,3,4,87.7330744426755
learnedPE_drop,3,4,85.44227624517691
learnedPE_drop,3,4,86.6913679957699
learnedPE_drop,3,4,83.51167094945896
learnedPE_drop,3,4,81.72256760846268
learnedPE_drop,3,4,81.49155840325652
learnedPE_drop,3,4,83.73028884726278
learnedPE_drop,3,4,80.47427201020373
learnedPE_drop,3,4,89.44973360376329
learnedPE_drop,3,4,88.85756010061854
learnedPE_drop,3,4,90.62788518053631
learnedPE_drop,3,4,90.59904836589796
learnedPE_drop,3,4,88.67851914163592
learnedPE_drop,3,4,86.83595298523332
learnedPE_drop,3,4,88.57658422474593
learnedPE_drop,3,4,88.8802543265613
learnedPE_drop,3,4,86.337482473318
learnedPE_drop,3,4,85.49247092003117
learnedPE_drop,3,4,91.07219512181103
learnedPE_drop,3,4,91.45897540356738
learnedPE_drop,3,4,92.35616831889904
learnedPE_drop,3,4,92.33171156256132
learnedPE_drop,3,4,90.54109370993204
learnedPE_drop,3,4,89.73912849912183
learnedPE_drop,3,4,91.06221738455037
learnedPE_drop,3,4,91.50146995858414
learnedPE_drop,3,4,90.02313566572062
learnedPE_drop,3,4,89.88648552959766
learnedPE_drop,3,4,89.81181243411125
learnedPE_drop,3,4,91.06977694580397
learnedPE_drop,3,4,91.47309875337066
learnedPE_drop,3,4,91.09271438387307
learnedPE_drop,3,4,90.5100914820315
learnedPE_drop,3,4,91.89659153691075
learnedPE_drop,3,4,88.26372109447738
learnedPE_drop,3,4,90.37212468123172
learnedPE_drop,3,4,88.92600834077042
learnedPE_drop,3,4,88.64021826607119
learnedPE_drop,3,4,90.97347043953893
learnedPE_drop,3,4,88.97527271139134
learnedPE_drop,3,4,92.1517662663206
learnedPE_drop,3,4,91.8662810663547
learnedPE_drop,3,4,90.67371251583982
learnedPE_drop,3,4,89.88588750858881
learnedPE_drop,3,4,91.33103434179066
learnedPE_drop,3,4,91.39092515309693
learnedPE_drop,3,4,90.54515978647524
learnedPE_drop,3,4,89.7742516460411
learnedPE_drop,3,4,90.09499719059048
learnedPE_drop,3,4,91.5465736979429
learnedPE_drop,3,4,92.22197111277484
learnedPE_drop,3,4,91.24284667048045
learnedPE_drop,3,4,90.38258855774343
learnedPE_drop,3,4,91.81447217153197
learnedPE_drop,3,4,88.45700239813445
learnedPE_drop,3,4,90.23893716894788
learnedPE_drop,3,4,89.21504105444475
learnedPE_drop,3,4,87.89885098355941
learnedPE_drop,3,4,88.74471466223616
learnedPE_drop,3,4,91.57571803107642
learnedPE_drop,3,4,92.27207020254689
learnedPE_drop,3,4,90.62316601108853
learnedPE_drop,3,4,86.90814275144345
learnedPE_drop,3,4,91.99036619961981
learnedPE_drop,3,4,89.23195008501737
learnedPE_drop,3,4,90.86453729145354
learnedPE_drop,3,4,89.05008537807487
learnedPE_drop,3,4,88.62947499519652
learnedPE_drop,3,4,84.2422052686724
learnedPE_drop,3,4,87.94517369145697
learnedPE_drop,3,4,90.19598292126156
learnedPE_drop,3,4,85.44320157088156
learnedPE_drop,3,4,79.13832893052412
learnedPE_drop,3,5,9.26871521458343
learnedPE_drop,3,5,61.84381299904249
learnedPE_drop,3,5,59.069188550826745
learnedPE_drop,3,5,56.09095552782905
learnedPE_drop,3,5,64.55938543200136
learnedPE_drop,3,5,65.02888106574528
learnedPE_drop,3,5,68.8690937528545
learnedPE_drop,3,5,65.96029281774963
learnedPE_drop,3,5,71.19825455422469
learnedPE_drop,3,5,73.25667754250043
learnedPE_drop,3,5,71.44427642309533
learnedPE_drop,3,5,60.12073082670418
learnedPE_drop,3,5,49.6931639153331
learnedPE_drop,3,5,74.04136000158894
learnedPE_drop,3,5,72.57867511039314
learnedPE_drop,3,5,68.11163995216815
learnedPE_drop,3,5,69.26918958461087
learnedPE_drop,3,5,73.3263727979619
learnedPE_drop,3,5,76.93285014858716
learnedPE_drop,3,5,69.55406135998774
learnedPE_drop,3,5,71.66304105733028
learnedPE_drop,3,5,61.65027381523137
learnedPE_drop,3,5,67.16440619834188
learnedPE_drop,3,5,70.40784894914445
learnedPE_drop,3,5,71.09440962396417
learnedPE_drop,3,5,68.41859206651301
learnedPE_drop,3,5,67.41282256183105
learnedPE_drop,3,5,55.06451878063123
learnedPE_drop,3,5,75.41367308496433
learnedPE_drop,3,5,73.20084873977144
learnedPE_drop,3,5,72.91721791318916
learnedPE_drop,3,5,70.30796768181524
learnedPE_drop,3,5,73.62246339975715
learnedPE_drop,3,5,78.16859298258572
learnedPE_drop,3,5,70.27668820181684
learnedPE_drop,3,5,74.24879624836151
learnedPE_drop,3,5,65.32626311144496
learnedPE_drop,3,5,52.537411389433
learnedPE_drop,3,5,72.82507694233374
learnedPE_drop,3,5,70.26127108952139
learnedPE_drop,3,5,71.23845619346434
learnedPE_drop,3,5,69.4444647258335
learnedPE_drop,3,5,73.3721116866573
learnedPE_drop,3,5,77.68265797207148
learnedPE_drop,3,5,70.87898180103468
learnedPE_drop,3,5,73.50110035129484
learnedPE_drop,3,5,50.11909352942507
learnedPE_drop,3,5,63.55122953884608
learnedPE_drop,3,5,66.94650790484233
learnedPE_drop,3,5,54.885777922769854
learnedPE_drop,3,5,49.85435764521735
learnedPE_drop,3,5,75.5171649908012
learnedPE_drop,3,5,75.37335964696712
learnedPE_drop,3,5,71.56406340884112
learnedPE_drop,3,5,65.89002073860843
learnedPE_drop,3,5,72.64198696485668
learnedPE_drop,3,5,69.21316654794678
learnedPE_drop,3,5,66.75957596315243
learnedPE_drop,3,5,68.02737289570877
learnedPE_drop,3,5,71.59420148708818
learnedPE_drop,3,5,64.55324919377308
learnedPE_drop,3,5,85.85109729307837
learnedPE_drop,3,5,85.14685878582404
learnedPE_drop,3,5,90.1999515886153
learnedPE_drop,3,5,88.1098182445035
learnedPE_drop,3,5,85.79397242727161
learnedPE_drop,3,5,86.21668279328799
learnedPE_drop,3,5,85.96950737445846
learnedPE_drop,3,5,89.20218892237229
learnedPE_drop,3,5,83.0621944040309
learnedPE_drop,3,5,83.27443067951658
learnedPE_drop,3,5,86.9861928198592
learnedPE_drop,3,5,88.5317463201292
learnedPE_drop,3,5,91.37167908055812
learnedPE_drop,3,5,89.5464715979876
learnedPE_drop,3,5,86.55616052307226
learnedPE_drop,3,5,88.87770013203338
learnedPE_drop,3,5,88.19938331162452
learnedPE_drop,3,5,91.0592860212154
learnedPE_drop,3,5,85.66925744934937
learnedPE_drop,3,5,87.7434369401026
learnedPE_drop,3,5,86.02236748955431
learnedPE_drop,3,5,89.61437605623094
learnedPE_drop,3,5,87.49433892295042
learnedPE_drop,3,5,90.02351236388697
learnedPE_drop,3,5,87.95607331194462
learnedPE_drop,3,5,90.60610961642868
learnedPE_drop,3,5,87.07504684749415
learnedPE_drop,3,5,85.67389143385344
learnedPE_drop,3,5,85.98278461941207
learnedPE_drop,3,5,84.71995996652132
learnedPE_drop,3,5,86.60755742551285
learnedPE_drop,3,5,84.76592732601476
learnedPE_drop,3,5,90.59796479636637
learnedPE_drop,3,5,90.22397842618864
learnedPE_drop,3,5,88.28115115151024
learnedPE_drop,3,5,87.52389957721114
learnedPE_drop,3,5,88.9156478975138
learnedPE_drop,3,5,91.09726107521315
learnedPE_drop,3,5,88.72888840572686
learnedPE_drop,3,5,88.38738943584606
learnedPE_drop,3,5,87.44428236855516
learnedPE_drop,3,5,90.26888872835919
learnedPE_drop,3,5,90.6324744991014
learnedPE_drop,3,5,89.87408818230969
learnedPE_drop,3,5,87.31085062731859
learnedPE_drop,3,5,90.56230086772457
learnedPE_drop,3,5,88.71899474346854
learnedPE_drop,3,5,85.98779830499205
learnedPE_drop,3,5,86.48809196248801
learnedPE_drop,3,5,85.49206273190914
learnedPE_drop,3,5,84.0072544620153
learnedPE_drop,3,5,87.5274469836092
learnedPE_drop,3,5,88.97377908540857
learnedPE_drop,3,5,86.39019167167032
learnedPE_drop,3,5,82.88084512862689
learnedPE_drop,3,5,90.72015851574184
learnedPE_drop,3,5,87.9854256540202
learnedPE_drop,3,5,89.50086928379429
learnedPE_drop,3,5,87.04571699225596
learnedPE_drop,3,5,87.1879499662734
learnedPE_drop,3,5,74.50667706825521
learnedPE_drop,3,5,81.0507345454001
learnedPE_drop,3,5,85.06510529108324
learnedPE_drop,3,5,82.2313428477954
learnedPE_drop,3,5,71.59724782989629
learnedPE_drop,3,5,34.78622235497376
learnedPE_drop,3,5,29.482630495147298
learnedPE_drop,3,5,30.47696902577297
learnedPE_drop,3,5,32.90258912531051
learnedPE_drop,3,5,31.8682138961919
learnedPE_drop,3,5,76.5053660140499
learnedPE_drop,3,5,71.44542620821561
learnedPE_drop,3,5,78.56213910248628
learnedPE_drop,3,5,79.85503298967045
learnedPE_drop,3,5,75.20908727403686
learnedPE_drop,3,5,75.77425165981157
learnedPE_drop,3,5,78.6332824975952
learnedPE_drop,3,5,80.04375678531198
learnedPE_drop,3,5,74.17766792925897
learnedPE_drop,3,5,77.22167081076292
learnedPE_drop,3,5,81.59468056691824
learnedPE_drop,3,5,86.20673177472702
learnedPE_drop,3,5,88.73525698869291
learnedPE_drop,3,5,87.97416717570454
learnedPE_drop,3,5,86.56156898749899
learnedPE_drop,3,5,85.56076863340618
learnedPE_drop,3,5,86.11464521360466
learnedPE_drop,3,5,87.96420551198632
learnedPE_drop,3,5,86.2362670484575
learnedPE_drop,3,5,85.52086407832671
learnedPE_drop,3,5,75.73841102371286
learnedPE_drop,3,5,78.99731505110611
learnedPE_drop,3,5,81.91629014913033
learnedPE_drop,3,5,84.29847359262261
learnedPE_drop,3,5,82.07088427122483
learnedPE_drop,3,5,84.52584278347071
learnedPE_drop,3,5,85.50610326740285
learnedPE_drop,3,5,85.23423194994542
learnedPE_drop,3,5,81.33752256433849
learnedPE_drop,3,5,84.74627611072847
learnedPE_drop,3,5,85.23067483054605
learnedPE_drop,3,5,82.91223183991893
learnedPE_drop,3,5,88.34838847641416
learnedPE_drop,3,5,87.66106063863248
learnedPE_drop,3,5,85.91424001856933
learnedPE_drop,3,5,86.44865437784574
learnedPE_drop,3,5,87.19933336840542
learnedPE_drop,3,5,87.67359005529514
learnedPE_drop,3,5,85.41713853580876
learnedPE_drop,3,5,85.73265865504473
learnedPE_drop,3,5,81.40619379629777
learnedPE_drop,3,5,84.88892379259573
learnedPE_drop,3,5,85.45389188985271
learnedPE_drop,3,5,84.89151327972485
learnedPE_drop,3,5,82.09625978836002
learnedPE_drop,3,5,88.36460855332805
learnedPE_drop,3,5,86.59620721463592
learnedPE_drop,3,5,85.99514894880969
learnedPE_drop,3,5,85.23554148653511
learnedPE_drop,3,5,85.47791158977618
learnedPE_drop,3,5,82.73483520294134
learnedPE_drop,3,5,84.45255320824272
learnedPE_drop,3,5,86.28792828139014
learnedPE_drop,3,5,87.57433658175688
learnedPE_drop,3,5,81.51433371428722
learnedPE_drop,3,5,89.23268664147209
learnedPE_drop,3,5,86.71364773338449
learnedPE_drop,3,5,87.36563410137121
learnedPE_drop,3,5,84.29919969114576
learnedPE_drop,3,5,81.04207570304082
learnedPE_drop,3,5,72.59225033164
learnedPE_drop,3,5,77.61471231689409
learnedPE_drop,3,5,80.31341685132513
learnedPE_drop,3,5,75.88124015126895
learnedPE_drop,3,5,69.89262442581365
learnedPE_drop,3,5,79.67435603674257
learnedPE_drop,3,5,77.87208066631432
learnedPE_drop,3,5,83.37601952753533
learnedPE_drop,3,5,79.53671925388768
learnedPE_drop,3,5,76.78680088058883
learnedPE_drop,3,5,77.99892620245572
learnedPE_drop,3,5,76.39874690785334
learnedPE_drop,3,5,79.28850649705899
learnedPE_drop,3,5,77.76809420021847
learnedPE_drop,3,5,76.45457803619279
learnedPE_drop,3,5,87.1306038494657
learnedPE_drop,3,5,87.96096591847038
learnedPE_drop,3,5,89.44951989796263
learnedPE_drop,3,5,86.69023829174506
learnedPE_drop,3,5,85.12391885444069
learnedPE_drop,3,5,87.38719982348175
learnedPE_drop,3,5,85.11201576467667
learnedPE_drop,3,5,86.0692876210584
learnedPE_drop,3,5,81.78086559668324
learnedPE_drop,3,5,76.03031346065865
learnedPE_drop,3,5,88.31499813536128
learnedPE_drop,3,5,90.14089932780209
learnedPE_drop,3,5,91.1777294989588
learnedPE_drop,3,5,90.20306903228246
learnedPE_drop,3,5,85.75455106190385
learnedPE_drop,3,5,90.80220566347677
learnedPE_drop,3,5,87.76772969857649
learnedPE_drop,3,5,88.64394882862132
learnedPE_drop,3,5,87.39787289110407
learnedPE_drop,3,5,86.06131488241417
learnedPE_drop,3,5,83.41726745633127
learnedPE_drop,3,5,87.98698599204188
learnedPE_drop,3,5,89.7653646106856
learnedPE_drop,3,5,84.19772057953479
learnedPE_drop,3,5,78.51091672185963
learnedPE_drop,3,5,85.86609468160387
learnedPE_drop,3,5,89.3964664845158
learnedPE_drop,3,5,91.10366530730221
learnedPE_drop,3,5,88.08910594695499
learnedPE_drop,3,5,86.12883261125695
learnedPE_drop,3,5,90.51798028068663
learnedPE_drop,3,5,87.65307160269778
learnedPE_drop,3,5,89.78246856435065
learnedPE_drop,3,5,87.71655148391864
learnedPE_drop,3,5,85.97916220298363
learnedPE_drop,3,5,83.9477452799653
learnedPE_drop,3,5,87.73479214030887
learnedPE_drop,3,5,89.74703541478223
learnedPE_drop,3,5,83.53410333300234
learnedPE_drop,3,5,76.63310292629856
learnedPE_drop,3,5,80.05978713738433
learnedPE_drop,3,5,84.17894746916448
learnedPE_drop,3,5,88.66380818675125
learnedPE_drop,3,5,81.29667355781916
learnedPE_drop,3,5,78.96853053832027
learnedPE_drop,3,5,58.666801444086445
learnedPE_drop,3,6,12.984570788370299
learnedPE_drop,3,6,11.81764639447766
learnedPE_drop,3,6,8.081684586526299
learnedPE_drop,3,6,10.442063543419595
learnedPE_drop,3,6,11.061632116093081
learnedPE_drop,3,6,53.01195285822341
learnedPE_drop,3,6,41.01529790404852
learnedPE_drop,3,6,59.40535002031155
learnedPE_drop,3,6,62.17675736924748
learnedPE_drop,3,6,49.170307197231104
learnedPE_drop,3,6,54.85421827550137
learnedPE_drop,3,6,58.121072440434176
learnedPE_drop,3,6,55.39924695522389
learnedPE_drop,3,6,55.177295234743376
learnedPE_drop,3,6,55.461569772605
learnedPE_drop,3,6,59.79226722277144
learnedPE_drop,3,6,44.134965393037895
learnedPE_drop,3,6,70.0697669296544
learnedPE_drop,3,6,69.57325105374296
learnedPE_drop,3,6,63.37415059171489
learnedPE_drop,3,6,62.758232379546165
learnedPE_drop,3,6,67.76978609880284
learnedPE_drop,3,6,73.50747932218465
learnedPE_drop,3,6,65.56704661631518
learnedPE_drop,3,6,65.63741024928156
learnedPE_drop,3,6,40.5084003200881
learnedPE_drop,3,6,55.53151149183109
learnedPE_drop,3,6,61.8100549059433
learnedPE_drop,3,6,48.93983035023076
learnedPE_drop,3,6,47.778231976428266
learnedPE_drop,3,6,70.70147417512958
learnedPE_drop,3,6,68.67928370213549
learnedPE_drop,3,6,66.88565843587307
learnedPE_drop,3,6,59.24132772739665
learnedPE_drop,3,6,69.42039879338684
learnedPE_drop,3,6,56.47773094495447
learnedPE_drop,3,6,40.7388825555914
learnedPE_drop,3,6,64.55595956919773
learnedPE_drop,3,6,59.018297760983515
learnedPE_drop,3,6,65.14102022823135
learnedPE_drop,3,6,62.62879856461534
learnedPE_drop,3,6,65.71602591142947
learnedPE_drop,3,6,74.42298059276551
learnedPE_drop,3,6,64.98736239104373
learnedPE_drop,3,6,69.28560184172328
learnedPE_drop,3,6,48.81465269546702
learnedPE_drop,3,6,59.55562476823789
learnedPE_drop,3,6,65.32495279318378
learnedPE_drop,3,6,49.06525856791688
learnedPE_drop,3,6,48.26566044596681
learnedPE_drop,3,6,72.73755790533522
learnedPE_drop,3,6,71.41490501668444
learnedPE_drop,3,6,68.53331639517974
learnedPE_drop,3,6,59.627444761763485
learnedPE_drop,3,6,71.0051980735813
learnedPE_drop,3,6,45.83412905312346
learnedPE_drop,3,6,59.19617795597709
learnedPE_drop,3,6,65.32008025226996
learnedPE_drop,3,6,49.887081978985925
learnedPE_drop,3,6,48.46331894427164
learnedPE_drop,3,6,71.43274581221327
learnedPE_drop,3,6,66.98977928240777
learnedPE_drop,3,6,70.08728656626263
learnedPE_drop,3,6,57.21803569062822
learnedPE_drop,3,6,70.61217979944357
learnedPE_drop,3,6,43.825205387362985
learnedPE_drop,3,6,43.42387282193148
learnedPE_drop,3,6,58.160038049660926
learnedPE_drop,3,6,42.561651991506245
learnedPE_drop,3,6,47.9226203179978
learnedPE_drop,3,6,62.73359505455595
learnedPE_drop,3,6,57.19053833719625
learnedPE_drop,3,6,70.98438047029055
learnedPE_drop,3,6,65.37617605417715
learnedPE_drop,3,6,61.79162619730717
learnedPE_drop,3,6,66.77495922324219
learnedPE_drop,3,6,61.397647464829234
learnedPE_drop,3,6,67.40680160891796
learnedPE_drop,3,6,62.51966816370462
learnedPE_drop,3,6,63.17044430492496
learnedPE_drop,3,6,81.08554538903843
learnedPE_drop,3,6,86.13406955050836
learnedPE_drop,3,6,86.17890692836032
learnedPE_drop,3,6,85.1590411901166
learnedPE_drop,3,6,81.22852957605137
learnedPE_drop,3,6,86.40718691733106
learnedPE_drop,3,6,84.25811731440169
learnedPE_drop,3,6,82.64842109974391
learnedPE_drop,3,6,78.30732962516296
learnedPE_drop,3,6,68.54541325328199
learnedPE_drop,3,6,83.55268661218314
learnedPE_drop,3,6,87.02119550157684
learnedPE_drop,3,6,85.71345427690092
learnedPE_drop,3,6,87.46084290748772
learnedPE_drop,3,6,82.85653705798214
learnedPE_drop,3,6,89.06452613611513
learnedPE_drop,3,6,85.13022233055705
learnedPE_drop,3,6,84.15715615307242
learnedPE_drop,3,6,86.68727931577935
learnedPE_drop,3,6,81.19939017699181
learnedPE_drop,3,6,73.72953765053927
learnedPE_drop,3,6,81.90180644603512
learnedPE_drop,3,6,85.16816317820857
learnedPE_drop,3,6,76.84327421788673
learnedPE_drop,3,6,71.20081758459622
learnedPE_drop,3,6,82.09345783495311
learnedPE_drop,3,6,85.62575542611746
learnedPE_drop,3,6,87.36080095330836
learnedPE_drop,3,6,81.11977381301986
learnedPE_drop,3,6,79.02969174727698
learnedPE_drop,3,6,89.20451894021907
learnedPE_drop,3,6,86.19857312379128
learnedPE_drop,3,6,87.90089141614625
learnedPE_drop,3,6,85.01615367362433
learnedPE_drop,3,6,83.9580788072205
learnedPE_drop,3,6,70.56551565534285
learnedPE_drop,3,6,81.15169393544666
learnedPE_drop,3,6,86.22161727691302
learnedPE_drop,3,6,81.9757663068192
learnedPE_drop,3,6,70.8974014062271
learnedPE_drop,3,6,66.83760117811674
learnedPE_drop,3,6,76.12432883162225
learnedPE_drop,3,6,83.64364377441957
learnedPE_drop,3,6,74.6310081107312
learnedPE_drop,3,6,76.35734130785163
learnedPE_drop,3,6,29.69513841045152
learnedPE_drop,3,6,29.265891814892726
learnedPE_drop,3,6,29.94535580118368
learnedPE_drop,3,6,34.54135170642891
learnedPE_drop,3,6,32.66832637961682
learnedPE_drop,3,6,27.951115652507507
learnedPE_drop,3,6,27.740374373891786
learnedPE_drop,3,6,28.98558509372019
learnedPE_drop,3,6,30.119672251613437
learnedPE_drop,3,6,30.344128757493948
learnedPE_drop,3,6,29.045576407688944
learnedPE_drop,3,6,67.65868704899994
learnedPE_drop,3,6,72.92492870717922
learnedPE_drop,3,6,77.63891219267929
learnedPE_drop,3,6,67.77299375940913
learnedPE_drop,3,6,66.61711291898402
learnedPE_drop,3,6,75.33964035834566
learnedPE_drop,3,6,74.5460517700344
learnedPE_drop,3,6,72.2037992715991
learnedPE_drop,3,6,71.81042456328325
learnedPE_drop,3,6,67.8684321956157
learnedPE_drop,3,6,75.63874403594211
learnedPE_drop,3,6,78.45285659040925
learnedPE_drop,3,6,81.78730484006086
learnedPE_drop,3,6,84.274785737563
learnedPE_drop,3,6,79.5127285744377
learnedPE_drop,3,6,84.76513734502554
learnedPE_drop,3,6,84.1156095763941
learnedPE_drop,3,6,84.10336414333392
learnedPE_drop,3,6,78.70100185337719
learnedPE_drop,3,6,79.63135345774704
learnedPE_drop,3,6,65.46110212562537
learnedPE_drop,3,6,74.47522868083205
learnedPE_drop,3,6,71.93359904928587
learnedPE_drop,3,6,72.35471698630894
learnedPE_drop,3,6,71.50797073663259
learnedPE_drop,3,6,77.66873500754056
learnedPE_drop,3,6,83.72530759674936
learnedPE_drop,3,6,85.81840602217122
learnedPE_drop,3,6,82.42967806646166
learnedPE_drop,3,6,76.43428979276777
learnedPE_drop,3,6,87.466612089256
learnedPE_drop,3,6,83.4898972484481
learnedPE_drop,3,6,84.22823560184978
learnedPE_drop,3,6,82.06883971466962
learnedPE_drop,3,6,77.29340309633574
learnedPE_drop,3,6,72.33205629016281
learnedPE_drop,3,6,77.83438649196115
learnedPE_drop,3,6,80.0599415064173
learnedPE_drop,3,6,75.9191067467362
learnedPE_drop,3,6,68.86780296998727
learnedPE_drop,3,6,72.1648698479022
learnedPE_drop,3,6,76.32702372535557
learnedPE_drop,3,6,79.92917387735241
learnedPE_drop,3,6,73.60723673323746
learnedPE_drop,3,6,66.15080465345378
learnedPE_drop,3,6,37.14282172366561
learnedPE_drop,3,6,68.25297652947889
learnedPE_drop,3,6,75.26673052266482
learnedPE_drop,3,6,75.47810320439679
learnedPE_drop,3,6,70.05508399853314
learnedPE_drop,3,6,72.16822713516706
learnedPE_drop,3,6,77.10981850778516
learnedPE_drop,3,6,68.5814937484153
learnedPE_drop,3,6,70.64500576916258
learnedPE_drop,3,6,65.41318022481015
learnedPE_drop,3,6,67.28626726435559
learnedPE_drop,3,6,79.16859268093997
learnedPE_drop,3,6,84.28509413923075
learnedPE_drop,3,6,83.33096826648054
learnedPE_drop,3,6,69.20358760377702
learnedPE_drop,3,6,66.16477868457442
learnedPE_drop,3,6,79.8496638514663
learnedPE_drop,3,6,82.42859495197385
learnedPE_drop,3,6,87.28015464955052
learnedPE_drop,3,6,76.3830501322673
learnedPE_drop,3,6,76.07868666217755
learnedPE_drop,3,6,55.096104546367776
learnedPE_drop,3,6,75.35889901852137
learnedPE_drop,3,6,81.06114818283694
learnedPE_drop,3,6,86.39857379662519
learnedPE_drop,3,6,71.24900698192671
learnedPE_drop,3,6,75.92016087801505
learnedPE_drop,3,6,52.33050825989463
learnedPE_drop,3,6,52.871033318290536
wavePE_drop,3,0,93.85610653413711
wavePE_drop,3,1,92.24121672807699
wavePE_drop,3,1,92.03431488955235
wavePE_drop,3,1,93.61444636918694
wavePE_drop,3,1,93.82103492070523
wavePE_drop,3,1,93.4965694893114
wavePE_drop,3,1,93.40413609116595
wavePE_drop,3,1,93.68653707373828
wavePE_drop,3,1,93.67456121092728
wavePE_drop,3,1,93.34384404507328
wavePE_drop,3,1,93.7597210288802
wavePE_drop,3,2,88.44896047088389
wavePE_drop,3,2,91.72691859932259
wavePE_drop,3,2,91.64514560130415
wavePE_drop,3,2,91.63604615310652
wavePE_drop,3,2,91.21125580905947
wavePE_drop,3,2,91.71323910583611
wavePE_drop,3,2,91.40327987618713
wavePE_drop,3,2,91.57167640989378
wavePE_drop,3,2,92.12858335090192
wavePE_drop,3,2,91.16341315580738
wavePE_drop,3,2,91.9518278002126
wavePE_drop,3,2,91.33221008687742
wavePE_drop,3,2,90.34587893098498
wavePE_drop,3,2,92.05320628088604
wavePE_drop,3,2,91.72791325846384
wavePE_drop,3,2,91.25994096093287
wavePE_drop,3,2,91.47166678145572
wavePE_drop,3,2,92.48146791953593
wavePE_drop,3,2,92.74205034662003
wavePE_drop,3,2,92.57244877381304
wavePE_drop,3,2,93.53184843148557
wavePE_drop,3,2,92.99330112283933
wavePE_drop,3,2,93.32092030055644
wavePE_drop,3,2,93.40850389084345
wavePE_drop,3,2,92.9881520839244
wavePE_drop,3,2,92.96659353978237
wavePE_drop,3,2,93.73606352212553
wavePE_drop,3,2,93.51857821789284
wavePE_drop,3,2,93.46801319982521
wavePE_drop,3,2,93.67791814054935
wavePE_drop,3,2,92.9017520991456
wavePE_drop,3,2,93.2681651792475
wavePE_drop,3,2,93.22906808083552
wavePE_drop,3,2,93.17200276804151
wavePE_drop,3,2,93.3944485568056
wavePE_drop,3,2,92.99318514924653
wavePE_drop,3,2,92.2871744912106
wavePE_drop,3,2,92.69237915353057
wavePE_drop,3,2,93.05060295028291
wavePE_drop,3,2,93.12254354775524
wavePE_drop,3,2,92.87605865193429
wavePE_drop,3,2,93.67893933038273
wavePE_drop,3,2,93.13320080099541
wavePE_drop,3,2,93.06950505403711
wavePE_drop,3,2,92.99815862511743
wavePE_drop,3,3,85.60972615781294
wavePE_drop,3,3,87.9864791646237
wavePE_drop,3,3,85.67007919582275
wavePE_drop,3,3,84.56309591990883
wavePE_drop,3,3,87.9704110364572
wavePE_drop,3,3,87.06120454057013
wavePE_drop,3,3,86.95401307292451
wavePE_drop,3,3,88.05459866577954
wavePE_drop,3,3,90.06172905957901
wavePE_drop,3,3,90.6331268997883
wavePE_drop,3,3,90.43183231694312
wavePE_drop,3,3,91.26203548868325
wavePE_drop,3,3,89.9782711342036
wavePE_drop,3,3,91.27894478010941
wavePE_drop,3,3,91.5666430761922
wavePE_drop,3,3,90.15552881120436
wavePE_drop,3,3,90.4025825611336
wavePE_drop,3,3,91.07067419793844
wavePE_drop,3,3,90.75220138042569
wavePE_drop,3,3,91.38335371473413
wavePE_drop,3,3,91.6795068425546
wavePE_drop,3,3,90.62971102771988
wavePE_drop,3,3,91.25979687371428
wavePE_drop,3,3,90.83746710871499
wavePE_drop,3,3,91.2858963546324
wavePE_drop,3,3,91.59688539010311
wavePE_drop,3,3,90.10404156926543
wavePE_drop,3,3,89.84461760811557
wavePE_drop,3,3,90.71890932672395
wavePE_drop,3,3,90.98760262418593
wavePE_drop,3,3,89.96651563531198
wavePE_drop,3,3,90.40621905891949
wavePE_drop,3,3,91.81987739156239
wavePE_drop,3,3,90.23990355484742
wavePE_drop,3,3,91.0550352924321
wavePE_drop,3,3,91.25444539635535
wavePE_drop,3,3,87.12225959276377
wavePE_drop,3,3,88.74591970855465
wavePE_drop,3,3,87.4370948090139
wavePE_drop,3,3,91.0083153552619
wavePE_drop,3,3,90.7503931573577
wavePE_drop,3,3,90.43791281782899
wavePE_drop,3,3,90.2542840571175
wavePE_drop,3,3,90.53585051027936
wavePE_drop,3,3,89.9268006717033
wavePE_drop,3,3,91.47246770519722
wavePE_drop,3,3,91.54626188816448
wavePE_drop,3,3,91.13642536019684
wavePE_drop,3,3,91.29070846544793
wavePE_drop,3,3,88.40129329454783
wavePE_drop,3,3,91.68702052289842
wavePE_drop,3,3,91.35344900050279
wavePE_drop,3,3,90.28058392775525
wavePE_drop,3,3,90.52381339113715
wavePE_drop,3,3,90.09903874978804
wavePE_drop,3,3,88.73843778553612
wavePE_drop,3,3,89.3619655232542
wavePE_drop,3,3,88.38661971673767
wavePE_drop,3,3,90.76853581446396
wavePE_drop,3,3,90.6285007882093
wavePE_drop,3,3,91.69194416553685
wavePE_drop,3,3,91.30388973222313
wavePE_drop,3,3,90.48222607155192
wavePE_drop,3,3,90.20519530401057
wavePE_drop,3,3,79.81249246001518
wavePE_drop,3,3,90.59537214410902
wavePE_drop,3,3,92.2884802059944
wavePE_drop,3,3,91.56770753265565
wavePE_drop,3,3,91.74518689293518
wavePE_drop,3,3,92.33595337505731
wavePE_drop,3,3,91.64450556726796
wavePE_drop,3,3,92.45336717531288
wavePE_drop,3,3,92.36772285416406
wavePE_drop,3,3,92.38706678196633
wavePE_drop,3,3,92.41772852539776
wavePE_drop,3,3,92.05127818441964
wavePE_drop,3,3,91.37700485036193
wavePE_drop,3,3,92.30338066492583
wavePE_drop,3,3,92.42227079104364
wavePE_drop,3,3,92.60153719665192
wavePE_drop,3,3,92.81240264256478
wavePE_drop,3,3,93.35438401878302
wavePE_drop,3,3,92.0973495407377
wavePE_drop,3,3,92.33554932417677
wavePE_drop,3,3,92.45474832898708
wavePE_drop,3,3,91.60882173706514
wavePE_drop,3,3,92.75054576729241
wavePE_drop,3,3,92.04931801879074
wavePE_drop,3,3,92.2161862309022
wavePE_drop,3,3,92.78978166871462
wavePE_drop,3,3,92.12923847100173
wavePE_drop,3,3,91.38915697902773
wavePE_drop,3,3,92.28315140615794
wavePE_drop,3,3,92.34974681855459
wavePE_drop,3,3,93.07785693791337
wavePE_drop,3,3,92.754853054776
wavePE_drop,3,3,93.55192073142189
wavePE_drop,3,3,93.08487370182164
wavePE_drop,3,3,92.95489776590331
wavePE_drop,3,3,92.82414443696338
wavePE_drop,3,3,92.08019799482005
wavePE_drop,3,3,91.5537539216243
wavePE_drop,3,3,92.0543837021603
wavePE_drop,3,3,92.5085184122623
wavePE_drop,3,3,92.65543377655172
wavePE_drop,3,3,92.45799508610482
wavePE_drop,3,3,93.33245926933071
wavePE_drop,3,3,92.54202790521424
wavePE_drop,3,3,92.71557132782598
wavePE_drop,3,3,92.78216674918632
wavePE_drop,3,3,90.03982845752886
wavePE_drop,3,3,92.04429166262649
wavePE_drop,3,3,92.63696562621288
wavePE_drop,3,3,91.48303987997146
wavePE_drop,3,3,90.23536204794303
wavePE_drop,3,3,91.45800488147412
wavePE_drop,3,3,90.8450155553502
wavePE_drop,3,3,92.18575752524302
wavePE_drop,3,3,92.1027219083363
wavePE_drop,3,3,88.22385870376728
wavePE_drop,3,4,78.25030704159195
wavePE_drop,3,4,81.59714321998779
wavePE_drop,3,4,79.57554833186833
wavePE_drop,3,4,85.4540288600771
wavePE_drop,3,4,85.3836349475089
wavePE_drop,3,4,85.0453494745225
wavePE_drop,3,4,85.68409941126612
wavePE_drop,3,4,82.7161342081149
wavePE_drop,3,4,83.18795837443278
wavePE_drop,3,4,86.69045249551314
wavePE_drop,3,4,86.14732372787445
wavePE_drop,3,4,86.60284484337507
wavePE_drop,3,4,87.72545923664975
wavePE_drop,3,4,80.29619502139688
wavePE_drop,3,4,84.99811862282927
wavePE_drop,3,4,84.72372779828612
wavePE_drop,3,4,84.04084097880722
wavePE_drop,3,4,85.12300503484198
wavePE_drop,3,4,81.25325439717824
wavePE_drop,3,4,70.17773093862256
wavePE_drop,3,4,82.79105208058459
wavePE_drop,3,4,83.01117221620437
wavePE_drop,3,4,86.58988620038454
wavePE_drop,3,4,86.6491002232195
wavePE_drop,3,4,87.92703469971983
wavePE_drop,3,4,84.60224311961242
wavePE_drop,3,4,86.43063595965124
wavePE_drop,3,4,84.80005666168906
wavePE_drop,3,4,59.736636513550366
wavePE_drop,3,4,88.086815993708
wavePE_drop,3,4,89.92241934039986
wavePE_drop,3,4,84.59060246523127
wavePE_drop,3,4,89.94752488645807
wavePE_drop,3,4,90.1535499255621
wavePE_drop,3,4,88.82253911346477
wavePE_drop,3,4,90.0690035240102
wavePE_drop,3,4,88.70521885550508
wavePE_drop,3,4,90.59773363766767
wavePE_drop,3,4,90.5450147140754
wavePE_drop,3,4,88.43969986629483
wavePE_drop,3,4,87.6506039670337
wavePE_drop,3,4,90.17508379605759
wavePE_drop,3,4,90.15250002832825
wavePE_drop,3,4,87.37300211526147
wavePE_drop,3,4,86.06339924537136
wavePE_drop,3,4,91.2035765020267
wavePE_drop,3,4,88.30266668174889
wavePE_drop,3,4,89.26258894852064
wavePE_drop,3,4,90.98392084909615
wavePE_drop,3,4,87.7622852556601
wavePE_drop,3,4,89.77877351199963
wavePE_drop,3,4,87.95103050055381
wavePE_drop,3,4,89.41431251221914
wavePE_drop,3,4,90.08240173633426
wavePE_drop,3,4,88.15858563162607
wavePE_drop,3,4,88.28648930916061
wavePE_drop,3,4,90.31771019669146
wavePE_drop,3,4,89.86163880161425
wavePE_drop,3,4,88.86197978087816
wavePE_drop,3,4,89.87721488257901
wavePE_drop,3,4,91.29779427856334
wavePE_drop,3,4,89.91183473963218
wavePE_drop,3,4,90.70629976942772
wavePE_drop,3,4,90.83429732148187
wavePE_drop,3,4,88.2278645102894
wavePE_drop,3,4,89.41955338994877
wavePE_drop,3,4,90.19375088130224
wavePE_drop,3,4,90.41017679428214
wavePE_drop,3,4,89.04184613744259
wavePE_drop,3,4,89.55204236299446
wavePE_drop,3,4,91.51800476189011
wavePE_drop,3,4,89.88696734247449
wavePE_drop,3,4,90.4341659511085
wavePE_drop,3,4,91.29366791649856
wavePE_drop,3,4,84.29046895212464
wavePE_drop,3,4,87.96289976101419
wavePE_drop,3,4,89.48584454470038
wavePE_drop,3,4,86.88165837803575
wavePE_drop,3,4,86.8564286499553
wavePE_drop,3,4,89.5254952046482
wavePE_drop,3,4,84.04609084577115
wavePE_drop,3,4,89.06766711268847
wavePE_drop,3,4,89.60315448003405
wavePE_drop,3,4,82.68478851373729
wavePE_drop,3,4,48.739885946721515
wavePE_drop,3,4,79.3109828329673
wavePE_drop,3,4,86.42588071525927
wavePE_drop,3,4,88.88768836218537
wavePE_drop,3,4,86.10456147015428
wavePE_drop,3,4,86.9902428741886
wavePE_drop,3,4,83.29266926887924
wavePE_drop,3,4,88.64774171353804
wavePE_drop,3,4,89.15277640690434
wavePE_drop,3,4,87.05488149908489
wavePE_drop,3,4,87.5618024325085
wavePE_drop,3,4,86.06413558897023
wavePE_drop,3,4,84.27926878773194
wavePE_drop,3,4,86.71046401785837
wavePE_drop,3,4,85.28181202666865
wavePE_drop,3,4,90.20136645765162
wavePE_drop,3,4,89.59211310691036
wavePE_drop,3,4,90.38393317543145
wavePE_drop,3,4,88.95955804916915
wavePE_drop,3,4,89.94684026545869
wavePE_drop,3,4,89.13289831562989
wavePE_drop,3,4,81.37902957244336
wavePE_drop,3,4,90.02216481420886
wavePE_drop,3,4,89.79462341046212
wavePE_drop,3,4,88.17854164875165
wavePE_drop,3,4,89.4238575332993
wavePE_drop,3,4,87.942473039212
wavePE_drop,3,4,87.77366089778042
wavePE_drop,3,4,88.79337961073055
wavePE_drop,3,4,87.53059458880197
wavePE_drop,3,4,90.53070868636594
wavePE_drop,3,4,89.94295055106076
wavePE_drop,3,4,90.82756916249397
wavePE_drop,3,4,91.00793219544339
wavePE_drop,3,4,90.07112310016238
wavePE_drop,3,4,89.87823453078259
wavePE_drop,3,4,87.66483157248595
wavePE_drop,3,4,86.53297363267488
wavePE_drop,3,4,86.64885464200063
wavePE_drop,3,4,86.35187868663428
wavePE_drop,3,4,90.44324874442027
wavePE_drop,3,4,90.03296779613798
wavePE_drop,3,4,91.4066969471028
wavePE_drop,3,4,90.88145417531592
wavePE_drop,3,4,89.54039237392472
wavePE_drop,3,4,88.40919556504497
wavePE_drop,3,4,82.7217903535776
wavePE_drop,3,4,88.27162065948377
wavePE_drop,3,4,88.8166719591935
wavePE_drop,3,4,86.78020909129597
wavePE_drop,3,4,83.70956333575083
wavePE_drop,3,4,85.1939300097922
wavePE_drop,3,4,88.75394300832338
wavePE_drop,3,4,89.26694465902555
wavePE_drop,3,4,89.62068235577453
wavePE_drop,3,4,84.05474246459121
wavePE_drop,3,4,66.74686709915395
wavePE_drop,3,4,74.9104187916919
wavePE_drop,3,4,75.15245023665533
wavePE_drop,3,4,78.25593987899906
wavePE_drop,3,4,80.13797863098857
wavePE_drop,3,4,88.8651453268361
wavePE_drop,3,4,88.54427550490898
wavePE_drop,3,4,89.77287348159891
wavePE_drop,3,4,90.1827747912501
wavePE_drop,3,4,90.74804194594141
wavePE_drop,3,4,91.19848844753152
wavePE_drop,3,4,92.22709866670314
wavePE_drop,3,4,88.2480922861298
wavePE_drop,3,4,90.94265321029636
wavePE_drop,3,4,90.71973939585298
wavePE_drop,3,4,89.9169423312087
wavePE_drop,3,4,89.30651425826267
wavePE_drop,3,4,91.22078338300602
wavePE_drop,3,4,91.09151561566998
wavePE_drop,3,4,91.9642746793136
wavePE_drop,3,4,91.56459139721143
wavePE_drop,3,4,92.15339927333068
wavePE_drop,3,4,89.09730142331446
wavePE_drop,3,4,91.58642135250955
wavePE_drop,3,4,91.3467377375366
wavePE_drop,3,4,89.55906831935678
wavePE_drop,3,4,91.69763014531841
wavePE_drop,3,4,91.3642482130258
wavePE_drop,3,4,89.95729735803624
wavePE_drop,3,4,88.98019016249783
wavePE_drop,3,4,90.79050348761311
wavePE_drop,3,4,88.7117345180157
wavePE_drop,3,4,91.84150042523818
wavePE_drop,3,4,91.99111457273767
wavePE_drop,3,4,81.59937132346305
wavePE_drop,3,4,89.77391016059613
wavePE_drop,3,4,88.9486385151223
wavePE_drop,3,4,90.31788401641863
wavePE_drop,3,4,90.90069144875297
wavePE_drop,3,4,90.9253582019929
wavePE_drop,3,4,91.39281252508644
wavePE_drop,3,4,92.38182377926391
wavePE_drop,3,4,90.8685156411148
wavePE_drop,3,4,91.38293927751626
wavePE_drop,3,4,90.79140094875484
wavePE_drop,3,4,88.83844504759709
wavePE_drop,3,4,91.14562389160297
wavePE_drop,3,4,91.3626724765301
wavePE_drop,3,4,90.25393577662607
wavePE_drop,3,4,88.90656598126314
wavePE_drop,3,4,90.78394817803077
wavePE_drop,3,4,90.2127009977832
wavePE_drop,3,4,92.11218810678194
wavePE_drop,3,4,91.97319941383952
wavePE_drop,3,4,87.85970627758816
wavePE_drop,3,4,87.25596934308267
wavePE_drop,3,4,90.89347953532874
wavePE_drop,3,4,91.56508814466504
wavePE_drop,3,4,89.52306092259359
wavePE_drop,3,4,88.36753870797833
wavePE_drop,3,4,91.0310067076607
wavePE_drop,3,4,89.50392499744927
wavePE_drop,3,4,91.50256990492909
wavePE_drop,3,4,91.42751030630141
wavePE_drop,3,4,84.11999823278502
wavePE_drop,3,4,82.89594311370396
wavePE_drop,3,4,85.75784821112407
wavePE_drop,3,4,90.90412214112993
wavePE_drop,3,4,81.3169043461603
wavePE_drop,3,4,66.37128764430457
wavePE_drop,3,5,31.214637528448748
wavePE_drop,3,5,66.0089553680258
wavePE_drop,3,5,77.50847008753365
wavePE_drop,3,5,76.93450160012489
wavePE_drop,3,5,76.86835858757287
wavePE_drop,3,5,77.78063169759139
wavePE_drop,3,5,73.6825843099318
wavePE_drop,3,5,80.96374730397493
wavePE_drop,3,5,80.41864894881554
wavePE_drop,3,5,79.3576540720911
wavePE_drop,3,5,81.32352962548575
wavePE_drop,3,5,76.37918279000573
wavePE_drop,3,5,65.84273819596822
wavePE_drop,3,5,78.30494388881635
wavePE_drop,3,5,78.40673551950749
wavePE_drop,3,5,84.64241293278883
wavePE_drop,3,5,82.5310180576928
wavePE_drop,3,5,85.4265848888163
wavePE_drop,3,5,80.81568224104537
wavePE_drop,3,5,84.08626435502168
wavePE_drop,3,5,82.70140572472557
wavePE_drop,3,5,69.49970439625758
wavePE_drop,3,5,80.00572794746283
wavePE_drop,3,5,79.2192321090378
wavePE_drop,3,5,78.71933936677458
wavePE_drop,3,5,82.04780013467523
wavePE_drop,3,5,77.17737489826136
wavePE_drop,3,5,64.64734504849154
wavePE_drop,3,5,81.44809499248376
wavePE_drop,3,5,81.88795086059785
wavePE_drop,3,5,83.87310651872333
wavePE_drop,3,5,85.51445770336221
wavePE_drop,3,5,86.38706051576025
wavePE_drop,3,5,84.2808699157013
wavePE_drop,3,5,84.92175371650319
wavePE_drop,3,5,84.77279552283964
wavePE_drop,3,5,72.18150816884197
wavePE_drop,3,5,64.3864202191087
wavePE_drop,3,5,77.12481140114005
wavePE_drop,3,5,79.19839032907416
wavePE_drop,3,5,83.4973839103345
wavePE_drop,3,5,82.90449684467491
wavePE_drop,3,5,84.8424895474682
wavePE_drop,3,5,80.65470668838788
wavePE_drop,3,5,82.51885410445435
wavePE_drop,3,5,81.24537898526944
wavePE_drop,3,5,60.782563312602925
wavePE_drop,3,5,74.18757045761717
wavePE_drop,3,5,80.11759852592849
wavePE_drop,3,5,62.47392751858931
wavePE_drop,3,5,63.87940575992066
wavePE_drop,3,5,77.81269104953086
wavePE_drop,3,5,77.65159699151904
wavePE_drop,3,5,84.92859668451098
wavePE_drop,3,5,83.57655182741848
wavePE_drop,3,5,66.56685135147609
wavePE_drop,3,5,48.075659848535764
wavePE_drop,3,5,56.076289543272765
wavePE_drop,3,5,56.95959543538242
wavePE_drop,3,5,57.91972268265074
wavePE_drop,3,5,58.508468331711214
wavePE_drop,3,5,85.12425059954549
wavePE_drop,3,5,80.17051488702513
wavePE_drop,3,5,87.20728007639383
wavePE_drop,3,5,87.77869693842226
wavePE_drop,3,5,82.76277967376508
wavePE_drop,3,5,82.06776418539347
wavePE_drop,3,5,89.75062180293443
wavePE_drop,3,5,80.19939432850256
wavePE_drop,3,5,83.44090416709048
wavePE_drop,3,5,89.01101809781751
wavePE_drop,3,5,85.05102137725747
wavePE_drop,3,5,85.05716362600755
wavePE_drop,3,5,89.15543809822644
wavePE_drop,3,5,87.53823739514766
wavePE_drop,3,5,86.24104019170737
wavePE_drop,3,5,85.79104624433516
wavePE_drop,3,5,89.83372665768745
wavePE_drop,3,5,86.28492268936759
wavePE_drop,3,5,88.49303772765796
wavePE_drop,3,5,90.12494168700965
wavePE_drop,3,5,84.58750621848293
wavePE_drop,3,5,87.74999820320693
wavePE_drop,3,5,87.49796680890614
wavePE_drop,3,5,82.76704927695688
wavePE_drop,3,5,84.13479645378771
wavePE_drop,3,5,88.98262844942542
wavePE_drop,3,5,78.67785264440649
wavePE_drop,3,5,86.08918695296725
wavePE_drop,3,5,85.10319047002038
wavePE_drop,3,5,76.16648441595153
wavePE_drop,3,5,83.60962816447612
wavePE_drop,3,5,84.7209048526924
wavePE_drop,3,5,87.5962132667514
wavePE_drop,3,5,86.28703073467956
wavePE_drop,3,5,85.93960040879112
wavePE_drop,3,5,87.327223004413
wavePE_drop,3,5,89.69210041106425
wavePE_drop,3,5,86.97119009418395
wavePE_drop,3,5,87.6369780067383
wavePE_drop,3,5,89.00019314865521
wavePE_drop,3,5,81.72297459453614
wavePE_drop,3,5,86.19645893477428
wavePE_drop,3,5,87.37376782440747
wavePE_drop,3,5,86.00245348369945
wavePE_drop,3,5,84.47249665787874
wavePE_drop,3,5,88.7539409398645
wavePE_drop,3,5,81.75649099347565
wavePE_drop,3,5,87.73025352071382
wavePE_drop,3,5,88.71604988480419
wavePE_drop,3,5,79.68745123172476
wavePE_drop,3,5,80.98156835607541
wavePE_drop,3,5,85.6758091004212
wavePE_drop,3,5,86.49924185772122
wavePE_drop,3,5,87.73436939427755
wavePE_drop,3,5,84.09613236857689
wavePE_drop,3,5,89.34800666387255
wavePE_drop,3,5,83.79122233395096
wavePE_drop,3,5,87.97868131678084
wavePE_drop,3,5,88.9261050098748
wavePE_drop,3,5,80.94531762890848
wavePE_drop,3,5,71.87023750400398
wavePE_drop,3,5,78.51939133063726
wavePE_drop,3,5,85.98944900188681
wavePE_drop,3,5,75.15184590238061
wavePE_drop,3,5,59.06288497302212
wavePE_drop,3,5,40.02309727396744
wavePE_drop,3,5,45.06813708508093
wavePE_drop,3,5,45.7104217309027
wavePE_drop,3,5,45.48921152673665
wavePE_drop,3,5,45.230318444457666
wavePE_drop,3,5,74.24315141315816
wavePE_drop,3,5,71.95312950944258
wavePE_drop,3,5,79.5167169452375
wavePE_drop,3,5,78.31677650917644
wavePE_drop,3,5,87.33133995872772
wavePE_drop,3,5,83.9402023333554
wavePE_drop,3,5,86.04107544968858
wavePE_drop,3,5,81.78808516223735
wavePE_drop,3,5,88.07174911428608
wavePE_drop,3,5,85.24730303927852
wavePE_drop,3,5,81.08160193124203
wavePE_drop,3,5,76.21245855388712
wavePE_drop,3,5,80.06671504441553
wavePE_drop,3,5,80.69987867903532
wavePE_drop,3,5,88.75080506550836
wavePE_drop,3,5,85.80415459320393
wavePE_drop,3,5,87.8304259761443
wavePE_drop,3,5,85.1800329396355
wavePE_drop,3,5,87.5217456113956
wavePE_drop,3,5,84.23729142705761
wavePE_drop,3,5,76.692032649184
wavePE_drop,3,5,84.9706173421578
wavePE_drop,3,5,84.29039424555418
wavePE_drop,3,5,81.14315321923702
wavePE_drop,3,5,79.0902818237678
wavePE_drop,3,5,83.21559070119908
wavePE_drop,3,5,85.59837843840212
wavePE_drop,3,5,88.99038234649015
wavePE_drop,3,5,88.103954852997
wavePE_drop,3,5,77.55890080712251
wavePE_drop,3,5,79.43163709716244
wavePE_drop,3,5,81.40836975094408
wavePE_drop,3,5,77.13347606324862
wavePE_drop,3,5,79.00821735616908
wavePE_drop,3,5,88.58938933126356
wavePE_drop,3,5,87.01827450375555
wavePE_drop,3,5,88.92579375873157
wavePE_drop,3,5,86.71695461850891
wavePE_drop,3,5,87.19546699127967
wavePE_drop,3,5,85.2171984323488
wavePE_drop,3,5,81.0079329280078
wavePE_drop,3,5,86.17948547841151
wavePE_drop,3,5,85.49898210850789
wavePE_drop,3,5,85.7136227604563
wavePE_drop,3,5,82.63559147190412
wavePE_drop,3,5,84.66251200022661
wavePE_drop,3,5,88.40298885892273
wavePE_drop,3,5,88.50476255284411
wavePE_drop,3,5,88.47156758269212
wavePE_drop,3,5,83.92689747904234
wavePE_drop,3,5,77.53566312931964
wavePE_drop,3,5,84.51623166093147
wavePE_drop,3,5,85.04020677911583
wavePE_drop,3,5,82.94236598577565
wavePE_drop,3,5,80.2684283405733
wavePE_drop,3,5,81.8739978107956
wavePE_drop,3,5,87.32265486968433
wavePE_drop,3,5,88.4496972421093
wavePE_drop,3,5,88.5150896126882
wavePE_drop,3,5,73.87937076779822
wavePE_drop,3,5,63.33354988612505
wavePE_drop,3,5,78.21005944349952
wavePE_drop,3,5,84.9122195127718
wavePE_drop,3,5,73.77922819970075
wavePE_drop,3,5,59.37906707357277
wavePE_drop,3,5,53.26747380756935
wavePE_drop,3,5,52.094470475606805
wavePE_drop,3,5,65.5395682201175
wavePE_drop,3,5,65.78385513948109
wavePE_drop,3,5,74.39652577850788
wavePE_drop,3,5,72.35548479697339
wavePE_drop,3,5,75.51956868919578
wavePE_drop,3,5,69.48631187037036
wavePE_drop,3,5,75.79537276270621
wavePE_drop,3,5,76.72458145452099
wavePE_drop,3,5,82.23847757508477
wavePE_drop,3,5,87.84429940374024
wavePE_drop,3,5,86.98071316845228
wavePE_drop,3,5,83.98692953747863
wavePE_drop,3,5,83.79291099266251
wavePE_drop,3,5,87.81020952280568
wavePE_drop,3,5,83.7185886989049
wavePE_drop,3,5,89.3560842679483
wavePE_drop,3,5,89.86892347828785
wavePE_drop,3,5,74.81367447036715
wavePE_drop,3,5,85.32083271222334
wavePE_drop,3,5,89.75749036066436
wavePE_drop,3,5,88.41272352025238
wavePE_drop,3,5,84.01268998441816
wavePE_drop,3,5,83.94474457795538
wavePE_drop,3,5,89.44663146863856
wavePE_drop,3,5,85.7516661169337
wavePE_drop,3,5,91.07349311498784
wavePE_drop,3,5,89.39048214283747
wavePE_drop,3,5,77.26111659348763
wavePE_drop,3,5,81.23630821623422
wavePE_drop,3,5,84.94842051810976
wavePE_drop,3,5,90.36161092325376
wavePE_drop,3,5,72.61925579141923
wavePE_drop,3,5,64.60436193257021
wavePE_drop,3,5,82.27603244788253
wavePE_drop,3,5,87.72257399561873
wavePE_drop,3,5,88.72059367283333
wavePE_drop,3,5,85.2913166806442
wavePE_drop,3,5,81.44697421799798
wavePE_drop,3,5,88.29319820877127
wavePE_drop,3,5,87.64334062330737
wavePE_drop,3,5,89.86815932628089
wavePE_drop,3,5,89.74360333634084
wavePE_drop,3,5,78.10348303400801
wavePE_drop,3,5,81.07704967917589
wavePE_drop,3,5,83.87621022448945
wavePE_drop,3,5,89.97163299085942
wavePE_drop,3,5,80.42739540427097
wavePE_drop,3,5,65.08472214085069
wavePE_drop,3,5,77.36799092295514
wavePE_drop,3,5,82.42176967989798
wavePE_drop,3,5,88.90799855171822
wavePE_drop,3,5,75.23928172485887
wavePE_drop,3,5,62.2618726982809
wavePE_drop,3,5,31.984190531291933
wavePE_drop,3,6,26.036119267666614
wavePE_drop,3,6,37.60624324912679
wavePE_drop,3,6,29.661703634989074
wavePE_drop,3,6,26.091786619441514
wavePE_drop,3,6,28.08212179560744
wavePE_drop,3,6,59.92001260153721
wavePE_drop,3,6,50.58367459794736
wavePE_drop,3,6,62.9413764446808
wavePE_drop,3,6,64.76179362336494
wavePE_drop,3,6,75.79844759663456
wavePE_drop,3,6,74.40972507957343
wavePE_drop,3,6,77.58498358731217
wavePE_drop,3,6,70.47435471110805
wavePE_drop,3,6,75.48309253883151
wavePE_drop,3,6,74.26843654860018
wavePE_drop,3,6,66.64181821459661
wavePE_drop,3,6,60.28576739794638
wavePE_drop,3,6,69.4949234017734
wavePE_drop,3,6,72.63036335686459
wavePE_drop,3,6,78.89301005957266
wavePE_drop,3,6,76.31302050606415
wavePE_drop,3,6,81.23194162988693
wavePE_drop,3,6,74.07143646146197
wavePE_drop,3,6,77.1240358674161
wavePE_drop,3,6,75.57126093217016
wavePE_drop,3,6,55.648414304831476
wavePE_drop,3,6,71.78521781299607
wavePE_drop,3,6,74.38501323983063
wavePE_drop,3,6,54.16440030015583
wavePE_drop,3,6,58.072656908503596
wavePE_drop,3,6,73.55376010706625
wavePE_drop,3,6,71.14714041230266
wavePE_drop,3,6,82.16347207520256
wavePE_drop,3,6,75.25958778117482
wavePE_drop,3,6,60.645752845344745
wavePE_drop,3,6,57.74858251736167
wavePE_drop,3,6,59.5305711474377
wavePE_drop,3,6,65.7469993563325
wavePE_drop,3,6,69.91820319859583
wavePE_drop,3,6,75.81397600534147
wavePE_drop,3,6,75.2698618368578
wavePE_drop,3,6,77.71737997741242
wavePE_drop,3,6,71.81242662762882
wavePE_drop,3,6,73.40949053087242
wavePE_drop,3,6,75.56328998288683
wavePE_drop,3,6,54.261148857483086
wavePE_drop,3,6,70.32240922289719
wavePE_drop,3,6,76.27810813870084
wavePE_drop,3,6,63.39569271618796
wavePE_drop,3,6,60.58444189132677
wavePE_drop,3,6,77.1362169851695
wavePE_drop,3,6,76.99605835999061
wavePE_drop,3,6,81.48343083173437
wavePE_drop,3,6,82.98454179596419
wavePE_drop,3,6,66.3894247573174
wavePE_drop,3,6,51.51759768061832
wavePE_drop,3,6,62.39537620142768
wavePE_drop,3,6,72.7030121621705
wavePE_drop,3,6,59.06232317314447
wavePE_drop,3,6,59.143858153681215
wavePE_drop,3,6,73.20290700625792
wavePE_drop,3,6,77.08749270855711
wavePE_drop,3,6,81.15212107662316
wavePE_drop,3,6,79.65557596754039
wavePE_drop,3,6,48.9260313291509
wavePE_drop,3,6,35.9861804897038
wavePE_drop,3,6,57.48149893091264
wavePE_drop,3,6,67.94570768212851
wavePE_drop,3,6,46.209515968771974
wavePE_drop,3,6,38.39959442564653
wavePE_drop,3,6,37.30538542681933
wavePE_drop,3,6,33.688760451732705
wavePE_drop,3,6,46.662243311120356
wavePE_drop,3,6,48.098285584961076
wavePE_drop,3,6,56.64073293719773
wavePE_drop,3,6,53.01603060628918
wavePE_drop,3,6,54.14838787242078
wavePE_drop,3,6,52.16006782307719
wavePE_drop,3,6,55.24602849917635
wavePE_drop,3,6,55.03964814051724
wavePE_drop,3,6,73.732637385296
wavePE_drop,3,6,80.43025207297342
wavePE_drop,3,6,82.47614749120518
wavePE_drop,3,6,68.455396831751
wavePE_drop,3,6,78.23932855817574
wavePE_drop,3,6,85.52087572437222
wavePE_drop,3,6,74.68401205906707
wavePE_drop,3,6,82.191254679589
wavePE_drop,3,6,80.87558945366621
wavePE_drop,3,6,56.51530469082077
wavePE_drop,3,6,78.576051496186
wavePE_drop,3,6,84.4422090510959
wavePE_drop,3,6,83.52638787196219
wavePE_drop,3,6,81.64406482995533
wavePE_drop,3,6,77.56701274948267
wavePE_drop,3,6,87.87785726360123
wavePE_drop,3,6,76.43644101509284
wavePE_drop,3,6,84.86749246261455
wavePE_drop,3,6,84.75813854528327
wavePE_drop,3,6,71.08701884397246
wavePE_drop,3,6,71.37280777738741
wavePE_drop,3,6,77.81294541059074
wavePE_drop,3,6,84.74180147670893
wavePE_drop,3,6,66.72314269778042
wavePE_drop,3,6,53.93192185682314
wavePE_drop,3,6,73.21065516445182
wavePE_drop,3,6,81.8793570908157
wavePE_drop,3,6,82.41884458698665
wavePE_drop,3,6,84.49567911215287
wavePE_drop,3,6,77.17078970367857
wavePE_drop,3,6,85.68976882328418
wavePE_drop,3,6,79.45103263859498
wavePE_drop,3,6,83.23645534847721
wavePE_drop,3,6,86.75208403135393
wavePE_drop,3,6,75.60120188410838
wavePE_drop,3,6,71.26959193028458
wavePE_drop,3,6,74.55872672112879
wavePE_drop,3,6,84.0481105516691
wavePE_drop,3,6,74.2558131802498
wavePE_drop,3,6,56.19530051570932
wavePE_drop,3,6,67.2242385784807
wavePE_drop,3,6,73.91474405584586
wavePE_drop,3,6,83.71423448202509
wavePE_drop,3,6,76.02842922420265
wavePE_drop,3,6,55.52494601523566
wavePE_drop,3,6,21.13861951465165
wavePE_drop,3,6,34.835208794687546
wavePE_drop,3,6,28.282581216180848
wavePE_drop,3,6,38.380214666395375
wavePE_drop,3,6,39.407829471440735
wavePE_drop,3,6,40.45525972050596
wavePE_drop,3,6,44.67255244093431
wavePE_drop,3,6,45.80905060213186
wavePE_drop,3,6,38.239127055780344
wavePE_drop,3,6,47.201724985199036
wavePE_drop,3,6,40.66255817033524
wavePE_drop,3,6,60.907758635809536
wavePE_drop,3,6,74.5801492345872
wavePE_drop,3,6,72.8929070486316
wavePE_drop,3,6,67.57099927541293
wavePE_drop,3,6,67.15729023528021
wavePE_drop,3,6,77.56865844268711
wavePE_drop,3,6,76.01080484309982
wavePE_drop,3,6,86.15416792900137
wavePE_drop,3,6,82.44928507378607
wavePE_drop,3,6,72.63322137105533
wavePE_drop,3,6,67.0483606908141
wavePE_drop,3,6,77.03396317694767
wavePE_drop,3,6,78.54455507009983
wavePE_drop,3,6,73.67932381732362
wavePE_drop,3,6,67.12805455572423
wavePE_drop,3,6,74.98274289512081
wavePE_drop,3,6,81.34770475796859
wavePE_drop,3,6,86.09006111974323
wavePE_drop,3,6,82.68913232504238
wavePE_drop,3,6,69.7118464455647
wavePE_drop,3,6,61.418450718443495
wavePE_drop,3,6,72.6646263316684
wavePE_drop,3,6,80.59609976605091
wavePE_drop,3,6,67.11409872890191
wavePE_drop,3,6,59.586981625441894
wavePE_drop,3,6,68.82038904038768
wavePE_drop,3,6,75.40483374390601
wavePE_drop,3,6,77.49183228178553
wavePE_drop,3,6,75.90358803826724
wavePE_drop,3,6,70.75178892644576
wavePE_drop,3,6,71.38777701713974
wavePE_drop,3,6,84.98542964595924
wavePE_drop,3,6,85.01983505021883
wavePE_drop,3,6,84.28342505824531
wavePE_drop,3,6,66.62017284697652
wavePE_drop,3,6,60.32136989257274
wavePE_drop,3,6,74.73194650458824
wavePE_drop,3,6,82.19073964446157
wavePE_drop,3,6,72.26850465541116
wavePE_drop,3,6,60.52221029652244
wavePE_drop,3,6,54.69961097376025
wavePE_drop,3,6,71.415339425605
wavePE_drop,3,6,78.79070284849215
wavePE_drop,3,6,66.65973896606218
wavePE_drop,3,6,58.84204523062142
wavePE_drop,3,6,30.77324511222922
wavePE_drop,3,6,37.629504343727895
wavePE_drop,3,6,52.8462714018287
wavePE_drop,3,6,54.86716071918505
wavePE_drop,3,6,48.73889729449219
wavePE_drop,3,6,50.83058436579784
wavePE_drop,3,6,62.67425237668315
wavePE_drop,3,6,69.12075295850836
wavePE_drop,3,6,73.48320799599487
wavePE_drop,3,6,71.84788677805952
wavePE_drop,3,6,65.36337627964757
wavePE_drop,3,6,72.65539072703153
wavePE_drop,3,6,76.19512566291336
wavePE_drop,3,6,85.30579722454033
wavePE_drop,3,6,57.43323365520433
wavePE_drop,3,6,52.40752384907941
wavePE_drop,3,6,75.23166261573292
wavePE_drop,3,6,77.97752483259134
wavePE_drop,3,6,87.09742930183693
wavePE_drop,3,6,66.8593514584851
wavePE_drop,3,6,57.72032186519576
wavePE_drop,3,6,30.331864840335975
wavePE_drop,3,6,71.27288976621806
wavePE_drop,3,6,75.5591114841874
wavePE_drop,3,6,84.34106397119379
wavePE_drop,3,6,66.14558595353643
wavePE_drop,3,6,60.883740929976035
wavePE_drop,3,6,29.56694091500003
wavePE_drop,3,6,29.330585386593388
learnedPE_nodrop,4,0,94.6864131000867
learnedPE_nodrop,4,1,83.3861289832913
learnedPE_nodrop,4,1,43.042818392253096
learnedPE_nodrop,4,1,87.45942667298297
learnedPE_nodrop,4,1,78.75625729855761
learnedPE_nodrop,4,1,88.7302648615599
learnedPE_nodrop,4,1,89.88362280089117
learnedPE_nodrop,4,1,94.3662265227762
learnedPE_nodrop,4,1,92.87867813359571
learnedPE_nodrop,4,1,94.46448919480184
learnedPE_nodrop,4,1,85.53080065516387
learnedPE_nodrop,4,2,28.38187919259073
learnedPE_nodrop,4,2,72.92068001852321
learnedPE_nodrop,4,2,56.21013980613513
learnedPE_nodrop,4,2,74.0187195605999
learnedPE_nodrop,4,2,75.59196087941714
learnedPE_nodrop,4,2,81.56376942586267
learnedPE_nodrop,4,2,78.02794549790424
learnedPE_nodrop,4,2,80.33681215667664
learnedPE_nodrop,4,2,73.89168615529638
learnedPE_nodrop,4,2,34.15897892950666
learnedPE_nodrop,4,2,31.572982356039404
learnedPE_nodrop,4,2,40.581603633273666
learnedPE_nodrop,4,2,35.20073993105275
learnedPE_nodrop,4,2,44.72512496809974
learnedPE_nodrop,4,2,47.85767493527941
learnedPE_nodrop,4,2,43.257351744882996
learnedPE_nodrop,4,2,41.00349509626018
learnedPE_nodrop,4,2,53.267825679452294
learnedPE_nodrop,4,2,77.29018071052786
learnedPE_nodrop,4,2,78.17303459693919
learnedPE_nodrop,4,2,87.87764007052814
learnedPE_nodrop,4,2,87.07042660961216
learnedPE_nodrop,4,2,87.92865415165633
learnedPE_nodrop,4,2,72.95204385844161
learnedPE_nodrop,4,2,53.10552840417889
learnedPE_nodrop,4,2,73.8660458323124
learnedPE_nodrop,4,2,78.4375191094589
learnedPE_nodrop,4,2,70.58382295800807
learnedPE_nodrop,4,2,77.26974472910992
learnedPE_nodrop,4,2,68.7270448572175
learnedPE_nodrop,4,2,86.53664901706313
learnedPE_nodrop,4,2,86.22130050738434
learnedPE_nodrop,4,2,87.14322357218359
learnedPE_nodrop,4,2,88.057160142231
learnedPE_nodrop,4,2,80.62673209085534
learnedPE_nodrop,4,2,89.26371169292298
learnedPE_nodrop,4,2,90.09697974538201
learnedPE_nodrop,4,2,89.75405541206757
learnedPE_nodrop,4,2,84.3058173489365
learnedPE_nodrop,4,2,89.87337058560581
learnedPE_nodrop,4,2,92.54163410116753
learnedPE_nodrop,4,2,82.95201898365617
learnedPE_nodrop,4,2,87.65236523521116
learnedPE_nodrop,4,2,81.08249303580122
learnedPE_nodrop,4,2,82.52729880812696
learnedPE_nodrop,4,3,22.589733061747086
learnedPE_nodrop,4,3,18.44826474286611
learnedPE_nodrop,4,3,27.832213253561513
learnedPE_nodrop,4,3,17.757237733902908
learnedPE_nodrop,4,3,27.067835710534517
learnedPE_nodrop,4,3,29.727984535987495
learnedPE_nodrop,4,3,28.09506574876517
learnedPE_nodrop,4,3,23.49240579699094
learnedPE_nodrop,4,3,47.23782876742311
learnedPE_nodrop,4,3,67.2378871168974
learnedPE_nodrop,4,3,58.803647898438925
learnedPE_nodrop,4,3,71.13259696774686
learnedPE_nodrop,4,3,72.60800432534712
learnedPE_nodrop,4,3,71.74428402940073
learnedPE_nodrop,4,3,64.4998742639674
learnedPE_nodrop,4,3,39.87628813400492
learnedPE_nodrop,4,3,51.36029926499377
learnedPE_nodrop,4,3,53.793648591207145
learnedPE_nodrop,4,3,51.506772378105246
learnedPE_nodrop,4,3,52.288684178084054
learnedPE_nodrop,4,3,55.760291998357715
learnedPE_nodrop,4,3,67.92032879841376
learnedPE_nodrop,4,3,72.59958187968127
learnedPE_nodrop,4,3,70.14805166438943
learnedPE_nodrop,4,3,69.7571904033706
learnedPE_nodrop,4,3,67.97529453961681
learnedPE_nodrop,4,3,73.85205389218589
learnedPE_nodrop,4,3,75.86361066455977
learnedPE_nodrop,4,3,73.03371774206808
learnedPE_nodrop,4,3,70.88395008744936
learnedPE_nodrop,4,3,75.43406075345207
learnedPE_nodrop,4,3,75.40822614345515
learnedPE_nodrop,4,3,71.39636305870067
learnedPE_nodrop,4,3,69.49162921333283
learnedPE_nodrop,4,3,70.41799583205176
learnedPE_nodrop,4,3,65.8606441435445
learnedPE_nodrop,4,3,25.209003941260793
learnedPE_nodrop,4,3,40.99222966007496
learnedPE_nodrop,4,3,26.585794510695305
learnedPE_nodrop,4,3,33.81757808146352
learnedPE_nodrop,4,3,34.15734559729887
learnedPE_nodrop,4,3,33.480697948896896
learnedPE_nodrop,4,3,32.68240385341411
learnedPE_nodrop,4,3,29.14132589879013
learnedPE_nodrop,4,3,27.65810803927284
learnedPE_nodrop,4,3,34.18787277755839
learnedPE_nodrop,4,3,33.50696437124711
learnedPE_nodrop,4,3,32.85858217828368
learnedPE_nodrop,4,3,30.921335243520286
learnedPE_nodrop,4,3,36.14301230607056
learnedPE_nodrop,4,3,39.885090329334126
learnedPE_nodrop,4,3,41.22236399470014
learnedPE_nodrop,4,3,39.584814582737664
learnedPE_nodrop,4,3,39.063190453847305
learnedPE_nodrop,4,3,35.37732003541626
learnedPE_nodrop,4,3,35.15934719439895
learnedPE_nodrop,4,3,35.806921049613756
learnedPE_nodrop,4,3,32.61382563141863
learnedPE_nodrop,4,3,47.9335294111212
learnedPE_nodrop,4,3,44.066944550740345
learnedPE_nodrop,4,3,39.631671935270404
learnedPE_nodrop,4,3,45.95236978299569
learnedPE_nodrop,4,3,45.34112201778668
learnedPE_nodrop,4,3,37.65111221635028
learnedPE_nodrop,4,3,24.04910432898052
learnedPE_nodrop,4,3,49.590189692184914
learnedPE_nodrop,4,3,52.80072379157198
learnedPE_nodrop,4,3,49.99821550582213
learnedPE_nodrop,4,3,52.653119092516256
learnedPE_nodrop,4,3,50.682535589005795
learnedPE_nodrop,4,3,72.71283249053674
learnedPE_nodrop,4,3,78.0380135153955
learnedPE_nodrop,4,3,78.35100519481702
learnedPE_nodrop,4,3,77.32681095954518
learnedPE_nodrop,4,3,66.12842630001448
learnedPE_nodrop,4,3,78.28580770248372
learnedPE_nodrop,4,3,80.85040217214157
learnedPE_nodrop,4,3,80.0643821283168
learnedPE_nodrop,4,3,69.30287621700212
learnedPE_nodrop,4,3,85.85411328376102
learnedPE_nodrop,4,3,87.21638099813664
learnedPE_nodrop,4,3,70.25602332278848
learnedPE_nodrop,4,3,85.58088886081867
learnedPE_nodrop,4,3,72.06547717871497
learnedPE_nodrop,4,3,68.82805417795903
learnedPE_nodrop,4,3,49.42558700384698
learnedPE_nodrop,4,3,49.58599154498579
learnedPE_nodrop,4,3,47.89677223615876
learnedPE_nodrop,4,3,48.283032546641394
learnedPE_nodrop,4,3,51.69272957427646
learnedPE_nodrop,4,3,75.23193634280048
learnedPE_nodrop,4,3,72.2349855423316
learnedPE_nodrop,4,3,74.48440623133567
learnedPE_nodrop,4,3,65.9081497284967
learnedPE_nodrop,4,3,67.83520968412789
learnedPE_nodrop,4,3,75.53878435661684
learnedPE_nodrop,4,3,66.09161927280643
learnedPE_nodrop,4,3,64.10259367101385
learnedPE_nodrop,4,3,61.683936365197724
learnedPE_nodrop,4,3,64.37924752475469
learnedPE_nodrop,4,3,82.81078662692963
learnedPE_nodrop,4,3,83.70307031823809
learnedPE_nodrop,4,3,85.05950988486018
learnedPE_nodrop,4,3,79.37417691725307
learnedPE_nodrop,4,3,81.233756234565
learnedPE_nodrop,4,3,81.95343793613739
learnedPE_nodrop,4,3,74.83876549367908
learnedPE_nodrop,4,3,80.69191788691732
learnedPE_nodrop,4,3,73.98196680104783
learnedPE_nodrop,4,3,76.16034767346925
learnedPE_nodrop,4,3,86.20094195808457
learnedPE_nodrop,4,3,86.4954065781604
learnedPE_nodrop,4,3,80.96260883994101
learnedPE_nodrop,4,3,84.64962555074445
learnedPE_nodrop,4,3,77.7813600062008
learnedPE_nodrop,4,3,79.849632812945
learnedPE_nodrop,4,3,79.25148560548325
learnedPE_nodrop,4,3,73.26511495176405
learnedPE_nodrop,4,3,75.31495351656832
learnedPE_nodrop,4,3,63.20529846215601
learnedPE_nodrop,4,4,17.03879963226899
learnedPE_nodrop,4,4,25.440243973830867
learnedPE_nodrop,4,4,11.75008673796811
learnedPE_nodrop,4,4,19.39107001534176
learnedPE_nodrop,4,4,20.719681640692084
learnedPE_nodrop,4,4,21.477798946811273
learnedPE_nodrop,4,4,22.53436602732455
learnedPE_nodrop,4,4,18.873725894684295
learnedPE_nodrop,4,4,16.831136862038765
learnedPE_nodrop,4,4,19.259934557684886
learnedPE_nodrop,4,4,21.6283061377111
learnedPE_nodrop,4,4,18.391139887491338
learnedPE_nodrop,4,4,16.155726284978847
learnedPE_nodrop,4,4,22.370658411736517
learnedPE_nodrop,4,4,25.24292660055395
learnedPE_nodrop,4,4,28.2235474424154
learnedPE_nodrop,4,4,27.965654870705137
learnedPE_nodrop,4,4,26.84921348398665
learnedPE_nodrop,4,4,17.354449038349046
learnedPE_nodrop,4,4,17.700427622890487
learnedPE_nodrop,4,4,16.453862632269924
learnedPE_nodrop,4,4,14.154665529508407
learnedPE_nodrop,4,4,28.188277291865838
learnedPE_nodrop,4,4,26.118362602201696
learnedPE_nodrop,4,4,22.03657716876179
learnedPE_nodrop,4,4,28.637574052716293
learnedPE_nodrop,4,4,25.82952463703724
learnedPE_nodrop,4,4,23.59882213049899
learnedPE_nodrop,4,4,19.329396385064236
learnedPE_nodrop,4,4,39.35523050414175
learnedPE_nodrop,4,4,44.8445785465319
learnedPE_nodrop,4,4,43.2095320427859
learnedPE_nodrop,4,4,43.90548175810715
learnedPE_nodrop,4,4,47.173727999799894
learnedPE_nodrop,4,4,55.756117133117264
learnedPE_nodrop,4,4,67.12667336436886
learnedPE_nodrop,4,4,68.3480393270084
learnedPE_nodrop,4,4,67.49386391105894
learnedPE_nodrop,4,4,62.041965638938315
learnedPE_nodrop,4,4,58.022693092391556
learnedPE_nodrop,4,4,64.47290839031197
learnedPE_nodrop,4,4,58.450735714986244
learnedPE_nodrop,4,4,54.39018197998254
learnedPE_nodrop,4,4,70.9442552059144
learnedPE_nodrop,4,4,67.3406502484773
learnedPE_nodrop,4,4,60.9610349648229
learnedPE_nodrop,4,4,69.31198212422174
learnedPE_nodrop,4,4,65.24931321915146
learnedPE_nodrop,4,4,60.326451008155104
learnedPE_nodrop,4,4,34.54711127279453
learnedPE_nodrop,4,4,37.41108957929345
learnedPE_nodrop,4,4,38.25875372779407
learnedPE_nodrop,4,4,35.995001622476615
learnedPE_nodrop,4,4,40.54704011677258
learnedPE_nodrop,4,4,51.082323892503446
learnedPE_nodrop,4,4,49.171695260606676
learnedPE_nodrop,4,4,46.2476205689449
learnedPE_nodrop,4,4,52.59885281769184
learnedPE_nodrop,4,4,46.361625635083634
learnedPE_nodrop,4,4,49.71745671352638
learnedPE_nodrop,4,4,53.465789009348505
learnedPE_nodrop,4,4,45.08753752683135
learnedPE_nodrop,4,4,52.84485938555239
learnedPE_nodrop,4,4,47.69466131600011
learnedPE_nodrop,4,4,61.62917779501065
learnedPE_nodrop,4,4,61.33131525683044
learnedPE_nodrop,4,4,59.607212312015456
learnedPE_nodrop,4,4,64.14516022380232
learnedPE_nodrop,4,4,67.39225936620542
learnedPE_nodrop,4,4,65.45451563604988
learnedPE_nodrop,4,4,64.28086620988884
learnedPE_nodrop,4,4,59.940390029319914
learnedPE_nodrop,4,4,65.7692045328167
learnedPE_nodrop,4,4,60.09129893740127
learnedPE_nodrop,4,4,71.17033308122761
learnedPE_nodrop,4,4,67.34630166888968
learnedPE_nodrop,4,4,67.00680803932337
learnedPE_nodrop,4,4,63.56773420343519
learnedPE_nodrop,4,4,65.97090404167358
learnedPE_nodrop,4,4,64.82112293234852
learnedPE_nodrop,4,4,61.38511178448355
learnedPE_nodrop,4,4,65.63659067321942
learnedPE_nodrop,4,4,57.720375817011416
learnedPE_nodrop,4,4,45.84357005663036
learnedPE_nodrop,4,4,6.995951443944989
learnedPE_nodrop,4,4,18.336057595424833
learnedPE_nodrop,4,4,25.137202376770972
learnedPE_nodrop,4,4,27.482826777488324
learnedPE_nodrop,4,4,25.150262548420322
learnedPE_nodrop,4,4,22.549559820946207
learnedPE_nodrop,4,4,31.07665189531737
learnedPE_nodrop,4,4,39.316297252682006
learnedPE_nodrop,4,4,39.69148369390993
learnedPE_nodrop,4,4,39.47816456477026
learnedPE_nodrop,4,4,37.854498253531744
learnedPE_nodrop,4,4,26.12758652128018
learnedPE_nodrop,4,4,28.454899130071265
learnedPE_nodrop,4,4,26.74888072132895
learnedPE_nodrop,4,4,25.209400175872716
learnedPE_nodrop,4,4,33.81490631145315
learnedPE_nodrop,4,4,33.177824448918464
learnedPE_nodrop,4,4,32.274391014781635
learnedPE_nodrop,4,4,31.25410059431103
learnedPE_nodrop,4,4,35.513360936815154
learnedPE_nodrop,4,4,30.14406930553658
learnedPE_nodrop,4,4,26.79781440058336
learnedPE_nodrop,4,4,30.174416974586283
learnedPE_nodrop,4,4,31.45842759288987
learnedPE_nodrop,4,4,28.90982188923751
learnedPE_nodrop,4,4,24.595273290322755
learnedPE_nodrop,4,4,30.731891632656925
learnedPE_nodrop,4,4,27.19973964596273
learnedPE_nodrop,4,4,29.26405052203832
learnedPE_nodrop,4,4,27.717230696172113
learnedPE_nodrop,4,4,34.87176874491199
learnedPE_nodrop,4,4,35.88822092277957
learnedPE_nodrop,4,4,32.711046084146965
learnedPE_nodrop,4,4,32.86413967877615
learnedPE_nodrop,4,4,35.17494800677225
learnedPE_nodrop,4,4,31.49471426496426
learnedPE_nodrop,4,4,36.05498944497049
learnedPE_nodrop,4,4,34.46602219491488
learnedPE_nodrop,4,4,36.25426220831988
learnedPE_nodrop,4,4,36.25143825910308
learnedPE_nodrop,4,4,41.74977516275275
learnedPE_nodrop,4,4,37.51520811039041
learnedPE_nodrop,4,4,36.87686984683401
learnedPE_nodrop,4,4,40.77541473815785
learnedPE_nodrop,4,4,40.293335818551704
learnedPE_nodrop,4,4,34.599339810047574
learnedPE_nodrop,4,4,33.49697644850279
learnedPE_nodrop,4,4,33.861895195702814
learnedPE_nodrop,4,4,29.449195882548864
learnedPE_nodrop,4,4,35.51601326840229
learnedPE_nodrop,4,4,29.107192266420302
learnedPE_nodrop,4,4,29.26834185405525
learnedPE_nodrop,4,4,41.51761962846524
learnedPE_nodrop,4,4,43.34172725744405
learnedPE_nodrop,4,4,34.05494167056905
learnedPE_nodrop,4,4,38.624220615880404
learnedPE_nodrop,4,4,22.760529038460696
learnedPE_nodrop,4,4,22.577426872792287
learnedPE_nodrop,4,4,20.07022405209048
learnedPE_nodrop,4,4,22.65041838093631
learnedPE_nodrop,4,4,22.639233553797936
learnedPE_nodrop,4,4,48.23422894003695
learnedPE_nodrop,4,4,50.61188159376846
learnedPE_nodrop,4,4,49.19926567904771
learnedPE_nodrop,4,4,45.27611301273009
learnedPE_nodrop,4,4,49.876884584298146
learnedPE_nodrop,4,4,51.766924447399866
learnedPE_nodrop,4,4,47.256209255806716
learnedPE_nodrop,4,4,46.46329590111369
learnedPE_nodrop,4,4,47.30755672942887
learnedPE_nodrop,4,4,49.19285464122483
learnedPE_nodrop,4,4,72.52635105293344
learnedPE_nodrop,4,4,71.9543472232227
learnedPE_nodrop,4,4,72.93038855936561
learnedPE_nodrop,4,4,63.20106887464431
learnedPE_nodrop,4,4,76.12032775695478
learnedPE_nodrop,4,4,75.0569337554507
learnedPE_nodrop,4,4,63.08498025987041
learnedPE_nodrop,4,4,73.93502770167674
learnedPE_nodrop,4,4,68.86189606484507
learnedPE_nodrop,4,4,62.68494640081583
learnedPE_nodrop,4,4,77.70825147778018
learnedPE_nodrop,4,4,77.70559676017305
learnedPE_nodrop,4,4,66.7997298056841
learnedPE_nodrop,4,4,78.45918028332144
learnedPE_nodrop,4,4,68.75454728866389
learnedPE_nodrop,4,4,66.91562044156676
learnedPE_nodrop,4,4,78.0680245954636
learnedPE_nodrop,4,4,67.96048180174951
learnedPE_nodrop,4,4,64.94737152999383
learnedPE_nodrop,4,4,58.987365948773764
learnedPE_nodrop,4,4,46.43297741423643
learnedPE_nodrop,4,4,48.006861191053744
learnedPE_nodrop,4,4,46.104023936837656
learnedPE_nodrop,4,4,48.06096574985853
learnedPE_nodrop,4,4,46.95792074862005
learnedPE_nodrop,4,4,45.194399983528584
learnedPE_nodrop,4,4,49.345644933387085
learnedPE_nodrop,4,4,43.0399568529314
learnedPE_nodrop,4,4,48.26233423241095
learnedPE_nodrop,4,4,46.27560992910182
learnedPE_nodrop,4,4,68.24653154212356
learnedPE_nodrop,4,4,73.63345848610007
learnedPE_nodrop,4,4,64.85478348724709
learnedPE_nodrop,4,4,65.46231882716557
learnedPE_nodrop,4,4,62.57746468498288
learnedPE_nodrop,4,4,62.17861663557843
learnedPE_nodrop,4,4,59.034868002048604
learnedPE_nodrop,4,4,55.94524337499839
learnedPE_nodrop,4,4,58.100127560884005
learnedPE_nodrop,4,4,45.216179916981204
learnedPE_nodrop,4,4,76.26431288171294
learnedPE_nodrop,4,4,74.4250400071787
learnedPE_nodrop,4,4,73.3492689165829
learnedPE_nodrop,4,4,78.78876671643722
learnedPE_nodrop,4,4,71.6228610247445
learnedPE_nodrop,4,4,73.85118230059753
learnedPE_nodrop,4,4,68.00252604315142
learnedPE_nodrop,4,4,66.4152144813299
learnedPE_nodrop,4,4,67.18395727504043
learnedPE_nodrop,4,4,60.0498851634818
learnedPE_nodrop,4,4,66.83608668683927
learnedPE_nodrop,4,4,67.35873961380436
learnedPE_nodrop,4,4,67.64851182689216
learnedPE_nodrop,4,4,54.86731474431878
learnedPE_nodrop,4,4,47.03648814586213
learnedPE_nodrop,4,5,6.114599627229456
learnedPE_nodrop,4,5,9.821927388154702
learnedPE_nodrop,4,5,15.07135067087263
learnedPE_nodrop,4,5,16.875551763306493
learnedPE_nodrop,4,5,16.236114876695407
learnedPE_nodrop,4,5,14.436742375751665
learnedPE_nodrop,4,5,15.403003436498622
learnedPE_nodrop,4,5,22.99870899013529
learnedPE_nodrop,4,5,25.639982651652932
learnedPE_nodrop,4,5,25.88181362116379
learnedPE_nodrop,4,5,27.106484113880253
learnedPE_nodrop,4,5,10.640792888166683
learnedPE_nodrop,4,5,12.789665075023532
learnedPE_nodrop,4,5,11.19550946716887
learnedPE_nodrop,4,5,11.592871700414939
learnedPE_nodrop,4,5,16.754284136219123
learnedPE_nodrop,4,5,18.481591352543063
learnedPE_nodrop,4,5,17.058094187210227
learnedPE_nodrop,4,5,18.264996260255415
learnedPE_nodrop,4,5,20.831764300238248
learnedPE_nodrop,4,5,17.87885015057525
learnedPE_nodrop,4,5,16.05659774535652
learnedPE_nodrop,4,5,18.42901789036486
learnedPE_nodrop,4,5,20.513143763736462
learnedPE_nodrop,4,5,19.09078825645353
learnedPE_nodrop,4,5,18.86168644339404
learnedPE_nodrop,4,5,18.467172020165272
learnedPE_nodrop,4,5,14.987609006220914
learnedPE_nodrop,4,5,15.461989919199127
learnedPE_nodrop,4,5,15.04415989236339
learnedPE_nodrop,4,5,22.365339229584848
learnedPE_nodrop,4,5,18.597347480300254
learnedPE_nodrop,4,5,16.271478020893866
learnedPE_nodrop,4,5,20.78261072404388
learnedPE_nodrop,4,5,16.217123413195377
learnedPE_nodrop,4,5,10.325243866807464
learnedPE_nodrop,4,5,19.110588893626566
learnedPE_nodrop,4,5,20.28990482428899
learnedPE_nodrop,4,5,22.234385007198487
learnedPE_nodrop,4,5,24.502277297239132
learnedPE_nodrop,4,5,26.8883126453611
learnedPE_nodrop,4,5,24.566949075493756
learnedPE_nodrop,4,5,23.25915782669181
learnedPE_nodrop,4,5,29.066854669311144
learnedPE_nodrop,4,5,26.291474211573867
learnedPE_nodrop,4,5,24.804386913122507
learnedPE_nodrop,4,5,14.340888590308515
learnedPE_nodrop,4,5,13.969202399841299
learnedPE_nodrop,4,5,14.458009949682152
learnedPE_nodrop,4,5,18.333087562235967
learnedPE_nodrop,4,5,13.309856412379817
learnedPE_nodrop,4,5,14.130966203394216
learnedPE_nodrop,4,5,25.68244834045891
learnedPE_nodrop,4,5,24.788577321127953
learnedPE_nodrop,4,5,20.33252214748748
learnedPE_nodrop,4,5,18.06030355165147
learnedPE_nodrop,4,5,18.721713057965317
learnedPE_nodrop,4,5,19.4568482935211
learnedPE_nodrop,4,5,20.089664815562145
learnedPE_nodrop,4,5,18.051285069370905
learnedPE_nodrop,4,5,17.84961133018245
learnedPE_nodrop,4,5,35.733052134848066
learnedPE_nodrop,4,5,40.72799681197992
learnedPE_nodrop,4,5,37.22958274914776
learnedPE_nodrop,4,5,37.39537554400381
learnedPE_nodrop,4,5,40.06142614065445
learnedPE_nodrop,4,5,39.88254879874608
learnedPE_nodrop,4,5,41.22724096678822
learnedPE_nodrop,4,5,36.98799608256228
learnedPE_nodrop,4,5,45.077844427502825
learnedPE_nodrop,4,5,38.09152388218719
learnedPE_nodrop,4,5,55.34805884567279
learnedPE_nodrop,4,5,56.198691518953716
learnedPE_nodrop,4,5,51.91105765293411
learnedPE_nodrop,4,5,54.759821906436514
learnedPE_nodrop,4,5,65.53600415159855
learnedPE_nodrop,4,5,62.63153121920904
learnedPE_nodrop,4,5,57.47323149575521
learnedPE_nodrop,4,5,63.26397783401882
learnedPE_nodrop,4,5,65.36131462072676
learnedPE_nodrop,4,5,56.79112496800662
learnedPE_nodrop,4,5,61.69671681907367
learnedPE_nodrop,4,5,53.817308077586226
learnedPE_nodrop,4,5,51.128299589444325
learnedPE_nodrop,4,5,56.09742285856504
learnedPE_nodrop,4,5,59.20570389031965
learnedPE_nodrop,4,5,50.180366584121536
learnedPE_nodrop,4,5,62.18179799723449
learnedPE_nodrop,4,5,60.403280317019025
learnedPE_nodrop,4,5,52.05248740714487
learnedPE_nodrop,4,5,46.38342997618837
learnedPE_nodrop,4,5,32.91900879621102
learnedPE_nodrop,4,5,28.958394813541528
learnedPE_nodrop,4,5,29.865571985206707
learnedPE_nodrop,4,5,34.96816209365771
learnedPE_nodrop,4,5,37.084017233273606
learnedPE_nodrop,4,5,33.8631674935154
learnedPE_nodrop,4,5,36.98604982145719
learnedPE_nodrop,4,5,35.294457496049745
learnedPE_nodrop,4,5,38.896068951912284
learnedPE_nodrop,4,5,36.30619277059383
learnedPE_nodrop,4,5,44.72223019719125
learnedPE_nodrop,4,5,44.90570173281082
learnedPE_nodrop,4,5,52.776350755623234
learnedPE_nodrop,4,5,40.888562218206225
learnedPE_nodrop,4,5,56.31672104637282
learnedPE_nodrop,4,5,43.67239701447985
learnedPE_nodrop,4,5,42.73003545182875
learnedPE_nodrop,4,5,45.02360366063252
learnedPE_nodrop,4,5,39.2600475612889
learnedPE_nodrop,4,5,29.473355085405554
learnedPE_nodrop,4,5,50.54826108904107
learnedPE_nodrop,4,5,51.28666415249526
learnedPE_nodrop,4,5,58.52239180964022
learnedPE_nodrop,4,5,47.30398048894676
learnedPE_nodrop,4,5,58.88208633122727
learnedPE_nodrop,4,5,52.44050631359466
learnedPE_nodrop,4,5,50.71873411308309
learnedPE_nodrop,4,5,60.77911570512088
learnedPE_nodrop,4,5,50.77661597831805
learnedPE_nodrop,4,5,46.08396562470697
learnedPE_nodrop,4,5,40.53587922049308
learnedPE_nodrop,4,5,61.26893716148343
learnedPE_nodrop,4,5,52.149655847914666
learnedPE_nodrop,4,5,36.96007639874137
learnedPE_nodrop,4,5,28.393881592119293
learnedPE_nodrop,4,5,7.138311748974227
learnedPE_nodrop,4,5,9.307504145435813
learnedPE_nodrop,4,5,11.331095167895816
learnedPE_nodrop,4,5,7.3686915569826095
learnedPE_nodrop,4,5,6.273843230305931
learnedPE_nodrop,4,5,19.717740662616176
learnedPE_nodrop,4,5,20.089859085804868
learnedPE_nodrop,4,5,18.42339455363612
learnedPE_nodrop,4,5,17.27674981543928
learnedPE_nodrop,4,5,25.678471815220522
learnedPE_nodrop,4,5,24.156280830468425
learnedPE_nodrop,4,5,22.490006583787952
learnedPE_nodrop,4,5,25.12937448849965
learnedPE_nodrop,4,5,23.918418333943965
learnedPE_nodrop,4,5,21.126553232695315
learnedPE_nodrop,4,5,30.68583053782472
learnedPE_nodrop,4,5,33.55210241161713
learnedPE_nodrop,4,5,32.04038206160623
learnedPE_nodrop,4,5,33.230397412607786
learnedPE_nodrop,4,5,40.52965942046667
learnedPE_nodrop,4,5,36.661681629208786
learnedPE_nodrop,4,5,36.054645885779216
learnedPE_nodrop,4,5,38.64475187046524
learnedPE_nodrop,4,5,40.916763653681585
learnedPE_nodrop,4,5,32.29037779009992
learnedPE_nodrop,4,5,25.408035856165917
learnedPE_nodrop,4,5,25.358653566126744
learnedPE_nodrop,4,5,24.028980860417875
learnedPE_nodrop,4,5,26.26233550147506
learnedPE_nodrop,4,5,22.765514480635247
learnedPE_nodrop,4,5,22.01944580696054
learnedPE_nodrop,4,5,30.18165868032005
learnedPE_nodrop,4,5,33.54559956201464
learnedPE_nodrop,4,5,30.160163325129307
learnedPE_nodrop,4,5,28.46919698658164
learnedPE_nodrop,4,5,29.080212798838378
learnedPE_nodrop,4,5,25.808151315409678
learnedPE_nodrop,4,5,28.349093055976017
learnedPE_nodrop,4,5,25.10496285826483
learnedPE_nodrop,4,5,32.493119166535436
learnedPE_nodrop,4,5,29.191362192894744
learnedPE_nodrop,4,5,25.662883731564097
learnedPE_nodrop,4,5,30.145553268492208
learnedPE_nodrop,4,5,28.939733150651907
learnedPE_nodrop,4,5,24.429984331724615
learnedPE_nodrop,4,5,29.255285500089872
learnedPE_nodrop,4,5,32.07189954782061
learnedPE_nodrop,4,5,27.59783882496706
learnedPE_nodrop,4,5,27.844175685552464
learnedPE_nodrop,4,5,29.52625288556721
learnedPE_nodrop,4,5,28.616087398632846
learnedPE_nodrop,4,5,33.132833397784964
learnedPE_nodrop,4,5,35.8748538649571
learnedPE_nodrop,4,5,29.818905935251035
learnedPE_nodrop,4,5,34.52865636696981
learnedPE_nodrop,4,5,36.48665809889117
learnedPE_nodrop,4,5,35.18951704638984
learnedPE_nodrop,4,5,33.41823646844684
learnedPE_nodrop,4,5,36.00624217931955
learnedPE_nodrop,4,5,34.593369403131966
learnedPE_nodrop,4,5,31.312142632433755
learnedPE_nodrop,4,5,40.28897561767357
learnedPE_nodrop,4,5,40.15871608496229
learnedPE_nodrop,4,5,31.294997457583868
learnedPE_nodrop,4,5,35.81966969388691
learnedPE_nodrop,4,5,27.18059263868789
learnedPE_nodrop,4,5,24.502255826968494
learnedPE_nodrop,4,5,28.016002538667422
learnedPE_nodrop,4,5,27.84286709435556
learnedPE_nodrop,4,5,30.12502080570944
learnedPE_nodrop,4,5,21.337957175521332
learnedPE_nodrop,4,5,21.706942188898935
learnedPE_nodrop,4,5,21.335363996683203
learnedPE_nodrop,4,5,21.272539176843434
learnedPE_nodrop,4,5,21.473661125547345
learnedPE_nodrop,4,5,21.737543631675987
learnedPE_nodrop,4,5,21.737557912574843
learnedPE_nodrop,4,5,19.671242577176624
learnedPE_nodrop,4,5,21.50742785021863
learnedPE_nodrop,4,5,21.475773413746165
learnedPE_nodrop,4,5,49.127513235968806
learnedPE_nodrop,4,5,47.83613401583086
learnedPE_nodrop,4,5,43.14949549997671
learnedPE_nodrop,4,5,43.33218270994404
learnedPE_nodrop,4,5,49.12158060247493
learnedPE_nodrop,4,5,44.273995579374606
learnedPE_nodrop,4,5,44.83902825023354
learnedPE_nodrop,4,5,45.48935427770973
learnedPE_nodrop,4,5,45.23267247430984
learnedPE_nodrop,4,5,37.702588143002295
learnedPE_nodrop,4,5,68.7430540679844
learnedPE_nodrop,4,5,68.47295432368425
learnedPE_nodrop,4,5,60.536748341534306
learnedPE_nodrop,4,5,68.07473164648835
learnedPE_nodrop,4,5,65.32141573930386
learnedPE_nodrop,4,5,60.22472964161412
learnedPE_nodrop,4,5,67.33490457884453
learnedPE_nodrop,4,5,63.49973153758049
learnedPE_nodrop,4,5,57.1742984470886
learnedPE_nodrop,4,5,55.79466247151862
learnedPE_nodrop,4,5,66.04635063995121
learnedPE_nodrop,4,5,61.66125323492303
learnedPE_nodrop,4,5,59.43247553945348
learnedPE_nodrop,4,5,54.75502869561923
learnedPE_nodrop,4,5,48.27895781478704
learnedPE_nodrop,4,5,47.05542997111492
learnedPE_nodrop,4,5,41.8953306481516
learnedPE_nodrop,4,5,46.0749635355633
learnedPE_nodrop,4,5,41.26075569922304
learnedPE_nodrop,4,5,47.984920173353046
learnedPE_nodrop,4,5,42.847346920215735
learnedPE_nodrop,4,5,41.511220331043276
learnedPE_nodrop,4,5,46.342058354175485
learnedPE_nodrop,4,5,43.563074361674616
learnedPE_nodrop,4,5,35.84564602525908
learnedPE_nodrop,4,5,52.46288558386216
learnedPE_nodrop,4,5,55.593683960532594
learnedPE_nodrop,4,5,52.71270275795181
learnedPE_nodrop,4,5,41.12365976237528
learnedPE_nodrop,4,5,36.81834976893573
learnedPE_nodrop,4,5,58.28284715999935
learnedPE_nodrop,4,5,62.57227634618078
learnedPE_nodrop,4,5,57.900068053730855
learnedPE_nodrop,4,5,52.98792125949077
learnedPE_nodrop,4,5,41.518631216315825
learnedPE_nodrop,4,5,24.953481101536312
learnedPE_nodrop,4,6,5.703448087167931
learnedPE_nodrop,4,6,5.355737901584439
learnedPE_nodrop,4,6,7.331153177858102
learnedPE_nodrop,4,6,6.097309606174503
learnedPE_nodrop,4,6,3.5513041592060133
learnedPE_nodrop,4,6,8.297605081711119
learnedPE_nodrop,4,6,9.771199862559717
learnedPE_nodrop,4,6,6.885317325264001
learnedPE_nodrop,4,6,8.094518986788431
learnedPE_nodrop,4,6,19.183661184896312
learnedPE_nodrop,4,6,11.875810525227703
learnedPE_nodrop,4,6,11.235646582533873
learnedPE_nodrop,4,6,15.725985451478492
learnedPE_nodrop,4,6,13.027423642715439
learnedPE_nodrop,4,6,7.9437115243703555
learnedPE_nodrop,4,6,14.316779999063106
learnedPE_nodrop,4,6,15.966517868367685
learnedPE_nodrop,4,6,15.851270281661767
learnedPE_nodrop,4,6,20.686751340091654
learnedPE_nodrop,4,6,23.13908249388982
learnedPE_nodrop,4,6,22.61841571844927
learnedPE_nodrop,4,6,25.170870496700527
learnedPE_nodrop,4,6,25.90029498398555
learnedPE_nodrop,4,6,24.656266712753037
learnedPE_nodrop,4,6,21.933067102894533
learnedPE_nodrop,4,6,10.892005602517003
learnedPE_nodrop,4,6,9.97281817359983
learnedPE_nodrop,4,6,9.394423355011385
learnedPE_nodrop,4,6,12.942689371974145
learnedPE_nodrop,4,6,11.22652350426561
learnedPE_nodrop,4,6,8.561364540580584
learnedPE_nodrop,4,6,14.519781561805905
learnedPE_nodrop,4,6,17.46217943561512
learnedPE_nodrop,4,6,15.770238153778623
learnedPE_nodrop,4,6,11.024413912364961
learnedPE_nodrop,4,6,14.373526627074282
learnedPE_nodrop,4,6,15.025181228397319
learnedPE_nodrop,4,6,17.801180191333422
learnedPE_nodrop,4,6,18.0048016434365
learnedPE_nodrop,4,6,21.72520026161807
learnedPE_nodrop,4,6,16.97195378666916
learnedPE_nodrop,4,6,15.55242173212653
learnedPE_nodrop,4,6,20.46708244729115
learnedPE_nodrop,4,6,18.116516028914937
learnedPE_nodrop,4,6,17.075900627825884
learnedPE_nodrop,4,6,12.36115970179582
learnedPE_nodrop,4,6,15.354922047191465
learnedPE_nodrop,4,6,16.510826062925254
learnedPE_nodrop,4,6,13.80392551487389
learnedPE_nodrop,4,6,14.421703807514923
learnedPE_nodrop,4,6,12.258911020821953
learnedPE_nodrop,4,6,22.132553874932643
learnedPE_nodrop,4,6,22.754196413883463
learnedPE_nodrop,4,6,9.183332341261993
learnedPE_nodrop,4,6,14.602386553656688
learnedPE_nodrop,4,6,16.99741992990636
learnedPE_nodrop,4,6,17.53645763250403
learnedPE_nodrop,4,6,20.632628877277483
learnedPE_nodrop,4,6,20.0538884961894
learnedPE_nodrop,4,6,22.516422983297126
learnedPE_nodrop,4,6,19.212519146724354
learnedPE_nodrop,4,6,29.393019155829275
learnedPE_nodrop,4,6,25.55327669895768
learnedPE_nodrop,4,6,19.16702853423955
learnedPE_nodrop,4,6,26.52441446035262
learnedPE_nodrop,4,6,11.752772370126092
learnedPE_nodrop,4,6,10.285081246407932
learnedPE_nodrop,4,6,16.546509291509174
learnedPE_nodrop,4,6,9.903570322350658
learnedPE_nodrop,4,6,16.01012202335494
learnedPE_nodrop,4,6,19.230523186966984
learnedPE_nodrop,4,6,19.7580946251882
learnedPE_nodrop,4,6,18.20054703839157
learnedPE_nodrop,4,6,17.9199189479065
learnedPE_nodrop,4,6,23.576352480099942
learnedPE_nodrop,4,6,18.610220300781222
learnedPE_nodrop,4,6,18.197782426148088
learnedPE_nodrop,4,6,19.433327830304307
learnedPE_nodrop,4,6,20.666536121959833
learnedPE_nodrop,4,6,16.374667822325822
learnedPE_nodrop,4,6,37.5661995273539
learnedPE_nodrop,4,6,32.54377732036642
learnedPE_nodrop,4,6,34.96714038541862
learnedPE_nodrop,4,6,36.52769105147071
learnedPE_nodrop,4,6,45.15687253354468
learnedPE_nodrop,4,6,29.802242148319674
learnedPE_nodrop,4,6,34.16595593990536
learnedPE_nodrop,4,6,38.34197733598743
learnedPE_nodrop,4,6,30.626282372942704
learnedPE_nodrop,4,6,24.16273854748791
learnedPE_nodrop,4,6,54.06634362845632
learnedPE_nodrop,4,6,45.495083995701926
learnedPE_nodrop,4,6,50.32332352095577
learnedPE_nodrop,4,6,49.49775924339485
learnedPE_nodrop,4,6,54.73891990250742
learnedPE_nodrop,4,6,43.95786223108349
learnedPE_nodrop,4,6,52.51567695965331
learnedPE_nodrop,4,6,60.59261231871375
learnedPE_nodrop,4,6,44.802784858149806
learnedPE_nodrop,4,6,46.37551492360225
learnedPE_nodrop,4,6,38.835685938828654
learnedPE_nodrop,4,6,51.403219961385936
learnedPE_nodrop,4,6,41.44319681246543
learnedPE_nodrop,4,6,36.064675243022634
learnedPE_nodrop,4,6,30.468359867851312
learnedPE_nodrop,4,6,25.16962186075161
learnedPE_nodrop,4,6,27.493773615187695
learnedPE_nodrop,4,6,32.41878979965209
learnedPE_nodrop,4,6,24.274284738751184
learnedPE_nodrop,4,6,27.05538788317484
learnedPE_nodrop,4,6,29.93614400093845
learnedPE_nodrop,4,6,33.659229522194586
learnedPE_nodrop,4,6,36.14457406171582
learnedPE_nodrop,4,6,32.004187231164615
learnedPE_nodrop,4,6,29.191394124346324
learnedPE_nodrop,4,6,34.821004632910416
learnedPE_nodrop,4,6,54.01739274500558
learnedPE_nodrop,4,6,33.6927160845922
learnedPE_nodrop,4,6,32.20400504051792
learnedPE_nodrop,4,6,22.133564289687836
learnedPE_nodrop,4,6,34.27993780767505
learnedPE_nodrop,4,6,48.22584317540218
learnedPE_nodrop,4,6,40.49317189716488
learnedPE_nodrop,4,6,34.076304494687044
learnedPE_nodrop,4,6,30.031701858255854
learnedPE_nodrop,4,6,16.798150094659835
learnedPE_nodrop,4,6,9.145178524004862
learnedPE_nodrop,4,6,12.376333097674493
learnedPE_nodrop,4,6,8.047943519109861
learnedPE_nodrop,4,6,5.459707100962655
learnedPE_nodrop,4,6,12.577944154689602
learnedPE_nodrop,4,6,10.476361800693311
learnedPE_nodrop,4,6,8.775008879595749
learnedPE_nodrop,4,6,11.78877821444265
learnedPE_nodrop,4,6,7.593362711380816
learnedPE_nodrop,4,6,6.82020512797335
learnedPE_nodrop,4,6,20.429747169663493
learnedPE_nodrop,4,6,19.535969246694187
learnedPE_nodrop,4,6,18.616095735869507
learnedPE_nodrop,4,6,19.419072525514043
learnedPE_nodrop,4,6,19.33816308864952
learnedPE_nodrop,4,6,16.987063146805543
learnedPE_nodrop,4,6,24.115477587780042
learnedPE_nodrop,4,6,22.160058621110583
learnedPE_nodrop,4,6,23.493069037737186
learnedPE_nodrop,4,6,22.71282674682289
learnedPE_nodrop,4,6,34.33267089128867
learnedPE_nodrop,4,6,30.537546063871822
learnedPE_nodrop,4,6,31.760654760941108
learnedPE_nodrop,4,6,34.96698601239924
learnedPE_nodrop,4,6,35.169502140822495
learnedPE_nodrop,4,6,30.163047644129026
learnedPE_nodrop,4,6,38.44378052812954
learnedPE_nodrop,4,6,40.565847904332244
learnedPE_nodrop,4,6,31.70991918890589
learnedPE_nodrop,4,6,33.38341422111135
learnedPE_nodrop,4,6,22.097755378535002
learnedPE_nodrop,4,6,18.37924672741799
learnedPE_nodrop,4,6,20.782587876743044
learnedPE_nodrop,4,6,18.797603353890413
learnedPE_nodrop,4,6,21.393731533358313
learnedPE_nodrop,4,6,28.04883520925452
learnedPE_nodrop,4,6,30.09990164387395
learnedPE_nodrop,4,6,27.118151527429145
learnedPE_nodrop,4,6,26.12974142257508
learnedPE_nodrop,4,6,28.263796687310105
learnedPE_nodrop,4,6,24.771254287410915
learnedPE_nodrop,4,6,28.66482021738471
learnedPE_nodrop,4,6,31.636683401257404
learnedPE_nodrop,4,6,25.105118240799374
learnedPE_nodrop,4,6,22.63384974746751
learnedPE_nodrop,4,6,27.92278326314932
learnedPE_nodrop,4,6,29.63152253596455
learnedPE_nodrop,4,6,21.508254940469797
learnedPE_nodrop,4,6,28.699846097408454
learnedPE_nodrop,4,6,27.718359704549854
learnedPE_nodrop,4,6,34.53410549601933
learnedPE_nodrop,4,6,32.034751992803024
learnedPE_nodrop,4,6,29.53797785458906
learnedPE_nodrop,4,6,25.21769976453296
learnedPE_nodrop,4,6,26.856289556498968
learnedPE_nodrop,4,6,14.542149532949772
learnedPE_nodrop,4,6,21.69834493868455
learnedPE_nodrop,4,6,19.952747821017372
learnedPE_nodrop,4,6,19.79814771975749
learnedPE_nodrop,4,6,19.142721135459347
learnedPE_nodrop,4,6,21.086924457752872
learnedPE_nodrop,4,6,19.953583790223732
learnedPE_nodrop,4,6,20.7043891538902
learnedPE_nodrop,4,6,21.637620134024203
learnedPE_nodrop,4,6,22.765764567440037
learnedPE_nodrop,4,6,18.559618938668056
learnedPE_nodrop,4,6,41.27935424119511
learnedPE_nodrop,4,6,46.367248405603796
learnedPE_nodrop,4,6,41.853596317965035
learnedPE_nodrop,4,6,29.853756542510407
learnedPE_nodrop,4,6,35.19943319819703
learnedPE_nodrop,4,6,58.731356847187364
learnedPE_nodrop,4,6,58.75471418422158
learnedPE_nodrop,4,6,51.20255033657899
learnedPE_nodrop,4,6,49.84115695901484
learnedPE_nodrop,4,6,41.43169985105312
learnedPE_nodrop,4,6,27.42911313474202
learnedPE_nodrop,4,6,38.10738590735291
learnedPE_nodrop,4,6,46.701504389642885
learnedPE_nodrop,4,6,38.13041056798397
learnedPE_nodrop,4,6,32.088448337442614
learnedPE_nodrop,4,6,30.519448789301435
learnedPE_nodrop,4,6,25.481101931742735
learnedPE_nodrop,4,6,23.368492408774113
wavePE_nodrop,4,0,94.39134407344851
wavePE_nodrop,4,1,76.63047483695624
wavePE_nodrop,4,1,55.86564697261276
wavePE_nodrop,4,1,75.22573358750398
wavePE_nodrop,4,1,85.452665702758
wavePE_nodrop,4,1,65.62516730934624
wavePE_nodrop,4,1,86.20414077902274
wavePE_nodrop,4,1,83.46072274477724
wavePE_nodrop,4,1,93.79523716423817
wavePE_nodrop,4,1,93.72618828608388
wavePE_nodrop,4,1,92.31181561402457
wavePE_nodrop,4,2,31.18579926115895
wavePE_nodrop,4,2,61.9983605064645
wavePE_nodrop,4,2,64.586596858932
wavePE_nodrop,4,2,49.15346914499947
wavePE_nodrop,4,2,66.92308457251697
wavePE_nodrop,4,2,73.21072689624421
wavePE_nodrop,4,2,76.24763114324557
wavePE_nodrop,4,2,69.85778252568163
wavePE_nodrop,4,2,69.63209970809983
wavePE_nodrop,4,2,44.07199308382861
wavePE_nodrop,4,2,46.78137176044166
wavePE_nodrop,4,2,38.81269535325951
wavePE_nodrop,4,2,47.084425604507665
wavePE_nodrop,4,2,53.705550336798055
wavePE_nodrop,4,2,55.03344729077506
wavePE_nodrop,4,2,60.577754793367625
wavePE_nodrop,4,2,57.667916034290116
wavePE_nodrop,4,2,35.49967761699343
wavePE_nodrop,4,2,55.133764841211494
wavePE_nodrop,4,2,66.77276897725086
wavePE_nodrop,4,2,63.15069454640587
wavePE_nodrop,4,2,75.83263550073568
wavePE_nodrop,4,2,75.24932644546098
wavePE_nodrop,4,2,72.92817955756996
wavePE_nodrop,4,2,48.93964072670076
wavePE_nodrop,4,2,69.68378935921831
wavePE_nodrop,4,2,74.97006732892362
wavePE_nodrop,4,2,81.71633381655154
wavePE_nodrop,4,2,84.68703788184254
wavePE_nodrop,4,2,85.82511356387477
wavePE_nodrop,4,2,57.65404311327265
wavePE_nodrop,4,2,61.21145009619276
wavePE_nodrop,4,2,62.72881712566656
wavePE_nodrop,4,2,65.60507285936067
wavePE_nodrop,4,2,64.97469818094217
wavePE_nodrop,4,2,61.12593903955372
wavePE_nodrop,4,2,78.5044437372348
wavePE_nodrop,4,2,84.1962917390516
wavePE_nodrop,4,2,75.77531217755657
wavePE_nodrop,4,2,77.72704455564003
wavePE_nodrop,4,2,78.32925794280833
wavePE_nodrop,4,2,82.91831065491063
wavePE_nodrop,4,2,92.88540509604955
wavePE_nodrop,4,2,82.16878308349334
wavePE_nodrop,4,2,89.00698057900931
wavePE_nodrop,4,3,27.77342009007201
wavePE_nodrop,4,3,29.74642149228959
wavePE_nodrop,4,3,28.4266004688705
wavePE_nodrop,4,3,36.110997082021754
wavePE_nodrop,4,3,33.17941965357827
wavePE_nodrop,4,3,30.906968074330198
wavePE_nodrop,4,3,35.068681903814664
wavePE_nodrop,4,3,31.30092604428083
wavePE_nodrop,4,3,31.343562418641174
wavePE_nodrop,4,3,39.87680871001012
wavePE_nodrop,4,3,59.28464894763651
wavePE_nodrop,4,3,58.872600722855296
wavePE_nodrop,4,3,62.46445469884194
wavePE_nodrop,4,3,58.22521103319287
wavePE_nodrop,4,3,51.11043394004897
wavePE_nodrop,4,3,32.486787537847064
wavePE_nodrop,4,3,57.30568323711878
wavePE_nodrop,4,3,60.36652812245721
wavePE_nodrop,4,3,63.247971969538355
wavePE_nodrop,4,3,59.902342568428715
wavePE_nodrop,4,3,61.492352288115114
wavePE_nodrop,4,3,38.40171379593779
wavePE_nodrop,4,3,42.949137487260444
wavePE_nodrop,4,3,47.60715807981302
wavePE_nodrop,4,3,49.51210570875369
wavePE_nodrop,4,3,50.167699234146724
wavePE_nodrop,4,3,51.101168369994014
wavePE_nodrop,4,3,56.183969359299326
wavePE_nodrop,4,3,56.025631496113995
wavePE_nodrop,4,3,57.117447659777355
wavePE_nodrop,4,3,70.09833681434628
wavePE_nodrop,4,3,68.5421126574979
wavePE_nodrop,4,3,69.41321007709112
wavePE_nodrop,4,3,71.97348377431693
wavePE_nodrop,4,3,69.39235693156942
wavePE_nodrop,4,3,54.70733266643928
wavePE_nodrop,4,3,21.7742731702334
wavePE_nodrop,4,3,37.21550849008533
wavePE_nodrop,4,3,38.18211821198535
wavePE_nodrop,4,3,44.217213266995756
wavePE_nodrop,4,3,44.528208743912
wavePE_nodrop,4,3,43.65220135845877
wavePE_nodrop,4,3,46.64776389955987
wavePE_nodrop,4,3,22.35165729987531
wavePE_nodrop,4,3,36.74944764111472
wavePE_nodrop,4,3,43.57324568352507
wavePE_nodrop,4,3,43.44916021314177
wavePE_nodrop,4,3,54.69865513728389
wavePE_nodrop,4,3,47.28289229006856
wavePE_nodrop,4,3,39.47115518903646
wavePE_nodrop,4,3,32.13428501112523
wavePE_nodrop,4,3,37.38972080436479
wavePE_nodrop,4,3,39.04071261624913
wavePE_nodrop,4,3,37.61875561906311
wavePE_nodrop,4,3,30.76869423640002
wavePE_nodrop,4,3,41.99554354924066
wavePE_nodrop,4,3,47.783218943602556
wavePE_nodrop,4,3,45.642055318359084
wavePE_nodrop,4,3,48.60272971200067
wavePE_nodrop,4,3,49.283373120998284
wavePE_nodrop,4,3,54.16293058603845
wavePE_nodrop,4,3,56.683305173869414
wavePE_nodrop,4,3,57.29810338041098
wavePE_nodrop,4,3,59.13167532057583
wavePE_nodrop,4,3,14.058902229140765
wavePE_nodrop,4,3,25.110913621059865
wavePE_nodrop,4,3,32.6824755318886
wavePE_nodrop,4,3,35.256075512668616
wavePE_nodrop,4,3,35.75257185281125
wavePE_nodrop,4,3,31.931121776695658
wavePE_nodrop,4,3,46.844566484983375
wavePE_nodrop,4,3,45.317591062800915
wavePE_nodrop,4,3,54.975589496227904
wavePE_nodrop,4,3,55.37850640985437
wavePE_nodrop,4,3,50.639609453113486
wavePE_nodrop,4,3,46.23987610978256
wavePE_nodrop,4,3,61.121552579685435
wavePE_nodrop,4,3,66.24826933794643
wavePE_nodrop,4,3,59.59672569290216
wavePE_nodrop,4,3,62.443205726433334
wavePE_nodrop,4,3,61.041183593487716
wavePE_nodrop,4,3,61.88324177031499
wavePE_nodrop,4,3,74.9522210103065
wavePE_nodrop,4,3,64.17922871068595
wavePE_nodrop,4,3,69.92258372623657
wavePE_nodrop,4,3,40.97122608333394
wavePE_nodrop,4,3,39.47387816642194
wavePE_nodrop,4,3,47.777504129503384
wavePE_nodrop,4,3,47.97105544886221
wavePE_nodrop,4,3,48.14414578193038
wavePE_nodrop,4,3,51.17606576868614
wavePE_nodrop,4,3,60.39161424442572
wavePE_nodrop,4,3,64.90076073482864
wavePE_nodrop,4,3,63.47351956830901
wavePE_nodrop,4,3,68.32431513617193
wavePE_nodrop,4,3,69.42906579848248
wavePE_nodrop,4,3,73.40277777960141
wavePE_nodrop,4,3,81.42484867063338
wavePE_nodrop,4,3,80.2852119609694
wavePE_nodrop,4,3,81.14926262527446
wavePE_nodrop,4,3,48.996851695158675
wavePE_nodrop,4,3,48.33345252539557
wavePE_nodrop,4,3,56.050210396551684
wavePE_nodrop,4,3,54.89582503323671
wavePE_nodrop,4,3,59.073889603056706
wavePE_nodrop,4,3,61.166250228294096
wavePE_nodrop,4,3,60.51015106239169
wavePE_nodrop,4,3,62.130096971377455
wavePE_nodrop,4,3,60.303046287058024
wavePE_nodrop,4,3,62.86821240294233
wavePE_nodrop,4,3,52.41711305828487
wavePE_nodrop,4,3,51.86181690683866
wavePE_nodrop,4,3,58.17342028096735
wavePE_nodrop,4,3,76.51562170353867
wavePE_nodrop,4,3,56.53849464705931
wavePE_nodrop,4,3,68.50529985531622
wavePE_nodrop,4,3,74.52383878956677
wavePE_nodrop,4,3,75.66809268244603
wavePE_nodrop,4,3,72.23094574586624
wavePE_nodrop,4,3,75.67483039210225
wavePE_nodrop,4,4,17.552151722251626
wavePE_nodrop,4,4,23.300966048715427
wavePE_nodrop,4,4,28.745291688784402
wavePE_nodrop,4,4,30.114771431393162
wavePE_nodrop,4,4,27.164852650753847
wavePE_nodrop,4,4,27.521652138299306
wavePE_nodrop,4,4,21.70097433745595
wavePE_nodrop,4,4,14.077931507045394
wavePE_nodrop,4,4,30.969005020348806
wavePE_nodrop,4,4,31.021704475140922
wavePE_nodrop,4,4,29.43994261420673
wavePE_nodrop,4,4,33.082637918751786
wavePE_nodrop,4,4,27.993058846943203
wavePE_nodrop,4,4,28.476731297497864
wavePE_nodrop,4,4,24.71286614449941
wavePE_nodrop,4,4,27.953202446104303
wavePE_nodrop,4,4,29.970603765698744
wavePE_nodrop,4,4,27.362726534945626
wavePE_nodrop,4,4,27.642182767649004
wavePE_nodrop,4,4,32.99959188676021
wavePE_nodrop,4,4,36.386994907115124
wavePE_nodrop,4,4,32.962948326399356
wavePE_nodrop,4,4,31.45571869922951
wavePE_nodrop,4,4,32.06841940883221
wavePE_nodrop,4,4,31.805892888708943
wavePE_nodrop,4,4,32.111693557491826
wavePE_nodrop,4,4,31.505693035791722
wavePE_nodrop,4,4,32.77203543517213
wavePE_nodrop,4,4,12.876244777358295
wavePE_nodrop,4,4,21.659780432389457
wavePE_nodrop,4,4,34.894555271240954
wavePE_nodrop,4,4,31.364660624039363
wavePE_nodrop,4,4,29.954398765280203
wavePE_nodrop,4,4,28.834028480808954
wavePE_nodrop,4,4,34.198878360764255
wavePE_nodrop,4,4,36.717745431968176
wavePE_nodrop,4,4,39.667935355541026
wavePE_nodrop,4,4,40.893138168893266
wavePE_nodrop,4,4,40.99708227860025
wavePE_nodrop,4,4,44.13834733415371
wavePE_nodrop,4,4,50.024733878681715
wavePE_nodrop,4,4,52.710844979099804
wavePE_nodrop,4,4,53.69431212406957
wavePE_nodrop,4,4,56.40446598576047
wavePE_nodrop,4,4,55.070823927293645
wavePE_nodrop,4,4,52.97083072259383
wavePE_nodrop,4,4,57.00775873122321
wavePE_nodrop,4,4,53.90069624587264
wavePE_nodrop,4,4,43.35695767995922
wavePE_nodrop,4,4,31.13552552270039
wavePE_nodrop,4,4,28.013103760549818
wavePE_nodrop,4,4,30.646599782815365
wavePE_nodrop,4,4,27.21713690199169
wavePE_nodrop,4,4,33.81210782320235
wavePE_nodrop,4,4,37.26240104467203
wavePE_nodrop,4,4,46.29166586610859
wavePE_nodrop,4,4,48.840277448012245
wavePE_nodrop,4,4,52.13074082789599
wavePE_nodrop,4,4,56.761503014077974
wavePE_nodrop,4,4,51.21953495855027
wavePE_nodrop,4,4,60.62259927593821
wavePE_nodrop,4,4,62.05519951732386
wavePE_nodrop,4,4,58.22645785557488
wavePE_nodrop,4,4,53.23935537827252
wavePE_nodrop,4,4,36.15116378554192
wavePE_nodrop,4,4,35.11238439875734
wavePE_nodrop,4,4,35.97427309647442
wavePE_nodrop,4,4,33.16281057086448
wavePE_nodrop,4,4,44.21684129030557
wavePE_nodrop,4,4,38.54148917747337
wavePE_nodrop,4,4,44.23265526046979
wavePE_nodrop,4,4,48.37048957589889
wavePE_nodrop,4,4,47.5498173968499
wavePE_nodrop,4,4,47.23239757143933
wavePE_nodrop,4,4,41.58706755451617
wavePE_nodrop,4,4,35.7483482004085
wavePE_nodrop,4,4,52.782459288565
wavePE_nodrop,4,4,50.1392285754011
wavePE_nodrop,4,4,42.56855481715959
wavePE_nodrop,4,4,41.06570831079806
wavePE_nodrop,4,4,63.88669028870927
wavePE_nodrop,4,4,59.90129805809592
wavePE_nodrop,4,4,51.3124581751331
wavePE_nodrop,4,4,51.912061663904765
wavePE_nodrop,4,4,12.924551785827962
wavePE_nodrop,4,4,20.51008016221318
wavePE_nodrop,4,4,20.676335303011644
wavePE_nodrop,4,4,22.698132637782532
wavePE_nodrop,4,4,22.580124339162918
wavePE_nodrop,4,4,19.448829242553046
wavePE_nodrop,4,4,42.645346955998086
wavePE_nodrop,4,4,32.50245518929161
wavePE_nodrop,4,4,39.22089419901426
wavePE_nodrop,4,4,37.83472442809593
wavePE_nodrop,4,4,36.15592602100761
wavePE_nodrop,4,4,31.191453375925292
wavePE_nodrop,4,4,36.05699290946176
wavePE_nodrop,4,4,39.3244151539374
wavePE_nodrop,4,4,42.05785659408933
wavePE_nodrop,4,4,44.61035529457508
wavePE_nodrop,4,4,40.44137433185785
wavePE_nodrop,4,4,48.385457926051465
wavePE_nodrop,4,4,44.834515110675945
wavePE_nodrop,4,4,43.90846704352458
wavePE_nodrop,4,4,43.68806791128625
wavePE_nodrop,4,4,23.49108353783256
wavePE_nodrop,4,4,19.290844381870215
wavePE_nodrop,4,4,21.424218901824226
wavePE_nodrop,4,4,21.939847604851497
wavePE_nodrop,4,4,25.054639348385315
wavePE_nodrop,4,4,29.68544291499923
wavePE_nodrop,4,4,30.737902376273286
wavePE_nodrop,4,4,37.4524706143242
wavePE_nodrop,4,4,36.540333990402864
wavePE_nodrop,4,4,39.00165760301277
wavePE_nodrop,4,4,40.370286757689534
wavePE_nodrop,4,4,43.52688796680552
wavePE_nodrop,4,4,46.265844050828576
wavePE_nodrop,4,4,44.38024120028423
wavePE_nodrop,4,4,55.82039377858504
wavePE_nodrop,4,4,31.19517645675458
wavePE_nodrop,4,4,33.67818537751755
wavePE_nodrop,4,4,42.23739830268883
wavePE_nodrop,4,4,37.261145886731015
wavePE_nodrop,4,4,32.63858250171454
wavePE_nodrop,4,4,32.23030865771116
wavePE_nodrop,4,4,32.34722521803928
wavePE_nodrop,4,4,36.88494360767812
wavePE_nodrop,4,4,29.521505993590264
wavePE_nodrop,4,4,37.75574013971731
wavePE_nodrop,4,4,27.193192737263267
wavePE_nodrop,4,4,29.701362069875625
wavePE_nodrop,4,4,34.78861697111475
wavePE_nodrop,4,4,42.90092407352136
wavePE_nodrop,4,4,38.56312490736744
wavePE_nodrop,4,4,43.96845187904147
wavePE_nodrop,4,4,46.719822765325226
wavePE_nodrop,4,4,48.1121749861198
wavePE_nodrop,4,4,47.50613826495291
wavePE_nodrop,4,4,47.47971018350833
wavePE_nodrop,4,4,12.22314906786665
wavePE_nodrop,4,4,9.129098795946678
wavePE_nodrop,4,4,14.456184524087105
wavePE_nodrop,4,4,15.09629931304772
wavePE_nodrop,4,4,14.896298820286836
wavePE_nodrop,4,4,21.823765087220874
wavePE_nodrop,4,4,25.25622062136876
wavePE_nodrop,4,4,25.175838375628924
wavePE_nodrop,4,4,21.84053610326045
wavePE_nodrop,4,4,31.78336317402679
wavePE_nodrop,4,4,30.482396258414674
wavePE_nodrop,4,4,30.628124712204492
wavePE_nodrop,4,4,34.34137094028642
wavePE_nodrop,4,4,31.631650203696527
wavePE_nodrop,4,4,28.980867074605786
wavePE_nodrop,4,4,41.20435613968885
wavePE_nodrop,4,4,39.87850082322932
wavePE_nodrop,4,4,45.98280058688488
wavePE_nodrop,4,4,41.431543324609535
wavePE_nodrop,4,4,45.55221860789529
wavePE_nodrop,4,4,46.01519649707037
wavePE_nodrop,4,4,44.129211924640565
wavePE_nodrop,4,4,55.380745418788365
wavePE_nodrop,4,4,48.57557597620685
wavePE_nodrop,4,4,49.900486421483805
wavePE_nodrop,4,4,42.81169207331802
wavePE_nodrop,4,4,43.81803042385153
wavePE_nodrop,4,4,46.38201568097595
wavePE_nodrop,4,4,60.24797140252643
wavePE_nodrop,4,4,47.03640225127712
wavePE_nodrop,4,4,54.86285333173137
wavePE_nodrop,4,4,59.49012084618667
wavePE_nodrop,4,4,61.33732029596779
wavePE_nodrop,4,4,57.38167473299325
wavePE_nodrop,4,4,59.10640254308683
wavePE_nodrop,4,4,31.13640223641678
wavePE_nodrop,4,4,35.478130718416246
wavePE_nodrop,4,4,38.677698320098905
wavePE_nodrop,4,4,36.16509005947644
wavePE_nodrop,4,4,39.427327405842775
wavePE_nodrop,4,4,36.38177639410618
wavePE_nodrop,4,4,38.47182051368692
wavePE_nodrop,4,4,46.9748437098108
wavePE_nodrop,4,4,47.67103066156416
wavePE_nodrop,4,4,47.265829332115345
wavePE_nodrop,4,4,40.6035780718499
wavePE_nodrop,4,4,40.2617826337756
wavePE_nodrop,4,4,50.68851603536402
wavePE_nodrop,4,4,56.04096426175265
wavePE_nodrop,4,4,53.59536499518679
wavePE_nodrop,4,4,57.46753206121588
wavePE_nodrop,4,4,64.12818410477945
wavePE_nodrop,4,4,64.57445884931256
wavePE_nodrop,4,4,61.459669902603665
wavePE_nodrop,4,4,67.9634973541651
wavePE_nodrop,4,4,37.30605974280227
wavePE_nodrop,4,4,43.26924009003643
wavePE_nodrop,4,4,46.064576075780074
wavePE_nodrop,4,4,48.77009618483862
wavePE_nodrop,4,4,49.91929263738694
wavePE_nodrop,4,4,51.38051755236974
wavePE_nodrop,4,4,58.37779581524087
wavePE_nodrop,4,4,56.056246786529385
wavePE_nodrop,4,4,56.749531633758906
wavePE_nodrop,4,4,56.86711857893372
wavePE_nodrop,4,4,38.50597641697315
wavePE_nodrop,4,4,49.00240057779528
wavePE_nodrop,4,4,45.15412713557092
wavePE_nodrop,4,4,48.10019387786424
wavePE_nodrop,4,4,54.990911293317325
wavePE_nodrop,4,5,1.3671693761221344
wavePE_nodrop,4,5,14.456867160264908
wavePE_nodrop,4,5,20.768446114962813
wavePE_nodrop,4,5,16.917307969108787
wavePE_nodrop,4,5,12.344766850505927
wavePE_nodrop,4,5,20.933785138486222
wavePE_nodrop,4,5,26.684961100555054
wavePE_nodrop,4,5,22.481333473292757
wavePE_nodrop,4,5,24.424721838190877
wavePE_nodrop,4,5,25.10459241896798
wavePE_nodrop,4,5,23.05191340263903
wavePE_nodrop,4,5,25.779806062102157
wavePE_nodrop,4,5,27.29178222067955
wavePE_nodrop,4,5,30.29139878004066
wavePE_nodrop,4,5,28.49034830769206
wavePE_nodrop,4,5,30.177358119766414
wavePE_nodrop,4,5,27.789800864894133
wavePE_nodrop,4,5,23.90822509744972
wavePE_nodrop,4,5,25.180203188813056
wavePE_nodrop,4,5,21.79026536074376
wavePE_nodrop,4,5,17.679585220017007
wavePE_nodrop,4,5,13.667584803991423
wavePE_nodrop,4,5,14.135701208802603
wavePE_nodrop,4,5,11.689489766180042
wavePE_nodrop,4,5,11.183091615279336
wavePE_nodrop,4,5,11.922382676381464
wavePE_nodrop,4,5,27.297179599660648
wavePE_nodrop,4,5,28.06419248867023
wavePE_nodrop,4,5,29.80268561200364
wavePE_nodrop,4,5,30.360916524871428
wavePE_nodrop,4,5,30.025037151642636
wavePE_nodrop,4,5,25.21596542122364
wavePE_nodrop,4,5,27.655272853006302
wavePE_nodrop,4,5,29.003097180732677
wavePE_nodrop,4,5,26.585582532335827
wavePE_nodrop,4,5,28.668515668010624
wavePE_nodrop,4,5,33.29590036367415
wavePE_nodrop,4,5,29.822640826558345
wavePE_nodrop,4,5,28.934041717484998
wavePE_nodrop,4,5,22.59205535787191
wavePE_nodrop,4,5,24.847072695654447
wavePE_nodrop,4,5,25.253957575685853
wavePE_nodrop,4,5,24.030379263646473
wavePE_nodrop,4,5,30.57098633558074
wavePE_nodrop,4,5,29.344048449258242
wavePE_nodrop,4,5,21.033451202829443
wavePE_nodrop,4,5,20.448817585194494
wavePE_nodrop,4,5,25.004027901183868
wavePE_nodrop,4,5,33.909515944244724
wavePE_nodrop,4,5,33.44357201361151
wavePE_nodrop,4,5,27.836731855078988
wavePE_nodrop,4,5,28.530539408525463
wavePE_nodrop,4,5,32.24691709151119
wavePE_nodrop,4,5,26.202018556611307
wavePE_nodrop,4,5,22.703367963701936
wavePE_nodrop,4,5,29.113889318765544
wavePE_nodrop,4,5,12.17065260873732
wavePE_nodrop,4,5,12.427723820454853
wavePE_nodrop,4,5,12.841691007584256
wavePE_nodrop,4,5,13.023571123540712
wavePE_nodrop,4,5,13.034073044340447
wavePE_nodrop,4,5,21.0312020217898
wavePE_nodrop,4,5,22.757358078276326
wavePE_nodrop,4,5,18.54492907584946
wavePE_nodrop,4,5,18.021347782714592
wavePE_nodrop,4,5,35.8653149082034
wavePE_nodrop,4,5,28.315383953278683
wavePE_nodrop,4,5,30.03322744940151
wavePE_nodrop,4,5,26.452014793657263
wavePE_nodrop,4,5,28.281515718343176
wavePE_nodrop,4,5,22.28297655043892
wavePE_nodrop,4,5,30.947171027768206
wavePE_nodrop,4,5,32.93381959203332
wavePE_nodrop,4,5,34.20060023390279
wavePE_nodrop,4,5,32.770190791726904
wavePE_nodrop,4,5,36.70499658581243
wavePE_nodrop,4,5,36.178041283742665
wavePE_nodrop,4,5,36.45874234922294
wavePE_nodrop,4,5,42.11422755180244
wavePE_nodrop,4,5,41.21436565104305
wavePE_nodrop,4,5,38.365553067974446
wavePE_nodrop,4,5,34.27535383718085
wavePE_nodrop,4,5,36.02202506800574
wavePE_nodrop,4,5,44.339310841279115
wavePE_nodrop,4,5,46.09984854546346
wavePE_nodrop,4,5,37.61086976368886
wavePE_nodrop,4,5,39.14889975421506
wavePE_nodrop,4,5,52.739164090016175
wavePE_nodrop,4,5,45.75479794121169
wavePE_nodrop,4,5,41.68178633482837
wavePE_nodrop,4,5,35.979055035929974
wavePE_nodrop,4,5,27.464448254858674
wavePE_nodrop,4,5,26.910743096134233
wavePE_nodrop,4,5,27.60866014065656
wavePE_nodrop,4,5,32.14715105557222
wavePE_nodrop,4,5,25.80297013530519
wavePE_nodrop,4,5,20.697353489075557
wavePE_nodrop,4,5,28.92755274702634
wavePE_nodrop,4,5,25.94709288730518
wavePE_nodrop,4,5,31.311675853644484
wavePE_nodrop,4,5,27.619412821367206
wavePE_nodrop,4,5,32.53583507022789
wavePE_nodrop,4,5,25.541408762975237
wavePE_nodrop,4,5,35.13379214620828
wavePE_nodrop,4,5,38.68462573765355
wavePE_nodrop,4,5,35.542862865514316
wavePE_nodrop,4,5,39.70171784152892
wavePE_nodrop,4,5,48.44294487313343
wavePE_nodrop,4,5,49.54289601338729
wavePE_nodrop,4,5,43.07407734798911
wavePE_nodrop,4,5,47.12785930323959
wavePE_nodrop,4,5,32.57171370329428
wavePE_nodrop,4,5,31.250985336386073
wavePE_nodrop,4,5,36.796772836774075
wavePE_nodrop,4,5,34.62119039511814
wavePE_nodrop,4,5,30.912341729848514
wavePE_nodrop,4,5,27.825177350855462
wavePE_nodrop,4,5,37.03069094475805
wavePE_nodrop,4,5,43.60437384368361
wavePE_nodrop,4,5,36.31095344454598
wavePE_nodrop,4,5,45.406978864235334
wavePE_nodrop,4,5,28.969708789964194
wavePE_nodrop,4,5,31.315155646781296
wavePE_nodrop,4,5,33.7683892017269
wavePE_nodrop,4,5,33.40203607036522
wavePE_nodrop,4,5,32.792656622864946
wavePE_nodrop,4,5,9.635626888874816
wavePE_nodrop,4,5,10.905120523926849
wavePE_nodrop,4,5,12.650171331150656
wavePE_nodrop,4,5,13.12270127284187
wavePE_nodrop,4,5,13.82720704606532
wavePE_nodrop,4,5,17.27010084045175
wavePE_nodrop,4,5,20.454712071589228
wavePE_nodrop,4,5,19.56209848074443
wavePE_nodrop,4,5,20.43374211092092
wavePE_nodrop,4,5,20.39694547464691
wavePE_nodrop,4,5,20.155309895867873
wavePE_nodrop,4,5,20.21279726371356
wavePE_nodrop,4,5,22.874823694042316
wavePE_nodrop,4,5,19.752385187665727
wavePE_nodrop,4,5,20.67923229930826
wavePE_nodrop,4,5,31.49689760434572
wavePE_nodrop,4,5,36.73313524754777
wavePE_nodrop,4,5,44.17600407339617
wavePE_nodrop,4,5,33.28922486551733
wavePE_nodrop,4,5,31.410900909073618
wavePE_nodrop,4,5,31.29222271485947
wavePE_nodrop,4,5,33.821135749394536
wavePE_nodrop,4,5,38.03665417657236
wavePE_nodrop,4,5,35.48158070759902
wavePE_nodrop,4,5,39.33003644900098
wavePE_nodrop,4,5,24.989578734460032
wavePE_nodrop,4,5,27.50366284439285
wavePE_nodrop,4,5,34.86599174074991
wavePE_nodrop,4,5,35.1865280040421
wavePE_nodrop,4,5,36.13491789049631
wavePE_nodrop,4,5,39.14927402250496
wavePE_nodrop,4,5,38.6412199642579
wavePE_nodrop,4,5,44.239658207813
wavePE_nodrop,4,5,41.560739617604106
wavePE_nodrop,4,5,33.59832465830236
wavePE_nodrop,4,5,17.201972874191284
wavePE_nodrop,4,5,20.46452151787725
wavePE_nodrop,4,5,24.551363539828547
wavePE_nodrop,4,5,26.243920124207293
wavePE_nodrop,4,5,18.90118486222347
wavePE_nodrop,4,5,16.27170936615156
wavePE_nodrop,4,5,17.912746808002332
wavePE_nodrop,4,5,21.193310800205857
wavePE_nodrop,4,5,20.782247442904335
wavePE_nodrop,4,5,26.136678130865725
wavePE_nodrop,4,5,24.12182893964821
wavePE_nodrop,4,5,25.214263711130403
wavePE_nodrop,4,5,32.070626811248424
wavePE_nodrop,4,5,30.31575909241191
wavePE_nodrop,4,5,30.182016879482443
wavePE_nodrop,4,5,34.659837868856414
wavePE_nodrop,4,5,37.10685082316612
wavePE_nodrop,4,5,39.510895104470876
wavePE_nodrop,4,5,38.8910294087088
wavePE_nodrop,4,5,44.8189133202823
wavePE_nodrop,4,5,25.231018077989315
wavePE_nodrop,4,5,31.3960294300899
wavePE_nodrop,4,5,31.559362823792767
wavePE_nodrop,4,5,34.924366380144775
wavePE_nodrop,4,5,25.585780968235323
wavePE_nodrop,4,5,36.4104262674987
wavePE_nodrop,4,5,29.64803003194858
wavePE_nodrop,4,5,28.699149768208088
wavePE_nodrop,4,5,32.550113794023325
wavePE_nodrop,4,5,28.56429226255174
wavePE_nodrop,4,5,23.92523780372601
wavePE_nodrop,4,5,26.401661124750508
wavePE_nodrop,4,5,27.544833256880096
wavePE_nodrop,4,5,34.66343457906087
wavePE_nodrop,4,5,32.28408497698771
wavePE_nodrop,4,5,8.685232417660723
wavePE_nodrop,4,5,13.145303223348392
wavePE_nodrop,4,5,12.092588595309634
wavePE_nodrop,4,5,11.325585690154298
wavePE_nodrop,4,5,9.22492446072501
wavePE_nodrop,4,5,8.575297044891956
wavePE_nodrop,4,5,8.28588469510982
wavePE_nodrop,4,5,15.387639581128715
wavePE_nodrop,4,5,15.153365192450954
wavePE_nodrop,4,5,15.820067368185153
wavePE_nodrop,4,5,21.626217674704556
wavePE_nodrop,4,5,17.460792319964458
wavePE_nodrop,4,5,20.025759032600714
wavePE_nodrop,4,5,21.963289967954736
wavePE_nodrop,4,5,23.550255737990934
wavePE_nodrop,4,5,20.930377364284794
wavePE_nodrop,4,5,28.22724175077352
wavePE_nodrop,4,5,29.338933923401207
wavePE_nodrop,4,5,26.20829666711292
wavePE_nodrop,4,5,24.82823513852069
wavePE_nodrop,4,5,30.673226102610045
wavePE_nodrop,4,5,37.65619170221296
wavePE_nodrop,4,5,37.91450740689948
wavePE_nodrop,4,5,40.57229014853706
wavePE_nodrop,4,5,37.364274814706235
wavePE_nodrop,4,5,39.20472673522865
wavePE_nodrop,4,5,45.87605394502761
wavePE_nodrop,4,5,41.59554924358642
wavePE_nodrop,4,5,43.16382073979138
wavePE_nodrop,4,5,45.839869669433696
wavePE_nodrop,4,5,37.63854033364229
wavePE_nodrop,4,5,38.751971416180034
wavePE_nodrop,4,5,36.95402328909051
wavePE_nodrop,4,5,39.45698567236842
wavePE_nodrop,4,5,43.66842014289774
wavePE_nodrop,4,5,24.717414272772704
wavePE_nodrop,4,5,22.701522912476932
wavePE_nodrop,4,5,27.939258462969015
wavePE_nodrop,4,5,36.21698056694225
wavePE_nodrop,4,5,33.32432203215648
wavePE_nodrop,4,5,35.032681068717395
wavePE_nodrop,4,5,37.076487794270925
wavePE_nodrop,4,5,38.63879633510161
wavePE_nodrop,4,5,33.823943001919126
wavePE_nodrop,4,5,44.51253795698465
wavePE_nodrop,4,5,31.875037668136162
wavePE_nodrop,4,5,39.40396808834428
wavePE_nodrop,4,5,38.437983351642025
wavePE_nodrop,4,5,47.27038850559535
wavePE_nodrop,4,5,48.83897138791776
wavePE_nodrop,4,5,21.68704666066756
wavePE_nodrop,4,5,35.73199512739146
wavePE_nodrop,4,5,38.80555766446411
wavePE_nodrop,4,5,43.92109138502946
wavePE_nodrop,4,5,49.09843098711967
wavePE_nodrop,4,5,16.859666741453605
wavePE_nodrop,4,6,3.464078111166228
wavePE_nodrop,4,6,1.3206700793154516
wavePE_nodrop,4,6,1.3859996055185062
wavePE_nodrop,4,6,1.5788319485208973
wavePE_nodrop,4,6,1.47131847449531
wavePE_nodrop,4,6,22.286137827869645
wavePE_nodrop,4,6,15.09247767277132
wavePE_nodrop,4,6,10.44575125637703
wavePE_nodrop,4,6,16.588344430541827
wavePE_nodrop,4,6,19.520427795833655
wavePE_nodrop,4,6,12.705683699898174
wavePE_nodrop,4,6,22.521519830099933
wavePE_nodrop,4,6,12.300460187384301
wavePE_nodrop,4,6,21.26274077000712
wavePE_nodrop,4,6,7.882015677349435
wavePE_nodrop,4,6,22.89169364359799
wavePE_nodrop,4,6,26.357287985818385
wavePE_nodrop,4,6,25.28063425095818
wavePE_nodrop,4,6,21.44270751910077
wavePE_nodrop,4,6,21.738607064655557
wavePE_nodrop,4,6,23.545958316355275
wavePE_nodrop,4,6,22.283941401252505
wavePE_nodrop,4,6,25.342656201679723
wavePE_nodrop,4,6,23.97926146624384
wavePE_nodrop,4,6,17.008871323927178
wavePE_nodrop,4,6,22.886804093823063
wavePE_nodrop,4,6,24.514561586259543
wavePE_nodrop,4,6,28.89123499634259
wavePE_nodrop,4,6,28.832003578014074
wavePE_nodrop,4,6,25.833107733713767
wavePE_nodrop,4,6,21.678452857763013
wavePE_nodrop,4,6,24.163113947389423
wavePE_nodrop,4,6,20.33382067780804
wavePE_nodrop,4,6,16.676715967341448
wavePE_nodrop,4,6,17.623248029682475
wavePE_nodrop,4,6,15.765382794764726
wavePE_nodrop,4,6,14.022644055082404
wavePE_nodrop,4,6,14.485800963203399
wavePE_nodrop,4,6,12.585992768574638
wavePE_nodrop,4,6,11.869769982924042
wavePE_nodrop,4,6,12.680118399310464
wavePE_nodrop,4,6,12.168522298543358
wavePE_nodrop,4,6,11.001024361572448
wavePE_nodrop,4,6,11.037783524804547
wavePE_nodrop,4,6,9.710535537633886
wavePE_nodrop,4,6,20.132448370490238
wavePE_nodrop,4,6,20.20860129289169
wavePE_nodrop,4,6,29.185601631557546
wavePE_nodrop,4,6,26.250267496782097
wavePE_nodrop,4,6,21.453273370442155
wavePE_nodrop,4,6,28.0916993036248
wavePE_nodrop,4,6,23.018545318411604
wavePE_nodrop,4,6,22.44629464913435
wavePE_nodrop,4,6,16.33582659407355
wavePE_nodrop,4,6,22.345560288226377
wavePE_nodrop,4,6,25.533606491474902
wavePE_nodrop,4,6,26.56907628048797
wavePE_nodrop,4,6,29.44667055020712
wavePE_nodrop,4,6,28.306802316084223
wavePE_nodrop,4,6,22.404581971540726
wavePE_nodrop,4,6,22.866865819078253
wavePE_nodrop,4,6,25.734009079085585
wavePE_nodrop,4,6,25.957580034870936
wavePE_nodrop,4,6,18.102353135206208
wavePE_nodrop,4,6,23.10032333428227
wavePE_nodrop,4,6,18.985803380520867
wavePE_nodrop,4,6,24.642616067704896
wavePE_nodrop,4,6,25.038289211732234
wavePE_nodrop,4,6,20.741167418395133
wavePE_nodrop,4,6,15.603515539536684
wavePE_nodrop,4,6,10.529351668352007
wavePE_nodrop,4,6,12.3535503886037
wavePE_nodrop,4,6,12.886769880188224
wavePE_nodrop,4,6,12.056585329294789
wavePE_nodrop,4,6,11.573751969870143
wavePE_nodrop,4,6,11.34702808928374
wavePE_nodrop,4,6,11.466158136298345
wavePE_nodrop,4,6,11.92985637989356
wavePE_nodrop,4,6,12.386424614315018
wavePE_nodrop,4,6,10.214177105993832
wavePE_nodrop,4,6,19.335536452428695
wavePE_nodrop,4,6,12.853030270553115
wavePE_nodrop,4,6,17.849960852947742
wavePE_nodrop,4,6,16.040182811594978
wavePE_nodrop,4,6,18.820216980791155
wavePE_nodrop,4,6,14.31687442000373
wavePE_nodrop,4,6,23.704760127539863
wavePE_nodrop,4,6,31.36402669283449
wavePE_nodrop,4,6,21.740383129235877
wavePE_nodrop,4,6,19.719376115825437
wavePE_nodrop,4,6,28.03656078550813
wavePE_nodrop,4,6,27.040266394092853
wavePE_nodrop,4,6,28.544219123399007
wavePE_nodrop,4,6,33.721070778173434
wavePE_nodrop,4,6,28.27220259317501
wavePE_nodrop,4,6,27.6303136121166
wavePE_nodrop,4,6,33.64308643084424
wavePE_nodrop,4,6,34.05192324573688
wavePE_nodrop,4,6,31.331788771280067
wavePE_nodrop,4,6,36.588749722956884
wavePE_nodrop,4,6,28.02059780064021
wavePE_nodrop,4,6,28.778115707856845
wavePE_nodrop,4,6,29.290944480134574
wavePE_nodrop,4,6,27.107848349367792
wavePE_nodrop,4,6,24.28087439575045
wavePE_nodrop,4,6,22.867073419931266
wavePE_nodrop,4,6,19.71942797325147
wavePE_nodrop,4,6,31.149577485653978
wavePE_nodrop,4,6,23.130430098494813
wavePE_nodrop,4,6,26.759629895153004
wavePE_nodrop,4,6,27.47389882420741
wavePE_nodrop,4,6,20.858795290482103
wavePE_nodrop,4,6,25.174196070048428
wavePE_nodrop,4,6,19.471714140035235
wavePE_nodrop,4,6,24.254963168841098
wavePE_nodrop,4,6,26.340024893499287
wavePE_nodrop,4,6,28.12610566230055
wavePE_nodrop,4,6,19.367886187249734
wavePE_nodrop,4,6,30.173686949118856
wavePE_nodrop,4,6,27.768169091627936
wavePE_nodrop,4,6,17.57584586522104
wavePE_nodrop,4,6,31.78797888577624
wavePE_nodrop,4,6,28.580338455282245
wavePE_nodrop,4,6,34.177288307558705
wavePE_nodrop,4,6,24.25998231730255
wavePE_nodrop,4,6,16.073266171767305
wavePE_nodrop,4,6,5.038174391448537
wavePE_nodrop,4,6,9.193448403252493
wavePE_nodrop,4,6,11.710261162548225
wavePE_nodrop,4,6,10.808757917683973
wavePE_nodrop,4,6,9.817144679461395
wavePE_nodrop,4,6,7.118143657792741
wavePE_nodrop,4,6,12.740593528714692
wavePE_nodrop,4,6,13.139774707555334
wavePE_nodrop,4,6,13.109952823109966
wavePE_nodrop,4,6,13.716503686230986
wavePE_nodrop,4,6,17.637010018688297
wavePE_nodrop,4,6,12.624387146235156
wavePE_nodrop,4,6,18.22943773991167
wavePE_nodrop,4,6,17.348012272947948
wavePE_nodrop,4,6,19.086890032071018
wavePE_nodrop,4,6,17.230136421472647
wavePE_nodrop,4,6,18.68671681106208
wavePE_nodrop,4,6,18.331540691096954
wavePE_nodrop,4,6,21.135900075926163
wavePE_nodrop,4,6,18.28748531323482
wavePE_nodrop,4,6,25.697309403700057
wavePE_nodrop,4,6,30.772242855540522
wavePE_nodrop,4,6,28.37005820544185
wavePE_nodrop,4,6,35.17961569436936
wavePE_nodrop,4,6,26.021634427895734
wavePE_nodrop,4,6,31.670459302223275
wavePE_nodrop,4,6,28.85007236539857
wavePE_nodrop,4,6,26.85482754055747
wavePE_nodrop,4,6,32.64434907138188
wavePE_nodrop,4,6,32.78634454853725
wavePE_nodrop,4,6,17.343982351491114
wavePE_nodrop,4,6,25.41302438534246
wavePE_nodrop,4,6,27.772003734664473
wavePE_nodrop,4,6,26.526451571051364
wavePE_nodrop,4,6,28.838331124323858
wavePE_nodrop,4,6,15.407686491291845
wavePE_nodrop,4,6,16.212440754708595
wavePE_nodrop,4,6,16.37180765292839
wavePE_nodrop,4,6,21.79208340986929
wavePE_nodrop,4,6,19.374682035405996
wavePE_nodrop,4,6,26.84324320970375
wavePE_nodrop,4,6,15.514645186539832
wavePE_nodrop,4,6,18.157630970403165
wavePE_nodrop,4,6,15.246006686948336
wavePE_nodrop,4,6,22.581060093234427
wavePE_nodrop,4,6,19.932075261836633
wavePE_nodrop,4,6,23.28809537899648
wavePE_nodrop,4,6,22.19599047564102
wavePE_nodrop,4,6,26.86160767021536
wavePE_nodrop,4,6,32.50865539178026
wavePE_nodrop,4,6,22.127020698892515
wavePE_nodrop,4,6,26.332858858233045
wavePE_nodrop,4,6,30.053618835996645
wavePE_nodrop,4,6,25.058669047833114
wavePE_nodrop,4,6,20.63072231523083
wavePE_nodrop,4,6,11.07926890694333
wavePE_nodrop,4,6,8.822119295998704
wavePE_nodrop,4,6,8.675716281895163
wavePE_nodrop,4,6,8.639524240838886
wavePE_nodrop,4,6,13.525951638704935
wavePE_nodrop,4,6,13.369787232857236
wavePE_nodrop,4,6,10.970761707547336
wavePE_nodrop,4,6,8.35266979804022
wavePE_nodrop,4,6,8.392948437040422
wavePE_nodrop,4,6,6.999534148260383
wavePE_nodrop,4,6,14.807211051756727
wavePE_nodrop,4,6,12.328412341130877
wavePE_nodrop,4,6,22.20271351033457
wavePE_nodrop,4,6,16.315889675256162
wavePE_nodrop,4,6,22.51597430131773
wavePE_nodrop,4,6,21.749457266423114
wavePE_nodrop,4,6,23.25464830308511
wavePE_nodrop,4,6,27.515248682019777
wavePE_nodrop,4,6,32.78459950700929
wavePE_nodrop,4,6,35.40759899344582
wavePE_nodrop,4,6,37.741860484492996
wavePE_nodrop,4,6,17.683319204531596
wavePE_nodrop,4,6,17.202564537612222
wavePE_nodrop,4,6,25.081082795756032
wavePE_nodrop,4,6,19.45248165520467
wavePE_nodrop,4,6,32.98010395192334
wavePE_nodrop,4,6,33.96005062539238
wavePE_nodrop,4,6,17.956854930184388
wavePE_nodrop,4,6,14.726871438345931
learnedPE_drop,4,0,93.67568373041675
learnedPE_drop,4,1,92.48036582424419
learnedPE_drop,4,1,91.67436525870451
learnedPE_drop,4,1,93.4269242606939
learnedPE_drop,4,1,93.24119663740298
learnedPE_drop,4,1,93.31759294117414
learnedPE_drop,4,1,92.78800663230146
learnedPE_drop,4,1,93.59087760051645
learnedPE_drop,4,1,93.11478087816941
learnedPE_drop,4,1,93.288452498056
learnedPE_drop,4,1,93.78859500138358
learnedPE_drop,4,2,86.17223016007523
learnedPE_drop,4,2,92.1077751341373
learnedPE_drop,4,2,91.75396496613568
learnedPE_drop,4,2,92.50380361904797
learnedPE_drop,4,2,91.07449425076739
learnedPE_drop,4,2,92.12705520018474
learnedPE_drop,4,2,91.71071627081864
learnedPE_drop,4,2,92.24626926604796
learnedPE_drop,4,2,92.37485042853967
learnedPE_drop,4,2,90.51796637596024
learnedPE_drop,4,2,90.08024874967715
learnedPE_drop,4,2,90.6912317598399
learnedPE_drop,4,2,89.1886301499406
learnedPE_drop,4,2,91.69566017946441
learnedPE_drop,4,2,91.60727387128014
learnedPE_drop,4,2,91.75862513973023
learnedPE_drop,4,2,92.53187434847385
learnedPE_drop,4,2,90.97942089608506
learnedPE_drop,4,2,92.9514321673522
learnedPE_drop,4,2,92.2475541100518
learnedPE_drop,4,2,93.34329812009192
learnedPE_drop,4,2,92.74638471238258
learnedPE_drop,4,2,92.96956156721406
learnedPE_drop,4,2,93.47022708845496
learnedPE_drop,4,2,92.09188313425773
learnedPE_drop,4,2,91.99573713509608
learnedPE_drop,4,2,93.12046630730875
learnedPE_drop,4,2,92.69678166762556
learnedPE_drop,4,2,92.68674439437248
learnedPE_drop,4,2,93.43604668440224
learnedPE_drop,4,2,91.95159967148996
learnedPE_drop,4,2,93.40286996281661
learnedPE_drop,4,2,92.7794683972067
learnedPE_drop,4,2,92.84816325490169
learnedPE_drop,4,2,93.49466223315133
learnedPE_drop,4,2,92.40183293646898
learnedPE_drop,4,2,91.4534968550452
learnedPE_drop,4,2,92.39368638808143
learnedPE_drop,4,2,93.20879634141782
learnedPE_drop,4,2,93.08458309893574
learnedPE_drop,4,2,92.69419129844457
learnedPE_drop,4,2,93.49609462754374
learnedPE_drop,4,2,92.4780430446665
learnedPE_drop,4,2,91.5085888478958
learnedPE_drop,4,2,92.52314760842538
learnedPE_drop,4,3,83.34327840370239
learnedPE_drop,4,3,80.15203143766594
learnedPE_drop,4,3,84.02262192927661
learnedPE_drop,4,3,79.55931173701164
learnedPE_drop,4,3,85.04624647891272
learnedPE_drop,4,3,84.9744073006237
learnedPE_drop,4,3,85.30454552336954
learnedPE_drop,4,3,87.8847086784748
learnedPE_drop,4,3,86.7325328700433
learnedPE_drop,4,3,91.71256436545427
learnedPE_drop,4,3,90.60581957552778
learnedPE_drop,4,3,92.01153485335611
learnedPE_drop,4,3,91.31901730457817
learnedPE_drop,4,3,91.68994745529267
learnedPE_drop,4,3,92.17452182641495
learnedPE_drop,4,3,90.7057522729694
learnedPE_drop,4,3,89.34593133139586
learnedPE_drop,4,3,91.40667529043537
learnedPE_drop,4,3,90.74165989113396
learnedPE_drop,4,3,91.28137680885405
learnedPE_drop,4,3,91.59944368356878
learnedPE_drop,4,3,90.96598329548473
learnedPE_drop,4,3,91.96612620457725
learnedPE_drop,4,3,90.56513836697964
learnedPE_drop,4,3,91.48252200336675
learnedPE_drop,4,3,91.95559735390577
learnedPE_drop,4,3,89.74452940744628
learnedPE_drop,4,3,88.83605555255744
learnedPE_drop,4,3,90.5594202436902
learnedPE_drop,4,3,91.42412111202943
learnedPE_drop,4,3,91.81036133760901
learnedPE_drop,4,3,90.48604313870955
learnedPE_drop,4,3,92.11347064545645
learnedPE_drop,4,3,90.45350936523452
learnedPE_drop,4,3,89.63272131721726
learnedPE_drop,4,3,91.03004216577513
learnedPE_drop,4,3,84.84090175660737
learnedPE_drop,4,3,88.35941734588029
learnedPE_drop,4,3,88.80357990222633
learnedPE_drop,4,3,90.55559276716632
learnedPE_drop,4,3,90.35562346810069
learnedPE_drop,4,3,90.17702838674437
learnedPE_drop,4,3,91.47616774320349
learnedPE_drop,4,3,86.75609493683318
learnedPE_drop,4,3,87.93932325444125
learnedPE_drop,4,3,90.27690556516895
learnedPE_drop,4,3,90.03119939885244
learnedPE_drop,4,3,90.14371729847306
learnedPE_drop,4,3,91.26018715322279
learnedPE_drop,4,3,88.46869927136518
learnedPE_drop,4,3,90.99769527853144
learnedPE_drop,4,3,90.56842220350256
learnedPE_drop,4,3,90.80825920858668
learnedPE_drop,4,3,91.56095071222101
learnedPE_drop,4,3,88.77674244259757
learnedPE_drop,4,3,85.46352758629132
learnedPE_drop,4,3,89.17809158643588
learnedPE_drop,4,3,90.60415822200896
learnedPE_drop,4,3,91.09233774082571
learnedPE_drop,4,3,90.63217826661116
learnedPE_drop,4,3,92.29269777598715
learnedPE_drop,4,3,91.44040493368988
learnedPE_drop,4,3,90.28466529111031
learnedPE_drop,4,3,91.28684229782323
learnedPE_drop,4,3,86.67652523477645
learnedPE_drop,4,3,89.55049985022956
learnedPE_drop,4,3,90.8844185085475
learnedPE_drop,4,3,88.86670483935629
learnedPE_drop,4,3,90.57193569496678
learnedPE_drop,4,3,91.35481306879663
learnedPE_drop,4,3,91.66079364950929
learnedPE_drop,4,3,92.82372721082399
learnedPE_drop,4,3,92.45889053984459
learnedPE_drop,4,3,92.45485642317095
learnedPE_drop,4,3,92.9977640757297
learnedPE_drop,4,3,91.67542519087804
learnedPE_drop,4,3,90.75354999958628
learnedPE_drop,4,3,92.11523855874582
learnedPE_drop,4,3,92.793037787454
learnedPE_drop,4,3,92.76481785414174
learnedPE_drop,4,3,92.23722849535191
learnedPE_drop,4,3,93.31310124502743
learnedPE_drop,4,3,91.8312560426866
learnedPE_drop,4,3,90.92926792279256
learnedPE_drop,4,3,92.5343374263568
learnedPE_drop,4,3,90.48083786198934
learnedPE_drop,4,3,92.2770152988516
learnedPE_drop,4,3,90.86349438030584
learnedPE_drop,4,3,91.5229156018627
learnedPE_drop,4,3,91.8063708773038
learnedPE_drop,4,3,91.36492132320383
learnedPE_drop,4,3,89.87909595949874
learnedPE_drop,4,3,91.78028153868972
learnedPE_drop,4,3,92.27615505302849
learnedPE_drop,4,3,92.5413856642018
learnedPE_drop,4,3,91.96751374164872
learnedPE_drop,4,3,93.02566021410915
learnedPE_drop,4,3,92.02045573961725
learnedPE_drop,4,3,91.21136177265686
learnedPE_drop,4,3,91.92791948675291
learnedPE_drop,4,3,91.44717719836405
learnedPE_drop,4,3,90.52762480424961
learnedPE_drop,4,3,91.83476586391865
learnedPE_drop,4,3,92.84990263945244
learnedPE_drop,4,3,93.0640733502613
learnedPE_drop,4,3,92.238265015694
learnedPE_drop,4,3,93.4213735199892
learnedPE_drop,4,3,92.01288059526271
learnedPE_drop,4,3,90.44668213322936
learnedPE_drop,4,3,91.97901431991274
learnedPE_drop,4,3,90.79246151715283
learnedPE_drop,4,3,91.2647113186621
learnedPE_drop,4,3,92.8609448960906
learnedPE_drop,4,3,90.92286111528693
learnedPE_drop,4,3,86.76634304953109
learnedPE_drop,4,3,91.67068228792412
learnedPE_drop,4,3,90.77071548699514
learnedPE_drop,4,3,92.17294691367402
learnedPE_drop,4,3,90.45246008234956
learnedPE_drop,4,3,88.12355869412687
learnedPE_drop,4,4,67.73605922043066
learnedPE_drop,4,4,75.22786658204362
learnedPE_drop,4,4,80.55877309489937
learnedPE_drop,4,4,81.43880874276464
learnedPE_drop,4,4,79.9368323068006
learnedPE_drop,4,4,82.49019730808685
learnedPE_drop,4,4,86.12785594553523
learnedPE_drop,4,4,72.84456193254165
learnedPE_drop,4,4,74.34585027874805
learnedPE_drop,4,4,73.96948558343372
learnedPE_drop,4,4,75.1257948619842
learnedPE_drop,4,4,78.93137153745144
learnedPE_drop,4,4,79.95726145482489
learnedPE_drop,4,4,76.01892038934082
learnedPE_drop,4,4,84.32992322816371
learnedPE_drop,4,4,81.78975135758594
learnedPE_drop,4,4,82.30336603726735
learnedPE_drop,4,4,86.1688479557252
learnedPE_drop,4,4,76.23713059182703
learnedPE_drop,4,4,66.05698013819206
learnedPE_drop,4,4,77.55777642268767
learnedPE_drop,4,4,80.4288802375845
learnedPE_drop,4,4,83.78928526815012
learnedPE_drop,4,4,81.10477486068788
learnedPE_drop,4,4,85.76622968087383
learnedPE_drop,4,4,85.68312252167622
learnedPE_drop,4,4,84.91588199245122
learnedPE_drop,4,4,85.19964518352086
learnedPE_drop,4,4,57.89600643763564
learnedPE_drop,4,4,85.23079158417812
learnedPE_drop,4,4,86.49871866505893
learnedPE_drop,4,4,83.06479440109797
learnedPE_drop,4,4,85.60762813448964
learnedPE_drop,4,4,87.15490443491069
learnedPE_drop,4,4,90.63719819883617
learnedPE_drop,4,4,91.72327917573205
learnedPE_drop,4,4,90.46728997181826
learnedPE_drop,4,4,91.49544891975265
learnedPE_drop,4,4,91.6836142680453
learnedPE_drop,4,4,89.227412999452
learnedPE_drop,4,4,87.89879606726915
learnedPE_drop,4,4,89.83756605038603
learnedPE_drop,4,4,90.66218289691592
learnedPE_drop,4,4,91.59568017991863
learnedPE_drop,4,4,90.44879739776843
learnedPE_drop,4,4,91.83291203236246
learnedPE_drop,4,4,89.79529351459125
learnedPE_drop,4,4,88.88113483884081
learnedPE_drop,4,4,90.97003564204395
learnedPE_drop,4,4,88.45747628655664
learnedPE_drop,4,4,90.75163396485095
learnedPE_drop,4,4,88.20744313301685
learnedPE_drop,4,4,90.02468993813221
learnedPE_drop,4,4,89.34212270157438
learnedPE_drop,4,4,88.23209041731512
learnedPE_drop,4,4,86.6763485910375
learnedPE_drop,4,4,89.28151257634711
learnedPE_drop,4,4,89.34963809460808
learnedPE_drop,4,4,90.56525579174759
learnedPE_drop,4,4,89.72254651583147
learnedPE_drop,4,4,90.85609019942149
learnedPE_drop,4,4,89.67048496564347
learnedPE_drop,4,4,89.1247429714462
learnedPE_drop,4,4,90.1109822468009
learnedPE_drop,4,4,89.7007179659164
learnedPE_drop,4,4,87.14956215402498
learnedPE_drop,4,4,90.84568404214939
learnedPE_drop,4,4,91.5233262797841
learnedPE_drop,4,4,91.23690697109616
learnedPE_drop,4,4,89.7235961346685
learnedPE_drop,4,4,91.54200455308201
learnedPE_drop,4,4,89.05578638638872
learnedPE_drop,4,4,87.4855563670567
learnedPE_drop,4,4,89.75304663357343
learnedPE_drop,4,4,86.9807322104173
learnedPE_drop,4,4,87.6908407269472
learnedPE_drop,4,4,90.39650907397734
learnedPE_drop,4,4,88.36447733396597
learnedPE_drop,4,4,83.26310432736604
learnedPE_drop,4,4,88.95820005405886
learnedPE_drop,4,4,85.54297189239189
learnedPE_drop,4,4,90.13528260255319
learnedPE_drop,4,4,88.07379764088249
learnedPE_drop,4,4,83.27212105959285
learnedPE_drop,4,4,45.99481467104384
learnedPE_drop,4,4,79.45044342088441
learnedPE_drop,4,4,84.97310753510092
learnedPE_drop,4,4,83.00759099753644
learnedPE_drop,4,4,83.81723032303113
learnedPE_drop,4,4,85.3981954227563
learnedPE_drop,4,4,86.07116259572318
learnedPE_drop,4,4,88.75059733080198
learnedPE_drop,4,4,88.36244500238887
learnedPE_drop,4,4,88.41099499306844
learnedPE_drop,4,4,89.83335910301871
learnedPE_drop,4,4,87.48228701800107
learnedPE_drop,4,4,84.82701409542375
learnedPE_drop,4,4,88.42532740689771
learnedPE_drop,4,4,89.93652784219901
learnedPE_drop,4,4,90.71150036185267
learnedPE_drop,4,4,89.1607996518494
learnedPE_drop,4,4,91.21071472071797
learnedPE_drop,4,4,89.81207104282896
learnedPE_drop,4,4,89.08363476409964
learnedPE_drop,4,4,90.46226185211106
learnedPE_drop,4,4,84.86773469156607
learnedPE_drop,4,4,87.60382806477554
learnedPE_drop,4,4,84.36890725029691
learnedPE_drop,4,4,86.90489472985973
learnedPE_drop,4,4,88.03361279837344
learnedPE_drop,4,4,87.9366980302672
learnedPE_drop,4,4,82.00331955887361
learnedPE_drop,4,4,88.02801504220223
learnedPE_drop,4,4,89.36399124402257
learnedPE_drop,4,4,89.66471693461442
learnedPE_drop,4,4,87.71745895106386
learnedPE_drop,4,4,90.53695660053613
learnedPE_drop,4,4,89.68798078741304
learnedPE_drop,4,4,89.24459023790129
learnedPE_drop,4,4,89.56475970949717
learnedPE_drop,4,4,88.23549958859927
learnedPE_drop,4,4,84.00973388731802
learnedPE_drop,4,4,88.80456611617409
learnedPE_drop,4,4,89.93711891163737
learnedPE_drop,4,4,90.83053455728982
learnedPE_drop,4,4,89.67496037589628
learnedPE_drop,4,4,91.80580134008981
learnedPE_drop,4,4,91.02699622516556
learnedPE_drop,4,4,89.26211946366455
learnedPE_drop,4,4,90.70706334080306
learnedPE_drop,4,4,82.67478061312192
learnedPE_drop,4,4,86.61358335688605
learnedPE_drop,4,4,89.18884468401968
learnedPE_drop,4,4,86.92724001542055
learnedPE_drop,4,4,84.25955483368861
learnedPE_drop,4,4,89.33351761773054
learnedPE_drop,4,4,89.22084521312206
learnedPE_drop,4,4,90.02453117837635
learnedPE_drop,4,4,84.94323989468154
learnedPE_drop,4,4,82.78767583328714
learnedPE_drop,4,4,80.35650035980731
learnedPE_drop,4,4,85.96034927881236
learnedPE_drop,4,4,78.41572742464564
learnedPE_drop,4,4,86.28619088107119
learnedPE_drop,4,4,82.16066181845719
learnedPE_drop,4,4,88.41070229644048
learnedPE_drop,4,4,85.87134761722072
learnedPE_drop,4,4,88.96759340611658
learnedPE_drop,4,4,90.07723399795842
learnedPE_drop,4,4,88.25203632491095
learnedPE_drop,4,4,89.85138390391666
learnedPE_drop,4,4,90.70847692461986
learnedPE_drop,4,4,89.04302231321914
learnedPE_drop,4,4,86.36233044013464
learnedPE_drop,4,4,89.94343183583902
learnedPE_drop,4,4,91.08318557029773
learnedPE_drop,4,4,90.09786893268745
learnedPE_drop,4,4,91.36901412335294
learnedPE_drop,4,4,92.23581495977653
learnedPE_drop,4,4,92.14507801781747
learnedPE_drop,4,4,91.84029724252476
learnedPE_drop,4,4,92.66406396081057
learnedPE_drop,4,4,91.42289466553551
learnedPE_drop,4,4,88.51277116029046
learnedPE_drop,4,4,91.68699255070636
learnedPE_drop,4,4,89.81549054962213
learnedPE_drop,4,4,90.35723780748903
learnedPE_drop,4,4,92.0795380403541
learnedPE_drop,4,4,90.09805737919969
learnedPE_drop,4,4,87.8951628816844
learnedPE_drop,4,4,91.91364211191897
learnedPE_drop,4,4,90.07513336055177
learnedPE_drop,4,4,91.34573494968174
learnedPE_drop,4,4,90.45116752493283
learnedPE_drop,4,4,88.27630782680194
learnedPE_drop,4,4,89.78189644576892
learnedPE_drop,4,4,86.92144599888132
learnedPE_drop,4,4,90.18160706919409
learnedPE_drop,4,4,90.6208903881689
learnedPE_drop,4,4,90.75802788447878
learnedPE_drop,4,4,90.77621164347937
learnedPE_drop,4,4,90.82516634684326
learnedPE_drop,4,4,89.37470835570826
learnedPE_drop,4,4,87.33395610076965
learnedPE_drop,4,4,89.33394888252228
learnedPE_drop,4,4,88.8174626844461
learnedPE_drop,4,4,90.2756204585077
learnedPE_drop,4,4,91.25162955287296
learnedPE_drop,4,4,89.82205402032368
learnedPE_drop,4,4,82.99233387986102
learnedPE_drop,4,4,90.96599507612189
learnedPE_drop,4,4,90.0102797390856
learnedPE_drop,4,4,91.22760742333136
learnedPE_drop,4,4,89.42027698575232
learnedPE_drop,4,4,87.13388625597293
learnedPE_drop,4,4,89.11346784238374
learnedPE_drop,4,4,90.17150643468041
learnedPE_drop,4,4,91.97434332955248
learnedPE_drop,4,4,89.71197610008849
learnedPE_drop,4,4,86.38915074306932
learnedPE_drop,4,4,91.37469633207911
learnedPE_drop,4,4,89.8244646209215
learnedPE_drop,4,4,91.48120000706356
learnedPE_drop,4,4,90.24411518248881
learnedPE_drop,4,4,85.98522881145614
learnedPE_drop,4,4,88.00256187121062
learnedPE_drop,4,4,86.3081582302214
learnedPE_drop,4,4,87.38717176592579
learnedPE_drop,4,4,68.26227711760393
learnedPE_drop,4,4,74.46223315569644
learnedPE_drop,4,5,22.210892407169048
learnedPE_drop,4,5,65.201271747944
learnedPE_drop,4,5,61.283277069301654
learnedPE_drop,4,5,61.176629692647374
learnedPE_drop,4,5,64.64437264908356
learnedPE_drop,4,5,65.71677765026749
learnedPE_drop,4,5,64.86657341014985
learnedPE_drop,4,5,75.08759561391155
learnedPE_drop,4,5,73.81707554657173
learnedPE_drop,4,5,74.45272499391515
learnedPE_drop,4,5,78.5540603387401
learnedPE_drop,4,5,74.88821908838163
learnedPE_drop,4,5,58.40333428288267
learnedPE_drop,4,5,78.31250164059324
learnedPE_drop,4,5,83.13375307543109
learnedPE_drop,4,5,78.7328352204483
learnedPE_drop,4,5,78.0148043983167
learnedPE_drop,4,5,84.13798288451902
learnedPE_drop,4,5,79.6699681784936
learnedPE_drop,4,5,80.16265057480796
learnedPE_drop,4,5,83.16205836278995
learnedPE_drop,4,5,64.41724415769927
learnedPE_drop,4,5,68.32516938302786
learnedPE_drop,4,5,64.97276516439432
learnedPE_drop,4,5,71.71933194563786
learnedPE_drop,4,5,71.83465122601385
learnedPE_drop,4,5,64.18812598737681
learnedPE_drop,4,5,46.30538196116034
learnedPE_drop,4,5,72.50214113093203
learnedPE_drop,4,5,72.91332796720246
learnedPE_drop,4,5,71.87090883255576
learnedPE_drop,4,5,71.9598024858854
learnedPE_drop,4,5,72.31518636399862
learnedPE_drop,4,5,75.05988570448154
learnedPE_drop,4,5,72.60213223691714
learnedPE_drop,4,5,72.1329030947864
learnedPE_drop,4,5,67.60059287949709
learnedPE_drop,4,5,59.31860765126666
learnedPE_drop,4,5,73.13856772759972
learnedPE_drop,4,5,78.8140889667826
learnedPE_drop,4,5,82.83515042289643
learnedPE_drop,4,5,78.13238292280849
learnedPE_drop,4,5,86.27345547878154
learnedPE_drop,4,5,82.01931530761539
learnedPE_drop,4,5,83.57381078187152
learnedPE_drop,4,5,83.4661658721503
learnedPE_drop,4,5,60.04086525568901
learnedPE_drop,4,5,69.25211876081978
learnedPE_drop,4,5,75.4151904801668
learnedPE_drop,4,5,59.47243491504784
learnedPE_drop,4,5,61.43156778482142
learnedPE_drop,4,5,75.89333658264826
learnedPE_drop,4,5,76.45207831277303
learnedPE_drop,4,5,83.32262504737126
learnedPE_drop,4,5,66.50993039386493
learnedPE_drop,4,5,74.84897535093484
learnedPE_drop,4,5,44.22951405601753
learnedPE_drop,4,5,59.24738544267356
learnedPE_drop,4,5,53.65775674323262
learnedPE_drop,4,5,56.82179404282143
learnedPE_drop,4,5,50.38615413467018
learnedPE_drop,4,5,84.91975932570493
learnedPE_drop,4,5,79.29323221689933
learnedPE_drop,4,5,83.70265450783995
learnedPE_drop,4,5,85.39487351381042
learnedPE_drop,4,5,82.37097822955563
learnedPE_drop,4,5,84.0058818701844
learnedPE_drop,4,5,86.5350469349122
learnedPE_drop,4,5,82.58389084814418
learnedPE_drop,4,5,81.8644064461008
learnedPE_drop,4,5,85.36137945379701
learnedPE_drop,4,5,90.15649585828794
learnedPE_drop,4,5,85.24831644531412
learnedPE_drop,4,5,90.6816727625307
learnedPE_drop,4,5,90.99202781550566
learnedPE_drop,4,5,90.84016406236319
learnedPE_drop,4,5,90.21119774039441
learnedPE_drop,4,5,90.92079979656124
learnedPE_drop,4,5,88.25070354356916
learnedPE_drop,4,5,86.55346655104002
learnedPE_drop,4,5,89.46008719350394
learnedPE_drop,4,5,85.07547009351543
learnedPE_drop,4,5,86.04315036739051
learnedPE_drop,4,5,88.89457724190488
learnedPE_drop,4,5,87.15618036516987
learnedPE_drop,4,5,83.11823681660309
learnedPE_drop,4,5,88.1811665485112
learnedPE_drop,4,5,86.09292841875286
learnedPE_drop,4,5,90.13502440250639
learnedPE_drop,4,5,87.34849762834749
learnedPE_drop,4,5,83.74683788513944
learnedPE_drop,4,5,88.51478561556907
learnedPE_drop,4,5,80.28155303098909
learnedPE_drop,4,5,88.94947720264557
learnedPE_drop,4,5,87.73920412605459
learnedPE_drop,4,5,88.7513859227152
learnedPE_drop,4,5,88.61525857901906
learnedPE_drop,4,5,88.39865034415251
learnedPE_drop,4,5,85.71797812272312
learnedPE_drop,4,5,84.04916540569917
learnedPE_drop,4,5,85.03661333951014
learnedPE_drop,4,5,84.94083773577314
learnedPE_drop,4,5,86.7567941943177
learnedPE_drop,4,5,87.51221697070822
learnedPE_drop,4,5,86.46582914351194
learnedPE_drop,4,5,80.4996880974556
learnedPE_drop,4,5,87.01114717645186
learnedPE_drop,4,5,84.01573597717486
learnedPE_drop,4,5,89.49707642936224
learnedPE_drop,4,5,87.13287139044012
learnedPE_drop,4,5,82.06298792652828
learnedPE_drop,4,5,83.97798479601185
learnedPE_drop,4,5,87.87255867363422
learnedPE_drop,4,5,90.37244976287859
learnedPE_drop,4,5,85.51893858650892
learnedPE_drop,4,5,81.8364457484473
learnedPE_drop,4,5,87.63811579371789
learnedPE_drop,4,5,83.53094149692684
learnedPE_drop,4,5,89.24537725949288
learnedPE_drop,4,5,85.81946722310872
learnedPE_drop,4,5,77.29679169129003
learnedPE_drop,4,5,84.65911266185194
learnedPE_drop,4,5,81.28842670374321
learnedPE_drop,4,5,82.09087477730328
learnedPE_drop,4,5,60.703023752287336
learnedPE_drop,4,5,63.043760160898366
learnedPE_drop,4,5,33.094845103861125
learnedPE_drop,4,5,45.68209635750187
learnedPE_drop,4,5,43.7043609296055
learnedPE_drop,4,5,46.53215619485995
learnedPE_drop,4,5,47.94019950386132
learnedPE_drop,4,5,77.63183199866384
learnedPE_drop,4,5,73.75423814928239
learnedPE_drop,4,5,78.89553133222982
learnedPE_drop,4,5,79.87819103883015
learnedPE_drop,4,5,81.10537618224785
learnedPE_drop,4,5,82.73359405378854
learnedPE_drop,4,5,85.34387030224708
learnedPE_drop,4,5,83.51345036830108
learnedPE_drop,4,5,82.32640214661706
learnedPE_drop,4,5,82.87218593545502
learnedPE_drop,4,5,82.69597633302108
learnedPE_drop,4,5,82.45672423046277
learnedPE_drop,4,5,86.67726051657101
learnedPE_drop,4,5,88.31244617495292
learnedPE_drop,4,5,89.0053581101635
learnedPE_drop,4,5,87.41398133296514
learnedPE_drop,4,5,90.06103224369375
learnedPE_drop,4,5,88.43321626805559
learnedPE_drop,4,5,86.78990229530805
learnedPE_drop,4,5,88.91166214065449
learnedPE_drop,4,5,82.78269098485735
learnedPE_drop,4,5,84.7312710440718
learnedPE_drop,4,5,88.0419608230991
learnedPE_drop,4,5,84.4614384921542
learnedPE_drop,4,5,82.76848122938723
learnedPE_drop,4,5,89.1795042923279
learnedPE_drop,4,5,87.83274434612632
learnedPE_drop,4,5,88.78398326646273
learnedPE_drop,4,5,83.4541276723175
learnedPE_drop,4,5,85.68617017100092
learnedPE_drop,4,5,83.0657488598667
learnedPE_drop,4,5,75.33388092915143
learnedPE_drop,4,5,85.30788930539023
learnedPE_drop,4,5,86.22507473774662
learnedPE_drop,4,5,86.29632146459944
learnedPE_drop,4,5,85.33836722195724
learnedPE_drop,4,5,88.2087663188426
learnedPE_drop,4,5,85.22620560818831
learnedPE_drop,4,5,83.87498507863052
learnedPE_drop,4,5,86.68011007281203
learnedPE_drop,4,5,80.66332098942459
learnedPE_drop,4,5,85.00912409811221
learnedPE_drop,4,5,88.2894275068577
learnedPE_drop,4,5,81.09011591938737
learnedPE_drop,4,5,78.36111871253175
learnedPE_drop,4,5,87.73545984520754
learnedPE_drop,4,5,86.66330773262474
learnedPE_drop,4,5,88.70168089779192
learnedPE_drop,4,5,81.36361565789892
learnedPE_drop,4,5,81.85202315628163
learnedPE_drop,4,5,81.41900836408792
learnedPE_drop,4,5,85.62909882585534
learnedPE_drop,4,5,88.71837752046834
learnedPE_drop,4,5,84.97103692804555
learnedPE_drop,4,5,84.2967800773032
learnedPE_drop,4,5,88.8202901323936
learnedPE_drop,4,5,88.36549465063464
learnedPE_drop,4,5,88.64990831077742
learnedPE_drop,4,5,82.1977854700279
learnedPE_drop,4,5,82.74542081611239
learnedPE_drop,4,5,78.65920142323371
learnedPE_drop,4,5,84.16077218736805
learnedPE_drop,4,5,79.36619216489095
learnedPE_drop,4,5,70.45405287657591
learnedPE_drop,4,5,70.07714597272742
learnedPE_drop,4,5,81.29720693591213
learnedPE_drop,4,5,69.93987049038964
learnedPE_drop,4,5,80.27912294346623
learnedPE_drop,4,5,77.6035391462609
learnedPE_drop,4,5,76.55362220856803
learnedPE_drop,4,5,84.0348671533179
learnedPE_drop,4,5,80.36283203406703
learnedPE_drop,4,5,78.53619776510172
learnedPE_drop,4,5,74.92932302915192
learnedPE_drop,4,5,80.15397358397163
learnedPE_drop,4,5,83.85471795914032
learnedPE_drop,4,5,86.52452259151224
learnedPE_drop,4,5,88.86787076550702
learnedPE_drop,4,5,85.1968497524374
learnedPE_drop,4,5,83.99063732734824
learnedPE_drop,4,5,88.77285072226275
learnedPE_drop,4,5,84.77357458633672
learnedPE_drop,4,5,85.48219782716953
learnedPE_drop,4,5,87.65548553360134
learnedPE_drop,4,5,83.29044709871106
learnedPE_drop,4,5,88.7403151841772
learnedPE_drop,4,5,89.76093105318041
learnedPE_drop,4,5,91.7290835844289
learnedPE_drop,4,5,89.18892237534828
learnedPE_drop,4,5,85.86734995317495
learnedPE_drop,4,5,91.39990279443589
learnedPE_drop,4,5,89.52331970040832
learnedPE_drop,4,5,89.51484889155195
learnedPE_drop,4,5,90.11986708610152
learnedPE_drop,4,5,84.9588788440889
learnedPE_drop,4,5,86.64172531254039
learnedPE_drop,4,5,87.36788372876288
learnedPE_drop,4,5,87.94870998730416
learnedPE_drop,4,5,77.98065649465008
learnedPE_drop,4,5,74.29002728744571
learnedPE_drop,4,5,84.43116478606328
learnedPE_drop,4,5,88.0527221037523
learnedPE_drop,4,5,89.73038542556422
learnedPE_drop,4,5,85.12152392846588
learnedPE_drop,4,5,77.54795550559102
learnedPE_drop,4,5,88.7247620456017
learnedPE_drop,4,5,87.51414757849388
learnedPE_drop,4,5,87.35137137984592
learnedPE_drop,4,5,88.27034422329703
learnedPE_drop,4,5,80.02198369954434
learnedPE_drop,4,5,87.01185550642087
learnedPE_drop,4,5,81.47557655564167
learnedPE_drop,4,5,86.83303942997054
learnedPE_drop,4,5,66.04758960873895
learnedPE_drop,4,5,74.15352208296623
learnedPE_drop,4,5,84.4765661005354
learnedPE_drop,4,5,83.35824096007161
learnedPE_drop,4,5,86.11551576279271
learnedPE_drop,4,5,68.55018432997649
learnedPE_drop,4,5,73.78843336130754
learnedPE_drop,4,5,32.22191310990649
learnedPE_drop,4,6,15.323898529205234
learnedPE_drop,4,6,15.188885269212255
learnedPE_drop,4,6,21.12480105894629
learnedPE_drop,4,6,21.705470339998296
learnedPE_drop,4,6,21.562109740338105
learnedPE_drop,4,6,56.76105497520879
learnedPE_drop,4,6,36.24579225812112
learnedPE_drop,4,6,63.759090123602505
learnedPE_drop,4,6,57.28921391418458
learnedPE_drop,4,6,58.813692297987785
learnedPE_drop,4,6,60.082916310920375
learnedPE_drop,4,6,58.348765581338455
learnedPE_drop,4,6,57.74965239672494
learnedPE_drop,4,6,57.45291073658794
learnedPE_drop,4,6,57.64273678508318
learnedPE_drop,4,6,61.47091842442428
learnedPE_drop,4,6,48.57264633073495
learnedPE_drop,4,6,69.07910010837303
learnedPE_drop,4,6,78.05110929266303
learnedPE_drop,4,6,75.38589735207539
learnedPE_drop,4,6,70.00501974006738
learnedPE_drop,4,6,80.33755223468843
learnedPE_drop,4,6,73.93634343469991
learnedPE_drop,4,6,73.15289801161285
learnedPE_drop,4,6,77.3248026343873
learnedPE_drop,4,6,54.63487692892532
learnedPE_drop,4,6,67.59703545896664
learnedPE_drop,4,6,75.73110200455669
learnedPE_drop,4,6,53.51001857673911
learnedPE_drop,4,6,59.50675163571461
learnedPE_drop,4,6,77.90924769336358
learnedPE_drop,4,6,72.11371562765993
learnedPE_drop,4,6,77.85549087957418
learnedPE_drop,4,6,65.72507826134931
learnedPE_drop,4,6,67.15920638550945
learnedPE_drop,4,6,51.786908467032646
learnedPE_drop,4,6,36.503289554640126
learnedPE_drop,4,6,64.37397503916979
learnedPE_drop,4,6,68.95555858986852
learnedPE_drop,4,6,66.2347416707223
learnedPE_drop,4,6,63.722014461604914
learnedPE_drop,4,6,66.52459976176898
learnedPE_drop,4,6,67.53211777340438
learnedPE_drop,4,6,60.41094358245084
learnedPE_drop,4,6,67.33025586610817
learnedPE_drop,4,6,47.264847063976106
learnedPE_drop,4,6,59.34705573010275
learnedPE_drop,4,6,61.10693646699528
learnedPE_drop,4,6,44.01575248088478
learnedPE_drop,4,6,42.269415815667
learnedPE_drop,4,6,65.79625427743207
learnedPE_drop,4,6,68.0909469898746
learnedPE_drop,4,6,72.02924022839605
learnedPE_drop,4,6,55.63585558862826
learnedPE_drop,4,6,67.83709161588745
learnedPE_drop,4,6,55.54745466189549
learnedPE_drop,4,6,59.084876207204005
learnedPE_drop,4,6,68.65249428668314
learnedPE_drop,4,6,55.12876070997101
learnedPE_drop,4,6,61.295835526838324
learnedPE_drop,4,6,74.26656534324674
learnedPE_drop,4,6,73.33381692095745
learnedPE_drop,4,6,83.59320346163102
learnedPE_drop,4,6,65.68869209245025
learnedPE_drop,4,6,74.00793238647697
learnedPE_drop,4,6,49.982853267271935
learnedPE_drop,4,6,60.790435690781074
learnedPE_drop,4,6,55.452493878496725
learnedPE_drop,4,6,30.77477381575855
learnedPE_drop,4,6,51.03351853741028
learnedPE_drop,4,6,44.19795791763934
learnedPE_drop,4,6,38.85096243618843
learnedPE_drop,4,6,43.73175721540429
learnedPE_drop,4,6,38.97200982555121
learnedPE_drop,4,6,57.69848902588124
learnedPE_drop,4,6,56.91183232588158
learnedPE_drop,4,6,55.75240486866298
learnedPE_drop,4,6,53.08653376475849
learnedPE_drop,4,6,43.313342655730594
learnedPE_drop,4,6,47.89969466747261
learnedPE_drop,4,6,80.28887110237075
learnedPE_drop,4,6,80.05804491544149
learnedPE_drop,4,6,83.99022462428249
learnedPE_drop,4,6,79.82618690567763
learnedPE_drop,4,6,77.61132604901981
learnedPE_drop,4,6,79.84243174833772
learnedPE_drop,4,6,77.96120929825234
learnedPE_drop,4,6,81.90215848751201
learnedPE_drop,4,6,79.3321195187606
learnedPE_drop,4,6,77.50041748660745
learnedPE_drop,4,6,83.76532490002622
learnedPE_drop,4,6,88.73296976039478
learnedPE_drop,4,6,89.76882938358183
learnedPE_drop,4,6,84.01093120022189
learnedPE_drop,4,6,80.10396416547415
learnedPE_drop,4,6,86.89062959862093
learnedPE_drop,4,6,84.10098805239336
learnedPE_drop,4,6,87.71785448622008
learnedPE_drop,4,6,85.59931280211303
learnedPE_drop,4,6,76.91747559430846
learnedPE_drop,4,6,79.89768079222925
learnedPE_drop,4,6,79.75135537121383
learnedPE_drop,4,6,81.52244321018412
learnedPE_drop,4,6,62.0659006301264
learnedPE_drop,4,6,64.13703718087183
learnedPE_drop,4,6,82.1966417601941
learnedPE_drop,4,6,86.7982623379721
learnedPE_drop,4,6,87.18253740016874
learnedPE_drop,4,6,80.16123403909623
learnedPE_drop,4,6,72.91181800076252
learnedPE_drop,4,6,82.20749127483471
learnedPE_drop,4,6,79.93620045154628
learnedPE_drop,4,6,84.00383416255713
learnedPE_drop,4,6,81.97018549785979
learnedPE_drop,4,6,71.18295968154042
learnedPE_drop,4,6,83.0914451437835
learnedPE_drop,4,6,76.07770636930881
learnedPE_drop,4,6,78.87610667259453
learnedPE_drop,4,6,60.379497701010145
learnedPE_drop,4,6,63.05674686410676
learnedPE_drop,4,6,79.2841602985474
learnedPE_drop,4,6,79.54169630086494
learnedPE_drop,4,6,80.65142946815394
learnedPE_drop,4,6,55.48580636703749
learnedPE_drop,4,6,57.394478496145226
learnedPE_drop,4,6,24.81553511098454
learnedPE_drop,4,6,31.775555501506958
learnedPE_drop,4,6,30.015896276861838
learnedPE_drop,4,6,33.2996998119509
learnedPE_drop,4,6,36.09384617944041
learnedPE_drop,4,6,43.11574974206936
learnedPE_drop,4,6,42.01499929211191
learnedPE_drop,4,6,48.07317249548853
learnedPE_drop,4,6,45.77724894513652
learnedPE_drop,4,6,44.10186787858873
learnedPE_drop,4,6,47.26687376198173
learnedPE_drop,4,6,71.99757379684253
learnedPE_drop,4,6,73.62578730571502
learnedPE_drop,4,6,78.89987978878942
learnedPE_drop,4,6,70.54891249316927
learnedPE_drop,4,6,71.32270144866114
learnedPE_drop,4,6,78.06607186163586
learnedPE_drop,4,6,76.05588860132862
learnedPE_drop,4,6,80.7920418383207
learnedPE_drop,4,6,79.32742393768162
learnedPE_drop,4,6,78.16480505689101
learnedPE_drop,4,6,80.22552506915007
learnedPE_drop,4,6,82.3113880174317
learnedPE_drop,4,6,85.05790389863623
learnedPE_drop,4,6,82.76127053359946
learnedPE_drop,4,6,81.99395651218528
learnedPE_drop,4,6,87.84575765853964
learnedPE_drop,4,6,87.63036875396165
learnedPE_drop,4,6,87.0296522478911
learnedPE_drop,4,6,81.8135783474128
learnedPE_drop,4,6,83.8655219566735
learnedPE_drop,4,6,78.89842082928934
learnedPE_drop,4,6,82.7642853156706
learnedPE_drop,4,6,75.30220343449884
learnedPE_drop,4,6,72.38390651288846
learnedPE_drop,4,6,71.44861053225165
learnedPE_drop,4,6,75.04666420618028
learnedPE_drop,4,6,79.6152902446729
learnedPE_drop,4,6,84.13969850434977
learnedPE_drop,4,6,73.66891492201259
learnedPE_drop,4,6,72.74152713623883
learnedPE_drop,4,6,84.39766339036493
learnedPE_drop,4,6,82.3177325136849
learnedPE_drop,4,6,84.24008648650441
learnedPE_drop,4,6,77.0532128008373
learnedPE_drop,4,6,77.98401838601599
learnedPE_drop,4,6,75.91355106679477
learnedPE_drop,4,6,81.15460994977079
learnedPE_drop,4,6,79.1211498461463
learnedPE_drop,4,6,64.5188478199026
learnedPE_drop,4,6,69.83618610847972
learnedPE_drop,4,6,75.20451766903751
learnedPE_drop,4,6,79.62174907348627
learnedPE_drop,4,6,74.27235775326459
learnedPE_drop,4,6,70.67130770153373
learnedPE_drop,4,6,67.06710802085061
learnedPE_drop,4,6,33.36972007671146
learnedPE_drop,4,6,71.00460297444468
learnedPE_drop,4,6,80.23226204320927
learnedPE_drop,4,6,79.29836836659354
learnedPE_drop,4,6,70.7009852791905
learnedPE_drop,4,6,68.29831226092566
learnedPE_drop,4,6,76.54199353255929
learnedPE_drop,4,6,71.18224518217293
learnedPE_drop,4,6,72.02260024939953
learnedPE_drop,4,6,74.7610939630178
learnedPE_drop,4,6,70.67697466564886
learnedPE_drop,4,6,80.11586477434376
learnedPE_drop,4,6,81.47112074659262
learnedPE_drop,4,6,85.04207757140418
learnedPE_drop,4,6,76.53510422889671
learnedPE_drop,4,6,69.45789310184831
learnedPE_drop,4,6,84.00596520630445
learnedPE_drop,4,6,84.31559921241671
learnedPE_drop,4,6,87.47863456367304
learnedPE_drop,4,6,75.30041907037044
learnedPE_drop,4,6,71.33180957530001
learnedPE_drop,4,6,36.18898873520568
learnedPE_drop,4,6,81.33694894263452
learnedPE_drop,4,6,73.49402635053056
learnedPE_drop,4,6,84.46505461584447
learnedPE_drop,4,6,62.901320593613995
learnedPE_drop,4,6,70.53789294039817
learnedPE_drop,4,6,32.4134513324563
learnedPE_drop,4,6,26.86965392069626
wavePE_drop,4,0,94.54516355777939
wavePE_drop,4,1,93.59201647563472
wavePE_drop,4,1,93.11149976262372
wavePE_drop,4,1,94.04133691597121
wavePE_drop,4,1,94.19447988875405
wavePE_drop,4,1,94.01342505402093
wavePE_drop,4,1,94.14250197599739
wavePE_drop,4,1,94.3286718411066
wavePE_drop,4,1,93.8360229459917
wavePE_drop,4,1,93.95418245486542
wavePE_drop,4,1,94.12409854269319
wavePE_drop,4,2,90.29143551473899
wavePE_drop,4,2,93.15742334510547
wavePE_drop,4,2,93.60384174269747
wavePE_drop,4,2,93.21375594031174
wavePE_drop,4,2,93.21242268522734
wavePE_drop,4,2,93.52452936128931
wavePE_drop,4,2,92.52542919778682
wavePE_drop,4,2,93.41757438460492
wavePE_drop,4,2,93.59578403766177
wavePE_drop,4,2,92.16952985893592
wavePE_drop,4,2,92.13981287427936
wavePE_drop,4,2,92.57573099567455
wavePE_drop,4,2,92.10638529721471
wavePE_drop,4,2,92.74068423784804
wavePE_drop,4,2,92.37507130049374
wavePE_drop,4,2,92.52942099416184
wavePE_drop,4,2,92.80592027292494
wavePE_drop,4,2,93.42782337476123
wavePE_drop,4,2,93.58707378761959
wavePE_drop,4,2,93.52119547991961
wavePE_drop,4,2,93.96299402908981
wavePE_drop,4,2,93.36838866263389
wavePE_drop,4,2,93.58663630024037
wavePE_drop,4,2,93.83791559349267
wavePE_drop,4,2,92.74216735403215
wavePE_drop,4,2,93.4712685980076
wavePE_drop,4,2,94.14913732795762
wavePE_drop,4,2,93.63123053723551
wavePE_drop,4,2,93.73105041574286
wavePE_drop,4,2,93.82206076897111
wavePE_drop,4,2,93.6932556890144
wavePE_drop,4,2,94.26689855605267
wavePE_drop,4,2,93.09546187402402
wavePE_drop,4,2,93.61927520698774
wavePE_drop,4,2,93.98575068897902
wavePE_drop,4,2,92.95602684517921
wavePE_drop,4,2,92.4320631336921
wavePE_drop,4,2,93.69137591153394
wavePE_drop,4,2,93.82269795962004
wavePE_drop,4,2,93.43258345847903
wavePE_drop,4,2,93.75863680829433
wavePE_drop,4,2,93.93971562534
wavePE_drop,4,2,93.09829796961016
wavePE_drop,4,2,91.87651007795617
wavePE_drop,4,2,92.88663648639819
wavePE_drop,4,3,88.08584420081796
wavePE_drop,4,3,89.45608424626937
wavePE_drop,4,3,88.52150365824689
wavePE_drop,4,3,88.2789689663184
wavePE_drop,4,3,87.99170549838215
wavePE_drop,4,3,89.51475032063783
wavePE_drop,4,3,89.51510597387748
wavePE_drop,4,3,89.85416068942071
wavePE_drop,4,3,92.04552430347088
wavePE_drop,4,3,92.51591568557313
wavePE_drop,4,3,91.17781354561572
wavePE_drop,4,3,92.733288480578
wavePE_drop,4,3,91.55654340268937
wavePE_drop,4,3,92.63129622853594
wavePE_drop,4,3,92.77067285241742
wavePE_drop,4,3,92.23293363831546
wavePE_drop,4,3,92.56406814828486
wavePE_drop,4,3,93.46659312290224
wavePE_drop,4,3,92.59874865295271
wavePE_drop,4,3,93.07952244683445
wavePE_drop,4,3,93.51306570147946
wavePE_drop,4,3,92.11761142750095
wavePE_drop,4,3,92.87765376593943
wavePE_drop,4,3,91.70446854533117
wavePE_drop,4,3,92.8295054728228
wavePE_drop,4,3,93.17017212719948
wavePE_drop,4,3,92.52202845352538
wavePE_drop,4,3,89.8356264984777
wavePE_drop,4,3,93.23396237129602
wavePE_drop,4,3,92.96777956530612
wavePE_drop,4,3,91.76416826980942
wavePE_drop,4,3,92.76561599957004
wavePE_drop,4,3,93.28909443798996
wavePE_drop,4,3,91.65366103987807
wavePE_drop,4,3,90.12233829898297
wavePE_drop,4,3,91.9607139117238
wavePE_drop,4,3,89.66116850251339
wavePE_drop,4,3,91.13564978732818
wavePE_drop,4,3,90.63097317112174
wavePE_drop,4,3,91.62709561561397
wavePE_drop,4,3,91.51069618250422
wavePE_drop,4,3,91.27247530022836
wavePE_drop,4,3,91.89205559021367
wavePE_drop,4,3,90.90912257438295
wavePE_drop,4,3,90.42600134159831
wavePE_drop,4,3,91.69406462022664
wavePE_drop,4,3,91.77482137365791
wavePE_drop,4,3,91.5537915395987
wavePE_drop,4,3,92.09517803365355
wavePE_drop,4,3,91.45762327537388
wavePE_drop,4,3,92.67167158188637
wavePE_drop,4,3,91.94891213815553
wavePE_drop,4,3,91.78815528888516
wavePE_drop,4,3,92.4065674833348
wavePE_drop,4,3,91.01688543369661
wavePE_drop,4,3,89.5470385820113
wavePE_drop,4,3,91.61827954460155
wavePE_drop,4,3,92.0133470354451
wavePE_drop,4,3,92.17853471237996
wavePE_drop,4,3,91.7902949772625
wavePE_drop,4,3,92.31052668794221
wavePE_drop,4,3,91.5562804141598
wavePE_drop,4,3,91.21663802275302
wavePE_drop,4,3,91.36106220815077
wavePE_drop,4,3,87.44092873898452
wavePE_drop,4,3,91.58256723543343
wavePE_drop,4,3,93.10627714429367
wavePE_drop,4,3,92.17135916080474
wavePE_drop,4,3,92.92881626632575
wavePE_drop,4,3,93.15964744978204
wavePE_drop,4,3,92.88109015307984
wavePE_drop,4,3,93.70067960602297
wavePE_drop,4,3,92.77043871473495
wavePE_drop,4,3,93.1049512394918
wavePE_drop,4,3,93.60299749371326
wavePE_drop,4,3,92.24358209230985
wavePE_drop,4,3,91.46667175478898
wavePE_drop,4,3,92.99854809936258
wavePE_drop,4,3,93.32837904910907
wavePE_drop,4,3,93.00814285257832
wavePE_drop,4,3,93.38724477346378
wavePE_drop,4,3,93.77824733244734
wavePE_drop,4,3,92.24435174432213
wavePE_drop,4,3,91.73998028629204
wavePE_drop,4,3,92.48803157085688
wavePE_drop,4,3,90.32010396393684
wavePE_drop,4,3,92.99013672666567
wavePE_drop,4,3,91.7816065583554
wavePE_drop,4,3,92.12895585066023
wavePE_drop,4,3,92.48760939963121
wavePE_drop,4,3,92.40143910404672
wavePE_drop,4,3,91.94151065754748
wavePE_drop,4,3,92.98855257101377
wavePE_drop,4,3,93.34376136636227
wavePE_drop,4,3,92.86891021492349
wavePE_drop,4,3,93.45341471008972
wavePE_drop,4,3,93.81277293512184
wavePE_drop,4,3,92.57476507261157
wavePE_drop,4,3,91.88518459657513
wavePE_drop,4,3,92.72416570977158
wavePE_drop,4,3,92.90274135732997
wavePE_drop,4,3,91.1656009694546
wavePE_drop,4,3,93.40457404561957
wavePE_drop,4,3,93.47213705925593
wavePE_drop,4,3,92.90821360781123
wavePE_drop,4,3,93.35634178446574
wavePE_drop,4,3,94.02289889333433
wavePE_drop,4,3,91.95962887807198
wavePE_drop,4,3,90.30697934368828
wavePE_drop,4,3,92.72076856495886
wavePE_drop,4,3,91.15892441110333
wavePE_drop,4,3,91.95406045580263
wavePE_drop,4,3,92.8284983056981
wavePE_drop,4,3,90.67311946650537
wavePE_drop,4,3,89.47730085751327
wavePE_drop,4,3,92.71574982627232
wavePE_drop,4,3,91.19086612857517
wavePE_drop,4,3,91.10011012497965
wavePE_drop,4,3,92.5260528047915
wavePE_drop,4,3,88.3200357576726
wavePE_drop,4,4,83.6928194757759
wavePE_drop,4,4,86.1490786729156
wavePE_drop,4,4,84.36844534591816
wavePE_drop,4,4,84.2342505627568
wavePE_drop,4,4,86.36444792713169
wavePE_drop,4,4,86.99692253541032
wavePE_drop,4,4,88.10289381893685
wavePE_drop,4,4,88.17642945560003
wavePE_drop,4,4,87.75875431452104
wavePE_drop,4,4,86.36581623964896
wavePE_drop,4,4,88.24173370741487
wavePE_drop,4,4,88.52747699097027
wavePE_drop,4,4,88.60185366115574
wavePE_drop,4,4,84.07129191909964
wavePE_drop,4,4,87.30508640384113
wavePE_drop,4,4,87.26037606949706
wavePE_drop,4,4,86.87783106876462
wavePE_drop,4,4,87.97271412440291
wavePE_drop,4,4,77.34981048372377
wavePE_drop,4,4,73.99367295068687
wavePE_drop,4,4,87.11558899511903
wavePE_drop,4,4,84.23768478540106
wavePE_drop,4,4,85.06267969724526
wavePE_drop,4,4,85.93977684476978
wavePE_drop,4,4,87.6564573503914
wavePE_drop,4,4,87.99770950045178
wavePE_drop,4,4,82.64987488370743
wavePE_drop,4,4,83.5275629576651
wavePE_drop,4,4,67.03357826367407
wavePE_drop,4,4,87.35266634754846
wavePE_drop,4,4,91.60439359374277
wavePE_drop,4,4,90.15544480442162
wavePE_drop,4,4,91.66201199187603
wavePE_drop,4,4,92.08821102941454
wavePE_drop,4,4,90.06363732312276
wavePE_drop,4,4,92.31013495974565
wavePE_drop,4,4,91.1530246097397
wavePE_drop,4,4,92.54997282504594
wavePE_drop,4,4,92.5222426876599
wavePE_drop,4,4,89.61968554627498
wavePE_drop,4,4,87.4121576514143
wavePE_drop,4,4,91.60139557093667
wavePE_drop,4,4,90.95017136154783
wavePE_drop,4,4,91.01609101707105
wavePE_drop,4,4,92.21301543357356
wavePE_drop,4,4,92.56547724070684
wavePE_drop,4,4,90.68910984899273
wavePE_drop,4,4,89.7989078659108
wavePE_drop,4,4,91.17513967662791
wavePE_drop,4,4,89.28948017484323
wavePE_drop,4,4,92.37891227332882
wavePE_drop,4,4,90.15840224027333
wavePE_drop,4,4,91.90414561506948
wavePE_drop,4,4,91.93938286221797
wavePE_drop,4,4,90.88771395330821
wavePE_drop,4,4,89.10526558347111
wavePE_drop,4,4,92.39669024077686
wavePE_drop,4,4,92.60294195998952
wavePE_drop,4,4,91.05462035361732
wavePE_drop,4,4,92.40468100929542
wavePE_drop,4,4,93.4513343809329
wavePE_drop,4,4,91.62544007639553
wavePE_drop,4,4,90.49615544324759
wavePE_drop,4,4,91.44650290161924
wavePE_drop,4,4,90.28875113860433
wavePE_drop,4,4,87.74671560266178
wavePE_drop,4,4,92.1154269789519
wavePE_drop,4,4,91.70776723961112
wavePE_drop,4,4,90.94720415446365
wavePE_drop,4,4,92.2587934165398
wavePE_drop,4,4,93.05761779432468
wavePE_drop,4,4,90.47335592688103
wavePE_drop,4,4,88.32545024889336
wavePE_drop,4,4,91.25176859547388
wavePE_drop,4,4,88.61674877860912
wavePE_drop,4,4,90.35674258885985
wavePE_drop,4,4,91.94367079644938
wavePE_drop,4,4,88.32765952658319
wavePE_drop,4,4,82.6398452692668
wavePE_drop,4,4,91.83992255541307
wavePE_drop,4,4,87.57723749582183
wavePE_drop,4,4,89.12739518403968
wavePE_drop,4,4,89.64840381296351
wavePE_drop,4,4,86.00249287748152
wavePE_drop,4,4,21.72025972099772
wavePE_drop,4,4,83.57935593332195
wavePE_drop,4,4,89.05217019999291
wavePE_drop,4,4,89.05640970129514
wavePE_drop,4,4,88.92109140582014
wavePE_drop,4,4,89.37569287318104
wavePE_drop,4,4,89.66329574167686
wavePE_drop,4,4,91.16890745868605
wavePE_drop,4,4,90.45125964343369
wavePE_drop,4,4,90.01128783204554
wavePE_drop,4,4,90.89138154096325
wavePE_drop,4,4,86.37449421071399
wavePE_drop,4,4,87.68365175654033
wavePE_drop,4,4,90.00221712549865
wavePE_drop,4,4,90.45551757156804
wavePE_drop,4,4,90.86558304768212
wavePE_drop,4,4,90.32201469511311
wavePE_drop,4,4,91.25685340257091
wavePE_drop,4,4,90.50968820096857
wavePE_drop,4,4,90.26538437640703
wavePE_drop,4,4,90.07353867234849
wavePE_drop,4,4,87.03217026975439
wavePE_drop,4,4,91.06114078976593
wavePE_drop,4,4,89.93096354199157
wavePE_drop,4,4,89.53497733040246
wavePE_drop,4,4,90.2973606762933
wavePE_drop,4,4,88.82085038390352
wavePE_drop,4,4,86.15280134118727
wavePE_drop,4,4,89.80720564233597
wavePE_drop,4,4,90.79068716917111
wavePE_drop,4,4,90.8665318903332
wavePE_drop,4,4,90.13918316567704
wavePE_drop,4,4,91.21886746475826
wavePE_drop,4,4,90.78479597838425
wavePE_drop,4,4,90.63275466210736
wavePE_drop,4,4,89.64949279512
wavePE_drop,4,4,89.50406600340916
wavePE_drop,4,4,87.88819316342492
wavePE_drop,4,4,90.81941760437475
wavePE_drop,4,4,90.73617170763566
wavePE_drop,4,4,91.73611940062928
wavePE_drop,4,4,91.50353627360802
wavePE_drop,4,4,92.41854400853285
wavePE_drop,4,4,90.53756728781627
wavePE_drop,4,4,89.73828418354827
wavePE_drop,4,4,90.72223661016486
wavePE_drop,4,4,87.06261179434016
wavePE_drop,4,4,89.39695623102565
wavePE_drop,4,4,90.51271923783453
wavePE_drop,4,4,86.82526474810915
wavePE_drop,4,4,87.03179801678637
wavePE_drop,4,4,90.31953438145175
wavePE_drop,4,4,89.20963975416963
wavePE_drop,4,4,90.14377943865564
wavePE_drop,4,4,90.47676479710624
wavePE_drop,4,4,84.85760575914561
wavePE_drop,4,4,79.73545379127783
wavePE_drop,4,4,89.36507619709303
wavePE_drop,4,4,84.93276422555441
wavePE_drop,4,4,86.44687016416856
wavePE_drop,4,4,86.44743745696591
wavePE_drop,4,4,88.4340953354999
wavePE_drop,4,4,87.06286418854421
wavePE_drop,4,4,91.45741383892263
wavePE_drop,4,4,91.52523461496989
wavePE_drop,4,4,92.10334016700585
wavePE_drop,4,4,92.40652763127048
wavePE_drop,4,4,92.93912169195087
wavePE_drop,4,4,91.01653797712017
wavePE_drop,4,4,89.65650569722521
wavePE_drop,4,4,91.39944250610952
wavePE_drop,4,4,91.99701683107278
wavePE_drop,4,4,89.82076720829032
wavePE_drop,4,4,92.23591357120374
wavePE_drop,4,4,92.60544093086871
wavePE_drop,4,4,92.49158763556665
wavePE_drop,4,4,92.99648133948553
wavePE_drop,4,4,93.5623093048633
wavePE_drop,4,4,90.79385446932653
wavePE_drop,4,4,90.7873474358528
wavePE_drop,4,4,92.06265536036403
wavePE_drop,4,4,89.91963202922591
wavePE_drop,4,4,91.13932842001957
wavePE_drop,4,4,92.27978483676175
wavePE_drop,4,4,89.79565607672951
wavePE_drop,4,4,89.37546937479416
wavePE_drop,4,4,92.14581077401378
wavePE_drop,4,4,90.5750306937432
wavePE_drop,4,4,91.22705232830779
wavePE_drop,4,4,92.09182138907855
wavePE_drop,4,4,87.74610928171187
wavePE_drop,4,4,89.74973471015434
wavePE_drop,4,4,88.62606797912642
wavePE_drop,4,4,89.71352427655879
wavePE_drop,4,4,90.13979388615138
wavePE_drop,4,4,91.27017394084437
wavePE_drop,4,4,92.2585194114507
wavePE_drop,4,4,92.88870795345527
wavePE_drop,4,4,89.57006450719976
wavePE_drop,4,4,86.51189786150569
wavePE_drop,4,4,91.30009494146944
wavePE_drop,4,4,90.19615874469879
wavePE_drop,4,4,90.50191472804688
wavePE_drop,4,4,91.92379029188866
wavePE_drop,4,4,89.90991306282822
wavePE_drop,4,4,89.82814099952539
wavePE_drop,4,4,91.89561446745935
wavePE_drop,4,4,90.45434279376516
wavePE_drop,4,4,90.972043347116
wavePE_drop,4,4,92.22171066929181
wavePE_drop,4,4,89.16341821707631
wavePE_drop,4,4,89.23695235775084
wavePE_drop,4,4,91.40582076429237
wavePE_drop,4,4,92.5904280867088
wavePE_drop,4,4,88.96068428969582
wavePE_drop,4,4,84.26342983460486
wavePE_drop,4,4,91.9198684303739
wavePE_drop,4,4,89.86446337511802
wavePE_drop,4,4,87.96046902326479
wavePE_drop,4,4,92.5308957382424
wavePE_drop,4,4,86.56189635115206
wavePE_drop,4,4,79.34896793005619
wavePE_drop,4,4,87.75889884261485
wavePE_drop,4,4,90.23857455720197
wavePE_drop,4,4,73.19948899092529
wavePE_drop,4,4,82.3761135966873
wavePE_drop,4,5,13.983680972436622
wavePE_drop,4,5,76.26204629289992
wavePE_drop,4,5,78.4208451166296
wavePE_drop,4,5,79.85347660190398
wavePE_drop,4,5,82.62927362678828
wavePE_drop,4,5,81.53420070873335
wavePE_drop,4,5,82.55982474110314
wavePE_drop,4,5,82.61957455785097
wavePE_drop,4,5,83.42977534197878
wavePE_drop,4,5,83.40152463104083
wavePE_drop,4,5,85.37730121322049
wavePE_drop,4,5,70.83921142553157
wavePE_drop,4,5,68.06895571655684
wavePE_drop,4,5,82.51335153907999
wavePE_drop,4,5,82.09196516451189
wavePE_drop,4,5,78.9511698119146
wavePE_drop,4,5,81.82942574458336
wavePE_drop,4,5,84.40950942039298
wavePE_drop,4,5,85.48665720870076
wavePE_drop,4,5,82.73627413274662
wavePE_drop,4,5,80.8551231963587
wavePE_drop,4,5,80.12432178529578
wavePE_drop,4,5,84.2611050902885
wavePE_drop,4,5,85.58332345269517
wavePE_drop,4,5,86.49343317159858
wavePE_drop,4,5,86.92055539681313
wavePE_drop,4,5,79.35225192133433
wavePE_drop,4,5,73.7920433096744
wavePE_drop,4,5,86.35142954170092
wavePE_drop,4,5,84.77176754772148
wavePE_drop,4,5,82.23852033065184
wavePE_drop,4,5,83.18643449149191
wavePE_drop,4,5,86.01594377551791
wavePE_drop,4,5,86.26578790429178
wavePE_drop,4,5,84.8785344852612
wavePE_drop,4,5,81.42408655263867
wavePE_drop,4,5,73.99991013637755
wavePE_drop,4,5,67.6391131822386
wavePE_drop,4,5,80.96715193388097
wavePE_drop,4,5,75.8914722508113
wavePE_drop,4,5,85.20103458168514
wavePE_drop,4,5,84.55313535127286
wavePE_drop,4,5,86.29796257286552
wavePE_drop,4,5,85.18843493227752
wavePE_drop,4,5,82.68704283691399
wavePE_drop,4,5,81.0544950404517
wavePE_drop,4,5,59.504214322233274
wavePE_drop,4,5,70.74420009468484
wavePE_drop,4,5,73.79711482312158
wavePE_drop,4,5,66.05029474223775
wavePE_drop,4,5,57.81711328773296
wavePE_drop,4,5,80.42753806641028
wavePE_drop,4,5,81.12420612987377
wavePE_drop,4,5,76.57023328087386
wavePE_drop,4,5,75.38183261478255
wavePE_drop,4,5,76.45163004482956
wavePE_drop,4,5,64.53435093656144
wavePE_drop,4,5,73.89038947285283
wavePE_drop,4,5,65.53218887622145
wavePE_drop,4,5,67.51019415257902
wavePE_drop,4,5,65.60160059643235
wavePE_drop,4,5,84.19083657303696
wavePE_drop,4,5,80.18039216870318
wavePE_drop,4,5,88.46942481790559
wavePE_drop,4,5,87.15867117512936
wavePE_drop,4,5,88.86090316131823
wavePE_drop,4,5,90.76886271655104
wavePE_drop,4,5,91.4058230312525
wavePE_drop,4,5,89.12237724547289
wavePE_drop,4,5,88.12385523982003
wavePE_drop,4,5,90.219676907918
wavePE_drop,4,5,87.03876778544067
wavePE_drop,4,5,85.08391822306244
wavePE_drop,4,5,90.62066332977454
wavePE_drop,4,5,90.38272046691054
wavePE_drop,4,5,90.49910043189482
wavePE_drop,4,5,91.78737446382858
wavePE_drop,4,5,92.4105181451797
wavePE_drop,4,5,89.98333157356878
wavePE_drop,4,5,88.84051501759427
wavePE_drop,4,5,90.68417422715214
wavePE_drop,4,5,86.14050953496903
wavePE_drop,4,5,88.63684370786527
wavePE_drop,4,5,89.91036619112054
wavePE_drop,4,5,87.00610979112359
wavePE_drop,4,5,81.97998054429105
wavePE_drop,4,5,90.4691805511909
wavePE_drop,4,5,88.16747430213117
wavePE_drop,4,5,88.9349114057669
wavePE_drop,4,5,89.89418020937543
wavePE_drop,4,5,84.65705326371629
wavePE_drop,4,5,86.43216507028022
wavePE_drop,4,5,84.41481389790815
wavePE_drop,4,5,89.74933328924533
wavePE_drop,4,5,89.60532795292664
wavePE_drop,4,5,88.46514769306957
wavePE_drop,4,5,91.63773497821059
wavePE_drop,4,5,92.43015516835288
wavePE_drop,4,5,88.87318809553737
wavePE_drop,4,5,85.00101229898627
wavePE_drop,4,5,90.00100301132213
wavePE_drop,4,5,87.01449859111679
wavePE_drop,4,5,88.06711460252401
wavePE_drop,4,5,90.88114663122838
wavePE_drop,4,5,85.76398280185263
wavePE_drop,4,5,82.48323893279323
wavePE_drop,4,5,90.63961557819155
wavePE_drop,4,5,86.38787157476747
wavePE_drop,4,5,88.54240989685364
wavePE_drop,4,5,89.88579101907132
wavePE_drop,4,5,86.92373129670882
wavePE_drop,4,5,85.74033496860739
wavePE_drop,4,5,88.92470282162208
wavePE_drop,4,5,89.82386216240464
wavePE_drop,4,5,85.65460239644705
wavePE_drop,4,5,77.05708807872216
wavePE_drop,4,5,89.6358369564353
wavePE_drop,4,5,85.45361729953535
wavePE_drop,4,5,85.98402526910101
wavePE_drop,4,5,89.04271643959356
wavePE_drop,4,5,82.04044050404313
wavePE_drop,4,5,78.03962125311948
wavePE_drop,4,5,79.85768043151454
wavePE_drop,4,5,84.27536415351764
wavePE_drop,4,5,71.31334971915054
wavePE_drop,4,5,75.36800404713321
wavePE_drop,4,5,20.59038430088472
wavePE_drop,4,5,22.37458055110569
wavePE_drop,4,5,22.01090877969338
wavePE_drop,4,5,20.97587470395781
wavePE_drop,4,5,21.377149893013993
wavePE_drop,4,5,78.24122558249968
wavePE_drop,4,5,75.6585802373428
wavePE_drop,4,5,83.87859599555509
wavePE_drop,4,5,84.52690495778343
wavePE_drop,4,5,88.67852644640033
wavePE_drop,4,5,87.69127412043115
wavePE_drop,4,5,88.84412843042917
wavePE_drop,4,5,87.56597222129294
wavePE_drop,4,5,87.73196613364122
wavePE_drop,4,5,85.9513106023364
wavePE_drop,4,5,86.20012508337686
wavePE_drop,4,5,85.77312713569648
wavePE_drop,4,5,87.76520305401874
wavePE_drop,4,5,89.10850549177727
wavePE_drop,4,5,90.43585532462042
wavePE_drop,4,5,89.26197289788055
wavePE_drop,4,5,90.74836633273202
wavePE_drop,4,5,88.74493632872027
wavePE_drop,4,5,88.61218278300275
wavePE_drop,4,5,88.41505215993831
wavePE_drop,4,5,82.55557442985948
wavePE_drop,4,5,83.79387659985362
wavePE_drop,4,5,85.83858070763202
wavePE_drop,4,5,85.04622555829528
wavePE_drop,4,5,85.42818167112574
wavePE_drop,4,5,88.47389664637801
wavePE_drop,4,5,88.07908019177444
wavePE_drop,4,5,89.52463098180483
wavePE_drop,4,5,89.20716290590727
wavePE_drop,4,5,84.07585557493844
wavePE_drop,4,5,83.93400841868265
wavePE_drop,4,5,81.5214930270141
wavePE_drop,4,5,85.23174221032828
wavePE_drop,4,5,86.16521521534295
wavePE_drop,4,5,89.43674015262339
wavePE_drop,4,5,88.75809218269967
wavePE_drop,4,5,90.54140896331558
wavePE_drop,4,5,86.55784559577154
wavePE_drop,4,5,86.34565864494056
wavePE_drop,4,5,88.18607820474733
wavePE_drop,4,5,83.04484316579511
wavePE_drop,4,5,85.29480134340453
wavePE_drop,4,5,88.08924181301687
wavePE_drop,4,5,82.24944980821664
wavePE_drop,4,5,84.54644812653997
wavePE_drop,4,5,88.34574661072996
wavePE_drop,4,5,87.04056266070509
wavePE_drop,4,5,89.1708032619349
wavePE_drop,4,5,87.89150935567773
wavePE_drop,4,5,85.87760406439877
wavePE_drop,4,5,83.53785784226707
wavePE_drop,4,5,86.18479366747911
wavePE_drop,4,5,88.31348258426426
wavePE_drop,4,5,79.90584068104941
wavePE_drop,4,5,81.9804121574967
wavePE_drop,4,5,88.74970756774624
wavePE_drop,4,5,88.09677982448031
wavePE_drop,4,5,87.29621109017577
wavePE_drop,4,5,90.2649842228343
wavePE_drop,4,5,81.55963009708289
wavePE_drop,4,5,78.25118271710076
wavePE_drop,4,5,81.71552370516213
wavePE_drop,4,5,86.2592263181526
wavePE_drop,4,5,65.83147868568248
wavePE_drop,4,5,82.74845966639384
wavePE_drop,4,5,82.57242232015935
wavePE_drop,4,5,73.57047870004895
wavePE_drop,4,5,77.20571588712538
wavePE_drop,4,5,77.83358810499456
wavePE_drop,4,5,86.40205598358128
wavePE_drop,4,5,88.49359841222872
wavePE_drop,4,5,88.48158638608203
wavePE_drop,4,5,79.90597265494416
wavePE_drop,4,5,72.06007757613561
wavePE_drop,4,5,80.72437172520944
wavePE_drop,4,5,81.53445877330716
wavePE_drop,4,5,86.29593551311004
wavePE_drop,4,5,88.26534825339675
wavePE_drop,4,5,83.93222842760797
wavePE_drop,4,5,84.52635407406906
wavePE_drop,4,5,90.37957982009065
wavePE_drop,4,5,90.46645201701709
wavePE_drop,4,5,88.47526575860904
wavePE_drop,4,5,90.64507098234849
wavePE_drop,4,5,85.18491677791593
wavePE_drop,4,5,87.47859314570783
wavePE_drop,4,5,90.35822313302455
wavePE_drop,4,5,91.79449924964686
wavePE_drop,4,5,87.52428148692188
wavePE_drop,4,5,84.93784416173506
wavePE_drop,4,5,91.0457995718211
wavePE_drop,4,5,88.91946007989566
wavePE_drop,4,5,89.20967317706945
wavePE_drop,4,5,91.7000437403135
wavePE_drop,4,5,85.09915890668681
wavePE_drop,4,5,77.48130780300343
wavePE_drop,4,5,87.49501929755394
wavePE_drop,4,5,89.07058007089472
wavePE_drop,4,5,72.97843757630935
wavePE_drop,4,5,82.46034564694543
wavePE_drop,4,5,86.36642351266111
wavePE_drop,4,5,88.09909538454433
wavePE_drop,4,5,89.48711044098812
wavePE_drop,4,5,85.61724935504186
wavePE_drop,4,5,78.92773336106276
wavePE_drop,4,5,88.53596060362375
wavePE_drop,4,5,87.68591327053792
wavePE_drop,4,5,82.67845111424973
wavePE_drop,4,5,91.3652170720631
wavePE_drop,4,5,77.11925751137605
wavePE_drop,4,5,78.56940484691954
wavePE_drop,4,5,87.61963866554221
wavePE_drop,4,5,88.78062985597637
wavePE_drop,4,5,73.02687354914003
wavePE_drop,4,5,82.00294417761953
wavePE_drop,4,5,75.88165163648087
wavePE_drop,4,5,79.05813876609817
wavePE_drop,4,5,89.25886714817301
wavePE_drop,4,5,63.04457849527322
wavePE_drop,4,5,73.17951078873689
wavePE_drop,4,5,37.58889198224513
wavePE_drop,4,6,15.772550393649098
wavePE_drop,4,6,12.874419145724778
wavePE_drop,4,6,12.964980963639261
wavePE_drop,4,6,13.125481222447066
wavePE_drop,4,6,14.416597878147346
wavePE_drop,4,6,63.954434728352915
wavePE_drop,4,6,54.94392708086728
wavePE_drop,4,6,74.79727515477481
wavePE_drop,4,6,70.26979364101987
wavePE_drop,4,6,72.88159756406753
wavePE_drop,4,6,73.1626538918523
wavePE_drop,4,6,75.65396792605381
wavePE_drop,4,6,77.16863579297261
wavePE_drop,4,6,75.13925359617937
wavePE_drop,4,6,72.63611961226842
wavePE_drop,4,6,67.09277492164703
wavePE_drop,4,6,65.75550656691249
wavePE_drop,4,6,80.21812526961757
wavePE_drop,4,6,76.66059681307603
wavePE_drop,4,6,77.71910934868585
wavePE_drop,4,6,79.2517577347968
wavePE_drop,4,6,82.23233608651117
wavePE_drop,4,6,82.03254679260287
wavePE_drop,4,6,78.87261058747913
wavePE_drop,4,6,76.05818080658379
wavePE_drop,4,6,53.24407873821253
wavePE_drop,4,6,65.83840610567225
wavePE_drop,4,6,66.23076158978688
wavePE_drop,4,6,60.982857705468874
wavePE_drop,4,6,56.682140231035405
wavePE_drop,4,6,77.11966526487942
wavePE_drop,4,6,75.13495509391777
wavePE_drop,4,6,74.87801772058071
wavePE_drop,4,6,73.11057785495969
wavePE_drop,4,6,73.78027535544058
wavePE_drop,4,6,61.00936011443379
wavePE_drop,4,6,67.43427067679526
wavePE_drop,4,6,80.2213445402127
wavePE_drop,4,6,70.72278063085795
wavePE_drop,4,6,81.60031626918824
wavePE_drop,4,6,81.29734503828467
wavePE_drop,4,6,83.63801317034802
wavePE_drop,4,6,82.58153976671898
wavePE_drop,4,6,80.68226575722568
wavePE_drop,4,6,80.23565543138153
wavePE_drop,4,6,59.678538578705776
wavePE_drop,4,6,71.77230615905597
wavePE_drop,4,6,76.76461670880215
wavePE_drop,4,6,60.15379364167098
wavePE_drop,4,6,61.56432264728552
wavePE_drop,4,6,78.90580316555962
wavePE_drop,4,6,75.9461474052327
wavePE_drop,4,6,75.11965526412645
wavePE_drop,4,6,71.25337524406837
wavePE_drop,4,6,76.63190802859089
wavePE_drop,4,6,54.75750083626938
wavePE_drop,4,6,71.9782959525479
wavePE_drop,4,6,64.26640140947923
wavePE_drop,4,6,54.98027488158013
wavePE_drop,4,6,55.06741748236708
wavePE_drop,4,6,69.60454695366568
wavePE_drop,4,6,79.40482963690778
wavePE_drop,4,6,71.73113358440155
wavePE_drop,4,6,75.58053970550395
wavePE_drop,4,6,71.34670371961849
wavePE_drop,4,6,43.79117267218257
wavePE_drop,4,6,43.504615559386586
wavePE_drop,4,6,51.99885788741084
wavePE_drop,4,6,43.67998599856126
wavePE_drop,4,6,53.768244690845435
wavePE_drop,4,6,71.24929705039673
wavePE_drop,4,6,55.55429967194976
wavePE_drop,4,6,63.82983617178469
wavePE_drop,4,6,62.91468811788257
wavePE_drop,4,6,65.82837474437598
wavePE_drop,4,6,72.32334724526058
wavePE_drop,4,6,72.94016502420257
wavePE_drop,4,6,64.67568650381676
wavePE_drop,4,6,54.99507418148247
wavePE_drop,4,6,63.72845782610608
wavePE_drop,4,6,77.90637583827655
wavePE_drop,4,6,81.88217549214582
wavePE_drop,4,6,83.84562145760827
wavePE_drop,4,6,77.215899375192
wavePE_drop,4,6,78.48928023310613
wavePE_drop,4,6,86.72160955626636
wavePE_drop,4,6,85.38948900778614
wavePE_drop,4,6,86.42446846803374
wavePE_drop,4,6,88.46410757849868
wavePE_drop,4,6,80.64373912307323
wavePE_drop,4,6,83.74548217667994
wavePE_drop,4,6,86.54316727802197
wavePE_drop,4,6,87.13793406014858
wavePE_drop,4,6,85.1709775254552
wavePE_drop,4,6,78.57465812278433
wavePE_drop,4,6,88.83246541262675
wavePE_drop,4,6,86.18870924988602
wavePE_drop,4,6,87.70777835219043
wavePE_drop,4,6,89.35688439615166
wavePE_drop,4,6,81.26701917254752
wavePE_drop,4,6,76.96400234229974
wavePE_drop,4,6,79.93646842295756
wavePE_drop,4,6,82.6474253876838
wavePE_drop,4,6,70.61600694900972
wavePE_drop,4,6,76.59210681473611
wavePE_drop,4,6,81.79803948739458
wavePE_drop,4,6,85.3881135273192
wavePE_drop,4,6,86.63431417910714
wavePE_drop,4,6,81.61021363804926
wavePE_drop,4,6,72.84537713266404
wavePE_drop,4,6,88.11133614600122
wavePE_drop,4,6,80.88488988750385
wavePE_drop,4,6,79.68920530793524
wavePE_drop,4,6,88.28262215665768
wavePE_drop,4,6,73.01340076615155
wavePE_drop,4,6,75.71681778565038
wavePE_drop,4,6,80.24040678436914
wavePE_drop,4,6,82.040619333594
wavePE_drop,4,6,62.0254210014577
wavePE_drop,4,6,75.3993015381392
wavePE_drop,4,6,74.64378450642266
wavePE_drop,4,6,68.80169122121809
wavePE_drop,4,6,82.09945913681216
wavePE_drop,4,6,59.92157729886447
wavePE_drop,4,6,68.1248958168591
wavePE_drop,4,6,18.597031109744346
wavePE_drop,4,6,16.589537820088072
wavePE_drop,4,6,21.279353190470513
wavePE_drop,4,6,18.378981861308358
wavePE_drop,4,6,18.216557229994738
wavePE_drop,4,6,21.833119569441646
wavePE_drop,4,6,20.825966080318487
wavePE_drop,4,6,22.580164645417913
wavePE_drop,4,6,21.997745073420933
wavePE_drop,4,6,20.92420218264877
wavePE_drop,4,6,19.738024094267043
wavePE_drop,4,6,69.12012778402969
wavePE_drop,4,6,77.06650082517972
wavePE_drop,4,6,78.95150326426726
wavePE_drop,4,6,74.17861450928412
wavePE_drop,4,6,73.97899335554418
wavePE_drop,4,6,82.71882137666842
wavePE_drop,4,6,85.89735490694753
wavePE_drop,4,6,85.63173500111336
wavePE_drop,4,6,84.15009354148886
wavePE_drop,4,6,79.03109942410482
wavePE_drop,4,6,81.23901689733908
wavePE_drop,4,6,83.00124913867629
wavePE_drop,4,6,84.97134975415133
wavePE_drop,4,6,76.64058038690243
wavePE_drop,4,6,81.4890001980549
wavePE_drop,4,6,85.50498271009927
wavePE_drop,4,6,86.29973452837459
wavePE_drop,4,6,87.43212623336818
wavePE_drop,4,6,87.79091398757586
wavePE_drop,4,6,79.48479992898035
wavePE_drop,4,6,70.73682847600011
wavePE_drop,4,6,78.81654075309699
wavePE_drop,4,6,80.91748782377026
wavePE_drop,4,6,61.70389392260098
wavePE_drop,4,6,80.59572274523322
wavePE_drop,4,6,77.87859739621526
wavePE_drop,4,6,80.72713290894708
wavePE_drop,4,6,82.16908491235519
wavePE_drop,4,6,68.83616461327048
wavePE_drop,4,6,76.15938050917428
wavePE_drop,4,6,82.59269212695565
wavePE_drop,4,6,83.72592406554551
wavePE_drop,4,6,82.8787926999043
wavePE_drop,4,6,86.68818862573544
wavePE_drop,4,6,72.93527447571891
wavePE_drop,4,6,75.58692329809611
wavePE_drop,4,6,79.31020664350386
wavePE_drop,4,6,82.38223428203455
wavePE_drop,4,6,63.59318574784072
wavePE_drop,4,6,78.36436418465735
wavePE_drop,4,6,74.27015841304684
wavePE_drop,4,6,72.92931366421121
wavePE_drop,4,6,82.12994021425646
wavePE_drop,4,6,54.170176149929716
wavePE_drop,4,6,72.98062300766414
wavePE_drop,4,6,33.861963133469246
wavePE_drop,4,6,74.13138120311112
wavePE_drop,4,6,78.26293586864509
wavePE_drop,4,6,81.28315060820842
wavePE_drop,4,6,63.61761058509823
wavePE_drop,4,6,56.93442133213169
wavePE_drop,4,6,70.8784664387442
wavePE_drop,4,6,80.66701265836103
wavePE_drop,4,6,72.33826987937346
wavePE_drop,4,6,79.87909033520276
wavePE_drop,4,6,54.521951186628534
wavePE_drop,4,6,67.82570082256636
wavePE_drop,4,6,77.86923539488517
wavePE_drop,4,6,83.59191364056218
wavePE_drop,4,6,67.20087882323516
wavePE_drop,4,6,81.93965089885913
wavePE_drop,4,6,74.50267916931273
wavePE_drop,4,6,81.53957081191163
wavePE_drop,4,6,88.07870657935548
wavePE_drop,4,6,63.83810190018637
wavePE_drop,4,6,73.98869489946262
wavePE_drop,4,6,37.05509189413755
wavePE_drop,4,6,74.9744605629618
wavePE_drop,4,6,72.09576672127764
wavePE_drop,4,6,86.06346371276152
wavePE_drop,4,6,53.799619583636506
wavePE_drop,4,6,64.15303346613031
wavePE_drop,4,6,34.65129969925576
wavePE_drop,4,6,34.825381905348834
