split_seed,model_seed,method,state,arm,acc,aurc,augrc,auroc,aurc_rawT,auroc_rawT,aurc_cleanT,auroc_cleanT,temperature,crc_threshold,crc_calibration_selection_stat,crc_heldout_empirical_joint_loss,crc_heldout_coverage,crc_heldout_selective_risk,crc_feasible,n_calib_units,n_eval_units,n_temp_roi,n_calib_roi,n_eval_roi,mondrian_plugin_cond_risk,mondrian_plugin_cov,naive_plugin_cond_risk,naive_plugin_cov,plugin_margin_neff,plugin_margin_icc,plugin_degenerate,mondrian_plugin_cov_rowsized,naive_plugin_cov_rowsized,mondrian_plugin_cond_risk_rowsized,naive_plugin_cond_risk_rowsized
0,0,proposed,clean,mondrian,78.9466,6.95414,5.19376,82.0862,6.95495,82.0872,6.95414,82.0862,1.09138,0.621011,9.99964,9.69312,77.8209,12.4557,1,69,69,46,69,69,10.5349,71.9658,10.5349,71.9658,1170,0.0439575,0,74.589,74.589,11.3581,11.3581
0,0,proposed,clean,naive,78.9466,6.95414,5.19376,82.0862,6.95495,82.0872,6.95414,82.0862,1.09138,0.621011,9.99964,9.69312,77.8209,12.4557,1,69,69,46,69,69,10.5349,71.9658,10.5349,71.9658,1170,0.0439575,0,74.589,74.589,11.3581,11.3581
0,0,proposed,clean,naiveThr_freshT,78.9466,6.95414,5.19376,82.0862,6.95495,82.0872,6.95414,82.0862,1.09138,0.621011,9.99964,9.69312,77.8209,12.4557,1,69,69,46,69,69,10.5349,71.9658,10.5349,71.9658,1170,0.0439575,0,74.589,74.589,11.3581,11.3581
0,0,proposed,dropB10,mondrian,77.2438,8.15837,5.9665,80.787,8.15761,80.7909,8.15875,80.7855,1.07193,0.6428,9.93393,9.94106,74.6297,13.3205,1,69,69,46,69,69,10.6669,66.6897,11.7496,70.2329,1045,0.0463163,0,70.2432,73.0555,11.7508,12.7197
0,0,proposed,dropB10,naive,77.2438,8.15837,5.9665,80.787,8.15761,80.7909,8.15875,80.7855,1.09138,0.621011,9.99964,10.6068,76.2835,13.9044,1,69,69,46,69,69,10.6669,66.6897,11.7496,70.2329,1045,0.0463163,0,70.2432,73.0555,11.7508,12.7197
0,0,proposed,dropB10,naiveThr_freshT,77.2438,8.15837,5.9665,80.787,8.15761,80.7909,8.15875,80.7855,1.07193,0.630532,9.8625,10.4244,75.8663,13.7405,1,69,69,46,69,69,10.6669,66.6897,11.7496,70.2329,1045,0.0463163,0,70.2432,73.0555,11.7508,12.7197
0,0,proposed,dropB1B9B10,mondrian,74.9952,9.40242,6.77254,80.5558,9.40538,80.5441,9.40293,80.5532,1.16274,0.658281,9.94429,9.24746,69.7729,13.2537,1,69,69,46,69,69,10.9132,61.174,13.1567,69.3432,895,0.0504952,0,64.0096,72.0034,11.6367,13.9748
0,0,proposed,dropB1B9B10,naive,74.9952,9.40242,6.77254,80.5558,9.40538,80.5441,9.40293,80.5532,1.09138,0.621011,9.99964,11.381,75.4489,15.0844,1,69,69,46,69,69,10.9132,61.174,13.1567,69.3432,895,0.0504952,0,64.0096,72.0034,11.6367,13.9748
0,0,proposed,dropB1B9B10,naiveThr_freshT,74.9952,9.40242,6.77254,80.5558,9.40538,80.5441,9.40293,80.5532,1.16274,0.603554,9.99393,11.3157,75.3011,15.0273,1,69,69,46,69,69,10.9132,61.174,13.1567,69.3432,895,0.0504952,0,64.0096,72.0034,11.6367,13.9748
0,0,proposed,L2A_real,mondrian,66.1979,20.6446,12.552,69.4363,21.764,68.1078,21.6783,68.2135,2.86453,0.731232,9.90821,9.36498,48.0563,19.4875,1,69,69,46,69,69,12.3689,8.68836,32.0854,93.3808,218,0.0496931,0,18.4438,94.3521,14.2454,32.3286
0,0,proposed,L2A_real,naive,66.1979,20.6446,12.552,69.4363,21.764,68.1078,21.6783,68.2135,1.09138,0.621011,9.99964,31.2636,95.2986,32.806,1,69,69,46,69,69,12.3689,8.68836,32.0854,93.3808,218,0.0496931,0,18.4438,94.3521,14.2454,32.3286
0,0,proposed,L2A_real,naiveThr_freshT,66.1979,20.6446,12.552,69.4363,21.764,68.1078,21.6783,68.2135,2.86453,0.410839,9.98321,32.1233,97.0754,33.0911,1,69,69,46,69,69,12.3689,8.68836,32.0854,93.3808,218,0.0496931,0,18.4438,94.3521,14.2454,32.3286
0,0,b2,clean,mondrian,77.4486,7.59802,5.69163,81.9719,7.59682,81.976,7.59802,81.9719,1.12029,0.631918,9.9325,9.14312,73.5104,12.4379,1,69,69,46,69,69,10.0041,66.3219,10.0041,66.3219,1108,0.043385,0,69.2068,69.2068,10.942,10.942
0,0,b2,clean,naive,77.4486,7.59802,5.69163,81.9719,7.59682,81.976,7.59802,81.9719,1.12029,0.631918,9.9325,9.14312,73.5104,12.4379,1,69,69,46,69,69,10.0041,66.3219,10.0041,66.3219,1108,0.043385,0,69.2068,69.2068,10.942,10.942
0,0,b2,clean,naiveThr_freshT,77.4486,7.59802,5.69163,81.9719,7.59682,81.976,7.59802,81.9719,1.12029,0.631918,9.9325,9.14312,73.5104,12.4379,1,69,69,46,69,69,10.0041,66.3219,10.0041,66.3219,1108,0.043385,0,69.2068,69.2068,10.942,10.942
0,0,b2,dropB10,mondrian,75.7562,9.08332,6.64662,79.8122,9.0884,79.7962,9.08074,79.8204,1.07451,0.633256,9.93143,9.37331,69.6575,13.4563,1,69,69,46,69,69,10.7029,60.1295,10.8063,60.3781,947,0.0473998,0,63.4555,63.5726,11.693,11.707
0,0,b2,dropB10,naive,75.7562,9.08332,6.64662,79.8122,9.0884,79.7962,9.08074,79.8204,1.12029,0.631918,9.9325,8.88514,68.169,13.034,1,69,69,46,69,69,10.7029,60.1295,10.8063,60.3781,947,0.0473998,0,63.4555,63.5726,11.693,11.707
0,0,b2,dropB10,naiveThr_freshT,75.7562,9.08332,6.64662,79.8122,9.0884,79.7962,9.08074,79.8204,1.07451,0.644397,9.93143,8.925,68.3184,13.0638,1,69,69,46,69,69,10.7029,60.1295,10.8063,60.3781,947,0.0473998,0,63.4555,63.5726,11.693,11.707
0,0,b2,dropB1B9B10,mondrian,74.563,9.99523,7.09923,79.6276,9.99341,79.6307,9.9917,79.6307,0.941673,0.615651,9.93571,9.46679,68.9494,13.7301,1,69,69,46,69,69,10.8881,58.2199,9.25782,51.0712,811,0.052969,0,61.7336,54.8034,11.8117,10.0221
0,0,b2,dropB1B9B10,naive,74.563,9.99523,7.09923,79.6276,9.99341,79.6307,9.9917,79.6307,1.12029,0.631918,9.9325,7.00229,60.9178,11.4947,1,69,69,46,69,69,10.8881,58.2199,9.25782,51.0712,811,0.052969,0,61.7336,54.8034,11.8117,10.0221
0,0,b2,dropB1B9B10,naiveThr_freshT,74.563,9.99523,7.09923,79.6276,9.99341,79.6307,9.9917,79.6307,0.941673,0.684665,9.9425,7.17428,61.5607,11.654,1,69,69,46,69,69,10.8881,58.2199,9.25782,51.0712,811,0.052969,0,61.7336,54.8034,11.8117,10.0221
0,0,b2,L2A_real,mondrian,62.4178,22.9485,13.8446,71.0872,23.0546,70.07,23.0226,70.1653,3.92581,0.714274,9.97786,8.21099,41.321,19.8712,1,69,69,46,69,69,nan,0,35.3464,91.8329,1,0.051954,1,0,93.0199,nan,35.6589
0,0,b2,L2A_real,naive,62.4178,22.9485,13.8446,71.0872,23.0546,70.07,23.0226,70.1653,1.12029,0.631918,9.9325,34.5208,94.5772,36.5001,1,69,69,46,69,69,nan,0,35.3464,91.8329,1,0.051954,1,0,93.0199,nan,35.6589
0,0,b2,L2A_real,naiveThr_freshT,62.4178,22.9485,13.8446,71.0872,23.0546,70.07,23.0226,70.1653,3.92581,0.372573,9.90393,35.8123,96.9535,36.9376,1,69,69,46,69,69,nan,0,35.3464,91.8329,1,0.051954,1,0,93.0199,nan,35.6589
0,1,proposed,clean,mondrian,78.863,7.20728,5.35157,81.2971,7.19726,81.3313,7.20728,81.2971,1.12345,0.621459,9.89964,10.7935,79.5563,13.5671,1,69,69,46,69,69,11.8526,74.1993,11.8526,74.1993,1112,0.046377,0,76.8767,76.8767,12.6559,12.6559
0,1,proposed,clean,naive,78.863,7.20728,5.35157,81.2971,7.19726,81.3313,7.20728,81.2971,1.12345,0.621459,9.89964,10.7935,79.5563,13.5671,1,69,69,46,69,69,11.8526,74.1993,11.8526,74.1993,1112,0.046377,0,76.8767,76.8767,12.6559,12.6559
0,1,proposed,clean,naiveThr_freshT,78.863,7.20728,5.35157,81.2971,7.19726,81.3313,7.20728,81.2971,1.12345,0.621459,9.89964,10.7935,79.5563,13.5671,1,69,69,46,69,69,11.8526,74.1993,11.8526,74.1993,1112,0.046377,0,76.8767,76.8767,12.6559,12.6559
0,1,proposed,dropB10,mondrian,77.274,8.21469,6.00111,80.5329,8.20945,80.5522,8.21781,80.5219,1.08225,0.644396,9.91393,10.4716,76.0604,13.7675,1,69,69,46,69,69,11.6041,69.4253,12.4269,72.0267,886,0.0546234,0,72.4733,74.5452,12.5469,13.2015
0,1,proposed,dropB10,naive,77.274,8.21469,6.00111,80.5329,8.20945,80.5522,8.21781,80.5219,1.12345,0.621459,9.89964,10.914,77.1871,14.1397,1,69,69,46,69,69,11.6041,69.4253,12.4269,72.0267,886,0.0546234,0,72.4733,74.5452,12.5469,13.2015
0,1,proposed,dropB10,naiveThr_freshT,77.274,8.21469,6.00111,80.5329,8.20945,80.5522,8.21781,80.5219,1.08225,0.632162,9.91321,10.9333,77.2583,14.1517,1,69,69,46,69,69,11.6041,69.4253,12.4269,72.0267,886,0.0546234,0,72.4733,74.5452,12.5469,13.2015
0,1,proposed,dropB1B9B10,mondrian,74.8671,9.5656,6.91085,80.0574,9.55614,80.0748,9.56344,80.0618,1.15277,0.641054,9.98857,10.3006,71.4657,14.4134,1,69,69,46,69,69,11.3947,62.2315,13.3794,68.9418,792,0.0563729,0,65.6301,71.5678,12.3669,14.2312
0,1,proposed,dropB1B9B10,naive,74.8671,9.5656,6.91085,80.0574,9.55614,80.0748,9.56344,80.0618,1.12345,0.621459,9.89964,11.3543,74.0217,15.3392,1,69,69,46,69,69,11.3947,62.2315,13.3794,68.9418,792,0.0563729,0,65.6301,71.5678,12.3669,14.2312
0,1,proposed,dropB1B9B10,naiveThr_freshT,74.8671,9.5656,6.91085,80.0574,9.55614,80.0748,9.56344,80.0618,1.15277,0.614264,9.89357,11.3179,73.9537,15.304,1,69,69,46,69,69,11.3947,62.2315,13.3794,68.9418,792,0.0563729,0,65.6301,71.5678,12.3669,14.2312
0,1,proposed,L2A_real,mondrian,65.9336,20.554,12.526,70.0673,20.2721,70.2639,20.278,70.2655,3.3093,0.714183,9.93643,7.91981,43.1074,18.3723,1,69,69,46,69,69,5.78737,5.30205,32.9344,91.5582,128,0.0417584,0,7.02534,92.4767,8.31627,33.1842
0,1,proposed,L2A_real,naive,65.9336,20.554,12.526,70.0673,20.2721,70.2639,20.278,70.2655,1.12345,0.621459,9.89964,31.3571,93.5615,33.515,1,69,69,46,69,69,5.78737,5.30205,32.9344,91.5582,128,0.0417584,0,7.02534,92.4767,8.31627,33.1842
0,1,proposed,L2A_real,naiveThr_freshT,65.9336,20.554,12.526,70.0673,20.2721,70.2639,20.278,70.2655,3.3093,0.392387,9.975,32.8784,97.8923,33.5863,1,69,69,46,69,69,5.78737,5.30205,32.9344,91.5582,128,0.0417584,0,7.02534,92.4767,8.31627,33.1842
0,1,b2,clean,mondrian,77.9993,7.5008,5.5372,81.8362,7.49837,81.8368,7.5008,81.8362,1.0881,0.628297,9.86821,9.14227,74.7397,12.2321,1,69,69,46,69,69,10.192,68.5404,10.192,68.5404,1118,0.0441171,0,71.0726,71.0726,10.9718,10.9718
0,1,b2,clean,naive,77.9993,7.5008,5.5372,81.8362,7.49837,81.8368,7.5008,81.8362,1.0881,0.628297,9.86821,9.14227,74.7397,12.2321,1,69,69,46,69,69,10.192,68.5404,10.192,68.5404,1118,0.0441171,0,71.0726,71.0726,10.9718,10.9718
0,1,b2,clean,naiveThr_freshT,77.9993,7.5008,5.5372,81.8362,7.49837,81.8368,7.5008,81.8362,1.0881,0.628297,9.86821,9.14227,74.7397,12.2321,1,69,69,46,69,69,10.192,68.5404,10.192,68.5404,1118,0.0441171,0,71.0726,71.0726,10.9718,10.9718
0,1,b2,dropB10,mondrian,76.0644,9.19644,6.64246,79.2502,9.19585,79.2518,9.19954,79.2419,1.01618,0.624424,9.90143,9.86111,70.9732,13.8941,1,69,69,46,69,69,10.8198,59.8788,10.9485,60.5137,855,0.0521233,0,64.4281,63.7904,11.9024,11.7207
0,1,b2,dropB10,naive,76.0644,9.19644,6.64246,79.2502,9.19585,79.2518,9.19954,79.2419,1.0881,0.628297,9.86821,8.79553,67.8906,12.9555,1,69,69,46,69,69,10.8198,59.8788,10.9485,60.5137,855,0.0521233,0,64.4281,63.7904,11.9024,11.7207
0,1,b2,dropB10,naiveThr_freshT,76.0644,9.19644,6.64246,79.2502,9.19585,79.2518,9.19954,79.2419,1.01618,0.648967,9.86643,8.86691,68.1284,13.015,1,69,69,46,69,69,10.8198,59.8788,10.9485,60.5137,855,0.0521233,0,64.4281,63.7904,11.9024,11.7207
0,1,b2,dropB1B9B10,mondrian,74.9644,9.87951,7.00071,79.3971,9.88047,79.3956,9.88276,79.3905,0.935567,0.618039,9.9775,9.72572,70.3977,13.8154,1,69,69,46,69,69,10.9818,60.3425,9.60086,54.6041,776,0.0567867,0,63.7623,57.8356,12.103,10.2973
0,1,b2,dropB1B9B10,naive,74.9644,9.87951,7.00071,79.3971,9.88047,79.3956,9.88276,79.3905,1.0881,0.628297,9.86821,7.36739,63.0885,11.6779,1,69,69,46,69,69,10.9818,60.3425,9.60086,54.6041,776,0.0567867,0,63.7623,57.8356,12.103,10.2973
0,1,b2,dropB1B9B10,naiveThr_freshT,74.9644,9.87951,7.00071,79.3971,9.88047,79.3956,9.88276,79.3905,0.935567,0.674376,9.86571,7.61316,63.7807,11.9365,1,69,69,46,69,69,10.9818,60.3425,9.60086,54.6041,776,0.0567867,0,63.7623,57.8356,12.103,10.2973
0,1,b2,L2A_real,mondrian,65.1644,19.1882,12.4134,72.046,19.4252,71.389,19.408,71.426,4.20398,0.713919,9.90214,8.42536,46.8304,17.9912,1,69,69,46,69,69,8.5095,17.9493,33.1602,93.2459,361,0.0446939,0,25.1404,94.2199,10.5653,33.4012
0,1,b2,L2A_real,naive,65.1644,19.1882,12.4134,72.046,19.4252,71.389,19.408,71.426,1.0881,0.628297,9.86821,32.399,95.3036,33.9956,1,69,69,46,69,69,8.5095,17.9493,33.1602,93.2459,361,0.0446939,0,25.1404,94.2199,10.5653,33.4012
0,1,b2,L2A_real,naiveThr_freshT,65.1644,19.1882,12.4134,72.046,19.4252,71.389,19.408,71.426,4.20398,0.356635,9.91,33.4171,97.067,34.4269,1,69,69,46,69,69,8.5095,17.9493,33.1602,93.2459,361,0.0446939,0,25.1404,94.2199,10.5653,33.4012
0,2,proposed,clean,mondrian,78.6637,7.11621,5.3263,81.8276,7.1158,81.8294,7.11621,81.8276,1.14522,0.623297,9.86286,10.2713,78.1312,13.1462,1,69,69,46,69,69,11.4407,73.1589,11.4407,73.1589,1166,0.04415,0,75.4979,75.4979,12.2139,12.2139
0,2,proposed,clean,naive,78.6637,7.11621,5.3263,81.8276,7.1158,81.8294,7.11621,81.8276,1.14522,0.623297,9.86286,10.2713,78.1312,13.1462,1,69,69,46,69,69,11.4407,73.1589,11.4407,73.1589,1166,0.04415,0,75.4979,75.4979,12.2139,12.2139
0,2,proposed,clean,naiveThr_freshT,78.6637,7.11621,5.3263,81.8276,7.1158,81.8294,7.11621,81.8276,1.14522,0.623297,9.86286,10.2713,78.1312,13.1462,1,69,69,46,69,69,11.4407,73.1589,11.4407,73.1589,1166,0.04415,0,75.4979,75.4979,12.2139,12.2139
0,2,proposed,dropB10,mondrian,77.2726,8.15594,5.97643,80.6761,8.15183,80.691,8.15712,80.6719,1.11987,0.627505,9.97929,10.3129,75.5551,13.6495,1,69,69,46,69,69,11.3905,68.2918,11.9833,70.4116,972,0.0494399,0,71.289,72.8096,12.224,12.6874
0,2,proposed,dropB10,naive,77.2726,8.15594,5.97643,80.6761,8.15183,80.691,8.15712,80.6719,1.14522,0.623297,9.86286,10.2269,75.2874,13.5838,1,69,69,46,69,69,11.3905,68.2918,11.9833,70.4116,972,0.0494399,0,71.289,72.8096,12.224,12.6874
0,2,proposed,dropB10,naiveThr_freshT,77.2726,8.15594,5.97643,80.6761,8.15183,80.691,8.15712,80.6719,1.11987,0.629567,9.86571,10.2449,75.3568,13.5952,1,69,69,46,69,69,11.3905,68.2918,11.9833,70.4116,972,0.0494399,0,71.289,72.8096,12.224,12.6874
0,2,proposed,dropB1B9B10,mondrian,74.6568,9.5618,6.91709,80.4146,9.55875,80.4159,9.56113,80.4157,1.16888,0.639599,9.93321,10.0919,71.0663,14.2007,1,69,69,46,69,69,11.154,62.1562,13.015,68.4144,799,0.0561709,0,65.4137,70.7795,12.0822,13.872
0,2,proposed,dropB1B9B10,naive,74.6568,9.5618,6.91709,80.4146,9.55875,80.4159,9.56113,80.4157,1.14522,0.623297,9.86286,11.0979,73.3995,15.1199,1,69,69,46,69,69,11.154,62.1562,13.015,68.4144,799,0.0561709,0,65.4137,70.7795,12.0822,13.872
0,2,proposed,dropB1B9B10,naiveThr_freshT,74.6568,9.5618,6.91709,80.4146,9.55875,80.4159,9.56113,80.4157,1.16888,0.617725,9.86357,11.0644,73.3221,15.0901,1,69,69,46,69,69,11.154,62.1562,13.015,68.4144,799,0.0561709,0,65.4137,70.7795,12.0822,13.872
0,2,proposed,L2A_real,mondrian,67.5205,22.9518,13.1084,64.279,22.5019,64.4188,22.5355,64.4186,3.22776,0.741156,9.90286,7.83357,36.1576,21.6651,1,69,69,46,69,69,7.06215,1.93973,30.5662,92.5658,51,0.0403731,0,3.01233,93.3664,11.1869,30.7435
0,2,proposed,L2A_real,naive,67.5205,22.9518,13.1084,64.279,22.5019,64.4188,22.5355,64.4186,1.14522,0.623297,9.86286,29.3479,94.1583,31.1687,1,69,69,46,69,69,7.06215,1.93973,30.5662,92.5658,51,0.0403731,0,3.01233,93.3664,11.1869,30.7435
0,2,proposed,L2A_real,naiveThr_freshT,67.5205,22.9518,13.1084,64.279,22.5019,64.4188,22.5355,64.4186,3.22776,0.401572,9.90429,29.6016,94.7808,31.2316,1,69,69,46,69,69,7.06215,1.93973,30.5662,92.5658,51,0.0403731,0,3.01233,93.3664,11.1869,30.7435
0,2,b2,clean,mondrian,77.789,7.5837,5.63031,81.6897,7.58128,81.706,7.5837,81.6897,1.13456,0.630502,9.92571,8.75507,73.3093,11.9426,1,69,69,46,69,69,9.83863,66.1288,9.83863,66.1288,1170,0.0417535,0,68.7562,68.7562,10.5714,10.5714
0,2,b2,clean,naive,77.789,7.5837,5.63031,81.6897,7.58128,81.706,7.5837,81.6897,1.13456,0.630502,9.92571,8.75507,73.3093,11.9426,1,69,69,46,69,69,9.83863,66.1288,9.83863,66.1288,1170,0.0417535,0,68.7562,68.7562,10.5714,10.5714
0,2,b2,clean,naiveThr_freshT,77.789,7.5837,5.63031,81.6897,7.58128,81.706,7.5837,81.6897,1.13456,0.630502,9.92571,8.75507,73.3093,11.9426,1,69,69,46,69,69,9.83863,66.1288,9.83863,66.1288,1170,0.0417535,0,68.7562,68.7562,10.5714,10.5714
0,2,b2,dropB10,mondrian,75.4151,9.03124,6.63274,80.5263,9.02869,80.5384,9.03591,80.506,1.05364,0.630019,9.99143,9.28466,69.5779,13.3443,1,69,69,46,69,69,10.3125,60.161,10.0588,59.2137,877,0.0517659,0,63.8096,62.1753,11.2739,10.8641
0,2,b2,dropB10,naive,75.4151,9.03124,6.63274,80.5263,9.02869,80.5384,9.03591,80.506,1.13456,0.630502,9.92571,8.21546,66.7351,12.3105,1,69,69,46,69,69,10.3125,60.161,10.0588,59.2137,877,0.0517659,0,63.8096,62.1753,11.2739,10.8641
0,2,b2,dropB10,naiveThr_freshT,75.4151,9.03124,6.63274,80.5263,9.02869,80.5384,9.03591,80.506,1.05364,0.652714,9.945,8.27524,66.9727,12.3561,1,69,69,46,69,69,10.3125,60.161,10.0588,59.2137,877,0.0517659,0,63.8096,62.1753,11.2739,10.8641
0,2,b2,dropB1B9B10,mondrian,73.9781,10.2808,7.34868,79.4141,10.2805,79.4152,10.2859,79.3936,1.00764,0.639016,9.95429,9.29795,67.2786,13.8201,1,69,69,46,69,69,10.3744,55.1342,10.3382,54.7247,797,0.052409,0,59.1315,57.9979,11.3666,10.9924
0,2,b2,dropB1B9B10,naive,73.9781,10.2808,7.34868,79.4141,10.2805,79.4152,10.2859,79.3936,1.13456,0.630502,9.92571,8.02802,63.5236,12.6379,1,69,69,46,69,69,10.3744,55.1342,10.3382,54.7247,797,0.052409,0,59.1315,57.9979,11.3666,10.9924
0,2,b2,dropB1B9B10,naiveThr_freshT,73.9781,10.2808,7.34868,79.4141,10.2805,79.4152,10.2859,79.3936,1.00764,0.666395,9.95179,8.20036,64.1275,12.7876,1,69,69,46,69,69,10.3744,55.1342,10.3382,54.7247,797,0.052409,0,59.1315,57.9979,11.3666,10.9924
0,2,b2,L2A_real,mondrian,62.6719,25.0772,14.6062,67.3462,25.352,66.4264,25.3052,66.5168,4.68512,0.730461,9.97107,8.44952,38.6103,21.8841,1,69,69,46,69,69,nan,0,35.843,93.511,1,0.0512345,1,0,94.2692,nan,36.0168
0,2,b2,L2A_real,naive,62.6719,25.0772,14.6062,67.3462,25.352,66.4264,25.3052,66.5168,1.13456,0.630502,9.92571,34.9548,95.3838,36.6465,1,69,69,46,69,69,nan,0,35.843,93.511,1,0.0512345,1,0,94.2692,nan,36.0168
0,2,b2,L2A_real,naiveThr_freshT,62.6719,25.0772,14.6062,67.3462,25.352,66.4264,25.3052,66.5168,4.68512,0.352082,9.89893,36.0524,97.3918,37.0179,1,69,69,46,69,69,nan,0,35.843,93.511,1,0.0512345,1,0,94.2692,nan,36.0168
1,0,proposed,clean,mondrian,79.8894,5.94457,4.57449,84.1142,5.94624,84.1015,5.94457,84.1142,1.14414,0.635012,9.97786,7.63696,75.2341,10.1509,1,69,69,46,69,69,8.02,68.157,8.02,68.157,998,0.0484892,0,71.257,71.257,9.03691,9.03691
1,0,proposed,clean,naive,79.8894,5.94457,4.57449,84.1142,5.94624,84.1015,5.94457,84.1142,1.14414,0.635012,9.97786,7.63696,75.2341,10.1509,1,69,69,46,69,69,8.02,68.157,8.02,68.157,998,0.0484892,0,71.257,71.257,9.03691,9.03691
1,0,proposed,clean,naiveThr_freshT,79.8894,5.94457,4.57449,84.1142,5.94624,84.1015,5.94457,84.1142,1.14414,0.635012,9.97786,7.63696,75.2341,10.1509,1,69,69,46,69,69,8.02,68.157,8.02,68.157,998,0.0484892,0,71.257,71.257,9.03691,9.03691
1,0,proposed,dropB10,mondrian,78.6894,6.58346,5.00111,83.7181,6.59589,83.6673,6.584,83.7159,1.15214,0.64852,9.88893,7.39493,72.7902,10.1592,1,69,69,46,69,69,7.53247,63.9204,8.65259,67.7563,834,0.0526157,0,67.2092,70.4542,8.48308,9.48173
1,0,proposed,dropB10,naive,78.6894,6.58346,5.00111,83.7181,6.59589,83.6673,6.584,83.7159,1.14414,0.635012,9.97786,7.89565,74.1964,10.6416,1,69,69,46,69,69,7.53247,63.9204,8.65259,67.7563,834,0.0526157,0,67.2092,70.4542,8.48308,9.48173
1,0,proposed,dropB10,naiveThr_freshT,78.6894,6.58346,5.00111,83.7181,6.59589,83.6673,6.584,83.7159,1.15214,0.632978,9.9775,7.88986,74.1815,10.6359,1,69,69,46,69,69,7.53247,63.9204,8.65259,67.7563,834,0.0526157,0,67.2092,70.4542,8.48308,9.48173
1,0,proposed,dropB1B9B10,mondrian,76.5007,7.73813,5.78506,83.1792,7.75863,83.1015,7.74574,83.15,1.26801,0.645476,9.88,7.78406,70.5533,11.0329,1,69,69,46,69,69,7.36869,58.1352,10.4121,68.3993,669,0.0583126,0,62.6099,71.0246,8.59447,11.2617
1,0,proposed,dropB1B9B10,naive,76.5007,7.73813,5.78506,83.1792,7.75863,83.1015,7.74574,83.15,1.14414,0.635012,9.97786,9.28188,74.5562,12.4495,1,69,69,46,69,69,7.36869,58.1352,10.4121,68.3993,669,0.0583126,0,62.6099,71.0246,8.59447,11.2617
1,0,proposed,dropB1B9B10,naiveThr_freshT,76.5007,7.73813,5.78506,83.1792,7.75863,83.1015,7.74574,83.15,1.26801,0.604857,9.99417,9.24094,74.4754,12.4081,1,69,69,46,69,69,7.36869,58.1352,10.4121,68.3993,669,0.0583126,0,62.6099,71.0246,8.59447,11.2617
1,0,proposed,L2A_real,mondrian,68.181,18.4169,11.3794,70.8817,19.3568,69.6505,19.2438,69.8074,2.82996,0.753053,9.88119,6.68225,42.9174,15.57,1,69,69,46,69,69,8.43008,6.7331,29.5871,91.4155,121,0.0490616,0,8.89577,92.693,9.33344,29.8335
1,0,proposed,L2A_real,naive,68.181,18.4169,11.3794,70.8817,19.3568,69.6505,19.2438,69.8074,1.14414,0.635012,9.97786,28.4529,94.192,30.2073,1,69,69,46,69,69,8.43008,6.7331,29.5871,91.4155,121,0.0490616,0,8.89577,92.693,9.33344,29.8335
1,0,proposed,L2A_real,naiveThr_freshT,68.181,18.4169,11.3794,70.8817,19.3568,69.6505,19.2438,69.8074,2.82996,0.424049,9.90536,29.3891,96.1076,30.5794,1,69,69,46,69,69,8.43008,6.7331,29.5871,91.4155,121,0.0490616,0,8.89577,92.693,9.33344,29.8335
1,0,b2,clean,mondrian,78.0599,6.911,5.26389,83.3184,6.90435,83.3396,6.911,83.3184,1.14268,0.650226,9.98262,7.46884,71.4315,10.4559,1,69,69,46,69,69,7.72424,62.762,7.72424,62.762,888,0.0508532,0,65.8627,65.8627,8.67362,8.67362
1,0,b2,clean,naive,78.0599,6.911,5.26389,83.3184,6.90435,83.3396,6.911,83.3184,1.14268,0.650226,9.98262,7.46884,71.4315,10.4559,1,69,69,46,69,69,7.72424,62.762,7.72424,62.762,888,0.0508532,0,65.8627,65.8627,8.67362,8.67362
1,0,b2,clean,naiveThr_freshT,78.0599,6.911,5.26389,83.3184,6.90435,83.3396,6.911,83.3184,1.14268,0.650226,9.98262,7.46884,71.4315,10.4559,1,69,69,46,69,69,7.72424,62.762,7.72424,62.762,888,0.0508532,0,65.8627,65.8627,8.67362,8.67362
1,0,b2,dropB10,mondrian,76.9958,7.52477,5.6805,82.8681,7.53077,82.8425,7.52276,82.8769,1.09968,0.671236,9.90179,6.45688,66.504,9.70902,1,69,69,46,69,69,6.44662,55.4937,7.18586,58.2521,721,0.0538253,0,58.2859,61.4345,7.20223,8.17428
1,0,b2,dropB10,naive,76.9958,7.52477,5.6805,82.8681,7.53077,82.8425,7.52276,82.8769,1.14268,0.650226,9.98262,6.70109,67.2909,9.95838,1,69,69,46,69,69,6.44662,55.4937,7.18586,58.2521,721,0.0538253,0,58.2859,61.4345,7.20223,8.17428
1,0,b2,dropB10,naiveThr_freshT,76.9958,7.52477,5.6805,82.8681,7.53077,82.8425,7.52276,82.8769,1.09968,0.662604,9.99167,6.72681,67.3493,9.98795,1,69,69,46,69,69,6.44662,55.4937,7.18586,58.2521,721,0.0538253,0,58.2859,61.4345,7.20223,8.17428
1,0,b2,dropB1B9B10,mondrian,75.6451,8.31825,6.18079,82.5499,8.31838,82.5494,8.31429,82.5653,1.00259,0.627581,9.9425,7.36522,66.6576,11.0493,1,69,69,46,69,69,7.28263,53.9099,6.19272,49.8655,591,0.0607193,0,58.3092,53.1965,8.39141,7.09832
1,0,b2,dropB1B9B10,naive,75.6451,8.31825,6.18079,82.5499,8.31838,82.5494,8.31429,82.5653,1.14268,0.650226,9.98262,5.19493,59.6652,8.70679,1,69,69,46,69,69,7.28263,53.9099,6.19272,49.8655,591,0.0607193,0,58.3092,53.1965,8.39141,7.09832
1,0,b2,dropB1B9B10,naiveThr_freshT,75.6451,8.31825,6.18079,82.5499,8.31838,82.5494,8.31429,82.5653,1.00259,0.692521,9.99107,5.28768,59.9438,8.82106,1,69,69,46,69,69,7.28263,53.9099,6.19272,49.8655,591,0.0607193,0,58.3092,53.1965,8.39141,7.09832
1,0,b2,L2A_real,mondrian,63.4437,22.3426,13.1974,71.9072,22.1931,71.308,22.1655,71.3916,3.95394,0.714,9.93762,8.5692,44.8467,19.1078,1,69,69,46,69,69,nan,0,33.931,90.1768,1,0.0543722,1,0.0633803,91.381,3.33333,34.2545
1,0,b2,L2A_real,naive,63.4437,22.3426,13.1974,71.9072,22.1931,71.308,22.1655,71.3916,1.14268,0.650226,9.98262,32.5221,93.5152,34.7773,1,69,69,46,69,69,nan,0,33.931,90.1768,1,0.0543722,1,0.0633803,91.381,3.33333,34.2545
1,0,b2,L2A_real,naiveThr_freshT,63.4437,22.3426,13.1974,71.9072,22.1931,71.308,22.1655,71.3916,3.95394,0.375765,9.91131,34.2848,96.7283,35.4444,1,69,69,46,69,69,nan,0,33.931,90.1768,1,0.0543722,1,0.0633803,91.381,3.33333,34.2545
1,1,proposed,clean,mondrian,79.6415,6.13563,4.71855,83.6796,6.1175,83.7378,6.13563,83.6796,1.21475,0.635331,9.90583,7.86522,74.7547,10.5214,1,69,69,46,69,69,8.39889,68.1261,8.39889,68.1261,945,0.0506154,0,70.8852,70.8852,9.29096,9.29096
1,1,proposed,clean,naive,79.6415,6.13563,4.71855,83.6796,6.1175,83.7378,6.13563,83.6796,1.21475,0.635331,9.90583,7.86522,74.7547,10.5214,1,69,69,46,69,69,8.39889,68.1261,8.39889,68.1261,945,0.0506154,0,70.8852,70.8852,9.29096,9.29096
1,1,proposed,clean,naiveThr_freshT,79.6415,6.13563,4.71855,83.6796,6.1175,83.7378,6.13563,83.6796,1.21475,0.635331,9.90583,7.86522,74.7547,10.5214,1,69,69,46,69,69,8.39889,68.1261,8.39889,68.1261,945,0.0506154,0,70.8852,70.8852,9.29096,9.29096
1,1,proposed,dropB10,mondrian,78.7451,6.56987,4.98269,83.7264,6.57779,83.696,6.56934,83.7284,1.19006,0.658697,9.95893,6.72428,71.1732,9.44776,1,69,69,46,69,69,6.43098,60.2169,8.1204,66.4211,710,0.0596525,0,64.4761,69.1014,7.57897,8.86735
1,1,proposed,dropB10,naive,78.7451,6.56987,4.98269,83.7264,6.57779,83.696,6.56934,83.7284,1.21475,0.635331,9.90583,7.25978,72.7254,9.98246,1,69,69,46,69,69,6.43098,60.2169,8.1204,66.4211,710,0.0596525,0,64.4761,69.1014,7.57897,8.86735
1,1,proposed,dropB10,naiveThr_freshT,78.7451,6.56987,4.98269,83.7264,6.57779,83.696,6.56934,83.7284,1.19006,0.641577,9.90429,7.26957,72.7489,9.99268,1,69,69,46,69,69,6.43098,60.2169,8.1204,66.4211,710,0.0596525,0,64.4761,69.1014,7.57897,8.86735
1,1,proposed,dropB1B9B10,mondrian,76.3155,7.96693,5.93991,82.6553,7.97105,82.6386,7.96663,82.6558,1.28992,0.644537,9.95952,7.02101,67.2283,10.4435,1,69,69,46,69,69,7.00892,54.4577,9.4443,63.769,576,0.0660568,0,58.6535,66.4296,8.04678,10.2163
1,1,proposed,dropB1B9B10,naive,76.3155,7.96693,5.93991,82.6553,7.97105,82.6386,7.96663,82.6558,1.21475,0.635331,9.90583,8.02246,70.167,11.4334,1,69,69,46,69,69,7.00892,54.4577,9.4443,63.769,576,0.0660568,0,58.6535,66.4296,8.04678,10.2163
1,1,proposed,dropB1B9B10,naiveThr_freshT,76.3155,7.96693,5.93991,82.6553,7.97105,82.6386,7.96663,82.6558,1.28992,0.616932,9.91107,8.00507,70.1011,11.4193,1,69,69,46,69,69,7.00892,54.4577,9.4443,63.769,576,0.0660568,0,58.6535,66.4296,8.04678,10.2163
1,1,proposed,L2A_real,mondrian,68.2592,18.9377,11.365,70.7955,18.3086,71.5684,18.3514,71.5152,3.32252,0.717905,9.96524,7.58623,46.475,16.3233,1,69,69,46,69,69,10.1713,7.85141,29.9315,91.1282,136,0.0471999,0,10.6387,92.0993,12.1798,30.2498
1,1,proposed,L2A_real,naive,68.2592,18.9377,11.365,70.7955,18.3086,71.5684,18.3514,71.5152,1.21475,0.635331,9.90583,28.6018,93.3036,30.6546,1,69,69,46,69,69,10.1713,7.85141,29.9315,91.1282,136,0.0471999,0,10.6387,92.0993,12.1798,30.2498
1,1,proposed,L2A_real,naiveThr_freshT,68.2592,18.9377,11.365,70.7955,18.3086,71.5684,18.3514,71.5152,3.32252,0.405379,9.87917,29.7293,96.8986,30.6809,1,69,69,46,69,69,10.1713,7.85141,29.9315,91.1282,136,0.0471999,0,10.6387,92.0993,12.1798,30.2498
1,1,b2,clean,mondrian,78.4824,6.6439,5.07197,83.6752,6.64159,83.6741,6.6439,83.6752,1.13579,0.635433,9.98119,7.68297,73.0043,10.524,1,69,69,46,69,69,7.82553,64.9373,7.82553,64.9373,911,0.050245,0,68.2317,68.2317,8.936,8.936
1,1,b2,clean,naive,78.4824,6.6439,5.07197,83.6752,6.64159,83.6741,6.6439,83.6752,1.13579,0.635433,9.98119,7.68297,73.0043,10.524,1,69,69,46,69,69,7.82553,64.9373,7.82553,64.9373,911,0.050245,0,68.2317,68.2317,8.936,8.936
1,1,b2,clean,naiveThr_freshT,78.4824,6.6439,5.07197,83.6752,6.64159,83.6741,6.6439,83.6752,1.13579,0.635433,9.98119,7.68297,73.0043,10.524,1,69,69,46,69,69,7.82553,64.9373,7.82553,64.9373,911,0.050245,0,68.2317,68.2317,8.936,8.936
1,1,b2,dropB10,mondrian,77.2366,7.47883,5.62633,82.7355,7.48424,82.7139,7.47533,82.7497,1.07538,0.642634,9.97476,6.92536,68.375,10.1285,1,69,69,46,69,69,6.80281,55.7972,7.35173,58.1831,733,0.0520448,0,59.3366,61.812,7.64794,8.25083
1,1,b2,dropB10,naive,77.2366,7.47883,5.62633,82.7355,7.48424,82.7139,7.47533,82.7497,1.13579,0.635433,9.98119,6.53587,67.2004,9.72594,1,69,69,46,69,69,6.80281,55.7972,7.35173,58.1831,733,0.0520448,0,59.3366,61.812,7.64794,8.25083
1,1,b2,dropB10,naiveThr_freshT,77.2366,7.47883,5.62633,82.7355,7.48424,82.7139,7.47533,82.7497,1.07538,0.652817,9.98762,6.56594,67.3109,9.75465,1,69,69,46,69,69,6.80281,55.7972,7.35173,58.1831,733,0.0520448,0,59.3366,61.812,7.64794,8.25083
1,1,b2,dropB1B9B10,mondrian,76.2493,8.18217,6.07225,82.0445,8.18152,82.0469,8.17807,82.0602,0.984481,0.630089,9.99393,7.63877,68.2935,11.1852,1,69,69,46,69,69,7.35193,55.4324,6.60907,52.5739,584,0.064488,0,60.2289,56.193,8.46887,7.52062
1,1,b2,dropB1B9B10,naive,76.2493,8.18217,6.07225,82.0445,8.18152,82.0469,8.17807,82.0602,1.13579,0.635433,9.98119,5.57899,62.0178,8.99579,1,69,69,46,69,69,7.35193,55.4324,6.60907,52.5739,584,0.064488,0,60.2289,56.193,8.46887,7.52062
1,1,b2,dropB1B9B10,naiveThr_freshT,76.2493,8.18217,6.07225,82.0445,8.18152,82.0469,8.17807,82.0602,0.984481,0.681541,9.9994,5.69312,62.3351,9.13308,1,69,69,46,69,69,7.35193,55.4324,6.60907,52.5739,584,0.064488,0,60.2289,56.193,8.46887,7.52062
1,1,b2,L2A_real,mondrian,66.7472,17.8383,11.5103,73.0508,18.1561,72.2494,18.1236,72.3164,4.16847,0.732,9.96869,6.88696,45.35,15.1862,1,69,69,46,69,69,8.09455,15.0162,31.2464,91.8754,267,0.0485781,0,19.1965,93.207,8.62834,31.5857
1,1,b2,L2A_real,naive,66.7472,17.8383,11.5103,73.0508,18.1561,72.2494,18.1236,72.3164,1.13579,0.635433,9.98119,30.4098,94.8833,32.0497,1,69,69,46,69,69,8.09455,15.0162,31.2464,91.8754,267,0.0485781,0,19.1965,93.207,8.62834,31.5857
1,1,b2,L2A_real,naiveThr_freshT,66.7472,17.8383,11.5103,73.0508,18.1561,72.2494,18.1236,72.3164,4.16847,0.361509,9.94095,31.3254,96.7279,32.385,1,69,69,46,69,69,8.09455,15.0162,31.2464,91.8754,267,0.0485781,0,19.1965,93.207,8.62834,31.5857
1,2,proposed,clean,mondrian,79.7232,5.84402,4.54425,84.6063,5.83977,84.6123,5.84402,84.6063,1.19928,0.649577,9.97988,7.16087,73.8812,9.69242,1,69,69,46,69,69,7.37973,66.8085,7.37973,66.8085,1025,0.0459542,0,69.4796,69.4796,8.32649,8.32649
1,2,proposed,clean,naive,79.7232,5.84402,4.54425,84.6063,5.83977,84.6123,5.84402,84.6063,1.19928,0.649577,9.97988,7.16087,73.8812,9.69242,1,69,69,46,69,69,7.37973,66.8085,7.37973,66.8085,1025,0.0459542,0,69.4796,69.4796,8.32649,8.32649
1,2,proposed,clean,naiveThr_freshT,79.7232,5.84402,4.54425,84.6063,5.83977,84.6123,5.84402,84.6063,1.19928,0.649577,9.97988,7.16087,73.8812,9.69242,1,69,69,46,69,69,7.37973,66.8085,7.37973,66.8085,1025,0.0459542,0,69.4796,69.4796,8.32649,8.32649
1,2,proposed,dropB10,mondrian,78.4993,6.52189,4.9589,84.3142,6.533,84.2684,6.52225,84.3126,1.21082,0.647673,9.97714,6.75688,71.463,9.45507,1,69,69,46,69,69,6.6241,61.5444,7.49403,64.831,792,0.052691,0,64.6585,67.4275,7.44432,8.28538
1,2,proposed,dropB10,naive,78.4993,6.52189,4.9589,84.3142,6.533,84.2684,6.52225,84.3126,1.19928,0.649577,9.97988,6.78841,71.5815,9.48346,1,69,69,46,69,69,6.6241,61.5444,7.49403,64.831,792,0.052691,0,64.6585,67.4275,7.44432,8.28538
1,2,proposed,dropB10,naiveThr_freshT,78.4993,6.52189,4.9589,84.3142,6.533,84.2684,6.52225,84.3126,1.21082,0.646532,9.98036,6.78804,71.5779,9.48343,1,69,69,46,69,69,6.6241,61.5444,7.49403,64.831,792,0.052691,0,64.6585,67.4275,7.44432,8.28538
1,2,proposed,dropB1B9B10,mondrian,76.5289,7.56785,5.68545,83.6829,7.59186,83.5966,7.5723,83.6671,1.26588,0.654059,9.89583,6.61196,67.6351,9.77592,1,69,69,46,69,69,6.61269,55.9317,8.43708,62.6176,560,0.0678496,0,60.3148,65.5444,7.79712,9.19708
1,2,proposed,dropB1B9B10,naive,76.5289,7.56785,5.68545,83.6829,7.59186,83.5966,7.5723,83.6671,1.19928,0.649577,9.97988,7.4087,70.1109,10.5671,1,69,69,46,69,69,6.61269,55.9317,8.43708,62.6176,560,0.0678496,0,60.3148,65.5444,7.79712,9.19708
1,2,proposed,dropB1B9B10,naiveThr_freshT,76.5289,7.56785,5.68545,83.6829,7.59186,83.5966,7.5723,83.6671,1.26588,0.632816,9.97917,7.36449,70.0746,10.5095,1,69,69,46,69,69,6.61269,55.9317,8.43708,62.6176,560,0.0678496,0,60.3148,65.5444,7.79712,9.19708
1,2,proposed,L2A_real,mondrian,68.6958,20.4696,12.1096,66.4736,19.9833,66.8767,20.0369,66.8363,3.16889,0.753779,9.92952,7.50725,40.3359,18.6118,1,69,69,46,69,69,2.04604,1.10141,28.927,90.5754,32,0.0416911,0,1.58521,91.6225,4.62017,29.1259
1,2,proposed,L2A_real,naive,68.6958,20.4696,12.1096,66.4736,19.9833,66.8767,20.0369,66.8363,1.19928,0.649577,9.97988,27.4275,93.2554,29.4112,1,69,69,46,69,69,2.04604,1.10141,28.927,90.5754,32,0.0416911,0,1.58521,91.6225,4.62017,29.1259
1,2,proposed,L2A_real,naiveThr_freshT,68.6958,20.4696,12.1096,66.4736,19.9833,66.8767,20.0369,66.8363,3.16889,0.41956,9.9075,27.646,93.8062,29.4714,1,69,69,46,69,69,2.04604,1.10141,28.927,90.5754,32,0.0416911,0,1.58521,91.6225,4.62017,29.1259
1,2,b2,clean,mondrian,78.3472,6.75899,5.14924,83.4657,6.75856,83.4603,6.75899,83.4657,1.16301,0.64404,9.86988,7.53188,72.2652,10.4226,1,69,69,46,69,69,7.82619,64.05,7.82619,64.05,906,0.0496088,0,67.2014,67.2014,8.87913,8.87913
1,2,b2,clean,naive,78.3472,6.75899,5.14924,83.4657,6.75856,83.4603,6.75899,83.4657,1.16301,0.64404,9.86988,7.53188,72.2652,10.4226,1,69,69,46,69,69,7.82619,64.05,7.82619,64.05,906,0.0496088,0,67.2014,67.2014,8.87913,8.87913
1,2,b2,clean,naiveThr_freshT,78.3472,6.75899,5.14924,83.4657,6.75856,83.4603,6.75899,83.4657,1.16301,0.64404,9.86988,7.53188,72.2652,10.4226,1,69,69,46,69,69,7.82619,64.05,7.82619,64.05,906,0.0496088,0,67.2014,67.2014,8.87913,8.87913
1,2,b2,dropB10,mondrian,76.9711,7.36066,5.58142,83.4719,7.36462,83.4566,7.35806,83.4823,1.08324,0.646822,9.99274,7.30217,69.8873,10.4485,1,69,69,46,69,69,6.92612,58.0676,7.04213,58.531,686,0.0574219,0,61.4275,61.7915,7.80836,7.92077
1,2,b2,dropB10,naive,76.9711,7.36066,5.58142,83.4719,7.36462,83.4566,7.35806,83.4823,1.16301,0.64404,9.86988,6.52138,67.662,9.63817,1,69,69,46,69,69,6.92612,58.0676,7.04213,58.531,686,0.0574219,0,61.4275,61.7915,7.80836,7.92077
1,2,b2,dropB10,naiveThr_freshT,76.9711,7.36066,5.58142,83.4719,7.36462,83.4566,7.35806,83.4823,1.08324,0.666696,9.86667,6.57065,67.7975,9.69159,1,69,69,46,69,69,6.92612,58.0676,7.04213,58.531,686,0.0574219,0,61.4275,61.7915,7.80836,7.92077
1,2,b2,dropB1B9B10,mondrian,75.6908,8.52718,6.3403,81.6001,8.52828,81.5965,8.52585,81.6047,1.04592,0.651457,9.98714,7.57754,66.6725,11.3653,1,69,69,46,69,69,6.67635,50.4092,7.60321,53.7486,536,0.0626163,0,56.3901,57.4796,8.24987,8.54559
1,2,b2,dropB1B9B10,naive,75.6908,8.52718,6.3403,81.6001,8.52828,81.5965,8.52585,81.6047,1.16301,0.64404,9.86988,6.46304,63.3707,10.1988,1,69,69,46,69,69,6.67635,50.4092,7.60321,53.7486,536,0.0626163,0,56.3901,57.4796,8.24987,8.54559
1,2,b2,dropB1B9B10,naiveThr_freshT,75.6908,8.52718,6.3403,81.6001,8.52828,81.5965,8.52585,81.6047,1.04592,0.674222,9.99429,6.70833,64.0935,10.4665,1,69,69,46,69,69,6.67635,50.4092,7.60321,53.7486,536,0.0626163,0,56.3901,57.4796,8.24987,8.54559
1,2,b2,L2A_real,mondrian,63.8493,25.3263,13.9831,67.7296,25.9409,66.6548,25.8558,66.7725,4.51557,0.758869,9.91881,7.25507,37.3264,19.4368,1,69,69,46,69,69,nan,0,34.5149,92.538,1,0.0547696,1,0.142254,93.4282,16.3366,34.7446
1,2,b2,L2A_real,naive,63.8493,25.3263,13.9831,67.7296,25.9409,66.6548,25.8558,66.7725,1.16301,0.64404,9.86988,33.2496,94.9014,35.036,1,69,69,46,69,69,nan,0,34.5149,92.538,1,0.0547696,1,0.142254,93.4282,16.3366,34.7446
1,2,b2,L2A_real,naiveThr_freshT,63.8493,25.3263,13.9831,67.7296,25.9409,66.6548,25.8558,66.7725,4.51557,0.359852,9.93048,34.4337,97.1993,35.4259,1,69,69,46,69,69,nan,0,34.5149,92.538,1,0.0547696,1,0.142254,93.4282,16.3366,34.7446
2,0,proposed,clean,mondrian,79.8182,6.22963,4.74323,83.1976,6.23346,83.1785,6.22963,83.1976,1.08992,0.64208,9.99821,8.45109,77.2058,10.9462,1,69,69,46,69,69,8.59669,68.3324,8.59669,68.3324,1130,0.0423296,0,71.4986,71.4986,9.48704,9.48704
2,0,proposed,clean,naive,79.8182,6.22963,4.74323,83.1976,6.23346,83.1785,6.22963,83.1976,1.08992,0.64208,9.99821,8.45109,77.2058,10.9462,1,69,69,46,69,69,8.59669,68.3324,8.59669,68.3324,1130,0.0423296,0,71.4986,71.4986,9.48704,9.48704
2,0,proposed,clean,naiveThr_freshT,79.8182,6.22963,4.74323,83.1976,6.23346,83.1785,6.22963,83.1976,1.08992,0.64208,9.99821,8.45109,77.2058,10.9462,1,69,69,46,69,69,8.59669,68.3324,8.59669,68.3324,1130,0.0423296,0,71.4986,71.4986,9.48704,9.48704
2,0,proposed,dropB10,mondrian,78.675,6.96233,5.22478,82.4113,6.96743,82.3876,6.96213,82.4123,1.08576,0.666757,9.92107,7.9401,72.8708,10.8961,1,69,69,46,69,69,7.95927,62.8453,9.18575,67.2899,846,0.0525136,0,66.2318,70.0392,8.87037,10.0205
2,0,proposed,dropB10,naive,78.675,6.96233,5.22478,82.4113,6.96743,82.3876,6.96213,82.4123,1.08992,0.64208,9.99821,8.72681,74.9996,11.6358,1,69,69,46,69,69,7.95927,62.8453,9.18575,67.2899,846,0.0525136,0,66.2318,70.0392,8.87037,10.0205
2,0,proposed,dropB10,naiveThr_freshT,78.675,6.96233,5.22478,82.4113,6.96743,82.3876,6.96213,82.4123,1.08576,0.643242,9.99893,8.7256,75.0002,11.6341,1,69,69,46,69,69,7.95927,62.8453,9.18575,67.2899,846,0.0525136,0,66.2318,70.0392,8.87037,10.0205
2,0,proposed,dropB1B9B10,mondrian,76.4541,8.18358,6.06327,81.7178,8.18961,81.696,8.18588,81.7094,1.1926,0.670702,9.87464,7.69215,68.1987,11.279,1,69,69,46,69,69,7.22457,53.5709,10.6292,65.6784,703,0.0582646,0,58.5878,68.5054,8.44193,11.5231
2,0,proposed,dropB1B9B10,naive,76.4541,8.18358,6.06327,81.7178,8.18961,81.696,8.18588,81.7094,1.08992,0.64208,9.99821,9.79807,74.0593,13.23,1,69,69,46,69,69,7.22457,53.5709,10.6292,65.6784,703,0.0582646,0,58.5878,68.5054,8.44193,11.5231
2,0,proposed,dropB1B9B10,naiveThr_freshT,76.4541,8.18358,6.06327,81.7178,8.18961,81.696,8.18588,81.7094,1.1926,0.620182,9.87893,9.54577,73.4428,12.9976,1,69,69,46,69,69,7.22457,53.5709,10.6292,65.6784,703,0.0582646,0,58.5878,68.5054,8.44193,11.5231
2,0,proposed,L2A_real,mondrian,67.7885,17.9736,11.294,72.0365,19.0562,70.5632,18.9642,70.6901,2.76921,0.746222,9.8825,8.63128,50.095,17.2298,1,69,69,46,69,69,6.30788,6.20203,29.9713,90.3838,176,0.0368207,0,9.99054,91.8358,9.15731,30.1824
2,0,proposed,L2A_real,naive,67.7885,17.9736,11.294,72.0365,19.0562,70.5632,18.9642,70.6901,1.08992,0.64208,9.99821,29.0077,94.1766,30.8014,1,69,69,46,69,69,6.30788,6.20203,29.9713,90.3838,176,0.0368207,0,9.99054,91.8358,9.15731,30.1824
2,0,proposed,L2A_real,naiveThr_freshT,67.7885,17.9736,11.294,72.0365,19.0562,70.5632,18.9642,70.6901,2.76921,0.428032,9.92571,29.8355,96.1239,31.0386,1,69,69,46,69,69,6.30788,6.20203,29.9713,90.3838,176,0.0368207,0,9.99054,91.8358,9.15731,30.1824
2,0,b2,clean,mondrian,78.8351,6.84215,5.18701,82.3367,6.84175,82.3347,6.84215,82.3367,1.09033,0.659839,9.97536,8.07246,73.6546,10.9599,1,69,69,46,69,69,8.05098,63.6736,8.05098,63.6736,987,0.044515,0,66.7311,66.7311,8.9498,8.9498
2,0,b2,clean,naive,78.8351,6.84215,5.18701,82.3367,6.84175,82.3347,6.84215,82.3367,1.09033,0.659839,9.97536,8.07246,73.6546,10.9599,1,69,69,46,69,69,8.05098,63.6736,8.05098,63.6736,987,0.044515,0,66.7311,66.7311,8.9498,8.9498
2,0,b2,clean,naiveThr_freshT,78.8351,6.84215,5.18701,82.3367,6.84175,82.3347,6.84215,82.3367,1.09033,0.659839,9.97536,8.07246,73.6546,10.9599,1,69,69,46,69,69,8.05098,63.6736,8.05098,63.6736,987,0.044515,0,66.7311,66.7311,8.9498,8.9498
2,0,b2,dropB10,mondrian,76.3122,8.12954,6.06593,81.9642,8.13216,81.9567,8.12774,81.9692,1.0496,0.670301,9.95464,7.63986,68.5511,11.1448,1,69,69,46,69,69,7.72319,55.8689,8.09827,57.3446,877,0.0460458,0,59.5284,60.8878,8.6468,8.99194
2,0,b2,dropB10,naive,76.3122,8.12954,6.06593,81.9642,8.13216,81.9567,8.12774,81.9692,1.09033,0.659839,9.97536,7.54746,68.3027,11.05,1,69,69,46,69,69,7.72319,55.8689,8.09827,57.3446,877,0.0460458,0,59.5284,60.8878,8.6468,8.99194
2,0,b2,dropB10,naiveThr_freshT,76.3122,8.12954,6.06593,81.9642,8.13216,81.9567,8.12774,81.9692,1.0496,0.67191,9.975,7.58357,68.38,11.0903,1,69,69,46,69,69,7.72319,55.8689,8.09827,57.3446,877,0.0460458,0,59.5284,60.8878,8.6468,8.99194
2,0,b2,dropB1B9B10,mondrian,74.9122,9.03017,6.56874,81.7937,9.03147,81.7887,9.03463,81.7771,0.937046,0.652134,9.87786,7.27862,65.5873,11.0976,1,69,69,46,69,69,7.93742,51.6541,6.64868,45.8331,834,0.0460568,0,55.7514,49.3351,8.76357,7.45179
2,0,b2,dropB1B9B10,naive,74.9122,9.03017,6.56874,81.7937,9.03147,81.7887,9.03463,81.7771,1.09033,0.659839,9.97536,5.47452,58.7725,9.31477,1,69,69,46,69,69,7.93742,51.6541,6.64868,45.8331,834,0.0460568,0,55.7514,49.3351,8.76357,7.45179
2,0,b2,dropB1B9B10,naiveThr_freshT,74.9122,9.03017,6.56874,81.7937,9.03147,81.7887,9.03463,81.7771,0.937046,0.70831,9.99607,5.58853,59.2862,9.42635,1,69,69,46,69,69,7.93742,51.6541,6.64868,45.8331,834,0.0460568,0,55.7514,49.3351,8.76357,7.45179
2,0,b2,L2A_real,mondrian,63.8514,20.8961,12.7803,72.937,20.9359,71.8211,20.9076,71.8966,4.02712,0.704694,9.9,7.2907,43.4062,16.7965,1,69,69,46,69,69,nan,0,33.1111,89.202,1,0.0407106,1,0.0290541,90.5358,23.2558,33.504
2,0,b2,L2A_real,naive,63.8514,20.8961,12.7803,72.937,20.9359,71.8211,20.9076,71.8966,1.09033,0.659839,9.97536,32.1275,93.2013,34.4711,1,69,69,46,69,69,nan,0,33.1111,89.202,1,0.0407106,1,0.0290541,90.5358,23.2558,33.504
2,0,b2,L2A_real,naiveThr_freshT,63.8514,20.8961,12.7803,72.937,20.9359,71.8211,20.9076,71.8966,4.02712,0.374164,9.96464,33.9431,96.542,35.1589,1,69,69,46,69,69,nan,0,33.1111,89.202,1,0.0407106,1,0.0290541,90.5358,23.2558,33.504
2,1,proposed,clean,mondrian,79.5878,6.32957,4.83347,83.0716,6.32628,83.0807,6.32957,83.0716,1.11896,0.651961,9.945,8.92524,77.5099,11.515,1,69,69,46,69,69,9.10777,69.5649,9.10777,69.5649,1055,0.0450617,0,72.2493,72.2493,9.86917,9.86917
2,1,proposed,clean,naive,79.5878,6.32957,4.83347,83.0716,6.32628,83.0807,6.32957,83.0716,1.11896,0.651961,9.945,8.92524,77.5099,11.515,1,69,69,46,69,69,9.10777,69.5649,9.10777,69.5649,1055,0.0450617,0,72.2493,72.2493,9.86917,9.86917
2,1,proposed,clean,naiveThr_freshT,79.5878,6.32957,4.83347,83.0716,6.32628,83.0807,6.32957,83.0716,1.11896,0.651961,9.945,8.92524,77.5099,11.515,1,69,69,46,69,69,9.10777,69.5649,9.10777,69.5649,1055,0.0450617,0,72.2493,72.2493,9.86917,9.86917
2,1,proposed,dropB10,mondrian,78.5041,7.10316,5.32871,82.1142,7.09955,82.1185,7.10289,82.1147,1.12623,0.656025,9.87464,8.32814,73.4414,11.3398,1,69,69,46,69,69,8.53118,63.4081,9.29497,66.223,840,0.0541233,0,66.9601,68.8047,9.4772,10.0009
2,1,proposed,dropB10,naive,78.5041,7.10316,5.32871,82.1142,7.09955,82.1185,7.10289,82.1147,1.11896,0.651961,9.945,8.5558,74.0633,11.552,1,69,69,46,69,69,8.53118,63.4081,9.29497,66.223,840,0.0541233,0,66.9601,68.8047,9.4772,10.0009
2,1,proposed,dropB10,naiveThr_freshT,78.5041,7.10316,5.32871,82.1142,7.09955,82.1185,7.10289,82.1147,1.12623,0.650092,9.945,8.54529,74.0367,11.542,1,69,69,46,69,69,8.53118,63.4081,9.29497,66.223,840,0.0541233,0,66.9601,68.8047,9.4772,10.0009
2,1,proposed,dropB1B9B10,mondrian,76.2216,8.31667,6.19202,81.4344,8.31014,81.4564,8.31298,81.4468,1.21294,0.657165,9.92714,7.3779,66.7673,11.0502,1,69,69,46,69,69,7.33695,53.5608,9.78507,62.7473,783,0.0508907,0,57.6642,65.1743,8.40374,10.53
2,1,proposed,dropB1B9B10,naive,76.2216,8.31667,6.19202,81.4344,8.31014,81.4564,8.31298,81.4468,1.11896,0.651961,9.945,8.48744,69.8982,12.1426,1,69,69,46,69,69,7.33695,53.5608,9.78507,62.7473,783,0.0508907,0,57.6642,65.1743,8.40374,10.53
2,1,proposed,dropB1B9B10,naiveThr_freshT,76.2216,8.31667,6.19202,81.4344,8.31014,81.4564,8.31298,81.4468,1.21294,0.627944,9.94929,8.42971,69.717,12.0913,1,69,69,46,69,69,7.33695,53.5608,9.78507,62.7473,783,0.0508907,0,57.6642,65.1743,8.40374,10.53
2,1,proposed,L2A_real,mondrian,67.3588,18.8656,11.4457,72.1724,18.6106,72.4495,18.6111,72.4541,3.10482,0.73502,9.99786,8.4715,49.7389,17.0319,1,69,69,46,69,69,8.9909,7.12432,30.0922,90.6764,190,0.0296694,0,9.18243,91.5527,10.8315,30.4145
2,1,proposed,L2A_real,naive,67.3588,18.8656,11.4457,72.1724,18.6106,72.4495,18.6111,72.4541,1.11896,0.651961,9.945,28.8277,93.0039,30.9962,1,69,69,46,69,69,8.9909,7.12432,30.0922,90.6764,190,0.0296694,0,9.18243,91.5527,10.8315,30.4145
2,1,proposed,L2A_real,naiveThr_freshT,67.3588,18.8656,11.4457,72.1724,18.6106,72.4495,18.6111,72.4541,3.10482,0.415204,9.93107,30.5499,96.7266,31.5838,1,69,69,46,69,69,8.9909,7.12432,30.0922,90.6764,190,0.0296694,0,9.18243,91.5527,10.8315,30.4145
2,1,b2,clean,mondrian,79.0392,6.81804,5.11588,82.3807,6.81626,82.38,6.81804,82.3807,1.08251,0.650426,9.92857,7.92693,74.0366,10.7068,1,69,69,46,69,69,8.56981,65.6216,8.56981,65.6216,1023,0.0443281,0,68.5547,68.5547,9.22818,9.22818
2,1,b2,clean,naive,79.0392,6.81804,5.11588,82.3807,6.81626,82.38,6.81804,82.3807,1.08251,0.650426,9.92857,7.92693,74.0366,10.7068,1,69,69,46,69,69,8.56981,65.6216,8.56981,65.6216,1023,0.0443281,0,68.5547,68.5547,9.22818,9.22818
2,1,b2,clean,naiveThr_freshT,79.0392,6.81804,5.11588,82.3807,6.81626,82.38,6.81804,82.3807,1.08251,0.650426,9.92857,7.92693,74.0366,10.7068,1,69,69,46,69,69,8.56981,65.6216,8.56981,65.6216,1023,0.0443281,0,68.5547,68.5547,9.22818,9.22818
2,1,b2,dropB10,mondrian,76.3912,8.31295,6.12287,81.5031,8.3142,81.4995,8.31117,81.508,1.02963,0.643605,9.97857,8.00399,68.8114,11.6318,1,69,69,46,69,69,8.43965,56.7223,8.46583,56.8182,956,0.0430264,0,60.2378,59.9514,9.31667,9.25412
2,1,b2,dropB10,naive,76.3912,8.31295,6.12287,81.5031,8.3142,81.4995,8.31117,81.508,1.08251,0.650426,9.92857,7.12452,66.1043,10.7777,1,69,69,46,69,69,8.43965,56.7223,8.46583,56.8182,956,0.0430264,0,60.2378,59.9514,9.31667,9.25412
2,1,b2,dropB10,naiveThr_freshT,76.3912,8.31295,6.12287,81.5031,8.3142,81.4995,8.31117,81.508,1.02963,0.666438,9.93893,7.16135,66.2231,10.814,1,69,69,46,69,69,8.43965,56.7223,8.46583,56.8182,956,0.0430264,0,60.2378,59.9514,9.31667,9.25412
2,1,b2,dropB1B9B10,mondrian,75.3608,9.01337,6.57291,80.9494,9.01452,80.9444,9.01692,80.9351,0.944081,0.637189,9.92714,8.12766,68.1674,11.9231,1,69,69,46,69,69,8.56185,56.0547,7.33084,49.9095,917,0.0444833,0,59.3777,53.0338,9.47439,8.08511
2,1,b2,dropB1B9B10,naive,75.3608,9.01337,6.57291,80.9494,9.01452,80.9444,9.01692,80.9351,1.08251,0.650426,9.92857,5.82476,60.7953,9.58094,1,69,69,46,69,69,8.56185,56.0547,7.33084,49.9095,917,0.0444833,0,59.3777,53.0338,9.47439,8.08511
2,1,b2,dropB1B9B10,naiveThr_freshT,75.3608,9.01337,6.57291,80.9494,9.01452,80.9444,9.01692,80.9351,0.944081,0.694489,9.95893,5.93418,61.2135,9.69423,1,69,69,46,69,69,8.56185,56.0547,7.33084,49.9095,917,0.0444833,0,59.3777,53.0338,9.47439,8.08511
2,1,b2,L2A_real,mondrian,66.4014,18.0466,11.6075,73.2719,18.4379,72.4361,18.414,72.4817,4.11571,0.725044,9.91429,7.51316,48.0272,15.6436,1,69,69,46,69,69,3.38886,1.17635,31.2714,90.9324,48,0.0405185,0,4.58446,92.2412,5.42373,31.5008
2,1,b2,L2A_real,naive,66.4014,18.0466,11.6075,73.2719,18.4379,72.4361,18.414,72.4817,1.08251,0.650426,9.92857,30.317,94.1454,32.2023,1,69,69,46,69,69,3.38886,1.17635,31.2714,90.9324,48,0.0405185,0,4.58446,92.2412,5.42373,31.5008
2,1,b2,L2A_real,naiveThr_freshT,66.4014,18.0466,11.6075,73.2719,18.4379,72.4361,18.414,72.4817,4.11571,0.363828,9.97214,31.4263,96.1713,32.6775,1,69,69,46,69,69,3.38886,1.17635,31.2714,90.9324,48,0.0405185,0,4.58446,92.2412,5.42373,31.5008
2,2,proposed,clean,mondrian,79.5331,6.35304,4.84088,83.1284,6.35349,83.1199,6.35304,83.1284,1.11793,0.660129,9.87964,8.42307,76.4086,11.0237,1,69,69,46,69,69,8.74994,68.5642,8.74994,68.5642,1136,0.0415602,0,70.9946,70.9946,9.45828,9.45828
2,2,proposed,clean,naive,79.5331,6.35304,4.84088,83.1284,6.35349,83.1199,6.35304,83.1284,1.11793,0.660129,9.87964,8.42307,76.4086,11.0237,1,69,69,46,69,69,8.74994,68.5642,8.74994,68.5642,1136,0.0415602,0,70.9946,70.9946,9.45828,9.45828
2,2,proposed,clean,naiveThr_freshT,79.5331,6.35304,4.84088,83.1284,6.35349,83.1199,6.35304,83.1284,1.11793,0.660129,9.87964,8.42307,76.4086,11.0237,1,69,69,46,69,69,8.74994,68.5642,8.74994,68.5642,1136,0.0415602,0,70.9946,70.9946,9.45828,9.45828
2,2,proposed,dropB10,mondrian,78.3135,7.13491,5.34584,82.3696,7.13656,82.3565,7.13493,82.3688,1.13308,0.659923,9.92929,7.78732,71.5967,10.8766,1,69,69,46,69,69,8.26584,62.0676,8.98344,64.6459,932,0.0475075,0,64.9385,66.9324,9.06471,9.62346
2,2,proposed,dropB10,naive,78.3135,7.13491,5.34584,82.3696,7.13656,82.3565,7.13493,82.3688,1.11793,0.660129,9.87964,7.92983,72.0143,11.0115,1,69,69,46,69,69,8.26584,62.0676,8.98344,64.6459,932,0.0475075,0,64.9385,66.9324,9.06471,9.62346
2,2,proposed,dropB10,naiveThr_freshT,78.3135,7.13491,5.34584,82.3696,7.13656,82.3565,7.13493,82.3688,1.13308,0.656242,9.89107,7.90954,71.9604,10.9915,1,69,69,46,69,69,8.26584,62.0676,8.98344,64.6459,932,0.0475075,0,64.9385,66.9324,9.06471,9.62346
2,2,proposed,dropB1B9B10,mondrian,76.0149,8.3707,6.19127,81.8193,8.36951,81.8208,8.36967,81.822,1.18578,0.67153,9.88857,7.20664,66.5435,10.83,1,69,69,46,69,69,7.95614,56.2628,9.46283,62.3135,770,0.0529727,0,59.5338,64.6541,8.79923,10.2343
2,2,proposed,dropB1B9B10,naive,76.0149,8.3707,6.19127,81.8193,8.36951,81.8208,8.36967,81.822,1.11793,0.660129,9.87964,8.34771,69.8942,11.9433,1,69,69,46,69,69,7.95614,56.2628,9.46283,62.3135,770,0.0529727,0,59.5338,64.6541,8.79923,10.2343
2,2,proposed,dropB1B9B10,naiveThr_freshT,76.0149,8.3707,6.19127,81.8193,8.36951,81.8208,8.36967,81.822,1.18578,0.642753,9.90214,8.27585,69.721,11.8699,1,69,69,46,69,69,7.95614,56.2628,9.46283,62.3135,770,0.0529727,0,59.5338,64.6541,8.79923,10.2343
2,2,proposed,L2A_real,mondrian,68.2642,20.0281,11.9639,68.0212,19.988,67.9192,19.9801,67.9451,3.02859,0.758309,9.99607,8.92065,46.1961,19.3104,1,69,69,46,69,69,1.29213,1.2027,29.3793,91.0297,38,0.0299683,0,1.46892,91.8892,2.94388,29.5994
2,2,proposed,L2A_real,naive,68.2642,20.0281,11.9639,68.0212,19.988,67.9192,19.9801,67.9451,1.11793,0.660129,9.87964,28.1434,93.7099,30.0324,1,69,69,46,69,69,1.29213,1.2027,29.3793,91.0297,38,0.0299683,0,1.46892,91.8892,2.94388,29.5994
2,2,proposed,L2A_real,naiveThr_freshT,68.2642,20.0281,11.9639,68.0212,19.988,67.9192,19.9801,67.9451,3.02859,0.423769,9.99536,28.3213,94.2314,30.055,1,69,69,46,69,69,1.29213,1.2027,29.3793,91.0297,38,0.0299683,0,1.46892,91.8892,2.94388,29.5994
2,2,b2,clean,mondrian,78.9074,6.77777,5.13842,82.4925,6.78084,82.4806,6.77777,82.4925,1.10455,0.652964,9.95679,8.12174,74.4355,10.9111,1,69,69,46,69,69,8.19759,63.9196,8.19759,63.9196,979,0.0453379,0,67.4203,67.4203,9.09884,9.09884
2,2,b2,clean,naive,78.9074,6.77777,5.13842,82.4925,6.78084,82.4806,6.77777,82.4925,1.10455,0.652964,9.95679,8.12174,74.4355,10.9111,1,69,69,46,69,69,8.19759,63.9196,8.19759,63.9196,979,0.0453379,0,67.4203,67.4203,9.09884,9.09884
2,2,b2,clean,naiveThr_freshT,78.9074,6.77777,5.13842,82.4925,6.78084,82.4806,6.77777,82.4925,1.10455,0.652964,9.95679,8.12174,74.4355,10.9111,1,69,69,46,69,69,8.19759,63.9196,8.19759,63.9196,979,0.0453379,0,67.4203,67.4203,9.09884,9.09884
2,2,b2,dropB10,mondrian,76.0345,8.11864,6.07994,82.3943,8.12056,82.3918,8.11516,82.3976,1.03212,0.65931,9.94964,8.093,69.4551,11.6521,1,69,69,46,69,69,8.2887,58.1628,7.92748,56.9095,872,0.0479105,0,61.4459,60.2784,9.14779,8.80599
2,2,b2,dropB10,naive,76.0345,8.11864,6.07994,82.3943,8.12056,82.3918,8.11516,82.3976,1.10455,0.652964,9.95679,7.44046,67.6843,10.9929,1,69,69,46,69,69,8.2887,58.1628,7.92748,56.9095,872,0.0479105,0,61.4459,60.2784,9.14779,8.80599
2,2,b2,dropB10,naiveThr_freshT,76.0345,8.11864,6.07994,82.3943,8.12056,82.3918,8.11516,82.3976,1.03212,0.674192,9.97393,7.50447,67.8742,11.0564,1,69,69,46,69,69,8.2887,58.1628,7.92748,56.9095,872,0.0479105,0,61.4459,60.2784,9.14779,8.80599
2,2,b2,dropB1B9B10,mondrian,75.0919,9.15889,6.70862,80.7182,9.15897,80.7191,9.15901,80.7126,1.01812,0.657848,9.92107,7.97246,67.0202,11.8956,1,69,69,46,69,69,7.63947,49.9716,8.06511,51.8081,814,0.0434634,0,54.7466,55.4534,8.79975,8.98856
2,2,b2,dropB1B9B10,naive,75.0919,9.15889,6.70862,80.7182,9.15897,80.7191,9.15901,80.7126,1.10455,0.652964,9.95679,7.03031,64.27,10.9387,1,69,69,46,69,69,7.63947,49.9716,8.06511,51.8081,814,0.0434634,0,54.7466,55.4534,8.79975,8.98856
2,2,b2,dropB1B9B10,naiveThr_freshT,75.0919,9.15889,6.70862,80.7182,9.15897,80.7191,9.15901,80.7126,1.01812,0.678698,9.97464,7.13418,64.5982,11.0439,1,69,69,46,69,69,7.63947,49.9716,8.06511,51.8081,814,0.0434634,0,54.7466,55.4534,8.79975,8.98856
2,2,b2,L2A_real,mondrian,63.9804,24.4109,13.7884,68.3181,24.9744,66.899,24.9088,66.9973,4.7579,0.724316,9.96536,8.00169,40.213,19.8982,1,69,69,46,69,69,nan,0,34.0497,92.1189,1,0.0408637,1,0.00743243,92.9912,0,34.2898
2,2,b2,L2A_real,naive,63.9804,24.4109,13.7884,68.3181,24.9744,66.899,24.9088,66.9973,1.10455,0.652964,9.95679,33.0517,94.8118,34.8603,1,69,69,46,69,69,nan,0,34.0497,92.1189,1,0.0408637,1,0.00743243,92.9912,0,34.2898
2,2,b2,L2A_real,naiveThr_freshT,63.9804,24.4109,13.7884,68.3181,24.9744,66.899,24.9088,66.9973,4.7579,0.354004,9.99393,34.2379,97.108,35.2576,1,69,69,46,69,69,nan,0,34.0497,92.1189,1,0.0408637,1,0.00743243,92.9912,0,34.2898
3,0,proposed,clean,mondrian,80.2542,6.01001,4.60524,83.2415,6.01236,83.2337,6.01001,83.2415,1.04489,0.678357,9.88488,7.91594,75.2435,10.5204,1,69,69,46,69,69,8.36242,68.5915,8.36242,68.5915,1052,0.0451994,0,71.2563,71.2563,9.24158,9.24158
3,0,proposed,clean,naive,80.2542,6.01001,4.60524,83.2415,6.01236,83.2337,6.01001,83.2415,1.04489,0.678357,9.88488,7.91594,75.2435,10.5204,1,69,69,46,69,69,8.36242,68.5915,8.36242,68.5915,1052,0.0451994,0,71.2563,71.2563,9.24158,9.24158
3,0,proposed,clean,naiveThr_freshT,80.2542,6.01001,4.60524,83.2415,6.01236,83.2337,6.01001,83.2415,1.04489,0.678357,9.88488,7.91594,75.2435,10.5204,1,69,69,46,69,69,8.36242,68.5915,8.36242,68.5915,1052,0.0451994,0,71.2563,71.2563,9.24158,9.24158
3,0,proposed,dropB10,mondrian,78.743,7.02354,5.26483,82.0446,7.02756,82.0305,7.02526,82.0386,1.08477,0.674649,9.90524,7.99384,72.5533,11.0179,1,69,69,46,69,69,8.54455,63.8493,9.33715,66.869,838,0.0536533,0,67.3782,69.4824,9.46413,10.0725
3,0,proposed,dropB10,naive,78.743,7.02354,5.26483,82.0446,7.02756,82.0305,7.02526,82.0386,1.04489,0.678357,9.88488,8.26594,73.3678,11.2665,1,69,69,46,69,69,8.54455,63.8493,9.33715,66.869,838,0.0536533,0,67.3782,69.4824,9.46413,10.0725
3,0,proposed,dropB10,naiveThr_freshT,78.743,7.02354,5.26483,82.0446,7.02756,82.0305,7.02526,82.0386,1.08477,0.666784,9.87786,8.22862,73.2946,11.2268,1,69,69,46,69,69,8.54455,63.8493,9.33715,66.869,838,0.0536533,0,67.3782,69.4824,9.46413,10.0725
3,0,proposed,dropB1B9B10,mondrian,76.9556,7.97413,5.90619,81.6685,7.9924,81.6141,7.98743,81.6293,1.19934,0.672707,9.99762,7.80399,68.6888,11.3614,1,69,69,46,69,69,7.83097,57.0775,10.6226,66.507,727,0.0544911,0,61.0746,68.9472,8.89237,11.3937
3,0,proposed,dropB1B9B10,naive,76.9556,7.97413,5.90619,81.6685,7.9924,81.6141,7.98743,81.6293,1.04489,0.678357,9.88488,9.1721,72.571,12.6388,1,69,69,46,69,69,7.83097,57.0775,10.6226,66.507,727,0.0544911,0,61.0746,68.9472,8.89237,11.3937
3,0,proposed,dropB1B9B10,naiveThr_freshT,76.9556,7.97413,5.90619,81.6685,7.9924,81.6141,7.98743,81.6293,1.19934,0.636174,9.89464,9.07536,72.3609,12.5418,1,69,69,46,69,69,7.83097,57.0775,10.6226,66.507,727,0.0544911,0,61.0746,68.9472,8.89237,11.3937
3,0,proposed,L2A_real,mondrian,66.5197,19.3273,11.8718,71.8599,20.5776,70.3974,20.5275,70.4594,2.77682,0.738024,9.88262,10.6507,54.6518,19.4883,1,69,69,46,69,69,10.9522,10.6866,31.441,91.4859,178,0.0494298,0,20.1648,92.5211,13.5259,31.6761
3,0,proposed,L2A_real,naive,66.5197,19.3273,11.8718,71.8599,20.5776,70.3974,20.5275,70.4594,1.04489,0.678357,9.88488,30.0406,94.0283,31.9485,1,69,69,46,69,69,10.9522,10.6866,31.441,91.4859,178,0.0494298,0,20.1648,92.5211,13.5259,31.6761
3,0,proposed,L2A_real,naiveThr_freshT,66.5197,19.3273,11.8718,71.8599,20.5776,70.3974,20.5275,70.4594,2.77682,0.433897,9.96548,31.1692,96.2688,32.3772,1,69,69,46,69,69,10.9522,10.6866,31.441,91.4859,178,0.0494298,0,20.1648,92.5211,13.5259,31.6761
3,0,b2,clean,mondrian,78.9373,6.87658,5.20612,82.0293,6.8801,82.0198,6.87658,82.0293,1.06023,0.679939,9.91607,7.9029,72.1656,10.9511,1,69,69,46,69,69,8.08194,63.4958,8.08194,63.4958,1065,0.0418682,0,66.3282,66.3282,9.03531,9.03531
3,0,b2,clean,naive,78.9373,6.87658,5.20612,82.0293,6.8801,82.0198,6.87658,82.0293,1.06023,0.679939,9.91607,7.9029,72.1656,10.9511,1,69,69,46,69,69,8.08194,63.4958,8.08194,63.4958,1065,0.0418682,0,66.3282,66.3282,9.03531,9.03531
3,0,b2,clean,naiveThr_freshT,78.9373,6.87658,5.20612,82.0293,6.8801,82.0198,6.87658,82.0293,1.06023,0.679939,9.91607,7.9029,72.1656,10.9511,1,69,69,46,69,69,8.08194,63.4958,8.08194,63.4958,1065,0.0418682,0,66.3282,66.3282,9.03531,9.03531
3,0,b2,dropB10,mondrian,77.1866,8.36613,6.14292,79.8931,8.36718,79.8907,8.36409,79.8977,1.01895,0.677659,9.93667,8.65652,69.8004,12.4018,1,69,69,46,69,69,8.7433,57.5732,9.04467,58.6993,796,0.0500834,0,61.2162,61.8444,9.74611,9.9056
3,0,b2,dropB10,naive,77.1866,8.36613,6.14292,79.8931,8.36718,79.8907,8.36409,79.8977,1.06023,0.679939,9.91607,8.12391,68.2207,11.9083,1,69,69,46,69,69,8.7433,57.5732,9.04467,58.6993,796,0.0500834,0,61.2162,61.8444,9.74611,9.9056
3,0,b2,dropB10,naiveThr_freshT,77.1866,8.36613,6.14292,79.8931,8.36718,79.8907,8.36409,79.8977,1.01895,0.6926,9.91988,8.16413,68.3406,11.9462,1,69,69,46,69,69,8.7433,57.5732,9.04467,58.6993,796,0.0500834,0,61.2162,61.8444,9.74611,9.9056
3,0,b2,dropB1B9B10,mondrian,75.0479,9.43587,6.8159,80.2266,9.42421,80.2607,9.4192,80.2749,0.892801,0.654272,9.97595,9.10833,68.5891,13.2796,1,69,69,46,69,69,9.32897,54.8873,7.87064,48.8444,839,0.0445646,0,59.4282,52.4141,10.4197,8.72252
3,0,b2,dropB1B9B10,naive,75.0479,9.43587,6.8159,80.2266,9.42421,80.2607,9.4192,80.2749,1.06023,0.679939,9.91607,6.31087,59.7156,10.5682,1,69,69,46,69,69,9.32897,54.8873,7.87064,48.8444,839,0.0445646,0,59.4282,52.4141,10.4197,8.72252
3,0,b2,dropB1B9B10,naiveThr_freshT,75.0479,9.43587,6.8159,80.2266,9.42421,80.2607,9.4192,80.2749,0.892801,0.73615,9.92095,6.45725,60.2591,10.7158,1,69,69,46,69,69,9.32897,54.8873,7.87064,48.8444,839,0.0445646,0,59.4282,52.4141,10.4197,8.72252
3,0,b2,L2A_real,mondrian,62.0056,23.9808,13.8796,71.7234,23.633,71.508,23.627,71.5318,3.98772,0.687089,9.97464,11.4449,51.4641,22.2386,1,69,69,46,69,69,nan,0,35.6609,91.069,1,0.0480975,1,21,92.1732,13.7592,35.9649
3,0,b2,L2A_real,naive,62.0056,23.9808,13.8796,71.7234,23.633,71.508,23.627,71.5318,1.06023,0.679939,9.91607,34.2236,94.1431,36.3527,1,69,69,46,69,69,nan,0,35.6609,91.069,1,0.0480975,1,21,92.1732,13.7592,35.9649
3,0,b2,L2A_real,naiveThr_freshT,62.0056,23.9808,13.8796,71.7234,23.633,71.508,23.627,71.5318,3.98772,0.377473,9.89119,35.9736,97.3355,36.9583,1,69,69,46,69,69,nan,0,35.6609,91.069,1,0.0480975,1,21,92.1732,13.7592,35.9649
3,1,proposed,clean,mondrian,79.762,6.06688,4.67782,83.7082,6.0701,83.6943,6.06688,83.7082,1.08302,0.689602,9.93214,7.74348,74.7232,10.3629,1,69,69,46,69,69,7.86879,67.2204,7.86879,67.2204,1120,0.0419336,0,70.4423,70.4423,8.86352,8.86352
3,1,proposed,clean,naive,79.762,6.06688,4.67782,83.7082,6.0701,83.6943,6.06688,83.7082,1.08302,0.689602,9.93214,7.74348,74.7232,10.3629,1,69,69,46,69,69,7.86879,67.2204,7.86879,67.2204,1120,0.0419336,0,70.4423,70.4423,8.86352,8.86352
3,1,proposed,clean,naiveThr_freshT,79.762,6.06688,4.67782,83.7082,6.0701,83.6943,6.06688,83.7082,1.08302,0.689602,9.93214,7.74348,74.7232,10.3629,1,69,69,46,69,69,7.86879,67.2204,7.86879,67.2204,1120,0.0419336,0,70.4423,70.4423,8.86352,8.86352
3,1,proposed,dropB10,mondrian,78.45,7.31168,5.43797,81.5693,7.31411,81.5609,7.31186,81.5687,1.09355,0.677295,9.92131,8.50507,73.6732,11.5443,1,69,69,46,69,69,9.20945,65.2423,9.31115,65.6641,980,0.0457114,0,68.4472,68.6458,10.0159,10.0557
3,1,proposed,dropB10,naive,78.45,7.31168,5.43797,81.5693,7.31411,81.5609,7.31186,81.5687,1.08302,0.689602,9.93214,8.23696,72.817,11.3119,1,69,69,46,69,69,9.20945,65.2423,9.31115,65.6641,980,0.0457114,0,68.4472,68.6458,10.0159,10.0557
3,1,proposed,dropB10,naiveThr_freshT,78.45,7.31168,5.43797,81.5693,7.31411,81.5609,7.31186,81.5687,1.09355,0.686458,9.93536,8.23116,72.8062,11.3056,1,69,69,46,69,69,9.20945,65.2423,9.31115,65.6641,980,0.0457114,0,68.4472,68.6458,10.0159,10.0557
3,1,proposed,dropB1B9B10,mondrian,75.7401,8.65879,6.39269,81.2245,8.66097,81.2211,8.65925,81.2244,1.13221,0.691354,9.93143,8.12319,67.754,11.9892,1,69,69,46,69,69,8.30275,55.4627,10.3369,62.7592,812,0.0474553,0,59.3472,65.4275,9.34344,11.1832
3,1,proposed,dropB1B9B10,naive,75.7401,8.65879,6.39269,81.2245,8.66097,81.2211,8.65925,81.2244,1.08302,0.689602,9.93214,8.64819,69.3236,12.4751,1,69,69,46,69,69,8.30275,55.4627,10.3369,62.7592,812,0.0474553,0,59.3472,65.4275,9.34344,11.1832
3,1,proposed,dropB1B9B10,naiveThr_freshT,75.7401,8.65879,6.39269,81.2245,8.66097,81.2211,8.65925,81.2244,1.13221,0.675276,9.95119,8.60906,69.2283,12.4358,1,69,69,46,69,69,8.30275,55.4627,10.3369,62.7592,812,0.0474553,0,59.3472,65.4275,9.34344,11.1832
3,1,proposed,L2A_real,mondrian,67.0725,18.2815,11.3169,73.3049,18.2133,73.4868,18.2008,73.5043,3.21066,0.715325,9.9475,9.84312,55.562,17.7156,1,69,69,46,69,69,5.79427,5.40845,30.278,90.8204,100,0.0477942,0,8.31479,91.8352,9.27416,30.6397
3,1,proposed,L2A_real,naive,67.0725,18.2815,11.3169,73.3049,18.2133,73.4868,18.2008,73.5043,1.08302,0.689602,9.93214,28.9453,93.1333,31.0794,1,69,69,46,69,69,5.79427,5.40845,30.278,90.8204,100,0.0477942,0,8.31479,91.8352,9.27416,30.6397
3,1,proposed,L2A_real,naiveThr_freshT,67.0725,18.2815,11.3169,73.3049,18.2133,73.4868,18.2008,73.5043,3.21066,0.422134,9.87952,30.0793,95.7873,31.4022,1,69,69,46,69,69,5.79427,5.40845,30.278,90.8204,100,0.0477942,0,8.31479,91.8352,9.27416,30.6397
3,1,b2,clean,mondrian,79.381,6.62772,5.00896,82.3849,6.62727,82.3865,6.62772,82.3849,0.992228,0.692399,9.9831,7.86486,73.5482,10.6935,1,69,69,46,69,69,7.78574,64.012,7.78574,64.012,999,0.0444475,0,67.2014,67.2014,8.66221,8.66221
3,1,b2,clean,naive,79.381,6.62772,5.00896,82.3849,6.62727,82.3865,6.62772,82.3849,0.992228,0.692399,9.9831,7.86486,73.5482,10.6935,1,69,69,46,69,69,7.78574,64.012,7.78574,64.012,999,0.0444475,0,67.2014,67.2014,8.66221,8.66221
3,1,b2,clean,naiveThr_freshT,79.381,6.62772,5.00896,82.3849,6.62727,82.3865,6.62772,82.3849,0.992228,0.692399,9.9831,7.86486,73.5482,10.6935,1,69,69,46,69,69,7.78574,64.012,7.78574,64.012,999,0.0444475,0,67.2014,67.2014,8.66221,8.66221
3,1,b2,dropB10,mondrian,77.2232,8.33468,6.09322,80.1055,8.33194,80.1143,8.33226,80.1132,0.941769,0.686201,9.98964,8.38297,69.6141,12.0421,1,69,69,46,69,69,8.86184,56.2866,8.9154,56.5408,838,0.0469267,0,59.7507,59.819,9.6186,9.64411
3,1,b2,dropB10,naive,77.2232,8.33468,6.09322,80.1055,8.33194,80.1143,8.33226,80.1132,0.992228,0.692399,9.9831,7.57609,67.1551,11.2815,1,69,69,46,69,69,8.86184,56.2866,8.9154,56.5408,838,0.0469267,0,59.7507,59.819,9.6186,9.64411
3,1,b2,dropB10,naiveThr_freshT,77.2232,8.33468,6.09322,80.1055,8.33194,80.1143,8.33226,80.1132,0.941769,0.709868,9.98131,7.60616,67.2362,11.3126,1,69,69,46,69,69,8.86184,56.2866,8.9154,56.5408,838,0.0469267,0,59.7507,59.819,9.6186,9.64411
3,1,b2,dropB1B9B10,mondrian,75.2634,9.16855,6.66666,80.6255,9.16168,80.6489,9.16204,80.6477,0.880999,0.661873,9.98024,8.93297,68.8402,12.9764,1,69,69,46,69,69,9.18625,56.338,7.8384,50.1324,889,0.0435763,0,60.4324,53.4831,10.1207,8.61797
3,1,b2,dropB1B9B10,naive,75.2634,9.16855,6.66666,80.6255,9.16168,80.6489,9.16204,80.6477,0.992228,0.692399,9.9831,6.35833,61.0993,10.4066,1,69,69,46,69,69,9.18625,56.338,7.8384,50.1324,889,0.0435763,0,60.4324,53.4831,10.1207,8.61797
3,1,b2,dropB1B9B10,naiveThr_freshT,75.2634,9.16855,6.66666,80.6255,9.16168,80.6489,9.16204,80.6477,0.880999,0.732098,9.99048,6.43225,61.3482,10.4848,1,69,69,46,69,69,9.18625,56.338,7.8384,50.1324,889,0.0435763,0,60.4324,53.4831,10.1207,8.61797
3,1,b2,L2A_real,mondrian,64.7606,21.2343,12.6878,71.6116,21.314,71.3472,21.3147,71.3453,3.90602,0.728052,9.98155,11.2504,55.8558,20.1418,1,69,69,46,69,69,14.5967,25.5556,33.5161,92.2282,357,0.0477812,0,32.3641,93.2697,15.558,33.7307
3,1,b2,L2A_real,naive,64.7606,21.2343,12.6878,71.6116,21.314,71.3472,21.3147,71.3453,0.992228,0.692399,9.9831,32.3844,95.288,33.9858,1,69,69,46,69,69,14.5967,25.5556,33.5161,92.2282,357,0.0477812,0,32.3641,93.2697,15.558,33.7307
3,1,b2,L2A_real,naiveThr_freshT,64.7606,21.2343,12.6878,71.6116,21.314,71.3472,21.3147,71.3453,3.90602,0.375145,9.88321,33.3377,97.0315,34.3576,1,69,69,46,69,69,14.5967,25.5556,33.5161,92.2282,357,0.0477812,0,32.3641,93.2697,15.558,33.7307
3,2,proposed,clean,mondrian,79.5894,6.19717,4.7606,83.5172,6.20125,83.5009,6.19717,83.5172,1.08363,0.679559,9.92607,8.25797,75.5051,10.937,1,69,69,46,69,69,8.6904,68.7824,8.6904,68.7824,1163,0.0409742,0,71.5972,71.5972,9.62545,9.62545
3,2,proposed,clean,naive,79.5894,6.19717,4.7606,83.5172,6.20125,83.5009,6.19717,83.5172,1.08363,0.679559,9.92607,8.25797,75.5051,10.937,1,69,69,46,69,69,8.6904,68.7824,8.6904,68.7824,1163,0.0409742,0,71.5972,71.5972,9.62545,9.62545
3,2,proposed,clean,naiveThr_freshT,79.5894,6.19717,4.7606,83.5172,6.20125,83.5009,6.19717,83.5172,1.08363,0.679559,9.92607,8.25797,75.5051,10.937,1,69,69,46,69,69,8.6904,68.7824,8.6904,68.7824,1163,0.0409742,0,71.5972,71.5972,9.62545,9.62545
3,2,proposed,dropB10,mondrian,78.0289,7.29792,5.4613,82.2235,7.30438,82.2001,7.29955,82.2176,1.12129,0.663784,9.94321,8.22645,72.5246,11.343,1,69,69,46,69,69,8.84809,63.4099,9.3717,65.3451,942,0.0473611,0,66.6746,68.0908,9.73193,10.1232
3,2,proposed,dropB10,naive,78.0289,7.29792,5.4613,82.2235,7.30438,82.2001,7.29955,82.2176,1.08363,0.679559,9.92607,8.07536,72.0906,11.2017,1,69,69,46,69,69,8.84809,63.4099,9.3717,65.3451,942,0.0473611,0,66.6746,68.0908,9.73193,10.1232
3,2,proposed,dropB10,naiveThr_freshT,78.0289,7.29792,5.4613,82.2235,7.30438,82.2001,7.29955,82.2176,1.12129,0.669006,9.92393,8.05507,72.0178,11.1848,1,69,69,46,69,69,8.84809,63.4099,9.3717,65.3451,942,0.0473611,0,66.6746,68.0908,9.73193,10.1232
3,2,proposed,dropB1B9B10,mondrian,75.5063,8.53233,6.33153,81.985,8.53778,81.9669,8.53441,81.9782,1.16501,0.670915,9.97655,8.46739,69.237,12.2296,1,69,69,46,69,69,8.211,56.4169,10.358,63.7866,930,0.0431748,0,60.2761,66.7366,9.33498,11.3005
3,2,proposed,dropB1B9B10,naive,75.5063,8.53233,6.33153,81.985,8.53778,81.9669,8.53441,81.9782,1.08363,0.679559,9.92607,9.07971,70.8717,12.8115,1,69,69,46,69,69,8.211,56.4169,10.358,63.7866,930,0.0431748,0,60.2761,66.7366,9.33498,11.3005
3,2,proposed,dropB1B9B10,naiveThr_freshT,75.5063,8.53233,6.33153,81.985,8.53778,81.9669,8.53441,81.9782,1.16501,0.657303,9.92357,9.00797,70.6634,12.7477,1,69,69,46,69,69,8.211,56.4169,10.358,63.7866,930,0.0431748,0,60.2761,66.7366,9.33498,11.3005
3,2,proposed,L2A_real,mondrian,67.1972,21.5743,12.6718,66.9204,21.3898,67.0332,21.3914,67.0394,3.05897,0.755487,9.95714,9.16304,45.0812,20.3257,1,69,69,46,69,69,6.79012,1.4831,30.6085,91.3859,39,0.0412044,0,2.78169,92.2993,10.7089,30.8091
3,2,proposed,L2A_real,naive,67.1972,21.5743,12.6718,66.9204,21.3898,67.0332,21.3914,67.0394,1.08363,0.679559,9.92607,29.0221,93.6471,30.9909,1,69,69,46,69,69,6.79012,1.4831,30.6085,91.3859,39,0.0412044,0,2.78169,92.2993,10.7089,30.8091
3,2,proposed,L2A_real,naiveThr_freshT,67.1972,21.5743,12.6718,66.9204,21.3898,67.0332,21.3914,67.0394,3.05897,0.4264,9.9519,29.208,94.0815,31.0454,1,69,69,46,69,69,6.79012,1.4831,30.6085,91.3859,39,0.0412044,0,2.78169,92.2993,10.7089,30.8091
3,2,b2,clean,mondrian,79.1394,6.79509,5.11988,82.1673,6.79862,82.1569,6.79509,82.1673,1.05365,0.685433,9.95488,7.83804,72.7746,10.7703,1,69,69,46,69,69,8.07703,63.7,8.07703,63.7,1062,0.0417387,0,66.4296,66.4296,8.94307,8.94307
3,2,b2,clean,naive,79.1394,6.79509,5.11988,82.1673,6.79862,82.1569,6.79509,82.1673,1.05365,0.685433,9.95488,7.83804,72.7746,10.7703,1,69,69,46,69,69,8.07703,63.7,8.07703,63.7,1062,0.0417387,0,66.4296,66.4296,8.94307,8.94307
3,2,b2,clean,naiveThr_freshT,79.1394,6.79509,5.11988,82.1673,6.79862,82.1569,6.79509,82.1673,1.05365,0.685433,9.95488,7.83804,72.7746,10.7703,1,69,69,46,69,69,8.07703,63.7,8.07703,63.7,1062,0.0417387,0,66.4296,66.4296,8.94307,8.94307
3,2,b2,dropB10,mondrian,77.0711,8.25923,6.0638,80.5616,8.25815,80.564,8.25531,80.5699,0.982204,0.690453,9.87262,7.96087,68.546,11.6139,1,69,69,46,69,69,8.83728,57.7021,8.60828,56.6683,723,0.0565799,0,61.4373,59.7542,9.70071,9.31515
3,2,b2,dropB10,naive,77.0711,8.25923,6.0638,80.5616,8.25815,80.564,8.25531,80.5699,1.05365,0.685433,9.95488,7.35507,66.4801,11.0636,1,69,69,46,69,69,8.83728,57.7021,8.60828,56.6683,723,0.0565799,0,61.4373,59.7542,9.70071,9.31515
3,2,b2,dropB10,naiveThr_freshT,77.0711,8.25923,6.0638,80.5616,8.25815,80.564,8.25531,80.5699,0.982204,0.708515,9.95393,7.38623,66.6149,11.088,1,69,69,46,69,69,8.83728,57.7021,8.60828,56.6683,723,0.0565799,0,61.4373,59.7542,9.70071,9.31515
3,2,b2,dropB1B9B10,mondrian,74.6493,9.61147,6.98595,80.0648,9.60997,80.0699,9.60872,80.0743,0.952295,0.682452,9.94107,8.81232,66.7493,13.2021,1,69,69,46,69,69,9.24539,53.0451,9.25793,53.1254,789,0.0456461,0,57.8014,55.9211,10.5059,10.0494
3,2,b2,dropB1B9B10,naive,74.6493,9.61147,6.98595,80.0648,9.60997,80.0699,9.60872,80.0743,1.05365,0.685433,9.95488,7.47246,62.8181,11.8954,1,69,69,46,69,69,9.24539,53.0451,9.25793,53.1254,789,0.0456461,0,57.8014,55.9211,10.5059,10.0494
3,2,b2,dropB1B9B10,naiveThr_freshT,74.6493,9.61147,6.98595,80.0648,9.60997,80.0699,9.60872,80.0743,0.952295,0.718793,9.95393,7.56196,63.1109,11.982,1,69,69,46,69,69,9.24539,53.0451,9.25793,53.1254,789,0.0456461,0,57.8014,55.9211,10.5059,10.0494
3,2,b2,L2A_real,mondrian,62.0915,27.8498,14.9552,66.9904,28.3501,66.0088,28.3217,66.0482,4.62014,0.721134,9.93345,11.729,48.6514,24.1082,1,69,69,46,69,69,nan,0,36.5392,93.0507,5,0.0472398,1,0.590141,93.7275,76.8496,36.6924
3,2,b2,L2A_real,naive,62.0915,27.8498,14.9552,66.9904,28.3501,66.0088,28.3217,66.0482,1.05365,0.685433,9.95488,35.0703,95.2243,36.8291,1,69,69,46,69,69,nan,0,36.5392,93.0507,5,0.0472398,1,0.590141,93.7275,76.8496,36.6924
3,2,b2,L2A_real,naiveThr_freshT,62.0915,27.8498,14.9552,66.9904,28.3501,66.0088,28.3217,66.0482,4.62014,0.360162,9.96238,36.2938,97.7279,37.1376,1,69,69,46,69,69,nan,0,36.5392,93.0507,5,0.0472398,1,0.590141,93.7275,76.8496,36.6924
4,0,proposed,clean,mondrian,79.9067,6.21128,4.71786,83.1895,6.21253,83.1851,6.21128,83.1895,1.03664,0.658312,9.95286,8.87524,77.9598,11.3844,1,69,69,46,69,69,9.22217,71.198,9.22217,71.198,1077,0.0447914,0,73.924,73.924,10.1293,10.1293
4,0,proposed,clean,naive,79.9067,6.21128,4.71786,83.1895,6.21253,83.1851,6.21128,83.1895,1.03664,0.658312,9.95286,8.87524,77.9598,11.3844,1,69,69,46,69,69,9.22217,71.198,9.22217,71.198,1077,0.0447914,0,73.924,73.924,10.1293,10.1293
4,0,proposed,clean,naiveThr_freshT,79.9067,6.21128,4.71786,83.1895,6.21253,83.1851,6.21128,83.1895,1.03664,0.658312,9.95286,8.87524,77.9598,11.3844,1,69,69,46,69,69,9.22217,71.198,9.22217,71.198,1077,0.0447914,0,73.924,73.924,10.1293,10.1293
4,0,proposed,dropB10,mondrian,78.4653,7.19042,5.34644,82.082,7.19385,82.0731,7.19156,82.0791,1.0574,0.66975,9.92964,8.44771,74.0591,11.4067,1,69,69,46,69,69,9.20964,66.0033,9.94684,68.8527,1021,0.0445724,0,68.898,71.5413,9.95868,10.6801
4,0,proposed,dropB10,naive,78.4653,7.19042,5.34644,82.082,7.19385,82.0731,7.19156,82.0791,1.03664,0.658312,9.95286,9.02645,75.6787,11.9273,1,69,69,46,69,69,9.20964,66.0033,9.94684,68.8527,1021,0.0445724,0,68.898,71.5413,9.95868,10.6801
4,0,proposed,dropB10,naiveThr_freshT,78.4653,7.19042,5.34644,82.082,7.19385,82.0731,7.19156,82.0791,1.0574,0.652431,9.95679,9.0151,75.6522,11.9165,1,69,69,46,69,69,9.20964,66.0033,9.94684,68.8527,1021,0.0445724,0,68.898,71.5413,9.95868,10.6801
4,0,proposed,dropB1B9B10,mondrian,76.7033,8.32697,6.06959,81.2201,8.33719,81.1963,8.33461,81.2029,1.18319,0.660744,9.98536,8.59457,71.2995,12.0542,1,69,69,46,69,69,9.43798,61.0653,11.3889,68.6107,959,0.04368,0,64.198,71.1633,10.2257,12.0736
4,0,proposed,dropB1B9B10,naive,76.7033,8.32697,6.06959,81.2201,8.33719,81.1963,8.33461,81.2029,1.03664,0.658312,9.95286,10.0239,75.3413,13.3047,1,69,69,46,69,69,9.43798,61.0653,11.3889,68.6107,959,0.04368,0,64.198,71.1633,10.2257,12.0736
4,0,proposed,dropB1B9B10,naiveThr_freshT,76.7033,8.32697,6.06959,81.2201,8.33719,81.1963,8.33461,81.2029,1.18319,0.618788,9.97321,9.97428,75.1984,13.2639,1,69,69,46,69,69,9.43798,61.0653,11.3889,68.6107,959,0.04368,0,64.198,71.1633,10.2257,12.0736
4,0,proposed,L2A_real,mondrian,67.1267,19.2734,11.8392,70.8347,20.3635,69.4506,20.3268,69.4979,2.87598,0.730903,9.94286,9.07705,49.0707,18.4979,1,69,69,46,69,69,9.43663,6.59133,30.8387,92.1807,144,0.046126,0,10.7413,93.466,11.1035,31.0323
4,0,proposed,L2A_real,naive,67.1267,19.2734,11.8392,70.8347,20.3635,69.4506,20.3268,69.4979,1.03664,0.658312,9.95286,29.8263,94.797,31.4634,1,69,69,46,69,69,9.43663,6.59133,30.8387,92.1807,144,0.046126,0,10.7413,93.466,11.1035,31.0323
4,0,proposed,L2A_real,naiveThr_freshT,67.1267,19.2734,11.8392,70.8347,20.3635,69.4506,20.3268,69.4979,2.87598,0.418747,9.91071,30.6784,96.3715,31.8335,1,69,69,46,69,69,9.43663,6.59133,30.8387,92.1807,144,0.046126,0,10.7413,93.466,11.1035,31.0323
4,0,b2,clean,mondrian,78.1033,7.04508,5.31655,82.9309,7.04522,82.9314,7.04508,82.9309,1.02408,0.676033,9.90714,8.77391,74.8506,11.7219,1,69,69,46,69,69,9.18354,67.1273,9.18354,67.1273,1055,0.0434352,0,69.744,69.744,10.0835,10.0835
4,0,b2,clean,naive,78.1033,7.04508,5.31655,82.9309,7.04522,82.9314,7.04508,82.9309,1.02408,0.676033,9.90714,8.77391,74.8506,11.7219,1,69,69,46,69,69,9.18354,67.1273,9.18354,67.1273,1055,0.0434352,0,69.744,69.744,10.0835,10.0835
4,0,b2,clean,naiveThr_freshT,78.1033,7.04508,5.31655,82.9309,7.04522,82.9314,7.04508,82.9309,1.02408,0.676033,9.90714,8.77391,74.8506,11.7219,1,69,69,46,69,69,9.18354,67.1273,9.18354,67.1273,1055,0.0434352,0,69.744,69.744,10.0835,10.0835
4,0,b2,dropB10,mondrian,76.946,8.09707,6.00051,81.1547,8.09676,81.1557,8.09443,81.1635,0.996918,0.681589,9.97714,8.55507,70.6808,12.1038,1,69,69,46,69,69,8.8413,60.142,9.58973,62.6573,847,0.0475478,0,63.2253,65.1707,9.78089,10.3902
4,0,b2,dropB10,naive,76.946,8.09707,6.00051,81.1547,8.09676,81.1557,8.09443,81.1635,1.02408,0.676033,9.90714,8.42452,70.3403,11.9768,1,69,69,46,69,69,8.8413,60.142,9.58973,62.6573,847,0.0475478,0,63.2253,65.1707,9.78089,10.3902
4,0,b2,dropB10,naiveThr_freshT,76.946,8.09707,6.00051,81.1547,8.09676,81.1557,8.09443,81.1635,0.996918,0.684627,9.9125,8.44022,70.3809,11.9922,1,69,69,46,69,69,8.8413,60.142,9.58973,62.6573,847,0.0475478,0,63.2253,65.1707,9.78089,10.3902
4,0,b2,dropB1B9B10,mondrian,76.0793,8.91936,6.45042,80.2769,8.91813,80.2803,8.91825,80.2797,0.877377,0.669226,9.96071,8.42319,68.463,12.3033,1,69,69,46,69,69,8.58257,53.3407,8.01023,50.81,701,0.0548576,0,57.7433,54.064,9.60573,8.78218
4,0,b2,dropB1B9B10,naive,76.0793,8.91936,6.45042,80.2769,8.91813,80.2803,8.91825,80.2797,1.02408,0.676033,9.90714,6.4744,61.5868,10.5126,1,69,69,46,69,69,8.58257,53.3407,8.01023,50.81,701,0.0548576,0,57.7433,54.064,9.60573,8.78218
4,0,b2,dropB1B9B10,naiveThr_freshT,76.0793,8.91936,6.45042,80.2769,8.91813,80.2803,8.91825,80.2797,0.877377,0.725834,9.92321,6.61618,62.1432,10.6467,1,69,69,46,69,69,8.58257,53.3407,8.01023,50.81,701,0.0548576,0,57.7433,54.064,9.60573,8.78218
4,0,b2,L2A_real,mondrian,63.4093,23.1809,13.2621,71.6939,23.1932,70.6322,23.187,70.6489,4.34033,0.653782,9.99107,10.0022,47.6407,20.995,1,69,69,46,69,69,13.1815,19.406,34.2599,91.518,409,0.0405907,0,26.346,92.4533,14.0818,34.5169
4,0,b2,L2A_real,naive,63.4093,23.1809,13.2621,71.6939,23.1932,70.6322,23.187,70.6489,1.02408,0.676033,9.90714,33.0859,94.151,35.1413,1,69,69,46,69,69,13.1815,19.406,34.2599,91.518,409,0.0405907,0,26.346,92.4533,14.0818,34.5169
4,0,b2,L2A_real,naiveThr_freshT,63.4093,23.1809,13.2621,71.6939,23.1932,70.6322,23.187,70.6489,4.34033,0.362279,9.955,34.7349,97.2377,35.7216,1,69,69,46,69,69,13.1815,19.406,34.2599,91.518,409,0.0405907,0,26.346,92.4533,14.0818,34.5169
4,1,proposed,clean,mondrian,79.762,6.29768,4.78687,83.0326,6.29546,83.0413,6.29768,83.0326,1.07691,0.670975,9.88393,8.64481,76.9104,11.2401,1,69,69,46,69,69,9.14839,70.5333,9.14839,70.5333,1189,0.0403527,0,73.1187,73.1187,10.0129,10.0129
4,1,proposed,clean,naive,79.762,6.29768,4.78687,83.0326,6.29546,83.0413,6.29768,83.0326,1.07691,0.670975,9.88393,8.64481,76.9104,11.2401,1,69,69,46,69,69,9.14839,70.5333,9.14839,70.5333,1189,0.0403527,0,73.1187,73.1187,10.0129,10.0129
4,1,proposed,clean,naiveThr_freshT,79.762,6.29768,4.78687,83.0326,6.29546,83.0413,6.29768,83.0326,1.07691,0.670975,9.88393,8.64481,76.9104,11.2401,1,69,69,46,69,69,9.14839,70.5333,9.14839,70.5333,1189,0.0403527,0,73.1187,73.1187,10.0129,10.0129
4,1,proposed,dropB10,mondrian,78.066,7.18533,5.3902,82.5695,7.19097,82.5571,7.18585,82.5685,1.08615,0.676471,9.88143,8.19903,72.9171,11.2443,1,69,69,46,69,69,8.46917,63.8,9.56331,67.6753,1000,0.0440947,0,67.0667,70.1087,9.38668,10.3097
4,1,proposed,dropB10,naive,78.066,7.18533,5.3902,82.5695,7.19097,82.5571,7.18585,82.5685,1.07691,0.670975,9.88393,8.47597,73.6774,11.5042,1,69,69,46,69,69,8.46917,63.8,9.56331,67.6753,1000,0.0440947,0,67.0667,70.1087,9.38668,10.3097
4,1,proposed,dropB10,naiveThr_freshT,78.066,7.18533,5.3902,82.5695,7.19097,82.5571,7.18585,82.5685,1.08615,0.668267,9.87929,8.47524,73.6674,11.5047,1,69,69,46,69,69,8.46917,63.8,9.56331,67.6753,1000,0.0440947,0,67.0667,70.1087,9.38668,10.3097
4,1,proposed,dropB1B9B10,mondrian,76.8707,8.01755,5.93949,81.6387,8.02052,81.6359,8.01836,81.6392,1.14536,0.67835,9.96607,7.87101,68.9513,11.4153,1,69,69,46,69,69,7.80987,55.4853,10.353,65.5913,698,0.0558789,0,59.8267,68.0067,8.86338,11.0587
4,1,proposed,dropB1B9B10,naive,76.8707,8.01755,5.93949,81.6387,8.02052,81.6359,8.01836,81.6392,1.07691,0.670975,9.88393,8.72464,71.5711,12.1902,1,69,69,46,69,69,7.80987,55.4853,10.353,65.5913,698,0.0558789,0,59.8267,68.0067,8.86338,11.0587
4,1,proposed,dropB1B9B10,naiveThr_freshT,76.8707,8.01755,5.93949,81.6387,8.02052,81.6359,8.01836,81.6392,1.14536,0.648067,9.99893,8.80012,71.7938,12.2575,1,69,69,46,69,69,7.80987,55.4853,10.353,65.5913,698,0.0558789,0,59.8267,68.0067,8.86338,11.0587
4,1,proposed,L2A_real,mondrian,67.276,19.1009,11.5915,71.6692,18.4654,72.2848,18.4829,72.268,3.2194,0.726796,9.9275,7.63865,46.0595,16.5843,1,69,69,46,69,69,8.85375,6.74667,31.0842,90.1873,149,0.0436941,0,8.56,91.278,10.8723,31.3811
4,1,proposed,L2A_real,naive,67.276,19.1009,11.5915,71.6692,18.4654,72.2848,18.4829,72.268,1.07691,0.670975,9.88393,29.4568,92.5653,31.8227,1,69,69,46,69,69,8.85375,6.74667,31.0842,90.1873,149,0.0436941,0,8.56,91.278,10.8723,31.3811
4,1,proposed,L2A_real,naiveThr_freshT,67.276,19.1009,11.5915,71.6692,18.4654,72.2848,18.4829,72.268,3.2194,0.408739,9.95571,30.733,96.9465,31.701,1,69,69,46,69,69,8.85375,6.74667,31.0842,90.1873,149,0.0436941,0,8.56,91.278,10.8723,31.3811
4,1,b2,clean,mondrian,78.58,6.86724,5.15448,83.0065,6.8672,83.0065,6.86724,83.0065,1.00516,0.668234,9.94321,8.79988,75.6498,11.6324,1,69,69,46,69,69,8.97815,67.668,8.97815,67.668,1026,0.0453457,0,70.75,70.75,9.93734,9.93734
4,1,b2,clean,naive,78.58,6.86724,5.15448,83.0065,6.8672,83.0065,6.86724,83.0065,1.00516,0.668234,9.94321,8.79988,75.6498,11.6324,1,69,69,46,69,69,8.97815,67.668,8.97815,67.668,1026,0.0453457,0,70.75,70.75,9.93734,9.93734
4,1,b2,clean,naiveThr_freshT,78.58,6.86724,5.15448,83.0065,6.8672,83.0065,6.86724,83.0065,1.00516,0.668234,9.94321,8.79988,75.6498,11.6324,1,69,69,46,69,69,8.97815,67.668,8.97815,67.668,1026,0.0453457,0,70.75,70.75,9.93734,9.93734
4,1,b2,dropB10,mondrian,77.5167,8.12685,5.97131,80.2406,8.1252,80.2464,8.12497,80.2473,0.966114,0.664793,9.89679,8.49348,70.761,12.0031,1,69,69,46,69,69,8.61289,57.5107,9.113,60.09,787,0.0499352,0,61.75,63.68,9.47692,9.91206
4,1,b2,dropB10,naive,77.5167,8.12685,5.97131,80.2406,8.1252,80.2464,8.12497,80.2473,1.00516,0.668234,9.94321,7.88261,69.0383,11.4177,1,69,69,46,69,69,8.61289,57.5107,9.113,60.09,787,0.0499352,0,61.75,63.68,9.47692,9.91206
4,1,b2,dropB10,naiveThr_freshT,77.5167,8.12685,5.97131,80.2406,8.1252,80.2464,8.12497,80.2473,0.966114,0.680847,9.95786,7.91787,69.115,11.4561,1,69,69,46,69,69,8.61289,57.5107,9.113,60.09,787,0.0499352,0,61.75,63.68,9.47692,9.91206
4,1,b2,dropB1B9B10,mondrian,76.446,8.79183,6.37479,80.0025,8.79313,80.0019,8.79324,80.0017,0.879407,0.666261,9.90643,8.52729,69.2048,12.3218,1,69,69,46,69,69,8.7458,55.6,8.20411,52.494,684,0.058016,0,59.8993,56.648,9.66288,8.96295
4,1,b2,dropB1B9B10,naive,76.446,8.79183,6.37479,80.0025,8.79313,80.0019,8.79324,80.0017,1.00516,0.668234,9.94321,6.81304,63.8037,10.6781,1,69,69,46,69,69,8.7458,55.6,8.20411,52.494,684,0.058016,0,59.8993,56.648,9.66288,8.96295
4,1,b2,dropB1B9B10,naiveThr_freshT,76.446,8.79183,6.37479,80.0025,8.79313,80.0019,8.79324,80.0017,0.879407,0.711526,9.9775,6.95664,64.2126,10.8338,1,69,69,46,69,69,8.7458,55.6,8.20411,52.494,684,0.058016,0,59.8993,56.648,9.66288,8.96295
4,1,b2,L2A_real,mondrian,66.1713,19.6106,12.0436,71.7595,19.8305,71.2013,19.8299,71.203,4.27577,0.687847,9.91893,10.2878,52.6071,19.5559,1,69,69,46,69,69,11.5644,20.004,31.7612,93.6447,331,0.0441694,0,25.9313,94.5907,12.8339,32.1159
4,1,b2,L2A_real,naive,66.1713,19.6106,12.0436,71.7595,19.8305,71.2013,19.8299,71.203,1.00516,0.668234,9.94321,31.3269,95.8705,32.6763,1,69,69,46,69,69,11.5644,20.004,31.7612,93.6447,331,0.0441694,0,25.9313,94.5907,12.8339,32.1159
4,1,b2,L2A_real,naiveThr_freshT,66.1713,19.6106,12.0436,71.7595,19.8305,71.2013,19.8299,71.203,4.27577,0.358642,9.88429,32.3309,97.5386,33.1468,1,69,69,46,69,69,11.5644,20.004,31.7612,93.6447,331,0.0441694,0,25.9313,94.5907,12.8339,32.1159
4,2,proposed,clean,mondrian,79.544,6.28955,4.7877,83.4349,6.29076,83.4314,6.28955,83.4349,1.07784,0.678972,9.87321,8.22343,75.875,10.8381,1,69,69,46,69,69,8.71142,69.3113,8.71142,69.3113,1111,0.0428977,0,71.6733,71.6733,9.45959,9.45959
4,2,proposed,clean,naive,79.544,6.28955,4.7877,83.4349,6.29076,83.4314,6.28955,83.4349,1.07784,0.678972,9.87321,8.22343,75.875,10.8381,1,69,69,46,69,69,8.71142,69.3113,8.71142,69.3113,1111,0.0428977,0,71.6733,71.6733,9.45959,9.45959
4,2,proposed,clean,naiveThr_freshT,79.544,6.28955,4.7877,83.4349,6.29076,83.4314,6.28955,83.4349,1.07784,0.678972,9.87321,8.22343,75.875,10.8381,1,69,69,46,69,69,8.71142,69.3113,8.71142,69.3113,1111,0.0428977,0,71.6733,71.6733,9.45959,9.45959
4,2,proposed,dropB10,mondrian,78.4313,7.15604,5.32676,82.2621,7.16414,82.2411,7.15824,82.2567,1.1125,0.662666,9.99893,7.99855,72.9722,10.9611,1,69,69,46,69,69,8.22883,63.2087,8.97121,66.026,907,0.0477018,0,66.4087,68.4233,9.05504,9.60491
4,2,proposed,dropB10,naive,78.4313,7.15604,5.32676,82.2621,7.16414,82.2411,7.15824,82.2567,1.07784,0.678972,9.87321,7.81208,72.4329,10.7853,1,69,69,46,69,69,8.22883,63.2087,8.97121,66.026,907,0.0477018,0,66.4087,68.4233,9.05504,9.60491
4,2,proposed,dropB10,naiveThr_freshT,78.4313,7.15604,5.32676,82.2621,7.16414,82.2411,7.15824,82.2567,1.1125,0.669012,9.87321,7.80181,72.3923,10.7771,1,69,69,46,69,69,8.22883,63.2087,8.97121,66.026,907,0.0477018,0,66.4087,68.4233,9.05504,9.60491
4,2,proposed,dropB1B9B10,mondrian,76.5593,8.06647,5.93744,82.2243,8.07534,82.2035,8.07056,82.2157,1.17616,0.658331,9.89214,8.45676,71.774,11.7825,1,69,69,46,69,69,8.50892,59.2947,9.75677,65.0967,760,0.0535601,0,63.3533,67.8287,9.39598,10.4705
4,2,proposed,dropB1B9B10,naive,76.5593,8.06647,5.93744,82.2243,8.07534,82.2035,8.07056,82.2157,1.07784,0.678972,9.87321,8.79601,72.6603,12.1057,1,69,69,46,69,69,8.50892,59.2947,9.75677,65.0967,760,0.0535601,0,63.3533,67.8287,9.39598,10.4705
4,2,proposed,dropB1B9B10,naiveThr_freshT,76.5593,8.06647,5.93744,82.2243,8.07534,82.2035,8.07056,82.2157,1.17616,0.651812,9.87143,8.72307,72.4819,12.0348,1,69,69,46,69,69,8.50892,59.2947,9.75677,65.0967,760,0.0535601,0,63.3533,67.8287,9.39598,10.4705
4,2,proposed,L2A_real,mondrian,67.8873,21.3899,12.5681,66.0012,20.9667,66.2344,20.9801,66.2341,3.09273,0.761055,9.89893,7.93249,39.7667,19.9476,1,69,69,46,69,69,1.67241,1.35533,30.0925,91.808,33,0.0369244,0,1.612,92.6453,3.34988,30.271
4,2,proposed,L2A_real,naive,67.8873,21.3899,12.5681,66.0012,20.9667,66.2344,20.9801,66.2341,1.07784,0.678972,9.87321,28.8558,94.0737,30.6736,1,69,69,46,69,69,1.67241,1.35533,30.0925,91.808,33,0.0369244,0,1.612,92.6453,3.34988,30.271
4,2,proposed,L2A_real,naiveThr_freshT,67.8873,21.3899,12.5681,66.0012,20.9667,66.2344,20.9801,66.2341,3.09273,0.420892,9.89286,29.194,94.9071,30.7606,1,69,69,46,69,69,1.67241,1.35533,30.0925,91.808,33,0.0369244,0,1.612,92.6453,3.34988,30.271
4,2,b2,clean,mondrian,78.59,6.96551,5.22456,82.5715,6.96595,82.5702,6.96551,82.5715,1.01108,0.676882,9.8925,9.06184,76.0147,11.9212,1,69,69,46,69,69,8.86963,66.692,8.86963,66.692,1061,0.0423284,0,70.2313,70.2313,10.0772,10.0772
4,2,b2,clean,naive,78.59,6.96551,5.22456,82.5715,6.96595,82.5702,6.96551,82.5715,1.01108,0.676882,9.8925,9.06184,76.0147,11.9212,1,69,69,46,69,69,8.86963,66.692,8.86963,66.692,1061,0.0423284,0,70.2313,70.2313,10.0772,10.0772
4,2,b2,clean,naiveThr_freshT,78.59,6.96551,5.22456,82.5715,6.96595,82.5702,6.96551,82.5715,1.01108,0.676882,9.8925,9.06184,76.0147,11.9212,1,69,69,46,69,69,8.86963,66.692,8.86963,66.692,1061,0.0423284,0,70.2313,70.2313,10.0772,10.0772
4,2,b2,dropB10,mondrian,77.1633,7.94907,5.88886,81.3795,7.94562,81.3907,7.94459,81.394,0.964742,0.682189,9.91214,8.54191,71.6783,11.917,1,69,69,46,69,69,8.91653,60.1953,8.95959,60.412,723,0.0557175,0,64.0087,64.4707,9.79242,9.88563
4,2,b2,dropB10,naive,77.1633,7.94907,5.88886,81.3795,7.94562,81.3907,7.94459,81.394,1.01108,0.676882,9.8925,8.15519,70.6226,11.5476,1,69,69,46,69,69,8.91653,60.1953,8.95959,60.412,723,0.0557175,0,64.0087,64.4707,9.79242,9.88563
4,2,b2,dropB10,naiveThr_freshT,77.1633,7.94907,5.88886,81.3795,7.94562,81.3907,7.94459,81.394,0.964742,0.691833,9.89714,8.18913,70.7291,11.5782,1,69,69,46,69,69,8.91653,60.1953,8.95959,60.412,723,0.0557175,0,64.0087,64.4707,9.79242,9.88563
4,2,b2,dropB1B9B10,mondrian,75.4727,9.20874,6.6879,80.1211,9.20938,80.1232,9.20956,80.1233,0.936476,0.690692,9.96107,8.53587,67.7804,12.5934,1,69,69,46,69,69,8.706,51.8033,9.00805,53.4707,692,0.0542814,0,56.3767,58.5247,9.46373,9.88757
4,2,b2,dropB1B9B10,naive,75.4727,9.20874,6.6879,80.1211,9.20938,80.1232,9.20956,80.1233,1.01108,0.676882,9.8925,8.00978,66.3688,12.0686,1,69,69,46,69,69,8.706,51.8033,9.00805,53.4707,692,0.0542814,0,56.3767,58.5247,9.46373,9.88757
4,2,b2,dropB1B9B10,naiveThr_freshT,75.4727,9.20874,6.6879,80.1211,9.20938,80.1232,9.20956,80.1233,0.936476,0.701282,9.90286,8.11123,66.6406,12.1716,1,69,69,46,69,69,8.706,51.8033,9.00805,53.4707,692,0.0542814,0,56.3767,58.5247,9.46373,9.88757
4,2,b2,L2A_real,mondrian,63.652,25.2172,14.0969,67.6225,25.7609,66.4098,25.7548,66.4184,5.17136,0.675124,9.94643,9.99722,43.6924,22.8809,1,69,69,46,69,69,nan,0,34.6861,92.9633,1,0.0427401,1,0.0186667,93.9007,7.14286,34.944
4,2,b2,L2A_real,naive,63.652,25.2172,14.0969,67.6225,25.7609,66.4098,25.7548,66.4184,1.01108,0.676882,9.8925,33.8122,95.418,35.4359,1,69,69,46,69,69,nan,0,34.6861,92.9633,1,0.0427401,1,0.0186667,93.9007,7.14286,34.944
4,2,b2,L2A_real,naiveThr_freshT,63.652,25.2172,14.0969,67.6225,25.7609,66.4098,25.7548,66.4184,5.17136,0.344298,9.91964,35.0739,97.8676,35.8381,1,69,69,46,69,69,nan,0,34.6861,92.9633,1,0.0427401,1,0.0186667,93.9007,7.14286,34.944
5,0,proposed,clean,mondrian,78.8377,6.81215,5.14296,82.596,6.82125,82.5642,6.81215,82.596,1.08776,0.631569,9.96357,9.53659,77.8736,12.2463,1,69,69,46,69,69,10.5897,71.7288,10.5897,71.7288,1275,0.0395796,0,74.5856,74.5856,11.434,11.434
5,0,proposed,clean,naive,78.8377,6.81215,5.14296,82.596,6.82125,82.5642,6.81215,82.596,1.08776,0.631569,9.96357,9.53659,77.8736,12.2463,1,69,69,46,69,69,10.5897,71.7288,10.5897,71.7288,1275,0.0395796,0,74.5856,74.5856,11.434,11.434
5,0,proposed,clean,naiveThr_freshT,78.8377,6.81215,5.14296,82.596,6.82125,82.5642,6.81215,82.596,1.08776,0.631569,9.96357,9.53659,77.8736,12.2463,1,69,69,46,69,69,10.5897,71.7288,10.5897,71.7288,1275,0.0395796,0,74.5856,74.5856,11.434,11.434
5,0,proposed,dropB10,mondrian,77.3315,7.70278,5.71351,82.0642,7.70754,82.0573,7.70426,82.0633,1.15758,0.627319,9.88321,8.64493,72.913,11.8565,1,69,69,46,69,69,9.72576,65.8116,10.6453,68.8384,1306,0.0368143,0,68.6199,71.3699,10.5694,11.4674
5,0,proposed,dropB10,naive,77.3315,7.70278,5.71351,82.0642,7.70754,82.0573,7.70426,82.0633,1.08776,0.631569,9.96357,9.17138,74.3696,12.3322,1,69,69,46,69,69,9.72576,65.8116,10.6453,68.8384,1306,0.0368143,0,68.6199,71.3699,10.5694,11.4674
5,0,proposed,dropB10,naiveThr_freshT,77.3315,7.70278,5.71351,82.0642,7.70754,82.0573,7.70426,82.0633,1.15758,0.614064,9.95964,9.13152,74.2261,12.3023,1,69,69,46,69,69,9.72576,65.8116,10.6453,68.8384,1306,0.0368143,0,68.6199,71.3699,10.5694,11.4674
5,0,proposed,dropB1B9B10,mondrian,75.4527,8.98326,6.54677,80.9204,8.99688,80.881,8.99035,80.9003,1.23707,0.645711,9.87857,8.46558,68.4308,12.371,1,69,69,46,69,69,9.69999,59.2219,12.4025,68.3856,1015,0.0437642,0,62.5603,70.9747,10.5783,13.2828
5,0,proposed,dropB1B9B10,naive,75.4527,8.98326,6.54677,80.9204,8.99688,80.881,8.99035,80.9003,1.08776,0.631569,9.96357,10.5312,73.9214,14.2464,1,69,69,46,69,69,9.69999,59.2219,12.4025,68.3856,1015,0.0437642,0,62.5603,70.9747,10.5783,13.2828
5,0,proposed,dropB1B9B10,naiveThr_freshT,75.4527,8.98326,6.54677,80.9204,8.99688,80.881,8.99035,80.9003,1.23707,0.595647,9.95679,10.4167,73.6525,14.143,1,69,69,46,69,69,9.69999,59.2219,12.4025,68.3856,1015,0.0437642,0,62.5603,70.9747,10.5783,13.2828
5,0,proposed,L2A_real,mondrian,67.8288,18.5281,11.4691,71.1566,19.5678,69.5237,19.4869,69.6487,2.92315,0.728439,9.97929,7.84058,47.4478,16.5246,1,69,69,46,69,69,8.83163,6.21986,30.2148,91.5726,125,0.0453411,0,9.03082,92.7925,9.3667,30.4805
5,0,proposed,L2A_real,naive,67.8288,18.5281,11.4691,71.1566,19.5678,69.5237,19.4869,69.6487,1.08776,0.631569,9.96357,28.8732,94.3203,30.6119,1,69,69,46,69,69,8.83163,6.21986,30.2148,91.5726,125,0.0453411,0,9.03082,92.7925,9.3667,30.4805
5,0,proposed,L2A_real,naiveThr_freshT,67.8288,18.5281,11.4691,71.1566,19.5678,69.5237,19.4869,69.6487,2.92315,0.414674,9.87321,29.6692,96.142,30.8598,1,69,69,46,69,69,8.83163,6.21986,30.2148,91.5726,125,0.0453411,0,9.03082,92.7925,9.3667,30.4805
5,0,b2,clean,mondrian,77.6938,7.56042,5.65088,81.7491,7.5622,81.7486,7.56042,81.7491,1.10951,0.641392,9.86143,8.94855,73.871,12.1138,1,69,69,46,69,69,9.96531,66.7315,9.96531,66.7315,1272,0.0370339,0,69.3308,69.3308,10.8157,10.8157
5,0,b2,clean,naive,77.6938,7.56042,5.65088,81.7491,7.5622,81.7486,7.56042,81.7491,1.10951,0.641392,9.86143,8.94855,73.871,12.1138,1,69,69,46,69,69,9.96531,66.7315,9.96531,66.7315,1272,0.0370339,0,69.3308,69.3308,10.8157,10.8157
5,0,b2,clean,naiveThr_freshT,77.6938,7.56042,5.65088,81.7491,7.5622,81.7486,7.56042,81.7491,1.10951,0.641392,9.86143,8.94855,73.871,12.1138,1,69,69,46,69,69,9.96531,66.7315,9.96531,66.7315,1272,0.0370339,0,69.3308,69.3308,10.8157,10.8157
5,0,b2,dropB10,mondrian,75.739,8.97902,6.55547,80.3406,8.98318,80.3274,8.97776,80.3446,1.07925,0.653635,9.92071,7.96087,67.1851,11.8492,1,69,69,46,69,69,9.23573,57.4007,9.97382,60.1712,969,0.0443948,0,60.6507,63.0562,10.1174,10.7601
5,0,b2,dropB10,naive,75.739,8.97902,6.55547,80.3406,8.98318,80.3274,8.97776,80.3446,1.10951,0.641392,9.86143,8.05652,67.4938,11.9367,1,69,69,46,69,69,9.23573,57.4007,9.97382,60.1712,969,0.0443948,0,60.6507,63.0562,10.1174,10.7601
5,0,b2,dropB10,naiveThr_freshT,75.739,8.97902,6.55547,80.3406,8.98318,80.3274,8.97776,80.3446,1.07925,0.650039,9.8575,8.06812,67.5283,11.9478,1,69,69,46,69,69,9.23573,57.4007,9.97382,60.1712,969,0.0443948,0,60.6507,63.0562,10.1174,10.7601
5,0,b2,dropB1B9B10,mondrian,74.7925,9.63321,6.9148,80.1753,9.63024,80.1849,9.62874,80.1889,0.915138,0.651157,9.96143,8.13478,66.0254,12.3207,1,69,69,46,69,69,9.9504,55.7836,9.20852,51.724,893,0.0466295,0,58.7295,55.0603,10.6455,9.84724
5,0,b2,dropB1B9B10,naive,74.7925,9.63321,6.9148,80.1753,9.63024,80.1849,9.62874,80.1889,1.10951,0.641392,9.86143,6.54239,60.0859,10.8884,1,69,69,46,69,69,9.9504,55.7836,9.20852,51.724,893,0.0466295,0,58.7295,55.0603,10.6455,9.84724
5,0,b2,dropB1B9B10,naiveThr_freshT,74.7925,9.63321,6.9148,80.1753,9.63024,80.1849,9.62874,80.1889,0.915138,0.701582,9.86357,6.68297,60.6163,11.025,1,69,69,46,69,69,9.9504,55.7836,9.20852,51.724,893,0.0466295,0,58.7295,55.0603,10.6455,9.84724
5,0,b2,L2A_real,mondrian,62.9932,23.806,13.6276,70.9163,23.8732,69.7516,23.8379,69.8398,3.88934,0.716033,9.99571,8.66123,43.7616,19.7919,1,69,69,46,69,69,nan,0,34.4268,90.3664,1,0.053172,1,0.00753425,91.4849,0,34.7673
5,0,b2,L2A_real,naive,62.9932,23.806,13.6276,70.9163,23.8732,69.7516,23.8379,69.8398,1.10951,0.641392,9.86143,32.7757,93.2761,35.1384,1,69,69,46,69,69,nan,0,34.4268,90.3664,1,0.053172,1,0.00753425,91.4849,0,34.7673
5,0,b2,L2A_real,naiveThr_freshT,62.9932,23.806,13.6276,70.9163,23.8732,69.7516,23.8379,69.8398,3.88934,0.373249,9.94679,34.546,96.4804,35.8062,1,69,69,46,69,69,nan,0,34.4268,90.3664,1,0.053172,1,0.00753425,91.4849,0,34.7673
5,1,proposed,clean,mondrian,78.8514,6.79171,5.13988,82.5888,6.795,82.5863,6.79171,82.5888,1.15517,0.640231,9.9725,9.0529,76.5004,11.8338,1,69,69,46,69,69,9.80084,69.7452,9.80084,69.7452,1174,0.0416294,0,72.4459,72.4459,10.6248,10.6248
5,1,proposed,clean,naive,78.8514,6.79171,5.13988,82.5888,6.795,82.5863,6.79171,82.5888,1.15517,0.640231,9.9725,9.0529,76.5004,11.8338,1,69,69,46,69,69,9.80084,69.7452,9.80084,69.7452,1174,0.0416294,0,72.4459,72.4459,10.6248,10.6248
5,1,proposed,clean,naiveThr_freshT,78.8514,6.79171,5.13988,82.5888,6.795,82.5863,6.79171,82.5888,1.15517,0.640231,9.9725,9.0529,76.5004,11.8338,1,69,69,46,69,69,9.80084,69.7452,9.80084,69.7452,1174,0.0416294,0,72.4459,72.4459,10.6248,10.6248
5,1,proposed,dropB10,mondrian,77.5034,7.84256,5.80139,81.2405,7.84055,81.2656,7.84208,81.2441,1.175,0.633548,9.99393,8.63877,72.2725,11.9531,1,69,69,46,69,69,9.6609,63.7863,10.0778,65.3274,1130,0.0419192,0,67.0555,68.037,10.5494,10.811
5,1,proposed,dropB10,naive,77.5034,7.84256,5.80139,81.2405,7.84055,81.2656,7.84208,81.2441,1.15517,0.640231,9.9725,8.58225,72.1366,11.8972,1,69,69,46,69,69,9.6609,63.7863,10.0778,65.3274,1130,0.0419192,0,67.0555,68.037,10.5494,10.811
5,1,proposed,dropB10,naiveThr_freshT,77.5034,7.84256,5.80139,81.2405,7.84055,81.2656,7.84208,81.2441,1.175,0.63527,9.97786,8.56884,72.0819,11.8876,1,69,69,46,69,69,9.6609,63.7863,10.0778,65.3274,1130,0.0419192,0,67.0555,68.037,10.5494,10.811
5,1,proposed,dropB1B9B10,mondrian,75.1164,9.19676,6.73685,80.5217,9.18805,80.5536,9.19432,80.5304,1.20056,0.643621,9.93286,8.66014,67.8522,12.7633,1,69,69,46,69,69,9.99094,58.2377,11.4298,63.4788,937,0.0455415,0,61.2678,65.7897,10.8059,12.161
5,1,proposed,dropB1B9B10,naive,75.1164,9.19676,6.73685,80.5217,9.18805,80.5536,9.19432,80.5304,1.15517,0.640231,9.9725,9.22029,69.4178,13.2823,1,69,69,46,69,69,9.99094,58.2377,11.4298,63.4788,937,0.0455415,0,61.2678,65.7897,10.8059,12.161
5,1,proposed,dropB1B9B10,naiveThr_freshT,75.1164,9.19676,6.73685,80.5217,9.18805,80.5536,9.19432,80.5304,1.20056,0.628933,9.97429,9.19167,69.3286,13.2581,1,69,69,46,69,69,9.99094,58.2377,11.4298,63.4788,937,0.0455415,0,61.2678,65.7897,10.8059,12.161
5,1,proposed,L2A_real,mondrian,67.4089,18.8027,11.4359,72.1206,18.6637,72.1696,18.6524,72.1982,3.25185,0.722386,9.94714,7.87065,47.7471,16.484,1,69,69,46,69,69,8.93113,6.70274,30.2073,91.0671,160,0.0392228,0,9.48493,91.9897,10.8102,30.5305
5,1,proposed,L2A_real,naive,67.4089,18.8027,11.4359,72.1206,18.6637,72.1696,18.6524,72.1982,1.15517,0.640231,9.9725,28.6877,93.2529,30.7633,1,69,69,46,69,69,8.93113,6.70274,30.2073,91.0671,160,0.0392228,0,9.48493,91.9897,10.8102,30.5305
5,1,proposed,L2A_real,naiveThr_freshT,67.4089,18.8027,11.4359,72.1206,18.6637,72.1696,18.6524,72.1982,3.25185,0.407144,9.89714,30.287,96.6341,31.3419,1,69,69,46,69,69,8.93113,6.70274,30.2073,91.0671,160,0.0392228,0,9.48493,91.9897,10.8102,30.5305
5,1,b2,clean,mondrian,77.6712,7.57587,5.63844,81.8631,7.57695,81.8599,7.57587,81.8631,1.04953,0.646887,9.91643,9.16051,74.5033,12.2954,1,69,69,46,69,69,10.3808,68.1247,10.3808,68.1247,1348,0.035767,0,70.65,70.65,11.1547,11.1547
5,1,b2,clean,naive,77.6712,7.57587,5.63844,81.8631,7.57695,81.8599,7.57587,81.8631,1.04953,0.646887,9.91643,9.16051,74.5033,12.2954,1,69,69,46,69,69,10.3808,68.1247,10.3808,68.1247,1348,0.035767,0,70.65,70.65,11.1547,11.1547
5,1,b2,clean,naiveThr_freshT,77.6712,7.57587,5.63844,81.8631,7.57695,81.8599,7.57587,81.8631,1.04953,0.646887,9.91643,9.16051,74.5033,12.2954,1,69,69,46,69,69,10.3808,68.1247,10.3808,68.1247,1348,0.035767,0,70.65,70.65,11.1547,11.1547
5,1,b2,dropB10,mondrian,75.5075,9.13638,6.64993,80.2611,9.13695,80.259,9.13496,80.2665,1.01311,0.642878,9.96893,8.45217,67.3152,12.5561,1,69,69,46,69,69,9.4922,56.4486,10.1557,58.9384,1047,0.04108,0,60.1,61.8048,10.4119,10.8661
5,1,b2,dropB10,naive,75.5075,9.13638,6.64993,80.2611,9.13695,80.259,9.13496,80.2665,1.04953,0.646887,9.91643,7.91413,65.7326,12.0399,1,69,69,46,69,69,9.4922,56.4486,10.1557,58.9384,1047,0.04108,0,60.1,61.8048,10.4119,10.8661
5,1,b2,dropB10,naiveThr_freshT,75.5075,9.13638,6.64993,80.2611,9.13695,80.259,9.13496,80.2665,1.01311,0.657707,9.91786,7.95145,65.8399,12.077,1,69,69,46,69,69,9.4922,56.4486,10.1557,58.9384,1047,0.04108,0,60.1,61.8048,10.4119,10.8661
5,1,b2,dropB1B9B10,mondrian,74.7712,9.63298,6.92561,80.1575,9.63198,80.1621,9.63207,80.1625,0.901248,0.651616,9.98286,8.40399,67.0891,12.5266,1,69,69,46,69,69,9.35488,55.5274,9.1478,53.9541,969,0.0432273,0,58.9151,57.1514,10.1993,9.71105
5,1,b2,dropB1B9B10,naive,74.7712,9.63298,6.92561,80.1575,9.63198,80.1621,9.63207,80.1625,1.04953,0.646887,9.91643,6.6779,61.6065,10.8396,1,69,69,46,69,69,9.35488,55.5274,9.1478,53.9541,969,0.0432273,0,58.9151,57.1514,10.1993,9.71105
5,1,b2,dropB1B9B10,naiveThr_freshT,74.7712,9.63298,6.92561,80.1575,9.63198,80.1621,9.63207,80.1625,0.901248,0.694942,9.91893,6.84529,62.1475,11.0146,1,69,69,46,69,69,9.35488,55.5274,9.1478,53.9541,969,0.0432273,0,58.9151,57.1514,10.1993,9.71105
5,1,b2,L2A_real,mondrian,65.65,19.9085,12.4321,71.0328,20.3005,70.202,20.287,70.2293,3.99035,0.733901,9.905,9.41051,49.1938,19.1294,1,69,69,46,69,69,9.53027,10.1048,32.3215,91.9932,188,0.0490255,0,16.3562,93.0164,10.1466,32.5896
5,1,b2,L2A_real,naive,65.65,19.9085,12.4321,71.0328,20.3005,70.202,20.287,70.2293,1.04953,0.646887,9.91643,30.9022,94.1659,32.8167,1,69,69,46,69,69,9.53027,10.1048,32.3215,91.9932,188,0.0490255,0,16.3562,93.0164,10.1466,32.5896
5,1,b2,L2A_real,naiveThr_freshT,65.65,19.9085,12.4321,71.0328,20.3005,70.202,20.287,70.2293,3.99035,0.362768,9.97857,31.9591,96.1493,33.239,1,69,69,46,69,69,9.53027,10.1048,32.3215,91.9932,188,0.0490255,0,16.3562,93.0164,10.1466,32.5896
5,2,proposed,clean,mondrian,78.8445,6.68924,5.07201,83.0085,6.70198,82.9662,6.68924,83.0085,1.13123,0.651074,9.91286,8.93297,76.6101,11.6603,1,69,69,46,69,69,9.74981,70.1664,9.74981,70.1664,1218,0.0401745,0,72.5562,72.5562,10.4973,10.4973
5,2,proposed,clean,naive,78.8445,6.68924,5.07201,83.0085,6.70198,82.9662,6.68924,83.0085,1.13123,0.651074,9.91286,8.93297,76.6101,11.6603,1,69,69,46,69,69,9.74981,70.1664,9.74981,70.1664,1218,0.0401745,0,72.5562,72.5562,10.4973,10.4973
5,2,proposed,clean,naiveThr_freshT,78.8445,6.68924,5.07201,83.0085,6.70198,82.9662,6.68924,83.0085,1.13123,0.651074,9.91286,8.93297,76.6101,11.6603,1,69,69,46,69,69,9.74981,70.1664,9.74981,70.1664,1218,0.0401745,0,72.5562,72.5562,10.4973,10.4973
5,2,proposed,dropB10,mondrian,76.8979,7.94452,5.88888,81.8729,7.95184,81.8591,7.94533,81.872,1.15736,0.637046,9.98321,8.68333,72.2145,12.0244,1,69,69,46,69,69,9.92587,64.4918,10.1954,65.3596,1276,0.0371929,0,67.0699,67.6849,10.6534,10.8176
5,2,proposed,dropB10,naive,76.8979,7.94452,5.88888,81.8729,7.95184,81.8591,7.94533,81.872,1.13123,0.651074,9.91286,8.44565,71.5514,11.8036,1,69,69,46,69,69,9.92587,64.4918,10.1954,65.3596,1276,0.0371929,0,67.0699,67.6849,10.6534,10.8176
5,2,proposed,dropB10,naiveThr_freshT,76.8979,7.94452,5.88888,81.8729,7.95184,81.8591,7.94533,81.872,1.15736,0.644373,9.91464,8.425,71.4797,11.7866,1,69,69,46,69,69,9.92587,64.4918,10.1954,65.3596,1276,0.0371929,0,67.0699,67.6849,10.6534,10.8176
5,2,proposed,dropB1B9B10,mondrian,74.9116,9.07064,6.65373,81.3425,9.07799,81.3305,9.07229,81.3412,1.19916,0.646617,9.98107,8.575,68.813,12.4613,1,69,69,46,69,69,9.98252,59.961,11.0299,64.0349,1081,0.0411996,0,63.0048,66.2315,10.7037,11.7541
5,2,proposed,dropB1B9B10,naive,74.9116,9.07064,6.65373,81.3425,9.07799,81.3305,9.07229,81.3412,1.13123,0.651074,9.91286,9.1558,70.4029,13.0049,1,69,69,46,69,69,9.98252,59.961,11.0299,64.0349,1081,0.0411996,0,63.0048,66.2315,10.7037,11.7541
5,2,proposed,dropB1B9B10,naiveThr_freshT,74.9116,9.07064,6.65373,81.3425,9.07799,81.3305,9.07229,81.3412,1.19916,0.633752,9.91821,9.10362,70.2489,12.9591,1,69,69,46,69,69,9.98252,59.961,11.0299,64.0349,1081,0.0411996,0,63.0048,66.2315,10.7037,11.7541
5,2,proposed,L2A_real,mondrian,68.3829,21.2368,12.3284,66.097,21.0936,65.9806,21.0935,66.0097,3.0048,0.769949,9.9575,8.61232,42.9145,20.0686,1,69,69,46,69,69,2.12139,1.16233,29.4517,91.3568,32,0.0380274,0,1.42329,92.1973,4.7642,29.6565
5,2,proposed,L2A_real,naive,68.3829,21.2368,12.3284,66.097,21.0936,65.9806,21.0935,66.0097,1.13123,0.651074,9.91286,27.7326,93.5058,29.6587,1,69,69,46,69,69,2.12139,1.16233,29.4517,91.3568,32,0.0380274,0,1.42329,92.1973,4.7642,29.6565
5,2,proposed,L2A_real,naiveThr_freshT,68.3829,21.2368,12.3284,66.097,21.0936,65.9806,21.0935,66.0097,3.0048,0.424366,9.90321,27.8547,93.9232,29.6569,1,69,69,46,69,69,2.12139,1.16233,29.4517,91.3568,32,0.0380274,0,1.42329,92.1973,4.7642,29.6565
5,2,b2,clean,mondrian,78.1,7.37565,5.50981,81.8071,7.38206,81.791,7.37565,81.8071,1.0931,0.645411,9.92286,9.10399,74.9924,12.1399,1,69,69,46,69,69,9.9672,67.2411,9.9672,67.2411,1274,0.0370496,0,70.1021,70.1021,10.7974,10.7974
5,2,b2,clean,naive,78.1,7.37565,5.50981,81.8071,7.38206,81.791,7.37565,81.8071,1.0931,0.645411,9.92286,9.10399,74.9924,12.1399,1,69,69,46,69,69,9.9672,67.2411,9.9672,67.2411,1274,0.0370496,0,70.1021,70.1021,10.7974,10.7974
5,2,b2,clean,naiveThr_freshT,78.1,7.37565,5.50981,81.8071,7.38206,81.791,7.37565,81.8071,1.0931,0.645411,9.92286,9.10399,74.9924,12.1399,1,69,69,46,69,69,9.9672,67.2411,9.9672,67.2411,1274,0.0370496,0,70.1021,70.1021,10.7974,10.7974
5,2,b2,dropB10,mondrian,75.8425,8.54364,6.29909,81.5461,8.54405,81.5467,8.54358,81.5439,1.04119,0.658958,9.89071,7.78116,67.5703,11.5157,1,69,69,46,69,69,8.94283,58.0705,9.18478,58.9048,993,0.0441376,0,61.1664,62.0062,9.76451,9.96366
5,2,b2,dropB10,naive,75.8425,8.54364,6.29909,81.5461,8.54405,81.5467,8.54358,81.5439,1.0931,0.645411,9.92286,7.68333,67.2707,11.4215,1,69,69,46,69,69,8.94283,58.0705,9.18478,58.9048,993,0.0441376,0,61.1664,62.0062,9.76451,9.96366
5,2,b2,dropB10,naiveThr_freshT,75.8425,8.54364,6.29909,81.5461,8.54405,81.5467,8.54358,81.5439,1.04119,0.660379,9.92143,7.71703,67.4,11.4496,1,69,69,46,69,69,8.94283,58.0705,9.18478,58.9048,993,0.0441376,0,61.1664,62.0062,9.76451,9.96366
5,2,b2,dropB1B9B10,mondrian,74.6459,9.66186,6.97136,80.1482,9.66064,80.1517,9.65827,80.1583,0.963926,0.683645,9.90679,8.10145,65.8391,12.3049,1,69,69,46,69,69,9.44435,53.239,10.0729,56.2541,855,0.0467885,0,56.9308,59.913,10.1818,10.6479
5,2,b2,dropB1B9B10,naive,74.6459,9.66186,6.97136,80.1482,9.66064,80.1517,9.65827,80.1583,1.0931,0.645411,9.92286,7.89058,65.2507,12.0927,1,69,69,46,69,69,9.44435,53.239,10.0729,56.2541,855,0.0467885,0,56.9308,59.913,10.1818,10.6479
5,2,b2,dropB1B9B10,naiveThr_freshT,74.6459,9.66186,6.97136,80.1482,9.66064,80.1517,9.65827,80.1583,0.963926,0.684559,9.93571,8.06957,65.7406,12.2749,1,69,69,46,69,69,9.44435,53.239,10.0729,56.2541,855,0.0467885,0,56.9308,59.913,10.1818,10.6479
5,2,b2,L2A_real,mondrian,63.2048,26.1549,14.4048,67.1693,26.8061,65.7944,26.7419,65.8794,4.64292,0.733477,9.98464,9.30435,41.3322,22.5111,1,69,69,46,69,69,nan,0,35.0519,92.6651,2,0.05259,1,0.0273973,93.5082,10,35.2727
5,2,b2,L2A_real,naive,63.2048,26.1549,14.4048,67.1693,26.8061,65.7944,26.7419,65.8794,1.0931,0.645411,9.92286,33.5967,94.9304,35.3909,1,69,69,46,69,69,nan,0,35.0519,92.6651,2,0.05259,1,0.0273973,93.5082,10,35.2727
5,2,b2,L2A_real,naiveThr_freshT,63.2048,26.1549,14.4048,67.1693,26.8061,65.7944,26.7419,65.8794,4.64292,0.352537,9.98679,34.7862,97.1326,35.8131,1,69,69,46,69,69,nan,0,35.0519,92.6651,2,0.05259,1,0.0273973,93.5082,10,35.2727
6,0,proposed,clean,mondrian,79.9569,6.24975,4.74161,82.9468,6.25115,82.9409,6.24975,82.9468,1.02445,0.665049,9.85714,8.57935,77.4207,11.0815,1,69,69,46,69,69,9.15867,70.6222,9.15867,70.6222,851,0.0580579,0,73.4361,73.4361,9.99452,9.99452
6,0,proposed,clean,naive,79.9569,6.24975,4.74161,82.9468,6.25115,82.9409,6.24975,82.9468,1.02445,0.665049,9.85714,8.57935,77.4207,11.0815,1,69,69,46,69,69,9.15867,70.6222,9.15867,70.6222,851,0.0580579,0,73.4361,73.4361,9.99452,9.99452
6,0,proposed,clean,naiveThr_freshT,79.9569,6.24975,4.74161,82.9468,6.25115,82.9409,6.24975,82.9468,1.02445,0.665049,9.85714,8.57935,77.4207,11.0815,1,69,69,46,69,69,9.15867,70.6222,9.15867,70.6222,851,0.0580579,0,73.4361,73.4361,9.99452,9.99452
6,0,proposed,dropB10,mondrian,78.5507,7.20504,5.36038,81.8386,7.20897,81.8222,7.20745,81.8285,1.06834,0.665678,9.91357,8.34964,73.5667,11.3498,1,69,69,46,69,69,9.14544,65.5229,9.82627,68.0715,867,0.0544403,0,68.4951,70.7729,9.94191,10.5649
6,0,proposed,dropB10,naive,78.5507,7.20504,5.36038,81.8386,7.20897,81.8222,7.20745,81.8285,1.02445,0.665049,9.85714,8.80326,74.8659,11.7587,1,69,69,46,69,69,9.14544,65.5229,9.82627,68.0715,867,0.0544403,0,68.4951,70.7729,9.94191,10.5649
6,0,proposed,dropB10,naiveThr_freshT,78.5507,7.20504,5.36038,81.8386,7.20897,81.8222,7.20745,81.8285,1.06834,0.652635,9.86393,8.76522,74.7565,11.725,1,69,69,46,69,69,9.14544,65.5229,9.82627,68.0715,867,0.0544403,0,68.4951,70.7729,9.94191,10.5649
6,0,proposed,dropB1B9B10,mondrian,75.9542,8.48265,6.24531,81.6346,8.49131,81.6008,8.48959,81.6073,1.16259,0.656186,9.89286,9.23623,72.0862,12.8128,1,69,69,46,69,69,9.90387,62.2722,11.8262,68.4333,788,0.0564921,0,65.7243,71.1083,10.9749,12.6382
6,0,proposed,dropB1B9B10,naive,75.9542,8.48265,6.24531,81.6346,8.49131,81.6008,8.48959,81.6073,1.02445,0.665049,9.85714,10.3355,74.9199,13.7954,1,69,69,46,69,69,9.90387,62.2722,11.8262,68.4333,788,0.0564921,0,65.7243,71.1083,10.9749,12.6382
6,0,proposed,dropB1B9B10,naiveThr_freshT,75.9542,8.48265,6.24531,81.6346,8.49131,81.6008,8.48959,81.6073,1.16259,0.627399,9.87107,10.2536,74.733,13.7203,1,69,69,46,69,69,9.90387,62.2722,11.8262,68.4333,788,0.0564921,0,65.7243,71.1083,10.9749,12.6382
6,0,proposed,L2A_real,mondrian,66.9576,18.855,11.7698,71.4763,20.1147,69.7484,20.0872,69.7858,2.90389,0.715746,9.98357,10.6772,54.729,19.5092,1,69,69,46,69,69,7.07547,6.625,31.0639,91.4937,141,0.0492859,0,11.3,92.8806,9.91888,31.273
6,0,proposed,L2A_real,naive,66.9576,18.855,11.7698,71.4763,20.1147,69.7484,20.0872,69.7858,1.02445,0.665049,9.85714,29.6938,94.3772,31.4629,1,69,69,46,69,69,7.07547,6.625,31.0639,91.4937,141,0.0492859,0,11.3,92.8806,9.91888,31.273
6,0,proposed,L2A_real,naiveThr_freshT,66.9576,18.855,11.7698,71.4763,20.1147,69.7484,20.0872,69.7858,2.90389,0.418655,9.92179,30.5399,96.2514,31.7292,1,69,69,46,69,69,7.07547,6.625,31.0639,91.4937,141,0.0492859,0,11.3,92.8806,9.91888,31.273
6,0,b2,clean,mondrian,77.8778,7.344,5.5383,82.0571,7.34445,82.0557,7.344,82.0571,1.02521,0.661776,9.97071,9.72609,75.7964,12.8319,1,69,69,46,69,69,9.94826,67.1042,9.94826,67.1042,883,0.053826,0,70.2854,70.2854,11.0719,11.0719
6,0,b2,clean,naive,77.8778,7.344,5.5383,82.0571,7.34445,82.0557,7.344,82.0571,1.02521,0.661776,9.97071,9.72609,75.7964,12.8319,1,69,69,46,69,69,9.94826,67.1042,9.94826,67.1042,883,0.053826,0,70.2854,70.2854,11.0719,11.0719
6,0,b2,clean,naiveThr_freshT,77.8778,7.344,5.5383,82.0571,7.34445,82.0557,7.344,82.0571,1.02521,0.661776,9.97071,9.72609,75.7964,12.8319,1,69,69,46,69,69,9.94826,67.1042,9.94826,67.1042,883,0.053826,0,70.2854,70.2854,11.0719,11.0719
6,0,b2,dropB10,mondrian,75.9653,8.7679,6.44976,80.4944,8.77042,80.4864,8.76804,80.494,1.02683,0.659273,9.92893,8.87428,69.6638,12.7387,1,69,69,46,69,69,9.86152,59.575,10.0133,60.059,868,0.0514063,0,62.4403,63.5056,10.7191,11.0128
6,0,b2,dropB10,naive,75.9653,8.7679,6.44976,80.4944,8.77042,80.4864,8.76804,80.494,1.02521,0.661776,9.97071,8.8,69.4464,12.6716,1,69,69,46,69,69,9.86152,59.575,10.0133,60.059,868,0.0514063,0,62.4403,63.5056,10.7191,11.0128
6,0,b2,dropB10,naiveThr_freshT,75.9653,8.7679,6.44976,80.4944,8.77042,80.4864,8.76804,80.494,1.02683,0.661289,9.97107,8.80072,69.4442,12.6731,1,69,69,46,69,69,9.86152,59.575,10.0133,60.059,868,0.0514063,0,62.4403,63.5056,10.7191,11.0128
6,0,b2,dropB1B9B10,mondrian,74.6931,9.42958,6.83962,80.7575,9.4189,80.7923,9.41657,80.7998,0.903797,0.632096,9.89607,9.42101,70.1,13.4394,1,69,69,46,69,69,10.5456,59.9118,8.55702,51.6389,839,0.052503,0,63.384,55.5465,11.5083,9.46279
6,0,b2,dropB1B9B10,naive,74.6931,9.42958,6.83962,80.7575,9.4189,80.7923,9.41657,80.7998,1.02521,0.661776,9.97071,6.88514,62.2431,11.0617,1,69,69,46,69,69,10.5456,59.9118,8.55702,51.6389,839,0.052503,0,63.384,55.5465,11.5083,9.46279
6,0,b2,dropB1B9B10,naiveThr_freshT,74.6931,9.42958,6.83962,80.7575,9.4189,80.7923,9.41657,80.7998,0.903797,0.701314,9.99143,7.01667,62.6576,11.1984,1,69,69,46,69,69,10.5456,59.9118,8.55702,51.6389,839,0.052503,0,63.384,55.5465,11.5083,9.46279
6,0,b2,L2A_real,mondrian,62.0493,22.7491,13.3411,73.9272,23.012,72.4362,23.003,72.459,3.76422,0.734451,9.975,8.07138,44.9388,17.9608,1,69,69,46,69,69,nan,0,35.6693,91.4361,1,0.0491213,1,0.0347222,92.5639,30,36.0247
6,0,b2,L2A_real,naive,62.0493,22.7491,13.3411,73.9272,23.012,72.4362,23.003,72.459,1.02521,0.661776,9.97071,34.2674,94.3859,36.3056,1,69,69,46,69,69,nan,0,35.6693,91.4361,1,0.0491213,1,0.0347222,92.5639,30,36.0247
6,0,b2,L2A_real,naiveThr_freshT,62.0493,22.7491,13.3411,73.9272,23.012,72.4362,23.003,72.459,3.76422,0.376589,9.86929,35.8518,97.2909,36.8501,1,69,69,46,69,69,nan,0,35.6693,91.4361,1,0.0491213,1,0.0347222,92.5639,30,36.0247
6,1,proposed,clean,mondrian,79.384,6.39938,4.88482,83.1376,6.39581,83.1505,6.39938,83.1376,1.06447,0.665034,9.98821,9.02029,77.3058,11.6683,1,69,69,46,69,69,8.97977,69.1292,8.97977,69.1292,846,0.0578985,0,72.6903,72.6903,10.1353,10.1353
6,1,proposed,clean,naive,79.384,6.39938,4.88482,83.1376,6.39581,83.1505,6.39938,83.1376,1.06447,0.665034,9.98821,9.02029,77.3058,11.6683,1,69,69,46,69,69,8.97977,69.1292,8.97977,69.1292,846,0.0578985,0,72.6903,72.6903,10.1353,10.1353
6,1,proposed,clean,naiveThr_freshT,79.384,6.39938,4.88482,83.1376,6.39581,83.1505,6.39938,83.1376,1.06447,0.665034,9.98821,9.02029,77.3058,11.6683,1,69,69,46,69,69,8.97977,69.1292,8.97977,69.1292,846,0.0578985,0,72.6903,72.6903,10.1353,10.1353
6,1,proposed,dropB10,mondrian,78.0229,7.32382,5.45219,82.2877,7.32409,82.2887,7.32379,82.2881,1.07479,0.669719,9.95393,8.53696,73.8862,11.5542,1,69,69,46,69,69,9.01947,64.8674,9.46632,66.4417,878,0.0535443,0,68.291,69.9007,9.95841,10.4305
6,1,proposed,dropB10,naive,78.0229,7.32382,5.45219,82.2877,7.32409,82.2887,7.32379,82.2881,1.06447,0.665034,9.98821,8.80688,74.6065,11.8044,1,69,69,46,69,69,9.01947,64.8674,9.46632,66.4417,878,0.0535443,0,68.291,69.9007,9.95841,10.4305
6,1,proposed,dropB10,naiveThr_freshT,78.0229,7.32382,5.45219,82.2877,7.32409,82.2887,7.32379,82.2881,1.07479,0.662125,9.98679,8.79783,74.5764,11.7971,1,69,69,46,69,69,9.01947,64.8674,9.46632,66.4417,878,0.0535443,0,68.291,69.9007,9.95841,10.4305
6,1,proposed,dropB1B9B10,mondrian,75.5958,8.65472,6.395,81.4777,8.64622,81.4996,8.64957,81.4913,1.14629,0.668306,9.89464,8.47862,69.3551,12.225,1,69,69,46,69,69,9.22237,58.6361,10.7407,64.2674,732,0.0579587,0,62.3708,67.5757,10.2078,11.7687
6,1,proposed,dropB1B9B10,naive,75.5958,8.65472,6.395,81.4777,8.64622,81.4996,8.64957,81.4913,1.06447,0.665034,9.98821,9.44783,71.8855,13.1429,1,69,69,46,69,69,9.22237,58.6361,10.7407,64.2674,732,0.0579587,0,62.3708,67.5757,10.2078,11.7687
6,1,proposed,dropB1B9B10,naiveThr_freshT,75.5958,8.65472,6.395,81.4777,8.64622,81.4996,8.64957,81.4913,1.14629,0.642513,9.985,9.38261,71.7493,13.0769,1,69,69,46,69,69,9.22237,58.6361,10.7407,64.2674,732,0.0579587,0,62.3708,67.5757,10.2078,11.7687
6,1,proposed,L2A_real,mondrian,66.7236,19.1925,11.7703,71.9248,19.1949,71.7504,19.1814,71.7781,3.26267,0.703138,9.9175,10.7928,56.0768,19.2464,1,69,69,46,69,69,5.65832,5.74375,31.13,91.0743,115,0.0423865,0,7.61597,92.2833,7.82347,31.5303
6,1,proposed,L2A_real,naive,66.7236,19.1925,11.7703,71.9248,19.1949,71.7504,19.1814,71.7781,1.06447,0.665034,9.98821,29.8866,93.7101,31.8926,1,69,69,46,69,69,5.65832,5.74375,31.13,91.0743,115,0.0423865,0,7.61597,92.2833,7.82347,31.5303
6,1,proposed,L2A_real,naiveThr_freshT,66.7236,19.1925,11.7703,71.9248,19.1949,71.7504,19.1814,71.7781,3.26267,0.406463,9.98036,31.1877,97.0076,32.1497,1,69,69,46,69,69,5.65832,5.74375,31.13,91.0743,115,0.0423865,0,7.61597,92.2833,7.82347,31.5303
6,1,b2,clean,mondrian,78.2222,7.11238,5.367,82.4153,7.11234,82.4152,7.11238,82.4153,1.00243,0.65886,9.96214,9.19022,75.683,12.143,1,69,69,46,69,69,9.71783,67.6306,9.71783,67.6306,937,0.0517299,0,70.7979,70.7979,10.6759,10.6759
6,1,b2,clean,naive,78.2222,7.11238,5.367,82.4153,7.11234,82.4152,7.11238,82.4153,1.00243,0.65886,9.96214,9.19022,75.683,12.143,1,69,69,46,69,69,9.71783,67.6306,9.71783,67.6306,937,0.0517299,0,70.7979,70.7979,10.6759,10.6759
6,1,b2,clean,naiveThr_freshT,78.2222,7.11238,5.367,82.4153,7.11234,82.4152,7.11238,82.4153,1.00243,0.65886,9.96214,9.19022,75.683,12.143,1,69,69,46,69,69,9.71783,67.6306,9.71783,67.6306,937,0.0517299,0,70.7979,70.7979,10.6759,10.6759
6,1,b2,dropB10,mondrian,76.2118,8.61493,6.33558,80.6607,8.61485,80.661,8.61484,80.6611,0.98823,0.648364,9.93893,8.69457,69.7033,12.4737,1,69,69,46,69,69,9.27668,57.8736,9.50127,58.6764,802,0.0549604,0,61.7667,62.3576,10.2199,10.3681
6,1,b2,dropB10,naive,76.2118,8.61493,6.33558,80.6607,8.61485,80.661,8.61484,80.6611,1.00243,0.65886,9.96214,8.09964,68.0355,11.905,1,69,69,46,69,69,9.27668,57.8736,9.50127,58.6764,802,0.0549604,0,61.7667,62.3576,10.2199,10.3681
6,1,b2,dropB10,naiveThr_freshT,76.2118,8.61493,6.33558,80.6607,8.61485,80.661,8.61484,80.6611,0.98823,0.663281,9.96607,8.10652,68.0641,11.9101,1,69,69,46,69,69,9.27668,57.8736,9.50127,58.6764,802,0.0549604,0,61.7667,62.3576,10.2199,10.3681
6,1,b2,dropB1B9B10,mondrian,74.9229,9.29984,6.7553,80.7812,9.29758,80.7945,9.29754,80.7948,0.906864,0.639955,9.90321,8.89457,69.5145,12.7953,1,69,69,46,69,69,10.515,61.4333,8.95992,54.5562,902,0.0497482,0,63.7424,58.1382,11.1745,9.72181
6,1,b2,dropB1B9B10,naive,74.9229,9.29984,6.7553,80.7812,9.29758,80.7945,9.29754,80.7948,1.00243,0.65886,9.96214,7.01341,63.7145,11.0076,1,69,69,46,69,69,10.515,61.4333,8.95992,54.5562,902,0.0497482,0,63.7424,58.1382,11.1745,9.72181
6,1,b2,dropB1B9B10,naiveThr_freshT,74.9229,9.29984,6.7553,80.7812,9.29758,80.7945,9.29754,80.7948,0.906864,0.690638,9.97821,7.11051,64.012,11.1081,1,69,69,46,69,69,10.515,61.4333,8.95992,54.5562,902,0.0497482,0,63.7424,58.1382,11.1745,9.72181
6,1,b2,L2A_real,mondrian,64.9368,19.8029,12.291,73.0171,20.0432,72.0854,20.0427,72.0869,3.94286,0.743053,9.9275,8.95761,50.4775,17.7457,1,69,69,46,69,69,5.48355,2.78611,33.3659,93.8292,67,0.0432652,0,21.0611,94.7549,12.5495,33.6189
6,1,b2,L2A_real,naive,64.9368,19.8029,12.291,73.0171,20.0432,72.0854,20.0427,72.0869,1.00243,0.65886,9.96214,32.4112,95.9457,33.7808,1,69,69,46,69,69,5.48355,2.78611,33.3659,93.8292,67,0.0432652,0,21.0611,94.7549,12.5495,33.6189
6,1,b2,L2A_real,naiveThr_freshT,64.9368,19.8029,12.291,73.0171,20.0432,72.0854,20.0427,72.0869,3.94286,0.364995,9.99143,33.3399,97.5663,34.1715,1,69,69,46,69,69,5.48355,2.78611,33.3659,93.8292,67,0.0432652,0,21.0611,94.7549,12.5495,33.6189
6,2,proposed,clean,mondrian,79.5444,6.36885,4.83783,83.126,6.37301,83.1065,6.36885,83.126,1.09633,0.656536,9.97643,8.96667,77.5543,11.5618,1,69,69,46,69,69,9.51673,70.9715,9.51673,70.9715,909,0.0545966,0,73.8132,73.8132,10.428,10.428
6,2,proposed,clean,naive,79.5444,6.36885,4.83783,83.126,6.37301,83.1065,6.36885,83.126,1.09633,0.656536,9.97643,8.96667,77.5543,11.5618,1,69,69,46,69,69,9.51673,70.9715,9.51673,70.9715,909,0.0545966,0,73.8132,73.8132,10.428,10.428
6,2,proposed,clean,naiveThr_freshT,79.5444,6.36885,4.83783,83.126,6.37301,83.1065,6.36885,83.126,1.09633,0.656536,9.97643,8.96667,77.5543,11.5618,1,69,69,46,69,69,9.51673,70.9715,9.51673,70.9715,909,0.0545966,0,73.8132,73.8132,10.428,10.428
6,2,proposed,dropB10,mondrian,77.9715,7.41544,5.50332,82.0855,7.4219,82.0618,7.41613,82.083,1.11145,0.651012,9.92214,8.83152,74.2486,11.8945,1,69,69,46,69,69,9.51873,65.6965,10.0007,67.4813,924,0.050946,0,68.7931,70.3174,10.3794,10.816
6,2,proposed,dropB10,naive,77.9715,7.41544,5.50332,82.0855,7.4219,82.0618,7.41613,82.083,1.09633,0.656536,9.97643,8.79058,74.1496,11.8552,1,69,69,46,69,69,9.51873,65.6965,10.0007,67.4813,924,0.050946,0,68.7931,70.3174,10.3794,10.816
6,2,proposed,dropB10,naiveThr_freshT,77.9715,7.41544,5.50332,82.0855,7.4219,82.0618,7.41613,82.083,1.11145,0.652394,9.97107,8.77754,74.1188,11.8425,1,69,69,46,69,69,9.51873,65.6965,10.0007,67.4813,924,0.050946,0,68.7931,70.3174,10.3794,10.816
6,2,proposed,dropB1B9B10,mondrian,75.5694,8.4667,6.26033,82.2556,8.47367,82.2231,8.46938,82.2422,1.19637,0.638657,9.91821,9.19964,72.179,12.7456,1,69,69,46,69,69,9.67219,62.5792,10.7665,66.5514,865,0.0508039,0,66.2687,69.3556,10.6595,11.7961
6,2,proposed,dropB1B9B10,naive,75.5694,8.4667,6.26033,82.2556,8.47367,82.2231,8.46938,82.2422,1.09633,0.656536,9.97643,9.58841,73.1283,13.1118,1,69,69,46,69,69,9.67219,62.5792,10.7665,66.5514,865,0.0508039,0,66.2687,69.3556,10.6595,11.7961
6,2,proposed,dropB1B9B10,naiveThr_freshT,75.5694,8.4667,6.26033,82.2556,8.47367,82.2231,8.46938,82.2422,1.19637,0.630803,9.97964,9.51014,72.933,13.0396,1,69,69,46,69,69,9.67219,62.5792,10.7665,66.5514,865,0.0508039,0,66.2687,69.3556,10.6595,11.7961
6,2,proposed,L2A_real,mondrian,67.7375,22.4501,12.8505,65.013,22.2787,65.0242,22.28,65.0379,3.13433,0.734425,9.94464,11.0605,49.2315,22.4663,1,69,69,46,69,69,12.6023,2.54583,30.2992,91.7861,70,0.0377475,0,5.10625,92.816,16.0479,30.4912
6,2,proposed,L2A_real,naive,67.7375,22.4501,12.8505,65.013,22.2787,65.0242,22.28,65.0379,1.09633,0.656536,9.97643,28.7533,94.0572,30.57,1,69,69,46,69,69,12.6023,2.54583,30.2992,91.7861,70,0.0377475,0,5.10625,92.816,16.0479,30.4912
6,2,proposed,L2A_real,naiveThr_freshT,67.7375,22.4501,12.8505,65.013,22.2787,65.0242,22.28,65.0379,3.13433,0.413201,9.99464,28.8935,94.5308,30.5651,1,69,69,46,69,69,12.6023,2.54583,30.2992,91.7861,70,0.0377475,0,5.10625,92.816,16.0479,30.4912
6,2,b2,clean,mondrian,78.2188,7.13672,5.39334,82.2671,7.13801,82.263,7.13672,82.2671,1.02222,0.662185,9.9825,9.44964,76.0457,12.4263,1,69,69,46,69,69,9.64953,67.0729,9.64953,67.0729,892,0.0532284,0,70.8278,70.8278,10.8783,10.8783
6,2,b2,clean,naive,78.2188,7.13672,5.39334,82.2671,7.13801,82.263,7.13672,82.2671,1.02222,0.662185,9.9825,9.44964,76.0457,12.4263,1,69,69,46,69,69,9.64953,67.0729,9.64953,67.0729,892,0.0532284,0,70.8278,70.8278,10.8783,10.8783
6,2,b2,clean,naiveThr_freshT,78.2188,7.13672,5.39334,82.2671,7.13801,82.263,7.13672,82.2671,1.02222,0.662185,9.9825,9.44964,76.0457,12.4263,1,69,69,46,69,69,9.64953,67.0729,9.64953,67.0729,892,0.0532284,0,70.8278,70.8278,10.8783,10.8783
6,2,b2,dropB10,mondrian,75.8458,8.49802,6.30128,81.5279,8.49815,81.5278,8.49745,81.5282,1.00368,0.645341,9.99571,9.59674,72.4272,13.2502,1,69,69,46,69,69,9.83822,61.8549,9.10342,59.5472,746,0.0607861,0,65.8146,63.7167,11.1023,10.451
6,2,b2,dropB10,naive,75.8458,8.49802,6.30128,81.5279,8.49815,81.5278,8.49745,81.5282,1.02222,0.662185,9.9825,8.61232,69.9322,12.3152,1,69,69,46,69,69,9.83822,61.8549,9.10342,59.5472,746,0.0607861,0,65.8146,63.7167,11.1023,10.451
6,2,b2,dropB10,naiveThr_freshT,75.8458,8.49802,6.30128,81.5279,8.49815,81.5278,8.49745,81.5282,1.00368,0.667918,9.99036,8.63406,69.9866,12.3367,1,69,69,46,69,69,9.83822,61.8549,9.10342,59.5472,746,0.0607861,0,65.8146,63.7167,11.1023,10.451
6,2,b2,dropB1B9B10,mondrian,74.2319,9.63436,7.03348,80.5866,9.63419,80.588,9.6341,80.5891,0.973413,0.647916,9.94179,9.82899,69.9986,14.0417,1,69,69,46,69,69,11.3149,61,10.1608,56.3507,878,0.0496443,0,63.6687,60.8271,12.0011,11.25
6,2,b2,dropB1B9B10,naive,74.2319,9.63436,7.03348,80.5866,9.63419,80.588,9.6341,80.5891,1.02222,0.662185,9.9825,8.5808,66.6649,12.8715,1,69,69,46,69,69,11.3149,61,10.1608,56.3507,878,0.0496443,0,63.6687,60.8271,12.0011,11.25
6,2,b2,dropB1B9B10,naiveThr_freshT,74.2319,9.63436,7.03348,80.5866,9.63419,80.588,9.6341,80.5891,0.973413,0.681901,9.85179,8.48333,66.3402,12.7876,1,69,69,46,69,69,11.3149,61,10.1608,56.3507,878,0.0496443,0,63.6687,60.8271,12.0011,11.25
6,2,b2,L2A_real,mondrian,62.2806,25.0862,14.1995,69.838,25.9216,67.8451,25.9067,67.8708,4.47362,0.757548,9.91679,8.11739,41.0627,19.7683,1,69,69,46,69,69,nan,0,36.3075,93.3097,1,0.046806,1,0,94.2368,nan,36.5406
6,2,b2,L2A_real,naive,62.2806,25.0862,14.1995,69.838,25.9216,67.8451,25.9067,67.8708,1.02222,0.662185,9.9825,34.9808,95.558,36.6069,1,69,69,46,69,69,nan,0,36.3075,93.3097,1,0.046806,1,0,94.2368,nan,36.5406
6,2,b2,L2A_real,naiveThr_freshT,62.2806,25.0862,14.1995,69.838,25.9216,67.8451,25.9067,67.8708,4.47362,0.355936,9.97143,36.1486,97.854,36.9413,1,69,69,46,69,69,nan,0,36.3075,93.3097,1,0.046806,1,0,94.2368,nan,36.5406
7,0,proposed,clean,mondrian,80.0753,5.99424,4.59472,83.6431,5.99727,83.6298,5.99424,83.6431,1.0847,0.65365,9.9431,7.80507,75.8554,10.2894,1,69,69,46,69,69,8.50962,68.9952,8.50962,68.9952,1025,0.0469267,0,71.8459,71.8459,9.29787,9.29787
7,0,proposed,clean,naive,80.0753,5.99424,4.59472,83.6431,5.99727,83.6298,5.99424,83.6431,1.0847,0.65365,9.9431,7.80507,75.8554,10.2894,1,69,69,46,69,69,8.50962,68.9952,8.50962,68.9952,1025,0.0469267,0,71.8459,71.8459,9.29787,9.29787
7,0,proposed,clean,naiveThr_freshT,80.0753,5.99424,4.59472,83.6431,5.99727,83.6298,5.99424,83.6431,1.0847,0.65365,9.9431,7.80507,75.8554,10.2894,1,69,69,46,69,69,8.50962,68.9952,8.50962,68.9952,1025,0.0469267,0,71.8459,71.8459,9.29787,9.29787
7,0,proposed,dropB10,mondrian,79.4842,6.61445,4.97113,82.4209,6.61183,82.4228,6.61303,82.4231,1.13829,0.649082,9.95631,7.57101,73.4761,10.3041,1,69,69,46,69,69,8.34076,65.3664,9.04531,68.0062,854,0.0528113,0,68.2199,70.7349,9.08224,9.76635
7,0,proposed,dropB10,naive,79.4842,6.61445,4.97113,82.4209,6.61183,82.4228,6.61303,82.4231,1.0847,0.65365,9.9431,7.91268,74.5569,10.6129,1,69,69,46,69,69,8.34076,65.3664,9.04531,68.0062,854,0.0528113,0,68.2199,70.7349,9.08224,9.76635
7,0,proposed,dropB10,naiveThr_freshT,79.4842,6.61445,4.97113,82.4209,6.61183,82.4228,6.61303,82.4231,1.13829,0.639433,9.94631,7.87065,74.4232,10.5755,1,69,69,46,69,69,8.34076,65.3664,9.04531,68.0062,854,0.0528113,0,68.2199,70.7349,9.08224,9.76635
7,0,proposed,dropB1B9B10,mondrian,76.7418,7.96032,5.88885,82.161,7.96568,82.1295,7.96256,82.1461,1.20288,0.666661,9.87262,7.84312,70.088,11.1904,1,69,69,46,69,69,8.06363,58.6432,10.7892,68.3966,724,0.0557648,0,62.7014,70.8096,9.11584,11.5745
7,0,proposed,dropB1B9B10,naive,76.7418,7.96032,5.88885,82.161,7.96568,82.1295,7.96256,82.1461,1.0847,0.65365,9.9431,9.45326,74.379,12.7096,1,69,69,46,69,69,8.06363,58.6432,10.7892,68.3966,724,0.0557648,0,62.7014,70.8096,9.11584,11.5745
7,0,proposed,dropB1B9B10,naiveThr_freshT,76.7418,7.96032,5.88885,82.161,7.96568,82.1295,7.96256,82.1461,1.20288,0.623361,9.94893,9.35435,74.1471,12.6159,1,69,69,46,69,69,8.06363,58.6432,10.7892,68.3966,724,0.0557648,0,62.7014,70.8096,9.11584,11.5745
7,0,proposed,L2A_real,mondrian,68.0274,18.6154,11.459,70.8157,19.3707,69.7992,19.3162,69.8749,2.81044,0.747368,9.96167,7.57971,46.4895,16.3041,1,69,69,46,69,69,9.57727,7.01575,29.9285,91,125,0.0520672,0,10.2123,92.4233,10.6237,30.0953
7,0,proposed,L2A_real,naive,68.0274,18.6154,11.459,70.8157,19.3707,69.7992,19.3162,69.8749,1.0847,0.65365,9.9431,28.4522,93.8714,30.3097,1,69,69,46,69,69,9.57727,7.01575,29.9285,91,125,0.0520672,0,10.2123,92.4233,10.6237,30.0953
7,0,proposed,L2A_real,naiveThr_freshT,68.0274,18.6154,11.459,70.8157,19.3707,69.7992,19.3162,69.8749,2.81044,0.427878,9.99952,29.6395,96.358,30.7598,1,69,69,46,69,69,9.57727,7.01575,29.9285,91,125,0.0520672,0,10.2123,92.4233,10.6237,30.0953
7,0,b2,clean,mondrian,79.1356,6.59847,5.01269,82.8237,6.60092,82.8157,6.59847,82.8237,1.11325,0.652791,9.96536,7.84601,73.5732,10.6642,1,69,69,46,69,69,8.32272,65.0801,8.32272,65.0801,922,0.0485929,0,67.8466,67.8466,9.0676,9.0676
7,0,b2,clean,naive,79.1356,6.59847,5.01269,82.8237,6.60092,82.8157,6.59847,82.8237,1.11325,0.652791,9.96536,7.84601,73.5732,10.6642,1,69,69,46,69,69,8.32272,65.0801,8.32272,65.0801,922,0.0485929,0,67.8466,67.8466,9.0676,9.0676
7,0,b2,clean,naiveThr_freshT,79.1356,6.59847,5.01269,82.8237,6.60092,82.8157,6.59847,82.8237,1.11325,0.652791,9.96536,7.84601,73.5732,10.6642,1,69,69,46,69,69,8.32272,65.0801,8.32272,65.0801,922,0.0485929,0,67.8466,67.8466,9.0676,9.0676
7,0,b2,dropB10,mondrian,77.6671,7.75081,5.76005,81.1696,7.76029,81.1371,7.75168,81.1667,1.12714,0.62836,9.95393,8.2663,70.9438,11.6519,1,69,69,46,69,69,8.18008,58.5116,8.25229,58.8048,790,0.0515475,0,62.2829,62.1979,9.26396,9.24468
7,0,b2,dropB10,naive,77.6671,7.75081,5.76005,81.1696,7.76029,81.1371,7.75168,81.1667,1.11325,0.652791,9.96536,7.59928,68.7261,11.0573,1,69,69,46,69,69,8.18008,58.5116,8.25229,58.8048,790,0.0515475,0,62.2829,62.1979,9.26396,9.24468
7,0,b2,dropB10,naiveThr_freshT,77.6671,7.75081,5.76005,81.1696,7.76029,81.1371,7.75168,81.1667,1.12714,0.649075,9.96476,7.58442,68.6746,11.044,1,69,69,46,69,69,8.18008,58.5116,8.25229,58.8048,790,0.0515475,0,62.2829,62.1979,9.26396,9.24468
7,0,b2,dropB1B9B10,mondrian,76.2521,8.53489,6.21869,81.2308,8.53412,81.233,8.53201,81.2377,0.976367,0.630614,9.91095,7.74529,67.3732,11.4961,1,69,69,46,69,69,7.86016,53.2685,6.90731,48.2911,741,0.0510371,0,57.3712,51.8979,8.87276,7.55566
7,0,b2,dropB1B9B10,naive,76.2521,8.53489,6.21869,81.2308,8.53412,81.233,8.53201,81.2377,1.11325,0.652791,9.96536,5.55072,59.2656,9.36585,1,69,69,46,69,69,7.86016,53.2685,6.90731,48.2911,741,0.0510371,0,57.3712,51.8979,8.87276,7.55566
7,0,b2,dropB1B9B10,naiveThr_freshT,76.2521,8.53489,6.21869,81.2308,8.53412,81.233,8.53201,81.2377,0.976367,0.69383,9.99571,5.69312,59.858,9.51104,1,69,69,46,69,69,7.86016,53.2685,6.90731,48.2911,741,0.0510371,0,57.3712,51.8979,8.87276,7.55566
7,0,b2,L2A_real,mondrian,62.9322,24.2841,13.5994,71.1538,23.8196,70.8104,23.8073,70.8639,3.90135,0.711665,9.96714,9.08442,44.3246,20.4952,1,69,69,46,69,69,nan,0,34.3291,90.5637,1,0.0497442,1,0.0356164,91.7678,28.8462,34.6213
7,0,b2,L2A_real,naive,62.9322,24.2841,13.5994,71.1538,23.8196,70.8104,23.8073,70.8639,1.11325,0.652791,9.96536,32.8899,93.883,35.0328,1,69,69,46,69,69,nan,0,34.3291,90.5637,1,0.0497442,1,0.0356164,91.7678,28.8462,34.6213
7,0,b2,L2A_real,naiveThr_freshT,62.9322,24.2841,13.5994,71.1538,23.8196,70.8104,23.8073,70.8639,3.90135,0.377477,9.95619,34.621,96.9004,35.7285,1,69,69,46,69,69,nan,0,34.3291,90.5637,1,0.0497442,1,0.0356164,91.7678,28.8462,34.6213
7,1,proposed,clean,mondrian,80.0021,6.17388,4.68546,83.2124,6.17106,83.2125,6.17388,83.2124,1.13522,0.663117,9.9725,7.65471,75.1167,10.1904,1,69,69,46,69,69,8.3257,68.0021,8.3257,68.0021,1003,0.0471648,0,70.7226,70.7226,9.08624,9.08624
7,1,proposed,clean,naive,80.0021,6.17388,4.68546,83.2124,6.17106,83.2125,6.17388,83.2124,1.13522,0.663117,9.9725,7.65471,75.1167,10.1904,1,69,69,46,69,69,8.3257,68.0021,8.3257,68.0021,1003,0.0471648,0,70.7226,70.7226,9.08624,9.08624
7,1,proposed,clean,naiveThr_freshT,80.0021,6.17388,4.68546,83.2124,6.17106,83.2125,6.17388,83.2124,1.13522,0.663117,9.9725,7.65471,75.1167,10.1904,1,69,69,46,69,69,8.3257,68.0021,8.3257,68.0021,1003,0.0471648,0,70.7226,70.7226,9.08624,9.08624
7,1,proposed,dropB10,mondrian,78.926,6.84995,5.11775,82.582,6.84534,82.5876,6.84834,82.5851,1.1784,0.646853,9.90012,7.64457,73.3054,10.4284,1,69,69,46,69,69,8.26557,64.776,8.52419,65.824,965,0.0464951,0,67.7192,68.4644,9.00981,9.22688
7,1,proposed,dropB10,naive,78.926,6.84995,5.11775,82.582,6.84534,82.5876,6.84834,82.5851,1.13522,0.663117,9.9725,7.53116,72.9243,10.3274,1,69,69,46,69,69,8.26557,64.776,8.52419,65.824,965,0.0464951,0,67.7192,68.4644,9.00981,9.22688
7,1,proposed,dropB10,naiveThr_freshT,78.926,6.84995,5.11775,82.582,6.84534,82.5876,6.84834,82.5851,1.1784,0.651761,9.98643,7.49674,72.8141,10.2957,1,69,69,46,69,69,8.26557,64.776,8.52419,65.824,965,0.0464951,0,67.7192,68.4644,9.00981,9.22688
7,1,proposed,dropB1B9B10,mondrian,76.8315,8.12524,5.95724,81.6116,8.11328,81.6274,8.12084,81.6188,1.1981,0.662576,9.98631,7.71486,69.0902,11.1663,1,69,69,46,69,69,7.93426,56.6384,9.85369,64.0397,714,0.0551377,0,60.7562,66.6219,9.04582,10.4988
7,1,proposed,dropB1B9B10,naive,76.8315,8.12524,5.95724,81.6116,8.11328,81.6274,8.12084,81.6188,1.13522,0.663117,9.9725,8.30217,70.8507,11.7178,1,69,69,46,69,69,7.93426,56.6384,9.85369,64.0397,714,0.0551377,0,60.7562,66.6219,9.04582,10.4988
7,1,proposed,dropB1B9B10,naiveThr_freshT,76.8315,8.12524,5.95724,81.6116,8.11328,81.6274,8.12084,81.6188,1.1981,0.646677,9.99321,8.25942,70.7062,11.6813,1,69,69,46,69,69,7.93426,56.6384,9.85369,64.0397,714,0.0551377,0,60.7562,66.6219,9.04582,10.4988
7,1,proposed,L2A_real,mondrian,68.2295,17.9426,11.1862,71.6785,17.7779,71.9372,17.7669,71.9468,3.31569,0.710244,9.98881,8.17645,50.0514,16.3361,1,69,69,46,69,69,5.52147,6.25205,29.4945,89.7589,99,0.044535,0,8.15274,90.8007,7.19146,29.7596
7,1,proposed,L2A_real,naive,68.2295,17.9426,11.1862,71.6785,17.7779,71.9372,17.7669,71.9468,1.13522,0.663117,9.9725,27.6576,92.3402,29.9519,1,69,69,46,69,69,5.52147,6.25205,29.4945,89.7589,99,0.044535,0,8.15274,90.8007,7.19146,29.7596
7,1,proposed,L2A_real,naiveThr_freshT,68.2295,17.9426,11.1862,71.6785,17.7779,71.9372,17.7669,71.9468,3.31569,0.412411,9.95571,29.2808,96.512,30.339,1,69,69,46,69,69,5.52147,6.25205,29.4945,89.7589,99,0.044535,0,8.15274,90.8007,7.19146,29.7596
7,1,b2,clean,mondrian,79.8158,6.4209,4.82828,82.6744,6.41872,82.6754,6.4209,82.6744,1.08064,0.651636,9.93976,7.72826,74.2373,10.4102,1,69,69,46,69,69,8.15185,65.8897,8.15185,65.8897,925,0.04922,0,68.9438,68.9438,8.90739,8.90739
7,1,b2,clean,naive,79.8158,6.4209,4.82828,82.6744,6.41872,82.6754,6.4209,82.6744,1.08064,0.651636,9.93976,7.72826,74.2373,10.4102,1,69,69,46,69,69,8.15185,65.8897,8.15185,65.8897,925,0.04922,0,68.9438,68.9438,8.90739,8.90739
7,1,b2,clean,naiveThr_freshT,79.8158,6.4209,4.82828,82.6744,6.41872,82.6754,6.4209,82.6744,1.08064,0.651636,9.93976,7.72826,74.2373,10.4102,1,69,69,46,69,69,8.15185,65.8897,8.15185,65.8897,925,0.04922,0,68.9438,68.9438,8.90739,8.90739
7,1,b2,dropB10,mondrian,77.7726,7.9217,5.78415,80.8306,7.92155,80.8282,7.92181,80.8308,1.06536,0.629227,9.99333,7.7942,69.9301,11.1457,1,69,69,46,69,69,8.30809,57.8904,8.11383,56.8959,847,0.048008,0,61.3637,60.6274,9.12034,8.93172
7,1,b2,dropB10,naive,77.7726,7.9217,5.78415,80.8306,7.92155,80.8282,7.92181,80.8308,1.08064,0.651636,9.93976,6.90942,66.9069,10.3269,1,69,69,46,69,69,8.30809,57.8904,8.11383,56.8959,847,0.048008,0,61.3637,60.6274,9.12034,8.93172
7,1,b2,dropB10,naiveThr_freshT,77.7726,7.9217,5.78415,80.8306,7.92155,80.8282,7.92181,80.8308,1.06536,0.656048,9.94119,6.9221,66.9659,10.3367,1,69,69,46,69,69,8.30809,57.8904,8.11383,56.8959,847,0.048008,0,61.3637,60.6274,9.12034,8.93172
7,1,b2,dropB1B9B10,mondrian,76.8562,8.47113,6.15143,80.4741,8.46916,80.4801,8.46687,80.4868,0.952858,0.636981,9.96583,7.96014,68.7946,11.5709,1,69,69,46,69,69,8.09449,56.3973,7.32078,50.9808,728,0.0541595,0,60.5938,54.9705,8.99544,7.9233
7,1,b2,dropB1B9B10,naive,76.8562,8.47113,6.15143,80.4741,8.46916,80.4801,8.46687,80.4868,1.08064,0.651636,9.93976,5.78877,61.9333,9.34677,1,69,69,46,69,69,8.09449,56.3973,7.32078,50.9808,728,0.0541595,0,60.5938,54.9705,8.99544,7.9233
7,1,b2,dropB1B9B10,naiveThr_freshT,76.8562,8.47113,6.15143,80.4741,8.46916,80.4801,8.46687,80.4868,0.952858,0.691831,9.95952,5.91558,62.3525,9.48731,1,69,69,46,69,69,8.09449,56.3973,7.32078,50.9808,728,0.0541595,0,60.5938,54.9705,8.99544,7.9233
7,1,b2,L2A_real,mondrian,66.1192,18.6156,11.6749,73.5053,18.7166,73.1793,18.7044,73.2023,4.14438,0.732056,9.94798,6.84457,45.588,15.0139,1,69,69,46,69,69,6.778,3.4863,31.568,91.4726,86,0.0508882,0,7.68836,92.7774,9.0245,31.8733
7,1,b2,L2A_real,naive,66.1192,18.6156,11.6749,73.5053,18.7166,73.1793,18.7044,73.2023,1.08064,0.651636,9.93976,30.4601,94.4822,32.239,1,69,69,46,69,69,6.778,3.4863,31.568,91.4726,86,0.0508882,0,7.68836,92.7774,9.0245,31.8733
7,1,b2,L2A_real,naiveThr_freshT,66.1192,18.6156,11.6749,73.5053,18.7166,73.1793,18.7044,73.2023,4.14438,0.364603,9.92893,31.6457,96.5732,32.7686,1,69,69,46,69,69,6.778,3.4863,31.568,91.4726,86,0.0508882,0,7.68836,92.7774,9.0245,31.8733
7,2,proposed,clean,mondrian,79.9685,6.07572,4.64842,83.5067,6.07449,83.5079,6.07572,83.5067,1.15595,0.651579,9.85369,7.85399,75.6728,10.3789,1,69,69,46,69,69,8.46312,68.913,8.46312,68.913,1043,0.0460445,0,71.4205,71.4205,9.2046,9.2046
7,2,proposed,clean,naive,79.9685,6.07572,4.64842,83.5067,6.07449,83.5079,6.07572,83.5067,1.15595,0.651579,9.85369,7.85399,75.6728,10.3789,1,69,69,46,69,69,8.46312,68.913,8.46312,68.913,1043,0.0460445,0,71.4205,71.4205,9.2046,9.2046
7,2,proposed,clean,naiveThr_freshT,79.9685,6.07572,4.64842,83.5067,6.07449,83.5079,6.07572,83.5067,1.15595,0.651579,9.85369,7.85399,75.6728,10.3789,1,69,69,46,69,69,8.46312,68.913,8.46312,68.913,1043,0.0460445,0,71.4205,71.4205,9.2046,9.2046
7,2,proposed,dropB10,mondrian,79.4548,6.63048,4.96543,82.5116,6.62421,82.5237,6.62789,82.5182,1.2185,0.634778,9.96952,7.16268,72.2185,9.91807,1,69,69,46,69,69,7.79145,63.1884,8.43219,65.7055,929,0.047548,0,66.2527,68.3692,8.55379,9.03335
7,2,proposed,dropB10,naive,79.4548,6.63048,4.96543,82.5116,6.62421,82.5237,6.62789,82.5182,1.15595,0.651579,9.85369,7.17681,72.2739,9.93002,1,69,69,46,69,69,7.79145,63.1884,8.43219,65.7055,929,0.047548,0,66.2527,68.3692,8.55379,9.03335
7,2,proposed,dropB10,naiveThr_freshT,79.4548,6.63048,4.96543,82.5116,6.62421,82.5237,6.62789,82.5182,1.2185,0.636005,9.86738,7.1279,72.1072,9.88513,1,69,69,46,69,69,7.79145,63.1884,8.43219,65.7055,929,0.047548,0,66.2527,68.3692,8.55379,9.03335
7,2,proposed,dropB1B9B10,mondrian,76.8267,7.94193,5.86974,82.1119,7.93761,82.1044,7.93926,82.1133,1.2561,0.63449,9.98679,7.98043,70.4518,11.3275,1,69,69,46,69,69,8.22837,59.1089,9.52401,64.1062,726,0.0571863,0,62.8151,66.8103,9.15385,10.3544
7,2,proposed,dropB1B9B10,naive,76.8267,7.94193,5.86974,82.1119,7.93761,82.1044,7.93926,82.1133,1.15595,0.651579,9.85369,8.39601,71.6562,11.7171,1,69,69,46,69,69,8.22837,59.1089,9.52401,64.1062,726,0.0571863,0,62.8151,66.8103,9.15385,10.3544
7,2,proposed,dropB1B9B10,naiveThr_freshT,76.8267,7.94193,5.86974,82.1119,7.93761,82.1044,7.93926,82.1133,1.2561,0.627159,9.87476,8.28007,71.3428,11.606,1,69,69,46,69,69,8.22837,59.1089,9.52401,64.1062,726,0.0571863,0,62.8151,66.8103,9.15385,10.3544
7,2,proposed,L2A_real,mondrian,68.9527,21.0145,12.232,65.3761,20.3788,65.9094,20.4472,65.8563,3.23987,0.734006,9.98798,8.55507,43.6391,19.6041,1,69,69,46,69,69,8.73855,1.94384,28.9681,91.6432,43,0.0414283,0,3.60959,92.5795,12.1442,29.1471
7,2,proposed,L2A_real,naive,68.9527,21.0145,12.232,65.3761,20.3788,65.9094,20.4472,65.8563,1.15595,0.651579,9.85369,27.421,93.9062,29.2004,1,69,69,46,69,69,8.73855,1.94384,28.9681,91.6432,43,0.0414283,0,3.60959,92.5795,12.1442,29.1471
7,2,proposed,L2A_real,naiveThr_freshT,68.9527,21.0145,12.232,65.3761,20.3788,65.9094,20.4472,65.8563,3.23987,0.414931,9.92917,27.5243,94.2098,29.2159,1,69,69,46,69,69,8.73855,1.94384,28.9681,91.6432,43,0.0414283,0,3.60959,92.5795,12.1442,29.1471
7,2,b2,clean,mondrian,79.3192,6.56431,4.95859,82.8087,6.56825,82.7949,6.56431,82.8087,1.11169,0.651141,9.94476,7.92355,74.6576,10.6132,1,69,69,46,69,69,8.59079,65.9116,8.59079,65.9116,929,0.0484962,0,68.9897,68.9897,9.29561,9.29561
7,2,b2,clean,naive,79.3192,6.56431,4.95859,82.8087,6.56825,82.7949,6.56431,82.8087,1.11169,0.651141,9.94476,7.92355,74.6576,10.6132,1,69,69,46,69,69,8.59079,65.9116,8.59079,65.9116,929,0.0484962,0,68.9897,68.9897,9.29561,9.29561
7,2,b2,clean,naiveThr_freshT,79.3192,6.56431,4.95859,82.8087,6.56825,82.7949,6.56431,82.8087,1.11169,0.651141,9.94476,7.92355,74.6576,10.6132,1,69,69,46,69,69,8.59079,65.9116,8.59079,65.9116,929,0.0484962,0,68.9897,68.9897,9.29561,9.29561
7,2,b2,dropB10,mondrian,77.5726,7.73401,5.7389,81.4693,7.73692,81.464,7.73324,81.4704,1.08245,0.634268,9.94238,8.34674,71.45,11.6819,1,69,69,46,69,69,8.73437,60.3034,8.32217,58.7801,718,0.0580444,0,63.5856,61.8521,9.52335,9.11366
7,2,b2,dropB10,naive,77.5726,7.73401,5.7389,81.4693,7.73692,81.464,7.73324,81.4704,1.11169,0.651141,9.94476,7.43732,68.6014,10.8413,1,69,69,46,69,69,8.73437,60.3034,8.32217,58.7801,718,0.0580444,0,63.5856,61.8521,9.52335,9.11366
7,2,b2,dropB10,naiveThr_freshT,77.5726,7.73401,5.7389,81.4693,7.73692,81.464,7.73324,81.4704,1.08245,0.659477,9.93988,7.46739,68.6746,10.8736,1,69,69,46,69,69,8.73437,60.3034,8.32217,58.7801,718,0.0580444,0,63.5856,61.8521,9.52335,9.11366
7,2,b2,dropB1B9B10,mondrian,76.1116,8.76276,6.41471,80.4125,8.76335,80.4113,8.76192,80.4136,1.03048,0.644671,9.99488,8.56667,68.8402,12.4443,1,69,69,46,69,69,8.51869,53.7336,8.72444,54.5233,687,0.0534615,0,58.6555,58.3562,9.47488,9.44718
7,2,b2,dropB1B9B10,naive,76.1116,8.76276,6.41471,80.4125,8.76335,80.4113,8.76192,80.4136,1.11169,0.651141,9.94476,7.32899,65.296,11.2242,1,69,69,46,69,69,8.51869,53.7336,8.72444,54.5233,687,0.0534615,0,58.6555,58.3562,9.47488,9.44718
7,2,b2,dropB1B9B10,naiveThr_freshT,76.1116,8.76276,6.41471,80.4125,8.76335,80.4113,8.76192,80.4136,1.03048,0.674829,9.9394,7.43587,65.6007,11.335,1,69,69,46,69,69,8.51869,53.7336,8.72444,54.5233,687,0.0534615,0,58.6555,58.3562,9.47488,9.44718
7,2,b2,L2A_real,mondrian,63.2486,25.9241,14.0811,68.4761,26.0849,67.7561,26.0395,67.8288,4.70634,0.732235,9.91429,7.66232,38.4464,19.9299,1,69,69,46,69,69,nan,0,35.0015,93.2719,1,0.0506324,1,0.146575,94.0623,23.3645,35.2142
7,2,b2,L2A_real,naive,63.2486,25.9241,14.0811,68.4761,26.0849,67.7561,26.0395,67.8288,1.11169,0.651141,9.94476,33.8152,95.5094,35.4051,1,69,69,46,69,69,nan,0,35.0015,93.2719,1,0.0506324,1,0.146575,94.0623,23.3645,35.2142
7,2,b2,L2A_real,naiveThr_freshT,63.2486,25.9241,14.0811,68.4761,26.0849,67.7561,26.0395,67.8288,4.70634,0.356036,9.8856,35.0014,97.738,35.8115,1,69,69,46,69,69,nan,0,35.0015,93.2719,1,0.0506324,1,0.146575,94.0623,23.3645,35.2142
8,0,proposed,clean,mondrian,80.0905,5.97401,4.57604,83.7319,5.9808,83.7039,5.97401,83.7319,1.104,0.655445,9.87452,7.58913,75.1083,10.1042,1,69,69,46,69,69,8.17105,68.5926,8.17105,68.5926,950,0.0516737,0,71.5331,71.5331,9.04325,9.04325
8,0,proposed,clean,naive,80.0905,5.97401,4.57604,83.7319,5.9808,83.7039,5.97401,83.7319,1.104,0.655445,9.87452,7.58913,75.1083,10.1042,1,69,69,46,69,69,8.17105,68.5926,8.17105,68.5926,950,0.0516737,0,71.5331,71.5331,9.04325,9.04325
8,0,proposed,clean,naiveThr_freshT,80.0905,5.97401,4.57604,83.7319,5.9808,83.7039,5.97401,83.7319,1.104,0.655445,9.87452,7.58913,75.1083,10.1042,1,69,69,46,69,69,8.17105,68.5926,8.17105,68.5926,950,0.0516737,0,71.5331,71.5331,9.04325,9.04325
8,0,proposed,dropB10,mondrian,78.8534,6.77446,5.10313,82.8055,6.7806,82.7819,6.77454,82.8052,1.10578,0.65794,9.96452,7.90507,73.0681,10.8188,1,69,69,46,69,69,7.78039,63.1959,8.8724,67.0162,1026,0.0440971,0,66.7007,69.9095,8.78471,9.75779
8,0,proposed,dropB10,naive,78.8534,6.77446,5.10313,82.8055,6.7806,82.7819,6.77454,82.8052,1.104,0.655445,9.87452,8.00942,73.35,10.9195,1,69,69,46,69,69,7.78039,63.1959,8.8724,67.0162,1026,0.0440971,0,66.7007,69.9095,8.78471,9.75779
8,0,proposed,dropB10,naiveThr_freshT,78.8534,6.77446,5.10313,82.8055,6.7806,82.7819,6.77454,82.8052,1.10578,0.654947,9.87595,8.01087,73.3504,10.9214,1,69,69,46,69,69,7.78039,63.1959,8.8724,67.0162,1026,0.0440971,0,66.7007,69.9095,8.78471,9.75779
8,0,proposed,dropB1B9B10,mondrian,76.8486,7.85034,5.82387,82.3294,7.866,82.2687,7.85738,82.3014,1.22929,0.664452,9.90417,7.48478,69.1239,10.8281,1,69,69,46,69,69,7.42023,56.0284,10.2295,67.3,889,0.0457281,0,60.2311,70.0838,8.36867,11.1324
8,0,proposed,dropB1B9B10,naive,76.8486,7.85034,5.82387,82.3294,7.866,82.2687,7.85738,82.3014,1.104,0.655445,9.87452,9.02464,73.3957,12.2959,1,69,69,46,69,69,7.42023,56.0284,10.2295,67.3,889,0.0457281,0,60.2311,70.0838,8.36867,11.1324
8,0,proposed,dropB1B9B10,naiveThr_freshT,76.8486,7.85034,5.82387,82.3294,7.866,82.2687,7.85738,82.3014,1.22929,0.623005,9.90905,8.95181,73.2322,12.2239,1,69,69,46,69,69,7.42023,56.0284,10.2295,67.3,889,0.0457281,0,60.2311,70.0838,8.36867,11.1324
8,0,proposed,L2A_real,mondrian,67.6507,17.5441,11.1417,72.9984,18.4204,71.8328,18.3419,71.9445,2.92097,0.722097,9.9869,8.71594,51.4703,16.9339,1,69,69,46,69,69,9.36668,12.1838,30.2775,90.9291,219,0.0492213,0,22.0628,92.4392,11.0311,30.5475
8,0,proposed,L2A_real,naive,67.6507,17.5441,11.1417,72.9984,18.4204,71.8328,18.3419,71.9445,1.104,0.655445,9.87452,29.0105,93.7917,30.9308,1,69,69,46,69,69,9.36668,12.1838,30.2775,90.9291,219,0.0492213,0,22.0628,92.4392,11.0311,30.5475
8,0,proposed,L2A_real,naiveThr_freshT,67.6507,17.5441,11.1417,72.9984,18.4204,71.8328,18.3419,71.9445,2.92097,0.425145,9.89869,30.0301,96.1891,31.2198,1,69,69,46,69,69,9.36668,12.1838,30.2775,90.9291,219,0.0492213,0,22.0628,92.4392,11.0311,30.5475
8,0,b2,clean,mondrian,78.8743,6.74807,5.11479,82.6964,6.75111,82.6885,6.74807,82.6964,1.14524,0.648599,9.96036,7.62029,72.1844,10.5567,1,69,69,46,69,69,8.0662,64.098,8.0662,64.098,939,0.049297,0,67.273,67.273,9.0374,9.0374
8,0,b2,clean,naive,78.8743,6.74807,5.11479,82.6964,6.75111,82.6885,6.74807,82.6964,1.14524,0.648599,9.96036,7.62029,72.1844,10.5567,1,69,69,46,69,69,8.0662,64.098,8.0662,64.098,939,0.049297,0,67.273,67.273,9.0374,9.0374
8,0,b2,clean,naiveThr_freshT,78.8743,6.74807,5.11479,82.6964,6.75111,82.6885,6.74807,82.6964,1.14524,0.648599,9.96036,7.62029,72.1844,10.5567,1,69,69,46,69,69,8.0662,64.098,8.0662,64.098,939,0.049297,0,67.273,67.273,9.0374,9.0374
8,0,b2,dropB10,mondrian,77.3595,7.95539,5.8918,80.9944,7.95931,80.9814,7.95205,81.0052,1.07091,0.65519,9.90881,8.10616,69.438,11.6739,1,69,69,46,69,69,8.44367,58.0716,8.73875,59.3736,855,0.0484958,0,61.7122,62.6669,9.33716,9.58414
8,0,b2,dropB10,naive,77.3595,7.95539,5.8918,80.9944,7.95931,80.9814,7.95205,81.0052,1.14524,0.648599,9.96036,7.58623,67.8362,11.1832,1,69,69,46,69,69,8.44367,58.0716,8.73875,59.3736,855,0.0484958,0,61.7122,62.6669,9.33716,9.58414
8,0,b2,dropB10,naiveThr_freshT,77.3595,7.95539,5.8918,80.9944,7.95931,80.9814,7.95205,81.0052,1.07091,0.669714,9.95714,7.65109,68.0091,11.2501,1,69,69,46,69,69,8.44367,58.0716,8.73875,59.3736,855,0.0484958,0,61.7122,62.6669,9.33716,9.58414
8,0,b2,dropB1B9B10,mondrian,76.1736,8.72738,6.30356,80.9084,8.7255,80.9136,8.72033,80.9254,0.963504,0.62706,9.89381,8.2413,68.296,12.067,1,69,69,46,69,69,8.7157,55.9723,7.34513,49.5824,773,0.0508185,0,59.7554,53.0899,9.63161,8.10838
8,0,b2,dropB1B9B10,naive,76.1736,8.72738,6.30356,80.9084,8.7255,80.9136,8.72033,80.9254,1.14524,0.648599,9.96036,5.7058,59.0293,9.66603,1,69,69,46,69,69,8.7157,55.9723,7.34513,49.5824,773,0.0508185,0,59.7554,53.0899,9.63161,8.10838
8,0,b2,dropB1B9B10,naiveThr_freshT,76.1736,8.72738,6.30356,80.9084,8.7255,80.9136,8.72033,80.9254,0.963504,0.703921,9.95036,5.83188,59.6572,9.77565,1,69,69,46,69,69,8.7157,55.9723,7.34513,49.5824,773,0.0508185,0,59.7554,53.0899,9.63161,8.10838
8,0,b2,L2A_real,mondrian,62.9811,22.2301,13.1565,72.9601,21.983,72.4856,21.9552,72.5594,4.11333,0.684731,9.98726,9.32246,47.458,19.6436,1,69,69,46,69,69,nan,0,34.4733,90.648,1,0.0427544,1,0.0324324,91.9236,33.3333,34.8284
8,0,b2,L2A_real,naive,62.9811,22.2301,13.1565,72.9601,21.983,72.4856,21.9552,72.5594,1.14524,0.648599,9.96036,33.0743,93.7699,35.2717,1,69,69,46,69,69,nan,0,34.4733,90.648,1,0.0427544,1,0.0324324,91.9236,33.3333,34.8284
8,0,b2,L2A_real,naiveThr_freshT,62.9811,22.2301,13.1565,72.9601,21.983,72.4856,21.9552,72.5594,4.11333,0.372494,9.87036,34.6623,96.5848,35.888,1,69,69,46,69,69,nan,0,34.4733,90.648,1,0.0427544,1,0.0324324,91.9236,33.3333,34.8284
8,1,proposed,clean,mondrian,79.9014,6.12322,4.68495,83.4044,6.12403,83.395,6.12322,83.4044,1.13675,0.662477,9.96286,7.9837,75.4217,10.5854,1,69,69,46,69,69,8.25306,67.6162,8.25306,67.6162,912,0.0527042,0,70.9939,70.9939,9.20616,9.20616
8,1,proposed,clean,naive,79.9014,6.12322,4.68495,83.4044,6.12403,83.395,6.12322,83.4044,1.13675,0.662477,9.96286,7.9837,75.4217,10.5854,1,69,69,46,69,69,8.25306,67.6162,8.25306,67.6162,912,0.0527042,0,70.9939,70.9939,9.20616,9.20616
8,1,proposed,clean,naiveThr_freshT,79.9014,6.12322,4.68495,83.4044,6.12403,83.395,6.12322,83.4044,1.13675,0.662477,9.96286,7.9837,75.4217,10.5854,1,69,69,46,69,69,8.25306,67.6162,8.25306,67.6162,912,0.0527042,0,70.9939,70.9939,9.20616,9.20616
8,1,proposed,dropB10,mondrian,78.7824,6.8506,5.12562,82.8029,6.85411,82.7867,6.8505,82.8035,1.12898,0.665109,9.88298,7.71703,73.2058,10.5416,1,69,69,46,69,69,7.66621,62.9385,8.43625,66.0358,805,0.0549581,0,66.9899,69.0345,8.71653,9.29814
8,1,proposed,dropB10,naive,78.7824,6.8506,5.12562,82.8029,6.85411,82.7867,6.8505,82.8035,1.13675,0.662477,9.96286,7.72862,73.2301,10.5539,1,69,69,46,69,69,7.66621,62.9385,8.43625,66.0358,805,0.0549581,0,66.9899,69.0345,8.71653,9.29814
8,1,proposed,dropB10,naiveThr_freshT,78.7824,6.8506,5.12562,82.8029,6.85411,82.7867,6.8505,82.8035,1.12898,0.664565,9.96607,7.7308,73.2482,10.5543,1,69,69,46,69,69,7.66621,62.9385,8.43625,66.0358,805,0.0549581,0,66.9899,69.0345,8.71653,9.29814
8,1,proposed,dropB1B9B10,mondrian,76.6791,8.12612,6.00134,81.647,8.12442,81.6463,8.12498,81.6489,1.20286,0.663409,9.99405,7.7529,68.6565,11.2923,1,69,69,46,69,69,7.77259,55.4182,9.77488,63.7804,700,0.056449,0,59.5277,66.6385,8.70478,10.6089
8,1,proposed,dropB1B9B10,naive,76.6791,8.12612,6.00134,81.647,8.12442,81.6463,8.12498,81.6489,1.13675,0.662477,9.96286,8.35254,70.5522,11.8388,1,69,69,46,69,69,7.77259,55.4182,9.77488,63.7804,700,0.056449,0,59.5277,66.6385,8.70478,10.6089
8,1,proposed,dropB1B9B10,naiveThr_freshT,76.6791,8.12612,6.00134,81.647,8.12442,81.6463,8.12498,81.6489,1.20286,0.645124,9.98429,8.29674,70.3953,11.7859,1,69,69,46,69,69,7.77259,55.4182,9.77488,63.7804,700,0.056449,0,59.5277,66.6385,8.70478,10.6089
8,1,proposed,L2A_real,mondrian,67.2068,18.1672,11.3259,73.0081,17.9468,73.3727,17.9357,73.3859,3.31942,0.705987,9.90083,9.11558,51.7967,17.5988,1,69,69,46,69,69,7.60553,7.42703,30.381,90.3993,140,0.0425559,0,10.9865,91.3736,9.87085,30.7329
8,1,proposed,L2A_real,naive,67.2068,18.1672,11.3259,73.0081,17.9468,73.3727,17.9357,73.3859,1.13675,0.662477,9.96286,28.8815,92.4688,31.2338,1,69,69,46,69,69,7.60553,7.42703,30.381,90.3993,140,0.0425559,0,10.9865,91.3736,9.87085,30.7329
8,1,proposed,L2A_real,naiveThr_freshT,67.2068,18.1672,11.3259,73.0081,17.9468,73.3727,17.9357,73.3859,3.31942,0.41188,9.90714,30.8319,96.9254,31.8099,1,69,69,46,69,69,7.60553,7.42703,30.381,90.3993,140,0.0425559,0,10.9865,91.3736,9.87085,30.7329
8,1,b2,clean,mondrian,79.1689,6.51215,4.94058,83.1986,6.51579,83.1809,6.51215,83.1986,1.08851,0.660654,9.90988,7.17101,72.2543,9.92468,1,69,69,46,69,69,7.73782,64.6351,7.73782,64.6351,974,0.0474303,0,67.8405,67.8405,8.57237,8.57237
8,1,b2,clean,naive,79.1689,6.51215,4.94058,83.1986,6.51579,83.1809,6.51215,83.1986,1.08851,0.660654,9.90988,7.17101,72.2543,9.92468,1,69,69,46,69,69,7.73782,64.6351,7.73782,64.6351,974,0.0474303,0,67.8405,67.8405,8.57237,8.57237
8,1,b2,clean,naiveThr_freshT,79.1689,6.51215,4.94058,83.1986,6.51579,83.1809,6.51215,83.1986,1.08851,0.660654,9.90988,7.17101,72.2543,9.92468,1,69,69,46,69,69,7.73782,64.6351,7.73782,64.6351,974,0.0474303,0,67.8405,67.8405,8.57237,8.57237
8,1,b2,dropB10,mondrian,77.3486,7.76696,5.77989,81.6535,7.76708,81.6531,7.76575,81.6572,1.00551,0.654229,9.91833,8.08949,69.7859,11.5919,1,69,69,46,69,69,7.97843,57.2743,8.31407,58.4568,917,0.0435914,0,61.0966,61.5419,9.05301,9.18513
8,1,b2,dropB10,naive,77.3486,7.76696,5.77989,81.6535,7.76708,81.6531,7.76575,81.6572,1.08851,0.660654,9.90988,7.06522,66.3652,10.646,1,69,69,46,69,69,7.97843,57.2743,8.31407,58.4568,917,0.0435914,0,61.0966,61.5419,9.05301,9.18513
8,1,b2,dropB10,naiveThr_freshT,77.3486,7.76696,5.77989,81.6535,7.76708,81.6531,7.76575,81.6572,1.00551,0.686439,9.90583,7.11993,66.5605,10.6969,1,69,69,46,69,69,7.97843,57.2743,8.31407,58.4568,917,0.0435914,0,61.0966,61.5419,9.05301,9.18513
8,1,b2,dropB1B9B10,mondrian,76.3993,8.55097,6.22387,80.928,8.55163,80.928,8.55354,80.9252,0.955288,0.626417,9.99714,8.33696,69.2279,12.0428,1,69,69,46,69,69,8.46092,56.5318,7.34268,51.3473,758,0.0524668,0,60.6128,54.8804,9.45188,8.1307
8,1,b2,dropB1B9B10,naive,76.3993,8.55097,6.22387,80.928,8.55163,80.928,8.55354,80.9252,1.08851,0.660654,9.90988,5.70507,60.163,9.48269,1,69,69,46,69,69,8.46092,56.5318,7.34268,51.3473,758,0.0524668,0,60.6128,54.8804,9.45188,8.1307
8,1,b2,dropB1B9B10,naiveThr_freshT,76.3993,8.55097,6.22387,80.928,8.55163,80.928,8.55354,80.9252,0.955288,0.703133,9.8931,5.79203,60.5449,9.5665,1,69,69,46,69,69,8.46092,56.5318,7.34268,51.3473,758,0.0524668,0,60.6128,54.8804,9.45188,8.1307
8,1,b2,L2A_real,mondrian,65.8014,18.5218,11.7484,73.7788,18.807,73.0764,18.7931,73.1081,4.24739,0.706706,9.92274,8.62101,51.017,16.8983,1,69,69,46,69,69,9.41242,14.6155,32.1205,91.2378,279,0.046244,0,22.6682,92.5405,11.0585,32.3401
8,1,b2,L2A_real,naive,65.8014,18.5218,11.7484,73.7788,18.807,73.0764,18.7931,73.1081,1.08851,0.660654,9.90988,30.6489,93.9163,32.6343,1,69,69,46,69,69,9.41242,14.6155,32.1205,91.2378,279,0.046244,0,22.6682,92.5405,11.0585,32.3401
8,1,b2,L2A_real,naiveThr_freshT,65.8014,18.5218,11.7484,73.7788,18.807,73.0764,18.7931,73.1081,4.24739,0.364566,9.93226,31.6862,95.7199,33.1031,1,69,69,46,69,69,9.41242,14.6155,32.1205,91.2378,279,0.046244,0,22.6682,92.5405,11.0585,32.3401
8,2,proposed,clean,mondrian,79.7696,6.1084,4.69916,83.5618,6.11171,83.5487,6.1084,83.5618,1.14783,0.665553,9.87833,7.61993,73.9793,10.3001,1,69,69,46,69,69,7.97756,67.0716,7.97756,67.0716,1043,0.0464515,0,70.1392,70.1392,8.99659,8.99659
8,2,proposed,clean,naive,79.7696,6.1084,4.69916,83.5618,6.11171,83.5487,6.1084,83.5618,1.14783,0.665553,9.87833,7.61993,73.9793,10.3001,1,69,69,46,69,69,7.97756,67.0716,7.97756,67.0716,1043,0.0464515,0,70.1392,70.1392,8.99659,8.99659
8,2,proposed,clean,naiveThr_freshT,79.7696,6.1084,4.69916,83.5618,6.11171,83.5487,6.1084,83.5618,1.14783,0.665553,9.87833,7.61993,73.9793,10.3001,1,69,69,46,69,69,7.97756,67.0716,7.97756,67.0716,1043,0.0464515,0,70.1392,70.1392,8.99659,8.99659
8,2,proposed,dropB10,mondrian,78.5412,6.89153,5.17833,82.9366,6.89779,82.9163,6.89199,82.9353,1.16922,0.640278,9.99798,8.17717,73.463,11.131,1,69,69,46,69,69,7.97041,63.8426,8.36674,65.05,1029,0.0436612,0,67.3338,67.8453,9.10551,9.25098
8,2,proposed,dropB10,naive,78.5412,6.89153,5.17833,82.9366,6.89779,82.9163,6.89199,82.9353,1.14783,0.665553,9.87833,7.50797,71.5732,10.4899,1,69,69,46,69,69,7.97041,63.8426,8.36674,65.05,1029,0.0436612,0,67.3338,67.8453,9.10551,9.25098
8,2,proposed,dropB10,naiveThr_freshT,78.5412,6.89153,5.17833,82.9366,6.89779,82.9163,6.89199,82.9353,1.16922,0.659664,9.87917,7.50688,71.5569,10.4908,1,69,69,46,69,69,7.97041,63.8426,8.36674,65.05,1029,0.0436612,0,67.3338,67.8453,9.10551,9.25098
8,2,proposed,dropB1B9B10,mondrian,76.1257,8.2328,6.09647,82.1372,8.23637,82.1076,8.23309,82.1314,1.21369,0.653103,9.94036,8.0413,69.0634,11.6434,1,69,69,46,69,69,8.41873,58.4203,9.66622,63.0365,715,0.0587611,0,62.8405,65.9101,9.60604,10.5283
8,2,proposed,dropB1B9B10,naive,76.1257,8.2328,6.09647,82.1372,8.23637,82.1076,8.23309,82.1314,1.14783,0.665553,9.87833,8.27971,69.6971,11.8796,1,69,69,46,69,69,8.41873,58.4203,9.66622,63.0365,715,0.0587611,0,62.8405,65.9101,9.60604,10.5283
8,2,proposed,dropB1B9B10,naiveThr_freshT,76.1257,8.2328,6.09647,82.1372,8.23637,82.1076,8.23309,82.1314,1.21369,0.648241,9.88286,8.21848,69.5558,11.8157,1,69,69,46,69,69,8.41873,58.4203,9.66622,63.0365,715,0.0587611,0,62.8405,65.9101,9.60604,10.5283
8,2,proposed,L2A_real,mondrian,68.5108,21.4954,12.4038,65.4861,20.9416,65.9182,20.9879,65.8861,3.17411,0.743085,9.93631,8.80217,43.4225,20.271,1,69,69,46,69,69,10.1626,1.99459,29.2449,90.6764,53,0.0400366,0,3.11959,91.7182,13.0171,29.466
8,2,proposed,L2A_real,naive,68.5108,21.4954,12.4038,65.4861,20.9416,65.9182,20.9879,65.8861,1.14783,0.665553,9.87833,27.6,93.1004,29.6454,1,69,69,46,69,69,10.1626,1.99459,29.2449,90.6764,53,0.0400366,0,3.11959,91.7182,13.0171,29.466
8,2,proposed,L2A_real,naiveThr_freshT,68.5108,21.4954,12.4038,65.4861,20.9416,65.9182,20.9879,65.8861,3.17411,0.421619,9.91262,27.7384,93.5757,29.6427,1,69,69,46,69,69,10.1626,1.99459,29.2449,90.6764,53,0.0400366,0,3.11959,91.7182,13.0171,29.466
8,2,b2,clean,mondrian,79.1115,6.66945,5.0367,82.7235,6.6754,82.7034,6.66945,82.7235,1.14911,0.651124,9.95131,7.36812,72.1663,10.2099,1,69,69,46,69,69,7.94333,64.1027,7.94333,64.1027,934,0.0495541,0,67.3973,67.3973,8.86534,8.86534
8,2,b2,clean,naive,79.1115,6.66945,5.0367,82.7235,6.6754,82.7034,6.66945,82.7235,1.14911,0.651124,9.95131,7.36812,72.1663,10.2099,1,69,69,46,69,69,7.94333,64.1027,7.94333,64.1027,934,0.0495541,0,67.3973,67.3973,8.86534,8.86534
8,2,b2,clean,naiveThr_freshT,79.1115,6.66945,5.0367,82.7235,6.6754,82.7034,6.66945,82.7235,1.14911,0.651124,9.95131,7.36812,72.1663,10.2099,1,69,69,46,69,69,7.94333,64.1027,7.94333,64.1027,934,0.0495541,0,67.3973,67.3973,8.86534,8.86534
8,2,b2,dropB10,mondrian,76.9574,7.80657,5.81887,82.1576,7.80659,82.1602,7.80768,82.1487,1.05074,0.650137,9.93143,8.0942,69.9442,11.5724,1,69,69,46,69,69,7.9657,58.9351,7.98917,58.8804,894,0.0465097,0,62.2027,61.823,9.02346,8.94118
8,2,b2,dropB10,naive,76.9574,7.80657,5.81887,82.1576,7.80659,82.1602,7.80768,82.1487,1.14911,0.651124,9.95131,7.04348,66.7449,10.5528,1,69,69,46,69,69,7.9657,58.9351,7.98917,58.8804,894,0.0465097,0,62.2027,61.823,9.02346,8.94118
8,2,b2,dropB10,naiveThr_freshT,76.9574,7.80657,5.81887,82.1576,7.80659,82.1602,7.80768,82.1487,1.05074,0.679773,9.95476,7.10145,66.9634,10.605,1,69,69,46,69,69,7.9657,58.9351,7.98917,58.8804,894,0.0465097,0,62.2027,61.823,9.02346,8.94118
8,2,b2,dropB1B9B10,mondrian,75.3324,9.07888,6.617,80.7645,9.07852,80.7659,9.08175,80.7539,1.0247,0.651463,9.89333,8.09058,66.713,12.1274,1,69,69,46,69,69,8.77525,53.552,8.74747,53.4054,761,0.049558,0,58.7655,57.1264,9.68346,9.4066
8,2,b2,dropB1B9B10,naive,75.3324,9.07888,6.617,80.7645,9.07852,80.7659,9.08175,80.7539,1.14911,0.651124,9.95131,6.7721,62.242,10.8803,1,69,69,46,69,69,8.77525,53.552,8.74747,53.4054,761,0.049558,0,58.7655,57.1264,9.68346,9.4066
8,2,b2,dropB1B9B10,naiveThr_freshT,75.3324,9.07888,6.617,80.7645,9.07852,80.7659,9.08175,80.7539,1.0247,0.687879,9.95286,6.87572,62.6634,10.9725,1,69,69,46,69,69,8.77525,53.552,8.74747,53.4054,761,0.049558,0,58.7655,57.1264,9.68346,9.4066
8,2,b2,L2A_real,mondrian,63.1635,23.9286,13.8478,69.6437,24.2837,68.538,24.218,68.6432,4.88529,0.711,9.95071,8.86304,43.7261,20.2695,1,69,69,46,69,69,nan,0,35.2112,93.1791,1,0.0454929,1,0.183108,93.9959,8.85609,35.4242
8,2,b2,L2A_real,naive,63.1635,23.9286,13.8478,69.6437,24.2837,68.538,24.218,68.6432,1.14911,0.651124,9.95131,33.9366,95.2062,35.6454,1,69,69,46,69,69,nan,0,35.2112,93.1791,1,0.0454929,1,0.183108,93.9959,8.85609,35.4242
8,2,b2,L2A_real,naiveThr_freshT,63.1635,23.9286,13.8478,69.6437,24.2837,68.538,24.218,68.6432,4.88529,0.353401,9.97893,35.2138,97.5543,36.0966,1,69,69,46,69,69,nan,0,35.2112,93.1791,1,0.0454929,1,0.183108,93.9959,8.85609,35.4242
9,0,proposed,clean,mondrian,80.1567,6.05697,4.61372,83.3716,6.0614,83.3522,6.05697,83.3716,1.06414,0.659445,9.96071,7.97814,76.294,10.4571,1,69,69,46,69,69,8.34963,68.53,8.34963,68.53,848,0.0562489,0,71.3187,71.3187,9.14487,9.14487
9,0,proposed,clean,naive,80.1567,6.05697,4.61372,83.3716,6.0614,83.3522,6.05697,83.3716,1.06414,0.659445,9.96071,7.97814,76.294,10.4571,1,69,69,46,69,69,8.34963,68.53,8.34963,68.53,848,0.0562489,0,71.3187,71.3187,9.14487,9.14487
9,0,proposed,clean,naiveThr_freshT,80.1567,6.05697,4.61372,83.3716,6.0614,83.3522,6.05697,83.3716,1.06414,0.659445,9.96071,7.97814,76.294,10.4571,1,69,69,46,69,69,8.34963,68.53,8.34963,68.53,848,0.0562489,0,71.3187,71.3187,9.14487,9.14487
9,0,proposed,dropB10,mondrian,78.6587,6.85335,5.13112,82.9998,6.85661,82.9844,6.85417,82.9957,1.09391,0.659708,9.88607,8.22089,74.5095,11.0333,1,69,69,46,69,69,7.96655,64.1767,9.0275,68.1473,858,0.051196,0,67.6347,70.8353,8.87513,9.80961
9,0,proposed,dropB10,naive,78.6587,6.85335,5.13112,82.9998,6.85661,82.9844,6.85417,82.9957,1.06414,0.659445,9.96071,8.52295,75.2943,11.3195,1,69,69,46,69,69,7.96655,64.1767,9.0275,68.1473,858,0.051196,0,67.6347,70.8353,8.87513,9.80961
9,0,proposed,dropB10,naiveThr_freshT,78.6587,6.85335,5.13112,82.9998,6.85661,82.9844,6.85417,82.9957,1.09391,0.651194,9.95571,8.50072,75.244,11.2976,1,69,69,46,69,69,7.96655,64.1767,9.0275,68.1473,858,0.051196,0,67.6347,70.8353,8.87513,9.80961
9,0,proposed,dropB1B9B10,mondrian,76.3333,8.5064,6.19668,81.2016,8.51255,81.1759,8.5096,81.1875,1.19123,0.652485,9.91571,9.3215,72.3018,12.8925,1,69,69,46,69,69,9.24313,59.5613,11.4404,67.5327,813,0.0518145,0,63.4987,70.0533,10.27,12.2174
9,0,proposed,dropB1B9B10,naive,76.3333,8.5064,6.19668,81.2016,8.51255,81.1759,8.5096,81.1875,1.06414,0.659445,9.96071,10.3533,75.0376,13.7974,1,69,69,46,69,69,9.24313,59.5613,11.4404,67.5327,813,0.0518145,0,63.4987,70.0533,10.27,12.2174
9,0,proposed,dropB1B9B10,naiveThr_freshT,76.3333,8.5064,6.19668,81.2016,8.51255,81.1759,8.5096,81.1875,1.19123,0.62657,9.9475,10.2337,74.7711,13.6867,1,69,69,46,69,69,9.24313,59.5613,11.4404,67.5327,813,0.0518145,0,63.4987,70.0533,10.27,12.2174
9,0,proposed,L2A_real,mondrian,67.1573,18.289,11.4605,72.4924,19.3845,71.0848,19.3206,71.1703,2.89182,0.729935,9.99857,8.8157,50.2599,17.5402,1,69,69,46,69,69,6.75205,4.78867,30.377,90.2547,80,0.0536785,0,7.71467,91.5327,8.92672,30.6827
9,0,proposed,L2A_real,naive,67.1573,18.289,11.4605,72.4924,19.3845,71.0848,19.3206,71.1703,1.06414,0.659445,9.96071,29.5481,93.69,31.5381,1,69,69,46,69,69,6.75205,4.78867,30.377,90.2547,80,0.0536785,0,7.71467,91.5327,8.92672,30.6827
9,0,proposed,L2A_real,naiveThr_freshT,67.1573,18.289,11.4605,72.4924,19.3845,71.0848,19.3206,71.1703,2.89182,0.424556,9.925,30.5128,95.7405,31.8703,1,69,69,46,69,69,6.75205,4.78867,30.377,90.2547,80,0.0536785,0,7.71467,91.5327,8.92672,30.6827
9,0,b2,clean,mondrian,78.598,6.84878,5.20876,82.6505,6.8489,82.6469,6.84878,82.6505,1.06547,0.674863,9.95607,7.89553,72.6205,10.8723,1,69,69,46,69,69,8.43652,64.3393,8.43652,64.3393,860,0.0519056,0,66.87,66.87,9.19595,9.19595
9,0,b2,clean,naive,78.598,6.84878,5.20876,82.6505,6.8489,82.6469,6.84878,82.6505,1.06547,0.674863,9.95607,7.89553,72.6205,10.8723,1,69,69,46,69,69,8.43652,64.3393,8.43652,64.3393,860,0.0519056,0,66.87,66.87,9.19595,9.19595
9,0,b2,clean,naiveThr_freshT,78.598,6.84878,5.20876,82.6505,6.8489,82.6469,6.84878,82.6505,1.06547,0.674863,9.95607,7.89553,72.6205,10.8723,1,69,69,46,69,69,8.43652,64.3393,8.43652,64.3393,860,0.0519056,0,66.87,66.87,9.19595,9.19595
9,0,b2,dropB10,mondrian,76.696,8.09362,5.99871,81.6304,8.09662,81.6202,8.09234,81.6347,1.04433,0.67421,9.97893,7.63527,68.6013,11.1299,1,69,69,46,69,69,7.77683,56.124,8.30294,58.5013,751,0.0533238,0,59.5113,61.5487,8.53955,9.06925
9,0,b2,dropB10,naive,76.696,8.09362,5.99871,81.6304,8.09662,81.6202,8.09234,81.6347,1.06547,0.674863,9.95607,7.38768,67.8479,10.8886,1,69,69,46,69,69,7.77683,56.124,8.30294,58.5013,751,0.0533238,0,59.5113,61.5487,8.53955,9.06925
9,0,b2,dropB10,naiveThr_freshT,76.696,8.09362,5.99871,81.6304,8.09662,81.6202,8.09234,81.6347,1.04433,0.681209,9.96179,7.40616,67.9005,10.9074,1,69,69,46,69,69,7.77683,56.124,8.30294,58.5013,751,0.0533238,0,59.5113,61.5487,8.53955,9.06925
9,0,b2,dropB1B9B10,mondrian,75.178,9.25039,6.69636,80.6244,9.24756,80.6315,9.24728,80.6312,0.883238,0.674928,9.97464,7.87077,66.0698,11.9128,1,69,69,46,69,69,8.53632,51.81,7.68838,48.272,713,0.0536839,0,55.648,51.2187,9.29294,8.38236
9,0,b2,dropB1B9B10,naive,75.178,9.25039,6.69636,80.6244,9.24756,80.6315,9.24728,80.6312,1.06547,0.674863,9.95607,5.87572,59.0135,9.95657,1,69,69,46,69,69,8.53632,51.81,7.68838,48.272,713,0.0536839,0,55.648,51.2187,9.29294,8.38236
9,0,b2,dropB1B9B10,naiveThr_freshT,75.178,9.25039,6.69636,80.6244,9.24756,80.6315,9.24728,80.6312,0.883238,0.735069,9.945,6.04444,59.6252,10.1374,1,69,69,46,69,69,8.53632,51.81,7.68838,48.272,713,0.0536839,0,55.648,51.2187,9.29294,8.38236
9,0,b2,L2A_real,mondrian,62.746,24.7495,13.9681,69.9314,24.2174,69.8903,24.2114,69.9188,3.84616,0.717818,9.98393,9.83225,45.4647,21.6261,1,69,69,46,69,69,nan,0,34.314,89.466,1,0.0498687,1,0.004,90.6087,0,34.6494
9,0,b2,L2A_real,naive,62.746,24.7495,13.9681,69.9314,24.2174,69.8903,24.2114,69.9188,1.06547,0.674863,9.95607,33.488,93.0539,35.9878,1,69,69,46,69,69,nan,0,34.314,89.466,1,0.0498687,1,0.004,90.6087,0,34.6494
9,0,b2,L2A_real,naiveThr_freshT,62.746,24.7495,13.9681,69.9314,24.2174,69.8903,24.2114,69.9188,3.84616,0.381994,9.94036,35.2114,96.1822,36.609,1,69,69,46,69,69,nan,0,34.314,89.466,1,0.0498687,1,0.004,90.6087,0,34.6494
9,1,proposed,clean,mondrian,79.8993,6.24446,4.74567,83.0301,6.23526,83.0597,6.24446,83.0301,1.11156,0.656701,9.91036,8.64589,77.1407,11.208,1,69,69,46,69,69,9.02448,70.0687,9.02448,70.0687,900,0.0532463,0,72.7527,72.7527,9.78292,9.78292
9,1,proposed,clean,naive,79.8993,6.24446,4.74567,83.0301,6.23526,83.0597,6.24446,83.0301,1.11156,0.656701,9.91036,8.64589,77.1407,11.208,1,69,69,46,69,69,9.02448,70.0687,9.02448,70.0687,900,0.0532463,0,72.7527,72.7527,9.78292,9.78292
9,1,proposed,clean,naiveThr_freshT,79.8993,6.24446,4.74567,83.0301,6.23526,83.0597,6.24446,83.0301,1.11156,0.656701,9.91036,8.64589,77.1407,11.208,1,69,69,46,69,69,9.02448,70.0687,9.02448,70.0687,900,0.0532463,0,72.7527,72.7527,9.78292,9.78292
9,1,proposed,dropB10,mondrian,78.872,7.01995,5.21726,82.0858,7.01629,82.0986,7.02071,82.0832,1.09606,0.66623,9.98821,8.56244,74.8162,11.4446,1,69,69,46,69,69,8.13476,63.202,9.41988,68.0547,752,0.0586656,0,67.432,70.786,9.24586,10.1932
9,1,proposed,dropB10,naive,78.872,7.01995,5.21726,82.0858,7.01629,82.0986,7.02071,82.0832,1.11156,0.656701,9.91036,8.71643,75.267,11.5807,1,69,69,46,69,69,8.13476,63.202,9.41988,68.0547,752,0.0586656,0,67.432,70.786,9.24586,10.1932
9,1,proposed,dropB10,naiveThr_freshT,78.872,7.01995,5.21726,82.0858,7.01629,82.0986,7.02071,82.0832,1.09606,0.660967,9.90964,8.72572,75.3033,11.5874,1,69,69,46,69,69,8.13476,63.202,9.41988,68.0547,752,0.0586656,0,67.432,70.786,9.24586,10.1932
9,1,proposed,dropB1B9B10,mondrian,76.36,8.8551,6.34869,80.3099,8.83513,80.3542,8.8505,80.3204,1.14283,0.671393,9.88143,8.73937,70.0902,12.4687,1,69,69,46,69,69,9.19652,57.558,10.9459,65.1813,750,0.0541724,0,61.2087,67.94,9.99314,11.6956
9,1,proposed,dropB1B9B10,naive,76.36,8.8551,6.34869,80.3099,8.83513,80.3542,8.8505,80.3204,1.11156,0.656701,9.91036,9.59469,72.4601,13.2413,1,69,69,46,69,69,9.19652,57.558,10.9459,65.1813,750,0.0541724,0,61.2087,67.94,9.99314,11.6956
9,1,proposed,dropB1B9B10,naiveThr_freshT,76.36,8.8551,6.34869,80.3099,8.83513,80.3542,8.8505,80.3204,1.14283,0.64841,9.90679,9.58261,72.4006,13.2355,1,69,69,46,69,69,9.19652,57.558,10.9459,65.1813,750,0.0541724,0,61.2087,67.94,9.99314,11.6956
9,1,proposed,L2A_real,mondrian,67.3987,19.1747,11.6214,71.2961,18.6557,72.2795,18.6708,72.2474,3.34403,0.706543,9.9225,9.02959,49.8528,18.1125,1,69,69,46,69,69,7.03077,5.39533,30.189,91.6913,107,0.0418851,0,7.49333,92.706,9.37722,30.5618
9,1,proposed,L2A_real,naive,67.3987,19.1747,11.6214,71.2961,18.6557,72.2795,18.6708,72.2474,1.11156,0.656701,9.91036,29.3685,94.0651,31.2214,1,69,69,46,69,69,7.03077,5.39533,30.189,91.6913,107,0.0418851,0,7.49333,92.706,9.37722,30.5618
9,1,proposed,L2A_real,naiveThr_freshT,67.3987,19.1747,11.6214,71.2961,18.6557,72.2795,18.6708,72.2474,3.34403,0.405508,9.95321,30.6257,96.7004,31.6707,1,69,69,46,69,69,7.03077,5.39533,30.189,91.6913,107,0.0418851,0,7.49333,92.706,9.37722,30.5618
9,1,b2,clean,mondrian,79.1467,6.81966,5.09633,82.2963,6.81966,82.2963,6.81966,82.2963,1.00004,0.685596,9.91679,8.06244,73.9808,10.898,1,69,69,46,69,69,8.80463,66.306,8.80463,66.306,920,0.0494572,0,68.9587,68.9587,9.46654,9.46654
9,1,b2,clean,naive,79.1467,6.81966,5.09633,82.2963,6.81966,82.2963,6.81966,82.2963,1.00004,0.685596,9.91679,8.06244,73.9808,10.898,1,69,69,46,69,69,8.80463,66.306,8.80463,66.306,920,0.0494572,0,68.9587,68.9587,9.46654,9.46654
9,1,b2,clean,naiveThr_freshT,79.1467,6.81966,5.09633,82.2963,6.81966,82.2963,6.81966,82.2963,1.00004,0.685596,9.91679,8.06244,73.9808,10.898,1,69,69,46,69,69,8.80463,66.306,8.80463,66.306,920,0.0494572,0,68.9587,68.9587,9.46654,9.46654
9,1,b2,dropB10,mondrian,76.9173,8.28937,6.01857,81.1066,8.28897,81.1095,8.28896,81.1095,0.965661,0.670332,9.95357,8.2442,70.3332,11.7216,1,69,69,46,69,69,8.46582,57.5727,8.8092,58.84,797,0.0500161,0,61.6493,61.796,9.51619,9.56373
9,1,b2,dropB10,naive,76.9173,8.28937,6.01857,81.1066,8.28897,81.1095,8.28896,81.1095,1.00004,0.685596,9.91679,7.3192,67.4742,10.8474,1,69,69,46,69,69,8.46582,57.5727,8.8092,58.84,797,0.0500161,0,61.6493,61.796,9.51619,9.56373
9,1,b2,dropB10,naiveThr_freshT,76.9173,8.28937,6.01857,81.1066,8.28897,81.1095,8.28896,81.1095,0.965661,0.696726,9.91679,7.35918,67.6011,10.8862,1,69,69,46,69,69,8.46582,57.5727,8.8092,58.84,797,0.0500161,0,61.6493,61.796,9.51619,9.56373
9,1,b2,dropB1B9B10,mondrian,75.2233,9.24557,6.67615,80.6487,9.24184,80.657,9.24184,80.657,0.876381,0.673654,9.93179,8.25181,67.8361,12.1643,1,69,69,46,69,69,8.71078,54.0327,8.07008,50.9867,784,0.0509976,0,58.3407,53.76,9.41939,8.65699
9,1,b2,dropB1B9B10,naive,75.2233,9.24557,6.67615,80.6487,9.24184,80.657,9.24184,80.657,1.00004,0.685596,9.91679,6.04505,61.0598,9.90021,1,69,69,46,69,69,8.71078,54.0327,8.07008,50.9867,784,0.0509976,0,58.3407,53.76,9.41939,8.65699
9,1,b2,dropB1B9B10,naiveThr_freshT,75.2233,9.24557,6.67615,80.6487,9.24184,80.657,9.24184,80.657,0.876381,0.728008,9.90393,6.20254,61.5449,10.0781,1,69,69,46,69,69,8.71078,54.0327,8.07008,50.9867,784,0.0509976,0,58.3407,53.76,9.41939,8.65699
9,1,b2,L2A_real,mondrian,65.508,19.5632,12.2772,71.9914,19.6301,71.7355,19.6301,71.7355,4.00507,0.745177,9.90643,7.91643,45.8822,17.2538,1,69,69,46,69,69,4.81928,2.21333,32.0891,90.9633,58,0.0525411,0,4.916,92.0967,7.33659,32.3834
9,1,b2,L2A_real,naive,65.508,19.5632,12.2772,71.9914,19.6301,71.7355,19.6301,71.7355,1.00004,0.685596,9.91679,31.4296,94.0281,33.4257,1,69,69,46,69,69,4.81928,2.21333,32.0891,90.9633,58,0.0525411,0,4.916,92.0967,7.33659,32.3834
9,1,b2,L2A_real,naiveThr_freshT,65.508,19.5632,12.2772,71.9914,19.6301,71.7355,19.6301,71.7355,4.00507,0.372097,9.88714,32.5068,95.9876,33.8656,1,69,69,46,69,69,4.81928,2.21333,32.0891,90.9633,58,0.0525411,0,4.916,92.0967,7.33659,32.3834
9,2,proposed,clean,mondrian,79.9253,6.04801,4.62425,83.7379,6.05563,83.7043,6.04801,83.7379,1.08716,0.687682,9.895,7.28527,74.4542,9.78489,1,69,69,46,69,69,7.71194,66.8573,7.71194,66.8573,926,0.0503999,0,69.442,69.442,8.3907,8.3907
9,2,proposed,clean,naive,79.9253,6.04801,4.62425,83.7379,6.05563,83.7043,6.04801,83.7379,1.08716,0.687682,9.895,7.28527,74.4542,9.78489,1,69,69,46,69,69,7.71194,66.8573,7.71194,66.8573,926,0.0503999,0,69.442,69.442,8.3907,8.3907
9,2,proposed,clean,naiveThr_freshT,79.9253,6.04801,4.62425,83.7379,6.05563,83.7043,6.04801,83.7379,1.08716,0.687682,9.895,7.28527,74.4542,9.78489,1,69,69,46,69,69,7.71194,66.8573,7.71194,66.8573,926,0.0503999,0,69.442,69.442,8.3907,8.3907
9,2,proposed,dropB10,mondrian,78.22,7.03129,5.27812,82.9411,7.03769,82.9193,7.03169,82.9398,1.09409,0.674197,9.8775,8.01727,73.0694,10.9721,1,69,69,46,69,69,7.95365,62.772,8.48952,64.7387,893,0.0488171,0,66.1633,67.1267,8.90423,9.1598
9,2,proposed,dropB10,naive,78.22,7.03129,5.27812,82.9411,7.03769,82.9193,7.03169,82.9398,1.08716,0.687682,9.895,7.66449,72.015,10.6429,1,69,69,46,69,69,7.95365,62.772,8.48952,64.7387,893,0.0488171,0,66.1633,67.1267,8.90423,9.1598
9,2,proposed,dropB10,naiveThr_freshT,78.22,7.03129,5.27812,82.9411,7.03769,82.9193,7.03169,82.9398,1.09409,0.685724,9.89429,7.65435,71.9954,10.6317,1,69,69,46,69,69,7.95365,62.772,8.48952,64.7387,893,0.0488171,0,66.1633,67.1267,8.90423,9.1598
9,2,proposed,dropB1B9B10,mondrian,76.0353,8.46166,6.20298,81.7175,8.47255,81.6773,8.46569,81.7026,1.15043,0.676613,9.91464,8.2535,69.7004,11.8414,1,69,69,46,69,69,8.866,59.1473,9.72654,62.6053,743,0.0560288,0,62.4727,65.37,9.69491,10.437
9,2,proposed,dropB1B9B10,naive,76.0353,8.46166,6.20298,81.7175,8.47255,81.6773,8.46569,81.7026,1.08716,0.687682,9.895,8.54481,70.4713,12.1252,1,69,69,46,69,69,8.866,59.1473,9.72654,62.6053,743,0.0560288,0,62.4727,65.37,9.69491,10.437
9,2,proposed,dropB1B9B10,naiveThr_freshT,76.0353,8.46166,6.20298,81.7175,8.47255,81.6773,8.46569,81.7026,1.15043,0.670088,9.89286,8.49577,70.374,12.0723,1,69,69,46,69,69,8.866,59.1473,9.72654,62.6053,743,0.0560288,0,62.4727,65.37,9.69491,10.437
9,2,proposed,L2A_real,mondrian,68.1307,21.7017,12.4581,66.012,21.22,66.3525,21.2426,66.3424,3.21767,0.738067,9.92714,8.80314,42.6552,20.6379,1,69,69,46,69,69,8.33672,1.63933,29.167,89.56,35,0.0389098,0,2.86133,90.5873,13.2106,29.4088
9,2,proposed,L2A_real,naive,68.1307,21.7017,12.4581,66.012,21.22,66.3525,21.2426,66.3424,1.08716,0.687682,9.895,27.8664,92.4936,30.1279,1,69,69,46,69,69,8.33672,1.63933,29.167,89.56,35,0.0389098,0,2.86133,90.5873,13.2106,29.4088
9,2,proposed,L2A_real,naiveThr_freshT,68.1307,21.7017,12.4581,66.012,21.22,66.3525,21.2426,66.3424,3.21767,0.421445,9.99571,28.0938,93.0344,30.1973,1,69,69,46,69,69,8.33672,1.63933,29.167,89.56,35,0.0389098,0,2.86133,90.5873,13.2106,29.4088
9,2,b2,clean,mondrian,79.018,6.80677,5.1357,82.3011,6.80859,82.2957,6.80677,82.3011,1.06054,0.675757,9.95607,7.92621,73.2074,10.8271,1,69,69,46,69,69,8.64714,65.062,8.64714,65.062,860,0.0522315,0,67.542,67.542,9.32753,9.32753
9,2,b2,clean,naive,79.018,6.80677,5.1357,82.3011,6.80859,82.2957,6.80677,82.3011,1.06054,0.675757,9.95607,7.92621,73.2074,10.8271,1,69,69,46,69,69,8.64714,65.062,8.64714,65.062,860,0.0522315,0,67.542,67.542,9.32753,9.32753
9,2,b2,clean,naiveThr_freshT,79.018,6.80677,5.1357,82.3011,6.80859,82.2957,6.80677,82.3011,1.06054,0.675757,9.95607,7.92621,73.2074,10.8271,1,69,69,46,69,69,8.64714,65.062,8.64714,65.062,860,0.0522315,0,67.542,67.542,9.32753,9.32753
9,2,b2,dropB10,mondrian,76.242,8.13397,6.02976,82.2925,8.13443,82.292,8.1321,82.2938,1.01005,0.665366,9.94071,8.37415,70.9482,11.8032,1,69,69,46,69,69,8.06411,58.192,8.16201,58.5967,752,0.0545208,0,62.2767,61.4913,9.15164,8.94435
9,2,b2,dropB10,naive,76.242,8.13397,6.02976,82.2925,8.13443,82.292,8.1321,82.2938,1.06054,0.675757,9.95607,7.30676,68.0001,10.7452,1,69,69,46,69,69,8.06411,58.192,8.16201,58.5967,752,0.0545208,0,62.2767,61.4913,9.15164,8.94435
9,2,b2,dropB10,naiveThr_freshT,76.242,8.13397,6.02976,82.2925,8.13443,82.292,8.1321,82.2938,1.01005,0.691224,9.94643,7.34167,68.1318,10.7757,1,69,69,46,69,69,8.06411,58.192,8.16201,58.5967,752,0.0545208,0,62.2767,61.4913,9.15164,8.94435
9,2,b2,dropB1B9B10,mondrian,74.454,9.63945,7.00622,80.32,9.63962,80.315,9.64027,80.3081,0.950592,0.683467,9.925,8.68696,67.2393,12.9195,1,69,69,46,69,69,8.64732,50.852,9.26464,53.4433,701,0.0523646,0,55.124,56.3467,9.66911,9.95031
9,2,b2,dropB1B9B10,naive,74.454,9.63945,7.00622,80.32,9.63962,80.315,9.64027,80.3081,1.06054,0.675757,9.95607,7.51111,63.9754,11.7406,1,69,69,46,69,69,8.64732,50.852,9.26464,53.4433,701,0.0523646,0,55.124,56.3467,9.66911,9.95031
9,2,b2,dropB1B9B10,naiveThr_freshT,74.454,9.63945,7.00622,80.32,9.63962,80.315,9.64027,80.3081,0.950592,0.710733,9.94714,7.64372,64.3717,11.8743,1,69,69,46,69,69,8.64732,50.852,9.26464,53.4433,701,0.0523646,0,55.124,56.3467,9.66911,9.95031
9,2,b2,L2A_real,mondrian,62.796,27.1637,14.6646,66.8538,27.2158,66.4829,27.1948,66.5139,4.52343,0.751128,9.96107,8.77766,39.8597,22.0214,1,69,69,46,69,69,nan,0,35.3828,92.152,3,0.0534248,1,0.132,92.894,82.3232,35.5631
9,2,b2,L2A_real,naive,62.796,27.1637,14.6646,66.8538,27.2158,66.4829,27.1948,66.5139,1.06054,0.675757,9.95607,34.5408,94.6273,36.502,1,69,69,46,69,69,nan,0,35.3828,92.152,3,0.0534248,1,0.132,92.894,82.3232,35.5631
9,2,b2,L2A_real,naiveThr_freshT,62.796,27.1637,14.6646,66.8538,27.2158,66.4829,27.1948,66.5139,4.52343,0.362764,9.96214,35.6813,96.7877,36.8655,1,69,69,46,69,69,nan,0,35.3828,92.152,3,0.0534248,1,0.132,92.894,82.3232,35.5631
