acc_ce,acc_pixel,arm,cls,cls_cov,cls_joint,cls_sel,cov_ce,cov_pp,f1,iou,joint_ce,joint_pp,miou,oa,pa,scope,seed,sel_ce,sel_pp,split,state,support,thr,ua
78.97439613526569,78.86917808219178,naive,ALL,,,,78.91195652173913,78.82671232876713,,,10.261956521739128,10.261643835616438,52.712142298803464,78.86917808219178,,overall,0,13.004311354150882,13.017977703824062,0,clean,,0.6175041465198292,
78.97439613526569,78.86917808219178,naive,clear,88.09777837801337,2.441758390168141,2.771645818003434,78.91195652173913,78.82671232876713,86.03976517708418,75.49981386997176,10.261956521739128,10.261643835616438,52.712142298803464,78.86917808219178,93.12850293740294,perclass,0,13.004311354150882,13.017977703824062,0,clean,74045,0.6175041465198292,79.9538529323099
78.97439613526569,78.86917808219178,naive,thick cloud,75.44241825368307,9.910618038088394,13.136665376715387,78.91195652173913,78.82671232876713,81.93375111906893,69.39642098877768,10.261956521739128,10.261643835616438,52.712142298803464,78.86917808219178,77.07509881422925,perclass,0,13.004311354150882,13.017977703824062,0,clean,44528,0.6175041465198292,87.44617422987744
78.97439613526569,78.86917808219178,naive,thin cloud,55.23539823008849,28.41061946902655,51.43552935144835,78.91195652173913,78.82671232876713,49.07029817800891,32.512022210103616,10.261956521739128,10.261643835616438,52.712142298803464,78.86917808219178,46.4283185840708,perclass,0,13.004311354150882,13.017977703824062,0,clean,14125,0.6175041465198292,52.031101237702316
78.97439613526569,78.86917808219178,naive,cloud shadow,63.59945872801083,35.69388061945572,56.12293144208038,78.91195652173913,78.82671232876713,50.12025465692055,33.44031212636083,10.261956521739128,10.261643835616438,52.712142298803464,78.86917808219178,39.94887986768907,perclass,0,13.004311354150882,13.017977703824062,0,clean,13302,0.6175041465198292,67.24028849803872
78.97439613526569,78.86917808219178,mondrian,ALL,,,,78.91195652173913,78.82671232876713,,,10.261956521739128,10.261643835616438,52.712142298803464,78.86917808219178,,overall,0,13.004311354150882,13.017977703824062,0,clean,,0.6175041465198292,
78.97439613526569,78.86917808219178,mondrian,clear,88.09777837801337,2.441758390168141,2.771645818003434,78.91195652173913,78.82671232876713,86.03976517708418,75.49981386997176,10.261956521739128,10.261643835616438,52.712142298803464,78.86917808219178,93.12850293740294,perclass,0,13.004311354150882,13.017977703824062,0,clean,74045,0.6175041465198292,79.9538529323099
78.97439613526569,78.86917808219178,mondrian,thick cloud,75.44241825368307,9.910618038088394,13.136665376715387,78.91195652173913,78.82671232876713,81.93375111906893,69.39642098877768,10.261956521739128,10.261643835616438,52.712142298803464,78.86917808219178,77.07509881422925,perclass,0,13.004311354150882,13.017977703824062,0,clean,44528,0.6175041465198292,87.44617422987744
78.97439613526569,78.86917808219178,mondrian,thin cloud,55.23539823008849,28.41061946902655,51.43552935144835,78.91195652173913,78.82671232876713,49.07029817800891,32.512022210103616,10.261956521739128,10.261643835616438,52.712142298803464,78.86917808219178,46.4283185840708,perclass,0,13.004311354150882,13.017977703824062,0,clean,14125,0.6175041465198292,52.031101237702316
78.97439613526569,78.86917808219178,mondrian,cloud shadow,63.59945872801083,35.69388061945572,56.12293144208038,78.91195652173913,78.82671232876713,50.12025465692055,33.44031212636083,10.261956521739128,10.261643835616438,52.712142298803464,78.86917808219178,39.94887986768907,perclass,0,13.004311354150882,13.017977703824062,0,clean,13302,0.6175041465198292,67.24028849803872
67.54227053140094,67.80342465753425,naive,ALL,,,,93.62222222222222,93.51438356164383,,,28.80748792270531,28.493150684931507,29.559097647160414,67.80342465753425,,overall,0,30.769925386226895,30.469270715075698,0,L2A,,0.6175041465198292,
67.54227053140094,67.80342465753425,naive,clear,97.24356810047944,0.6685123911135121,0.6874618076773513,93.62222222222222,93.51438356164383,76.73783541567822,62.25579087829747,28.80748792270531,28.493150684931507,29.559097647160414,67.80342465753425,98.29428050509826,perclass,0,30.769925386226895,30.469270715075698,0,L2A,74045,0.6175041465198292,62.93570841800338
67.54227053140094,67.80342465753425,naive,thick cloud,88.54204096298957,35.97960833632771,40.635621163699085,93.62222222222222,93.51438356164383,70.57179299302558,54.525821399366784,28.80748792270531,28.493150684931507,29.559097647160414,67.80342465753425,58.40145526410348,perclass,0,30.769925386226895,30.469270715075698,0,L2A,44528,0.6175041465198292,89.14981145011998
67.54227053140094,67.80342465753425,naive,thin cloud,89.33097345132744,89.33097345132744,100.0,93.62222222222222,93.51438356164383,1.0529232474369632,0.5292479108635098,28.80748792270531,28.493150684931507,29.559097647160414,67.80342465753425,0.5380530973451327,perclass,0,30.769925386226895,30.469270715075698,0,L2A,14125,0.6175041465198292,24.437299035369776
67.54227053140094,67.80342465753425,naive,cloud shadow,93.84303112313937,93.71523079236205,99.86381478811182,93.62222222222222,93.51438356164383,1.8340857787810385,0.9255304001139114,28.80748792270531,28.493150684931507,29.559097647160414,67.80342465753425,0.9772966471207338,perclass,0,30.769925386226895,30.469270715075698,0,L2A,13302,0.6175041465198292,14.874141876430205
67.54227053140094,67.80342465753425,mondrian,ALL,,,,46.82898550724637,45.871232876712334,,,7.804347826086956,7.496575342465753,29.559097647160414,67.80342465753425,,overall,0,16.66563505818272,16.342650659977302,0,L2A,,0.7380496707617068,
67.54227053140094,67.80342465753425,mondrian,clear,59.23289891282329,0.0013505300830576,0.0022800337444994186,46.82898550724637,45.871232876712334,76.73783541567822,62.25579087829747,7.804347826086956,7.496575342465753,29.559097647160414,67.80342465753425,98.29428050509826,perclass,0,16.66563505818272,16.342650659977302,0,L2A,74045,0.7380496707617068,62.93570841800338
67.54227053140094,67.80342465753425,mondrian,thick cloud,31.842885375494074,4.51401365432986,14.175893927639466,46.82898550724637,45.871232876712334,70.57179299302558,54.525821399366784,7.804347826086956,7.496575342465753,29.559097647160414,67.80342465753425,58.40145526410348,perclass,0,16.66563505818272,16.342650659977302,0,L2A,44528,0.7380496707617068,89.14981145011998
67.54227053140094,67.80342465753425,mondrian,thin cloud,26.541592920353985,26.541592920353985,100.0,46.82898550724637,45.871232876712334,1.0529232474369632,0.5292479108635098,7.804347826086956,7.496575342465753,29.559097647160414,67.80342465753425,0.5380530973451327,perclass,0,16.66563505818272,16.342650659977302,0,L2A,14125,0.7380496707617068,24.437299035369776
67.54227053140094,67.80342465753425,mondrian,cloud shadow,38.97910088708465,38.97910088708465,100.0,46.82898550724637,45.871232876712334,1.8340857787810385,0.9255304001139114,7.804347826086956,7.496575342465753,29.559097647160414,67.80342465753425,0.9772966471207338,perclass,0,16.66563505818272,16.342650659977302,0,L2A,13302,0.7380496707617068,14.874141876430205
79.6177536231884,79.5042372881356,naive,ALL,,,,74.09927536231883,74.09604519774011,,,7.380072463768114,7.457627118644068,54.866264671349384,79.5042372881356,,overall,0,9.95970935975043,10.06481128478841,1,clean,,0.6506401714156657,
79.6177536231884,79.5042372881356,naive,clear,82.48766640024255,2.9903811702450183,3.625246416519095,74.09927536231883,74.09604519774011,86.03811580474428,75.49727385810112,7.380072463768114,7.457627118644068,54.866264671349384,79.5042372881356,89.49370228481658,perclass,0,9.95970935975043,10.06481128478841,1,clean,72566,0.6506401714156657,82.83946680272976
79.6177536231884,79.5042372881356,naive,thick cloud,74.12842343277728,6.794951662398191,9.166459163346612,74.09927536231883,74.09604519774011,83.58393109871898,71.7975893599335,7.380072463768114,7.457627118644068,54.866264671349384,79.5042372881356,79.71435822892873,perclass,0,9.95970935975043,10.06481128478841,1,clean,43341,0.6506401714156657,87.8483523189585
79.6177536231884,79.5042372881356,naive,thin cloud,43.30151695926368,17.964888358615987,41.48789608344814,74.09927536231883,74.09604519774011,48.919342208300705,32.379619551132535,7.380072463768114,7.457627118644068,54.866264671349384,79.5042372881356,53.23845236066133,perclass,0,9.95970935975043,10.06481128478841,1,clean,11734,0.6506401714156657,45.248442706069824
79.6177536231884,79.5042372881356,naive,cloud shadow,56.25761157676051,23.905723905723907,42.493314656819045,74.09927536231883,74.09604519774011,56.92883895131086,39.79057591623037,7.380072463768114,7.457627118644068,54.866264671349384,79.5042372881356,49.000644745325594,perclass,0,9.95970935975043,10.06481128478841,1,clean,13959,0.6506401714156657,67.91778373547811
79.6177536231884,79.5042372881356,mondrian,ALL,,,,74.09927536231883,74.09604519774011,,,7.380072463768114,7.457627118644068,54.866264671349384,79.5042372881356,,overall,0,9.95970935975043,10.06481128478841,1,clean,,0.6506401714156657,
79.6177536231884,79.5042372881356,mondrian,clear,82.48766640024255,2.9903811702450183,3.625246416519095,74.09927536231883,74.09604519774011,86.03811580474428,75.49727385810112,7.380072463768114,7.457627118644068,54.866264671349384,79.5042372881356,89.49370228481658,perclass,0,9.95970935975043,10.06481128478841,1,clean,72566,0.6506401714156657,82.83946680272976
79.6177536231884,79.5042372881356,mondrian,thick cloud,74.12842343277728,6.794951662398191,9.166459163346612,74.09927536231883,74.09604519774011,83.58393109871898,71.7975893599335,7.380072463768114,7.457627118644068,54.866264671349384,79.5042372881356,79.71435822892873,perclass,0,9.95970935975043,10.06481128478841,1,clean,43341,0.6506401714156657,87.8483523189585
79.6177536231884,79.5042372881356,mondrian,thin cloud,43.30151695926368,17.964888358615987,41.48789608344814,74.09927536231883,74.09604519774011,48.919342208300705,32.379619551132535,7.380072463768114,7.457627118644068,54.866264671349384,79.5042372881356,53.23845236066133,perclass,0,9.95970935975043,10.06481128478841,1,clean,11734,0.6506401714156657,45.248442706069824
79.6177536231884,79.5042372881356,mondrian,cloud shadow,56.25761157676051,23.905723905723907,42.493314656819045,74.09927536231883,74.09604519774011,56.92883895131086,39.79057591623037,7.380072463768114,7.457627118644068,54.866264671349384,79.5042372881356,49.000644745325594,perclass,0,9.95970935975043,10.06481128478841,1,clean,13959,0.6506401714156657,67.91778373547811
69.71847826086956,69.66525423728814,naive,ALL,,,,92.92355072463768,92.91525423728814,,,26.23731884057971,26.283898305084747,30.87279211803624,69.66525423728814,,overall,0,28.23538127415009,28.288033564392556,1,L2A,,0.6506401714156657,
69.71847826086956,69.66525423728814,naive,clear,97.13777802276549,0.3334895129950666,0.3433159783796053,92.92355072463768,92.91525423728814,77.99635006673384,63.92952187036739,26.23731884057971,26.283898305084747,30.87279211803624,69.66525423728814,98.65088333379268,perclass,0,28.23538127415009,28.288033564392556,1,L2A,72566,0.6506401714156657,64.4933738141785
69.71847826086956,69.66525423728814,naive,thick cloud,87.5591241549572,31.96280658037424,36.504255711612956,92.92355072463768,92.91525423728814,73.6165899627438,58.248618185759184,26.23731884057971,26.283898305084747,30.87279211803624,69.66525423728814,62.00364550887151,perclass,0,28.23538127415009,28.288033564392556,1,L2A,43341,0.6506401714156657,90.58212829069336
69.71847826086956,69.66525423728814,naive,thin cloud,88.85290608488154,88.85290608488154,100.0,92.92355072463768,92.91525423728814,0.31685149670641205,0.15867713378987805,26.23731884057971,26.283898305084747,30.87279211803624,69.66525423728814,0.1619226180330663,perclass,0,28.23538127415009,28.288033564392556,1,L2A,11734,0.6506401714156657,7.335907335907336
69.71847826086956,69.66525423728814,naive,cloud shadow,91.0093846264059,90.9592377677484,99.9448992443325,92.92355072463768,92.91525423728814,2.282356156894902,1.15435128222852,26.23731884057971,26.283898305084747,30.87279211803624,69.66525423728814,1.196360770828856,perclass,0,28.23538127415009,28.288033564392556,1,L2A,13959,0.6506401714156657,24.74074074074074
69.71847826086956,69.66525423728814,mondrian,ALL,,,,49.223007246376824,49.04731638418079,,,6.943115942028986,6.886299435028248,30.87279211803624,69.66525423728814,,overall,0,14.105428193926633,14.040114613180515,1,L2A,,0.7491503579943788,
69.71847826086956,69.66525423728814,mondrian,clear,65.46729873494475,0.002756111677645178,0.004209905908602943,49.223007246376824,49.04731638418079,77.99635006673384,63.92952187036739,6.943115942028986,6.886299435028248,30.87279211803624,69.66525423728814,98.65088333379268,perclass,0,14.105428193926633,14.040114613180515,1,L2A,72566,0.7491503579943788,64.4933738141785
69.71847826086956,69.66525423728814,mondrian,thick cloud,32.758819593456536,4.621490044069127,14.107620791660796,49.223007246376824,49.04731638418079,73.6165899627438,58.248618185759184,6.943115942028986,6.886299435028248,30.87279211803624,69.66525423728814,62.00364550887151,perclass,0,14.105428193926633,14.040114613180515,1,L2A,43341,0.7491503579943788,90.58212829069336
69.71847826086956,69.66525423728814,mondrian,thin cloud,24.475882052156127,24.475882052156127,100.0,49.223007246376824,49.04731638418079,0.31685149670641205,0.15867713378987805,6.943115942028986,6.886299435028248,30.87279211803624,69.66525423728814,0.1619226180330663,perclass,0,14.105428193926633,14.040114613180515,1,L2A,11734,0.7491503579943788,7.335907335907336
69.71847826086956,69.66525423728814,mondrian,cloud shadow,34.91654129952002,34.91654129952002,100.0,49.223007246376824,49.04731638418079,2.282356156894902,1.15435128222852,6.943115942028986,6.886299435028248,30.87279211803624,69.66525423728814,1.196360770828856,perclass,0,14.105428193926633,14.040114613180515,1,L2A,13959,0.7491503579943788,24.74074074074074
79.91461352657005,79.66144414168937,naive,ALL,,,,77.30670289855074,76.86784741144415,,,8.884601449275362,8.856948228882834,54.758539575246566,79.66144414168937,,overall,0,11.492666374524582,11.522305524538735,2,clean,,0.6593355445300831,
79.91461352657005,79.66144414168937,naive,clear,85.42144552433737,2.292525756109203,2.683782441326214,77.30670289855074,76.86784741144415,86.52170675403977,76.24516044359866,8.884601449275362,8.856948228882834,54.758539575246566,79.66144414168937,92.43559315291903,perclass,0,11.492666374524582,11.522305524538735,2,clean,75419,0.6593355445300831,81.31904023142694
79.91461352657005,79.66144414168937,naive,thick cloud,76.28868426048984,7.812796658439339,10.24109503810857,77.30670289855074,76.86784741144415,83.29622476720012,71.37406189392023,8.884601449275362,8.856948228882834,54.758539575246566,79.66144414168937,80.35171824568064,perclass,0,11.492666374524582,11.522305524538735,2,clean,42136,0.6593355445300831,86.46474449012948
79.91461352657005,79.66144414168937,naive,thin cloud,53.52970114377076,26.466609273152137,49.442848937392306,77.30670289855074,76.86784741144415,50.302655110744254,33.60290401139549,8.884601449275362,8.856948228882834,54.758539575246566,79.66144414168937,44.96986840487025,perclass,0,11.492666374524582,11.522305524538735,2,clean,16262,0.6593355445300831,57.07039175901358
79.91461352657005,79.66144414168937,naive,cloud shadow,58.29161210814141,28.321651390279595,48.58615221987315,77.30670289855074,76.86784741144415,54.87479056287642,37.81203195207189,8.884601449275362,8.856948228882834,54.758539575246566,79.66144414168937,46.66872063467611,perclass,0,11.492666374524582,11.522305524538735,2,clean,12983,0.6593355445300831,66.58241758241759
79.91461352657005,79.66144414168937,mondrian,ALL,,,,77.30670289855074,76.86784741144415,,,8.884601449275362,8.856948228882834,54.758539575246566,79.66144414168937,,overall,0,11.492666374524582,11.522305524538735,2,clean,,0.6593355445300831,
79.91461352657005,79.66144414168937,mondrian,clear,85.42144552433737,2.292525756109203,2.683782441326214,77.30670289855074,76.86784741144415,86.52170675403977,76.24516044359866,8.884601449275362,8.856948228882834,54.758539575246566,79.66144414168937,92.43559315291903,perclass,0,11.492666374524582,11.522305524538735,2,clean,75419,0.6593355445300831,81.31904023142694
79.91461352657005,79.66144414168937,mondrian,thick cloud,76.28868426048984,7.812796658439339,10.24109503810857,77.30670289855074,76.86784741144415,83.29622476720012,71.37406189392023,8.884601449275362,8.856948228882834,54.758539575246566,79.66144414168937,80.35171824568064,perclass,0,11.492666374524582,11.522305524538735,2,clean,42136,0.6593355445300831,86.46474449012948
79.91461352657005,79.66144414168937,mondrian,thin cloud,53.52970114377076,26.466609273152137,49.442848937392306,77.30670289855074,76.86784741144415,50.302655110744254,33.60290401139549,8.884601449275362,8.856948228882834,54.758539575246566,79.66144414168937,44.96986840487025,perclass,0,11.492666374524582,11.522305524538735,2,clean,16262,0.6593355445300831,57.07039175901358
79.91461352657005,79.66144414168937,mondrian,cloud shadow,58.29161210814141,28.321651390279595,48.58615221987315,77.30670289855074,76.86784741144415,54.87479056287642,37.81203195207189,8.884601449275362,8.856948228882834,54.758539575246566,79.66144414168937,46.66872063467611,perclass,0,11.492666374524582,11.522305524538735,2,clean,12983,0.6593355445300831,66.58241758241759
69.13840579710146,69.10626702997276,naive,ALL,,,,92.97657004830918,92.80245231607628,,,26.87300724637682,26.811307901907355,31.52814461864558,69.10626702997276,,overall,0,28.902988389885774,28.890732122671288,2,L2A,,0.6593355445300831,
69.13840579710146,69.10626702997276,naive,clear,96.93711133799175,0.3540221959983558,0.36520811391210384,92.97657004830918,92.80245231607628,77.75209130237387,63.601980705199345,26.87300724637682,26.811307901907355,31.52814461864558,69.10626702997276,98.77749638685212,perclass,0,28.902988389885774,28.890732122671288,2,L2A,75419,0.6593355445300831,64.10660195511497
69.13840579710146,69.10626702997276,naive,thick cloud,87.53797228023544,30.783652933358645,35.16605666259997,92.97657004830918,92.80245231607628,74.8045361696133,59.750196916844835,26.87300724637682,26.811307901907355,31.52814461864558,69.10626702997276,63.010252515663566,perclass,0,28.902988389885774,28.890732122671288,2,L2A,42136,0.6593355445300831,92.03091961593123
69.13840579710146,69.10626702997276,naive,thin cloud,88.77751814045013,88.77751814045013,100.0,92.97657004830918,92.80245231607628,1.1378608216552881,0.5721857495633319,26.87300724637682,26.811307901907355,31.52814461864558,69.10626702997276,0.5841839872094454,perclass,0,28.902988389885774,28.890732122671288,2,L2A,16262,0.6593355445300831,21.788990825688074
69.13840579710146,69.10626702997276,naive,cloud shadow,90.91119155819149,89.99460833397521,98.99178175040244,92.97657004830918,92.80245231607628,4.282715185444366,2.1882151029748282,26.87300724637682,26.811307901907355,31.52814461864558,69.10626702997276,2.35692829084187,perclass,0,28.902988389885774,28.890732122671288,2,L2A,12983,0.6593355445300831,23.4123947972456
69.13840579710146,69.10626702997276,mondrian,ALL,,,,53.08629227053139,51.6158038147139,,,7.794504830917876,7.544277929155313,31.52814461864558,69.10626702997276,,overall,0,14.68270715008037,14.61621707226944,2,L2A,,0.747142493724823,
69.13840579710146,69.10626702997276,mondrian,clear,67.9536986700964,0.001325925827709198,0.001951219512195122,53.08629227053139,51.6158038147139,77.75209130237387,63.601980705199345,7.794504830917876,7.544277929155313,31.52814461864558,69.10626702997276,98.77749638685212,perclass,0,14.68270715008037,14.61621707226944,2,L2A,75419,0.747142493724823,64.10660195511497
69.13840579710146,69.10626702997276,mondrian,thick cloud,36.887696981203725,4.971995443326372,13.478736408672715,53.08629227053139,51.6158038147139,74.8045361696133,59.750196916844835,7.794504830917876,7.544277929155313,31.52814461864558,69.10626702997276,63.010252515663566,perclass,0,14.68270715008037,14.61621707226944,2,L2A,42136,0.747142493724823,92.03091961593123
69.13840579710146,69.10626702997276,mondrian,thin cloud,28.016234165539295,28.016234165539295,100.0,53.08629227053139,51.6158038147139,1.1378608216552881,0.5721857495633319,7.794504830917876,7.544277929155313,31.52814461864558,69.10626702997276,0.5841839872094454,perclass,0,14.68270715008037,14.61621707226944,2,L2A,16262,0.747142493724823,21.788990825688074
69.13840579710146,69.10626702997276,mondrian,cloud shadow,34.06762689671108,34.06762689671108,100.0,53.08629227053139,51.6158038147139,4.282715185444366,2.1882151029748282,7.794504830917876,7.544277929155313,31.52814461864558,69.10626702997276,2.35692829084187,perclass,0,14.68270715008037,14.61621707226944,2,L2A,12983,0.747142493724823,23.4123947972456
80.01739130434783,79.99929378531073,naive,ALL,,,,75.20579710144926,75.22387005649718,,,8.031521739130435,8.049435028248588,56.10007951848336,79.99929378531073,,overall,0,10.679391813767056,10.700639334566313,3,clean,,0.6805897362091962,
80.01739130434783,79.99929378531073,naive,clear,84.67480345263621,2.1386552311836824,2.5257280135051783,75.20579710144926,75.22387005649718,86.8382433751608,76.73815427154625,8.031521739130435,8.049435028248588,56.10007951848336,79.99929378531073,92.31128704161856,perclass,0,10.679391813767056,10.700639334566313,3,clean,72756,0.6805897362091962,81.97785833730028
80.01739130434783,79.99929378531073,naive,thick cloud,73.36557496178615,7.377151878116621,10.055331648336635,75.20579710144926,75.22387005649718,83.1280352911916,71.12743890145829,8.031521739130435,8.049435028248588,56.10007951848336,79.99929378531073,79.5649885984915,perclass,0,10.679391813767056,10.700639334566313,3,clean,39907,0.6805897362091962,87.02516033547114
80.01739130434783,79.99929378531073,naive,thin cloud,48.909421387458345,21.501060284762193,43.96097863115516,75.20579710144926,75.22387005649718,50.82151699302273,34.06759203379602,8.031521739130435,8.049435028248588,56.10007951848336,79.99929378531073,51.302635564980314,perclass,0,10.679391813767056,10.700639334566313,3,clean,13204,0.6805897362091962,50.3493384866954
80.01739130434783,79.99929378531073,naive,cloud shadow,58.31691349392996,25.799275408377298,44.23978201634877,75.20579710144926,75.22387005649718,59.61674389381921,42.46713286713287,8.031521739130435,8.049435028248588,56.10007951848336,79.99929378531073,48.248903578465644,perclass,0,10.679391813767056,10.700639334566313,3,clean,15733,0.6805897362091962,77.99239699989727
80.01739130434783,79.99929378531073,mondrian,ALL,,,,75.20579710144926,75.22387005649718,,,8.031521739130435,8.049435028248588,56.10007951848336,79.99929378531073,,overall,0,10.679391813767056,10.700639334566313,3,clean,,0.6805897362091962,
80.01739130434783,79.99929378531073,mondrian,clear,84.67480345263621,2.1386552311836824,2.5257280135051783,75.20579710144926,75.22387005649718,86.8382433751608,76.73815427154625,8.031521739130435,8.049435028248588,56.10007951848336,79.99929378531073,92.31128704161856,perclass,0,10.679391813767056,10.700639334566313,3,clean,72756,0.6805897362091962,81.97785833730028
80.01739130434783,79.99929378531073,mondrian,thick cloud,73.36557496178615,7.377151878116621,10.055331648336635,75.20579710144926,75.22387005649718,83.1280352911916,71.12743890145829,8.031521739130435,8.049435028248588,56.10007951848336,79.99929378531073,79.5649885984915,perclass,0,10.679391813767056,10.700639334566313,3,clean,39907,0.6805897362091962,87.02516033547114
80.01739130434783,79.99929378531073,mondrian,thin cloud,48.909421387458345,21.501060284762193,43.96097863115516,75.20579710144926,75.22387005649718,50.82151699302273,34.06759203379602,8.031521739130435,8.049435028248588,56.10007951848336,79.99929378531073,51.302635564980314,perclass,0,10.679391813767056,10.700639334566313,3,clean,13204,0.6805897362091962,50.3493384866954
80.01739130434783,79.99929378531073,mondrian,cloud shadow,58.31691349392996,25.799275408377298,44.23978201634877,75.20579710144926,75.22387005649718,59.61674389381921,42.46713286713287,8.031521739130435,8.049435028248588,56.10007951848336,79.99929378531073,48.248903578465644,perclass,0,10.679391813767056,10.700639334566313,3,clean,15733,0.6805897362091962,77.99239699989727
68.52644927536231,68.40960451977402,naive,ALL,,,,93.18876811594204,93.2111581920904,,,27.51340579710144,27.637005649717516,30.532972527599945,68.40960451977402,,overall,0,29.52437976524196,29.64988976187049,3,L2A,,0.6805897362091962,
68.52644927536231,68.40960451977402,naive,clear,98.28880092363516,0.11957776678212105,0.12165960481604228,93.18876811594204,93.2111581920904,77.34496661475777,63.0589422056803,27.51340579710144,27.637005649717516,30.532972527599945,68.40960451977402,99.66738138435318,perclass,0,29.52437976524196,29.64988976187049,3,L2A,72756,0.6805897362091962,63.19192693809258
68.52644927536231,68.40960451977402,naive,thick cloud,86.6013481344125,32.93407171674143,38.029513888888886,93.18876811594204,93.2111581920904,73.06212704086269,57.55739034983057,27.51340579710144,27.637005649717516,30.532972527599945,68.40960451977402,60.44052421880873,perclass,0,29.52437976524196,29.64988976187049,3,L2A,39907,0.6805897362091962,92.34656763275775
68.52644927536231,68.40960451977402,naive,thin cloud,86.5419569827325,86.5419569827325,100.0,93.18876811594204,93.2111581920904,0.733697686606274,0.3681995792004809,27.51340579710144,27.637005649717516,30.532972527599945,68.40960451977402,0.37109966676764616,perclass,0,29.52437976524196,29.64988976187049,3,L2A,13204,0.6805897362091962,32.02614379084967
68.52644927536231,68.40960451977402,naive,cloud shadow,92.09305281891565,92.01678001652579,99.91717854924426,93.18876811594204,93.2111581920904,2.268686001594212,1.147357975688415,27.51340579710144,27.637005649717516,30.532972527599945,68.40960451977402,1.1758723701773344,perclass,0,29.52437976524196,29.64988976187049,3,L2A,15733,0.6805897362091962,32.11805555555556
68.52644927536231,68.40960451977402,mondrian,ALL,,,,57.17500000000002,57.246468926553675,,,10.246920289855073,10.310028248587571,30.532972527599945,68.40960451977402,,overall,0,17.922029365728147,18.009893783693762,3,L2A,,0.7346503559280845,
68.52644927536231,68.40960451977402,mondrian,clear,75.22541096266974,0.002748914178899335,0.0036542361732838794,57.17500000000002,57.246468926553675,77.34496661475777,63.0589422056803,10.246920289855073,10.310028248587571,30.532972527599945,68.40960451977402,99.66738138435318,perclass,0,17.922029365728147,18.009893783693762,3,L2A,72756,0.7346503559280845,63.19192693809258
68.52644927536231,68.40960451977402,mondrian,thick cloud,36.44473400656526,7.043877014057684,19.327557755775576,57.17500000000002,57.246468926553675,73.06212704086269,57.55739034983057,10.246920289855073,10.310028248587571,30.532972527599945,68.40960451977402,60.44052421880873,perclass,0,17.922029365728147,18.009893783693762,3,L2A,39907,0.7346503559280845,92.34656763275775
68.52644927536231,68.40960451977402,mondrian,thin cloud,38.46561647985459,38.46561647985459,100.0,57.17500000000002,57.246468926553675,0.733697686606274,0.3681995792004809,10.246920289855073,10.310028248587571,30.532972527599945,68.40960451977402,0.37109966676764616,perclass,0,17.922029365728147,18.009893783693762,3,L2A,13204,0.7346503559280845,32.02614379084967
68.52644927536231,68.40960451977402,mondrian,cloud shadow,42.63014046907774,42.63014046907774,100.0,57.17500000000002,57.246468926553675,2.268686001594212,1.147357975688415,10.246920289855073,10.310028248587571,30.532972527599945,68.40960451977402,1.1758723701773344,perclass,0,17.922029365728147,18.009893783693762,3,L2A,15733,0.7346503559280845,32.11805555555556
80.04287439613528,79.87266666666667,naive,ALL,,,,75.89613526570048,75.82266666666668,,,8.17487922705314,8.224666666666666,54.574204960491535,79.87266666666667,,overall,0,10.771140320168039,10.847240051347882,4,clean,,0.6826537251472473,
80.04287439613528,79.87266666666667,naive,clear,85.90092968067489,1.918036848213005,2.2328476017000605,75.89613526570048,75.82266666666668,86.82329895161973,76.71481687251593,8.17487922705314,8.224666666666666,54.574204960491535,79.87266666666667,93.62262527218913,perclass,0,10.771140320168039,10.847240051347882,4,clean,76693,0.6826537251472473,80.94470435713883
80.04287439613528,79.87266666666667,naive,thick cloud,74.64210384598124,8.093613965803527,10.84322861866827,75.89613526570048,75.82266666666668,82.92131085071925,70.82528123029354,8.17487922705314,8.224666666666666,54.574204960491535,79.87266666666667,78.12457927568101,perclass,0,10.771140320168039,10.847240051347882,4,clean,44566,0.6826537251472473,88.34559756407003
80.04287439613528,79.87266666666667,naive,thin cloud,42.06723680330286,23.717192568563846,56.37924991237294,75.89613526570048,75.82266666666668,47.03645007923931,30.75010360547037,8.17487922705314,8.224666666666666,54.574204960491535,79.87266666666667,43.76290179887939,perclass,0,10.771140320168039,10.847240051347882,4,clean,13564,0.6826537251472473,50.83932853717026
80.04287439613528,79.87266666666667,naive,cloud shadow,58.52935362719906,26.632404295974172,45.5026455026455,75.89613526570048,75.82266666666668,57.149610021271556,40.0066181336863,8.17487922705314,8.224666666666666,54.574204960491535,79.87266666666667,47.796007116030836,perclass,0,10.771140320168039,10.847240051347882,4,clean,15177,0.6826537251472473,71.05495151337055
80.04287439613528,79.87266666666667,mondrian,ALL,,,,75.89613526570048,75.82266666666668,,,8.17487922705314,8.224666666666666,54.574204960491535,79.87266666666667,,overall,0,10.771140320168039,10.847240051347882,4,clean,,0.6826537251472473,
80.04287439613528,79.87266666666667,mondrian,clear,85.90092968067489,1.918036848213005,2.2328476017000605,75.89613526570048,75.82266666666668,86.82329895161973,76.71481687251593,8.17487922705314,8.224666666666666,54.574204960491535,79.87266666666667,93.62262527218913,perclass,0,10.771140320168039,10.847240051347882,4,clean,76693,0.6826537251472473,80.94470435713883
80.04287439613528,79.87266666666667,mondrian,thick cloud,74.64210384598124,8.093613965803527,10.84322861866827,75.89613526570048,75.82266666666668,82.92131085071925,70.82528123029354,8.17487922705314,8.224666666666666,54.574204960491535,79.87266666666667,78.12457927568101,perclass,0,10.771140320168039,10.847240051347882,4,clean,44566,0.6826537251472473,88.34559756407003
80.04287439613528,79.87266666666667,mondrian,thin cloud,42.06723680330286,23.717192568563846,56.37924991237294,75.89613526570048,75.82266666666668,47.03645007923931,30.75010360547037,8.17487922705314,8.224666666666666,54.574204960491535,79.87266666666667,43.76290179887939,perclass,0,10.771140320168039,10.847240051347882,4,clean,13564,0.6826537251472473,50.83932853717026
80.04287439613528,79.87266666666667,mondrian,cloud shadow,58.52935362719906,26.632404295974172,45.5026455026455,75.89613526570048,75.82266666666668,57.149610021271556,40.0066181336863,8.17487922705314,8.224666666666666,54.574204960491535,79.87266666666667,47.796007116030836,perclass,0,10.771140320168039,10.847240051347882,4,clean,15177,0.6826537251472473,71.05495151337055
68.92814009661835,68.99733333333333,naive,ALL,,,,93.75024154589373,93.54933333333332,,,27.520893719806764,27.33866666666667,30.59173357573512,68.99733333333333,,overall,0,29.355544333541168,29.223796357002367,4,L2A,,0.6826537251472473,
68.92814009661835,68.99733333333333,naive,clear,97.93983805562438,0.18124209510646344,0.18505451785975796,93.75024154589373,93.54933333333332,77.52499593562023,63.298626954826396,27.520893719806764,27.33866666666667,30.59173357573512,68.99733333333333,99.4836556139413,perclass,0,29.355544333541168,29.223796357002367,4,L2A,76693,0.6826537251472473,63.5072707447207
68.92814009661835,68.99733333333333,naive,thick cloud,87.86518870888122,33.263025624915855,37.856887481485266,93.75024154589373,93.54933333333332,73.09844082307202,57.602476515798465,27.520893719806764,27.33866666666667,30.59173357573512,68.99733333333333,60.54166853655253,perclass,0,29.355544333541168,29.223796357002367,4,L2A,44566,0.6826537251472473,92.2269697487609
68.92814009661835,68.99733333333333,naive,thin cloud,90.36419935122383,90.36419935122383,100.0,93.75024154589373,93.54933333333332,0.8652390222799048,0.4344992396263307,27.520893719806764,27.33866666666667,30.59173357573512,68.99733333333333,0.44234739015039815,perclass,0,29.355544333541168,29.223796357002367,4,L2A,13564,0.6826537251472473,19.672131147540984
68.92814009661835,68.99733333333333,naive,cloud shadow,90.90070501416618,90.84799367463926,99.94201217744273,93.75024154589373,93.54933333333332,2.04160744282207,1.031331592689295,27.520893719806764,27.33866666666667,30.59173357573512,68.99733333333333,1.0410489556565856,perclass,0,29.355544333541168,29.223796357002367,4,L2A,15177,0.6826537251472473,52.49169435215947
68.92814009661835,68.99733333333333,mondrian,ALL,,,,51.97415458937198,51.04933333333334,,,8.628864734299517,8.377333333333334,30.59173357573512,68.99733333333333,,overall,0,16.602222397791543,16.41026980437224,4,L2A,,0.7363692662295173,
68.92814009661835,68.99733333333333,mondrian,clear,65.80000782339978,0.003911699894384103,0.005944831959416614,51.97415458937198,51.04933333333334,77.52499593562023,63.298626954826396,8.628864734299517,8.377333333333334,30.59173357573512,68.99733333333333,99.4836556139413,perclass,0,16.602222397791543,16.41026980437224,4,L2A,76693,0.7363692662295173,63.5072707447207
68.92814009661835,68.99733333333333,mondrian,thick cloud,36.251851187003545,5.85423865727236,16.148799207724686,51.97415458937198,51.04933333333334,73.09844082307202,57.602476515798465,8.628864734299517,8.377333333333334,30.59173357573512,68.99733333333333,60.54166853655253,perclass,0,16.602222397791543,16.41026980437224,4,L2A,44566,0.7363692662295173,92.2269697487609
68.92814009661835,68.99733333333333,mondrian,thin cloud,32.25449719846653,32.25449719846653,100.0,51.97415458937198,51.04933333333334,0.8652390222799048,0.4344992396263307,8.628864734299517,8.377333333333334,30.59173357573512,68.99733333333333,0.44234739015039815,perclass,0,16.602222397791543,16.41026980437224,4,L2A,13564,0.7363692662295173,19.672131147540984
68.92814009661835,68.99733333333333,mondrian,cloud shadow,36.75957040258285,36.75957040258285,100.0,51.97415458937198,51.04933333333334,2.04160744282207,1.031331592689295,8.628864734299517,8.377333333333334,30.59173357573512,68.99733333333333,1.0410489556565856,perclass,0,16.602222397791543,16.41026980437224,4,L2A,15177,0.7363692662295173,52.49169435215947
79.33913043478262,79.08035714285714,naive,ALL,,,,76.91340579710145,76.58035714285715,,,9.074094202898552,9.133241758241759,53.676995130737495,79.08035714285714,,overall,0,11.797805738620038,11.926350436318957,5,clean,,0.6444198271807502,
79.33913043478262,79.08035714285714,naive,clear,84.79827664157868,2.695407037046887,3.1786106319586014,76.91340579710145,76.58035714285715,85.99185405069566,75.42606129998238,9.074094202898552,9.133241758241759,53.676995130737495,79.08035714285714,91.1026302491955,perclass,0,11.797805738620038,11.926350436318957,5,clean,75202,0.6444198271807502,81.42403822155667
79.33913043478262,79.08035714285714,naive,thick cloud,76.3330347461223,8.283437838857196,10.851707738867272,76.91340579710145,76.58035714285715,82.94311110024331,70.85709510977418,9.074094202898552,9.133241758241759,53.676995130737495,79.08035714285714,79.95851209278206,perclass,0,11.797805738620038,11.926350436318957,5,clean,42422,0.6444198271807502,86.15916076100486
79.33913043478262,79.08035714285714,naive,thin cloud,49.71401006133278,27.330990283233408,54.97643471028556,76.91340579710145,76.58035714285715,47.95041448018861,31.53603761316461,9.074094202898552,9.133241758241759,53.676995130737495,79.08035714285714,43.449796705947215,perclass,0,11.797805738620038,11.926350436318957,5,clean,14511,0.6444198271807502,53.491134300500555
79.33913043478262,79.08035714285714,naive,cloud shadow,60.415893056071305,28.154474563683625,46.60110633066994,76.91340579710145,76.58035714285715,53.89599461460788,36.8887865000288,9.074094202898552,9.133241758241759,53.676995130737495,79.08035714285714,47.567768288154475,perclass,0,11.797805738620038,11.926350436318957,5,clean,13465,0.6444198271807502,62.166359312821506
79.33913043478262,79.08035714285714,mondrian,ALL,,,,76.91340579710145,76.58035714285715,,,9.074094202898552,9.133241758241759,53.676995130737495,79.08035714285714,,overall,0,11.797805738620038,11.926350436318957,5,clean,,0.6444198271807502,
79.33913043478262,79.08035714285714,mondrian,clear,84.79827664157868,2.695407037046887,3.1786106319586014,76.91340579710145,76.58035714285715,85.99185405069566,75.42606129998238,9.074094202898552,9.133241758241759,53.676995130737495,79.08035714285714,91.1026302491955,perclass,0,11.797805738620038,11.926350436318957,5,clean,75202,0.6444198271807502,81.42403822155667
79.33913043478262,79.08035714285714,mondrian,thick cloud,76.3330347461223,8.283437838857196,10.851707738867272,76.91340579710145,76.58035714285715,82.94311110024331,70.85709510977418,9.074094202898552,9.133241758241759,53.676995130737495,79.08035714285714,79.95851209278206,perclass,0,11.797805738620038,11.926350436318957,5,clean,42422,0.6444198271807502,86.15916076100486
79.33913043478262,79.08035714285714,mondrian,thin cloud,49.71401006133278,27.330990283233408,54.97643471028556,76.91340579710145,76.58035714285715,47.95041448018861,31.53603761316461,9.074094202898552,9.133241758241759,53.676995130737495,79.08035714285714,43.449796705947215,perclass,0,11.797805738620038,11.926350436318957,5,clean,14511,0.6444198271807502,53.491134300500555
79.33913043478262,79.08035714285714,mondrian,cloud shadow,60.415893056071305,28.154474563683625,46.60110633066994,76.91340579710145,76.58035714285715,53.89599461460788,36.8887865000288,9.074094202898552,9.133241758241759,53.676995130737495,79.08035714285714,47.567768288154475,perclass,0,11.797805738620038,11.926350436318957,5,clean,13465,0.6444198271807502,62.166359312821506
69.64311594202898,69.39491758241758,naive,ALL,,,,93.45217391304348,93.46771978021978,,,26.45688405797101,26.7135989010989,31.098096953845577,69.39491758241758,,overall,0,28.310613814707974,28.580561250358222,5,L2A,,0.6444198271807502,
69.64311594202898,69.39491758241758,naive,clear,97.73144331267785,0.5225924842424403,0.5347229781212582,93.45217391304348,93.46771978021978,78.13612158105843,64.11754048434548,26.45688405797101,26.7135989010989,31.098096953845577,69.39491758241758,98.82449934842158,perclass,0,28.310613814707974,28.580561250358222,5,L2A,75202,0.6444198271807502,64.61030210823733
69.64311594202898,69.39491758241758,naive,thick cloud,88.2655226061949,31.766536231200792,35.98974468539686,93.45217391304348,93.46771978021978,73.60521295999777,58.23437396726079,26.45688405797101,26.7135989010989,31.098096953845577,69.39491758241758,62.30729338550752,perclass,0,28.310613814707974,28.580561250358222,5,L2A,42422,0.6444198271807502,89.90781999387735
69.64311594202898,69.39491758241758,naive,thin cloud,87.86437874715732,87.86437874715732,100.0,93.45217391304348,93.46771978021978,0.3114210276893914,0.15595334960672633,26.45688405797101,26.7135989010989,31.098096953845577,69.39491758241758,0.15850044793604853,perclass,0,28.310613814707974,28.580561250358222,5,L2A,14511,0.6444198271807502,8.846153846153847
69.64311594202898,69.39491758241758,naive,cloud shadow,92.08317861121425,91.16969922020051,99.00798451488023,93.45217391304348,93.46771978021978,3.699325498922189,1.8845200141693232,26.45688405797101,26.7135989010989,31.098096953845577,69.39491758241758,1.9754920163386556,perclass,0,28.310613814707974,28.580561250358222,5,L2A,13465,0.6444198271807502,29.03930131004367
69.64311594202898,69.39491758241758,mondrian,ALL,,,,51.5143115942029,51.06799450549451,,,7.584239130434783,7.549450549450549,31.098096953845577,69.39491758241758,,overall,0,14.722586589487232,14.78313496066169,5,L2A,,0.7309788965711407,
69.64311594202898,69.39491758241758,mondrian,clear,67.87851386931199,0.0053190074732055,0.00783606942757513,51.5143115942029,51.06799450549451,78.13612158105843,64.11754048434548,7.584239130434783,7.549450549450549,31.098096953845577,69.39491758241758,98.82449934842158,perclass,0,14.722586589487232,14.78313496066169,5,L2A,75202,0.7309788965711407,64.61030210823733
69.64311594202898,69.39491758241758,mondrian,thick cloud,34.236952524633445,5.193060204610815,15.167997796750207,51.5143115942029,51.06799450549451,73.60521295999777,58.23437396726079,7.584239130434783,7.549450549450549,31.098096953845577,69.39491758241758,62.30729338550752,perclass,0,14.722586589487232,14.78313496066169,5,L2A,42422,0.7309788965711407,89.90781999387735
69.64311594202898,69.39491758241758,mondrian,thin cloud,27.517056026462683,27.517056026462683,100.0,51.5143115942029,51.06799450549451,0.3114210276893914,0.15595334960672633,7.584239130434783,7.549450549450549,31.098096953845577,69.39491758241758,0.15850044793604853,perclass,0,14.722586589487232,14.78313496066169,5,L2A,14511,0.7309788965711407,8.846153846153847
69.64311594202898,69.39491758241758,mondrian,cloud shadow,35.58856294095804,35.58856294095804,100.0,51.5143115942029,51.06799450549451,3.699325498922189,1.8845200141693232,7.584239130434783,7.549450549450549,31.098096953845577,69.39491758241758,1.9754920163386556,perclass,0,14.722586589487232,14.78313496066169,5,L2A,13465,0.7309788965711407,29.03930131004367
79.85507246376812,79.64484679665739,naive,ALL,,,,77.16068840579709,76.81963788300835,,,9.002898550724638,8.98816155988858,55.127322709898785,79.64484679665739,,overall,0,11.667727098775144,11.700343567847852,6,clean,,0.6614910006523133,
79.85507246376812,79.64484679665739,naive,clear,85.93190710064097,2.4959072116318435,2.904517420646453,77.16068840579709,76.81963788300835,86.21049020305915,75.76312645770523,9.002898550724638,8.98816155988858,55.127322709898785,79.64484679665739,92.38880102111602,perclass,0,11.667727098775144,11.700343567847852,6,clean,72078,0.6614910006523133,80.8067080051936
79.85507246376812,79.64484679665739,naive,thick cloud,75.27784236224134,7.584282724947687,10.075053278561942,77.16068840579709,76.81963788300835,83.64314533331708,71.88501749460495,9.002898550724638,8.98816155988858,55.127322709898785,79.64484679665739,79.77214601255523,perclass,0,11.667727098775144,11.700343567847852,6,clean,43010,0.6614910006523133,87.9089907504676
79.85507246376812,79.64484679665739,naive,thin cloud,53.08192821660953,27.523962778982717,51.85185185185185,77.16068840579709,76.81963788300835,50.48608287435775,33.766811708860764,9.002898550724638,8.98816155988858,55.127322709898785,79.64484679665739,47.778632897222415,perclass,0,11.667727098775144,11.700343567847852,6,clean,14293,0.6614910006523133,53.51880877742947
79.85507246376812,79.64484679665739,naive,cloud shadow,59.15324565721921,27.512483296996976,46.510521935560575,77.16068840579709,76.81963788300835,56.21269209601626,39.09433517842422,9.002898550724638,8.98816155988858,55.127322709898785,79.64484679665739,46.691047190379074,perclass,0,11.667727098775144,11.700343567847852,6,clean,14219,0.6614910006523133,70.6126356094448
79.85507246376812,79.64484679665739,mondrian,ALL,,,,77.16068840579709,76.81963788300835,,,9.002898550724638,8.98816155988858,55.127322709898785,79.64484679665739,,overall,0,11.667727098775144,11.700343567847852,6,clean,,0.6614910006523133,
79.85507246376812,79.64484679665739,mondrian,clear,85.93190710064097,2.4959072116318435,2.904517420646453,77.16068840579709,76.81963788300835,86.21049020305915,75.76312645770523,9.002898550724638,8.98816155988858,55.127322709898785,79.64484679665739,92.38880102111602,perclass,0,11.667727098775144,11.700343567847852,6,clean,72078,0.6614910006523133,80.8067080051936
79.85507246376812,79.64484679665739,mondrian,thick cloud,75.27784236224134,7.584282724947687,10.075053278561942,77.16068840579709,76.81963788300835,83.64314533331708,71.88501749460495,9.002898550724638,8.98816155988858,55.127322709898785,79.64484679665739,79.77214601255523,perclass,0,11.667727098775144,11.700343567847852,6,clean,43010,0.6614910006523133,87.9089907504676
79.85507246376812,79.64484679665739,mondrian,thin cloud,53.08192821660953,27.523962778982717,51.85185185185185,77.16068840579709,76.81963788300835,50.48608287435775,33.766811708860764,9.002898550724638,8.98816155988858,55.127322709898785,79.64484679665739,47.778632897222415,perclass,0,11.667727098775144,11.700343567847852,6,clean,14293,0.6614910006523133,53.51880877742947
79.85507246376812,79.64484679665739,mondrian,cloud shadow,59.15324565721921,27.512483296996976,46.510521935560575,77.16068840579709,76.81963788300835,56.21269209601626,39.09433517842422,9.002898550724638,8.98816155988858,55.127322709898785,79.64484679665739,46.691047190379074,perclass,0,11.667727098775144,11.700343567847852,6,clean,14219,0.6614910006523133,70.6126356094448
68.69782608695652,68.52785515320335,naive,ALL,,,,94.13822463768116,94.08635097493037,,,27.956340579710144,28.104456824512535,30.64258423427695,68.52785515320335,,overall,0,29.6971189836099,29.870918080350535,6,L2A,,0.6614910006523133,
68.69782608695652,68.52785515320335,naive,clear,98.50994755681344,0.3551707872027526,0.3605430679961692,94.13822463768116,94.08635097493037,77.24790641457308,62.930011340958444,27.956340579710144,28.104456824512535,30.64258423427695,68.52785515320335,99.31046921390715,perclass,0,29.6971189836099,29.870918080350535,6,L2A,72078,0.6614910006523133,63.206181015452536
68.69782608695652,68.52785515320335,naive,thick cloud,88.15391769355963,32.59474540804464,36.974812079651855,94.13822463768116,94.08635097493037,73.12865174732664,57.64000521353781,27.956340579710144,28.104456824512535,30.64258423427695,68.52785515320335,61.69262962101837,perclass,0,29.6971189836099,29.870918080350535,6,L2A,43010,0.6614910006523133,89.76926720346438
68.69782608695652,68.52785515320335,naive,thin cloud,91.19149233890715,91.19149233890715,100.0,94.13822463768116,94.08635097493037,0.40044186688760014,0.20062262193012798,27.956340579710144,28.104456824512535,30.64258423427695,68.52785515320335,0.20289652277338557,perclass,0,29.6971189836099,29.870918080350535,6,L2A,14293,0.6614910006523133,15.18324607329843
68.69782608695652,68.52785515320335,naive,cloud shadow,92.51705464519306,91.77157324706378,99.19422272900039,94.13822463768116,94.08635097493037,3.535762483130904,1.7996977606814124,27.956340579710144,28.104456824512535,30.64258423427695,68.52785515320335,1.8426049651874252,perclass,0,29.6971189836099,29.870918080350535,6,L2A,14219,0.6614910006523133,43.59400998336106
68.69782608695652,68.52785515320335,mondrian,ALL,,,,58.480615942028976,58.2116991643454,,,10.255797101449275,10.26740947075209,30.64258423427695,68.52785515320335,,overall,0,17.53708803548804,17.63805148818069,6,L2A,,0.7229722995384067,
68.69782608695652,68.52785515320335,mondrian,clear,76.9041871306085,0.0013873858875107523,0.0018040446681459833,58.480615942028976,58.2116991643454,77.24790641457308,62.930011340958444,10.255797101449275,10.26740947075209,30.64258423427695,68.52785515320335,99.31046921390715,perclass,0,17.53708803548804,17.63805148818069,6,L2A,72078,0.7229722995384067,63.206181015452536
68.69782608695652,68.52785515320335,mondrian,thick cloud,37.61915833527087,6.421762380841664,17.07045735475896,58.480615942028976,58.2116991643454,73.12865174732664,57.64000521353781,10.255797101449275,10.26740947075209,30.64258423427695,68.52785515320335,61.69262962101837,perclass,0,17.53708803548804,17.63805148818069,6,L2A,43010,0.7229722995384067,89.76926720346438
68.69782608695652,68.52785515320335,mondrian,thin cloud,38.83019659973414,38.83019659973414,100.0,58.480615942028976,58.2116991643454,0.40044186688760014,0.20062262193012798,10.255797101449275,10.26740947075209,30.64258423427695,68.52785515320335,0.20289652277338557,perclass,0,17.53708803548804,17.63805148818069,6,L2A,14293,0.7229722995384067,15.18324607329843
68.69782608695652,68.52785515320335,mondrian,cloud shadow,45.22821576763486,45.22821576763486,100.0,58.480615942028976,58.2116991643454,3.535762483130904,1.7996977606814124,10.255797101449275,10.26740947075209,30.64258423427695,68.52785515320335,1.8426049651874252,perclass,0,17.53708803548804,17.63805148818069,6,L2A,14219,0.7229722995384067,43.59400998336106
80.62934782608696,80.35941828254848,naive,ALL,,,,76.73285024154588,76.43351800554017,,,8.353864734299519,8.403739612188366,54.72937006713185,80.35941828254848,,overall,0,10.886946995977013,10.99483555313944,7,clean,,0.6527041547438678,
80.62934782608696,80.35941828254848,naive,clear,84.8376579269121,2.1654666485531857,2.5524828259860044,76.73285024154588,76.43351800554017,87.05825440472553,77.08244099280867,8.353864734299519,8.403739612188366,54.72937006713185,80.35941828254848,92.903138160576,perclass,0,10.886946995977013,10.99483555313944,7,clean,73610,0.6527041547438678,81.90528660742089
80.62934782608696,80.35941828254848,naive,thick cloud,75.25176628911069,7.284961309857575,9.68078447736282,76.73285024154588,76.43351800554017,83.67188602059528,71.92748438731583,8.353864734299519,8.403739612188366,54.72937006713185,80.35941828254848,79.82281036222945,perclass,0,10.886946995977013,10.99483555313944,7,clean,44585,0.6527041547438678,87.9109749771509
80.62934782608696,80.35941828254848,naive,thin cloud,47.488921713441655,31.07664533070737,65.43977881458441,76.73285024154588,76.43351800554017,42.98736462093862,27.378283612117034,8.353864734299519,8.403739612188366,54.72937006713185,80.35941828254848,39.0858362054817,perclass,0,10.886946995977013,10.99483555313944,7,clean,12186,0.6527041547438678,47.754160818127126
80.62934782608696,80.35941828254848,naive,cloud shadow,61.22405307083244,25.008916470504317,40.848188279156474,76.73285024154588,76.43351800554017,59.67794670590158,42.5292712762859,8.353864734299519,8.403739612188366,54.72937006713185,80.35941828254848,52.07932092160639,perclass,0,10.886946995977013,10.99483555313944,7,clean,14019,0.6527041547438678,69.87271509235333
80.62934782608696,80.35941828254848,mondrian,ALL,,,,76.73285024154588,76.43351800554017,,,8.353864734299519,8.403739612188366,54.72937006713185,80.35941828254848,,overall,0,10.886946995977013,10.99483555313944,7,clean,,0.6527041547438678,
80.62934782608696,80.35941828254848,mondrian,clear,84.8376579269121,2.1654666485531857,2.5524828259860044,76.73285024154588,76.43351800554017,87.05825440472553,77.08244099280867,8.353864734299519,8.403739612188366,54.72937006713185,80.35941828254848,92.903138160576,perclass,0,10.886946995977013,10.99483555313944,7,clean,73610,0.6527041547438678,81.90528660742089
80.62934782608696,80.35941828254848,mondrian,thick cloud,75.25176628911069,7.284961309857575,9.68078447736282,76.73285024154588,76.43351800554017,83.67188602059528,71.92748438731583,8.353864734299519,8.403739612188366,54.72937006713185,80.35941828254848,79.82281036222945,perclass,0,10.886946995977013,10.99483555313944,7,clean,44585,0.6527041547438678,87.9109749771509
80.62934782608696,80.35941828254848,mondrian,thin cloud,47.488921713441655,31.07664533070737,65.43977881458441,76.73285024154588,76.43351800554017,42.98736462093862,27.378283612117034,8.353864734299519,8.403739612188366,54.72937006713185,80.35941828254848,39.0858362054817,perclass,0,10.886946995977013,10.99483555313944,7,clean,12186,0.6527041547438678,47.754160818127126
80.62934782608696,80.35941828254848,mondrian,cloud shadow,61.22405307083244,25.008916470504317,40.848188279156474,76.73285024154588,76.43351800554017,59.67794670590158,42.5292712762859,8.353864734299519,8.403739612188366,54.72937006713185,80.35941828254848,52.07932092160639,perclass,0,10.886946995977013,10.99483555313944,7,clean,14019,0.6527041547438678,69.87271509235333
70.1062801932367,69.83518005540165,naive,ALL,,,,93.23055555555555,93.21468144044321,,,26.00513285024154,26.263157894736842,31.25864224019131,69.83518005540165,,overall,0,27.893358239987354,28.174915677330205,7,L2A,,0.6527041547438678,
70.1062801932367,69.83518005540165,naive,clear,97.32645021056922,0.28528732509169946,0.29312414505457696,93.23055555555555,93.21468144044321,77.99270855672313,63.9246291218449,26.00513285024154,26.263157894736842,31.25864224019131,69.83518005540165,98.81266132318979,perclass,0,27.893358239987354,28.174915677330205,7,L2A,73610,0.6527041547438678,64.41944911876716
70.1062801932367,69.83518005540165,naive,thick cloud,87.72457104407312,31.142761018279693,35.50061362241767,93.23055555555555,93.21468144044321,74.69369719205687,59.608890788630056,26.00513285024154,26.263157894736842,31.25864224019131,69.83518005540165,62.55691376023326,perclass,0,27.893358239987354,28.174915677330205,7,L2A,44585,0.6527041547438678,92.67344497607655
70.1062801932367,69.83518005540165,naive,thin cloud,88.8642704743148,88.8642704743148,100.0,93.23055555555555,93.21468144044321,0.7901951298177714,0.39666477778677245,26.00513285024154,26.263157894736842,31.25864224019131,69.83518005540165,0.40210077137699,perclass,0,27.893358239987354,28.174915677330205,7,L2A,12186,0.6527041547438678,22.685185185185187
70.1062801932367,69.83518005540165,naive,cloud shadow,92.86682359654755,92.73129324488194,99.85405945157078,93.23055555555555,93.21468144044321,2.1846417055997898,1.1043842725034927,26.00513285024154,26.263157894736842,31.25864224019131,69.83518005540165,1.184107282973108,perclass,0,27.893358239987354,28.174915677330205,7,L2A,14019,0.6527041547438678,14.091680814940577
70.1062801932367,69.83518005540165,mondrian,ALL,,,,52.73864734299516,52.21329639889196,,,8.59849033816425,8.58864265927978,31.25864224019131,69.83518005540165,,overall,0,16.303964495415364,16.449148495941433,7,L2A,,0.7276531780467314,
70.1062801932367,69.83518005540165,mondrian,clear,67.26667572340715,0.0027170221437304715,0.004039180046450571,52.73864734299516,52.21329639889196,77.99270855672313,63.9246291218449,8.59849033816425,8.58864265927978,31.25864224019131,69.83518005540165,98.81266132318979,perclass,0,16.303964495415364,16.449148495941433,7,L2A,73610,0.7276531780467314,64.41944911876716
70.1062801932367,69.83518005540165,mondrian,thick cloud,35.953796119771226,5.717169451609286,15.901434809731754,52.73864734299516,52.21329639889196,74.69369719205687,59.608890788630056,8.59849033816425,8.58864265927978,31.25864224019131,69.83518005540165,62.55691376023326,perclass,0,16.303964495415364,16.449148495941433,7,L2A,44585,0.7276531780467314,92.67344497607655
70.1062801932367,69.83518005540165,mondrian,thin cloud,33.874938453963566,33.874938453963566,100.0,52.73864734299516,52.21329639889196,0.7901951298177714,0.39666477778677245,8.59849033816425,8.58864265927978,31.25864224019131,69.83518005540165,0.40210077137699,perclass,0,16.303964495415364,16.449148495941433,7,L2A,12186,0.7276531780467314,22.685185185185187
70.1062801932367,69.83518005540165,mondrian,cloud shadow,40.823168556958414,40.823168556958414,100.0,52.73864734299516,52.21329639889196,2.1846417055997898,1.1043842725034927,8.59849033816425,8.58864265927978,31.25864224019131,69.83518005540165,1.184107282973108,perclass,0,16.303964495415364,16.449148495941433,7,L2A,14019,0.7276531780467314,14.091680814940577
80.2644927536232,80.17432432432432,naive,ALL,,,,75.66956521739131,75.55540540540541,,,7.928985507246375,7.933108108108108,55.52092784108916,80.17432432432432,,overall,0,10.478434076457516,10.499722773693906,8,clean,,0.6574354370435079,
80.2644927536232,80.17432432432432,naive,clear,84.4539417450194,2.5340259057137224,3.000482693116173,75.66956521739131,75.55540540540541,86.7975161481574,76.67456860907437,7.928985507246375,7.933108108108108,55.52092784108916,80.17432432432432,91.44585442829903,perclass,0,10.478434076457516,10.499722773693906,8,clean,76045,0.6574354370435079,82.59888347784774
80.2644927536232,80.17432432432432,naive,thick cloud,75.95836624692161,6.396078249151992,8.420505291490793,75.66956521739131,75.55540540540541,84.4833977018641,73.1352862022565,7.928985507246375,7.933108108108108,55.52092784108916,80.17432432432432,82.07797035453743,perclass,0,10.478434076457516,10.499722773693906,8,clean,43042,0.6574354370435079,87.03407159222488
80.2644927536232,80.17432432432432,naive,thin cloud,43.78382278663685,22.20217908940039,50.70863546473302,75.66956521739131,75.55540540540541,49.06965379844379,32.51145646543136,7.928985507246375,7.933108108108108,55.52092784108916,80.17432432432432,47.09575005411646,perclass,0,10.478434076457516,10.499722773693906,8,clean,13859,0.6574354370435079,51.216258631512865
80.2644927536232,80.17432432432432,naive,cloud shadow,58.70200611133254,26.4647269828617,45.08317302251895,75.66956521739131,75.55540540540541,56.89999608288612,39.762400087594436,7.928985507246375,7.933108108108108,55.52092784108916,80.17432432432432,48.24631327222001,perclass,0,10.478434076457516,10.499722773693906,8,clean,15054,0.6574354370435079,69.3365155131265
80.2644927536232,80.17432432432432,mondrian,ALL,,,,75.66956521739131,75.55540540540541,,,7.928985507246375,7.933108108108108,55.52092784108916,80.17432432432432,,overall,0,10.478434076457516,10.499722773693906,8,clean,,0.6574354370435079,
80.2644927536232,80.17432432432432,mondrian,clear,84.4539417450194,2.5340259057137224,3.000482693116173,75.66956521739131,75.55540540540541,86.7975161481574,76.67456860907437,7.928985507246375,7.933108108108108,55.52092784108916,80.17432432432432,91.44585442829903,perclass,0,10.478434076457516,10.499722773693906,8,clean,76045,0.6574354370435079,82.59888347784774
80.2644927536232,80.17432432432432,mondrian,thick cloud,75.95836624692161,6.396078249151992,8.420505291490793,75.66956521739131,75.55540540540541,84.4833977018641,73.1352862022565,7.928985507246375,7.933108108108108,55.52092784108916,80.17432432432432,82.07797035453743,perclass,0,10.478434076457516,10.499722773693906,8,clean,43042,0.6574354370435079,87.03407159222488
80.2644927536232,80.17432432432432,mondrian,thin cloud,43.78382278663685,22.20217908940039,50.70863546473302,75.66956521739131,75.55540540540541,49.06965379844379,32.51145646543136,7.928985507246375,7.933108108108108,55.52092784108916,80.17432432432432,47.09575005411646,perclass,0,10.478434076457516,10.499722773693906,8,clean,13859,0.6574354370435079,51.216258631512865
80.2644927536232,80.17432432432432,mondrian,cloud shadow,58.70200611133254,26.4647269828617,45.08317302251895,75.66956521739131,75.55540540540541,56.89999608288612,39.762400087594436,7.928985507246375,7.933108108108108,55.52092784108916,80.17432432432432,48.24631327222001,perclass,0,10.478434076457516,10.499722773693906,8,clean,15054,0.6574354370435079,69.3365155131265
69.24202898550725,69.17432432432432,naive,ALL,,,,92.70978260869565,92.8445945945946,,,26.582608695652176,26.723648648648652,31.35870381343604,69.17432432432432,,overall,0,28.67292743835954,28.783203551415475,8,L2A,,0.6574354370435079,
69.24202898550725,69.17432432432432,naive,clear,97.13985140377407,0.4221184824774804,0.4345471774739407,92.70978260869565,92.8445945945946,77.64769182217486,63.46238414180366,26.582608695652176,26.723648648648652,31.35870381343604,69.17432432432432,98.68235912946281,perclass,0,28.67292743835954,28.783203551415475,8,L2A,76045,0.6574354370435079,64.00474216604405
69.24202898550725,69.17432432432432,naive,thick cloud,87.29845267413225,31.083592769852704,35.60612109115103,92.70978260869565,92.8445945945946,74.68904955815951,59.602971084976566,26.582608695652176,26.723648648648652,31.35870381343604,69.17432432432432,62.64114121091028,perclass,0,28.67292743835954,28.783203551415475,8,L2A,43042,0.6574354370435079,92.47496227191658
69.24202898550725,69.17432432432432,naive,thin cloud,86.98318782018904,86.98318782018904,100.0,92.70978260869565,92.8445945945946,0.7937070370632839,0.39843472073995023,26.582608695652176,26.723648648648652,31.35870381343604,69.17432432432432,0.4040695576881449,perclass,0,28.67292743835954,28.783203551415475,8,L2A,13859,0.6574354370435079,22.22222222222222
69.24202898550725,69.17432432432432,naive,cloud shadow,92.40069084628671,91.64341703201806,99.1804457225018,92.70978260869565,92.8445945945946,3.865853658536585,1.971025306223963,26.582608695652176,26.723648648648652,31.35870381343604,69.17432432432432,2.105752623887339,perclass,0,28.67292743835954,28.783203551415475,8,L2A,15054,0.6574354370435079,23.551263001485882
69.24202898550725,69.17432432432432,mondrian,ALL,,,,55.60905797101449,55.8445945945946,,,9.321739130434784,9.314864864864864,31.35870381343604,69.17432432432432,,overall,0,16.7629869495247,16.679975801572898,8,L2A,,0.7221244071044174,
69.24202898550725,69.17432432432432,mondrian,clear,72.65566440923138,0.002630021697679006,0.0036198439847242585,55.60905797101449,55.8445945945946,77.64769182217486,63.46238414180366,9.321739130434784,9.314864864864864,31.35870381343604,69.17432432432432,98.68235912946281,perclass,0,16.7629869495247,16.679975801572898,8,L2A,76045,0.7221244071044174,64.00474216604405
69.24202898550725,69.17432432432432,mondrian,thick cloud,37.27057292876725,5.638678500069699,15.129036279765614,55.60905797101449,55.8445945945946,74.68904955815951,59.602971084976566,9.321739130434784,9.314864864864864,31.35870381343604,69.17432432432432,62.64114121091028,perclass,0,16.7629869495247,16.679975801572898,8,L2A,43042,0.7221244071044174,92.47496227191658
69.24202898550725,69.17432432432432,mondrian,thin cloud,34.69947326646945,34.69947326646945,100.0,55.60905797101449,55.8445945945946,0.7937070370632839,0.39843472073995023,9.321739130434784,9.314864864864864,31.35870381343604,69.17432432432432,0.4040695576881449,perclass,0,16.7629869495247,16.679975801572898,8,L2A,13859,0.7221244071044174,22.22222222222222
69.24202898550725,69.17432432432432,mondrian,cloud shadow,43.49674505114919,43.49674505114919,100.0,55.60905797101449,55.8445945945946,3.865853658536585,1.971025306223963,9.321739130434784,9.314864864864864,31.35870381343604,69.17432432432432,2.105752623887339,perclass,0,16.7629869495247,16.679975801572898,8,L2A,15054,0.7221244071044174,23.551263001485882
80.13200483091786,79.95655080213903,naive,ALL,,,,76.00760869565218,75.725935828877,,,8.083937198067632,8.06350267379679,54.76364641145136,79.95655080213903,,overall,0,10.635694684774439,10.64827074837138,9,clean,,0.6768358588218689,
80.13200483091786,79.95655080213903,naive,clear,85.69909133883083,1.6873260150217975,1.9688960392246995,76.00760869565218,75.725935828877,86.45199077520044,76.13694979367263,8.083937198067632,8.06350267379679,54.76364641145136,79.95655080213903,93.03272230684385,perclass,0,10.635694684774439,10.64827074837138,9,clean,76156,0.6768358588218689,80.74074074074075
80.13200483091786,79.95655080213903,naive,thick cloud,73.20156184509497,7.2819924554940325,9.947864870566253,76.00760869565218,75.725935828877,83.4457850913356,71.59396608413208,8.083937198067632,8.06350267379679,54.76364641145136,79.95655080213903,79.25702058194172,perclass,0,10.635694684774439,10.64827074837138,9,clean,45331,0.6768358588218689,88.10201078960274
80.13200483091786,79.95655080213903,naive,thin cloud,49.75033406006048,27.39292495956115,55.060785976816504,76.00760869565218,75.725935828877,47.85166834404273,31.45066910904188,8.083937198067632,8.06350267379679,54.76364641145136,79.95655080213903,43.47000492299036,perclass,0,10.635694684774439,10.64827074837138,9,clean,14219,0.6768358588218689,53.21566939302625
80.13200483091786,79.95655080213903,naive,cloud shadow,55.88023607312509,25.78091262415431,46.13601236476043,76.00760869565218,75.725935828877,57.01314831470299,39.873000658958844,8.083937198067632,8.06350267379679,54.76364641145136,79.95655080213903,47.90557074996401,perclass,0,10.635694684774439,10.64827074837138,9,clean,13894,0.6768358588218689,70.39661554732946
80.13200483091786,79.95655080213903,mondrian,ALL,,,,76.00760869565218,75.725935828877,,,8.083937198067632,8.06350267379679,54.76364641145136,79.95655080213903,,overall,0,10.635694684774439,10.64827074837138,9,clean,,0.6768358588218689,
80.13200483091786,79.95655080213903,mondrian,clear,85.69909133883083,1.6873260150217975,1.9688960392246995,76.00760869565218,75.725935828877,86.45199077520044,76.13694979367263,8.083937198067632,8.06350267379679,54.76364641145136,79.95655080213903,93.03272230684385,perclass,0,10.635694684774439,10.64827074837138,9,clean,76156,0.6768358588218689,80.74074074074075
80.13200483091786,79.95655080213903,mondrian,thick cloud,73.20156184509497,7.2819924554940325,9.947864870566253,76.00760869565218,75.725935828877,83.4457850913356,71.59396608413208,8.083937198067632,8.06350267379679,54.76364641145136,79.95655080213903,79.25702058194172,perclass,0,10.635694684774439,10.64827074837138,9,clean,45331,0.6768358588218689,88.10201078960274
80.13200483091786,79.95655080213903,mondrian,thin cloud,49.75033406006048,27.39292495956115,55.060785976816504,76.00760869565218,75.725935828877,47.85166834404273,31.45066910904188,8.083937198067632,8.06350267379679,54.76364641145136,79.95655080213903,43.47000492299036,perclass,0,10.635694684774439,10.64827074837138,9,clean,14219,0.6768358588218689,53.21566939302625
80.13200483091786,79.95655080213903,mondrian,cloud shadow,55.88023607312509,25.78091262415431,46.13601236476043,76.00760869565218,75.725935828877,57.01314831470299,39.873000658958844,8.083937198067632,8.06350267379679,54.76364641145136,79.95655080213903,47.90557074996401,perclass,0,10.635694684774439,10.64827074837138,9,clean,13894,0.6768358588218689,70.39661554732946
69.13393719806763,69.3596256684492,naive,ALL,,,,92.59184782608698,92.50935828877004,,,26.499154589371976,26.25668449197861,30.869643480667058,69.3596256684492,,overall,0,28.61931715537711,28.38273335549229,9,L2A,,0.6768358588218689,
69.13393719806763,69.3596256684492,naive,clear,97.90430169651768,0.3584747098061873,0.3661480686695279,92.59184782608698,92.50935828877004,77.82701325230974,63.70230877062609,26.499154589371976,26.25668449197861,30.869643480667058,69.3596256684492,99.05325909974263,perclass,0,28.61931715537711,28.38273335549229,9,L2A,76156,0.6768358588218689,64.09254271561721
69.13393719806763,69.3596256684492,naive,thick cloud,85.75147250226115,31.022920297368245,36.177711463264046,92.59184782608698,92.50935828877004,73.67290258345125,58.31916040983947,26.499154589371976,26.25668449197861,30.869643480667058,69.3596256684492,62.028192627561715,perclass,0,28.61931715537711,28.38273335549229,9,L2A,45331,0.6768358588218689,90.70029999032289
69.13393719806763,69.3596256684492,naive,thin cloud,85.56157254377945,85.56157254377945,100.0,92.59184782608698,92.50935828877004,0.7136975020587428,0.3581267217630854,26.499154589371976,26.25668449197861,30.869643480667058,69.3596256684492,0.3657078556860539,perclass,0,28.61931715537711,28.38273335549229,9,L2A,14219,0.6768358588218689,14.730878186968837
69.13393719806763,69.3596256684492,naive,cloud shadow,92.09730819058586,91.96775586584137,99.8593310409503,92.59184782608698,92.50935828877004,2.174063560202174,1.0989780204395914,26.499154589371976,26.25668449197861,30.869643480667058,69.3596256684492,1.1299841658269756,perclass,0,28.61931715537711,28.38273335549229,9,L2A,13894,0.6768358588218689,28.59744990892532
69.13393719806763,69.3596256684492,mondrian,ALL,,,,51.12807971014494,50.32286096256684,,,8.06721014492754,7.725935828877005,30.869643480667058,69.3596256684492,,overall,0,15.778433672185868,15.352735677377364,9,L2A,,0.7283364394131828,
69.13393719806763,69.3596256684492,mondrian,clear,67.3919323493881,0.0026261883502284784,0.0038968883346647705,51.12807971014494,50.32286096256684,77.82701325230974,63.70230877062609,8.06721014492754,7.725935828877005,30.869643480667058,69.3596256684492,99.05325909974263,perclass,0,15.778433672185868,15.352735677377364,9,L2A,76156,0.7283364394131828,64.09254271561721
69.13393719806763,69.3596256684492,mondrian,thick cloud,32.29577992984933,4.932606825351305,15.273224043715846,51.12807971014494,50.32286096256684,73.67290258345125,58.31916040983947,8.06721014492754,7.725935828877005,30.869643480667058,69.3596256684492,62.028192627561715,perclass,0,15.778433672185868,15.352735677377364,9,L2A,45331,0.7283364394131828,90.70029999032289
69.13393719806763,69.3596256684492,mondrian,thin cloud,27.210071031718126,27.210071031718126,100.0,51.12807971014494,50.32286096256684,0.7136975020587428,0.3581267217630854,8.06721014492754,7.725935828877005,30.869643480667058,69.3596256684492,0.3657078556860539,perclass,0,15.778433672185868,15.352735677377364,9,L2A,14219,0.7283364394131828,14.730878186968837
69.13393719806763,69.3596256684492,mondrian,cloud shadow,39.23276234345761,39.23276234345761,100.0,51.12807971014494,50.32286096256684,2.174063560202174,1.0989780204395914,8.06721014492754,7.725935828877005,30.869643480667058,69.3596256684492,1.1299841658269756,perclass,0,15.778433672185868,15.352735677377364,9,L2A,13894,0.7283364394131828,28.59744990892532
78.97101449275362,78.95821917808219,naive,ALL,,,,78.28466183574879,77.92671232876712,,,10.233091787439614,10.083561643835615,52.04427498946368,78.95821917808219,,overall,1,13.071643342996033,12.939801183057492,0,clean,,0.6209475699593039,
78.97101449275362,78.95821917808219,naive,clear,85.46694577621716,2.6146262407995136,3.0592250805890906,78.28466183574879,77.92671232876712,86.46450358058526,76.15636193739293,10.233091787439614,10.083561643835615,52.04427498946368,78.95821917808219,92.4572894861233,perclass,1,13.071643342996033,12.939801183057492,0,clean,74045,0.6209475699593039,81.20129523538412
78.97101449275362,78.95821917808219,naive,thick cloud,77.87684153790873,7.667085878548329,9.845142313348905,78.28466183574879,77.92671232876712,81.6444029765833,68.98229152646658,10.233091787439614,10.083561643835615,52.04427498946368,78.95821917808219,80.57177506288178,perclass,1,13.071643342996033,12.939801183057492,0,clean,44528,0.6209475699593039,82.74597536786752
78.97101449275362,78.95821917808219,naive,thin cloud,53.28849557522124,31.893805309734514,59.85120233824897,78.28466183574879,77.92671232876712,46.595215778964096,30.374030389969185,10.233091787439614,10.083561643835615,52.04427498946368,78.95821917808219,40.47433628318584,perclass,1,13.071643342996033,12.939801183057492,0,clean,14125,0.6209475699593039,54.897253696946414
78.97101449275362,78.95821917808219,naive,cloud shadow,62.283867087655985,36.58848293489701,58.74471937235969,78.28466183574879,77.92671232876712,49.24367371942886,32.664416104026,10.233091787439614,10.083561643835615,52.04427498946368,78.95821917808219,39.279807547737185,perclass,1,13.071643342996033,12.939801183057492,0,clean,13302,0.6209475699593039,65.9805531001389
78.97101449275362,78.95821917808219,mondrian,ALL,,,,78.28466183574879,77.92671232876712,,,10.233091787439614,10.083561643835615,52.04427498946368,78.95821917808219,,overall,1,13.071643342996033,12.939801183057492,0,clean,,0.6209475699593039,
78.97101449275362,78.95821917808219,mondrian,clear,85.46694577621716,2.6146262407995136,3.0592250805890906,78.28466183574879,77.92671232876712,86.46450358058526,76.15636193739293,10.233091787439614,10.083561643835615,52.04427498946368,78.95821917808219,92.4572894861233,perclass,1,13.071643342996033,12.939801183057492,0,clean,74045,0.6209475699593039,81.20129523538412
78.97101449275362,78.95821917808219,mondrian,thick cloud,77.87684153790873,7.667085878548329,9.845142313348905,78.28466183574879,77.92671232876712,81.6444029765833,68.98229152646658,10.233091787439614,10.083561643835615,52.04427498946368,78.95821917808219,80.57177506288178,perclass,1,13.071643342996033,12.939801183057492,0,clean,44528,0.6209475699593039,82.74597536786752
78.97101449275362,78.95821917808219,mondrian,thin cloud,53.28849557522124,31.893805309734514,59.85120233824897,78.28466183574879,77.92671232876712,46.595215778964096,30.374030389969185,10.233091787439614,10.083561643835615,52.04427498946368,78.95821917808219,40.47433628318584,perclass,1,13.071643342996033,12.939801183057492,0,clean,14125,0.6209475699593039,54.897253696946414
78.97101449275362,78.95821917808219,mondrian,cloud shadow,62.283867087655985,36.58848293489701,58.74471937235969,78.28466183574879,77.92671232876712,49.24367371942886,32.664416104026,10.233091787439614,10.083561643835615,52.04427498946368,78.95821917808219,39.279807547737185,perclass,1,13.071643342996033,12.939801183057492,0,clean,13302,0.6209475699593039,65.9805531001389
66.74130434782609,66.98424657534247,naive,ALL,,,,95.75519323671497,95.68219178082191,,,30.760748792270526,30.45,28.282303339769417,66.98424657534247,,overall,1,32.12436605524605,31.824103768182336,0,L2A,,0.6209475699593039,
66.74130434782609,66.98424657534247,naive,clear,99.43682895536497,0.19717739212640964,0.19829412723420436,95.75519323671497,95.68219178082191,76.26136533978425,61.63100599032525,30.760748792270526,30.45,28.282303339769417,66.98424657534247,99.62590316699304,perclass,1,32.12436605524605,31.824103768182336,0,L2A,74045,0.6209475699593039,61.773966637636505
66.74130434782609,66.98424657534247,naive,thick cloud,90.18595041322314,41.32680560546173,45.82399521888541,95.75519323671497,95.68219178082191,67.67606925649457,51.14424040778894,30.760748792270526,30.45,28.282303339769417,66.98424657534247,53.85375494071146,perclass,1,32.12436605524605,31.824103768182336,0,L2A,44528,0.6209475699593039,91.04369945707886
66.74130434782609,66.98424657534247,naive,thin cloud,91.82300884955752,91.81592920353982,99.99228989976869,95.75519323671497,95.68219178082191,0.3777544596012592,0.18923465096719932,30.760748792270526,30.45,28.282303339769417,66.98424657534247,0.1911504424778761,perclass,1,32.12436605524605,31.824103768182336,0,L2A,14125,0.6209475699593039,15.88235294117647
66.74130434782609,66.98424657534247,naive,cloud shadow,97.27860472109458,97.27860472109458,100.0,95.75519323671497,95.68219178082191,0.32892277790236973,0.16473230999625607,30.760748792270526,30.45,28.282303339769417,66.98424657534247,0.1653886633588934,perclass,1,32.12436605524605,31.824103768182336,0,L2A,13302,0.6209475699593039,29.333333333333332
66.74130434782609,66.98424657534247,mondrian,ALL,,,,40.228381642512076,39.132876712328766,,,7.977657004830917,7.6657534246575345,28.282303339769417,66.98424657534247,,overall,1,19.83091707671477,19.589036300626596,0,L2A,,0.7686387134533302,
66.74130434782609,66.98424657534247,mondrian,clear,55.0341008845972,0.0,0.0,40.228381642512076,39.132876712328766,76.26136533978425,61.63100599032525,7.977657004830917,7.6657534246575345,28.282303339769417,66.98424657534247,99.62590316699304,perclass,1,19.83091707671477,19.589036300626596,0,L2A,74045,0.7686387134533302,61.773966637636505
66.74130434782609,66.98424657534247,mondrian,thick cloud,16.76922385914481,5.109144807761409,30.46738984866747,40.228381642512076,39.132876712328766,67.67606925649457,51.14424040778894,7.977657004830917,7.6657534246575345,28.282303339769417,66.98424657534247,53.85375494071146,perclass,1,19.83091707671477,19.589036300626596,0,L2A,44528,0.7686387134533302,91.04369945707886
66.74130434782609,66.98424657534247,mondrian,thin cloud,30.513274336283185,30.513274336283185,100.0,40.228381642512076,39.132876712328766,0.3777544596012592,0.18923465096719932,7.977657004830917,7.6657534246575345,28.282303339769417,66.98424657534247,0.1911504424778761,perclass,1,19.83091707671477,19.589036300626596,0,L2A,14125,0.7686387134533302,15.88235294117647
66.74130434782609,66.98424657534247,mondrian,cloud shadow,34.63388964065554,34.63388964065554,100.0,40.228381642512076,39.132876712328766,0.32892277790236973,0.16473230999625607,7.977657004830917,7.6657534246575345,28.282303339769417,66.98424657534247,0.1653886633588934,perclass,1,19.83091707671477,19.589036300626596,0,L2A,13302,0.7686387134533302,29.333333333333332
79.57010869565217,79.41666666666667,naive,ALL,,,,75.28840579710146,75.26059322033898,,,7.607971014492754,7.705508474576271,53.60176576440693,79.41666666666667,,overall,1,10.105103081868755,10.23843706894125,1,clean,,0.6282593974880144,
79.57010869565217,79.41666666666667,naive,clear,82.27544580106387,2.989003114406196,3.632922417258475,75.28840579710146,75.26059322033898,85.96502918676867,75.38479518494712,7.607971014492754,7.705508474576271,53.60176576440693,79.41666666666667,88.88873577157347,perclass,1,10.105103081868755,10.23843706894125,1,clean,72566,0.6282593974880144,83.22752961213904
79.57010869565217,79.41666666666667,naive,thick cloud,78.66223668120256,5.599778500726795,7.11876338251254,75.28840579710146,75.26059322033898,83.68197944984563,71.9424032957674,7.607971014492754,7.705508474576271,53.60176576440693,79.41666666666667,83.80748021503888,perclass,1,10.105103081868755,10.23843706894125,1,clean,43341,0.6282593974880144,83.5568539946171
79.57010869565217,79.41666666666667,naive,thin cloud,39.722174876427474,22.012953809442646,55.41729242651792,75.28840579710146,75.26059322033898,45.0557752988756,29.078705828361635,7.607971014492754,7.705508474576271,53.60176576440693,79.41666666666667,43.19925004261121,perclass,1,10.105103081868755,10.23843706894125,1,clean,11734,0.6282593974880144,47.07903780068728
79.57010869565217,79.41666666666667,naive,cloud shadow,58.105881510136825,26.735439501396947,46.011589199852054,75.28840579710146,75.26059322033898,55.07368067509131,38.00115874855157,7.607971014492754,7.705508474576271,53.60176576440693,79.41666666666667,46.987606562074646,perclass,1,10.105103081868755,10.23843706894125,1,clean,13959,0.6282593974880144,66.5212981744422
79.57010869565217,79.41666666666667,mondrian,ALL,,,,75.28840579710146,75.26059322033898,,,7.607971014492754,7.705508474576271,53.60176576440693,79.41666666666667,,overall,1,10.105103081868755,10.23843706894125,1,clean,,0.6282593974880144,
79.57010869565217,79.41666666666667,mondrian,clear,82.27544580106387,2.989003114406196,3.632922417258475,75.28840579710146,75.26059322033898,85.96502918676867,75.38479518494712,7.607971014492754,7.705508474576271,53.60176576440693,79.41666666666667,88.88873577157347,perclass,1,10.105103081868755,10.23843706894125,1,clean,72566,0.6282593974880144,83.22752961213904
79.57010869565217,79.41666666666667,mondrian,thick cloud,78.66223668120256,5.599778500726795,7.11876338251254,75.28840579710146,75.26059322033898,83.68197944984563,71.9424032957674,7.607971014492754,7.705508474576271,53.60176576440693,79.41666666666667,83.80748021503888,perclass,1,10.105103081868755,10.23843706894125,1,clean,43341,0.6282593974880144,83.5568539946171
79.57010869565217,79.41666666666667,mondrian,thin cloud,39.722174876427474,22.012953809442646,55.41729242651792,75.28840579710146,75.26059322033898,45.0557752988756,29.078705828361635,7.607971014492754,7.705508474576271,53.60176576440693,79.41666666666667,43.19925004261121,perclass,1,10.105103081868755,10.23843706894125,1,clean,11734,0.6282593974880144,47.07903780068728
79.57010869565217,79.41666666666667,mondrian,cloud shadow,58.105881510136825,26.735439501396947,46.011589199852054,75.28840579710146,75.26059322033898,55.07368067509131,38.00115874855157,7.607971014492754,7.705508474576271,53.60176576440693,79.41666666666667,46.987606562074646,perclass,1,10.105103081868755,10.23843706894125,1,clean,13959,0.6282593974880144,66.5212981744422
68.19275362318841,68.19632768361582,naive,ALL,,,,95.32355072463766,95.26977401129943,,,29.14202898550724,29.103107344632768,29.137622359582473,68.19632768361582,,overall,1,30.57169898096871,30.548101584854187,1,L2A,,0.6282593974880144,
68.19275362318841,68.19632768361582,naive,clear,99.26687429374638,0.18465948240222696,0.18602326679068218,95.32355072463766,95.26977401129943,76.88262470991506,62.446607985888946,29.14202898550724,29.103107344632768,29.137622359582473,68.19632768361582,99.52594879144503,perclass,1,30.57169898096871,30.548101584854187,1,L2A,72566,0.6282593974880144,62.632902610354705
68.19275362318841,68.19632768361582,naive,thick cloud,88.61586027087516,38.335525253224425,43.260343166610255,95.32355072463766,95.26977401129943,70.01699161938772,53.866264900075336,29.14202898550724,29.103107344632768,29.137622359582473,68.19632768361582,56.094690939295354,perclass,1,30.57169898096871,30.548101584854187,1,L2A,43341,0.6282593974880144,93.13158398774182
68.19275362318841,68.19632768361582,naive,thin cloud,93.33560593148117,93.33560593148117,100.0,95.32355072463766,95.26977401129943,0.118173377226302,0.05912162162162163,29.14202898550724,29.103107344632768,29.137622359582473,68.19632768361582,0.059655701380603374,perclass,1,30.57169898096871,30.548101584854187,1,L2A,11734,0.6282593974880144,6.1946902654867255
68.19275362318841,68.19632768361582,naive,cloud shadow,96.77627337201805,96.77627337201805,100.0,95.32355072463766,95.26977401129943,0.3563537880407669,0.17849493074396686,29.14202898550724,29.103107344632768,29.137622359582473,68.19632768361582,0.17909592377677483,perclass,1,30.57169898096871,30.548101584854187,1,L2A,13959,0.6282593974880144,34.72222222222222
68.19275362318841,68.19632768361582,mondrian,ALL,,,,44.47010869565218,44.351694915254235,,,8.236413043478262,8.198446327683616,29.137622359582473,68.19632768361582,,overall,1,18.521234341582645,18.485080092990668,1,L2A,,0.7736832744934979,
68.19275362318841,68.19632768361582,mondrian,clear,64.08373067276686,0.0,0.0,44.47010869565218,44.351694915254235,76.88262470991506,62.446607985888946,8.236413043478262,8.198446327683616,29.137622359582473,68.19632768361582,99.52594879144503,perclass,1,18.521234341582645,18.485080092990668,1,L2A,72566,0.7736832744934979,62.632902610354705
68.19275362318841,68.19632768361582,mondrian,thick cloud,16.62859647908447,5.80743406935696,34.92437907589843,44.47010869565218,44.351694915254235,70.01699161938772,53.866264900075336,8.236413043478262,8.198446327683616,29.137622359582473,68.19632768361582,56.094690939295354,perclass,1,18.521234341582645,18.485080092990668,1,L2A,43341,0.7736832744934979,93.13158398774182
68.19275362318841,68.19632768361582,mondrian,thin cloud,32.87881370376683,32.87881370376683,100.0,44.47010869565218,44.351694915254235,0.118173377226302,0.05912162162162163,8.236413043478262,8.198446327683616,29.137622359582473,68.19632768361582,0.059655701380603374,perclass,1,18.521234341582645,18.485080092990668,1,L2A,11734,0.7736832744934979,6.1946902654867255
68.19275362318841,68.19632768361582,mondrian,cloud shadow,37.49552260190558,37.49552260190558,100.0,44.47010869565218,44.351694915254235,0.3563537880407669,0.17849493074396686,8.236413043478262,8.198446327683616,29.137622359582473,68.19632768361582,0.17909592377677483,perclass,1,18.521234341582645,18.485080092990668,1,L2A,13959,0.7736832744934979,34.72222222222222
79.97807971014494,79.70435967302453,naive,ALL,,,,76.38737922705315,75.82765667574932,,,8.315519323671497,8.28882833787466,54.23673302889811,79.70435967302453,,overall,1,10.88598588904919,10.93114135561245,2,clean,,0.6484136677255817,
79.97807971014494,79.70435967302453,naive,clear,83.36360863973269,2.250096129622509,2.6991347499681893,76.38737922705315,75.82765667574932,86.81108793445756,76.6957525699949,8.315519323671497,8.28882833787466,54.23673302889811,79.70435967302453,91.60291173311765,perclass,1,10.88598588904919,10.93114135561245,2,clean,75419,0.6484136677255817,82.49567138336617
79.97807971014494,79.70435967302453,naive,thick cloud,78.82333396620467,5.899943041579647,7.485020925541204,76.38737922705315,75.82765667574932,82.8368194943306,70.70209184900217,8.315519323671497,8.28882833787466,54.23673302889811,79.70435967302453,83.74311752420734,perclass,1,10.88598588904919,10.93114135561245,2,clean,42136,0.6484136677255817,81.94992800408751
79.97807971014494,79.70435967302453,naive,thin cloud,48.634854261468455,26.454310662895093,54.39372866354786,76.38737922705315,75.82765667574932,49.365292983668574,32.77152653691988,8.315519323671497,8.28882833787466,54.23673302889811,79.70435967302453,41.72918460213996,perclass,1,10.88598588904919,10.93114135561245,2,clean,16262,0.6484136677255817,60.42204612233996
79.97807971014494,79.70435967302453,naive,cloud shadow,56.38912423938998,28.367865670492183,50.307335063515914,76.38737922705315,75.82765667574932,53.7771851579383,36.77756115967549,8.315519323671497,8.28882833787466,54.23673302889811,79.70435967302453,45.043518447200185,perclass,1,10.88598588904919,10.93114135561245,2,clean,12983,0.6484136677255817,66.71229751311887
79.97807971014494,79.70435967302453,mondrian,ALL,,,,76.38737922705315,75.82765667574932,,,8.315519323671497,8.28882833787466,54.23673302889811,79.70435967302453,,overall,1,10.88598588904919,10.93114135561245,2,clean,,0.6484136677255817,
79.97807971014494,79.70435967302453,mondrian,clear,83.36360863973269,2.250096129622509,2.6991347499681893,76.38737922705315,75.82765667574932,86.81108793445756,76.6957525699949,8.315519323671497,8.28882833787466,54.23673302889811,79.70435967302453,91.60291173311765,perclass,1,10.88598588904919,10.93114135561245,2,clean,75419,0.6484136677255817,82.49567138336617
79.97807971014494,79.70435967302453,mondrian,thick cloud,78.82333396620467,5.899943041579647,7.485020925541204,76.38737922705315,75.82765667574932,82.8368194943306,70.70209184900217,8.315519323671497,8.28882833787466,54.23673302889811,79.70435967302453,83.74311752420734,perclass,1,10.88598588904919,10.93114135561245,2,clean,42136,0.6484136677255817,81.94992800408751
79.97807971014494,79.70435967302453,mondrian,thin cloud,48.634854261468455,26.454310662895093,54.39372866354786,76.38737922705315,75.82765667574932,49.365292983668574,32.77152653691988,8.315519323671497,8.28882833787466,54.23673302889811,79.70435967302453,41.72918460213996,perclass,1,10.88598588904919,10.93114135561245,2,clean,16262,0.6484136677255817,60.42204612233996
79.97807971014494,79.70435967302453,mondrian,cloud shadow,56.38912423938998,28.367865670492183,50.307335063515914,76.38737922705315,75.82765667574932,53.7771851579383,36.77756115967549,8.315519323671497,8.28882833787466,54.23673302889811,79.70435967302453,45.043518447200185,perclass,1,10.88598588904919,10.93114135561245,2,clean,12983,0.6484136677255817,66.71229751311887
67.75676328502414,67.7425068119891,naive,ALL,,,,95.08381642512074,94.82288828337875,,,29.22210144927536,29.034741144414166,29.404444023104887,67.7425068119891,,overall,1,30.732991741331706,30.619971264367813,2,L2A,,0.6484136677255817,
67.75676328502414,67.7425068119891,naive,clear,99.39802967422003,0.21612590991659927,0.21743480290802372,95.08381642512074,94.82288828337875,76.8331415420023,62.381343897152256,29.22210144927536,29.034741144414166,29.404444023104887,67.7425068119891,99.5955926225487,perclass,1,30.732991741331706,30.619971264367813,2,L2A,75419,0.6484136677255817,62.539756548382265
67.75676328502414,67.7425068119891,naive,thick cloud,87.67799506360356,36.00958800075944,41.07026851450845,95.08381642512074,94.82288828337875,70.82889534120255,54.833389811363375,29.22210144927536,29.034741144414166,29.404444023104887,67.7425068119891,57.60394911714448,perclass,1,30.732991741331706,30.619971264367813,2,L2A,42136,0.6484136677255817,91.93591151850309
67.75676328502414,67.7425068119891,naive,thin cloud,91.22494158160129,91.20649366621572,99.97977755308392,95.08381642512074,94.82288828337875,0.43745063491099095,0.2192047737928515,29.22210144927536,29.034741144414166,29.404444023104887,67.7425068119891,0.2213749846267372,perclass,1,30.732991741331706,30.619971264367813,2,L2A,16262,0.6484136677255817,18.274111675126903
67.75676328502414,67.7425068119891,naive,cloud shadow,95.94084572132789,95.93314334129246,99.99197174052665,95.08381642512074,94.82288828337875,0.3670005352091139,0.18383761011106856,29.22210144927536,29.034741144414166,29.404444023104887,67.7425068119891,0.18485712085034275,perclass,1,30.732991741331706,30.619971264367813,2,L2A,12983,0.6484136677255817,25.0
67.75676328502414,67.7425068119891,mondrian,ALL,,,,45.40978260869565,43.75,,,8.240036231884057,7.848092643051771,29.404444023104887,67.7425068119891,,overall,1,18.14594952565606,17.93849746983262,2,L2A,,0.769715910098132,
67.75676328502414,67.7425068119891,mondrian,clear,62.15675095135178,0.0,0.0,45.40978260869565,43.75,76.8331415420023,62.381343897152256,8.240036231884057,7.848092643051771,29.404444023104887,67.7425068119891,99.5955926225487,perclass,1,18.14594952565606,17.93849746983262,2,L2A,75419,0.769715910098132,62.539756548382265
67.75676328502414,67.7425068119891,mondrian,thick cloud,18.801025251566355,4.974368710841086,26.45796516031305,45.40978260869565,43.75,70.82889534120255,54.833389811363375,8.240036231884057,7.848092643051771,29.404444023104887,67.7425068119891,57.60394911714448,perclass,1,18.14594952565606,17.93849746983262,2,L2A,42136,0.769715910098132,91.93591151850309
67.75676328502414,67.7425068119891,mondrian,thin cloud,31.699667937523056,31.699667937523056,100.0,45.40978260869565,43.75,0.43745063491099095,0.2192047737928515,8.240036231884057,7.848092643051771,29.404444023104887,67.7425068119891,0.2213749846267372,perclass,1,18.14594952565606,17.93849746983262,2,L2A,16262,0.769715910098132,18.274111675126903
67.75676328502414,67.7425068119891,mondrian,cloud shadow,32.889162751290144,32.889162751290144,100.0,45.40978260869565,43.75,0.3670005352091139,0.18383761011106856,8.240036231884057,7.848092643051771,29.404444023104887,67.7425068119891,0.18485712085034275,perclass,1,18.14594952565606,17.93849746983262,2,L2A,12983,0.769715910098132,25.0
80.09402173913043,80.03742937853107,naive,ALL,,,,75.4161231884058,75.50706214689265,,,7.847282608695654,7.909604519774012,55.1951398144247,80.03742937853107,,overall,1,10.405311592444818,10.475317533062722,3,clean,,0.6781120685970082,
80.09402173913043,80.03742937853107,naive,clear,84.68167573808346,1.6905822200230909,1.99639674733408,75.4161231884058,75.50706214689265,87.13385531010988,77.2010557723204,7.847282608695654,7.909604519774012,55.1951398144247,80.03742937853107,92.46385177854748,perclass,1,10.405311592444818,10.475317533062722,3,clean,72756,0.6781120685970082,82.38485371737879
80.09402173913043,80.03742937853107,naive,thick cloud,76.35502543413436,5.803493121507505,7.60066948902235,75.4161231884058,75.50706214689265,82.59527811927641,70.35089968799419,7.847282608695654,7.909604519774012,55.1951398144247,80.03742937853107,82.49179341970081,perclass,1,10.405311592444818,10.475317533062722,3,clean,39907,0.6781120685970082,82.69902278493733
80.09402173913043,80.03742937853107,naive,thin cloud,44.33504998485308,25.401393517116027,57.29415784079263,75.4161231884058,75.50706214689265,48.526834154077285,32.03658805378003,7.847282608695654,7.909604519774012,55.1951398144247,80.03742937853107,44.03211148136928,perclass,1,10.405311592444818,10.475317533062722,3,clean,13204,0.6781120685970082,54.043502509760174
80.09402173913043,80.03742937853107,naive,cloud shadow,57.09019258882604,27.331087523040743,47.87352482743265,75.4161231884058,75.50706214689265,58.34893074748118,41.19201574360416,7.847282608695654,7.909604519774012,55.1951398144247,80.03742937853107,46.56454585902244,perclass,1,10.405311592444818,10.475317533062722,3,clean,15733,0.6781120685970082,78.1190019193858
80.09402173913043,80.03742937853107,mondrian,ALL,,,,75.4161231884058,75.50706214689265,,,7.847282608695654,7.909604519774012,55.1951398144247,80.03742937853107,,overall,1,10.405311592444818,10.475317533062722,3,clean,,0.6781120685970082,
80.09402173913043,80.03742937853107,mondrian,clear,84.68167573808346,1.6905822200230909,1.99639674733408,75.4161231884058,75.50706214689265,87.13385531010988,77.2010557723204,7.847282608695654,7.909604519774012,55.1951398144247,80.03742937853107,92.46385177854748,perclass,1,10.405311592444818,10.475317533062722,3,clean,72756,0.6781120685970082,82.38485371737879
80.09402173913043,80.03742937853107,mondrian,thick cloud,76.35502543413436,5.803493121507505,7.60066948902235,75.4161231884058,75.50706214689265,82.59527811927641,70.35089968799419,7.847282608695654,7.909604519774012,55.1951398144247,80.03742937853107,82.49179341970081,perclass,1,10.405311592444818,10.475317533062722,3,clean,39907,0.6781120685970082,82.69902278493733
80.09402173913043,80.03742937853107,mondrian,thin cloud,44.33504998485308,25.401393517116027,57.29415784079263,75.4161231884058,75.50706214689265,48.526834154077285,32.03658805378003,7.847282608695654,7.909604519774012,55.1951398144247,80.03742937853107,44.03211148136928,perclass,1,10.405311592444818,10.475317533062722,3,clean,13204,0.6781120685970082,54.043502509760174
80.09402173913043,80.03742937853107,mondrian,cloud shadow,57.09019258882604,27.331087523040743,47.87352482743265,75.4161231884058,75.50706214689265,58.34893074748118,41.19201574360416,7.847282608695654,7.909604519774012,55.1951398144247,80.03742937853107,46.56454585902244,perclass,1,10.405311592444818,10.475317533062722,3,clean,15733,0.6781120685970082,78.1190019193858
66.64492753623186,66.55861581920904,naive,ALL,,,,95.00235507246376,95.00706214689265,,,30.376630434782605,30.46186440677966,28.417295047844053,66.55861581920904,,overall,1,31.974607799577814,32.0627369359994,3,L2A,,0.6781120685970082,
66.64492753623186,66.55861581920904,naive,clear,99.63851778547473,0.17593050744955743,0.17656877215731173,95.00235507246376,95.00706214689265,75.96969839749127,61.25091805465275,30.376630434782605,30.46186440677966,28.417295047844053,66.55861581920904,99.72510858211007,perclass,1,31.974607799577814,32.0627369359994,3,L2A,72756,0.6781120685970082,61.35450755557811
66.64492753623186,66.55861581920904,naive,thick cloud,86.95216378079034,39.26378830781567,45.15561959654178,95.00235507246376,95.00706214689265,68.5825574767243,52.18679968192005,30.376630434782605,30.46186440677966,28.417295047844053,66.55861581920904,54.26867466860451,perclass,1,31.974607799577814,32.0627369359994,3,L2A,39907,0.6781120685970082,93.15239365133984
66.64492753623186,66.55861581920904,naive,thin cloud,91.9569827325053,91.9569827325053,100.0,95.00235507246376,95.00706214689265,0.19616719480911424,0.09817989577826447,30.376630434782605,30.46186440677966,28.417295047844053,66.55861581920904,0.09845501363223265,perclass,1,31.974607799577814,32.0627369359994,3,L2A,13204,0.6781120685970082,26.0
66.64492753623186,66.55861581920904,naive,cloud shadow,96.580436026187,96.580436026187,100.0,95.00235507246376,95.00706214689265,0.2662103061418521,0.13328255902513328,30.376630434782605,30.46186440677966,28.417295047844053,66.55861581920904,0.133477404182292,perclass,1,31.974607799577814,32.0627369359994,3,L2A,15733,0.6781120685970082,47.72727272727273
66.64492753623186,66.55861581920904,mondrian,ALL,,,,50.635326086956525,50.574858757062145,,,9.98840579710145,9.963276836158192,28.417295047844053,66.55861581920904,,overall,1,19.726160704383076,19.70005864775044,3,L2A,,0.7610461410354166,
66.64492753623186,66.55861581920904,mondrian,clear,72.18373742371763,0.0,0.0,50.635326086956525,50.574858757062145,75.96969839749127,61.25091805465275,9.98840579710145,9.963276836158192,28.417295047844053,66.55861581920904,99.72510858211007,perclass,1,19.726160704383076,19.70005864775044,3,L2A,72756,0.7610461410354166,61.35450755557811
66.64492753623186,66.55861581920904,mondrian,thick cloud,19.375046984238352,6.875986669005438,35.488877392653905,50.635326086956525,50.574858757062145,68.5825574767243,52.18679968192005,9.98840579710145,9.963276836158192,28.417295047844053,66.55861581920904,54.26867466860451,perclass,1,19.726160704383076,19.70005864775044,3,L2A,39907,0.7610461410354166,93.15239365133984
66.64492753623186,66.55861581920904,mondrian,thin cloud,36.292032717358374,36.292032717358374,100.0,50.635326086956525,50.574858757062145,0.19616719480911424,0.09817989577826447,9.98840579710145,9.963276836158192,28.417295047844053,66.55861581920904,0.09845501363223265,perclass,1,19.726160704383076,19.70005864775044,3,L2A,13204,0.7610461410354166,26.0
66.64492753623186,66.55861581920904,mondrian,cloud shadow,41.772071442191574,41.772071442191574,100.0,50.635326086956525,50.574858757062145,0.2662103061418521,0.13328255902513328,9.98840579710145,9.963276836158192,28.417295047844053,66.55861581920904,0.133477404182292,perclass,1,19.726160704383076,19.70005864775044,3,L2A,15733,0.7610461410354166,47.72727272727273
80.25217391304348,80.132,naive,ALL,,,,76.9042270531401,76.59133333333334,,,8.246376811594205,8.219333333333333,53.976904780080496,80.132,,overall,1,10.722917487872333,10.731414346270682,4,clean,,0.6567869186401367,
80.25217391304348,80.132,naive,clear,85.51888699099005,2.031476145150144,2.375470748776434,76.9042270531401,76.59133333333334,87.09124087591239,77.13417590587322,8.246376811594205,8.219333333333333,53.976904780080496,80.132,93.34489457968785,perclass,1,10.722917487872333,10.731414346270682,4,clean,76693,0.6567869186401367,81.62290353107505
80.25217391304348,80.132,naive,thick cloud,77.94282636987838,6.704662747385899,8.602026715799171,76.9042270531401,76.59133333333334,83.12531940264608,71.12346230833512,8.246376811594205,8.219333333333333,53.976904780080496,80.132,82.12089934030426,perclass,1,10.722917487872333,10.731414346270682,4,clean,44566,0.6567869186401367,84.15461381038884
80.25217391304348,80.132,naive,thin cloud,41.83869065172515,25.567679150693014,61.11013215859031,76.9042270531401,76.59133333333334,43.66345311130587,27.929140038120863,8.246376811594205,8.219333333333333,53.976904780080496,80.132,36.72957829548806,perclass,1,10.722917487872333,10.731414346270682,4,clean,13564,0.6567869186401367,53.82454624027658
80.25217391304348,80.132,naive,cloud shadow,58.568887131844235,28.431178757330173,48.543143210709864,76.9042270531401,76.59133333333334,56.85743174924165,39.72084086799277,8.246376811594205,8.219333333333333,53.976904780080496,80.132,46.31350069183633,perclass,1,10.722917487872333,10.731414346270682,4,clean,15177,0.6567869186401367,73.61751152073732
80.25217391304348,80.132,mondrian,ALL,,,,76.9042270531401,76.59133333333334,,,8.246376811594205,8.219333333333333,53.976904780080496,80.132,,overall,1,10.722917487872333,10.731414346270682,4,clean,,0.6567869186401367,
80.25217391304348,80.132,mondrian,clear,85.51888699099005,2.031476145150144,2.375470748776434,76.9042270531401,76.59133333333334,87.09124087591239,77.13417590587322,8.246376811594205,8.219333333333333,53.976904780080496,80.132,93.34489457968785,perclass,1,10.722917487872333,10.731414346270682,4,clean,76693,0.6567869186401367,81.62290353107505
80.25217391304348,80.132,mondrian,thick cloud,77.94282636987838,6.704662747385899,8.602026715799171,76.9042270531401,76.59133333333334,83.12531940264608,71.12346230833512,8.246376811594205,8.219333333333333,53.976904780080496,80.132,82.12089934030426,perclass,1,10.722917487872333,10.731414346270682,4,clean,44566,0.6567869186401367,84.15461381038884
80.25217391304348,80.132,mondrian,thin cloud,41.83869065172515,25.567679150693014,61.11013215859031,76.9042270531401,76.59133333333334,43.66345311130587,27.929140038120863,8.246376811594205,8.219333333333333,53.976904780080496,80.132,36.72957829548806,perclass,1,10.722917487872333,10.731414346270682,4,clean,13564,0.6567869186401367,53.82454624027658
80.25217391304348,80.132,mondrian,cloud shadow,58.568887131844235,28.431178757330173,48.543143210709864,76.9042270531401,76.59133333333334,56.85743174924165,39.72084086799277,8.246376811594205,8.219333333333333,53.976904780080496,80.132,46.31350069183633,perclass,1,10.722917487872333,10.731414346270682,4,clean,15177,0.6567869186401367,73.61751152073732
67.51847826086956,67.62333333333333,naive,ALL,,,,95.17717391304346,95.09933333333333,,,29.56884057971014,29.395333333333333,29.05437215678303,67.62333333333333,,overall,1,31.067155457594342,30.910136068251443,4,L2A,,0.6567869186401367,
67.51847826086956,67.62333333333333,naive,clear,99.49539071362446,0.19819279464879455,0.19919796608392523,95.17717391304346,95.09933333333333,76.47347249184463,61.90854226578638,29.56884057971014,29.395333333333333,29.05437215678303,67.62333333333333,99.64794700950543,perclass,1,31.067155457594342,30.910136068251443,4,L2A,76693,0.6567869186401367,62.04424599147554
67.51847826086956,67.62333333333333,naive,thick cloud,88.53385989319213,38.269084055109275,43.22536496350365,95.17717391304346,95.09933333333333,70.10784093462142,53.973882210499,29.56884057971014,29.395333333333333,29.05437215678303,67.62333333333333,56.015796795763585,perclass,1,31.067155457594342,30.910136068251443,4,L2A,44566,0.6567869186401367,93.67354596622889
67.51847826086956,67.62333333333333,naive,thin cloud,90.24624004718372,90.23886759068121,99.99183073278327,95.17717391304346,95.09933333333333,0.3803672006436983,0.1905459875412239,29.56884057971014,29.395333333333333,29.05437215678303,67.62333333333333,0.1916838690651725,perclass,1,31.067155457594342,30.910136068251443,4,L2A,13564,0.6567869186401367,24.299065420560748
67.51847826086956,67.62333333333333,naive,cloud shadow,96.50128483890097,96.50128483890097,100.0,95.17717391304346,95.09933333333333,0.28861921941620206,0.14451816330552453,29.56884057971014,29.395333333333333,29.05437215678303,67.62333333333333,0.14495618369901825,perclass,1,31.067155457594342,30.910136068251443,4,L2A,15177,0.6567869186401367,32.35294117647059
67.51847826086956,67.62333333333333,mondrian,ALL,,,,42.600603864734296,41.57533333333333,,,7.848429951690821,7.556666666666667,29.05437215678303,67.62333333333333,,overall,1,18.423283333286083,18.175841444446228,4,L2A,,0.7451882271205678,
67.51847826086956,67.62333333333333,mondrian,clear,59.26877289974313,0.0,0.0,42.600603864734296,41.57533333333333,76.47347249184463,61.90854226578638,7.848429951690821,7.556666666666667,29.05437215678303,67.62333333333333,99.64794700950543,perclass,1,18.423283333286083,18.175841444446228,4,L2A,76693,0.7451882271205678,62.04424599147554
67.51847826086956,67.62333333333333,mondrian,thick cloud,18.312166225373602,5.807117533545752,31.711800024506804,42.600603864734296,41.57533333333333,70.10784093462142,53.973882210499,7.848429951690821,7.556666666666667,29.05437215678303,67.62333333333333,56.015796795763585,perclass,1,18.423283333286083,18.175841444446228,4,L2A,44566,0.7451882271205678,93.67354596622889
67.51847826086956,67.62333333333333,mondrian,thin cloud,26.09849601887349,26.09849601887349,100.0,42.600603864734296,41.57533333333333,0.3803672006436983,0.1905459875412239,7.848429951690821,7.556666666666667,29.05437215678303,67.62333333333333,0.1916838690651725,perclass,1,18.423283333286083,18.175841444446228,4,L2A,13564,0.7451882271205678,24.299065420560748
67.51847826086956,67.62333333333333,mondrian,cloud shadow,34.308493114581275,34.308493114581275,100.0,42.600603864734296,41.57533333333333,0.28861921941620206,0.14451816330552453,7.848429951690821,7.556666666666667,29.05437215678303,67.62333333333333,0.14495618369901825,perclass,1,18.423283333286083,18.175841444446228,4,L2A,15177,0.7451882271205678,32.35294117647059
79.35960144927536,79.10164835164835,naive,ALL,,,,77.71557971014495,77.49381868131869,,,9.151449275362321,9.224587912087912,52.862679079600326,79.10164835164835,,overall,1,11.775565864006154,11.903643502228995,5,clean,,0.6363587267258588,
79.35960144927536,79.10164835164835,naive,clear,84.40599984042979,2.6860987739687774,3.182355257975581,77.71557971014495,77.49381868131869,86.3204503763679,75.9331389525696,9.151449275362321,9.224587912087912,52.862679079600326,79.10164835164835,90.7316294779394,perclass,1,11.775565864006154,11.903643502228995,5,clean,75202,0.6363587267258588,82.31830904352861
79.35960144927536,79.10164835164835,naive,thick cloud,79.18061383244543,6.510772712271934,8.2226853230128,77.71557971014495,77.49381868131869,82.33675052190847,69.97660772341607,9.151449275362321,9.224587912087912,52.862679079600326,79.10164835164835,83.20918391400689,perclass,1,11.775565864006154,11.903643502228995,5,clean,42422,0.6363587267258588,81.48242192008495
79.35960144927536,79.10164835164835,naive,thin cloud,52.65660533388464,32.03776445455172,60.84282162020678,77.71557971014495,77.49381868131869,44.940845536526844,28.98303276064454,9.151449275362321,9.224587912087912,52.862679079600326,79.10164835164835,37.433671008200676,perclass,1,11.775565864006154,11.903643502228995,5,clean,14511,0.6363587267258588,56.21442616164752
79.35960144927536,79.10164835164835,naive,cloud shadow,60.34162643891571,29.706646862235424,49.23076923076923,77.71557971014495,77.49381868131869,53.54201698788427,36.55793688177108,9.151449275362321,9.224587912087912,52.862679079600326,79.10164835164835,46.112142591904934,perclass,1,11.775565864006154,11.903643502228995,5,clean,13465,0.6363587267258588,63.82606907894737
79.35960144927536,79.10164835164835,mondrian,ALL,,,,77.71557971014495,77.49381868131869,,,9.151449275362321,9.224587912087912,52.862679079600326,79.10164835164835,,overall,1,11.775565864006154,11.903643502228995,5,clean,,0.6363587267258588,
79.35960144927536,79.10164835164835,mondrian,clear,84.40599984042979,2.6860987739687774,3.182355257975581,77.71557971014495,77.49381868131869,86.3204503763679,75.9331389525696,9.151449275362321,9.224587912087912,52.862679079600326,79.10164835164835,90.7316294779394,perclass,1,11.775565864006154,11.903643502228995,5,clean,75202,0.6363587267258588,82.31830904352861
79.35960144927536,79.10164835164835,mondrian,thick cloud,79.18061383244543,6.510772712271934,8.2226853230128,77.71557971014495,77.49381868131869,82.33675052190847,69.97660772341607,9.151449275362321,9.224587912087912,52.862679079600326,79.10164835164835,83.20918391400689,perclass,1,11.775565864006154,11.903643502228995,5,clean,42422,0.6363587267258588,81.48242192008495
79.35960144927536,79.10164835164835,mondrian,thin cloud,52.65660533388464,32.03776445455172,60.84282162020678,77.71557971014495,77.49381868131869,44.940845536526844,28.98303276064454,9.151449275362321,9.224587912087912,52.862679079600326,79.10164835164835,37.433671008200676,perclass,1,11.775565864006154,11.903643502228995,5,clean,14511,0.6363587267258588,56.21442616164752
79.35960144927536,79.10164835164835,mondrian,cloud shadow,60.34162643891571,29.706646862235424,49.23076923076923,77.71557971014495,77.49381868131869,53.54201698788427,36.55793688177108,9.151449275362321,9.224587912087912,52.862679079600326,79.10164835164835,46.112142591904934,perclass,1,11.775565864006154,11.903643502228995,5,clean,13465,0.6363587267258588,63.82606907894737
68.15724637681159,67.94642857142857,naive,ALL,,,,95.1076086956522,95.02953296703296,,,28.881159420289855,29.032967032967033,29.197053495247076,67.94642857142857,,overall,1,30.36682323988464,30.55152027637446,5,L2A,,0.6363587267258588,
68.15724637681159,67.94642857142857,naive,clear,99.19284061594107,0.32844871147043964,0.3311213888330317,95.1076086956522,95.02953296703296,77.10091080320976,62.73513604299631,28.881159420289855,29.032967032967033,29.197053495247076,67.94642857142857,99.33911332145422,perclass,1,30.36682323988464,30.55152027637446,5,L2A,75202,0.6363587267258588,62.99806886315914
68.15724637681159,67.94642857142857,naive,thick cloud,88.07222667483853,36.820517655933244,41.80718376960548,95.1076086956522,95.02953296703296,69.93811809611937,53.772955667215086,28.881159420289855,29.032967032967033,29.197053495247076,67.94642857142857,57.012870680307394,perclass,1,30.36682323988464,30.55152027637446,5,L2A,42422,0.6363587267258588,90.442001346197
68.15724637681159,67.94642857142857,naive,thin cloud,92.35752187995314,92.35752187995314,100.0,95.1076086956522,95.02953296703296,0.1905410003402518,0.09536135140657993,28.881159420289855,29.032967032967033,29.197053495247076,67.94642857142857,0.0964785335262904,perclass,1,30.36682323988464,30.55152027637446,5,L2A,14511,0.6363587267258588,7.608695652173914
68.15724637681159,67.94642857142857,naive,cloud shadow,96.57630894912737,96.56888228741181,99.99231005844355,95.1076086956522,95.02953296703296,0.3688403658896429,0.1847609193703348,28.881159420289855,29.032967032967033,29.197053495247076,67.94642857142857,0.18566654288897141,perclass,1,30.36682323988464,30.55152027637446,5,L2A,13465,0.6363587267258588,27.472527472527474
68.15724637681159,67.94642857142857,mondrian,ALL,,,,43.186956521739134,42.77472527472527,,,7.105253623188407,7.000686813186813,29.197053495247076,67.94642857142857,,overall,1,16.45231383603477,16.366409762363517,5,L2A,,0.7647439440091451,
68.15724637681159,67.94642857142857,mondrian,clear,62.506316321374435,0.0,0.0,43.186956521739134,42.77472527472527,77.10091080320976,62.73513604299631,7.105253623188407,7.000686813186813,29.197053495247076,67.94642857142857,99.33911332145422,perclass,1,16.45231383603477,16.366409762363517,5,L2A,75202,0.7647439440091451,62.99806886315914
68.15724637681159,67.94642857142857,mondrian,thick cloud,17.05247277356089,5.07519683183254,29.7622338954935,43.186956521739134,42.77472527472527,69.93811809611937,53.772955667215086,7.105253623188407,7.000686813186813,29.197053495247076,67.94642857142857,57.012870680307394,perclass,1,16.45231383603477,16.366409762363517,5,L2A,42422,0.7647439440091451,90.442001346197
68.15724637681159,67.94642857142857,mondrian,thin cloud,24.25745985803873,24.25745985803873,100.0,43.186956521739134,42.77472527472527,0.1905410003402518,0.09536135140657993,7.105253623188407,7.000686813186813,29.197053495247076,67.94642857142857,0.0964785335262904,perclass,1,16.45231383603477,16.366409762363517,5,L2A,14511,0.7647439440091451,7.608695652173914
68.15724637681159,67.94642857142857,mondrian,cloud shadow,33.56851095432603,33.56851095432603,100.0,43.186956521739134,42.77472527472527,0.3688403658896429,0.1847609193703348,7.105253623188407,7.000686813186813,29.197053495247076,67.94642857142857,0.18566654288897141,perclass,1,16.45231383603477,16.366409762363517,5,L2A,13465,0.7647439440091451,27.472527472527474
80.04003623188405,79.81824512534818,naive,ALL,,,,76.58840579710146,76.34958217270194,,,8.417934782608693,8.450557103064067,54.412158535688015,79.81824512534818,,overall,1,10.991134617568024,11.068242762545834,6,clean,,0.6707297991303837,
80.04003623188405,79.81824512534818,naive,clear,84.80673714586975,1.8910069646771555,2.229783892551573,76.58840579710146,76.34958217270194,86.97781318150358,76.95640619764526,8.417934782608693,8.450557103064067,54.412158535688015,79.81824512534818,92.40683703765366,perclass,1,10.991134617568024,11.068242762545834,6,clean,72078,0.6707297991303837,82.15131481572845
80.04003623188405,79.81824512534818,naive,thick cloud,77.82376191583353,6.089281562427343,7.824450286806883,76.58840579710146,76.34958217270194,82.88445436784816,70.77152219243372,8.417934782608693,8.450557103064067,54.412158535688015,79.81824512534818,82.8574750058126,perclass,1,10.991134617568024,11.068242762545834,6,clean,43010,0.6707297991303837,82.91145130519753
80.04003623188405,79.81824512534818,naive,thin cloud,48.61120828377528,29.70684950675156,61.111111111111114,76.58840579710146,76.34958217270194,47.06972247955855,30.778550358196377,8.417934782608693,8.450557103064067,54.412158535688015,79.81824512534818,40.8801511229273,perclass,1,10.991134617568024,11.068242762545834,6,clean,14293,0.6707297991303837,55.46800835390165
80.04003623188405,79.81824512534818,naive,cloud shadow,56.902735776074266,27.477319080104085,48.288221480657526,76.58840579710146,76.34958217270194,56.262108752744645,39.142155394476724,8.417934782608693,8.450557103064067,54.412158535688015,79.81824512534818,45.952598635628384,perclass,1,10.991134617568024,11.068242762545834,6,clean,14219,0.6707297991303837,72.53552397868562
80.04003623188405,79.81824512534818,mondrian,ALL,,,,76.58840579710146,76.34958217270194,,,8.417934782608693,8.450557103064067,54.412158535688015,79.81824512534818,,overall,1,10.991134617568024,11.068242762545834,6,clean,,0.6707297991303837,
80.04003623188405,79.81824512534818,mondrian,clear,84.80673714586975,1.8910069646771555,2.229783892551573,76.58840579710146,76.34958217270194,86.97781318150358,76.95640619764526,8.417934782608693,8.450557103064067,54.412158535688015,79.81824512534818,92.40683703765366,perclass,1,10.991134617568024,11.068242762545834,6,clean,72078,0.6707297991303837,82.15131481572845
80.04003623188405,79.81824512534818,mondrian,thick cloud,77.82376191583353,6.089281562427343,7.824450286806883,76.58840579710146,76.34958217270194,82.88445436784816,70.77152219243372,8.417934782608693,8.450557103064067,54.412158535688015,79.81824512534818,82.8574750058126,perclass,1,10.991134617568024,11.068242762545834,6,clean,43010,0.6707297991303837,82.91145130519753
80.04003623188405,79.81824512534818,mondrian,thin cloud,48.61120828377528,29.70684950675156,61.111111111111114,76.58840579710146,76.34958217270194,47.06972247955855,30.778550358196377,8.417934782608693,8.450557103064067,54.412158535688015,79.81824512534818,40.8801511229273,perclass,1,10.991134617568024,11.068242762545834,6,clean,14293,0.6707297991303837,55.46800835390165
80.04003623188405,79.81824512534818,mondrian,cloud shadow,56.902735776074266,27.477319080104085,48.288221480657526,76.58840579710146,76.34958217270194,56.262108752744645,39.142155394476724,8.417934782608693,8.450557103064067,54.412158535688015,79.81824512534818,45.952598635628384,perclass,1,10.991134617568024,11.068242762545834,6,clean,14219,0.6707297991303837,72.53552397868562
67.60978260869564,67.51044568245126,naive,ALL,,,,95.31938405797104,95.22841225626742,,,29.593297101449277,29.643454038997213,29.340734492562675,67.51044568245126,,overall,1,31.046462788147394,31.128791645947285,6,L2A,,0.6707297991303837,
67.60978260869564,67.51044568245126,naive,clear,99.60736979383445,0.16371153472626876,0.16435684936276898,95.31938405797104,95.22841225626742,76.4098338870432,61.82517290025118,29.593297101449277,29.643454038997213,29.340734492562675,67.51044568245126,99.7155858930603,perclass,1,31.046462788147394,31.128791645947285,6,L2A,72078,0.6707297991303837,61.93438865287341
67.60978260869564,67.51044568245126,naive,thick cloud,88.26784468728202,35.954429202511044,40.73332630913497,95.31938405797104,95.22841225626742,71.20003412823685,55.27954425013248,29.593297101449277,29.643454038997213,29.340734492562675,67.51044568245126,58.20739362938851,perclass,1,31.046462788147394,31.128791645947285,6,L2A,43010,0.6707297991303837,91.65964925127228
67.60978260869564,67.51044568245126,naive,thin cloud,93.10851465752467,93.09452179388512,99.98497144574692,95.31938405797104,95.22841225626742,0.16608996539792387,0.0831140047097936,29.593297101449277,29.643454038997213,29.340734492562675,67.51044568245126,0.083957181837263,perclass,1,31.046462788147394,31.128791645947285,6,L2A,14293,0.6707297991303837,7.643312101910828
67.60978260869564,67.51044568245126,naive,cloud shadow,96.21633026232506,96.20929741894648,99.99269059279293,95.31938405797104,95.22841225626742,0.34960145434205003,0.1751068151572459,29.593297101449277,29.643454038997213,29.340734492562675,67.51044568245126,0.175821084464449,perclass,1,31.046462788147394,31.128791645947285,6,L2A,14219,0.6707297991303837,30.120481927710845
67.60978260869564,67.51044568245126,mondrian,ALL,,,,51.41829710144927,51.13718662952647,,,9.835507246376812,9.727715877437326,29.340734492562675,67.51044568245126,,overall,1,19.12841887192641,19.022782672640364,6,L2A,,0.7519091606140137,
67.60978260869564,67.51044568245126,mondrian,clear,73.59249701712034,0.0013873858875107523,0.0018852273584194254,51.41829710144927,51.13718662952647,76.4098338870432,61.82517290025118,9.835507246376812,9.727715877437326,29.340734492562675,67.51044568245126,99.7155858930603,perclass,1,19.12841887192641,19.022782672640364,6,L2A,72078,0.7519091606140137,61.93438865287341
67.60978260869564,67.51044568245126,mondrian,thick cloud,21.476400837014648,6.547314578005114,30.486088556890767,51.41829710144927,51.13718662952647,71.20003412823685,55.27954425013248,9.835507246376812,9.727715877437326,29.340734492562675,67.51044568245126,58.20739362938851,perclass,1,19.12841887192641,19.022782672640364,6,L2A,43010,0.7519091606140137,91.65964925127228
67.60978260869564,67.51044568245126,mondrian,thin cloud,36.857202826558456,36.857202826558456,100.0,51.41829710144927,51.13718662952647,0.16608996539792387,0.0831140047097936,9.835507246376812,9.727715877437326,29.340734492562675,67.51044568245126,0.083957181837263,perclass,1,19.12841887192641,19.022782672640364,6,L2A,14293,0.7519091606140137,7.643312101910828
67.60978260869564,67.51044568245126,mondrian,cloud shadow,41.381250439552716,41.381250439552716,100.0,51.41829710144927,51.13718662952647,0.34960145434205003,0.1751068151572459,9.835507246376812,9.727715877437326,29.340734492562675,67.51044568245126,0.175821084464449,perclass,1,19.12841887192641,19.022782672640364,6,L2A,14219,0.7519091606140137,30.120481927710845
80.23677536231885,80.02008310249307,naive,ALL,,,,75.3243961352657,75.09418282548476,,,7.81183574879227,7.837950138504154,53.015782811529924,80.02008310249307,,overall,1,10.37092383026074,10.43749308347781,7,clean,,0.6562634958940393,
80.23677536231885,80.02008310249307,naive,clear,82.51188697187882,2.1410134492596113,2.594793947676046,75.3243961352657,75.09418282548476,87.02077216157696,77.02369172325156,7.81183574879227,7.837950138504154,53.015782811529924,80.02008310249307,91.99836978671377,perclass,1,10.37092383026074,10.43749308347781,7,clean,73610,0.6562634958940393,82.55415635552413
80.23677536231885,80.02008310249307,naive,thick cloud,77.28159694964674,5.49287877088707,7.107615509635477,75.3243961352657,75.09418282548476,83.16259698384442,71.17806013913643,7.81183574879227,7.837950138504154,53.015782811529924,80.02008310249307,83.30155882023101,perclass,1,10.37092383026074,10.43749308347781,7,clean,44585,0.6562634958940393,83.0240980015201
80.23677536231885,80.02008310249307,naive,thin cloud,40.80091908747743,30.38732972263253,74.4770716009654,75.3243961352657,75.09418282548476,37.755775577557756,23.270951993490645,7.81183574879227,7.837950138504154,53.015782811529924,80.02008310249307,30.510421795503035,perclass,1,10.37092383026074,10.43749308347781,7,clean,12186,0.6562634958940393,49.513916633373285
80.23677536231885,80.02008310249307,naive,cloud shadow,58.99850203295528,25.608103288394325,43.4046669084754,75.3243961352657,75.09418282548476,57.74280389314558,40.59042739024106,7.81183574879227,7.837950138504154,53.015782811529924,80.02008310249307,49.72537270846708,perclass,1,10.37092383026074,10.43749308347781,7,clean,14019,0.6562634958940393,68.84258344854828
80.23677536231885,80.02008310249307,mondrian,ALL,,,,75.3243961352657,75.09418282548476,,,7.81183574879227,7.837950138504154,53.015782811529924,80.02008310249307,,overall,1,10.37092383026074,10.43749308347781,7,clean,,0.6562634958940393,
80.23677536231885,80.02008310249307,mondrian,clear,82.51188697187882,2.1410134492596113,2.594793947676046,75.3243961352657,75.09418282548476,87.02077216157696,77.02369172325156,7.81183574879227,7.837950138504154,53.015782811529924,80.02008310249307,91.99836978671377,perclass,1,10.37092383026074,10.43749308347781,7,clean,73610,0.6562634958940393,82.55415635552413
80.23677536231885,80.02008310249307,mondrian,thick cloud,77.28159694964674,5.49287877088707,7.107615509635477,75.3243961352657,75.09418282548476,83.16259698384442,71.17806013913643,7.81183574879227,7.837950138504154,53.015782811529924,80.02008310249307,83.30155882023101,perclass,1,10.37092383026074,10.43749308347781,7,clean,44585,0.6562634958940393,83.0240980015201
80.23677536231885,80.02008310249307,mondrian,thin cloud,40.80091908747743,30.38732972263253,74.4770716009654,75.3243961352657,75.09418282548476,37.755775577557756,23.270951993490645,7.81183574879227,7.837950138504154,53.015782811529924,80.02008310249307,30.510421795503035,perclass,1,10.37092383026074,10.43749308347781,7,clean,12186,0.6562634958940393,49.513916633373285
80.23677536231885,80.02008310249307,mondrian,cloud shadow,58.99850203295528,25.608103288394325,43.4046669084754,75.3243961352657,75.09418282548476,57.74280389314558,40.59042739024106,7.81183574879227,7.837950138504154,53.015782811529924,80.02008310249307,49.72537270846708,perclass,1,10.37092383026074,10.43749308347781,7,clean,14019,0.6562634958940393,68.84258344854828
68.62596618357486,68.41204986149584,naive,ALL,,,,95.20960144927535,95.25415512465374,,,28.580797101449264,28.81925207756233,29.415178443216917,68.41204986149584,,overall,1,30.01881813009815,30.2551127978073,7,L2A,,0.6562634958940393,
68.62596618357486,68.41204986149584,naive,clear,99.57206901236245,0.17253090612688493,0.17327239238692954,95.20960144927535,95.25415512465374,76.876103089436,62.438003521995455,28.580797101449264,28.81925207756233,29.415178443216917,68.41204986149584,99.7065616084771,perclass,1,30.01881813009815,30.2551127978073,7,L2A,73610,0.6562634958940393,62.55294849613486
68.62596618357486,68.41204986149584,naive,thick cloud,88.43557250196254,37.38477066277896,42.27345354941794,95.20960144927535,95.25415512465374,70.95736347358998,54.987533875338755,28.580797101449264,28.81925207756233,29.415178443216917,68.41204986149584,56.886845351575644,perclass,1,30.01881813009815,30.2551127978073,7,L2A,44585,0.6562634958940393,94.27573133107832
68.62596618357486,68.41204986149584,naive,thin cloud,92.14672575086165,92.12210733628754,99.97328346246327,95.20960144927535,95.25415512465374,0.34190817323347444,0.17124684008806978,28.580797101449264,28.81925207756233,29.415178443216917,68.41204986149584,0.17232890201870998,perclass,1,30.01881813009815,30.2551127978073,7,L2A,12186,0.6562634958940393,21.428571428571427
68.62596618357486,68.41204986149584,naive,cloud shadow,96.96840002853271,96.96840002853271,100.0,95.20960144927535,95.25415512465374,0.12777738340313763,0.06392953544537576,28.580797101449264,28.81925207756233,29.415178443216917,68.41204986149584,0.06419858763107211,perclass,1,30.01881813009815,30.2551127978073,7,L2A,14019,0.6562634958940393,13.23529411764706
68.62596618357486,68.41204986149584,mondrian,ALL,,,,46.7625,46.30332409972299,,,9.071437198067631,8.932825484764544,29.415178443216917,68.41204986149584,,overall,1,19.398956852323188,19.29197451467201,7,L2A,,0.7552377153845394,
68.62596618357486,68.41204986149584,mondrian,clear,65.1854367613096,0.0013585110718652357,0.0020840714419690307,46.7625,46.30332409972299,76.876103089436,62.438003521995455,9.071437198067631,8.932825484764544,29.415178443216917,68.41204986149584,99.7065616084771,perclass,1,19.398956852323188,19.29197451467201,7,L2A,73610,0.7552377153845394,62.55294849613486
68.62596618357486,68.41204986149584,mondrian,thick cloud,20.30054951216777,6.885723898172031,33.918903988509555,46.7625,46.30332409972299,70.95736347358998,54.987533875338755,9.071437198067631,8.932825484764544,29.415178443216917,68.41204986149584,56.886845351575644,perclass,1,19.398956852323188,19.29197451467201,7,L2A,44585,0.7552377153845394,94.27573133107832
68.62596618357486,68.41204986149584,mondrian,thin cloud,36.02494666010176,36.02494666010176,100.0,46.7625,46.30332409972299,0.34190817323347444,0.17124684008806978,9.071437198067631,8.932825484764544,29.415178443216917,68.41204986149584,0.17232890201870998,perclass,1,19.398956852323188,19.29197451467201,7,L2A,12186,0.7552377153845394,21.428571428571427
68.62596618357486,68.41204986149584,mondrian,cloud shadow,38.79021328197446,38.79021328197446,100.0,46.7625,46.30332409972299,0.12777738340313763,0.06392953544537576,9.071437198067631,8.932825484764544,29.415178443216917,68.41204986149584,0.06419858763107211,perclass,1,19.398956852323188,19.29197451467201,7,L2A,14019,0.7552377153845394,13.23529411764706
79.96086956521738,79.85945945945946,naive,ALL,,,,77.90833333333332,77.91216216216216,,,9.003623188405799,9.027027027027026,53.93724767867979,79.85945945945946,,overall,1,11.556688229850208,11.58615904951869,8,clean,,0.626400666844611,
79.96086956521738,79.85945945945946,naive,clear,84.63015319876389,2.981129594319153,3.522538340817627,77.90833333333332,77.91216216216216,87.12219930923675,77.18275761583466,9.003623188405799,9.027027027027026,53.93724767867979,79.85945945945946,90.55690709448353,perclass,1,11.556688229850208,11.58615904951869,8,clean,76045,0.626400666844611,83.93851854560525
79.96086956521738,79.85945945945946,naive,thick cloud,81.34845035082013,5.5991821941359605,6.882961101273777,77.90833333333332,77.91216216216216,83.41238634955329,71.54480972536287,9.003623188405799,9.027027027027026,53.93724767867979,79.85945945945946,86.00436782677386,perclass,1,11.556688229850208,11.58615904951869,8,clean,43042,0.626400666844611,80.97206728350504
79.96086956521738,79.85945945945946,naive,thin cloud,48.25023450465402,30.377372104769464,62.9579781665919,77.90833333333332,77.91216216216216,43.80151527766215,28.042215233729546,9.003623188405799,9.027027027027026,53.93724767867979,79.85945945945946,37.960891839238045,perclass,1,11.556688229850208,11.58615904951869,8,clean,13859,0.626400666844611,51.76621076453804
79.96086956521738,79.85945945945946,naive,cloud shadow,61.45874850538063,29.71303308090873,48.34630350194553,77.90833333333332,77.91216216216216,56.093582142999246,38.979208139792085,9.003623188405799,9.027027027027026,53.93724767867979,79.85945945945946,46.824764182277136,perclass,1,11.556688229850208,11.58615904951869,8,clean,15054,0.626400666844611,69.93749379898799
79.96086956521738,79.85945945945946,mondrian,ALL,,,,77.90833333333332,77.91216216216216,,,9.003623188405799,9.027027027027026,53.93724767867979,79.85945945945946,,overall,1,11.556688229850208,11.58615904951869,8,clean,,0.626400666844611,
79.96086956521738,79.85945945945946,mondrian,clear,84.63015319876389,2.981129594319153,3.522538340817627,77.90833333333332,77.91216216216216,87.12219930923675,77.18275761583466,9.003623188405799,9.027027027027026,53.93724767867979,79.85945945945946,90.55690709448353,perclass,1,11.556688229850208,11.58615904951869,8,clean,76045,0.626400666844611,83.93851854560525
79.96086956521738,79.85945945945946,mondrian,thick cloud,81.34845035082013,5.5991821941359605,6.882961101273777,77.90833333333332,77.91216216216216,83.41238634955329,71.54480972536287,9.003623188405799,9.027027027027026,53.93724767867979,79.85945945945946,86.00436782677386,perclass,1,11.556688229850208,11.58615904951869,8,clean,43042,0.626400666844611,80.97206728350504
79.96086956521738,79.85945945945946,mondrian,thin cloud,48.25023450465402,30.377372104769464,62.9579781665919,77.90833333333332,77.91216216216216,43.80151527766215,28.042215233729546,9.003623188405799,9.027027027027026,53.93724767867979,79.85945945945946,37.960891839238045,perclass,1,11.556688229850208,11.58615904951869,8,clean,13859,0.626400666844611,51.76621076453804
79.96086956521738,79.85945945945946,mondrian,cloud shadow,61.45874850538063,29.71303308090873,48.34630350194553,77.90833333333332,77.91216216216216,56.093582142999246,38.979208139792085,9.003623188405799,9.027027027027026,53.93724767867979,79.85945945945946,46.824764182277136,perclass,1,11.556688229850208,11.58615904951869,8,clean,15054,0.626400666844611,69.93749379898799
68.36159420289854,68.35878378378378,naive,ALL,,,,95.88623188405798,95.85270270270271,,,29.248550724637678,29.229054054054053,29.844632903702706,68.35878378378378,,overall,1,30.50338943343182,30.49371924828354,8,L2A,,0.626400666844611,
68.36159420289854,68.35878378378378,naive,clear,99.51476099677822,0.3221776579656782,0.3237486125059464,95.88623188405798,95.85270270270271,77.0979493058209,62.731214711515335,29.248550724637678,29.229054054054053,29.844632903702706,68.35878378378378,99.49635084489447,perclass,1,30.50338943343182,30.49371924828354,8,L2A,76045,0.626400666844611,62.93104882308908
68.36159420289854,68.35878378378378,naive,thick cloud,89.46377956414665,35.6303145764602,39.82652504739398,95.88623188405798,95.85270270270271,72.11982219202129,56.39640437497232,29.248550724637678,29.229054054054053,29.844632903702706,68.35878378378378,59.17940616142373,perclass,1,30.50338943343182,30.49371924828354,8,L2A,43042,0.626400666844611,92.30323235251485
68.36159420289854,68.35878378378378,naive,thin cloud,94.59556966592106,94.59556966592106,100.0,95.88623188405798,95.85270270270271,0.1578305473850348,0.07897759908098793,29.248550724637678,29.229054054054053,29.844632903702706,68.35878378378378,0.07937080597445703,perclass,1,30.50338943343182,30.49371924828354,8,L2A,13859,0.626400666844611,13.750000000000002
68.36159420289854,68.35878378378378,naive,cloud shadow,96.77826491297994,96.77162216022319,99.99313611092045,95.88623188405798,95.85270270270271,0.34327964087668333,0.17193492924216372,29.248550724637678,29.229054054054053,29.844632903702706,68.35878378378378,0.17271157167530224,perclass,1,30.50338943343182,30.49371924828354,8,L2A,15054,0.626400666844611,27.659574468085108
68.36159420289854,68.35878378378378,mondrian,ALL,,,,48.599637681159436,48.82162162162162,,,9.028623188405795,8.960135135135134,29.844632903702706,68.35878378378378,,overall,1,18.577552465799375,18.35280115146147,8,L2A,,0.7418256635759392,
68.36159420289854,68.35878378378378,mondrian,clear,68.54494049575909,0.001315010848839503,0.0019184652278177458,48.599637681159436,48.82162162162162,77.0979493058209,62.731214711515335,9.028623188405795,8.960135135135134,29.844632903702706,68.35878378378378,99.49635084489447,perclass,1,18.577552465799375,18.35280115146147,8,L2A,76045,0.7418256635759392,62.93104882308908
68.36159420289854,68.35878378378378,mondrian,thick cloud,21.915803168997723,5.952325635425863,27.15997031697233,48.599637681159436,48.82162162162162,72.11982219202129,56.39640437497232,9.028623188405795,8.960135135135134,29.844632903702706,68.35878378378378,59.17940616142373,perclass,1,18.577552465799375,18.35280115146147,8,L2A,43042,0.7418256635759392,92.30323235251485
68.36159420289854,68.35878378378378,mondrian,thin cloud,33.43675589869399,33.43675589869399,100.0,48.599637681159436,48.82162162162162,0.1578305473850348,0.07897759908098793,9.028623188405795,8.960135135135134,29.844632903702706,68.35878378378378,0.07937080597445703,perclass,1,18.577552465799375,18.35280115146147,8,L2A,13859,0.7418256635759392,13.750000000000002
68.36159420289854,68.35878378378378,mondrian,cloud shadow,40.28165271688588,40.28165271688588,100.0,48.599637681159436,48.82162162162162,0.34327964087668333,0.17193492924216372,9.028623188405795,8.960135135135134,29.844632903702706,68.35878378378378,0.17271157167530224,perclass,1,18.577552465799375,18.35280115146147,8,L2A,15054,0.7418256635759392,27.659574468085108
79.67826086956522,79.65307486631016,naive,ALL,,,,77.76286231884056,77.33088235294117,,,8.856099033816424,8.70254010695187,53.28508758849379,79.65307486631016,,overall,1,11.388597036854117,11.25364129072411,9,clean,,0.6520518941037795,
79.67826086956522,79.65307486631016,naive,clear,85.98140658648038,1.9341877199432744,2.249541844838119,77.76286231884056,77.33088235294117,86.80441229968616,76.68533205508106,8.856099033816424,8.70254010695187,53.28508758849379,79.65307486631016,92.43001208046641,perclass,1,11.388597036854117,11.25364129072411,9,clean,76156,0.6520518941037795,81.82431097213666
79.67826086956522,79.65307486631016,naive,thick cloud,76.96940283691073,6.280470318325208,8.159697343154395,77.76286231884056,77.33088235294117,82.25513637973788,69.85878946279827,8.856099033816424,8.70254010695187,53.28508758849379,79.65307486631016,81.95936555558006,perclass,1,11.388597036854117,11.25364129072411,9,clean,45331,0.6520518941037795,82.55304966114876
79.67826086956522,79.65307486631016,naive,thin cloud,51.24832969969759,33.60995850622407,65.58254425689584,77.76286231884056,77.33088235294117,44.48631750246243,28.6060472545024,8.856099033816424,8.70254010695187,53.28508758849379,79.65307486631016,36.52858850833392,perclass,1,11.388597036854117,11.25364129072411,9,clean,14219,0.6520518941037795,56.87691633815155
79.67826086956522,79.65307486631016,naive,cloud shadow,57.787534187419034,28.21361738880092,48.82301656495205,77.76286231884056,77.33088235294117,55.062151735962274,37.990181581593426,8.856099033816424,8.70254010695187,53.28508758849379,79.65307486631016,46.22858787966028,perclass,1,11.388597036854117,11.25364129072411,9,clean,13894,0.6520518941037795,68.06909707503179
79.67826086956522,79.65307486631016,mondrian,ALL,,,,77.76286231884056,77.33088235294117,,,8.856099033816424,8.70254010695187,53.28508758849379,79.65307486631016,,overall,1,11.388597036854117,11.25364129072411,9,clean,,0.6520518941037795,
79.67826086956522,79.65307486631016,mondrian,clear,85.98140658648038,1.9341877199432744,2.249541844838119,77.76286231884056,77.33088235294117,86.80441229968616,76.68533205508106,8.856099033816424,8.70254010695187,53.28508758849379,79.65307486631016,92.43001208046641,perclass,1,11.388597036854117,11.25364129072411,9,clean,76156,0.6520518941037795,81.82431097213666
79.67826086956522,79.65307486631016,mondrian,thick cloud,76.96940283691073,6.280470318325208,8.159697343154395,77.76286231884056,77.33088235294117,82.25513637973788,69.85878946279827,8.856099033816424,8.70254010695187,53.28508758849379,79.65307486631016,81.95936555558006,perclass,1,11.388597036854117,11.25364129072411,9,clean,45331,0.6520518941037795,82.55304966114876
79.67826086956522,79.65307486631016,mondrian,thin cloud,51.24832969969759,33.60995850622407,65.58254425689584,77.76286231884056,77.33088235294117,44.48631750246243,28.6060472545024,8.856099033816424,8.70254010695187,53.28508758849379,79.65307486631016,36.52858850833392,perclass,1,11.388597036854117,11.25364129072411,9,clean,14219,0.6520518941037795,56.87691633815155
79.67826086956522,79.65307486631016,mondrian,cloud shadow,57.787534187419034,28.21361738880092,48.82301656495205,77.76286231884056,77.33088235294117,55.062151735962274,37.990181581593426,8.856099033816424,8.70254010695187,53.28508758849379,79.65307486631016,46.22858787966028,perclass,1,11.388597036854117,11.25364129072411,9,clean,13894,0.6520518941037795,68.06909707503179
67.20543478260869,67.53008021390374,naive,ALL,,,,94.8913043478261,94.71189839572193,,,29.80942028985507,29.33355614973262,28.8077143366049,67.53008021390374,,overall,1,31.41428025964108,30.971352751448595,9,L2A,,0.6520518941037795,
67.20543478260869,67.53008021390374,naive,clear,99.28698986291296,0.21928672724407794,0.22086149207146918,94.8913043478261,94.71189839572193,76.53606748549879,61.99062829665611,29.80942028985507,29.33355614973262,28.8077143366049,67.53008021390374,99.53779085035978,perclass,1,31.41428025964108,30.971352751448595,9,L2A,76156,0.6520518941037795,62.16958771764358
67.20543478260869,67.53008021390374,naive,thick cloud,87.11036597471929,37.78429772120624,43.37520259319287,94.8913043478261,94.71189839572193,69.2741425310119,52.99192055209561,29.80942028985507,29.33355614973262,28.8077143366049,67.53008021390374,55.56021265800446,perclass,1,31.41428025964108,30.971352751448595,9,L2A,45331,0.6520518941037795,91.97677391082058
67.20543478260869,67.53008021390374,naive,thin cloud,92.37639777762149,92.37639777762149,100.0,94.8913043478261,94.71189839572193,0.15258704397281175,0.07635177344346498,29.80942028985507,29.33355614973262,28.8077143366049,67.53008021390374,0.07736127716435755,perclass,1,31.41428025964108,30.971352751448595,9,L2A,14219,0.6520518941037795,5.527638190954774
67.20543478260869,67.53008021390374,naive,cloud shadow,96.82596804375989,96.82596804375989,100.0,94.8913043478261,94.71189839572193,0.3433230813246549,0.17195672422440353,29.80942028985507,29.33355614973262,28.8077143366049,67.53008021390374,0.1727364329926587,perclass,1,31.41428025964108,30.971352751448595,9,L2A,13894,0.6520518941037795,27.586206896551722
67.20543478260869,67.53008021390374,mondrian,ALL,,,,46.19957729468599,45.25668449197861,,,9.005314009661836,8.62366310160428,28.8077143366049,67.53008021390374,,overall,1,19.49220000914955,19.0550041356493,9,L2A,,0.7652072689112495,
67.20543478260869,67.53008021390374,mondrian,clear,64.34686695729818,0.0,0.0,46.19957729468599,45.25668449197861,76.53606748549879,61.99062829665611,9.005314009661836,8.62366310160428,28.8077143366049,67.53008021390374,99.53779085035978,perclass,1,19.49220000914955,19.0550041356493,9,L2A,76156,0.7652072689112495,62.16958771764358
67.20543478260869,67.53008021390374,mondrian,thick cloud,18.92744479495268,6.134874589133264,32.41258741258741,46.19957729468599,45.25668449197861,69.2741425310119,52.99192055209561,9.005314009661836,8.62366310160428,28.8077143366049,67.53008021390374,55.56021265800446,perclass,1,19.49220000914955,19.0550041356493,9,L2A,45331,0.7652072689112495,91.97677391082058
67.20543478260869,67.53008021390374,mondrian,thin cloud,32.49876925240875,32.49876925240875,100.0,46.19957729468599,45.25668449197861,0.15258704397281175,0.07635177344346498,9.005314009661836,8.62366310160428,28.8077143366049,67.53008021390374,0.07736127716435755,perclass,1,19.49220000914955,19.0550041356493,9,L2A,14219,0.7652072689112495,5.527638190954774
67.20543478260869,67.53008021390374,mondrian,cloud shadow,39.57823520944292,39.57823520944292,100.0,46.19957729468599,45.25668449197861,0.3433230813246549,0.17195672422440353,9.005314009661836,8.62366310160428,28.8077143366049,67.53008021390374,0.1727364329926587,perclass,1,19.49220000914955,19.0550041356493,9,L2A,13894,0.7652072689112495,27.586206896551722
78.3713768115942,78.32465753424658,naive,ALL,,,,78.71835748792272,78.67397260273972,,,10.53562801932367,10.508219178082191,51.568502404113495,78.32465753424658,,overall,2,13.383953064493362,13.356665273715002,0,clean,,0.6116299124325023,
78.3713768115942,78.32465753424658,naive,clear,87.42521439665069,2.502532243905733,2.862483393579881,78.71835748792272,78.67397260273972,85.9738926922066,75.39842823901304,10.53562801932367,10.508219178082191,51.568502404113495,78.32465753424658,92.77331352555879,perclass,2,13.383953064493362,13.356665273715002,0,clean,74045,0.6116299124325023,80.10308196415453
78.3713768115942,78.32465753424658,naive,thick cloud,76.38564498742365,9.499640675530003,12.436421368300357,78.71835748792272,78.67397260273972,80.9211916332136,67.95599716110718,10.53562801932367,10.508219178082191,51.568502404113495,78.32465753424658,77.41196550485088,perclass,2,13.383953064493362,13.356665273715002,0,clean,44528,0.6116299124325023,84.76368465056804
78.3713768115942,78.32465753424658,naive,thin cloud,54.77522123893805,32.09203539823009,58.58860023264831,78.71835748792272,78.67397260273972,45.290439296810476,29.274492856779705,10.53562801932367,10.508219178082191,51.568502404113495,78.32465753424658,40.76460176991151,perclass,2,13.383953064493362,13.356665273715002,0,clean,14125,0.6116299124325023,50.94673509113431
78.3713768115942,78.32465753424658,naive,cloud shadow,62.998045406705764,35.52849195609682,56.39618138424821,78.71835748792272,78.67397260273972,50.34990962599063,33.645091359554044,10.53562801932367,10.508219178082191,51.568502404113495,78.32465753424658,40.83596451661404,perclass,2,13.383953064493362,13.356665273715002,0,clean,13302,0.6116299124325023,65.64350453172206
78.3713768115942,78.32465753424658,mondrian,ALL,,,,78.71835748792272,78.67397260273972,,,10.53562801932367,10.508219178082191,51.568502404113495,78.32465753424658,,overall,2,13.383953064493362,13.356665273715002,0,clean,,0.6116299124325023,
78.3713768115942,78.32465753424658,mondrian,clear,87.42521439665069,2.502532243905733,2.862483393579881,78.71835748792272,78.67397260273972,85.9738926922066,75.39842823901304,10.53562801932367,10.508219178082191,51.568502404113495,78.32465753424658,92.77331352555879,perclass,2,13.383953064493362,13.356665273715002,0,clean,74045,0.6116299124325023,80.10308196415453
78.3713768115942,78.32465753424658,mondrian,thick cloud,76.38564498742365,9.499640675530003,12.436421368300357,78.71835748792272,78.67397260273972,80.9211916332136,67.95599716110718,10.53562801932367,10.508219178082191,51.568502404113495,78.32465753424658,77.41196550485088,perclass,2,13.383953064493362,13.356665273715002,0,clean,44528,0.6116299124325023,84.76368465056804
78.3713768115942,78.32465753424658,mondrian,thin cloud,54.77522123893805,32.09203539823009,58.58860023264831,78.71835748792272,78.67397260273972,45.290439296810476,29.274492856779705,10.53562801932367,10.508219178082191,51.568502404113495,78.32465753424658,40.76460176991151,perclass,2,13.383953064493362,13.356665273715002,0,clean,14125,0.6116299124325023,50.94673509113431
78.3713768115942,78.32465753424658,mondrian,cloud shadow,62.998045406705764,35.52849195609682,56.39618138424821,78.71835748792272,78.67397260273972,50.34990962599063,33.645091359554044,10.53562801932367,10.508219178082191,51.568502404113495,78.32465753424658,40.83596451661404,perclass,2,13.383953064493362,13.356665273715002,0,clean,13302,0.6116299124325023,65.64350453172206
63.54251207729469,63.84452054794521,naive,ALL,,,,95.76618357487922,95.85068493150685,,,33.93490338164252,33.693835616438356,25.37099901337046,63.84452054794521,,overall,2,35.435163138884974,35.152420288405196,0,L2A,,0.6116299124325023,
63.54251207729469,63.84452054794521,naive,clear,98.77777027483287,0.12289823755824161,0.12441892261416461,95.76618357487922,95.85068493150685,74.16525866924131,58.9386189258312,33.93490338164252,33.693835616438356,25.37099901337046,63.84452054794521,99.59349044499966,perclass,2,35.435163138884974,35.152420288405196,0,L2A,74045,0.6116299124325023,59.080748924442595
63.54251207729469,63.84452054794521,naive,thick cloud,91.20104204096299,51.46200143729788,56.42698842649594,95.76618357487922,95.85068493150685,59.38617674930455,42.233526815800346,33.93490338164252,33.693835616438356,25.37099901337046,63.84452054794521,43.628727991376216,perclass,2,35.435163138884974,35.152420288405196,0,L2A,44528,0.6116299124325023,92.96104890420136
63.54251207729469,63.84452054794521,naive,thin cloud,94.09557522123893,94.09557522123893,100.0,95.76618357487922,95.85068493150685,nan,0.0,33.93490338164252,33.693835616438356,25.37099901337046,63.84452054794521,0.0,perclass,2,35.435163138884974,35.152420288405196,0,L2A,14125,0.6116299124325023,0.0
63.54251207729469,63.84452054794521,naive,cloud shadow,96.98541572695835,96.94782739437679,99.96124331447174,95.76618357487922,95.85068493150685,0.6217616580310882,0.31185031185031187,33.93490338164252,33.693835616438356,25.37099901337046,63.84452054794521,0.31574199368516015,perclass,2,35.435163138884974,35.152420288405196,0,L2A,13302,0.6116299124325023,20.192307692307693
63.54251207729469,63.84452054794521,mondrian,ALL,,,,33.30314009661836,33.81027397260274,,,9.49830917874396,9.54041095890411,25.37099901337046,63.84452054794521,,overall,2,28.5207615593835,28.21749083321516,0,L2A,,0.6925531684183607,
63.54251207729469,63.84452054794521,mondrian,clear,33.34728881085826,0.013505300830576002,0.04049894702737729,33.30314009661836,33.81027397260274,74.16525866924131,58.9386189258312,9.49830917874396,9.54041095890411,25.37099901337046,63.84452054794521,99.59349044499966,perclass,2,28.5207615593835,28.21749083321516,0,L2A,74045,0.6925531684183607,59.080748924442595
63.54251207729469,63.84452054794521,mondrian,thick cloud,33.83713618397413,9.690531800215595,28.638746930377646,33.30314009661836,33.81027397260274,59.38617674930455,42.233526815800346,9.49830917874396,9.54041095890411,25.37099901337046,63.84452054794521,43.628727991376216,perclass,2,28.5207615593835,28.21749083321516,0,L2A,44528,0.6925531684183607,92.96104890420136
63.54251207729469,63.84452054794521,mondrian,thin cloud,29.989380530973452,29.989380530973452,100.0,33.30314009661836,33.81027397260274,nan,0.0,9.49830917874396,9.54041095890411,25.37099901337046,63.84452054794521,0.0,perclass,2,28.5207615593835,28.21749083321516,0,L2A,14125,0.6925531684183607,0.0
63.54251207729469,63.84452054794521,mondrian,cloud shadow,40.354833859569986,40.354833859569986,100.0,33.30314009661836,33.81027397260274,0.6217616580310882,0.31185031185031187,9.49830917874396,9.54041095890411,25.37099901337046,63.84452054794521,0.31574199368516015,perclass,2,28.5207615593835,28.21749083321516,0,L2A,13302,0.6925531684183607,20.192307692307693
79.6855072463768,79.57344632768361,naive,ALL,,,,73.85634057971015,73.85098870056497,,,7.434420289855074,7.5275423728813555,54.65646565203406,79.57344632768361,,overall,2,10.066055576949966,10.19287961519704,1,clean,,0.6451507573034249,
79.6855072463768,79.57344632768361,naive,clear,81.64567428272194,2.702367499931097,3.309872229817543,73.85634057971015,73.85098870056497,86.12263348223782,75.62752469236696,7.434420289855074,7.5275423728813555,54.65646565203406,79.57344632768361,89.26770112724968,perclass,2,10.066055576949966,10.19287961519704,1,clean,72566,0.6451507573034249,83.1916369146996
79.6855072463768,79.57344632768361,naive,thick cloud,75.50356475392816,6.714196719042016,8.892555922258891,73.85634057971015,73.85098870056497,83.77191936061075,72.07545620625244,7.434420289855074,7.5275423728813555,54.65646565203406,79.57344632768361,81.01566645901109,perclass,2,10.066055576949966,10.19287961519704,1,clean,43341,0.6451507573034249,86.722319642372
79.6855072463768,79.57344632768361,naive,thin cloud,40.59996591102778,20.802795295721836,51.2384550797649,73.85634057971015,73.85098870056497,48.1329839502129,31.694165857866924,7.434420289855074,7.5275423728813555,54.65646565203406,79.57344632768361,50.093744673598096,perclass,2,10.066055576949966,10.19287961519704,1,clean,11734,0.6451507573034249,46.319936958234834
79.6855072463768,79.57344632768361,naive,cloud shadow,56.15015402249445,23.977362275234615,42.70221995406992,73.85634057971015,73.85098870056497,56.3514726278861,39.228715851649916,7.434420289855074,7.5275423728813555,54.65646565203406,79.57344632768361,49.48062182104736,perclass,2,10.066055576949966,10.19287961519704,1,clean,13959,0.6451507573034249,65.43818095689247
79.6855072463768,79.57344632768361,mondrian,ALL,,,,73.85634057971015,73.85098870056497,,,7.434420289855074,7.5275423728813555,54.65646565203406,79.57344632768361,,overall,2,10.066055576949966,10.19287961519704,1,clean,,0.6451507573034249,
79.6855072463768,79.57344632768361,mondrian,clear,81.64567428272194,2.702367499931097,3.309872229817543,73.85634057971015,73.85098870056497,86.12263348223782,75.62752469236696,7.434420289855074,7.5275423728813555,54.65646565203406,79.57344632768361,89.26770112724968,perclass,2,10.066055576949966,10.19287961519704,1,clean,72566,0.6451507573034249,83.1916369146996
79.6855072463768,79.57344632768361,mondrian,thick cloud,75.50356475392816,6.714196719042016,8.892555922258891,73.85634057971015,73.85098870056497,83.77191936061075,72.07545620625244,7.434420289855074,7.5275423728813555,54.65646565203406,79.57344632768361,81.01566645901109,perclass,2,10.066055576949966,10.19287961519704,1,clean,43341,0.6451507573034249,86.722319642372
79.6855072463768,79.57344632768361,mondrian,thin cloud,40.59996591102778,20.802795295721836,51.2384550797649,73.85634057971015,73.85098870056497,48.1329839502129,31.694165857866924,7.434420289855074,7.5275423728813555,54.65646565203406,79.57344632768361,50.093744673598096,perclass,2,10.066055576949966,10.19287961519704,1,clean,11734,0.6451507573034249,46.319936958234834
79.6855072463768,79.57344632768361,mondrian,cloud shadow,56.15015402249445,23.977362275234615,42.70221995406992,73.85634057971015,73.85098870056497,56.3514726278861,39.228715851649916,7.434420289855074,7.5275423728813555,54.65646565203406,79.57344632768361,49.48062182104736,perclass,2,10.066055576949966,10.19287961519704,1,clean,13959,0.6451507573034249,65.43818095689247
65.90579710144927,65.83686440677965,naive,ALL,,,,94.56213768115943,94.53107344632768,,,31.132065217391304,31.163135593220336,27.03140435945899,65.83686440677965,,overall,2,32.922336551190355,32.96602318909873,1,L2A,,0.6451507573034249,
65.90579710144927,65.83686440677965,naive,clear,98.04316070887192,0.14745197475401703,0.15039496247153739,94.56213768115943,94.53107344632768,75.17567940657084,60.22518612492905,31.132065217391304,31.163135593220336,27.03140435945899,65.83686440677965,99.43637516192156,perclass,2,32.922336551190355,32.96602318909873,1,L2A,72566,0.6451507573034249,60.431479946065004
65.90579710144927,65.83686440677965,naive,thick cloud,88.38743914538198,45.271221245471956,51.21906651352198,94.56213768115943,94.53107344632768,64.35837725211422,47.44736604319147,31.132065217391304,31.163135593220336,27.03140435945899,65.83686440677965,48.46219515008883,perclass,2,32.922336551190355,32.96602318909873,1,L2A,43341,0.6451507573034249,95.7731065614883
65.90579710144927,65.83686440677965,naive,thin cloud,95.74740071586841,95.74740071586841,100.0,94.56213768115943,94.53107344632768,nan,0.0,31.132065217391304,31.163135593220336,27.03140435945899,65.83686440677965,0.0,perclass,2,32.922336551190355,32.96602318909873,1,L2A,11734,0.6451507573034249,0.0
65.90579710144927,65.83686440677965,naive,cloud shadow,94.32624113475178,94.30474962389856,99.97721576668945,94.56213768115943,94.53107344632768,0.9020436927413672,0.4530652697154184,31.132065217391304,31.163135593220336,27.03140435945899,65.83686440677965,0.4584855648685436,perclass,2,32.922336551190355,32.96602318909873,1,L2A,13959,0.6451507573034249,27.705627705627705
65.90579710144927,65.83686440677965,mondrian,ALL,,,,33.750181159420286,33.86652542372882,,,7.743659420289855,7.724576271186441,27.03140435945899,65.83686440677965,,overall,2,22.944052903634443,22.80888332812011,1,L2A,,0.7021124129201851,
65.90579710144927,65.83686440677965,mondrian,clear,34.598847945318745,0.023426949259984016,0.06771020034253394,33.750181159420286,33.86652542372882,75.17567940657084,60.22518612492905,7.743659420289855,7.724576271186441,27.03140435945899,65.83686440677965,99.43637516192156,perclass,2,22.944052903634443,22.80888332812011,1,L2A,72566,0.7021124129201851,60.431479946065004
65.90579710144927,65.83686440677965,mondrian,thick cloud,34.747698484114345,7.228721072425648,20.803452855245684,33.750181159420286,33.86652542372882,64.35837725211422,47.44736604319147,7.743659420289855,7.724576271186441,27.03140435945899,65.83686440677965,48.46219515008883,perclass,2,22.944052903634443,22.80888332812011,1,L2A,43341,0.7021124129201851,95.7731065614883
65.90579710144927,65.83686440677965,mondrian,thin cloud,24.527015510482357,24.527015510482357,100.0,33.750181159420286,33.86652542372882,nan,0.0,7.743659420289855,7.724576271186441,27.03140435945899,65.83686440677965,0.0,perclass,2,22.944052903634443,22.80888332812011,1,L2A,11734,0.7021124129201851,0.0
65.90579710144927,65.83686440677965,mondrian,cloud shadow,35.17443942975858,35.17443942975858,100.0,33.750181159420286,33.86652542372882,0.9020436927413672,0.4530652697154184,7.743659420289855,7.724576271186441,27.03140435945899,65.83686440677965,0.4584855648685436,perclass,2,22.944052903634443,22.80888332812011,1,L2A,13959,0.7021124129201851,27.705627705627705
79.88333333333333,79.58378746594006,naive,ALL,,,,75.65271739130435,75.24386920980926,,,8.365821256038648,8.382152588555858,54.66301810269974,79.58378746594006,,overall,2,11.058190035352556,11.139980807184632,2,clean,,0.6654578762895921,
79.88333333333333,79.58378746594006,naive,clear,83.8992826741272,2.0392739230167467,2.43062140463999,75.65271739130435,75.24386920980926,86.40226628895184,76.05985037406484,8.365821256038648,8.382152588555858,54.66301810269974,79.58378746594006,92.20488205889762,perclass,2,11.058190035352556,11.139980807184632,2,clean,75419,0.6654578762895921,81.28674794562181
79.88333333333333,79.58378746594006,naive,thick cloud,75.30852477691286,7.029618378583634,9.334425816210764,75.65271739130435,75.24386920980926,83.47498337151725,71.63696327773197,8.365821256038648,8.382152588555858,54.66301810269974,79.58378746594006,80.41816973609265,perclass,2,11.058190035352556,11.139980807184632,2,clean,42136,0.6654578762895921,86.77336747759283
79.88333333333333,79.58378746594006,naive,thin cloud,50.774812446193586,27.069241175747138,53.3123410439627,75.65271739130435,75.24386920980926,50.4836322329696,33.764619209871995,8.365821256038648,8.382152588555858,54.66301810269974,79.58378746594006,45.09285450744066,perclass,2,11.058190035352556,11.139980807184632,2,clean,16262,0.6654578762895921,57.33833763390413
79.88333333333333,79.58378746594006,naive,cloud shadow,55.40321959485481,26.211199260571515,47.30988461003754,75.65271739130435,75.24386920980926,54.21745925429783,37.19063954913012,8.365821256038648,8.382152588555858,54.66301810269974,79.58378746594006,46.76114919510129,perclass,2,11.058190035352556,11.139980807184632,2,clean,12983,0.6654578762895921,64.50276243093923
79.88333333333333,79.58378746594006,mondrian,ALL,,,,75.65271739130435,75.24386920980926,,,8.365821256038648,8.382152588555858,54.66301810269974,79.58378746594006,,overall,2,11.058190035352556,11.139980807184632,2,clean,,0.6654578762895921,
79.88333333333333,79.58378746594006,mondrian,clear,83.8992826741272,2.0392739230167467,2.43062140463999,75.65271739130435,75.24386920980926,86.40226628895184,76.05985037406484,8.365821256038648,8.382152588555858,54.66301810269974,79.58378746594006,92.20488205889762,perclass,2,11.058190035352556,11.139980807184632,2,clean,75419,0.6654578762895921,81.28674794562181
79.88333333333333,79.58378746594006,mondrian,thick cloud,75.30852477691286,7.029618378583634,9.334425816210764,75.65271739130435,75.24386920980926,83.47498337151725,71.63696327773197,8.365821256038648,8.382152588555858,54.66301810269974,79.58378746594006,80.41816973609265,perclass,2,11.058190035352556,11.139980807184632,2,clean,42136,0.6654578762895921,86.77336747759283
79.88333333333333,79.58378746594006,mondrian,thin cloud,50.774812446193586,27.069241175747138,53.3123410439627,75.65271739130435,75.24386920980926,50.4836322329696,33.764619209871995,8.365821256038648,8.382152588555858,54.66301810269974,79.58378746594006,45.09285450744066,perclass,2,11.058190035352556,11.139980807184632,2,clean,16262,0.6654578762895921,57.33833763390413
79.88333333333333,79.58378746594006,mondrian,cloud shadow,55.40321959485481,26.211199260571515,47.30988461003754,75.65271739130435,75.24386920980926,54.21745925429783,37.19063954913012,8.365821256038648,8.382152588555858,54.66301810269974,79.58378746594006,46.76114919510129,perclass,2,11.058190035352556,11.139980807184632,2,clean,12983,0.6654578762895921,64.50276243093923
65.23925120772947,65.2840599455041,naive,ALL,,,,95.2175120772947,95.07697547683924,,,31.956340579710147,31.81948228882834,27.19516502507144,65.2840599455041,,overall,2,33.56141100785006,33.46707457746126,2,L2A,,0.6654578762895921,
65.23925120772947,65.2840599455041,naive,clear,98.71915565043291,0.1299407311155014,0.13162666380132435,95.2175120772947,95.07697547683924,75.02888496531304,60.03698130122951,31.956340579710147,31.81948228882834,27.19516502507144,65.2840599455041,99.44841485567298,perclass,2,33.56141100785006,33.46707457746126,2,L2A,75419,0.6654578762895921,60.237567463377026
65.23925120772947,65.2840599455041,naive,thick cloud,88.15739510157586,44.254319346876784,50.199213912668924,95.2175120772947,95.07697547683924,64.812382739212,47.94254389008397,31.956340579710147,31.81948228882834,27.19516502507144,65.2840599455041,49.19071577748244,perclass,2,33.56141100785006,33.46707457746126,2,L2A,42136,0.6654578762895921,94.97342375366568
65.23925120772947,65.2840599455041,naive,thin cloud,96.87615299471159,96.87615299471159,100.0,95.2175120772947,95.07697547683924,0.048947626040137054,0.02447980416156671,31.956340579710147,31.81948228882834,27.19516502507144,65.2840599455041,0.024597220514081912,perclass,2,33.56141100785006,33.46707457746126,2,L2A,16262,0.6654578762895921,4.878048780487805
65.23925120772947,65.2840599455041,naive,cloud shadow,94.12308403296619,94.06146499268274,99.93453355155482,95.2175120772947,95.07697547683924,1.541339319117097,0.7766551048107375,31.956340579710147,31.81948228882834,27.19516502507144,65.2840599455041,0.7933451436493877,perclass,2,33.56141100785006,33.46707457746126,2,L2A,12983,0.6654578762895921,26.96335078534031
65.23925120772947,65.2840599455041,mondrian,ALL,,,,39.173248792270535,39.23024523160763,,,9.481763285024156,9.29632152588556,27.19516502507144,65.2840599455041,,overall,2,24.20468962200309,23.696822364993924,2,L2A,,0.7180076837539673,
65.23925120772947,65.2840599455041,mondrian,clear,41.67384876490009,0.007955554966255187,0.019090041361756283,39.173248792270535,39.23024523160763,75.02888496531304,60.03698130122951,9.481763285024156,9.29632152588556,27.19516502507144,65.2840599455041,99.44841485567298,perclass,2,24.20468962200309,23.696822364993924,2,L2A,75419,0.7180076837539673,60.237567463377026
65.23925120772947,65.2840599455041,mondrian,thick cloud,37.77529903170686,8.06436301499905,21.34824401583213,39.173248792270535,39.23024523160763,64.812382739212,47.94254389008397,9.481763285024156,9.29632152588556,27.19516502507144,65.2840599455041,49.19071577748244,perclass,2,24.20468962200309,23.696822364993924,2,L2A,42136,0.7180076837539673,94.97342375366568
65.23925120772947,65.2840599455041,mondrian,thin cloud,31.939490837535356,31.939490837535356,100.0,39.173248792270535,39.23024523160763,0.048947626040137054,0.02447980416156671,9.481763285024156,9.29632152588556,27.19516502507144,65.2840599455041,0.024597220514081912,perclass,2,24.20468962200309,23.696822364993924,2,L2A,16262,0.7180076837539673,4.878048780487805
65.23925120772947,65.2840599455041,mondrian,cloud shadow,38.88931679889085,38.88931679889085,100.0,39.173248792270535,39.23024523160763,1.541339319117097,0.7766551048107375,9.481763285024156,9.29632152588556,27.19516502507144,65.2840599455041,0.7933451436493877,perclass,2,24.20468962200309,23.696822364993924,2,L2A,12983,0.7180076837539673,26.96335078534031
79.71086956521738,79.70127118644068,naive,ALL,,,,74.39710144927537,74.39124293785311,,,7.778804347826088,7.807203389830509,55.45370870617893,79.70127118644068,,overall,2,10.455789535200841,10.494788205585829,3,clean,,0.6924636476180132,
79.71086956521738,79.70127118644068,naive,clear,83.92160096761779,1.6630930782340976,1.98172229683252,74.39710144927537,74.39124293785311,86.76522737090502,76.62419004019905,7.778804347826088,7.807203389830509,55.45370870617893,79.70127118644068,92.48171972071032,perclass,2,10.455789535200841,10.494788205585829,3,clean,72756,0.6924636476180132,81.71429265389894
79.71086956521738,79.70127118644068,naive,thick cloud,72.83433984012831,6.926103189916557,9.509392417257278,74.39710144927537,74.39124293785311,82.24474621375181,69.84380192755069,7.778804347826088,7.807203389830509,55.45370870617893,79.70127118644068,78.99366026010475,perclass,2,10.455789535200841,10.494788205585829,3,clean,39907,0.6924636476180132,85.77492381367
79.71086956521738,79.70127118644068,naive,thin cloud,47.697667373523174,23.576189033626175,49.42838996506828,74.39710144927537,74.39124293785311,50.23992509655522,33.546941752631035,7.778804347826088,7.807203389830509,55.45370870617893,79.70127118644068,48.76552559830355,perclass,2,10.455789535200841,10.494788205585829,3,clean,13204,0.6924636476180132,51.806259554268244
79.71086956521738,79.70127118644068,naive,cloud shadow,56.670692175681694,25.220873323587362,44.50426200089726,74.39710144927537,74.39124293785311,58.956178077414854,41.79990110433492,7.778804347826088,7.807203389830509,55.45370870617893,79.70127118644068,48.356956715184644,perclass,2,10.455789535200841,10.494788205585829,3,clean,15733,0.6924636476180132,75.50615323541088
79.71086956521738,79.70127118644068,mondrian,ALL,,,,74.39710144927537,74.39124293785311,,,7.778804347826088,7.807203389830509,55.45370870617893,79.70127118644068,,overall,2,10.455789535200841,10.494788205585829,3,clean,,0.6924636476180132,
79.71086956521738,79.70127118644068,mondrian,clear,83.92160096761779,1.6630930782340976,1.98172229683252,74.39710144927537,74.39124293785311,86.76522737090502,76.62419004019905,7.778804347826088,7.807203389830509,55.45370870617893,79.70127118644068,92.48171972071032,perclass,2,10.455789535200841,10.494788205585829,3,clean,72756,0.6924636476180132,81.71429265389894
79.71086956521738,79.70127118644068,mondrian,thick cloud,72.83433984012831,6.926103189916557,9.509392417257278,74.39710144927537,74.39124293785311,82.24474621375181,69.84380192755069,7.778804347826088,7.807203389830509,55.45370870617893,79.70127118644068,78.99366026010475,perclass,2,10.455789535200841,10.494788205585829,3,clean,39907,0.6924636476180132,85.77492381367
79.71086956521738,79.70127118644068,mondrian,thin cloud,47.697667373523174,23.576189033626175,49.42838996506828,74.39710144927537,74.39124293785311,50.23992509655522,33.546941752631035,7.778804347826088,7.807203389830509,55.45370870617893,79.70127118644068,48.76552559830355,perclass,2,10.455789535200841,10.494788205585829,3,clean,13204,0.6924636476180132,51.806259554268244
79.71086956521738,79.70127118644068,mondrian,cloud shadow,56.670692175681694,25.220873323587362,44.50426200089726,74.39710144927537,74.39124293785311,58.956178077414854,41.79990110433492,7.778804347826088,7.807203389830509,55.45370870617893,79.70127118644068,48.356956715184644,perclass,2,10.455789535200841,10.494788205585829,3,clean,15733,0.6924636476180132,75.50615323541088
64.43731884057972,64.33262711864407,naive,ALL,,,,94.48297101449276,94.43008474576271,,,32.26304347826087,32.31920903954803,26.279668414993594,64.33262711864407,,overall,2,34.1469400589785,34.22554276697105,3,L2A,,0.6924636476180132,
64.43731884057972,64.33262711864407,naive,clear,98.64066193853428,0.14569245148166474,0.14770019646912927,94.48297101449276,94.43008474576271,74.60176900027801,59.49188310355304,32.26304347826087,32.31920903954803,26.279668414993594,64.33262711864407,99.58079058771784,perclass,2,34.1469400589785,34.22554276697105,3,L2A,72756,0.6924636476180132,59.641251913926794
64.43731884057972,64.33262711864407,naive,thick cloud,87.0849725612048,46.277595409326686,53.1407360515639,94.48297101449276,94.43008474576271,62.000100356264745,44.92764162606356,32.26304347826087,32.31920903954803,26.279668414993594,64.33262711864407,46.44297992833338,perclass,2,34.1469400589785,34.22554276697105,3,L2A,39907,0.6924636476180132,93.22937625754527
64.43731884057972,64.33262711864407,naive,thin cloud,94.38049076037565,94.38049076037565,100.0,94.48297101449276,94.43008474576271,0.0604869197036141,0.030252609287551052,32.26304347826087,32.31920903954803,26.279668414993594,64.33262711864407,0.030293850348379277,perclass,2,34.1469400589785,34.22554276697105,3,L2A,13204,0.6924636476180132,18.181818181818183
64.43731884057972,64.33262711864407,naive,cloud shadow,93.63122100044492,93.61215279984746,99.97963478378928,94.48297101449276,94.43008474576271,1.3289036544850499,0.6688963210702341,32.26304347826087,32.31920903954803,26.279668414993594,64.33262711864407,0.6737430877772834,perclass,2,34.1469400589785,34.22554276697105,3,L2A,15733,0.6924636476180132,48.18181818181818
64.43731884057972,64.33262711864407,mondrian,ALL,,,,34.33840579710145,34.52824858757062,,,8.62626811594203,8.707627118644067,26.279668414993594,64.33262711864407,,overall,2,25.121341296136073,25.21884970956394,3,L2A,,0.7009050418348873,
64.43731884057972,64.33262711864407,mondrian,clear,36.075375226785425,0.027489141788993348,0.07619918466872405,34.33840579710145,34.52824858757062,74.60176900027801,59.49188310355304,8.62626811594203,8.707627118644067,26.279668414993594,64.33262711864407,99.58079058771784,perclass,2,25.121341296136073,25.21884970956394,3,L2A,72756,0.7009050418348873,59.641251913926794
64.43731884057972,64.33262711864407,mondrian,thick cloud,33.55551657603929,7.657804395218884,22.82129788664028,34.33840579710145,34.52824858757062,62.000100356264745,44.92764162606356,8.62626811594203,8.707627118644067,26.279668414993594,64.33262711864407,46.44297992833338,perclass,2,25.121341296136073,25.21884970956394,3,L2A,39907,0.7009050418348873,93.22937625754527
64.43731884057972,64.33262711864407,mondrian,thin cloud,24.272947591638896,24.272947591638896,100.0,34.33840579710145,34.52824858757062,0.0604869197036141,0.030252609287551052,8.62626811594203,8.707627118644067,26.279668414993594,64.33262711864407,0.030293850348379277,perclass,2,25.121341296136073,25.21884970956394,3,L2A,13204,0.7009050418348873,18.181818181818183
64.43731884057972,64.33262711864407,mondrian,cloud shadow,38.44784847136592,38.44784847136592,100.0,34.33840579710145,34.52824858757062,1.3289036544850499,0.6688963210702341,8.62626811594203,8.707627118644067,26.279668414993594,64.33262711864407,0.6737430877772834,perclass,2,25.121341296136073,25.21884970956394,3,L2A,15733,0.7009050418348873,48.18181818181818
79.74601449275362,79.63066666666667,naive,ALL,,,,76.42125603864734,76.32866666666666,,,8.504106280193238,8.527999999999999,53.800871651696426,79.63066666666667,,overall,2,11.127933144533225,11.17273545107561,4,clean,,0.6718127538176144,
79.74601449275362,79.63066666666667,naive,clear,85.96873247884422,1.813724851029429,2.10974943881575,76.42125603864734,76.32866666666666,86.72129564818614,76.55569168486657,8.504106280193238,8.527999999999999,53.800871651696426,79.63066666666667,93.69694757018242,perclass,2,11.127933144533225,11.17273545107561,4,clean,76693,0.6718127538176144,80.71233615257607
79.74601449275362,79.63066666666667,naive,thick cloud,75.69447560920881,8.077906924561324,10.671725855220252,76.42125603864734,76.32866666666666,82.59664271979806,70.35287970740725,8.504106280193238,8.527999999999999,53.800871651696426,79.63066666666667,78.55540097832429,perclass,2,11.127933144533225,11.17273545107561,4,clean,44566,0.6718127538176144,87.07623429921651
79.74601449275362,79.63066666666667,naive,thin cloud,43.47537599528163,26.99056325567679,62.08241478717992,76.42125603864734,76.32866666666666,44.69282993873158,28.777055123147456,8.504106280193238,8.527999999999999,53.800871651696426,79.63066666666667,39.796520200530814,perclass,2,11.127933144533225,11.17273545107561,4,clean,13564,0.6718127538176144,50.9629909365559
79.74601449275362,79.63066666666667,naive,cloud shadow,58.839032746919685,27.27811820517889,46.360582306830906,76.42125603864734,76.32866666666666,56.649177482346445,39.51786009136441,8.504106280193238,8.527999999999999,53.800871651696426,79.63066666666667,47.30842722540687,perclass,2,11.127933144533225,11.17273545107561,4,clean,15177,0.6718127538176144,70.58592213920566
79.74601449275362,79.63066666666667,mondrian,ALL,,,,76.42125603864734,76.32866666666666,,,8.504106280193238,8.527999999999999,53.800871651696426,79.63066666666667,,overall,2,11.127933144533225,11.17273545107561,4,clean,,0.6718127538176144,
79.74601449275362,79.63066666666667,mondrian,clear,85.96873247884422,1.813724851029429,2.10974943881575,76.42125603864734,76.32866666666666,86.72129564818614,76.55569168486657,8.504106280193238,8.527999999999999,53.800871651696426,79.63066666666667,93.69694757018242,perclass,2,11.127933144533225,11.17273545107561,4,clean,76693,0.6718127538176144,80.71233615257607
79.74601449275362,79.63066666666667,mondrian,thick cloud,75.69447560920881,8.077906924561324,10.671725855220252,76.42125603864734,76.32866666666666,82.59664271979806,70.35287970740725,8.504106280193238,8.527999999999999,53.800871651696426,79.63066666666667,78.55540097832429,perclass,2,11.127933144533225,11.17273545107561,4,clean,44566,0.6718127538176144,87.07623429921651
79.74601449275362,79.63066666666667,mondrian,thin cloud,43.47537599528163,26.99056325567679,62.08241478717992,76.42125603864734,76.32866666666666,44.69282993873158,28.777055123147456,8.504106280193238,8.527999999999999,53.800871651696426,79.63066666666667,39.796520200530814,perclass,2,11.127933144533225,11.17273545107561,4,clean,13564,0.6718127538176144,50.9629909365559
79.74601449275362,79.63066666666667,mondrian,cloud shadow,58.839032746919685,27.27811820517889,46.360582306830906,76.42125603864734,76.32866666666666,56.649177482346445,39.51786009136441,8.504106280193238,8.527999999999999,53.800871651696426,79.63066666666667,47.30842722540687,perclass,2,11.127933144533225,11.17273545107561,4,clean,15177,0.6718127538176144,70.58592213920566
64.76062801932366,64.88000000000001,naive,ALL,,,,95.45845410628021,95.46466666666666,,,32.47487922705314,32.36333333333333,26.385602005126017,64.88000000000001,,overall,2,34.01990900763667,33.90084987813991,4,L2A,,0.6718127538176144,
64.76062801932366,64.88000000000001,naive,clear,99.2372185205951,0.10822369707796017,0.10905555263572818,95.45845410628021,95.46466666666666,74.87241274599117,59.83685483681569,32.47487922705314,32.36333333333333,26.385602005126017,64.88000000000001,99.66359380908297,perclass,2,34.01990900763667,33.90084987813991,4,L2A,76693,0.6718127538176144,59.9579545187126
64.76062801932366,64.88000000000001,naive,thick cloud,89.21375039267603,47.42404523627878,53.15777559797782,95.45845410628021,95.46466666666666,62.245890113835245,45.186230861114126,32.47487922705314,32.36333333333333,26.385602005126017,64.88000000000001,46.685814297895256,perclass,2,34.01990900763667,33.90084987813991,4,L2A,44566,0.6718127538176144,93.36324882207762
64.76062801932366,64.88000000000001,naive,thin cloud,94.57387201415511,94.57387201415511,100.0,95.45845410628021,95.46466666666666,0.044065804935370156,0.02203775802541688,32.47487922705314,32.36333333333333,26.385602005126017,64.88000000000001,0.022117369507519906,perclass,2,34.01990900763667,33.90084987813991,4,L2A,13564,0.6718127538176144,5.769230769230769
64.76062801932366,64.88000000000001,naive,cloud shadow,95.5524807274165,95.5327139750939,99.97931319817957,95.45845410628021,95.46466666666666,0.9896477635262712,0.49728456454884506,32.47487922705314,32.36333333333333,26.385602005126017,64.88000000000001,0.5007577255056994,perclass,2,34.01990900763667,33.90084987813991,4,L2A,15177,0.6718127538176144,41.75824175824176
64.76062801932366,64.88000000000001,mondrian,ALL,,,,35.563768115942025,36.05533333333334,,,9.297342995169084,9.402000000000001,26.385602005126017,64.88000000000001,,overall,2,26.142738769577683,26.07658598820332,4,L2A,,0.701655784073998,
64.76062801932366,64.88000000000001,mondrian,clear,36.32926081910996,0.010431199718357608,0.028712942358768215,35.563768115942025,36.05533333333334,74.87241274599117,59.83685483681569,9.297342995169084,9.402000000000001,26.385602005126017,64.88000000000001,99.66359380908297,perclass,2,26.142738769577683,26.07658598820332,4,L2A,76693,0.701655784073998,59.9579545187126
64.76062801932366,64.88000000000001,mondrian,thick cloud,36.662478122335415,9.45339496477135,25.784931758369545,35.563768115942025,36.05533333333334,62.245890113835245,45.186230861114126,9.297342995169084,9.402000000000001,26.385602005126017,64.88000000000001,46.685814297895256,perclass,2,26.142738769577683,26.07658598820332,4,L2A,44566,0.701655784073998,93.36324882207762
64.76062801932366,64.88000000000001,mondrian,thin cloud,27.595104688882337,27.595104688882337,100.0,35.563768115942025,36.05533333333334,0.044065804935370156,0.02203775802541688,9.297342995169084,9.402000000000001,26.385602005126017,64.88000000000001,0.022117369507519906,perclass,2,26.142738769577683,26.07658598820332,4,L2A,13564,0.701655784073998,5.769230769230769
64.76062801932366,64.88000000000001,mondrian,cloud shadow,40.44936416946695,40.44936416946695,100.0,35.563768115942025,36.05533333333334,0.9896477635262712,0.49728456454884506,9.297342995169084,9.402000000000001,26.385602005126017,64.88000000000001,0.5007577255056994,perclass,2,26.142738769577683,26.07658598820332,4,L2A,15177,0.701655784073998,41.75824175824176
79.2391304347826,79.00892857142857,naive,ALL,,,,77.16105072463768,76.83241758241758,,,9.327898550724639,9.38804945054945,53.19020512179456,79.00892857142857,,overall,2,12.08886927163917,12.218865091000106,5,clean,,0.6439876841563804,
79.2391304347826,79.00892857142857,naive,clear,84.45520065955692,2.444083933937927,2.8939413024310365,77.16105072463768,76.83241758241758,86.06873932011793,75.5444456653115,9.327898550724639,9.38804945054945,53.19020512179456,79.00892857142857,91.42443020132444,perclass,2,12.08886927163917,12.218865091000106,5,clean,75202,0.6439876841563804,81.30580291150767
79.2391304347826,79.00892857142857,naive,thick cloud,76.71962660883503,7.953420395078026,10.36686535979844,77.16105072463768,76.83241758241758,82.66323420480627,70.44955913399843,9.327898550724639,9.38804945054945,53.19020512179456,79.00892857142857,80.2343123850832,perclass,2,12.08886927163917,12.218865091000106,5,clean,42422,0.6439876841563804,85.24380775877182
79.2391304347826,79.00892857142857,naive,thin cloud,53.31128109709875,31.93439459720212,59.90175801447777,77.16105072463768,76.83241758241758,46.57534246575344,30.357142857142854,9.327898550724639,9.38804945054945,53.19020512179456,79.00892857142857,40.30046171869616,perclass,2,12.08886927163917,12.218865091000106,5,clean,14511,0.6439876841563804,55.16460711253656
79.2391304347826,79.00892857142857,naive,cloud shadow,59.9628666914222,28.392127738581507,47.34951696804558,77.16105072463768,76.83241758241758,53.38283140068407,36.40967283072546,9.327898550724639,9.38804945054945,53.19020512179456,79.00892857142857,47.52320831786112,perclass,2,12.08886927163917,12.218865091000106,5,clean,13465,0.6439876841563804,60.89066514416215
79.2391304347826,79.00892857142857,mondrian,ALL,,,,77.16105072463768,76.83241758241758,,,9.327898550724639,9.38804945054945,53.19020512179456,79.00892857142857,,overall,2,12.08886927163917,12.218865091000106,5,clean,,0.6439876841563804,
79.2391304347826,79.00892857142857,mondrian,clear,84.45520065955692,2.444083933937927,2.8939413024310365,77.16105072463768,76.83241758241758,86.06873932011793,75.5444456653115,9.327898550724639,9.38804945054945,53.19020512179456,79.00892857142857,91.42443020132444,perclass,2,12.08886927163917,12.218865091000106,5,clean,75202,0.6439876841563804,81.30580291150767
79.2391304347826,79.00892857142857,mondrian,thick cloud,76.71962660883503,7.953420395078026,10.36686535979844,77.16105072463768,76.83241758241758,82.66323420480627,70.44955913399843,9.327898550724639,9.38804945054945,53.19020512179456,79.00892857142857,80.2343123850832,perclass,2,12.08886927163917,12.218865091000106,5,clean,42422,0.6439876841563804,85.24380775877182
79.2391304347826,79.00892857142857,mondrian,thin cloud,53.31128109709875,31.93439459720212,59.90175801447777,77.16105072463768,76.83241758241758,46.57534246575344,30.357142857142854,9.327898550724639,9.38804945054945,53.19020512179456,79.00892857142857,40.30046171869616,perclass,2,12.08886927163917,12.218865091000106,5,clean,14511,0.6439876841563804,55.16460711253656
79.2391304347826,79.00892857142857,mondrian,cloud shadow,59.9628666914222,28.392127738581507,47.34951696804558,77.16105072463768,76.83241758241758,53.38283140068407,36.40967283072546,9.327898550724639,9.38804945054945,53.19020512179456,79.00892857142857,47.52320831786112,perclass,2,12.08886927163917,12.218865091000106,5,clean,13465,0.6439876841563804,60.89066514416215
65.28079710144927,65.10027472527472,naive,ALL,,,,95.18913043478263,95.07898351648352,,,31.784782608695643,31.897664835164836,26.495048860390636,65.10027472527472,,overall,2,33.39118916573411,33.54859681438943,5,L2A,,0.6439876841563804,
65.28079710144927,65.10027472527472,naive,clear,98.78460679237254,0.23669583255764476,0.23960801206116736,95.18913043478263,95.07898351648352,75.2673116730714,60.34289221426322,31.784782608695643,31.897664835164836,26.495048860390636,65.10027472527472,99.36171910321534,perclass,2,33.39118916573411,33.54859681438943,5,L2A,75202,0.6439876841563804,60.57771039894932
65.28079710144927,65.10027472527472,naive,thick cloud,88.70397435293008,46.57489038706332,52.50597927185756,95.18913043478263,95.07898351648352,62.18372393200939,45.12074023922365,31.784782608695643,31.897664835164836,26.495048860390636,65.10027472527472,47.12884823912121,perclass,2,33.39118916573411,33.54859681438943,5,L2A,42422,0.6439876841563804,91.37150952881495
65.28079710144927,65.10027472527472,naive,thin cloud,94.01833092137,94.01833092137,100.0,95.18913043478263,95.07898351648352,0.0548659214045676,0.027440488440694244,31.784782608695643,31.897664835164836,26.495048860390636,65.10027472527472,0.027565295293225833,perclass,2,33.39118916573411,33.54859681438943,5,L2A,14511,0.6439876841563804,5.714285714285714
65.28079710144927,65.10027472527472,naive,cloud shadow,95.61084292610471,95.53657630894912,99.92232406400497,95.18913043478263,95.07898351648352,0.9734834725753723,0.4891224996349832,31.784782608695643,31.897664835164836,26.495048860390636,65.10027472527472,0.49758633494244336,perclass,2,33.39118916573411,33.54859681438943,5,L2A,13465,0.6439876841563804,22.333333333333332
65.28079710144927,65.10027472527472,mondrian,ALL,,,,36.596376811594205,36.67925824175824,,,8.719384057971014,8.65315934065934,26.495048860390636,65.10027472527472,,overall,2,23.82581232798052,23.591424023967793,5,L2A,,0.6835756079823363,
65.28079710144927,65.10027472527472,mondrian,clear,38.60136698492062,0.019946278024520626,0.05167246546556891,36.596376811594205,36.67925824175824,75.2673116730714,60.34289221426322,8.719384057971014,8.65315934065934,26.495048860390636,65.10027472527472,99.36171910321534,perclass,2,23.82581232798052,23.591424023967793,5,L2A,75202,0.6835756079823363,60.57771039894932
65.28079710144927,65.10027472527472,mondrian,thick cloud,36.38678044410919,8.589882608080712,23.6071521119461,36.596376811594205,36.67925824175824,62.18372393200939,45.12074023922365,8.719384057971014,8.65315934065934,26.495048860390636,65.10027472527472,47.12884823912121,perclass,2,23.82581232798052,23.591424023967793,5,L2A,42422,0.6835756079823363,91.37150952881495
65.28079710144927,65.10027472527472,mondrian,thin cloud,24.298807800978565,24.298807800978565,100.0,36.596376811594205,36.67925824175824,0.0548659214045676,0.027440488440694244,8.719384057971014,8.65315934065934,26.495048860390636,65.10027472527472,0.027565295293225833,perclass,2,23.82581232798052,23.591424023967793,5,L2A,14511,0.6835756079823363,5.714285714285714
65.28079710144927,65.10027472527472,mondrian,cloud shadow,40.20794652803565,40.20794652803565,100.0,36.596376811594205,36.67925824175824,0.9734834725753723,0.4891224996349832,8.719384057971014,8.65315934065934,26.495048860390636,65.10027472527472,0.49758633494244336,perclass,2,23.82581232798052,23.591424023967793,5,L2A,13465,0.6835756079823363,22.333333333333332
79.34202898550724,79.1949860724234,naive,ALL,,,,76.86213768115942,76.483286908078,,,9.017934782608696,8.987465181058496,54.18036246025505,79.1949860724234,,overall,2,11.732609909988476,11.750887735591368,6,clean,,0.6629385889745226,
79.34202898550724,79.1949860724234,naive,clear,85.32978162546131,2.100502233691279,2.461628511966701,76.86213768115942,76.483286908078,86.35702410640066,75.98975953186431,9.017934782608696,8.987465181058496,54.18036246025505,79.1949860724234,92.2445128888149,perclass,2,11.732609909988476,11.750887735591368,6,clean,72078,0.6629385889745226,81.17598222352453
79.34202898550724,79.1949860724234,naive,thick cloud,75.92187863287607,7.481980934666356,9.854841673301893,76.86213768115942,76.483286908078,82.43760379311173,70.12242558244279,9.017934782608696,8.987465181058496,54.18036246025505,79.1949860724234,79.63729365263892,perclass,2,11.732609909988476,11.750887735591368,6,clean,43010,0.6629385889745226,85.44202753941329
79.34202898550724,79.1949860724234,naive,thin cloud,51.38179528440495,30.581403484223046,59.51797385620915,76.86213768115942,76.483286908078,46.904185402974754,30.637144148215096,9.017934782608696,8.987465181058496,54.18036246025505,79.1949860724234,42.69222696424823,perclass,2,11.732609909988476,11.750887735591368,6,clean,14293,0.6629385889745226,52.03820569674228
79.34202898550724,79.1949860724234,naive,cloud shadow,58.56951965679724,26.745903368731977,45.665225744476466,76.86213768115942,76.483286908078,57.11440308726504,39.97212057849799,9.017934782608696,8.987465181058496,54.18036246025505,79.1949860724234,48.40002813137351,perclass,2,11.732609909988476,11.750887735591368,6,clean,14219,0.6629385889745226,69.65587044534412
79.34202898550724,79.1949860724234,mondrian,ALL,,,,76.86213768115942,76.483286908078,,,9.017934782608696,8.987465181058496,54.18036246025505,79.1949860724234,,overall,2,11.732609909988476,11.750887735591368,6,clean,,0.6629385889745226,
79.34202898550724,79.1949860724234,mondrian,clear,85.32978162546131,2.100502233691279,2.461628511966701,76.86213768115942,76.483286908078,86.35702410640066,75.98975953186431,9.017934782608696,8.987465181058496,54.18036246025505,79.1949860724234,92.2445128888149,perclass,2,11.732609909988476,11.750887735591368,6,clean,72078,0.6629385889745226,81.17598222352453
79.34202898550724,79.1949860724234,mondrian,thick cloud,75.92187863287607,7.481980934666356,9.854841673301893,76.86213768115942,76.483286908078,82.43760379311173,70.12242558244279,9.017934782608696,8.987465181058496,54.18036246025505,79.1949860724234,79.63729365263892,perclass,2,11.732609909988476,11.750887735591368,6,clean,43010,0.6629385889745226,85.44202753941329
79.34202898550724,79.1949860724234,mondrian,thin cloud,51.38179528440495,30.581403484223046,59.51797385620915,76.86213768115942,76.483286908078,46.904185402974754,30.637144148215096,9.017934782608696,8.987465181058496,54.18036246025505,79.1949860724234,42.69222696424823,perclass,2,11.732609909988476,11.750887735591368,6,clean,14293,0.6629385889745226,52.03820569674228
79.34202898550724,79.1949860724234,mondrian,cloud shadow,58.56951965679724,26.745903368731977,45.665225744476466,76.86213768115942,76.483286908078,57.11440308726504,39.97212057849799,9.017934782608696,8.987465181058496,54.18036246025505,79.1949860724234,48.40002813137351,perclass,2,11.732609909988476,11.750887735591368,6,clean,14219,0.6629385889745226,69.65587044534412
63.642028985507224,63.48398328690807,naive,ALL,,,,95.1891304347826,95.1058495821727,,,33.53369565217391,33.63718662952646,25.69089130902237,63.48398328690807,,overall,2,35.228492474935486,35.36815745540814,6,L2A,,0.6629385889745226,
63.642028985507224,63.48398328690807,naive,clear,98.64036183023947,0.13873858875107523,0.1406509325156826,95.1891304347826,95.1058495821727,73.66518625009627,58.30949052248269,33.53369565217391,33.63718662952646,25.69089130902237,63.48398328690807,99.52690141235884,perclass,2,35.228492474935486,35.36815745540814,6,L2A,72078,0.6629385889745226,58.4715577037502
63.642028985507224,63.48398328690807,naive,thick cloud,89.0188328295745,48.88630551034643,54.916812495102775,95.1891304347826,95.1058495821727,60.875728461174994,43.75636816483641,33.53369565217391,33.63718662952646,25.69089130902237,63.48398328690807,44.93141129969774,perclass,2,35.228492474935486,35.36815745540814,6,L2A,43010,0.6629385889745226,94.3603515625
63.642028985507224,63.48398328690807,naive,thin cloud,95.62723011264255,95.62723011264255,100.0,95.1891304347826,95.1058495821727,nan,0.0,33.53369565217391,33.63718662952646,25.69089130902237,63.48398328690807,0.0,perclass,2,35.228492474935486,35.36815745540814,6,L2A,14293,0.6629385889745226,0.0
63.642028985507224,63.48398328690807,naive,cloud shadow,95.07700963499542,95.00668120120966,99.92603003180709,95.1891304347826,95.1058495821727,1.3857446662550594,0.6977065487703785,33.53369565217391,33.63718662952646,25.69089130902237,63.48398328690807,0.7103171812363739,perclass,2,35.228492474935486,35.36815745540814,6,L2A,14219,0.6629385889745226,28.212290502793298
63.642028985507224,63.48398328690807,mondrian,ALL,,,,43.59239130434783,43.521587743732596,,,10.664673913043476,10.665738161559888,25.69089130902237,63.48398328690807,,overall,2,24.46453060715621,24.506776325263612,6,L2A,,0.6722691059112549,
63.642028985507224,63.48398328690807,mondrian,clear,49.61708149504703,0.019423402425150532,0.03914660403210021,43.59239130434783,43.521587743732596,73.66518625009627,58.30949052248269,10.664673913043476,10.665738161559888,25.69089130902237,63.48398328690807,99.52690141235884,perclass,2,24.46453060715621,24.506776325263612,6,L2A,72078,0.6722691059112549,58.4715577037502
63.642028985507224,63.48398328690807,mondrian,thick cloud,36.39851197395954,9.81864682631946,26.975407218141168,43.59239130434783,43.521587743732596,60.875728461174994,43.75636816483641,10.664673913043476,10.665738161559888,25.69089130902237,63.48398328690807,44.93141129969774,perclass,2,24.46453060715621,24.506776325263612,6,L2A,43010,0.6722691059112549,94.3603515625
63.642028985507224,63.48398328690807,mondrian,thin cloud,31.316028825299096,31.316028825299096,100.0,43.59239130434783,43.521587743732596,nan,0.0,10.664673913043476,10.665738161559888,25.69089130902237,63.48398328690807,0.0,perclass,2,24.46453060715621,24.506776325263612,6,L2A,14293,0.6722691059112549,0.0
63.642028985507224,63.48398328690807,mondrian,cloud shadow,46.437864828750264,46.437864828750264,100.0,43.59239130434783,43.521587743732596,1.3857446662550594,0.6977065487703785,10.664673913043476,10.665738161559888,25.69089130902237,63.48398328690807,0.7103171812363739,perclass,2,24.46453060715621,24.506776325263612,6,L2A,14219,0.6722691059112549,28.212290502793298
79.84945652173913,79.66274238227146,naive,ALL,,,,75.04613526570047,74.79016620498615,,,7.920410628019326,7.982686980609419,53.35001506246184,79.66274238227146,,overall,2,10.554055315409848,10.67344463272128,7,clean,,0.6597504202057334,
79.84945652173913,79.66274238227146,naive,clear,83.46556174432823,2.098899606031789,2.514689366688911,75.04613526570047,74.79016620498615,86.65472515466799,76.45199614444867,7.920410628019326,7.982686980609419,53.35001506246184,79.66274238227146,92.66675723407147,perclass,2,10.554055315409848,10.67344463272128,7,clean,73610,0.6597504202057334,81.37526245466692
79.84945652173913,79.66274238227146,naive,thick cloud,74.15274195357183,6.72872042166648,9.074135688575662,75.04613526570047,74.79016620498615,82.61230405966172,70.37560742452004,7.920410628019326,7.982686980609419,53.35001506246184,79.66274238227146,79.25759784680947,perclass,2,10.554055315409848,10.67344463272128,7,clean,44585,0.6597504202057334,86.2635484815936
79.84945652173913,79.66274238227146,naive,thin cloud,43.1068439192516,30.20679468242245,70.07424328954883,75.04613526570047,74.79016620498615,39.59236154102576,24.68234176463603,7.920410628019326,7.982686980609419,53.35001506246184,79.66274238227146,34.11291646151321,perclass,2,10.554055315409848,10.67344463272128,7,clean,12186,0.6597504202057334,47.168954952910475
79.84945652173913,79.66274238227146,naive,cloud shadow,58.80590627006206,23.54661530779656,40.04124211547792,75.04613526570047,74.79016620498615,59.045853815778884,41.89011491624264,7.920410628019326,7.982686980609419,53.35001506246184,79.66274238227146,52.26478350809616,perclass,2,10.554055315409848,10.67344463272128,7,clean,14019,0.6597504202057334,67.84887489582368
79.84945652173913,79.66274238227146,mondrian,ALL,,,,75.04613526570047,74.79016620498615,,,7.920410628019326,7.982686980609419,53.35001506246184,79.66274238227146,,overall,2,10.554055315409848,10.67344463272128,7,clean,,0.6597504202057334,
79.84945652173913,79.66274238227146,mondrian,clear,83.46556174432823,2.098899606031789,2.514689366688911,75.04613526570047,74.79016620498615,86.65472515466799,76.45199614444867,7.920410628019326,7.982686980609419,53.35001506246184,79.66274238227146,92.66675723407147,perclass,2,10.554055315409848,10.67344463272128,7,clean,73610,0.6597504202057334,81.37526245466692
79.84945652173913,79.66274238227146,mondrian,thick cloud,74.15274195357183,6.72872042166648,9.074135688575662,75.04613526570047,74.79016620498615,82.61230405966172,70.37560742452004,7.920410628019326,7.982686980609419,53.35001506246184,79.66274238227146,79.25759784680947,perclass,2,10.554055315409848,10.67344463272128,7,clean,44585,0.6597504202057334,86.2635484815936
79.84945652173913,79.66274238227146,mondrian,thin cloud,43.1068439192516,30.20679468242245,70.07424328954883,75.04613526570047,74.79016620498615,39.59236154102576,24.68234176463603,7.920410628019326,7.982686980609419,53.35001506246184,79.66274238227146,34.11291646151321,perclass,2,10.554055315409848,10.67344463272128,7,clean,12186,0.6597504202057334,47.168954952910475
79.84945652173913,79.66274238227146,mondrian,cloud shadow,58.80590627006206,23.54661530779656,40.04124211547792,75.04613526570047,74.79016620498615,59.045853815778884,41.89011491624264,7.920410628019326,7.982686980609419,53.35001506246184,79.66274238227146,52.26478350809616,perclass,2,10.554055315409848,10.67344463272128,7,clean,14019,0.6597504202057334,67.84887489582368
66.13876811594203,65.83102493074793,naive,ALL,,,,95.07898550724639,95.06786703601108,,,30.959661835748797,31.26038781163435,26.985944278159586,65.83102493074793,,overall,2,32.56204477843237,32.88218068445053,7,L2A,,0.6597504202057334,
66.13876811594203,65.83102493074793,naive,clear,98.90368156500475,0.14671919576144546,0.14834553521146107,95.07898550724639,95.06786703601108,75.24335296559997,60.31209939848141,30.959661835748797,31.26038781163435,26.985944278159586,65.83102493074793,99.70792011954897,perclass,2,32.56204477843237,32.88218068445053,7,L2A,73610,0.6597504202057334,60.41884471957655
66.13876811594203,65.83102493074793,naive,thick cloud,89.0882583828642,45.479421330043735,51.04984894259819,95.07898550724639,95.06786703601108,64.22375378765373,47.301170550268026,30.959661835748797,31.26038781163435,26.985944278159586,65.83102493074793,48.489402265335876,perclass,2,32.56204477843237,32.88218068445053,7,L2A,44585,0.6597504202057334,95.07454153656714
66.13876811594203,65.83102493074793,naive,thin cloud,93.79615952732644,93.79615952732644,100.0,95.07898550724639,95.06786703601108,0.06533278889342588,0.032677068866922634,30.959661835748797,31.26038781163435,26.985944278159586,65.83102493074793,0.03282455276546857,perclass,2,32.56204477843237,32.88218068445053,7,L2A,12186,0.6597504202057334,6.779661016949152
66.13876811594203,65.83102493074793,naive,cloud shadow,95.049575576004,95.049575576004,100.0,95.07898550724639,95.06786703601108,0.593891402714932,0.2978300950219827,30.959661835748797,31.26038781163435,26.985944278159586,65.83102493074793,0.2995934089450032,perclass,2,32.56204477843237,32.88218068445053,7,L2A,14019,0.6597504202057334,33.6
66.13876811594203,65.83102493074793,mondrian,ALL,,,,35.81600241545894,35.43559556786703,,,8.986231884057974,9.197368421052632,26.985944278159586,65.83102493074793,,overall,2,25.08999128327992,25.955168168226862,7,L2A,,0.7008539262939902,
66.13876811594203,65.83102493074793,mondrian,clear,34.249422632794456,0.020377666077978536,0.05949783824521042,35.81600241545894,35.43559556786703,75.24335296559997,60.31209939848141,8.986231884057974,9.197368421052632,26.985944278159586,65.83102493074793,99.70792011954897,perclass,2,25.08999128327992,25.955168168226862,7,L2A,73610,0.7008539262939902,60.41884471957655
66.13876811594203,65.83102493074793,mondrian,thick cloud,37.70774924301895,9.240776045755299,24.50630502022365,35.81600241545894,35.43559556786703,64.22375378765373,47.301170550268026,8.986231884057974,9.197368421052632,26.985944278159586,65.83102493074793,48.489402265335876,perclass,2,25.08999128327992,25.955168168226862,7,L2A,44585,0.7008539262939902,95.07454153656714
66.13876811594203,65.83102493074793,mondrian,thin cloud,31.29821106187428,31.29821106187428,100.0,35.81600241545894,35.43559556786703,0.06533278889342588,0.032677068866922634,8.986231884057974,9.197368421052632,26.985944278159586,65.83102493074793,0.03282455276546857,perclass,2,25.08999128327992,25.955168168226862,7,L2A,12186,0.7008539262939902,6.779661016949152
66.13876811594203,65.83102493074793,mondrian,cloud shadow,38.0340965832085,38.0340965832085,100.0,35.81600241545894,35.43559556786703,0.593891402714932,0.2978300950219827,8.986231884057974,9.197368421052632,26.985944278159586,65.83102493074793,0.2995934089450032,perclass,2,25.08999128327992,25.955168168226862,7,L2A,14019,0.7008539262939902,33.6
79.59637681159421,79.57297297297298,naive,ALL,,,,75.17028985507245,75.10878378378378,,,8.133695652173914,8.131756756756756,54.182265930127,79.57297297297298,,overall,2,10.820359570058324,10.826638839161216,8,clean,,0.6405120071242838,
79.59637681159421,79.57297297297298,naive,clear,83.56236438950621,2.4866855151555,2.975843890156582,75.17028985507245,75.10878378378378,86.643829182297,76.43503530269714,8.133695652173914,8.131756756756756,54.182265930127,79.57297297297298,90.96719047932146,perclass,2,10.820359570058324,10.826638839161216,8,clean,76045,0.6405120071242838,82.71277231747854
79.59637681159421,79.57297297297298,naive,thick cloud,76.69485618698016,6.198596719483295,8.082154433370695,75.17028985507245,75.10878378378378,83.50920850304601,71.6873904193789,8.133695652173914,8.131756756756756,54.182265930127,79.57297297297298,82.64485851029228,perclass,2,10.820359570058324,10.826638839161216,8,clean,43042,0.6405120071242838,84.39182937534103
79.59637681159421,79.57297297297298,naive,thin cloud,42.07374269427809,25.1749765495346,59.83536271651517,75.17028985507245,75.10878378378378,45.23093957608352,29.22479431754305,8.133695652173914,8.131756756756756,54.182265930127,79.57297297297298,41.265603578901796,perclass,2,10.820359570058324,10.826638839161216,8,clean,13859,0.6405120071242838,50.03937352349287
79.59637681159421,79.57297297297298,naive,cloud shadow,58.28351268765777,26.484655241131925,45.44107590608616,75.17028985507245,75.10878378378378,56.5092879256966,39.38184368088894,8.133695652173914,8.131756756756756,54.182265930127,79.57297297297298,48.498737876976215,perclass,2,10.820359570058324,10.826638839161216,8,clean,15054,0.6405120071242838,67.68959762655294
79.59637681159421,79.57297297297298,mondrian,ALL,,,,75.17028985507245,75.10878378378378,,,8.133695652173914,8.131756756756756,54.182265930127,79.57297297297298,,overall,2,10.820359570058324,10.826638839161216,8,clean,,0.6405120071242838,
79.59637681159421,79.57297297297298,mondrian,clear,83.56236438950621,2.4866855151555,2.975843890156582,75.17028985507245,75.10878378378378,86.643829182297,76.43503530269714,8.133695652173914,8.131756756756756,54.182265930127,79.57297297297298,90.96719047932146,perclass,2,10.820359570058324,10.826638839161216,8,clean,76045,0.6405120071242838,82.71277231747854
79.59637681159421,79.57297297297298,mondrian,thick cloud,76.69485618698016,6.198596719483295,8.082154433370695,75.17028985507245,75.10878378378378,83.50920850304601,71.6873904193789,8.133695652173914,8.131756756756756,54.182265930127,79.57297297297298,82.64485851029228,perclass,2,10.820359570058324,10.826638839161216,8,clean,43042,0.6405120071242838,84.39182937534103
79.59637681159421,79.57297297297298,mondrian,thin cloud,42.07374269427809,25.1749765495346,59.83536271651517,75.17028985507245,75.10878378378378,45.23093957608352,29.22479431754305,8.133695652173914,8.131756756756756,54.182265930127,79.57297297297298,41.265603578901796,perclass,2,10.820359570058324,10.826638839161216,8,clean,13859,0.6405120071242838,50.03937352349287
79.59637681159421,79.57297297297298,mondrian,cloud shadow,58.28351268765777,26.484655241131925,45.44107590608616,75.17028985507245,75.10878378378378,56.5092879256966,39.38184368088894,8.133695652173914,8.131756756756756,54.182265930127,79.57297297297298,48.498737876976215,perclass,2,10.820359570058324,10.826638839161216,8,clean,15054,0.6405120071242838,67.68959762655294
64.50579710144929,64.45472972972973,naive,ALL,,,,94.94021739130434,94.93445945945946,,,32.46449275362318,32.5,26.195249150319377,64.45472972972973,,overall,2,34.19466865113439,34.234144466666194,8,L2A,,0.6405120071242838,
64.50579710144929,64.45472972972973,naive,clear,98.49957262147413,0.29587744098888813,0.30038449214995194,94.94021739130434,94.93445945945946,74.5477538358181,59.42321171217287,32.46449275362318,32.5,26.195249150319377,64.45472972972973,99.22414359918469,perclass,2,34.19466865113439,34.234144466666194,8,L2A,76045,0.6405120071242838,59.70060685660936
64.50579710144929,64.45472972972973,naive,thick cloud,88.33000325263696,47.17485246968078,53.407506772929324,94.94021739130434,94.93445945945946,61.72332212675881,44.63755065285907,32.46449275362318,32.5,26.195249150319377,64.45472972972973,46.06663259142233,perclass,2,34.19466865113439,34.234144466666194,8,L2A,43042,0.6405120071242838,93.5018391021409
64.50579710144929,64.45472972972973,naive,thin cloud,95.77170069990619,95.77170069990619,100.0,94.94021739130434,94.93445945945946,0.05763273539370362,0.02882467392087627,32.46449275362318,32.5,26.195249150319377,64.45472972972973,0.02886211126343892,perclass,2,34.19466865113439,34.234144466666194,8,L2A,13859,0.6405120071242838,18.181818181818183
64.50579710144929,64.45472972972973,naive,cloud shadow,95.03786369071344,94.97143616314601,99.93010414482421,94.94021739130434,94.93445945945946,1.3733238323508452,0.6914095623247016,32.46449275362318,32.5,26.195249150319377,64.45472972972973,0.7041317922146938,perclass,2,34.19466865113439,34.234144466666194,8,L2A,15054,0.6405120071242838,27.676240208877285
64.50579710144929,64.45472972972973,mondrian,ALL,,,,36.88731884057971,36.89797297297297,,,8.659057971014493,8.616891891891893,26.195249150319377,64.45472972972973,,overall,2,23.474349026117537,23.353293413173652,8,L2A,,0.6841947038968405,
64.50579710144929,64.45472972972973,mondrian,clear,40.084160694325725,0.036820303767506085,0.09185748966603241,36.88731884057971,36.89797297297297,74.5477538358181,59.42321171217287,8.659057971014493,8.616891891891893,26.195249150319377,64.45472972972973,99.22414359918469,perclass,2,23.474349026117537,23.353293413173652,8,L2A,76045,0.6841947038968405,59.70060685660936
64.50579710144929,64.45472972972973,mondrian,thick cloud,33.418521444170814,6.928116723200595,20.731368186874306,36.88731884057971,36.89797297297297,61.72332212675881,44.63755065285907,8.659057971014493,8.616891891891893,26.195249150319377,64.45472972972973,46.06663259142233,perclass,2,23.474349026117537,23.353293413173652,8,L2A,43042,0.6841947038968405,93.5018391021409
64.50579710144929,64.45472972972973,mondrian,thin cloud,28.025110036799195,28.025110036799195,100.0,36.88731884057971,36.89797297297297,0.05763273539370362,0.02882467392087627,8.659057971014493,8.616891891891893,26.195249150319377,64.45472972972973,0.02886211126343892,perclass,2,23.474349026117537,23.353293413173652,8,L2A,13859,0.6841947038968405,18.181818181818183
64.50579710144929,64.45472972972973,mondrian,cloud shadow,38.91988840175369,38.91988840175369,100.0,36.88731884057971,36.89797297297297,1.3733238323508452,0.6914095623247016,8.659057971014493,8.616891891891893,26.195249150319377,64.45472972972973,0.7041317922146938,perclass,2,23.474349026117537,23.353293413173652,8,L2A,15054,0.6841947038968405,27.676240208877285
79.91829710144927,79.7927807486631,naive,ALL,,,,76.32977053140098,76.11898395721926,,,8.360628019323672,8.315508021390375,54.15867285144322,79.7927807486631,,overall,2,10.95329903537995,10.924354988847321,9,clean,,0.6607668610180125,
79.91829710144927,79.7927807486631,naive,clear,85.83171385051736,1.609853458690057,1.8755928158369795,76.32977053140098,76.11898395721926,86.72367593830302,76.55940167255798,8.360628019323672,8.315508021390375,54.15867285144322,79.7927807486631,93.28352329429067,perclass,2,10.95329903537995,10.924354988847321,9,clean,76156,0.6607668610180125,81.02581064589344
79.91829710144927,79.7927807486631,naive,thick cloud,73.84130065518079,7.169486664754804,9.709317957756998,76.32977053140098,76.11898395721926,82.63892892973696,70.41425932476515,8.360628019323672,8.315508021390375,54.15867285144322,79.7927807486631,79.0430389799475,perclass,2,10.95329903537995,10.924354988847321,9,clean,45331,0.6607668610180125,86.57758662349588
79.91829710144927,79.7927807486631,naive,thin cloud,51.79689148322667,31.71109079400802,61.221995926680236,76.32977053140098,76.11898395721926,46.01375961149332,29.881734559789752,8.360628019323672,8.315508021390375,54.15867285144322,79.7927807486631,39.98171460721569,perclass,2,10.95329903537995,10.924354988847321,9,clean,14219,0.6607668610180125,54.18930511867315
79.91829710144927,79.7927807486631,naive,cloud shadow,55.20368504390384,24.86684899956816,45.04563233376793,76.32977053140098,76.11898395721926,56.91729323308271,39.77929584866001,8.360628019323672,8.315508021390375,54.15867285144322,79.7927807486631,49.03555491579099,perclass,2,10.95329903537995,10.924354988847321,9,clean,13894,0.6607668610180125,67.81803702966354
79.91829710144927,79.7927807486631,mondrian,ALL,,,,76.32977053140098,76.11898395721926,,,8.360628019323672,8.315508021390375,54.15867285144322,79.7927807486631,,overall,2,10.95329903537995,10.924354988847321,9,clean,,0.6607668610180125,
79.91829710144927,79.7927807486631,mondrian,clear,85.83171385051736,1.609853458690057,1.8755928158369795,76.32977053140098,76.11898395721926,86.72367593830302,76.55940167255798,8.360628019323672,8.315508021390375,54.15867285144322,79.7927807486631,93.28352329429067,perclass,2,10.95329903537995,10.924354988847321,9,clean,76156,0.6607668610180125,81.02581064589344
79.91829710144927,79.7927807486631,mondrian,thick cloud,73.84130065518079,7.169486664754804,9.709317957756998,76.32977053140098,76.11898395721926,82.63892892973696,70.41425932476515,8.360628019323672,8.315508021390375,54.15867285144322,79.7927807486631,79.0430389799475,perclass,2,10.95329903537995,10.924354988847321,9,clean,45331,0.6607668610180125,86.57758662349588
79.91829710144927,79.7927807486631,mondrian,thin cloud,51.79689148322667,31.71109079400802,61.221995926680236,76.32977053140098,76.11898395721926,46.01375961149332,29.881734559789752,8.360628019323672,8.315508021390375,54.15867285144322,79.7927807486631,39.98171460721569,perclass,2,10.95329903537995,10.924354988847321,9,clean,14219,0.6607668610180125,54.18930511867315
79.91829710144927,79.7927807486631,mondrian,cloud shadow,55.20368504390384,24.86684899956816,45.04563233376793,76.32977053140098,76.11898395721926,56.91729323308271,39.77929584866001,8.360628019323672,8.315508021390375,54.15867285144322,79.7927807486631,49.03555491579099,perclass,2,10.95329903537995,10.924354988847321,9,clean,13894,0.6607668610180125,67.81803702966354
64.82113526570049,65.10895721925134,naive,ALL,,,,94.44993961352658,94.4538770053476,,,31.950120772946853,31.673128342245988,26.5697521334808,65.10895721925134,,overall,2,33.82757141368372,33.53290446770415,9,L2A,,0.6607668610180125,
64.82113526570049,65.10895721925134,naive,clear,98.64226062293187,0.13524870003676662,0.13711030057772688,94.44993961352658,94.4538770053476,74.84426556974387,59.800907973139125,31.950120772946853,31.673128342245988,26.5697521334808,65.10895721925134,99.62839434844267,perclass,2,33.82757141368372,33.53290446770415,9,L2A,76156,0.6607668610180125,59.93459353992717
64.82113526570049,65.10895721925134,naive,thick cloud,87.34861353157883,45.65749707705544,52.270431356702694,94.44993961352658,94.4538770053476,63.12819608534651,46.12213347075496,31.950120772946853,31.673128342245988,26.5697521334808,65.10895721925134,47.38479186428714,perclass,2,33.82757141368372,33.53290446770415,9,L2A,45331,0.6607668610180125,94.53809251353374
64.82113526570049,65.10895721925134,naive,thin cloud,94.08537871861594,94.08537871861594,100.0,94.44993961352658,94.4538770053476,0.013977217136068207,0.00698909700866648,31.950120772946853,31.673128342245988,26.5697521334808,65.10895721925134,0.007032843378577959,perclass,2,33.82757141368372,33.53290446770415,9,L2A,14219,0.6607668610180125,1.1111111111111112
64.82113526570049,65.10895721925134,naive,cloud shadow,95.05541960558514,95.04102490283576,99.98485651548421,94.44993961352658,94.4538770053476,0.6955287437899219,0.34897799302044014,31.950120772946853,31.673128342245988,26.5697521334808,65.10895721925134,0.35267021736001153,perclass,2,33.82757141368372,33.53290446770415,9,L2A,13894,0.6607668610180125,25.0
64.82113526570049,65.10895721925134,mondrian,ALL,,,,36.499516908212556,36.762700534759354,,,8.584239130434783,8.348930481283423,26.5697521334808,65.10895721925134,,overall,2,23.518774651242822,22.710329654344786,9,L2A,,0.6870859160142786,
64.82113526570049,65.10895721925134,mondrian,clear,40.101896107988864,0.01444403592625663,0.036018336607727575,36.499516908212556,36.762700534759354,74.84426556974387,59.800907973139125,8.584239130434783,8.348930481283423,26.5697521334808,65.10895721925134,99.62839434844267,perclass,2,23.518774651242822,22.710329654344786,9,L2A,76156,0.6870859160142786,59.93459353992717
64.82113526570049,65.10895721925134,mondrian,thick cloud,34.248086298559485,7.824667446118551,22.847020933977454,36.499516908212556,36.762700534759354,63.12819608534651,46.12213347075496,8.584239130434783,8.348930481283423,26.5697521334808,65.10895721925134,47.38479186428714,perclass,2,23.518774651242822,22.710329654344786,9,L2A,45331,0.6870859160142786,94.53809251353374
64.82113526570049,65.10895721925134,mondrian,thin cloud,21.661157606020115,21.661157606020115,100.0,36.499516908212556,36.762700534759354,0.013977217136068207,0.00698909700866648,8.584239130434783,8.348930481283423,26.5697521334808,65.10895721925134,0.007032843378577959,perclass,2,23.518774651242822,22.710329654344786,9,L2A,14219,0.6870859160142786,1.1111111111111112
64.82113526570049,65.10895721925134,mondrian,cloud shadow,42.11890024470995,42.11890024470995,100.0,36.499516908212556,36.762700534759354,0.6955287437899219,0.34897799302044014,8.584239130434783,8.348930481283423,26.5697521334808,65.10895721925134,0.35267021736001153,perclass,2,23.518774651242822,22.710329654344786,9,L2A,13894,0.6870859160142786,25.0
79.18200483091788,79.14794520547946,naive,ALL,,,,79.32874396135267,79.01438356164383,,,10.40144927536232,10.234931506849316,52.214166747920075,79.14794520547946,,overall,3,13.111829024331573,12.953251098724875,0,clean,,0.6290586113929748,
79.18200483091788,79.14794520547946,naive,clear,87.25369707610237,2.4606658113309474,2.8201278499233826,79.32874396135267,79.01438356164383,86.48817754641071,76.19310101533475,10.40144927536232,10.234931506849316,52.214166747920075,79.14794520547946,93.34053616044298,perclass,3,13.111829024331573,12.953251098724875,0,clean,74045,0.6290586113929748,80.57310732355616
79.18200483091788,79.14794520547946,naive,thick cloud,78.40684513115343,8.659719726913401,11.04459656861341,79.32874396135267,79.01438356164383,82.17738107641904,69.74669365456796,10.40144927536232,10.234931506849316,52.214166747920075,79.14794520547946,79.70715055695294,perclass,3,13.111829024331573,12.953251098724875,0,clean,44528,0.6290586113929748,84.80561993739695
79.18200483091788,79.14794520547946,naive,thin cloud,54.85309734513274,31.907964601769912,58.16985028394425,79.32874396135267,79.01438356164383,47.29349377931878,30.970189122769526,10.40144927536232,10.234931506849316,52.214166747920075,79.14794520547946,41.04070796460177,perclass,3,13.111829024331573,12.953251098724875,0,clean,14125,0.6290586113929748,55.79403272377286
79.18200483091788,79.14794520547946,naive,cloud shadow,60.84047511652383,35.76905728461885,58.791548251575435,79.32874396135267,79.01438356164383,48.42362448902881,31.946683199008056,10.40144927536232,10.234931506849316,52.214166747920075,79.14794520547946,38.73853555856262,perclass,3,13.111829024331573,12.953251098724875,0,clean,13302,0.6290586113929748,64.56584387921313
79.18200483091788,79.14794520547946,mondrian,ALL,,,,79.32874396135267,79.01438356164383,,,10.40144927536232,10.234931506849316,52.214166747920075,79.14794520547946,,overall,3,13.111829024331573,12.953251098724875,0,clean,,0.6290586113929748,
79.18200483091788,79.14794520547946,mondrian,clear,87.25369707610237,2.4606658113309474,2.8201278499233826,79.32874396135267,79.01438356164383,86.48817754641071,76.19310101533475,10.40144927536232,10.234931506849316,52.214166747920075,79.14794520547946,93.34053616044298,perclass,3,13.111829024331573,12.953251098724875,0,clean,74045,0.6290586113929748,80.57310732355616
79.18200483091788,79.14794520547946,mondrian,thick cloud,78.40684513115343,8.659719726913401,11.04459656861341,79.32874396135267,79.01438356164383,82.17738107641904,69.74669365456796,10.40144927536232,10.234931506849316,52.214166747920075,79.14794520547946,79.70715055695294,perclass,3,13.111829024331573,12.953251098724875,0,clean,44528,0.6290586113929748,84.80561993739695
79.18200483091788,79.14794520547946,mondrian,thin cloud,54.85309734513274,31.907964601769912,58.16985028394425,79.32874396135267,79.01438356164383,47.29349377931878,30.970189122769526,10.40144927536232,10.234931506849316,52.214166747920075,79.14794520547946,41.04070796460177,perclass,3,13.111829024331573,12.953251098724875,0,clean,14125,0.6290586113929748,55.79403272377286
79.18200483091788,79.14794520547946,mondrian,cloud shadow,60.84047511652383,35.76905728461885,58.791548251575435,79.32874396135267,79.01438356164383,48.42362448902881,31.946683199008056,10.40144927536232,10.234931506849316,52.214166747920075,79.14794520547946,38.73853555856262,perclass,3,13.111829024331573,12.953251098724875,0,clean,13302,0.6290586113929748,64.56584387921313
64.12101449275362,64.26643835616439,naive,ALL,,,,91.48236714975846,91.16575342465754,,,30.872342995169088,30.59178082191781,27.787785322758175,64.26643835616439,,overall,3,33.746768865994085,33.55622004177247,0,L2A,,0.6290586113929748,
64.12101449275362,64.26643835616439,naive,clear,92.2695658045783,0.4470254574920656,0.48447768621653664,91.48236714975846,91.16575342465754,73.70496579351247,58.35935375971132,30.872342995169088,30.59178082191781,27.787785322758175,64.26643835616439,95.66614896346816,perclass,3,33.746768865994085,33.55622004177247,0,L2A,74045,0.6290586113929748,59.944148260979944
64.12101449275362,64.26643835616439,naive,thick cloud,89.43586058210565,43.68262666187567,48.84240658899156,91.48236714975846,91.16575342465754,65.51248164464025,48.71268534492172,30.872342995169088,30.59178082191781,27.787785322758175,64.26643835616439,50.096568451311526,perclass,3,33.746768865994085,33.55622004177247,0,L2A,44528,0.6290586113929748,94.63346343118954
64.12101449275362,64.26643835616439,naive,thin cloud,96.0353982300885,96.0353982300885,100.0,91.48236714975846,91.16575342465754,0.014106361969248131,0.0070536784933342735,30.872342995169088,30.59178082191781,27.787785322758175,64.26643835616439,0.007079646017699115,perclass,3,33.746768865994085,33.55622004177247,0,L2A,14125,0.6290586113929748,1.8867924528301887
64.12101449275362,64.26643835616439,naive,cloud shadow,85.64125695384152,85.07743196511802,99.34164325842697,91.48236714975846,91.16575342465754,7.825441252070601,4.072048507906313,30.872342995169088,30.59178082191781,27.787785322758175,64.26643835616439,5.1496015636746355,perclass,3,33.746768865994085,33.55622004177247,0,L2A,13302,0.6290586113929748,16.290130796670628
64.12101449275362,64.26643835616439,mondrian,ALL,,,,35.81533816425121,36.04452054794521,,,8.596618357487925,8.346575342465753,27.787785322758175,64.26643835616439,,overall,3,24.00261675057579,23.1562945368171,0,L2A,,0.747953755014083,
64.12101449275362,64.26643835616439,mondrian,clear,42.86312377608211,0.0040515902491728,0.009452391455038124,35.81533816425121,36.04452054794521,73.70496579351247,58.35935375971132,8.596618357487925,8.346575342465753,27.787785322758175,64.26643835616439,95.66614896346816,perclass,3,24.00261675057579,23.1562945368171,0,L2A,74045,0.747953755014083,59.944148260979944
64.12101449275362,64.26643835616439,mondrian,thick cloud,29.81494789795185,10.267696730147323,34.43808376016872,35.81533816425121,36.04452054794521,65.51248164464025,48.71268534492172,8.596618357487925,8.346575342465753,27.787785322758175,64.26643835616439,50.096568451311526,perclass,3,24.00261675057579,23.1562945368171,0,L2A,44528,0.747953755014083,94.63346343118954
64.12101449275362,64.26643835616439,mondrian,thin cloud,35.07964601769912,35.07964601769912,100.0,35.81533816425121,36.04452054794521,0.014106361969248131,0.0070536784933342735,8.596618357487925,8.346575342465753,27.787785322758175,64.26643835616439,0.007079646017699115,perclass,3,24.00261675057579,23.1562945368171,0,L2A,14125,0.747953755014083,1.8867924528301887
64.12101449275362,64.26643835616439,mondrian,cloud shadow,19.966922267328222,19.966922267328222,100.0,35.81533816425121,36.04452054794521,7.825441252070601,4.072048507906313,8.596618357487925,8.346575342465753,27.787785322758175,64.26643835616439,5.1496015636746355,perclass,3,24.00261675057579,23.1562945368171,0,L2A,13302,0.747953755014083,16.290130796670628
80.4320652173913,80.28742937853107,naive,ALL,,,,75.84945652173913,75.79731638418079,,,7.9311594202898545,8.008474576271187,55.13691254106055,80.28742937853107,,overall,3,10.456448581166452,10.565643954569595,1,clean,,0.6421220162335565,
80.4320652173913,80.28742937853107,naive,clear,83.20701154810793,3.132320921643745,3.7644915534945347,75.84945652173913,75.79731638418079,86.76302298660492,76.62075169698457,7.9311594202898545,8.008474576271187,55.13691254106055,80.28742937853107,90.37565802166304,perclass,3,10.456448581166452,10.565643954569595,1,clean,72566,0.6421220162335565,83.4281061964915
80.4320652173913,80.28742937853107,naive,thick cloud,78.3530606123532,6.82263907154888,8.70755911540387,75.84945652173913,75.79731638418079,84.29147696445001,72.84811416921508,7.9311594202898545,8.008474576271187,55.13691254106055,80.28742937853107,82.44387531436746,perclass,3,10.456448581166452,10.565643954569595,1,clean,43341,0.6421220162335565,86.22378803600299
80.4320652173913,80.28742937853107,naive,thin cloud,43.95772967445031,21.32265212203852,48.50717332299341,75.84945652173913,75.79731638418079,49.1787972669015,32.607349879002754,7.9311594202898545,8.008474576271187,55.13691254106055,80.28742937853107,49.37787625703085,perclass,3,10.456448581166452,10.565643954569595,1,clean,11734,0.6421220162335565,48.981317102037366
80.4320652173913,80.28742937853107,naive,cloud shadow,56.10717100078803,25.847123719464143,46.06741573033708,75.84945652173913,75.79731638418079,55.56587837837837,38.471434419039824,7.9311594202898545,8.008474576271187,55.13691254106055,80.28742937853107,47.13088330109606,perclass,3,10.456448581166452,10.565643954569595,1,clean,13959,0.6421220162335565,67.67822240510235
80.4320652173913,80.28742937853107,mondrian,ALL,,,,75.84945652173913,75.79731638418079,,,7.9311594202898545,8.008474576271187,55.13691254106055,80.28742937853107,,overall,3,10.456448581166452,10.565643954569595,1,clean,,0.6421220162335565,
80.4320652173913,80.28742937853107,mondrian,clear,83.20701154810793,3.132320921643745,3.7644915534945347,75.84945652173913,75.79731638418079,86.76302298660492,76.62075169698457,7.9311594202898545,8.008474576271187,55.13691254106055,80.28742937853107,90.37565802166304,perclass,3,10.456448581166452,10.565643954569595,1,clean,72566,0.6421220162335565,83.4281061964915
80.4320652173913,80.28742937853107,mondrian,thick cloud,78.3530606123532,6.82263907154888,8.70755911540387,75.84945652173913,75.79731638418079,84.29147696445001,72.84811416921508,7.9311594202898545,8.008474576271187,55.13691254106055,80.28742937853107,82.44387531436746,perclass,3,10.456448581166452,10.565643954569595,1,clean,43341,0.6421220162335565,86.22378803600299
80.4320652173913,80.28742937853107,mondrian,thin cloud,43.95772967445031,21.32265212203852,48.50717332299341,75.84945652173913,75.79731638418079,49.1787972669015,32.607349879002754,7.9311594202898545,8.008474576271187,55.13691254106055,80.28742937853107,49.37787625703085,perclass,3,10.456448581166452,10.565643954569595,1,clean,11734,0.6421220162335565,48.981317102037366
80.4320652173913,80.28742937853107,mondrian,cloud shadow,56.10717100078803,25.847123719464143,46.06741573033708,75.84945652173913,75.79731638418079,55.56587837837837,38.471434419039824,7.9311594202898545,8.008474576271187,55.13691254106055,80.28742937853107,47.13088330109606,perclass,3,10.456448581166452,10.565643954569595,1,clean,13959,0.6421220162335565,67.67822240510235
66.5784420289855,66.55932203389831,naive,ALL,,,,90.91811594202899,90.8954802259887,,,28.10942028985507,28.12853107344633,29.183322475572876,66.55932203389831,,overall,3,30.917292993376737,30.94601734157939,1,L2A,,0.6421220162335565,
66.5784420289855,66.55932203389831,naive,clear,93.82079761871951,0.278367279442163,0.2967010369848124,90.91811594202899,90.8954802259887,75.1028729712276,60.13178586079584,28.10942028985507,28.12853107344633,29.183322475572876,66.55932203389831,96.95863076371855,perclass,3,30.917292993376737,30.94601734157939,1,L2A,72566,0.6421220162335565,61.28779366033397
66.5784420289855,66.55932203389831,naive,thick cloud,88.11287233797097,39.886020165663,45.26696169053916,90.91811594202899,90.8954802259887,69.13129333511499,52.82492285351243,28.10942028985507,28.12853107344633,29.183322475572876,66.55932203389831,53.71588103643201,perclass,3,30.917292993376737,30.94601734157939,1,L2A,43341,0.6421220162335565,96.95568882225554
66.5784420289855,66.55932203389831,naive,thin cloud,93.47196182035111,93.47196182035111,100.0,90.91811594202899,90.8954802259887,0.01700102006120367,0.008501232678738417,28.10942028985507,28.12853107344633,29.183322475572876,66.55932203389831,0.00852224305437191,perclass,3,30.917292993376737,30.94601734157939,1,L2A,11734,0.6421220162335565,3.3333333333333335
66.5784420289855,66.55932203389831,naive,cloud shadow,82.16204599183322,81.47431764453042,99.16296102537274,90.91811594202899,90.8954802259887,7.2625029911462065,3.768079955304488,28.10942028985507,28.12853107344633,29.183322475572876,66.55932203389831,4.348449029300093,perclass,3,30.917292993376737,30.94601734157939,1,L2A,13959,0.6421220162335565,22.016684802321365
66.5784420289855,66.55932203389831,mondrian,ALL,,,,34.488949275362316,34.30225988700565,,,7.766485507246379,7.701977401129943,29.183322475572876,66.55932203389831,,overall,3,22.518765199943278,22.453265255702874,1,L2A,,0.7578526665182674,
66.5784420289855,66.55932203389831,mondrian,clear,40.21304743268197,0.005512223355290356,0.013707549432850142,34.488949275362316,34.30225988700565,75.1028729712276,60.13178586079584,7.766485507246379,7.701977401129943,29.183322475572876,66.55932203389831,96.95863076371855,perclass,3,22.518765199943278,22.453265255702874,1,L2A,72566,0.7578526665182674,61.28779366033397
66.5784420289855,66.55932203389831,mondrian,thick cloud,29.96469855333287,10.378163863316491,34.63463463463464,34.488949275362316,34.30225988700565,69.13129333511499,52.82492285351243,7.766485507246379,7.701977401129943,29.183322475572876,66.55932203389831,53.71588103643201,perclass,3,22.518765199943278,22.453265255702874,1,L2A,43341,0.7578526665182674,96.95568882225554
66.5784420289855,66.55932203389831,mondrian,thin cloud,38.06885972387932,38.06885972387932,100.0,34.488949275362316,34.30225988700565,0.01700102006120367,0.008501232678738417,7.766485507246379,7.701977401129943,29.183322475572876,66.55932203389831,0.00852224305437191,perclass,3,22.518765199943278,22.453265255702874,1,L2A,11734,0.7578526665182674,3.3333333333333335
66.5784420289855,66.55932203389831,mondrian,cloud shadow,13.876352174224515,13.876352174224515,100.0,34.488949275362316,34.30225988700565,7.2625029911462065,3.768079955304488,7.766485507246379,7.701977401129943,29.183322475572876,66.55932203389831,4.348449029300093,perclass,3,22.518765199943278,22.453265255702874,1,L2A,13959,0.7578526665182674,22.016684802321365
80.26479468599034,80.02452316076294,naive,ALL,,,,77.54021739130434,76.95095367847411,,,8.817874396135265,8.702997275204359,54.71610722935265,80.02452316076294,,overall,3,11.372001127667891,11.30979781169222,2,clean,,0.654047393097597,
80.26479468599034,80.02452316076294,naive,clear,84.58478632705287,2.1944072448587226,2.5943285313435642,77.54021739130434,76.95095367847411,86.70439087413739,76.52934790951656,8.817874396135265,8.702997275204359,54.71610722935265,80.02452316076294,92.54166721913576,perclass,3,11.372001127667891,11.30979781169222,2,clean,75419,0.654047393097597,81.55981957136514
80.26479468599034,80.02452316076294,naive,thick cloud,78.79722802354281,6.630909436111638,8.415155713511234,77.54021739130434,76.95095367847411,83.9233056100526,72.29987557030277,8.817874396135265,8.702997275204359,54.71610722935265,80.02452316076294,82.7392253654832,perclass,3,11.372001127667891,11.30979781169222,2,clean,42136,0.654047393097597,85.1417686277383
80.26479468599034,80.02452316076294,naive,thin cloud,54.52588857459107,28.38519247325052,52.05819330100372,77.54021739130434,76.95095367847411,51.14709851551956,34.3608340888486,8.817874396135265,8.702997275204359,54.71610722935265,80.02452316076294,44.281146230475954,perclass,3,11.372001127667891,11.30979781169222,2,clean,16262,0.654047393097597,60.53295225285811
80.26479468599034,80.02452316076294,naive,cloud shadow,54.70230301163059,28.583532311484248,52.25288651084201,77.54021739130434,76.95095367847411,52.58822428156885,35.674371348742696,8.817874396135265,8.702997275204359,54.71610722935265,80.02452316076294,43.27197103905107,perclass,3,11.372001127667891,11.30979781169222,2,clean,12983,0.654047393097597,67.0165811761899
80.26479468599034,80.02452316076294,mondrian,ALL,,,,77.54021739130434,76.95095367847411,,,8.817874396135265,8.702997275204359,54.71610722935265,80.02452316076294,,overall,3,11.372001127667891,11.30979781169222,2,clean,,0.654047393097597,
80.26479468599034,80.02452316076294,mondrian,clear,84.58478632705287,2.1944072448587226,2.5943285313435642,77.54021739130434,76.95095367847411,86.70439087413739,76.52934790951656,8.817874396135265,8.702997275204359,54.71610722935265,80.02452316076294,92.54166721913576,perclass,3,11.372001127667891,11.30979781169222,2,clean,75419,0.654047393097597,81.55981957136514
80.26479468599034,80.02452316076294,mondrian,thick cloud,78.79722802354281,6.630909436111638,8.415155713511234,77.54021739130434,76.95095367847411,83.9233056100526,72.29987557030277,8.817874396135265,8.702997275204359,54.71610722935265,80.02452316076294,82.7392253654832,perclass,3,11.372001127667891,11.30979781169222,2,clean,42136,0.654047393097597,85.1417686277383
80.26479468599034,80.02452316076294,mondrian,thin cloud,54.52588857459107,28.38519247325052,52.05819330100372,77.54021739130434,76.95095367847411,51.14709851551956,34.3608340888486,8.817874396135265,8.702997275204359,54.71610722935265,80.02452316076294,44.281146230475954,perclass,3,11.372001127667891,11.30979781169222,2,clean,16262,0.654047393097597,60.53295225285811
80.26479468599034,80.02452316076294,mondrian,cloud shadow,54.70230301163059,28.583532311484248,52.25288651084201,77.54021739130434,76.95095367847411,52.58822428156885,35.674371348742696,8.817874396135265,8.702997275204359,54.71610722935265,80.02452316076294,43.27197103905107,perclass,3,11.372001127667891,11.30979781169222,2,clean,12983,0.654047393097597,67.0165811761899
65.6068236714976,65.7350136239782,naive,ALL,,,,90.40579710144927,90.37261580381471,,,28.43538647342995,28.308583106267033,29.527291014125606,65.7350136239782,,overall,3,31.45305653521428,31.324293155042326,2,L2A,,0.654047393097597,
65.6068236714976,65.7350136239782,naive,clear,93.6435115819621,0.555562921810154,0.5932743362831858,90.40579710144927,90.37261580381471,74.91533823407946,59.89170628631801,28.43538647342995,28.308583106267033,29.527291014125606,65.7350136239782,96.2091780585794,perclass,3,31.45305653521428,31.324293155042326,2,L2A,75419,0.654047393097597,61.3392170289028
65.6068236714976,65.7350136239782,naive,thick cloud,86.51272071387886,37.38845642680843,43.21729350122075,90.40579710144927,90.37261580381471,69.71146613713634,53.505449842970634,28.43538647342995,28.308583106267033,29.527291014125606,65.7350136239782,54.988608315929376,perclass,3,31.45305653521428,31.324293155042326,2,L2A,42136,0.654047393097597,95.20092037143561
65.6068236714976,65.7350136239782,naive,thin cloud,92.22727831755012,92.22727831755012,100.0,90.40579710144927,90.37261580381471,0.012250398137939484,0.0061255742725880545,28.43538647342995,28.308583106267033,29.527291014125606,65.7350136239782,0.006149305128520478,perclass,3,31.45305653521428,31.324293155042326,2,L2A,16262,0.654047393097597,1.5625
65.6068236714976,65.7350136239782,naive,cloud shadow,81.57590695524917,79.99691904798583,98.06439429704467,90.40579710144927,90.37261580381471,8.98876404494382,4.705882352941177,28.43538647342995,28.308583106267033,29.527291014125606,65.7350136239782,5.915427867210968,perclass,3,31.45305653521428,31.324293155042326,2,L2A,12983,0.654047393097597,18.708891595615103
65.6068236714976,65.7350136239782,mondrian,ALL,,,,37.67735507246376,37.52997275204359,,,8.830253623188407,8.449591280653951,29.527291014125606,65.7350136239782,,overall,3,23.4365008005616,22.514248375503684,2,L2A,,0.7741672922583187,
65.6068236714976,65.7350136239782,mondrian,clear,43.506278258794204,0.007955554966255187,0.018285992929416066,37.67735507246376,37.52997275204359,74.91533823407946,59.89170628631801,8.830253623188407,8.449591280653951,29.527291014125606,65.7350136239782,96.2091780585794,perclass,3,23.4365008005616,22.514248375503684,2,L2A,75419,0.7741672922583187,61.3392170289028
65.6068236714976,65.7350136239782,mondrian,thick cloud,32.81279665843934,9.355420543003607,28.5115000723275,37.67735507246376,37.52997275204359,69.71146613713634,53.505449842970634,8.830253623188407,8.449591280653951,29.527291014125606,65.7350136239782,54.988608315929376,perclass,3,23.4365008005616,22.514248375503684,2,L2A,42136,0.7741672922583187,95.20092037143561
65.6068236714976,65.7350136239782,mondrian,thin cloud,39.638420858443,39.638420858443,100.0,37.67735507246376,37.52997275204359,0.012250398137939484,0.0061255742725880545,8.830253623188407,8.449591280653951,29.527291014125606,65.7350136239782,0.006149305128520478,perclass,3,23.4365008005616,22.514248375503684,2,L2A,16262,0.7741672922583187,1.5625
65.6068236714976,65.7350136239782,mondrian,cloud shadow,15.481783871216207,15.481783871216207,100.0,37.67735507246376,37.52997275204359,8.98876404494382,4.705882352941177,8.830253623188407,8.449591280653951,29.527291014125606,65.7350136239782,5.915427867210968,perclass,3,23.4365008005616,22.514248375503684,2,L2A,12983,0.7741672922583187,18.708891595615103
80.40597826086957,80.32556497175142,naive,ALL,,,,75.42590579710145,75.42937853107344,,,8.091847826086958,8.116525423728813,55.86286781440065,80.32556497175142,,overall,3,10.728207690146055,10.760429930342298,3,clean,,0.6871174644021427,
80.40597826086957,80.32556497175142,naive,clear,84.67892682390456,2.057562262906152,2.429839796133682,75.42590579710145,75.42937853107344,87.16581319592134,77.2512442060428,8.091847826086958,8.116525423728813,55.86286781440065,80.32556497175142,93.23217329154984,perclass,3,10.728207690146055,10.760429930342298,3,clean,72756,0.6871174644021427,81.84066696427494
80.40597826086957,80.32556497175142,naive,thick cloud,75.85887187711428,7.229308141428822,9.529944174677105,75.42590579710145,75.42937853107344,83.22803947554654,71.27399343279635,8.091847826086958,8.116525423728813,55.86286781440065,80.32556497175142,81.0434259653695,perclass,3,10.728207690146055,10.760429930342298,3,clean,39907,0.6871174644021427,85.53369300751085
80.40597826086957,80.32556497175142,naive,thin cloud,46.39503180854286,21.743411087549227,46.86581782566112,75.42590579710145,75.42937853107344,51.21961020695197,34.42631806395851,8.091847826086958,8.116525423728813,55.86286781440065,80.32556497175142,48.26567706755529,perclass,3,10.728207690146055,10.760429930342298,3,clean,13204,0.6871174644021427,54.5586850440887
80.40597826086957,80.32556497175142,naive,cloud shadow,55.933388419246164,26.94972351109134,48.18181818181818,75.42590579710145,75.42937853107344,57.651159995191726,40.499915554804936,8.091847826086958,8.116525423728813,55.86286781440065,80.32556497175142,45.72554503273374,perclass,3,10.728207690146055,10.760429930342298,3,clean,15733,0.6871174644021427,77.99219427580225
80.40597826086957,80.32556497175142,mondrian,ALL,,,,75.42590579710145,75.42937853107344,,,8.091847826086958,8.116525423728813,55.86286781440065,80.32556497175142,,overall,3,10.728207690146055,10.760429930342298,3,clean,,0.6871174644021427,
80.40597826086957,80.32556497175142,mondrian,clear,84.67892682390456,2.057562262906152,2.429839796133682,75.42590579710145,75.42937853107344,87.16581319592134,77.2512442060428,8.091847826086958,8.116525423728813,55.86286781440065,80.32556497175142,93.23217329154984,perclass,3,10.728207690146055,10.760429930342298,3,clean,72756,0.6871174644021427,81.84066696427494
80.40597826086957,80.32556497175142,mondrian,thick cloud,75.85887187711428,7.229308141428822,9.529944174677105,75.42590579710145,75.42937853107344,83.22803947554654,71.27399343279635,8.091847826086958,8.116525423728813,55.86286781440065,80.32556497175142,81.0434259653695,perclass,3,10.728207690146055,10.760429930342298,3,clean,39907,0.6871174644021427,85.53369300751085
80.40597826086957,80.32556497175142,mondrian,thin cloud,46.39503180854286,21.743411087549227,46.86581782566112,75.42590579710145,75.42937853107344,51.21961020695197,34.42631806395851,8.091847826086958,8.116525423728813,55.86286781440065,80.32556497175142,48.26567706755529,perclass,3,10.728207690146055,10.760429930342298,3,clean,13204,0.6871174644021427,54.5586850440887
80.40597826086957,80.32556497175142,mondrian,cloud shadow,55.933388419246164,26.94972351109134,48.18181818181818,75.42590579710145,75.42937853107344,57.651159995191726,40.499915554804936,8.091847826086958,8.116525423728813,55.86286781440065,80.32556497175142,45.72554503273374,perclass,3,10.728207690146055,10.760429930342298,3,clean,15733,0.6871174644021427,77.99219427580225
65.3769927536232,65.31002824858757,naive,ALL,,,,91.20434782608696,91.08898305084746,,,29.095652173913034,29.083333333333332,28.364138469154643,65.31002824858757,,overall,3,31.901606521428217,31.928486145353613,3,L2A,,0.6871174644021427,
65.3769927536232,65.31002824858757,naive,clear,96.28209357303865,0.17180713618120844,0.178441421250232,91.20434782608696,91.08898305084746,74.85911918752191,59.81987556863795,29.095652173913034,29.083333333333332,28.364138469154643,65.31002824858757,98.32178789378196,perclass,3,31.901606521428217,31.928486145353613,3,L2A,72756,0.6871174644021427,60.43696087459763
65.3769927536232,65.31002824858757,naive,thick cloud,86.17786353271356,41.641817225048236,48.32078159983716,91.20434782608696,91.08898305084746,66.7816091954023,50.12942191544435,29.095652173913034,29.083333333333332,28.364138469154643,65.31002824858757,50.955972636379585,perclass,3,31.901606521428217,31.928486145353613,3,L2A,39907,0.6871174644021427,96.86562187395799
65.3769927536232,65.31002824858757,naive,thin cloud,90.22265980006058,90.22265980006058,100.0,91.20434782608696,91.08898305084746,nan,0.0,29.095652173913034,29.083333333333332,28.364138469154643,65.31002824858757,0.0,perclass,3,31.901606521428217,31.928486145353613,3,L2A,13204,0.6871174644021427,0.0
65.3769927536232,65.31002824858757,naive,cloud shadow,80.25805631475244,79.61609356130427,99.2001267126,91.20434782608696,91.08898305084746,6.776831914538474,3.507256392536282,29.095652173913034,29.083333333333332,28.364138469154643,65.31002824858757,3.870844721286468,perclass,3,31.901606521428217,31.928486145353613,3,L2A,15733,0.6871174644021427,27.187499999999996
65.3769927536232,65.31002824858757,mondrian,ALL,,,,44.14438405797102,43.898305084745765,,,10.08858695652174,10.026129943502825,28.364138469154643,65.31002824858757,,overall,3,22.8536135950459,22.839446589446588,3,L2A,,0.7380371500464047,
65.3769927536232,65.31002824858757,mondrian,clear,55.1665841992413,0.023365770520644345,0.042354934349851756,44.14438405797102,43.898305084745765,74.85911918752191,59.81987556863795,10.08858695652174,10.026129943502825,28.364138469154643,65.31002824858757,98.32178789378196,perclass,3,22.8536135950459,22.839446589446588,3,L2A,72756,0.7380371500464047,60.43696087459763
65.3769927536232,65.31002824858757,mondrian,thick cloud,32.50808128899691,12.854887613701857,39.54366761735913,44.14438405797102,43.898305084745765,66.7816091954023,50.12942191544435,10.08858695652174,10.026129943502825,28.364138469154643,65.31002824858757,50.955972636379585,perclass,3,22.8536135950459,22.839446589446588,3,L2A,39907,0.7380371500464047,96.86562187395799
65.3769927536232,65.31002824858757,mondrian,thin cloud,42.57043320205998,42.57043320205998,100.0,44.14438405797102,43.898305084745765,nan,0.0,10.08858695652174,10.026129943502825,28.364138469154643,65.31002824858757,0.0,perclass,3,22.8536135950459,22.839446589446588,3,L2A,13204,0.7380371500464047,0.0
65.3769927536232,65.31002824858757,mondrian,cloud shadow,21.794953282908537,21.794953282908537,100.0,44.14438405797102,43.898305084745765,6.776831914538474,3.507256392536282,10.08858695652174,10.026129943502825,28.364138469154643,65.31002824858757,3.870844721286468,perclass,3,22.8536135950459,22.839446589446588,3,L2A,15733,0.7380371500464047,27.187499999999996
80.27222222222223,80.12933333333334,naive,ALL,,,,77.97355072463769,77.61266666666667,,,9.029468599033816,8.909333333333333,54.02661239017817,80.12933333333334,,overall,3,11.580168550899057,11.479225899552478,4,clean,,0.659521581846125,
80.27222222222223,80.12933333333334,naive,clear,86.21125787229603,2.262266438918806,2.6240963126531356,77.97355072463769,77.61266666666667,87.17143740265092,77.2600797138038,9.029468599033816,8.909333333333333,54.02661239017817,80.12933333333334,93.77126986817571,perclass,3,11.580168550899057,11.479225899552478,4,clean,76693,0.659521581846125,81.43953978212126
80.27222222222223,80.12933333333334,naive,thick cloud,78.87402952923753,8.033029663869318,10.184632016158858,77.97355072463769,77.61266666666667,83.19550344382762,71.22628485780776,9.029468599033816,8.909333333333333,54.02661239017817,80.12933333333334,81.0393573576269,perclass,3,11.580168550899057,11.479225899552478,4,clean,44566,0.659521581846125,85.46951912154486
80.27222222222223,80.12933333333334,naive,thin cloud,46.02624594514892,26.872603951636687,58.38539163863528,77.97355072463769,77.61266666666667,44.84304932735426,28.901734104046245,9.029468599033816,8.909333333333333,54.02661239017817,80.12933333333334,38.70539663815983,perclass,3,11.580168550899057,11.479225899552478,4,clean,13564,0.659521581846125,53.294081819104655
80.27222222222223,80.12933333333334,naive,cloud shadow,58.687487645779804,29.017592409567104,49.444257325698885,77.97355072463769,77.61266666666667,55.82296882571474,38.718350885054896,9.029468599033816,8.909333333333333,54.02661239017817,80.12933333333334,45.54259735125519,perclass,3,11.580168550899057,11.479225899552478,4,clean,15177,0.659521581846125,72.09763221028476
80.27222222222223,80.12933333333334,mondrian,ALL,,,,77.97355072463769,77.61266666666667,,,9.029468599033816,8.909333333333333,54.02661239017817,80.12933333333334,,overall,3,11.580168550899057,11.479225899552478,4,clean,,0.659521581846125,
80.27222222222223,80.12933333333334,mondrian,clear,86.21125787229603,2.262266438918806,2.6240963126531356,77.97355072463769,77.61266666666667,87.17143740265092,77.2600797138038,9.029468599033816,8.909333333333333,54.02661239017817,80.12933333333334,93.77126986817571,perclass,3,11.580168550899057,11.479225899552478,4,clean,76693,0.659521581846125,81.43953978212126
80.27222222222223,80.12933333333334,mondrian,thick cloud,78.87402952923753,8.033029663869318,10.184632016158858,77.97355072463769,77.61266666666667,83.19550344382762,71.22628485780776,9.029468599033816,8.909333333333333,54.02661239017817,80.12933333333334,81.0393573576269,perclass,3,11.580168550899057,11.479225899552478,4,clean,44566,0.659521581846125,85.46951912154486
80.27222222222223,80.12933333333334,mondrian,thin cloud,46.02624594514892,26.872603951636687,58.38539163863528,77.97355072463769,77.61266666666667,44.84304932735426,28.901734104046245,9.029468599033816,8.909333333333333,54.02661239017817,80.12933333333334,38.70539663815983,perclass,3,11.580168550899057,11.479225899552478,4,clean,13564,0.659521581846125,53.294081819104655
80.27222222222223,80.12933333333334,mondrian,cloud shadow,58.687487645779804,29.017592409567104,49.444257325698885,77.97355072463769,77.61266666666667,55.82296882571474,38.718350885054896,9.029468599033816,8.909333333333333,54.02661239017817,80.12933333333334,45.54259735125519,perclass,3,11.580168550899057,11.479225899552478,4,clean,15177,0.659521581846125,72.09763221028476
65.34166666666667,65.364,naive,ALL,,,,89.78611111111111,89.48066666666666,,,28.471739130434788,28.320666666666668,28.791750434115826,65.364,,overall,3,31.710627376656014,31.650039859634482,4,L2A,,0.659521581846125,
65.34166666666667,65.364,naive,clear,91.96536841693505,0.17863429517687401,0.1942408302732132,89.78611111111111,89.48066666666666,74.40363594174825,59.240278569879436,28.471739130434788,28.320666666666668,28.791750434115826,65.364,96.1626224036092,perclass,3,31.710627376656014,31.650039859634482,4,L2A,76693,0.659521581846125,60.67461949814891
65.34166666666667,65.364,naive,thick cloud,88.09406273841046,40.43216802046403,45.896586856851755,89.78611111111111,89.48066666666666,68.11235206350587,51.64422379895876,28.471739130434788,28.320666666666668,28.791750434115826,65.364,52.75321994345465,perclass,3,31.710627376656014,31.650039859634482,4,L2A,44566,0.659521581846125,96.08860914701435
65.34166666666667,65.364,naive,thin cloud,88.78649365968741,88.78649365968741,100.0,89.78611111111111,89.48066666666666,0.014730794726375488,0.007365939893930465,28.471739130434788,28.320666666666668,28.791750434115826,65.364,0.007372456502506636,perclass,3,31.710627376656014,31.650039859634482,4,L2A,13564,0.659521581846125,7.6923076923076925
65.34166666666667,65.364,naive,cloud shadow,81.61692033998814,80.92508400869737,99.1523371276338,89.78611111111111,89.48066666666666,8.199717971483784,4.275133427731184,28.471739130434788,28.320666666666668,28.791750434115826,65.364,5.172300191078605,perclass,3,31.710627376656014,31.650039859634482,4,L2A,15177,0.659521581846125,19.77329974811083
65.34166666666667,65.364,mondrian,ALL,,,,33.981521739130436,34.156,,,7.542149758454106,7.304666666666666,28.791750434115826,65.364,,overall,3,22.194855828864082,21.386188858960846,4,L2A,,0.7444306483455733,
65.34166666666667,65.364,mondrian,clear,40.34266491074805,0.010431199718357608,0.02585649644473174,33.981521739130436,34.156,74.40363594174825,59.240278569879436,7.542149758454106,7.304666666666666,28.791750434115826,65.364,96.1626224036092,perclass,3,22.194855828864082,21.386188858960846,4,L2A,76693,0.7444306483455733,60.67461949814891
65.34166666666667,65.364,mondrian,thick cloud,31.346766593367143,10.377866535026701,33.10665712240515,33.981521739130436,34.156,68.11235206350587,51.64422379895876,7.542149758454106,7.304666666666666,28.791750434115826,65.364,52.75321994345465,perclass,3,22.194855828864082,21.386188858960846,4,L2A,44566,0.7444306483455733,96.08860914701435
65.34166666666667,65.364,mondrian,thin cloud,30.35240342081982,30.35240342081982,100.0,33.981521739130436,34.156,0.014730794726375488,0.007365939893930465,7.542149758454106,7.304666666666666,28.791750434115826,65.364,0.007372456502506636,perclass,3,22.194855828864082,21.386188858960846,4,L2A,13564,0.7444306483455733,7.6923076923076925
65.34166666666667,65.364,mondrian,cloud shadow,14.541740791987875,14.541740791987875,100.0,33.981521739130436,34.156,8.199717971483784,4.275133427731184,7.542149758454106,7.304666666666666,28.791750434115826,65.364,5.172300191078605,perclass,3,22.194855828864082,21.386188858960846,4,L2A,15177,0.7444306483455733,19.77329974811083
79.55018115942029,79.32211538461539,naive,ALL,,,,77.31829710144929,76.97321428571429,,,9.22518115942029,9.211538461538462,53.09035499065009,79.32211538461539,,overall,3,11.931433444939865,11.967199950032567,5,clean,,0.6528687722542706,
79.55018115942029,79.32211538461539,naive,clear,84.0349990691737,2.421478152176804,2.881511488068865,77.31829710144929,76.97321428571429,86.25754212648889,75.8358345152105,9.22518115942029,9.211538461538462,53.09035499065009,79.32211538461539,91.72362437169225,perclass,3,11.931433444939865,11.967199950032567,5,clean,75202,0.6528687722542706,81.40629978874819
79.55018115942029,79.32211538461539,naive,thick cloud,79.17825656498987,7.639903823487813,9.648992229598976,77.31829710144929,76.97321428571429,83.29414011674405,71.37100073643728,9.22518115942029,9.211538461538462,53.09035499065009,79.32211538461539,82.24270425722503,perclass,3,11.931433444939865,11.967199950032567,5,clean,42422,0.6528687722542706,84.37280839641122
79.55018115942029,79.32211538461539,naive,thin cloud,50.637447453655845,29.618909792571152,58.492106695699505,77.31829710144929,76.97321428571429,46.00178238677793,29.871632996632997,9.22518115942029,9.211538461538462,53.09035499065009,79.32211538461539,39.12893666873406,perclass,3,11.931433444939865,11.967199950032567,5,clean,14511,0.6528687722542706,55.8034398034398
79.55018115942029,79.32211538461539,naive,cloud shadow,58.96769402153732,30.092833271444487,51.032745591939545,77.31829710144929,76.97321428571429,52.16171183022011,35.28295171431961,9.22518115942029,9.211538461538462,53.09035499065009,79.32211538461539,44.17378388414408,perclass,3,11.931433444939865,11.967199950032567,5,clean,13465,0.6528687722542706,63.676265924419226
79.55018115942029,79.32211538461539,mondrian,ALL,,,,77.31829710144929,76.97321428571429,,,9.22518115942029,9.211538461538462,53.09035499065009,79.32211538461539,,overall,3,11.931433444939865,11.967199950032567,5,clean,,0.6528687722542706,
79.55018115942029,79.32211538461539,mondrian,clear,84.0349990691737,2.421478152176804,2.881511488068865,77.31829710144929,76.97321428571429,86.25754212648889,75.8358345152105,9.22518115942029,9.211538461538462,53.09035499065009,79.32211538461539,91.72362437169225,perclass,3,11.931433444939865,11.967199950032567,5,clean,75202,0.6528687722542706,81.40629978874819
79.55018115942029,79.32211538461539,mondrian,thick cloud,79.17825656498987,7.639903823487813,9.648992229598976,77.31829710144929,76.97321428571429,83.29414011674405,71.37100073643728,9.22518115942029,9.211538461538462,53.09035499065009,79.32211538461539,82.24270425722503,perclass,3,11.931433444939865,11.967199950032567,5,clean,42422,0.6528687722542706,84.37280839641122
79.55018115942029,79.32211538461539,mondrian,thin cloud,50.637447453655845,29.618909792571152,58.492106695699505,77.31829710144929,76.97321428571429,46.00178238677793,29.871632996632997,9.22518115942029,9.211538461538462,53.09035499065009,79.32211538461539,39.12893666873406,perclass,3,11.931433444939865,11.967199950032567,5,clean,14511,0.6528687722542706,55.8034398034398
79.55018115942029,79.32211538461539,mondrian,cloud shadow,58.96769402153732,30.092833271444487,51.032745591939545,77.31829710144929,76.97321428571429,52.16171183022011,35.28295171431961,9.22518115942029,9.211538461538462,53.09035499065009,79.32211538461539,44.17378388414408,perclass,3,11.931433444939865,11.967199950032567,5,clean,13465,0.6528687722542706,63.676265924419226
65.99510869565218,65.92307692307692,naive,ALL,,,,90.3391304347826,90.23901098901099,,,28.056159420289863,28.08997252747253,29.162526392318334,65.92307692307692,,overall,3,31.056486026887427,31.1284135537492,5,L2A,,0.6528687722542706,
65.99510869565218,65.92307692307692,naive,clear,93.53474641631871,0.49865695061301557,0.5331248222917259,90.3391304347826,90.23901098901099,75.23629882513109,60.303035351347745,28.056159420289863,28.08997252747253,29.162526392318334,65.92307692307692,96.26738650567805,perclass,3,31.056486026887427,31.1284135537492,5,L2A,75202,0.6528687722542706,61.74676958505694
65.99510869565218,65.92307692307692,naive,thick cloud,86.80165951628872,38.831266795530624,44.73562718952828,90.3391304347826,90.23901098901099,68.55765054737692,52.15796189955337,28.056159420289863,28.08997252747253,29.162526392318334,65.92307692307692,53.95549479043892,perclass,3,31.056486026887427,31.1284135537492,5,L2A,42422,0.6528687722542706,93.99613978892037
65.99510869565218,65.92307692307692,naive,thin cloud,89.04968644476604,89.04968644476604,100.0,90.3391304347826,90.23901098901099,nan,0.0,28.056159420289863,28.08997252747253,29.162526392318334,65.92307692307692,0.0,perclass,3,31.056486026887427,31.1284135537492,5,L2A,14511,0.6528687722542706,0.0
65.99510869565218,65.92307692307692,naive,cloud shadow,83.94355737096176,82.65131823245451,98.46058568521632,90.3391304347826,90.23901098901099,8.0413555427915,4.189108318372233,28.056159420289863,28.08997252747253,29.162526392318334,65.92307692307692,5.1986632008911995,perclass,3,31.056486026887427,31.1284135537492,5,L2A,13465,0.6528687722542706,17.743979721166035
65.99510869565218,65.92307692307692,mondrian,ALL,,,,33.39402173913043,33.06868131868132,,,7.57463768115942,7.449862637362638,29.162526392318334,65.92307692307692,,overall,3,22.68261588954892,22.528453933704412,5,L2A,,0.7274983406066895,
65.99510869565218,65.92307692307692,mondrian,clear,38.55615542139837,0.0053190074732055,0.013795481979651664,33.39402173913043,33.06868131868132,75.23629882513109,60.303035351347745,7.57463768115942,7.449862637362638,29.162526392318334,65.92307692307692,96.26738650567805,perclass,3,22.68261588954892,22.528453933704412,5,L2A,75202,0.7274983406066895,61.74676958505694
65.99510869565218,65.92307692307692,mondrian,thick cloud,29.760501626514547,10.17160907076517,34.178217821782184,33.39402173913043,33.06868131868132,68.55765054737692,52.15796189955337,7.57463768115942,7.449862637362638,29.162526392318334,65.92307692307692,53.95549479043892,perclass,3,22.68261588954892,22.528453933704412,5,L2A,42422,0.7274983406066895,93.99613978892037
65.99510869565218,65.92307692307692,mondrian,thin cloud,29.784301564330505,29.784301564330505,100.0,33.39402173913043,33.06868131868132,nan,0.0,7.57463768115942,7.449862637362638,29.162526392318334,65.92307692307692,0.0,perclass,3,22.68261588954892,22.528453933704412,5,L2A,14511,0.7274983406066895,0.0
65.99510869565218,65.92307692307692,mondrian,cloud shadow,16.383215744522836,16.383215744522836,100.0,33.39402173913043,33.06868131868132,8.0413555427915,4.189108318372233,7.57463768115942,7.449862637362638,29.162526392318334,65.92307692307692,5.1986632008911995,perclass,3,22.68261588954892,22.528453933704412,5,L2A,13465,0.7274983406066895,17.743979721166035
80.03387681159421,79.84401114206128,naive,ALL,,,,77.5019927536232,77.2033426183844,,,8.915579710144929,8.903203342618385,54.45705516779952,79.84401114206128,,overall,3,11.503678026044211,11.532147496031174,6,clean,,0.6674636092840457,
80.03387681159421,79.84401114206128,naive,clear,85.74738477760204,2.2808623990676766,2.6599789661030657,77.5019927536232,77.2033426183844,86.68391101914123,76.49744338933529,8.915579710144929,8.903203342618385,54.45705516779952,79.84401114206128,92.98815172452066,perclass,3,11.503678026044211,11.532147496031174,6,clean,72078,0.6674636092840457,81.18020396792713
80.03387681159421,79.84401114206128,naive,thick cloud,78.31202046035806,6.986747268077191,8.92167923519981,77.5019927536232,77.2033426183844,83.63463819691577,71.87245147610504,8.915579710144929,8.903203342618385,54.45705516779952,79.84401114206128,81.96233434085096,perclass,3,11.503678026044211,11.532147496031174,6,clean,43010,0.6674636092840457,85.37660450472269
80.03387681159421,79.84401114206128,naive,thin cloud,50.8710557615616,28.55943468830896,56.14083344794388,77.5019927536232,77.2033426183844,47.96612852168408,31.549633022747386,8.915579710144929,8.903203342618385,54.45705516779952,79.84401114206128,42.405373259637585,perclass,3,11.503678026044211,11.532147496031174,6,clean,14293,0.6674636092840457,55.20539211221423
80.03387681159421,79.84401114206128,naive,cloud shadow,57.008228426752936,28.51114705675505,50.01233654083394,77.5019927536232,77.2033426183844,54.97650948320862,37.90869278301038,8.915579710144929,8.903203342618385,54.45705516779952,79.84401114206128,44.440537309234124,perclass,3,11.503678026044211,11.532147496031174,6,clean,14219,0.6674636092840457,72.06066826319991
80.03387681159421,79.84401114206128,mondrian,ALL,,,,77.5019927536232,77.2033426183844,,,8.915579710144929,8.903203342618385,54.45705516779952,79.84401114206128,,overall,3,11.503678026044211,11.532147496031174,6,clean,,0.6674636092840457,
80.03387681159421,79.84401114206128,mondrian,clear,85.74738477760204,2.2808623990676766,2.6599789661030657,77.5019927536232,77.2033426183844,86.68391101914123,76.49744338933529,8.915579710144929,8.903203342618385,54.45705516779952,79.84401114206128,92.98815172452066,perclass,3,11.503678026044211,11.532147496031174,6,clean,72078,0.6674636092840457,81.18020396792713
80.03387681159421,79.84401114206128,mondrian,thick cloud,78.31202046035806,6.986747268077191,8.92167923519981,77.5019927536232,77.2033426183844,83.63463819691577,71.87245147610504,8.915579710144929,8.903203342618385,54.45705516779952,79.84401114206128,81.96233434085096,perclass,3,11.503678026044211,11.532147496031174,6,clean,43010,0.6674636092840457,85.37660450472269
80.03387681159421,79.84401114206128,mondrian,thin cloud,50.8710557615616,28.55943468830896,56.14083344794388,77.5019927536232,77.2033426183844,47.96612852168408,31.549633022747386,8.915579710144929,8.903203342618385,54.45705516779952,79.84401114206128,42.405373259637585,perclass,3,11.503678026044211,11.532147496031174,6,clean,14293,0.6674636092840457,55.20539211221423
80.03387681159421,79.84401114206128,mondrian,cloud shadow,57.008228426752936,28.51114705675505,50.01233654083394,77.5019927536232,77.2033426183844,54.97650948320862,37.90869278301038,8.915579710144929,8.903203342618385,54.45705516779952,79.84401114206128,44.440537309234124,perclass,3,11.503678026044211,11.532147496031174,6,clean,14219,0.6674636092840457,72.06066826319991
64.8201086956522,64.74094707520891,naive,ALL,,,,91.17735507246375,91.06476323119777,,,29.60163043478261,29.644150417827298,28.515088782460484,64.74094707520891,,overall,3,32.4659894019261,32.55282215203909,6,L2A,,0.6674636092840457,
64.8201086956522,64.74094707520891,naive,clear,94.2326368656178,0.2525042315269569,0.26795836339276513,91.17735507246375,91.06476323119777,73.8746863445144,58.57245005257623,29.60163043478261,29.644150417827298,28.515088782460484,64.74094707520891,96.60090457559866,perclass,3,32.4659894019261,32.55282215203909,6,L2A,72078,0.6674636092840457,59.80502469400902
64.8201086956522,64.74094707520891,naive,thick cloud,87.92838874680307,40.720762613345734,46.311280342693955,91.17735507246375,91.06476323119777,67.69548557059034,51.16642154089829,29.60163043478261,29.644150417827298,28.515088782460484,64.74094707520891,52.57614508253895,perclass,3,32.4659894019261,32.55282215203909,6,L2A,43010,0.6674636092840457,95.02058996554332
64.8201086956522,64.74094707520891,naive,thin cloud,92.04505702091933,92.04505702091933,100.0,91.17735507246375,91.06476323119777,0.027907625758738574,0.013955760240039075,29.60163043478261,29.644150417827298,28.515088782460484,64.74094707520891,0.013992863639543832,perclass,3,32.4659894019261,32.55282215203909,6,L2A,14293,0.6674636092840457,5.0
64.8201086956522,64.74094707520891,naive,cloud shadow,83.50798227723469,82.40382586679794,98.67778339228566,91.17735507246375,91.06476323119777,8.25928457507405,4.307527776127384,29.60163043478261,29.644150417827298,28.515088782460484,64.74094707520891,5.098811449469021,perclass,3,32.4659894019261,32.55282215203909,6,L2A,14219,0.6674636092840457,21.72610128858256
64.8201086956522,64.74094707520891,mondrian,ALL,,,,43.289492753623186,42.72632311977716,,,10.489673913043477,10.299442896935933,28.515088782460484,64.74094707520891,,overall,3,24.231454900024268,24.105614864314234,6,L2A,,0.7237271322923549,
64.8201086956522,64.74094707520891,mondrian,clear,51.5871694553123,0.0,0.0,43.289492753623186,42.72632311977716,73.8746863445144,58.57245005257623,10.489673913043477,10.299442896935933,28.515088782460484,64.74094707520891,96.60090457559866,perclass,3,24.231454900024268,24.105614864314234,6,L2A,72078,0.7237271322923549,59.80502469400902
64.8201086956522,64.74094707520891,mondrian,thick cloud,34.35945129039758,12.545919553592189,36.51373663553932,43.289492753623186,42.72632311977716,67.69548557059034,51.16642154089829,10.489673913043477,10.299442896935933,28.515088782460484,64.74094707520891,52.57614508253895,perclass,3,24.231454900024268,24.105614864314234,6,L2A,43010,0.7237271322923549,95.02058996554332
64.8201086956522,64.74094707520891,mondrian,thin cloud,42.986077100678656,42.986077100678656,100.0,43.289492753623186,42.72632311977716,0.027907625758738574,0.013955760240039075,10.489673913043477,10.299442896935933,28.515088782460484,64.74094707520891,0.013992863639543832,perclass,3,24.231454900024268,24.105614864314234,6,L2A,14293,0.7237271322923549,5.0
64.8201086956522,64.74094707520891,mondrian,cloud shadow,22.85674098037837,22.85674098037837,100.0,43.289492753623186,42.72632311977716,8.25928457507405,4.307527776127384,10.489673913043477,10.299442896935933,28.515088782460484,64.74094707520891,5.098811449469021,perclass,3,24.231454900024268,24.105614864314234,6,L2A,14219,0.7237271322923549,21.72610128858256
80.7858695652174,80.5207756232687,naive,ALL,,,,75.24317632850241,74.88157894736842,,,7.6396135265700496,7.61218836565097,53.901851972300285,80.5207756232687,,overall,3,10.153231029504177,10.165635490941376,7,clean,,0.667273168704089,
80.7858695652174,80.5207756232687,naive,clear,83.10419779921206,1.897839967395734,2.2836872476419336,75.24317632850241,74.88157894736842,87.28793096875039,77.44328688044018,7.6396135265700496,7.61218836565097,53.901851972300285,80.5207756232687,93.31069148213558,perclass,3,10.153231029504177,10.165635490941376,7,clean,73610,0.667273168704089,81.99551141247254
80.7858695652174,80.5207756232687,naive,thick cloud,75.92463833127734,5.802399910283728,7.642314850373697,75.24317632850241,74.88157894736842,83.85927896523255,72.20488922238458,7.6396135265700496,7.61218836565097,53.901851972300285,80.5207756232687,82.0141303128855,perclass,3,10.153231029504177,10.165635490941376,7,clean,44585,0.667273168704089,85.78936255073552
80.7858695652174,80.5207756232687,naive,thin cloud,42.269817823732154,29.04152305924832,68.70510580469812,75.24317632850241,74.88157894736842,41.147710998073975,25.903127525959086,7.6396135265700496,7.61218836565097,53.901851972300285,80.5207756232687,34.186771705235515,perclass,3,10.153231029504177,10.165635490941376,7,clean,12186,0.667273168704089,51.66811360535781
80.7858695652174,80.5207756232687,naive,cloud shadow,56.73728511306084,24.744988943576573,43.61327633894896,75.24317632850241,74.88157894736842,57.200083455038595,40.05610426041727,7.6396135265700496,7.61218836565097,53.901851972300285,80.5207756232687,48.890791069263145,perclass,3,10.153231029504177,10.165635490941376,7,clean,14019,0.667273168704089,68.91212547757893
80.7858695652174,80.5207756232687,mondrian,ALL,,,,75.24317632850241,74.88157894736842,,,7.6396135265700496,7.61218836565097,53.901851972300285,80.5207756232687,,overall,3,10.153231029504177,10.165635490941376,7,clean,,0.667273168704089,
80.7858695652174,80.5207756232687,mondrian,clear,83.10419779921206,1.897839967395734,2.2836872476419336,75.24317632850241,74.88157894736842,87.28793096875039,77.44328688044018,7.6396135265700496,7.61218836565097,53.901851972300285,80.5207756232687,93.31069148213558,perclass,3,10.153231029504177,10.165635490941376,7,clean,73610,0.667273168704089,81.99551141247254
80.7858695652174,80.5207756232687,mondrian,thick cloud,75.92463833127734,5.802399910283728,7.642314850373697,75.24317632850241,74.88157894736842,83.85927896523255,72.20488922238458,7.6396135265700496,7.61218836565097,53.901851972300285,80.5207756232687,82.0141303128855,perclass,3,10.153231029504177,10.165635490941376,7,clean,44585,0.667273168704089,85.78936255073552
80.7858695652174,80.5207756232687,mondrian,thin cloud,42.269817823732154,29.04152305924832,68.70510580469812,75.24317632850241,74.88157894736842,41.147710998073975,25.903127525959086,7.6396135265700496,7.61218836565097,53.901851972300285,80.5207756232687,34.186771705235515,perclass,3,10.153231029504177,10.165635490941376,7,clean,12186,0.667273168704089,51.66811360535781
80.7858695652174,80.5207756232687,mondrian,cloud shadow,56.73728511306084,24.744988943576573,43.61327633894896,75.24317632850241,74.88157894736842,57.200083455038595,40.05610426041727,7.6396135265700496,7.61218836565097,53.901851972300285,80.5207756232687,48.890791069263145,perclass,3,10.153231029504177,10.165635490941376,7,clean,14019,0.667273168704089,68.91212547757893
66.3905193236715,65.97714681440443,naive,ALL,,,,89.18780193236717,88.62396121883657,,,27.028502415458945,27.18698060941828,29.140371131679636,65.97714681440443,,overall,3,30.305155895595654,30.67678338399506,7,L2A,,0.667273168704089,
66.3905193236715,65.97714681440443,naive,clear,91.73481863877191,0.28800434723543,0.3139531439741729,89.18780193236717,88.62396121883657,74.84375745431994,59.80025920561104,27.028502415458945,27.18698060941828,29.140371131679636,65.97714681440443,95.90544762939818,perclass,3,30.305155895595654,30.67678338399506,7,L2A,73610,0.667273168704089,61.36701466459201
66.3905193236715,65.97714681440443,naive,thick cloud,86.36985533251094,38.59594033867893,44.68681832346525,89.18780193236717,88.62396121883657,69.06700874904509,52.749889916336414,27.028502415458945,27.18698060941828,29.140371131679636,65.97714681440443,53.73780419423573,perclass,3,30.305155895595654,30.67678338399506,7,L2A,44585,0.667273168704089,96.6322497378398
66.3905193236715,65.97714681440443,naive,thin cloud,87.87132775315936,87.87132775315936,100.0,89.18780193236717,88.62396121883657,0.016398819285011478,0.008200082000820008,27.028502415458945,27.18698060941828,29.140371131679636,65.97714681440443,0.008206138191367143,perclass,3,30.305155895595654,30.67678338399506,7,L2A,12186,0.667273168704089,10.0
66.3905193236715,65.97714681440443,naive,cloud shadow,80.11270418717454,79.39225337042585,99.1007034102039,89.18780193236717,88.62396121883657,7.6981050818260135,4.003135322770281,27.028502415458945,27.18698060941828,29.140371131679636,65.97714681440443,5.100221128468507,perclass,3,30.305155895595654,30.67678338399506,7,L2A,14019,0.667273168704089,15.690147026552555
66.3905193236715,65.97714681440443,mondrian,ALL,,,,34.220169082125594,33.819252077562325,,,7.540760869565219,7.46606648199446,29.140371131679636,65.97714681440443,,overall,3,22.036012888972035,22.076379645745877,7,L2A,,0.7405995983703464,
66.3905193236715,65.97714681440443,mondrian,clear,39.976905311778296,0.0027170221437304715,0.006796479423658545,34.220169082125594,33.819252077562325,74.84375745431994,59.80025920561104,7.540760869565219,7.46606648199446,29.140371131679636,65.97714681440443,95.90544762939818,perclass,3,22.036012888972035,22.076379645745877,7,L2A,73610,0.7405995983703464,61.36701466459201
66.3905193236715,65.97714681440443,mondrian,thick cloud,28.97387013569586,9.619827296175844,33.20173401455334,34.220169082125594,33.819252077562325,69.06700874904509,52.749889916336414,7.540760869565219,7.46606648199446,29.140371131679636,65.97714681440443,53.73780419423573,perclass,3,22.036012888972035,22.076379645745877,7,L2A,44585,0.7405995983703464,96.6322497378398
66.3905193236715,65.97714681440443,mondrian,thin cloud,38.30625307730182,38.30625307730182,100.0,34.220169082125594,33.819252077562325,0.016398819285011478,0.008200082000820008,7.540760869565219,7.46606648199446,29.140371131679636,65.97714681440443,0.008206138191367143,perclass,3,22.036012888972035,22.076379645745877,7,L2A,12186,0.7405995983703464,10.0
66.3905193236715,65.97714681440443,mondrian,cloud shadow,12.996647407090379,12.996647407090379,100.0,34.220169082125594,33.819252077562325,7.6981050818260135,4.003135322770281,7.540760869565219,7.46606648199446,29.140371131679636,65.97714681440443,5.100221128468507,perclass,3,22.036012888972035,22.076379645745877,7,L2A,14019,0.7405995983703464,15.690147026552555
80.49782608695652,80.39662162162162,naive,ALL,,,,75.52355072463767,75.41756756756757,,,7.836231884057969,7.822297297297297,54.85464027854643,80.39662162162162,,overall,3,10.375878529108395,10.371983013492446,8,clean,,0.6626148967181935,
80.49782608695652,80.39662162162162,naive,clear,83.94634755736735,2.452495233085673,2.921503203471341,75.52355072463767,75.41756756756757,87.22107006956512,77.33808976851034,7.836231884057969,7.822297297297297,54.85464027854643,80.39662162162162,92.0836346899862,perclass,3,10.375878529108395,10.371983013492446,8,clean,76045,0.6626148967181935,82.84629217736975
80.49782608695652,80.39662162162162,naive,thick cloud,77.91227173458482,5.401700664467265,6.933055017146265,75.52355072463767,75.41756756756757,84.47880403776968,73.12840153194921,7.836231884057969,7.822297297297297,54.85464027854643,80.39662162162162,84.28744017471307,perclass,3,10.375878529108395,10.371983013492446,8,clean,43042,0.6626148967181935,84.67103881251896
80.49782608695652,80.39662162162162,naive,thin cloud,42.03766505519879,23.82567284796883,56.67696532784071,75.52355072463767,75.41756756756757,47.603613823279176,31.236707783921737,7.836231884057969,7.822297297297297,54.85464027854643,80.39662162162162,42.39122591817591,perclass,3,10.375878529108395,10.371983013492446,8,clean,13859,0.6626148967181935,54.27753141167775
80.49782608695652,80.39662162162162,naive,cloud shadow,55.93197821177096,27.13564501129268,48.51543942992874,75.52355072463767,75.41756756756757,54.77291926465263,37.715362029804446,7.836231884057969,7.822297297297297,54.85464027854643,80.39662162162162,45.22386076790222,perclass,3,10.375878529108395,10.371983013492446,8,clean,15054,0.6626148967181935,69.43396226415094
80.49782608695652,80.39662162162162,mondrian,ALL,,,,75.52355072463767,75.41756756756757,,,7.836231884057969,7.822297297297297,54.85464027854643,80.39662162162162,,overall,3,10.375878529108395,10.371983013492446,8,clean,,0.6626148967181935,
80.49782608695652,80.39662162162162,mondrian,clear,83.94634755736735,2.452495233085673,2.921503203471341,75.52355072463767,75.41756756756757,87.22107006956512,77.33808976851034,7.836231884057969,7.822297297297297,54.85464027854643,80.39662162162162,92.0836346899862,perclass,3,10.375878529108395,10.371983013492446,8,clean,76045,0.6626148967181935,82.84629217736975
80.49782608695652,80.39662162162162,mondrian,thick cloud,77.91227173458482,5.401700664467265,6.933055017146265,75.52355072463767,75.41756756756757,84.47880403776968,73.12840153194921,7.836231884057969,7.822297297297297,54.85464027854643,80.39662162162162,84.28744017471307,perclass,3,10.375878529108395,10.371983013492446,8,clean,43042,0.6626148967181935,84.67103881251896
80.49782608695652,80.39662162162162,mondrian,thin cloud,42.03766505519879,23.82567284796883,56.67696532784071,75.52355072463767,75.41756756756757,47.603613823279176,31.236707783921737,7.836231884057969,7.822297297297297,54.85464027854643,80.39662162162162,42.39122591817591,perclass,3,10.375878529108395,10.371983013492446,8,clean,13859,0.6626148967181935,54.27753141167775
80.49782608695652,80.39662162162162,mondrian,cloud shadow,55.93197821177096,27.13564501129268,48.51543942992874,75.52355072463767,75.41756756756757,54.77291926465263,37.715362029804446,7.836231884057969,7.822297297297297,54.85464027854643,80.39662162162162,45.22386076790222,perclass,3,10.375878529108395,10.371983013492446,8,clean,15054,0.6626148967181935,69.43396226415094
65.35471014492752,65.4027027027027,naive,ALL,,,,90.79601449275363,90.79054054054055,,,28.90434782608696,28.892567567567568,29.009279641723122,65.4027027027027,,overall,3,31.834379501749822,31.823323658554735,8,L2A,,0.6626148967181935,
65.35471014492752,65.4027027027027,naive,clear,94.03905582221054,0.5746597409428628,0.61108625125853,90.79601449275363,90.79054054054055,74.6131120941695,59.50631149742412,28.90434782608696,28.892567567567568,29.009279641723122,65.4027027027027,96.14833322374909,perclass,3,31.834379501749822,31.823323658554735,8,L2A,76045,0.6626148967181935,60.95946374080806
65.35471014492752,65.4027027027027,naive,thick cloud,87.3147158589285,40.03996096835649,45.857059230482676,90.79601449275363,90.79054054054055,68.17502093551859,51.71631463121356,28.90434782608696,28.892567567567568,29.009279641723122,65.4027027027027,52.95989963291669,perclass,3,31.834379501749822,31.823323658554735,8,L2A,43042,0.6626148967181935,95.65673520772135
65.35471014492752,65.4027027027027,naive,thin cloud,92.68345479471823,92.68345479471823,100.0,90.79601449275363,90.79054054054055,nan,0.0,28.90434782608696,28.892567567567568,29.009279641723122,65.4027027027027,0.0,perclass,3,31.834379501749822,31.823323658554735,8,L2A,13859,0.6626148967181935,0.0
65.35471014492752,65.4027027027027,naive,cloud shadow,82.5760595190647,81.34050750631062,98.50374064837905,90.79601449275363,90.79054054054055,9.186692271760004,4.814492438254814,28.90434782608696,28.892567567567568,29.009279641723122,65.4027027027027,5.878836189717019,perclass,3,31.834379501749822,31.823323658554735,8,L2A,15054,0.6626148967181935,21.006408734868266
65.35471014492752,65.4027027027027,mondrian,ALL,,,,38.275,38.14324324324324,,,8.436594202898549,8.332432432432432,29.009279641723122,65.4027027027027,,overall,3,22.042048864529196,21.84510734783533,8,L2A,,0.7395125709327997,
65.35471014492752,65.4027027027027,mondrian,clear,46.20816621737129,0.014465119337234532,0.03130424884031987,38.275,38.14324324324324,74.6131120941695,59.50631149742412,8.436594202898549,8.332432432432432,29.009279641723122,65.4027027027027,96.14833322374909,perclass,3,22.042048864529196,21.84510734783533,8,L2A,76045,0.7395125709327997,60.95946374080806
65.35471014492752,65.4027027027027,mondrian,thick cloud,31.20440499976767,10.313182472933415,33.050405777678506,38.275,38.14324324324324,68.17502093551859,51.71631463121356,8.436594202898549,8.332432432432432,29.009279641723122,65.4027027027027,52.95989963291669,perclass,3,22.042048864529196,21.84510734783533,8,L2A,43042,0.7395125709327997,95.65673520772135
65.35471014492752,65.4027027027027,mondrian,thin cloud,37.20326141857277,37.20326141857277,100.0,38.275,38.14324324324324,nan,0.0,8.436594202898549,8.332432432432432,29.009279641723122,65.4027027027027,0.0,perclass,3,22.042048864529196,21.84510734783533,8,L2A,13859,0.7395125709327997,0.0
65.35471014492752,65.4027027027027,mondrian,cloud shadow,18.108144014879766,18.108144014879766,100.0,38.275,38.14324324324324,9.186692271760004,4.814492438254814,8.436594202898549,8.332432432432432,29.009279641723122,65.4027027027027,5.878836189717019,perclass,3,22.042048864529196,21.84510734783533,8,L2A,15054,0.7395125709327997,21.006408734868266
80.26805555555556,80.2346256684492,naive,ALL,,,,75.3913043478261,74.98262032085562,,,7.768176328502419,7.621657754010696,54.48765335975491,80.2346256684492,,overall,3,10.303809432269643,10.164565763902509,9,clean,,0.6894744634628296,
80.26805555555556,80.2346256684492,naive,clear,84.33347339671201,1.5389463732338884,1.8248345659789802,75.3913043478261,74.98262032085562,86.77303706241511,76.63637247803581,7.768176328502419,7.621657754010696,54.48765335975491,80.2346256684492,93.1206996165765,perclass,3,10.303809432269643,10.164565763902509,9,clean,76156,0.6894744634628296,81.23553804210863
80.26805555555556,80.2346256684492,naive,thick cloud,74.95753457898569,6.117226621958483,8.160922922981841,75.3913043478261,74.98262032085562,83.74101697989164,72.02971745022717,7.768176328502419,7.621657754010696,54.48765335975491,80.2346256684492,81.48728243365467,perclass,3,10.303809432269643,10.164565763902509,9,clean,45331,0.6894744634628296,86.12296285934113
80.26805555555556,80.2346256684492,naive,thin cloud,47.01455798579366,27.43512201983262,58.35452505609574,75.3913043478261,74.98262032085562,47.38026095136815,31.044648121348555,7.768176328502419,7.621657754010696,54.48765335975491,80.2346256684492,40.73422884872354,perclass,3,10.303809432269643,10.164565763902509,9,clean,14219,0.6894744634628296,56.6177908113392
80.26805555555556,80.2346256684492,naive,cloud shadow,52.43270476464661,25.593781488412265,48.81262868908717,75.3913043478261,74.98262032085562,55.32394366197184,38.2398753894081,7.768176328502419,7.621657754010696,54.48765335975491,80.2346256684492,45.94069382467252,perclass,3,10.303809432269643,10.164565763902509,9,clean,13894,0.6894744634628296,69.52401699161311
80.26805555555556,80.2346256684492,mondrian,ALL,,,,75.3913043478261,74.98262032085562,,,7.768176328502419,7.621657754010696,54.48765335975491,80.2346256684492,,overall,3,10.303809432269643,10.164565763902509,9,clean,,0.6894744634628296,
80.26805555555556,80.2346256684492,mondrian,clear,84.33347339671201,1.5389463732338884,1.8248345659789802,75.3913043478261,74.98262032085562,86.77303706241511,76.63637247803581,7.768176328502419,7.621657754010696,54.48765335975491,80.2346256684492,93.1206996165765,perclass,3,10.303809432269643,10.164565763902509,9,clean,76156,0.6894744634628296,81.23553804210863
80.26805555555556,80.2346256684492,mondrian,thick cloud,74.95753457898569,6.117226621958483,8.160922922981841,75.3913043478261,74.98262032085562,83.74101697989164,72.02971745022717,7.768176328502419,7.621657754010696,54.48765335975491,80.2346256684492,81.48728243365467,perclass,3,10.303809432269643,10.164565763902509,9,clean,45331,0.6894744634628296,86.12296285934113
80.26805555555556,80.2346256684492,mondrian,thin cloud,47.01455798579366,27.43512201983262,58.35452505609574,75.3913043478261,74.98262032085562,47.38026095136815,31.044648121348555,7.768176328502419,7.621657754010696,54.48765335975491,80.2346256684492,40.73422884872354,perclass,3,10.303809432269643,10.164565763902509,9,clean,14219,0.6894744634628296,56.6177908113392
80.26805555555556,80.2346256684492,mondrian,cloud shadow,52.43270476464661,25.593781488412265,48.81262868908717,75.3913043478261,74.98262032085562,55.32394366197184,38.2398753894081,7.768176328502419,7.621657754010696,54.48765335975491,80.2346256684492,45.94069382467252,perclass,3,10.303809432269643,10.164565763902509,9,clean,13894,0.6894744634628296,69.52401699161311
66.30978260869564,66.62901069518716,naive,ALL,,,,90.5278381642512,90.6096256684492,,,27.940157004830912,27.689839572192515,29.161426644883242,66.62901069518716,,overall,3,30.8636078927866,30.559490084985836,9,L2A,,0.6894744634628296,
66.30978260869564,66.62901069518716,naive,clear,95.78759388623352,0.1772677136404223,0.18506333278499754,90.5278381642512,90.6096256684492,75.65715558164722,60.84560469527135,27.940157004830912,27.689839572192515,29.161426644883242,66.62901069518716,98.14985030726405,perclass,3,30.8636078927866,30.559490084985836,9,L2A,76156,0.6894744634628296,61.55157364251716
66.30978260869564,66.62901069518716,naive,thick cloud,84.84260219275993,37.9585713970572,44.739989599583986,90.5278381642512,90.6096256684492,68.65722092335427,52.2733121729433,27.940157004830912,27.689839572192515,29.161426644883242,66.62901069518716,53.76894398976418,perclass,3,30.8636078927866,30.559490084985836,9,L2A,45331,0.6894744634628296,94.94760624829574
66.30978260869564,66.62901069518716,naive,thin cloud,93.22033898305084,93.22033898305084,100.0,90.5278381642512,90.6096256684492,0.014004621525103286,0.007002801120448179,27.940157004830912,27.689839572192515,29.161426644883242,66.62901069518716,0.007032843378577959,perclass,3,30.8636078927866,30.559490084985836,9,L2A,14219,0.6894744634628296,1.6129032258064515
66.30978260869564,66.62901069518716,naive,cloud shadow,78.37195911904419,77.92572333381315,99.4306180549178,90.5278381642512,90.6096256684492,6.800220547693439,3.519786910197869,27.940157004830912,27.689839572192515,29.161426644883242,66.62901069518716,3.994530012955232,perclass,3,30.8636078927866,30.559490084985836,9,L2A,13894,0.6894744634628296,22.84890901605599
66.30978260869564,66.62901069518716,mondrian,ALL,,,,33.690458937198066,33.95788770053476,,,7.185929951690823,6.913101604278076,29.161426644883242,66.62901069518716,,overall,3,21.329272970386125,20.357866971122615,9,L2A,,0.7404574415263008,
66.30978260869564,66.62901069518716,mondrian,clear,41.92578391722254,0.0026261883502284784,0.006263898023740174,33.690458937198066,33.95788770053476,75.65715558164722,60.84560469527135,7.185929951690823,6.913101604278076,29.161426644883242,66.62901069518716,98.14985030726405,perclass,3,21.329272970386125,20.357866971122615,9,L2A,76156,0.7404574415263008,61.55157364251716
66.30978260869564,66.62901069518716,mondrian,thick cloud,27.19110542454391,8.369548432639915,30.780464059711182,33.690458937198066,33.95788770053476,68.65722092335427,52.2733121729433,7.185929951690823,6.913101604278076,29.161426644883242,66.62901069518716,53.76894398976418,perclass,3,21.329272970386125,20.357866971122615,9,L2A,45331,0.7404574415263008,94.94760624829574
66.30978260869564,66.62901069518716,mondrian,thin cloud,32.39327660173008,32.39327660173008,100.0,33.690458937198066,33.95788770053476,0.014004621525103286,0.007002801120448179,7.185929951690823,6.913101604278076,29.161426644883242,66.62901069518716,0.007032843378577959,perclass,3,21.329272970386125,20.357866971122615,9,L2A,14219,0.7404574415263008,1.6129032258064515
66.30978260869564,66.62901069518716,mondrian,cloud shadow,13.962861666906578,13.962861666906578,100.0,33.690458937198066,33.95788770053476,6.800220547693439,3.519786910197869,7.185929951690823,6.913101604278076,29.161426644883242,66.62901069518716,3.994530012955232,perclass,3,21.329272970386125,20.357866971122615,9,L2A,13894,0.7404574415263008,22.84890901605599
78.47427536231883,78.43767123287671,naive,ALL,,,,79.38176328502415,79.31780821917809,,,10.86473429951691,10.81986301369863,51.73370492868558,78.43767123287671,,overall,4,13.68668803753646,13.64115229180339,0,clean,,0.6108997464179993,
78.47427536231883,78.43767123287671,naive,clear,87.10513876696604,2.66729691403876,3.0621579298261934,79.38176328502415,79.31780821917809,85.93010259823437,75.33109484229648,10.86473429951691,10.81986301369863,51.73370492868558,78.43767123287671,92.4127219933824,perclass,4,13.68668803753646,13.64115229180339,0,clean,74045,0.6108997464179993,80.29735850827886
78.47427536231883,78.43767123287671,naive,thick cloud,78.15307222421846,9.883668702838664,12.64655172413793,79.38176328502415,79.31780821917809,81.33470177975788,68.54126943565349,10.86473429951691,10.81986301369863,51.73370492868558,78.43767123287671,78.30803090190443,perclass,4,13.68668803753646,13.64115229180339,0,clean,44528,0.6108997464179993,84.60474596011063
78.47427536231883,78.43767123287671,naive,thin cloud,55.64601769911505,33.91150442477876,60.94147582697202,79.38176328502415,79.31780821917809,45.29475938421754,29.278102799832844,10.86473429951691,10.81986301369863,51.73370492868558,78.43767123287671,39.68141592920354,perclass,4,13.68668803753646,13.64115229180339,0,clean,14125,0.6108997464179993,52.75790662650602
78.47427536231883,78.43767123287671,naive,cloud shadow,65.00526236656142,34.814313637047064,53.55614664045334,79.38176328502415,79.31780821917809,50.50568615993167,33.78435263695953,10.86473429951691,10.81986301369863,51.73370492868558,78.43767123287671,42.23425048864832,perclass,4,13.68668803753646,13.64115229180339,0,clean,13302,0.6108997464179993,62.8060368921185
78.47427536231883,78.43767123287671,mondrian,ALL,,,,79.38176328502415,79.31780821917809,,,10.86473429951691,10.81986301369863,51.73370492868558,78.43767123287671,,overall,4,13.68668803753646,13.64115229180339,0,clean,,0.6108997464179993,
78.47427536231883,78.43767123287671,mondrian,clear,87.10513876696604,2.66729691403876,3.0621579298261934,79.38176328502415,79.31780821917809,85.93010259823437,75.33109484229648,10.86473429951691,10.81986301369863,51.73370492868558,78.43767123287671,92.4127219933824,perclass,4,13.68668803753646,13.64115229180339,0,clean,74045,0.6108997464179993,80.29735850827886
78.47427536231883,78.43767123287671,mondrian,thick cloud,78.15307222421846,9.883668702838664,12.64655172413793,79.38176328502415,79.31780821917809,81.33470177975788,68.54126943565349,10.86473429951691,10.81986301369863,51.73370492868558,78.43767123287671,78.30803090190443,perclass,4,13.68668803753646,13.64115229180339,0,clean,44528,0.6108997464179993,84.60474596011063
78.47427536231883,78.43767123287671,mondrian,thin cloud,55.64601769911505,33.91150442477876,60.94147582697202,79.38176328502415,79.31780821917809,45.29475938421754,29.278102799832844,10.86473429951691,10.81986301369863,51.73370492868558,78.43767123287671,39.68141592920354,perclass,4,13.68668803753646,13.64115229180339,0,clean,14125,0.6108997464179993,52.75790662650602
78.47427536231883,78.43767123287671,mondrian,cloud shadow,65.00526236656142,34.814313637047064,53.55614664045334,79.38176328502415,79.31780821917809,50.50568615993167,33.78435263695953,10.86473429951691,10.81986301369863,51.73370492868558,78.43767123287671,42.23425048864832,perclass,4,13.68668803753646,13.64115229180339,0,clean,13302,0.6108997464179993,62.8060368921185
66.08731884057971,66.37739726027398,naive,ALL,,,,95.93925120772948,95.81438356164384,,,31.575966183574884,31.204794520547946,27.87726261984363,66.37739726027398,,overall,4,32.91245844227615,32.56796460050469,0,L2A,,0.6108997464179993,
66.08731884057971,66.37739726027398,naive,clear,98.86960632048078,0.1634141400499696,0.16528248278876626,95.93925120772948,95.81438356164384,75.82948135884293,61.06882872736006,31.575966183574884,31.204794520547946,27.87726261984363,66.37739726027398,99.58808832466744,perclass,4,32.91245844227615,32.56796460050469,0,L2A,74045,0.6108997464179993,61.22347314934742
66.08731884057971,66.37739726027398,naive,thick cloud,91.45930650377291,43.75673733381243,47.842848373235114,95.93925120772948,95.81438356164384,66.17442144427046,49.44826105624732,31.575966183574884,31.204794520547946,27.87726261984363,66.37739726027398,51.72700323392023,perclass,4,32.91245844227615,32.56796460050469,0,L2A,44528,0.6108997464179993,91.81981263703408
66.08731884057971,66.37739726027398,naive,thin cloud,92.7504424778761,92.7504424778761,100.0,95.93925120772948,95.81438356164384,1.0537261698440208,0.5296536343996098,31.575966183574884,31.204794520547946,27.87726261984363,66.37739726027398,0.5380530973451327,perclass,4,32.91245844227615,32.56796460050469,0,L2A,14125,0.6108997464179993,25.333333333333336
66.08731884057971,66.37739726027398,naive,cloud shadow,96.63960306720793,96.62456773417532,99.98444185141967,95.93925120772948,95.81438356164384,0.9203592369925035,0.46230706136753413,31.575966183574884,31.204794520547946,27.87726261984363,66.37739726027398,0.46609532401142684,perclass,4,32.91245844227615,32.56796460050469,0,L2A,13302,0.6108997464179993,36.25730994152047
66.08731884057971,66.37739726027398,mondrian,ALL,,,,39.60108695652173,38.46506849315068,,,8.599275362318838,8.23972602739726,27.87726261984363,66.37739726027398,,overall,4,21.714745789074,21.42132160472943,0,L2A,,0.743191659450531,
66.08731884057971,66.37739726027398,mondrian,clear,48.53264906475792,0.0,0.0,39.60108695652173,38.46506849315068,75.82948135884293,61.06882872736006,8.599275362318838,8.23972602739726,27.87726261984363,66.37739726027398,99.58808832466744,perclass,4,21.714745789074,21.42132160472943,0,L2A,74045,0.743191659450531,61.22347314934742
66.08731884057971,66.37739726027398,mondrian,thick cloud,26.403611210923465,8.003952569169961,30.313855575401888,39.60108695652173,38.46506849315068,66.17442144427046,49.44826105624732,8.599275362318838,8.23972602739726,27.87726261984363,66.37739726027398,51.72700323392023,perclass,4,21.714745789074,21.42132160472943,0,L2A,44528,0.743191659450531,91.81981263703408
66.08731884057971,66.37739726027398,mondrian,thin cloud,39.43362831858407,39.43362831858407,100.0,39.60108695652173,38.46506849315068,1.0537261698440208,0.5296536343996098,8.599275362318838,8.23972602739726,27.87726261984363,66.37739726027398,0.5380530973451327,perclass,4,21.714745789074,21.42132160472943,0,L2A,14125,0.743191659450531,25.333333333333336
66.08731884057971,66.37739726027398,mondrian,cloud shadow,21.77116223124342,21.77116223124342,100.0,39.60108695652173,38.46506849315068,0.9203592369925035,0.46230706136753413,8.599275362318838,8.23972602739726,27.87726261984363,66.37739726027398,0.46609532401142684,perclass,4,21.714745789074,21.42132160472943,0,L2A,13302,0.743191659450531,36.25730994152047
79.7373188405797,79.61864406779661,naive,ALL,,,,75.06340579710144,75.03036723163842,,,7.845108695652176,7.92725988700565,54.55791583671403,79.61864406779661,,overall,4,10.451309279594549,10.565401955893565,1,clean,,0.6396889090538025,
79.7373188405797,79.61864406779661,naive,clear,82.48904445608136,3.192955378551939,3.8707629596217776,75.06340579710144,75.03036723163842,86.28896503543032,75.88442499210075,7.845108695652176,7.92725988700565,54.55791583671403,79.61864406779661,89.35865281261198,perclass,4,10.451309279594549,10.565401955893565,1,clean,72566,0.6396889090538025,83.42317539142405
79.7373188405797,79.61864406779661,naive,thick cloud,77.23864239403798,6.871092037562584,8.895925439120564,75.06340579710144,75.03036723163842,84.09866082648189,72.5605600644322,7.845108695652176,7.92725988700565,54.55791583671403,79.61864406779661,81.06873399321658,perclass,4,10.451309279594549,10.565401955893565,1,clean,43341,0.6396889090538025,87.36386692525735
79.7373188405797,79.61864406779661,naive,thin cloud,40.88119993182205,22.25157661496506,54.42985199082761,75.06340579710144,75.03036723163842,47.26668052379962,30.94719651605879,7.845108695652176,7.92725988700565,54.55791583671403,79.61864406779661,48.448951764104315,perclass,4,10.451309279594549,10.565401955893565,1,clean,11734,0.6396889090538025,46.14073532992452
79.7373188405797,79.61864406779661,naive,cloud shadow,58.105881510136825,23.776774840604627,40.91973862655653,75.06340579710144,75.03036723163842,55.94875647463524,38.839481774264385,7.845108695652176,7.92725988700565,54.55791583671403,79.61864406779661,50.68414642882728,perclass,4,10.451309279594549,10.565401955893565,1,clean,13959,0.6396889090538025,62.43381574302859
79.7373188405797,79.61864406779661,mondrian,ALL,,,,75.06340579710144,75.03036723163842,,,7.845108695652176,7.92725988700565,54.55791583671403,79.61864406779661,,overall,4,10.451309279594549,10.565401955893565,1,clean,,0.6396889090538025,
79.7373188405797,79.61864406779661,mondrian,clear,82.48904445608136,3.192955378551939,3.8707629596217776,75.06340579710144,75.03036723163842,86.28896503543032,75.88442499210075,7.845108695652176,7.92725988700565,54.55791583671403,79.61864406779661,89.35865281261198,perclass,4,10.451309279594549,10.565401955893565,1,clean,72566,0.6396889090538025,83.42317539142405
79.7373188405797,79.61864406779661,mondrian,thick cloud,77.23864239403798,6.871092037562584,8.895925439120564,75.06340579710144,75.03036723163842,84.09866082648189,72.5605600644322,7.845108695652176,7.92725988700565,54.55791583671403,79.61864406779661,81.06873399321658,perclass,4,10.451309279594549,10.565401955893565,1,clean,43341,0.6396889090538025,87.36386692525735
79.7373188405797,79.61864406779661,mondrian,thin cloud,40.88119993182205,22.25157661496506,54.42985199082761,75.06340579710144,75.03036723163842,47.26668052379962,30.94719651605879,7.845108695652176,7.92725988700565,54.55791583671403,79.61864406779661,48.448951764104315,perclass,4,10.451309279594549,10.565401955893565,1,clean,11734,0.6396889090538025,46.14073532992452
79.7373188405797,79.61864406779661,mondrian,cloud shadow,58.105881510136825,23.776774840604627,40.91973862655653,75.06340579710144,75.03036723163842,55.94875647463524,38.839481774264385,7.845108695652176,7.92725988700565,54.55791583671403,79.61864406779661,50.68414642882728,perclass,4,10.451309279594549,10.565401955893565,1,clean,13959,0.6396889090538025,62.43381574302859
67.35181159420289,67.31285310734462,naive,ALL,,,,95.02572463768117,95.0225988700565,,,30.002536231884058,30.032485875706215,28.503905419795217,67.31285310734462,,overall,4,31.57306755226464,31.605624591236104,1,L2A,,0.6396889090538025,
67.35181159420289,67.31285310734462,naive,clear,98.17269795772124,0.15847642146459776,0.16142616507580013,95.02572463768117,95.0225988700565,76.27765387339205,61.652285348141824,30.002536231884058,30.032485875706215,28.503905419795217,67.31285310734462,99.44602155279331,perclass,4,31.57306755226464,31.605624591236104,1,L2A,72566,0.6396889090538025,61.86475550373775
67.35181159420289,67.31285310734462,naive,thick cloud,89.71412750051914,41.49419718049884,46.25157523853612,95.02572463768117,95.0225988700565,67.79016837794441,51.274680215715115,30.002536231884058,30.032485875706215,28.503905419795217,67.31285310734462,53.088299762349735,perclass,4,31.57306755226464,31.605624591236104,1,L2A,43341,0.6396889090538025,93.75356531660012
67.35181159420289,67.31285310734462,naive,thin cloud,95.32128856314982,95.32128856314982,100.0,95.02572463768117,95.0225988700565,1.0195554069864616,0.5123897522049559,30.002536231884058,30.032485875706215,28.503905419795217,67.31285310734462,0.5198568263166866,perclass,4,31.57306755226464,31.605624591236104,1,L2A,11734,0.6396889090538025,26.29310344827586
67.35181159420289,67.31285310734462,naive,cloud shadow,94.87785657998424,94.8635289060821,99.98489882210812,95.02572463768117,95.0225988700565,1.1459291221617034,0.5762663631189527,30.002536231884058,30.032485875706215,28.503905419795217,67.31285310734462,0.5802707930367506,perclass,4,31.57306755226464,31.605624591236104,1,L2A,13959,0.6396889090538025,45.50561797752809
67.35181159420289,67.31285310734462,mondrian,ALL,,,,41.345652173913045,41.29661016949153,,,8.054528985507247,8.027542372881356,28.503905419795217,67.31285310734462,,overall,4,19.480957638852374,19.438744100143648,1,L2A,,0.7523048779543708,
67.35181159420289,67.31285310734462,mondrian,clear,53.90265413554557,0.0,0.0,41.345652173913045,41.29661016949153,76.27765387339205,61.652285348141824,8.054528985507247,8.027542372881356,28.503905419795217,67.31285310734462,99.44602155279331,perclass,4,19.480957638852374,19.438744100143648,1,L2A,72566,0.7523048779543708,61.86475550373775
67.35181159420289,67.31285310734462,mondrian,thick cloud,27.147504672250296,8.703075609699823,32.058473567907534,41.345652173913045,41.29661016949153,67.79016837794441,51.274680215715115,8.054528985507247,8.027542372881356,28.503905419795217,67.31285310734462,53.088299762349735,perclass,4,19.480957638852374,19.438744100143648,1,L2A,43341,0.7523048779543708,93.75356531660012
67.35181159420289,67.31285310734462,mondrian,thin cloud,42.24475882052156,42.24475882052156,100.0,41.345652173913045,41.29661016949153,1.0195554069864616,0.5123897522049559,8.054528985507247,8.027542372881356,28.503905419795217,67.31285310734462,0.5198568263166866,perclass,4,19.480957638852374,19.438744100143648,1,L2A,11734,0.7523048779543708,26.29310344827586
67.35181159420289,67.31285310734462,mondrian,cloud shadow,18.89820187692528,18.89820187692528,100.0,41.345652173913045,41.29661016949153,1.1459291221617034,0.5762663631189527,8.054528985507247,8.027542372881356,28.503905419795217,67.31285310734462,0.5802707930367506,perclass,4,19.480957638852374,19.438744100143648,1,L2A,13959,0.7523048779543708,45.50561797752809
79.86932367149757,79.60899182561307,naive,ALL,,,,76.1567028985507,75.78269754768392,,,8.592330917874397,8.590599455040872,54.544134509310695,79.60899182561307,,overall,4,11.282435545194687,11.335832232199841,2,clean,,0.6542711818919462,
79.86932367149757,79.60899182561307,naive,clear,83.20847531789072,2.289873904453785,2.751971954425942,76.1567028985507,75.78269754768392,86.6404764287859,76.42981700991103,8.592330917874397,8.590599455040872,54.544134509310695,79.60899182561307,91.82036356886196,perclass,4,11.282435545194687,11.335832232199841,2,clean,75419,0.6542711818919462,82.01380911211909
79.86932367149757,79.60899182561307,naive,thick cloud,78.05676855895196,7.024871843554205,8.999695956217696,76.1567028985507,75.78269754768392,83.36593485365765,71.47648909352277,8.592330917874397,8.590599455040872,54.544134509310695,79.60899182561307,81.42206189481679,perclass,4,11.282435545194687,11.335832232199841,2,clean,42136,0.6542711818919462,85.40489407781733
79.86932367149757,79.60899182561307,naive,thin cloud,49.06530562046489,27.31521338088796,55.67113673392655,76.1567028985507,75.78269754768392,49.52483029653449,32.91229403105561,8.592330917874397,8.590599455040872,54.544134509310695,79.60899182561307,42.62083384577543,perclass,4,11.282435545194687,11.335832232199841,2,clean,16262,0.6542711818919462,59.09788540245566
79.86932367149757,79.60899182561307,naive,cloud shadow,58.730647770160985,26.819687283370563,45.665573770491804,76.1567028985507,75.78269754768392,54.39501855248007,37.35793790275337,8.592330917874397,8.590599455040872,54.544134509310695,79.60899182561307,49.118077485943154,perclass,4,11.282435545194687,11.335832232199841,2,clean,12983,0.6542711818919462,60.94227828746177
79.86932367149757,79.60899182561307,mondrian,ALL,,,,76.1567028985507,75.78269754768392,,,8.592330917874397,8.590599455040872,54.544134509310695,79.60899182561307,,overall,4,11.282435545194687,11.335832232199841,2,clean,,0.6542711818919462,
79.86932367149757,79.60899182561307,mondrian,clear,83.20847531789072,2.289873904453785,2.751971954425942,76.1567028985507,75.78269754768392,86.6404764287859,76.42981700991103,8.592330917874397,8.590599455040872,54.544134509310695,79.60899182561307,91.82036356886196,perclass,4,11.282435545194687,11.335832232199841,2,clean,75419,0.6542711818919462,82.01380911211909
79.86932367149757,79.60899182561307,mondrian,thick cloud,78.05676855895196,7.024871843554205,8.999695956217696,76.1567028985507,75.78269754768392,83.36593485365765,71.47648909352277,8.592330917874397,8.590599455040872,54.544134509310695,79.60899182561307,81.42206189481679,perclass,4,11.282435545194687,11.335832232199841,2,clean,42136,0.6542711818919462,85.40489407781733
79.86932367149757,79.60899182561307,mondrian,thin cloud,49.06530562046489,27.31521338088796,55.67113673392655,76.1567028985507,75.78269754768392,49.52483029653449,32.91229403105561,8.592330917874397,8.590599455040872,54.544134509310695,79.60899182561307,42.62083384577543,perclass,4,11.282435545194687,11.335832232199841,2,clean,16262,0.6542711818919462,59.09788540245566
79.86932367149757,79.60899182561307,mondrian,cloud shadow,58.730647770160985,26.819687283370563,45.665573770491804,76.1567028985507,75.78269754768392,54.39501855248007,37.35793790275337,8.592330917874397,8.590599455040872,54.544134509310695,79.60899182561307,49.118077485943154,perclass,4,11.282435545194687,11.335832232199841,2,clean,12983,0.6542711818919462,60.94227828746177
66.72306763285023,66.75408719346049,naive,ALL,,,,94.23707729468599,94.04155313351498,,,30.169806763285024,29.99931880108992,28.753830542608682,66.75408719346049,,overall,4,32.01479463220396,31.900067365432115,2,L2A,,0.6542711818919462,
66.72306763285023,66.75408719346049,naive,clear,97.38262241610204,0.09811851125048066,0.10075566750629722,94.23707729468599,94.04155313351498,76.15095870954652,61.486918199839444,30.169806763285024,29.99931880108992,28.753830542608682,66.75408719346049,99.52664447950782,perclass,4,32.01479463220396,31.900067365432115,2,L2A,75419,0.6542711818919462,61.66725544482875
66.72306763285023,66.75408719346049,naive,thick cloud,89.37725460413898,40.39775963546611,45.19915029208709,94.23707729468599,94.04155313351498,68.26450011284135,51.81936544918797,30.169806763285024,29.99931880108992,28.753830542608682,66.75408719346049,53.83994683880767,perclass,4,32.01479463220396,31.900067365432115,2,L2A,42136,0.6542711818919462,93.24674257059476
66.72306763285023,66.75408719346049,naive,thin cloud,91.80912556881073,91.79067765342516,99.97990622906899,94.23707729468599,94.04155313351498,1.2724326270932118,0.6402899426155241,30.169806763285024,29.99931880108992,28.753830542608682,66.75408719346049,0.6518263436231706,perclass,4,32.01479463220396,31.900067365432115,2,L2A,16262,0.6542711818919462,26.56641604010025
66.72306763285023,66.75408719346049,naive,cloud shadow,92.56720326580914,92.55179850573828,99.9833582958895,94.23707729468599,94.04155313351498,2.1148942552872354,1.0687485787917834,30.169806763285024,29.99931880108992,28.753830542608682,66.75408719346049,1.0860355849957637,perclass,4,32.01479463220396,31.900067365432115,2,L2A,12983,0.6542711818919462,40.17094017094017
66.72306763285023,66.75408719346049,mondrian,ALL,,,,44.86775362318841,43.38351498637602,,,9.416847826086956,9.071525885558582,28.753830542608682,66.75408719346049,,overall,4,20.98800823676666,20.910075839653306,2,L2A,,0.7579882430095298,
66.72306763285023,66.75408719346049,mondrian,clear,55.40646256248426,0.001325925827709198,0.0023930887596620956,44.86775362318841,43.38351498637602,76.15095870954652,61.486918199839444,9.416847826086956,9.071525885558582,28.753830542608682,66.75408719346049,99.52664447950782,perclass,4,20.98800823676666,20.910075839653306,2,L2A,75419,0.7579882430095298,61.66725544482875
66.72306763285023,66.75408719346049,mondrian,thick cloud,28.825707233719385,8.453578887412188,29.32652725177013,44.86775362318841,43.38351498637602,68.26450011284135,51.81936544918797,9.416847826086956,9.071525885558582,28.753830542608682,66.75408719346049,53.83994683880767,perclass,4,20.98800823676666,20.910075839653306,2,L2A,42136,0.7579882430095298,93.24674257059476
66.72306763285023,66.75408719346049,mondrian,thin cloud,46.11363915877506,46.11363915877506,100.0,44.86775362318841,43.38351498637602,1.2724326270932118,0.6402899426155241,9.416847826086956,9.071525885558582,28.753830542608682,66.75408719346049,0.6518263436231706,perclass,4,20.98800823676666,20.910075839653306,2,L2A,16262,0.7579882430095298,26.56641604010025
66.72306763285023,66.75408719346049,mondrian,cloud shadow,17.368866979896787,17.368866979896787,100.0,44.86775362318841,43.38351498637602,2.1148942552872354,1.0687485787917834,9.416847826086956,9.071525885558582,28.753830542608682,66.75408719346049,1.0860355849957637,perclass,4,20.98800823676666,20.910075839653306,2,L2A,12983,0.7579882430095298,40.17094017094017
80.01485507246375,79.96892655367232,naive,ALL,,,,74.72373188405797,74.77401129943503,,,7.776268115942028,7.812146892655367,55.66478454317211,79.96892655367232,,overall,4,10.406691314625128,10.447676615035888,3,clean,,0.6875789516112384,
80.01485507246375,79.96892655367232,naive,clear,84.13189290230359,1.752432789048326,2.082958945287612,74.72373188405797,74.77401129943503,86.94946162421304,76.91202790665861,7.776268115942028,7.812146892655367,55.66478454317211,79.96892655367232,92.73187091099015,perclass,4,10.406691314625128,10.447676615035888,3,clean,72756,0.6875789516112384,81.84586270061746
80.01485507246375,79.96892655367232,naive,thick cloud,74.21254416518406,6.775753627183201,9.130199891950298,74.72373188405797,74.77401129943503,82.85557929848335,70.72942851422597,7.776268115942028,7.812146892655367,55.66478454317211,79.96892655367232,79.6727391184504,perclass,4,10.406691314625128,10.447676615035888,3,clean,39907,0.6875789516112384,86.30330338481583
80.01485507246375,79.96892655367232,naive,thin cloud,44.554680399878826,23.485307482581035,52.71120176780554,74.72373188405797,74.77401129943503,49.531737773152976,32.91839557399723,7.776268115942028,7.812146892655367,55.66478454317211,79.96892655367232,46.86458648894274,perclass,4,10.406691314625128,10.447676615035888,3,clean,13204,0.6875789516112384,52.520794432184694
80.01485507246375,79.96892655367232,naive,cloud shadow,58.285133159600846,25.30985825970889,43.42420937840785,74.72373188405797,74.77401129943503,59.25333942230847,42.09928617780662,7.776268115942028,7.812146892655367,55.66478454317211,79.96892655367232,49.48198055043539,perclass,4,10.406691314625128,10.447676615035888,3,clean,15733,0.6875789516112384,73.8334597875569
80.01485507246375,79.96892655367232,mondrian,ALL,,,,74.72373188405797,74.77401129943503,,,7.776268115942028,7.812146892655367,55.66478454317211,79.96892655367232,,overall,4,10.406691314625128,10.447676615035888,3,clean,,0.6875789516112384,
80.01485507246375,79.96892655367232,mondrian,clear,84.13189290230359,1.752432789048326,2.082958945287612,74.72373188405797,74.77401129943503,86.94946162421304,76.91202790665861,7.776268115942028,7.812146892655367,55.66478454317211,79.96892655367232,92.73187091099015,perclass,4,10.406691314625128,10.447676615035888,3,clean,72756,0.6875789516112384,81.84586270061746
80.01485507246375,79.96892655367232,mondrian,thick cloud,74.21254416518406,6.775753627183201,9.130199891950298,74.72373188405797,74.77401129943503,82.85557929848335,70.72942851422597,7.776268115942028,7.812146892655367,55.66478454317211,79.96892655367232,79.6727391184504,perclass,4,10.406691314625128,10.447676615035888,3,clean,39907,0.6875789516112384,86.30330338481583
80.01485507246375,79.96892655367232,mondrian,thin cloud,44.554680399878826,23.485307482581035,52.71120176780554,74.72373188405797,74.77401129943503,49.531737773152976,32.91839557399723,7.776268115942028,7.812146892655367,55.66478454317211,79.96892655367232,46.86458648894274,perclass,4,10.406691314625128,10.447676615035888,3,clean,13204,0.6875789516112384,52.520794432184694
80.01485507246375,79.96892655367232,mondrian,cloud shadow,58.285133159600846,25.30985825970889,43.42420937840785,74.72373188405797,74.77401129943503,59.25333942230847,42.09928617780662,7.776268115942028,7.812146892655367,55.66478454317211,79.96892655367232,49.48198055043539,perclass,4,10.406691314625128,10.447676615035888,3,clean,15733,0.6875789516112384,73.8334597875569
65.73442028985507,65.61864406779661,naive,ALL,,,,94.68786231884056,94.68361581920904,,,31.324275362318836,31.43220338983051,27.692875057813822,65.61864406779661,,overall,4,33.08161637110491,33.1970881317501,3,L2A,,0.6875789516112384,
65.73442028985507,65.61864406779661,naive,clear,98.62829182472923,0.07971851118808071,0.08082722483904234,94.68786231884056,94.68361581920904,75.25135464468123,60.32238220330529,31.324275362318836,31.43220338983051,27.692875057813822,65.61864406779661,99.7347297817362,perclass,4,33.08161637110491,33.1970881317501,3,L2A,72756,0.6875789516112384,60.41932072706684
65.73442028985507,65.61864406779661,naive,thick cloud,88.38048462675721,43.6164081489463,49.35072299404593,94.68786231884056,94.68361581920904,66.17213597956376,49.44570883195066,31.324275362318836,31.43220338983051,27.692875057813822,65.61864406779661,50.63021525045731,perclass,4,33.08161637110491,33.1970881317501,3,L2A,39907,0.6875789516112384,95.48225509191437
65.73442028985507,65.61864406779661,naive,thin cloud,92.50984550136322,92.50984550136322,100.0,94.68786231884056,94.68361581920904,0.8543805740837891,0.4290230317627578,31.324275362318836,31.43220338983051,27.692875057813822,65.61864406779661,0.43168736746440467,perclass,4,33.08161637110491,33.1970881317501,3,L2A,13204,0.6875789516112384,41.007194244604314
65.73442028985507,65.61864406779661,naive,cloud shadow,94.25411555329562,94.25411555329562,100.0,94.68786231884056,94.68361581920904,1.1422116229446468,0.5743861642365714,31.324275362318836,31.43220338983051,27.692875057813822,65.61864406779661,0.578402084789932,perclass,4,33.08161637110491,33.1970881317501,3,L2A,15733,0.6875789516112384,45.27363184079602
65.73442028985507,65.61864406779661,mondrian,ALL,,,,47.27318840579709,47.18997175141243,,,9.744384057971015,9.720338983050848,27.692875057813822,65.61864406779661,,overall,4,20.61291904900594,20.598314901004176,3,L2A,,0.7475701876715117,
65.73442028985507,65.61864406779661,mondrian,clear,62.508933971081426,0.002748914178899335,0.004397634072868797,47.27318840579709,47.18997175141243,75.25135464468123,60.32238220330529,9.744384057971015,9.720338983050848,27.692875057813822,65.61864406779661,99.7347297817362,perclass,4,20.61291904900594,20.598314901004176,3,L2A,72756,0.7475701876715117,60.41932072706684
65.73442028985507,65.61864406779661,mondrian,thick cloud,29.425915252963144,10.431753827649285,35.450906923273436,47.27318840579709,47.18997175141243,66.17213597956376,49.44570883195066,9.744384057971015,9.720338983050848,27.692875057813822,65.61864406779661,50.63021525045731,perclass,4,20.61291904900594,20.598314901004176,3,L2A,39907,0.7475701876715117,95.48225509191437
65.73442028985507,65.61864406779661,mondrian,thin cloud,45.58467131172372,45.58467131172372,100.0,47.27318840579709,47.18997175141243,0.8543805740837891,0.4290230317627578,9.744384057971015,9.720338983050848,27.692875057813822,65.61864406779661,0.43168736746440467,perclass,4,20.61291904900594,20.598314901004176,3,L2A,13204,0.7475701876715117,41.007194244604314
65.73442028985507,65.61864406779661,mondrian,cloud shadow,22.754719379647874,22.754719379647874,100.0,47.27318840579709,47.18997175141243,1.1422116229446468,0.5743861642365714,9.744384057971015,9.720338983050848,27.692875057813822,65.61864406779661,0.578402084789932,perclass,4,20.61291904900594,20.598314901004176,3,L2A,15733,0.7475701876715117,45.27363184079602
80.18514492753623,80.01466666666667,naive,ALL,,,,78.01485507246376,77.89266666666667,,,9.147463768115943,9.152000000000001,54.19433165289201,80.01466666666667,,overall,4,11.725284575122725,11.74950145071423,4,clean,,0.6613539590555079,
80.18514492753623,80.01466666666667,naive,clear,86.80062065638324,2.172297341347972,2.5026288117770767,78.01485507246376,77.89266666666667,86.89077458659705,76.82023660671348,9.147463768115943,9.152000000000001,54.19433165289201,80.01466666666667,93.7282411693375,perclass,4,11.725284575122725,11.74950145071423,4,clean,76693,0.6613539590555079,80.98306726901974
80.18514492753623,80.01466666666667,naive,thick cloud,78.03931248036619,8.654579724453619,11.090025590154978,78.01485507246376,77.89266666666667,83.0239252292883,70.97513349804734,9.147463768115943,9.152000000000001,54.19433165289201,80.01466666666667,79.92864515549971,perclass,4,11.725284575122725,11.74950145071423,4,clean,44566,0.6613539590555079,86.36859588293771
80.18514492753623,80.01466666666667,naive,thin cloud,46.203184901209085,29.570923031554113,64.0019147917664,78.01485507246376,77.89266666666667,44.616320500564875,28.71364653243848,9.147463768115943,9.152000000000001,54.19433165289201,80.01466666666667,37.85019168386906,perclass,4,11.725284575122725,11.74950145071423,4,clean,13564,0.6613539590555079,54.32804232804232
80.18514492753623,80.01466666666667,naive,cloud shadow,60.76958555709297,27.63391974698557,45.47327333839315,78.01485507246376,77.89266666666667,57.41611912445084,40.26830997436876,9.147463768115943,9.152000000000001,54.19433165289201,80.01466666666667,48.65256638334321,perclass,4,11.725284575122725,11.74950145071423,4,clean,15177,0.6613539590555079,70.03034901365706
80.18514492753623,80.01466666666667,mondrian,ALL,,,,78.01485507246376,77.89266666666667,,,9.147463768115943,9.152000000000001,54.19433165289201,80.01466666666667,,overall,4,11.725284575122725,11.74950145071423,4,clean,,0.6613539590555079,
80.18514492753623,80.01466666666667,mondrian,clear,86.80062065638324,2.172297341347972,2.5026288117770767,78.01485507246376,77.89266666666667,86.89077458659705,76.82023660671348,9.147463768115943,9.152000000000001,54.19433165289201,80.01466666666667,93.7282411693375,perclass,4,11.725284575122725,11.74950145071423,4,clean,76693,0.6613539590555079,80.98306726901974
80.18514492753623,80.01466666666667,mondrian,thick cloud,78.03931248036619,8.654579724453619,11.090025590154978,78.01485507246376,77.89266666666667,83.0239252292883,70.97513349804734,9.147463768115943,9.152000000000001,54.19433165289201,80.01466666666667,79.92864515549971,perclass,4,11.725284575122725,11.74950145071423,4,clean,44566,0.6613539590555079,86.36859588293771
80.18514492753623,80.01466666666667,mondrian,thin cloud,46.203184901209085,29.570923031554113,64.0019147917664,78.01485507246376,77.89266666666667,44.616320500564875,28.71364653243848,9.147463768115943,9.152000000000001,54.19433165289201,80.01466666666667,37.85019168386906,perclass,4,11.725284575122725,11.74950145071423,4,clean,13564,0.6613539590555079,54.32804232804232
80.18514492753623,80.01466666666667,mondrian,cloud shadow,60.76958555709297,27.63391974698557,45.47327333839315,78.01485507246376,77.89266666666667,57.41611912445084,40.26830997436876,9.147463768115943,9.152000000000001,54.19433165289201,80.01466666666667,48.65256638334321,perclass,4,11.725284575122725,11.74950145071423,4,clean,15177,0.6613539590555079,70.03034901365706
66.69347826086955,66.82133333333333,naive,ALL,,,,94.85036231884058,94.616,,,30.55458937198068,30.301333333333336,28.394710742252432,66.82133333333333,,overall,4,32.213466163967915,32.02559116146671,4,L2A,,0.6613539590555079,
66.69347826086955,66.82133333333333,naive,clear,97.91115225639889,0.18515379500084755,0.18910388728342944,94.85036231884058,94.616,75.99070845540507,61.27823771017841,30.55458937198068,30.301333333333336,28.394710742252432,66.82133333333333,99.60100661077283,perclass,4,32.213466163967915,32.02559116146671,4,L2A,76693,0.6613539590555079,61.42903096099719
66.69347826086955,66.82133333333333,naive,thick cloud,89.7096441233227,41.423955481757396,46.17558779389695,94.85036231884058,94.616,67.825564426131,51.315191271026826,30.55458937198068,30.301333333333336,28.394710742252432,66.82133333333333,53.186285509132524,perclass,4,32.213466163967915,32.02559116146671,4,L2A,44566,0.6613539590555079,93.58417561591914
66.69347826086955,66.82133333333333,naive,thin cloud,92.4432320849307,92.4284871719257,99.98404976473402,94.85036231884058,94.616,1.0453720508166968,0.5254323870685251,30.55458937198068,30.301333333333336,28.394710742252432,66.82133333333333,0.5308168681804777,perclass,4,32.213466163967915,32.02559116146671,4,L2A,13564,0.6613539590555079,34.12322274881517
66.69347826086955,66.82133333333333,naive,cloud shadow,94.31376424853397,94.30058641365223,99.98602766522285,94.85036231884058,94.616,0.9157509157509158,0.45998160073597055,30.55458937198068,30.301333333333336,28.394710742252432,66.82133333333333,0.4612242208605126,perclass,4,32.213466163967915,32.02559116146671,4,L2A,15177,0.6613539590555079,63.06306306306306
66.69347826086955,66.82133333333333,mondrian,ALL,,,,41.464734299516905,40.349333333333334,,,8.264734299516908,7.933333333333334,28.394710742252432,66.82133333333333,,overall,4,19.931960108118187,19.6616218359659,4,L2A,,0.7274785885623857,
66.69347826086955,66.82133333333333,mondrian,clear,51.9186887981954,0.001303899964794701,0.0025114269928173186,41.464734299516905,40.349333333333334,75.99070845540507,61.27823771017841,8.264734299516908,7.933333333333334,28.394710742252432,66.82133333333333,99.60100661077283,perclass,4,19.931960108118187,19.6616218359659,4,L2A,76693,0.7274785885623857,61.42903096099719
66.69347826086955,66.82133333333333,mondrian,thick cloud,28.53071848494368,8.769016739218237,30.735351946519856,41.464734299516905,40.349333333333334,67.825564426131,51.315191271026826,8.264734299516908,7.933333333333334,28.394710742252432,66.82133333333333,53.186285509132524,perclass,4,19.931960108118187,19.6616218359659,4,L2A,44566,0.7274785885623857,93.58417561591914
66.69347826086955,66.82133333333333,mondrian,thin cloud,36.47154231790032,36.47154231790032,100.0,41.464734299516905,40.349333333333334,1.0453720508166968,0.5254323870685251,8.264734299516908,7.933333333333334,28.394710742252432,66.82133333333333,0.5308168681804777,perclass,4,19.931960108118187,19.6616218359659,4,L2A,13564,0.7274785885623857,34.12322274881517
66.69347826086955,66.82133333333333,mondrian,cloud shadow,20.056664689991436,20.056664689991436,100.0,41.464734299516905,40.349333333333334,0.9157509157509158,0.45998160073597055,8.264734299516908,7.933333333333334,28.394710742252432,66.82133333333333,0.4612242208605126,perclass,4,19.931960108118187,19.6616218359659,4,L2A,15177,0.7274785885623857,63.06306306306306
79.05797101449275,78.7967032967033,naive,ALL,,,,77.90108695652174,77.64010989010988,,,9.790398550724639,9.867445054945055,52.61537210293432,78.7967032967033,,overall,4,12.567730352965253,12.70921057287428,5,clean,,0.6438540264671924,
79.05797101449275,78.7967032967033,naive,clear,84.32754448019999,2.745937608042339,3.2562760186703668,77.90108695652174,77.64010989010988,86.27609003620337,75.86451262858344,9.790398550724639,9.867445054945055,52.61537210293432,78.7967032967033,91.1066195048004,perclass,4,12.567730352965253,12.70921057287428,5,clean,75202,0.6438540264671924,81.93200435286943
79.05797101449275,78.7967032967033,naive,thick cloud,79.06275045966716,8.219791617556927,10.39654144305307,77.90108695652174,77.64010989010988,82.45639394815458,70.14962082393933,9.790398550724639,9.867445054945055,52.61537210293432,78.7967032967033,80.67983593418509,perclass,4,12.567730352965253,12.70921057287428,5,clean,42422,0.6438540264671924,84.31295265310145
79.05797101449275,78.7967032967033,naive,thin cloud,54.24850113706843,34.367031906829304,63.35111788617886,77.90108695652174,77.64010989010988,43.92466830665,28.143248410934834,9.790398550724639,9.867445054945055,52.61537210293432,78.7967032967033,37.53014954172696,perclass,4,12.567730352965253,12.70921057287428,5,clean,14511,0.6438540264671924,52.94575150690258
79.05797101449275,78.7967032967033,naive,cloud shadow,61.01745265503157,28.429261047159304,46.59201557935735,77.90108695652174,77.64010989010988,53.269277746111875,36.30410654827969,9.790398550724639,9.867445054945055,52.61537210293432,78.7967032967033,48.58522094318604,perclass,4,12.567730352965253,12.70921057287428,5,clean,13465,0.6438540264671924,58.952870145084255
79.05797101449275,78.7967032967033,mondrian,ALL,,,,77.90108695652174,77.64010989010988,,,9.790398550724639,9.867445054945055,52.61537210293432,78.7967032967033,,overall,4,12.567730352965253,12.70921057287428,5,clean,,0.6438540264671924,
79.05797101449275,78.7967032967033,mondrian,clear,84.32754448019999,2.745937608042339,3.2562760186703668,77.90108695652174,77.64010989010988,86.27609003620337,75.86451262858344,9.790398550724639,9.867445054945055,52.61537210293432,78.7967032967033,91.1066195048004,perclass,4,12.567730352965253,12.70921057287428,5,clean,75202,0.6438540264671924,81.93200435286943
79.05797101449275,78.7967032967033,mondrian,thick cloud,79.06275045966716,8.219791617556927,10.39654144305307,77.90108695652174,77.64010989010988,82.45639394815458,70.14962082393933,9.790398550724639,9.867445054945055,52.61537210293432,78.7967032967033,80.67983593418509,perclass,4,12.567730352965253,12.70921057287428,5,clean,42422,0.6438540264671924,84.31295265310145
79.05797101449275,78.7967032967033,mondrian,thin cloud,54.24850113706843,34.367031906829304,63.35111788617886,77.90108695652174,77.64010989010988,43.92466830665,28.143248410934834,9.790398550724639,9.867445054945055,52.61537210293432,78.7967032967033,37.53014954172696,perclass,4,12.567730352965253,12.70921057287428,5,clean,14511,0.6438540264671924,52.94575150690258
79.05797101449275,78.7967032967033,mondrian,cloud shadow,61.01745265503157,28.429261047159304,46.59201557935735,77.90108695652174,77.64010989010988,53.269277746111875,36.30410654827969,9.790398550724639,9.867445054945055,52.61537210293432,78.7967032967033,48.58522094318604,perclass,4,12.567730352965253,12.70921057287428,5,clean,13465,0.6438540264671924,58.952870145084255
66.7626811594203,66.57692307692308,naive,ALL,,,,94.60960144927536,94.59203296703296,,,30.29873188405798,30.447802197802197,28.07876871397544,66.57692307692308,,overall,4,32.02500741988914,32.18854827701378,5,L2A,,0.6438540264671924,
66.7626811594203,66.57692307692308,naive,clear,97.9668093933672,0.26595037366027496,0.2714698736307738,94.60960144927536,94.59203296703296,76.11145069274654,61.43542007581676,30.29873188405798,30.447802197802197,28.07876871397544,66.57692307692308,99.34709183266402,perclass,4,32.02500741988914,32.18854827701378,5,L2A,75202,0.6438540264671924,61.684472993279286
66.7626811594203,66.57692307692308,naive,thick cloud,88.66390080618547,41.71420489368724,47.04756334246139,94.60960144927536,94.59203296703296,66.64656121356514,49.97738477543082,30.29873188405798,30.447802197802197,28.07876871397544,66.57692307692308,52.09325350054217,perclass,4,32.02500741988914,32.18854827701378,5,L2A,42422,0.6438540264671924,92.4837832182465
66.7626811594203,66.57692307692308,naive,thin cloud,94.28020122665563,94.26641857900903,99.98538118558585,94.60960144927536,94.59203296703296,0.5119568878410239,0.25663537516039714,30.29873188405798,30.447802197802197,28.07876871397544,66.57692307692308,0.26187030528564537,perclass,4,32.02500741988914,32.18854827701378,5,L2A,14511,0.6438540264671924,11.377245508982035
66.7626811594203,66.57692307692308,naive,cloud shadow,94.75677682881545,94.74192350538434,99.98432479034408,94.60960144927536,94.59203296703296,1.2829858579967925,0.6456346294937637,30.29873188405798,30.447802197802197,28.07876871397544,66.57692307692308,0.6535462309691794,perclass,4,32.02500741988914,32.18854827701378,5,L2A,13465,0.6438540264671924,34.78260869565217
66.7626811594203,66.57692307692308,mondrian,ALL,,,,41.55090579710144,41.32074175824176,,,8.405797101449277,8.415521978021978,28.07876871397544,66.57692307692308,,overall,4,20.23011758755848,20.36633811478816,5,L2A,,0.7402890219407923,
66.7626811594203,66.57692307692308,mondrian,clear,52.489295497460176,0.001329751868301375,0.0025333772452055836,41.55090579710144,41.32074175824176,76.11145069274654,61.43542007581676,8.405797101449277,8.415521978021978,28.07876871397544,66.57692307692308,99.34709183266402,perclass,4,20.23011758755848,20.36633811478816,5,L2A,75202,0.7402890219407923,61.684472993279286
66.7626811594203,66.57692307692308,mondrian,thick cloud,28.68794493423224,8.797322144170478,30.665571076417418,41.55090579710144,41.32074175824176,66.64656121356514,49.97738477543082,8.405797101449277,8.415521978021978,28.07876871397544,66.57692307692308,52.09325350054217,perclass,4,20.23011758755848,20.36633811478816,5,L2A,42422,0.7402890219407923,92.4837832182465
66.7626811594203,66.57692307692308,mondrian,thin cloud,39.08069740197092,39.08069740197092,100.0,41.55090579710144,41.32074175824176,0.5119568878410239,0.25663537516039714,8.405797101449277,8.415521978021978,28.07876871397544,66.57692307692308,0.26187030528564537,perclass,4,20.23011758755848,20.36633811478816,5,L2A,14511,0.7402890219407923,11.377245508982035
66.7626811594203,66.57692307692308,mondrian,cloud shadow,21.158559227627183,21.158559227627183,100.0,41.55090579710144,41.32074175824176,1.2829858579967925,0.6456346294937637,8.405797101449277,8.415521978021978,28.07876871397544,66.57692307692308,0.6535462309691794,perclass,4,20.23011758755848,20.36633811478816,5,L2A,13465,0.7402890219407923,34.78260869565217
79.46811594202899,79.27228412256268,naive,ALL,,,,76.41250000000001,76.08077994428969,,,8.994384057971015,8.973537604456824,54.12916608006073,79.27228412256268,,overall,4,11.770828147189288,11.794749752864938,6,clean,,0.6728591923620186,
79.46811594202899,79.27228412256268,naive,clear,84.24207108965288,2.2725380837426123,2.697628458498024,76.41250000000001,76.08077994428969,86.31552975703507,75.92552401622022,8.994384057971015,8.973537604456824,54.12916608006073,79.27228412256268,92.21815255695219,perclass,4,11.770828147189288,11.794749752864938,6,clean,72078,0.6728591923620186,81.12307166569029
79.46811594202899,79.27228412256268,naive,thick cloud,76.47523831667054,6.905370843989769,9.029551258664721,76.41250000000001,76.08077994428969,82.994441369685,70.93205001645279,8.994384057971015,8.973537604456824,54.12916608006073,79.27228412256268,80.1906533364334,perclass,4,11.770828147189288,11.794749752864938,6,clean,43010,0.6728591923620186,86.00139636943945
79.46811594202899,79.27228412256268,naive,thin cloud,50.54921989785209,31.567900370810886,62.449826989619375,76.41250000000001,76.08077994428969,46.85405151123133,30.594378743664567,8.994384057971015,8.973537604456824,54.12916608006073,79.27228412256268,41.81067655495697,perclass,4,11.770828147189288,11.794749752864938,6,clean,14293,0.6728591923620186,53.281027104136946
79.46811594202899,79.27228412256268,naive,cloud shadow,59.18137703073353,26.485688163724593,44.7534165181224,76.41250000000001,76.08077994428969,56.18206245165492,39.06471154390534,8.994384057971015,8.973537604456824,54.12916608006073,79.27228412256268,48.52661931218792,perclass,4,11.770828147189288,11.794749752864938,6,clean,14219,0.6728591923620186,66.70533642691416
79.46811594202899,79.27228412256268,mondrian,ALL,,,,76.41250000000001,76.08077994428969,,,8.994384057971015,8.973537604456824,54.12916608006073,79.27228412256268,,overall,4,11.770828147189288,11.794749752864938,6,clean,,0.6728591923620186,
79.46811594202899,79.27228412256268,mondrian,clear,84.24207108965288,2.2725380837426123,2.697628458498024,76.41250000000001,76.08077994428969,86.31552975703507,75.92552401622022,8.994384057971015,8.973537604456824,54.12916608006073,79.27228412256268,92.21815255695219,perclass,4,11.770828147189288,11.794749752864938,6,clean,72078,0.6728591923620186,81.12307166569029
79.46811594202899,79.27228412256268,mondrian,thick cloud,76.47523831667054,6.905370843989769,9.029551258664721,76.41250000000001,76.08077994428969,82.994441369685,70.93205001645279,8.994384057971015,8.973537604456824,54.12916608006073,79.27228412256268,80.1906533364334,perclass,4,11.770828147189288,11.794749752864938,6,clean,43010,0.6728591923620186,86.00139636943945
79.46811594202899,79.27228412256268,mondrian,thin cloud,50.54921989785209,31.567900370810886,62.449826989619375,76.41250000000001,76.08077994428969,46.85405151123133,30.594378743664567,8.994384057971015,8.973537604456824,54.12916608006073,79.27228412256268,41.81067655495697,perclass,4,11.770828147189288,11.794749752864938,6,clean,14293,0.6728591923620186,53.281027104136946
79.46811594202899,79.27228412256268,mondrian,cloud shadow,59.18137703073353,26.485688163724593,44.7534165181224,76.41250000000001,76.08077994428969,56.18206245165492,39.06471154390534,8.994384057971015,8.973537604456824,54.12916608006073,79.27228412256268,48.52661931218792,perclass,4,11.770828147189288,11.794749752864938,6,clean,14219,0.6728591923620186,66.70533642691416
66.40942028985508,66.2374651810585,naive,ALL,,,,94.09365942028987,94.12047353760445,,,30.488405797101446,30.666434540389968,28.30044173047958,66.2374651810585,,overall,4,32.40218946201075,32.58210821489083,6,L2A,,0.6728591923620186,
66.40942028985508,66.2374651810585,naive,clear,97.64560614889425,0.14567551818862898,0.14918799107713732,94.09365942028987,94.12047353760445,75.65119389936909,60.837893238916465,30.488405797101446,30.666434540389968,28.30044173047958,66.2374651810585,99.64760398457227,perclass,4,32.40218946201075,32.58210821489083,6,L2A,72078,0.6728591923620186,60.96906726426946
66.40942028985508,66.2374651810585,naive,thick cloud,88.36782143687515,39.90699837247152,45.16010208645776,94.09365942028987,94.12047353760445,67.74453377853932,51.22248305797936,30.488405797101446,30.666434540389968,28.30044173047958,66.2374651810585,53.77586607765635,perclass,4,32.40218946201075,32.58210821489083,6,L2A,43010,0.6728591923620186,91.51663830965853
66.40942028985508,66.2374651810585,naive,thin cloud,95.01154411250262,95.00454768068285,99.99263622974964,94.09365942028987,94.12047353760445,0.5748306302607267,0.2882437718756434,30.488405797101446,30.666434540389968,28.30044173047958,66.2374651810585,0.2938501364304205,perclass,4,32.40218946201075,32.58210821489083,6,L2A,14293,0.6728591923620186,13.125
66.40942028985508,66.2374651810585,naive,cloud shadow,92.75617132006471,92.75617132006471,100.0,94.09365942028987,94.12047353760445,1.6918596588545276,0.8531468531468531,30.488405797101446,30.666434540389968,28.30044173047958,66.2374651810585,0.858006892186511,perclass,4,32.40218946201075,32.58210821489083,6,L2A,14219,0.6728591923620186,60.09852216748769
66.40942028985508,66.2374651810585,mondrian,ALL,,,,42.7536231884058,42.43175487465181,,,8.431521739130433,8.425487465181059,28.30044173047958,66.2374651810585,,overall,4,19.72118644067796,19.856561412722378,6,L2A,,0.7442738862598643,
66.40942028985508,66.2374651810585,mondrian,clear,55.63278670329366,0.0013873858875107523,0.002493827776253772,42.7536231884058,42.43175487465181,75.65119389936909,60.837893238916465,8.431521739130433,8.425487465181059,28.30044173047958,66.2374651810585,99.64760398457227,perclass,4,19.72118644067796,19.856561412722378,6,L2A,72078,0.7442738862598643,60.96906726426946
66.40942028985508,66.2374651810585,mondrian,thick cloud,28.79562892350616,8.48639851197396,29.47113443681873,42.7536231884058,42.43175487465181,67.74453377853932,51.22248305797936,8.431521739130433,8.425487465181059,28.30044173047958,66.2374651810585,53.77586607765635,perclass,4,19.72118644067796,19.856561412722378,6,L2A,43010,0.7442738862598643,91.51663830965853
66.40942028985508,66.2374651810585,mondrian,thin cloud,39.04708598614707,39.04708598614707,100.0,42.7536231884058,42.43175487465181,0.5748306302607267,0.2882437718756434,8.431521739130433,8.425487465181059,28.30044173047958,66.2374651810585,0.2938501364304205,perclass,4,19.72118644067796,19.856561412722378,6,L2A,14293,0.7442738862598643,13.125
66.40942028985508,66.2374651810585,mondrian,cloud shadow,20.163161966383008,20.163161966383008,100.0,42.7536231884058,42.43175487465181,1.6918596588545276,0.8531468531468531,8.431521739130433,8.425487465181059,28.30044173047958,66.2374651810585,0.858006892186511,perclass,4,19.72118644067796,19.856561412722378,6,L2A,14219,0.7442738862598643,60.09852216748769
80.67892512077293,80.3691135734072,naive,ALL,,,,74.62566425120774,74.46052631578948,,,7.446799516908212,7.54016620498615,54.18681318576447,80.3691135734072,,overall,4,9.978872002854827,10.126393913747082,7,clean,,0.6683335689937367,
80.67892512077293,80.3691135734072,naive,clear,82.55807634832225,2.1247113163972284,2.573595958598674,74.62566425120774,74.46052631578948,86.96965237476726,76.94362992063581,7.446799516908212,7.54016620498615,54.18681318576447,80.3691135734072,92.32712946610515,perclass,4,9.978872002854827,10.126393913747082,7,clean,73610,0.6683335689937367,82.1998330894181
80.67892512077293,80.3691135734072,naive,thick cloud,75.33699674778514,6.284624873836492,8.342016731668107,74.62566425120774,74.46052631578948,84.00506970849176,72.42132867132867,7.446799516908212,7.54016620498615,54.18681318576447,80.3691135734072,81.76292475047661,perclass,4,9.978872002854827,10.126393913747082,7,clean,44585,0.6683335689937367,86.3736524108518
80.67892512077293,80.3691135734072,naive,thin cloud,39.85721319547021,27.548005908419498,69.11673872760964,74.62566425120774,74.46052631578948,40.70060857948641,25.549757733879986,7.446799516908212,7.54016620498615,54.18681318576447,80.3691135734072,33.75184638109306,perclass,4,9.978872002854827,10.126393913747082,7,clean,12186,0.6683335689937367,51.252336448598136
80.67892512077293,80.3691135734072,naive,cloud shadow,59.233896854269204,22.576503316927027,38.11416184971098,74.62566425120774,74.46052631578948,58.98863190905528,41.83253641721339,7.446799516908212,7.54016620498615,54.18681318576447,80.3691135734072,53.670019259576286,perclass,4,9.978872002854827,10.126393913747082,7,clean,14019,0.6683335689937367,65.4773300844139
80.67892512077293,80.3691135734072,mondrian,ALL,,,,74.62566425120774,74.46052631578948,,,7.446799516908212,7.54016620498615,54.18681318576447,80.3691135734072,,overall,4,9.978872002854827,10.126393913747082,7,clean,,0.6683335689937367,
80.67892512077293,80.3691135734072,mondrian,clear,82.55807634832225,2.1247113163972284,2.573595958598674,74.62566425120774,74.46052631578948,86.96965237476726,76.94362992063581,7.446799516908212,7.54016620498615,54.18681318576447,80.3691135734072,92.32712946610515,perclass,4,9.978872002854827,10.126393913747082,7,clean,73610,0.6683335689937367,82.1998330894181
80.67892512077293,80.3691135734072,mondrian,thick cloud,75.33699674778514,6.284624873836492,8.342016731668107,74.62566425120774,74.46052631578948,84.00506970849176,72.42132867132867,7.446799516908212,7.54016620498615,54.18681318576447,80.3691135734072,81.76292475047661,perclass,4,9.978872002854827,10.126393913747082,7,clean,44585,0.6683335689937367,86.3736524108518
80.67892512077293,80.3691135734072,mondrian,thin cloud,39.85721319547021,27.548005908419498,69.11673872760964,74.62566425120774,74.46052631578948,40.70060857948641,25.549757733879986,7.446799516908212,7.54016620498615,54.18681318576447,80.3691135734072,33.75184638109306,perclass,4,9.978872002854827,10.126393913747082,7,clean,12186,0.6683335689937367,51.252336448598136
80.67892512077293,80.3691135734072,mondrian,cloud shadow,59.233896854269204,22.576503316927027,38.11416184971098,74.62566425120774,74.46052631578948,58.98863190905528,41.83253641721339,7.446799516908212,7.54016620498615,54.18681318576447,80.3691135734072,53.670019259576286,perclass,4,9.978872002854827,10.126393913747082,7,clean,14019,0.6683335689937367,65.4773300844139
67.45350241545893,67.19598337950139,naive,ALL,,,,93.95458937198067,93.79501385041551,,,29.32669082125604,29.537396121883656,28.460473723351665,67.19598337950139,,overall,4,31.21368633217816,31.491435321913762,7,L2A,,0.6683335689937367,
67.45350241545893,67.19598337950139,naive,clear,97.49354707240863,0.22958837114522485,0.23549083815230265,93.95458937198067,93.79501385041551,76.14126649131381,61.474281493419284,29.32669082125604,29.537396121883656,28.460473723351665,67.19598337950139,99.49463388126614,perclass,4,31.21368633217816,31.491435321913762,7,L2A,73610,0.6683335689937367,61.66683506786569
67.45350241545893,67.19598337950139,naive,thick cloud,87.88606033419312,40.356622182348325,45.91925275622703,93.95458937198067,93.79501385041551,67.83691147155416,51.328182646816266,29.32669082125604,29.537396121883656,28.460473723351665,67.19598337950139,53.0469888976113,perclass,4,31.21368633217816,31.491435321913762,7,L2A,44585,0.6683335689937367,94.06220171810372
67.45350241545893,67.19598337950139,naive,thin cloud,92.82783522074511,92.81962908255375,99.99115983026874,93.95458937198067,93.79501385041551,0.614240685363291,0.3080664775030401,29.32669082125604,29.537396121883656,28.460473723351665,67.19598337950139,0.3118332512719514,perclass,4,31.21368633217816,31.491435321913762,7,L2A,12186,0.6683335689937367,20.32085561497326
67.45350241545893,67.19598337950139,naive,cloud shadow,94.00813182109994,94.00813182109994,100.0,93.95458937198067,93.79501385041551,1.4521083496230103,0.7313642756680732,29.32669082125604,29.537396121883656,28.460473723351665,67.19598337950139,0.7418503459590555,perclass,4,31.21368633217816,31.491435321913762,7,L2A,14019,0.6683335689937367,34.0983606557377
67.45350241545893,67.19598337950139,mondrian,ALL,,,,41.45175120772947,41.013850415512465,,,7.69909420289855,7.644736842105263,28.460473723351665,67.19598337950139,,overall,4,18.573628323483007,18.639402944752128,7,L2A,,0.735578245976392,
67.45350241545893,67.19598337950139,mondrian,clear,52.76728705338949,0.0013585110718652357,0.002574532722310901,41.45175120772947,41.013850415512465,76.14126649131381,61.474281493419284,7.69909420289855,7.644736842105263,28.460473723351665,67.19598337950139,99.49463388126614,perclass,4,18.573628323483007,18.639402944752128,7,L2A,73610,0.735578245976392,61.66683506786569
67.45350241545893,67.19598337950139,mondrian,thick cloud,28.94471234720197,7.9869911405181115,27.593955831073224,41.45175120772947,41.013850415512465,67.83691147155416,51.328182646816266,7.69909420289855,7.644736842105263,28.460473723351665,67.19598337950139,53.0469888976113,perclass,4,18.573628323483007,18.639402944752128,7,L2A,44585,0.735578245976392,94.06220171810372
67.45350241545893,67.19598337950139,mondrian,thin cloud,38.28163466272772,38.28163466272772,100.0,41.45175120772947,41.013850415512465,0.614240685363291,0.3080664775030401,7.69909420289855,7.644736842105263,28.460473723351665,67.19598337950139,0.3118332512719514,perclass,4,18.573628323483007,18.639402944752128,7,L2A,12186,0.735578245976392,20.32085561497326
67.45350241545893,67.19598337950139,mondrian,cloud shadow,20.05849204650831,20.05849204650831,100.0,41.45175120772947,41.013850415512465,1.4521083496230103,0.7313642756680732,7.69909420289855,7.644736842105263,28.460473723351665,67.19598337950139,0.7418503459590555,perclass,4,18.573628323483007,18.639402944752128,7,L2A,14019,0.735578245976392,34.0983606557377
80.22536231884058,80.10878378378379,naive,ALL,,,,74.80579710144929,74.77567567567569,,,7.8804347826086945,7.8945945945945954,54.71581390494562,80.10878378378379,,overall,4,10.534524178549283,10.557704124046698,8,clean,,0.651816189289093,
80.22536231884058,80.10878378378379,naive,clear,82.65632191465579,2.5524360575974754,3.0880106911034746,74.80579710144929,74.77567567567569,87.01449928630456,77.01386349280229,7.8804347826086945,7.8945945945945954,54.71581390494562,80.10878378378379,91.38667894010125,perclass,4,10.534524178549283,10.557704124046698,8,clean,76045,0.651816189289093,83.04157157025584
80.22536231884058,80.10878378378379,naive,thick cloud,77.55680498118117,5.645648436410947,7.279372116709604,74.80579710144929,74.77567567567569,84.11550662437021,72.58564470029387,7.8804347826086945,7.8945945945945954,54.71581390494562,80.10878378378379,83.78328144602946,perclass,4,10.534524178549283,10.557704124046698,8,clean,43042,0.651816189289093,84.45037703152077
80.22536231884058,80.10878378378379,naive,thin cloud,40.41417129663035,25.037881521033263,61.953222638814495,74.80579710144929,74.77567567567569,44.97218301087769,29.009105516871987,7.8804347826086945,7.8945945945945954,54.71581390494562,80.10878378378379,39.079298650696295,perclass,4,10.534524178549283,10.557704124046698,8,clean,13859,0.651816189289093,52.95785665395522
80.22536231884058,80.10878378378379,naive,cloud shadow,58.6488640892786,25.52809884416102,43.52701325178389,74.80579710144929,74.77567567567569,57.402224071412355,40.254641909814325,7.8804347826086945,7.8945945945945954,54.71581390494562,80.10878378378379,50.40520791816129,perclass,4,10.534524178549283,10.557704124046698,8,clean,15054,0.651816189289093,66.65495432185523
80.22536231884058,80.10878378378379,mondrian,ALL,,,,74.80579710144929,74.77567567567569,,,7.8804347826086945,7.8945945945945954,54.71581390494562,80.10878378378379,,overall,4,10.534524178549283,10.557704124046698,8,clean,,0.651816189289093,
80.22536231884058,80.10878378378379,mondrian,clear,82.65632191465579,2.5524360575974754,3.0880106911034746,74.80579710144929,74.77567567567569,87.01449928630456,77.01386349280229,7.8804347826086945,7.8945945945945954,54.71581390494562,80.10878378378379,91.38667894010125,perclass,4,10.534524178549283,10.557704124046698,8,clean,76045,0.651816189289093,83.04157157025584
80.22536231884058,80.10878378378379,mondrian,thick cloud,77.55680498118117,5.645648436410947,7.279372116709604,74.80579710144929,74.77567567567569,84.11550662437021,72.58564470029387,7.8804347826086945,7.8945945945945954,54.71581390494562,80.10878378378379,83.78328144602946,perclass,4,10.534524178549283,10.557704124046698,8,clean,43042,0.651816189289093,84.45037703152077
80.22536231884058,80.10878378378379,mondrian,thin cloud,40.41417129663035,25.037881521033263,61.953222638814495,74.80579710144929,74.77567567567569,44.97218301087769,29.009105516871987,7.8804347826086945,7.8945945945945954,54.71581390494562,80.10878378378379,39.079298650696295,perclass,4,10.534524178549283,10.557704124046698,8,clean,13859,0.651816189289093,52.95785665395522
80.22536231884058,80.10878378378379,mondrian,cloud shadow,58.6488640892786,25.52809884416102,43.52701325178389,74.80579710144929,74.77567567567569,57.402224071412355,40.254641909814325,7.8804347826086945,7.8945945945945954,54.71581390494562,80.10878378378379,50.40520791816129,perclass,4,10.534524178549283,10.557704124046698,8,clean,15054,0.651816189289093,66.65495432185523
67.21014492753623,67.10472972972973,naive,ALL,,,,94.56449275362318,94.6331081081081,,,29.791304347826085,29.92635135135135,28.83675649063628,67.10472972972973,,overall,4,31.503689683445852,31.623553267598187,8,L2A,,0.651816189289093,
67.21014492753623,67.10472972972973,naive,clear,97.98671839042672,0.19725162732592544,0.20130445285449716,94.56449275362318,94.6331081081081,76.2142205970495,61.5694476091273,29.791304347826085,29.92635135135135,28.83675649063628,67.10472972972973,99.49240581234795,perclass,4,31.503689683445852,31.623553267598187,8,L2A,76045,0.651816189289093,61.763457362569184
67.21014492753623,67.10472972972973,naive,thick cloud,89.6217647878816,39.89823892941778,44.518470511989634,94.56449275362318,94.6331081081081,69.05570003379322,52.73669800947016,29.791304347826085,29.92635135135135,28.83675649063628,67.10472972972973,54.59783467310999,perclass,4,31.503689683445852,31.623553267598187,8,L2A,43042,0.651816189289093,93.9286142531676
67.21014492753623,67.10472972972973,naive,thin cloud,93.21740385309185,93.21740385309185,100.0,94.56449275362318,94.6331081081081,0.44250945685532794,0.2217453505007153,29.791304347826085,29.92635135135135,28.83675649063628,67.10472972972973,0.22368136229165164,perclass,4,31.503689683445852,31.623553267598187,8,L2A,13859,0.651816189289093,20.394736842105264
67.21014492753623,67.10472972972973,naive,cloud shadow,93.32403347947388,93.32403347947388,100.0,94.56449275362318,94.6331081081081,1.6249593760155996,0.8191349934469201,29.791304347826085,29.92635135135135,28.83675649063628,67.10472972972973,0.8303440945927992,perclass,4,31.503689683445852,31.623553267598187,8,L2A,15054,0.651816189289093,37.764350453172206
67.21014492753623,67.10472972972973,mondrian,ALL,,,,47.176086956521736,47.41216216216216,,,9.145652173913044,9.201351351351352,28.83675649063628,67.10472972972973,,overall,4,19.386203400764945,19.407154054439218,8,L2A,,0.725691465069266,
67.21014492753623,67.10472972972973,mondrian,clear,61.64902360444474,0.002630021697679006,0.004266120603229453,47.176086956521736,47.41216216216216,76.2142205970495,61.5694476091273,9.145652173913044,9.201351351351352,28.83675649063628,67.10472972972973,99.49240581234795,perclass,4,19.386203400764945,19.407154054439218,8,L2A,76045,0.725691465069266,61.763457362569184
67.21014492753623,67.10472972972973,mondrian,thick cloud,32.145346405836165,9.67194832953859,30.0881757733449,47.176086956521736,47.41216216216216,69.05570003379322,52.73669800947016,9.145652173913044,9.201351351351352,28.83675649063628,67.10472972972973,54.59783467310999,perclass,4,19.386203400764945,19.407154054439218,8,L2A,43042,0.725691465069266,93.9286142531676
67.21014492753623,67.10472972972973,mondrian,thin cloud,43.99307309329677,43.99307309329677,100.0,47.176086956521736,47.41216216216216,0.44250945685532794,0.2217453505007153,9.145652173913044,9.201351351351352,28.83675649063628,67.10472972972973,0.22368136229165164,perclass,4,19.386203400764945,19.407154054439218,8,L2A,13859,0.725691465069266,20.394736842105264
67.21014492753623,67.10472972972973,mondrian,cloud shadow,22.293078251627474,22.293078251627474,100.0,47.176086956521736,47.41216216216216,1.6249593760155996,0.8191349934469201,9.145652173913044,9.201351351351352,28.83675649063628,67.10472972972973,0.8303440945927992,perclass,4,19.386203400764945,19.407154054439218,8,L2A,15054,0.725691465069266,37.764350453172206
79.8498188405797,79.78877005347593,naive,ALL,,,,76.69667874396134,76.37566844919786,,,8.379528985507248,8.302139037433156,53.97358579598747,79.78877005347593,,overall,4,10.925543482112,10.870136007981936,9,clean,,0.6684427184217117,
79.8498188405797,79.78877005347593,naive,clear,85.37738326592783,1.6137927412153998,1.8901876345739772,76.69667874396134,76.37566844919786,86.74176882769453,76.58760686075867,8.379528985507248,8.302139037433156,53.97358579598747,79.78877005347593,92.81606176795,perclass,4,10.925543482112,10.870136007981936,9,clean,76156,0.6684427184217117,81.41369698924235
79.8498188405797,79.78877005347593,naive,thick cloud,75.46932562705433,7.043744898634488,9.33325538569466,76.69667874396134,76.37566844919786,82.90655859352702,70.80375945714063,8.379528985507248,8.302139037433156,53.97358579598747,79.78877005347593,80.10191701043436,perclass,4,10.925543482112,10.870136007981936,9,clean,45331,0.6684427184217117,85.914726481166
79.8498188405797,79.78877005347593,naive,thin cloud,49.363527674238696,31.73922216752233,64.29690839150877,76.69667874396134,76.37566844919786,45.168259243872036,29.17248041214983,8.379528985507248,8.302139037433156,53.97358579598747,79.78877005347593,38.23053660594978,perclass,4,10.925543482112,10.870136007981936,9,clean,14219,0.6684427184217117,55.18221500355294
79.8498188405797,79.78877005347593,naive,cloud shadow,57.63638980855046,25.08276954080898,43.518981018981016,76.69667874396134,76.37566844919786,56.45640754163782,39.33049645390071,8.379528985507248,8.302139037433156,53.97358579598747,79.78877005347593,49.89203972937959,perclass,4,10.925543482112,10.870136007981936,9,clean,13894,0.6684427184217117,65.00984713495264
79.8498188405797,79.78877005347593,mondrian,ALL,,,,76.69667874396134,76.37566844919786,,,8.379528985507248,8.302139037433156,53.97358579598747,79.78877005347593,,overall,4,10.925543482112,10.870136007981936,9,clean,,0.6684427184217117,
79.8498188405797,79.78877005347593,mondrian,clear,85.37738326592783,1.6137927412153998,1.8901876345739772,76.69667874396134,76.37566844919786,86.74176882769453,76.58760686075867,8.379528985507248,8.302139037433156,53.97358579598747,79.78877005347593,92.81606176795,perclass,4,10.925543482112,10.870136007981936,9,clean,76156,0.6684427184217117,81.41369698924235
79.8498188405797,79.78877005347593,mondrian,thick cloud,75.46932562705433,7.043744898634488,9.33325538569466,76.69667874396134,76.37566844919786,82.90655859352702,70.80375945714063,8.379528985507248,8.302139037433156,53.97358579598747,79.78877005347593,80.10191701043436,perclass,4,10.925543482112,10.870136007981936,9,clean,45331,0.6684427184217117,85.914726481166
79.8498188405797,79.78877005347593,mondrian,thin cloud,49.363527674238696,31.73922216752233,64.29690839150877,76.69667874396134,76.37566844919786,45.168259243872036,29.17248041214983,8.379528985507248,8.302139037433156,53.97358579598747,79.78877005347593,38.23053660594978,perclass,4,10.925543482112,10.870136007981936,9,clean,14219,0.6684427184217117,55.18221500355294
79.8498188405797,79.78877005347593,mondrian,cloud shadow,57.63638980855046,25.08276954080898,43.518981018981016,76.69667874396134,76.37566844919786,56.45640754163782,39.33049645390071,8.379528985507248,8.302139037433156,53.97358579598747,79.78877005347593,49.89203972937959,perclass,4,10.925543482112,10.870136007981936,9,clean,13894,0.6684427184217117,65.00984713495264
66.09746376811593,66.51737967914438,naive,ALL,,,,94.22554347826086,94.08957219251337,,,30.536231884057973,30.037433155080212,28.000343861828064,66.51737967914438,,overall,4,32.40759432828648,31.924295599539633,9,L2A,,0.6684427184217117,
66.09746376811593,66.51737967914438,naive,clear,98.50963811124534,0.21272125636850678,0.2159395369296597,94.22554347826086,94.08957219251337,75.79407338522996,61.0229120711031,30.536231884057973,30.037433155080212,28.000343861828064,66.51737967914438,99.53122537948421,perclass,4,32.40759432828648,31.924295599539633,9,L2A,76156,0.6684427184217117,61.1988018440621
66.09746376811593,66.51737967914438,naive,thick cloud,86.72872868456464,40.48443669894774,46.67938445885794,94.22554347826086,94.08957219251337,66.93688969514874,50.30461826857532,30.536231884057973,30.037433155080212,28.000343861828064,66.51737967914438,52.09459310405683,perclass,4,32.40759432828648,31.924295599539633,9,L2A,45331,0.6684427184217117,93.60631044870779
66.09746376811593,66.51737967914438,naive,thin cloud,92.68584288627892,92.68584288627892,100.0,94.22554347826086,94.08957219251337,0.6183442116111302,0.31013094417643006,30.536231884057973,30.037433155080212,28.000343861828064,66.51737967914438,0.3164779520360082,perclass,4,32.40759432828648,31.924295599539633,9,L2A,14219,0.6684427184217117,13.392857142857142
66.09746376811593,66.51737967914438,naive,cloud shadow,95.31452425507413,95.31452425507413,100.0,94.22554347826086,94.08957219251337,0.7247921551907909,0.363714163457424,30.536231884057973,30.037433155080212,28.000343861828064,66.51737967914438,0.3670649201093998,perclass,4,32.40759432828648,31.924295599539633,9,L2A,13894,0.6684427184217117,28.49162011173184
66.09746376811593,66.51737967914438,mondrian,ALL,,,,39.77427536231884,38.966577540106954,,,7.985446859903382,7.75,28.000343861828064,66.51737967914438,,overall,4,20.076913500399296,19.88883933166364,9,L2A,,0.7540802044026992,
66.09746376811593,66.51737967914438,mondrian,clear,50.75896843321603,0.0013130941751142392,0.0025869205298013247,39.77427536231884,38.966577540106954,75.79407338522996,61.0229120711031,7.985446859903382,7.75,28.000343861828064,66.51737967914438,99.53122537948421,perclass,4,20.076913500399296,19.88883933166364,9,L2A,76156,0.7540802044026992,61.1988018440621
66.09746376811593,66.51737967914438,mondrian,thick cloud,25.03364143742693,7.286404447287728,29.10645047585478,39.77427536231884,38.966577540106954,66.93688969514874,50.30461826857532,7.985446859903382,7.75,28.000343861828064,66.51737967914438,52.09459310405683,perclass,4,20.076913500399296,19.88883933166364,9,L2A,45331,0.7540802044026992,93.60631044870779
66.09746376811593,66.51737967914438,mondrian,thin cloud,39.91138617342992,39.91138617342992,100.0,39.77427536231884,38.966577540106954,0.6183442116111302,0.31013094417643006,7.985446859903382,7.75,28.000343861828064,66.51737967914438,0.3164779520360082,perclass,4,20.076913500399296,19.88883933166364,9,L2A,14219,0.7540802044026992,13.392857142857142
66.09746376811593,66.51737967914438,mondrian,cloud shadow,18.821073844825104,18.821073844825104,100.0,39.77427536231884,38.966577540106954,0.7247921551907909,0.363714163457424,7.985446859903382,7.75,28.000343861828064,66.51737967914438,0.3670649201093998,perclass,4,20.076913500399296,19.88883933166364,9,L2A,13894,0.7540802044026992,28.49162011173184
